FILE: D:\Work\RZ_ORCA_PFASRemoval\02-EDA\BTMA\r2\R4N+FHEA-_r2\R4N+FHEA-_r2.out
NOCV analysis                                   
--------------------------------------------------------------------------------
  negative eigen.    positive eigen.    DE_k          DT_k        DV_k
         (e)                (e)      (Kcal/mol)   (Kcal/mol)   (Kcal/mol)
--------------------------------------------------------------------------------
    -0.0634790325      0.0634790325     -0.66       -11.06        10.40 
    -0.0213437311      0.0213437311     -0.08        -5.36         5.28 
    -0.0165974079      0.0165974079     -0.05        -3.70         3.65 
    -0.0121023981      0.0121023981     -0.03        -0.79         0.77 
    -0.0101376157      0.0101376157     -0.02        -1.76         1.73 
    -0.0096799404      0.0096799404     -0.02        -2.67         2.66 
    -0.0064711799      0.0064711799     -0.01        -1.02         1.01 
    -0.0059686102      0.0059686102     -0.01         0.01        -0.01 
    -0.0039653984      0.0039653984     -0.00        -1.66         1.66 
    -0.0024598430      0.0024598430     -0.00        -1.09         1.09 
    -0.0023357835      0.0023357835     -0.00        -0.49         0.49 
    -0.0019816467      0.0019816467     -0.00        -0.37         0.37 
    -0.0017391913      0.0017391913     -0.00        -0.75         0.74 
    -0.0014916145      0.0014916145     -0.00        -0.02         0.02 
    -0.0011650506      0.0011650506     -0.00        -0.61         0.61 
    -0.0011386503      0.0011386503     -0.00        -0.87         0.86 
    -0.0010641390      0.0010641390     -0.00        -0.32         0.32 
    -0.0008977067      0.0008977067     -0.00        -0.11         0.11 
    -0.0007740565      0.0007740565     -0.00        -0.19         0.19 
    -0.0007386092      0.0007386092     -0.00        -0.15         0.15 
    -0.0006891594      0.0006891594     -0.00        -0.11         0.11 
    -0.0005894311      0.0005894311     -0.00        -0.10         0.10 
    -0.0005180155      0.0005180155     -0.00        -0.25         0.25 
    -0.0004959945      0.0004959945     -0.00        -0.06         0.06 
    -0.0004733246      0.0004733246     -0.00         0.18        -0.18 
    -0.0004469958      0.0004469958     -0.00         0.10        -0.11 
    -0.0004013160      0.0004013160     -0.00         0.09        -0.09 
    -0.0003781124      0.0003781124     -0.00         0.03        -0.03 
    -0.0003607577      0.0003607577     -0.00         0.03        -0.03 
    -0.0003492429      0.0003492429     -0.00        -0.07         0.07 
    -0.0003268672      0.0003268672     -0.00        -0.03         0.03 
    -0.0003030617      0.0003030617     -0.00        -0.03         0.03 
    -0.0002881043      0.0002881043     -0.00         0.17        -0.17 
    -0.0002761412      0.0002761412     -0.00        -0.12         0.12 
    -0.0002600758      0.0002600758     -0.00        -0.08         0.08 
    -0.0002561681      0.0002561681     -0.00         0.01        -0.01 
    -0.0002287797      0.0002287797     -0.00         0.09        -0.09 
    -0.0002202125      0.0002202125     -0.00        -0.01         0.01 
    -0.0002080656      0.0002080656     -0.00         0.17        -0.17 
    -0.0001981736      0.0001981736     -0.00         0.08        -0.08 
    -0.0001867784      0.0001867784     -0.00        -0.03         0.03 
    -0.0001845932      0.0001845932     -0.00         0.26        -0.26 
    -0.0001700739      0.0001700739     -0.00         0.06        -0.06 
    -0.0001661396      0.0001661396     -0.00         0.05        -0.05 
    -0.0001635623      0.0001635623     -0.00        -0.01         0.01 
    -0.0001484282      0.0001484282     -0.00        -0.00         0.00 
    -0.0001436682      0.0001436682     -0.00         0.01        -0.01 
    -0.0001377836      0.0001377836     -0.00         0.02        -0.02 
    -0.0001297688      0.0001297688     -0.00        -0.02         0.02 
    -0.0001263744      0.0001263744     -0.00         0.03        -0.03 
    -0.0001237092      0.0001237092     -0.00        -0.00         0.00 
    -0.0001146996      0.0001146996     -0.00         0.06        -0.06 
    -0.0001136327      0.0001136327     -0.00         0.04        -0.04 
    -0.0001085634      0.0001085634     -0.00         0.05        -0.05 
    -0.0001041863      0.0001041863     -0.00         0.04        -0.04 
    -0.0001002840      0.0001002840     -0.00         0.03        -0.03 
    -0.0000982178      0.0000982178     -0.00         0.03        -0.03 
    -0.0000949973      0.0000949973     -0.00         0.07        -0.07 
    -0.0000926095      0.0000926095     -0.00         0.05        -0.05 
    -0.0000891941      0.0000891941     -0.00         0.05        -0.05 
    -0.0000823499      0.0000823499     -0.00         0.06        -0.06 
    -0.0000767472      0.0000767472     -0.00         0.02        -0.02 
    -0.0000752810      0.0000752810     -0.00         0.03        -0.03 
    -0.0000737681      0.0000737681     -0.00         0.04        -0.04 
    -0.0000707309      0.0000707309     -0.00         0.05        -0.05 
    -0.0000692445      0.0000692445     -0.00         0.05        -0.05 
    -0.0000664795      0.0000664795     -0.00         0.04        -0.04 
    -0.0000635291      0.0000635291     -0.00         0.03        -0.03 
    -0.0000627545      0.0000627545     -0.00         0.04        -0.04 
    -0.0000604054      0.0000604054     -0.00         0.01        -0.01 
    -0.0000581294      0.0000581294     -0.00         0.03        -0.03 
    -0.0000560357      0.0000560357     -0.00         0.02        -0.02 
    -0.0000540627      0.0000540627     -0.00         0.05        -0.05 
    -0.0000533646      0.0000533646     -0.00         0.02        -0.02 
    -0.0000511137      0.0000511137     -0.00         0.03        -0.03 
    -0.0000480160      0.0000480160     -0.00         0.03        -0.03 
    -0.0000467469      0.0000467469     -0.00         0.02        -0.02 
    -0.0000448113      0.0000448113     -0.00         0.02        -0.02 
    -0.0000443902      0.0000443902     -0.00         0.03        -0.03 
    -0.0000427634      0.0000427634     -0.00         0.03        -0.03 
    -0.0000416415      0.0000416415     -0.00         0.03        -0.03 
    -0.0000393830      0.0000393830     -0.00         0.03        -0.03 
    -0.0000384479      0.0000384479     -0.00         0.03        -0.03 
    -0.0000358495      0.0000358495     -0.00         0.03        -0.03 
    -0.0000354415      0.0000354415     -0.00         0.02        -0.02 
    -0.0000330930      0.0000330930     -0.00         0.02        -0.02 
    -0.0000313312      0.0000313312     -0.00         0.02        -0.02 
    -0.0000300702      0.0000300702     -0.00         0.02        -0.02 
    -0.0000284665      0.0000284665     -0.00         0.02        -0.02 
    -0.0000279030      0.0000279030     -0.00         0.02        -0.02 
    -0.0000273733      0.0000273733     -0.00         0.01        -0.01 
    -0.0000271901      0.0000271901     -0.00         0.02        -0.02 
    -0.0000252212      0.0000252212     -0.00         0.01        -0.01 
    -0.0000245269      0.0000245269     -0.00         0.01        -0.01 
    -0.0000219146      0.0000219146     -0.00         0.01        -0.01 
    -0.0000199248      0.0000199248     -0.00         0.00        -0.00 
    -0.0000186807      0.0000186807     -0.00         0.01        -0.01 
    -0.0000170874      0.0000170874     -0.00         0.01        -0.01 
    -0.0000145568      0.0000145568     -0.00         0.01        -0.01 
    -0.0000129049      0.0000129049     -0.00         0.00        -0.00 
    -0.0000124011      0.0000124011     -0.00        -0.01         0.01 
    -0.0000117321      0.0000117321     -0.00        -0.05         0.05 
    -0.0000109339      0.0000109339     -0.00         0.01        -0.01 
    -0.0000105439      0.0000105439     -0.00         0.01        -0.01 
    -0.0000100268      0.0000100268     -0.00        -0.01         0.01 
    -0.0000099761      0.0000099761     -0.00        -0.04         0.04 
    -0.0000087938      0.0000087938     -0.00         0.01        -0.01 
    -0.0000086325      0.0000086325     -0.00         0.01        -0.01 
    -0.0000078052      0.0000078052     -0.00         0.01        -0.01 
    -0.0000069448      0.0000069448     -0.00         0.01        -0.01 
    -0.0000066328      0.0000066328     -0.00         0.01        -0.01 
    -0.0000063213      0.0000063213     -0.00         0.01        -0.01 
    -0.0000050938      0.0000050938     -0.00         0.01        -0.01 
    -0.0000039047      0.0000039047     -0.00        -0.01         0.01 
    -0.0000028803      0.0000028803     -0.00        -0.00         0.00 
    -0.0000016716      0.0000016716     -0.00         0.00        -0.00 
    -0.0000011903      0.0000011903     -0.00         0.00        -0.00 
    -0.0000008616      0.0000008616     -0.00         0.00        -0.00 
    -0.0000007506      0.0000007506     -0.00         0.00        -0.00 
    -0.0000007349      0.0000007349     -0.00         0.00        -0.00 
    -0.0000006080      0.0000006080     -0.00         0.00        -0.00 
    -0.0000005274      0.0000005274     -0.00         0.00        -0.00 
    -0.0000005110      0.0000005110     -0.00         0.00        -0.00 
    -0.0000004109      0.0000004109     -0.00         0.00        -0.00 
    -0.0000003274      0.0000003274     -0.00         0.00        -0.00 
    -0.0000002888      0.0000002888     -0.00         0.00        -0.00 
    -0.0000002614      0.0000002614     -0.00         0.00        -0.00 
    -0.0000002547      0.0000002547     -0.00         0.00        -0.00 
    -0.0000002228      0.0000002228     -0.00         0.00        -0.00 
    -0.0000002026      0.0000002026     -0.00         0.00        -0.00 
    -0.0000001697      0.0000001697     -0.00         0.00        -0.00 
    -0.0000001528      0.0000001528     -0.00         0.00        -0.00 
    -0.0000001331      0.0000001331     -0.00         0.00        -0.00 

                             Sum_k:     -0.90       -31.14        30.25 

NOCV were saved in : R4N+FHEA-_r2.nocv.gbw

FILE: D:\Work\RZ_ORCA_PFASRemoval\02-EDA\BTMA\r2\R4N+PFHxA-_r2\R4N+PFHxA-_r2.out
NOCV analysis                                   
--------------------------------------------------------------------------------
  negative eigen.    positive eigen.    DE_k          DT_k        DV_k
         (e)                (e)      (Kcal/mol)   (Kcal/mol)   (Kcal/mol)
--------------------------------------------------------------------------------
    -0.0490582773      0.0490582773     -0.42       -10.02         9.60 
    -0.0324773877      0.0324773877     -0.19        -7.09         6.90 
    -0.0237754281      0.0237754281     -0.09        -0.66         0.58 
    -0.0192333396      0.0192333396     -0.07        -5.29         5.22 
    -0.0151761237      0.0151761237     -0.05        -8.37         8.32 
    -0.0137085187      0.0137085187     -0.04        -2.26         2.22 
    -0.0133176197      0.0133176197     -0.04        -7.59         7.55 
    -0.0108181163      0.0108181163     -0.03         2.54        -2.57 
    -0.0083547980      0.0083547980     -0.02        -1.88         1.87 
    -0.0081536950      0.0081536950     -0.01        -1.68         1.67 
    -0.0062824217      0.0062824217     -0.01        -0.92         0.91 
    -0.0056268392      0.0056268392     -0.01        -1.78         1.77 
    -0.0051672277      0.0051672277     -0.01         0.52        -0.53 
    -0.0042754081      0.0042754081     -0.00        -1.06         1.05 
    -0.0042347944      0.0042347944     -0.00        -1.31         1.31 
    -0.0028840256      0.0028840256     -0.00        -1.08         1.08 
    -0.0020550265      0.0020550265     -0.00        -0.43         0.43 
    -0.0019288713      0.0019288713     -0.00        -0.61         0.61 
    -0.0017247720      0.0017247720     -0.00        -0.60         0.60 
    -0.0014995728      0.0014995728     -0.00        -0.27         0.27 
    -0.0014201711      0.0014201711     -0.00        -0.39         0.39 
    -0.0012796369      0.0012796369     -0.00        -0.48         0.48 
    -0.0012075734      0.0012075734     -0.00        -0.43         0.43 
    -0.0011057939      0.0011057939     -0.00         0.06        -0.06 
    -0.0010557252      0.0010557252     -0.00        -0.30         0.30 
    -0.0009358244      0.0009358244     -0.00        -0.48         0.48 
    -0.0009227455      0.0009227455     -0.00        -0.50         0.50 
    -0.0008257774      0.0008257774     -0.00        -0.23         0.23 
    -0.0007732071      0.0007732071     -0.00         0.05        -0.05 
    -0.0006611570      0.0006611570     -0.00        -0.09         0.09 
    -0.0006031297      0.0006031297     -0.00        -0.16         0.16 
    -0.0005610054      0.0005610054     -0.00        -0.26         0.26 
    -0.0005398896      0.0005398896     -0.00        -0.06         0.06 
    -0.0005044603      0.0005044603     -0.00        -0.11         0.11 
    -0.0004425093      0.0004425093     -0.00        -0.03         0.03 
    -0.0004328147      0.0004328147     -0.00        -0.22         0.22 
    -0.0004124342      0.0004124342     -0.00        -0.23         0.23 
    -0.0003897154      0.0003897154     -0.00        -0.11         0.11 
    -0.0003797488      0.0003797488     -0.00        -0.18         0.18 
    -0.0003722166      0.0003722166     -0.00        -0.05         0.05 
    -0.0003619296      0.0003619296     -0.00        -0.02         0.02 
    -0.0003246336      0.0003246336     -0.00        -0.05         0.05 
    -0.0002776032      0.0002776032     -0.00        -0.13         0.13 
    -0.0002518875      0.0002518875     -0.00        -0.03         0.03 
    -0.0002359183      0.0002359183     -0.00         0.05        -0.05 
    -0.0002327495      0.0002327495     -0.00        -0.11         0.11 
    -0.0002290515      0.0002290515     -0.00         0.03        -0.03 
    -0.0002185898      0.0002185898     -0.00        -0.06         0.06 
    -0.0002010139      0.0002010139     -0.00         0.04        -0.04 
    -0.0001936195      0.0001936195     -0.00        -0.01         0.01 
    -0.0001907356      0.0001907356     -0.00         0.04        -0.04 
    -0.0001842991      0.0001842991     -0.00         0.06        -0.06 
    -0.0001799362      0.0001799362     -0.00        -0.10         0.10 
    -0.0001629296      0.0001629296      0.00         0.07        -0.07 
    -0.0001624556      0.0001624556      0.00         0.07        -0.07 
    -0.0001562359      0.0001562359     -0.00         0.08        -0.08 
    -0.0001492450      0.0001492450     -0.00        -0.07         0.07 
    -0.0001405093      0.0001405093     -0.00         0.10        -0.10 
    -0.0001364770      0.0001364770     -0.00         0.07        -0.07 
    -0.0001314721      0.0001314721      0.00         0.06        -0.06 
    -0.0001284275      0.0001284275     -0.00        -0.06         0.06 
    -0.0001245919      0.0001245919     -0.00         0.02        -0.02 
    -0.0001178734      0.0001178734     -0.00         0.03        -0.03 
    -0.0001154640      0.0001154640      0.00         0.07        -0.07 
    -0.0001128016      0.0001128016     -0.00         0.06        -0.06 
    -0.0001072186      0.0001072186     -0.00        -0.05         0.05 
    -0.0001041219      0.0001041219     -0.00         0.07        -0.07 
    -0.0001005411      0.0001005411     -0.00         0.03        -0.03 
    -0.0000957611      0.0000957611     -0.00         0.06        -0.06 
    -0.0000953625      0.0000953625      0.00         0.05        -0.05 
    -0.0000865096      0.0000865096     -0.00         0.04        -0.04 
    -0.0000826941      0.0000826941     -0.00         0.04        -0.04 
    -0.0000799651      0.0000799651      0.00         0.05        -0.05 
    -0.0000684889      0.0000684889     -0.00         0.07        -0.07 
    -0.0000659721      0.0000659721     -0.00         0.01        -0.01 
    -0.0000654160      0.0000654160     -0.00         0.02        -0.02 
    -0.0000589568      0.0000589568     -0.00         0.05        -0.05 
    -0.0000542134      0.0000542134     -0.00         0.01        -0.01 
    -0.0000528373      0.0000528373     -0.00        -0.04         0.04 
    -0.0000470180      0.0000470180     -0.00         0.03        -0.03 
    -0.0000392211      0.0000392211     -0.00         0.04        -0.04 
    -0.0000362754      0.0000362754     -0.00         0.03        -0.03 
    -0.0000304801      0.0000304801     -0.00         0.03        -0.03 
    -0.0000293952      0.0000293952     -0.00         0.03        -0.03 
    -0.0000263002      0.0000263002     -0.00        -0.02         0.02 
    -0.0000242219      0.0000242219     -0.00         0.02        -0.02 
    -0.0000232285      0.0000232285     -0.00         0.00        -0.00 
    -0.0000221689      0.0000221689     -0.00         0.02        -0.02 
    -0.0000216292      0.0000216292     -0.00        -0.00         0.00 
    -0.0000204513      0.0000204513     -0.00         0.01        -0.01 
    -0.0000168966      0.0000168966     -0.00        -0.03         0.03 
    -0.0000154549      0.0000154549     -0.00        -0.03         0.03 
    -0.0000113787      0.0000113787     -0.00         0.02        -0.02 
    -0.0000091541      0.0000091541     -0.00        -0.02         0.02 
    -0.0000088067      0.0000088067     -0.00        -0.03         0.03 
    -0.0000077162      0.0000077162     -0.00        -0.05         0.05 
    -0.0000063965      0.0000063965     -0.00        -0.03         0.03 
    -0.0000056670      0.0000056670     -0.00        -0.01         0.01 
    -0.0000052214      0.0000052214     -0.00         0.01        -0.01 
    -0.0000049584      0.0000049584     -0.00        -0.01         0.01 
    -0.0000045467      0.0000045467     -0.00        -0.02         0.02 
    -0.0000041261      0.0000041261     -0.00        -0.01         0.01 
    -0.0000039634      0.0000039634     -0.00         0.03        -0.03 
    -0.0000036405      0.0000036405     -0.00         0.02        -0.02 
    -0.0000035236      0.0000035236     -0.00         0.02        -0.02 
    -0.0000034067      0.0000034067     -0.00         0.02        -0.02 
    -0.0000029300      0.0000029300     -0.00        -0.00         0.00 
    -0.0000027739      0.0000027739     -0.00        -0.01         0.01 
    -0.0000022040      0.0000022040     -0.00        -0.00         0.00 
    -0.0000019612      0.0000019612     -0.00         0.00        -0.00 
    -0.0000011578      0.0000011578     -0.00         0.00        -0.00 
    -0.0000009960      0.0000009960     -0.00         0.00        -0.00 
    -0.0000008755      0.0000008755     -0.00         0.00        -0.00 
    -0.0000007334      0.0000007334     -0.00         0.00        -0.00 
    -0.0000006829      0.0000006829     -0.00         0.00        -0.00 
    -0.0000006305      0.0000006305     -0.00         0.00        -0.00 
    -0.0000004877      0.0000004877     -0.00         0.00        -0.00 

                             Sum_k:     -1.00       -53.30        52.31 

NOCV were saved in : R4N+PFHxA-_r2.nocv.gbw

FILE: D:\Work\RZ_ORCA_PFASRemoval\02-EDA\BTMA\r2\R4N+PFOA-_r2\R4N+PFOA-_r2.out
NOCV analysis                                   
--------------------------------------------------------------------------------
  negative eigen.    positive eigen.    DE_k          DT_k        DV_k
         (e)                (e)      (Kcal/mol)   (Kcal/mol)   (Kcal/mol)
--------------------------------------------------------------------------------
    -0.0303747274      0.0303747274     -0.16        -3.68         3.52 
    -0.0256546240      0.0256546240     -0.14        -4.22         4.09 
    -0.0218737657      0.0218737657     -0.08        -5.29         5.21 
    -0.0190857105      0.0190857105     -0.07        -5.25         5.18 
    -0.0139035846      0.0139035846     -0.03        -5.07         5.04 
    -0.0108533697      0.0108533697     -0.02        -1.42         1.40 
    -0.0098240206      0.0098240206     -0.02        -2.61         2.59 
    -0.0083381745      0.0083381745     -0.02        -0.00        -0.02 
    -0.0070434466      0.0070434466     -0.01        -2.11         2.10 
    -0.0057729492      0.0057729492     -0.01        -0.64         0.64 
    -0.0047756447      0.0047756447     -0.01        -0.74         0.73 
    -0.0039807121      0.0039807121     -0.00        -0.10         0.10 
    -0.0034289058      0.0034289058     -0.00        -0.33         0.32 
    -0.0029479622      0.0029479622     -0.00        -1.12         1.11 
    -0.0020201633      0.0020201633     -0.00        -0.70         0.69 
    -0.0016729664      0.0016729664     -0.00        -0.23         0.23 
    -0.0013816747      0.0013816747     -0.00        -0.41         0.41 
    -0.0012015600      0.0012015600     -0.00        -0.42         0.42 
    -0.0011487853      0.0011487853     -0.00        -0.49         0.49 
    -0.0009764503      0.0009764503     -0.00        -0.13         0.13 
    -0.0008666633      0.0008666633     -0.00        -0.43         0.43 
    -0.0007598345      0.0007598345     -0.00        -0.02         0.02 
    -0.0007304315      0.0007304315     -0.00        -0.17         0.17 
    -0.0006547173      0.0006547173     -0.00        -0.00         0.00 
    -0.0006109254      0.0006109254     -0.00        -0.16         0.16 
    -0.0005597381      0.0005597381     -0.00        -0.02         0.02 
    -0.0005301883      0.0005301883     -0.00        -0.10         0.10 
    -0.0004606908      0.0004606908     -0.00        -0.11         0.11 
    -0.0004525107      0.0004525107     -0.00        -0.11         0.11 
    -0.0003887618      0.0003887618     -0.00        -0.09         0.09 
    -0.0003799800      0.0003799800     -0.00        -0.13         0.13 
    -0.0003543054      0.0003543054     -0.00        -0.04         0.04 
    -0.0003499329      0.0003499329     -0.00        -0.09         0.09 
    -0.0003156985      0.0003156985     -0.00        -0.04         0.04 
    -0.0003037185      0.0003037185     -0.00         0.03        -0.03 
    -0.0003013153      0.0003013153     -0.00        -0.08         0.08 
    -0.0002800484      0.0002800484     -0.00        -0.04         0.04 
    -0.0002764964      0.0002764964     -0.00        -0.00         0.00 
    -0.0002662647      0.0002662647     -0.00         0.03        -0.03 
    -0.0002605137      0.0002605137     -0.00        -0.01         0.01 
    -0.0002314272      0.0002314272     -0.00         0.00        -0.00 
    -0.0002250623      0.0002250623     -0.00        -0.06         0.06 
    -0.0002152095      0.0002152095     -0.00        -0.11         0.11 
    -0.0002022815      0.0002022815     -0.00         0.04        -0.04 
    -0.0001946795      0.0001946795     -0.00        -0.00         0.00 
    -0.0001905467      0.0001905467     -0.00         0.01        -0.01 
    -0.0001857032      0.0001857032     -0.00         0.05        -0.05 
    -0.0001782285      0.0001782285     -0.00        -0.06         0.06 
    -0.0001741767      0.0001741767     -0.00         0.04        -0.04 
    -0.0001667125      0.0001667125     -0.00         0.04        -0.04 
    -0.0001637526      0.0001637526     -0.00        -0.04         0.04 
    -0.0001517638      0.0001517638     -0.00         0.03        -0.03 
    -0.0001439357      0.0001439357     -0.00         0.05        -0.05 
    -0.0001377893      0.0001377893     -0.00        -0.02         0.02 
    -0.0001318547      0.0001318547     -0.00         0.05        -0.05 
    -0.0001298325      0.0001298325     -0.00         0.08        -0.08 
    -0.0001265599      0.0001265599     -0.00         0.05        -0.05 
    -0.0001197575      0.0001197575     -0.00         0.06        -0.06 
    -0.0001114002      0.0001114002     -0.00         0.05        -0.05 
    -0.0001105209      0.0001105209     -0.00         0.03        -0.03 
    -0.0001071420      0.0001071420     -0.00         0.05        -0.05 
    -0.0001059329      0.0001059329     -0.00         0.05        -0.05 
    -0.0001030814      0.0001030814     -0.00         0.01        -0.01 
    -0.0001025024      0.0001025024     -0.00         0.07        -0.07 
    -0.0000959265      0.0000959265     -0.00         0.05        -0.05 
    -0.0000943275      0.0000943275     -0.00         0.03        -0.03 
    -0.0000931399      0.0000931399     -0.00        -0.03         0.03 
    -0.0000874645      0.0000874645     -0.00         0.05        -0.05 
    -0.0000857485      0.0000857485     -0.00         0.06        -0.06 
    -0.0000808036      0.0000808036     -0.00         0.04        -0.04 
    -0.0000792120      0.0000792120     -0.00         0.05        -0.05 
    -0.0000759308      0.0000759308     -0.00         0.05        -0.05 
    -0.0000750517      0.0000750517     -0.00         0.04        -0.04 
    -0.0000688394      0.0000688394     -0.00         0.05        -0.05 
    -0.0000660153      0.0000660153     -0.00         0.03        -0.03 
    -0.0000657865      0.0000657865     -0.00         0.02        -0.02 
    -0.0000652987      0.0000652987     -0.00         0.00        -0.00 
    -0.0000625784      0.0000625784     -0.00         0.04        -0.04 
    -0.0000598174      0.0000598174      0.00         0.05        -0.05 
    -0.0000584570      0.0000584570     -0.00         0.03        -0.03 
    -0.0000566019      0.0000566019     -0.00         0.06        -0.06 
    -0.0000544279      0.0000544279     -0.00         0.03        -0.03 
    -0.0000517157      0.0000517157     -0.00         0.04        -0.04 
    -0.0000505573      0.0000505573     -0.00        -0.02         0.02 
    -0.0000494415      0.0000494415     -0.00         0.03        -0.03 
    -0.0000466783      0.0000466783     -0.00        -0.06         0.06 
    -0.0000451796      0.0000451796     -0.00         0.05        -0.05 
    -0.0000442531      0.0000442531     -0.00         0.01        -0.01 
    -0.0000408120      0.0000408120     -0.00        -0.03         0.03 
    -0.0000404899      0.0000404899     -0.00         0.04        -0.04 
    -0.0000390844      0.0000390844     -0.00         0.04        -0.04 
    -0.0000342233      0.0000342233     -0.00         0.02        -0.02 
    -0.0000332397      0.0000332397     -0.00        -0.01         0.01 
    -0.0000317842      0.0000317842     -0.00         0.01        -0.01 
    -0.0000293619      0.0000293619     -0.00         0.01        -0.01 
    -0.0000287801      0.0000287801     -0.00         0.03        -0.03 
    -0.0000280627      0.0000280627     -0.00         0.03        -0.03 
    -0.0000274933      0.0000274933     -0.00         0.01        -0.01 
    -0.0000250945      0.0000250945     -0.00         0.03        -0.03 
    -0.0000209600      0.0000209600     -0.00         0.02        -0.02 
    -0.0000207485      0.0000207485     -0.00         0.02        -0.02 
    -0.0000172880      0.0000172880     -0.00        -0.00         0.00 
    -0.0000165004      0.0000165004     -0.00         0.01        -0.01 
    -0.0000159511      0.0000159511     -0.00        -0.00         0.00 
    -0.0000156543      0.0000156543     -0.00        -0.00         0.00 
    -0.0000147504      0.0000147504     -0.00         0.00        -0.00 
    -0.0000138225      0.0000138225     -0.00         0.01        -0.01 
    -0.0000133885      0.0000133885     -0.00        -0.01         0.01 
    -0.0000122522      0.0000122522     -0.00         0.00        -0.00 
    -0.0000107657      0.0000107657     -0.00         0.00        -0.00 
    -0.0000098954      0.0000098954     -0.00        -0.02         0.02 
    -0.0000080336      0.0000080336     -0.00        -0.01         0.01 
    -0.0000075593      0.0000075593     -0.00        -0.02         0.02 
    -0.0000061239      0.0000061239     -0.00        -0.02         0.02 
    -0.0000054758      0.0000054758     -0.00        -0.01         0.01 
    -0.0000050127      0.0000050127     -0.00        -0.01         0.01 
    -0.0000045236      0.0000045236     -0.00        -0.02         0.02 
    -0.0000040230      0.0000040230     -0.00        -0.01         0.01 
    -0.0000035343      0.0000035343     -0.00        -0.01         0.01 
    -0.0000034344      0.0000034344     -0.00        -0.01         0.01 
    -0.0000025841      0.0000025841     -0.00        -0.00         0.00 
    -0.0000023531      0.0000023531     -0.00         0.00        -0.00 
    -0.0000021841      0.0000021841     -0.00         0.00        -0.00 
    -0.0000020156      0.0000020156     -0.00         0.00        -0.00 
    -0.0000017997      0.0000017997     -0.00        -0.00         0.00 
    -0.0000015595      0.0000015595     -0.00        -0.00         0.00 
    -0.0000015525      0.0000015525     -0.00         0.00        -0.00 
    -0.0000013708      0.0000013708     -0.00        -0.00         0.00 
    -0.0000012698      0.0000012698     -0.00         0.00        -0.00 
    -0.0000012040      0.0000012040     -0.00         0.00        -0.00 
    -0.0000009701      0.0000009701     -0.00         0.00        -0.00 
    -0.0000008811      0.0000008811     -0.00         0.00        -0.00 
    -0.0000008221      0.0000008221     -0.00         0.00        -0.00 
    -0.0000006595      0.0000006595     -0.00         0.00        -0.00 
    -0.0000005228      0.0000005228     -0.00         0.00        -0.00 
    -0.0000004465      0.0000004465     -0.00         0.00        -0.00 
    -0.0000003486      0.0000003486     -0.00         0.00        -0.00 
    -0.0000003413      0.0000003413     -0.00         0.00        -0.00 
    -0.0000002845      0.0000002845     -0.00         0.00        -0.00 
    -0.0000002534      0.0000002534     -0.00         0.00        -0.00 
    -0.0000002202      0.0000002202     -0.00         0.00        -0.00 

                             Sum_k:     -0.58       -35.27        34.68 

NOCV were saved in : R4N+PFOA-_r2.nocv.gbw

FILE: D:\Work\RZ_ORCA_PFASRemoval\02-EDA\BTMA\r2\R4N+PFOS-_r2\R4N+PFOS-_r2.out
NOCV analysis                                   
--------------------------------------------------------------------------------
  negative eigen.    positive eigen.    DE_k          DT_k        DV_k
         (e)                (e)      (Kcal/mol)   (Kcal/mol)   (Kcal/mol)
--------------------------------------------------------------------------------
    -0.0370499509      0.0370499509     -0.26        -8.82         8.57 
    -0.0221175880      0.0221175880     -0.09        -6.08         6.00 
    -0.0206486995      0.0206486995     -0.08        -7.77         7.70 
    -0.0176533482      0.0176533482     -0.06         2.96        -3.02 
    -0.0109347388      0.0109347388     -0.02        -1.51         1.49 
    -0.0088483651      0.0088483651     -0.02        -0.60         0.58 
    -0.0083307792      0.0083307792     -0.01        -1.54         1.52 
    -0.0072847757      0.0072847757     -0.01        -1.25         1.24 
    -0.0051929826      0.0051929826     -0.01        -0.80         0.80 
    -0.0045331531      0.0045331531     -0.01        -0.88         0.87 
    -0.0027859460      0.0027859460     -0.00        -0.24         0.24 
    -0.0026181674      0.0026181674     -0.00        -0.40         0.40 
    -0.0023554549      0.0023554549     -0.00        -0.06         0.06 
    -0.0019892945      0.0019892945     -0.00        -0.16         0.16 
    -0.0018980633      0.0018980633     -0.00        -0.20         0.19 
    -0.0015572872      0.0015572872     -0.00         0.56        -0.56 
    -0.0012197676      0.0012197676     -0.00        -0.36         0.36 
    -0.0011356604      0.0011356604     -0.00        -0.81         0.81 
    -0.0009100804      0.0009100804     -0.00        -0.34         0.34 
    -0.0008051546      0.0008051546     -0.00         0.13        -0.13 
    -0.0007129125      0.0007129125     -0.00        -0.24         0.24 
    -0.0006736126      0.0006736126     -0.00        -0.07         0.07 
    -0.0005996375      0.0005996375     -0.00        -0.12         0.12 
    -0.0005928424      0.0005928424     -0.00        -0.20         0.20 
    -0.0005107203      0.0005107203     -0.00        -0.08         0.08 
    -0.0004803351      0.0004803351     -0.00        -0.17         0.17 
    -0.0004341410      0.0004341410     -0.00        -0.11         0.11 
    -0.0004229474      0.0004229474     -0.00        -0.01         0.01 
    -0.0003699549      0.0003699549     -0.00         0.02        -0.02 
    -0.0003409397      0.0003409397     -0.00        -0.07         0.07 
    -0.0003327000      0.0003327000     -0.00        -0.09         0.09 
    -0.0003229578      0.0003229578     -0.00        -0.12         0.12 
    -0.0003076738      0.0003076738     -0.00        -0.12         0.12 
    -0.0002815684      0.0002815684     -0.00        -0.01         0.01 
    -0.0002683377      0.0002683377     -0.00         0.01        -0.01 
    -0.0002618414      0.0002618414     -0.00        -0.02         0.02 
    -0.0002536766      0.0002536766     -0.00        -0.12         0.12 
    -0.0002277461      0.0002277461     -0.00        -0.06         0.06 
    -0.0002228327      0.0002228327     -0.00        -0.08         0.08 
    -0.0002090553      0.0002090553     -0.00         0.05        -0.05 
    -0.0001988493      0.0001988493     -0.00        -0.00         0.00 
    -0.0001855137      0.0001855137     -0.00        -0.05         0.05 
    -0.0001776751      0.0001776751     -0.00        -0.06         0.06 
    -0.0001739636      0.0001739636      0.00         0.12        -0.12 
    -0.0001686809      0.0001686809     -0.00        -0.00         0.00 
    -0.0001569994      0.0001569994     -0.00        -0.00         0.00 
    -0.0001537959      0.0001537959     -0.00        -0.03         0.03 
    -0.0001519559      0.0001519559     -0.00         0.02        -0.02 
    -0.0001503119      0.0001503119     -0.00         0.03        -0.03 
    -0.0001403099      0.0001403099     -0.00        -0.04         0.03 
    -0.0001340892      0.0001340892     -0.00         0.03        -0.03 
    -0.0001290139      0.0001290139     -0.00         0.06        -0.06 
    -0.0001240054      0.0001240054      0.00         0.09        -0.09 
    -0.0001208453      0.0001208453     -0.00         0.04        -0.04 
    -0.0001133469      0.0001133469     -0.00         0.02        -0.02 
    -0.0001129332      0.0001129332     -0.00         0.02        -0.02 
    -0.0001112949      0.0001112949     -0.00         0.04        -0.04 
    -0.0001074415      0.0001074415     -0.00        -0.00         0.00 
    -0.0001018725      0.0001018725     -0.00        -0.03         0.03 
    -0.0000999551      0.0000999551     -0.00         0.02        -0.02 
    -0.0000953500      0.0000953500     -0.00         0.04        -0.04 
    -0.0000931746      0.0000931746     -0.00         0.03        -0.03 
    -0.0000915795      0.0000915795     -0.00         0.01        -0.01 
    -0.0000848511      0.0000848511     -0.00         0.01        -0.01 
    -0.0000824900      0.0000824900     -0.00         0.02        -0.02 
    -0.0000781927      0.0000781927     -0.00         0.02        -0.02 
    -0.0000764765      0.0000764765     -0.00         0.03        -0.03 
    -0.0000749111      0.0000749111     -0.00         0.03        -0.03 
    -0.0000744685      0.0000744685     -0.00         0.02        -0.02 
    -0.0000720906      0.0000720906     -0.00         0.01        -0.01 
    -0.0000684081      0.0000684081     -0.00         0.04        -0.04 
    -0.0000670674      0.0000670674     -0.00         0.03        -0.03 
    -0.0000637927      0.0000637927     -0.00         0.02        -0.02 
    -0.0000607715      0.0000607715     -0.00         0.04        -0.04 
    -0.0000574941      0.0000574941     -0.00         0.03        -0.03 
    -0.0000551594      0.0000551594     -0.00         0.02        -0.02 
    -0.0000535641      0.0000535641     -0.00         0.04        -0.04 
    -0.0000504475      0.0000504475     -0.00        -0.00         0.00 
    -0.0000501235      0.0000501235     -0.00         0.01        -0.01 
    -0.0000489411      0.0000489411     -0.00         0.02        -0.02 
    -0.0000487626      0.0000487626     -0.00         0.03        -0.03 
    -0.0000454414      0.0000454414     -0.00         0.01        -0.01 
    -0.0000438882      0.0000438882     -0.00        -0.02         0.02 
    -0.0000422673      0.0000422673     -0.00         0.01        -0.01 
    -0.0000407329      0.0000407329     -0.00         0.02        -0.02 
    -0.0000402817      0.0000402817     -0.00         0.02        -0.02 
    -0.0000386602      0.0000386602     -0.00         0.03        -0.03 
    -0.0000376873      0.0000376873     -0.00         0.03        -0.03 
    -0.0000369868      0.0000369868     -0.00        -0.01         0.01 
    -0.0000369630      0.0000369630     -0.00         0.02        -0.02 
    -0.0000358489      0.0000358489     -0.00         0.02        -0.02 
    -0.0000349064      0.0000349064     -0.00         0.02        -0.02 
    -0.0000345369      0.0000345369     -0.00        -0.02         0.02 
    -0.0000320317      0.0000320317     -0.00        -0.01         0.01 
    -0.0000315365      0.0000315365     -0.00        -0.00         0.00 
    -0.0000302696      0.0000302696     -0.00         0.01        -0.01 
    -0.0000288209      0.0000288209     -0.00         0.01        -0.01 
    -0.0000281888      0.0000281888     -0.00         0.01        -0.01 
    -0.0000274128      0.0000274128     -0.00         0.00        -0.00 
    -0.0000272175      0.0000272175     -0.00        -0.01         0.01 
    -0.0000255352      0.0000255352     -0.00         0.01        -0.01 
    -0.0000244042      0.0000244042     -0.00         0.01        -0.01 
    -0.0000237084      0.0000237084     -0.00         0.01        -0.01 
    -0.0000224475      0.0000224475     -0.00         0.02        -0.02 
    -0.0000221283      0.0000221283     -0.00         0.01        -0.01 
    -0.0000215228      0.0000215228     -0.00         0.01        -0.01 
    -0.0000188735      0.0000188735     -0.00         0.02        -0.02 
    -0.0000176587      0.0000176587     -0.00         0.01        -0.01 
    -0.0000166633      0.0000166633     -0.00        -0.00         0.00 
    -0.0000159026      0.0000159026     -0.00        -0.07         0.07 
    -0.0000151006      0.0000151006     -0.00         0.01        -0.01 
    -0.0000131199      0.0000131199     -0.00         0.00        -0.00 
    -0.0000124574      0.0000124574     -0.00        -0.00         0.00 
    -0.0000115838      0.0000115838     -0.00         0.01        -0.01 
    -0.0000110321      0.0000110321     -0.00        -0.01         0.01 
    -0.0000102927      0.0000102927     -0.00         0.00        -0.00 
    -0.0000099977      0.0000099977     -0.00        -0.00         0.00 
    -0.0000094069      0.0000094069     -0.00         0.00        -0.00 
    -0.0000085621      0.0000085621     -0.00        -0.03         0.03 
    -0.0000083408      0.0000083408     -0.00         0.00        -0.00 
    -0.0000079299      0.0000079299     -0.00        -0.01         0.01 
    -0.0000078838      0.0000078838     -0.00        -0.01         0.01 
    -0.0000077118      0.0000077118     -0.00        -0.00         0.00 
    -0.0000071222      0.0000071222     -0.00         0.01        -0.01 
    -0.0000068914      0.0000068914     -0.00         0.00        -0.00 
    -0.0000067666      0.0000067666     -0.00         0.00        -0.00 
    -0.0000058965      0.0000058965     -0.00        -0.01         0.01 
    -0.0000056227      0.0000056227     -0.00        -0.00         0.00 
    -0.0000054204      0.0000054204     -0.00        -0.00         0.00 
    -0.0000046623      0.0000046623     -0.00        -0.01         0.01 
    -0.0000042814      0.0000042814     -0.00        -0.01         0.01 
    -0.0000038663      0.0000038663     -0.00        -0.01         0.01 
    -0.0000033769      0.0000033769     -0.00        -0.00         0.00 
    -0.0000027618      0.0000027618     -0.00        -0.00         0.00 
    -0.0000026347      0.0000026347     -0.00        -0.00         0.00 
    -0.0000023885      0.0000023885     -0.00         0.00        -0.00 
    -0.0000021760      0.0000021760     -0.00         0.00        -0.00 
    -0.0000020862      0.0000020862     -0.00         0.00        -0.00 
    -0.0000019778      0.0000019778     -0.00         0.00        -0.00 
    -0.0000018596      0.0000018596     -0.00        -0.00         0.00 
    -0.0000015981      0.0000015981     -0.00        -0.00         0.00 
    -0.0000012921      0.0000012921     -0.00         0.00        -0.00 
    -0.0000011949      0.0000011949     -0.00         0.00        -0.00 
    -0.0000010026      0.0000010026     -0.00        -0.00         0.00 
    -0.0000008616      0.0000008616     -0.00         0.00        -0.00 
    -0.0000007825      0.0000007825     -0.00        -0.00         0.00 
    -0.0000006255      0.0000006255     -0.00        -0.00         0.00 
    -0.0000005583      0.0000005583     -0.00         0.00        -0.00 
    -0.0000005253      0.0000005253     -0.00         0.00        -0.00 
    -0.0000005004      0.0000005004     -0.00         0.00        -0.00 
    -0.0000004443      0.0000004443     -0.00        -0.00         0.00 
    -0.0000003726      0.0000003726     -0.00         0.00        -0.00 
    -0.0000003453      0.0000003453     -0.00         0.00        -0.00 
    -0.0000002751      0.0000002751     -0.00         0.00        -0.00 
    -0.0000002312      0.0000002312     -0.00         0.00        -0.00 
    -0.0000002098      0.0000002098     -0.00        -0.00         0.00 
    -0.0000001851      0.0000001851     -0.00        -0.00         0.00 
    -0.0000001755      0.0000001755     -0.00         0.00        -0.00 
    -0.0000001731      0.0000001731      0.00        -0.00         0.00 
    -0.0000001494      0.0000001494     -0.00         0.00        -0.00 
    -0.0000001250      0.0000001250      0.00         0.00        -0.00 
    -0.0000001200      0.0000001200      0.00         0.00        -0.00 

                             Sum_k:     -0.57       -28.92        28.35 

NOCV were saved in : R4N+PFOS-_r2.nocv.gbw

FILE: D:\Work\RZ_ORCA_PFASRemoval\02-EDA\BTMA\wb\R4N+FHEA-_wb\R4N+FHEA-_wb.out
NOCV analysis                                   
--------------------------------------------------------------------------------
  negative eigen.    positive eigen.    DE_k          DT_k        DV_k
         (e)                (e)      (Kcal/mol)   (Kcal/mol)   (Kcal/mol)
--------------------------------------------------------------------------------
    -0.0491296949      0.0491296949     -0.46       -13.28        12.83 
    -0.0204843728      0.0204843728     -0.08        -7.86         7.78 
    -0.0138401904      0.0138401904     -0.04        -3.46         3.42 
    -0.0110709615      0.0110709615     -0.03        -0.96         0.93 
    -0.0105408640      0.0105408640     -0.03        -1.10         1.07 
    -0.0090180437      0.0090180437     -0.02        -2.27         2.25 
    -0.0060188644      0.0060188644     -0.01        -0.55         0.54 
    -0.0052642458      0.0052642458     -0.01         0.21        -0.22 
    -0.0042408381      0.0042408381     -0.00        -0.06         0.05 
    -0.0038668330      0.0038668330     -0.00        -0.26         0.26 
    -0.0033436998      0.0033436998     -0.00        -1.40         1.40 
    -0.0025634265      0.0025634265     -0.00        -0.08         0.08 
    -0.0023144287      0.0023144287     -0.00        -0.31         0.31 
    -0.0022034363      0.0022034363     -0.00        -0.77         0.77 
    -0.0021513388      0.0021513388     -0.00        -0.66         0.66 
    -0.0021308146      0.0021308146     -0.00        -0.25         0.25 
    -0.0018688167      0.0018688167     -0.00        -0.09         0.09 
    -0.0018478323      0.0018478323     -0.00        -0.48         0.48 
    -0.0017411000      0.0017411000     -0.00        -0.41         0.41 
    -0.0016878149      0.0016878149     -0.00        -0.18         0.18 
    -0.0016327843      0.0016327843     -0.00        -0.44         0.43 
    -0.0015605727      0.0015605727     -0.00        -0.08         0.08 
    -0.0015389058      0.0015389058     -0.00        -0.07         0.07 
    -0.0014207671      0.0014207671     -0.00        -0.38         0.38 
    -0.0013760939      0.0013760939     -0.00        -0.08         0.08 
    -0.0012963832      0.0012963832     -0.00        -0.13         0.13 
    -0.0012396561      0.0012396561     -0.00        -0.30         0.30 
    -0.0012031542      0.0012031542     -0.00        -0.13         0.13 
    -0.0011909121      0.0011909121     -0.00        -0.11         0.11 
    -0.0010495519      0.0010495519     -0.00        -0.30         0.30 
    -0.0010164024      0.0010164024     -0.00        -0.28         0.28 
    -0.0008928039      0.0008928039     -0.00        -0.27         0.27 
    -0.0008699020      0.0008699020     -0.00        -0.19         0.19 
    -0.0008666606      0.0008666606     -0.00        -0.17         0.17 
    -0.0008296824      0.0008296824     -0.00        -0.04         0.04 
    -0.0008062675      0.0008062675     -0.00        -0.00         0.00 
    -0.0007584173      0.0007584173     -0.00        -0.07         0.07 
    -0.0007104778      0.0007104778     -0.00        -0.13         0.13 
    -0.0006882186      0.0006882186     -0.00        -0.22         0.22 
    -0.0006726734      0.0006726734     -0.00        -0.01         0.01 
    -0.0006223934      0.0006223934     -0.00        -0.01         0.01 
    -0.0006084005      0.0006084005     -0.00        -0.05         0.05 
    -0.0005953628      0.0005953628     -0.00        -0.06         0.06 
    -0.0005637883      0.0005637883     -0.00        -0.11         0.11 
    -0.0005463425      0.0005463425      0.00        -0.02         0.02 
    -0.0005137993      0.0005137993     -0.00        -0.04         0.04 
    -0.0005015429      0.0005015429     -0.00        -0.09         0.09 
    -0.0004746969      0.0004746969     -0.00        -0.11         0.11 
    -0.0004381370      0.0004381370     -0.00        -0.07         0.07 
    -0.0004313371      0.0004313371     -0.00        -0.08         0.08 
    -0.0004143390      0.0004143390     -0.00        -0.02         0.02 
    -0.0004042626      0.0004042626     -0.00        -0.04         0.04 
    -0.0003807654      0.0003807654     -0.00        -0.11         0.11 
    -0.0003647929      0.0003647929     -0.00        -0.05         0.05 
    -0.0003490007      0.0003490007     -0.00        -0.05         0.05 
    -0.0003404548      0.0003404548     -0.00        -0.02         0.02 
    -0.0003189376      0.0003189376     -0.00        -0.03         0.03 
    -0.0002939057      0.0002939057     -0.00        -0.02         0.02 
    -0.0002887047      0.0002887047     -0.00        -0.06         0.06 
    -0.0002848063      0.0002848063     -0.00        -0.03         0.03 
    -0.0002736795      0.0002736795     -0.00        -0.02         0.02 
    -0.0002588701      0.0002588701     -0.00         0.00        -0.00 
    -0.0002511179      0.0002511179     -0.00        -0.03         0.03 
    -0.0002362774      0.0002362774     -0.00        -0.00         0.00 
    -0.0002352354      0.0002352354     -0.00        -0.02         0.02 
    -0.0002214150      0.0002214150     -0.00        -0.05         0.05 
    -0.0002168088      0.0002168088     -0.00        -0.01         0.01 
    -0.0002131708      0.0002131708     -0.00        -0.03         0.03 
    -0.0002061804      0.0002061804     -0.00         0.01        -0.01 
    -0.0002002837      0.0002002837     -0.00        -0.03         0.03 
    -0.0001873950      0.0001873950     -0.00        -0.03         0.03 
    -0.0001809145      0.0001809145     -0.00        -0.05         0.05 
    -0.0001680892      0.0001680892     -0.00         0.01        -0.01 
    -0.0001619170      0.0001619170     -0.00         0.05        -0.05 
    -0.0001555480      0.0001555480     -0.00        -0.04         0.04 
    -0.0001430252      0.0001430252     -0.00        -0.04         0.04 
    -0.0001381494      0.0001381494     -0.00        -0.06         0.06 
    -0.0001337063      0.0001337063     -0.00        -0.01         0.01 
    -0.0001336081      0.0001336081     -0.00        -0.00         0.00 
    -0.0001253139      0.0001253139     -0.00         0.01        -0.01 
    -0.0001179460      0.0001179460     -0.00        -0.01         0.01 
    -0.0001156004      0.0001156004     -0.00         0.00        -0.00 
    -0.0001118456      0.0001118456     -0.00         0.00        -0.00 
    -0.0001103363      0.0001103363     -0.00         0.00        -0.00 
    -0.0001049526      0.0001049526      0.00         0.03        -0.03 
    -0.0001005046      0.0001005046     -0.00        -0.01         0.01 
    -0.0000964499      0.0000964499     -0.00        -0.00         0.00 
    -0.0000936784      0.0000936784     -0.00        -0.00         0.00 
    -0.0000892054      0.0000892054     -0.00        -0.01         0.01 
    -0.0000860545      0.0000860545     -0.00         0.03        -0.03 
    -0.0000829338      0.0000829338     -0.00         0.00        -0.00 
    -0.0000815501      0.0000815501     -0.00         0.01        -0.01 
    -0.0000757316      0.0000757316     -0.00         0.01        -0.01 
    -0.0000750590      0.0000750590     -0.00         0.02        -0.02 
    -0.0000727758      0.0000727758     -0.00        -0.01         0.01 
    -0.0000690763      0.0000690763     -0.00        -0.00         0.00 
    -0.0000647726      0.0000647726     -0.00        -0.00         0.00 
    -0.0000624623      0.0000624623     -0.00        -0.02         0.02 
    -0.0000591912      0.0000591912     -0.00         0.03        -0.03 
    -0.0000545814      0.0000545814     -0.00        -0.00         0.00 
    -0.0000531987      0.0000531987     -0.00        -0.02         0.02 
    -0.0000522244      0.0000522244     -0.00        -0.00         0.00 
    -0.0000501394      0.0000501394     -0.00        -0.01         0.01 
    -0.0000487864      0.0000487864     -0.00         0.01        -0.01 
    -0.0000441562      0.0000441562     -0.00         0.00        -0.00 
    -0.0000425987      0.0000425987     -0.00         0.01        -0.01 
    -0.0000404461      0.0000404461     -0.00        -0.04         0.04 
    -0.0000384639      0.0000384639     -0.00        -0.01         0.01 
    -0.0000355644      0.0000355644     -0.00         0.00        -0.00 
    -0.0000347622      0.0000347622     -0.00        -0.00         0.00 
    -0.0000316046      0.0000316046     -0.00         0.01        -0.01 
    -0.0000304706      0.0000304706     -0.00         0.01        -0.01 
    -0.0000285159      0.0000285159     -0.00        -0.01         0.01 
    -0.0000275778      0.0000275778      0.00         0.00        -0.00 
    -0.0000255739      0.0000255739     -0.00         0.00        -0.00 
    -0.0000242592      0.0000242592     -0.00        -0.00         0.00 
    -0.0000229449      0.0000229449     -0.00        -0.02         0.02 
    -0.0000221374      0.0000221374     -0.00        -0.01         0.01 
    -0.0000211468      0.0000211468     -0.00        -0.02         0.02 
    -0.0000186398      0.0000186398     -0.00        -0.01         0.01 
    -0.0000139661      0.0000139661     -0.00        -0.01         0.01 
    -0.0000139493      0.0000139493     -0.00        -0.00         0.00 
    -0.0000120251      0.0000120251     -0.00        -0.01         0.01 
    -0.0000116420      0.0000116420     -0.00        -0.01         0.01 
    -0.0000102481      0.0000102481     -0.00        -0.00         0.00 
    -0.0000098526      0.0000098526     -0.00         0.01        -0.01 
    -0.0000087417      0.0000087417      0.00        -0.01         0.01 
    -0.0000078869      0.0000078869     -0.00        -0.00         0.00 
    -0.0000076375      0.0000076375     -0.00        -0.00         0.00 
    -0.0000073435      0.0000073435     -0.00        -0.01         0.01 
    -0.0000070883      0.0000070883     -0.00        -0.01         0.01 
    -0.0000053935      0.0000053935     -0.00        -0.01         0.01 
    -0.0000029653      0.0000029653     -0.00        -0.00         0.00 

                             Sum_k:     -0.70       -39.09        38.40 

NOCV were saved in : R4N+FHEA-_wb.nocv.gbw

FILE: D:\Work\RZ_ORCA_PFASRemoval\02-EDA\BTMA\wb\R4N+PFHxA-_wb\R4N+PFHxA-_wb.out
NOCV analysis                                   
--------------------------------------------------------------------------------
  negative eigen.    positive eigen.    DE_k          DT_k        DV_k
         (e)                (e)      (Kcal/mol)   (Kcal/mol)   (Kcal/mol)
--------------------------------------------------------------------------------
    -0.0439962717      0.0439962717     -0.38       -14.83        14.44 
    -0.0263258273      0.0263258273     -0.14        -7.56         7.42 
    -0.0202892325      0.0202892325     -0.09        -0.66         0.57 
    -0.0163687310      0.0163687310     -0.06        -6.56         6.50 
    -0.0132591748      0.0132591748     -0.04        -6.15         6.11 
    -0.0123720396      0.0123720396     -0.04        -5.04         5.00 
    -0.0113177857      0.0113177857     -0.03        -1.65         1.61 
    -0.0090835117      0.0090835117     -0.02        -1.40         1.38 
    -0.0072920033      0.0072920033     -0.01        -1.21         1.20 
    -0.0065886086      0.0065886086     -0.01        -0.92         0.91 
    -0.0054874978      0.0054874978     -0.01        -0.55         0.54 
    -0.0051339730      0.0051339730     -0.01        -1.19         1.18 
    -0.0050071297      0.0050071297     -0.01         0.13        -0.14 
    -0.0040437677      0.0040437677     -0.00        -0.38         0.38 
    -0.0036743778      0.0036743778     -0.00        -1.34         1.34 
    -0.0035628972      0.0035628972     -0.00        -0.92         0.91 
    -0.0031307255      0.0031307255     -0.00        -0.02         0.02 
    -0.0030012118      0.0030012118     -0.00         0.07        -0.07 
    -0.0025559626      0.0025559626     -0.00         0.07        -0.07 
    -0.0024585527      0.0024585527     -0.00        -0.90         0.90 
    -0.0022127025      0.0022127025     -0.00         0.09        -0.09 
    -0.0020557501      0.0020557501     -0.00         0.06        -0.06 
    -0.0019094329      0.0019094329     -0.00         0.05        -0.05 
    -0.0018422397      0.0018422397     -0.00        -0.62         0.62 
    -0.0016949774      0.0016949774     -0.00        -0.19         0.19 
    -0.0015489537      0.0015489537     -0.00         0.13        -0.13 
    -0.0013975267      0.0013975267     -0.00        -0.35         0.35 
    -0.0013751121      0.0013751121     -0.00         0.02        -0.02 
    -0.0012980346      0.0012980346     -0.00         0.03        -0.03 
    -0.0012793142      0.0012793142     -0.00        -0.36         0.36 
    -0.0012001916      0.0012001916     -0.00        -0.09         0.09 
    -0.0011698102      0.0011698102     -0.00        -0.03         0.03 
    -0.0011574664      0.0011574664     -0.00         0.02        -0.02 
    -0.0011308571      0.0011308571     -0.00        -0.07         0.07 
    -0.0010581883      0.0010581883     -0.00         0.01        -0.01 
    -0.0010104651      0.0010104651     -0.00         0.06        -0.06 
    -0.0009923726      0.0009923726     -0.00         0.15        -0.15 
    -0.0008998419      0.0008998419     -0.00        -0.02         0.02 
    -0.0008846517      0.0008846517     -0.00         0.13        -0.13 
    -0.0008529054      0.0008529054     -0.00        -0.39         0.39 
    -0.0008292850      0.0008292850     -0.00         0.07        -0.07 
    -0.0007939197      0.0007939197     -0.00        -0.07         0.07 
    -0.0007852929      0.0007852929     -0.00         0.12        -0.12 
    -0.0007453653      0.0007453653     -0.00         0.19        -0.19 
    -0.0007200247      0.0007200247     -0.00         0.11        -0.11 
    -0.0007076478      0.0007076478     -0.00         0.06        -0.06 
    -0.0006829176      0.0006829176     -0.00        -0.04         0.04 
    -0.0006432082      0.0006432082     -0.00         0.01        -0.01 
    -0.0006219274      0.0006219274     -0.00         0.00        -0.00 
    -0.0005881200      0.0005881200     -0.00         0.12        -0.12 
    -0.0005613237      0.0005613237     -0.00         0.10        -0.10 
    -0.0005382495      0.0005382495     -0.00         0.03        -0.03 
    -0.0005108752      0.0005108752     -0.00         0.12        -0.12 
    -0.0005012704      0.0005012704      0.00         0.09        -0.09 
    -0.0004858264      0.0004858264     -0.00         0.01        -0.01 
    -0.0004796178      0.0004796178     -0.00        -0.00         0.00 
    -0.0004700971      0.0004700971     -0.00        -0.06         0.06 
    -0.0004479093      0.0004479093     -0.00        -0.09         0.09 
    -0.0004246262      0.0004246262     -0.00        -0.02         0.02 
    -0.0004108718      0.0004108718     -0.00        -0.09         0.09 
    -0.0004052930      0.0004052930     -0.00        -0.04         0.04 
    -0.0003851225      0.0003851225     -0.00         0.05        -0.05 
    -0.0003746473      0.0003746473     -0.00         0.04        -0.04 
    -0.0003677613      0.0003677613     -0.00         0.05        -0.05 
    -0.0003543567      0.0003543567     -0.00         0.08        -0.08 
    -0.0003493544      0.0003493544     -0.00        -0.03         0.03 
    -0.0003296608      0.0003296608     -0.00        -0.03         0.03 
    -0.0003239241      0.0003239241     -0.00         0.01        -0.01 
    -0.0003130419      0.0003130419     -0.00         0.04        -0.04 
    -0.0003037909      0.0003037909     -0.00         0.04        -0.04 
    -0.0002968080      0.0002968080     -0.00         0.09        -0.09 
    -0.0002792554      0.0002792554     -0.00        -0.01         0.01 
    -0.0002746462      0.0002746462      0.00         0.01        -0.01 
    -0.0002663112      0.0002663112     -0.00         0.10        -0.10 
    -0.0002410075      0.0002410075     -0.00         0.01        -0.01 
    -0.0002381932      0.0002381932     -0.00        -0.02         0.02 
    -0.0002255337      0.0002255337     -0.00         0.01        -0.01 
    -0.0002158671      0.0002158671      0.00         0.03        -0.03 
    -0.0002037891      0.0002037891     -0.00        -0.07         0.07 
    -0.0001977234      0.0001977234     -0.00         0.01        -0.01 
    -0.0001935065      0.0001935065     -0.00        -0.03         0.03 
    -0.0001755580      0.0001755580      0.00         0.03        -0.03 
    -0.0001707553      0.0001707553      0.00        -0.04         0.04 
    -0.0001655218      0.0001655218     -0.00        -0.01         0.01 
    -0.0001553011      0.0001553011      0.00        -0.01         0.01 
    -0.0001494310      0.0001494310     -0.00         0.04        -0.04 
    -0.0001240749      0.0001240749     -0.00         0.02        -0.02 
    -0.0001159681      0.0001159681     -0.00        -0.02         0.02 
    -0.0000968902      0.0000968902     -0.00        -0.03         0.03 
    -0.0000718894      0.0000718894     -0.00         0.01        -0.01 
    -0.0000714688      0.0000714688     -0.00        -0.00         0.00 
    -0.0000675223      0.0000675223     -0.00        -0.02         0.02 
    -0.0000646856      0.0000646856      0.00        -0.04         0.04 
    -0.0000602426      0.0000602426     -0.00        -0.09         0.09 
    -0.0000561170      0.0000561170     -0.00        -0.02         0.02 
    -0.0000536798      0.0000536798     -0.00        -0.01         0.01 
    -0.0000431345      0.0000431345     -0.00         0.00        -0.00 
    -0.0000408682      0.0000408682      0.00        -0.03         0.03 
    -0.0000401576      0.0000401576     -0.00        -0.01         0.01 
    -0.0000382837      0.0000382837     -0.00        -0.02         0.02 
    -0.0000380716      0.0000380716     -0.00        -0.00         0.00 
    -0.0000370809      0.0000370809     -0.00        -0.03         0.03 
    -0.0000345958      0.0000345958     -0.00        -0.02         0.02 
    -0.0000320158      0.0000320158     -0.00        -0.03         0.03 
    -0.0000300591      0.0000300591     -0.00        -0.00         0.00 
    -0.0000253776      0.0000253776     -0.00         0.00        -0.00 
    -0.0000252783      0.0000252783     -0.00        -0.02         0.02 
    -0.0000242693      0.0000242693     -0.00        -0.01         0.01 
    -0.0000230951      0.0000230951     -0.00        -0.03         0.03 
    -0.0000217339      0.0000217339     -0.00        -0.04         0.04 
    -0.0000207367      0.0000207367     -0.00        -0.02         0.02 
    -0.0000186519      0.0000186519     -0.00        -0.01         0.01 
    -0.0000178660      0.0000178660     -0.00        -0.03         0.03 
    -0.0000171730      0.0000171730     -0.00        -0.00         0.00 
    -0.0000166771      0.0000166771     -0.00        -0.02         0.02 
    -0.0000150191      0.0000150191     -0.00         0.00        -0.00 
    -0.0000132886      0.0000132886      0.00        -0.05         0.05 

                             Sum_k:     -0.87       -51.91        51.04 

NOCV were saved in : R4N+PFHxA-_wb.nocv.gbw

FILE: D:\Work\RZ_ORCA_PFASRemoval\02-EDA\BTMA\wb\R4N+PFOA-_wb\R4N+PFOA-_wb.out
NOCV analysis                                   
--------------------------------------------------------------------------------
  negative eigen.    positive eigen.    DE_k          DT_k        DV_k
         (e)                (e)      (Kcal/mol)   (Kcal/mol)   (Kcal/mol)
--------------------------------------------------------------------------------
    -0.0250699649      0.0250699649     -0.12        -7.51         7.40 
    -0.0229418718      0.0229418718     -0.12        -6.71         6.59 
    -0.0179992489      0.0179992489     -0.07        -3.32         3.25 
    -0.0169074314      0.0169074314     -0.07        -6.61         6.55 
    -0.0108200568      0.0108200568     -0.02        -3.58         3.55 
    -0.0090545203      0.0090545203     -0.02        -2.80         2.78 
    -0.0085549220      0.0085549220     -0.02         0.70        -0.72 
    -0.0076294689      0.0076294689     -0.02        -0.74         0.73 
    -0.0056207208      0.0056207208     -0.01        -0.92         0.91 
    -0.0050685318      0.0050685318     -0.01        -0.83         0.83 
    -0.0047660339      0.0047660339     -0.01        -0.25         0.24 
    -0.0041646517      0.0041646517     -0.00        -0.30         0.30 
    -0.0037035570      0.0037035570     -0.00        -0.06         0.06 
    -0.0035427793      0.0035427793     -0.00        -0.31         0.30 
    -0.0031493871      0.0031493871     -0.00         0.05        -0.05 
    -0.0030172070      0.0030172070     -0.00        -0.10         0.10 
    -0.0028916398      0.0028916398     -0.00        -0.21         0.21 
    -0.0027386846      0.0027386846     -0.00        -0.13         0.13 
    -0.0024214758      0.0024214758     -0.00        -0.66         0.65 
    -0.0021685550      0.0021685550     -0.00         0.02        -0.02 
    -0.0019694021      0.0019694021     -0.00         0.11        -0.11 
    -0.0019144981      0.0019144981     -0.00        -0.31         0.31 
    -0.0017924218      0.0017924218     -0.00        -0.41         0.41 
    -0.0017530576      0.0017530576     -0.00        -0.08         0.07 
    -0.0016604022      0.0016604022     -0.00        -0.06         0.06 
    -0.0014218867      0.0014218867     -0.00        -0.15         0.15 
    -0.0013775393      0.0013775393     -0.00        -0.12         0.12 
    -0.0013604508      0.0013604508     -0.00         0.03        -0.03 
    -0.0013186104      0.0013186104     -0.00        -0.16         0.16 
    -0.0012938439      0.0012938439     -0.00         0.05        -0.05 
    -0.0012079336      0.0012079336     -0.00        -0.16         0.16 
    -0.0011862599      0.0011862599     -0.00        -0.05         0.05 
    -0.0011479644      0.0011479644     -0.00        -0.05         0.05 
    -0.0010984272      0.0010984272     -0.00        -0.02         0.02 
    -0.0010201733      0.0010201733     -0.00        -0.02         0.02 
    -0.0010020724      0.0010020724     -0.00        -0.38         0.38 
    -0.0009511089      0.0009511089     -0.00        -0.04         0.04 
    -0.0009209955      0.0009209955     -0.00        -0.20         0.20 
    -0.0008985801      0.0008985801     -0.00        -0.04         0.04 
    -0.0008592334      0.0008592334     -0.00        -0.01         0.01 
    -0.0008217109      0.0008217109     -0.00        -0.02         0.02 
    -0.0008045366      0.0008045366     -0.00         0.10        -0.10 
    -0.0007704850      0.0007704850     -0.00        -0.05         0.05 
    -0.0007459970      0.0007459970     -0.00         0.02        -0.02 
    -0.0007341617      0.0007341617     -0.00        -0.16         0.16 
    -0.0006958590      0.0006958590     -0.00        -0.00         0.00 
    -0.0006829752      0.0006829752     -0.00         0.00        -0.00 
    -0.0006436393      0.0006436393     -0.00         0.02        -0.02 
    -0.0006165149      0.0006165149     -0.00         0.05        -0.05 
    -0.0005991888      0.0005991888     -0.00         0.02        -0.02 
    -0.0005640434      0.0005640434     -0.00        -0.01         0.01 
    -0.0005634203      0.0005634203     -0.00        -0.01         0.01 
    -0.0005445923      0.0005445923     -0.00        -0.01         0.01 
    -0.0005308680      0.0005308680     -0.00        -0.06         0.06 
    -0.0005202697      0.0005202697     -0.00         0.00        -0.00 
    -0.0005025218      0.0005025218     -0.00         0.02        -0.02 
    -0.0004718659      0.0004718659     -0.00        -0.04         0.04 
    -0.0004684855      0.0004684855     -0.00        -0.02         0.02 
    -0.0004521153      0.0004521153     -0.00        -0.03         0.03 
    -0.0004500892      0.0004500892     -0.00        -0.06         0.06 
    -0.0004389746      0.0004389746     -0.00        -0.01         0.01 
    -0.0004224952      0.0004224952     -0.00         0.08        -0.08 
    -0.0004028338      0.0004028338     -0.00        -0.02         0.02 
    -0.0003966662      0.0003966662     -0.00         0.07        -0.07 
    -0.0003875253      0.0003875253     -0.00        -0.01         0.01 
    -0.0003812212      0.0003812212     -0.00        -0.05         0.05 
    -0.0003720146      0.0003720146     -0.00         0.02        -0.02 
    -0.0003579749      0.0003579749     -0.00        -0.01         0.01 
    -0.0003397902      0.0003397902     -0.00        -0.07         0.07 
    -0.0003370188      0.0003370188     -0.00        -0.05         0.05 
    -0.0003333468      0.0003333468     -0.00        -0.00         0.00 
    -0.0003293829      0.0003293829     -0.00         0.03        -0.03 
    -0.0003148982      0.0003148982     -0.00         0.06        -0.06 
    -0.0003065961      0.0003065961     -0.00         0.09        -0.09 
    -0.0002968778      0.0002968778     -0.00         0.01        -0.01 
    -0.0002776517      0.0002776517     -0.00         0.02        -0.02 
    -0.0002660873      0.0002660873     -0.00         0.03        -0.03 
    -0.0002617065      0.0002617065     -0.00        -0.01         0.01 
    -0.0002540276      0.0002540276     -0.00         0.02        -0.02 
    -0.0002420960      0.0002420960     -0.00         0.01        -0.01 
    -0.0002306503      0.0002306503     -0.00        -0.04         0.04 
    -0.0002287977      0.0002287977     -0.00         0.01        -0.01 
    -0.0002240760      0.0002240760     -0.00         0.03        -0.03 
    -0.0002189155      0.0002189155     -0.00         0.04        -0.04 
    -0.0002153212      0.0002153212     -0.00         0.01        -0.01 
    -0.0002079919      0.0002079919     -0.00        -0.03         0.03 
    -0.0002032511      0.0002032511     -0.00         0.02        -0.02 
    -0.0001934266      0.0001934266     -0.00         0.05        -0.05 
    -0.0001894414      0.0001894414     -0.00         0.02        -0.02 
    -0.0001826455      0.0001826455     -0.00        -0.01         0.01 
    -0.0001793498      0.0001793498     -0.00        -0.01         0.01 
    -0.0001704675      0.0001704675     -0.00         0.03        -0.03 
    -0.0001659537      0.0001659537     -0.00         0.02        -0.02 
    -0.0001632028      0.0001632028     -0.00         0.01        -0.01 
    -0.0001610034      0.0001610034     -0.00        -0.02         0.02 
    -0.0001490966      0.0001490966     -0.00        -0.02         0.02 
    -0.0001466843      0.0001466843     -0.00        -0.03         0.03 
    -0.0001401725      0.0001401725     -0.00         0.09        -0.09 
    -0.0001364960      0.0001364960     -0.00         0.07        -0.07 
    -0.0001273132      0.0001273132     -0.00         0.05        -0.05 
    -0.0001231391      0.0001231391     -0.00         0.02        -0.02 
    -0.0001199170      0.0001199170     -0.00         0.04        -0.04 
    -0.0001091565      0.0001091565     -0.00        -0.00         0.00 
    -0.0001059150      0.0001059150     -0.00         0.01        -0.01 
    -0.0001010321      0.0001010321     -0.00        -0.00         0.00 
    -0.0000955776      0.0000955776     -0.00         0.04        -0.04 
    -0.0000932005      0.0000932005     -0.00         0.01        -0.01 
    -0.0000922036      0.0000922036     -0.00         0.06        -0.06 
    -0.0000868348      0.0000868348     -0.00         0.05        -0.05 
    -0.0000808577      0.0000808577     -0.00        -0.03         0.03 
    -0.0000798781      0.0000798781     -0.00        -0.02         0.02 
    -0.0000771345      0.0000771345     -0.00         0.02        -0.02 
    -0.0000701641      0.0000701641     -0.00        -0.02         0.02 
    -0.0000685417      0.0000685417     -0.00        -0.00         0.00 
    -0.0000668195      0.0000668195     -0.00         0.00        -0.00 
    -0.0000665508      0.0000665508     -0.00        -0.00         0.00 
    -0.0000593429      0.0000593429     -0.00        -0.01         0.01 
    -0.0000521687      0.0000521687     -0.00        -0.00         0.00 
    -0.0000515281      0.0000515281     -0.00         0.00        -0.00 
    -0.0000484151      0.0000484151     -0.00         0.03        -0.03 
    -0.0000455224      0.0000455224     -0.00        -0.01         0.01 
    -0.0000398207      0.0000398207     -0.00        -0.02         0.02 
    -0.0000377989      0.0000377989     -0.00        -0.04         0.04 
    -0.0000373451      0.0000373451      0.00        -0.02         0.02 
    -0.0000361380      0.0000361380     -0.00        -0.01         0.01 
    -0.0000334069      0.0000334069     -0.00        -0.01         0.01 
    -0.0000305026      0.0000305026     -0.00        -0.01         0.01 
    -0.0000282337      0.0000282337     -0.00        -0.01         0.01 
    -0.0000275285      0.0000275285     -0.00        -0.00         0.00 
    -0.0000256292      0.0000256292      0.00        -0.00         0.00 
    -0.0000245458      0.0000245458     -0.00        -0.00         0.00 
    -0.0000192140      0.0000192140     -0.00        -0.03         0.03 
    -0.0000177700      0.0000177700     -0.00         0.00        -0.00 
    -0.0000165134      0.0000165134     -0.00        -0.00         0.00 
    -0.0000155821      0.0000155821      0.00        -0.00         0.00 
    -0.0000146031      0.0000146031     -0.00        -0.01         0.01 
    -0.0000132295      0.0000132295     -0.00        -0.01         0.01 
    -0.0000126949      0.0000126949     -0.00        -0.01         0.01 
    -0.0000119735      0.0000119735     -0.00        -0.00         0.00 
    -0.0000110737      0.0000110737     -0.00        -0.02         0.02 
    -0.0000099865      0.0000099865     -0.00        -0.02         0.02 

                             Sum_k:     -0.50       -36.16        35.66 

NOCV were saved in : R4N+PFOA-_wb.nocv.gbw

FILE: D:\Work\RZ_ORCA_PFASRemoval\02-EDA\BTMA\wb\R4N+PFOS-_wb\R4N+PFOS-_wb.out
NOCV analysis                                   
--------------------------------------------------------------------------------
  negative eigen.    positive eigen.    DE_k          DT_k        DV_k
         (e)                (e)      (Kcal/mol)   (Kcal/mol)   (Kcal/mol)
--------------------------------------------------------------------------------
    -0.0298503378      0.0298503378     -0.18       -11.94        11.76 
    -0.0188879471      0.0188879471     -0.07        -6.46         6.39 
    -0.0172521538      0.0172521538     -0.06        -7.16         7.10 
    -0.0136494756      0.0136494756     -0.05         1.69        -1.74 
    -0.0085549701      0.0085549701     -0.01        -0.93         0.91 
    -0.0083992483      0.0083992483     -0.02        -0.14         0.12 
    -0.0071967528      0.0071967528     -0.01        -1.20         1.19 
    -0.0062720766      0.0062720766     -0.01        -0.99         0.98 
    -0.0049044243      0.0049044243     -0.01        -0.60         0.59 
    -0.0042029652      0.0042029652     -0.00         0.43        -0.43 
    -0.0034964802      0.0034964802     -0.00         0.05        -0.06 
    -0.0032802017      0.0032802017     -0.00         0.46        -0.46 
    -0.0026537293      0.0026537293     -0.00         0.06        -0.06 
    -0.0022705175      0.0022705175     -0.00         0.13        -0.13 
    -0.0021694679      0.0021694679     -0.00         0.15        -0.15 
    -0.0021136430      0.0021136430     -0.00         0.17        -0.18 
    -0.0019873485      0.0019873485     -0.00        -0.48         0.48 
    -0.0018849361      0.0018849361     -0.00         0.13        -0.13 
    -0.0017817826      0.0017817826     -0.00        -0.19         0.19 
    -0.0016479843      0.0016479843     -0.00        -0.56         0.56 
    -0.0016114564      0.0016114564     -0.00         0.02        -0.02 
    -0.0014550913      0.0014550913     -0.00        -0.10         0.10 
    -0.0014213604      0.0014213604     -0.00        -0.14         0.14 
    -0.0013373993      0.0013373993     -0.00         0.05        -0.05 
    -0.0012793309      0.0012793309     -0.00         0.02        -0.02 
    -0.0012242696      0.0012242696     -0.00        -0.07         0.07 
    -0.0011592078      0.0011592078     -0.00         0.22        -0.22 
    -0.0011192347      0.0011192347     -0.00        -0.12         0.11 
    -0.0010748573      0.0010748573     -0.00        -0.06         0.06 
    -0.0010596230      0.0010596230     -0.00        -0.12         0.12 
    -0.0010348384      0.0010348384     -0.00         0.01        -0.01 
    -0.0009959142      0.0009959142     -0.00         0.03        -0.03 
    -0.0009593528      0.0009593528     -0.00        -0.13         0.13 
    -0.0009363533      0.0009363533     -0.00         0.00        -0.00 
    -0.0008948933      0.0008948933     -0.00        -0.04         0.04 
    -0.0008563376      0.0008563376     -0.00        -0.06         0.06 
    -0.0008109304      0.0008109304     -0.00        -0.09         0.09 
    -0.0007766275      0.0007766275     -0.00        -0.03         0.03 
    -0.0007592383      0.0007592383     -0.00         0.05        -0.05 
    -0.0007323822      0.0007323822     -0.00         0.09        -0.09 
    -0.0006797466      0.0006797466     -0.00        -0.09         0.09 
    -0.0006553690      0.0006553690     -0.00         0.02        -0.02 
    -0.0006368414      0.0006368414     -0.00        -0.05         0.05 
    -0.0006252711      0.0006252711     -0.00        -0.02         0.02 
    -0.0005838740      0.0005838740     -0.00        -0.04         0.04 
    -0.0005664179      0.0005664179     -0.00         0.01        -0.01 
    -0.0005446962      0.0005446962     -0.00        -0.04         0.04 
    -0.0005311673      0.0005311673     -0.00        -0.02         0.02 
    -0.0005017296      0.0005017296     -0.00        -0.02         0.02 
    -0.0004857080      0.0004857080     -0.00         0.03        -0.03 
    -0.0004647342      0.0004647342     -0.00        -0.02         0.02 
    -0.0004493978      0.0004493978     -0.00        -0.01         0.01 
    -0.0004321885      0.0004321885     -0.00         0.01        -0.01 
    -0.0004224333      0.0004224333     -0.00        -0.03         0.03 
    -0.0004144123      0.0004144123     -0.00         0.01        -0.01 
    -0.0003942443      0.0003942443     -0.00        -0.05         0.05 
    -0.0003895126      0.0003895126     -0.00        -0.03         0.03 
    -0.0003800273      0.0003800273      0.00        -0.04         0.04 
    -0.0003611848      0.0003611848     -0.00         0.00        -0.00 
    -0.0003438464      0.0003438464     -0.00        -0.04         0.04 
    -0.0003392467      0.0003392467     -0.00        -0.04         0.04 
    -0.0003254436      0.0003254436     -0.00        -0.03         0.03 
    -0.0003189424      0.0003189424     -0.00         0.06        -0.06 
    -0.0003141955      0.0003141955     -0.00        -0.07         0.07 
    -0.0003104587      0.0003104587     -0.00         0.01        -0.01 
    -0.0002948048      0.0002948048     -0.00        -0.00         0.00 
    -0.0002867432      0.0002867432     -0.00         0.00        -0.00 
    -0.0002817075      0.0002817075     -0.00        -0.00         0.00 
    -0.0002708306      0.0002708306     -0.00        -0.02         0.02 
    -0.0002635981      0.0002635981     -0.00        -0.02         0.02 
    -0.0002499528      0.0002499528      0.00        -0.01         0.01 
    -0.0002489071      0.0002489071     -0.00        -0.10         0.10 
    -0.0002440340      0.0002440340     -0.00        -0.03         0.03 
    -0.0002307598      0.0002307598     -0.00        -0.02         0.02 
    -0.0002282461      0.0002282461     -0.00        -0.01         0.01 
    -0.0002148017      0.0002148017     -0.00        -0.02         0.02 
    -0.0002112771      0.0002112771     -0.00         0.02        -0.02 
    -0.0001973764      0.0001973764     -0.00        -0.01         0.01 
    -0.0001920768      0.0001920768     -0.00        -0.02         0.02 
    -0.0001868361      0.0001868361     -0.00         0.01        -0.01 
    -0.0001815348      0.0001815348     -0.00        -0.01         0.01 
    -0.0001788996      0.0001788996     -0.00        -0.06         0.06 
    -0.0001675645      0.0001675645     -0.00         0.01        -0.01 
    -0.0001663173      0.0001663173     -0.00        -0.00         0.00 
    -0.0001597805      0.0001597805     -0.00        -0.05         0.05 
    -0.0001535514      0.0001535514     -0.00         0.01        -0.01 
    -0.0001505110      0.0001505110     -0.00        -0.00         0.00 
    -0.0001456538      0.0001456538     -0.00         0.04        -0.04 
    -0.0001391849      0.0001391849     -0.00         0.01        -0.01 
    -0.0001383788      0.0001383788     -0.00        -0.03         0.03 
    -0.0001352435      0.0001352435     -0.00        -0.00         0.00 
    -0.0001304580      0.0001304580     -0.00         0.03        -0.03 
    -0.0001268154      0.0001268154     -0.00         0.00        -0.00 
    -0.0001252765      0.0001252765     -0.00         0.03        -0.03 
    -0.0001229779      0.0001229779     -0.00        -0.02         0.02 
    -0.0001180190      0.0001180190     -0.00        -0.02         0.02 
    -0.0001137808      0.0001137808     -0.00        -0.01         0.01 
    -0.0001096735      0.0001096735     -0.00         0.04        -0.04 
    -0.0001083467      0.0001083467      0.00         0.06        -0.06 
    -0.0001060636      0.0001060636     -0.00        -0.02         0.02 
    -0.0001035304      0.0001035304     -0.00        -0.00         0.00 
    -0.0000985675      0.0000985675     -0.00        -0.01         0.01 
    -0.0000955448      0.0000955448      0.00         0.01        -0.01 
    -0.0000941427      0.0000941427     -0.00        -0.03         0.03 
    -0.0000910714      0.0000910714     -0.00        -0.00         0.00 
    -0.0000894620      0.0000894620      0.00         0.02        -0.02 
    -0.0000868908      0.0000868908      0.00         0.02        -0.02 
    -0.0000841935      0.0000841935     -0.00        -0.02         0.02 
    -0.0000802136      0.0000802136     -0.00         0.02        -0.02 
    -0.0000773874      0.0000773874     -0.00         0.01        -0.01 
    -0.0000749896      0.0000749896     -0.00         0.01        -0.01 
    -0.0000744960      0.0000744960     -0.00        -0.01         0.01 
    -0.0000730902      0.0000730902     -0.00         0.00        -0.00 
    -0.0000717904      0.0000717904     -0.00         0.03        -0.03 
    -0.0000682190      0.0000682190     -0.00         0.01        -0.01 
    -0.0000677944      0.0000677944     -0.00         0.01        -0.01 
    -0.0000624530      0.0000624530     -0.00         0.01        -0.01 
    -0.0000604677      0.0000604677     -0.00        -0.01         0.01 
    -0.0000584207      0.0000584207     -0.00         0.01        -0.01 
    -0.0000579832      0.0000579832     -0.00         0.00        -0.00 
    -0.0000562668      0.0000562668     -0.00         0.01        -0.01 
    -0.0000543094      0.0000543094     -0.00         0.02        -0.02 
    -0.0000525207      0.0000525207     -0.00         0.02        -0.02 
    -0.0000494561      0.0000494561     -0.00         0.01        -0.01 
    -0.0000458947      0.0000458947     -0.00        -0.00         0.00 
    -0.0000454347      0.0000454347     -0.00        -0.01         0.01 
    -0.0000440533      0.0000440533     -0.00        -0.01         0.01 
    -0.0000431342      0.0000431342     -0.00         0.01        -0.01 
    -0.0000418306      0.0000418306     -0.00         0.00        -0.00 
    -0.0000413313      0.0000413313     -0.00         0.02        -0.02 
    -0.0000398044      0.0000398044     -0.00        -0.01         0.01 
    -0.0000357892      0.0000357892     -0.00        -0.03         0.03 
    -0.0000354938      0.0000354938     -0.00        -0.01         0.01 
    -0.0000349301      0.0000349301     -0.00        -0.02         0.02 
    -0.0000330450      0.0000330450     -0.00         0.00        -0.00 
    -0.0000321063      0.0000321063     -0.00        -0.01         0.01 
    -0.0000316907      0.0000316907     -0.00        -0.02         0.02 
    -0.0000305959      0.0000305959     -0.00        -0.00         0.00 
    -0.0000290977      0.0000290977     -0.00        -0.01         0.01 
    -0.0000274947      0.0000274947      0.00         0.01        -0.01 
    -0.0000269822      0.0000269822     -0.00         0.00        -0.00 
    -0.0000256623      0.0000256623     -0.00        -0.00         0.00 
    -0.0000239305      0.0000239305     -0.00        -0.00         0.00 
    -0.0000235709      0.0000235709     -0.00        -0.01         0.01 
    -0.0000219569      0.0000219569     -0.00        -0.02         0.02 
    -0.0000212641      0.0000212641     -0.00        -0.05         0.05 
    -0.0000204622      0.0000204622     -0.00        -0.00         0.00 
    -0.0000190672      0.0000190672     -0.00        -0.00         0.00 
    -0.0000169029      0.0000169029     -0.00        -0.01         0.01 
    -0.0000160216      0.0000160216     -0.00         0.00        -0.00 
    -0.0000147337      0.0000147337     -0.00        -0.00         0.00 
    -0.0000138948      0.0000138948      0.00         0.00        -0.00 
    -0.0000120012      0.0000120012     -0.00        -0.00         0.00 
    -0.0000099986      0.0000099986     -0.00        -0.00         0.00 
    -0.0000094527      0.0000094527     -0.00        -0.00         0.00 
    -0.0000084847      0.0000084847     -0.00        -0.00         0.00 
    -0.0000076929      0.0000076929     -0.00         0.00        -0.00 
    -0.0000070464      0.0000070464      0.00        -0.00         0.00 
    -0.0000063705      0.0000063705     -0.00        -0.00         0.00 
    -0.0000056715      0.0000056715     -0.00        -0.00         0.00 
    -0.0000040135      0.0000040135     -0.00        -0.00         0.00 
    -0.0000020095      0.0000020095     -0.00         0.00        -0.00 

                             Sum_k:     -0.44       -28.60        28.16 

NOCV were saved in : R4N+PFOS-_wb.nocv.gbw

FILE: D:\Work\RZ_ORCA_PFASRemoval\02-EDA\ExtendedMonomer\Octanol_72.5\R4N+PFOA-\R4N+PFOA-.out
NOCV analysis                                   
--------------------------------------------------------------------------------
  negative eigen.    positive eigen.    DE_k          DT_k        DV_k
         (e)                (e)      (Kcal/mol)   (Kcal/mol)   (Kcal/mol)
--------------------------------------------------------------------------------
    -0.0339804711      0.0339804711     -0.24       -11.34        11.10 
    -0.0234794338      0.0234794338     -0.14       -14.43        14.29 
    -0.0182976723      0.0182976723     -0.06        -5.77         5.71 
    -0.0180192544      0.0180192544     -0.08        -8.30         8.22 
    -0.0170095511      0.0170095511     -0.06        -3.74         3.68 
    -0.0163618207      0.0163618207     -0.06        -6.72         6.65 
    -0.0154354520      0.0154354520     -0.06        -8.49         8.43 
    -0.0142922410      0.0142922410     -0.05        -1.24         1.20 
    -0.0133060180      0.0133060180     -0.04        -5.92         5.88 
    -0.0122524018      0.0122524018     -0.04        -3.51         3.47 
    -0.0118498883      0.0118498883     -0.04        -1.68         1.65 
    -0.0115021539      0.0115021539     -0.03         0.04        -0.08 
    -0.0112125730      0.0112125730     -0.03        -1.92         1.89 
    -0.0104433546      0.0104433546     -0.03        -1.84         1.81 
    -0.0103109521      0.0103109521     -0.03        -0.99         0.96 
    -0.0089875893      0.0089875893     -0.02        -3.32         3.30 
    -0.0085844486      0.0085844486     -0.02         0.17        -0.19 
    -0.0082897261      0.0082897261     -0.02        -0.28         0.26 
    -0.0078482947      0.0078482947     -0.01        -2.14         2.13 
    -0.0076690544      0.0076690544     -0.01        -1.77         1.75 
    -0.0072990458      0.0072990458     -0.01        -0.99         0.98 
    -0.0066471934      0.0066471934     -0.01        -1.00         0.99 
    -0.0063706364      0.0063706364     -0.01        -1.01         1.00 
    -0.0060774941      0.0060774941     -0.01        -0.69         0.68 
    -0.0059381963      0.0059381963     -0.01        -0.77         0.76 
    -0.0058048657      0.0058048657     -0.01        -0.68         0.68 
    -0.0055973672      0.0055973672     -0.01        -0.99         0.99 
    -0.0053321612      0.0053321612     -0.01        -0.31         0.30 
    -0.0049643199      0.0049643199     -0.01        -0.68         0.67 
    -0.0048731284      0.0048731284     -0.01        -0.27         0.26 
    -0.0047938785      0.0047938785     -0.01        -0.54         0.53 
    -0.0045488442      0.0045488442     -0.00        -0.52         0.51 
    -0.0043642264      0.0043642264     -0.01        -0.66         0.65 
    -0.0043351092      0.0043351092     -0.01        -0.49         0.48 
    -0.0040895357      0.0040895357     -0.00        -0.57         0.56 
    -0.0039843837      0.0039843837     -0.00        -0.46         0.45 
    -0.0038386432      0.0038386432     -0.00        -0.44         0.44 
    -0.0037446720      0.0037446720     -0.00        -0.22         0.21 
    -0.0036950857      0.0036950857     -0.00        -0.68         0.68 
    -0.0035915037      0.0035915037     -0.00        -0.38         0.38 
    -0.0033817836      0.0033817836     -0.00        -0.31         0.31 
    -0.0033634364      0.0033634364     -0.00        -0.72         0.72 
    -0.0032698964      0.0032698964     -0.00        -0.16         0.16 
    -0.0032264285      0.0032264285     -0.00        -0.44         0.44 
    -0.0030493048      0.0030493048     -0.00        -0.27         0.27 
    -0.0029925172      0.0029925172     -0.00         0.01        -0.01 
    -0.0028632648      0.0028632648     -0.00        -0.11         0.11 
    -0.0028366694      0.0028366694     -0.00        -0.18         0.18 
    -0.0027352962      0.0027352962     -0.00        -0.32         0.32 
    -0.0026577955      0.0026577955     -0.00        -0.21         0.21 
    -0.0025945618      0.0025945618     -0.00        -0.38         0.38 
    -0.0025610054      0.0025610054     -0.00        -0.17         0.17 
    -0.0025061648      0.0025061648     -0.00        -0.34         0.34 
    -0.0024392794      0.0024392794     -0.00        -0.26         0.26 
    -0.0023494342      0.0023494342     -0.00        -0.15         0.15 
    -0.0023462803      0.0023462803     -0.00        -0.15         0.15 
    -0.0022607936      0.0022607936     -0.00        -0.17         0.17 
    -0.0021916468      0.0021916468     -0.00        -0.06         0.06 
    -0.0021358766      0.0021358766     -0.00         0.06        -0.06 
    -0.0020698053      0.0020698053     -0.00        -0.20         0.20 
    -0.0020651373      0.0020651373     -0.00        -0.28         0.28 
    -0.0020089995      0.0020089995     -0.00        -0.24         0.24 
    -0.0019358025      0.0019358025     -0.00        -0.15         0.15 
    -0.0019200924      0.0019200924     -0.00         0.00        -0.00 
    -0.0018981193      0.0018981193     -0.00        -0.34         0.34 
    -0.0017712632      0.0017712632     -0.00        -0.27         0.27 
    -0.0017610524      0.0017610524     -0.00        -0.26         0.25 
    -0.0016675385      0.0016675385     -0.00        -0.15         0.15 
    -0.0016354220      0.0016354220     -0.00        -0.19         0.19 
    -0.0016155056      0.0016155056     -0.00        -0.09         0.09 
    -0.0015978114      0.0015978114     -0.00        -0.25         0.25 
    -0.0015905744      0.0015905744     -0.00        -0.15         0.15 
    -0.0015457191      0.0015457191     -0.00        -0.25         0.25 
    -0.0015067511      0.0015067511     -0.00        -0.22         0.22 
    -0.0014952415      0.0014952415     -0.00        -0.09         0.09 
    -0.0014614394      0.0014614394     -0.00        -0.18         0.18 
    -0.0014473613      0.0014473613     -0.00        -0.35         0.35 
    -0.0014228477      0.0014228477     -0.00        -0.11         0.11 
    -0.0014109789      0.0014109789     -0.00        -0.07         0.07 
    -0.0013564374      0.0013564374     -0.00        -0.30         0.30 
    -0.0013323825      0.0013323825     -0.00        -0.15         0.15 
    -0.0012996453      0.0012996453     -0.00        -0.14         0.14 
    -0.0012389780      0.0012389780     -0.00        -0.08         0.08 
    -0.0012325245      0.0012325245     -0.00        -0.07         0.07 
    -0.0012092245      0.0012092245     -0.00        -0.32         0.32 
    -0.0011909914      0.0011909914     -0.00         0.00        -0.00 
    -0.0011353255      0.0011353255     -0.00        -0.19         0.19 
    -0.0011091799      0.0011091799     -0.00        -0.09         0.09 
    -0.0010934445      0.0010934445     -0.00        -0.04         0.04 
    -0.0010850287      0.0010850287     -0.00         0.09        -0.09 
    -0.0010376294      0.0010376294     -0.00        -0.13         0.13 
    -0.0010165817      0.0010165817     -0.00        -0.12         0.12 
    -0.0010031853      0.0010031853     -0.00         0.17        -0.17 
    -0.0009737387      0.0009737387     -0.00         0.02        -0.02 
    -0.0009444183      0.0009444183     -0.00         0.09        -0.09 
    -0.0009343762      0.0009343762     -0.00        -0.18         0.18 
    -0.0009137871      0.0009137871     -0.00         0.07        -0.07 
    -0.0008811386      0.0008811386     -0.00         0.02        -0.02 
    -0.0008753839      0.0008753839     -0.00        -0.21         0.21 
    -0.0008591259      0.0008591259     -0.00        -0.12         0.11 
    -0.0008296035      0.0008296035     -0.00         0.08        -0.08 
    -0.0008093121      0.0008093121     -0.00        -0.03         0.03 
    -0.0007799018      0.0007799018     -0.00        -0.03         0.03 
    -0.0007774067      0.0007774067     -0.00         0.06        -0.06 
    -0.0007674732      0.0007674732     -0.00         0.16        -0.16 
    -0.0007509393      0.0007509393     -0.00         0.04        -0.04 
    -0.0007284996      0.0007284996     -0.00         0.03        -0.03 
    -0.0007077956      0.0007077956     -0.00        -0.03         0.02 
    -0.0007012053      0.0007012053     -0.00        -0.05         0.05 
    -0.0006892354      0.0006892354     -0.00        -0.00         0.00 
    -0.0006782264      0.0006782264     -0.00        -0.08         0.08 
    -0.0006461596      0.0006461596     -0.00         0.02        -0.02 
    -0.0006407238      0.0006407238     -0.00        -0.01         0.01 
    -0.0006326835      0.0006326835     -0.00         0.03        -0.03 
    -0.0006296818      0.0006296818     -0.00        -0.06         0.06 
    -0.0006044108      0.0006044108     -0.00         0.02        -0.02 
    -0.0005803376      0.0005803376     -0.00        -0.02         0.02 
    -0.0005691889      0.0005691889     -0.00        -0.02         0.02 
    -0.0005480224      0.0005480224     -0.00        -0.04         0.04 
    -0.0005357350      0.0005357350     -0.00         0.16        -0.17 
    -0.0005306881      0.0005306881     -0.00         0.03        -0.03 
    -0.0005208805      0.0005208805     -0.00        -0.01         0.01 
    -0.0005041657      0.0005041657     -0.00         0.02        -0.02 
    -0.0004842109      0.0004842109     -0.00        -0.03         0.03 
    -0.0004729762      0.0004729762     -0.00        -0.01         0.01 
    -0.0004588187      0.0004588187     -0.00        -0.03         0.03 
    -0.0004581489      0.0004581489     -0.00         0.06        -0.06 
    -0.0004337063      0.0004337064     -0.00        -0.10         0.10 
    -0.0004192467      0.0004192467     -0.00         0.04        -0.04 
    -0.0004099394      0.0004099394     -0.00         0.08        -0.08 
    -0.0003914998      0.0003914998     -0.00        -0.02         0.02 
    -0.0003716968      0.0003716968     -0.00         0.01        -0.01 
    -0.0003675619      0.0003675619     -0.00         0.01        -0.01 
    -0.0003620534      0.0003620534     -0.00        -0.02         0.02 
    -0.0003512303      0.0003512303     -0.00         0.02        -0.02 
    -0.0003439945      0.0003439945     -0.00         0.03        -0.03 
    -0.0003314225      0.0003314225     -0.00         0.10        -0.10 
    -0.0003152856      0.0003152856     -0.00         0.01        -0.01 
    -0.0002783225      0.0002783225     -0.00         0.06        -0.06 
    -0.0002713428      0.0002713428     -0.00         0.03        -0.03 
    -0.0002594195      0.0002594195     -0.00         0.04        -0.04 
    -0.0002256026      0.0002256026     -0.00         0.01        -0.01 
    -0.0002187089      0.0002187089     -0.00         0.05        -0.05 
    -0.0001983984      0.0001983984     -0.00        -0.04         0.04 
    -0.0001906364      0.0001906364     -0.00         0.01        -0.01 
    -0.0001847757      0.0001847757     -0.00         0.05        -0.05 
    -0.0001800019      0.0001800019     -0.00        -0.04         0.04 
    -0.0001723643      0.0001723643     -0.00         0.02        -0.02 
    -0.0001534652      0.0001534652     -0.00        -0.03         0.03 
    -0.0001446763      0.0001446763     -0.00        -0.01         0.01 
    -0.0001346948      0.0001346948     -0.00        -0.01         0.01 
    -0.0001268291      0.0001268291     -0.00        -0.02         0.02 
    -0.0001219934      0.0001219934     -0.00        -0.01         0.01 
    -0.0001176969      0.0001176969     -0.00         0.01        -0.01 
    -0.0001143671      0.0001143671     -0.00        -0.01         0.01 
    -0.0001089735      0.0001089735     -0.00        -0.06         0.06 
    -0.0001026276      0.0001026276     -0.00        -0.01         0.01 
    -0.0000967648      0.0000967648     -0.00        -0.08         0.08 
    -0.0000930517      0.0000930517     -0.00         0.03        -0.03 
    -0.0000881703      0.0000881703     -0.00        -0.00         0.00 
    -0.0000833964      0.0000833964     -0.00        -0.00         0.00 
    -0.0000781093      0.0000781093     -0.00        -0.02         0.02 
    -0.0000712014      0.0000712014     -0.00        -0.02         0.02 
    -0.0000687093      0.0000687093     -0.00         0.00        -0.00 
    -0.0000639367      0.0000639367     -0.00        -0.01         0.01 
    -0.0000616778      0.0000616778     -0.00        -0.02         0.02 
    -0.0000583279      0.0000583279     -0.00        -0.02         0.02 
    -0.0000566030      0.0000566030     -0.00        -0.01         0.01 
    -0.0000531732      0.0000531732     -0.00        -0.03         0.03 
    -0.0000503171      0.0000503171     -0.00        -0.01         0.01 
    -0.0000483707      0.0000483707     -0.00        -0.02         0.02 
    -0.0000476144      0.0000476144     -0.00        -0.02         0.02 
    -0.0000471870      0.0000471870     -0.00        -0.02         0.02 
    -0.0000446699      0.0000446699     -0.00        -0.03         0.03 
    -0.0000397585      0.0000397585     -0.00        -0.02         0.02 
    -0.0000386955      0.0000386955     -0.00        -0.02         0.02 
    -0.0000372270      0.0000372270     -0.00        -0.02         0.02 
    -0.0000365888      0.0000365888     -0.00        -0.02         0.02 
    -0.0000346724      0.0000346724     -0.00        -0.01         0.01 
    -0.0000326884      0.0000326884     -0.00        -0.01         0.01 
    -0.0000276551      0.0000276551     -0.00        -0.02         0.02 
    -0.0000269280      0.0000269280     -0.00        -0.06         0.06 
    -0.0000233390      0.0000233390     -0.00        -0.06         0.06 
    -0.0000206711      0.0000206711     -0.00        -0.03         0.03 
    -0.0000141646      0.0000141646     -0.00        -0.07         0.07 

                             Sum_k:     -1.26      -105.54       104.28 

NOCV were saved in : R4N+PFOA-.nocv.gbw

FILE: D:\Work\RZ_ORCA_PFASRemoval\02-EDA\ExtendedMonomer\Octanol_72.5\R4N+PFOS-\R4N+PFOS-.out
NOCV analysis                                   
--------------------------------------------------------------------------------
  negative eigen.    positive eigen.    DE_k          DT_k        DV_k
         (e)                (e)      (Kcal/mol)   (Kcal/mol)   (Kcal/mol)
--------------------------------------------------------------------------------
    -0.0293905282      0.0293905282     -0.18       -11.88        11.71 
    -0.0218616439      0.0218616439     -0.09        -4.20         4.11 
    -0.0192499270      0.0192499270     -0.08        -6.63         6.55 
    -0.0175992741      0.0175992741     -0.06        -5.01         4.96 
    -0.0166579788      0.0166579788     -0.07        -8.12         8.05 
    -0.0149123775      0.0149123775     -0.05        -1.04         0.99 
    -0.0140744505      0.0140744505     -0.04        -5.77         5.73 
    -0.0133176657      0.0133176657     -0.04        -2.65         2.61 
    -0.0122605240      0.0122605240     -0.04        -5.73         5.69 
    -0.0109753281      0.0109753281     -0.03        -2.04         2.01 
    -0.0105049889      0.0105049889     -0.03        -1.61         1.58 
    -0.0097790824      0.0097790824     -0.03        -0.20         0.18 
    -0.0094949006      0.0094949006     -0.02        -1.81         1.79 
    -0.0093672097      0.0093672097     -0.02        -1.45         1.43 
    -0.0087752282      0.0087752282     -0.02        -2.53         2.51 
    -0.0085761718      0.0085761718     -0.02        -2.48         2.46 
    -0.0083237249      0.0083237249     -0.02        -0.30         0.29 
    -0.0080846875      0.0080846875     -0.02        -1.21         1.19 
    -0.0076050855      0.0076050855     -0.02        -0.20         0.18 
    -0.0073181998      0.0073181998     -0.01        -0.69         0.68 
    -0.0069496250      0.0069496250     -0.01        -1.63         1.62 
    -0.0068307825      0.0068307825     -0.01        -0.26         0.25 
    -0.0066702001      0.0066702001     -0.01        -0.23         0.22 
    -0.0065228710      0.0065228710     -0.01        -0.79         0.78 
    -0.0061220732      0.0061220732     -0.01        -0.28         0.27 
    -0.0059456481      0.0059456481     -0.01         0.02        -0.03 
    -0.0057434822      0.0057434822     -0.01        -0.47         0.46 
    -0.0051848088      0.0051848088     -0.01        -0.29         0.28 
    -0.0050891224      0.0050891224     -0.01        -0.08         0.07 
    -0.0049420387      0.0049420387     -0.01        -0.56         0.56 
    -0.0046550801      0.0046550801     -0.00        -0.58         0.57 
    -0.0044112480      0.0044112480     -0.00        -0.54         0.53 
    -0.0042491378      0.0042491378     -0.01        -0.29         0.29 
    -0.0041662601      0.0041662601     -0.00        -0.12         0.12 
    -0.0041439761      0.0041439761     -0.01        -0.13         0.13 
    -0.0040731768      0.0040731768     -0.00        -0.33         0.33 
    -0.0039998581      0.0039998581     -0.00        -0.33         0.32 
    -0.0038925277      0.0038925277     -0.00        -0.27         0.27 
    -0.0037140996      0.0037140996     -0.00        -0.40         0.40 
    -0.0035723798      0.0035723798     -0.00        -0.20         0.20 
    -0.0035079298      0.0035079298     -0.00        -0.23         0.22 
    -0.0034769114      0.0034769114     -0.00        -0.27         0.26 
    -0.0033478324      0.0033478324     -0.00        -0.30         0.30 
    -0.0032254870      0.0032254870     -0.00        -0.21         0.20 
    -0.0031313452      0.0031313452     -0.00        -0.10         0.09 
    -0.0030222671      0.0030222671     -0.00        -0.15         0.14 
    -0.0029146258      0.0029146258     -0.00        -0.49         0.49 
    -0.0028927872      0.0028927872     -0.00        -0.27         0.26 
    -0.0027957465      0.0027957465     -0.00        -0.27         0.27 
    -0.0026830516      0.0026830516     -0.00        -0.12         0.12 
    -0.0026340891      0.0026340891     -0.00        -0.32         0.32 
    -0.0025956837      0.0025956837     -0.00        -0.18         0.18 
    -0.0025176692      0.0025176692     -0.00        -0.12         0.12 
    -0.0024714930      0.0024714930     -0.00        -0.25         0.25 
    -0.0024348058      0.0024348058     -0.00        -0.48         0.47 
    -0.0023745302      0.0023745302     -0.00        -0.08         0.08 
    -0.0023001820      0.0023001820     -0.00        -0.17         0.17 
    -0.0022906354      0.0022906354     -0.00        -0.34         0.34 
    -0.0022497073      0.0022497073     -0.00        -0.35         0.34 
    -0.0022128239      0.0022128239     -0.00        -0.26         0.25 
    -0.0022066638      0.0022066638     -0.00        -0.14         0.14 
    -0.0021430705      0.0021430705     -0.00        -0.22         0.22 
    -0.0020658410      0.0020658410     -0.00        -0.19         0.19 
    -0.0020219306      0.0020219306     -0.00        -0.28         0.28 
    -0.0019614547      0.0019614547     -0.00        -0.16         0.16 
    -0.0019369541      0.0019369541     -0.00        -0.17         0.17 
    -0.0018679101      0.0018679101     -0.00        -0.09         0.08 
    -0.0018488144      0.0018488144     -0.00        -0.23         0.23 
    -0.0018119144      0.0018119144     -0.00        -0.02         0.02 
    -0.0017716179      0.0017716179     -0.00        -0.11         0.11 
    -0.0016923303      0.0016923303     -0.00        -0.12         0.12 
    -0.0016793429      0.0016793429     -0.00        -0.21         0.21 
    -0.0016463612      0.0016463612     -0.00        -0.06         0.05 
    -0.0015951269      0.0015951269     -0.00        -0.21         0.21 
    -0.0015586991      0.0015586991     -0.00        -0.25         0.25 
    -0.0015251815      0.0015251815     -0.00        -0.24         0.24 
    -0.0014897821      0.0014897821     -0.00         0.07        -0.07 
    -0.0014813354      0.0014813354     -0.00        -0.01         0.01 
    -0.0014436127      0.0014436127     -0.00        -0.04         0.04 
    -0.0014180265      0.0014180265     -0.00        -0.32         0.32 
    -0.0013772791      0.0013772791     -0.00        -0.10         0.10 
    -0.0013281332      0.0013281332     -0.00        -0.11         0.11 
    -0.0013005393      0.0013005393     -0.00        -0.08         0.07 
    -0.0012640265      0.0012640265     -0.00         0.00        -0.00 
    -0.0012349276      0.0012349276     -0.00        -0.16         0.16 
    -0.0012128190      0.0012128190     -0.00        -0.10         0.10 
    -0.0011815387      0.0011815387     -0.00        -0.14         0.14 
    -0.0011713313      0.0011713313     -0.00        -0.05         0.05 
    -0.0011441791      0.0011441791     -0.00        -0.24         0.24 
    -0.0011316345      0.0011316345     -0.00        -0.22         0.22 
    -0.0011151267      0.0011151267     -0.00        -0.01         0.01 
    -0.0010836326      0.0010836326     -0.00        -0.18         0.18 
    -0.0010513410      0.0010513410     -0.00        -0.04         0.04 
    -0.0010289074      0.0010289074     -0.00        -0.07         0.07 
    -0.0010137594      0.0010137594     -0.00        -0.05         0.05 
    -0.0009973958      0.0009973958     -0.00        -0.02         0.02 
    -0.0009743980      0.0009743980     -0.00        -0.17         0.17 
    -0.0009576249      0.0009576249     -0.00        -0.21         0.21 
    -0.0009533036      0.0009533036     -0.00        -0.08         0.08 
    -0.0009305199      0.0009305199     -0.00        -0.00         0.00 
    -0.0009174755      0.0009174755     -0.00        -0.15         0.15 
    -0.0008765167      0.0008765167     -0.00        -0.05         0.05 
    -0.0008576745      0.0008576745     -0.00        -0.08         0.07 
    -0.0008465292      0.0008465292     -0.00        -0.05         0.05 
    -0.0008314970      0.0008314970     -0.00        -0.02         0.02 
    -0.0008260534      0.0008260534     -0.00        -0.03         0.03 
    -0.0008163150      0.0008163150     -0.00        -0.13         0.13 
    -0.0007937367      0.0007937367     -0.00        -0.05         0.05 
    -0.0007788157      0.0007788157     -0.00        -0.13         0.13 
    -0.0007581708      0.0007581708     -0.00        -0.00         0.00 
    -0.0007480710      0.0007480710     -0.00        -0.10         0.10 
    -0.0007261860      0.0007261860     -0.00        -0.09         0.09 
    -0.0007085860      0.0007085860     -0.00         0.01        -0.01 
    -0.0006931968      0.0006931968     -0.00        -0.12         0.12 
    -0.0006720585      0.0006720585     -0.00        -0.06         0.06 
    -0.0006667916      0.0006667916     -0.00        -0.05         0.05 
    -0.0006507707      0.0006507707     -0.00        -0.04         0.04 
    -0.0006459549      0.0006459549     -0.00        -0.08         0.08 
    -0.0006301194      0.0006301194     -0.00         0.04        -0.04 
    -0.0006229434      0.0006229434     -0.00        -0.05         0.05 
    -0.0005971306      0.0005971306     -0.00         0.02        -0.02 
    -0.0005922882      0.0005922882     -0.00         0.04        -0.04 
    -0.0005731677      0.0005731677     -0.00        -0.10         0.10 
    -0.0005567662      0.0005567662     -0.00        -0.01         0.01 
    -0.0005456518      0.0005456518     -0.00        -0.00         0.00 
    -0.0005248491      0.0005248491     -0.00        -0.03         0.03 
    -0.0005218496      0.0005218496     -0.00        -0.02         0.02 
    -0.0005099123      0.0005099123     -0.00        -0.03         0.03 
    -0.0005055083      0.0005055083     -0.00        -0.03         0.03 
    -0.0004910246      0.0004910246     -0.00        -0.05         0.05 
    -0.0004818320      0.0004818320     -0.00        -0.07         0.07 
    -0.0004777673      0.0004777673     -0.00        -0.03         0.03 
    -0.0004556961      0.0004556961     -0.00         0.03        -0.03 
    -0.0004399648      0.0004399648     -0.00         0.00        -0.00 
    -0.0004321178      0.0004321178     -0.00        -0.03         0.03 
    -0.0004127413      0.0004127413     -0.00        -0.01         0.01 
    -0.0004003601      0.0004003601     -0.00         0.02        -0.02 
    -0.0003968021      0.0003968021     -0.00        -0.04         0.04 
    -0.0003888997      0.0003888997     -0.00         0.06        -0.06 
    -0.0003868649      0.0003868649     -0.00         0.04        -0.04 
    -0.0003729174      0.0003729174     -0.00        -0.01         0.01 
    -0.0003625354      0.0003625354     -0.00        -0.00         0.00 
    -0.0003575121      0.0003575121     -0.00         0.05        -0.05 
    -0.0003450481      0.0003450481     -0.00        -0.03         0.03 
    -0.0003353111      0.0003353111     -0.00        -0.09         0.09 
    -0.0003275965      0.0003275965     -0.00         0.04        -0.04 
    -0.0003190878      0.0003190878     -0.00         0.03        -0.03 
    -0.0003101407      0.0003101407     -0.00         0.04        -0.04 
    -0.0003036831      0.0003036831     -0.00         0.02        -0.02 
    -0.0002901620      0.0002901620     -0.00         0.07        -0.07 
    -0.0002789776      0.0002789776     -0.00         0.06        -0.06 
    -0.0002715341      0.0002715341     -0.00        -0.03         0.03 
    -0.0002679573      0.0002679573     -0.00         0.00        -0.00 
    -0.0002601518      0.0002601518     -0.00        -0.03         0.03 
    -0.0002356625      0.0002356625     -0.00         0.03        -0.03 
    -0.0002256073      0.0002256073     -0.00         0.03        -0.03 
    -0.0002096425      0.0002096425     -0.00        -0.04         0.04 
    -0.0001962250      0.0001962250     -0.00        -0.01         0.01 
    -0.0001900264      0.0001900264     -0.00         0.03        -0.03 
    -0.0001778364      0.0001778364     -0.00        -0.02         0.02 
    -0.0001739012      0.0001739012     -0.00        -0.02         0.02 
    -0.0001678166      0.0001678166     -0.00        -0.03         0.03 
    -0.0001539716      0.0001539716     -0.00         0.03        -0.03 
    -0.0001517774      0.0001517774     -0.00        -0.00         0.00 
    -0.0001425128      0.0001425128     -0.00        -0.03         0.03 
    -0.0001346874      0.0001346874     -0.00        -0.03         0.03 
    -0.0001291071      0.0001291071     -0.00        -0.01         0.01 
    -0.0001282237      0.0001282237     -0.00        -0.01         0.01 
    -0.0001195654      0.0001195654     -0.00        -0.02         0.02 
    -0.0001149592      0.0001149592     -0.00         0.02        -0.02 
    -0.0001107457      0.0001107457     -0.00         0.01        -0.01 
    -0.0001071360      0.0001071360     -0.00        -0.03         0.03 
    -0.0001029223      0.0001029223     -0.00         0.00        -0.00 
    -0.0001006412      0.0001006412     -0.00        -0.02         0.02 
    -0.0000938531      0.0000938531     -0.00        -0.00         0.00 
    -0.0000916269      0.0000916269     -0.00         0.01        -0.01 
    -0.0000884564      0.0000884564     -0.00        -0.02         0.02 
    -0.0000845764      0.0000845764     -0.00        -0.02         0.02 
    -0.0000802124      0.0000802124     -0.00        -0.04         0.04 
    -0.0000792507      0.0000792507     -0.00        -0.02         0.02 
    -0.0000764886      0.0000764886     -0.00        -0.02         0.02 
    -0.0000732999      0.0000732999     -0.00        -0.01         0.01 
    -0.0000692293      0.0000692293     -0.00        -0.02         0.02 
    -0.0000668376      0.0000668376     -0.00        -0.01         0.01 
    -0.0000645838      0.0000645838     -0.00        -0.00         0.00 
    -0.0000633970      0.0000633970     -0.00        -0.01         0.01 
    -0.0000626112      0.0000626112     -0.00        -0.02         0.02 
    -0.0000618766      0.0000618766     -0.00         0.01        -0.01 
    -0.0000595760      0.0000595760     -0.00        -0.02         0.02 
    -0.0000569504      0.0000569504     -0.00        -0.00         0.00 
    -0.0000554445      0.0000554445     -0.00        -0.02         0.02 
    -0.0000516692      0.0000516692     -0.00        -0.01         0.01 
    -0.0000480400      0.0000480400     -0.00        -0.02         0.02 
    -0.0000458439      0.0000458439     -0.00        -0.02         0.02 
    -0.0000446054      0.0000446054     -0.00        -0.01         0.01 
    -0.0000416640      0.0000416640     -0.00        -0.02         0.02 
    -0.0000405022      0.0000405022     -0.00        -0.02         0.02 
    -0.0000395386      0.0000395386     -0.00        -0.01         0.01 
    -0.0000332588      0.0000332588     -0.00        -0.00         0.00 
    -0.0000322843      0.0000322843     -0.00        -0.03         0.03 
    -0.0000305659      0.0000305659     -0.00        -0.02         0.02 
    -0.0000269744      0.0000269744     -0.00        -0.00         0.00 
    -0.0000239254      0.0000239254     -0.00        -0.04         0.04 
    -0.0000216459      0.0000216459     -0.00        -0.02         0.02 
    -0.0000208181      0.0000208181     -0.00        -0.05         0.05 
    -0.0000012371      0.0000012371     -0.00        -0.00         0.00 

                             Sum_k:     -1.07       -85.30        84.24 

NOCV were saved in : R4N+PFOS-.nocv.gbw

FILE: D:\Work\RZ_ORCA_PFASRemoval\02-EDA\ExtendedMonomer\Water\R4N+FHEA-_EDA\R4N+FHEA-_EDA.out
NOCV analysis                                   
--------------------------------------------------------------------------------
  negative eigen.    positive eigen.    DE_k          DT_k        DV_k
         (e)                (e)      (Kcal/mol)   (Kcal/mol)   (Kcal/mol)
--------------------------------------------------------------------------------
    -0.0555195485      0.0555195485     -0.58       -17.79        17.21 
    -0.0251266425      0.0251266425     -0.12        -8.61         8.49 
    -0.0195101231      0.0195101231     -0.08        -8.92         8.84 
    -0.0187023983      0.0187023983     -0.08        -7.86         7.78 
    -0.0181072567      0.0181072567     -0.07        -4.38         4.31 
    -0.0173119200      0.0173119200     -0.06        -3.58         3.51 
    -0.0154287351      0.0154287351     -0.05        -4.63         4.57 
    -0.0141010167      0.0141010167     -0.05        -3.96         3.91 
    -0.0139643056      0.0139643056     -0.05        -3.27         3.22 
    -0.0121066851      0.0121066851     -0.04        -2.08         2.04 
    -0.0117782101      0.0117782101     -0.03        -2.18         2.15 
    -0.0113979137      0.0113979137     -0.03        -4.41         4.38 
    -0.0105693367      0.0105693367     -0.03        -0.77         0.74 
    -0.0093829323      0.0093829323     -0.02        -1.31         1.29 
    -0.0090910488      0.0090910488     -0.02        -1.06         1.04 
    -0.0087655121      0.0087655121     -0.02        -0.68         0.66 
    -0.0085403274      0.0085403274     -0.02        -0.73         0.71 
    -0.0081022401      0.0081022401     -0.01        -2.63         2.61 
    -0.0079947300      0.0079947300     -0.01        -1.12         1.11 
    -0.0076880588      0.0076880588     -0.02        -1.38         1.36 
    -0.0073021818      0.0073021818     -0.01        -0.94         0.93 
    -0.0069290159      0.0069290159     -0.01        -1.04         1.02 
    -0.0065876600      0.0065876600     -0.01        -0.60         0.58 
    -0.0064693343      0.0064693343     -0.01        -0.50         0.49 
    -0.0057887418      0.0057887418     -0.01        -1.04         1.03 
    -0.0055940837      0.0055940837     -0.01        -0.62         0.61 
    -0.0052201157      0.0052201157     -0.01        -1.16         1.15 
    -0.0051369984      0.0051369984     -0.01        -0.59         0.58 
    -0.0049154016      0.0049154016     -0.01        -0.28         0.27 
    -0.0048779973      0.0048779973     -0.00        -0.30         0.30 
    -0.0046919816      0.0046919816     -0.00        -0.55         0.55 
    -0.0045657146      0.0045657146     -0.01        -0.62         0.61 
    -0.0045153900      0.0045153900     -0.01        -0.25         0.24 
    -0.0042956721      0.0042956721     -0.01        -0.57         0.56 
    -0.0042652804      0.0042652804     -0.01        -0.40         0.40 
    -0.0040536151      0.0040536151     -0.00        -0.25         0.24 
    -0.0038710421      0.0038710421     -0.00        -0.41         0.41 
    -0.0038247137      0.0038247137     -0.00        -0.55         0.55 
    -0.0036821033      0.0036821033     -0.00        -0.36         0.36 
    -0.0035501384      0.0035501384     -0.00        -0.77         0.77 
    -0.0032407696      0.0032407696     -0.00        -0.47         0.46 
    -0.0031561837      0.0031561837     -0.00        -0.08         0.08 
    -0.0029769126      0.0029769126     -0.00        -0.36         0.36 
    -0.0029238154      0.0029238154     -0.00        -0.39         0.39 
    -0.0029033342      0.0029033342     -0.00        -0.35         0.35 
    -0.0028036107      0.0028036107     -0.00        -0.32         0.32 
    -0.0026963113      0.0026963113     -0.00        -0.14         0.14 
    -0.0026545036      0.0026545036     -0.00        -0.26         0.26 
    -0.0025084478      0.0025084478     -0.00        -0.34         0.34 
    -0.0024352409      0.0024352409     -0.00        -0.27         0.27 
    -0.0024105309      0.0024105309     -0.00        -0.17         0.17 
    -0.0023826665      0.0023826665     -0.00        -0.34         0.34 
    -0.0023568024      0.0023568024     -0.00        -0.14         0.13 
    -0.0022963998      0.0022963998     -0.00        -0.19         0.19 
    -0.0022804664      0.0022804664     -0.00        -0.26         0.26 
    -0.0022577920      0.0022577920     -0.00        -0.35         0.34 
    -0.0021584057      0.0021584057     -0.00        -0.44         0.43 
    -0.0020559314      0.0020559314     -0.00        -0.12         0.12 
    -0.0020478471      0.0020478471     -0.00        -0.26         0.26 
    -0.0019810392      0.0019810392     -0.00        -0.23         0.23 
    -0.0018842335      0.0018842335     -0.00        -0.12         0.12 
    -0.0018658943      0.0018658943     -0.00        -0.18         0.17 
    -0.0018256323      0.0018256323     -0.00        -0.29         0.29 
    -0.0017916797      0.0017916797     -0.00        -0.17         0.17 
    -0.0017438774      0.0017438774     -0.00        -0.33         0.33 
    -0.0016898000      0.0016898000     -0.00        -0.24         0.24 
    -0.0016521780      0.0016521780     -0.00        -0.12         0.12 
    -0.0016191792      0.0016191792     -0.00        -0.49         0.49 
    -0.0015937186      0.0015937186     -0.00        -0.27         0.27 
    -0.0015617377      0.0015617377     -0.00        -0.27         0.27 
    -0.0015392839      0.0015392839     -0.00        -0.24         0.24 
    -0.0015268650      0.0015268650     -0.00        -0.15         0.15 
    -0.0015071025      0.0015071025     -0.00        -0.27         0.27 
    -0.0014626258      0.0014626258     -0.00        -0.07         0.07 
    -0.0014110311      0.0014110311     -0.00        -0.15         0.15 
    -0.0013808661      0.0013808661     -0.00        -0.31         0.31 
    -0.0013708429      0.0013708429     -0.00        -0.01         0.01 
    -0.0013117862      0.0013117862     -0.00        -0.07         0.07 
    -0.0012783714      0.0012783714     -0.00        -0.15         0.15 
    -0.0012572722      0.0012572722     -0.00         0.02        -0.02 
    -0.0012289062      0.0012289062     -0.00        -0.11         0.11 
    -0.0012278566      0.0012278566     -0.00        -0.06         0.06 
    -0.0011850702      0.0011850702     -0.00        -0.06         0.06 
    -0.0011479205      0.0011479205     -0.00        -0.04         0.04 
    -0.0011218230      0.0011218230     -0.00        -0.13         0.13 
    -0.0011024674      0.0011024674     -0.00        -0.15         0.15 
    -0.0010938055      0.0010938055     -0.00        -0.04         0.04 
    -0.0010714360      0.0010714360     -0.00        -0.05         0.05 
    -0.0010441432      0.0010441432     -0.00        -0.23         0.23 
    -0.0009964926      0.0009964926     -0.00        -0.02         0.02 
    -0.0009798273      0.0009798273     -0.00        -0.26         0.26 
    -0.0009306606      0.0009306606     -0.00        -0.09         0.09 
    -0.0009274783      0.0009274783     -0.00        -0.15         0.15 
    -0.0009150986      0.0009150986     -0.00        -0.05         0.05 
    -0.0008821092      0.0008821092     -0.00        -0.07         0.07 
    -0.0008591957      0.0008591957     -0.00        -0.01         0.01 
    -0.0008467410      0.0008467410     -0.00         0.04        -0.04 
    -0.0008196552      0.0008196552     -0.00        -0.10         0.10 
    -0.0008020808      0.0008020808     -0.00        -0.11         0.11 
    -0.0007911539      0.0007911539     -0.00        -0.14         0.14 
    -0.0007796754      0.0007796754     -0.00        -0.15         0.15 
    -0.0007712079      0.0007712079     -0.00        -0.03         0.03 
    -0.0007478459      0.0007478459     -0.00        -0.08         0.08 
    -0.0007386525      0.0007386525     -0.00        -0.07         0.07 
    -0.0007223606      0.0007223606     -0.00        -0.17         0.17 
    -0.0007040313      0.0007040313     -0.00        -0.07         0.07 
    -0.0006824228      0.0006824228     -0.00        -0.06         0.06 
    -0.0006617585      0.0006617585     -0.00         0.07        -0.07 
    -0.0006482695      0.0006482695     -0.00        -0.01         0.01 
    -0.0006186316      0.0006186316     -0.00        -0.12         0.12 
    -0.0006169828      0.0006169828     -0.00        -0.07         0.07 
    -0.0006098226      0.0006098226     -0.00        -0.12         0.12 
    -0.0005840508      0.0005840508     -0.00        -0.04         0.04 
    -0.0005813079      0.0005813079     -0.00        -0.04         0.04 
    -0.0005639193      0.0005639193     -0.00        -0.12         0.12 
    -0.0005348138      0.0005348138     -0.00         0.00        -0.00 
    -0.0005140463      0.0005140463     -0.00         0.05        -0.05 
    -0.0004997814      0.0004997814     -0.00        -0.06         0.06 
    -0.0004932393      0.0004932393     -0.00        -0.00        -0.00 
    -0.0004821591      0.0004821591     -0.00        -0.03         0.03 
    -0.0004598228      0.0004598228     -0.00        -0.10         0.10 
    -0.0004450432      0.0004450432     -0.00        -0.00         0.00 
    -0.0004220747      0.0004220747     -0.00        -0.12         0.12 
    -0.0004164433      0.0004164433     -0.00        -0.03         0.03 
    -0.0004067239      0.0004067239     -0.00        -0.09         0.09 
    -0.0003953144      0.0003953144     -0.00        -0.08         0.08 
    -0.0003700697      0.0003700697     -0.00         0.03        -0.03 
    -0.0003546931      0.0003546931     -0.00        -0.01         0.01 
    -0.0003415285      0.0003415285     -0.00        -0.03         0.03 
    -0.0003328454      0.0003328454     -0.00         0.01        -0.01 
    -0.0003235342      0.0003235342     -0.00        -0.11         0.11 
    -0.0003123433      0.0003123433     -0.00        -0.06         0.06 
    -0.0003095449      0.0003095449     -0.00        -0.01         0.01 
    -0.0002976543      0.0002976543     -0.00         0.07        -0.07 
    -0.0002932075      0.0002932075     -0.00         0.02        -0.02 
    -0.0002867778      0.0002867778     -0.00        -0.05         0.05 
    -0.0002737954      0.0002737954     -0.00        -0.06         0.06 
    -0.0002361797      0.0002361797     -0.00        -0.00         0.00 
    -0.0002319079      0.0002319079     -0.00        -0.00         0.00 
    -0.0002185879      0.0002185879     -0.00        -0.04         0.04 
    -0.0002096705      0.0002096705     -0.00         0.00        -0.00 
    -0.0001969441      0.0001969441     -0.00         0.05        -0.05 
    -0.0001734493      0.0001734493     -0.00         0.00        -0.00 
    -0.0001613204      0.0001613204     -0.00         0.01        -0.01 
    -0.0001605253      0.0001605253     -0.00        -0.01         0.01 
    -0.0001493082      0.0001493082     -0.00        -0.06         0.06 
    -0.0001343329      0.0001343329     -0.00        -0.03         0.03 
    -0.0001273101      0.0001273101     -0.00        -0.01         0.01 
    -0.0001258187      0.0001258187     -0.00        -0.01         0.01 
    -0.0001247813      0.0001247813     -0.00        -0.04         0.04 
    -0.0001101189      0.0001101189     -0.00        -0.02         0.02 
    -0.0001070193      0.0001070193     -0.00        -0.01         0.01 
    -0.0000967480      0.0000967480     -0.00        -0.02         0.02 
    -0.0000939132      0.0000939132     -0.00         0.01        -0.01 
    -0.0000867304      0.0000867304     -0.00        -0.04         0.04 
    -0.0000789722      0.0000789722     -0.00        -0.02         0.02 
    -0.0000746979      0.0000746979     -0.00        -0.01         0.01 
    -0.0000694432      0.0000694432     -0.00        -0.00         0.00 
    -0.0000661503      0.0000661503     -0.00        -0.02         0.02 
    -0.0000608586      0.0000608586     -0.00        -0.03         0.03 
    -0.0000603591      0.0000603591     -0.00        -0.00         0.00 
    -0.0000547389      0.0000547389     -0.00        -0.02         0.02 
    -0.0000528600      0.0000528600     -0.00         0.00        -0.00 
    -0.0000521473      0.0000521473     -0.00        -0.01         0.01 
    -0.0000490439      0.0000490439     -0.00        -0.02         0.02 
    -0.0000458551      0.0000458551     -0.00        -0.02         0.02 
    -0.0000440458      0.0000440458     -0.00        -0.02         0.02 
    -0.0000416687      0.0000416687     -0.00        -0.01         0.01 
    -0.0000381427      0.0000381427     -0.00        -0.02         0.02 
    -0.0000361681      0.0000361681     -0.00        -0.03         0.03 
    -0.0000316404      0.0000316404     -0.00        -0.01         0.01 
    -0.0000298564      0.0000298564     -0.00        -0.01         0.01 
    -0.0000293162      0.0000293162     -0.00        -0.04         0.04 
    -0.0000281292      0.0000281292     -0.00        -0.02         0.02 
    -0.0000253876      0.0000253876     -0.00        -0.01         0.01 
    -0.0000248538      0.0000248538     -0.00        -0.04         0.04 
    -0.0000228736      0.0000228736     -0.00        -0.03         0.03 

                             Sum_k:     -1.59      -106.68       105.08 

NOCV were saved in : R4N+FHEA-_EDA.nocv.gbw

FILE: D:\Work\RZ_ORCA_PFASRemoval\02-EDA\ExtendedMonomer\Water\R4N+PFHxA-_EDA\R4N+PFHxA-_EDA.out
NOCV analysis                                   
--------------------------------------------------------------------------------
  negative eigen.    positive eigen.    DE_k          DT_k        DV_k
         (e)                (e)      (Kcal/mol)   (Kcal/mol)   (Kcal/mol)
--------------------------------------------------------------------------------
    -0.0399552816      0.0399552816     -0.34       -12.92        12.58 
    -0.0227644401      0.0227644401     -0.12       -11.55        11.43 
    -0.0210438815      0.0210438815     -0.09        -8.56         8.46 
    -0.0184835939      0.0184835939     -0.08        -4.71         4.63 
    -0.0170681181      0.0170681181     -0.07        -5.13         5.06 
    -0.0154338079      0.0154338079     -0.06        -9.17         9.11 
    -0.0141891485      0.0141891485     -0.05        -7.50         7.45 
    -0.0131899980      0.0131899980     -0.04        -0.83         0.78 
    -0.0115072192      0.0115072192     -0.03        -0.59         0.56 
    -0.0112741824      0.0112741824     -0.03        -4.93         4.89 
    -0.0108359110      0.0108359110     -0.03        -0.42         0.39 
    -0.0096760664      0.0096760664     -0.02        -0.61         0.59 
    -0.0094428801      0.0094428801     -0.02         0.71        -0.73 
    -0.0086767176      0.0086767176     -0.02        -3.01         2.99 
    -0.0079653220      0.0079653220     -0.02        -1.90         1.89 
    -0.0074421765      0.0074421765     -0.01        -1.15         1.14 
    -0.0071726697      0.0071726697     -0.01        -1.09         1.08 
    -0.0064482964      0.0064482964     -0.01        -0.27         0.26 
    -0.0062596390      0.0062596390     -0.01        -0.63         0.62 
    -0.0061007556      0.0061007556     -0.01        -0.51         0.50 
    -0.0059949868      0.0059949868     -0.01        -0.36         0.35 
    -0.0058059003      0.0058059003     -0.01        -0.16         0.15 
    -0.0054483100      0.0054483100     -0.01        -0.81         0.80 
    -0.0050192893      0.0050192893     -0.01        -0.04         0.03 
    -0.0048251176      0.0048251176     -0.01        -0.28         0.27 
    -0.0045980740      0.0045980740     -0.01        -0.61         0.60 
    -0.0044596492      0.0044596492     -0.00        -0.37         0.36 
    -0.0042731565      0.0042731565     -0.00        -0.07         0.07 
    -0.0042336211      0.0042336211     -0.00        -0.61         0.61 
    -0.0041032205      0.0041032205     -0.00         0.30        -0.30 
    -0.0040667422      0.0040667422     -0.00        -1.05         1.04 
    -0.0038769783      0.0038769783     -0.00        -0.30         0.30 
    -0.0038125926      0.0038125926     -0.00        -0.04         0.04 
    -0.0035465615      0.0035465615     -0.00        -0.26         0.26 
    -0.0034448965      0.0034448965     -0.00        -0.37         0.37 
    -0.0034099153      0.0034099153     -0.00        -0.25         0.25 
    -0.0032734552      0.0032734552     -0.00        -0.06         0.05 
    -0.0031241008      0.0031241008     -0.00        -0.05         0.05 
    -0.0030012636      0.0030012636     -0.00        -0.03         0.03 
    -0.0029057253      0.0029057253     -0.00        -0.15         0.15 
    -0.0027907310      0.0027907310     -0.00         0.14        -0.14 
    -0.0027761112      0.0027761112     -0.00        -0.08         0.08 
    -0.0027501466      0.0027501466     -0.00        -0.05         0.05 
    -0.0026310862      0.0026310862     -0.00        -0.04         0.04 
    -0.0025540865      0.0025540865     -0.00        -0.10         0.10 
    -0.0025052288      0.0025052288     -0.00        -0.08         0.08 
    -0.0024463016      0.0024463016     -0.00        -0.13         0.12 
    -0.0024184448      0.0024184448     -0.00        -0.17         0.17 
    -0.0023158971      0.0023158971     -0.00        -0.35         0.35 
    -0.0022618247      0.0022618247     -0.00        -0.01         0.01 
    -0.0021556517      0.0021556517     -0.00        -0.36         0.36 
    -0.0020829387      0.0020829387     -0.00        -0.31         0.31 
    -0.0020217970      0.0020217970     -0.00        -0.26         0.25 
    -0.0019538575      0.0019538575     -0.00        -0.30         0.30 
    -0.0019221678      0.0019221678     -0.00        -0.22         0.22 
    -0.0018996697      0.0018996697     -0.00        -0.33         0.33 
    -0.0018269652      0.0018269652     -0.00        -0.19         0.19 
    -0.0017884329      0.0017884329     -0.00        -0.10         0.10 
    -0.0017462809      0.0017462809     -0.00        -0.15         0.15 
    -0.0016753746      0.0016753746     -0.00        -0.24         0.24 
    -0.0016646640      0.0016646640     -0.00        -0.36         0.36 
    -0.0016170703      0.0016170703     -0.00        -0.31         0.31 
    -0.0015942339      0.0015942339     -0.00        -0.31         0.31 
    -0.0015628002      0.0015628002     -0.00        -0.08         0.08 
    -0.0014865759      0.0014865759     -0.00        -0.21         0.21 
    -0.0014610635      0.0014610635     -0.00        -0.28         0.28 
    -0.0014325808      0.0014325808     -0.00        -0.14         0.14 
    -0.0014028988      0.0014028988     -0.00        -0.21         0.21 
    -0.0014013360      0.0014013360     -0.00         0.04        -0.04 
    -0.0013496758      0.0013496758     -0.00        -0.16         0.16 
    -0.0013317946      0.0013317946     -0.00        -0.18         0.18 
    -0.0012782918      0.0012782918     -0.00        -0.12         0.12 
    -0.0012478587      0.0012478587     -0.00        -0.23         0.23 
    -0.0012461258      0.0012461258     -0.00        -0.05         0.05 
    -0.0011886753      0.0011886753     -0.00        -0.06         0.06 
    -0.0011501835      0.0011501835     -0.00        -0.08         0.07 
    -0.0011354530      0.0011354530     -0.00        -0.18         0.17 
    -0.0011287676      0.0011287676     -0.00        -0.06         0.06 
    -0.0011069409      0.0011069409     -0.00        -0.21         0.21 
    -0.0010649821      0.0010649821     -0.00        -0.18         0.17 
    -0.0010394039      0.0010394039     -0.00        -0.09         0.09 
    -0.0010081052      0.0010081052     -0.00        -0.13         0.13 
    -0.0010067403      0.0010067403     -0.00        -0.13         0.13 
    -0.0009623274      0.0009623274     -0.00        -0.22         0.22 
    -0.0009539111      0.0009539111     -0.00        -0.17         0.17 
    -0.0009232672      0.0009232672     -0.00        -0.16         0.16 
    -0.0009142781      0.0009142781     -0.00        -0.08         0.08 
    -0.0008607024      0.0008607024     -0.00        -0.10         0.10 
    -0.0008532178      0.0008532178     -0.00         0.16        -0.16 
    -0.0008231196      0.0008231196     -0.00         0.09        -0.09 
    -0.0008116239      0.0008116239     -0.00        -0.08         0.08 
    -0.0007979941      0.0007979941     -0.00         0.01        -0.01 
    -0.0007904695      0.0007904695     -0.00        -0.05         0.05 
    -0.0007576924      0.0007576924     -0.00        -0.00         0.00 
    -0.0007395791      0.0007395791     -0.00        -0.10         0.10 
    -0.0007165294      0.0007165294     -0.00        -0.15         0.15 
    -0.0007049109      0.0007049109     -0.00        -0.06         0.06 
    -0.0006741098      0.0006741098     -0.00        -0.08         0.08 
    -0.0006668820      0.0006668820     -0.00         0.06        -0.06 
    -0.0006578029      0.0006578029     -0.00        -0.10         0.10 
    -0.0006150862      0.0006150862     -0.00         0.02        -0.02 
    -0.0006057857      0.0006057857     -0.00        -0.03         0.03 
    -0.0006007827      0.0006007827     -0.00        -0.05         0.05 
    -0.0005957301      0.0005957301     -0.00        -0.04         0.04 
    -0.0005648520      0.0005648520     -0.00         0.04        -0.04 
    -0.0005587523      0.0005587523     -0.00        -0.08         0.08 
    -0.0005523013      0.0005523013     -0.00        -0.06         0.06 
    -0.0005185543      0.0005185543     -0.00        -0.07         0.07 
    -0.0005091395      0.0005091395     -0.00        -0.05         0.05 
    -0.0004928483      0.0004928483     -0.00        -0.13         0.13 
    -0.0004751823      0.0004751823     -0.00        -0.06         0.06 
    -0.0004587938      0.0004587938     -0.00         0.03        -0.03 
    -0.0004504413      0.0004504413     -0.00         0.12        -0.12 
    -0.0004483151      0.0004483151     -0.00         0.10        -0.10 
    -0.0004159178      0.0004159178     -0.00         0.05        -0.05 
    -0.0003954535      0.0003954535     -0.00        -0.05         0.05 
    -0.0003882388      0.0003882388     -0.00         0.02        -0.02 
    -0.0003730275      0.0003730275     -0.00        -0.12         0.12 
    -0.0003568658      0.0003568658     -0.00         0.01        -0.01 
    -0.0003382177      0.0003382177     -0.00         0.03        -0.03 
    -0.0003099864      0.0003099864     -0.00        -0.04         0.04 
    -0.0002896392      0.0002896392     -0.00         0.08        -0.08 
    -0.0002770776      0.0002770776     -0.00        -0.10         0.10 
    -0.0002414048      0.0002414048     -0.00         0.02        -0.02 
    -0.0002150660      0.0002150660     -0.00        -0.00         0.00 
    -0.0002025708      0.0002025708     -0.00        -0.02         0.02 
    -0.0001837315      0.0001837315     -0.00         0.00        -0.00 
    -0.0001673369      0.0001673369     -0.00        -0.00         0.00 
    -0.0001593635      0.0001593635     -0.00        -0.05         0.05 
    -0.0001545513      0.0001545513     -0.00         0.00        -0.00 
    -0.0001474341      0.0001474341     -0.00        -0.03         0.03 
    -0.0001362847      0.0001362847     -0.00        -0.01         0.01 
    -0.0001329920      0.0001329920     -0.00        -0.01         0.01 
    -0.0001282373      0.0001282373     -0.00         0.00        -0.00 
    -0.0001217511      0.0001217511     -0.00         0.01        -0.01 
    -0.0001171130      0.0001171130     -0.00        -0.01         0.01 
    -0.0001131331      0.0001131331     -0.00         0.01        -0.01 
    -0.0001009039      0.0001009039     -0.00         0.02        -0.02 
    -0.0000972620      0.0000972620     -0.00         0.01        -0.01 
    -0.0000910690      0.0000910690     -0.00        -0.02         0.02 
    -0.0000804237      0.0000804237     -0.00        -0.02         0.02 
    -0.0000767953      0.0000767953     -0.00        -0.02         0.02 
    -0.0000734193      0.0000734193     -0.00        -0.05         0.05 
    -0.0000712049      0.0000712049     -0.00        -0.05         0.05 
    -0.0000700106      0.0000700106     -0.00        -0.06         0.06 
    -0.0000639276      0.0000639276     -0.00        -0.03         0.03 
    -0.0000607813      0.0000607813     -0.00        -0.04         0.04 
    -0.0000602876      0.0000602876     -0.00        -0.02         0.02 
    -0.0000561969      0.0000561969     -0.00        -0.01         0.01 
    -0.0000497556      0.0000497556     -0.00        -0.02         0.02 
    -0.0000487974      0.0000487974     -0.00        -0.04         0.04 
    -0.0000482269      0.0000482269     -0.00        -0.03         0.03 
    -0.0000437780      0.0000437780     -0.00        -0.02         0.02 
    -0.0000416913      0.0000416913     -0.00        -0.01         0.01 
    -0.0000408513      0.0000408513     -0.00        -0.04         0.04 
    -0.0000388217      0.0000388217     -0.00        -0.02         0.02 
    -0.0000356686      0.0000356686     -0.00        -0.01         0.01 
    -0.0000328646      0.0000328646     -0.00        -0.03         0.03 
    -0.0000309427      0.0000309427     -0.00        -0.05         0.05 
    -0.0000272177      0.0000272177     -0.00        -0.02         0.02 
    -0.0000259470      0.0000259470     -0.00        -0.03         0.03 

                             Sum_k:     -1.19       -89.48        88.28 

NOCV were saved in : R4N+PFHxA-_EDA.nocv.gbw

FILE: D:\Work\RZ_ORCA_PFASRemoval\02-EDA\ExtendedMonomer\Water\R4N+PFOA-_EDA\R4N+PFOA-_EDA.out
NOCV analysis                                   
--------------------------------------------------------------------------------
  negative eigen.    positive eigen.    DE_k          DT_k        DV_k
         (e)                (e)      (Kcal/mol)   (Kcal/mol)   (Kcal/mol)
--------------------------------------------------------------------------------
    -0.0332700047      0.0332700047     -0.23       -11.25        11.02 
    -0.0234508901      0.0234508901     -0.14       -14.43        14.29 
    -0.0182492034      0.0182492034     -0.07        -6.52         6.45 
    -0.0178982434      0.0178982434     -0.07        -7.67         7.59 
    -0.0169587965      0.0169587965     -0.06        -3.74         3.67 
    -0.0163007220      0.0163007220     -0.06        -6.72         6.66 
    -0.0154329702      0.0154329702     -0.05        -8.39         8.33 
    -0.0144472390      0.0144472390     -0.05        -1.50         1.45 
    -0.0133028275      0.0133028275     -0.04        -5.91         5.87 
    -0.0122494601      0.0122494601     -0.04        -3.49         3.45 
    -0.0118363392      0.0118363392     -0.03        -1.62         1.59 
    -0.0115154337      0.0115154337     -0.03         0.06        -0.10 
    -0.0112324676      0.0112324676     -0.03        -1.93         1.90 
    -0.0104722586      0.0104722586     -0.03        -1.61         1.58 
    -0.0103251465      0.0103251465     -0.03        -1.23         1.21 
    -0.0089825937      0.0089825937     -0.02        -3.33         3.31 
    -0.0087328416      0.0087328416     -0.02         0.25        -0.28 
    -0.0083082842      0.0083082842     -0.02        -0.24         0.22 
    -0.0078416342      0.0078416342     -0.01        -2.15         2.13 
    -0.0076352739      0.0076352739     -0.01        -1.84         1.83 
    -0.0072978657      0.0072978657     -0.01        -0.93         0.92 
    -0.0066287513      0.0066287513     -0.01        -0.95         0.94 
    -0.0063376874      0.0063376874     -0.01        -1.02         1.01 
    -0.0060757340      0.0060757340     -0.01        -0.70         0.69 
    -0.0059231527      0.0059231527     -0.01        -0.82         0.81 
    -0.0057972221      0.0057972221     -0.01        -0.66         0.65 
    -0.0055938940      0.0055938940     -0.01        -1.00         0.99 
    -0.0053268091      0.0053268091     -0.01        -0.30         0.30 
    -0.0049647379      0.0049647379     -0.01        -0.66         0.66 
    -0.0048668566      0.0048668566     -0.01        -0.28         0.27 
    -0.0047912974      0.0047912974     -0.01        -0.54         0.53 
    -0.0045430589      0.0045430589     -0.00        -0.53         0.53 
    -0.0043548567      0.0043548567     -0.01        -0.64         0.64 
    -0.0043277768      0.0043277768     -0.01        -0.43         0.42 
    -0.0040645127      0.0040645127     -0.00        -0.59         0.58 
    -0.0039628612      0.0039628612     -0.00        -0.44         0.43 
    -0.0038290748      0.0038290748     -0.00        -0.43         0.43 
    -0.0037371152      0.0037371152     -0.00        -0.18         0.18 
    -0.0036904882      0.0036904882     -0.00        -0.68         0.68 
    -0.0035825963      0.0035825963     -0.00        -0.40         0.39 
    -0.0033699622      0.0033699622     -0.00        -0.37         0.37 
    -0.0033524739      0.0033524739     -0.00        -0.65         0.64 
    -0.0032643399      0.0032643399     -0.00        -0.16         0.16 
    -0.0032057054      0.0032057054     -0.00        -0.43         0.42 
    -0.0030257605      0.0030257605     -0.00        -0.21         0.21 
    -0.0029727416      0.0029727416     -0.00        -0.05         0.04 
    -0.0028491314      0.0028491314     -0.00        -0.13         0.13 
    -0.0028306030      0.0028306030     -0.00        -0.19         0.18 
    -0.0027251922      0.0027251922     -0.00        -0.30         0.30 
    -0.0026491521      0.0026491521     -0.00        -0.19         0.19 
    -0.0025841331      0.0025841331     -0.00        -0.36         0.36 
    -0.0025542938      0.0025542938     -0.00        -0.22         0.21 
    -0.0024946137      0.0024946137     -0.00        -0.32         0.32 
    -0.0024329105      0.0024329105     -0.00        -0.24         0.23 
    -0.0023489784      0.0023489784     -0.00        -0.16         0.16 
    -0.0023406845      0.0023406845     -0.00        -0.14         0.13 
    -0.0022561725      0.0022561725     -0.00        -0.15         0.15 
    -0.0021840539      0.0021840539     -0.00        -0.05         0.05 
    -0.0021322156      0.0021322156     -0.00         0.06        -0.06 
    -0.0020628492      0.0020628492     -0.00        -0.15         0.15 
    -0.0020556759      0.0020556759     -0.00        -0.30         0.29 
    -0.0020064025      0.0020064025     -0.00        -0.24         0.24 
    -0.0019323800      0.0019323800     -0.00        -0.14         0.14 
    -0.0019122208      0.0019122208     -0.00         0.03        -0.03 
    -0.0018921691      0.0018921691     -0.00        -0.35         0.35 
    -0.0017661737      0.0017661737     -0.00        -0.22         0.22 
    -0.0017489793      0.0017489793     -0.00        -0.29         0.29 
    -0.0016630285      0.0016630285     -0.00        -0.16         0.16 
    -0.0016311769      0.0016311769     -0.00        -0.18         0.18 
    -0.0016099532      0.0016099532     -0.00        -0.08         0.07 
    -0.0015884425      0.0015884425     -0.00        -0.26         0.26 
    -0.0015864009      0.0015864009     -0.00        -0.15         0.15 
    -0.0015386283      0.0015386283     -0.00        -0.24         0.24 
    -0.0015014136      0.0015014136     -0.00        -0.19         0.19 
    -0.0014795432      0.0014795432     -0.00        -0.08         0.08 
    -0.0014582179      0.0014582179     -0.00        -0.16         0.16 
    -0.0014370864      0.0014370864     -0.00        -0.32         0.32 
    -0.0014159213      0.0014159213     -0.00        -0.04         0.04 
    -0.0014085436      0.0014085436     -0.00        -0.13         0.13 
    -0.0013434424      0.0013434424     -0.00        -0.26         0.26 
    -0.0013271238      0.0013271238     -0.00        -0.19         0.19 
    -0.0012953946      0.0012953946     -0.00        -0.13         0.13 
    -0.0012350841      0.0012350841     -0.00        -0.08         0.08 
    -0.0012243615      0.0012243615     -0.00        -0.08         0.08 
    -0.0011970503      0.0011970503     -0.00        -0.30         0.30 
    -0.0011872722      0.0011872722     -0.00        -0.02         0.02 
    -0.0011334612      0.0011334612     -0.00        -0.18         0.18 
    -0.0011068334      0.0011068334     -0.00        -0.10         0.10 
    -0.0010888841      0.0010888841     -0.00        -0.03         0.03 
    -0.0010806381      0.0010806381     -0.00         0.09        -0.09 
    -0.0010351334      0.0010351334     -0.00        -0.13         0.13 
    -0.0010108942      0.0010108942     -0.00        -0.11         0.11 
    -0.0010014578      0.0010014578     -0.00         0.15        -0.15 
    -0.0009696043      0.0009696043     -0.00         0.01        -0.01 
    -0.0009401510      0.0009401510     -0.00         0.06        -0.06 
    -0.0009292823      0.0009292823     -0.00        -0.15         0.15 
    -0.0009094050      0.0009094050     -0.00         0.06        -0.06 
    -0.0008779635      0.0008779635     -0.00         0.04        -0.04 
    -0.0008700909      0.0008700909     -0.00        -0.20         0.20 
    -0.0008511944      0.0008511944     -0.00        -0.12         0.12 
    -0.0008266726      0.0008266726     -0.00         0.08        -0.08 
    -0.0008045042      0.0008045042     -0.00        -0.03         0.03 
    -0.0007757552      0.0007757552     -0.00        -0.00         0.00 
    -0.0007725518      0.0007725518     -0.00         0.04        -0.04 
    -0.0007625490      0.0007625490     -0.00         0.13        -0.13 
    -0.0007477072      0.0007477072     -0.00         0.06        -0.06 
    -0.0007260416      0.0007260416     -0.00         0.02        -0.02 
    -0.0007065242      0.0007065242     -0.00        -0.03         0.03 
    -0.0007000572      0.0007000572     -0.00        -0.05         0.05 
    -0.0006858729      0.0006858729     -0.00         0.01        -0.01 
    -0.0006728360      0.0006728360     -0.00        -0.06         0.06 
    -0.0006447810      0.0006447810     -0.00         0.02        -0.02 
    -0.0006370813      0.0006370813     -0.00        -0.01         0.01 
    -0.0006301263      0.0006301263     -0.00         0.01        -0.01 
    -0.0006253807      0.0006253807     -0.00        -0.04         0.04 
    -0.0005995128      0.0005995128     -0.00         0.01        -0.01 
    -0.0005791113      0.0005791113     -0.00        -0.02         0.02 
    -0.0005657006      0.0005657006     -0.00        -0.02         0.02 
    -0.0005461223      0.0005461223     -0.00        -0.03         0.03 
    -0.0005329475      0.0005329475     -0.00         0.16        -0.16 
    -0.0005286672      0.0005286672     -0.00         0.02        -0.02 
    -0.0005183194      0.0005183194     -0.00        -0.02         0.02 
    -0.0005025583      0.0005025583     -0.00         0.02        -0.02 
    -0.0004811817      0.0004811817     -0.00        -0.03         0.03 
    -0.0004700039      0.0004700039     -0.00         0.01        -0.01 
    -0.0004562750      0.0004562750     -0.00         0.08        -0.08 
    -0.0004535570      0.0004535570     -0.00        -0.04         0.04 
    -0.0004283455      0.0004283455     -0.00        -0.11         0.11 
    -0.0004183359      0.0004183359     -0.00         0.04        -0.04 
    -0.0004080736      0.0004080736     -0.00         0.08        -0.08 
    -0.0003897162      0.0003897162     -0.00        -0.02         0.02 
    -0.0003682493      0.0003682493     -0.00         0.05        -0.05 
    -0.0003653828      0.0003653828     -0.00        -0.01         0.01 
    -0.0003596113      0.0003596113     -0.00        -0.03         0.03 
    -0.0003498508      0.0003498508     -0.00         0.01        -0.01 
    -0.0003427351      0.0003427351     -0.00         0.02        -0.02 
    -0.0003303579      0.0003303579     -0.00         0.10        -0.10 
    -0.0003135113      0.0003135113     -0.00        -0.00         0.00 
    -0.0002777985      0.0002777985     -0.00         0.06        -0.06 
    -0.0002704996      0.0002704996     -0.00         0.02        -0.02 
    -0.0002592095      0.0002592095     -0.00         0.04        -0.04 
    -0.0002252072      0.0002252072     -0.00         0.01        -0.01 
    -0.0002181598      0.0002181598     -0.00         0.05        -0.05 
    -0.0001981630      0.0001981630     -0.00        -0.04         0.04 
    -0.0001903169      0.0001903169     -0.00         0.01        -0.01 
    -0.0001843987      0.0001843987     -0.00         0.05        -0.05 
    -0.0001796680      0.0001796680     -0.00        -0.04         0.04 
    -0.0001719988      0.0001719988     -0.00         0.01        -0.01 
    -0.0001533635      0.0001533635     -0.00        -0.03         0.03 
    -0.0001444373      0.0001444373     -0.00        -0.01         0.01 
    -0.0001345890      0.0001345890     -0.00        -0.01         0.01 
    -0.0001266201      0.0001266201     -0.00        -0.02         0.02 
    -0.0001215653      0.0001215653     -0.00        -0.01         0.01 
    -0.0001176142      0.0001176142     -0.00         0.01        -0.01 
    -0.0001139183      0.0001139183     -0.00        -0.01         0.01 
    -0.0001087658      0.0001087658     -0.00        -0.06         0.06 
    -0.0001025342      0.0001025342     -0.00        -0.01         0.01 
    -0.0000966009      0.0000966009     -0.00        -0.08         0.08 
    -0.0000926019      0.0000926019     -0.00         0.03        -0.03 
    -0.0000880951      0.0000880951     -0.00        -0.01         0.01 
    -0.0000831861      0.0000831861     -0.00         0.00        -0.00 
    -0.0000779144      0.0000779144     -0.00        -0.02         0.02 
    -0.0000710310      0.0000710310     -0.00        -0.02         0.02 
    -0.0000685898      0.0000685898     -0.00         0.00        -0.00 
    -0.0000638751      0.0000638751     -0.00        -0.01         0.01 
    -0.0000616132      0.0000616132     -0.00        -0.02         0.02 
    -0.0000582387      0.0000582387     -0.00        -0.02         0.02 
    -0.0000565395      0.0000565395     -0.00        -0.01         0.01 
    -0.0000531314      0.0000531314     -0.00        -0.03         0.03 
    -0.0000502702      0.0000502702     -0.00        -0.01         0.01 
    -0.0000483015      0.0000483015     -0.00        -0.02         0.02 
    -0.0000475527      0.0000475527     -0.00        -0.02         0.02 
    -0.0000471198      0.0000471198     -0.00        -0.02         0.02 
    -0.0000446113      0.0000446113     -0.00        -0.03         0.03 
    -0.0000396931      0.0000396931     -0.00        -0.02         0.02 
    -0.0000386501      0.0000386501     -0.00        -0.02         0.02 
    -0.0000371468      0.0000371468     -0.00        -0.02         0.02 
    -0.0000365654      0.0000365654     -0.00        -0.02         0.02 
    -0.0000346413      0.0000346413     -0.00        -0.01         0.01 
    -0.0000326368      0.0000326368     -0.00        -0.01         0.01 
    -0.0000277946      0.0000277946     -0.00        -0.02         0.02 
    -0.0000269262      0.0000269262     -0.00        -0.06         0.06 
    -0.0000233146      0.0000233146     -0.00        -0.06         0.06 
    -0.0000206376      0.0000206376     -0.00        -0.04         0.04 
    -0.0000141527      0.0000141527     -0.00        -0.07         0.07 

                             Sum_k:     -1.25      -105.22       103.96 

NOCV were saved in : R4N+PFOA-_EDA.nocv.gbw

FILE: D:\Work\RZ_ORCA_PFASRemoval\02-EDA\ExtendedMonomer\Water\R4N+PFOS-_EDA\R4N+PFOS-_EDA.out
NOCV analysis                                   
--------------------------------------------------------------------------------
  negative eigen.    positive eigen.    DE_k          DT_k        DV_k
         (e)                (e)      (Kcal/mol)   (Kcal/mol)   (Kcal/mol)
--------------------------------------------------------------------------------
    -0.0284548605      0.0284548605     -0.16       -12.06        11.90 
    -0.0249269374      0.0249269374     -0.16       -15.34        15.18 
    -0.0199100054      0.0199100054     -0.09       -11.79        11.70 
    -0.0188644991      0.0188644991     -0.08        -6.83         6.75 
    -0.0172626393      0.0172626393     -0.06        -4.97         4.91 
    -0.0161302574      0.0161302574     -0.05        -6.57         6.52 
    -0.0148761358      0.0148761358     -0.05        -3.27         3.23 
    -0.0146928647      0.0146928647     -0.05        -4.24         4.20 
    -0.0139377424      0.0139377424     -0.05        -4.79         4.74 
    -0.0136472688      0.0136472688     -0.05        -4.89         4.85 
    -0.0124726116      0.0124726116     -0.04        -2.74         2.70 
    -0.0118916554      0.0118916554     -0.04        -2.34         2.31 
    -0.0113222161      0.0113222161     -0.03        -0.24         0.21 
    -0.0110288363      0.0110288363     -0.03        -1.89         1.86 
    -0.0107399677      0.0107399677     -0.03         0.95        -0.98 
    -0.0106021626      0.0106021626     -0.03        -1.79         1.77 
    -0.0102911705      0.0102911705     -0.03        -1.22         1.19 
    -0.0093362295      0.0093362295     -0.02        -1.68         1.66 
    -0.0089156968      0.0089156968     -0.02        -1.94         1.92 
    -0.0085103028      0.0085103028     -0.02        -2.60         2.58 
    -0.0081729801      0.0081729801     -0.02        -1.12         1.10 
    -0.0080192801      0.0080192801     -0.02        -0.85         0.83 
    -0.0072989351      0.0072989351     -0.01        -1.28         1.26 
    -0.0068912856      0.0068912856     -0.01        -1.76         1.75 
    -0.0066348501      0.0066348501     -0.01        -0.94         0.93 
    -0.0064227535      0.0064227535     -0.01        -0.99         0.98 
    -0.0063603864      0.0063603864     -0.01        -0.73         0.72 
    -0.0062928459      0.0062928459     -0.01        -1.55         1.54 
    -0.0059562915      0.0059562915     -0.01        -0.25         0.24 
    -0.0058301914      0.0058301914     -0.01        -0.49         0.48 
    -0.0054153388      0.0054153388     -0.01        -0.23         0.23 
    -0.0052819889      0.0052819889     -0.01        -0.59         0.58 
    -0.0051941542      0.0051941542     -0.01        -0.41         0.41 
    -0.0050664281      0.0050664281     -0.01        -0.72         0.71 
    -0.0049794463      0.0049794463     -0.01        -0.25         0.25 
    -0.0046731213      0.0046731213     -0.01        -0.19         0.19 
    -0.0045136155      0.0045136155     -0.01        -0.11         0.10 
    -0.0043764602      0.0043764602     -0.01        -0.37         0.37 
    -0.0041762705      0.0041762705     -0.00        -0.37         0.37 
    -0.0040209741      0.0040209741     -0.01        -0.42         0.41 
    -0.0039051711      0.0039051711     -0.00        -0.45         0.45 
    -0.0038820999      0.0038820999     -0.00        -0.16         0.16 
    -0.0036296783      0.0036296783     -0.00        -0.17         0.16 
    -0.0035547154      0.0035547154     -0.00        -0.52         0.52 
    -0.0035348361      0.0035348361     -0.00        -0.37         0.37 
    -0.0034617035      0.0034617035     -0.00        -0.39         0.39 
    -0.0032649750      0.0032649750     -0.00        -0.26         0.25 
    -0.0032423743      0.0032423743     -0.00        -0.34         0.34 
    -0.0031343933      0.0031343933     -0.00        -0.23         0.23 
    -0.0030339971      0.0030339971     -0.00        -0.52         0.52 
    -0.0029351130      0.0029351130     -0.00        -0.20         0.20 
    -0.0028973557      0.0028973557     -0.00        -0.00        -0.00 
    -0.0028427382      0.0028427382     -0.00        -0.16         0.16 
    -0.0026909581      0.0026909581     -0.00        -0.18         0.18 
    -0.0026770585      0.0026770585     -0.00        -0.06         0.06 
    -0.0025744184      0.0025744184     -0.00        -0.24         0.24 
    -0.0025589636      0.0025589636     -0.00        -0.18         0.18 
    -0.0024960829      0.0024960829     -0.00        -0.10         0.10 
    -0.0024428019      0.0024428019     -0.00        -0.16         0.16 
    -0.0023972795      0.0023972795     -0.00        -0.13         0.13 
    -0.0023773735      0.0023773735     -0.00        -0.36         0.35 
    -0.0022881791      0.0022881791     -0.00        -0.22         0.21 
    -0.0022277836      0.0022277836     -0.00        -0.22         0.22 
    -0.0022154844      0.0022154844     -0.00        -0.31         0.31 
    -0.0021508431      0.0021508431     -0.00        -0.19         0.19 
    -0.0021347003      0.0021347003     -0.00        -0.15         0.14 
    -0.0020544743      0.0020544743     -0.00        -0.22         0.22 
    -0.0019966105      0.0019966105     -0.00        -0.23         0.23 
    -0.0019507432      0.0019507432     -0.00        -0.30         0.30 
    -0.0019460729      0.0019460729     -0.00        -0.42         0.41 
    -0.0018682903      0.0018682903     -0.00        -0.15         0.15 
    -0.0018266551      0.0018266551     -0.00        -0.12         0.12 
    -0.0018152354      0.0018152354     -0.00         0.01        -0.01 
    -0.0017779451      0.0017779451     -0.00        -0.39         0.39 
    -0.0017173233      0.0017173233     -0.00        -0.17         0.17 
    -0.0017026568      0.0017026568     -0.00        -0.14         0.14 
    -0.0016280945      0.0016280945     -0.00        -0.12         0.12 
    -0.0015745343      0.0015745343     -0.00        -0.10         0.10 
    -0.0015617970      0.0015617970     -0.00        -0.18         0.18 
    -0.0015279061      0.0015279061     -0.00        -0.20         0.20 
    -0.0015022430      0.0015022430     -0.00        -0.23         0.23 
    -0.0014693044      0.0014693044     -0.00        -0.23         0.23 
    -0.0014484550      0.0014484550     -0.00        -0.27         0.27 
    -0.0014361207      0.0014361207     -0.00        -0.25         0.24 
    -0.0014026425      0.0014026425     -0.00        -0.14         0.14 
    -0.0013731090      0.0013731090     -0.00        -0.09         0.09 
    -0.0013426598      0.0013426598     -0.00        -0.20         0.20 
    -0.0012931654      0.0012931654     -0.00        -0.24         0.24 
    -0.0012783557      0.0012783557     -0.00        -0.22         0.22 
    -0.0012598303      0.0012598303     -0.00        -0.24         0.24 
    -0.0012313243      0.0012313243     -0.00        -0.18         0.18 
    -0.0012303346      0.0012303346     -0.00        -0.07         0.07 
    -0.0012000218      0.0012000218     -0.00        -0.06         0.06 
    -0.0011820899      0.0011820899     -0.00        -0.27         0.27 
    -0.0011605583      0.0011605583     -0.00        -0.20         0.20 
    -0.0011528028      0.0011528028     -0.00        -0.11         0.11 
    -0.0011189393      0.0011189393     -0.00        -0.05         0.05 
    -0.0010865984      0.0010865984     -0.00        -0.19         0.19 
    -0.0010802163      0.0010802163     -0.00        -0.19         0.19 
    -0.0010495190      0.0010495190     -0.00        -0.12         0.12 
    -0.0010254368      0.0010254368     -0.00        -0.01         0.01 
    -0.0010133659      0.0010133659     -0.00        -0.07         0.07 
    -0.0009734994      0.0009734994     -0.00        -0.08         0.08 
    -0.0009691314      0.0009691314     -0.00        -0.08         0.08 
    -0.0009505623      0.0009505623     -0.00         0.01        -0.01 
    -0.0009120856      0.0009120856     -0.00        -0.02         0.02 
    -0.0008906004      0.0008906004     -0.00        -0.04         0.04 
    -0.0008813117      0.0008813117     -0.00        -0.10         0.10 
    -0.0008667730      0.0008667730     -0.00        -0.14         0.14 
    -0.0008484753      0.0008484753     -0.00        -0.11         0.11 
    -0.0008210341      0.0008210341     -0.00        -0.09         0.09 
    -0.0008089174      0.0008089174     -0.00        -0.11         0.11 
    -0.0008012042      0.0008012042     -0.00        -0.04         0.04 
    -0.0007733216      0.0007733216     -0.00        -0.08         0.08 
    -0.0007560451      0.0007560451     -0.00        -0.01         0.01 
    -0.0007447695      0.0007447695     -0.00        -0.08         0.08 
    -0.0007353909      0.0007353909     -0.00        -0.04         0.04 
    -0.0007252536      0.0007252536     -0.00        -0.00         0.00 
    -0.0007087718      0.0007087718     -0.00        -0.01         0.01 
    -0.0007023794      0.0007023794     -0.00         0.01        -0.01 
    -0.0006627096      0.0006627096     -0.00        -0.04         0.04 
    -0.0006588085      0.0006588085     -0.00        -0.02         0.02 
    -0.0006505170      0.0006505170     -0.00        -0.07         0.07 
    -0.0006341954      0.0006341954     -0.00         0.05        -0.05 
    -0.0006256791      0.0006256791     -0.00        -0.10         0.10 
    -0.0005985282      0.0005985282     -0.00        -0.05         0.05 
    -0.0005737486      0.0005737486     -0.00        -0.04         0.04 
    -0.0005715307      0.0005715307     -0.00         0.03        -0.03 
    -0.0005561853      0.0005561853     -0.00        -0.03         0.03 
    -0.0005482489      0.0005482489     -0.00        -0.05         0.05 
    -0.0005402434      0.0005402434     -0.00         0.08        -0.08 
    -0.0005305404      0.0005305404     -0.00         0.02        -0.02 
    -0.0005286475      0.0005286475     -0.00        -0.03         0.03 
    -0.0004984947      0.0004984947     -0.00        -0.08         0.08 
    -0.0004947873      0.0004947873     -0.00        -0.05         0.05 
    -0.0004866441      0.0004866441     -0.00         0.02        -0.02 
    -0.0004663165      0.0004663165     -0.00        -0.05         0.05 
    -0.0004442680      0.0004442680     -0.00        -0.06         0.06 
    -0.0004311823      0.0004311823     -0.00        -0.02         0.02 
    -0.0004197226      0.0004197226     -0.00        -0.08         0.08 
    -0.0004182588      0.0004182588     -0.00        -0.09         0.09 
    -0.0004126037      0.0004126037     -0.00         0.01        -0.01 
    -0.0003980039      0.0003980039     -0.00        -0.03         0.03 
    -0.0003711236      0.0003711236     -0.00        -0.10         0.10 
    -0.0003615783      0.0003615783     -0.00        -0.06         0.06 
    -0.0003446250      0.0003446250     -0.00         0.02        -0.02 
    -0.0003385151      0.0003385151     -0.00        -0.03         0.03 
    -0.0003225056      0.0003225056     -0.00        -0.09         0.09 
    -0.0003117777      0.0003117777     -0.00         0.03        -0.03 
    -0.0003050885      0.0003050885      0.00        -0.03         0.03 
    -0.0002850142      0.0002850142     -0.00         0.03        -0.03 
    -0.0002836659      0.0002836659     -0.00         0.03        -0.03 
    -0.0002610962      0.0002610962     -0.00        -0.00         0.00 
    -0.0002432909      0.0002432909     -0.00         0.06        -0.06 
    -0.0002238583      0.0002238583     -0.00         0.01        -0.01 
    -0.0002227584      0.0002227584     -0.00        -0.04         0.04 
    -0.0002107805      0.0002107805     -0.00        -0.03         0.03 
    -0.0001968457      0.0001968457     -0.00        -0.02         0.02 
    -0.0001845507      0.0001845507     -0.00        -0.03         0.03 
    -0.0001749318      0.0001749318      0.00        -0.01         0.01 
    -0.0001695015      0.0001695015     -0.00         0.05        -0.05 
    -0.0001644993      0.0001644993     -0.00        -0.02         0.02 
    -0.0001577316      0.0001577316     -0.00         0.03        -0.03 
    -0.0001475292      0.0001475292     -0.00         0.01        -0.01 
    -0.0001383744      0.0001383744     -0.00        -0.01         0.00 
    -0.0001348799      0.0001348799     -0.00        -0.03         0.03 
    -0.0001273814      0.0001273814     -0.00        -0.04         0.04 
    -0.0001228474      0.0001228474     -0.00        -0.00         0.00 
    -0.0001167013      0.0001167013     -0.00        -0.04         0.04 
    -0.0001149091      0.0001149091     -0.00        -0.02         0.02 
    -0.0001087432      0.0001087432     -0.00        -0.01         0.01 
    -0.0001072614      0.0001072614     -0.00        -0.01         0.01 
    -0.0001017174      0.0001017174     -0.00        -0.01         0.01 
    -0.0000992355      0.0000992355     -0.00        -0.01         0.01 
    -0.0000926153      0.0000926153     -0.00        -0.01         0.01 
    -0.0000919646      0.0000919646     -0.00        -0.01         0.01 
    -0.0000875385      0.0000875385     -0.00        -0.02         0.02 
    -0.0000869182      0.0000869182     -0.00        -0.02         0.02 
    -0.0000840136      0.0000840136     -0.00        -0.03         0.03 
    -0.0000801044      0.0000801044     -0.00        -0.01         0.01 
    -0.0000760219      0.0000760219     -0.00        -0.00         0.00 
    -0.0000739046      0.0000739046     -0.00        -0.01         0.01 
    -0.0000711203      0.0000711203     -0.00        -0.05         0.05 
    -0.0000684004      0.0000684004     -0.00        -0.03         0.03 
    -0.0000666512      0.0000666512     -0.00        -0.02         0.02 
    -0.0000646510      0.0000646510     -0.00        -0.01         0.01 
    -0.0000620000      0.0000620000     -0.00        -0.00         0.00 
    -0.0000592335      0.0000592335     -0.00        -0.01         0.01 
    -0.0000573055      0.0000573055     -0.00        -0.02         0.02 
    -0.0000543469      0.0000543469     -0.00        -0.03         0.03 
    -0.0000528729      0.0000528729     -0.00        -0.01         0.01 
    -0.0000519110      0.0000519110     -0.00         0.01        -0.01 
    -0.0000495412      0.0000495412     -0.00        -0.03         0.03 
    -0.0000471662      0.0000471662     -0.00        -0.02         0.02 
    -0.0000458288      0.0000458288     -0.00        -0.03         0.03 
    -0.0000433404      0.0000433404     -0.00        -0.02         0.02 
    -0.0000417223      0.0000417223     -0.00        -0.02         0.02 
    -0.0000396036      0.0000396036     -0.00        -0.00         0.00 
    -0.0000393106      0.0000393106     -0.00        -0.01         0.01 
    -0.0000371841      0.0000371841     -0.00        -0.01         0.01 
    -0.0000346392      0.0000346392     -0.00        -0.03         0.03 
    -0.0000335139      0.0000335139     -0.00        -0.02         0.02 
    -0.0000291301      0.0000291301     -0.00        -0.02         0.02 
    -0.0000280470      0.0000280470     -0.00        -0.03         0.03 
    -0.0000238040      0.0000238040     -0.00        -0.07         0.07 
    -0.0000021408      0.0000021408     -0.00        -0.00         0.00 

                             Sum_k:     -1.35      -119.15       117.80 

NOCV were saved in : R4N+PFOS-_EDA.nocv.gbw

