#Frame       EndToEnd
       1      24.4525
       2      24.1074
       3      23.8244
       4      23.6194
       5      24.3334
       6      23.6219
       7      22.0186
       8      23.7692
       9      23.6066
      10      24.3685
      11      24.9350
      12      25.5869
      13      26.1619
      14      26.1908
      15      25.2009
      16      26.2169
      17      25.2335
      18      25.3370
      19      25.8772
      20      24.7622
      21      25.9141
      22      25.0712
      23      25.3269
      24      26.1700
      25      25.6912
      26      25.8154
      27      26.0050
      28      26.0212
      29      26.1148
      30      25.5258
      31      25.6235
      32      25.4030
      33      25.5295
      34      25.2137
      35      25.1188
      36      25.5061
      37      24.5620
      38      23.7373
      39      22.6406
      40      23.9293
      41      24.3598
      42      24.3211
      43      23.5101
      44      23.8756
      45      23.3648
      46      24.1030
      47      23.1795
      48      23.5498
      49      23.8634
      50      24.2822
      51      23.9737
      52      23.8979
      53      23.4490
      54      23.8273
      55      22.9511
      56      23.0440
      57      23.1515
      58      23.6611
      59      23.4415
      60      24.1147
      61      24.3946
      62      24.4395
      63      25.3088
      64      24.8530
      65      25.1703
      66      24.6743
      67      23.6643
      68      23.3537
      69      24.0459
      70      24.0087
      71      24.1471
      72      24.0180
      73      24.0867
      74      24.2954
      75      24.2483
      76      23.4098
      77      23.2958
      78      23.7227
      79      23.8920
      80      23.0916
      81      23.4742
      82      23.7869
      83      23.9169
      84      24.0959
      85      24.7023
      86      23.9822
      87      24.1905
      88      24.1367
      89      24.6154
      90      24.3247
      91      23.8230
      92      24.2504
      93      23.6187
      94      23.5811
      95      23.9104
      96      23.7052
      97      23.3744
      98      22.5757
      99      23.9532
     100      23.1515
     101      23.4061
     102      23.0573
     103      23.8921
     104      22.8107
     105      23.6894
     106      24.7620
     107      24.3037
     108      24.1350
     109      24.6115
     110      24.3237
     111      23.9366
     112      23.8596
     113      23.7351
     114      24.5558
     115      23.5746
     116      23.6570
     117      23.9747
     118      23.9059
     119      23.9743
     120      23.9461
     121      23.3352
     122      23.4920
     123      22.7720
     124      23.0534
     125      23.3970
     126      23.0305
     127      22.5760
     128      22.6591
     129      23.1080
     130      23.3792
     131      22.7894
     132      23.4044
     133      24.2770
     134      23.2667
     135      23.3528
     136      23.3339
     137      24.1505
     138      24.3805
     139      24.4950
     140      24.4917
     141      25.5916
     142      25.4302
     143      25.4398
     144      25.2454
     145      25.3613
     146      25.4521
     147      24.8525
     148      25.6627
     149      25.0737
     150      25.0362
     151      25.0294
     152      25.3183
     153      26.0164
     154      25.9226
     155      25.1258
     156      25.0521
     157      24.7733
     158      24.9465
     159      24.4926
     160      23.9513
     161      23.4412
     162      24.3528
     163      24.4678
     164      24.7700
     165      25.0006
     166      25.0876
     167      23.9314
     168      23.6768
     169      23.5154
     170      23.2232
     171      23.4327
     172      23.7298
     173      22.8424
     174      22.6032
     175      23.0196
     176      23.0703
     177      23.3517
     178      23.2157
     179      22.8871
     180      22.5525
     181      22.9021
     182      22.5406
     183      22.6364
     184      22.7891
     185      21.8213
     186      21.0442
     187      20.8860
     188      21.3679
     189      21.2953
     190      21.3128
     191      22.4531
     192      22.8741
     193      23.2823
     194      24.1441
     195      23.5446
     196      23.5311
     197      24.1418
     198      24.1790
     199      23.3526
     200      24.5443
     201      23.0073
     202      22.3569
     203      21.8589
     204      22.5922
     205      22.6397
     206      22.4093
     207      22.5015
     208      22.2298
     209      22.3443
     210      22.5580
     211      22.3232
     212      23.5392
     213      23.1499
     214      24.0865
     215      23.6252
     216      22.9976
     217      23.6507
     218      23.4533
     219      23.5797
     220      23.3202
     221      22.6806
     222      22.9569
     223      21.6393
     224      22.2788
     225      21.8761
     226      23.6310
     227      23.5229
     228      23.6542
     229      23.6596
     230      23.5429
     231      24.0604
     232      24.3592
     233      23.9891
     234      26.4378
     235      26.0222
     236      25.9158
     237      25.6647
     238      24.9976
     239      24.0809
     240      24.0588
     241      23.7721
     242      23.1546
     243      23.3614
     244      23.5460
     245      24.6266
     246      24.3676
     247      24.2721
     248      22.7044
     249      23.4765
     250      23.6453
     251      23.4846
     252      23.4787
     253      23.9317
     254      25.1201
     255      24.6656
     256      24.5699
     257      24.5247
     258      25.1076
     259      25.6854
     260      26.7248
     261      25.7671
     262      26.5673
     263      26.5451
     264      26.2872
     265      26.6153
     266      26.1396
     267      25.3843
     268      25.4640
     269      26.1752
     270      26.2651
     271      25.5559
     272      25.7492
     273      26.3845
     274      25.9562
     275      27.6528
     276      26.0753
     277      26.4348
     278      26.0355
     279      25.3161
     280      25.6703
     281      26.0163
     282      25.6954
     283      25.4989
     284      25.2268
     285      24.9167
     286      25.0578
     287      24.6750
     288      26.2218
     289      25.7566
     290      26.3144
     291      27.7023
     292      26.8241
     293      26.0432
     294      26.4584
     295      26.1261
     296      27.3675
     297      26.2269
     298      26.7521
     299      26.4846
     300      25.7624
     301      26.2967
     302      26.2553
     303      26.4458
     304      25.7327
     305      27.0356
     306      26.5121
     307      26.4126
     308      26.1614
     309      27.0348
     310      25.5731
     311      25.6589
     312      25.6259
     313      26.3641
     314      26.4328
     315      26.5154
     316      25.5774
     317      24.8681
     318      24.4655
     319      24.6669
     320      23.9344
     321      23.2517
     322      22.9943
     323      22.6206
     324      22.3182
     325      23.2432
     326      23.2817
     327      23.1605
     328      23.7002
     329      23.8513
     330      22.9911
     331      23.0093
     332      23.1043
     333      23.0904
     334      23.2321
     335      23.0495
     336      22.0426
     337      22.6910
     338      23.1034
     339      22.8989
     340      22.6535
     341      22.1527
     342      22.4147
     343      21.8046
     344      21.6707
     345      22.5388
     346      21.8836
     347      22.0704
     348      21.6824
     349      21.5969
     350      21.8779
     351      21.4121
     352      21.1053
     353      21.9430
     354      21.6459
     355      21.5070
     356      22.1983
     357      20.8090
     358      22.2857
     359      22.1973
     360      22.3016
     361      22.3381
     362      20.8269
     363      19.8563
     364      20.9243
     365      20.4902
     366      22.5744
     367      22.1782
     368      21.8288
     369      22.2574
     370      21.6245
     371      21.4211
     372      22.2069
     373      22.1406
     374      21.9416
     375      22.8274
     376      22.1341
     377      21.9082
     378      21.9801
     379      22.0109
     380      23.0934
     381      23.1420
     382      22.2953
     383      22.4740
     384      22.5732
     385      22.7701
     386      22.5922
     387      22.8842
     388      23.5485
     389      22.8562
     390      22.4956
     391      22.7708
     392      22.2376
     393      22.0245
     394      21.8453
     395      22.3348
     396      22.0629
     397      22.4821
     398      23.2609
     399      23.4226
     400      22.8886
     401      23.1023
     402      22.9007
     403      23.9288
     404      22.9033
     405      22.6573
     406      22.9136
     407      23.1751
     408      22.5684
     409      22.4944
     410      22.0951
     411      22.1646
     412      22.2032
     413      22.6644
     414      22.9812
     415      22.9436
     416      22.7122
     417      22.8472
     418      22.6358
     419      22.3901
     420      22.5726
     421      21.7612
     422      22.2952
     423      21.5491
     424      22.6988
     425      22.6946
     426      22.8600
     427      23.5160
     428      23.9897
     429      24.4556
     430      24.4824
     431      23.7428
     432      24.4268
     433      25.0767
     434      24.9496
     435      24.7120
     436      25.8099
     437      25.6211
     438      25.0484
     439      25.1438
     440      24.7611
     441      23.8007
     442      23.0460
     443      22.0911
     444      22.4947
     445      21.6185
     446      21.8344
     447      23.4518
     448      22.8236
     449      24.0977
     450      24.7905
     451      25.0921
     452      23.8737
     453      23.1994
     454      23.6625
     455      23.3636
     456      23.4568
     457      23.7063
     458      23.0476
     459      23.2656
     460      24.0241
     461      23.8151
     462      24.0900
     463      23.2604
     464      23.5013
     465      23.3724
     466      24.4867
     467      25.0004
     468      24.7533
     469      25.0589
     470      25.3231
     471      25.4079
     472      24.7877
     473      24.0630
     474      25.0553
     475      25.1870
     476      25.3441
     477      25.2831
     478      24.2768
     479      23.6816
     480      22.8839
     481      23.1722
     482      23.4319
     483      23.6827
     484      23.6179
     485      23.7070
     486      24.1280
     487      25.0229
     488      24.3703
     489      25.0963
     490      24.8630
     491      24.8721
     492      25.3696
     493      25.2909
     494      24.3376
     495      24.0281
     496      24.3900
     497      23.3458
     498      22.8520
     499      23.4828
     500      23.3656
     501      22.3887
     502      22.7343
     503      22.8447
     504      22.7861
     505      22.9210
     506      23.6501
     507      23.6053
     508      23.5475
     509      24.8307
     510      23.6825
     511      23.1169
     512      23.5588
     513      24.3989
     514      23.5984
     515      23.2766
     516      22.9422
     517      23.6433
     518      23.3877
     519      23.3163
     520      23.7384
     521      22.9118
     522      22.6557
     523      23.5529
     524      23.2269
     525      22.8520
     526      23.2347
     527      24.1731
     528      24.7428
     529      24.6076
     530      22.9624
     531      24.1128
     532      22.4197
     533      23.0239
     534      22.4148
     535      22.4655
     536      23.6752
     537      23.3771
     538      22.9642
     539      23.5811
     540      23.6971
     541      24.6359
     542      23.3343
     543      23.7052
     544      23.8010
     545      23.0748
     546      21.7950
     547      20.7791
     548      21.8189
     549      22.0227
     550      22.0024
     551      22.4964
     552      23.1385
     553      22.5982
     554      23.2102
     555      21.9604
     556      21.6638
     557      20.7290
     558      20.5447
     559      20.3357
     560      19.7982
     561      20.0266
     562      21.1064
     563      20.6802
     564      21.9013
     565      20.8752
     566      22.4542
     567      22.8570
     568      22.9839
     569      21.8792
     570      21.4278
     571      21.5615
     572      21.7982
     573      21.8509
     574      22.8384
     575      22.6042
     576      22.5551
     577      22.2910
     578      23.1420
     579      23.4833
     580      23.5866
     581      23.2737
     582      23.0847
     583      23.8632
     584      24.1976
     585      23.7556
     586      23.6555
     587      23.0280
     588      23.4198
     589      23.8046
     590      22.8736
     591      22.6531
     592      22.4818
     593      22.6234
     594      22.0363
     595      22.3939
     596      22.4473
     597      22.5366
     598      22.7543
     599      23.4571
     600      24.6317
     601      24.1232
     602      23.9855
     603      24.0966
     604      24.0423
     605      24.8354
     606      23.8548
     607      24.2461
     608      23.9402
     609      23.6027
     610      22.8862
     611      23.6541
     612      23.0669
     613      23.4634
     614      23.1281
     615      23.7209
     616      24.4741
     617      24.1344
     618      24.2452
     619      24.0383
     620      23.7169
     621      23.8269
     622      23.8623
     623      23.3769
     624      23.8890
     625      23.9635
     626      23.9630
     627      24.2012
     628      23.9596
     629      24.8213
     630      24.6748
     631      25.5350
     632      25.1855
     633      25.1512
     634      24.6888
     635      24.3781
     636      24.6157
     637      24.3336
     638      23.8873
     639      24.3780
     640      24.9173
     641      23.8873
     642      24.6091
     643      23.9426
     644      24.6794
     645      25.2640
     646      25.1095
     647      24.5866
     648      25.5180
     649      25.2848
     650      24.4908
     651      24.0635
     652      23.5720
     653      23.8222
     654      24.6305
     655      24.1832
     656      24.5857
     657      24.6857
     658      24.9784
     659      25.3392
     660      25.9666
     661      25.6676
     662      25.3963
     663      25.4858
     664      26.1504
     665      25.4403
     666      26.2040
     667      26.0786
     668      26.3263
     669      24.8048
     670      25.0377
     671      26.1156
     672      25.5005
     673      24.4484
     674      25.1947
     675      24.6360
     676      24.7435
     677      25.0005
     678      24.6625
     679      24.6460
     680      24.4287
     681      24.2917
     682      24.9166
     683      24.0188
     684      25.5019
     685      25.0844
     686      23.3285
     687      23.1742
     688      23.9495
     689      23.1988
     690      22.5912
     691      24.0261
     692      23.8352
     693      23.8859
     694      23.5306
     695      24.1992
     696      24.0220
     697      24.0967
     698      23.9198
     699      24.0091
     700      23.6129
     701      23.6755
     702      23.6290
     703      24.1409
     704      23.3887
     705      23.8571
     706      23.1708
     707      23.6626
     708      23.6307
     709      23.4367
     710      24.0945
     711      23.7321
     712      22.5592
     713      22.7345
     714      23.2318
     715      23.5711
     716      23.1212
     717      22.9634
     718      23.2306
     719      24.7303
     720      24.7243
     721      23.3939
     722      23.2063
     723      23.3923
     724      23.6386
     725      23.2858
     726      23.9352
     727      23.7944
     728      23.7011
     729      25.0098
     730      23.5187
     731      22.6559
     732      21.9023
     733      23.4827
     734      23.2384
     735      23.6042
     736      23.2832
     737      23.4297
     738      23.4932
     739      24.3000
     740      23.0338
     741      21.4304
     742      22.9630
     743      22.2001
     744      23.3299
     745      23.1931
     746      22.7344
     747      22.8812
     748      23.1575
     749      22.7035
     750      23.0380
     751      22.5858
     752      22.2801
     753      22.5041
     754      22.9835
     755      22.5242
     756      23.4381
     757      23.7516
     758      24.5091
     759      23.5099
     760      24.1020
     761      23.7046
     762      23.5342
     763      22.1104
     764      22.3052
     765      22.5662
     766      22.7416
     767      22.5810
     768      22.6820
     769      23.0590
     770      23.6436
     771      23.9034
     772      23.1593
     773      22.8431
     774      23.2952
     775      23.0561
     776      22.3629
     777      22.5013
     778      22.1368
     779      22.0841
     780      23.1025
     781      22.5974
     782      22.5496
     783      23.2013
     784      23.2630
     785      22.6526
     786      23.1198
     787      24.0788
     788      24.6069
     789      23.3213
     790      23.5045
     791      23.3203
     792      22.6847
     793      23.0481
     794      24.5740
     795      24.9471
     796      24.1187
     797      24.0771
     798      23.9332
     799      25.2415
     800      23.9413
     801      24.0579
     802      23.9010
     803      23.9130
     804      24.2311
     805      23.9094
     806      23.9889
     807      24.3295
     808      25.3183
     809      25.2607
     810      23.3222
     811      24.8675
     812      24.7950
     813      24.4908
     814      24.3973
     815      23.8409
     816      23.9464
     817      24.6717
     818      24.0545
     819      23.0146
     820      23.5413
     821      24.1852
     822      24.3327
     823      22.1081
     824      23.0113
     825      22.6747
     826      23.9251
     827      23.2963
     828      23.8545
     829      24.1622
     830      25.8979
     831      26.4654
     832      25.4092
     833      25.0645
     834      25.1459
     835      25.2352
     836      24.8019
     837      25.3976
     838      25.4926
     839      25.5996
     840      24.9217
     841      25.5630
     842      26.9808
     843      25.5886
     844      24.7710
     845      24.9294
     846      25.0994
     847      24.1640
     848      23.8520
     849      24.2779
     850      23.9938
     851      23.9489
     852      23.4593
     853      24.3028
     854      23.8498
     855      24.2413
     856      24.3811
     857      24.1056
     858      25.0336
     859      23.7033
     860      23.7312
     861      24.0914
     862      23.8447
     863      24.8735
     864      25.1425
     865      24.1830
     866      24.8925
     867      24.9991
     868      25.3389
     869      24.9844
     870      25.5603
     871      25.3021
     872      25.5424
     873      24.8063
     874      23.2227
     875      23.9553
     876      24.2954
     877      23.2490
     878      24.3881
     879      24.4386
     880      25.9114
     881      25.4345
     882      25.9439
     883      26.0596
     884      24.4941
     885      24.6234
     886      24.1699
     887      24.1631
     888      23.7989
     889      23.5361
     890      23.1458
     891      23.0380
     892      23.9417
     893      23.6006
     894      24.1612
     895      24.0168
     896      23.8686
     897      23.9467
     898      23.2139
     899      22.8977
     900      22.5813
     901      21.7528
     902      22.1905
     903      21.8658
     904      22.5489
     905      22.3369
     906      22.9636
     907      23.0101
     908      22.6121
     909      22.2409
     910      22.6216
     911      22.7976
     912      23.7505
     913      23.2119
     914      22.6260
     915      23.1549
     916      22.9242
     917      22.6801
     918      23.1598
     919      23.6427
     920      23.8276
     921      22.8885
     922      23.1977
     923      23.2502
     924      22.7504
     925      23.2759
     926      23.3533
     927      23.4512
     928      22.7775
     929      22.7057
     930      23.2575
     931      22.5101
     932      21.2969
     933      22.5605
     934      22.2281
     935      21.9858
     936      21.2483
     937      20.9210
     938      20.8080
     939      21.0278
     940      21.6708
     941      21.8563
     942      21.4710
     943      21.2350
     944      21.3581
     945      21.2445
     946      20.9381
     947      21.3861
     948      20.5224
     949      20.3208
     950      20.4319
     951      19.9257
     952      20.8141
     953      21.6977
     954      20.5377
     955      20.6386
     956      19.9728
     957      20.6119
     958      21.1521
     959      20.3371
     960      20.0118
     961      20.8595
     962      20.9126
     963      20.8006
     964      20.5035
     965      19.2792
     966      20.3076
     967      22.2932
     968      22.9604
     969      22.5910
     970      23.0478
     971      23.1151
     972      23.1531
     973      23.3007
     974      23.5744
     975      22.9947
     976      23.1017
     977      23.1939
     978      22.9582
     979      22.0990
     980      22.1817
     981      22.7845
     982      23.0363
     983      23.6397
     984      22.4636
     985      22.5118
     986      22.2004
     987      23.3603
     988      23.2124
     989      22.3396
     990      22.3673
     991      22.5867
     992      22.7753
     993      23.2292
     994      23.4565
     995      22.3130
     996      22.3924
     997      22.8781
     998      23.3093
     999      22.9558
    1000      22.8715
    1001      22.0251
    1002      22.7169
    1003      23.1529
    1004      22.4071
    1005      22.1429
    1006      23.2509
    1007      23.0802
    1008      22.7831
    1009      23.8713
    1010      23.7107
    1011      23.8028
    1012      22.9602
    1013      23.5602
    1014      23.7057
    1015      23.5531
    1016      23.8507
    1017      23.9809
    1018      24.1057
    1019      22.4926
    1020      22.7083
    1021      23.2429
    1022      23.0182
    1023      22.8679
    1024      23.1992
    1025      23.5912
    1026      23.1183
    1027      22.7761
    1028      22.3975
    1029      22.2012
    1030      23.2849
    1031      23.4953
    1032      25.1984
    1033      24.3644
    1034      24.1903
    1035      24.2761
    1036      23.2768
    1037      22.3053
    1038      22.2307
    1039      22.2614
    1040      22.5969
    1041      22.3868
    1042      23.9347
    1043      24.5500
    1044      24.2567
    1045      24.0692
    1046      23.6599
    1047      24.3988
    1048      24.6660
    1049      24.3923
    1050      23.5373
    1051      22.3959
    1052      23.0965
    1053      23.1379
    1054      22.8620
    1055      23.5963
    1056      24.1783
    1057      23.8946
    1058      23.6072
    1059      23.5058
    1060      24.4179
    1061      24.4794
    1062      25.1561
    1063      25.1351
    1064      24.2462
    1065      24.8679
    1066      24.5222
    1067      24.5703
    1068      23.2540
    1069      24.0957
    1070      24.3802
    1071      24.0993
    1072      24.2860
    1073      24.6586
    1074      24.0176
    1075      24.5200
    1076      24.1274
    1077      24.2665
    1078      24.5378
    1079      25.5513
    1080      26.2993
    1081      26.0444
    1082      25.3794
    1083      24.9939
    1084      25.2981
    1085      24.5867
    1086      25.5057
    1087      24.3150
    1088      24.9554
    1089      24.4279
    1090      24.5055
    1091      23.8399
    1092      23.0756
    1093      22.4618
    1094      22.4173
    1095      23.4137
    1096      22.8007
    1097      23.3928
    1098      23.5212
    1099      23.0786
    1100      23.9749
    1101      24.1566
    1102      23.6682
    1103      23.7604
    1104      24.1927
    1105      23.5574
    1106      23.0273
    1107      22.6766
    1108      22.3431
    1109      23.3499
    1110      23.1308
    1111      22.9878
    1112      23.5243
    1113      22.9424
    1114      22.6527
    1115      22.1921
    1116      22.4256
    1117      21.9793
    1118      21.8165
    1119      21.1907
    1120      21.8071
    1121      22.1582
    1122      21.8051
    1123      22.5231
    1124      22.1112
    1125      21.9784
    1126      21.9085
    1127      21.5842
    1128      22.2325
    1129      21.4249
    1130      23.2790
    1131      23.3829
    1132      23.9530
    1133      23.9754
    1134      23.4301
    1135      23.9029
    1136      22.3496
    1137      21.6856
    1138      22.1389
    1139      23.7504
    1140      23.4739
    1141      23.2069
    1142      23.8406
    1143      23.1631
    1144      23.2735
    1145      23.4222
    1146      23.6110
    1147      23.0418
    1148      22.8063
    1149      24.0434
    1150      23.7024
    1151      23.6818
    1152      24.2938
    1153      24.0036
    1154      24.0554
    1155      23.9807
    1156      23.5415
    1157      23.0104
    1158      24.7619
    1159      23.8094
    1160      23.8651
    1161      24.1205
    1162      23.5839
    1163      24.3488
    1164      24.1703
    1165      22.7376
    1166      23.6219
    1167      24.0055
    1168      23.1055
    1169      23.2672
    1170      24.0206
    1171      23.1430
    1172      22.5849
    1173      22.4488
    1174      22.4442
    1175      23.3481
    1176      22.5991
    1177      22.7108
    1178      23.0744
    1179      22.9509
    1180      22.4651
    1181      23.6531
    1182      23.8866
    1183      24.0878
    1184      23.7740
    1185      23.3889
    1186      23.3624
    1187      23.3561
    1188      24.6801
    1189      23.2392
    1190      22.8913
    1191      23.6011
    1192      23.3035
    1193      23.9094
    1194      23.2538
    1195      23.0186
    1196      23.8034
    1197      23.6142
    1198      23.7895
    1199      23.8537
    1200      23.6304
    1201      24.3285
    1202      23.6508
    1203      24.6057
    1204      24.0529
    1205      24.6417
    1206      23.6519
    1207      23.1501
    1208      23.6534
    1209      22.8790
    1210      23.6824
    1211      23.1482
    1212      23.1074
    1213      24.0206
    1214      24.3036
    1215      24.9950
    1216      23.8834
    1217      24.3056
    1218      24.1025
    1219      23.7852
    1220      23.6068
    1221      24.4021
    1222      23.4704
    1223      22.9964
    1224      23.3431
    1225      24.1078
    1226      23.7026
    1227      23.2789
    1228      23.4431
    1229      23.7120
    1230      23.3803
    1231      23.2499
    1232      23.2751
    1233      22.6817
    1234      23.1276
    1235      23.4329
    1236      23.2676
    1237      23.3642
    1238      22.8971
    1239      23.5313
    1240      22.2847
    1241      24.3101
    1242      23.5669
    1243      23.6401
    1244      24.4802
    1245      24.8086
    1246      24.4260
    1247      24.2358
    1248      24.5951
    1249      24.3144
    1250      24.1055
    1251      24.0708
    1252      24.1009
    1253      24.9657
    1254      25.1785
    1255      25.2440
    1256      24.4517
    1257      24.2296
    1258      24.8044
    1259      24.1366
    1260      24.7343
    1261      23.9561
    1262      23.7338
    1263      24.1296
    1264      25.3223
    1265      24.6320
    1266      24.5710
    1267      24.3890
    1268      24.1545
    1269      23.8143
    1270      23.6856
    1271      23.6993
    1272      24.5952
    1273      23.8863
    1274      24.5348
    1275      22.5982
    1276      22.6187
    1277      23.7262
    1278      23.7592
    1279      23.5620
    1280      24.5026
    1281      24.0515
    1282      23.7188
    1283      22.9877
    1284      24.2305
    1285      23.8577
    1286      23.6988
    1287      23.8337
    1288      22.9558
    1289      23.0338
    1290      23.2373
    1291      23.0394
    1292      22.7544
    1293      23.1480
    1294      22.8183
    1295      23.3699
    1296      22.9138
    1297      23.7150
    1298      24.6929
    1299      25.4225
    1300      25.0718
    1301      24.0978
    1302      25.1597
    1303      24.6868
    1304      25.2008
    1305      25.2411
    1306      24.9892
    1307      24.9705
    1308      23.5011
    1309      24.3569
    1310      23.8057
    1311      23.2599
    1312      24.0528
    1313      23.5873
    1314      22.1379
    1315      21.6953
    1316      22.7273
    1317      22.4195
    1318      22.2599
    1319      22.5881
    1320      22.9799
    1321      22.2381
    1322      22.6250
    1323      22.3598
    1324      22.8751
    1325      23.7808
    1326      24.9645
    1327      24.0831
    1328      24.2215
    1329      25.1348
    1330      25.2666
    1331      25.0398
    1332      24.7164
    1333      24.4055
    1334      25.1789
    1335      24.3178
    1336      25.0234
    1337      25.7089
    1338      25.8360
    1339      26.3525
    1340      26.1745
    1341      26.4248
    1342      26.1194
    1343      24.0348
    1344      24.4684
    1345      24.7939
    1346      25.1231
    1347      25.3375
    1348      26.3890
    1349      25.3650
    1350      25.5433
    1351      25.0595
    1352      24.7009
    1353      24.9301
    1354      24.8289
    1355      25.5133
    1356      24.9081
    1357      24.6995
    1358      24.4663
    1359      24.0434
    1360      24.1671
    1361      25.3074
    1362      25.0635
    1363      24.4339
    1364      24.7384
    1365      25.3216
    1366      25.0556
    1367      25.3950
    1368      25.5523
    1369      25.3370
    1370      24.2214
    1371      24.5746
    1372      25.0494
    1373      25.2027
    1374      25.0631
    1375      24.8860
    1376      25.2024
    1377      25.9945
    1378      26.2642
    1379      26.4308
    1380      26.4444
    1381      26.6555
    1382      26.2955
    1383      26.3430
    1384      26.0858
    1385      26.4354
    1386      25.9566
    1387      25.9446
    1388      25.1136
    1389      25.0293
    1390      25.4516
    1391      25.9712
    1392      25.6197
    1393      26.5148
    1394      26.1048
    1395      25.7660
    1396      26.3896
    1397      26.5848
    1398      26.7832
    1399      26.2327
    1400      26.2499
    1401      26.4278
    1402      26.8476
    1403      26.6158
    1404      25.7309
    1405      25.5086
    1406      25.5194
    1407      25.9624
    1408      25.9738
    1409      24.9732
    1410      25.2002
    1411      25.1153
    1412      25.2866
    1413      25.3732
    1414      26.4162
    1415      25.8509
    1416      25.1840
    1417      26.2126
    1418      26.9124
    1419      26.6255
    1420      26.7792
    1421      27.0124
    1422      27.0566
    1423      26.6966
    1424      26.0725
    1425      26.2990
    1426      25.5966
    1427      25.2658
    1428      25.8625
    1429      25.7231
    1430      25.8349
    1431      25.3882
    1432      25.5500
    1433      26.0110
    1434      25.2340
    1435      25.1748
    1436      24.4964
    1437      24.3001
    1438      24.2472
    1439      24.6659
    1440      25.1165
    1441      24.6013
    1442      24.9405
    1443      24.8871
    1444      24.2397
    1445      23.6639
    1446      23.0037
    1447      23.1092
    1448      23.5788
    1449      23.8469
    1450      24.5563
    1451      24.1864
    1452      23.5287
    1453      23.5039
    1454      23.9291
    1455      23.5570
    1456      23.7601
    1457      23.9330
    1458      24.2238
    1459      23.3586
    1460      24.6028
    1461      25.0372
    1462      24.9978
    1463      25.4676
    1464      24.1313
    1465      24.1111
    1466      24.4719
    1467      24.3862
    1468      23.5361
    1469      24.2797
    1470      23.9258
    1471      24.5368
    1472      24.5422
    1473      25.4191
    1474      25.3782
    1475      25.0646
    1476      25.4418
    1477      25.5141
    1478      25.3242
    1479      26.5847
    1480      25.8208
    1481      25.7933
    1482      25.5614
    1483      24.8015
    1484      25.2898
    1485      25.8770
    1486      25.6318
    1487      25.1707
    1488      25.9767
    1489      25.3608
    1490      25.6215
    1491      26.0448
    1492      25.7922
    1493      26.0534
    1494      26.7527
    1495      27.0710
    1496      26.0737
    1497      25.7798
    1498      25.9082
    1499      25.5764
    1500      26.1958
    1501      26.2591
    1502      26.0825
    1503      25.1061
    1504      24.1776
    1505      24.5692
    1506      25.2748
    1507      25.9109
    1508      25.8866
    1509      25.6563
    1510      25.3318
    1511      24.8620
    1512      24.4827
    1513      24.4108
    1514      23.6296
    1515      23.1123
    1516      24.0762
    1517      24.8235
    1518      24.3159
    1519      23.7815
    1520      24.4786
    1521      24.9188
    1522      24.6011
    1523      25.0285
    1524      25.1807
    1525      25.6817
    1526      25.5696
    1527      25.1944
    1528      25.7814
    1529      25.2973
    1530      26.2997
    1531      25.7228
    1532      25.5346
    1533      25.2157
    1534      24.5670
    1535      25.3715
    1536      25.6240
    1537      24.8745
    1538      25.4734
    1539      25.7930
    1540      25.8957
    1541      25.5770
    1542      25.5274
    1543      24.5670
    1544      24.0615
    1545      24.1199
    1546      23.6170
    1547      24.5921
    1548      25.3387
    1549      24.7820
    1550      25.0289
    1551      25.7880
    1552      25.8396
    1553      26.0392
    1554      26.3725
    1555      25.8558
    1556      27.0126
    1557      26.3827
    1558      26.3441
    1559      26.1868
    1560      25.8145
    1561      26.2848
    1562      25.9316
    1563      26.3386
    1564      26.0830
    1565      24.9141
    1566      24.7386
    1567      25.7147
    1568      25.2778
    1569      26.1809
    1570      27.1287
    1571      25.8699
    1572      26.0813
    1573      26.8498
    1574      25.6079
    1575      25.8871
    1576      25.2437
    1577      25.5115
    1578      25.4311
    1579      25.5498
    1580      27.0022
    1581      25.8275
    1582      25.3183
    1583      24.5830
    1584      24.3698
    1585      24.7409
    1586      25.5635
    1587      25.7425
    1588      25.5168
    1589      24.6723
    1590      24.2631
    1591      24.8759
    1592      24.7585
    1593      25.6965
    1594      25.1907
    1595      26.5447
    1596      26.0813
    1597      25.1281
    1598      25.4818
    1599      25.6798
    1600      26.4446
    1601      25.6253
    1602      26.0284
    1603      26.1798
    1604      26.6243
    1605      25.6579
    1606      25.0270
    1607      25.2601
    1608      25.1526
    1609      25.7336
    1610      25.9610
    1611      25.6830
    1612      25.8584
    1613      26.5892
    1614      26.9270
    1615      25.9019
    1616      26.9410
    1617      27.3078
    1618      27.1460
    1619      26.5930
    1620      26.5605
    1621      26.8915
    1622      26.3221
    1623      25.8998
    1624      26.0870
    1625      23.8127
    1626      23.7850
    1627      24.2451
    1628      24.4545
    1629      25.0591
    1630      24.6515
    1631      24.2886
    1632      23.8480
    1633      24.0872
    1634      23.6735
    1635      24.8262
    1636      23.7452
    1637      24.4263
    1638      25.1339
    1639      23.8821
    1640      24.6573
    1641      24.4431
    1642      24.3595
    1643      23.8969
    1644      23.6466
    1645      24.5754
    1646      25.0705
    1647      25.9978
    1648      25.8555
    1649      25.9106
    1650      25.6163
    1651      25.1695
    1652      25.4931
    1653      25.4835
    1654      26.1414
    1655      26.1665
    1656      26.5717
    1657      26.7823
    1658      27.1607
    1659      27.1092
    1660      26.8516
    1661      27.0337
    1662      26.6294
    1663      25.7419
    1664      25.8551
    1665      26.0554
    1666      25.7893
    1667      26.6370
    1668      25.7988
    1669      26.2924
    1670      26.2345
    1671      26.4836
    1672      25.7614
    1673      26.8552
    1674      26.8189
    1675      26.7522
    1676      26.7603
    1677      25.8780
    1678      25.7338
    1679      24.9774
    1680      24.1845
    1681      24.3276
    1682      24.9320
    1683      24.1625
    1684      25.1158
    1685      25.3023
    1686      25.1261
    1687      24.8501
    1688      25.3139
    1689      24.5859
    1690      24.7394
    1691      25.1658
    1692      25.8010
    1693      26.7248
    1694      26.6351
    1695      27.1604
    1696      25.7417
    1697      25.4606
    1698      24.7817
    1699      25.3219
    1700      25.7540
    1701      27.1734
    1702      27.5044
    1703      27.3692
    1704      26.7072
    1705      26.4896
    1706      27.5038
    1707      27.4166
    1708      27.0189
    1709      27.0429
    1710      28.0718
    1711      26.9410
    1712      26.5032
    1713      26.2588
    1714      26.5354
    1715      25.7428
    1716      26.0003
    1717      24.9666
    1718      24.9712
    1719      24.4637
    1720      24.9820
    1721      24.5076
    1722      24.7985
    1723      24.8730
    1724      25.2907
    1725      26.6146
    1726      26.8203
    1727      26.1828
    1728      25.4033
    1729      26.0083
    1730      26.9471
    1731      26.9745
    1732      25.5592
    1733      26.4946
    1734      26.0778
    1735      25.9290
    1736      26.0553
    1737      26.3569
    1738      26.1843
    1739      25.7229
    1740      24.8866
    1741      24.7776
    1742      26.0165
    1743      26.9603
    1744      26.9486
    1745      26.8490
    1746      27.0514
    1747      26.8217
    1748      25.8972
    1749      26.8875
    1750      26.0315
    1751      24.9854
    1752      26.2933
    1753      25.5489
    1754      26.8302
    1755      26.1400
    1756      26.0616
    1757      26.5534
    1758      26.1874
    1759      26.5177
    1760      26.7132
    1761      26.6570
    1762      26.7317
    1763      26.4783
    1764      27.3579
    1765      27.4406
    1766      26.2217
    1767      26.0004
    1768      26.3213
    1769      26.5906
    1770      26.9744
    1771      27.0582
    1772      26.3466
    1773      26.5803
    1774      26.7193
    1775      25.8946
    1776      27.1592
    1777      26.5119
    1778      25.9886
    1779      27.6663
    1780      27.6192
    1781      27.3533
    1782      26.7860
    1783      26.3398
    1784      26.8789
    1785      26.9155
    1786      27.5793
    1787      25.9765
    1788      27.0436
    1789      26.6506
    1790      27.3003
    1791      26.1545
    1792      26.9215
    1793      27.1200
    1794      26.1182
    1795      26.9982
    1796      26.6057
    1797      26.4912
    1798      26.9977
    1799      27.7297
    1800      27.2034
    1801      27.2420
    1802      27.8437
    1803      27.0962
    1804      26.4990
    1805      27.5506
    1806      26.6544
    1807      26.2258
    1808      26.7719
    1809      27.3041
    1810      26.9758
    1811      26.7202
    1812      26.5041
    1813      26.5682
    1814      27.4542
    1815      27.6732
    1816      27.3344
    1817      26.8390
    1818      26.6961
    1819      26.3917
    1820      27.2130
    1821      26.1841
    1822      25.3684
    1823      25.4619
    1824      24.6405
    1825      24.1674
    1826      24.7217
    1827      25.5076
    1828      24.4977
    1829      24.6715
    1830      23.8920
    1831      24.1008
    1832      24.2625
    1833      24.4494
    1834      24.9303
    1835      23.3383
    1836      23.1073
    1837      23.4899
    1838      23.9021
    1839      23.8286
    1840      23.1669
    1841      23.7307
    1842      24.1468
    1843      23.9590
    1844      23.5428
    1845      23.6252
    1846      24.0902
    1847      24.9215
    1848      24.8630
    1849      23.5940
    1850      24.4040
    1851      24.1686
    1852      25.2693
    1853      24.5895
    1854      24.3289
    1855      24.7259
    1856      25.4655
    1857      24.9821
    1858      25.7692
    1859      25.7607
    1860      24.8407
    1861      25.2719
    1862      26.1268
    1863      25.1172
    1864      25.4312
    1865      25.3929
    1866      24.3921
    1867      24.6618
    1868      25.7032
    1869      25.5331
    1870      24.8956
    1871      24.3078
    1872      24.7855
    1873      24.7604
    1874      25.3706
    1875      25.4112
    1876      24.2251
    1877      24.0503
    1878      24.7514
    1879      24.4516
    1880      24.6942
    1881      23.7978
    1882      24.1258
    1883      23.9252
    1884      24.0226
    1885      23.9505
    1886      24.2472
    1887      23.8330
    1888      24.0272
    1889      24.0011
    1890      23.5859
    1891      23.7726
    1892      23.9453
    1893      24.8048
    1894      24.1460
    1895      25.0767
    1896      24.3438
    1897      25.4126
    1898      25.2718
    1899      25.4438
    1900      26.0592
    1901      25.4418
    1902      24.8640
    1903      25.5110
    1904      25.0033
    1905      25.3830
    1906      25.4513
    1907      25.2261
    1908      25.7045
    1909      25.1611
    1910      24.7735
    1911      25.8172
    1912      26.4502
    1913      26.0197
    1914      25.6248
    1915      24.7828
    1916      24.5241
    1917      23.8798
    1918      23.7530
    1919      24.8266
    1920      24.7164
    1921      24.6792
    1922      25.3018
    1923      25.3215
    1924      24.2064
    1925      24.4968
    1926      24.3692
    1927      24.2144
    1928      24.0653
    1929      23.9826
    1930      24.4888
    1931      24.6323
    1932      24.8506
    1933      24.7269
    1934      24.8990
    1935      25.1402
    1936      24.6257
    1937      25.3048
    1938      24.3858
    1939      25.1245
    1940      24.6061
    1941      25.1557
    1942      24.0796
    1943      24.3254
    1944      24.7884
    1945      24.2991
    1946      25.3010
    1947      24.6340
    1948      25.2355
    1949      24.3646
    1950      24.1990
    1951      23.8340
    1952      24.3598
    1953      24.0670
    1954      23.4288
    1955      23.5195
    1956      23.0111
    1957      23.2556
    1958      23.7894
    1959      23.9329
    1960      24.1913
    1961      24.0784
    1962      24.6579
    1963      24.8750
    1964      25.0876
    1965      25.1008
    1966      25.5830
    1967      24.7659
    1968      24.5000
    1969      24.2991
    1970      24.1486
    1971      24.1754
    1972      23.9898
    1973      25.2648
    1974      25.4491
    1975      24.4245
    1976      24.3556
    1977      24.2403
    1978      24.7569
    1979      24.3983
    1980      24.3296
    1981      25.2506
    1982      25.4282
    1983      25.7346
    1984      25.3642
    1985      24.4551
    1986      24.6721
    1987      25.5273
    1988      26.5411
    1989      26.8516
    1990      25.8087
    1991      25.1830
    1992      25.2807
    1993      26.1006
    1994      25.8375
    1995      25.7745
    1996      25.2746
    1997      25.8713
    1998      25.3850
    1999      24.9763
    2000      25.5829
    2001      26.3160
    2002      25.2129
    2003      25.2147
    2004      25.0289
    2005      25.0339
    2006      25.3197
    2007      25.2580
    2008      25.0441
    2009      24.9178
    2010      25.4557
    2011      25.4413
    2012      25.9537
    2013      25.7587
    2014      26.1139
    2015      25.4999
    2016      26.0000
    2017      25.7978
    2018      25.1929
    2019      25.1595
    2020      25.3564
    2021      24.6745
    2022      25.5171
    2023      25.7037
    2024      25.7230
    2025      26.0936
    2026      26.8216
    2027      26.9159
    2028      26.9228
    2029      27.3067
    2030      27.0105
    2031      26.4352
    2032      26.1376
    2033      25.8438
    2034      26.3546
    2035      26.2516
    2036      25.9752
    2037      26.4972
    2038      27.2062
    2039      26.0112
    2040      26.0484
    2041      25.7801
    2042      25.6456
    2043      26.5913
    2044      25.3150
    2045      26.5991
    2046      26.8049
    2047      26.3167
    2048      25.8355
    2049      25.3918
    2050      25.2172
    2051      26.0407
    2052      25.2713
    2053      26.0386
    2054      25.4862
    2055      25.3501
    2056      26.0482
    2057      26.4131
    2058      26.0502
    2059      26.8260
    2060      26.0442
    2061      25.6046
    2062      26.2413
    2063      25.6805
    2064      25.5528
    2065      26.3759
    2066      25.0941
    2067      25.1802
    2068      25.4351
    2069      25.8081
    2070      26.2788
    2071      26.8985
    2072      25.3134
    2073      25.8524
    2074      24.8742
    2075      24.6793
    2076      25.9340
    2077      26.3104
    2078      26.3432
    2079      26.0887
    2080      25.7288
    2081      26.7212
    2082      26.5283
    2083      26.2405
    2084      26.2892
    2085      26.1070
    2086      25.7318
    2087      25.5890
    2088      25.7048
    2089      24.8804
    2090      25.5503
    2091      25.5235
    2092      25.1571
    2093      25.2323
    2094      25.9982
    2095      25.6273
    2096      25.6235
    2097      25.4606
    2098      25.1381
    2099      25.4255
    2100      25.2827
    2101      24.9475
    2102      25.6946
    2103      25.0894
    2104      25.1443
    2105      26.3848
    2106      25.3748
    2107      25.8925
    2108      26.3345
    2109      25.0996
    2110      24.6345
    2111      26.0823
    2112      24.6302
    2113      24.9526
    2114      24.8590
    2115      25.8361
    2116      25.6783
    2117      25.9662
    2118      26.3103
    2119      26.4387
    2120      25.7792
    2121      25.5542
    2122      24.7822
    2123      24.8697
    2124      24.6005
    2125      23.6123
    2126      23.4517
    2127      25.5718
    2128      26.3516
    2129      25.7087
    2130      24.3530
    2131      24.3553
    2132      23.7162
    2133      24.0057
    2134      23.9521
    2135      24.6338
    2136      25.4384
    2137      26.0311
    2138      24.7112
    2139      24.8255
    2140      25.0506
    2141      24.5060
    2142      24.7358
    2143      24.2993
    2144      24.6792
    2145      24.2417
    2146      25.1473
    2147      24.9132
    2148      24.5021
    2149      24.7894
    2150      25.7752
    2151      26.3001
    2152      25.5541
    2153      25.1094
    2154      24.5148
    2155      24.3407
    2156      25.0155
    2157      24.1483
    2158      24.1930
    2159      25.8168
    2160      24.7567
    2161      24.9623
    2162      24.6961
    2163      24.6916
    2164      25.0081
    2165      24.5777
    2166      24.6429
    2167      25.5085
    2168      24.4263
    2169      24.3909
    2170      24.1922
    2171      24.3037
    2172      24.7559
    2173      23.7322
    2174      25.2397
    2175      24.9202
    2176      24.6477
    2177      24.6963
    2178      24.9485
    2179      24.6519
    2180      25.3835
    2181      25.4649
    2182      24.9752
    2183      25.1901
    2184      25.3121
    2185      24.6379
    2186      25.4611
    2187      24.6562
    2188      25.2051
    2189      24.8349
    2190      25.2206
    2191      25.4088
    2192      25.8220
    2193      25.2074
    2194      24.9918
    2195      24.7639
    2196      25.0114
    2197      25.1745
    2198      25.3424
    2199      26.2277
    2200      24.6132
    2201      23.9450
    2202      23.9858
    2203      24.8062
    2204      24.9078
    2205      24.3722
    2206      24.3290
    2207      24.1194
    2208      23.9350
    2209      23.8490
    2210      23.7458
    2211      24.0170
    2212      24.2197
    2213      23.6853
    2214      24.6910
    2215      23.8297
    2216      24.0544
    2217      23.9486
    2218      23.4883
    2219      23.5056
    2220      23.8132
    2221      24.8609
    2222      24.1962
    2223      24.5009
    2224      24.2067
    2225      24.2449
    2226      24.9014
    2227      24.6277
    2228      24.5346
    2229      24.6688
    2230      24.8875
    2231      25.4098
    2232      25.5982
    2233      26.0402
    2234      25.5306
    2235      25.0960
    2236      24.9655
    2237      24.4675
    2238      24.4997
    2239      25.6965
    2240      26.1736
    2241      26.5267
    2242      25.7370
    2243      26.4186
    2244      24.9287
    2245      24.3490
    2246      24.1858
    2247      24.3880
    2248      23.4942
    2249      24.5334
    2250      23.0302
    2251      23.6487
    2252      23.1619
    2253      23.6491
    2254      23.4853
    2255      24.2611
    2256      24.4990
    2257      23.9361
    2258      23.5606
    2259      24.2670
    2260      25.1220
    2261      25.6862
    2262      25.1752
    2263      25.4732
    2264      24.9383
    2265      25.2363
    2266      25.2152
    2267      24.2931
    2268      24.6605
    2269      24.6738
    2270      25.1349
    2271      24.3187
    2272      25.0133
    2273      25.0451
    2274      25.1778
    2275      25.2396
    2276      25.4485
    2277      26.0653
    2278      26.7645
    2279      26.5612
    2280      25.9089
    2281      25.6969
    2282      26.8064
    2283      26.3480
    2284      26.1627
    2285      25.8372
    2286      26.4313
    2287      27.1417
    2288      25.9204
    2289      25.5522
    2290      25.6861
    2291      25.7510
    2292      25.2400
    2293      25.7001
    2294      25.3278
    2295      25.8361
    2296      25.7430
    2297      26.4400
    2298      26.0734
    2299      26.0494
    2300      25.5028
    2301      25.1611
    2302      25.3940
    2303      24.3934
    2304      24.9075
    2305      24.7652
    2306      25.0560
    2307      23.9809
    2308      24.1684
    2309      25.0886
    2310      25.4951
    2311      26.7002
    2312      25.6679
    2313      25.2533
    2314      25.2209
    2315      25.9288
    2316      26.4798
    2317      26.2246
    2318      26.3131
    2319      25.8801
    2320      25.5258
    2321      25.0673
    2322      25.2771
    2323      25.4486
    2324      25.0260
    2325      25.2295
    2326      25.0464
    2327      24.7850
    2328      24.1855
    2329      23.9122
    2330      23.8253
    2331      23.8595
    2332      24.7485
    2333      24.0660
    2334      23.6485
    2335      23.3813
    2336      22.7257
    2337      23.2893
    2338      23.3226
    2339      24.3480
    2340      24.0420
    2341      24.0767
    2342      24.5268
    2343      24.8110
    2344      24.8191
    2345      25.6263
    2346      25.8660
    2347      25.2569
    2348      25.6880
    2349      25.0861
    2350      23.8311
    2351      22.9098
    2352      23.0692
    2353      22.7032
    2354      23.3789
    2355      23.6116
    2356      24.2377
    2357      24.5942
    2358      24.6913
    2359      24.4661
    2360      23.9576
    2361      23.7893
    2362      24.0978
    2363      24.2166
    2364      24.2690
    2365      24.2183
    2366      24.4652
    2367      25.1261
    2368      23.9806
    2369      24.2955
    2370      24.3894
    2371      23.7256
    2372      23.8269
    2373      23.4976
    2374      24.0063
    2375      24.5659
    2376      24.3354
    2377      24.5088
    2378      24.2831
    2379      24.3889
    2380      24.4945
    2381      23.6614
    2382      24.2252
    2383      24.7029
    2384      24.6682
    2385      24.0731
    2386      24.6749
    2387      24.2200
    2388      24.6462
    2389      24.1608
    2390      25.3431
    2391      25.5689
    2392      25.2815
    2393      25.7138
    2394      26.0377
    2395      25.6845
    2396      25.0529
    2397      25.9857
    2398      24.7963
    2399      24.5075
    2400      25.0021
    2401      25.2306
    2402      24.7423
    2403      24.5124
    2404      24.8119
    2405      24.1225
    2406      25.7665
    2407      25.1640
    2408      25.2980
    2409      25.1197
    2410      25.6875
    2411      25.3479
    2412      24.8455
    2413      24.7761
    2414      25.6664
    2415      25.0409
    2416      24.6460
    2417      24.8497
    2418      25.2857
    2419      25.4059
    2420      25.2348
    2421      24.7818
    2422      25.1466
    2423      25.4342
    2424      25.2287
    2425      25.0597
    2426      25.0298
    2427      24.7110
    2428      25.3984
    2429      25.0239
    2430      24.6961
    2431      24.2697
    2432      24.0083
    2433      25.0067
    2434      24.6508
    2435      25.9262
    2436      25.2662
    2437      24.5251
    2438      23.8072
    2439      24.6829
    2440      24.8799
    2441      24.0388
    2442      23.5961
    2443      24.0257
    2444      24.1867
    2445      24.9551
    2446      24.1174
    2447      24.3619
    2448      25.0861
    2449      25.0653
    2450      25.2231
    2451      24.3123
    2452      24.0983
    2453      23.9690
    2454      24.3056
    2455      24.4550
    2456      25.0055
    2457      24.6072
    2458      24.3766
    2459      24.5441
    2460      24.6163
    2461      24.7494
    2462      24.9734
    2463      24.9854
    2464      26.0681
    2465      25.6972
    2466      26.6173
    2467      25.7942
    2468      25.3036
    2469      25.9628
    2470      25.3109
    2471      25.3496
    2472      25.9663
    2473      25.7879
    2474      25.4488
    2475      24.7396
    2476      24.6384
    2477      24.9234
    2478      24.4465
    2479      23.7692
    2480      24.9781
    2481      24.3835
    2482      24.1538
    2483      24.0582
    2484      23.5991
    2485      24.1801
    2486      24.3387
    2487      26.0607
    2488      25.7630
    2489      25.6087
    2490      25.4949
    2491      24.9000
    2492      25.0697
    2493      24.6772
    2494      25.2820
    2495      25.5851
    2496      24.8578
    2497      24.9299
    2498      25.7631
    2499      25.3437
    2500      24.8645
    2501      25.6112
    2502      26.1716
    2503      25.4683
    2504      25.2216
    2505      24.3958
    2506      24.5018
    2507      24.8182
    2508      24.9459
    2509      24.8536
    2510      23.8350
    2511      24.1594
    2512      23.8349
    2513      24.7491
    2514      24.6539
    2515      24.4051
    2516      23.4351
    2517      23.3638
    2518      23.0125
    2519      23.9382
    2520      22.0802
    2521      22.6749
    2522      22.5310
    2523      22.2642
    2524      21.9100
    2525      21.5132
    2526      20.8557
    2527      20.6129
    2528      21.4098
    2529      22.6421
    2530      22.4933
    2531      22.8957
    2532      22.3326
    2533      23.2864
    2534      23.8490
    2535      23.4874
    2536      23.9057
    2537      23.4923
    2538      23.9705
    2539      24.4166
    2540      23.6615
    2541      24.5820
    2542      24.4146
    2543      24.2905
    2544      22.9980
    2545      23.1467
    2546      23.2796
    2547      23.3805
    2548      23.8084
    2549      23.9545
    2550      23.8595
    2551      23.3075
    2552      22.6155
    2553      22.6310
    2554      22.0293
    2555      22.5176
    2556      22.2198
    2557      22.2966
    2558      21.8858
    2559      21.6548
    2560      21.1903
    2561      21.8546
    2562      21.4402
    2563      21.4998
    2564      22.3356
    2565      23.2701
    2566      23.7119
    2567      23.2600
    2568      22.5799
    2569      23.8340
    2570      23.8505
    2571      23.3379
    2572      23.5386
    2573      23.8075
    2574      23.8655
    2575      24.6416
    2576      24.4275
    2577      24.5659
    2578      24.7444
    2579      23.9687
    2580      23.0664
    2581      24.8794
    2582      24.3362
    2583      24.8222
    2584      25.6514
    2585      25.5081
    2586      25.5056
    2587      25.8432
    2588      25.5903
    2589      25.6483
    2590      26.2494
    2591      25.5389
    2592      25.0274
    2593      24.4179
    2594      25.1886
    2595      24.9179
    2596      24.4984
    2597      25.5316
    2598      25.2396
    2599      25.4913
    2600      26.0829
    2601      25.5170
    2602      26.0925
    2603      26.2024
    2604      25.5154
    2605      25.0072
    2606      24.8367
    2607      25.3172
    2608      25.7497
    2609      24.8835
    2610      25.3278
    2611      25.7581
    2612      25.4831
    2613      24.1681
    2614      24.4969
    2615      24.3274
    2616      24.4745
    2617      24.7695
    2618      23.6146
    2619      23.6709
    2620      23.9597
    2621      23.6371
    2622      22.9209
    2623      23.5819
    2624      23.1897
    2625      23.4127
    2626      22.6196
    2627      23.6421
    2628      23.1835
    2629      22.8853
    2630      23.5398
    2631      23.6519
    2632      23.8889
    2633      23.5728
    2634      23.3054
    2635      22.9213
    2636      22.9594
    2637      22.6425
    2638      22.3186
    2639      23.4104
    2640      22.5911
    2641      22.7532
    2642      23.5400
    2643      23.3161
    2644      23.3632
    2645      23.7206
    2646      22.2483
    2647      22.5186
    2648      23.2963
    2649      22.1121
    2650      21.3212
    2651      22.2148
    2652      21.8670
    2653      22.0972
    2654      22.3566
    2655      23.0258
    2656      23.8189
    2657      24.2040
    2658      22.8401
    2659      23.4247
    2660      22.9534
    2661      23.6978
    2662      23.2777
    2663      23.4996
    2664      23.0537
    2665      22.6435
    2666      23.2938
    2667      23.7257
    2668      24.6877
    2669      24.2210
    2670      24.3706
    2671      24.8976
    2672      24.5234
    2673      24.7098
    2674      24.8484
    2675      25.0880
    2676      26.2344
    2677      26.2998
    2678      27.2684
    2679      26.9694
    2680      26.9867
    2681      26.8810
    2682      26.3930
    2683      26.4538
    2684      26.7503
    2685      26.1267
    2686      25.8804
    2687      24.9714
    2688      25.1457
    2689      24.4679
    2690      24.2941
    2691      23.7540
    2692      24.0055
    2693      23.7812
    2694      23.5520
    2695      22.8390
    2696      23.3555
    2697      24.4265
    2698      24.0043
    2699      24.8964
    2700      25.2336
    2701      24.6490
    2702      24.6062
    2703      25.8717
    2704      26.0792
    2705      24.8460
    2706      26.9997
    2707      25.8291
    2708      26.6182
    2709      26.5303
    2710      26.6520
    2711      25.8288
    2712      26.0329
    2713      25.5305
    2714      24.5160
    2715      25.2308
    2716      25.6707
    2717      25.2353
    2718      24.3287
    2719      24.0416
    2720      23.8946
    2721      23.9078
    2722      24.9325
    2723      24.9286
    2724      24.6256
    2725      25.1585
    2726      25.1476
    2727      25.0204
    2728      25.3338
    2729      25.4709
    2730      25.9470
    2731      26.3307
    2732      24.7738
    2733      24.2185
    2734      25.2602
    2735      25.1850
    2736      25.5078
    2737      25.8051
    2738      26.8767
    2739      27.3216
    2740      26.4057
    2741      25.6307
    2742      24.5257
    2743      24.9104
    2744      24.4361
    2745      24.8893
    2746      24.5832
    2747      25.1140
    2748      23.3152
    2749      24.0994
    2750      24.1497
    2751      23.6916
    2752      24.6117
    2753      25.4135
    2754      24.0494
    2755      24.2337
    2756      25.3008
    2757      24.5893
    2758      24.0146
    2759      24.6701
    2760      25.5272
    2761      25.5014
    2762      25.5929
    2763      26.3172
    2764      24.9981
    2765      25.4601
    2766      27.0027
    2767      25.6819
    2768      24.9321
    2769      24.4020
    2770      24.1642
    2771      24.0723
    2772      25.0916
    2773      25.0928
    2774      23.8413
    2775      24.1264
    2776      24.0003
    2777      24.7815
    2778      24.1292
    2779      23.3741
    2780      22.7540
    2781      23.2048
    2782      23.3920
    2783      24.0072
    2784      24.2833
    2785      23.3471
    2786      23.4844
    2787      23.2043
    2788      23.1760
    2789      22.4528
    2790      22.4312
    2791      23.5944
    2792      23.5552
    2793      22.0418
    2794      22.4485
    2795      21.9487
    2796      21.9989
    2797      23.2416
    2798      22.4579
    2799      23.2021
    2800      22.8030
    2801      22.5540
    2802      23.0504
    2803      23.0382
    2804      22.3285
    2805      22.4401
    2806      22.1600
    2807      21.8389
    2808      22.7823
    2809      22.9173
    2810      23.2705
    2811      23.3305
    2812      24.6791
    2813      24.5618
    2814      24.4268
    2815      24.8580
    2816      25.2613
    2817      25.0592
    2818      24.8055
    2819      24.8164
    2820      24.0448
    2821      23.6766
    2822      23.1354
    2823      23.0207
    2824      23.9821
    2825      24.0992
    2826      24.4061
    2827      24.2021
    2828      23.0052
    2829      22.1655
    2830      22.8254
    2831      22.7665
    2832      23.2316
    2833      22.5960
    2834      22.9898
    2835      23.5329
    2836      25.1877
    2837      24.4680
    2838      24.3040
    2839      24.6301
    2840      25.4842
    2841      25.0877
    2842      24.5154
    2843      24.3444
    2844      24.2382
    2845      24.7451
    2846      24.1903
    2847      24.7622
    2848      24.0721
    2849      23.5528
    2850      23.7197
    2851      24.2526
    2852      24.8432
    2853      24.4004
    2854      24.4315
    2855      23.3744
    2856      24.3189
    2857      24.0137
    2858      24.2899
    2859      26.1793
    2860      24.4571
    2861      25.3588
    2862      24.7356
    2863      23.5860
    2864      23.6421
    2865      24.5649
    2866      24.6171
    2867      24.4727
    2868      23.9791
    2869      24.0605
    2870      23.2852
    2871      24.1783
    2872      23.6574
    2873      23.5502
    2874      23.3117
    2875      23.0068
    2876      23.8878
    2877      22.9081
    2878      22.0299
    2879      22.9969
    2880      22.7624
    2881      22.1813
    2882      22.0121
    2883      22.5105
    2884      23.0624
    2885      22.1123
    2886      22.9577
    2887      23.8121
    2888      23.3966
    2889      23.3039
    2890      24.6161
    2891      24.6900
    2892      24.3554
    2893      24.5830
    2894      24.6989
    2895      23.4824
    2896      24.9137
    2897      25.4750
    2898      26.2366
    2899      25.1842
    2900      24.8746
    2901      24.8351
    2902      25.0770
    2903      23.9627
    2904      23.9375
    2905      24.6926
    2906      24.5575
    2907      24.3204
    2908      24.6742
    2909      24.1789
    2910      23.8058
    2911      23.6989
    2912      24.2146
    2913      23.8967
    2914      24.2042
    2915      24.9509
    2916      24.0954
    2917      24.4511
    2918      25.4125
    2919      25.4909
    2920      24.7351
    2921      24.3836
    2922      23.6392
    2923      24.3614
    2924      23.2791
    2925      23.0884
    2926      22.7631
    2927      23.7339
    2928      22.5845
    2929      23.7689
    2930      23.6776
    2931      23.7844
    2932      23.2393
    2933      23.6969
    2934      23.8051
    2935      23.3543
    2936      23.1677
    2937      24.8672
    2938      24.8681
    2939      24.4632
    2940      24.7508
    2941      24.5556
    2942      24.7797
    2943      23.8023
    2944      23.3563
    2945      23.7316
    2946      24.3835
    2947      24.5346
    2948      24.8326
    2949      25.4056
    2950      25.0811
    2951      23.9931
    2952      24.1569
    2953      23.9193
    2954      24.6602
    2955      24.7364
    2956      24.2920
    2957      23.6435
    2958      23.7313
    2959      24.6811
    2960      24.0268
    2961      24.7729
    2962      24.8465
    2963      23.8063
    2964      22.4545
    2965      22.0159
    2966      22.8375
    2967      23.4994
    2968      23.2825
    2969      23.3447
    2970      22.2636
    2971      22.1595
    2972      21.4777
    2973      20.9286
    2974      23.1536
    2975      21.3732
    2976      23.1999
    2977      23.0901
    2978      22.9556
    2979      23.3420
    2980      23.9175
    2981      24.1537
    2982      24.5398
    2983      24.1429
    2984      24.0420
    2985      23.8522
    2986      24.0748
    2987      23.5578
    2988      23.6555
    2989      23.1247
    2990      22.7632
    2991      23.4747
    2992      23.8832
    2993      23.8334
    2994      22.8088
    2995      22.3096
    2996      22.3364
    2997      22.2175
    2998      21.2007
    2999      20.8358
    3000      21.5737
    3001      21.4000
    3002      22.3397
    3003      22.0458
    3004      23.5143
    3005      24.9315
    3006      25.3376
    3007      24.8276
    3008      24.7751
    3009      24.0490
    3010      24.4124
    3011      24.3815
    3012      23.7284
    3013      25.0706
    3014      24.6623
    3015      24.5624
    3016      24.8606
    3017      24.9207
    3018      25.3272
    3019      26.2686
    3020      25.9932
    3021      25.8892
    3022      26.0496
    3023      25.2359
    3024      26.3797
    3025      26.6755
    3026      25.1941
    3027      26.0685
    3028      25.4626
    3029      24.7955
    3030      25.6910
    3031      25.8979
    3032      26.5324
    3033      25.8664
    3034      25.2527
    3035      24.6226
    3036      26.0667
    3037      25.7526
    3038      26.0884
    3039      26.0594
    3040      26.0081
    3041      26.7466
    3042      26.1488
    3043      25.9199
    3044      25.8605
    3045      26.0536
    3046      25.9305
    3047      25.6802
    3048      25.9751
    3049      26.5615
    3050      26.2327
    3051      26.3716
    3052      26.8175
    3053      25.6848
    3054      26.4010
    3055      26.3831
    3056      26.0502
    3057      25.2384
    3058      26.1630
    3059      26.0771
    3060      26.0412
    3061      25.9734
    3062      25.9290
    3063      26.6470
    3064      25.5840
    3065      25.6220
    3066      25.8538
    3067      26.5268
    3068      26.7248
    3069      26.8140
    3070      26.9697
    3071      26.8295
    3072      26.5514
    3073      25.5922
    3074      25.7613
    3075      26.7283
    3076      25.7795
    3077      26.6438
    3078      26.2477
    3079      25.9915
    3080      25.7846
    3081      25.8017
    3082      25.6970
    3083      26.0630
    3084      26.3321
    3085      26.0953
    3086      25.7711
    3087      25.6286
    3088      26.2106
    3089      26.0256
    3090      25.5109
    3091      25.1529
    3092      25.4116
    3093      25.4924
    3094      25.8324
    3095      24.4531
    3096      23.8763
    3097      24.8385
    3098      23.5710
    3099      22.8780
    3100      22.7096
    3101      23.5784
    3102      24.1815
    3103      25.1182
    3104      24.3054
    3105      24.0556
    3106      23.7279
    3107      24.9784
    3108      24.7347
    3109      24.1430
    3110      23.9162
    3111      24.8485
    3112      24.9100
    3113      22.9828
    3114      23.3752
    3115      24.4423
    3116      22.4668
    3117      21.3976
    3118      22.3730
    3119      22.0058
    3120      22.1669
    3121      22.8065
    3122      22.7243
    3123      22.4294
    3124      23.6856
    3125      24.1123
    3126      24.2380
    3127      24.9151
    3128      23.9373
    3129      23.3236
    3130      24.5854
    3131      23.5445
    3132      23.4639
    3133      23.5739
    3134      24.1401
    3135      23.2600
    3136      23.0643
    3137      23.6282
    3138      24.1584
    3139      22.6442
    3140      23.3297
    3141      24.4294
    3142      24.8844
    3143      24.8297
    3144      25.0022
    3145      24.6642
    3146      25.4172
    3147      25.7922
    3148      26.5687
    3149      26.3442
    3150      26.0850
    3151      25.4879
    3152      25.8120
    3153      25.9149
    3154      26.8585
    3155      27.7266
    3156      26.4096
    3157      26.1975
    3158      26.8022
    3159      27.1836
    3160      26.9738
    3161      26.2262
    3162      26.3111
    3163      26.0802
    3164      25.4474
    3165      26.0777
    3166      24.9975
    3167      24.7137
    3168      24.3480
    3169      24.8642
    3170      25.4948
    3171      25.6273
    3172      25.2660
    3173      25.4549
    3174      24.6372
    3175      24.7402
    3176      26.1755
    3177      26.2880
    3178      25.5078
    3179      25.4600
    3180      24.7640
    3181      24.5817
    3182      24.6931
    3183      25.1557
    3184      23.9671
    3185      24.3452
    3186      25.1624
    3187      25.7177
    3188      25.8538
    3189      25.1580
    3190      24.9920
    3191      26.4652
    3192      27.0965
    3193      25.8429
    3194      26.1389
    3195      25.1329
    3196      25.0094
    3197      26.2177
    3198      25.8183
    3199      26.3277
    3200      26.0006
    3201      26.0215
    3202      25.4410
    3203      24.8338
    3204      25.0333
    3205      25.1191
    3206      24.1284
    3207      24.1534
    3208      24.0999
    3209      23.7084
    3210      23.6854
    3211      23.7855
    3212      24.4063
    3213      24.0788
    3214      25.1165
    3215      24.5005
    3216      24.4081
    3217      24.3966
    3218      24.1584
    3219      25.1721
    3220      24.9378
    3221      25.6136
    3222      25.6590
    3223      24.8717
    3224      24.8512
    3225      25.2543
    3226      25.8613
    3227      26.4711
    3228      25.2655
    3229      25.6183
    3230      25.9151
    3231      26.7924
    3232      25.6680
    3233      26.4873
    3234      25.6359
    3235      25.1245
    3236      25.2570
    3237      25.5914
    3238      25.0295
    3239      24.4565
    3240      24.7277
    3241      24.6425
    3242      24.2558
    3243      24.6508
    3244      24.2495
    3245      24.4353
    3246      24.3268
    3247      24.7308
    3248      23.7831
    3249      23.4695
    3250      22.8211
    3251      22.9886
    3252      24.2376
    3253      23.8547
    3254      23.8810
    3255      23.9863
    3256      25.1349
    3257      25.5672
    3258      25.8992
    3259      26.1049
    3260      25.3752
    3261      25.7685
    3262      26.5852
    3263      25.9355
    3264      26.1563
    3265      25.4777
    3266      25.6799
    3267      25.8874
    3268      25.3773
    3269      23.2524
    3270      23.9621
    3271      24.1223
    3272      23.6088
    3273      24.6907
    3274      26.0205
    3275      25.3032
    3276      24.7658
    3277      25.8471
    3278      25.0519
    3279      26.0592
    3280      26.1409
    3281      26.4581
    3282      25.2413
    3283      25.4409
    3284      25.1298
    3285      25.1235
    3286      24.6275
    3287      24.7400
    3288      24.4552
    3289      25.0244
    3290      25.5488
    3291      25.1735
    3292      25.1494
    3293      24.4828
    3294      25.4320
    3295      25.5253
    3296      26.0583
    3297      26.8863
    3298      27.0946
    3299      27.1355
    3300      26.4521
    3301      25.9272
    3302      25.5808
    3303      26.1689
    3304      25.6579
    3305      26.3691
    3306      26.5681
    3307      26.5186
    3308      26.2151
    3309      26.0456
    3310      25.9079
    3311      26.5854
    3312      25.9316
    3313      25.0224
    3314      24.9727
    3315      25.0145
    3316      24.9912
    3317      25.6529
    3318      25.3947
    3319      26.1065
    3320      25.5874
    3321      25.9502
    3322      26.1867
    3323      25.7985
    3324      25.9524
    3325      25.1649
    3326      25.2318
    3327      25.3816
    3328      25.2190
    3329      26.0152
    3330      25.5480
    3331      25.5105
    3332      25.5576
    3333      26.4041
    3334      26.0453
    3335      25.5827
    3336      25.1896
    3337      25.1740
    3338      25.2120
    3339      25.5534
    3340      24.8257
    3341      25.5381
    3342      26.0231
    3343      26.7940
    3344      26.7526
    3345      26.3021
    3346      26.4501
    3347      24.8540
    3348      24.9415
    3349      25.3541
    3350      25.1027
    3351      24.1370
    3352      25.3465
    3353      23.9353
    3354      23.7743
    3355      23.7324
    3356      23.0745
    3357      22.7218
    3358      23.2087
    3359      23.2042
    3360      23.5815
    3361      23.3434
    3362      24.0341
    3363      23.1344
    3364      23.8457
    3365      24.3162
    3366      24.3948
    3367      24.6872
    3368      25.0130
    3369      24.4877
    3370      24.5086
    3371      24.0541
    3372      25.0141
    3373      25.4477
    3374      25.7354
    3375      25.6963
    3376      25.2047
    3377      25.7132
    3378      24.9417
    3379      25.1435
    3380      25.4666
    3381      26.2365
    3382      25.6970
    3383      25.8920
    3384      25.3645
    3385      24.7403
    3386      24.4865
    3387      24.0077
    3388      25.4319
    3389      27.2656
    3390      26.9193
    3391      25.7693
    3392      25.3031
    3393      25.7211
    3394      25.7644
    3395      25.1355
    3396      25.5485
    3397      25.9918
    3398      25.1433
    3399      25.5652
    3400      26.0721
    3401      26.3284
    3402      26.2422
    3403      25.7438
    3404      25.5924
    3405      25.0567
    3406      26.5446
    3407      26.5703
    3408      26.8604
    3409      26.7742
    3410      27.3436
    3411      26.5052
    3412      26.4494
    3413      27.2783
    3414      26.4970
    3415      25.7284
    3416      26.4520
    3417      26.5308
    3418      25.7898
    3419      26.5309
    3420      25.4908
    3421      25.0035
    3422      25.0349
    3423      24.7988
    3424      24.8461
    3425      25.2271
    3426      24.8985
    3427      25.4676
    3428      26.1234
    3429      25.8262
    3430      26.0610
    3431      26.0552
    3432      26.1301
    3433      24.5738
    3434      24.8374
    3435      25.2948
    3436      24.8601
    3437      25.8180
    3438      26.1574
    3439      25.0271
    3440      27.1206
    3441      26.4221
    3442      26.5463
    3443      26.0462
    3444      26.1833
    3445      25.6510
    3446      26.2921
    3447      25.7127
    3448      26.3383
    3449      26.3221
    3450      26.1085
    3451      25.7042
    3452      25.5360
    3453      25.8775
    3454      26.1980
    3455      26.6328
    3456      26.6126
    3457      26.7274
    3458      26.5140
    3459      24.6221
    3460      25.8487
    3461      25.7111
    3462      25.3745
    3463      25.2453
    3464      25.0552
    3465      25.4606
    3466      24.4279
    3467      24.3226
    3468      24.2192
    3469      24.0307
    3470      23.5723
    3471      23.8335
    3472      23.8001
    3473      24.6317
    3474      24.9898
    3475      24.7002
    3476      25.1016
    3477      25.1068
    3478      25.3457
    3479      24.6609
    3480      24.7750
    3481      24.6660
    3482      23.8035
    3483      25.7525
    3484      25.4019
    3485      25.6015
    3486      25.0237
    3487      24.2391
    3488      25.3004
    3489      25.9073
    3490      26.4699
    3491      26.6224
    3492      26.1416
    3493      27.5504
    3494      26.3923
    3495      26.1565
    3496      25.9004
    3497      26.7091
    3498      26.5485
    3499      26.7489
    3500      26.3826
    3501      26.0320
    3502      25.5386
    3503      25.8854
    3504      25.0875
    3505      25.4496
    3506      24.9386
    3507      25.4418
    3508      27.0826
    3509      26.8467
    3510      26.7225
    3511      26.1344
    3512      25.4391
    3513      26.7870
    3514      26.4679
    3515      25.6783
    3516      25.8591
    3517      26.6540
    3518      26.5816
    3519      25.7045
    3520      25.9038
    3521      25.2640
    3522      26.5610
    3523      26.2685
    3524      27.2397
    3525      26.5612
    3526      27.0697
    3527      26.6860
    3528      27.0914
    3529      27.0213
    3530      26.1386
    3531      25.9345
    3532      26.4169
    3533      26.8988
    3534      26.2320
    3535      26.3402
    3536      26.0369
    3537      25.3983
    3538      25.0047
    3539      24.5564
    3540      24.6240
    3541      25.4747
    3542      25.0192
    3543      24.9075
    3544      24.3811
    3545      24.2344
    3546      24.6217
    3547      24.6884
    3548      25.0941
    3549      24.3774
    3550      24.5761
    3551      24.9243
    3552      24.5850
    3553      24.9677
    3554      25.7484
    3555      25.0799
    3556      24.2088
    3557      24.7362
    3558      24.6882
    3559      25.6452
    3560      24.4917
    3561      25.6400
    3562      25.2619
    3563      25.2929
    3564      24.7865
    3565      25.4793
    3566      26.3533
    3567      26.3842
    3568      25.8809
    3569      25.8400
    3570      26.4213
    3571      26.6523
    3572      26.5837
    3573      25.9726
    3574      26.9478
    3575      25.5479
    3576      25.3005
    3577      25.0368
    3578      25.5415
    3579      25.2386
    3580      24.8374
    3581      24.3385
    3582      24.5626
    3583      24.1668
    3584      25.5853
    3585      25.4749
    3586      25.3515
    3587      25.0770
    3588      25.7176
    3589      25.5432
    3590      25.2787
    3591      25.1764
    3592      25.7521
    3593      26.2250
    3594      25.9679
    3595      25.5173
    3596      25.6927
    3597      25.4755
    3598      25.8030
    3599      25.8590
    3600      26.7393
    3601      27.4695
    3602      27.3213
    3603      26.8231
    3604      27.6650
    3605      27.3069
    3606      27.4631
    3607      26.1828
    3608      26.0340
    3609      24.7372
    3610      25.1493
    3611      25.8252
    3612      26.0854
    3613      25.8204
    3614      26.5998
    3615      26.2070
    3616      25.6471
    3617      25.0407
    3618      25.7080
    3619      25.6574
    3620      25.0556
    3621      25.6975
    3622      26.2418
    3623      26.4563
    3624      26.3023
    3625      25.7212
    3626      26.4068
    3627      26.7259
    3628      26.2628
    3629      25.4357
    3630      26.5249
    3631      26.9398
    3632      26.4679
    3633      25.5384
    3634      24.8439
    3635      24.7013
    3636      24.7084
    3637      25.3337
    3638      24.9950
    3639      26.0190
    3640      26.4367
    3641      26.1339
    3642      26.0207
    3643      25.2426
    3644      24.9079
    3645      25.9035
    3646      26.1282
    3647      26.1389
    3648      24.9737
    3649      24.2862
    3650      24.4508
    3651      22.4016
    3652      22.1637
    3653      23.2851
    3654      23.7231
    3655      23.8391
    3656      23.7270
    3657      23.1493
    3658      23.7927
    3659      24.7461
    3660      24.2813
    3661      25.1044
    3662      24.5174
    3663      24.7494
    3664      25.6416
    3665      25.6221
    3666      27.1031
    3667      26.8308
    3668      25.6815
    3669      24.3708
    3670      24.1525
    3671      24.9751
    3672      25.4911
    3673      25.1258
    3674      25.0826
    3675      25.5470
    3676      26.0260
    3677      25.9071
    3678      26.4822
    3679      25.7849
    3680      25.7825
    3681      25.7036
    3682      25.8798
    3683      25.4147
    3684      24.6216
    3685      24.7564
    3686      24.5590
    3687      24.2950
    3688      24.6107
    3689      24.1087
    3690      24.5033
    3691      24.6623
    3692      23.8891
    3693      23.6950
    3694      23.2498
    3695      23.7276
    3696      24.8393
    3697      24.4439
    3698      25.1271
    3699      25.3027
    3700      24.7157
    3701      24.8475
    3702      24.9574
    3703      24.4050
    3704      23.8701
    3705      24.8607
    3706      25.2268
    3707      25.8358
    3708      25.3940
    3709      24.0659
    3710      24.0515
    3711      24.2278
    3712      23.7388
    3713      24.6668
    3714      23.8700
    3715      23.4845
    3716      24.8135
    3717      24.8841
    3718      24.5546
    3719      24.4822
    3720      23.7629
    3721      24.0241
    3722      23.7076
    3723      24.8868
    3724      24.3408
    3725      24.3529
    3726      24.9891
    3727      24.5407
    3728      24.8236
    3729      24.7962
    3730      24.8233
    3731      24.5607
    3732      24.1900
    3733      23.8073
    3734      23.6299
    3735      23.3025
    3736      24.3787
    3737      23.4320
    3738      22.8346
    3739      23.3901
    3740      23.4861
    3741      24.6789
    3742      23.4339
    3743      23.8746
    3744      25.3063
    3745      25.1046
    3746      25.3824
    3747      25.3305
    3748      25.3667
    3749      25.2553
    3750      24.9556
    3751      24.9435
    3752      24.4315
    3753      25.8468
    3754      25.5509
    3755      25.4242
    3756      24.7208
    3757      24.0187
    3758      24.6077
    3759      24.1987
    3760      23.5625
    3761      23.4270
    3762      22.5014
    3763      23.0749
    3764      23.7480
    3765      22.5509
    3766      22.2423
    3767      21.6040
    3768      21.7815
    3769      21.1867
    3770      22.9586
    3771      21.8697
    3772      20.5576
    3773      22.5689
    3774      21.9620
    3775      21.6867
    3776      22.4331
    3777      22.1233
    3778      21.9240
    3779      21.1835
    3780      20.7896
    3781      22.0449
    3782      20.9267
    3783      21.5087
    3784      21.3751
    3785      22.5523
    3786      24.5770
    3787      23.5293
    3788      23.5002
    3789      24.0402
    3790      24.7520
    3791      23.8105
    3792      24.4496
    3793      23.4629
    3794      23.4121
    3795      23.9416
    3796      23.2910
    3797      24.1045
    3798      23.9662
    3799      22.9462
    3800      22.1955
    3801      21.6406
    3802      22.5399
    3803      22.3723
    3804      23.2654
    3805      23.3999
    3806      23.1735
    3807      23.0025
    3808      22.3594
    3809      23.8509
    3810      23.2791
    3811      23.5433
    3812      23.4187
    3813      22.7178
    3814      22.1348
    3815      22.8925
    3816      23.3576
    3817      22.6942
    3818      23.7064
    3819      23.4791
    3820      22.7267
    3821      23.5025
    3822      23.2950
    3823      23.7190
    3824      23.2742
    3825      23.1573
    3826      24.1210
    3827      23.6743
    3828      23.6103
    3829      23.0747
    3830      22.1568
    3831      22.8450
    3832      22.5742
    3833      22.3652
    3834      22.3406
    3835      21.5416
    3836      22.2577
    3837      23.9592
    3838      24.2148
    3839      24.4278
    3840      25.0257
    3841      23.4504
    3842      23.5416
    3843      23.7319
    3844      24.7465
    3845      24.4235
    3846      24.6621
    3847      24.4933
    3848      22.9356
    3849      23.3080
    3850      22.6933
    3851      22.7814
    3852      24.2135
    3853      23.0132
    3854      23.5693
    3855      24.2241
    3856      24.2034
    3857      24.7125
    3858      24.8325
    3859      24.5286
    3860      24.2137
    3861      25.2327
    3862      24.9511
    3863      24.1450
    3864      25.2544
    3865      23.9425
    3866      23.8496
    3867      24.1815
    3868      25.1522
    3869      25.4508
    3870      25.1249
    3871      26.8855
    3872      25.7661
    3873      25.7660
    3874      27.3769
    3875      27.0471
    3876      27.0993
    3877      25.6613
    3878      25.6179
    3879      26.0893
    3880      25.9734
    3881      26.4613
    3882      26.1343
    3883      26.5015
    3884      25.9302
    3885      26.5936
    3886      25.8907
    3887      25.5142
    3888      25.3959
    3889      24.7967
    3890      25.2256
    3891      25.3320
    3892      24.3771
    3893      24.0715
    3894      24.1227
    3895      23.0081
    3896      22.7867
    3897      23.0575
    3898      22.4218
    3899      22.6641
    3900      22.4959
    3901      23.4861
    3902      24.3210
    3903      23.0379
    3904      22.9351
    3905      22.6854
    3906      22.1154
    3907      23.3538
    3908      23.6777
    3909      24.0348
    3910      23.8126
    3911      23.6246
    3912      23.1434
    3913      22.5699
    3914      21.4210
    3915      21.5964
    3916      21.4568
    3917      21.6801
    3918      22.8060
    3919      22.2933
    3920      21.7904
    3921      21.8744
    3922      21.4302
    3923      21.3033
    3924      21.2881
    3925      21.3743
    3926      21.3267
    3927      21.6944
    3928      20.2772
    3929      20.7335
    3930      21.0939
    3931      19.8567
    3932      21.1629
    3933      20.1391
    3934      20.5408
    3935      20.3423
    3936      19.0956
    3937      19.2605
    3938      19.0986
    3939      19.2954
    3940      18.8744
    3941      18.7317
    3942      19.2806
    3943      20.8771
    3944      20.4452
    3945      19.8699
    3946      20.6871
    3947      20.4528
    3948      20.4773
    3949      21.1453
    3950      21.0885
    3951      21.3897
    3952      20.5386
    3953      20.1924
    3954      20.5110
    3955      20.7921
    3956      20.1798
    3957      19.3698
    3958      19.8584
    3959      19.6996
    3960      20.5716
    3961      21.2662
    3962      19.6897
    3963      20.4829
    3964      21.1373
    3965      20.2995
    3966      19.5640
    3967      19.5204
    3968      19.4424
    3969      18.8909
    3970      18.4205
    3971      19.9065
    3972      19.4187
    3973      18.1610
    3974      18.8224
    3975      18.3968
    3976      18.2331
    3977      18.9412
    3978      19.4801
    3979      18.8119
    3980      17.1833
    3981      16.6988
    3982      16.9826
    3983      18.9109
    3984      19.4419
    3985      18.2219
    3986      18.2247
    3987      17.9960
    3988      17.2913
    3989      18.2676
    3990      17.6433
    3991      18.0885
    3992      17.9266
    3993      19.0546
    3994      19.5798
    3995      18.8546
    3996      18.5049
    3997      19.3367
    3998      19.1416
    3999      18.9860
    4000      18.2042
    4001      18.4379
    4002      17.9299
    4003      18.1003
    4004      18.0446
    4005      17.8527
    4006      17.6869
    4007      18.0530
    4008      16.8693
    4009      17.8742
    4010      17.4558
    4011      18.5627
    4012      17.8224
    4013      17.5920
    4014      16.8004
    4015      17.8893
    4016      17.3473
    4017      18.3099
    4018      18.5613
    4019      18.5772
    4020      17.7332
    4021      19.1632
    4022      19.9950
    4023      20.5114
    4024      20.2699
    4025      20.2802
    4026      20.3553
    4027      20.0113
    4028      21.3939
    4029      21.0173
    4030      20.8027
    4031      21.3618
    4032      20.2238
    4033      20.6505
    4034      20.0378
    4035      20.3493
    4036      20.6726
    4037      18.9531
    4038      18.9373
    4039      18.3009
    4040      18.0064
    4041      17.8383
    4042      17.6088
    4043      18.6129
    4044      18.7541
    4045      18.5971
    4046      18.1894
    4047      16.7007
    4048      17.4353
    4049      16.1260
    4050      16.2745
    4051      16.1819
    4052      16.2984
    4053      16.5225
    4054      17.6311
    4055      16.6902
    4056      16.4664
    4057      17.9175
    4058      18.2047
    4059      18.6486
    4060      18.7487
    4061      18.7043
    4062      18.2195
    4063      17.3015
    4064      17.7298
    4065      16.6864
    4066      16.1853
    4067      17.5034
    4068      17.5484
    4069      18.0255
    4070      18.0973
    4071      18.3089
    4072      18.9668
    4073      19.4376
    4074      20.7689
    4075      20.9394
    4076      20.8622
    4077      21.4357
    4078      20.6327
    4079      20.3081
    4080      21.2433
    4081      21.1852
    4082      21.4860
    4083      21.4760
    4084      19.8856
    4085      20.5036
    4086      20.7135
    4087      20.2345
    4088      20.3730
    4089      20.2216
    4090      19.1453
    4091      19.0803
    4092      19.7846
    4093      19.3944
    4094      18.8236
    4095      19.0034
    4096      19.6690
    4097      18.6590
    4098      18.9977
    4099      18.9163
    4100      18.8808
    4101      18.2089
    4102      18.4474
    4103      19.5106
    4104      19.2595
    4105      18.9482
    4106      18.9612
    4107      19.2202
    4108      19.8923
    4109      19.5804
    4110      19.9787
    4111      19.8584
    4112      19.8159
    4113      18.7824
    4114      18.7904
    4115      17.5141
    4116      17.6066
    4117      18.3916
    4118      17.9035
    4119      19.4130
    4120      20.0624
    4121      18.8530
    4122      20.3512
    4123      20.6880
    4124      20.7225
    4125      20.3138
    4126      19.1635
    4127      18.8269
    4128      18.0649
    4129      18.3976
    4130      18.5932
    4131      18.1354
    4132      17.0776
    4133      17.7096
    4134      16.7244
    4135      16.8036
    4136      17.1763
    4137      16.3519
    4138      17.2477
    4139      18.1198
    4140      18.9519
    4141      19.4478
    4142      19.2045
    4143      19.0641
    4144      18.0482
    4145      19.3639
    4146      18.0620
    4147      17.6838
    4148      19.0503
    4149      18.9748
    4150      19.0460
    4151      19.2569
    4152      18.9478
    4153      19.7159
    4154      19.6721
    4155      19.6373
    4156      19.7175
    4157      20.6588
    4158      19.6339
    4159      19.7976
    4160      20.0388
    4161      20.7869
    4162      20.9062
    4163      21.0306
    4164      20.1426
    4165      19.9867
    4166      19.7843
    4167      19.9800
    4168      21.1653
    4169      20.6895
    4170      19.9721
    4171      19.5889
    4172      19.5691
    4173      18.5486
    4174      19.9364
    4175      18.5944
    4176      18.3877
    4177      18.7854
    4178      20.0969
    4179      18.9959
    4180      19.0124
    4181      18.6755
    4182      19.0401
    4183      18.7043
    4184      19.4781
    4185      18.3962
    4186      19.2634
    4187      17.6309
    4188      19.4644
    4189      20.4150
    4190      20.6606
    4191      21.8488
    4192      20.6436
    4193      20.1912
    4194      20.1054
    4195      21.0440
    4196      19.4376
    4197      19.4497
    4198      19.1398
    4199      18.7842
    4200      18.9123
    4201      20.1025
    4202      19.1991
    4203      19.9307
    4204      19.9700
    4205      19.4921
    4206      18.8842
    4207      19.5571
    4208      19.3285
    4209      19.5805
    4210      18.8840
    4211      19.7373
    4212      20.0882
    4213      20.3194
    4214      19.5683
    4215      19.2957
    4216      18.5537
    4217      18.4732
    4218      19.4421
    4219      18.2914
    4220      19.0649
    4221      19.0861
    4222      19.6262
    4223      19.1288
    4224      19.7820
    4225      19.3403
    4226      18.9200
    4227      19.3936
    4228      19.4300
    4229      18.3624
    4230      18.1525
    4231      17.8473
    4232      17.5150
    4233      17.3472
    4234      15.9774
    4235      15.9453
    4236      16.0986
    4237      15.1667
    4238      16.4944
    4239      17.2810
    4240      17.5104
    4241      18.2318
    4242      18.4347
    4243      19.3008
    4244      19.5888
    4245      19.7373
    4246      20.8304
    4247      21.7822
    4248      22.7138
    4249      21.8339
    4250      20.4954
    4251      20.2266
    4252      18.9278
    4253      20.3095
    4254      19.1366
    4255      19.1228
    4256      19.5318
    4257      19.5457
    4258      19.5297
    4259      19.8925
    4260      18.8914
    4261      20.2217
    4262      19.7943
    4263      20.0792
    4264      21.1157
    4265      21.1104
    4266      21.2130
    4267      20.9743
    4268      21.2000
    4269      20.7627
    4270      20.9721
    4271      20.4834
    4272      21.0937
    4273      21.3499
    4274      20.8653
    4275      21.4499
    4276      20.7731
    4277      21.3882
    4278      20.5163
    4279      21.5897
    4280      21.4353
    4281      21.6246
    4282      21.3264
    4283      21.6848
    4284      21.3918
    4285      21.0101
    4286      19.7020
    4287      19.5473
    4288      20.4716
    4289      19.6740
    4290      19.5205
    4291      19.4146
    4292      20.4828
    4293      19.9001
    4294      18.1719
    4295      18.1120
    4296      17.3491
    4297      17.5168
    4298      15.9069
    4299      16.0225
    4300      15.6153
    4301      16.3412
    4302      16.4180
    4303      16.8146
    4304      15.9397
    4305      16.3662
    4306      15.1474
    4307      16.5088
    4308      16.9607
    4309      17.0969
    4310      18.2966
    4311      17.7866
    4312      17.1101
    4313      16.9322
    4314      16.4738
    4315      17.0045
    4316      17.2865
    4317      16.6976
    4318      17.5270
    4319      17.3217
    4320      17.9989
    4321      18.2165
    4322      17.1970
    4323      17.1437
    4324      17.7317
    4325      18.4178
    4326      19.6924
    4327      18.5968
    4328      17.6261
    4329      19.7371
    4330      18.6684
    4331      17.6974
    4332      17.9915
    4333      18.4137
    4334      18.6538
    4335      18.4911
    4336      19.0928
    4337      19.2168
    4338      19.9372
    4339      19.8576
    4340      19.7163
    4341      19.7747
    4342      19.2711
    4343      19.1279
    4344      18.4698
    4345      19.3993
    4346      20.8257
    4347      19.4877
    4348      19.4574
    4349      19.3094
    4350      20.6473
    4351      20.6165
    4352      20.3957
    4353      19.2252
    4354      19.3299
    4355      20.7154
    4356      20.0456
    4357      20.5841
    4358      20.3297
    4359      20.9215
    4360      20.7507
    4361      22.1985
    4362      21.9681
    4363      21.2017
    4364      20.7203
    4365      20.2319
    4366      19.5892
    4367      18.6276
    4368      19.1150
    4369      18.2102
    4370      18.8097
    4371      19.5405
    4372      18.9291
    4373      19.3869
    4374      20.1183
    4375      19.6905
    4376      19.3209
    4377      17.8727
    4378      18.5587
    4379      18.8745
    4380      18.1329
    4381      18.8194
    4382      18.5765
    4383      18.0247
    4384      18.3544
    4385      18.1741
    4386      17.6170
    4387      17.6233
    4388      16.4904
    4389      16.6276
    4390      16.8973
    4391      17.5950
    4392      18.3422
    4393      17.8970
    4394      18.1939
    4395      17.7581
    4396      17.7112
    4397      17.4920
    4398      18.2382
    4399      18.4237
    4400      18.0125
    4401      18.9458
    4402      18.9587
    4403      18.4171
    4404      17.1539
    4405      17.3895
    4406      16.6872
    4407      17.1993
    4408      17.4390
    4409      18.2535
    4410      18.5021
    4411      17.8331
    4412      17.9508
    4413      17.2863
    4414      16.1162
    4415      16.8113
    4416      16.3646
    4417      16.5602
    4418      15.6756
    4419      17.3752
    4420      18.1513
    4421      18.4940
    4422      16.5679
    4423      16.7579
    4424      16.7901
    4425      17.3470
    4426      17.1453
    4427      18.0521
    4428      17.6845
    4429      17.9906
    4430      17.1963
    4431      18.7931
    4432      18.8668
    4433      18.1837
    4434      18.5722
    4435      18.4396
    4436      17.8601
    4437      17.3866
    4438      17.6640
    4439      16.9331
    4440      17.8277
    4441      17.3514
    4442      17.4797
    4443      17.6738
    4444      17.2299
    4445      17.4621
    4446      18.1943
    4447      18.2428
    4448      18.1430
    4449      16.7787
    4450      18.0289
    4451      17.5117
    4452      17.3761
    4453      16.8035
    4454      16.9458
    4455      16.7773
    4456      17.0313
    4457      17.5612
    4458      17.3812
    4459      17.7631
    4460      16.7350
    4461      16.8734
    4462      16.6226
    4463      17.9527
    4464      18.1758
    4465      17.6653
    4466      17.4753
    4467      16.8392
    4468      17.4265
    4469      18.4632
    4470      17.9650
    4471      17.8756
    4472      18.0093
    4473      17.0158
    4474      17.8892
    4475      18.3004
    4476      18.4676
    4477      17.8827
    4478      18.2691
    4479      17.9510
    4480      18.1706
    4481      18.8993
    4482      18.7961
    4483      19.5434
    4484      19.4313
    4485      19.4651
    4486      19.3705
    4487      19.2739
    4488      18.4311
    4489      18.1650
    4490      18.7867
    4491      19.0305
    4492      19.8058
    4493      19.4419
    4494      18.4268
    4495      18.3100
    4496      19.2448
    4497      19.1066
    4498      19.0555
    4499      19.5089
    4500      19.7362
    4501      20.5376
    4502      21.3244
    4503      20.0926
    4504      19.6706
    4505      18.3420
    4506      18.9030
    4507      19.1830
    4508      18.6716
    4509      18.7756
    4510      19.2124
    4511      18.0562
    4512      18.5876
    4513      19.0448
    4514      18.9451
    4515      18.4567
    4516      19.2262
    4517      19.5327
    4518      21.1895
    4519      21.7286
    4520      20.7760
    4521      21.5973
    4522      21.0763
    4523      21.6531
    4524      22.0741
    4525      21.4377
    4526      20.6369
    4527      20.8506
    4528      21.5464
    4529      21.5036
    4530      21.8827
    4531      20.6152
    4532      21.0255
    4533      21.7789
    4534      21.5233
    4535      20.5586
    4536      20.5859
    4537      20.8653
    4538      21.5358
    4539      21.6272
    4540      21.8429
    4541      21.9206
    4542      22.5761
    4543      22.7743
    4544      21.4506
    4545      21.4724
    4546      20.4170
    4547      20.1688
    4548      21.2786
    4549      20.8972
    4550      21.0284
    4551      20.4644
    4552      20.9851
    4553      20.2176
    4554      19.5788
    4555      19.1379
    4556      21.0206
    4557      20.8108
    4558      20.7425
    4559      20.7158
    4560      21.2032
    4561      20.3543
    4562      19.7223
    4563      20.1081
    4564      18.9659
    4565      19.4760
    4566      20.4912
    4567      20.3056
    4568      20.5083
    4569      21.2602
    4570      21.4050
    4571      20.7098
    4572      20.7664
    4573      21.2343
    4574      20.6206
    4575      19.6038
    4576      21.3946
    4577      20.7971
    4578      19.9845
    4579      20.2097
    4580      19.9338
    4581      20.0323
    4582      20.6370
    4583      19.9668
    4584      20.1997
    4585      21.1405
    4586      21.3337
    4587      20.9258
    4588      19.4855
    4589      19.5758
    4590      19.8538
    4591      20.5592
    4592      20.4225
    4593      20.3532
    4594      19.2887
    4595      20.1286
    4596      21.6346
    4597      21.2025
    4598      19.8541
    4599      20.5680
    4600      19.4508
    4601      19.9275
    4602      20.4183
    4603      21.2106
    4604      21.2320
    4605      21.5785
    4606      20.0726
    4607      19.3395
    4608      18.3822
    4609      18.5628
    4610      18.3239
    4611      16.9871
    4612      17.9361
    4613      17.1047
    4614      17.8758
    4615      17.5772
    4616      18.1984
    4617      18.0492
    4618      18.3762
    4619      18.0045
    4620      17.9552
    4621      18.0071
    4622      17.6576
    4623      18.0865
    4624      17.1619
    4625      17.6197
    4626      17.7832
    4627      17.4947
    4628      18.3230
    4629      18.0439
    4630      17.4986
    4631      17.5756
    4632      18.1131
    4633      17.9559
    4634      17.7896
    4635      18.7553
    4636      18.3313
    4637      18.5559
    4638      18.6393
    4639      18.2392
    4640      18.8351
    4641      18.8756
    4642      17.7917
    4643      18.1389
    4644      17.5724
    4645      17.2437
    4646      18.3244
    4647      17.9762
    4648      17.7107
    4649      17.4215
    4650      17.2353
    4651      17.6937
    4652      17.8453
    4653      17.4273
    4654      18.4431
    4655      18.7901
    4656      17.7983
    4657      17.8969
    4658      17.8647
    4659      18.1131
    4660      16.9451
    4661      17.4730
    4662      17.3288
    4663      17.5267
    4664      17.5997
    4665      17.0981
    4666      16.8802
    4667      16.6137
    4668      17.1003
    4669      16.4097
    4670      16.9585
    4671      16.9658
    4672      16.8058
    4673      17.6803
    4674      17.8658
    4675      17.6845
    4676      19.4407
    4677      19.0055
    4678      18.0773
    4679      17.1137
    4680      16.6162
    4681      16.6937
    4682      16.5937
    4683      16.8352
    4684      16.0671
    4685      16.8324
    4686      17.9399
    4687      17.6085
    4688      17.0998
    4689      17.2308
    4690      17.4734
    4691      17.5711
    4692      17.8375
    4693      16.3056
    4694      16.8030
    4695      16.9790
    4696      16.1304
    4697      16.7091
    4698      16.7631
    4699      16.9669
    4700      17.2995
    4701      17.1454
    4702      16.9445
    4703      17.8156
    4704      17.3020
    4705      16.9845
    4706      18.1527
    4707      18.8401
    4708      17.9861
    4709      17.0539
    4710      17.5213
    4711      18.0860
    4712      18.4797
    4713      17.8631
    4714      18.6812
    4715      18.3389
    4716      18.0830
    4717      18.4722
    4718      18.1158
    4719      17.8938
    4720      17.4115
    4721      17.8064
    4722      17.8046
    4723      18.2823
    4724      17.8879
    4725      17.0332
    4726      17.6203
    4727      17.3264
    4728      18.4086
    4729      17.7544
    4730      16.6702
    4731      17.1541
    4732      17.1197
    4733      17.1730
    4734      17.9583
    4735      18.1898
    4736      18.2112
    4737      17.9284
    4738      17.2893
    4739      17.1185
    4740      17.1155
    4741      17.4658
    4742      17.6804
    4743      16.7345
    4744      16.5933
    4745      17.3537
    4746      18.6855
    4747      18.1256
    4748      18.7562
    4749      19.0051
    4750      19.0884
    4751      18.7729
    4752      18.6355
    4753      19.4798
    4754      19.1353
    4755      19.3942
    4756      18.6434
    4757      17.9703
    4758      18.0997
    4759      17.6998
    4760      18.2058
    4761      18.2426
    4762      17.7494
    4763      18.0661
    4764      18.8125
    4765      18.8626
    4766      18.9038
    4767      18.7658
    4768      18.6358
    4769      18.3217
    4770      18.0600
    4771      18.7259
    4772      18.9434
    4773      19.6420
    4774      19.0277
    4775      17.6911
    4776      18.4939
    4777      17.5046
    4778      17.7181
    4779      16.9883
    4780      18.3490
    4781      17.4475
    4782      17.7311
    4783      17.2737
    4784      18.4819
    4785      18.5947
    4786      17.4309
    4787      17.4895
    4788      17.6402
    4789      18.1995
    4790      18.3742
    4791      18.2066
    4792      17.5515
    4793      17.7053
    4794      18.0798
    4795      17.8398
    4796      17.2976
    4797      17.2958
    4798      16.9013
    4799      17.1384
    4800      16.2960
    4801      16.4231
    4802      16.6165
    4803      15.9799
    4804      17.2411
    4805      16.9084
    4806      16.8193
    4807      16.5302
    4808      16.7295
    4809      17.4521
    4810      17.7076
    4811      17.3373
    4812      17.1904
    4813      18.1575
    4814      17.9018
    4815      17.3073
    4816      17.2474
    4817      16.4105
    4818      17.0868
    4819      16.7016
    4820      16.2762
    4821      18.0019
    4822      16.6674
    4823      17.5210
    4824      18.0632
    4825      18.8277
    4826      18.7339
    4827      18.1824
    4828      18.9502
    4829      18.7388
    4830      18.4030
    4831      17.7326
    4832      17.9174
    4833      18.6130
    4834      18.9120
    4835      19.1879
    4836      18.8223
    4837      19.0017
    4838      18.4767
    4839      18.1246
    4840      18.5533
    4841      18.2471
    4842      18.9363
    4843      18.3323
    4844      17.9346
    4845      17.9826
    4846      18.3503
    4847      17.8111
    4848      17.9375
    4849      17.6701
    4850      17.8158
    4851      17.4513
    4852      16.7885
    4853      17.3440
    4854      17.8707
    4855      17.2406
    4856      17.4996
    4857      17.5256
    4858      17.3419
    4859      17.4988
    4860      17.5509
    4861      17.9502
    4862      17.9882
    4863      18.0997
    4864      17.2187
    4865      16.9745
    4866      16.6126
    4867      17.7634
    4868      17.3619
    4869      16.5895
    4870      17.1790
    4871      18.0922
    4872      18.4478
    4873      17.9486
    4874      19.1117
    4875      17.1838
    4876      17.8543
    4877      18.1067
    4878      18.7117
    4879      18.1892
    4880      16.9408
    4881      17.7174
    4882      17.4005
    4883      17.1916
    4884      18.1499
    4885      18.4717
    4886      17.8207
    4887      17.4769
    4888      17.8486
    4889      17.0797
    4890      17.4809
    4891      18.1899
    4892      18.2785
    4893      17.9849
    4894      18.0880
    4895      18.7095
    4896      18.8320
    4897      17.4168
    4898      17.2727
    4899      17.9163
    4900      18.3422
    4901      18.2711
    4902      18.6424
    4903      17.6807
    4904      17.5862
    4905      17.5206
    4906      18.3723
    4907      18.6617
    4908      17.6318
    4909      17.7544
    4910      17.1009
    4911      16.7405
    4912      17.1988
    4913      17.0678
    4914      16.6433
    4915      16.1659
    4916      16.2551
    4917      16.7073
    4918      16.8062
    4919      16.9087
    4920      17.2916
    4921      16.4835
    4922      17.0891
    4923      16.8143
    4924      17.3095
    4925      18.0259
    4926      16.7003
    4927      16.4430
    4928      17.2231
    4929      17.6430
    4930      17.1509
    4931      16.5084
    4932      16.6543
    4933      16.5838
    4934      17.3278
    4935      17.3238
    4936      17.5016
    4937      17.5929
    4938      18.2151
    4939      19.7002
    4940      19.1345
    4941      18.5471
    4942      18.7695
    4943      18.9781
    4944      17.9389
    4945      19.1710
    4946      18.7572
    4947      18.5577
    4948      17.7599
    4949      18.9073
    4950      18.6607
    4951      18.3476
    4952      18.4388
    4953      18.9648
    4954      18.7648
    4955      17.7007
    4956      18.2644
    4957      18.9934
    4958      19.0706
    4959      17.4833
    4960      17.8935
    4961      17.4743
    4962      17.9380
    4963      17.5819
    4964      18.0326
    4965      18.5758
    4966      18.2735
    4967      17.0046
    4968      17.5857
    4969      17.0375
    4970      17.2440
    4971      17.1120
    4972      17.7585
    4973      17.9835
    4974      18.7629
    4975      18.3790
    4976      18.4024
    4977      18.4915
    4978      18.0920
    4979      17.5510
    4980      17.7393
    4981      18.7605
    4982      18.1677
    4983      18.5710
    4984      18.7573
    4985      18.2100
    4986      17.5894
    4987      17.4410
    4988      17.9415
    4989      17.5567
    4990      17.1311
    4991      17.7437
    4992      18.3364
    4993      17.7671
    4994      18.1437
    4995      16.9225
    4996      18.0429
    4997      17.5064
    4998      17.8468
    4999      16.2098
    5000      16.6847
