#Frame   PFOASelfImage PFOASelfImage[A1] PFOASelfImage[A2]
       1       42.8668               386               388
       2       42.1544               386               388
       3       42.3519               386               388
       4       42.0199               386               388
       5       42.7697               388               390
       6       44.1649               384               386
       7       44.1103               384               386
       8       43.6260               386               388
       9       43.9139               386               388
      10       44.9209               384               386
      11       46.4763               384               390
      12       45.9579               384               385
      13       45.2029               384               390
      14       44.7715               384               390
      15       44.9337               384               390
      16       44.5203               384               390
      17       43.9896               384               390
      18       44.1487               384               391
      19       43.6007               388               391
      20       43.1994               388               391
      21       43.7014               384               391
      22       43.0799               386               388
      23       43.7696               388               391
      24       43.8951               384               391
      25       44.4512               384               391
      26       43.3896               383               391
      27       43.6458               384               391
      28       42.4668               388               391
      29       43.4867               386               388
      30       42.2284               388               391
      31       42.2220               388               391
      32       43.3129               386               388
      33       43.5034               384               391
      34       43.2974               383               391
      35       42.7672               388               391
      36       43.4861               384               391
      37       43.3885               384               391
      38       43.4634               384               391
      39       44.5204               384               391
      40       44.6625               384               390
      41       45.3356               384               386
      42       43.8530               384               386
      43       43.8800               384               386
      44       44.3547               384               391
      45       43.9962               384               386
      46       44.5479               384               386
      47       43.8845               384               386
      48       44.9985               384               386
      49       44.5729               384               386
      50       45.3633               384               386
      51       45.2287               384               386
      52       44.2454               384               386
      53       45.5464               384               386
      54       45.9303               384               390
      55       44.9248               383               385
      56       44.9713               383               390
      57       43.6690               383               390
      58       44.3843               383               390
      59       43.0791               383               390
      60       42.8948               388               390
      61       43.1471               383               390
      62       44.2772               383               390
      63       43.4581               383               390
      64       43.5708               388               390
      65       44.5464               383               390
      66       44.7175               383               390
      67       43.5807               387               390
      68       42.9648               387               390
      69       42.5794               388               390
      70       43.2033               387               390
      71       43.1508               387               390
      72       43.0614               387               390
      73       42.9683               387               390
      74       42.8806               387               390
      75       43.1241               387               390
      76       43.0767               388               390
      77       43.3924               387               390
      78       42.2532               387               390
      79       42.8474               388               390
      80       43.3457               388               390
      81       43.3383               387               390
      82       43.3903               388               390
      83       42.7752               387               390
      84       42.2174               387               390
      85       42.7992               387               390
      86       43.0334               388               390
      87       43.4836               387               390
      88       42.6113               387               390
      89       43.3576               388               390
      90       43.3814               388               390
      91       42.9825               388               390
      92       42.7678               388               390
      93       43.2412               388               390
      94       42.8778               388               390
      95       44.0961               388               390
      96       43.6949               388               390
      97       43.1342               388               390
      98       44.2915               388               390
      99       44.5337               388               390
     100       44.0079               388               390
     101       43.6915               388               390
     102       44.4758               387               390
     103       43.7603               388               390
     104       46.2817               388               390
     105       44.3247               388               390
     106       45.1746               388               390
     107       44.6640               388               390
     108       44.5768               387               390
     109       43.6772               387               390
     110       42.8387               387               390
     111       42.4128               387               390
     112       42.8693               387               390
     113       42.4436               387               390
     114       42.3080               387               390
     115       43.0836               388               390
     116       42.3083               387               390
     117       42.3551               387               390
     118       42.4987               387               390
     119       42.2459               387               390
     120       43.5268               388               390
     121       42.9049               387               390
     122       42.1567               387               390
     123       42.3255               387               391
     124       42.1630               387               390
     125       41.4983               387               391
     126       41.5941               387               391
     127       41.7882               387               391
     128       42.4011               386               387
     129       42.1938               386               387
     130       42.1219               386               387
     131       42.3696               386               387
     132       41.8148               387               391
     133       42.0945               387               390
     134       41.8982               387               390
     135       42.6064               385               387
     136       42.6929               386               387
     137       42.1270               387               391
     138       42.2647               386               387
     139       42.1929               387               390
     140       41.6417               387               390
     141       41.1831               387               390
     142       41.5395               387               390
     143       41.5521               387               390
     144       41.9492               387               390
     145       42.0860               387               390
     146       42.1472               387               390
     147       41.9740               387               390
     148       42.8766               387               390
     149       41.3832               387               390
     150       42.3117               387               390
     151       42.5087               387               390
     152       42.0425               387               390
     153       41.9463               387               390
     154       42.2265               387               390
     155       42.1535               387               390
     156       42.3665               387               390
     157       41.6880               387               390
     158       41.9916               387               390
     159       42.5689               387               390
     160       43.9995               383               385
     161       43.0870               385               387
     162       42.9100               387               390
     163       42.5248               387               390
     164       42.9356               387               390
     165       43.5301               387               390
     166       43.8493               383               390
     167       44.2447               383               390
     168       44.3239               383               390
     169       44.3689               387               390
     170       44.7151               385               388
     171       46.0610               388               390
     172       46.2191               388               390
     173       45.3280               388               390
     174       45.8671               388               390
     175       46.3373               388               390
     176       47.4590               377               379
     177       47.6751               377               383
     178       45.8681               377               383
     179       46.3331               377               383
     180       45.8631               383               385
     181       45.4127               383               390
     182       45.1779               383               390
     183       45.3161               383               390
     184       45.7958               383               385
     185       45.7997               383               385
     186       45.3595               383               385
     187       45.7117               383               385
     188       46.7600               377               383
     189       46.9129               377               383
     190       46.9312               377               383
     191       44.9425               383               385
     192       45.1040               383               385
     193       45.3737               383               385
     194       44.3666               383               385
     195       43.8713               383               385
     196       44.3298               383               385
     197       44.6386               383               385
     198       46.2081               383               385
     199       44.7672               383               385
     200       45.1226               383               385
     201       45.3342               383               385
     202       45.4038               383               385
     203       44.3835               383               385
     204       43.9373               383               385
     205       43.8420               383               385
     206       44.0960               383               385
     207       43.6684               385               387
     208       43.6882               383               385
     209       43.6907               383               385
     210       44.3092               383               385
     211       45.1887               383               385
     212       44.4637               383               385
     213       43.6772               383               390
     214       44.2177               383               385
     215       43.3604               385               387
     216       44.0742               385               388
     217       44.1753               388               390
     218       43.9469               383               390
     219       43.4806               388               390
     220       43.4295               388               390
     221       43.8865               388               390
     222       44.1951               388               390
     223       44.7703               385               388
     224       44.5606               388               390
     225       45.4345               388               390
     226       44.1742               388               390
     227       44.0992               388               390
     228       43.5755               383               390
     229       41.9804               387               390
     230       42.0986               387               390
     231       42.6367               387               390
     232       42.7161               387               390
     233       42.4365               387               390
     234       42.6617               387               390
     235       43.6578               388               390
     236       43.8673               387               390
     237       42.7862               387               391
     238       44.4893               383               391
     239       42.2403               387               391
     240       42.7259               387               391
     241       43.7592               387               391
     242       43.1079               387               391
     243       42.9992               387               391
     244       42.0586               387               390
     245       42.5541               388               391
     246       43.2358               388               391
     247       42.1761               387               391
     248       42.2133               388               391
     249       41.8956               387               391
     250       42.8384               387               391
     251       41.9806               387               391
     252       42.1554               387               391
     253       41.4082               387               390
     254       42.3841               387               391
     255       42.0716               387               390
     256       42.0234               387               390
     257       42.5825               387               391
     258       43.6847               388               391
     259       45.1277               388               391
     260       45.6489               388               391
     261       45.1306               383               385
     262       45.0788               383               385
     263       45.8619               383               385
     264       45.5564               383               385
     265       46.4059               383               385
     266       45.3623               383               385
     267       44.3842               383               385
     268       45.4665               383               385
     269       45.4345               383               385
     270       45.5090               383               385
     271       45.4771               383               385
     272       44.6178               383               385
     273       44.8131               383               385
     274       44.9421               383               385
     275       45.2676               383               385
     276       44.2466               383               385
     277       44.3810               383               385
     278       44.1930               383               385
     279       43.9876               383               385
     280       44.3920               383               391
     281       44.1618               383               385
     282       45.0420               383               385
     283       45.6380               383               385
     284       45.6899               383               385
     285       45.1071               383               385
     286       44.3749               383               385
     287       45.0455               383               385
     288       45.3826               383               385
     289       44.9297               383               385
     290       44.9171               383               385
     291       44.6617               383               385
     292       45.5390               383               385
     293       46.5573               383               385
     294       46.5357               383               385
     295       45.5337               383               385
     296       44.8544               383               385
     297       45.1224               383               385
     298       46.8758               377               383
     299       46.1583               383               385
     300       46.4796               377               383
     301       46.3104               377               383
     302       47.7198               377               383
     303       46.7073               383               385
     304       45.9766               383               385
     305       46.4175               383               385
     306       45.8489               383               391
     307       44.8972               387               391
     308       43.9085               387               391
     309       44.8133               387               391
     310       44.6611               387               391
     311       45.3819               387               391
     312       44.1121               387               391
     313       45.0547               387               391
     314       44.4240               387               390
     315       43.4959               388               390
     316       43.4907               389               391
     317       43.2680               389               391
     318       44.3454               389               391
     319       45.0378               389               391
     320       44.6131               389               391
     321       44.0363               389               391
     322       44.0215               389               391
     323       44.3673               389               391
     324       44.2889               389               391
     325       44.0788               389               391
     326       44.3755               389               391
     327       43.4011               388               391
     328       44.0115               388               391
     329       43.3731               389               390
     330       43.3599               388               391
     331       44.4039               388               391
     332       44.4603               383               385
     333       44.7017               383               385
     334       45.6007               383               385
     335       45.9255               383               385
     336       45.4249               383               385
     337       45.1850               383               385
     338       43.9660               383               385
     339       43.6947               383               385
     340       44.9474               383               385
     341       44.6542               383               391
     342       44.7563               383               391
     343       45.2869               383               391
     344       45.6585               383               391
     345       45.2034               383               385
     346       45.5825               383               385
     347       45.8358               383               385
     348       45.8562               383               385
     349       44.8416               383               385
     350       45.0386               383               385
     351       45.5576               383               385
     352       44.8649               383               385
     353       44.6940               383               385
     354       46.2677               377               383
     355       46.4662               377               383
     356       46.9916               377               383
     357       46.3654               377               383
     358       47.0819               383               385
     359       46.9401               380               385
     360       46.7971               387               391
     361       45.3233               383               391
     362       44.4527               383               385
     363       44.7050               383               385
     364       44.6806               383               385
     365       43.6947               383               385
     366       43.9816               383               385
     367       43.8493               383               385
     368       43.9259               383               385
     369       45.2151               383               385
     370       44.5289               383               385
     371       44.3020               383               385
     372       44.6627               383               386
     373       44.6326               384               386
     374       44.5113               383               385
     375       45.3039               383               385
     376       43.8442               383               385
     377       44.2336               383               385
     378       43.9650               383               385
     379       43.7134               385               387
     380       43.7615               383               385
     381       43.8775               383               391
     382       43.4006               383               385
     383       43.7070               383               385
     384       43.7645               383               385
     385       43.5893               383               385
     386       42.6994               385               387
     387       43.0977               383               391
     388       42.9369               385               387
     389       42.9212               385               387
     390       43.7233               385               387
     391       44.0818               383               385
     392       44.0504               383               391
     393       43.2675               387               391
     394       44.0334               383               385
     395       44.6735               383               385
     396       44.0161               383               385
     397       44.3170               383               385
     398       45.2457               383               385
     399       44.2358               383               385
     400       43.4258               385               387
     401       43.2797               385               387
     402       43.8651               384               386
     403       44.9760               384               386
     404       44.5512               384               386
     405       43.9121               384               385
     406       43.5387               385               387
     407       43.4657               385               387
     408       44.4672               384               385
     409       43.6328               383               385
     410       42.6541               385               387
     411       42.8013               383               391
     412       42.7190               385               387
     413       43.1059               385               387
     414       43.3764               383               385
     415       42.7038               386               387
     416       42.1150               386               387
     417       43.6820               386               387
     418       43.6875               386               387
     419       43.5778               386               387
     420       42.6031               386               387
     421       43.3573               386               387
     422       44.4838               386               387
     423       43.4893               389               391
     424       43.4512               387               391
     425       42.8129               387               391
     426       43.3386               389               391
     427       43.1448               387               391
     428       42.9596               386               389
     429       43.1361               387               391
     430       43.6846               386               389
     431       44.1920               389               391
     432       44.0355               389               391
     433       43.7768               389               390
     434       43.5284               389               391
     435       44.3997               389               391
     436       44.4870               389               391
     437       44.2231               389               391
     438       43.3691               389               391
     439       44.3592               389               391
     440       43.9443               386               387
     441       43.3847               389               391
     442       43.4045               389               391
     443       43.9075               389               391
     444       42.9163               386               387
     445       43.7255               386               389
     446       43.3296               389               391
     447       42.5377               386               387
     448       42.8191               386               387
     449       43.0654               389               391
     450       42.9909               389               391
     451       44.1846               389               391
     452       42.4264               387               391
     453       42.2530               387               391
     454       42.4220               386               387
     455       42.2564               386               387
     456       42.2513               387               391
     457       42.0885               387               390
     458       42.3875               386               387
     459       42.1599               386               387
     460       42.0784               387               391
     461       41.9983               387               391
     462       42.5478               387               391
     463       42.7073               386               387
     464       42.0889               386               387
     465       42.3821               387               391
     466       41.9410               387               391
     467       42.3148               387               391
     468       42.3727               386               387
     469       42.2891               386               387
     470       41.7024               387               391
     471       41.8209               387               391
     472       41.1061               387               391
     473       41.5607               387               391
     474       41.5470               387               391
     475       41.9158               387               391
     476       41.2928               387               391
     477       42.0719               386               387
     478       41.9284               387               391
     479       42.1606               387               391
     480       41.4271               387               390
     481       41.6411               387               391
     482       41.9435               387               390
     483       42.6893               385               387
     484       43.1561               385               387
     485       42.0601               386               387
     486       43.3980               384               391
     487       42.8004               387               390
     488       42.3154               387               390
     489       41.7678               387               390
     490       43.2198               387               390
     491       42.9613               387               390
     492       42.4951               386               387
     493       42.1595               386               388
     494       42.7849               388               390
     495       42.8078               388               390
     496       42.8744               388               390
     497       43.2148               388               390
     498       43.6024               387               390
     499       44.0927               387               390
     500       46.1536               387               390
     501       45.9135               387               390
     502       45.6512               387               390
     503       45.1865               387               390
     504       44.5058               386               387
     505       45.1200               384               390
     506       44.7200               384               390
     507       45.5565               384               386
     508       46.0213               375               386
     509       45.6551               384               386
     510       45.4156               384               386
     511       46.0738               375               386
     512       45.3950               386               389
     513       41.8587               387               390
     514       43.7805               387               390
     515       44.3584               384               386
     516       43.5158               384               386
     517       44.1544               384               386
     518       44.8540               384               386
     519       44.6654               383               385
     520       44.8383               383               386
     521       44.3392               383               385
     522       44.4469               383               385
     523       44.6349               383               385
     524       43.7300               385               387
     525       43.6385               383               385
     526       45.0347               383               385
     527       44.5475               383               385
     528       43.5244               383               385
     529       44.1708               383               385
     530       44.9949               383               385
     531       46.5855               380               385
     532       45.6689               383               385
     533       44.0319               383               385
     534       44.9126               383               385
     535       44.9322               383               385
     536       44.7286               384               385
     537       44.0103               383               385
     538       44.9486               383               385
     539       44.6853               383               385
     540       45.3674               383               385
     541       45.3150               383               385
     542       44.6774               384               385
     543       44.4642               384               386
     544       44.7703               383               385
     545       44.3645               384               386
     546       44.1566               386               387
     547       43.6583               386               387
     548       44.1550               384               386
     549       44.5745               384               386
     550       44.4363               386               387
     551       44.2147               384               386
     552       43.9236               384               385
     553       44.0869               384               386
     554       44.1919               384               386
     555       44.5344               384               386
     556       44.2986               384               385
     557       44.6348               384               386
     558       44.3537               384               386
     559       44.9047               385               387
     560       45.1000               384               386
     561       45.3882               384               385
     562       45.9016               384               385
     563       45.6564               383               386
     564       46.5241               382               383
     565       45.5106               383               386
     566       46.1445               384               386
     567       45.9624               384               386
     568       46.8109               384               386
     569       47.2633               382               384
     570       47.5901               387               391
     571       47.1407               382               384
     572       46.2410               384               386
     573       46.9615               382               384
     574       47.2099               384               385
     575       46.2229               384               386
     576       46.0964               383               385
     577       46.1477               384               386
     578       46.2520               384               386
     579       45.9842               384               386
     580       46.3206               384               386
     581       45.3437               384               386
     582       45.3702               380               386
     583       45.2073               384               386
     584       45.0892               384               386
     585       45.7587               384               386
     586       45.6243               384               386
     587       45.2686               384               386
     588       45.5631               384               386
     589       46.4188               382               384
     590       45.4046               384               386
     591       45.1951               384               386
     592       45.0988               384               386
     593       45.1657               384               386
     594       45.4283               383               385
     595       44.7323               383               386
     596       45.0383               384               386
     597       44.8994               384               386
     598       45.8807               384               385
     599       45.1856               384               386
     600       45.8927               384               386
     601       45.5975               384               385
     602       46.7586               384               386
     603       45.8254               384               386
     604       46.2657               382               384
     605       46.4541               382               384
     606       47.3207               382               384
     607       47.1695               382               384
     608       47.0004               382               391
     609       47.1939               382               384
     610       47.2453               382               384
     611       47.4501               387               391
     612       46.6119               375               386
     613       46.0547               384               386
     614       45.5041               384               386
     615       46.6735               384               386
     616       45.8822               384               385
     617       45.6445               384               386
     618       47.3894               378               386
     619       46.6398               377               383
     620       47.5819               380               389
     621       46.6752               382               383
     622       47.5060               382               390
     623       46.7100               382               383
     624       47.2760               380               382
     625       47.2215               380               385
     626       46.2928               382               384
     627       45.6230               384               386
     628       45.2763               384               385
     629       45.0525               384               385
     630       45.5286               384               386
     631       45.4052               384               386
     632       45.8284               384               386
     633       45.4608               384               386
     634       46.4803               384               386
     635       46.4046               384               385
     636       45.5758               384               386
     637       45.6909               384               386
     638       45.3035               384               385
     639       46.6761               384               385
     640       46.8366               382               384
     641       46.7443               384               386
     642       47.2005               382               384
     643       47.2866               382               384
     644       47.0375               382               384
     645       47.5776               382               384
     646       47.7305               378               382
     647       46.5458               388               390
     648       47.5292               378               388
     649       46.2022               387               390
     650       44.8503               388               390
     651       44.0630               388               391
     652       44.5248               381               388
     653       44.3066               388               391
     654       44.2668               388               391
     655       42.9248               388               390
     656       42.8505               388               390
     657       43.4205               388               390
     658       43.1503               388               390
     659       44.3969               388               390
     660       44.2426               388               390
     661       42.3783               388               390
     662       42.2839               387               390
     663       42.6092               387               391
     664       42.2569               387               391
     665       41.9698               387               391
     666       43.0069               387               391
     667       42.5159               387               391
     668       42.1872               387               391
     669       42.2452               387               391
     670       42.2083               387               391
     671       42.5076               387               391
     672       43.2284               381               387
     673       41.8804               387               391
     674       42.3089               387               391
     675       42.2668               387               391
     676       42.5520               387               391
     677       42.5731               386               387
     678       42.1539               387               391
     679       42.5299               387               391
     680       43.1056               386               388
     681       41.8737               388               391
     682       42.4258               388               391
     683       42.3779               388               391
     684       42.8752               388               391
     685       43.0328               388               391
     686       42.6949               388               391
     687       42.3798               388               391
     688       42.8457               388               391
     689       42.6466               388               391
     690       42.1716               388               391
     691       43.1611               381               388
     692       42.9498               388               391
     693       43.3707               389               391
     694       42.5080               386               389
     695       42.9584               389               391
     696       42.0182               389               391
     697       42.0395               386               389
     698       41.7898               389               391
     699       42.0031               389               391
     700       41.8021               389               391
     701       41.9517               389               391
     702       42.3295               389               391
     703       41.9047               389               391
     704       41.7263               389               391
     705       42.1989               388               391
     706       42.7497               389               391
     707       43.0899               389               391
     708       42.6401               388               391
     709       41.7894               388               391
     710       42.5984               388               391
     711       42.8454               388               391
     712       44.0350               389               391
     713       44.2770               389               390
     714       45.3198               380               390
     715       45.7842               388               390
     716       44.5331               388               391
     717       44.3936               388               391
     718       43.7929               388               391
     719       43.8175               388               391
     720       44.2511               388               391
     721       44.3029               388               391
     722       44.0707               388               391
     723       44.2248               388               391
     724       44.0095               387               390
     725       43.6708               387               391
     726       44.3088               387               391
     727       41.9769               388               391
     728       41.9034               388               391
     729       42.2422               388               391
     730       42.6646               387               390
     731       41.5491               388               391
     732       41.6850               388               391
     733       42.7096               388               391
     734       41.9053               388               390
     735       42.0004               388               391
     736       41.7073               388               391
     737       41.6998               388               391
     738       42.8324               388               391
     739       41.8772               388               391
     740       41.3187               388               391
     741       42.2993               388               390
     742       41.6289               388               391
     743       42.1313               388               391
     744       41.7966               388               391
     745       42.0150               388               391
     746       41.8398               388               391
     747       42.0023               386               388
     748       42.2640               388               391
     749       42.0501               388               391
     750       42.7555               388               391
     751       42.9785               388               391
     752       43.1303               388               391
     753       42.7418               388               391
     754       42.1506               388               391
     755       41.9623               388               391
     756       41.9487               387               391
     757       42.1772               387               391
     758       42.1825               389               391
     759       42.3702               389               391
     760       43.9003               384               391
     761       43.9930               384               391
     762       45.1319               384               391
     763       44.8020               384               391
     764       44.2923               384               391
     765       44.6616               384               391
     766       44.5738               384               391
     767       43.3642               389               391
     768       42.6079               389               391
     769       43.3076               389               391
     770       42.5558               389               391
     771       42.0449               389               391
     772       42.4859               389               391
     773       42.2828               389               391
     774       42.2172               389               391
     775       42.6959               389               391
     776       43.1880               389               391
     777       42.3802               389               391
     778       42.8825               389               391
     779       42.3842               389               391
     780       42.2576               389               391
     781       42.0597               389               391
     782       41.7828               389               391
     783       41.6202               389               391
     784       42.1137               389               391
     785       42.4870               389               391
     786       41.6841               389               391
     787       41.9490               386               389
     788       41.6441               387               391
     789       41.4034               389               391
     790       41.9722               389               391
     791       41.9398               389               391
     792       42.0285               389               391
     793       42.1139               389               391
     794       42.8836               388               391
     795       41.7306               388               391
     796       41.9429               388               391
     797       42.6963               388               391
     798       42.5095               388               391
     799       42.9781               388               391
     800       42.9173               388               391
     801       42.3037               388               391
     802       42.1765               388               391
     803       42.1873               388               391
     804       41.8804               388               391
     805       42.1446               388               391
     806       41.9254               388               391
     807       41.7061               388               391
     808       41.2788               388               391
     809       41.7537               388               391
     810       41.9806               388               391
     811       42.3464               388               391
     812       42.6366               388               391
     813       42.0555               388               391
     814       41.3940               388               391
     815       41.9656               388               391
     816       41.8183               388               391
     817       41.9663               388               391
     818       41.6753               388               391
     819       41.9449               388               391
     820       41.8819               388               391
     821       41.5183               388               391
     822       41.8935               387               391
     823       41.7087               387               391
     824       41.9193               387               391
     825       42.0919               387               391
     826       41.5808               387               391
     827       41.9125               387               391
     828       42.4504               386               387
     829       42.0283               388               391
     830       41.1101               388               391
     831       41.8373               388               391
     832       41.4404               388               391
     833       41.6695               388               391
     834       42.2416               387               391
     835       41.7208               387               391
     836       42.7559               388               391
     837       42.0776               388               391
     838       41.5574               387               391
     839       41.8762               387               391
     840       41.5180               388               391
     841       41.9422               388               391
     842       41.7993               388               391
     843       41.5279               387               391
     844       41.7930               388               391
     845       42.2669               387               391
     846       42.2406               387               391
     847       42.1698               387               391
     848       41.6484               387               391
     849       41.9202               387               391
     850       41.9598               387               391
     851       42.1494               388               391
     852       41.8728               388               391
     853       42.2204               388               391
     854       42.2842               388               391
     855       41.7653               388               391
     856       42.1911               387               391
     857       42.0179               388               391
     858       41.7157               387               391
     859       41.7237               387               391
     860       42.1744               387               391
     861       42.3588               387               391
     862       41.6017               387               391
     863       41.7465               389               391
     864       41.9330               387               390
     865       41.6837               387               391
     866       41.9085               387               391
     867       42.5171               387               391
     868       41.7650               389               391
     869       42.2401               389               391
     870       42.3835               387               391
     871       41.7997               387               391
     872       42.5164               387               391
     873       42.4515               389               391
     874       42.6600               389               391
     875       42.4587               389               391
     876       42.3397               387               391
     877       42.3427               387               391
     878       42.5686               389               391
     879       41.9086               389               391
     880       42.3312               389               391
     881       42.1703               389               391
     882       41.7547               388               391
     883       42.9707               388               391
     884       42.8067               389               391
     885       42.3704               389               391
     886       42.3736               387               391
     887       42.2422               387               391
     888       42.5919               389               391
     889       42.0424               389               391
     890       41.8162               389               391
     891       42.2881               389               391
     892       42.2887               387               391
     893       42.3026               387               391
     894       41.4710               387               391
     895       42.3082               387               390
     896       41.3053               387               391
     897       41.7194               387               391
     898       41.6660               387               391
     899       42.3408               387               391
     900       41.9030               387               391
     901       41.4218               387               391
     902       41.8006               387               391
     903       41.6106               387               391
     904       42.1216               387               391
     905       41.9943               388               391
     906       41.5888               387               391
     907       41.7997               387               391
     908       41.9082               387               391
     909       41.6535               387               391
     910       41.6952               387               391
     911       41.7687               387               391
     912       41.2933               387               391
     913       41.7841               387               391
     914       41.5938               387               391
     915       41.0550               387               391
     916       41.5809               387               391
     917       41.3076               387               391
     918       41.3768               387               391
     919       41.8354               387               391
     920       41.9032               387               391
     921       41.3100               387               391
     922       41.6945               387               391
     923       41.8627               387               391
     924       41.6861               387               391
     925       41.3549               387               391
     926       41.4106               387               391
     927       41.6630               387               391
     928       41.8319               387               391
     929       41.4325               387               391
     930       41.4839               387               391
     931       41.5449               387               391
     932       41.3398               387               391
     933       42.1020               387               391
     934       42.2530               387               391
     935       42.2050               387               391
     936       42.1397               387               391
     937       42.1047               387               391
     938       41.9005               387               391
     939       41.6805               387               391
     940       41.3572               387               391
     941       42.1400               387               391
     942       40.9008               387               391
     943       41.6130               387               391
     944       41.8069               387               391
     945       42.0295               387               391
     946       41.4474               387               391
     947       41.8587               387               391
     948       42.6360               387               391
     949       43.6635               386               387
     950       42.2749               387               391
     951       43.4023               386               387
     952       43.2959               386               387
     953       43.3506               386               387
     954       42.6508               386               387
     955       42.7786               386               387
     956       43.0308               386               387
     957       43.0119               387               391
     958       42.9098               387               391
     959       43.1376               381               387
     960       42.6092               387               391
     961       43.4494               386               387
     962       43.7233               381               387
     963       42.5940               387               391
     964       43.2056               386               387
     965       43.2540               387               391
     966       43.4867               381               387
     967       43.7176               387               391
     968       42.7175               387               391
     969       43.5551               381               387
     970       43.6757               386               387
     971       43.7877               386               387
     972       44.0281               386               387
     973       43.4580               386               387
     974       43.8234               386               387
     975       43.6734               387               391
     976       42.9008               387               391
     977       42.6898               387               391
     978       42.8034               386               387
     979       43.0744               386               387
     980       42.4335               387               391
     981       42.0796               387               390
     982       42.1544               387               390
     983       42.0185               388               390
     984       42.7663               386               388
     985       43.3650               388               390
     986       43.0279               388               390
     987       43.2322               386               388
     988       43.1761               388               390
     989       44.8087               386               388
     990       44.9629               383               386
     991       44.8075               383               386
     992       43.8530               386               388
     993       43.6302               386               388
     994       44.1219               386               388
     995       43.0806               386               388
     996       43.7668               386               388
     997       44.4437               386               388
     998       43.8286               386               388
     999       43.4325               381               388
    1000       44.4145               381               388
    1001       43.0444               386               388
    1002       44.8826               381               388
    1003       44.4414               383               386
    1004       44.3677               386               388
    1005       44.3030               381               388
    1006       44.2419               386               388
    1007       45.1319               381               383
    1008       43.8323               386               388
    1009       43.8756               388               390
    1010       43.7639               386               388
    1011       43.2994               388               390
    1012       44.1122               383               390
    1013       43.9612               383               386
    1014       44.0139               383               386
    1015       43.9691               386               388
    1016       44.0978               383               386
    1017       43.9363               386               388
    1018       44.0366               386               388
    1019       43.9935               386               388
    1020       43.8353               386               388
    1021       43.5513               386               388
    1022       43.6414               386               388
    1023       44.0125               386               388
    1024       44.9218               386               388
    1025       44.5942               383               386
    1026       43.8270               386               388
    1027       43.2358               386               388
    1028       43.8632               381               388
    1029       44.3840               386               388
    1030       43.8872               381               388
    1031       44.4030               381               388
    1032       44.3408               386               388
    1033       44.2102               381               388
    1034       43.6942               381               388
    1035       43.5962               381               388
    1036       44.1425               381               388
    1037       43.9601               381               388
    1038       43.5920               386               388
    1039       44.1129               381               388
    1040       44.3133               383               390
    1041       43.1647               386               388
    1042       43.1242               386               388
    1043       43.5779               386               388
    1044       43.9588               383               386
    1045       42.9843               388               390
    1046       42.3395               388               390
    1047       41.8257               388               390
    1048       43.6386               386               388
    1049       44.2614               386               388
    1050       43.7579               383               386
    1051       42.9414               386               388
    1052       43.0272               386               388
    1053       44.5248               383               386
    1054       43.6042               386               388
    1055       42.8923               386               388
    1056       44.3939               383               386
    1057       44.1507               383               386
    1058       43.7228               388               390
    1059       44.9793               383               386
    1060       45.4175               383               386
    1061       44.8042               383               386
    1062       45.2525               383               386
    1063       44.6365               383               386
    1064       44.1700               383               386
    1065       44.2150               383               386
    1066       44.4075               383               386
    1067       44.0013               383               386
    1068       44.7806               383               386
    1069       44.7811               383               386
    1070       43.8640               383               390
    1071       44.4636               383               386
    1072       44.1042               383               386
    1073       44.5388               386               388
    1074       44.7361               383               386
    1075       45.6610               381               383
    1076       44.6044               381               388
    1077       44.7836               381               388
    1078       44.9537               383               386
    1079       44.6483               386               388
    1080       43.5591               386               388
    1081       44.1502               386               388
    1082       43.8395               386               388
    1083       43.1667               386               388
    1084       44.3408               383               386
    1085       44.3191               383               386
    1086       44.1111               383               386
    1087       44.0582               383               386
    1088       44.0393               383               386
    1089       43.8385               383               386
    1090       44.2446               383               386
    1091       43.5754               386               388
    1092       44.1611               383               386
    1093       44.6231               383               386
    1094       44.7735               383               386
    1095       44.7837               383               386
    1096       45.5147               383               386
    1097       44.6198               383               386
    1098       44.3659               386               389
    1099       43.9699               383               386
    1100       43.5818               386               388
    1101       44.2091               383               386
    1102       44.0975               383               386
    1103       44.1047               383               386
    1104       44.1378               386               388
    1105       44.0183               383               386
    1106       43.7722               383               386
    1107       44.6435               383               386
    1108       44.3858               383               390
    1109       44.5029               383               386
    1110       44.0129               383               386
    1111       43.8018               383               386
    1112       43.6309               386               388
    1113       43.1610               386               388
    1114       42.3715               386               388
    1115       43.7111               386               387
    1116       44.2332               386               387
    1117       44.6498               387               390
    1118       44.2576               386               387
    1119       44.1114               387               390
    1120       43.4330               387               390
    1121       44.7070               386               387
    1122       44.5179               386               387
    1123       44.5981               386               387
    1124       44.9528               386               387
    1125       45.7293               379               386
    1126       44.6262               384               386
    1127       43.9564               387               390
    1128       45.1873               379               386
    1129       45.2688               386               387
    1130       44.7790               386               387
    1131       44.3435               386               387
    1132       44.5473               384               386
    1133       44.8435               386               387
    1134       44.1171               386               387
    1135       44.7549               386               387
    1136       45.1875               386               387
    1137       44.7525               386               387
    1138       45.1761               384               386
    1139       44.5392               386               387
    1140       44.9520               384               386
    1141       44.9555               384               386
    1142       44.9786               384               386
    1143       45.0153               384               386
    1144       44.5314               386               388
    1145       44.8688               384               386
    1146       43.8811               386               387
    1147       45.2281               384               386
    1148       45.2659               386               387
    1149       44.0205               386               387
    1150       45.0878               384               386
    1151       44.1404               386               387
    1152       44.8181               384               386
    1153       44.6091               386               387
    1154       45.2306               386               387
    1155       45.5859               386               387
    1156       44.8349               386               387
    1157       44.7903               384               386
    1158       45.8748               379               386
    1159       44.9653               386               387
    1160       44.8909               386               387
    1161       45.7205               386               387
    1162       43.9875               387               390
    1163       44.9435               387               390
    1164       45.7479               384               386
    1165       45.5488               375               386
    1166       44.1988               386               387
    1167       45.7633               375               386
    1168       46.1998               375               386
    1169       45.5607               375               386
    1170       45.7072               375               386
    1171       45.7126               375               386
    1172       45.6308               375               386
    1173       45.7029               375               386
    1174       45.6062               375               386
    1175       45.4167               375               386
    1176       45.6275               386               387
    1177       45.8190               375               386
    1178       46.3716               384               385
    1179       45.9995               384               386
    1180       45.3000               384               386
    1181       45.5321               384               386
    1182       45.5485               386               388
    1183       45.6839               384               386
    1184       45.6929               375               386
    1185       45.3955               375               386
    1186       45.8684               375               386
    1187       46.0686               375               386
    1188       45.2171               384               386
    1189       45.3977               384               386
    1190       45.2925               375               386
    1191       44.8579               386               387
    1192       44.8109               384               386
    1193       45.3159               384               386
    1194       44.9725               384               386
    1195       45.0091               384               386
    1196       45.0137               386               387
    1197       44.8282               386               387
    1198       44.5746               384               386
    1199       45.5829               384               386
    1200       46.0350               375               386
    1201       45.6759               375               386
    1202       45.7496               384               386
    1203       45.6669               375               386
    1204       45.3567               386               387
    1205       44.9807               386               387
    1206       45.6981               381               387
    1207       45.5183               375               386
    1208       45.1401               386               387
    1209       45.5857               381               387
    1210       45.5782               379               386
    1211       45.8780               375               386
    1212       45.5956               379               386
    1213       45.1470               386               387
    1214       44.4508               386               387
    1215       45.7371               386               387
    1216       44.8947               384               390
    1217       44.6366               386               387
    1218       44.9817               386               387
    1219       44.2911               386               387
    1220       45.4892               379               390
    1221       45.5646               384               386
    1222       45.0123               386               387
    1223       45.6974               384               386
    1224       44.1630               386               387
    1225       43.9259               386               387
    1226       45.0724               384               386
    1227       45.1456               384               386
    1228       44.9275               384               386
    1229       44.7524               386               387
    1230       45.1689               386               387
    1231       45.5465               375               386
    1232       45.6413               379               386
    1233       45.0693               384               386
    1234       44.8617               384               386
    1235       44.4702               386               387
    1236       45.8864               384               386
    1237       45.7017               384               386
    1238       45.1631               384               386
    1239       46.0216               384               385
    1240       45.6956               384               386
    1241       44.8370               386               388
    1242       45.5207               384               386
    1243       45.7729               384               386
    1244       45.3864               384               386
    1245       45.1679               384               386
    1246       45.5579               384               386
    1247       45.4584               375               386
    1248       45.3326               375               386
    1249       45.4991               375               386
    1250       45.9890               375               386
    1251       45.6233               375               386
    1252       45.2768               384               386
    1253       45.4266               375               386
    1254       44.8819               384               386
    1255       45.4858               375               386
    1256       45.3062               386               387
    1257       45.7054               379               386
    1258       44.4071               386               387
    1259       45.2017               386               387
    1260       45.3621               386               387
    1261       45.3841               375               386
    1262       45.4530               375               386
    1263       45.4775               375               386
    1264       45.4065               386               387
    1265       45.3255               379               386
    1266       44.9537               386               387
    1267       45.9933               375               386
    1268       47.0621               376               381
    1269       46.1841               379               381
    1270       45.8268               379               381
    1271       46.1965               379               381
    1272       45.9558               379               381
    1273       46.4575               379               381
    1274       46.8132               379               381
    1275       46.6749               379               381
    1276       46.7888               379               381
    1277       47.1198               379               381
    1278       46.8307               379               381
    1279       46.7624               379               381
    1280       46.8255               375               381
    1281       46.3664               379               386
    1282       46.8902               379               381
    1283       46.1767               375               386
    1284       46.2079               375               386
    1285       45.3705               375               386
    1286       45.7919               375               386
    1287       45.5698               375               386
    1288       45.8772               375               386
    1289       46.4531               375               386
    1290       46.8954               375               386
    1291       46.8532               375               386
    1292       47.0783               376               386
    1293       46.2975               375               386
    1294       46.7889               375               386
    1295       46.9668               375               386
    1296       46.5998               375               386
    1297       46.9273               375               386
    1298       47.1207               375               385
    1299       46.7066               375               386
    1300       46.5751               384               386
    1301       46.8194               375               389
    1302       46.0151               375               386
    1303       47.1241               375               389
    1304       47.4860               378               386
    1305       46.1159               375               386
    1306       45.7684               375               386
    1307       46.8994               375               386
    1308       47.2993               377               385
    1309       46.1091               375               386
    1310       46.3582               375               386
    1311       46.5123               375               386
    1312       46.8950               375               386
    1313       46.5321               375               389
    1314       46.8672               375               386
    1315       46.6472               375               386
    1316       46.6088               375               386
    1317       46.2383               375               386
    1318       46.4879               375               386
    1319       46.3075               375               386
    1320       46.8791               375               381
    1321       46.6999               375               386
    1322       46.1502               375               386
    1323       46.1888               375               386
    1324       46.9386               379               386
    1325       46.3962               375               386
    1326       46.5882               375               386
    1327       47.1117               375               381
    1328       46.8459               375               386
    1329       46.5425               379               386
    1330       45.9873               386               387
    1331       47.0256               375               386
    1332       46.3994               379               381
    1333       46.3816               379               386
    1334       46.3369               379               381
    1335       46.2253               375               386
    1336       46.9315               379               381
    1337       45.8498               375               386
    1338       45.9500               375               386
    1339       45.8947               375               386
    1340       45.6982               375               386
    1341       46.2353               379               386
    1342       45.5987               381               387
    1343       46.2814               375               386
    1344       45.6148               381               387
    1345       46.3137               379               381
    1346       46.5081               379               381
    1347       46.9188               379               381
    1348       46.1518               379               381
    1349       46.0795               379               381
    1350       46.3172               379               381
    1351       46.1727               379               381
    1352       46.8501               375               386
    1353       46.5993               375               386
    1354       46.2191               379               381
    1355       46.6271               379               381
    1356       45.5090               381               387
    1357       45.9449               379               381
    1358       46.3126               379               381
    1359       46.1081               379               381
    1360       46.6094               379               381
    1361       46.7745               379               381
    1362       46.3968               379               381
    1363       46.0794               375               386
    1364       45.4956               375               386
    1365       46.0702               375               386
    1366       45.4681               375               386
    1367       45.3880               375               386
    1368       45.8796               375               386
    1369       46.0279               379               381
    1370       44.9169               381               387
    1371       43.7889               387               390
    1372       45.3059               381               387
    1373       44.7589               381               387
    1374       45.8083               381               387
    1375       46.1069               379               381
    1376       46.5687               377               389
    1377       47.0811               378               387
    1378       46.5626               381               389
    1379       47.1372               378               379
    1380       46.1407               379               381
    1381       46.3662               381               389
    1382       45.7468               381               389
    1383       46.7915               379               381
    1384       46.0448               379               381
    1385       46.3686               381               387
    1386       46.5127               379               381
    1387       47.3065               378               379
    1388       47.0547               377               389
    1389       46.9358               375               386
    1390       47.2837               375               388
    1391       46.6155               376               388
    1392       47.1912               376               381
    1393       47.2729               376               388
    1394       47.3357               382               391
    1395       46.6745               375               389
    1396       46.1960               375               389
    1397       47.4309               377               389
    1398       46.5997               378               389
    1399       47.1825               379               381
    1400       47.0393               379               381
    1401       47.2210               379               381
    1402       47.0747               379               381
    1403       47.3704               378               379
    1404       46.9689               379               381
    1405       46.5213               379               381
    1406       47.2442               378               385
    1407       46.4210               379               381
    1408       47.2485               378               387
    1409       46.3796               379               381
    1410       47.4465               376               381
    1411       47.3907               378               391
    1412       47.2315               378               385
    1413       46.9170               378               385
    1414       47.2069               378               385
    1415       47.1297               375               389
    1416       46.2568               375               389
    1417       45.9805               377               389
    1418       45.3780               377               389
    1419       44.3458               389               390
    1420       44.4472               379               390
    1421       45.4527               387               390
    1422       45.2373               387               390
    1423       45.4908               379               390
    1424       45.7096               379               390
    1425       44.6990               387               390
    1426       44.6825               381               387
    1427       44.8180               381               387
    1428       43.2956               387               390
    1429       42.7004               387               390
    1430       43.0287               387               390
    1431       43.6601               387               390
    1432       43.7088               387               390
    1433       44.8085               387               390
    1434       44.8528               387               390
    1435       43.3772               387               390
    1436       43.1040               387               390
    1437       42.1598               387               390
    1438       42.8775               387               390
    1439       42.9154               387               390
    1440       42.7689               387               390
    1441       42.3115               387               390
    1442       42.2899               387               390
    1443       43.1368               387               390
    1444       41.9973               387               390
    1445       42.5025               387               390
    1446       42.7671               387               390
    1447       42.7923               387               390
    1448       43.6672               387               390
    1449       43.7153               386               387
    1450       43.5742               387               390
    1451       43.6321               387               390
    1452       43.2480               386               387
    1453       42.9853               386               387
    1454       43.4103               386               387
    1455       43.1832               386               387
    1456       42.9861               387               390
    1457       43.9576               384               390
    1458       43.5528               388               390
    1459       42.8599               388               390
    1460       42.0617               387               390
    1461       42.3071               388               390
    1462       42.9762               388               390
    1463       42.6512               387               390
    1464       42.1540               387               390
    1465       42.7495               387               390
    1466       42.5144               387               390
    1467       42.0891               387               390
    1468       43.5044               387               390
    1469       43.5205               388               390
    1470       42.8112               387               390
    1471       42.2669               387               390
    1472       43.2240               387               390
    1473       43.1649               386               387
    1474       43.1728               386               387
    1475       43.5529               386               387
    1476       44.0063               386               388
    1477       43.4396               388               390
    1478       44.0506               386               388
    1479       44.1394               387               390
    1480       43.1769               386               387
    1481       43.6686               387               390
    1482       43.8813               386               389
    1483       43.8358               386               389
    1484       44.9970               386               389
    1485       44.3191               386               389
    1486       46.7147               375               386
    1487       46.1024               379               381
    1488       46.0264               379               381
    1489       45.6882               379               390
    1490       44.9321               381               389
    1491       45.6471               379               381
    1492       46.0290               379               381
    1493       45.7907               379               381
    1494       45.5652               381               389
    1495       46.4499               379               381
    1496       46.5140               379               381
    1497       46.1551               381               389
    1498       46.8938               378               389
    1499       47.4320               378               379
    1500       47.3621               378               379
    1501       47.3397               378               379
    1502       46.4570               379               381
    1503       47.0681               379               381
    1504       47.0644               378               379
    1505       47.0923               378               379
    1506       46.9728               378               389
    1507       47.0046               378               389
    1508       46.3428               381               389
    1509       46.9435               379               381
    1510       47.4051               379               381
    1511       47.4871               378               379
    1512       46.9654               379               381
    1513       46.9382               379               381
    1514       47.2032               379               381
    1515       47.3527               378               389
    1516       47.2488               379               381
    1517       47.1921               378               379
    1518       46.9695               379               381
    1519       46.6781               379               381
    1520       46.9667               378               379
    1521       47.2125               379               381
    1522       47.5007               378               379
    1523       46.9545               379               381
    1524       46.7551               379               381
    1525       47.4131               378               379
    1526       47.3902               378               379
    1527       47.3797               376               381
    1528       46.6707               379               381
    1529       46.2042               379               381
    1530       46.9124               379               381
    1531       46.7309               379               381
    1532       46.7352               379               381
    1533       46.7921               379               381
    1534       46.5223               379               381
    1535       46.3645               379               381
    1536       47.1327               376               381
    1537       46.9099               379               381
    1538       47.1841               376               381
    1539       46.6660               379               381
    1540       47.2303               379               381
    1541       47.2363               387               390
    1542       47.4977               378               385
    1543       47.2952               378               391
    1544       47.0542               383               391
    1545       47.4127               376               387
    1546       47.6234               381               385
    1547       47.3290               376               381
    1548       46.3625               379               381
    1549       46.5194               379               381
    1550       46.2729               379               381
    1551       46.9937               379               381
    1552       46.0593               379               381
    1553       45.4228               381               389
    1554       46.0160               379               381
    1555       46.8793               379               381
    1556       47.3956               376               381
    1557       47.1962               376               381
    1558       47.3103               381               390
    1559       47.1504               376               381
    1560       47.2197               381               390
    1561       47.3087               382               390
    1562       47.4509               375               381
    1563       46.1177               379               381
    1564       46.6476               379               386
    1565       47.3070               376               381
    1566       47.0326               379               381
    1567       47.0124               379               381
    1568       46.7815               379               381
    1569       47.1714               376               381
    1570       46.3740               379               381
    1571       46.9844               379               381
    1572       47.2234               379               381
    1573       46.8258               379               381
    1574       46.2883               379               381
    1575       47.0110               379               381
    1576       47.2116               379               381
    1577       47.3164               376               381
    1578       47.3033               376               381
    1579       47.3849               375               381
    1580       46.8286               379               381
    1581       46.2751               379               381
    1582       47.1170               381               390
    1583       46.7938               379               381
    1584       46.7479               379               381
    1585       46.2680               379               381
    1586       46.4309               379               381
    1587       46.8575               379               381
    1588       46.6699               379               381
    1589       46.6930               379               381
    1590       46.6032               379               381
    1591       46.3750               379               381
    1592       46.5566               379               381
    1593       46.3775               379               381
    1594       46.4869               379               381
    1595       46.8513               379               381
    1596       46.7893               379               381
    1597       46.9711               379               381
    1598       46.2646               379               381
    1599       46.9279               379               381
    1600       46.2329               379               381
    1601       46.1768               379               381
    1602       46.7540               379               381
    1603       46.3277               379               381
    1604       46.1310               379               381
    1605       46.2977               379               381
    1606       46.0032               379               381
    1607       45.8518               379               381
    1608       46.7812               379               381
    1609       46.4463               379               381
    1610       45.8989               379               381
    1611       46.9886               379               381
    1612       46.6040               379               381
    1613       46.8064               376               381
    1614       46.5747               379               381
    1615       46.8748               379               381
    1616       46.2219               379               381
    1617       45.6694               381               389
    1618       46.0723               379               381
    1619       46.2136               379               381
    1620       46.3011               379               381
    1621       46.0172               379               381
    1622       46.0315               379               381
    1623       46.3984               379               381
    1624       46.6141               379               381
    1625       46.6165               379               381
    1626       47.0264               379               381
    1627       47.3776               379               381
    1628       47.3383               379               381
    1629       47.1357               379               381
    1630       46.8376               378               389
    1631       46.8356               378               388
    1632       46.3408               379               381
    1633       47.2618               376               381
    1634       47.3485               376               381
    1635       46.7716               389               390
    1636       46.7863               381               384
    1637       46.0477               384               390
    1638       45.6473               379               390
    1639       46.1737               379               390
    1640       45.9361               379               381
    1641       45.5202               381               388
    1642       46.7982               379               381
    1643       47.3308               379               381
    1644       46.5953               379               381
    1645       46.8052               379               381
    1646       46.1178               379               381
    1647       45.7594               381               388
    1648       47.6012               379               381
    1649       47.7032               379               383
    1650       47.4069               379               381
    1651       46.7469               379               381
    1652       47.0294               379               381
    1653       46.1539               379               381
    1654       46.6856               379               381
    1655       46.9569               379               390
    1656       46.0982               379               381
    1657       45.9148               381               388
    1658       45.6016               381               388
    1659       47.5006               381               391
    1660       46.8406               382               391
    1661       47.3225               381               391
    1662       47.0490               382               391
    1663       47.0599               378               391
    1664       47.4735               378               391
    1665       47.3697               378               388
    1666       47.3349               375               381
    1667       47.3950               379               381
    1668       46.9462               381               388
    1669       47.6932               381               385
    1670       47.5264               389               390
    1671       47.6883               379               383
    1672       47.2740               379               381
    1673       47.8327               379               381
    1674       47.5692               381               385
    1675       46.8408               381               389
    1676       47.7120               379               381
    1677       47.3723               381               391
    1678       47.0961               379               381
    1679       46.4288               379               381
    1680       45.2416               381               389
    1681       45.6441               379               390
    1682       46.2386               381               389
    1683       46.7572               379               381
    1684       45.8991               381               389
    1685       47.7744               379               383
    1686       47.5260               379               381
    1687       47.6993               379               381
    1688       47.1329               382               390
    1689       46.8585               387               390
    1690       47.2518               379               391
    1691       46.0173               379               390
    1692       45.5319               379               390
    1693       45.9190               379               390
    1694       45.8659               379               390
    1695       44.9456               389               390
    1696       44.1619               389               390
    1697       45.3859               379               390
    1698       45.1430               379               390
    1699       44.7825               379               390
    1700       44.9848               380               390
    1701       45.0052               379               390
    1702       44.7897               388               390
    1703       44.9010               380               390
    1704       43.3945               388               391
    1705       42.7538               388               390
    1706       43.3565               388               390
    1707       45.2802               388               390
    1708       44.8669               388               390
    1709       43.9879               388               390
    1710       45.3632               380               390
    1711       45.8227               380               390
    1712       45.2437               388               391
    1713       44.8929               380               390
    1714       45.1941               380               390
    1715       45.3102               379               390
    1716       45.6885               380               390
    1717       45.0110               379               390
    1718       45.9919               380               390
    1719       45.9750               380               390
    1720       46.6894               376               390
    1721       46.6278               376               390
    1722       46.2868               376               390
    1723       45.8783               380               390
    1724       46.5620               376               390
    1725       46.3852               376               390
    1726       46.9469               382               391
    1727       46.7875               382               391
    1728       46.9564               382               391
    1729       46.5422               380               391
    1730       46.8918               382               391
    1731       44.7746               379               390
    1732       46.0174               380               390
    1733       46.2912               380               391
    1734       45.8261               380               390
    1735       46.0729               380               391
    1736       46.6148               380               391
    1737       46.3896               379               390
    1738       46.4058               380               391
    1739       45.6470               380               391
    1740       45.1544               387               390
    1741       46.4100               376               390
    1742       45.5958               379               390
    1743       45.8743               380               390
    1744       45.8911               380               390
    1745       45.7722               379               390
    1746       46.5107               379               390
    1747       46.8241               376               390
    1748       45.9601               379               390
    1749       45.2941               379               390
    1750       45.5807               379               390
    1751       45.9351               379               390
    1752       46.5005               376               390
    1753       46.0163               380               390
    1754       46.1999               380               390
    1755       46.1916               380               390
    1756       45.6565               379               390
    1757       44.9449               379               390
    1758       45.5898               380               390
    1759       45.6512               379               390
    1760       45.6039               379               390
    1761       45.3119               379               390
    1762       45.7996               380               390
    1763       45.3728               380               391
    1764       44.9427               379               390
    1765       45.7156               380               390
    1766       45.4562               379               390
    1767       45.9752               379               390
    1768       46.1067               379               390
    1769       45.4795               379               390
    1770       45.9453               379               390
    1771       45.5048               379               390
    1772       45.1831               380               390
    1773       45.5018               380               390
    1774       45.5683               379               390
    1775       45.0606               380               390
    1776       45.6712               379               390
    1777       45.6291               380               390
    1778       45.7286               380               390
    1779       45.3194               380               390
    1780       44.1770               387               390
    1781       43.9371               387               390
    1782       44.6570               387               390
    1783       44.7362               379               390
    1784       44.8412               379               390
    1785       43.8214               389               390
    1786       43.9334               387               390
    1787       45.2948               379               390
    1788       44.6538               379               390
    1789       45.0946               387               390
    1790       45.7136               379               390
    1791       45.3584               379               390
    1792       44.4033               379               390
    1793       45.2971               379               390
    1794       45.7131               380               390
    1795       45.6965               379               390
    1796       44.9001               387               390
    1797       44.2310               387               390
    1798       44.9963               379               390
    1799       45.3064               379               390
    1800       46.1199               376               390
    1801       45.6684               379               390
    1802       45.6665               379               390
    1803       45.4818               379               390
    1804       44.6865               387               390
    1805       44.9528               379               390
    1806       45.3757               379               390
    1807       45.6223               379               390
    1808       45.1362               379               390
    1809       45.2453               379               390
    1810       45.6398               379               390
    1811       44.9102               380               390
    1812       44.9820               387               390
    1813       44.8995               389               390
    1814       45.0323               379               390
    1815       44.3795               389               390
    1816       44.7327               387               391
    1817       44.4707               387               391
    1818       45.1406               389               391
    1819       44.1043               389               391
    1820       45.1853               380               390
    1821       44.5732               389               390
    1822       45.7417               380               391
    1823       45.4545               389               391
    1824       44.1225               389               390
    1825       45.0844               389               390
    1826       45.2590               380               390
    1827       46.2725               380               391
    1828       46.0478               380               390
    1829       46.0810               380               391
    1830       45.7265               380               391
    1831       46.1510               380               391
    1832       46.2853               380               390
    1833       46.1000               380               390
    1834       45.8545               380               390
    1835       46.4768               376               390
    1836       46.9293               376               390
    1837       46.2446               376               390
    1838       45.8928               379               390
    1839       46.0022               379               390
    1840       45.6519               380               390
    1841       46.0096               380               390
    1842       45.4396               380               391
    1843       45.4923               380               390
    1844       45.7136               380               390
    1845       45.7764               380               390
    1846       45.5442               379               390
    1847       46.0514               379               390
    1848       45.9743               380               390
    1849       45.5227               379               390
    1850       45.7666               379               390
    1851       46.4090               379               381
    1852       46.4905               379               381
    1853       46.1829               379               381
    1854       45.6242               379               390
    1855       45.2935               379               390
    1856       46.7783               379               390
    1857       46.2629               379               390
    1858       45.6770               379               390
    1859       45.1303               379               390
    1860       45.4828               379               390
    1861       46.4181               379               390
    1862       46.9190               376               390
    1863       46.1663               379               390
    1864       46.1497               379               390
    1865       46.6204               376               390
    1866       45.9739               376               390
    1867       46.1356               380               390
    1868       45.9625               379               390
    1869       47.1063               376               390
    1870       47.0344               376               390
    1871       46.7758               379               390
    1872       46.0434               379               390
    1873       45.7325               379               390
    1874       45.4326               379               390
    1875       44.8393               379               390
    1876       45.4112               379               390
    1877       44.9740               379               390
    1878       45.7460               379               390
    1879       45.5647               380               390
    1880       45.8144               379               390
    1881       44.9910               379               390
    1882       45.5203               379               390
    1883       45.0367               379               390
    1884       45.3260               379               390
    1885       45.5238               379               390
    1886       45.6623               379               390
    1887       46.5858               379               390
    1888       46.1852               379               390
    1889       45.9303               379               390
    1890       46.0172               379               390
    1891       46.5656               376               390
    1892       46.1819               380               390
    1893       45.6914               379               390
    1894       45.3546               379               390
    1895       45.0898               379               390
    1896       45.4407               379               390
    1897       46.2681               380               390
    1898       46.2754               376               390
    1899       46.3026               376               390
    1900       46.9693               376               390
    1901       47.4016               376               390
    1902       46.5634               376               387
    1903       46.9625               376               390
    1904       46.7558               376               390
    1905       47.0790               382               391
    1906       46.6717               376               391
    1907       46.8181               376               391
    1908       46.9007               376               390
    1909       46.8305               376               390
    1910       47.2981               376               387
    1911       47.4960               376               390
    1912       47.2404               376               390
    1913       46.8000               376               390
    1914       46.9981               382               391
    1915       46.9241               382               391
    1916       46.5479               380               391
    1917       46.5592               380               391
    1918       46.5842               380               391
    1919       45.9979               380               391
    1920       46.6277               382               391
    1921       46.3555               380               391
    1922       46.5631               382               391
    1923       46.6551               382               391
    1924       45.8470               380               391
    1925       46.0147               380               391
    1926       46.2089               380               391
    1927       45.7944               379               391
    1928       46.4298               380               391
    1929       46.3313               376               390
    1930       45.9850               380               390
    1931       46.1943               380               391
    1932       46.6769               380               391
    1933       46.0808               380               390
    1934       46.2321               380               391
    1935       46.1062               380               391
    1936       45.6076               380               390
    1937       45.1928               379               391
    1938       44.9612               389               391
    1939       45.1794               383               391
    1940       45.8189               380               391
    1941       46.2629               380               391
    1942       45.9779               380               391
    1943       46.2626               380               390
    1944       45.8511               380               391
    1945       45.2843               379               391
    1946       45.9760               380               391
    1947       46.2314               380               391
    1948       46.2815               380               391
    1949       46.3200               376               390
    1950       45.9197               379               391
    1951       46.9948               376               390
    1952       46.1918               380               391
    1953       45.6685               376               391
    1954       45.8441               376               391
    1955       47.0777               376               390
    1956       46.2859               376               391
    1957       46.0895               376               391
    1958       45.5743               379               391
    1959       46.7807               376               391
    1960       46.0784               376               391
    1961       46.1733               376               391
    1962       46.1491               376               391
    1963       45.1612               379               391
    1964       44.8123               380               390
    1965       44.7892               379               390
    1966       45.0626               379               390
    1967       45.0359               379               390
    1968       44.6885               379               390
    1969       45.4384               380               390
    1970       44.9974               379               390
    1971       45.0706               379               390
    1972       43.7446               389               390
    1973       44.0101               389               390
    1974       43.5947               389               390
    1975       43.3560               388               390
    1976       42.7437               389               390
    1977       43.8864               387               390
    1978       43.4276               389               390
    1979       43.9717               387               390
    1980       44.3868               387               390
    1981       45.5610               387               390
    1982       43.5590               387               390
    1983       43.5155               387               390
    1984       42.8839               387               390
    1985       43.3162               389               390
    1986       42.3881               389               390
    1987       43.3260               387               390
    1988       43.2175               387               390
    1989       43.5608               389               390
    1990       42.6936               389               390
    1991       42.9162               389               390
    1992       42.5557               389               390
    1993       42.8116               387               390
    1994       43.1624               389               390
    1995       42.8728               387               390
    1996       43.2220               389               390
    1997       43.3432               387               390
    1998       42.8119               389               390
    1999       42.4438               389               390
    2000       42.0345               389               390
    2001       42.3558               389               390
    2002       42.7341               389               390
    2003       42.6000               389               390
    2004       42.6483               389               390
    2005       42.1081               389               390
    2006       42.4305               389               390
    2007       42.0094               389               390
    2008       41.5858               389               390
    2009       41.9290               389               390
    2010       42.5065               389               390
    2011       42.8150               389               390
    2012       42.5528               389               390
    2013       42.7013               389               390
    2014       43.0836               387               390
    2015       41.5214               389               390
    2016       42.3435               389               390
    2017       41.9598               387               390
    2018       42.7457               387               390
    2019       42.7543               387               390
    2020       42.6069               387               390
    2021       42.1149               387               390
    2022       43.4755               389               390
    2023       43.2482               389               390
    2024       41.8694               389               390
    2025       42.5157               387               390
    2026       42.6915               387               390
    2027       43.3308               389               390
    2028       43.3281               387               390
    2029       42.9758               387               390
    2030       43.5637               388               390
    2031       43.7982               388               390
    2032       43.1317               389               390
    2033       43.2510               389               390
    2034       42.2465               388               390
    2035       42.9015               389               390
    2036       44.6593               379               390
    2037       42.6285               389               390
    2038       44.0253               389               390
    2039       42.3413               389               390
    2040       43.3611               388               390
    2041       43.2372               389               390
    2042       42.3052               388               390
    2043       43.1297               388               390
    2044       42.0908               388               390
    2045       42.0964               388               390
    2046       42.8370               388               390
    2047       42.2373               388               390
    2048       42.3753               388               390
    2049       42.3142               388               390
    2050       41.5098               388               390
    2051       42.9449               388               391
    2052       42.7394               388               390
    2053       44.0818               388               390
    2054       43.4180               389               390
    2055       43.0558               389               390
    2056       43.4865               389               390
    2057       43.8834               389               391
    2058       44.3410               383               391
    2059       44.1817               389               391
    2060       42.4389               388               390
    2061       43.1950               383               390
    2062       43.0624               389               390
    2063       43.6496               383               390
    2064       42.9410               383               390
    2065       41.9726               388               390
    2066       43.0737               383               390
    2067       42.4712               388               390
    2068       43.1997               389               390
    2069       43.2048               388               390
    2070       42.8404               388               390
    2071       43.2906               389               390
    2072       42.1289               388               390
    2073       42.8568               389               390
    2074       43.0721               388               390
    2075       42.8824               388               390
    2076       42.8014               388               390
    2077       42.3266               388               391
    2078       42.7685               388               390
    2079       42.8278               388               390
    2080       43.8519               389               390
    2081       42.2382               388               390
    2082       42.1437               388               390
    2083       43.8949               388               390
    2084       43.5986               389               390
    2085       42.8657               388               390
    2086       43.1890               388               390
    2087       42.7452               388               390
    2088       43.1695               388               390
    2089       43.2367               389               390
    2090       43.5456               389               390
    2091       43.5994               388               390
    2092       43.9641               389               390
    2093       44.0457               389               390
    2094       44.9707               389               390
    2095       45.2260               389               390
    2096       44.1874               389               390
    2097       43.7808               389               390
    2098       42.5909               388               390
    2099       42.8322               388               390
    2100       42.5382               388               390
    2101       43.1217               389               390
    2102       42.6280               388               390
    2103       42.9425               388               390
    2104       43.8708               389               390
    2105       43.1009               388               390
    2106       42.8124               388               390
    2107       42.6942               388               390
    2108       42.9047               388               390
    2109       42.6133               388               390
    2110       43.0341               388               390
    2111       44.8281               388               390
    2112       44.8660               388               390
    2113       45.8595               387               390
    2114       43.9369               389               390
    2115       45.0593               387               390
    2116       44.7944               381               387
    2117       44.7154               381               388
    2118       43.8194               381               388
    2119       44.3932               381               388
    2120       43.8167               381               388
    2121       43.4487               381               388
    2122       45.0022               381               388
    2123       43.1091               381               388
    2124       44.0559               381               388
    2125       44.5415               381               388
    2126       43.8851               381               388
    2127       43.4200               381               388
    2128       43.2733               381               388
    2129       43.1307               381               388
    2130       44.2357               381               388
    2131       43.4299               388               390
    2132       43.1085               381               388
    2133       43.0621               388               390
    2134       42.8694               381               388
    2135       42.6840               388               390
    2136       42.9585               381               388
    2137       42.7727               388               390
    2138       41.5817               388               390
    2139       41.5803               388               390
    2140       42.6322               388               390
    2141       42.7883               388               390
    2142       43.1219               388               390
    2143       43.5273               387               390
    2144       43.7550               387               391
    2145       42.1184               388               390
    2146       42.4432               388               391
    2147       42.9938               387               390
    2148       42.5655               387               391
    2149       42.8202               387               391
    2150       44.2197               387               391
    2151       42.6466               387               391
    2152       43.7394               388               391
    2153       44.0213               387               391
    2154       43.9815               387               391
    2155       43.3937               388               391
    2156       43.1575               388               391
    2157       42.3283               388               391
    2158       43.3671               388               391
    2159       42.7735               388               391
    2160       43.2763               388               391
    2161       43.3408               388               390
    2162       43.0873               387               391
    2163       41.8795               387               390
    2164       43.0659               387               390
    2165       44.2040               384               391
    2166       43.0734               388               391
    2167       43.3989               388               391
    2168       43.4393               388               391
    2169       44.1326               387               391
    2170       43.6734               387               391
    2171       43.6745               388               391
    2172       43.3910               388               391
    2173       42.8341               388               391
    2174       42.8355               388               391
    2175       43.6025               388               391
    2176       43.0368               388               391
    2177       42.9928               388               391
    2178       43.1139               388               391
    2179       42.3435               388               391
    2180       43.4275               388               391
    2181       43.8052               387               391
    2182       43.7573               388               391
    2183       44.2148               388               391
    2184       43.9800               388               391
    2185       43.1230               388               391
    2186       43.9626               388               391
    2187       43.8113               388               391
    2188       44.3646               387               391
    2189       43.8820               388               390
    2190       42.9594               388               391
    2191       42.4208               388               390
    2192       41.6975               388               390
    2193       41.8920               388               390
    2194       41.6355               388               390
    2195       40.8679               388               390
    2196       42.3955               388               390
    2197       41.8761               388               390
    2198       41.7278               388               390
    2199       41.5348               388               390
    2200       41.9761               388               390
    2201       41.6753               388               390
    2202       42.3668               388               390
    2203       42.2775               388               390
    2204       42.8914               388               390
    2205       43.7024               388               391
    2206       42.7500               388               390
    2207       42.5694               388               390
    2208       42.9805               388               390
    2209       42.7404               388               390
    2210       41.8174               388               390
    2211       42.0824               388               390
    2212       42.0768               388               390
    2213       42.4779               388               390
    2214       43.3123               388               390
    2215       43.1711               384               390
    2216       42.6712               388               390
    2217       42.8174               388               390
    2218       42.8984               388               390
    2219       42.6099               388               390
    2220       43.3975               384               390
    2221       43.3081               384               390
    2222       42.5576               388               390
    2223       43.2635               384               390
    2224       42.6148               388               390
    2225       42.8007               388               390
    2226       42.3945               388               390
    2227       43.2958               388               390
    2228       43.2602               384               390
    2229       43.1083               384               390
    2230       42.4599               387               390
    2231       42.8383               387               390
    2232       43.7106               387               390
    2233       44.5737               383               390
    2234       43.3705               387               390
    2235       44.5101               383               390
    2236       43.2163               387               390
    2237       42.3489               388               390
    2238       44.5104               388               390
    2239       43.7431               388               390
    2240       42.7918               387               390
    2241       43.3322               388               390
    2242       43.6960               388               390
    2243       45.2680               388               390
    2244       44.1672               388               390
    2245       44.7287               388               390
    2246       46.3605               386               387
    2247       46.5018               386               387
    2248       44.1974               389               390
    2249       45.2103               389               390
    2250       45.3440               388               390
    2251       43.6598               386               388
    2252       44.7015               389               390
    2253       43.3366               388               390
    2254       43.2550               388               390
    2255       43.9399               388               390
    2256       44.2458               387               390
    2257       43.9212               387               390
    2258       43.7572               383               390
    2259       42.2963               387               390
    2260       42.4751               387               390
    2261       42.0068               387               390
    2262       43.1572               387               390
    2263       43.9862               387               390
    2264       42.5511               387               390
    2265       42.1968               387               390
    2266       42.3990               387               390
    2267       42.7553               387               390
    2268       43.8406               387               390
    2269       42.8128               387               390
    2270       43.8795               388               390
    2271       42.9156               388               390
    2272       43.0690               388               390
    2273       42.7787               388               390
    2274       44.0867               388               390
    2275       43.8520               388               390
    2276       44.4221               388               390
    2277       43.1144               388               390
    2278       45.2656               383               390
    2279       45.7039               383               390
    2280       44.0198               383               390
    2281       44.5057               383               390
    2282       45.4543               383               390
    2283       46.0872               383               390
    2284       45.1812               383               390
    2285       45.8439               383               390
    2286       45.0223               383               390
    2287       45.8490               386               387
    2288       45.2251               383               390
    2289       44.3506               383               390
    2290       44.2554               383               390
    2291       45.3207               383               390
    2292       44.7494               383               390
    2293       45.9827               386               387
    2294       45.6505               388               390
    2295       46.1432               388               390
    2296       46.3090               388               390
    2297       44.6944               388               390
    2298       44.7352               388               390
    2299       45.1660               388               390
    2300       45.0963               383               390
    2301       44.7348               383               390
    2302       44.7652               383               390
    2303       45.0133               383               390
    2304       45.0081               383               390
    2305       45.1188               383               390
    2306       44.8649               389               390
    2307       44.6171               383               390
    2308       45.5622               383               390
    2309       45.8572               383               390
    2310       45.3332               383               390
    2311       45.7257               383               390
    2312       45.9887               386               388
    2313       46.2879               386               388
    2314       45.4408               386               388
    2315       46.0265               386               388
    2316       46.0959               386               388
    2317       45.9658               386               388
    2318       45.9659               386               388
    2319       45.7384               386               388
    2320       45.7801               386               388
    2321       46.4795               386               388
    2322       45.8188               389               390
    2323       45.8348               389               390
    2324       45.8000               383               390
    2325       45.8104               383               390
    2326       44.6136               383               390
    2327       46.1887               383               390
    2328       45.5754               383               390
    2329       45.0883               383               390
    2330       44.3716               383               390
    2331       46.2126               386               388
    2332       45.0075               383               390
    2333       45.8695               383               390
    2334       44.9190               383               390
    2335       45.1666               383               390
    2336       45.2720               383               390
    2337       44.5337               388               390
    2338       45.9512               383               391
    2339       44.6820               383               390
    2340       45.7111               383               390
    2341       44.5559               388               391
    2342       45.2817               383               391
    2343       45.2950               383               390
    2344       44.9547               383               390
    2345       45.0829               383               390
    2346       44.9613               383               390
    2347       45.3618               383               390
    2348       45.7953               383               390
    2349       45.8972               386               388
    2350       45.3963               383               390
    2351       45.3740               383               390
    2352       44.4652               383               390
    2353       44.1916               383               390
    2354       43.3991               388               390
    2355       43.3706               383               390
    2356       44.2968               383               390
    2357       44.5396               383               391
    2358       42.7231               387               390
    2359       44.0340               383               390
    2360       43.1681               387               390
    2361       43.5427               387               390
    2362       43.9242               383               390
    2363       42.4716               387               391
    2364       43.8968               383               390
    2365       44.4607               383               390
    2366       44.9695               383               390
    2367       44.6604               383               390
    2368       45.0313               383               390
    2369       44.3094               387               390
    2370       44.4211               383               390
    2371       44.0666               383               390
    2372       44.4358               383               390
    2373       43.4106               383               390
    2374       44.6522               383               390
    2375       43.9879               383               390
    2376       43.7304               383               390
    2377       42.8579               383               390
    2378       43.0500               383               390
    2379       43.7083               383               390
    2380       43.6753               383               390
    2381       43.9225               383               386
    2382       44.4460               383               386
    2383       43.6624               383               386
    2384       43.7301               383               390
    2385       43.9380               383               390
    2386       43.5212               383               390
    2387       45.5640               383               386
    2388       45.5554               383               390
    2389       44.4203               383               386
    2390       43.6957               383               386
    2391       44.0724               386               389
    2392       45.2058               382               389
    2393       44.2648               386               388
    2394       45.4555               386               389
    2395       45.2089               383               386
    2396       44.5019               383               386
    2397       44.4154               383               386
    2398       45.6277               383               386
    2399       44.5054               383               386
    2400       44.4825               383               386
    2401       46.1246               386               389
    2402       45.3504               383               386
    2403       45.7566               381               383
    2404       46.9361               385               388
    2405       45.0471               383               386
    2406       44.7576               383               386
    2407       43.8056               383               386
    2408       44.7811               383               386
    2409       44.2476               383               386
    2410       44.6092               383               386
    2411       44.7703               383               386
    2412       43.4637               383               386
    2413       43.4387               383               386
    2414       43.2706               383               386
    2415       42.7973               383               386
    2416       43.3773               383               386
    2417       43.7132               383               386
    2418       44.7365               383               386
    2419       45.7795               383               386
    2420       45.8368               383               386
    2421       45.5907               383               386
    2422       43.8244               383               386
    2423       44.0669               383               386
    2424       44.2990               383               386
    2425       43.3304               383               386
    2426       43.7763               383               386
    2427       44.3325               383               386
    2428       43.7435               383               386
    2429       44.5890               383               386
    2430       43.7387               383               386
    2431       44.6193               383               386
    2432       45.6249               383               386
    2433       46.1735               382               383
    2434       45.7167               383               386
    2435       46.3342               382               383
    2436       46.8589               382               383
    2437       45.4886               383               386
    2438       46.4155               382               383
    2439       46.8940               380               386
    2440       46.3666               383               386
    2441       46.9441               380               382
    2442       47.1499               381               384
    2443       46.9190               380               382
    2444       47.0528               381               384
    2445       45.9846               381               384
    2446       46.8352               378               388
    2447       46.9948               378               384
    2448       47.2069               378               385
    2449       46.1647               378               391
    2450       46.7804               378               384
    2451       47.0762               378               388
    2452       46.9494               380               387
    2453       47.6796               378               387
    2454       47.6046               383               390
    2455       47.0708               383               390
    2456       46.8451               383               390
    2457       47.5160               383               386
    2458       45.7850               384               390
    2459       46.8651               384               390
    2460       46.3547               384               390
    2461       46.1473               380               390
    2462       45.5714               384               390
    2463       46.2929               381               383
    2464       45.7231               384               386
    2465       44.9844               383               390
    2466       44.7070               384               390
    2467       44.9034               384               390
    2468       45.5814               384               390
    2469       46.1175               384               390
    2470       45.4825               384               390
    2471       46.4791               384               390
    2472       47.2680               380               390
    2473       46.3570               384               390
    2474       46.2880               383               390
    2475       46.5286               384               390
    2476       46.1287               384               390
    2477       47.0982               384               390
    2478       46.9577               380               390
    2479       45.7330               384               390
    2480       46.3922               380               390
    2481       45.7506               384               390
    2482       45.2067               384               390
    2483       45.9539               384               390
    2484       45.5261               384               390
    2485       46.0679               384               390
    2486       44.9343               384               391
    2487       45.6993               384               391
    2488       47.0414               384               391
    2489       46.5721               381               384
    2490       47.8128               381               385
    2491       47.5942               389               390
    2492       46.8751               384               391
    2493       46.7779               384               391
    2494       46.9928               384               391
    2495       46.6947               384               391
    2496       46.7455               384               391
    2497       46.3708               384               391
    2498       46.8928               384               391
    2499       47.5200               375               391
    2500       46.7747               378               384
    2501       46.6560               381               384
    2502       47.0400               381               390
    2503       46.3763               381               384
    2504       46.2285               381               384
    2505       47.4121               384               391
    2506       47.5357               389               390
    2507       47.4855               384               387
    2508       47.3789               384               391
    2509       47.5775               384               391
    2510       47.2409               381               384
    2511       47.7697               381               384
    2512       46.8572               384               391
    2513       47.6616               389               391
    2514       47.8718               384               387
    2515       46.8813               385               387
    2516       47.8004               389               391
    2517       47.6939               380               381
    2518       47.7024               384               387
    2519       47.4941               377               387
    2520       47.3045               385               387
    2521       47.6739               384               387
    2522       47.5862               375               391
    2523       47.6409               384               391
    2524       47.5613               389               390
    2525       47.1849               377               391
    2526       47.1776               389               390
    2527       46.7147               380               391
    2528       46.6107               380               386
    2529       46.5486               380               381
    2530       46.0078               381               384
    2531       44.9295               383               386
    2532       46.2626               381               384
    2533       45.9755               384               391
    2534       44.9221               383               386
    2535       45.4200               383               386
    2536       47.2284               380               381
    2537       47.0397               380               381
    2538       46.8574               380               388
    2539       46.8330               388               390
    2540       46.8368               388               390
    2541       47.4014               380               382
    2542       47.0716               382               390
    2543       46.9376               382               390
    2544       45.0680               388               390
    2545       44.9776               384               390
    2546       44.5542               384               390
    2547       43.9027               384               390
    2548       44.4423               384               390
    2549       46.0859               384               391
    2550       45.2581               384               390
    2551       45.6351               384               391
    2552       44.9323               384               391
    2553       45.9454               384               391
    2554       45.6786               384               391
    2555       44.9371               384               391
    2556       46.7763               388               390
    2557       45.3579               384               391
    2558       45.6098               388               390
    2559       44.2412               384               390
    2560       46.4554               388               391
    2561       45.7741               388               390
    2562       44.9780               388               390
    2563       45.5333               389               390
    2564       44.3829               388               390
    2565       44.9805               384               390
    2566       44.9125               388               390
    2567       45.6460               389               391
    2568       45.0055               384               391
    2569       44.6543               384               391
    2570       45.6145               384               391
    2571       45.5712               389               391
    2572       45.5793               384               390
    2573       45.3128               387               391
    2574       44.4961               384               391
    2575       45.0389               384               391
    2576       45.8129               387               390
    2577       46.5958               375               391
    2578       46.7838               384               391
    2579       46.9229               389               390
    2580       46.9481               389               390
    2581       46.4047               388               391
    2582       47.5753               380               387
    2583       46.9883               380               388
    2584       46.6142               388               391
    2585       47.0205               380               382
    2586       46.8722               382               391
    2587       46.3846               388               391
    2588       45.6101               388               391
    2589       46.6560               388               391
    2590       46.1354               388               391
    2591       46.8068               388               391
    2592       46.3003               388               391
    2593       46.2074               388               391
    2594       46.6367               388               391
    2595       45.2194               388               391
    2596       46.3283               389               391
    2597       45.8649               389               391
    2598       46.6806               384               391
    2599       46.8065               388               391
    2600       46.6815               387               391
    2601       46.6370               387               391
    2602       45.8101               385               387
    2603       47.1409               385               387
    2604       45.9472               385               387
    2605       46.6801               385               387
    2606       46.2765               385               387
    2607       46.5187               385               387
    2608       46.5431               385               387
    2609       47.1961               385               387
    2610       46.6526               385               387
    2611       46.8621               385               387
    2612       46.3317               385               387
    2613       46.6304               385               387
    2614       47.5443               389               390
    2615       46.7551               379               385
    2616       46.8099               385               387
    2617       46.8931               379               385
    2618       46.8877               379               385
    2619       46.8557               385               387
    2620       47.4121               385               387
    2621       46.1588               382               387
    2622       46.9079               389               390
    2623       47.2156               382               387
    2624       47.5633               375               387
    2625       47.1774               389               390
    2626       47.4434               379               382
    2627       47.3295               389               390
    2628       47.4111               382               387
    2629       46.8692               385               387
    2630       47.5578               386               389
    2631       47.6157               384               387
    2632       47.4835               386               389
    2633       47.1762               389               390
    2634       47.3974               389               390
    2635       46.7231               385               387
    2636       46.5466               385               387
    2637       47.6240               380               387
    2638       46.5432               385               387
    2639       47.1427               389               390
    2640       47.5703               389               390
    2641       47.5629               389               390
    2642       47.3984               380               387
    2643       47.2923               386               389
    2644       46.7025               384               390
    2645       47.4643               386               389
    2646       47.2627               380               381
    2647       46.9666               384               390
    2648       47.1606               380               381
    2649       47.2638               381               384
    2650       47.4948               386               389
    2651       47.5622               386               389
    2652       47.4796               385               387
    2653       47.4491               384               390
    2654       47.1761               389               390
    2655       47.5194               386               389
    2656       47.4454               389               390
    2657       46.8829               389               390
    2658       47.2814               380               381
    2659       47.1865               389               390
    2660       47.2157               377               387
    2661       46.6904               389               390
    2662       47.3302               389               390
    2663       47.3353               389               390
    2664       47.2441               389               390
    2665       47.2473               389               390
    2666       47.0017               389               391
    2667       47.2034               385               387
    2668       46.5314               385               387
    2669       47.6663               385               387
    2670       47.1797               389               391
    2671       46.9281               381               384
    2672       47.3933               389               391
    2673       47.3028               389               391
    2674       47.0815               389               391
    2675       47.8295               389               391
    2676       46.4724               385               387
    2677       47.3862               385               387
    2678       47.2557               385               387
    2679       47.5681               384               387
    2680       47.7634               384               387
    2681       47.5363               377               387
    2682       47.6242               389               390
    2683       47.6742               389               390
    2684       47.1948               389               390
    2685       47.8126               384               387
    2686       47.6477               384               387
    2687       47.6169               389               390
    2688       47.4142               380               381
    2689       47.2254               377               387
    2690       47.3439               377               387
    2691       47.2382               385               387
    2692       47.4655               377               387
    2693       47.0479               380               388
    2694       47.0445               389               390
    2695       46.9898               389               390
    2696       47.8496               381               385
    2697       47.8258               377               387
    2698       47.8171               384               387
    2699       47.4301               377               387
    2700       47.3515               380               387
    2701       47.4382               377               387
    2702       47.8459               380               387
    2703       47.3317               385               387
    2704       46.8841               385               387
    2705       47.2800               377               390
    2706       47.5337               389               390
    2707       47.4498               377               387
    2708       47.0492               385               387
    2709       46.0100               385               387
    2710       46.7652               385               387
    2711       47.4670               389               390
    2712       46.8208               387               391
    2713       47.2225               387               391
    2714       46.6101               387               391
    2715       47.2132               385               387
    2716       46.6101               385               387
    2717       46.5556               385               387
    2718       47.1209               385               387
    2719       46.4457               385               387
    2720       47.6028               385               387
    2721       47.2061               380               387
    2722       47.0913               382               387
    2723       47.4030               389               391
    2724       47.5478               380               387
    2725       47.7424               384               387
    2726       47.6104               377               390
    2727       47.7440               384               387
    2728       47.6921               384               387
    2729       46.9231               385               387
    2730       46.9660               377               387
    2731       47.7287               389               391
    2732       47.6333               380               387
    2733       47.4417               385               388
    2734       47.7806               381               391
    2735       47.2841               379               390
    2736       47.5184               377               388
    2737       47.3696               380               388
    2738       47.6931               385               390
    2739       47.4545               389               390
    2740       47.9137               384               390
    2741       47.4414               381               384
    2742       47.3036               380               390
    2743       47.6332               384               387
    2744       46.1578               380               390
    2745       46.2103               384               390
    2746       46.8850               384               390
    2747       47.5163               388               391
    2748       47.3117               388               391
    2749       47.3129               381               384
    2750       47.6479               380               381
    2751       47.5761               380               389
    2752       47.5648               377               389
    2753       47.1444               377               389
    2754       47.2369               377               389
    2755       46.6822               385               389
    2756       47.6906               384               389
    2757       47.2328               385               389
    2758       47.1004               385               389
    2759       46.9827               385               389
    2760       47.5358               388               390
    2761       46.7523               380               386
    2762       47.1262               379               382
    2763       47.0530               380               386
    2764       45.8542               383               386
    2765       46.1724               379               385
    2766       46.7661               382               389
    2767       46.2390               377               388
    2768       45.4458               385               389
    2769       44.8935               385               389
    2770       45.4047               377               389
    2771       46.8784               382               389
    2772       47.5519               382               390
    2773       46.4292               375               390
    2774       47.0411               382               391
    2775       47.1047               389               391
    2776       47.5812               380               382
    2777       47.2092               382               390
    2778       46.8760               380               385
    2779       47.0387               380               385
    2780       46.9855               380               385
    2781       46.6949               383               385
    2782       46.7553               380               385
    2783       45.9772               383               385
    2784       46.4998               384               386
    2785       47.1504               384               385
    2786       47.3798               380               385
    2787       47.8212               376               380
    2788       47.1956               376               383
    2789       46.7624               380               385
    2790       47.1688               380               385
    2791       46.5239               380               385
    2792       46.5747               383               385
    2793       46.7448               380               385
    2794       47.4517               380               382
    2795       47.0550               384               386
    2796       46.9456               383               385
    2797       46.5513               383               385
    2798       46.4210               383               385
    2799       46.6304               382               384
    2800       47.3937               380               385
    2801       46.2379               383               385
    2802       45.3217               383               385
    2803       44.8915               383               385
    2804       44.0873               383               385
    2805       44.5020               383               385
    2806       44.7849               383               385
    2807       44.5021               383               385
    2808       46.0188               383               385
    2809       43.9540               383               385
    2810       44.0358               383               385
    2811       43.4288               383               385
    2812       43.5980               385               387
    2813       43.2713               385               387
    2814       44.0365               383               385
    2815       44.7732               384               385
    2816       44.8899               384               385
    2817       45.7909               383               385
    2818       44.8224               383               385
    2819       45.3127               383               385
    2820       44.7566               384               385
    2821       44.3680               384               385
    2822       43.9848               383               385
    2823       44.6052               383               385
    2824       44.5218               383               385
    2825       45.5462               382               383
    2826       44.7899               383               385
    2827       45.0092               383               385
    2828       46.9617               384               385
    2829       46.2275               384               386
    2830       45.6780               384               386
    2831       45.7413               384               386
    2832       47.0651               375               386
    2833       46.3688               384               386
    2834       46.0130               384               386
    2835       46.8672               375               386
    2836       46.4858               375               391
    2837       45.8319               388               391
    2838       47.1517               386               389
    2839       47.1317               386               389
    2840       46.8543               386               389
    2841       46.2833               383               385
    2842       46.3412               383               385
    2843       45.9678               383               385
    2844       46.3334               383               385
    2845       46.3347               383               385
    2846       46.1108               383               385
    2847       45.9742               383               385
    2848       46.4721               383               385
    2849       45.7074               383               385
    2850       46.5365               386               389
    2851       46.3985               389               391
    2852       46.5800               377               383
    2853       46.2308               386               389
    2854       46.9286               377               383
    2855       46.6759               386               389
    2856       46.8895               383               385
    2857       45.8179               383               385
    2858       47.0010               386               389
    2859       47.0675               377               383
    2860       47.0961               386               389
    2861       47.0381               386               389
    2862       46.7138               383               385
    2863       45.9574               383               385
    2864       45.1268               383               385
    2865       45.3455               383               385
    2866       44.7792               383               385
    2867       44.9120               383               385
    2868       44.9850               383               385
    2869       45.0681               383               385
    2870       45.6972               383               385
    2871       45.5381               384               386
    2872       45.4629               383               385
    2873       45.5389               383               385
    2874       45.1123               383               385
    2875       45.7740               383               385
    2876       45.9782               383               385
    2877       46.0275               383               385
    2878       45.6400               383               385
    2879       46.1158               383               385
    2880       46.3055               383               385
    2881       46.0924               383               385
    2882       45.5900               383               385
    2883       46.3626               377               383
    2884       46.7621               386               389
    2885       46.6953               383               385
    2886       46.6974               386               389
    2887       46.5215               377               383
    2888       45.7461               383               385
    2889       46.0789               377               383
    2890       46.0147               383               385
    2891       45.1798               383               385
    2892       45.6978               383               385
    2893       46.1193               380               385
    2894       46.0308               383               385
    2895       45.7443               383               385
    2896       47.0763               389               390
    2897       46.3628               389               390
    2898       46.7134               386               389
    2899       46.0199               389               391
    2900       46.2160               389               391
    2901       46.0956               389               390
    2902       45.9778               389               391
    2903       46.8784               389               390
    2904       46.7504               386               389
    2905       46.6222               386               389
    2906       46.5008               383               390
    2907       46.7238               386               389
    2908       47.1691               385               389
    2909       47.2777               386               389
    2910       47.7160               385               388
    2911       46.7344               386               388
    2912       47.2559               386               388
    2913       46.3668               386               388
    2914       47.3141               380               385
    2915       46.3974               389               391
    2916       47.3696               386               388
    2917       47.5156               386               388
    2918       47.6120               380               382
    2919       47.6319               376               380
    2920       47.4439               380               385
    2921       47.2818               386               388
    2922       47.2833               386               388
    2923       47.4735               386               388
    2924       47.3738               377               383
    2925       47.2297               380               387
    2926       47.5728               376               383
    2927       46.9083               377               391
    2928       46.8805               389               391
    2929       46.5744               377               391
    2930       45.8588               387               391
    2931       46.9299               387               391
    2932       47.5325               380               387
    2933       47.1827               380               387
    2934       46.8279               387               391
    2935       46.9061               389               391
    2936       45.7180               389               391
    2937       46.5210               376               391
    2938       46.4280               387               391
    2939       47.1144               387               391
    2940       46.5879               387               391
    2941       45.8014               387               391
    2942       45.1628               387               391
    2943       45.0056               387               391
    2944       44.1793               387               391
    2945       44.8570               387               391
    2946       45.5660               387               391
    2947       47.1590               387               391
    2948       46.6664               387               391
    2949       45.0194               387               391
    2950       46.7208               386               388
    2951       47.4077               385               388
    2952       47.0186               385               388
    2953       47.4377               377               391
    2954       47.2429               385               388
    2955       47.5227               375               386
    2956       47.1638               375               386
    2957       47.0954               385               388
    2958       46.5035               375               386
    2959       47.3044               375               386
    2960       47.6500               375               383
    2961       46.9451               386               388
    2962       47.1947               375               391
    2963       45.1389               387               391
    2964       45.5848               386               387
    2965       45.2869               387               391
    2966       45.7295               387               391
    2967       46.6323               387               391
    2968       47.7458               377               391
    2969       47.5793               383               387
    2970       47.5491               380               387
    2971       47.0627               387               391
    2972       47.7158               376               391
    2973       47.4878               380               387
    2974       47.5571               381               387
    2975       47.3563               377               391
    2976       47.3358               387               391
    2977       47.4382               380               387
    2978       47.4217               380               387
    2979       47.3469               381               387
    2980       47.2131               387               391
    2981       47.2271               387               391
    2982       46.5121               387               391
    2983       46.5716               387               391
    2984       46.5332               387               391
    2985       47.1876               380               387
    2986       46.1175               387               391
    2987       46.4745               387               391
    2988       47.7837               380               387
    2989       47.4670               377               391
    2990       47.5369               380               387
    2991       47.0380               377               391
    2992       45.8132               387               391
    2993       46.6962               387               391
    2994       46.8737               387               391
    2995       47.3953               381               387
    2996       46.5535               387               391
    2997       46.5994               387               391
    2998       45.8370               387               391
    2999       46.3854               387               391
    3000       47.5208               375               381
    3001       46.5066               387               391
    3002       46.1842               386               387
    3003       44.8270               386               387
    3004       43.9946               388               391
    3005       46.0089               387               391
    3006       44.9653               386               387
    3007       44.4677               386               387
    3008       45.2239               387               391
    3009       45.8863               387               391
    3010       45.9441               386               387
    3011       46.4706               387               391
    3012       44.5535               387               391
    3013       45.8925               387               391
    3014       45.2250               387               391
    3015       45.4560               387               390
    3016       46.9470               389               391
    3017       46.4006               386               388
    3018       47.0236               381               387
    3019       47.0370               375               386
    3020       46.4393               386               387
    3021       46.4165               375               386
    3022       46.3009               375               386
    3023       47.1024               386               388
    3024       46.7323               388               391
    3025       46.7571               384               386
    3026       46.1124               384               386
    3027       46.8479               375               386
    3028       45.0602               384               386
    3029       45.6490               384               386
    3030       45.8954               384               386
    3031       46.5233               375               386
    3032       45.8162               387               390
    3033       46.5744               375               386
    3034       46.9302               375               386
    3035       46.6456               375               386
    3036       45.9064               380               386
    3037       45.4168               383               386
    3038       44.9305               384               386
    3039       43.9509               384               386
    3040       43.9063               384               386
    3041       43.6646               384               386
    3042       42.8840               386               388
    3043       43.2068               386               388
    3044       43.7869               386               388
    3045       42.9840               386               388
    3046       43.1917               386               388
    3047       43.3219               386               388
    3048       43.4666               384               386
    3049       43.4930               384               386
    3050       43.5864               384               386
    3051       44.6802               384               386
    3052       44.7016               384               386
    3053       43.9914               384               386
    3054       43.8225               384               386
    3055       44.0681               384               386
    3056       43.9807               386               388
    3057       43.8826               386               388
    3058       43.8162               384               386
    3059       44.1757               386               388
    3060       44.8416               384               386
    3061       44.4925               386               387
    3062       44.6422               386               387
    3063       43.7520               386               388
    3064       43.6136               386               388
    3065       44.2358               386               388
    3066       44.1862               386               387
    3067       44.0623               386               388
    3068       42.7985               386               388
    3069       43.7000               386               388
    3070       43.6534               384               386
    3071       43.7724               386               388
    3072       43.7041               386               388
    3073       43.3865               386               388
    3074       43.3680               384               386
    3075       43.1112               386               388
    3076       42.9419               386               388
    3077       44.9463               387               390
    3078       43.4850               387               390
    3079       42.5056               388               390
    3080       44.1212               387               390
    3081       44.0607               387               390
    3082       45.0448               387               390
    3083       44.3938               387               390
    3084       43.1511               388               390
    3085       42.7675               386               388
    3086       42.9740               387               390
    3087       43.1668               386               388
    3088       42.7519               388               390
    3089       43.0065               386               388
    3090       43.2021               386               388
    3091       42.8128               388               391
    3092       41.9183               388               390
    3093       42.2484               388               390
    3094       41.6944               388               390
    3095       42.3415               388               390
    3096       42.5171               388               390
    3097       42.9684               388               390
    3098       42.5925               388               390
    3099       42.2774               388               390
    3100       43.1604               388               390
    3101       43.5096               388               390
    3102       42.9498               388               390
    3103       43.9386               388               390
    3104       44.6802               386               388
    3105       45.5683               384               386
    3106       44.6276               386               388
    3107       43.2636               386               388
    3108       44.0374               386               387
    3109       43.1564               386               388
    3110       42.8759               386               388
    3111       43.2080               386               388
    3112       42.8727               386               388
    3113       42.2407               386               388
    3114       41.9103               388               390
    3115       42.8337               386               388
    3116       43.0081               386               388
    3117       42.4083               388               390
    3118       43.6377               386               388
    3119       43.3162               387               390
    3120       41.8708               388               390
    3121       42.4225               388               390
    3122       43.0744               388               390
    3123       41.8491               388               391
    3124       41.9877               388               391
    3125       41.1709               388               391
    3126       41.8151               388               390
    3127       41.7317               388               391
    3128       41.5335               388               390
    3129       42.5534               388               391
    3130       43.1957               388               390
    3131       42.5476               388               390
    3132       43.7571               387               390
    3133       42.4368               388               390
    3134       42.6386               388               391
    3135       42.1466               388               390
    3136       42.0895               388               390
    3137       42.8626               386               389
    3138       42.2592               388               390
    3139       41.9179               386               388
    3140       41.7680               388               390
    3141       42.4963               387               391
    3142       42.0241               387               390
    3143       41.6810               387               390
    3144       41.4963               387               391
    3145       41.8191               387               391
    3146       41.3806               387               391
    3147       41.3896               387               391
    3148       41.7060               387               390
    3149       41.3023               387               391
    3150       41.1878               387               391
    3151       41.1657               387               391
    3152       42.1772               387               391
    3153       41.2254               387               391
    3154       41.6513               387               391
    3155       41.3890               387               391
    3156       42.0497               387               390
    3157       41.6556               387               391
    3158       41.4211               387               391
    3159       41.7245               387               391
    3160       41.6313               387               390
    3161       41.6670               387               391
    3162       41.8478               387               391
    3163       41.2946               387               391
    3164       41.4698               387               391
    3165       41.4145               387               390
    3166       41.5249               387               391
    3167       41.3532               387               391
    3168       41.6380               387               391
    3169       41.9035               387               391
    3170       41.7091               387               390
    3171       41.8540               386               387
    3172       41.7152               387               391
    3173       41.7995               387               391
    3174       42.6600               387               391
    3175       41.9462               387               391
    3176       41.7120               387               391
    3177       41.7444               387               391
    3178       42.2694               387               391
    3179       42.0079               385               387
    3180       43.1681               385               387
    3181       41.9349               387               391
    3182       42.0631               387               391
    3183       42.8883               385               387
    3184       41.9640               387               391
    3185       42.4809               387               391
    3186       42.6676               387               391
    3187       42.5545               387               391
    3188       42.1998               387               391
    3189       42.3429               387               391
    3190       41.3506               387               390
    3191       41.6183               387               391
    3192       41.9345               387               391
    3193       41.5247               387               391
    3194       41.6246               387               391
    3195       41.5953               387               391
    3196       41.8113               387               390
    3197       42.0168               387               391
    3198       41.8358               387               391
    3199       41.6777               387               391
    3200       41.2609               387               391
    3201       40.9540               387               391
    3202       41.4817               387               390
    3203       41.5316               387               391
    3204       41.7510               387               391
    3205       41.1393               387               391
    3206       41.8535               387               391
    3207       41.7450               387               391
    3208       42.8605               388               391
    3209       42.4170               385               387
    3210       42.5116               387               391
    3211       41.6697               387               391
    3212       41.2090               387               391
    3213       41.6742               387               391
    3214       41.7292               387               390
    3215       41.8764               387               391
    3216       41.5366               387               391
    3217       41.9628               387               390
    3218       42.1401               387               391
    3219       41.9220               387               391
    3220       41.6260               387               391
    3221       42.3535               387               391
    3222       41.9494               387               391
    3223       42.2271               387               391
    3224       42.2456               387               391
    3225       42.3286               387               391
    3226       42.5115               387               391
    3227       41.7288               387               391
    3228       41.8508               387               391
    3229       41.3379               387               391
    3230       41.2783               387               391
    3231       41.5872               387               391
    3232       42.1221               387               391
    3233       41.6456               387               391
    3234       41.6675               387               391
    3235       41.6184               387               391
    3236       41.7205               387               391
    3237       42.0147               387               390
    3238       42.1833               387               390
    3239       41.7682               387               391
    3240       41.9898               387               390
    3241       41.9650               387               390
    3242       41.5644               387               391
    3243       41.4267               387               391
    3244       41.7509               387               391
    3245       41.5751               387               391
    3246       41.9571               387               391
    3247       42.6367               387               391
    3248       42.7204               387               391
    3249       41.8111               388               391
    3250       42.1322               387               391
    3251       41.5744               387               391
    3252       41.4941               387               391
    3253       42.1823               387               391
    3254       43.2162               387               390
    3255       41.7980               387               391
    3256       42.4994               387               391
    3257       42.0415               387               391
    3258       42.1194               387               391
    3259       41.8158               387               391
    3260       41.9544               387               390
    3261       41.6404               387               390
    3262       42.6657               387               391
    3263       42.2581               387               391
    3264       42.0608               387               391
    3265       42.6534               387               391
    3266       42.4165               387               391
    3267       42.1801               387               391
    3268       42.0919               387               391
    3269       42.3399               387               391
    3270       42.4471               387               391
    3271       43.2494               387               391
    3272       43.1916               387               391
    3273       42.0663               387               391
    3274       41.9439               387               391
    3275       42.1418               387               391
    3276       41.8739               387               391
    3277       42.2577               387               391
    3278       42.0767               387               391
    3279       42.1230               387               391
    3280       42.3779               385               387
    3281       42.3028               387               391
    3282       42.1273               387               391
    3283       41.6566               387               391
    3284       41.9474               387               391
    3285       42.0381               387               391
    3286       41.8668               387               391
    3287       41.7013               387               391
    3288       42.4569               387               391
    3289       41.9226               387               391
    3290       41.9195               387               391
    3291       41.3648               387               391
    3292       41.8124               387               391
    3293       41.5685               388               391
    3294       41.6110               388               391
    3295       41.6506               388               391
    3296       41.4302               388               391
    3297       41.6541               388               391
    3298       41.3586               388               390
    3299       41.4010               388               391
    3300       41.3455               388               391
    3301       41.4812               388               391
    3302       41.5453               388               391
    3303       41.7964               388               391
    3304       42.0321               388               391
    3305       42.0489               388               391
    3306       41.7442               388               391
    3307       41.7728               388               391
    3308       41.6219               388               390
    3309       41.6413               388               391
    3310       41.0773               388               391
    3311       42.4605               388               391
    3312       41.8341               388               391
    3313       41.2457               388               391
    3314       41.6163               388               390
    3315       41.8301               388               391
    3316       42.3359               388               391
    3317       42.1778               388               391
    3318       42.7560               388               391
    3319       43.0534               388               391
    3320       41.9007               388               391
    3321       41.7404               388               391
    3322       42.0369               388               390
    3323       41.6860               388               391
    3324       41.8932               388               391
    3325       41.5002               388               391
    3326       42.4069               388               390
    3327       42.0086               388               391
    3328       42.2587               388               391
    3329       43.4133               389               391
    3330       42.9314               388               391
    3331       42.8931               388               390
    3332       43.7207               388               390
    3333       44.6201               389               391
    3334       43.0541               389               391
    3335       42.5844               388               391
    3336       42.8731               389               391
    3337       41.3719               388               391
    3338       41.6379               388               391
    3339       42.5935               388               390
    3340       42.4587               388               391
    3341       41.2434               388               390
    3342       41.6919               388               390
    3343       41.6184               388               391
    3344       41.7132               388               391
    3345       41.7108               388               391
    3346       41.5868               388               391
    3347       41.8126               388               390
    3348       41.7425               388               391
    3349       41.7251               388               391
    3350       41.4510               388               391
    3351       41.2121               388               391
    3352       41.7796               388               390
    3353       41.7252               388               391
    3354       41.7483               388               390
    3355       41.6661               388               391
    3356       41.6077               388               390
    3357       41.3569               388               391
    3358       41.4183               388               390
    3359       42.8964               388               391
    3360       42.8121               388               390
    3361       43.3458               388               390
    3362       44.0807               388               390
    3363       43.1966               388               390
    3364       43.2756               388               390
    3365       42.7291               388               390
    3366       42.6804               388               390
    3367       43.9043               388               390
    3368       44.8303               389               390
    3369       44.4654               388               390
    3370       44.0552               388               390
    3371       43.9815               387               390
    3372       44.7330               388               390
    3373       44.8263               389               391
    3374       43.7153               387               391
    3375       42.5169               388               391
    3376       42.6575               388               391
    3377       42.9929               388               391
    3378       42.7000               388               391
    3379       42.4958               388               391
    3380       42.8006               388               391
    3381       42.8828               388               391
    3382       43.2837               389               391
    3383       42.4553               388               391
    3384       42.2452               388               391
    3385       43.0893               389               391
    3386       42.5934               388               391
    3387       42.6562               388               391
    3388       43.2973               388               390
    3389       42.7634               388               390
    3390       42.1978               388               391
    3391       42.7775               388               390
    3392       43.1444               389               391
    3393       42.9476               388               391
    3394       43.1032               388               391
    3395       41.3038               388               391
    3396       41.2557               388               391
    3397       41.7177               388               391
    3398       41.6421               388               391
    3399       42.1981               388               391
    3400       42.0230               385               388
    3401       42.5277               388               391
    3402       42.5451               388               391
    3403       41.7292               388               391
    3404       41.6239               388               391
    3405       42.4489               388               391
    3406       42.5253               388               391
    3407       42.1771               385               388
    3408       42.3104               385               388
    3409       42.4546               388               391
    3410       41.8731               388               391
    3411       41.6667               388               391
    3412       41.9194               388               391
    3413       41.6879               388               391
    3414       42.1842               388               391
    3415       42.2308               388               391
    3416       43.1612               388               391
    3417       43.7777               383               391
    3418       43.1340               388               391
    3419       43.8344               383               391
    3420       43.2538               388               391
    3421       43.1678               383               391
    3422       42.7053               388               391
    3423       42.7470               388               391
    3424       42.7564               388               391
    3425       42.5902               388               391
    3426       42.0378               388               391
    3427       42.2662               388               391
    3428       42.6202               388               391
    3429       42.8375               388               391
    3430       43.2004               388               391
    3431       43.8139               385               388
    3432       43.9321               388               391
    3433       42.9754               388               391
    3434       43.2034               388               391
    3435       43.5583               389               391
    3436       43.3752               389               391
    3437       42.9459               388               391
    3438       42.2994               388               391
    3439       43.7630               389               391
    3440       42.3736               388               391
    3441       43.2242               388               391
    3442       43.7598               383               391
    3443       43.1477               389               391
    3444       43.2261               388               391
    3445       42.4175               388               391
    3446       42.7597               388               391
    3447       42.4795               388               391
    3448       42.8052               388               391
    3449       44.3787               388               391
    3450       43.8743               389               391
    3451       44.4225               389               391
    3452       44.1734               385               389
    3453       42.9840               388               391
    3454       44.5317               389               391
    3455       45.0145               389               391
    3456       45.2290               388               391
    3457       44.7913               388               391
    3458       44.5047               389               391
    3459       44.7846               383               391
    3460       44.8268               383               391
    3461       45.8865               383               391
    3462       44.7676               388               391
    3463       43.8329               388               391
    3464       44.1063               383               391
    3465       44.6464               388               391
    3466       44.4044               383               391
    3467       43.9926               383               391
    3468       44.3212               383               391
    3469       44.1048               383               391
    3470       44.5676               383               391
    3471       45.2432               389               391
    3472       44.4012               383               391
    3473       45.4536               389               391
    3474       46.5639               377               383
    3475       45.3652               383               385
    3476       45.0297               383               385
    3477       44.9057               383               391
    3478       45.3325               383               385
    3479       46.3759               377               383
    3480       46.3325               377               383
    3481       45.4738               383               385
    3482       46.6791               377               383
    3483       46.2940               383               385
    3484       45.8362               383               385
    3485       45.1765               383               385
    3486       46.2356               383               385
    3487       46.0182               377               383
    3488       45.4207               389               391
    3489       44.3768               388               391
    3490       43.1441               388               391
    3491       43.8239               389               391
    3492       44.6983               389               391
    3493       44.7867               389               391
    3494       45.9004               383               391
    3495       45.2642               389               391
    3496       45.2602               383               391
    3497       45.4511               389               391
    3498       46.5517               389               391
    3499       46.9472               389               391
    3500       46.5313               379               391
    3501       46.2394               389               391
    3502       46.8330               389               391
    3503       46.5372               379               391
    3504       46.1943               377               389
    3505       47.1946               375               389
    3506       46.4748               389               391
    3507       45.5276               383               391
    3508       45.8627               383               391
    3509       46.4109               383               391
    3510       46.8851               383               391
    3511       46.1134               383               391
    3512       47.3445               380               387
    3513       47.1693               380               387
    3514       46.9060               380               391
    3515       46.6232               380               391
    3516       46.8120               380               391
    3517       46.9052               382               387
    3518       46.8992               376               388
    3519       46.1797               376               388
    3520       46.9028               382               388
    3521       45.6248               382               388
    3522       46.4810               386               387
    3523       46.6546               382               387
    3524       47.3003               375               381
    3525       46.3486               382               387
    3526       46.6933               388               390
    3527       46.4804               388               390
    3528       46.1657               388               390
    3529       46.0332               388               390
    3530       46.6841               388               390
    3531       46.5779               388               390
    3532       46.2045               388               390
    3533       46.0637               388               390
    3534       46.6227               388               390
    3535       45.8734               388               390
    3536       46.3074               388               391
    3537       46.2726               388               391
    3538       46.8940               388               390
    3539       46.4502               388               391
    3540       46.7916               388               390
    3541       46.3398               375               386
    3542       46.3271               375               386
    3543       46.8535               384               386
    3544       46.6407               375               386
    3545       47.1681               385               388
    3546       47.5213               375               389
    3547       46.6266               388               391
    3548       46.5573               385               388
    3549       46.1266               388               391
    3550       46.1180               388               391
    3551       46.3352               388               390
    3552       46.8667               388               390
    3553       47.2297               388               390
    3554       46.7104               388               390
    3555       46.2336               388               390
    3556       46.2495               388               390
    3557       46.9021               388               390
    3558       46.7470               382               384
    3559       47.0825               382               384
    3560       46.1368               388               390
    3561       46.2761               388               390
    3562       45.8714               388               391
    3563       46.2589               388               390
    3564       46.5899               388               390
    3565       46.7141               388               390
    3566       45.9590               388               391
    3567       46.0643               388               390
    3568       46.2926               388               390
    3569       46.1477               388               391
    3570       46.5926               388               390
    3571       46.0507               388               391
    3572       46.3551               388               390
    3573       46.3911               388               390
    3574       46.6560               388               391
    3575       46.4199               388               391
    3576       46.1330               388               390
    3577       46.8251               388               391
    3578       46.3436               388               391
    3579       46.2476               388               391
    3580       46.3911               388               390
    3581       46.7812               388               390
    3582       46.8745               388               390
    3583       46.5303               388               390
    3584       47.2936               388               390
    3585       46.2951               388               390
    3586       46.1063               388               391
    3587       46.5818               388               391
    3588       46.5232               388               390
    3589       46.0130               388               391
    3590       46.5221               388               391
    3591       46.6380               388               390
    3592       46.4176               388               390
    3593       46.6320               388               390
    3594       46.1120               388               391
    3595       46.1393               388               391
    3596       45.7096               388               391
    3597       45.9832               388               391
    3598       46.3408               388               391
    3599       46.4166               388               391
    3600       46.5359               388               391
    3601       46.8509               388               390
    3602       47.0630               375               386
    3603       46.1154               388               391
    3604       46.4021               384               386
    3605       46.1491               388               391
    3606       46.5417               388               391
    3607       45.9479               388               391
    3608       46.0380               388               391
    3609       46.3316               388               391
    3610       46.3157               386               387
    3611       46.4750               388               391
    3612       45.9405               375               386
    3613       46.3563               384               386
    3614       45.8259               375               386
    3615       45.9223               388               391
    3616       46.1607               388               391
    3617       46.0354               388               391
    3618       46.4049               388               391
    3619       46.4168               388               390
    3620       46.2838               388               391
    3621       46.3933               388               391
    3622       46.4327               388               391
    3623       46.2279               388               390
    3624       45.9639               388               390
    3625       46.5605               386               388
    3626       46.3753               388               390
    3627       46.3136               388               390
    3628       46.2199               388               391
    3629       46.3174               388               391
    3630       46.2143               388               390
    3631       46.2598               388               390
    3632       46.4920               388               390
    3633       46.7080               388               390
    3634       45.9800               388               391
    3635       46.3568               388               391
    3636       46.2958               388               391
    3637       46.5347               388               391
    3638       46.4459               388               390
    3639       46.4787               388               390
    3640       46.1220               388               390
    3641       46.2691               388               390
    3642       46.2772               388               390
    3643       45.8460               388               390
    3644       46.0960               388               390
    3645       46.1480               388               390
    3646       46.9928               388               390
    3647       46.7364               382               384
    3648       46.2948               388               390
    3649       46.5808               384               385
    3650       46.8536               386               388
    3651       46.5520               386               388
    3652       46.8290               380               385
    3653       47.2208               386               388
    3654       47.6272               382               384
    3655       47.0422               382               384
    3656       47.0739               386               388
    3657       47.0672               386               388
    3658       46.7404               386               388
    3659       47.5339               386               388
    3660       46.8464               386               388
    3661       47.5417               386               388
    3662       47.4668               376               390
    3663       47.6470               376               380
    3664       47.3551               376               390
    3665       46.5722               389               390
    3666       47.3298               376               390
    3667       47.5498               387               390
    3668       46.8400               386               388
    3669       47.0031               386               388
    3670       46.5955               386               388
    3671       47.5366               380               389
    3672       46.7588               386               388
    3673       47.4236               386               388
    3674       46.4170               387               390
    3675       46.5947               386               388
    3676       46.7315               386               388
    3677       46.6693               386               388
    3678       46.3101               386               388
    3679       46.8485               389               391
    3680       46.2678               386               388
    3681       46.6159               386               388
    3682       46.4158               386               388
    3683       46.9388               386               388
    3684       47.4126               388               391
    3685       47.0737               388               390
    3686       47.0711               388               390
    3687       47.0081               377               389
    3688       47.6527               375               389
    3689       47.4611               379               391
    3690       46.8256               389               391
    3691       46.4576               389               391
    3692       47.5830               388               390
    3693       47.4183               388               390
    3694       47.4662               375               381
    3695       47.4270               388               390
    3696       48.0078               378               379
    3697       47.5474               389               391
    3698       47.2146               388               390
    3699       47.5241               388               390
    3700       46.8478               388               391
    3701       47.1656               388               390
    3702       46.8778               389               390
    3703       47.2563               388               391
    3704       46.5032               388               390
    3705       46.1688               388               390
    3706       47.0469               388               390
    3707       47.0479               388               390
    3708       47.3929               388               390
    3709       47.0382               388               390
    3710       47.1393               388               390
    3711       46.8390               388               390
    3712       47.1455               375               389
    3713       46.7488               388               390
    3714       47.4358               379               391
    3715       47.2018               379               391
    3716       47.0454               388               390
    3717       46.3848               389               391
    3718       46.4891               389               391
    3719       46.6528               377               388
    3720       46.8980               377               389
    3721       46.8254               379               391
    3722       47.4608               379               391
    3723       46.8129               389               391
    3724       47.4584               388               390
    3725       46.8981               388               390
    3726       46.8814               388               390
    3727       46.6602               388               390
    3728       46.7754               389               391
    3729       46.2684               388               390
    3730       46.9555               379               391
    3731       46.0730               388               390
    3732       46.3369               388               390
    3733       46.7675               388               390
    3734       47.0405               388               390
    3735       46.4030               389               391
    3736       47.0133               388               390
    3737       46.6758               379               391
    3738       46.9517               377               389
    3739       46.4570               389               391
    3740       45.5261               389               391
    3741       46.3184               389               391
    3742       45.3007               389               391
    3743       46.0418               389               391
    3744       45.8400               388               391
    3745       45.5932               383               391
    3746       45.5540               388               391
    3747       44.2670               383               391
    3748       44.8220               383               391
    3749       45.0041               383               391
    3750       45.0278               383               391
    3751       44.8968               383               385
    3752       44.2767               385               388
    3753       44.3160               388               391
    3754       44.7757               388               391
    3755       43.5382               388               391
    3756       43.7048               388               391
    3757       44.2460               388               391
    3758       46.0827               389               391
    3759       45.9796               383               391
    3760       45.8927               389               391
    3761       44.8438               389               391
    3762       45.8384               388               390
    3763       46.0496               388               390
    3764       46.1751               388               390
    3765       46.2541               388               391
    3766       46.6580               388               390
    3767       47.2417               379               391
    3768       47.0573               388               390
    3769       46.4087               388               390
    3770       46.3709               388               390
    3771       46.4065               388               390
    3772       46.5749               388               391
    3773       46.3144               388               390
    3774       46.2709               388               391
    3775       46.2527               388               390
    3776       46.2136               388               390
    3777       46.4200               388               390
    3778       46.3915               388               390
    3779       46.6007               388               390
    3780       46.1070               388               391
    3781       46.1653               388               391
    3782       46.7022               388               390
    3783       46.7572               388               390
    3784       46.5029               388               390
    3785       46.8049               388               391
    3786       46.4753               388               391
    3787       46.3174               388               391
    3788       46.6570               388               391
    3789       46.3239               388               391
    3790       46.7199               388               390
    3791       46.5197               388               390
    3792       46.4375               388               390
    3793       46.4884               388               390
    3794       46.6888               388               391
    3795       46.8761               388               390
    3796       46.6711               388               390
    3797       46.1328               388               390
    3798       46.4869               388               391
    3799       46.5822               388               390
    3800       46.1278               388               391
    3801       46.2986               388               391
    3802       45.8835               388               391
    3803       46.3275               388               391
    3804       46.1329               388               390
    3805       46.7403               388               391
    3806       46.3402               388               391
    3807       45.9298               388               390
    3808       46.4854               388               391
    3809       46.1253               388               391
    3810       46.5900               375               386
    3811       45.9021               388               391
    3812       46.5511               388               391
    3813       46.3953               388               391
    3814       46.0080               375               386
    3815       46.5288               375               386
    3816       45.6329               386               387
    3817       44.7646               386               387
    3818       45.6167               386               387
    3819       45.8902               386               387
    3820       45.6345               387               390
    3821       44.9337               386               387
    3822       46.0542               387               390
    3823       45.7306               387               390
    3824       47.0629               386               387
    3825       46.4376               375               386
    3826       46.1843               387               390
    3827       46.0535               386               387
    3828       46.2185               386               387
    3829       46.1994               388               391
    3830       46.0170               388               391
    3831       45.2078               384               386
    3832       46.0423               384               386
    3833       45.5769               384               386
    3834       45.1146               384               386
    3835       45.4817               384               386
    3836       45.2103               384               386
    3837       44.9501               384               386
    3838       45.7360               384               386
    3839       45.8235               384               386
    3840       45.8780               384               386
    3841       46.1285               384               386
    3842       46.2448               384               386
    3843       46.4615               384               386
    3844       46.0442               384               386
    3845       45.7063               384               386
    3846       45.1707               384               386
    3847       45.4408               384               386
    3848       45.2684               384               386
    3849       45.8102               384               386
    3850       45.2793               384               386
    3851       45.9575               384               386
    3852       45.8210               388               391
    3853       45.7934               388               391
    3854       46.3121               388               391
    3855       45.7144               388               391
    3856       45.3811               384               386
    3857       46.0130               388               391
    3858       45.6922               388               391
    3859       46.0904               388               391
    3860       45.8381               388               391
    3861       46.1199               388               391
    3862       45.9736               388               391
    3863       46.3371               388               391
    3864       46.2819               388               391
    3865       46.4416               388               391
    3866       46.5756               388               391
    3867       46.1153               388               391
    3868       46.1291               388               391
    3869       46.3402               388               391
    3870       46.3265               388               391
    3871       46.3422               388               391
    3872       45.7439               384               386
    3873       46.4234               388               391
    3874       46.4934               388               390
    3875       46.3855               388               390
    3876       46.2472               388               391
    3877       46.4034               388               391
    3878       46.2219               388               391
    3879       46.2418               388               391
    3880       46.2715               388               390
    3881       45.7638               388               391
    3882       46.5078               388               390
    3883       46.9905               388               390
    3884       46.4208               388               391
    3885       46.7138               388               390
    3886       46.4551               388               390
    3887       46.7651               388               390
    3888       46.8984               388               390
    3889       46.6565               388               390
    3890       46.5546               375               386
    3891       47.0295               388               391
    3892       47.1406               375               386
    3893       47.1712               375               386
    3894       47.2738               375               386
    3895       47.3418               375               386
    3896       46.7967               375               386
    3897       46.7655               388               390
    3898       46.8686               375               386
    3899       46.8437               384               386
    3900       46.5482               384               386
    3901       46.5359               375               386
    3902       46.1457               388               390
    3903       45.8389               384               386
    3904       46.1875               386               387
    3905       45.0329               386               387
    3906       45.2302               384               386
    3907       46.2431               375               386
    3908       46.7353               382               384
    3909       46.7759               375               386
    3910       46.6466               375               386
    3911       46.5857               375               386
    3912       46.4536               375               386
    3913       46.8479               375               386
    3914       45.9989               384               386
    3915       46.0014               384               386
    3916       46.5377               375               386
    3917       45.6271               384               386
    3918       46.3389               375               386
    3919       46.6298               375               386
    3920       46.2561               384               386
    3921       45.0913               384               386
    3922       45.6794               384               386
    3923       45.2165               384               386
    3924       45.7471               384               386
    3925       46.1425               384               386
    3926       46.4414               375               386
    3927       46.5765               375               386
    3928       46.5465               375               386
    3929       45.7339               384               386
    3930       46.0457               388               390
    3931       46.0529               384               386
    3932       45.8292               384               386
    3933       46.2346               375               386
    3934       46.6018               388               391
    3935       46.0887               384               386
    3936       45.1808               386               387
    3937       46.2119               375               386
    3938       46.1441               375               386
    3939       45.5371               384               386
    3940       45.3066               384               386
    3941       45.6365               384               386
    3942       46.2256               375               386
    3943       46.3596               384               386
    3944       46.0836               375               386
    3945       46.1764               375               386
    3946       45.7285               384               386
    3947       45.9874               386               387
    3948       46.4294               375               386
    3949       46.5175               375               386
    3950       45.9281               375               386
    3951       46.7034               375               386
    3952       46.1112               384               386
    3953       45.5215               384               386
    3954       45.9492               375               386
    3955       45.3817               384               386
    3956       44.3229               384               386
    3957       44.3484               386               388
    3958       44.7005               386               387
    3959       45.1253               384               386
    3960       44.9832               387               390
    3961       45.7619               386               387
    3962       45.0883               387               390
    3963       46.2123               387               390
    3964       45.2092               387               390
    3965       45.8801               387               390
    3966       45.6780               387               390
    3967       46.1956               387               390
    3968       46.2210               387               390
    3969       45.9592               387               390
    3970       45.4050               387               390
    3971       45.4002               387               390
    3972       45.1304               387               390
    3973       45.3157               387               390
    3974       45.3189               387               390
    3975       44.7314               387               390
    3976       45.0502               387               390
    3977       44.5297               387               390
    3978       44.4165               387               390
    3979       44.6823               387               390
    3980       45.6483               387               390
    3981       44.1392               387               390
    3982       43.9821               387               390
    3983       44.8429               387               390
    3984       43.9455               387               390
    3985       43.5790               387               390
    3986       45.7823               387               390
    3987       45.1772               387               390
    3988       45.6113               387               390
    3989       46.2786               388               391
    3990       45.9941               386               387
    3991       45.7636               388               391
    3992       45.8883               388               391
    3993       45.8588               388               391
    3994       46.4319               388               391
    3995       45.6535               386               387
    3996       46.0720               388               391
    3997       46.1750               388               391
    3998       46.3633               386               387
    3999       46.2568               386               387
    4000       45.9739               388               391
    4001       46.3787               388               391
    4002       45.3445               386               388
    4003       45.6357               387               390
    4004       44.7774               387               390
    4005       44.7360               386               387
    4006       45.1132               386               387
    4007       46.0869               386               387
    4008       45.3479               386               387
    4009       45.5443               386               387
    4010       45.9878               386               387
    4011       45.2511               384               386
    4012       44.5390               384               386
    4013       46.0869               375               386
    4014       46.0228               386               387
    4015       45.6364               384               386
    4016       44.1258               384               386
    4017       44.5738               386               387
    4018       44.5041               386               387
    4019       45.0213               386               388
    4020       45.0867               384               386
    4021       44.0814               386               388
    4022       45.0208               386               388
    4023       45.4599               384               386
    4024       44.3693               384               386
    4025       44.8977               384               386
    4026       44.6649               384               386
    4027       44.4532               384               386
    4028       45.2091               384               386
    4029       45.4471               384               386
    4030       45.9802               386               387
    4031       45.8713               375               386
    4032       45.9063               375               386
    4033       45.4963               386               387
    4034       46.3095               375               386
    4035       45.7535               386               387
    4036       45.5879               384               386
    4037       45.1672               384               386
    4038       45.4682               384               386
    4039       44.9873               384               386
    4040       46.0860               384               386
    4041       45.9753               384               386
    4042       45.2209               384               386
    4043       45.1462               384               386
    4044       45.9066               375               386
    4045       45.1991               384               386
    4046       45.8132               384               386
    4047       46.0420               384               385
    4048       46.0010               384               386
    4049       46.4334               388               391
    4050       45.9780               388               390
    4051       45.9441               388               390
    4052       46.1832               388               390
    4053       46.1601               388               390
    4054       45.8559               383               385
    4055       46.2927               383               385
    4056       45.9030               383               386
    4057       46.1141               388               390
    4058       45.9370               388               390
    4059       45.5156               388               390
    4060       45.3344               388               391
    4061       46.2117               388               390
    4062       46.2487               388               390
    4063       46.4302               388               390
    4064       46.2339               388               390
    4065       46.4619               388               391
    4066       46.5082               384               385
    4067       45.8994               383               385
    4068       45.2965               384               385
    4069       45.2406               383               386
    4070       46.2688               383               386
    4071       46.3071               388               390
    4072       46.5886               388               390
    4073       46.2961               388               390
    4074       46.6869               388               390
    4075       45.6692               388               390
    4076       46.2741               388               390
    4077       46.2750               388               391
    4078       46.0054               388               390
    4079       46.0844               388               390
    4080       45.8366               388               390
    4081       46.1489               386               387
    4082       46.2163               387               391
    4083       46.0320               388               390
    4084       46.3015               388               390
    4085       46.1045               388               390
    4086       46.3394               388               390
    4087       46.2052               388               391
    4088       45.7958               388               391
    4089       46.7952               386               388
    4090       47.3512               379               390
    4091       46.2168               389               390
    4092       46.4928               377               389
    4093       47.0398               386               388
    4094       45.5513               388               390
    4095       46.1748               388               390
    4096       46.5808               388               390
    4097       47.0668               386               388
    4098       46.5018               386               388
    4099       46.4146               383               385
    4100       46.7275               377               383
    4101       46.7144               377               383
    4102       45.5342               377               388
    4103       45.4034               383               385
    4104       46.6186               386               388
    4105       45.4453               383               385
    4106       45.0363               383               385
    4107       46.1140               383               385
    4108       46.4685               388               390
    4109       46.4202               383               385
    4110       46.1480               377               383
    4111       46.5034               386               388
    4112       45.9458               388               390
    4113       45.7465               377               383
    4114       46.3875               377               389
    4115       45.2022               377               389
    4116       46.0976               388               390
    4117       46.5681               388               390
    4118       46.5863               377               389
    4119       46.4426               377               389
    4120       46.2146               377               389
    4121       46.6988               388               390
    4122       46.8094               386               388
    4123       46.6293               388               391
    4124       46.4195               377               383
    4125       47.0438               377               389
    4126       46.8504               383               390
    4127       46.7128               388               390
    4128       46.0889               388               390
    4129       46.1957               388               390
    4130       45.8446               388               390
    4131       46.4572               388               391
    4132       46.4329               386               388
    4133       46.2802               388               391
    4134       45.8129               388               390
    4135       46.8252               388               390
    4136       46.5814               388               391
    4137       46.3276               388               391
    4138       46.1736               388               391
    4139       45.8406               388               390
    4140       46.3807               388               391
    4141       45.9141               388               390
    4142       46.0951               388               391
    4143       46.2800               388               390
    4144       46.2987               388               391
    4145       46.4723               388               391
    4146       46.2809               388               391
    4147       45.5155               388               391
    4148       45.9333               388               391
    4149       45.9601               383               385
    4150       46.0209               388               391
    4151       46.5070               386               388
    4152       46.0948               388               391
    4153       46.7921               386               388
    4154       46.8897               386               388
    4155       46.1839               388               391
    4156       46.4631               386               388
    4157       46.3333               388               391
    4158       46.4992               388               391
    4159       46.4628               386               388
    4160       46.0333               388               390
    4161       46.4250               388               391
    4162       45.9219               388               390
    4163       46.6898               388               391
    4164       46.3522               388               391
    4165       45.7359               388               391
    4166       46.0517               388               391
    4167       46.4350               388               391
    4168       46.9250               386               387
    4169       46.3689               388               391
    4170       46.4691               388               391
    4171       46.0255               388               391
    4172       46.1535               388               391
    4173       45.9393               388               391
    4174       46.4455               388               391
    4175       45.4423               388               391
    4176       46.6064               388               390
    4177       47.0848               386               388
    4178       46.6040               386               388
    4179       47.0381               386               388
    4180       46.6055               386               388
    4181       46.6545               387               390
    4182       45.6757               387               390
    4183       47.4529               389               390
    4184       47.4770               382               390
    4185       47.7089               383               387
    4186       45.9305               383               391
    4187       46.8858               377               383
    4188       47.6939               375               379
    4189       47.8272               375               379
    4190       47.0354               385               388
    4191       47.5943               377               383
    4192       46.8946               386               388
    4193       47.2348               388               391
    4194       46.7719               377               383
    4195       46.9116               377               383
    4196       46.4171               383               385
    4197       46.2882               383               385
    4198       45.5161               383               385
    4199       45.8558               383               385
    4200       46.3831               383               385
    4201       45.8296               383               385
    4202       45.9903               383               385
    4203       45.3807               383               385
    4204       45.4441               383               385
    4205       46.1483               383               385
    4206       46.0502               383               385
    4207       45.7008               383               385
    4208       46.8858               383               385
    4209       46.9634               377               383
    4210       47.2370               377               383
    4211       47.1168               386               388
    4212       47.4277               385               388
    4213       47.3534               385               388
    4214       47.0602               377               389
    4215       47.7535               375               379
    4216       47.5226               375               389
    4217       47.8666               386               391
    4218       47.8119               382               391
    4219       47.1096               385               388
    4220       47.6768               378               382
    4221       47.5511               382               384
    4222       47.6631               375               379
    4223       46.5116               378               389
    4224       47.7383               375               379
    4225       47.1342               375               389
    4226       47.1877               375               389
    4227       47.5435               375               386
    4228       47.2781               375               381
    4229       46.4266               388               390
    4230       46.5165               388               390
    4231       46.7758               388               391
    4232       47.0904               375               386
    4233       46.7326               388               390
    4234       46.9731               388               390
    4235       46.9294               377               391
    4236       47.4727               388               390
    4237       47.2995               385               388
    4238       46.6626               388               391
    4239       47.1859               388               390
    4240       46.2959               388               391
    4241       46.9486               388               390
    4242       46.0068               388               390
    4243       46.1306               388               390
    4244       46.5228               389               390
    4245       46.9099               385               389
    4246       46.6127               389               391
    4247       46.5346               389               390
    4248       45.9984               389               390
    4249       46.8002               389               390
    4250       46.7417               386               389
    4251       47.4264               385               389
    4252       47.1257               377               383
    4253       46.7375               386               389
    4254       45.8092               383               385
    4255       45.1226               383               385
    4256       44.3166               383               385
    4257       45.6180               383               385
    4258       45.7525               383               385
    4259       44.9379               383               385
    4260       44.9778               384               385
    4261       45.0402               383               385
    4262       46.0562               384               385
    4263       46.1364               384               386
    4264       46.2946               384               386
    4265       46.5278               375               386
    4266       46.1074               384               386
    4267       46.1721               384               386
    4268       45.9766               384               386
    4269       46.5392               384               386
    4270       45.5184               384               386
    4271       45.7948               384               386
    4272       45.5845               384               386
    4273       46.5454               384               386
    4274       45.7667               384               386
    4275       46.2053               384               386
    4276       46.2162               386               388
    4277       45.6000               384               386
    4278       46.0006               384               386
    4279       44.7796               384               386
    4280       46.0127               384               386
    4281       45.3914               384               386
    4282       45.0450               384               386
    4283       45.5988               384               386
    4284       45.0157               384               386
    4285       46.2930               384               386
    4286       45.3817               384               386
    4287       45.7181               384               386
    4288       45.1400               384               386
    4289       45.2983               384               386
    4290       44.9422               384               386
    4291       44.8251               384               386
    4292       45.1820               384               386
    4293       45.5660               384               386
    4294       45.4536               384               386
    4295       45.9556               384               385
    4296       45.7142               384               386
    4297       45.2224               384               386
    4298       45.6274               384               386
    4299       45.2352               384               386
    4300       46.3692               384               386
    4301       45.8572               384               386
    4302       45.5392               384               386
    4303       45.7930               384               386
    4304       45.0306               384               386
    4305       45.4468               384               386
    4306       45.7157               384               386
    4307       45.6560               384               386
    4308       45.4661               384               386
    4309       45.4478               384               386
    4310       45.5135               384               386
    4311       45.7710               384               386
    4312       46.0642               384               386
    4313       45.8418               384               385
    4314       45.5924               384               385
    4315       45.5312               384               385
    4316       46.0587               384               386
    4317       46.6187               389               391
    4318       45.9907               384               386
    4319       46.0934               389               391
    4320       46.8629               382               383
    4321       45.5909               384               386
    4322       45.8316               384               386
    4323       45.3448               384               386
    4324       45.6952               384               386
    4325       45.5868               384               386
    4326       45.9990               384               385
    4327       46.1327               384               385
    4328       46.6061               384               385
    4329       45.7082               384               386
    4330       46.4410               384               386
    4331       46.1351               384               386
    4332       46.6049               383               385
    4333       46.1364               384               385
    4334       46.3177               384               385
    4335       46.2862               384               385
    4336       45.8997               384               385
    4337       47.1422               384               385
    4338       46.8620               382               384
    4339       45.9945               384               386
    4340       45.7285               384               386
    4341       45.4959               384               386
    4342       45.6459               384               385
    4343       45.7133               384               386
    4344       46.4633               384               385
    4345       45.8010               384               385
    4346       46.2014               384               385
    4347       46.1513               384               385
    4348       46.1862               384               385
    4349       46.3420               384               385
    4350       47.0854               382               384
    4351       46.5366               384               386
    4352       46.4431               382               384
    4353       45.2373               384               386
    4354       45.0361               384               386
    4355       45.1338               384               386
    4356       45.6134               384               385
    4357       45.1544               383               385
    4358       45.0453               384               385
    4359       44.5135               384               385
    4360       44.8828               384               386
    4361       46.2089               383               385
    4362       45.6567               384               386
    4363       44.1008               383               385
    4364       44.7878               384               385
    4365       44.9283               384               385
    4366       45.2578               383               385
    4367       44.9584               384               385
    4368       45.8043               383               385
    4369       47.0580               380               385
    4370       45.6736               383               385
    4371       45.6381               383               385
    4372       45.4901               383               385
    4373       45.7725               383               385
    4374       46.4510               383               385
    4375       46.0927               383               385
    4376       46.3157               383               385
    4377       45.7932               383               385
    4378       46.3450               383               385
    4379       46.6284               382               383
    4380       47.1283               383               385
    4381       47.1332               380               385
    4382       47.1383               382               383
    4383       47.0475               389               391
    4384       47.3350               382               384
    4385       47.3427               389               391
    4386       46.6974               389               391
    4387       46.3691               389               391
    4388       46.4293               383               385
    4389       46.8738               386               389
    4390       45.8074               383               385
    4391       46.2118               383               385
    4392       46.8013               380               385
    4393       46.4680               383               385
    4394       47.2935               380               385
    4395       46.6295               386               389
    4396       46.5188               386               389
    4397       46.3632               386               389
    4398       46.9732               386               389
    4399       46.3418               386               389
    4400       46.6785               386               389
    4401       46.4743               386               389
    4402       46.3668               383               385
    4403       46.4036               386               389
    4404       46.6294               386               389
    4405       46.1273               389               391
    4406       46.1084               389               391
    4407       46.4439               389               391
    4408       46.6397               386               388
    4409       46.9816               386               388
    4410       46.9626               386               388
    4411       47.1107               386               388
    4412       47.0473               386               388
    4413       46.6991               386               388
    4414       46.6352               386               388
    4415       47.0071               386               388
    4416       46.5507               386               388
    4417       46.9575               386               387
    4418       46.3252               388               391
    4419       46.5344               386               388
    4420       46.8869               386               388
    4421       47.0731               386               388
    4422       46.9937               386               388
    4423       47.1341               388               391
    4424       47.4320               386               388
    4425       46.9651               386               388
    4426       47.3022               377               391
    4427       47.2952               386               388
    4428       46.5023               375               391
    4429       46.4940               387               391
    4430       46.8286               387               391
    4431       47.5758               386               388
    4432       47.2036               386               388
    4433       46.9866               386               388
    4434       46.6962               386               388
    4435       47.3634               386               388
    4436       46.6605               386               388
    4437       47.2233               386               388
    4438       46.6637               386               388
    4439       47.2824               386               388
    4440       46.5350               386               388
    4441       46.1203               387               391
    4442       46.7631               387               391
    4443       47.2670               380               387
    4444       47.3997               387               391
    4445       46.7868               387               391
    4446       46.6734               386               387
    4447       47.0609               387               391
    4448       46.8188               387               391
    4449       47.4024               386               388
    4450       47.1467               387               391
    4451       46.5584               375               391
    4452       46.8643               377               391
    4453       47.2524               386               388
    4454       47.2815               387               391
    4455       47.5628               376               391
    4456       46.8863               386               388
    4457       47.5343               380               387
    4458       47.1872               386               388
    4459       47.6321               376               391
    4460       47.4873               386               388
    4461       47.2454               380               387
    4462       47.1608               387               391
    4463       47.5925               380               387
    4464       47.5179               376               383
    4465       47.6470               380               382
    4466       47.2416               380               385
    4467       46.3545               383               385
    4468       46.3424               383               385
    4469       46.5626               383               385
    4470       47.5269               380               385
    4471       46.4004               380               385
    4472       46.7753               380               385
    4473       46.5782               383               385
    4474       46.6934               383               385
    4475       46.6031               382               383
    4476       46.3768               384               385
    4477       47.3490               380               385
    4478       47.3378               383               385
    4479       47.4914               380               385
    4480       46.8064               377               383
    4481       47.2784               383               385
    4482       47.8871               380               389
    4483       47.0565               386               388
    4484       46.9619               377               383
    4485       47.6548               376               383
    4486       47.4228               380               385
    4487       46.5462               383               385
    4488       47.2815               379               390
    4489       46.5022               389               390
    4490       47.0982               377               389
    4491       47.3984               379               390
    4492       47.7915               377               379
    4493       46.8822               389               390
    4494       46.5043               379               390
    4495       46.7739               389               390
    4496       47.3620               379               390
    4497       46.9571               379               390
    4498       47.5309               375               389
    4499       47.7457               377               379
    4500       47.2896               386               388
    4501       47.5207               377               391
    4502       47.6417               375               379
    4503       46.8097               377               383
    4504       46.0904               377               383
    4505       46.9633               377               383
    4506       46.9825               377               383
    4507       47.2024               377               383
    4508       47.2943               386               388
    4509       47.0586               386               388
    4510       46.3376               386               388
    4511       46.2616               386               388
    4512       46.8895               377               383
    4513       46.9272               385               388
    4514       46.7492               386               388
    4515       47.3336               377               379
    4516       46.8665               386               388
    4517       47.0656               385               388
    4518       46.6690               386               388
    4519       47.1523               386               388
    4520       47.5720               386               388
    4521       47.2988               386               388
    4522       47.1618               385               388
    4523       47.3217               377               379
    4524       47.6898               375               386
    4525       47.6885               377               379
    4526       47.6207               377               379
    4527       47.6525               375               389
    4528       46.9214               386               388
    4529       47.1474               385               388
    4530       47.0978               386               388
    4531       46.3114               386               388
    4532       47.3242               377               383
    4533       46.8717               386               388
    4534       47.3475               386               388
    4535       46.9972               386               388
    4536       47.0963               386               388
    4537       46.6624               383               385
    4538       46.8060               380               385
    4539       46.6406               386               388
    4540       46.8963               377               383
    4541       46.6529               383               385
    4542       47.1768               377               379
    4543       47.2246               386               388
    4544       46.5010               386               388
    4545       46.8813               386               388
    4546       47.0797               386               388
    4547       46.3446               377               389
    4548       47.0404               377               389
    4549       46.9557               386               388
    4550       46.4497               386               388
    4551       46.4094               377               383
    4552       46.3456               377               383
    4553       45.7832               383               385
    4554       46.8854               377               383
    4555       46.6330               386               388
    4556       47.0005               382               384
    4557       46.9370               388               391
    4558       46.2724               388               391
    4559       46.1227               388               391
    4560       46.1752               388               391
    4561       47.6562               382               390
    4562       46.2228               388               391
    4563       46.4846               388               391
    4564       45.7936               388               391
    4565       46.8866               388               391
    4566       46.2268               388               391
    4567       46.4056               388               391
    4568       46.2904               388               391
    4569       46.3157               386               388
    4570       46.8175               388               391
    4571       46.1202               388               391
    4572       46.8292               382               390
    4573       46.6556               388               391
    4574       45.9253               388               391
    4575       46.6994               382               384
    4576       46.3008               388               391
    4577       46.9004               388               391
    4578       46.7163               388               391
    4579       46.6269               388               391
    4580       46.1523               384               386
    4581       46.3932               388               391
    4582       46.2382               388               391
    4583       46.5269               388               391
    4584       46.0360               382               384
    4585       45.4918               384               386
    4586       46.3215               388               391
    4587       46.1398               384               386
    4588       45.2366               383               386
    4589       45.6090               382               384
    4590       47.0284               381               388
    4591       45.2623               382               388
    4592       46.6849               384               386
    4593       46.8138               384               386
    4594       45.7570               384               386
    4595       47.0424               384               386
    4596       46.0616               384               386
    4597       46.1068               382               388
    4598       46.2505               384               386
    4599       46.1469               384               386
    4600       46.3430               384               386
    4601       46.8753               384               386
    4602       46.3331               382               388
    4603       45.9656               384               386
    4604       46.3331               384               386
    4605       45.5081               384               386
    4606       44.8083               384               386
    4607       45.8916               384               386
    4608       46.4544               384               386
    4609       46.9831               382               384
    4610       46.5461               382               384
    4611       46.3941               384               386
    4612       46.1657               384               386
    4613       45.8676               384               386
    4614       46.0719               384               386
    4615       46.2857               384               386
    4616       46.3714               384               386
    4617       46.2393               384               386
    4618       46.2697               382               384
    4619       47.1185               382               384
    4620       46.8737               382               384
    4621       46.8737               384               386
    4622       47.0705               382               384
    4623       46.8841               382               384
    4624       46.7067               384               386
    4625       46.8541               382               384
    4626       46.8343               384               386
    4627       47.4541               387               390
    4628       47.1534               386               387
    4629       46.9847               384               386
    4630       47.1415               382               384
    4631       47.0681               387               390
    4632       47.1581               387               390
    4633       46.8649               384               386
    4634       47.2796               387               390
    4635       46.9383               384               386
    4636       47.0209               384               386
    4637       46.7093               387               390
    4638       46.9691               382               384
    4639       46.7943               382               384
    4640       47.1373               382               384
    4641       47.1021               387               390
    4642       47.1883               387               391
    4643       47.0435               387               390
    4644       47.0510               382               390
    4645       47.7237               386               387
    4646       46.8563               387               390
    4647       47.7478               386               387
    4648       47.2921               386               387
    4649       47.3572               385               387
    4650       47.0163               387               390
    4651       47.0298               375               386
    4652       47.0484               385               387
    4653       47.1332               385               387
    4654       47.0425               385               387
    4655       47.1654               385               387
    4656       46.9177               385               387
    4657       47.1663               385               387
    4658       47.3118               385               387
    4659       46.3425               384               386
    4660       46.5848               387               390
    4661       46.9107               387               390
    4662       46.6270               382               384
    4663       46.1653               387               390
    4664       46.7704               387               390
    4665       46.9669               387               390
    4666       46.9720               387               390
    4667       46.5822               387               390
    4668       46.1665               384               386
    4669       46.8819               382               384
    4670       46.6662               382               388
    4671       46.4315               387               390
    4672       46.7752               384               386
    4673       47.1812               382               384
    4674       46.8076               382               384
    4675       46.8730               382               384
    4676       45.9939               384               386
    4677       45.5573               386               388
    4678       45.9922               384               386
    4679       45.0562               386               388
    4680       45.0845               384               386
    4681       45.3869               384               386
    4682       45.7242               386               388
    4683       45.2489               386               388
    4684       44.6188               384               386
    4685       45.0832               386               388
    4686       44.8015               386               387
    4687       45.3428               384               386
    4688       45.0332               384               386
    4689       45.8639               386               388
    4690       46.3146               384               386
    4691       45.6982               384               386
    4692       45.7910               384               386
    4693       46.8253               382               384
    4694       46.5316               384               386
    4695       46.0752               384               386
    4696       46.5357               384               386
    4697       45.9871               384               386
    4698       45.3200               384               386
    4699       45.9782               384               386
    4700       46.7033               384               386
    4701       46.0635               384               386
    4702       45.8221               384               386
    4703       45.2783               386               388
    4704       44.8848               386               388
    4705       44.8049               386               388
    4706       44.3917               386               388
    4707       44.6007               384               386
    4708       44.0664               386               387
    4709       43.4885               386               387
    4710       44.5855               386               387
    4711       44.9391               386               387
    4712       44.7204               386               387
    4713       44.9395               384               386
    4714       44.1448               386               387
    4715       43.6204               386               387
    4716       43.7386               386               387
    4717       43.5949               386               388
    4718       43.5993               386               387
    4719       43.3871               386               387
    4720       42.8270               386               388
    4721       43.0905               386               387
    4722       44.0373               386               388
    4723       43.6132               386               387
    4724       43.0666               386               387
    4725       43.4385               386               387
    4726       43.3562               386               387
    4727       43.8339               386               388
    4728       43.9895               386               388
    4729       45.0843               386               388
    4730       45.0792               386               387
    4731       44.9087               384               386
    4732       45.4141               384               386
    4733       45.7246               386               387
    4734       45.2946               384               386
    4735       45.8818               384               386
    4736       46.3302               382               388
    4737       46.7467               382               384
    4738       46.7853               382               384
    4739       46.6868               382               384
    4740       47.2223               385               387
    4741       47.0340               382               384
    4742       46.5067               382               388
    4743       45.5962               382               388
    4744       46.1285               384               386
    4745       46.1516               384               386
    4746       46.5235               382               384
    4747       46.6031               384               386
    4748       45.7786               382               388
    4749       46.0271               386               388
    4750       46.9691               382               388
    4751       46.4192               382               388
    4752       47.0850               382               384
    4753       47.0860               385               388
    4754       47.1267               387               391
    4755       47.1746               382               390
    4756       46.7157               384               386
    4757       46.5521               375               386
    4758       46.6979               375               386
    4759       46.6768               384               386
    4760       47.1480               387               390
    4761       47.0442               384               386
    4762       47.3645               387               390
    4763       46.9735               387               391
    4764       47.1685               385               387
    4765       46.9514               382               384
    4766       47.0747               387               391
    4767       47.1286               382               384
    4768       46.9361               375               386
    4769       47.1132               385               387
    4770       47.1674               382               384
    4771       47.3660               382               384
    4772       46.8997               382               384
    4773       47.1326               385               388
    4774       46.3563               382               384
    4775       45.5433               384               386
    4776       44.7938               386               387
    4777       45.9767               384               386
    4778       45.8136               384               386
    4779       45.7008               384               386
    4780       46.0910               384               386
    4781       45.3289               384               386
    4782       45.6466               384               386
    4783       46.8945               382               384
    4784       46.7976               387               391
    4785       46.8323               382               384
    4786       46.4419               387               391
    4787       46.9628               382               384
    4788       46.6413               384               386
    4789       45.5993               384               386
    4790       46.5153               384               386
    4791       46.0348               375               386
    4792       45.8059               375               386
    4793       46.8860               375               386
    4794       46.1965               375               386
    4795       47.0895               387               390
    4796       46.2649               384               386
    4797       46.9578               384               386
    4798       46.5616               384               386
    4799       46.9144               382               384
    4800       47.2936               385               387
    4801       47.2145               385               387
    4802       47.0716               387               390
    4803       47.0410               387               391
    4804       46.7148               384               386
    4805       47.3848               387               391
    4806       47.1367               385               387
    4807       47.4139               375               386
    4808       47.1650               385               387
    4809       47.1732               386               387
    4810       47.1942               387               390
    4811       46.9217               385               387
    4812       47.0848               384               386
    4813       46.7696               382               384
    4814       47.0404               382               384
    4815       47.2084               385               387
    4816       47.2657               385               387
    4817       47.1080               384               386
    4818       46.9464               375               386
    4819       47.1241               382               384
    4820       46.6695               384               386
    4821       46.3118               384               386
    4822       46.3074               375               386
    4823       46.7779               375               386
    4824       46.9216               384               386
    4825       46.2777               384               386
    4826       45.9463               384               386
    4827       46.6433               384               386
    4828       47.1513               384               386
    4829       46.7220               384               386
    4830       47.0423               382               384
    4831       47.1709               385               387
    4832       46.8545               375               386
    4833       47.0378               384               386
    4834       46.5844               384               386
    4835       46.8960               384               386
    4836       46.7030               384               386
    4837       47.2848               382               391
    4838       46.9910               382               384
    4839       47.3266               382               384
    4840       47.1434               385               388
    4841       46.9758               382               384
    4842       46.9663               382               384
    4843       46.6802               375               386
    4844       46.9037               382               384
    4845       46.8826               382               384
    4846       47.2612               382               384
    4847       46.9763               382               384
    4848       47.3451               382               384
    4849       47.3902               382               384
    4850       47.2280               385               388
    4851       47.6285               385               388
    4852       47.3305               382               391
    4853       47.1726               382               384
    4854       46.7637               384               386
    4855       46.9991               382               384
    4856       46.8561               382               384
    4857       46.4044               384               386
    4858       46.2744               384               386
    4859       47.2754               382               391
    4860       46.7225               382               384
    4861       47.1521               382               391
    4862       47.1950               382               391
    4863       47.3840               382               384
    4864       46.8567               382               389
    4865       47.3397               382               384
    4866       47.0565               385               388
    4867       47.1279               382               391
    4868       46.7945               389               391
    4869       47.2308               385               389
    4870       46.8467               382               391
    4871       47.1623               385               388
    4872       47.2114               385               388
    4873       46.2933               382               389
    4874       46.6541               382               389
    4875       46.1631               382               389
    4876       47.2778               382               391
    4877       47.1475               382               389
    4878       46.6664               384               386
    4879       46.7072               382               389
    4880       46.3826               382               389
    4881       47.0512               388               391
    4882       46.3458               376               389
    4883       47.2144               382               391
    4884       46.2389               376               389
    4885       46.7745               388               391
    4886       46.7792               376               389
    4887       46.2091               376               389
    4888       46.2669               382               389
    4889       46.4396               376               389
    4890       46.1907               376               389
    4891       46.5243               382               389
    4892       46.5440               382               389
    4893       46.9757               382               389
    4894       45.2809               386               389
    4895       45.8303               382               389
    4896       45.3457               386               389
    4897       45.3029               386               389
    4898       44.7759               386               389
    4899       44.8645               386               389
    4900       44.3060               386               389
    4901       44.3864               385               389
    4902       44.6127               385               389
    4903       45.2442               382               389
    4904       44.6782               382               389
    4905       44.8571               385               389
    4906       45.1011               385               389
    4907       45.6701               385               389
    4908       45.9104               382               389
    4909       45.1546               382               389
    4910       45.5243               385               389
    4911       45.0586               386               389
    4912       45.6903               382               389
    4913       45.3756               385               389
    4914       46.0616               376               389
    4915       46.5890               376               389
    4916       46.9833               382               384
    4917       47.0764               388               391
    4918       46.6453               388               391
    4919       46.7805               376               390
    4920       46.0088               376               390
    4921       45.9458               376               390
    4922       46.3922               388               391
    4923       46.8393               376               389
    4924       46.2795               376               389
    4925       45.7936               376               389
    4926       46.4200               376               389
    4927       47.0889               386               388
    4928       46.8584               376               390
    4929       46.2679               376               389
    4930       46.2576               376               389
    4931       46.2835               376               390
    4932       45.9271               376               390
    4933       46.7320               376               390
    4934       46.6669               376               390
    4935       46.3446               376               390
    4936       45.8101               376               390
    4937       46.1502               376               390
    4938       46.4644               376               390
    4939       45.8447               376               390
    4940       46.5870               376               389
    4941       45.7306               376               389
    4942       47.0917               376               390
    4943       46.0924               376               390
    4944       46.8469               376               390
    4945       45.7560               376               390
    4946       46.3670               376               390
    4947       46.3351               376               390
    4948       45.8973               376               390
    4949       45.7175               376               390
    4950       46.1616               376               390
    4951       46.7250               376               390
    4952       47.0844               376               390
    4953       46.6840               376               390
    4954       46.0107               376               390
    4955       45.4999               376               390
    4956       45.9392               376               390
    4957       45.6082               376               390
    4958       45.8029               376               390
    4959       46.0257               376               390
    4960       45.6814               376               390
    4961       46.0787               376               390
    4962       46.2361               376               390
    4963       46.4470               376               390
    4964       46.1888               376               390
    4965       45.8709               376               390
    4966       46.8404               376               389
    4967       46.3810               376               390
    4968       45.8826               376               390
    4969       46.0452               376               390
    4970       46.6311               376               390
    4971       46.5671               388               391
    4972       47.0016               388               391
    4973       45.9891               376               389
    4974       46.3856               388               391
    4975       45.8279               376               390
    4976       46.4606               376               389
    4977       47.0693               388               391
    4978       46.0482               376               389
    4979       46.5380               376               390
    4980       46.2176               376               390
    4981       46.3770               376               389
    4982       46.3849               376               390
    4983       46.4749               376               390
    4984       46.5212               376               389
    4985       46.3488               389               391
    4986       46.7299               376               390
    4987       46.5287               376               390
    4988       46.9193               376               389
    4989       46.7277               376               389
    4990       45.8665               376               390
    4991       46.2255               388               391
    4992       45.9483               376               390
    4993       46.4358               376               390
    4994       46.8912               376               390
    4995       46.5454               376               390
    4996       46.6753               376               389
    4997       46.6455               376               390
    4998       46.4130               376               390
    4999       46.2523               376               389
    5000       46.3985               376               389
