#Frame   HeadSelectedN
       1        14.343
       2        15.066
       3        15.673
       4        16.482
       5        17.294
       6        16.539
       7        16.222
       8        16.125
       9        17.177
      10        15.993
      11        16.254
      12        16.088
      13        15.575
      14        16.231
      15        16.307
      16        16.419
      17        16.004
      18        14.622
      19        13.277
      20        13.219
      21        13.715
      22        13.830
      23        13.112
      24        12.674
      25        12.428
      26        12.452
      27        13.534
      28        13.605
      29        13.795
      30        13.503
      31        12.857
      32        12.977
      33        13.038
      34        12.744
      35        12.059
      36        13.093
      37        12.695
      38        13.281
      39        13.483
      40        13.180
      41        13.014
      42        12.224
      43        11.411
      44        13.642
      45        13.212
      46        14.006
      47        13.982
      48        12.647
      49        13.691
      50        12.163
      51        12.990
      52        13.276
      53        12.989
      54        12.861
      55        13.560
      56        13.580
      57        14.609
      58        14.730
      59        16.381
      60        14.644
      61        14.975
      62        14.558
      63        14.842
      64        15.665
      65        15.892
      66        14.268
      67        13.741
      68        14.141
      69        13.755
      70        13.587
      71        14.934
      72        14.061
      73        13.811
      74        14.465
      75        13.826
      76        13.722
      77        13.733
      78        13.048
      79        13.186
      80        13.807
      81        13.904
      82        13.644
      83        14.309
      84        13.992
      85        13.912
      86        13.962
      87        13.804
      88        14.250
      89        13.906
      90        13.290
      91        13.240
      92        12.708
      93        13.587
      94        13.253
      95        14.136
      96        14.154
      97        14.040
      98        13.658
      99        13.704
     100        13.365
     101        13.957
     102        13.922
     103        13.301
     104        12.740
     105        14.779
     106        14.225
     107        13.697
     108        13.895
     109        13.894
     110        13.490
     111        13.229
     112        13.324
     113        13.218
     114        13.636
     115        13.852
     116        15.043
     117        14.452
     118        15.058
     119        15.633
     120        14.482
     121        14.762
     122        14.547
     123        14.269
     124        14.840
     125        13.747
     126        13.925
     127        13.985
     128        14.014
     129        13.645
     130        13.527
     131        13.633
     132        13.675
     133        15.243
     134        15.679
     135        16.133
     136        16.108
     137        15.808
     138        16.792
     139        16.210
     140        17.341
     141        17.007
     142        17.111
     143        17.049
     144        16.769
     145        17.307
     146        16.972
     147        17.418
     148        17.614
     149        17.958
     150        18.954
     151        18.885
     152        17.296
     153        16.723
     154        16.053
     155        15.970
     156        16.548
     157        16.117
     158        16.136
     159        14.848
     160        14.916
     161        13.496
     162        12.927
     163        14.173
     164        14.033
     165        13.517
     166        14.203
     167        13.724
     168        13.319
     169        12.655
     170        12.159
     171        12.166
     172        13.074
     173        12.691
     174        12.354
     175        12.769
     176        12.042
     177        10.304
     178        11.451
     179         9.422
     180        10.808
     181        11.843
     182        11.478
     183        11.523
     184        12.148
     185        12.224
     186        11.145
     187        11.233
     188         9.568
     189         9.784
     190        10.570
     191        11.950
     192        12.830
     193        13.361
     194        13.758
     195        13.307
     196        13.240
     197        12.257
     198        12.732
     199        12.441
     200         9.634
     201         9.392
     202        10.055
     203        10.580
     204        11.723
     205        11.382
     206        11.494
     207        12.270
     208        10.310
     209        10.831
     210        11.489
     211        10.550
     212        11.029
     213        11.478
     214        10.365
     215        10.167
     216        10.297
     217        11.108
     218        11.615
     219        12.172
     220        10.684
     221         9.817
     222        10.106
     223         8.813
     224         9.611
     225         9.144
     226        10.128
     227         9.097
     228         9.586
     229        10.696
     230        11.580
     231        12.186
     232        11.904
     233        12.259
     234        12.121
     235        12.154
     236        12.806
     237        11.862
     238        13.039
     239        12.212
     240        12.456
     241        12.638
     242        11.199
     243        10.955
     244        10.304
     245        11.312
     246        10.943
     247        11.899
     248        11.684
     249        10.480
     250         9.965
     251         9.980
     252         8.602
     253         9.224
     254        10.252
     255        10.561
     256        10.390
     257        11.221
     258        12.483
     259        12.058
     260        12.355
     261        12.725
     262        12.118
     263        10.725
     264        11.260
     265        12.025
     266        10.797
     267        10.453
     268        10.703
     269        11.240
     270        10.724
     271         9.537
     272        11.163
     273        11.242
     274        11.428
     275        10.355
     276        10.756
     277        11.024
     278        11.550
     279        12.032
     280        11.785
     281        12.352
     282        12.771
     283        13.779
     284        13.558
     285        12.672
     286        12.250
     287        12.647
     288        12.034
     289        10.701
     290        10.585
     291        11.246
     292        10.962
     293        11.552
     294        10.996
     295        11.131
     296        11.996
     297        12.168
     298        11.341
     299        12.950
     300        13.265
     301        12.946
     302        11.253
     303        11.891
     304        11.268
     305        11.466
     306        12.210
     307        13.133
     308        12.864
     309        13.141
     310        12.815
     311        12.892
     312        12.765
     313        10.846
     314        11.126
     315        10.295
     316        11.288
     317        11.069
     318        10.845
     319        10.584
     320        10.754
     321        11.162
     322        11.080
     323        11.192
     324        11.356
     325        11.106
     326        10.604
     327        10.579
     328        11.147
     329        10.999
     330        12.225
     331        12.402
     332        10.796
     333        11.337
     334        10.650
     335        11.895
     336        10.854
     337        12.218
     338        11.792
     339        11.791
     340        10.601
     341        11.433
     342        11.334
     343        11.421
     344        10.404
     345        10.595
     346        10.572
     347         9.510
     348        10.631
     349        11.000
     350        11.767
     351        11.800
     352        13.082
     353        13.926
     354        12.087
     355        11.426
     356        11.255
     357        11.078
     358        10.498
     359        10.464
     360        10.609
     361        12.263
     362        11.817
     363        12.140
     364        11.106
     365        11.844
     366        11.131
     367        11.618
     368        11.066
     369        11.306
     370        10.732
     371        12.460
     372        12.747
     373        13.514
     374        13.689
     375        13.362
     376        12.858
     377        14.170
     378        13.735
     379        14.028
     380        13.778
     381        14.172
     382        14.140
     383        14.125
     384        14.985
     385        14.439
     386        15.670
     387        14.782
     388        14.211
     389        14.116
     390        13.944
     391        12.680
     392        12.951
     393        14.489
     394        13.052
     395        13.865
     396        12.760
     397        12.908
     398        13.528
     399        13.649
     400        13.639
     401        13.631
     402        14.237
     403        13.420
     404        14.028
     405        14.381
     406        13.945
     407        13.662
     408        13.232
     409        13.598
     410        13.900
     411        13.528
     412        13.744
     413        13.911
     414        13.415
     415        13.804
     416        12.266
     417        12.215
     418        12.307
     419        13.428
     420        13.806
     421        14.385
     422        13.427
     423        13.538
     424        13.584
     425        13.484
     426        13.941
     427        14.005
     428        14.143
     429        13.385
     430        13.502
     431        13.419
     432        14.316
     433        13.080
     434        13.710
     435        13.270
     436        13.526
     437        13.866
     438        13.740
     439        13.105
     440        13.784
     441        13.873
     442        13.800
     443        13.337
     444        13.567
     445        13.052
     446        13.632
     447        13.127
     448        13.939
     449        14.110
     450        14.125
     451        13.614
     452        13.394
     453        13.293
     454        13.572
     455        12.943
     456        13.235
     457        13.422
     458        13.365
     459        13.077
     460        13.235
     461        13.259
     462        13.089
     463        12.778
     464        12.857
     465        12.885
     466        13.538
     467        13.544
     468        12.213
     469        14.224
     470        15.209
     471        14.588
     472        14.782
     473        13.776
     474        13.534
     475        12.808
     476        14.210
     477        13.396
     478        12.909
     479        12.433
     480        12.145
     481        12.917
     482        12.364
     483        11.508
     484        12.500
     485        13.099
     486        12.552
     487        11.842
     488        11.720
     489        12.290
     490        12.170
     491        13.175
     492        12.313
     493        13.912
     494        13.768
     495        14.194
     496        13.246
     497        13.417
     498        14.180
     499        14.033
     500        12.790
     501        13.379
     502        13.426
     503        13.673
     504        13.644
     505        13.519
     506        13.667
     507        13.096
     508        12.763
     509        13.292
     510        13.898
     511        13.456
     512        14.599
     513        14.884
     514        13.995
     515        14.061
     516        13.972
     517        15.125
     518        13.306
     519        12.467
     520        12.399
     521        13.433
     522        13.109
     523        13.765
     524        13.588
     525        13.678
     526        13.214
     527        13.050
     528        13.909
     529        13.981
     530        13.324
     531        11.661
     532        13.091
     533        12.952
     534        12.808
     535        12.711
     536        13.474
     537        12.500
     538        13.119
     539        12.006
     540        12.387
     541        12.729
     542        13.282
     543        13.279
     544        14.218
     545        12.695
     546        12.730
     547        11.903
     548        12.485
     549        11.668
     550        12.310
     551        12.831
     552        11.638
     553        12.731
     554        12.410
     555        12.852
     556        12.875
     557        12.954
     558        12.661
     559        12.662
     560        13.163
     561        13.102
     562        13.104
     563        14.080
     564        13.505
     565        13.918
     566        13.631
     567        13.616
     568        14.041
     569        14.895
     570        13.898
     571        13.943
     572        14.589
     573        13.466
     574        14.631
     575        14.350
     576        13.488
     577        13.871
     578        14.075
     579        13.458
     580        13.409
     581        12.621
     582        13.102
     583        12.525
     584        12.448
     585        12.900
     586        12.765
     587        12.751
     588        13.372
     589        13.267
     590        13.148
     591        12.963
     592        13.172
     593        12.838
     594        12.545
     595        13.808
     596        12.633
     597        12.652
     598        12.804
     599        12.833
     600        13.004
     601        12.758
     602        12.755
     603        12.483
     604        12.953
     605        11.748
     606        13.093
     607        13.751
     608        13.354
     609        13.068
     610        13.395
     611        13.895
     612        13.304
     613        14.063
     614        12.962
     615        13.295
     616        12.588
     617        13.087
     618        13.620
     619        13.575
     620        13.943
     621        12.274
     622        12.489
     623        12.659
     624        12.165
     625        12.886
     626        13.752
     627        11.950
     628        12.235
     629         9.534
     630        12.611
     631        11.825
     632        12.376
     633        12.370
     634        13.185
     635        12.632
     636        12.383
     637        11.936
     638        12.260
     639        12.653
     640        12.407
     641        12.107
     642        12.835
     643        11.893
     644        12.390
     645        13.242
     646        12.767
     647        12.826
     648        13.108
     649        12.202
     650        11.997
     651        10.461
     652        10.685
     653        11.417
     654         9.989
     655         9.864
     656         9.787
     657        10.561
     658        11.367
     659        11.728
     660        11.496
     661        11.093
     662        10.074
     663         9.825
     664         9.019
     665         9.264
     666         9.735
     667         9.525
     668         8.743
     669         7.528
     670         8.164
     671        10.458
     672         9.440
     673         8.837
     674         8.288
     675         9.458
     676         8.677
     677         8.844
     678         8.941
     679         9.443
     680         8.760
     681         8.385
     682         8.290
     683         8.864
     684         8.981
     685         8.127
     686         9.694
     687         8.624
     688         8.811
     689         9.307
     690         8.967
     691         9.223
     692         9.757
     693         9.721
     694         9.696
     695         9.158
     696         8.318
     697         7.972
     698         8.557
     699         6.604
     700         7.945
     701         7.393
     702         8.147
     703         8.592
     704         8.625
     705         9.482
     706        11.231
     707         9.190
     708         9.262
     709         8.371
     710         7.179
     711         8.078
     712         8.959
     713         9.801
     714         8.972
     715         8.005
     716         8.063
     717         6.884
     718         7.186
     719         8.561
     720         7.446
     721         7.288
     722         7.047
     723         7.925
     724         8.282
     725         6.970
     726         7.636
     727         6.690
     728         8.542
     729         8.609
     730        10.127
     731         7.429
     732         7.509
     733         9.170
     734         7.831
     735         7.250
     736         7.691
     737         6.456
     738         6.465
     739         7.346
     740         7.866
     741         6.693
     742         6.834
     743         8.642
     744         8.541
     745         7.463
     746         7.640
     747         8.227
     748         9.094
     749         8.205
     750         7.779
     751         8.186
     752         8.310
     753         8.091
     754         7.783
     755         7.787
     756         8.329
     757         8.981
     758         8.596
     759         8.559
     760         8.805
     761         9.825
     762        11.625
     763         9.248
     764         8.363
     765         8.840
     766         9.583
     767         8.818
     768         9.103
     769         8.997
     770         7.438
     771         7.349
     772         8.190
     773         7.022
     774         7.000
     775         6.329
     776         7.200
     777         8.356
     778         7.033
     779         7.956
     780         7.380
     781         7.766
     782         7.808
     783         8.336
     784         8.608
     785         7.306
     786         7.880
     787         6.499
     788         6.040
     789         7.868
     790         7.381
     791         7.356
     792         7.858
     793         9.580
     794         8.809
     795         9.393
     796         8.130
     797         8.651
     798         8.537
     799         8.317
     800         8.438
     801         7.083
     802         9.356
     803         9.049
     804         9.061
     805         8.698
     806         9.026
     807         8.082
     808         7.200
     809         8.798
     810         9.476
     811         7.850
     812         7.017
     813         7.997
     814         7.300
     815         8.694
     816         7.848
     817         7.759
     818         8.537
     819         9.572
     820         9.329
     821        10.193
     822         9.688
     823         9.071
     824         9.459
     825         9.231
     826         8.836
     827         8.506
     828         6.312
     829         7.422
     830         6.863
     831         8.203
     832         7.643
     833         8.352
     834         7.681
     835         7.104
     836         6.234
     837         7.374
     838         7.797
     839         7.276
     840         8.321
     841         8.475
     842         9.092
     843         8.866
     844         8.311
     845         8.800
     846         8.928
     847         8.050
     848         8.687
     849         8.888
     850         9.268
     851         9.988
     852         9.890
     853        10.131
     854         8.875
     855         9.343
     856         8.950
     857         8.442
     858         9.317
     859         9.741
     860         7.873
     861         8.816
     862         9.793
     863         9.348
     864         8.320
     865         9.293
     866         8.857
     867         9.467
     868         8.632
     869         9.271
     870         9.361
     871         8.532
     872         9.415
     873         9.015
     874         9.100
     875         8.338
     876         8.669
     877         9.056
     878         9.111
     879         8.667
     880         8.172
     881        10.179
     882         9.682
     883         8.774
     884         9.644
     885         9.013
     886         9.309
     887         9.046
     888         9.132
     889        10.113
     890         9.171
     891         9.298
     892         9.111
     893         9.227
     894         9.117
     895         8.143
     896         9.445
     897         9.580
     898         9.025
     899         8.089
     900         7.763
     901         8.600
     902         9.565
     903        10.110
     904         9.996
     905        10.011
     906        10.206
     907         9.054
     908         8.604
     909         9.481
     910         8.425
     911         8.582
     912         8.122
     913         8.305
     914         9.222
     915         9.114
     916         8.849
     917         9.294
     918         9.037
     919         9.717
     920         9.905
     921         9.756
     922         9.412
     923         9.019
     924         9.216
     925         9.329
     926         9.132
     927         7.780
     928         8.930
     929         7.849
     930         8.764
     931         8.428
     932         9.551
     933         9.280
     934         9.468
     935         9.519
     936         9.273
     937         8.846
     938         8.622
     939         8.990
     940         8.901
     941         7.515
     942         8.249
     943         8.792
     944         8.321
     945         8.511
     946         8.952
     947         9.326
     948         9.023
     949         9.021
     950         8.834
     951         8.443
     952         7.840
     953         9.636
     954         9.112
     955         8.888
     956         9.166
     957         9.279
     958         9.181
     959         8.996
     960         9.673
     961         9.389
     962         9.788
     963         9.745
     964         9.115
     965         9.142
     966         9.997
     967         8.776
     968         9.507
     969         9.813
     970         9.070
     971         9.258
     972         8.839
     973         9.168
     974         8.990
     975         9.031
     976         8.607
     977         7.688
     978         8.330
     979         8.651
     980         7.712
     981         6.230
     982         5.424
     983         6.225
     984         6.532
     985         6.300
     986         6.527
     987         8.912
     988         7.101
     989         7.841
     990         6.821
     991         8.911
     992         8.534
     993         7.347
     994         9.094
     995         9.715
     996         9.078
     997         9.355
     998         9.729
     999         9.739
    1000        10.991
    1001        10.625
    1002         9.621
    1003         8.227
    1004         8.704
    1005         9.640
    1006         9.351
    1007         9.887
    1008         9.442
    1009         9.762
    1010         9.027
    1011         9.151
    1012         8.971
    1013         9.516
    1014         9.205
    1015         9.569
    1016        10.814
    1017        10.041
    1018        11.383
    1019        10.527
    1020        11.661
    1021        11.244
    1022        11.142
    1023        10.520
    1024        10.680
    1025        10.453
    1026         8.967
    1027         8.780
    1028         8.667
    1029         9.375
    1030        10.361
    1031         9.368
    1032        10.183
    1033        10.345
    1034        10.399
    1035        10.344
    1036         9.659
    1037        10.059
    1038         9.117
    1039         9.642
    1040         8.959
    1041         9.003
    1042         9.665
    1043         8.970
    1044         9.470
    1045         9.299
    1046         9.302
    1047         9.444
    1048         9.516
    1049         8.920
    1050         9.651
    1051        10.158
    1052         9.046
    1053         8.853
    1054         9.434
    1055         8.739
    1056         9.033
    1057         8.404
    1058         7.343
    1059         7.443
    1060         7.946
    1061         8.834
    1062         7.461
    1063         7.225
    1064         8.061
    1065         7.221
    1066         8.768
    1067         8.719
    1068         8.505
    1069         8.648
    1070         8.206
    1071         8.994
    1072         9.063
    1073         9.409
    1074         9.612
    1075         9.769
    1076        10.105
    1077         9.808
    1078        10.655
    1079        10.762
    1080         9.296
    1081         8.986
    1082         8.487
    1083         9.026
    1084         9.446
    1085         8.516
    1086         8.373
    1087         9.006
    1088         8.352
    1089         9.453
    1090         9.527
    1091         9.531
    1092         9.020
    1093         8.424
    1094         8.665
    1095         8.502
    1096         8.634
    1097         8.760
    1098         8.389
    1099         8.303
    1100         9.111
    1101         9.460
    1102        10.134
    1103         9.851
    1104        10.383
    1105         9.131
    1106         9.766
    1107         9.396
    1108         9.838
    1109         9.104
    1110         9.363
    1111         8.724
    1112         8.721
    1113         7.360
    1114         6.800
    1115         9.214
    1116         8.893
    1117         8.820
    1118         8.704
    1119         8.767
    1120         8.665
    1121         8.643
    1122         7.532
    1123         8.554
    1124         8.636
    1125         9.096
    1126         7.456
    1127         8.323
    1128         7.826
    1129         8.315
    1130         9.129
    1131         8.660
    1132         8.044
    1133         8.563
    1134         8.954
    1135         8.600
    1136         8.666
    1137         9.057
    1138         8.395
    1139         7.731
    1140         8.856
    1141         7.470
    1142         7.235
    1143         7.653
    1144         7.775
    1145         7.481
    1146         8.347
    1147         7.215
    1148         7.089
    1149         6.886
    1150         6.483
    1151         6.783
    1152         6.924
    1153         7.453
    1154         8.287
    1155         7.820
    1156         8.012
    1157         7.907
    1158         9.321
    1159         9.240
    1160         8.979
    1161         9.360
    1162         9.291
    1163         8.477
    1164         9.715
    1165         9.025
    1166         8.945
    1167         9.727
    1168         8.619
    1169         8.113
    1170         9.473
    1171         9.219
    1172         8.684
    1173         8.412
    1174         9.104
    1175         9.272
    1176         9.141
    1177         8.643
    1178         8.278
    1179         8.912
    1180         9.312
    1181         9.133
    1182         9.748
    1183        10.745
    1184         9.280
    1185         8.531
    1186         9.031
    1187         7.720
    1188         8.419
    1189         8.798
    1190         7.730
    1191         8.142
    1192         7.820
    1193         9.222
    1194         9.714
    1195         9.351
    1196         9.285
    1197         9.346
    1198         6.664
    1199         6.456
    1200         7.511
    1201         6.943
    1202         8.567
    1203         8.379
    1204         8.774
    1205         8.996
    1206         9.145
    1207         8.714
    1208         8.860
    1209         8.848
    1210         9.258
    1211         8.804
    1212         9.097
    1213         8.995
    1214         8.647
    1215        10.326
    1216         9.635
    1217         9.000
    1218         9.361
    1219         8.867
    1220         9.492
    1221         7.864
    1222         9.645
    1223         8.507
    1224         8.541
    1225        10.103
    1226         9.920
    1227         6.449
    1228         8.429
    1229         8.411
    1230         8.546
    1231         8.493
    1232         8.498
    1233         8.059
    1234         8.012
    1235         8.544
    1236         7.460
    1237         8.287
    1238         8.506
    1239         7.493
    1240         8.176
    1241         7.284
    1242         7.324
    1243         7.164
    1244         7.251
    1245         7.302
    1246         7.528
    1247         6.597
    1248         7.150
    1249         6.561
    1250         6.554
    1251         6.963
    1252         8.770
    1253         9.559
    1254         9.928
    1255         8.987
    1256         9.117
    1257         9.391
    1258         8.642
    1259         9.405
    1260         9.121
    1261         8.448
    1262         7.957
    1263         7.589
    1264         7.654
    1265         7.927
    1266         8.430
    1267         8.880
    1268         8.900
    1269         9.876
    1270         9.587
    1271         9.240
    1272         9.167
    1273        10.439
    1274         9.513
    1275         9.201
    1276         8.949
    1277         9.621
    1278         8.766
    1279         9.767
    1280         9.901
    1281         9.355
    1282         8.664
    1283         9.012
    1284         8.246
    1285         8.604
    1286         8.303
    1287         8.376
    1288         8.451
    1289         9.494
    1290         9.413
    1291         8.906
    1292         8.920
    1293         7.974
    1294         8.347
    1295         8.560
    1296         9.617
    1297         9.039
    1298         9.351
    1299         9.481
    1300         7.602
    1301         7.528
    1302         7.583
    1303         7.174
    1304         7.552
    1305         7.962
    1306         7.210
    1307         6.923
    1308         6.777
    1309         7.018
    1310         8.623
    1311        10.255
    1312         7.977
    1313         8.167
    1314         8.108
    1315         8.927
    1316        10.585
    1317         9.100
    1318         8.986
    1319         9.854
    1320         9.981
    1321         9.236
    1322         8.789
    1323         6.520
    1324         8.769
    1325         7.704
    1326         7.982
    1327         8.601
    1328         7.246
    1329         8.104
    1330         8.346
    1331         9.150
    1332         9.310
    1333         9.370
    1334         8.527
    1335         9.284
    1336         8.834
    1337         8.782
    1338         8.423
    1339         9.447
    1340         8.553
    1341         8.768
    1342         9.113
    1343         8.384
    1344         8.391
    1345         9.453
    1346         9.281
    1347         9.281
    1348         8.987
    1349         9.371
    1350         8.369
    1351         9.046
    1352         9.514
    1353         8.780
    1354         9.631
    1355         9.804
    1356         8.541
    1357         8.504
    1358         8.604
    1359         9.283
    1360         9.489
    1361         8.754
    1362        10.034
    1363        10.344
    1364         9.327
    1365        10.908
    1366         9.222
    1367         8.113
    1368         7.765
    1369         6.681
    1370         6.702
    1371         6.460
    1372         7.022
    1373         7.175
    1374         7.700
    1375         7.137
    1376         7.335
    1377         6.844
    1378         6.644
    1379         6.897
    1380         6.866
    1381         7.406
    1382         8.475
    1383         7.979
    1384         7.351
    1385         6.187
    1386         8.723
    1387         9.170
    1388        10.337
    1389        11.348
    1390         9.612
    1391         9.712
    1392         9.245
    1393         9.204
    1394         8.679
    1395         8.155
    1396         8.197
    1397         8.056
    1398         9.344
    1399         8.880
    1400         8.352
    1401         9.092
    1402         9.313
    1403         9.053
    1404         9.092
    1405         8.336
    1406         9.346
    1407         8.632
    1408         9.087
    1409         9.123
    1410        10.397
    1411         8.677
    1412         9.425
    1413        10.733
    1414         9.835
    1415         8.010
    1416         8.537
    1417         7.284
    1418         7.771
    1419         5.850
    1420         4.792
    1421         6.326
    1422         5.807
    1423         7.050
    1424         8.042
    1425         7.193
    1426         7.479
    1427         7.988
    1428         7.118
    1429         6.951
    1430         6.720
    1431         6.454
    1432         6.071
    1433         7.514
    1434         7.602
    1435         6.892
    1436         6.158
    1437         6.848
    1438         6.639
    1439         7.882
    1440         6.913
    1441         6.995
    1442         8.047
    1443         8.187
    1444         7.990
    1445         7.067
    1446         7.192
    1447         8.365
    1448         7.895
    1449         9.055
    1450         8.231
    1451         8.530
    1452         8.379
    1453         8.117
    1454         7.752
    1455         7.851
    1456         7.559
    1457         7.221
    1458         7.549
    1459         8.126
    1460         7.154
    1461         7.285
    1462         7.731
    1463         7.450
    1464         7.029
    1465         7.227
    1466         7.789
    1467         7.376
    1468         7.192
    1469         7.138
    1470         7.332
    1471         7.305
    1472         7.003
    1473         7.116
    1474         7.335
    1475         7.399
    1476         7.928
    1477         7.554
    1478         7.523
    1479         7.764
    1480         7.481
    1481         8.192
    1482         9.061
    1483         8.407
    1484         9.448
    1485         7.706
    1486         8.682
    1487         8.193
    1488         8.250
    1489         7.556
    1490         7.104
    1491         6.921
    1492         6.908
    1493         7.506
    1494         7.772
    1495         8.240
    1496         9.145
    1497         8.262
    1498         8.611
    1499         9.867
    1500         9.845
    1501         8.605
    1502         8.805
    1503         9.542
    1504         9.672
    1505        10.616
    1506         9.238
    1507         8.673
    1508         9.286
    1509         9.009
    1510         8.923
    1511         9.991
    1512         8.632
    1513         8.633
    1514         9.039
    1515         9.246
    1516         9.053
    1517         9.500
    1518         8.550
    1519         7.044
    1520         8.121
    1521         8.612
    1522         9.180
    1523         8.434
    1524         9.483
    1525         9.049
    1526         9.299
    1527         9.832
    1528         9.447
    1529         9.108
    1530         8.728
    1531         8.660
    1532         7.819
    1533         8.662
    1534         8.217
    1535         8.577
    1536         9.786
    1537         9.946
    1538         9.760
    1539         9.277
    1540        10.201
    1541         9.175
    1542        10.333
    1543         9.782
    1544         9.640
    1545         8.730
    1546         9.977
    1547         9.322
    1548         9.396
    1549        11.118
    1550         8.940
    1551         8.899
    1552         7.936
    1553         7.902
    1554         7.939
    1555         9.031
    1556         9.578
    1557         8.658
    1558         9.331
    1559         9.389
    1560         9.588
    1561        10.809
    1562         8.359
    1563         7.597
    1564         7.442
    1565         9.479
    1566         9.315
    1567         8.596
    1568         8.323
    1569         8.244
    1570         7.634
    1571         8.026
    1572         9.243
    1573         8.328
    1574         8.122
    1575         9.372
    1576         8.861
    1577        10.001
    1578         9.660
    1579         7.701
    1580         7.901
    1581         8.688
    1582         9.643
    1583         9.523
    1584         9.117
    1585         9.060
    1586         8.012
    1587         8.995
    1588         8.896
    1589         8.448
    1590         8.017
    1591         8.010
    1592         8.085
    1593         6.906
    1594         9.414
    1595         9.328
    1596         8.612
    1597         9.498
    1598         8.623
    1599         9.368
    1600         8.922
    1601         8.866
    1602         8.888
    1603         8.511
    1604         8.565
    1605         8.166
    1606         8.575
    1607         8.554
    1608         9.021
    1609         9.010
    1610         8.336
    1611         9.158
    1612         9.336
    1613         9.904
    1614        10.748
    1615         9.095
    1616         8.274
    1617         8.217
    1618         8.448
    1619         8.593
    1620         8.796
    1621         8.180
    1622         8.142
    1623         9.024
    1624         9.963
    1625        10.238
    1626        10.653
    1627        10.118
    1628         9.530
    1629         9.069
    1630         8.962
    1631         8.750
    1632         6.946
    1633         6.535
    1634         7.926
    1635         6.848
    1636         8.587
    1637         8.386
    1638         5.962
    1639         5.432
    1640         5.953
    1641         5.038
    1642         5.812
    1643         8.036
    1644         6.139
    1645         6.869
    1646         6.464
    1647         5.070
    1648         6.181
    1649         6.995
    1650         7.092
    1651         6.482
    1652         6.804
    1653         6.667
    1654         6.416
    1655         6.222
    1656         5.860
    1657         6.317
    1658         5.946
    1659         6.833
    1660         7.444
    1661         8.239
    1662         8.525
    1663         8.834
    1664         8.973
    1665         8.741
    1666         7.152
    1667         6.717
    1668         7.491
    1669         6.877
    1670         7.433
    1671         7.251
    1672         6.429
    1673         6.542
    1674         5.981
    1675         7.044
    1676         7.299
    1677         7.618
    1678         7.532
    1679         6.048
    1680         5.150
    1681         5.696
    1682         5.885
    1683         7.431
    1684         7.119
    1685         7.403
    1686         7.171
    1687         7.994
    1688         7.428
    1689         9.128
    1690         7.501
    1691         5.403
    1692         5.061
    1693         4.996
    1694         7.768
    1695         6.944
    1696         6.214
    1697         6.879
    1698         7.683
    1699         7.447
    1700         7.508
    1701         7.252
    1702         7.232
    1703         6.528
    1704         5.176
    1705         4.497
    1706         4.757
    1707         4.512
    1708         5.930
    1709         4.356
    1710         4.695
    1711         5.459
    1712         4.884
    1713         4.335
    1714         4.882
    1715         5.850
    1716         5.779
    1717         6.689
    1718         6.392
    1719         7.407
    1720         7.843
    1721         8.045
    1722         6.725
    1723         6.663
    1724         6.733
    1725         6.730
    1726         7.338
    1727         7.282
    1728         8.134
    1729         8.354
    1730         8.294
    1731         5.322
    1732         5.376
    1733         4.815
    1734         5.258
    1735         5.986
    1736         6.902
    1737         5.791
    1738         6.090
    1739         5.152
    1740         5.580
    1741         7.002
    1742         6.782
    1743         7.435
    1744         8.033
    1745         7.308
    1746         7.781
    1747         6.948
    1748         7.539
    1749         7.785
    1750         7.362
    1751         7.120
    1752         7.064
    1753         7.100
    1754         6.402
    1755         7.263
    1756         7.020
    1757         6.562
    1758         6.816
    1759         6.645
    1760         6.664
    1761         6.711
    1762         6.886
    1763         6.215
    1764         6.211
    1765         6.510
    1766         6.640
    1767         7.130
    1768         6.604
    1769         6.694
    1770         7.379
    1771         7.719
    1772         7.549
    1773         6.797
    1774         7.389
    1775         7.463
    1776         8.148
    1777         7.557
    1778         7.345
    1779         6.975
    1780         6.801
    1781         7.662
    1782         8.295
    1783         7.831
    1784         6.392
    1785         6.907
    1786         6.654
    1787         7.181
    1788         6.037
    1789         7.036
    1790         6.329
    1791         5.705
    1792         5.247
    1793         4.677
    1794         5.314
    1795         4.772
    1796         5.136
    1797         4.788
    1798         5.688
    1799         6.877
    1800         6.494
    1801         7.500
    1802         6.449
    1803         6.637
    1804         6.832
    1805         6.697
    1806         8.068
    1807         7.113
    1808         6.964
    1809         6.931
    1810         6.843
    1811         7.015
    1812         6.784
    1813         6.267
    1814         5.415
    1815         4.431
    1816         7.212
    1817         7.524
    1818         6.253
    1819         5.712
    1820         5.801
    1821         4.769
    1822         6.477
    1823         6.455
    1824         5.226
    1825         5.688
    1826         5.286
    1827         7.395
    1828         7.839
    1829         6.827
    1830         7.646
    1831         7.161
    1832         6.530
    1833         7.253
    1834         7.059
    1835         8.041
    1836         8.036
    1837         6.868
    1838         7.290
    1839         7.070
    1840         6.860
    1841         7.439
    1842         8.184
    1843         7.891
    1844         6.889
    1845         7.007
    1846         6.302
    1847         6.493
    1848         6.906
    1849         6.944
    1850         6.053
    1851         6.560
    1852         6.826
    1853         6.449
    1854         5.432
    1855         5.444
    1856         6.968
    1857         7.482
    1858         7.216
    1859         6.717
    1860         6.795
    1861         7.415
    1862         7.627
    1863         6.744
    1864         6.912
    1865         7.744
    1866         6.099
    1867         5.032
    1868         6.483
    1869         6.984
    1870         7.169
    1871         7.751
    1872         7.735
    1873         7.157
    1874         6.242
    1875         5.211
    1876         6.331
    1877         6.709
    1878         6.160
    1879         5.331
    1880         5.865
    1881         4.822
    1882         6.179
    1883         6.107
    1884         6.316
    1885         5.864
    1886         6.669
    1887         5.367
    1888         5.258
    1889         4.677
    1890         4.497
    1891         4.694
    1892         4.738
    1893         5.394
    1894         4.937
    1895         5.126
    1896         4.806
    1897         5.595
    1898         5.048
    1899         5.202
    1900         6.691
    1901         7.729
    1902         7.741
    1903         7.356
    1904         6.825
    1905         6.009
    1906         6.989
    1907         7.171
    1908         7.278
    1909         7.740
    1910         7.994
    1911         8.232
    1912         9.149
    1913         9.491
    1914         7.879
    1915         8.072
    1916         7.830
    1917         7.828
    1918         7.641
    1919         7.948
    1920         7.761
    1921         7.154
    1922         7.300
    1923         6.975
    1924         6.694
    1925         6.785
    1926         6.962
    1927         6.050
    1928         5.312
    1929         6.707
    1930         6.200
    1931         6.505
    1932         6.526
    1933         5.835
    1934         6.245
    1935         7.286
    1936         6.452
    1937         7.506
    1938         5.564
    1939         6.801
    1940         7.433
    1941         6.092
    1942         5.794
    1943         5.458
    1944         5.746
    1945         5.011
    1946         6.321
    1947         6.873
    1948         7.420
    1949         6.396
    1950         7.239
    1951         6.239
    1952         6.451
    1953         6.043
    1954         6.217
    1955         7.427
    1956         7.649
    1957         5.883
    1958         5.781
    1959         7.110
    1960         7.236
    1961         7.459
    1962         8.087
    1963         8.061
    1964         6.800
    1965         6.856
    1966         7.405
    1967         7.282
    1968         7.058
    1969         6.922
    1970         6.129
    1971         7.093
    1972         5.826
    1973         6.654
    1974         6.398
    1975         6.714
    1976         5.213
    1977         5.962
    1978         6.173
    1979         5.346
    1980         4.921
    1981         5.352
    1982         5.732
    1983         4.981
    1984         4.347
    1985         4.360
    1986         4.401
    1987         5.979
    1988         5.017
    1989         4.625
    1990         4.447
    1991         4.448
    1992         5.452
    1993         4.328
    1994         5.792
    1995         5.226
    1996         6.299
    1997         5.600
    1998         4.616
    1999         4.509
    2000         6.062
    2001         5.564
    2002         5.076
    2003         4.301
    2004         4.745
    2005         5.011
    2006         6.048
    2007         4.885
    2008         6.351
    2009         4.619
    2010         4.638
    2011         5.998
    2012         4.436
    2013         4.115
    2014         4.879
    2015         4.333
    2016         4.539
    2017         4.759
    2018         5.010
    2019         4.788
    2020         4.992
    2021         4.448
    2022         6.409
    2023         6.348
    2024         4.365
    2025         5.301
    2026         4.501
    2027         4.465
    2028         6.345
    2029         4.578
    2030         6.403
    2031         6.531
    2032         5.046
    2033         4.747
    2034         4.435
    2035         5.739
    2036         6.071
    2037         5.377
    2038         5.143
    2039         5.255
    2040         4.674
    2041         6.390
    2042         6.423
    2043         5.770
    2044         6.433
    2045         5.491
    2046         4.889
    2047         4.220
    2048         4.384
    2049         5.152
    2050         5.703
    2051         6.271
    2052         5.287
    2053         4.529
    2054         4.955
    2055         4.807
    2056         5.128
    2057         5.393
    2058         6.560
    2059         7.077
    2060         5.831
    2061         4.870
    2062         4.768
    2063         5.894
    2064         7.204
    2065         6.151
    2066         6.374
    2067         6.440
    2068         6.796
    2069         7.212
    2070         8.106
    2071         8.082
    2072         7.551
    2073         7.932
    2074         8.731
    2075         8.786
    2076         7.878
    2077         8.221
    2078         8.767
    2079         7.767
    2080         8.626
    2081         7.821
    2082         7.106
    2083         8.330
    2084         8.335
    2085         9.406
    2086         8.228
    2087         8.882
    2088         9.162
    2089         8.595
    2090         8.173
    2091         9.271
    2092         9.182
    2093         9.049
    2094        10.474
    2095        10.831
    2096         9.670
    2097         9.036
    2098         9.536
    2099         8.407
    2100         7.590
    2101         6.715
    2102         7.684
    2103         7.498
    2104         6.928
    2105         7.192
    2106         8.772
    2107         8.178
    2108         8.313
    2109         7.368
    2110         9.149
    2111         9.473
    2112         9.246
    2113         8.647
    2114         8.821
    2115         9.131
    2116         9.766
    2117         9.824
    2118         8.457
    2119         9.311
    2120         8.433
    2121         8.815
    2122         9.615
    2123         7.678
    2124        10.000
    2125         8.487
    2126         8.509
    2127         9.096
    2128         8.278
    2129         8.652
    2130         9.216
    2131         9.851
    2132         8.878
    2133         9.390
    2134         9.197
    2135         8.351
    2136         8.965
    2137         8.579
    2138         6.779
    2139         6.879
    2140         7.677
    2141         7.181
    2142         6.999
    2143         8.074
    2144         8.639
    2145         7.141
    2146         6.794
    2147         7.145
    2148         7.020
    2149         7.518
    2150         9.374
    2151         8.075
    2152         8.716
    2153         9.629
    2154        10.357
    2155         9.698
    2156        10.166
    2157         9.164
    2158         9.644
    2159         9.328
    2160         9.417
    2161         9.606
    2162         8.819
    2163         8.386
    2164         7.129
    2165         8.438
    2166         8.215
    2167         8.084
    2168         7.721
    2169         9.139
    2170         8.093
    2171         8.780
    2172         8.998
    2173         9.287
    2174         9.267
    2175         9.222
    2176         9.391
    2177         9.375
    2178         8.512
    2179         8.889
    2180         9.125
    2181         8.835
    2182         8.552
    2183         7.763
    2184         8.981
    2185         7.385
    2186         7.150
    2187         6.877
    2188         7.698
    2189         8.544
    2190         6.938
    2191         7.092
    2192         6.389
    2193         6.654
    2194         7.334
    2195         6.719
    2196         6.144
    2197         6.899
    2198         7.450
    2199         6.935
    2200         7.188
    2201         6.535
    2202         6.724
    2203         6.597
    2204         7.045
    2205         8.885
    2206         9.725
    2207         8.313
    2208         8.426
    2209         7.978
    2210         7.704
    2211         6.427
    2212         7.264
    2213         6.769
    2214         7.885
    2215         7.131
    2216         6.876
    2217         6.421
    2218         6.788
    2219         6.689
    2220         6.523
    2221         7.791
    2222         6.757
    2223         6.145
    2224         6.529
    2225         6.333
    2226         6.602
    2227         7.097
    2228         6.507
    2229         6.351
    2230         5.987
    2231         6.420
    2232         6.778
    2233         7.178
    2234         7.495
    2235         7.916
    2236         7.767
    2237         6.406
    2238         6.545
    2239         7.325
    2240         7.678
    2241         6.862
    2242         7.120
    2243         7.704
    2244         7.011
    2245         8.353
    2246         9.115
    2247         8.704
    2248         7.295
    2249         7.079
    2250         6.214
    2251         4.789
    2252         8.232
    2253         6.557
    2254         5.468
    2255         7.973
    2256         7.467
    2257         6.643
    2258         6.864
    2259         7.790
    2260         6.463
    2261         6.921
    2262         6.432
    2263         7.569
    2264         7.077
    2265         6.783
    2266         6.617
    2267         5.977
    2268         6.879
    2269         6.362
    2270         6.624
    2271         6.907
    2272         7.003
    2273         6.095
    2274         6.737
    2275         6.005
    2276         5.689
    2277         5.973
    2278         6.654
    2279         6.899
    2280         6.357
    2281         7.146
    2282         7.418
    2283         7.296
    2284         5.955
    2285         6.464
    2286         7.016
    2287         7.598
    2288         7.359
    2289         6.420
    2290         6.522
    2291         6.743
    2292         6.441
    2293         7.126
    2294         7.123
    2295         7.582
    2296         6.925
    2297         6.853
    2298         6.981
    2299         7.212
    2300         8.265
    2301         7.496
    2302         8.106
    2303         9.035
    2304         8.923
    2305         9.036
    2306         9.960
    2307         9.025
    2308         9.109
    2309         8.829
    2310         8.344
    2311         8.083
    2312         8.677
    2313         7.550
    2314         7.215
    2315         6.621
    2316         6.338
    2317         6.547
    2318         6.544
    2319         6.972
    2320         7.288
    2321         7.363
    2322         7.128
    2323         7.547
    2324         7.853
    2325         7.171
    2326         6.529
    2327         7.293
    2328         6.537
    2329         6.968
    2330         6.406
    2331         8.183
    2332         7.239
    2333         8.086
    2334         6.403
    2335         6.654
    2336         6.427
    2337         6.977
    2338         7.750
    2339         6.803
    2340         6.745
    2341         6.034
    2342         6.417
    2343         7.446
    2344         6.487
    2345         7.133
    2346         6.657
    2347         7.155
    2348         6.584
    2349         6.144
    2350         5.898
    2351         6.130
    2352         6.729
    2353         6.145
    2354         5.275
    2355         4.702
    2356         4.568
    2357         5.293
    2358         4.407
    2359         5.478
    2360         4.934
    2361         5.481
    2362         5.485
    2363         4.690
    2364         5.665
    2365         5.882
    2366         6.289
    2367         6.128
    2368         6.684
    2369         5.669
    2370         5.784
    2371         5.232
    2372         5.887
    2373         4.662
    2374         4.248
    2375         5.582
    2376         4.105
    2377         4.693
    2378         4.541
    2379         5.444
    2380         5.048
    2381         6.466
    2382         8.106
    2383         6.114
    2384         5.230
    2385         5.100
    2386         5.629
    2387         6.941
    2388         7.373
    2389         7.350
    2390         7.214
    2391         7.408
    2392         9.264
    2393         7.736
    2394         8.685
    2395         8.325
    2396         7.452
    2397         7.398
    2398        10.156
    2399         7.652
    2400         7.609
    2401         7.229
    2402         7.502
    2403         7.188
    2404         8.117
    2405         8.557
    2406         8.102
    2407         7.233
    2408         7.450
    2409         8.254
    2410         7.187
    2411         7.148
    2412         7.061
    2413         6.888
    2414         6.973
    2415         6.932
    2416         6.336
    2417         7.365
    2418         7.786
    2419         8.652
    2420         9.415
    2421         7.905
    2422         7.407
    2423         7.081
    2424         7.221
    2425         6.628
    2426         6.608
    2427         7.781
    2428         7.186
    2429         6.815
    2430         6.284
    2431         6.911
    2432         8.221
    2433         7.242
    2434         6.179
    2435         6.544
    2436         8.597
    2437         7.044
    2438         7.930
    2439         8.001
    2440         7.402
    2441         6.838
    2442         8.886
    2443         8.687
    2444         7.877
    2445         8.231
    2446         8.937
    2447         8.293
    2448         7.958
    2449         8.653
    2450         7.402
    2451         8.183
    2452         8.663
    2453         8.569
    2454         7.624
    2455         7.952
    2456         7.736
    2457         7.079
    2458         6.768
    2459         7.691
    2460         6.435
    2461         6.759
    2462         6.576
    2463         6.871
    2464         5.572
    2465         4.799
    2466         4.425
    2467         4.774
    2468         6.117
    2469         6.384
    2470         5.202
    2471         6.748
    2472         6.680
    2473         5.970
    2474         6.388
    2475         6.960
    2476         7.690
    2477         7.282
    2478         6.984
    2479         6.022
    2480         7.004
    2481         6.189
    2482         6.662
    2483         6.724
    2484         7.423
    2485         6.144
    2486         4.708
    2487         4.997
    2488         6.286
    2489         7.073
    2490         7.127
    2491         6.403
    2492         5.931
    2493         6.169
    2494         7.033
    2495         6.104
    2496         7.076
    2497         6.458
    2498         8.526
    2499         7.885
    2500         6.973
    2501         8.287
    2502         8.476
    2503         7.657
    2504         7.312
    2505         5.064
    2506         4.686
    2507         5.609
    2508         5.964
    2509         5.941
    2510         4.953
    2511         6.145
    2512         4.889
    2513         6.398
    2514         6.430
    2515         5.644
    2516         6.020
    2517         5.594
    2518         7.000
    2519         5.744
    2520         5.612
    2521         5.437
    2522         5.768
    2523         6.076
    2524         6.412
    2525         6.843
    2526         5.750
    2527         4.527
    2528         6.189
    2529         6.042
    2530         7.010
    2531         6.842
    2532         5.707
    2533         5.087
    2534         6.578
    2535         6.956
    2536         6.853
    2537         7.134
    2538         7.347
    2539         7.671
    2540         7.893
    2541         7.658
    2542         7.742
    2543         8.021
    2544         8.639
    2545         8.792
    2546         9.353
    2547         9.758
    2548         8.325
    2549         8.162
    2550         8.751
    2551         8.825
    2552         9.162
    2553         8.953
    2554         8.368
    2555         9.061
    2556         8.723
    2557         8.800
    2558         8.878
    2559         8.171
    2560         8.513
    2561         8.857
    2562         9.072
    2563         8.300
    2564         9.039
    2565         8.621
    2566         9.370
    2567         8.991
    2568         9.352
    2569         9.976
    2570         9.592
    2571         8.830
    2572         9.106
    2573         8.763
    2574         8.808
    2575         8.881
    2576         9.202
    2577         8.106
    2578         9.195
    2579         8.044
    2580         8.038
    2581         7.272
    2582         6.977
    2583         7.235
    2584         8.786
    2585         7.523
    2586         8.042
    2587         8.429
    2588         9.209
    2589         8.186
    2590         8.142
    2591         7.700
    2592         7.977
    2593         7.939
    2594         8.196
    2595         9.042
    2596         8.152
    2597         8.721
    2598         7.124
    2599         6.863
    2600         6.799
    2601         6.827
    2602         6.996
    2603         7.325
    2604         6.515
    2605         6.480
    2606         4.835
    2607         6.773
    2608         5.638
    2609         5.144
    2610         6.192
    2611         6.510
    2612         5.629
    2613         6.194
    2614         6.569
    2615         4.903
    2616         5.420
    2617         6.186
    2618         5.391
    2619         6.032
    2620         5.594
    2621         5.561
    2622         4.819
    2623         5.078
    2624         4.485
    2625         4.738
    2626         4.386
    2627         4.712
    2628         4.454
    2629         5.559
    2630         4.194
    2631         4.496
    2632         4.485
    2633         6.047
    2634         6.215
    2635         7.881
    2636         7.044
    2637         4.955
    2638         5.613
    2639         6.551
    2640         6.307
    2641         5.441
    2642         5.334
    2643         4.590
    2644         5.615
    2645         6.764
    2646         5.648
    2647         5.229
    2648         5.462
    2649         6.833
    2650         6.975
    2651         7.047
    2652         6.251
    2653         4.862
    2654         6.184
    2655         4.483
    2656         5.345
    2657         6.508
    2658         4.991
    2659         6.834
    2660         6.858
    2661         7.425
    2662         6.305
    2663         6.698
    2664         6.226
    2665         6.041
    2666         4.584
    2667         6.693
    2668         5.633
    2669         4.787
    2670         5.165
    2671         5.929
    2672         6.532
    2673         7.314
    2674         6.461
    2675         6.320
    2676         6.185
    2677         6.190
    2678         7.121
    2679         6.957
    2680         5.980
    2681         6.016
    2682         5.294
    2683         5.885
    2684         6.270
    2685         6.668
    2686         7.158
    2687         6.330
    2688         6.585
    2689         5.708
    2690         5.431
    2691         5.391
    2692         6.307
    2693         5.555
    2694         6.724
    2695         6.371
    2696         6.043
    2697         5.778
    2698         6.978
    2699         5.818
    2700         5.926
    2701         6.832
    2702         6.861
    2703         7.796
    2704         6.354
    2705         5.699
    2706         6.785
    2707         7.095
    2708         7.276
    2709         6.857
    2710         6.952
    2711         7.028
    2712         6.920
    2713         6.254
    2714         6.404
    2715         5.566
    2716         6.114
    2717         5.051
    2718         6.061
    2719         5.117
    2720         4.518
    2721         4.619
    2722         4.491
    2723         4.453
    2724         4.409
    2725         4.807
    2726         6.382
    2727         6.637
    2728         6.474
    2729         6.425
    2730         5.583
    2731         4.614
    2732         6.386
    2733         6.364
    2734         7.104
    2735         4.654
    2736         4.759
    2737         4.801
    2738         5.664
    2739         5.728
    2740         4.407
    2741         5.296
    2742         5.007
    2743         5.833
    2744         4.969
    2745         5.450
    2746         6.051
    2747         6.880
    2748         6.068
    2749         6.805
    2750         6.792
    2751         7.948
    2752         7.821
    2753         6.769
    2754         7.169
    2755         7.194
    2756         5.365
    2757         6.879
    2758         5.886
    2759         5.227
    2760         6.508
    2761         7.315
    2762         7.172
    2763         6.929
    2764         7.606
    2765         8.091
    2766         7.852
    2767         8.722
    2768         8.014
    2769         8.247
    2770         8.013
    2771         7.970
    2772         8.625
    2773         9.140
    2774         7.461
    2775         8.482
    2776         7.964
    2777         8.500
    2778         7.108
    2779         8.509
    2780         7.278
    2781         7.207
    2782         7.187
    2783         7.404
    2784         7.207
    2785         6.844
    2786         7.197
    2787         8.395
    2788         8.404
    2789         7.129
    2790         7.489
    2791         7.183
    2792         7.315
    2793         7.454
    2794         8.639
    2795         7.591
    2796         8.669
    2797         7.917
    2798         8.799
    2799         9.848
    2800         8.834
    2801         7.812
    2802         8.266
    2803         7.391
    2804         7.288
    2805         7.059
    2806         7.504
    2807         7.323
    2808         7.685
    2809         7.432
    2810         6.857
    2811         7.272
    2812         7.021
    2813         6.805
    2814         7.412
    2815         7.003
    2816         7.296
    2817         7.151
    2818         6.478
    2819         7.584
    2820         7.706
    2821         7.199
    2822         7.181
    2823         7.373
    2824         7.466
    2825         8.310
    2826         8.683
    2827         9.245
    2828         8.505
    2829         8.253
    2830         8.444
    2831         8.856
    2832         6.917
    2833         7.402
    2834         8.390
    2835         7.417
    2836         7.875
    2837         7.172
    2838         7.605
    2839         8.302
    2840         8.142
    2841         8.245
    2842         8.700
    2843         7.452
    2844         7.596
    2845         8.736
    2846         9.212
    2847         8.357
    2848         8.746
    2849         7.717
    2850         8.212
    2851         6.775
    2852         7.293
    2853         7.180
    2854         7.845
    2855         9.074
    2856         8.837
    2857         8.128
    2858         6.530
    2859         6.855
    2860         6.785
    2861         6.843
    2862         7.773
    2863         8.599
    2864         8.797
    2865         7.784
    2866         7.998
    2867         7.475
    2868         8.375
    2869         8.866
    2870         8.812
    2871         9.161
    2872         9.041
    2873         9.132
    2874         9.333
    2875         9.348
    2876         8.971
    2877         8.391
    2878         8.625
    2879         9.513
    2880         7.872
    2881         8.669
    2882         8.261
    2883         7.987
    2884         7.671
    2885         7.412
    2886         7.486
    2887         6.049
    2888         8.240
    2889         6.084
    2890         7.793
    2891         9.062
    2892         7.610
    2893         9.031
    2894         9.094
    2895         7.533
    2896         5.112
    2897         4.404
    2898         4.421
    2899         6.442
    2900         6.695
    2901         7.686
    2902         7.167
    2903         7.489
    2904         8.086
    2905         8.289
    2906         9.244
    2907         8.712
    2908         8.017
    2909         7.518
    2910         6.977
    2911         5.800
    2912         4.998
    2913         5.150
    2914         6.240
    2915         6.048
    2916         6.637
    2917         6.753
    2918         6.642
    2919         8.351
    2920         8.938
    2921         9.245
    2922         8.715
    2923         8.796
    2924        10.257
    2925         8.235
    2926         7.469
    2927         6.154
    2928         6.952
    2929         6.217
    2930         5.892
    2931         7.104
    2932         7.377
    2933         7.560
    2934         6.302
    2935         6.346
    2936         6.268
    2937         6.026
    2938         7.035
    2939         7.484
    2940         7.464
    2941         6.687
    2942         7.106
    2943         6.811
    2944         4.745
    2945         4.953
    2946         5.661
    2947         6.383
    2948         4.536
    2949         4.467
    2950         5.751
    2951         8.199
    2952         7.936
    2953         6.005
    2954         7.158
    2955         8.634
    2956         7.819
    2957         8.974
    2958         6.745
    2959         7.883
    2960         8.750
    2961         8.389
    2962         7.433
    2963         7.031
    2964         6.429
    2965         6.731
    2966         7.081
    2967         8.493
    2968         7.786
    2969         9.370
    2970         9.686
    2971         8.280
    2972         8.242
    2973         9.427
    2974         8.389
    2975         8.120
    2976         6.957
    2977         7.745
    2978         8.568
    2979         7.944
    2980         9.170
    2981         8.976
    2982         8.919
    2983         7.998
    2984         8.387
    2985         9.626
    2986         8.695
    2987         8.667
    2988         8.904
    2989         9.913
    2990         9.982
    2991         7.650
    2992         7.407
    2993         8.206
    2994         8.751
    2995         9.060
    2996         6.602
    2997         7.589
    2998         5.817
    2999         6.308
    3000         6.843
    3001         5.990
    3002         6.202
    3003         6.356
    3004         5.526
    3005         5.874
    3006         6.261
    3007         5.880
    3008         5.670
    3009         4.816
    3010         5.012
    3011         5.448
    3012         4.392
    3013         4.419
    3014         4.092
    3015         5.544
    3016         6.367
    3017         8.346
    3018         7.241
    3019         6.706
    3020         6.719
    3021         7.542
    3022         7.558
    3023         8.161
    3024         7.904
    3025         7.387
    3026         8.258
    3027         8.485
    3028         8.099
    3029         9.383
    3030         8.163
    3031         7.475
    3032         6.428
    3033         8.186
    3034         8.288
    3035         8.224
    3036         7.839
    3037         7.416
    3038         7.242
    3039         7.901
    3040         7.805
    3041         7.352
    3042         7.064
    3043         6.925
    3044         6.664
    3045         6.687
    3046         7.314
    3047         7.191
    3048         7.710
    3049         7.484
    3050         7.515
    3051         8.296
    3052         8.370
    3053         9.413
    3054         8.492
    3055         8.670
    3056         9.316
    3057         8.617
    3058         8.004
    3059         7.415
    3060         7.795
    3061         7.390
    3062         6.854
    3063         7.352
    3064         6.882
    3065         7.784
    3066         7.005
    3067         7.292
    3068         7.940
    3069         8.614
    3070         7.707
    3071         9.016
    3072         9.048
    3073         8.386
    3074         8.863
    3075         8.060
    3076         8.103
    3077         8.102
    3078         6.629
    3079         4.631
    3080         6.989
    3081         7.610
    3082         7.866
    3083         6.822
    3084         6.529
    3085         6.752
    3086         6.823
    3087         6.368
    3088         7.693
    3089         6.746
    3090         7.034
    3091         5.244
    3092         5.644
    3093         4.777
    3094         5.268
    3095         5.935
    3096         6.124
    3097         5.929
    3098         6.210
    3099         7.047
    3100         6.345
    3101         6.628
    3102         6.521
    3103         6.725
    3104         7.229
    3105         7.887
    3106         7.564
    3107         7.073
    3108         6.255
    3109         6.979
    3110         6.784
    3111         7.492
    3112         7.116
    3113         8.467
    3114         6.871
    3115         6.942
    3116         8.277
    3117         6.647
    3118         7.374
    3119         7.674
    3120         6.415
    3121         6.933
    3122         8.078
    3123         6.689
    3124         7.083
    3125         6.122
    3126         6.439
    3127         5.966
    3128         6.045
    3129         6.883
    3130         7.858
    3131         8.467
    3132         8.486
    3133         7.120
    3134         5.871
    3135         6.481
    3136         5.829
    3137         5.236
    3138         5.996
    3139         6.365
    3140         5.980
    3141         6.509
    3142         6.338
    3143         7.787
    3144         7.234
    3145         5.930
    3146         7.560
    3147         6.508
    3148         6.735
    3149         6.125
    3150         4.493
    3151         4.469
    3152         4.305
    3153         4.950
    3154         4.499
    3155         4.466
    3156         5.979
    3157         4.738
    3158         4.597
    3159         4.693
    3160         4.349
    3161         4.357
    3162         4.472
    3163         5.885
    3164         4.493
    3165         5.194
    3166         4.802
    3167         4.623
    3168         4.304
    3169         5.179
    3170         5.340
    3171         4.857
    3172         4.504
    3173         4.692
    3174         4.445
    3175         4.528
    3176         4.461
    3177         5.932
    3178         5.368
    3179         4.287
    3180         4.600
    3181         5.176
    3182         5.101
    3183         4.248
    3184         4.488
    3185         4.856
    3186         4.743
    3187         4.548
    3188         4.192
    3189         5.181
    3190         6.067
    3191         5.443
    3192         4.472
    3193         4.567
    3194         4.415
    3195         4.167
    3196         5.972
    3197         4.851
    3198         4.663
    3199         5.309
    3200         5.030
    3201         4.370
    3202         4.689
    3203         4.328
    3204         4.372
    3205         3.935
    3206         4.722
    3207         5.349
    3208         4.871
    3209         4.208
    3210         5.513
    3211         4.841
    3212         4.756
    3213         4.334
    3214         6.065
    3215         4.730
    3216         4.772
    3217         4.714
    3218         4.394
    3219         5.094
    3220         4.398
    3221         4.493
    3222         4.708
    3223         4.754
    3224         4.387
    3225         4.987
    3226         4.529
    3227         4.147
    3228         4.825
    3229         5.125
    3230         4.453
    3231         4.336
    3232         4.427
    3233         4.365
    3234         4.716
    3235         4.262
    3236         5.901
    3237         6.552
    3238         5.715
    3239         6.253
    3240         6.519
    3241         6.936
    3242         5.156
    3243         6.189
    3244         6.171
    3245         5.844
    3246         7.088
    3247         7.914
    3248         6.731
    3249         5.940
    3250         6.009
    3251         7.879
    3252         8.702
    3253        10.554
    3254         8.955
    3255         8.506
    3256         7.988
    3257         6.997
    3258         6.216
    3259         5.825
    3260         6.364
    3261         6.381
    3262         7.975
    3263         7.275
    3264         6.531
    3265         6.843
    3266         6.856
    3267         5.778
    3268         7.201
    3269         6.261
    3270         5.915
    3271         5.157
    3272         4.709
    3273         4.879
    3274         4.661
    3275         4.802
    3276         4.551
    3277         4.055
    3278         3.851
    3279         4.436
    3280         4.178
    3281         4.247
    3282         4.229
    3283         4.379
    3284         5.254
    3285         4.811
    3286         4.305
    3287         4.749
    3288         4.163
    3289         4.820
    3290         4.652
    3291         4.745
    3292         4.719
    3293         5.545
    3294         5.709
    3295         4.780
    3296         5.381
    3297         4.762
    3298         4.832
    3299         4.626
    3300         4.345
    3301         4.057
    3302         4.596
    3303         4.213
    3304         3.961
    3305         4.715
    3306         5.699
    3307         4.862
    3308         5.502
    3309         5.067
    3310         4.012
    3311         4.542
    3312         4.129
    3313         4.510
    3314         4.664
    3315         3.903
    3316         5.105
    3317         4.397
    3318         4.764
    3319         4.719
    3320         4.592
    3321         4.156
    3322         4.262
    3323         4.834
    3324         3.472
    3325         3.905
    3326         4.086
    3327         4.261
    3328         4.623
    3329         5.631
    3330         5.673
    3331         4.251
    3332         4.782
    3333         6.605
    3334         4.575
    3335         4.465
    3336         4.291
    3337         4.393
    3338         4.684
    3339         4.792
    3340         5.009
    3341         4.727
    3342         4.610
    3343         4.228
    3344         4.951
    3345         4.820
    3346         4.785
    3347         6.016
    3348         4.612
    3349         5.325
    3350         5.589
    3351         4.518
    3352         5.323
    3353         4.323
    3354         5.301
    3355         4.633
    3356         4.851
    3357         4.487
    3358         6.967
    3359         6.355
    3360         9.575
    3361         9.531
    3362         9.774
    3363         8.616
    3364         8.767
    3365         7.913
    3366         7.265
    3367         8.435
    3368         8.649
    3369         8.772
    3370         7.471
    3371         6.928
    3372         5.973
    3373         4.885
    3374         4.508
    3375         4.907
    3376         4.601
    3377         5.502
    3378         4.803
    3379         4.088
    3380         4.696
    3381         4.672
    3382         5.607
    3383         4.725
    3384         4.729
    3385         5.027
    3386         5.121
    3387         4.940
    3388         4.620
    3389         5.534
    3390         4.273
    3391         5.575
    3392         5.372
    3393         4.801
    3394         4.361
    3395         4.742
    3396         5.160
    3397         5.627
    3398         4.466
    3399         4.254
    3400         4.108
    3401         3.963
    3402         4.076
    3403         4.856
    3404         4.624
    3405         4.338
    3406         4.378
    3407         5.153
    3408         4.366
    3409         4.212
    3410         4.494
    3411         4.569
    3412         4.743
    3413         4.358
    3414         4.454
    3415         4.448
    3416         5.613
    3417         6.014
    3418         6.999
    3419         6.238
    3420         5.182
    3421         5.287
    3422         5.389
    3423         4.814
    3424         5.359
    3425         6.602
    3426         7.066
    3427         6.701
    3428         6.411
    3429         4.572
    3430         4.310
    3431         4.491
    3432         4.597
    3433         6.261
    3434         5.498
    3435         6.163
    3436         7.673
    3437         7.188
    3438         5.443
    3439         4.414
    3440         5.312
    3441         4.505
    3442         4.771
    3443         4.341
    3444         4.050
    3445         4.710
    3446         4.778
    3447         5.056
    3448         4.545
    3449         4.449
    3450         4.557
    3451         4.446
    3452         5.910
    3453         6.592
    3454         5.742
    3455         5.685
    3456         4.719
    3457         4.617
    3458         4.390
    3459         4.960
    3460         4.756
    3461         6.270
    3462         4.732
    3463         5.170
    3464         5.291
    3465         4.961
    3466         4.587
    3467         5.093
    3468         5.100
    3469         4.568
    3470         4.627
    3471         5.359
    3472         4.896
    3473         5.750
    3474         4.480
    3475         4.045
    3476         4.175
    3477         5.198
    3478         4.175
    3479         4.541
    3480         4.537
    3481         4.798
    3482         4.558
    3483         3.750
    3484         3.801
    3485         3.882
    3486         4.446
    3487         4.387
    3488         5.091
    3489         4.228
    3490         4.722
    3491         4.639
    3492         4.264
    3493         4.803
    3494         4.366
    3495         6.149
    3496         5.020
    3497         5.389
    3498         4.920
    3499         5.925
    3500         4.299
    3501         4.750
    3502         6.393
    3503         4.435
    3504         4.602
    3505         3.956
    3506         5.006
    3507         4.895
    3508         5.012
    3509         4.445
    3510         4.528
    3511         4.684
    3512         4.405
    3513         4.252
    3514         4.511
    3515         4.269
    3516         4.410
    3517         4.730
    3518         4.436
    3519         5.055
    3520         6.179
    3521         6.567
    3522         6.716
    3523         6.822
    3524         7.441
    3525         7.392
    3526         6.688
    3527         5.604
    3528         6.390
    3529         6.765
    3530         6.582
    3531         6.092
    3532         6.655
    3533         6.755
    3534         7.297
    3535         7.731
    3536         7.437
    3537         7.052
    3538         6.811
    3539         6.643
    3540         5.712
    3541         4.939
    3542         5.526
    3543         6.884
    3544         7.424
    3545         6.198
    3546         6.922
    3547         7.735
    3548         6.251
    3549         7.132
    3550         7.002
    3551         7.540
    3552         9.004
    3553         8.487
    3554         9.779
    3555         8.110
    3556         7.877
    3557         8.894
    3558         8.257
    3559         8.828
    3560         8.604
    3561         9.761
    3562         8.651
    3563         9.276
    3564         9.255
    3565         9.905
    3566         9.352
    3567         9.655
    3568         8.460
    3569         8.627
    3570         8.975
    3571         7.984
    3572         7.930
    3573         8.249
    3574         8.182
    3575         7.053
    3576         7.793
    3577         7.040
    3578         7.397
    3579         6.732
    3580         6.804
    3581         7.093
    3582         6.596
    3583         7.549
    3584         7.941
    3585         8.334
    3586         7.684
    3587         6.001
    3588         6.840
    3589         5.523
    3590         5.510
    3591         5.675
    3592         6.508
    3593         7.461
    3594         6.868
    3595         6.664
    3596         6.691
    3597         7.121
    3598         6.530
    3599         7.588
    3600         7.387
    3601         7.758
    3602         7.282
    3603         6.126
    3604         5.428
    3605         5.689
    3606         5.480
    3607         6.063
    3608         5.990
    3609         5.064
    3610         4.759
    3611         5.291
    3612         5.379
    3613         6.316
    3614         7.743
    3615         7.880
    3616         7.547
    3617         6.401
    3618         6.587
    3619         6.266
    3620         6.123
    3621         5.071
    3622         5.935
    3623         5.079
    3624         6.215
    3625         5.745
    3626         6.914
    3627         6.942
    3628         7.393
    3629         6.951
    3630         7.675
    3631         8.617
    3632         7.055
    3633         7.036
    3634         7.816
    3635         6.751
    3636         6.667
    3637         7.735
    3638         7.561
    3639         7.044
    3640         6.909
    3641         8.107
    3642         7.864
    3643         7.106
    3644         7.771
    3645         6.841
    3646         7.722
    3647         7.214
    3648         7.844
    3649         8.673
    3650         9.025
    3651         8.946
    3652         8.484
    3653         8.679
    3654         9.588
    3655         8.292
    3656         9.247
    3657         8.315
    3658         8.282
    3659         9.512
    3660         7.878
    3661         8.356
    3662         9.413
    3663         8.479
    3664         9.913
    3665         9.707
    3666         9.509
    3667         8.700
    3668         8.252
    3669         8.055
    3670         7.652
    3671         8.103
    3672         7.918
    3673         8.567
    3674         8.886
    3675         6.844
    3676         7.348
    3677         6.456
    3678         6.436
    3679         7.069
    3680         6.597
    3681         7.840
    3682         8.612
    3683         8.042
    3684         7.488
    3685         9.147
    3686         6.699
    3687         8.351
    3688         7.067
    3689         8.925
    3690         8.306
    3691         8.248
    3692         7.857
    3693         8.603
    3694         7.487
    3695         7.950
    3696         7.840
    3697         8.152
    3698         7.352
    3699         7.629
    3700         6.257
    3701         6.166
    3702         5.749
    3703         6.211
    3704         6.487
    3705         7.623
    3706         7.857
    3707         9.351
    3708         7.472
    3709         6.932
    3710         7.599
    3711         7.666
    3712         8.765
    3713         8.048
    3714         8.117
    3715         8.204
    3716         8.133
    3717         9.325
    3718         9.099
    3719         8.979
    3720         7.704
    3721         7.964
    3722         7.696
    3723         8.776
    3724         8.308
    3725         8.786
    3726         7.880
    3727         8.423
    3728         8.843
    3729         6.890
    3730         9.068
    3731         8.951
    3732         8.289
    3733         9.115
    3734         7.923
    3735         8.006
    3736         7.140
    3737         8.916
    3738         8.981
    3739         9.930
    3740         9.806
    3741         9.314
    3742        10.132
    3743         9.470
    3744         9.738
    3745         9.109
    3746         9.595
    3747        10.833
    3748        10.877
    3749        10.359
    3750         9.427
    3751         9.366
    3752         9.771
    3753         9.705
    3754        10.140
    3755        10.384
    3756        10.493
    3757         9.643
    3758        10.339
    3759        10.467
    3760        11.024
    3761        11.023
    3762         8.048
    3763         8.460
    3764         7.663
    3765         7.130
    3766         8.462
    3767         9.302
    3768         9.966
    3769         9.539
    3770         8.361
    3771         6.958
    3772         8.493
    3773         7.179
    3774         7.510
    3775         6.969
    3776         8.213
    3777         7.442
    3778         7.589
    3779         7.533
    3780         6.960
    3781         7.833
    3782         8.923
    3783         8.871
    3784         8.483
    3785         8.144
    3786         7.266
    3787         6.828
    3788         7.832
    3789         8.247
    3790         6.329
    3791         7.500
    3792         8.161
    3793         8.331
    3794         8.429
    3795         8.125
    3796         8.952
    3797         7.881
    3798         8.651
    3799         8.418
    3800         8.144
    3801         7.318
    3802         8.642
    3803         7.253
    3804         9.465
    3805         8.828
    3806         9.113
    3807         9.329
    3808         9.701
    3809         7.499
    3810         7.733
    3811         7.261
    3812         6.715
    3813         7.177
    3814         7.729
    3815         6.895
    3816         6.728
    3817         6.137
    3818         5.834
    3819         6.499
    3820         7.292
    3821         6.998
    3822         7.301
    3823         7.703
    3824         6.536
    3825         6.600
    3826         6.912
    3827         7.259
    3828         7.929
    3829         7.666
    3830         7.599
    3831         8.411
    3832         8.401
    3833         7.131
    3834         6.615
    3835         7.145
    3836         8.032
    3837         7.391
    3838         7.293
    3839         7.819
    3840         7.201
    3841         6.985
    3842         5.968
    3843         5.980
    3844         6.090
    3845         7.273
    3846         6.522
    3847         7.665
    3848         7.816
    3849         8.453
    3850         8.794
    3851         7.839
    3852         7.327
    3853         7.710
    3854         6.879
    3855         7.425
    3856         8.164
    3857         8.360
    3858         8.919
    3859         7.246
    3860         7.761
    3861         8.317
    3862         7.404
    3863         7.471
    3864         7.305
    3865         7.644
    3866         7.435
    3867         7.507
    3868         8.598
    3869         7.402
    3870         7.959
    3871         7.444
    3872         8.142
    3873         8.983
    3874         8.964
    3875         7.764
    3876         8.000
    3877         8.580
    3878         8.077
    3879         7.571
    3880         7.876
    3881         7.740
    3882         8.098
    3883         9.755
    3884         8.679
    3885         9.339
    3886         8.584
    3887         7.944
    3888         7.941
    3889         6.992
    3890         6.560
    3891         7.267
    3892         7.977
    3893         8.715
    3894         8.969
    3895         8.326
    3896         7.863
    3897         6.979
    3898         7.270
    3899         8.243
    3900         7.511
    3901         7.978
    3902         5.917
    3903         5.955
    3904         6.489
    3905         6.048
    3906         7.735
    3907         7.585
    3908         6.939
    3909         8.103
    3910         7.496
    3911         7.144
    3912         7.603
    3913         7.365
    3914         7.631
    3915         7.469
    3916         7.412
    3917         7.156
    3918         7.436
    3919         8.036
    3920         7.405
    3921         6.948
    3922         8.083
    3923         7.260
    3924         7.297
    3925         7.841
    3926         6.496
    3927         5.940
    3928         7.873
    3929         7.571
    3930         8.639
    3931         8.392
    3932         8.364
    3933         9.060
    3934         9.662
    3935         9.188
    3936         9.711
    3937        10.415
    3938        10.746
    3939         9.000
    3940         8.262
    3941         9.236
    3942         9.521
    3943         8.658
    3944         9.287
    3945         9.276
    3946         8.490
    3947         9.202
    3948         9.495
    3949         8.666
    3950         9.200
    3951         9.001
    3952         8.464
    3953         8.173
    3954         8.286
    3955         7.204
    3956         7.550
    3957         7.481
    3958         8.778
    3959         8.487
    3960         8.212
    3961         9.758
    3962         9.014
    3963         8.824
    3964         9.140
    3965         8.467
    3966         7.106
    3967         8.853
    3968         7.711
    3969         8.610
    3970         9.576
    3971         9.809
    3972         9.647
    3973         8.940
    3974         8.222
    3975         9.067
    3976         9.439
    3977         8.856
    3978         9.149
    3979         9.329
    3980         9.562
    3981         9.748
    3982        10.338
    3983        10.397
    3984        10.734
    3985         9.348
    3986        10.607
    3987         8.912
    3988        10.175
    3989        10.245
    3990         9.599
    3991         9.369
    3992         9.806
    3993         9.762
    3994         8.212
    3995         9.048
    3996         8.309
    3997         9.641
    3998         9.253
    3999         9.375
    4000        10.588
    4001        10.292
    4002         9.789
    4003        10.244
    4004        10.116
    4005         9.465
    4006         9.390
    4007         8.524
    4008         8.485
    4009         8.516
    4010        10.662
    4011        11.114
    4012        10.128
    4013        10.270
    4014         9.063
    4015         9.851
    4016         8.774
    4017         8.968
    4018         8.871
    4019         9.009
    4020         7.895
    4021         8.066
    4022         9.467
    4023         9.733
    4024         8.698
    4025         8.577
    4026         9.922
    4027         9.230
    4028         9.349
    4029        10.051
    4030         9.984
    4031        10.577
    4032        11.267
    4033        10.588
    4034         9.645
    4035        10.860
    4036         9.034
    4037        10.254
    4038         9.493
    4039         7.792
    4040         8.490
    4041         7.823
    4042         8.482
    4043         7.994
    4044         9.379
    4045         9.139
    4046         8.202
    4047         7.670
    4048         5.970
    4049         8.157
    4050         7.002
    4051         6.851
    4052         4.594
    4053         6.892
    4054         6.938
    4055         5.924
    4056         5.419
    4057         6.444
    4058         6.190
    4059         6.440
    4060         8.414
    4061         6.352
    4062         6.057
    4063         6.850
    4064         7.569
    4065         8.175
    4066         7.538
    4067         5.949
    4068         6.653
    4069         5.021
    4070         5.256
    4071         6.518
    4072         6.152
    4073         6.219
    4074         7.809
    4075         8.637
    4076         8.715
    4077         9.044
    4078         8.740
    4079         8.377
    4080         8.963
    4081         9.679
    4082         8.871
    4083         8.578
    4084         8.556
    4085         8.943
    4086         8.828
    4087         8.143
    4088         8.649
    4089         7.374
    4090         7.260
    4091         5.746
    4092         6.440
    4093         7.573
    4094         6.599
    4095         6.922
    4096         8.091
    4097         8.054
    4098         8.630
    4099         7.889
    4100         8.151
    4101         9.787
    4102         7.513
    4103         7.946
    4104         8.411
    4105         8.135
    4106         8.886
    4107         7.918
    4108         6.841
    4109         7.455
    4110         7.509
    4111         6.780
    4112         7.347
    4113         6.916
    4114         6.039
    4115         6.520
    4116         7.539
    4117         7.470
    4118         8.182
    4119         7.799
    4120         7.071
    4121         7.552
    4122         7.864
    4123         7.297
    4124         7.329
    4125         7.098
    4126         6.474
    4127         7.568
    4128         7.007
    4129         6.413
    4130         6.997
    4131         7.411
    4132         7.258
    4133         7.865
    4134         6.848
    4135         6.975
    4136         7.851
    4137         6.743
    4138         7.233
    4139         7.117
    4140         7.569
    4141         7.461
    4142         7.606
    4143         7.885
    4144         7.169
    4145         7.349
    4146         7.369
    4147         8.392
    4148         8.184
    4149         7.231
    4150         6.665
    4151         7.411
    4152         6.848
    4153         6.730
    4154         6.899
    4155         6.944
    4156         7.641
    4157         7.272
    4158         7.770
    4159         7.335
    4160         6.104
    4161         7.633
    4162         7.718
    4163         7.073
    4164         7.072
    4165         6.702
    4166         7.071
    4167         7.873
    4168         7.617
    4169         8.116
    4170         7.437
    4171         7.394
    4172         7.136
    4173         7.058
    4174         8.482
    4175         8.807
    4176         8.972
    4177         7.113
    4178         6.417
    4179         6.098
    4180         6.827
    4181         6.748
    4182         6.506
    4183         6.632
    4184         7.211
    4185         7.353
    4186         9.187
    4187         8.197
    4188         7.905
    4189         7.515
    4190         8.224
    4191         7.328
    4192         7.789
    4193         7.124
    4194         7.148
    4195         7.020
    4196         7.782
    4197         7.250
    4198         7.512
    4199         8.067
    4200         6.931
    4201         7.505
    4202         8.034
    4203         7.413
    4204         6.894
    4205         7.548
    4206         7.408
    4207         6.991
    4208         6.873
    4209         6.981
    4210         7.971
    4211         6.995
    4212         7.481
    4213         7.939
    4214         7.128
    4215         8.279
    4216         8.073
    4217         8.594
    4218         9.012
    4219         8.870
    4220         8.749
    4221         8.064
    4222         7.770
    4223         8.117
    4224         8.271
    4225         7.976
    4226         7.096
    4227         7.553
    4228         7.492
    4229         6.853
    4230         7.568
    4231         7.250
    4232         6.831
    4233         6.955
    4234         7.138
    4235         6.622
    4236         8.219
    4237         7.632
    4238         7.300
    4239         8.128
    4240         8.054
    4241         7.563
    4242         7.290
    4243         7.105
    4244         6.809
    4245         7.484
    4246         7.149
    4247         7.034
    4248         7.596
    4249         7.755
    4250         7.265
    4251         8.358
    4252         8.628
    4253         7.452
    4254         7.164
    4255         6.706
    4256         6.185
    4257         6.692
    4258         6.348
    4259         8.440
    4260         8.851
    4261         8.418
    4262         8.767
    4263         9.250
    4264         9.654
    4265        10.280
    4266        10.269
    4267         8.076
    4268         9.132
    4269         8.808
    4270         8.849
    4271         8.133
    4272         8.477
    4273         6.900
    4274         8.633
    4275         6.679
    4276         8.021
    4277         7.939
    4278         6.930
    4279         7.533
    4280         6.194
    4281         7.320
    4282         9.041
    4283         8.122
    4284         7.804
    4285         8.615
    4286         7.972
    4287         8.770
    4288         8.665
    4289         9.133
    4290         7.041
    4291         6.505
    4292         7.711
    4293         7.638
    4294         6.589
    4295         7.668
    4296         7.925
    4297         9.125
    4298         8.735
    4299         8.479
    4300         7.930
    4301         8.270
    4302         8.227
    4303         8.617
    4304         7.106
    4305         7.603
    4306         7.418
    4307         7.232
    4308         7.158
    4309         7.602
    4310         8.062
    4311         8.515
    4312         7.921
    4313         8.341
    4314         7.743
    4315         8.142
    4316         8.387
    4317         7.512
    4318         6.663
    4319         6.423
    4320         7.393
    4321         6.499
    4322         7.225
    4323         8.537
    4324         8.151
    4325         8.394
    4326         8.335
    4327         6.288
    4328         6.874
    4329         8.246
    4330         8.375
    4331         8.383
    4332         7.584
    4333         7.906
    4334         8.733
    4335         8.403
    4336         8.536
    4337         8.519
    4338         7.298
    4339         7.746
    4340         7.454
    4341         7.234
    4342         6.951
    4343         7.981
    4344         7.888
    4345         8.854
    4346         7.562
    4347         7.038
    4348         7.672
    4349         6.685
    4350         7.798
    4351         8.459
    4352         8.369
    4353         9.155
    4354         9.647
    4355         9.249
    4356         8.493
    4357         8.511
    4358         9.501
    4359         9.295
    4360         7.847
    4361         7.837
    4362         8.265
    4363         9.195
    4364         9.716
    4365        11.107
    4366        11.302
    4367        10.394
    4368         9.747
    4369         7.856
    4370         8.026
    4371         7.863
    4372         8.504
    4373         7.856
    4374         6.844
    4375         7.096
    4376         7.176
    4377         7.306
    4378         6.922
    4379         6.747
    4380         6.645
    4381         6.033
    4382         6.848
    4383         7.325
    4384         7.485
    4385         7.150
    4386         7.689
    4387         7.559
    4388         8.001
    4389         8.522
    4390         8.949
    4391         7.886
    4392         6.700
    4393         6.620
    4394         6.739
    4395         6.488
    4396         6.895
    4397         6.708
    4398         6.100
    4399         5.975
    4400         6.586
    4401         6.820
    4402         8.453
    4403         6.206
    4404         4.994
    4405         7.545
    4406         7.133
    4407         6.781
    4408         6.436
    4409         6.630
    4410         6.302
    4411         6.650
    4412         7.533
    4413         7.708
    4414         8.485
    4415         8.603
    4416         7.678
    4417         6.422
    4418         7.178
    4419         6.223
    4420         5.646
    4421         6.343
    4422         5.943
    4423         7.791
    4424         8.178
    4425         7.755
    4426         8.249
    4427         7.148
    4428         4.910
    4429         5.558
    4430         5.777
    4431         7.115
    4432         5.872
    4433         7.252
    4434         7.009
    4435         7.017
    4436         7.447
    4437         8.242
    4438         9.111
    4439         8.198
    4440         5.889
    4441         6.696
    4442         6.465
    4443         7.372
    4444         8.532
    4445         7.792
    4446         7.528
    4447         7.641
    4448         6.860
    4449         7.636
    4450         8.518
    4451         7.942
    4452         7.650
    4453         7.216
    4454         7.983
    4455         8.067
    4456         8.528
    4457         9.961
    4458         8.428
    4459         8.947
    4460         8.737
    4461         8.268
    4462         7.537
    4463         8.106
    4464         8.103
    4465         8.217
    4466         8.318
    4467         8.104
    4468         7.755
    4469         6.801
    4470         6.773
    4471         7.833
    4472         6.897
    4473         7.861
    4474         7.638
    4475         7.131
    4476         7.770
    4477         8.064
    4478         7.551
    4479         8.480
    4480         8.753
    4481         7.703
    4482         7.412
    4483         7.456
    4484         7.878
    4485         7.691
    4486         6.889
    4487         8.363
    4488        10.252
    4489        11.244
    4490        10.213
    4491         9.896
    4492         9.872
    4493         9.948
    4494         9.829
    4495         9.656
    4496         9.120
    4497         9.716
    4498         7.665
    4499         7.040
    4500         7.069
    4501         7.138
    4502         8.156
    4503         9.668
    4504         9.586
    4505        10.281
    4506        10.760
    4507         9.905
    4508         9.139
    4509         9.020
    4510         9.042
    4511         9.541
    4512         9.236
    4513         9.258
    4514         9.049
    4515         8.806
    4516         8.908
    4517         8.643
    4518         7.055
    4519         7.531
    4520         7.165
    4521         7.347
    4522         6.137
    4523         8.738
    4524         6.835
    4525         8.206
    4526         8.204
    4527         7.586
    4528         6.989
    4529         7.383
    4530         7.195
    4531         6.187
    4532         8.635
    4533         7.243
    4534         7.134
    4535         8.188
    4536         8.313
    4537         8.584
    4538         8.012
    4539         6.155
    4540         6.705
    4541         6.511
    4542         6.821
    4543         7.305
    4544         6.581
    4545         8.534
    4546         8.058
    4547         8.181
    4548         8.077
    4549         7.865
    4550         6.761
    4551         6.707
    4552         6.951
    4553         7.919
    4554         8.644
    4555         8.895
    4556         8.080
    4557         6.857
    4558         6.530
    4559         6.145
    4560         6.179
    4561         5.845
    4562         6.963
    4563         6.282
    4564         6.040
    4565         4.663
    4566         5.716
    4567         6.536
    4568         5.799
    4569         5.164
    4570         4.880
    4571         4.635
    4572         4.223
    4573         4.775
    4574         5.386
    4575         4.585
    4576         4.763
    4577         4.722
    4578         4.846
    4579         4.669
    4580         4.369
    4581         5.106
    4582         4.725
    4583         4.639
    4584         4.478
    4585         5.346
    4586         5.445
    4587         5.998
    4588         7.085
    4589         4.764
    4590         5.164
    4591         5.030
    4592         4.717
    4593         4.421
    4594         5.288
    4595         4.217
    4596         5.045
    4597         5.030
    4598         7.310
    4599         7.050
    4600         6.257
    4601         5.681
    4602         4.425
    4603         5.890
    4604         4.738
    4605         6.532
    4606         7.193
    4607         6.899
    4608         6.730
    4609         6.310
    4610         6.957
    4611         6.329
    4612         6.396
    4613         7.142
    4614         7.907
    4615         7.435
    4616         8.316
    4617         8.339
    4618         6.877
    4619         7.379
    4620         5.581
    4621         4.335
    4622         4.478
    4623         4.497
    4624         6.203
    4625         4.620
    4626         5.049
    4627         4.145
    4628         4.373
    4629         4.999
    4630         4.903
    4631         5.339
    4632         5.029
    4633         5.790
    4634         4.504
    4635         4.554
    4636         5.129
    4637         4.346
    4638         4.705
    4639         4.628
    4640         4.747
    4641         5.330
    4642         4.617
    4643         6.010
    4644         4.381
    4645         4.670
    4646         4.926
    4647         4.345
    4648         4.455
    4649         4.931
    4650         7.403
    4651         6.806
    4652         4.257
    4653         5.647
    4654         4.947
    4655         5.551
    4656         4.584
    4657         4.563
    4658         4.533
    4659         5.197
    4660         5.513
    4661         7.114
    4662         6.828
    4663         8.100
    4664         7.108
    4665         8.525
    4666         7.635
    4667         7.053
    4668         6.603
    4669         5.927
    4670         5.111
    4671         5.535
    4672         4.801
    4673         4.357
    4674         4.181
    4675         4.915
    4676         6.987
    4677         7.634
    4678         6.347
    4679         6.815
    4680         6.039
    4681         4.836
    4682         4.305
    4683         5.132
    4684         5.034
    4685         5.141
    4686         5.288
    4687         5.804
    4688         5.784
    4689         4.376
    4690         4.330
    4691         4.382
    4692         5.206
    4693         5.006
    4694         4.619
    4695         5.564
    4696         4.492
    4697         4.752
    4698         4.824
    4699         5.181
    4700         4.559
    4701         4.807
    4702         5.152
    4703         5.545
    4704         6.249
    4705         4.512
    4706         5.243
    4707         4.955
    4708         4.856
    4709         5.484
    4710         5.039
    4711         4.324
    4712         4.546
    4713         5.914
    4714         4.606
    4715         4.417
    4716         4.388
    4717         4.649
    4718         4.188
    4719         4.716
    4720         5.853
    4721         5.830
    4722         4.884
    4723         5.569
    4724         5.996
    4725         4.928
    4726         5.132
    4727         4.394
    4728         5.112
    4729         4.917
    4730         4.469
    4731         4.334
    4732         4.502
    4733         4.300
    4734         4.558
    4735         5.179
    4736         5.223
    4737         5.709
    4738         4.610
    4739         4.399
    4740         4.567
    4741         4.179
    4742         4.793
    4743         7.501
    4744         7.982
    4745         6.175
    4746         7.476
    4747         7.102
    4748         7.311
    4749         7.854
    4750         6.227
    4751         4.697
    4752         6.374
    4753         5.486
    4754         5.649
    4755         4.493
    4756         4.531
    4757         5.372
    4758         5.198
    4759         5.313
    4760         4.480
    4761         4.647
    4762         4.557
    4763         5.209
    4764         4.573
    4765         5.607
    4766         5.772
    4767         4.371
    4768         4.539
    4769         4.444
    4770         4.641
    4771         4.550
    4772         4.731
    4773         4.348
    4774         4.936
    4775         5.338
    4776         5.712
    4777         4.735
    4778         6.188
    4779         5.536
    4780         5.755
    4781         7.120
    4782         7.435
    4783         4.398
    4784         4.540
    4785         4.311
    4786         5.365
    4787         4.564
    4788         4.981
    4789         5.965
    4790         5.043
    4791         4.730
    4792         5.122
    4793         4.592
    4794         4.583
    4795         4.314
    4796         6.878
    4797         4.749
    4798         4.824
    4799         5.318
    4800         4.387
    4801         4.787
    4802         4.847
    4803         6.082
    4804         6.895
    4805         4.586
    4806         4.618
    4807         6.153
    4808         4.131
    4809         5.364
    4810         6.872
    4811         4.901
    4812         4.982
    4813         4.294
    4814         5.291
    4815         5.227
    4816         4.459
    4817         5.853
    4818         6.163
    4819         4.760
    4820         5.090
    4821         4.785
    4822         5.109
    4823         6.461
    4824         4.898
    4825         5.265
    4826         4.839
    4827         4.611
    4828         4.667
    4829         4.655
    4830         4.575
    4831         4.863
    4832         4.515
    4833         4.715
    4834         4.941
    4835         4.709
    4836         4.299
    4837         4.354
    4838         4.546
    4839         4.472
    4840         4.715
    4841         4.746
    4842         4.685
    4843         5.671
    4844         4.848
    4845         4.650
    4846         4.976
    4847         5.104
    4848         4.619
    4849         4.454
    4850         6.031
    4851         4.833
    4852         4.963
    4853         4.875
    4854         4.372
    4855         4.725
    4856         4.825
    4857         4.938
    4858         4.589
    4859         4.400
    4860         5.944
    4861         4.625
    4862         4.792
    4863         4.456
    4864         4.832
    4865         4.763
    4866         5.051
    4867         5.900
    4868         5.801
    4869         5.442
    4870         4.690
    4871         4.997
    4872         4.800
    4873         4.957
    4874         4.385
    4875         7.025
    4876         5.785
    4877         6.913
    4878         7.372
    4879         7.110
    4880         6.733
    4881         6.742
    4882         5.637
    4883         5.198
    4884         5.219
    4885         4.799
    4886         4.441
    4887         7.501
    4888         7.782
    4889         6.742
    4890         6.896
    4891         6.177
    4892         5.888
    4893         5.324
    4894         6.666
    4895         6.347
    4896         5.558
    4897         5.532
    4898         5.573
    4899         6.436
    4900         7.085
    4901         7.697
    4902         7.133
    4903         7.158
    4904         7.007
    4905         7.966
    4906         7.261
    4907         7.568
    4908         6.990
    4909         7.133
    4910         7.711
    4911         7.928
    4912         6.947
    4913         7.447
    4914         4.748
    4915         6.116
    4916         6.322
    4917         5.323
    4918         5.877
    4919         4.867
    4920         4.543
    4921         4.603
    4922         5.593
    4923         6.416
    4924         5.451
    4925         5.717
    4926         5.066
    4927         5.065
    4928         5.535
    4929         5.096
    4930         6.966
    4931         6.860
    4932         5.626
    4933         5.566
    4934         6.914
    4935         5.412
    4936         4.907
    4937         5.434
    4938         4.699
    4939         4.722
    4940         4.498
    4941         4.753
    4942         4.667
    4943         4.641
    4944         4.432
    4945         4.602
    4946         4.812
    4947         4.441
    4948         4.662
    4949         4.453
    4950         4.471
    4951         4.566
    4952         4.826
    4953         4.402
    4954         4.312
    4955         4.437
    4956         5.362
    4957         6.590
    4958         6.664
    4959         6.658
    4960         7.209
    4961         6.955
    4962         6.665
    4963         7.675
    4964         6.691
    4965         7.170
    4966         7.571
    4967         6.872
    4968         5.198
    4969         4.519
    4970         5.567
    4971         5.566
    4972         6.546
    4973         6.510
    4974         6.238
    4975         6.115
    4976         6.884
    4977         6.866
    4978         6.224
    4979         5.325
    4980         6.555
    4981         5.913
    4982         5.774
    4983         6.741
    4984         6.883
    4985         5.954
    4986         5.947
    4987         7.385
    4988         7.160
    4989         7.280
    4990         4.642
    4991         5.792
    4992         4.981
    4993         4.693
    4994         5.444
    4995         5.214
    4996         5.552
    4997         6.415
    4998         4.887
    4999         4.553
    5000         6.394
