#Frame   PFOAPolymer
       1       2.884
       2       3.019
       3       2.889
       4       3.124
       5       3.120
       6       3.073
       7       3.289
       8       2.969
       9       3.000
      10       2.914
      11       2.916
      12       3.128
      13       2.970
      14       3.081
      15       3.369
      16       2.710
      17       3.157
      18       2.908
      19       3.127
      20       3.156
      21       3.228
      22       3.145
      23       3.136
      24       3.146
      25       3.003
      26       3.156
      27       3.087
      28       3.455
      29       3.331
      30       3.045
      31       3.193
      32       3.031
      33       3.144
      34       3.300
      35       2.923
      36       3.010
      37       3.075
      38       3.089
      39       2.946
      40       2.947
      41       3.239
      42       3.113
      43       3.033
      44       3.270
      45       3.030
      46       3.106
      47       3.195
      48       3.344
      49       3.020
      50       2.974
      51       3.169
      52       2.968
      53       2.748
      54       2.820
      55       2.920
      56       3.047
      57       3.099
      58       2.799
      59       3.045
      60       3.105
      61       3.033
      62       3.168
      63       2.897
      64       3.238
      65       3.346
      66       2.870
      67       2.691
      68       3.163
      69       2.967
      70       2.962
      71       3.090
      72       2.895
      73       3.063
      74       3.006
      75       2.927
      76       2.946
      77       3.026
      78       3.219
      79       2.858
      80       3.169
      81       2.999
      82       3.154
      83       3.082
      84       3.205
      85       2.846
      86       2.977
      87       2.856
      88       2.885
      89       2.913
      90       3.066
      91       3.094
      92       2.973
      93       2.993
      94       3.033
      95       2.901
      96       3.376
      97       2.968
      98       3.090
      99       2.922
     100       3.025
     101       3.304
     102       2.970
     103       3.023
     104       3.098
     105       3.016
     106       3.009
     107       2.944
     108       3.075
     109       2.948
     110       3.288
     111       2.983
     112       2.989
     113       2.994
     114       2.775
     115       2.985
     116       3.106
     117       3.212
     118       2.989
     119       2.944
     120       3.156
     121       2.928
     122       3.215
     123       2.974
     124       2.847
     125       2.721
     126       3.144
     127       2.810
     128       3.063
     129       3.090
     130       3.047
     131       2.992
     132       3.268
     133       2.925
     134       2.946
     135       3.198
     136       3.063
     137       3.058
     138       3.151
     139       3.100
     140       2.847
     141       3.311
     142       3.199
     143       3.305
     144       3.138
     145       3.166
     146       3.193
     147       2.897
     148       2.767
     149       3.127
     150       2.922
     151       3.086
     152       3.144
     153       3.201
     154       3.186
     155       3.216
     156       3.177
     157       3.081
     158       2.906
     159       2.953
     160       3.118
     161       2.823
     162       2.941
     163       2.927
     164       3.039
     165       2.779
     166       3.063
     167       2.868
     168       3.123
     169       2.986
     170       3.066
     171       3.094
     172       3.281
     173       3.145
     174       2.897
     175       3.010
     176       2.908
     177       3.080
     178       2.842
     179       3.261
     180       2.925
     181       2.835
     182       2.810
     183       3.011
     184       2.875
     185       2.996
     186       2.947
     187       3.056
     188       3.079
     189       2.902
     190       3.127
     191       2.795
     192       2.902
     193       2.726
     194       2.834
     195       2.834
     196       3.007
     197       3.017
     198       3.011
     199       3.114
     200       2.823
     201       2.835
     202       3.040
     203       3.028
     204       3.054
     205       3.002
     206       2.885
     207       3.021
     208       2.975
     209       3.004
     210       2.965
     211       2.794
     212       3.185
     213       2.982
     214       2.822
     215       2.952
     216       2.847
     217       3.151
     218       3.030
     219       3.340
     220       2.926
     221       2.765
     222       2.862
     223       2.879
     224       3.093
     225       2.927
     226       3.099
     227       3.053
     228       2.990
     229       3.091
     230       2.868
     231       2.891
     232       3.050
     233       3.282
     234       3.040
     235       2.906
     236       2.891
     237       2.979
     238       2.973
     239       2.843
     240       3.144
     241       2.890
     242       3.070
     243       2.886
     244       2.797
     245       3.105
     246       2.980
     247       2.975
     248       2.963
     249       2.955
     250       2.865
     251       2.914
     252       2.811
     253       2.851
     254       3.210
     255       3.104
     256       2.850
     257       2.763
     258       2.975
     259       3.059
     260       3.041
     261       2.834
     262       2.793
     263       2.986
     264       3.043
     265       2.904
     266       2.795
     267       2.866
     268       2.865
     269       2.985
     270       3.161
     271       2.851
     272       2.919
     273       2.994
     274       3.037
     275       2.828
     276       2.897
     277       3.002
     278       3.067
     279       3.062
     280       3.010
     281       2.901
     282       3.039
     283       2.949
     284       2.945
     285       2.844
     286       3.043
     287       3.039
     288       2.981
     289       2.777
     290       2.703
     291       3.002
     292       2.972
     293       2.787
     294       2.882
     295       3.016
     296       2.963
     297       3.032
     298       3.029
     299       2.972
     300       2.986
     301       2.997
     302       3.206
     303       2.820
     304       2.962
     305       3.056
     306       2.911
     307       2.768
     308       2.684
     309       2.961
     310       2.948
     311       2.957
     312       2.774
     313       3.130
     314       2.744
     315       3.182
     316       2.918
     317       2.956
     318       2.928
     319       2.737
     320       2.873
     321       2.959
     322       2.973
     323       3.064
     324       2.860
     325       3.042
     326       3.287
     327       3.092
     328       3.146
     329       2.939
     330       3.110
     331       3.207
     332       2.807
     333       3.061
     334       2.859
     335       2.947
     336       2.938
     337       3.050
     338       2.901
     339       2.955
     340       3.084
     341       3.222
     342       3.296
     343       3.267
     344       2.822
     345       3.064
     346       2.998
     347       3.103
     348       2.949
     349       2.817
     350       2.873
     351       3.108
     352       3.168
     353       3.108
     354       3.242
     355       3.118
     356       2.875
     357       3.116
     358       3.073
     359       3.130
     360       2.959
     361       2.964
     362       2.879
     363       3.107
     364       2.958
     365       2.853
     366       3.080
     367       2.926
     368       3.027
     369       3.042
     370       2.937
     371       3.027
     372       2.835
     373       3.072
     374       3.143
     375       3.084
     376       3.042
     377       3.036
     378       2.957
     379       3.051
     380       3.042
     381       2.843
     382       3.053
     383       2.937
     384       3.101
     385       2.955
     386       3.094
     387       3.030
     388       2.903
     389       2.916
     390       2.904
     391       3.006
     392       3.177
     393       2.868
     394       3.107
     395       2.850
     396       3.069
     397       2.964
     398       3.095
     399       2.941
     400       3.021
     401       2.900
     402       3.250
     403       3.075
     404       3.012
     405       3.035
     406       2.897
     407       3.129
     408       3.003
     409       3.169
     410       2.819
     411       3.060
     412       3.172
     413       3.239
     414       2.662
     415       2.906
     416       2.960
     417       2.822
     418       3.264
     419       2.929
     420       3.093
     421       2.806
     422       3.171
     423       3.078
     424       2.859
     425       2.980
     426       3.171
     427       3.058
     428       2.995
     429       2.769
     430       2.967
     431       3.045
     432       2.884
     433       3.050
     434       2.928
     435       3.101
     436       2.814
     437       2.932
     438       2.822
     439       2.923
     440       3.081
     441       3.079
     442       2.846
     443       3.089
     444       3.036
     445       3.302
     446       2.995
     447       3.295
     448       2.933
     449       3.000
     450       2.910
     451       3.077
     452       3.048
     453       2.929
     454       3.048
     455       3.041
     456       3.030
     457       2.719
     458       3.241
     459       3.173
     460       2.832
     461       3.060
     462       2.955
     463       3.149
     464       3.098
     465       3.045
     466       2.870
     467       3.337
     468       2.995
     469       3.005
     470       3.266
     471       2.867
     472       3.248
     473       3.103
     474       2.981
     475       3.253
     476       3.016
     477       3.426
     478       3.128
     479       3.085
     480       2.941
     481       2.880
     482       2.872
     483       3.059
     484       3.022
     485       3.046
     486       2.829
     487       2.834
     488       2.937
     489       2.907
     490       3.084
     491       2.978
     492       2.837
     493       2.987
     494       2.744
     495       3.149
     496       3.136
     497       2.847
     498       2.930
     499       2.954
     500       3.046
     501       2.806
     502       2.982
     503       3.186
     504       2.758
     505       2.901
     506       2.991
     507       2.796
     508       2.806
     509       2.911
     510       2.946
     511       3.067
     512       3.152
     513       3.032
     514       2.895
     515       3.111
     516       3.051
     517       3.198
     518       2.890
     519       3.047
     520       3.160
     521       3.003
     522       2.956
     523       3.038
     524       2.946
     525       2.960
     526       2.822
     527       2.869
     528       3.297
     529       2.918
     530       3.038
     531       2.984
     532       3.241
     533       3.130
     534       3.249
     535       3.054
     536       2.956
     537       3.034
     538       3.043
     539       2.905
     540       2.910
     541       2.915
     542       3.082
     543       2.964
     544       3.309
     545       2.901
     546       2.993
     547       2.873
     548       3.183
     549       2.881
     550       3.006
     551       2.984
     552       2.775
     553       3.023
     554       2.876
     555       3.040
     556       2.855
     557       2.926
     558       3.005
     559       2.946
     560       2.907
     561       2.960
     562       2.794
     563       2.844
     564       3.036
     565       2.997
     566       2.797
     567       2.952
     568       3.179
     569       2.962
     570       3.106
     571       2.945
     572       2.954
     573       2.911
     574       2.899
     575       2.999
     576       2.955
     577       2.940
     578       3.087
     579       2.887
     580       3.018
     581       3.016
     582       3.014
     583       2.990
     584       2.868
     585       2.830
     586       2.954
     587       2.994
     588       3.224
     589       3.344
     590       3.071
     591       2.947
     592       2.903
     593       2.909
     594       2.983
     595       3.106
     596       2.901
     597       2.957
     598       3.041
     599       3.060
     600       2.875
     601       2.837
     602       3.151
     603       2.847
     604       3.248
     605       2.975
     606       3.055
     607       3.229
     608       3.014
     609       3.037
     610       2.963
     611       3.168
     612       3.180
     613       3.110
     614       2.709
     615       2.948
     616       3.061
     617       3.169
     618       2.966
     619       3.003
     620       3.036
     621       3.104
     622       3.069
     623       3.215
     624       2.947
     625       3.172
     626       3.199
     627       2.952
     628       3.265
     629       2.874
     630       3.186
     631       2.961
     632       3.033
     633       2.960
     634       2.973
     635       2.995
     636       3.056
     637       2.957
     638       3.070
     639       2.992
     640       2.981
     641       2.796
     642       3.042
     643       3.079
     644       3.058
     645       3.078
     646       2.901
     647       2.918
     648       2.910
     649       2.837
     650       3.172
     651       2.981
     652       3.131
     653       3.066
     654       2.865
     655       3.028
     656       3.047
     657       2.813
     658       3.087
     659       3.114
     660       3.035
     661       2.964
     662       2.902
     663       2.899
     664       2.912
     665       2.846
     666       3.118
     667       3.013
     668       3.044
     669       2.939
     670       2.857
     671       3.062
     672       2.987
     673       2.944
     674       2.985
     675       3.408
     676       2.843
     677       3.170
     678       2.898
     679       3.179
     680       2.833
     681       2.993
     682       3.000
     683       2.933
     684       3.303
     685       2.819
     686       2.932
     687       3.215
     688       2.752
     689       2.859
     690       2.975
     691       3.124
     692       3.078
     693       2.845
     694       2.809
     695       2.828
     696       3.057
     697       2.865
     698       2.838
     699       2.947
     700       2.816
     701       2.953
     702       2.944
     703       3.042
     704       2.805
     705       2.903
     706       3.122
     707       3.069
     708       2.946
     709       2.929
     710       3.281
     711       3.073
     712       3.082
     713       3.220
     714       2.895
     715       3.141
     716       2.885
     717       2.919
     718       3.030
     719       2.883
     720       3.018
     721       3.299
     722       2.784
     723       3.258
     724       3.471
     725       3.074
     726       3.102
     727       2.679
     728       2.967
     729       3.113
     730       2.949
     731       3.179
     732       3.026
     733       3.178
     734       2.826
     735       2.906
     736       2.972
     737       2.810
     738       2.858
     739       2.923
     740       3.078
     741       2.955
     742       3.036
     743       3.215
     744       2.953
     745       3.106
     746       2.952
     747       2.840
     748       2.967
     749       3.037
     750       2.901
     751       2.903
     752       2.853
     753       3.010
     754       2.823
     755       2.820
     756       3.029
     757       2.924
     758       2.865
     759       2.980
     760       2.988
     761       2.917
     762       3.086
     763       3.010
     764       3.035
     765       2.932
     766       3.200
     767       2.868
     768       2.989
     769       2.932
     770       2.892
     771       3.032
     772       3.135
     773       2.969
     774       2.944
     775       3.122
     776       2.965
     777       2.797
     778       2.794
     779       2.725
     780       2.897
     781       2.998
     782       2.899
     783       3.002
     784       2.949
     785       2.870
     786       2.931
     787       2.916
     788       2.838
     789       2.890
     790       2.942
     791       3.106
     792       3.010
     793       3.113
     794       2.870
     795       3.153
     796       2.823
     797       3.027
     798       3.139
     799       2.969
     800       3.039
     801       3.069
     802       3.042
     803       3.052
     804       3.021
     805       3.119
     806       2.856
     807       2.790
     808       2.841
     809       3.071
     810       2.829
     811       3.033
     812       3.107
     813       2.921
     814       2.749
     815       2.970
     816       2.963
     817       2.948
     818       3.138
     819       3.045
     820       2.909
     821       3.020
     822       3.153
     823       3.113
     824       3.081
     825       3.010
     826       2.705
     827       2.932
     828       3.094
     829       3.140
     830       2.801
     831       2.918
     832       2.934
     833       2.916
     834       3.051
     835       3.119
     836       2.829
     837       3.105
     838       2.884
     839       3.035
     840       2.868
     841       2.973
     842       3.084
     843       3.062
     844       2.965
     845       3.031
     846       3.095
     847       2.956
     848       2.863
     849       2.995
     850       3.085
     851       2.897
     852       2.878
     853       3.075
     854       3.164
     855       2.896
     856       2.983
     857       2.911
     858       2.863
     859       2.999
     860       3.193
     861       2.866
     862       2.984
     863       2.858
     864       2.902
     865       2.883
     866       3.034
     867       3.255
     868       2.866
     869       2.872
     870       3.123
     871       2.847
     872       2.953
     873       3.053
     874       2.914
     875       2.906
     876       2.832
     877       2.949
     878       2.765
     879       2.995
     880       2.822
     881       3.089
     882       2.831
     883       2.895
     884       2.911
     885       2.924
     886       2.891
     887       3.028
     888       2.895
     889       3.175
     890       2.863
     891       2.964
     892       2.912
     893       2.946
     894       2.815
     895       3.169
     896       2.986
     897       3.054
     898       2.809
     899       2.863
     900       2.815
     901       2.834
     902       2.993
     903       3.127
     904       2.882
     905       2.879
     906       3.080
     907       2.859
     908       2.860
     909       3.076
     910       2.752
     911       3.048
     912       3.132
     913       3.106
     914       3.254
     915       3.128
     916       3.046
     917       2.845
     918       2.978
     919       2.904
     920       2.927
     921       3.155
     922       3.089
     923       2.889
     924       3.056
     925       3.086
     926       2.711
     927       2.988
     928       2.881
     929       3.032
     930       2.856
     931       2.890
     932       2.872
     933       2.895
     934       2.883
     935       3.099
     936       2.776
     937       2.928
     938       2.904
     939       2.809
     940       2.992
     941       2.995
     942       3.076
     943       2.858
     944       2.937
     945       2.968
     946       2.874
     947       2.974
     948       2.776
     949       2.954
     950       2.794
     951       3.048
     952       2.920
     953       3.001
     954       2.962
     955       3.034
     956       2.991
     957       3.024
     958       2.918
     959       3.037
     960       2.890
     961       3.180
     962       3.034
     963       3.167
     964       2.840
     965       3.004
     966       3.086
     967       2.867
     968       2.940
     969       3.060
     970       2.970
     971       2.930
     972       2.798
     973       3.039
     974       3.363
     975       2.974
     976       2.852
     977       3.056
     978       2.995
     979       3.100
     980       2.975
     981       2.992
     982       2.921
     983       2.905
     984       2.879
     985       2.916
     986       3.207
     987       3.050
     988       2.889
     989       3.084
     990       2.998
     991       3.026
     992       2.984
     993       2.926
     994       2.879
     995       2.971
     996       3.012
     997       2.936
     998       2.936
     999       2.952
    1000       2.774
    1001       3.101
    1002       2.930
    1003       2.840
    1004       2.891
    1005       2.866
    1006       3.024
    1007       2.923
    1008       3.004
    1009       2.904
    1010       3.081
    1011       2.999
    1012       2.802
    1013       2.930
    1014       3.172
    1015       2.858
    1016       3.009
    1017       2.945
    1018       3.308
    1019       2.819
    1020       3.081
    1021       3.123
    1022       2.904
    1023       2.949
    1024       3.068
    1025       3.010
    1026       2.842
    1027       3.085
    1028       3.212
    1029       2.938
    1030       3.138
    1031       2.791
    1032       3.001
    1033       2.983
    1034       2.943
    1035       2.841
    1036       2.901
    1037       2.895
    1038       3.162
    1039       2.953
    1040       3.038
    1041       3.016
    1042       3.133
    1043       3.079
    1044       2.857
    1045       2.816
    1046       3.056
    1047       3.045
    1048       2.780
    1049       3.078
    1050       2.931
    1051       3.167
    1052       3.119
    1053       2.854
    1054       3.045
    1055       3.052
    1056       3.035
    1057       2.756
    1058       2.798
    1059       2.912
    1060       2.828
    1061       2.919
    1062       3.031
    1063       2.977
    1064       2.989
    1065       3.001
    1066       3.113
    1067       3.102
    1068       2.958
    1069       2.933
    1070       2.995
    1071       2.865
    1072       2.999
    1073       2.927
    1074       2.878
    1075       2.930
    1076       3.028
    1077       3.001
    1078       3.009
    1079       2.831
    1080       2.941
    1081       2.885
    1082       3.074
    1083       2.886
    1084       2.855
    1085       2.885
    1086       2.869
    1087       3.021
    1088       2.709
    1089       3.057
    1090       3.218
    1091       3.033
    1092       2.963
    1093       2.810
    1094       3.102
    1095       3.065
    1096       3.008
    1097       3.068
    1098       2.925
    1099       2.766
    1100       3.043
    1101       2.886
    1102       3.068
    1103       2.974
    1104       2.919
    1105       2.914
    1106       2.957
    1107       2.936
    1108       3.071
    1109       2.871
    1110       3.262
    1111       2.995
    1112       2.993
    1113       3.081
    1114       3.104
    1115       3.022
    1116       3.217
    1117       3.149
    1118       3.092
    1119       3.143
    1120       2.874
    1121       2.968
    1122       3.076
    1123       3.069
    1124       2.872
    1125       3.036
    1126       3.116
    1127       2.906
    1128       3.129
    1129       2.828
    1130       2.849
    1131       3.092
    1132       3.320
    1133       2.958
    1134       2.826
    1135       2.804
    1136       3.001
    1137       2.881
    1138       3.052
    1139       2.818
    1140       3.012
    1141       2.890
    1142       2.896
    1143       3.045
    1144       2.980
    1145       2.970
    1146       2.782
    1147       3.052
    1148       2.830
    1149       3.084
    1150       2.830
    1151       2.962
    1152       2.928
    1153       3.058
    1154       2.880
    1155       2.978
    1156       3.043
    1157       2.838
    1158       2.787
    1159       2.866
    1160       2.764
    1161       2.906
    1162       2.872
    1163       3.019
    1164       3.016
    1165       2.759
    1166       3.033
    1167       2.845
    1168       2.873
    1169       2.765
    1170       3.030
    1171       2.913
    1172       3.065
    1173       2.992
    1174       3.029
    1175       3.100
    1176       2.974
    1177       2.908
    1178       2.906
    1179       2.986
    1180       2.781
    1181       3.056
    1182       2.833
    1183       2.918
    1184       2.872
    1185       3.083
    1186       3.109
    1187       2.800
    1188       2.808
    1189       3.160
    1190       2.999
    1191       2.910
    1192       2.865
    1193       3.040
    1194       2.751
    1195       3.072
    1196       2.848
    1197       2.966
    1198       2.777
    1199       2.837
    1200       2.951
    1201       2.908
    1202       2.956
    1203       2.914
    1204       2.984
    1205       2.952
    1206       2.941
    1207       3.003
    1208       3.034
    1209       2.871
    1210       3.023
    1211       2.982
    1212       2.870
    1213       3.075
    1214       2.928
    1215       2.976
    1216       3.050
    1217       2.877
    1218       3.047
    1219       2.982
    1220       3.071
    1221       2.934
    1222       3.055
    1223       2.981
    1224       3.257
    1225       2.988
    1226       2.998
    1227       2.835
    1228       3.097
    1229       2.919
    1230       2.923
    1231       2.868
    1232       2.799
    1233       2.761
    1234       2.931
    1235       3.083
    1236       2.911
    1237       3.119
    1238       2.959
    1239       2.900
    1240       3.061
    1241       2.892
    1242       2.894
    1243       3.023
    1244       2.842
    1245       3.005
    1246       3.075
    1247       2.959
    1248       2.831
    1249       2.922
    1250       3.084
    1251       2.768
    1252       2.678
    1253       3.087
    1254       2.931
    1255       3.003
    1256       3.009
    1257       3.059
    1258       3.025
    1259       3.044
    1260       3.045
    1261       2.992
    1262       3.086
    1263       3.059
    1264       2.757
    1265       2.919
    1266       3.008
    1267       3.273
    1268       3.001
    1269       2.903
    1270       2.897
    1271       3.121
    1272       3.032
    1273       3.026
    1274       2.924
    1275       2.916
    1276       2.977
    1277       3.165
    1278       3.012
    1279       3.113
    1280       2.976
    1281       3.013
    1282       2.766
    1283       2.982
    1284       2.831
    1285       3.159
    1286       3.006
    1287       3.009
    1288       3.044
    1289       3.349
    1290       3.185
    1291       3.104
    1292       2.956
    1293       3.034
    1294       2.897
    1295       3.008
    1296       3.115
    1297       3.067
    1298       2.980
    1299       3.002
    1300       3.051
    1301       3.227
    1302       3.125
    1303       2.835
    1304       2.937
    1305       3.010
    1306       2.939
    1307       2.874
    1308       2.889
    1309       3.113
    1310       2.876
    1311       3.066
    1312       2.721
    1313       2.906
    1314       2.894
    1315       3.036
    1316       3.151
    1317       3.048
    1318       2.938
    1319       3.118
    1320       2.911
    1321       2.893
    1322       2.834
    1323       3.068
    1324       2.936
    1325       2.985
    1326       2.874
    1327       3.267
    1328       2.880
    1329       2.935
    1330       3.091
    1331       3.209
    1332       3.034
    1333       3.002
    1334       3.047
    1335       3.042
    1336       2.963
    1337       3.089
    1338       2.789
    1339       2.785
    1340       3.031
    1341       3.044
    1342       2.811
    1343       2.850
    1344       2.939
    1345       2.890
    1346       2.784
    1347       3.104
    1348       3.013
    1349       3.146
    1350       3.010
    1351       3.107
    1352       3.402
    1353       2.949
    1354       3.037
    1355       3.028
    1356       2.933
    1357       3.088
    1358       2.947
    1359       2.822
    1360       3.133
    1361       2.745
    1362       2.864
    1363       2.965
    1364       2.801
    1365       2.963
    1366       3.003
    1367       3.107
    1368       2.849
    1369       2.865
    1370       2.942
    1371       3.013
    1372       3.072
    1373       2.886
    1374       2.994
    1375       2.937
    1376       2.998
    1377       2.914
    1378       2.948
    1379       3.178
    1380       3.061
    1381       2.918
    1382       3.164
    1383       2.996
    1384       3.205
    1385       2.955
    1386       3.061
    1387       3.048
    1388       3.297
    1389       3.256
    1390       3.062
    1391       3.371
    1392       2.777
    1393       2.942
    1394       3.054
    1395       3.021
    1396       2.795
    1397       2.941
    1398       3.266
    1399       3.063
    1400       2.908
    1401       3.059
    1402       3.122
    1403       2.855
    1404       2.888
    1405       3.006
    1406       2.897
    1407       3.011
    1408       2.802
    1409       2.828
    1410       3.110
    1411       3.074
    1412       2.876
    1413       2.640
    1414       2.996
    1415       2.909
    1416       3.152
    1417       3.073
    1418       2.968
    1419       2.952
    1420       3.126
    1421       2.905
    1422       3.036
    1423       3.050
    1424       3.102
    1425       3.020
    1426       2.986
    1427       3.046
    1428       2.929
    1429       2.912
    1430       2.910
    1431       2.933
    1432       2.878
    1433       2.818
    1434       3.093
    1435       2.805
    1436       2.845
    1437       3.000
    1438       2.877
    1439       3.169
    1440       2.899
    1441       2.943
    1442       3.036
    1443       2.758
    1444       3.129
    1445       2.894
    1446       2.840
    1447       2.843
    1448       2.905
    1449       3.049
    1450       3.063
    1451       2.876
    1452       2.933
    1453       3.006
    1454       2.874
    1455       3.055
    1456       2.971
    1457       2.976
    1458       2.965
    1459       3.023
    1460       2.977
    1461       2.791
    1462       3.000
    1463       2.985
    1464       2.829
    1465       2.925
    1466       3.146
    1467       3.054
    1468       2.869
    1469       2.801
    1470       2.930
    1471       2.954
    1472       2.841
    1473       2.902
    1474       2.798
    1475       2.999
    1476       3.149
    1477       3.130
    1478       2.735
    1479       3.123
    1480       2.997
    1481       3.037
    1482       3.168
    1483       2.920
    1484       2.957
    1485       2.933
    1486       2.999
    1487       3.070
    1488       2.950
    1489       2.981
    1490       3.002
    1491       3.019
    1492       2.879
    1493       2.946
    1494       2.945
    1495       3.163
    1496       3.024
    1497       2.745
    1498       2.755
    1499       2.891
    1500       2.958
    1501       2.817
    1502       2.879
    1503       3.021
    1504       2.972
    1505       2.777
    1506       2.904
    1507       2.822
    1508       2.944
    1509       2.838
    1510       2.966
    1511       2.963
    1512       3.079
    1513       3.088
    1514       3.103
    1515       3.054
    1516       2.930
    1517       2.988
    1518       3.156
    1519       2.899
    1520       2.973
    1521       2.998
    1522       2.879
    1523       2.952
    1524       3.261
    1525       2.886
    1526       2.931
    1527       2.879
    1528       3.023
    1529       2.993
    1530       3.074
    1531       2.891
    1532       2.853
    1533       2.901
    1534       3.045
    1535       2.979
    1536       2.940
    1537       2.983
    1538       2.766
    1539       2.919
    1540       2.778
    1541       2.931
    1542       2.954
    1543       3.019
    1544       2.847
    1545       2.992
    1546       2.932
    1547       2.927
    1548       3.211
    1549       2.841
    1550       3.248
    1551       3.178
    1552       2.829
    1553       3.000
    1554       2.925
    1555       3.057
    1556       2.858
    1557       3.028
    1558       3.037
    1559       3.127
    1560       3.060
    1561       2.767
    1562       3.083
    1563       2.799
    1564       2.984
    1565       3.000
    1566       3.176
    1567       3.009
    1568       2.941
    1569       3.106
    1570       2.959
    1571       2.919
    1572       2.817
    1573       2.876
    1574       2.968
    1575       2.681
    1576       3.004
    1577       2.658
    1578       3.019
    1579       2.904
    1580       3.072
    1581       2.777
    1582       3.123
    1583       3.178
    1584       3.059
    1585       3.025
    1586       2.957
    1587       2.921
    1588       2.977
    1589       2.839
    1590       2.884
    1591       2.872
    1592       2.867
    1593       2.815
    1594       3.025
    1595       3.158
    1596       3.143
    1597       3.151
    1598       2.962
    1599       2.820
    1600       3.090
    1601       3.057
    1602       3.119
    1603       2.913
    1604       2.917
    1605       2.917
    1606       2.895
    1607       2.972
    1608       2.952
    1609       2.888
    1610       2.782
    1611       3.048
    1612       3.180
    1613       2.993
    1614       2.923
    1615       3.145
    1616       3.044
    1617       2.938
    1618       3.069
    1619       2.911
    1620       2.902
    1621       3.062
    1622       3.027
    1623       2.842
    1624       2.872
    1625       2.973
    1626       2.731
    1627       3.095
    1628       3.127
    1629       2.738
    1630       3.059
    1631       3.062
    1632       2.876
    1633       3.016
    1634       2.873
    1635       2.901
    1636       3.232
    1637       3.072
    1638       2.991
    1639       2.943
    1640       2.901
    1641       2.931
    1642       3.203
    1643       2.720
    1644       3.165
    1645       3.042
    1646       2.979
    1647       2.874
    1648       2.832
    1649       3.148
    1650       2.979
    1651       3.049
    1652       3.003
    1653       2.834
    1654       2.705
    1655       3.118
    1656       3.020
    1657       3.206
    1658       3.137
    1659       3.004
    1660       3.033
    1661       2.992
    1662       2.996
    1663       2.928
    1664       2.831
    1665       3.051
    1666       3.131
    1667       3.021
    1668       3.051
    1669       2.956
    1670       3.034
    1671       3.121
    1672       3.035
    1673       3.148
    1674       3.024
    1675       3.080
    1676       2.865
    1677       2.833
    1678       3.035
    1679       2.996
    1680       2.737
    1681       2.941
    1682       2.767
    1683       3.223
    1684       3.057
    1685       2.832
    1686       2.794
    1687       3.109
    1688       2.983
    1689       3.143
    1690       2.913
    1691       2.832
    1692       3.000
    1693       2.997
    1694       2.974
    1695       3.042
    1696       2.845
    1697       2.884
    1698       3.100
    1699       3.091
    1700       2.814
    1701       2.737
    1702       2.908
    1703       2.862
    1704       3.048
    1705       3.123
    1706       3.041
    1707       2.996
    1708       2.977
    1709       2.948
    1710       2.825
    1711       2.931
    1712       2.972
    1713       2.760
    1714       3.023
    1715       2.935
    1716       3.026
    1717       3.236
    1718       2.866
    1719       2.867
    1720       3.063
    1721       3.062
    1722       3.040
    1723       2.978
    1724       2.993
    1725       2.896
    1726       2.793
    1727       2.872
    1728       3.006
    1729       3.006
    1730       3.053
    1731       3.034
    1732       2.998
    1733       2.767
    1734       3.133
    1735       3.021
    1736       3.109
    1737       2.801
    1738       3.007
    1739       3.069
    1740       2.977
    1741       3.039
    1742       3.078
    1743       2.876
    1744       3.059
    1745       3.116
    1746       2.844
    1747       2.965
    1748       2.960
    1749       2.827
    1750       3.018
    1751       2.866
    1752       3.189
    1753       3.047
    1754       2.963
    1755       2.838
    1756       2.972
    1757       2.936
    1758       3.023
    1759       2.928
    1760       2.795
    1761       2.992
    1762       2.977
    1763       3.012
    1764       2.957
    1765       2.968
    1766       2.836
    1767       2.652
    1768       2.754
    1769       3.207
    1770       3.062
    1771       3.070
    1772       3.162
    1773       2.852
    1774       2.773
    1775       2.956
    1776       3.090
    1777       3.077
    1778       2.929
    1779       2.793
    1780       2.774
    1781       3.070
    1782       2.821
    1783       3.049
    1784       3.267
    1785       3.031
    1786       3.032
    1787       2.982
    1788       2.823
    1789       3.260
    1790       3.124
    1791       3.080
    1792       3.065
    1793       2.958
    1794       2.999
    1795       2.929
    1796       2.822
    1797       2.809
    1798       3.160
    1799       2.966
    1800       2.921
    1801       2.963
    1802       2.825
    1803       3.099
    1804       2.967
    1805       3.094
    1806       2.847
    1807       2.851
    1808       3.134
    1809       2.841
    1810       2.881
    1811       2.997
    1812       2.946
    1813       2.839
    1814       2.871
    1815       2.928
    1816       2.937
    1817       2.819
    1818       2.949
    1819       3.026
    1820       3.027
    1821       2.774
    1822       2.958
    1823       2.855
    1824       2.720
    1825       3.002
    1826       2.815
    1827       2.999
    1828       2.941
    1829       2.782
    1830       2.844
    1831       2.911
    1832       2.954
    1833       2.917
    1834       3.034
    1835       2.930
    1836       2.811
    1837       3.045
    1838       3.072
    1839       2.981
    1840       2.911
    1841       2.782
    1842       3.063
    1843       3.046
    1844       3.045
    1845       2.797
    1846       3.078
    1847       2.982
    1848       2.735
    1849       2.774
    1850       3.272
    1851       3.031
    1852       3.053
    1853       2.855
    1854       3.091
    1855       2.840
    1856       3.065
    1857       2.730
    1858       2.914
    1859       3.006
    1860       3.040
    1861       2.981
    1862       2.692
    1863       2.905
    1864       2.787
    1865       2.894
    1866       2.885
    1867       3.078
    1868       2.912
    1869       3.000
    1870       3.090
    1871       2.926
    1872       2.776
    1873       2.834
    1874       3.034
    1875       2.905
    1876       3.058
    1877       3.079
    1878       3.030
    1879       2.730
    1880       3.023
    1881       3.186
    1882       3.067
    1883       2.927
    1884       2.872
    1885       2.743
    1886       3.160
    1887       2.816
    1888       2.804
    1889       2.891
    1890       2.975
    1891       2.890
    1892       3.065
    1893       2.973
    1894       2.932
    1895       3.067
    1896       3.065
    1897       3.056
    1898       3.015
    1899       2.920
    1900       2.902
    1901       3.145
    1902       2.976
    1903       3.036
    1904       2.988
    1905       2.904
    1906       2.905
    1907       3.014
    1908       3.101
    1909       2.958
    1910       2.839
    1911       2.940
    1912       2.845
    1913       3.135
    1914       3.091
    1915       3.134
    1916       3.112
    1917       3.013
    1918       3.048
    1919       2.946
    1920       2.865
    1921       2.950
    1922       2.922
    1923       2.856
    1924       2.918
    1925       2.821
    1926       2.927
    1927       2.984
    1928       2.921
    1929       2.969
    1930       2.897
    1931       2.961
    1932       2.921
    1933       2.798
    1934       3.037
    1935       3.115
    1936       2.791
    1937       2.949
    1938       2.955
    1939       3.006
    1940       2.977
    1941       3.268
    1942       2.758
    1943       2.883
    1944       2.933
    1945       2.880
    1946       2.844
    1947       2.825
    1948       2.795
    1949       2.893
    1950       2.876
    1951       2.997
    1952       2.842
    1953       2.668
    1954       3.158
    1955       2.795
    1956       3.245
    1957       2.998
    1958       2.912
    1959       2.897
    1960       3.070
    1961       3.129
    1962       3.144
    1963       3.124
    1964       2.925
    1965       2.929
    1966       3.010
    1967       2.946
    1968       3.003
    1969       2.909
    1970       2.987
    1971       2.878
    1972       2.842
    1973       3.155
    1974       2.937
    1975       3.075
    1976       3.009
    1977       3.228
    1978       2.824
    1979       2.954
    1980       2.790
    1981       2.873
    1982       2.837
    1983       2.914
    1984       3.047
    1985       2.697
    1986       2.850
    1987       3.037
    1988       2.877
    1989       3.107
    1990       2.767
    1991       2.766
    1992       3.029
    1993       2.857
    1994       3.026
    1995       2.938
    1996       2.854
    1997       2.952
    1998       2.912
    1999       2.925
    2000       2.924
    2001       2.900
    2002       2.850
    2003       2.755
    2004       3.024
    2005       2.763
    2006       3.193
    2007       2.893
    2008       2.814
    2009       2.824
    2010       2.843
    2011       3.046
    2012       2.814
    2013       2.848
    2014       2.991
    2015       2.879
    2016       2.745
    2017       2.851
    2018       2.923
    2019       2.840
    2020       2.813
    2021       2.648
    2022       2.935
    2023       2.850
    2024       2.862
    2025       2.956
    2026       2.833
    2027       3.015
    2028       2.937
    2029       3.133
    2030       2.920
    2031       2.873
    2032       2.984
    2033       3.017
    2034       2.933
    2035       3.046
    2036       3.088
    2037       3.113
    2038       2.905
    2039       2.964
    2040       2.972
    2041       2.909
    2042       3.068
    2043       3.255
    2044       2.959
    2045       2.785
    2046       2.986
    2047       2.829
    2048       2.896
    2049       2.936
    2050       2.915
    2051       2.915
    2052       2.828
    2053       2.870
    2054       2.762
    2055       2.906
    2056       2.721
    2057       2.980
    2058       2.954
    2059       3.043
    2060       2.843
    2061       3.165
    2062       2.977
    2063       3.142
    2064       2.829
    2065       2.884
    2066       3.278
    2067       3.073
    2068       3.099
    2069       2.913
    2070       3.000
    2071       2.998
    2072       2.798
    2073       2.955
    2074       2.887
    2075       2.977
    2076       3.193
    2077       2.954
    2078       3.107
    2079       2.972
    2080       2.740
    2081       2.787
    2082       2.917
    2083       2.855
    2084       2.782
    2085       2.877
    2086       2.995
    2087       2.882
    2088       2.970
    2089       3.016
    2090       2.915
    2091       2.975
    2092       2.937
    2093       3.043
    2094       2.866
    2095       3.005
    2096       3.029
    2097       2.956
    2098       3.019
    2099       3.213
    2100       3.059
    2101       2.959
    2102       3.137
    2103       2.809
    2104       2.866
    2105       2.925
    2106       2.943
    2107       3.023
    2108       3.053
    2109       2.789
    2110       2.860
    2111       2.947
    2112       2.902
    2113       2.968
    2114       2.966
    2115       3.086
    2116       2.889
    2117       2.947
    2118       2.980
    2119       3.114
    2120       2.893
    2121       3.064
    2122       2.953
    2123       3.069
    2124       2.957
    2125       3.019
    2126       3.128
    2127       2.993
    2128       3.138
    2129       3.111
    2130       2.825
    2131       3.017
    2132       2.999
    2133       3.086
    2134       2.989
    2135       3.091
    2136       2.941
    2137       3.023
    2138       3.171
    2139       3.153
    2140       2.806
    2141       3.064
    2142       2.955
    2143       2.948
    2144       3.090
    2145       2.975
    2146       2.982
    2147       2.930
    2148       3.083
    2149       3.178
    2150       3.063
    2151       2.973
    2152       2.933
    2153       2.877
    2154       3.134
    2155       2.960
    2156       3.040
    2157       3.095
    2158       2.977
    2159       2.827
    2160       3.071
    2161       3.281
    2162       2.911
    2163       3.228
    2164       2.986
    2165       2.929
    2166       3.065
    2167       2.800
    2168       2.902
    2169       2.779
    2170       3.262
    2171       2.939
    2172       3.140
    2173       3.020
    2174       2.879
    2175       3.045
    2176       2.974
    2177       3.036
    2178       2.896
    2179       3.045
    2180       2.944
    2181       2.666
    2182       2.947
    2183       2.747
    2184       2.924
    2185       2.999
    2186       3.026
    2187       2.997
    2188       3.117
    2189       3.188
    2190       2.750
    2191       2.931
    2192       2.965
    2193       3.129
    2194       2.936
    2195       2.972
    2196       2.999
    2197       2.730
    2198       2.997
    2199       2.846
    2200       2.988
    2201       3.023
    2202       2.938
    2203       2.961
    2204       3.045
    2205       2.808
    2206       3.103
    2207       3.046
    2208       2.997
    2209       3.356
    2210       2.947
    2211       2.843
    2212       3.013
    2213       2.978
    2214       2.937
    2215       2.817
    2216       2.895
    2217       3.071
    2218       3.005
    2219       2.985
    2220       3.137
    2221       3.027
    2222       3.116
    2223       3.088
    2224       2.921
    2225       2.709
    2226       2.961
    2227       3.063
    2228       3.004
    2229       3.192
    2230       2.921
    2231       3.098
    2232       3.009
    2233       3.070
    2234       2.834
    2235       3.153
    2236       3.151
    2237       2.846
    2238       2.695
    2239       2.879
    2240       3.047
    2241       2.837
    2242       2.948
    2243       2.803
    2244       2.918
    2245       2.772
    2246       3.219
    2247       2.833
    2248       2.883
    2249       3.095
    2250       2.790
    2251       3.215
    2252       2.770
    2253       2.762
    2254       2.911
    2255       3.126
    2256       2.968
    2257       2.691
    2258       2.814
    2259       2.860
    2260       2.878
    2261       2.924
    2262       2.990
    2263       2.957
    2264       2.744
    2265       2.803
    2266       2.979
    2267       2.829
    2268       3.015
    2269       2.875
    2270       3.047
    2271       2.875
    2272       3.056
    2273       3.262
    2274       2.862
    2275       3.063
    2276       3.317
    2277       3.243
    2278       2.985
    2279       3.038
    2280       3.003
    2281       3.055
    2282       2.983
    2283       2.910
    2284       2.938
    2285       2.927
    2286       2.942
    2287       2.921
    2288       2.965
    2289       3.057
    2290       2.946
    2291       2.908
    2292       2.986
    2293       2.952
    2294       2.998
    2295       3.005
    2296       2.953
    2297       2.943
    2298       3.040
    2299       2.972
    2300       2.933
    2301       3.127
    2302       3.113
    2303       2.938
    2304       2.892
    2305       2.853
    2306       3.002
    2307       2.931
    2308       3.181
    2309       3.112
    2310       3.268
    2311       2.968
    2312       3.062
    2313       3.004
    2314       3.000
    2315       3.054
    2316       3.055
    2317       2.945
    2318       2.956
    2319       2.706
    2320       2.983
    2321       3.200
    2322       2.963
    2323       3.199
    2324       3.019
    2325       3.062
    2326       2.934
    2327       2.977
    2328       2.912
    2329       2.940
    2330       2.828
    2331       2.890
    2332       3.029
    2333       2.879
    2334       2.985
    2335       3.065
    2336       3.029
    2337       2.946
    2338       2.970
    2339       3.089
    2340       2.842
    2341       2.953
    2342       3.140
    2343       2.965
    2344       2.827
    2345       3.009
    2346       2.849
    2347       3.120
    2348       2.840
    2349       3.139
    2350       3.088
    2351       3.094
    2352       3.134
    2353       2.940
    2354       3.051
    2355       3.084
    2356       2.696
    2357       2.855
    2358       2.789
    2359       2.991
    2360       2.892
    2361       2.865
    2362       2.951
    2363       2.882
    2364       2.896
    2365       3.004
    2366       3.000
    2367       2.846
    2368       2.962
    2369       2.981
    2370       3.066
    2371       3.021
    2372       2.950
    2373       2.977
    2374       2.768
    2375       3.018
    2376       2.898
    2377       2.920
    2378       2.907
    2379       3.169
    2380       3.037
    2381       2.904
    2382       3.018
    2383       2.776
    2384       2.888
    2385       2.906
    2386       3.231
    2387       2.884
    2388       2.696
    2389       2.932
    2390       2.810
    2391       2.842
    2392       2.939
    2393       2.808
    2394       2.855
    2395       3.231
    2396       3.019
    2397       2.975
    2398       3.064
    2399       2.914
    2400       2.917
    2401       2.958
    2402       2.912
    2403       3.000
    2404       3.119
    2405       2.851
    2406       2.889
    2407       3.003
    2408       3.053
    2409       2.747
    2410       2.833
    2411       3.189
    2412       3.059
    2413       2.944
    2414       2.850
    2415       2.827
    2416       2.896
    2417       3.178
    2418       2.911
    2419       3.135
    2420       2.993
    2421       3.055
    2422       2.866
    2423       2.970
    2424       3.039
    2425       2.963
    2426       2.978
    2427       2.989
    2428       2.881
    2429       2.938
    2430       3.073
    2431       2.915
    2432       3.086
    2433       2.960
    2434       2.749
    2435       2.859
    2436       2.998
    2437       2.946
    2438       2.891
    2439       2.938
    2440       2.889
    2441       2.851
    2442       2.973
    2443       3.059
    2444       2.862
    2445       2.848
    2446       2.853
    2447       3.102
    2448       2.826
    2449       2.851
    2450       2.874
    2451       2.804
    2452       3.069
    2453       3.107
    2454       2.957
    2455       3.008
    2456       3.273
    2457       3.219
    2458       2.910
    2459       2.676
    2460       2.940
    2461       2.967
    2462       3.113
    2463       2.904
    2464       3.033
    2465       2.779
    2466       2.835
    2467       3.119
    2468       2.967
    2469       2.787
    2470       3.104
    2471       3.119
    2472       3.186
    2473       2.923
    2474       3.117
    2475       3.057
    2476       3.107
    2477       2.808
    2478       3.056
    2479       3.125
    2480       2.834
    2481       2.841
    2482       2.971
    2483       2.986
    2484       2.997
    2485       2.783
    2486       2.887
    2487       3.188
    2488       2.844
    2489       3.060
    2490       2.917
    2491       3.180
    2492       3.070
    2493       3.065
    2494       2.938
    2495       3.013
    2496       2.953
    2497       3.065
    2498       3.092
    2499       2.852
    2500       2.967
    2501       2.811
    2502       2.635
    2503       2.924
    2504       3.032
    2505       3.018
    2506       2.808
    2507       2.820
    2508       3.041
    2509       2.836
    2510       2.953
    2511       2.957
    2512       2.978
    2513       2.886
    2514       2.848
    2515       2.923
    2516       3.017
    2517       2.985
    2518       2.874
    2519       2.939
    2520       2.935
    2521       2.792
    2522       3.088
    2523       2.891
    2524       2.790
    2525       3.001
    2526       2.981
    2527       3.030
    2528       2.862
    2529       2.954
    2530       2.753
    2531       2.983
    2532       2.899
    2533       2.753
    2534       3.094
    2535       2.892
    2536       3.072
    2537       2.861
    2538       3.134
    2539       2.817
    2540       2.837
    2541       3.124
    2542       3.144
    2543       2.768
    2544       3.025
    2545       2.950
    2546       2.994
    2547       3.073
    2548       3.147
    2549       2.859
    2550       2.847
    2551       2.844
    2552       2.822
    2553       3.015
    2554       2.905
    2555       2.908
    2556       2.603
    2557       2.842
    2558       2.951
    2559       2.848
    2560       2.992
    2561       2.959
    2562       2.978
    2563       2.876
    2564       2.875
    2565       2.832
    2566       2.751
    2567       2.736
    2568       3.003
    2569       2.939
    2570       3.012
    2571       2.864
    2572       3.009
    2573       3.063
    2574       2.989
    2575       2.784
    2576       2.998
    2577       2.750
    2578       2.892
    2579       2.829
    2580       2.985
    2581       3.070
    2582       3.077
    2583       3.023
    2584       2.824
    2585       3.023
    2586       2.905
    2587       3.112
    2588       3.121
    2589       2.989
    2590       2.977
    2591       2.803
    2592       3.011
    2593       3.298
    2594       2.747
    2595       3.054
    2596       3.050
    2597       2.859
    2598       2.829
    2599       3.020
    2600       3.113
    2601       3.195
    2602       2.751
    2603       2.923
    2604       2.843
    2605       3.118
    2606       2.893
    2607       2.958
    2608       2.958
    2609       3.059
    2610       3.039
    2611       2.891
    2612       3.081
    2613       2.929
    2614       2.904
    2615       2.910
    2616       2.850
    2617       3.035
    2618       2.953
    2619       3.042
    2620       2.956
    2621       2.865
    2622       2.862
    2623       2.850
    2624       2.732
    2625       3.131
    2626       3.143
    2627       2.823
    2628       2.966
    2629       2.943
    2630       2.671
    2631       2.916
    2632       3.002
    2633       2.729
    2634       3.041
    2635       2.981
    2636       2.973
    2637       3.335
    2638       3.103
    2639       2.832
    2640       2.929
    2641       2.965
    2642       3.077
    2643       2.874
    2644       2.882
    2645       3.061
    2646       3.085
    2647       3.237
    2648       2.871
    2649       3.015
    2650       2.815
    2651       2.913
    2652       2.860
    2653       2.998
    2654       3.031
    2655       2.878
    2656       2.926
    2657       2.892
    2658       2.995
    2659       2.859
    2660       2.901
    2661       2.993
    2662       3.098
    2663       2.987
    2664       2.927
    2665       2.992
    2666       3.031
    2667       2.761
    2668       3.005
    2669       3.104
    2670       3.107
    2671       2.848
    2672       3.097
    2673       2.961
    2674       2.786
    2675       3.091
    2676       2.888
    2677       3.016
    2678       3.142
    2679       3.242
    2680       3.133
    2681       2.848
    2682       2.983
    2683       3.058
    2684       2.862
    2685       2.945
    2686       2.810
    2687       2.859
    2688       2.706
    2689       3.018
    2690       2.953
    2691       3.026
    2692       2.983
    2693       2.934
    2694       3.072
    2695       2.947
    2696       3.119
    2697       2.932
    2698       2.872
    2699       2.993
    2700       3.226
    2701       2.958
    2702       3.059
    2703       2.951
    2704       2.963
    2705       3.018
    2706       2.854
    2707       2.842
    2708       3.098
    2709       2.918
    2710       2.972
    2711       2.890
    2712       2.892
    2713       3.160
    2714       3.027
    2715       2.801
    2716       2.914
    2717       2.831
    2718       3.172
    2719       2.948
    2720       2.885
    2721       2.991
    2722       3.149
    2723       2.824
    2724       2.978
    2725       3.051
    2726       2.990
    2727       2.870
    2728       2.984
    2729       3.067
    2730       2.916
    2731       2.997
    2732       3.001
    2733       2.889
    2734       3.142
    2735       2.998
    2736       3.132
    2737       3.010
    2738       3.037
    2739       2.838
    2740       2.765
    2741       3.023
    2742       2.757
    2743       2.981
    2744       2.887
    2745       2.896
    2746       2.863
    2747       2.924
    2748       3.096
    2749       2.764
    2750       3.300
    2751       3.112
    2752       2.922
    2753       2.842
    2754       3.013
    2755       3.351
    2756       2.981
    2757       3.320
    2758       2.747
    2759       2.851
    2760       2.702
    2761       2.903
    2762       3.014
    2763       2.993
    2764       2.915
    2765       3.147
    2766       3.090
    2767       3.301
    2768       3.023
    2769       2.760
    2770       3.021
    2771       3.066
    2772       2.771
    2773       2.815
    2774       2.840
    2775       2.914
    2776       2.946
    2777       3.026
    2778       2.935
    2779       2.907
    2780       2.929
    2781       2.983
    2782       3.224
    2783       2.977
    2784       2.914
    2785       2.887
    2786       2.844
    2787       2.974
    2788       2.930
    2789       2.821
    2790       2.871
    2791       2.830
    2792       3.119
    2793       3.030
    2794       3.243
    2795       2.806
    2796       2.947
    2797       2.911
    2798       2.966
    2799       3.311
    2800       3.046
    2801       3.048
    2802       2.968
    2803       2.947
    2804       2.989
    2805       2.876
    2806       2.921
    2807       2.891
    2808       3.133
    2809       3.144
    2810       2.706
    2811       2.828
    2812       2.865
    2813       2.851
    2814       2.954
    2815       2.918
    2816       2.930
    2817       2.915
    2818       2.875
    2819       2.896
    2820       3.000
    2821       2.975
    2822       2.932
    2823       2.818
    2824       2.925
    2825       3.001
    2826       3.142
    2827       2.784
    2828       3.092
    2829       2.841
    2830       3.119
    2831       3.036
    2832       2.815
    2833       2.936
    2834       2.964
    2835       2.919
    2836       3.061
    2837       2.967
    2838       3.150
    2839       2.942
    2840       2.992
    2841       2.765
    2842       2.972
    2843       3.055
    2844       2.960
    2845       3.080
    2846       3.127
    2847       3.009
    2848       3.157
    2849       2.927
    2850       2.818
    2851       3.100
    2852       2.935
    2853       3.137
    2854       3.030
    2855       2.983
    2856       2.862
    2857       2.936
    2858       3.049
    2859       2.801
    2860       3.033
    2861       2.841
    2862       3.182
    2863       3.078
    2864       2.949
    2865       2.895
    2866       2.832
    2867       3.029
    2868       3.069
    2869       3.083
    2870       3.115
    2871       3.044
    2872       3.028
    2873       3.166
    2874       2.873
    2875       3.176
    2876       2.888
    2877       3.030
    2878       2.987
    2879       3.002
    2880       3.166
    2881       3.278
    2882       3.059
    2883       2.950
    2884       2.722
    2885       2.873
    2886       2.958
    2887       3.130
    2888       2.731
    2889       2.864
    2890       3.039
    2891       2.778
    2892       2.990
    2893       2.967
    2894       2.910
    2895       3.049
    2896       2.839
    2897       2.889
    2898       2.837
    2899       3.014
    2900       3.023
    2901       2.990
    2902       2.874
    2903       3.087
    2904       3.122
    2905       2.879
    2906       2.992
    2907       3.073
    2908       3.122
    2909       2.998
    2910       3.011
    2911       3.164
    2912       2.858
    2913       3.027
    2914       2.905
    2915       3.097
    2916       2.922
    2917       2.908
    2918       2.822
    2919       2.859
    2920       3.109
    2921       3.288
    2922       2.936
    2923       3.124
    2924       3.055
    2925       2.990
    2926       3.020
    2927       2.832
    2928       3.278
    2929       2.994
    2930       3.036
    2931       3.070
    2932       2.989
    2933       2.960
    2934       2.867
    2935       3.178
    2936       2.957
    2937       2.944
    2938       2.933
    2939       3.058
    2940       2.900
    2941       3.090
    2942       2.920
    2943       2.994
    2944       2.896
    2945       3.323
    2946       2.946
    2947       3.177
    2948       3.118
    2949       2.912
    2950       2.965
    2951       3.238
    2952       2.863
    2953       3.135
    2954       2.976
    2955       3.040
    2956       3.060
    2957       2.999
    2958       2.826
    2959       2.922
    2960       2.928
    2961       2.901
    2962       3.266
    2963       3.057
    2964       2.965
    2965       2.743
    2966       2.897
    2967       3.318
    2968       3.016
    2969       2.934
    2970       3.117
    2971       2.883
    2972       3.110
    2973       2.942
    2974       3.176
    2975       3.028
    2976       3.006
    2977       2.880
    2978       3.162
    2979       3.029
    2980       3.134
    2981       3.067
    2982       3.100
    2983       2.915
    2984       3.098
    2985       2.983
    2986       3.170
    2987       2.878
    2988       2.763
    2989       3.193
    2990       3.050
    2991       2.803
    2992       3.089
    2993       2.976
    2994       2.943
    2995       2.886
    2996       2.687
    2997       2.990
    2998       2.791
    2999       2.936
    3000       3.065
    3001       2.882
    3002       3.012
    3003       2.900
    3004       3.012
    3005       2.759
    3006       2.939
    3007       3.111
    3008       2.996
    3009       2.957
    3010       3.063
    3011       3.088
    3012       2.820
    3013       2.950
    3014       3.062
    3015       3.054
    3016       2.999
    3017       3.167
    3018       2.846
    3019       2.886
    3020       2.866
    3021       2.893
    3022       3.131
    3023       3.184
    3024       2.918
    3025       2.874
    3026       3.240
    3027       2.896
    3028       2.901
    3029       2.861
    3030       2.948
    3031       3.003
    3032       2.952
    3033       2.864
    3034       2.789
    3035       3.005
    3036       3.242
    3037       2.966
    3038       2.994
    3039       2.726
    3040       2.884
    3041       2.981
    3042       2.914
    3043       2.909
    3044       2.874
    3045       2.955
    3046       3.038
    3047       2.871
    3048       2.817
    3049       2.869
    3050       2.879
    3051       2.796
    3052       2.861
    3053       3.154
    3054       2.774
    3055       2.784
    3056       2.922
    3057       2.878
    3058       2.747
    3059       2.845
    3060       2.786
    3061       2.879
    3062       2.944
    3063       2.812
    3064       2.817
    3065       2.804
    3066       3.144
    3067       2.885
    3068       3.026
    3069       3.026
    3070       3.013
    3071       3.098
    3072       3.031
    3073       2.860
    3074       2.950
    3075       2.895
    3076       2.879
    3077       3.008
    3078       2.971
    3079       3.116
    3080       2.949
    3081       3.288
    3082       2.990
    3083       3.172
    3084       2.979
    3085       2.901
    3086       2.878
    3087       2.960
    3088       3.106
    3089       2.868
    3090       2.863
    3091       3.022
    3092       2.974
    3093       3.028
    3094       3.035
    3095       2.985
    3096       3.082
    3097       3.038
    3098       3.005
    3099       2.817
    3100       2.890
    3101       3.006
    3102       2.943
    3103       2.817
    3104       2.900
    3105       3.017
    3106       3.118
    3107       2.971
    3108       2.805
    3109       2.927
    3110       2.846
    3111       2.972
    3112       2.923
    3113       2.859
    3114       3.021
    3115       2.883
    3116       2.969
    3117       2.833
    3118       2.974
    3119       2.884
    3120       2.883
    3121       3.126
    3122       2.996
    3123       2.926
    3124       2.922
    3125       2.953
    3126       2.961
    3127       3.122
    3128       2.962
    3129       2.959
    3130       2.896
    3131       3.003
    3132       2.953
    3133       3.044
    3134       3.074
    3135       3.169
    3136       2.768
    3137       2.861
    3138       3.050
    3139       2.704
    3140       2.968
    3141       2.874
    3142       2.840
    3143       2.907
    3144       2.836
    3145       2.896
    3146       3.025
    3147       3.074
    3148       2.957
    3149       3.149
    3150       2.886
    3151       3.019
    3152       2.887
    3153       2.820
    3154       2.956
    3155       2.829
    3156       2.945
    3157       2.952
    3158       3.087
    3159       2.932
    3160       2.835
    3161       2.795
    3162       2.811
    3163       3.099
    3164       2.965
    3165       3.002
    3166       2.862
    3167       3.023
    3168       2.863
    3169       2.965
    3170       2.767
    3171       3.090
    3172       3.239
    3173       3.052
    3174       3.131
    3175       2.903
    3176       3.031
    3177       2.794
    3178       3.134
    3179       3.089
    3180       3.176
    3181       3.063
    3182       2.747
    3183       2.790
    3184       3.066
    3185       3.062
    3186       2.999
    3187       3.155
    3188       3.181
    3189       3.144
    3190       3.041
    3191       3.027
    3192       3.045
    3193       2.891
    3194       2.943
    3195       2.987
    3196       3.047
    3197       2.891
    3198       3.145
    3199       3.122
    3200       2.969
    3201       2.976
    3202       2.910
    3203       3.065
    3204       3.104
    3205       3.075
    3206       3.105
    3207       2.984
    3208       3.035
    3209       3.034
    3210       3.079
    3211       3.093
    3212       3.115
    3213       2.935
    3214       2.829
    3215       3.251
    3216       3.213
    3217       3.140
    3218       2.965
    3219       3.020
    3220       2.905
    3221       2.985
    3222       3.336
    3223       2.871
    3224       2.777
    3225       2.928
    3226       2.821
    3227       2.690
    3228       2.928
    3229       2.950
    3230       2.996
    3231       2.908
    3232       3.017
    3233       2.694
    3234       2.980
    3235       2.868
    3236       2.920
    3237       2.907
    3238       2.967
    3239       2.813
    3240       2.911
    3241       2.978
    3242       2.993
    3243       3.133
    3244       3.181
    3245       3.105
    3246       3.015
    3247       3.042
    3248       2.838
    3249       3.100
    3250       2.865
    3251       2.982
    3252       2.853
    3253       2.950
    3254       2.884
    3255       2.724
    3256       2.853
    3257       2.777
    3258       3.019
    3259       3.099
    3260       2.861
    3261       2.957
    3262       2.712
    3263       2.900
    3264       3.144
    3265       2.891
    3266       2.911
    3267       2.900
    3268       3.224
    3269       2.890
    3270       3.063
    3271       3.062
    3272       2.859
    3273       2.823
    3274       3.144
    3275       3.126
    3276       2.801
    3277       2.997
    3278       2.869
    3279       3.080
    3280       2.956
    3281       3.019
    3282       2.989
    3283       2.980
    3284       3.266
    3285       2.964
    3286       2.988
    3287       2.908
    3288       2.900
    3289       3.156
    3290       3.257
    3291       2.958
    3292       3.060
    3293       3.078
    3294       2.696
    3295       2.817
    3296       3.015
    3297       3.107
    3298       2.911
    3299       3.031
    3300       3.032
    3301       2.853
    3302       2.855
    3303       2.735
    3304       2.971
    3305       2.820
    3306       2.865
    3307       2.885
    3308       2.869
    3309       3.029
    3310       3.017
    3311       3.042
    3312       2.763
    3313       3.038
    3314       3.129
    3315       2.984
    3316       3.070
    3317       2.973
    3318       3.100
    3319       2.873
    3320       3.019
    3321       3.003
    3322       2.878
    3323       2.921
    3324       3.006
    3325       2.930
    3326       2.957
    3327       2.860
    3328       2.951
    3329       2.891
    3330       3.022
    3331       2.629
    3332       3.049
    3333       2.738
    3334       2.975
    3335       2.954
    3336       2.974
    3337       2.974
    3338       3.136
    3339       2.976
    3340       3.006
    3341       2.821
    3342       2.918
    3343       2.833
    3344       2.898
    3345       2.907
    3346       3.120
    3347       2.909
    3348       3.077
    3349       3.058
    3350       3.061
    3351       2.958
    3352       2.912
    3353       2.892
    3354       2.972
    3355       3.058
    3356       2.956
    3357       3.008
    3358       2.948
    3359       3.058
    3360       2.864
    3361       3.020
    3362       3.094
    3363       2.923
    3364       3.098
    3365       3.002
    3366       3.215
    3367       2.894
    3368       2.860
    3369       2.843
    3370       2.892
    3371       3.102
    3372       3.134
    3373       2.811
    3374       3.020
    3375       2.718
    3376       3.012
    3377       2.991
    3378       2.874
    3379       2.691
    3380       2.969
    3381       3.029
    3382       3.200
    3383       2.758
    3384       2.974
    3385       2.976
    3386       2.892
    3387       2.844
    3388       2.987
    3389       2.742
    3390       2.644
    3391       3.084
    3392       3.208
    3393       3.004
    3394       2.931
    3395       2.861
    3396       2.932
    3397       2.991
    3398       2.856
    3399       3.068
    3400       2.943
    3401       2.845
    3402       2.875
    3403       3.031
    3404       3.052
    3405       2.955
    3406       2.905
    3407       2.923
    3408       2.801
    3409       2.818
    3410       2.988
    3411       2.942
    3412       3.042
    3413       2.878
    3414       2.980
    3415       2.953
    3416       2.935
    3417       2.839
    3418       3.242
    3419       3.244
    3420       2.937
    3421       3.084
    3422       3.200
    3423       2.896
    3424       2.835
    3425       3.199
    3426       2.968
    3427       3.190
    3428       3.223
    3429       3.015
    3430       2.916
    3431       2.992
    3432       2.983
    3433       2.894
    3434       2.797
    3435       3.163
    3436       3.210
    3437       2.887
    3438       3.043
    3439       2.910
    3440       2.900
    3441       2.998
    3442       3.028
    3443       2.958
    3444       2.889
    3445       2.886
    3446       3.065
    3447       3.017
    3448       3.098
    3449       2.983
    3450       2.936
    3451       2.961
    3452       2.861
    3453       2.982
    3454       3.028
    3455       2.774
    3456       3.022
    3457       2.767
    3458       3.005
    3459       2.963
    3460       3.035
    3461       2.877
    3462       2.847
    3463       3.125
    3464       3.127
    3465       2.977
    3466       3.084
    3467       3.003
    3468       3.010
    3469       2.856
    3470       2.836
    3471       3.188
    3472       3.140
    3473       2.821
    3474       2.965
    3475       2.907
    3476       2.940
    3477       2.880
    3478       3.078
    3479       3.067
    3480       2.939
    3481       2.940
    3482       3.190
    3483       2.915
    3484       3.184
    3485       3.048
    3486       3.109
    3487       2.835
    3488       2.804
    3489       2.857
    3490       2.848
    3491       2.917
    3492       2.817
    3493       3.136
    3494       2.953
    3495       3.068
    3496       3.022
    3497       2.873
    3498       3.080
    3499       2.992
    3500       2.734
    3501       3.052
    3502       2.890
    3503       2.986
    3504       3.083
    3505       2.967
    3506       3.216
    3507       3.194
    3508       2.954
    3509       2.970
    3510       3.123
    3511       3.077
    3512       3.067
    3513       2.975
    3514       2.946
    3515       2.864
    3516       2.890
    3517       2.990
    3518       3.067
    3519       3.147
    3520       2.885
    3521       3.131
    3522       3.004
    3523       2.977
    3524       2.884
    3525       2.949
    3526       2.885
    3527       3.064
    3528       2.943
    3529       2.999
    3530       3.042
    3531       2.968
    3532       2.853
    3533       2.658
    3534       3.001
    3535       3.056
    3536       2.997
    3537       2.862
    3538       3.053
    3539       2.929
    3540       3.059
    3541       2.890
    3542       3.320
    3543       3.041
    3544       3.130
    3545       2.917
    3546       3.134
    3547       2.896
    3548       3.037
    3549       3.000
    3550       2.774
    3551       3.192
    3552       3.071
    3553       3.141
    3554       2.999
    3555       3.074
    3556       2.791
    3557       3.069
    3558       2.973
    3559       2.960
    3560       3.033
    3561       3.141
    3562       2.996
    3563       3.265
    3564       2.889
    3565       3.196
    3566       3.120
    3567       2.951
    3568       2.965
    3569       3.101
    3570       3.126
    3571       3.006
    3572       3.153
    3573       3.263
    3574       2.820
    3575       2.990
    3576       2.969
    3577       2.954
    3578       3.041
    3579       2.925
    3580       2.839
    3581       3.065
    3582       3.065
    3583       3.010
    3584       2.923
    3585       2.857
    3586       2.789
    3587       2.979
    3588       2.807
    3589       3.031
    3590       3.078
    3591       2.947
    3592       2.921
    3593       2.909
    3594       2.992
    3595       2.980
    3596       2.930
    3597       2.952
    3598       2.962
    3599       2.986
    3600       3.076
    3601       3.080
    3602       2.915
    3603       2.715
    3604       2.896
    3605       2.984
    3606       3.081
    3607       2.911
    3608       3.300
    3609       3.085
    3610       3.071
    3611       2.976
    3612       2.957
    3613       3.027
    3614       2.880
    3615       2.926
    3616       2.928
    3617       2.984
    3618       3.124
    3619       2.782
    3620       2.917
    3621       2.961
    3622       3.007
    3623       3.106
    3624       2.930
    3625       2.852
    3626       2.812
    3627       2.741
    3628       3.150
    3629       3.222
    3630       2.979
    3631       2.998
    3632       2.779
    3633       2.980
    3634       2.894
    3635       2.818
    3636       3.100
    3637       2.971
    3638       2.886
    3639       3.085
    3640       2.897
    3641       3.177
    3642       2.898
    3643       3.154
    3644       2.924
    3645       3.088
    3646       3.044
    3647       2.821
    3648       2.806
    3649       2.990
    3650       3.022
    3651       2.945
    3652       2.914
    3653       2.824
    3654       2.989
    3655       2.971
    3656       2.899
    3657       3.097
    3658       3.059
    3659       2.940
    3660       3.100
    3661       2.930
    3662       2.707
    3663       2.940
    3664       3.146
    3665       2.932
    3666       3.044
    3667       3.040
    3668       3.080
    3669       3.024
    3670       3.229
    3671       2.982
    3672       2.929
    3673       2.977
    3674       3.072
    3675       2.930
    3676       2.934
    3677       3.038
    3678       2.945
    3679       2.931
    3680       2.936
    3681       3.023
    3682       2.782
    3683       2.819
    3684       3.070
    3685       2.873
    3686       3.044
    3687       3.009
    3688       3.190
    3689       3.107
    3690       3.012
    3691       2.902
    3692       2.955
    3693       2.887
    3694       3.118
    3695       3.001
    3696       2.985
    3697       3.031
    3698       3.132
    3699       2.975
    3700       2.877
    3701       2.896
    3702       2.980
    3703       2.852
    3704       2.926
    3705       3.139
    3706       2.781
    3707       3.033
    3708       2.983
    3709       3.037
    3710       2.916
    3711       2.964
    3712       2.962
    3713       2.858
    3714       2.959
    3715       2.955
    3716       2.989
    3717       2.891
    3718       3.067
    3719       3.138
    3720       3.126
    3721       2.850
    3722       3.048
    3723       2.837
    3724       2.880
    3725       3.092
    3726       2.930
    3727       3.023
    3728       2.993
    3729       3.007
    3730       3.084
    3731       2.927
    3732       3.053
    3733       3.317
    3734       2.881
    3735       2.957
    3736       3.046
    3737       3.097
    3738       2.969
    3739       2.883
    3740       2.879
    3741       2.949
    3742       2.991
    3743       3.054
    3744       3.179
    3745       2.766
    3746       3.031
    3747       3.184
    3748       3.196
    3749       3.317
    3750       2.998
    3751       2.878
    3752       3.105
    3753       3.049
    3754       3.295
    3755       2.987
    3756       2.996
    3757       2.844
    3758       2.903
    3759       2.993
    3760       2.768
    3761       2.920
    3762       3.038
    3763       2.837
    3764       2.939
    3765       2.961
    3766       3.010
    3767       2.806
    3768       3.105
    3769       2.838
    3770       2.896
    3771       2.952
    3772       2.964
    3773       2.991
    3774       3.120
    3775       2.996
    3776       2.914
    3777       2.966
    3778       3.080
    3779       3.013
    3780       2.847
    3781       2.696
    3782       2.817
    3783       2.888
    3784       3.106
    3785       2.977
    3786       2.975
    3787       3.012
    3788       3.014
    3789       3.126
    3790       2.935
    3791       3.112
    3792       3.091
    3793       2.856
    3794       3.151
    3795       3.015
    3796       3.042
    3797       2.930
    3798       2.964
    3799       2.948
    3800       2.857
    3801       3.071
    3802       3.099
    3803       2.935
    3804       2.890
    3805       3.125
    3806       3.173
    3807       2.974
    3808       2.889
    3809       2.971
    3810       3.155
    3811       3.009
    3812       3.072
    3813       2.957
    3814       3.045
    3815       3.049
    3816       3.133
    3817       2.730
    3818       3.030
    3819       3.072
    3820       2.965
    3821       2.902
    3822       2.994
    3823       3.031
    3824       2.963
    3825       2.977
    3826       2.961
    3827       2.967
    3828       2.890
    3829       3.014
    3830       3.006
    3831       3.050
    3832       2.845
    3833       2.934
    3834       3.098
    3835       3.140
    3836       3.136
    3837       2.835
    3838       2.848
    3839       2.984
    3840       2.941
    3841       2.947
    3842       3.072
    3843       2.896
    3844       2.720
    3845       2.892
    3846       2.980
    3847       2.845
    3848       3.103
    3849       2.818
    3850       3.043
    3851       2.985
    3852       2.934
    3853       3.002
    3854       2.887
    3855       3.068
    3856       2.773
    3857       2.691
    3858       3.071
    3859       2.869
    3860       3.133
    3861       2.868
    3862       2.971
    3863       3.130
    3864       2.822
    3865       2.985
    3866       2.963
    3867       2.904
    3868       2.903
    3869       2.880
    3870       3.137
    3871       3.130
    3872       3.508
    3873       3.080
    3874       2.985
    3875       2.995
    3876       2.740
    3877       2.974
    3878       3.224
    3879       3.184
    3880       3.043
    3881       2.972
    3882       3.094
    3883       3.082
    3884       2.921
    3885       3.070
    3886       2.835
    3887       3.055
    3888       3.124
    3889       2.999
    3890       3.083
    3891       2.958
    3892       2.986
    3893       2.998
    3894       2.971
    3895       2.960
    3896       2.819
    3897       3.066
    3898       3.000
    3899       3.064
    3900       3.003
    3901       2.802
    3902       2.844
    3903       2.989
    3904       2.844
    3905       2.978
    3906       2.965
    3907       3.016
    3908       3.052
    3909       2.852
    3910       3.119
    3911       2.996
    3912       3.104
    3913       3.030
    3914       3.077
    3915       2.773
    3916       2.940
    3917       2.961
    3918       2.949
    3919       2.892
    3920       2.968
    3921       3.124
    3922       3.139
    3923       2.859
    3924       3.186
    3925       3.119
    3926       2.898
    3927       3.046
    3928       3.228
    3929       2.964
    3930       2.921
    3931       2.922
    3932       2.972
    3933       2.877
    3934       2.956
    3935       3.165
    3936       3.234
    3937       2.746
    3938       2.919
    3939       2.985
    3940       3.172
    3941       2.826
    3942       3.034
    3943       2.913
    3944       2.875
    3945       3.047
    3946       3.016
    3947       3.198
    3948       3.098
    3949       2.980
    3950       3.019
    3951       2.988
    3952       3.225
    3953       3.174
    3954       3.043
    3955       2.953
    3956       2.906
    3957       3.030
    3958       3.008
    3959       3.139
    3960       2.860
    3961       3.060
    3962       3.109
    3963       2.911
    3964       3.149
    3965       2.953
    3966       2.879
    3967       3.144
    3968       2.892
    3969       2.962
    3970       2.901
    3971       3.033
    3972       2.846
    3973       2.924
    3974       3.018
    3975       3.169
    3976       2.859
    3977       3.119
    3978       2.862
    3979       2.975
    3980       2.988
    3981       3.164
    3982       3.194
    3983       3.061
    3984       3.071
    3985       2.791
    3986       3.262
    3987       2.954
    3988       2.983
    3989       2.869
    3990       3.012
    3991       2.956
    3992       2.766
    3993       3.009
    3994       2.996
    3995       3.258
    3996       3.036
    3997       2.740
    3998       3.158
    3999       2.974
    4000       2.940
    4001       2.965
    4002       2.989
    4003       3.117
    4004       2.958
    4005       2.910
    4006       2.994
    4007       2.881
    4008       3.083
    4009       2.884
    4010       3.086
    4011       2.862
    4012       3.066
    4013       2.967
    4014       2.993
    4015       3.081
    4016       3.003
    4017       2.954
    4018       2.883
    4019       3.067
    4020       2.938
    4021       3.191
    4022       3.186
    4023       3.019
    4024       2.937
    4025       3.032
    4026       3.223
    4027       3.077
    4028       2.941
    4029       2.919
    4030       2.877
    4031       2.948
    4032       3.036
    4033       3.020
    4034       2.794
    4035       3.033
    4036       2.966
    4037       3.032
    4038       3.072
    4039       2.995
    4040       3.008
    4041       2.967
    4042       2.978
    4043       3.083
    4044       3.186
    4045       3.099
    4046       2.929
    4047       3.125
    4048       2.991
    4049       3.101
    4050       2.839
    4051       3.030
    4052       2.830
    4053       3.068
    4054       2.945
    4055       2.993
    4056       3.208
    4057       3.056
    4058       2.790
    4059       2.760
    4060       3.177
    4061       2.975
    4062       2.883
    4063       3.024
    4064       3.001
    4065       2.858
    4066       3.027
    4067       3.014
    4068       2.923
    4069       2.831
    4070       2.866
    4071       3.072
    4072       3.129
    4073       3.190
    4074       2.814
    4075       3.141
    4076       2.803
    4077       3.129
    4078       2.868
    4079       2.849
    4080       2.913
    4081       2.889
    4082       3.145
    4083       2.690
    4084       2.820
    4085       2.930
    4086       3.014
    4087       2.891
    4088       2.977
    4089       2.933
    4090       2.788
    4091       2.921
    4092       2.813
    4093       2.897
    4094       2.824
    4095       2.963
    4096       2.950
    4097       2.992
    4098       3.217
    4099       3.039
    4100       2.878
    4101       2.993
    4102       3.004
    4103       2.930
    4104       3.100
    4105       2.954
    4106       3.029
    4107       2.852
    4108       3.114
    4109       3.113
    4110       2.837
    4111       3.118
    4112       2.825
    4113       3.029
    4114       2.813
    4115       2.849
    4116       3.244
    4117       2.813
    4118       2.982
    4119       2.802
    4120       2.862
    4121       3.050
    4122       2.784
    4123       2.850
    4124       3.215
    4125       2.762
    4126       2.769
    4127       2.926
    4128       2.920
    4129       3.002
    4130       2.787
    4131       3.009
    4132       2.956
    4133       3.002
    4134       2.741
    4135       2.901
    4136       2.986
    4137       2.819
    4138       2.977
    4139       2.851
    4140       2.877
    4141       2.835
    4142       2.922
    4143       2.860
    4144       2.883
    4145       2.874
    4146       2.860
    4147       2.986
    4148       3.168
    4149       3.128
    4150       2.848
    4151       2.982
    4152       2.823
    4153       2.861
    4154       2.867
    4155       2.924
    4156       3.005
    4157       2.969
    4158       2.968
    4159       2.870
    4160       3.005
    4161       2.816
    4162       3.023
    4163       3.073
    4164       2.735
    4165       2.760
    4166       3.026
    4167       3.020
    4168       2.874
    4169       2.920
    4170       2.954
    4171       2.941
    4172       3.023
    4173       2.883
    4174       2.716
    4175       3.106
    4176       3.003
    4177       2.931
    4178       2.950
    4179       2.654
    4180       2.912
    4181       3.184
    4182       2.874
    4183       3.112
    4184       3.011
    4185       2.976
    4186       2.876
    4187       2.681
    4188       2.929
    4189       2.782
    4190       3.217
    4191       2.944
    4192       2.945
    4193       3.039
    4194       2.900
    4195       2.718
    4196       3.060
    4197       2.964
    4198       2.964
    4199       2.952
    4200       3.007
    4201       2.772
    4202       3.163
    4203       2.999
    4204       2.968
    4205       3.037
    4206       3.013
    4207       3.211
    4208       3.021
    4209       3.027
    4210       3.342
    4211       2.977
    4212       2.893
    4213       3.054
    4214       3.005
    4215       3.223
    4216       3.048
    4217       3.067
    4218       2.902
    4219       3.194
    4220       3.037
    4221       2.950
    4222       2.952
    4223       2.936
    4224       3.179
    4225       3.096
    4226       3.061
    4227       2.847
    4228       2.918
    4229       2.963
    4230       2.713
    4231       3.007
    4232       2.890
    4233       3.022
    4234       3.173
    4235       2.927
    4236       3.046
    4237       2.952
    4238       2.963
    4239       2.783
    4240       2.814
    4241       2.877
    4242       2.977
    4243       2.893
    4244       3.109
    4245       2.974
    4246       2.958
    4247       3.081
    4248       2.847
    4249       2.954
    4250       3.003
    4251       2.816
    4252       3.006
    4253       2.965
    4254       3.359
    4255       2.914
    4256       3.038
    4257       2.719
    4258       3.077
    4259       3.178
    4260       3.038
    4261       2.984
    4262       2.973
    4263       2.960
    4264       3.060
    4265       3.007
    4266       2.886
    4267       2.942
    4268       3.022
    4269       3.036
    4270       3.088
    4271       2.891
    4272       2.922
    4273       2.744
    4274       2.918
    4275       2.831
    4276       3.034
    4277       2.990
    4278       2.928
    4279       3.049
    4280       2.857
    4281       3.097
    4282       3.138
    4283       3.117
    4284       2.960
    4285       2.907
    4286       2.862
    4287       3.135
    4288       3.243
    4289       3.031
    4290       2.703
    4291       3.182
    4292       2.888
    4293       2.921
    4294       2.884
    4295       2.924
    4296       2.947
    4297       3.160
    4298       2.838
    4299       3.012
    4300       2.913
    4301       2.989
    4302       3.019
    4303       3.138
    4304       2.852
    4305       2.876
    4306       2.946
    4307       2.880
    4308       2.866
    4309       2.769
    4310       2.800
    4311       2.962
    4312       3.018
    4313       2.894
    4314       3.143
    4315       3.007
    4316       3.007
    4317       2.872
    4318       2.991
    4319       2.883
    4320       3.082
    4321       2.936
    4322       2.840
    4323       2.885
    4324       3.100
    4325       3.031
    4326       2.850
    4327       2.906
    4328       3.056
    4329       3.146
    4330       2.856
    4331       2.999
    4332       2.853
    4333       2.989
    4334       3.023
    4335       3.070
    4336       2.995
    4337       2.926
    4338       2.851
    4339       3.221
    4340       2.874
    4341       2.739
    4342       2.902
    4343       3.268
    4344       3.039
    4345       2.905
    4346       2.942
    4347       2.873
    4348       3.002
    4349       3.019
    4350       2.934
    4351       2.945
    4352       2.859
    4353       3.066
    4354       2.937
    4355       2.942
    4356       3.057
    4357       3.070
    4358       3.117
    4359       2.826
    4360       3.091
    4361       3.097
    4362       2.903
    4363       3.050
    4364       3.000
    4365       2.968
    4366       2.910
    4367       2.959
    4368       3.048
    4369       3.018
    4370       2.827
    4371       2.988
    4372       2.825
    4373       2.845
    4374       3.068
    4375       2.965
    4376       2.972
    4377       2.881
    4378       3.069
    4379       3.042
    4380       2.826
    4381       2.909
    4382       3.079
    4383       2.951
    4384       3.114
    4385       3.018
    4386       2.802
    4387       2.848
    4388       2.744
    4389       2.942
    4390       2.947
    4391       2.904
    4392       2.907
    4393       3.024
    4394       2.838
    4395       3.043
    4396       2.851
    4397       3.038
    4398       2.893
    4399       3.052
    4400       3.084
    4401       2.867
    4402       2.907
    4403       2.933
    4404       3.120
    4405       3.131
    4406       3.084
    4407       2.826
    4408       2.999
    4409       2.913
    4410       2.879
    4411       3.010
    4412       3.062
    4413       2.857
    4414       3.105
    4415       3.031
    4416       2.908
    4417       2.903
    4418       3.179
    4419       2.916
    4420       3.168
    4421       2.728
    4422       3.113
    4423       2.885
    4424       3.221
    4425       3.134
    4426       2.845
    4427       2.794
    4428       2.808
    4429       3.182
    4430       2.824
    4431       2.748
    4432       3.002
    4433       3.004
    4434       2.800
    4435       2.956
    4436       2.943
    4437       2.842
    4438       2.919
    4439       3.017
    4440       2.846
    4441       3.038
    4442       2.851
    4443       2.973
    4444       2.893
    4445       3.046
    4446       2.727
    4447       2.976
    4448       2.879
    4449       2.984
    4450       2.711
    4451       2.938
    4452       2.954
    4453       2.986
    4454       2.831
    4455       2.833
    4456       3.204
    4457       2.889
    4458       3.060
    4459       2.919
    4460       3.050
    4461       2.938
    4462       2.943
    4463       2.986
    4464       3.009
    4465       2.936
    4466       2.866
    4467       2.835
    4468       3.145
    4469       3.052
    4470       2.661
    4471       3.108
    4472       2.838
    4473       2.965
    4474       2.854
    4475       2.885
    4476       3.018
    4477       2.926
    4478       2.946
    4479       2.952
    4480       2.941
    4481       2.870
    4482       3.107
    4483       2.859
    4484       3.071
    4485       2.874
    4486       2.845
    4487       2.768
    4488       3.078
    4489       3.160
    4490       3.075
    4491       2.951
    4492       3.019
    4493       3.063
    4494       3.079
    4495       3.126
    4496       3.015
    4497       2.873
    4498       2.851
    4499       2.885
    4500       3.177
    4501       3.039
    4502       2.928
    4503       3.104
    4504       3.130
    4505       3.082
    4506       2.935
    4507       2.853
    4508       2.933
    4509       2.843
    4510       3.000
    4511       3.055
    4512       3.145
    4513       2.990
    4514       2.924
    4515       2.866
    4516       3.246
    4517       2.904
    4518       2.973
    4519       2.699
    4520       2.977
    4521       3.021
    4522       3.030
    4523       2.814
    4524       2.757
    4525       2.910
    4526       2.975
    4527       2.934
    4528       2.870
    4529       2.831
    4530       2.991
    4531       2.938
    4532       2.972
    4533       2.968
    4534       2.962
    4535       3.081
    4536       3.051
    4537       3.059
    4538       2.977
    4539       3.125
    4540       3.003
    4541       3.055
    4542       3.031
    4543       2.970
    4544       2.897
    4545       2.785
    4546       2.811
    4547       2.878
    4548       3.059
    4549       3.098
    4550       2.957
    4551       3.004
    4552       3.018
    4553       3.019
    4554       2.900
    4555       2.948
    4556       2.974
    4557       2.962
    4558       2.953
    4559       2.952
    4560       2.989
    4561       2.843
    4562       2.913
    4563       3.133
    4564       3.091
    4565       3.146
    4566       2.865
    4567       2.931
    4568       2.892
    4569       2.787
    4570       2.836
    4571       2.812
    4572       2.885
    4573       3.017
    4574       2.901
    4575       2.831
    4576       3.106
    4577       2.817
    4578       2.797
    4579       2.928
    4580       2.886
    4581       2.976
    4582       2.845
    4583       3.074
    4584       2.884
    4585       2.962
    4586       3.005
    4587       2.996
    4588       3.106
    4589       2.960
    4590       2.858
    4591       2.992
    4592       2.809
    4593       2.952
    4594       3.032
    4595       2.892
    4596       2.979
    4597       2.772
    4598       2.854
    4599       2.911
    4600       2.869
    4601       2.980
    4602       2.964
    4603       3.112
    4604       3.011
    4605       3.049
    4606       3.032
    4607       2.893
    4608       2.749
    4609       3.013
    4610       2.964
    4611       2.871
    4612       3.211
    4613       2.798
    4614       2.920
    4615       3.014
    4616       2.875
    4617       3.110
    4618       2.986
    4619       2.916
    4620       2.981
    4621       3.020
    4622       2.970
    4623       3.076
    4624       2.869
    4625       3.052
    4626       2.911
    4627       2.736
    4628       2.961
    4629       2.981
    4630       2.953
    4631       2.811
    4632       2.882
    4633       2.761
    4634       2.889
    4635       2.980
    4636       2.899
    4637       2.911
    4638       2.901
    4639       2.717
    4640       3.037
    4641       2.902
    4642       2.927
    4643       3.094
    4644       2.872
    4645       3.117
    4646       2.932
    4647       2.899
    4648       2.952
    4649       2.932
    4650       3.012
    4651       3.011
    4652       3.083
    4653       2.781
    4654       2.867
    4655       3.211
    4656       2.931
    4657       2.921
    4658       2.870
    4659       3.002
    4660       2.855
    4661       3.201
    4662       2.808
    4663       3.179
    4664       3.206
    4665       2.977
    4666       2.936
    4667       2.793
    4668       2.835
    4669       2.782
    4670       2.820
    4671       2.848
    4672       2.848
    4673       2.989
    4674       2.788
    4675       2.817
    4676       2.915
    4677       2.947
    4678       2.872
    4679       3.004
    4680       2.944
    4681       2.847
    4682       3.057
    4683       2.988
    4684       3.117
    4685       3.007
    4686       2.916
    4687       3.035
    4688       2.946
    4689       2.954
    4690       2.949
    4691       2.902
    4692       2.749
    4693       2.852
    4694       3.077
    4695       2.915
    4696       2.833
    4697       2.918
    4698       3.185
    4699       2.963
    4700       2.918
    4701       3.134
    4702       2.910
    4703       2.798
    4704       2.798
    4705       3.028
    4706       2.985
    4707       3.031
    4708       2.945
    4709       2.874
    4710       3.062
    4711       2.967
    4712       2.959
    4713       2.942
    4714       3.017
    4715       2.793
    4716       2.823
    4717       2.819
    4718       2.707
    4719       2.952
    4720       3.052
    4721       2.938
    4722       2.873
    4723       3.140
    4724       3.005
    4725       3.265
    4726       3.094
    4727       3.033
    4728       2.893
    4729       3.084
    4730       2.712
    4731       2.988
    4732       2.940
    4733       2.898
    4734       2.925
    4735       2.900
    4736       3.003
    4737       2.976
    4738       2.890
    4739       2.936
    4740       2.816
    4741       2.947
    4742       2.985
    4743       2.870
    4744       3.119
    4745       3.180
    4746       2.875
    4747       2.908
    4748       3.032
    4749       2.998
    4750       3.082
    4751       2.978
    4752       2.849
    4753       2.937
    4754       2.939
    4755       2.766
    4756       2.976
    4757       2.891
    4758       3.157
    4759       3.011
    4760       2.978
    4761       2.963
    4762       2.993
    4763       2.786
    4764       2.872
    4765       2.836
    4766       2.910
    4767       2.911
    4768       2.865
    4769       3.061
    4770       3.093
    4771       3.052
    4772       2.892
    4773       2.718
    4774       2.716
    4775       2.868
    4776       2.979
    4777       2.942
    4778       2.868
    4779       2.858
    4780       3.084
    4781       2.911
    4782       2.954
    4783       2.976
    4784       2.924
    4785       2.863
    4786       2.995
    4787       2.904
    4788       3.036
    4789       2.902
    4790       2.864
    4791       3.041
    4792       3.015
    4793       2.986
    4794       2.943
    4795       2.839
    4796       3.014
    4797       2.983
    4798       3.198
    4799       2.973
    4800       2.984
    4801       2.817
    4802       3.057
    4803       2.724
    4804       3.045
    4805       2.923
    4806       3.022
    4807       2.887
    4808       2.945
    4809       2.989
    4810       2.951
    4811       2.926
    4812       2.910
    4813       2.752
    4814       3.051
    4815       2.927
    4816       2.870
    4817       2.821
    4818       3.009
    4819       2.868
    4820       2.793
    4821       2.899
    4822       2.884
    4823       3.189
    4824       2.935
    4825       2.877
    4826       2.882
    4827       2.805
    4828       2.814
    4829       2.935
    4830       3.012
    4831       2.905
    4832       2.920
    4833       2.993
    4834       2.915
    4835       2.907
    4836       2.967
    4837       2.842
    4838       2.960
    4839       2.806
    4840       2.932
    4841       2.806
    4842       2.879
    4843       2.785
    4844       2.971
    4845       2.879
    4846       2.801
    4847       2.940
    4848       2.990
    4849       2.906
    4850       3.034
    4851       2.923
    4852       2.790
    4853       3.103
    4854       2.983
    4855       3.021
    4856       3.022
    4857       2.805
    4858       3.120
    4859       2.836
    4860       3.095
    4861       3.006
    4862       2.923
    4863       2.941
    4864       2.858
    4865       2.982
    4866       2.878
    4867       2.945
    4868       3.037
    4869       3.041
    4870       3.007
    4871       3.010
    4872       3.011
    4873       3.159
    4874       2.884
    4875       2.748
    4876       3.054
    4877       3.008
    4878       2.943
    4879       2.851
    4880       3.093
    4881       2.883
    4882       2.737
    4883       2.852
    4884       3.110
    4885       2.804
    4886       3.066
    4887       3.010
    4888       3.073
    4889       2.870
    4890       2.873
    4891       2.787
    4892       2.971
    4893       3.131
    4894       2.878
    4895       2.903
    4896       2.960
    4897       2.941
    4898       3.001
    4899       2.910
    4900       2.959
    4901       2.892
    4902       2.849
    4903       2.874
    4904       3.012
    4905       2.978
    4906       2.985
    4907       2.829
    4908       2.938
    4909       2.785
    4910       3.154
    4911       3.009
    4912       2.918
    4913       3.035
    4914       3.143
    4915       2.978
    4916       2.947
    4917       3.004
    4918       2.752
    4919       2.863
    4920       3.016
    4921       2.871
    4922       2.827
    4923       2.783
    4924       2.934
    4925       2.982
    4926       2.917
    4927       2.871
    4928       2.813
    4929       2.993
    4930       2.582
    4931       2.866
    4932       2.914
    4933       3.091
    4934       2.822
    4935       2.968
    4936       3.051
    4937       2.856
    4938       2.942
    4939       3.009
    4940       2.976
    4941       2.901
    4942       3.106
    4943       2.951
    4944       2.873
    4945       3.066
    4946       2.812
    4947       2.904
    4948       2.895
    4949       2.877
    4950       3.003
    4951       2.922
    4952       2.948
    4953       2.853
    4954       2.826
    4955       3.069
    4956       2.990
    4957       3.032
    4958       3.093
    4959       2.847
    4960       2.985
    4961       3.171
    4962       3.241
    4963       3.012
    4964       2.845
    4965       3.127
    4966       2.841
    4967       2.926
    4968       2.922
    4969       3.075
    4970       3.036
    4971       2.609
    4972       3.053
    4973       2.879
    4974       2.930
    4975       2.726
    4976       3.140
    4977       3.099
    4978       3.221
    4979       3.086
    4980       3.025
    4981       3.217
    4982       2.923
    4983       3.153
    4984       3.220
    4985       2.972
    4986       2.895
    4987       2.963
    4988       3.059
    4989       2.978
    4990       2.967
    4991       3.153
    4992       2.968
    4993       2.965
    4994       3.067
    4995       2.917
    4996       2.893
    4997       2.883
    4998       2.920
    4999       3.049
    5000       3.028
