#Frame   PolymerSelfImage PolymerSelfImage[A1] PolymerSelfImage[A2]
       1          29.8933                   61                  152
       2          31.0198                   61                  152
       3          30.8022                   61                  126
       4          31.4363                   61                  126
       5          31.4301                   61                  152
       6          31.9754                   61                  126
       7          31.7129                   10                  141
       8          30.7370                   10                  141
       9          31.3821                   10                  141
      10          31.0468                   61                  126
      11          30.4522                   61                  152
      12          29.7719                   61                  152
      13          31.2756                   74                  152
      14          30.1914                   61                  152
      15          30.3180                   61                  152
      16          29.8631                   61                  152
      17          29.3195                   61                  152
      18          29.4422                   61                  152
      19          29.4672                   61                  152
      20          30.1702                   61                  126
      21          29.9011                   61                  152
      22          29.6697                   61                  152
      23          29.4275                   61                  126
      24          29.5766                   61                  152
      25          31.4630                   61                  152
      26          30.8312                   61                  126
      27          30.0744                   61                  152
      28          30.3351                   61                  126
      29          30.9208                    9                  113
      30          29.5323                   61                  126
      31          30.4024                   61                  126
      32          30.5613                    9                  113
      33          30.1498                    9                  113
      34          30.7361                    9                  113
      35          30.8632                    9                  113
      36          29.7322                    9                  113
      37          30.7488                   61                  152
      38          30.1565                   61                  152
      39          31.4765                   61                  126
      40          31.8738                   61                  126
      41          32.0243                   61                  126
      42          31.8674                   61                  113
      43          32.9625                   61                  126
      44          33.3240                   61                  126
      45          33.2685                   61                  113
      46          33.8787                   61                  113
      47          32.4276                   61                  113
      48          33.0997                   61                  113
      49          33.5809                   61                  113
      50          33.4427                   61                  113
      51          34.3782                   61                   87
      52          34.4859                   61                   87
      53          35.0364                   61                   87
      54          34.2574                   61                   87
      55          35.0660                   61                   87
      56          35.0679                   74                  113
      57          34.9783                   61                   87
      58          34.9253                   22                  114
      59          34.6869                   10                   37
      60          34.9877                    9                   37
      61          34.2144                   10                   37
      62          35.0502                   10                   37
      63          35.0183                   10                   37
      64          34.5861                   74                  126
      65          34.8123                   74                  126
      66          35.0376                   74                  126
      67          34.3286                   75                  126
      68          33.2240                   75                  153
      69          33.4258                   10                  126
      70          32.3857                   62                  126
      71          32.2798                   75                  153
      72          32.2870                   62                  126
      73          31.6755                   75                  153
      74          33.2584                   62                  126
      75          32.5419                   75                  153
      76          33.1325                   24                  140
      77          32.3452                   75                  154
      78          31.6014                   24                  141
      79          33.0237                  100                  154
      80          33.3177                   24                  140
      81          32.9457                  101                  154
      82          31.8275                   24                  141
      83          31.6226                   24                  141
      84          31.7922                   24                  141
      85          31.2258                   24                  141
      86          30.7648                   24                  140
      87          31.3191                   24                  140
      88          31.9764                   24                  141
      89          31.3547                   24                  140
      90          32.0736                   24                  141
      91          31.9363                   22                  141
      92          31.7426                   22                  140
      93          31.8999                   22                  141
      94          32.7229                   22                  141
      95          32.3284                   22                  141
      96          33.4739                   22                  141
      97          31.9197                   22                  141
      98          32.9871                   22                  141
      99          31.6934                   37                  141
     100          31.8853                   36                  141
     101          33.6974                   75                  154
     102          33.1059                   37                  152
     103          33.2135                   37                  153
     104          31.8503                   37                  153
     105          31.5449                   37                  153
     106          33.4674                   22                  141
     107          33.7955                   24                  141
     108          33.6945                   24                  141
     109          31.3284                   24                  141
     110          32.1304                   24                  141
     111          31.3936                   22                  141
     112          31.4778                   22                  141
     113          29.9016                   22                  141
     114          29.2782                   22                  141
     115          30.3168                   22                  141
     116          30.9137                   22                  141
     117          32.7710                   22                  140
     118          31.8158                   22                  141
     119          32.8191                   22                  141
     120          32.7806                   24                  141
     121          32.5184                   63                  126
     122          32.7698                   63                  126
     123          32.4237                   10                  126
     124          32.5546                   63                  126
     125          31.7356                   63                  126
     126          31.3342                   63                  126
     127          31.4895                   63                  126
     128          30.8921                   63                  126
     129          30.7747                   63                  126
     130          30.4563                   63                  126
     131          31.9262                   10                  114
     132          32.8191                   75                  126
     133          32.1647                   10                  114
     134          31.4602                   10                  114
     135          30.6196                   10                  114
     136          30.4334                   10                  114
     137          31.1198                   10                  114
     138          30.4617                   10                  114
     139          30.6950                   63                  114
     140          30.3395                   10                  114
     141          29.6943                   10                  114
     142          30.2967                   63                  114
     143          30.5716                   63                  114
     144          30.4073                   63                  114
     145          30.3861                   37                  154
     146          30.2986                   37                  154
     147          31.3750                   22                  154
     148          30.1422                   23                  154
     149          29.6814                   23                  154
     150          29.7267                   23                  154
     151          28.6718                   23                  154
     152          29.6464                   23                  154
     153          29.0988                   23                  154
     154          30.2072                   23                  153
     155          31.0372                   63                  126
     156          30.1791                   23                  153
     157          31.7513                   63                  114
     158          29.0097                   23                  153
     159          29.7994                   23                  153
     160          28.2614                   23                  153
     161          28.9440                   23                  153
     162          29.8144                   23                  153
     163          29.7111                   23                  141
     164          29.7434                   23                  141
     165          30.9029                   23                  153
     166          29.3114                   23                  141
     167          29.8609                   23                  141
     168          29.3745                   22                  141
     169          29.3800                   22                  141
     170          29.8032                   22                  141
     171          30.9280                   23                  141
     172          31.4998                   22                  141
     173          32.7802                   75                  154
     174          33.1298                   62                  154
     175          32.0569                   74                  154
     176          32.2207                   63                  126
     177          31.0636                   62                  154
     178          31.2059                   63                  126
     179          30.5047                   62                  126
     180          30.9708                   63                  126
     181          30.0262                   63                  153
     182          29.7633                   63                  154
     183          30.7475                   63                  154
     184          31.1654                   22                  141
     185          30.3863                   63                  154
     186          30.3498                   63                  154
     187          30.2236                   63                  154
     188          29.1539                   63                  154
     189          30.0849                   63                  154
     190          29.8919                   63                  154
     191          30.5530                   63                  126
     192          29.3730                   10                  139
     193          29.4364                   11                  139
     194          29.2384                   11                  139
     195          30.3758                   63                  126
     196          30.1308                   63                  126
     197          29.9072                   11                  139
     198          30.4906                   63                  126
     199          31.5448                   63                  126
     200          32.5203                   63                  126
     201          33.0133                   10                  152
     202          33.3147                   74                  154
     203          33.2834                  101                  154
     204          32.6560                   22                  153
     205          32.0576                   63                  126
     206          31.7829                   63                  126
     207          32.1375                   63                  126
     208          31.8452                   63                  126
     209          32.9804                   63                  126
     210          32.4643                   24                  152
     211          32.8381                   22                  153
     212          30.3088                   22                  154
     213          29.2533                   22                  154
     214          27.9971                   22                  154
     215          27.6726                   23                  154
     216          28.2415                   23                  154
     217          29.7080                   10                  154
     218          30.7250                   10                  154
     219          30.5401                   24                  154
     220          31.3421                   63                  126
     221          31.9406                   63                  126
     222          30.8439                   63                  126
     223          31.7794                   63                  126
     224          30.9334                   63                  126
     225          31.1815                   63                  126
     226          29.8606                   24                  152
     227          30.6307                   23                  152
     228          30.0640                   10                  153
     229          28.8200                   11                  152
     230          29.6871                   10                  152
     231          28.9282                   10                  152
     232          29.0406                   11                  153
     233          30.2725                   11                  153
     234          26.5372                   11                  154
     235          27.9908                   11                  154
     236          29.1042                   11                  153
     237          27.3732                   10                  152
     238          28.7798                   10                  153
     239          28.7257                   11                  152
     240          29.1049                   11                  153
     241          28.4049                   11                  153
     242          28.8410                   11                  153
     243          30.1752                   10                  153
     244          29.4671                   10                  153
     245          29.2040                   11                  153
     246          29.8379                   11                  153
     247          30.8156                   11                  153
     248          32.0794                   11                  154
     249          31.2719                   10                  154
     250          31.9746                   11                  154
     251          30.7872                   11                  153
     252          29.3930                   11                  153
     253          29.8784                   11                  153
     254          28.9665                   11                  152
     255          28.1205                   11                  152
     256          27.8166                   11                  152
     257          27.7387                   11                  152
     258          27.9334                    9                  152
     259          27.2614                    9                  152
     260          27.3989                    9                  152
     261          28.2876                    9                  152
     262          26.6965                    9                  153
     263          26.7039                    9                  152
     264          28.0545                    9                  153
     265          27.6308                    9                  153
     266          27.8574                    9                  152
     267          28.8234                    9                  153
     268          27.8463                    9                  153
     269          28.3889                    9                  152
     270          29.0061                    9                  152
     271          30.4568                    9                  153
     272          30.7666                    9                  152
     273          29.5549                    9                  152
     274          28.5837                    9                  152
     275          27.3227                    9                  152
     276          28.3514                    9                  152
     277          28.7868                    9                  152
     278          29.1595                   11                  153
     279          28.8709                   11                  152
     280          27.9651                    9                  152
     281          27.8057                    9                  152
     282          29.7038                   11                  153
     283          30.4844                   22                  152
     284          31.9696                   63                  126
     285          29.9654                   22                  152
     286          30.0276                   22                  152
     287          30.3627                   22                  153
     288          28.6843                    9                  153
     289          29.3884                    9                  154
     290          29.8514                    9                  154
     291          28.3816                    9                  153
     292          29.6661                    9                  154
     293          30.3016                    9                  154
     294          29.7891                    9                  154
     295          29.1222                    9                  154
     296          28.0030                    9                  153
     297          28.4322                    9                  153
     298          27.0699                    9                  153
     299          28.4374                    9                  153
     300          29.2453                    9                  153
     301          27.6040                   10                  153
     302          28.6161                   10                  154
     303          27.7540                    9                  153
     304          27.7307                    9                  153
     305          27.3054                    9                  153
     306          27.8379                    9                  154
     307          28.8823                    9                  153
     308          30.1190                    9                  154
     309          29.7749                    9                  153
     310          30.6440                    9                  153
     311          32.3551                   63                  126
     312          31.2588                   63                  126
     313          31.4954                   63                  126
     314          31.4576                   63                  126
     315          33.1631                   63                  126
     316          33.3120                   63                  126
     317          33.1356                   74                  126
     318          34.1296                  101                  126
     319          33.4031                   23                  115
     320          34.8108                   24                  115
     321          34.9230                   23                  115
     322          32.7346                   23                  127
     323          32.5924                   23                  126
     324          32.6778                   23                  126
     325          33.7410                   23                  126
     326          33.4776                   24                  126
     327          34.1974                   24                  127
     328          34.2359                  101                  126
     329          32.5817                   74                  126
     330          32.6926                   74                  126
     331          33.9184                   74                  126
     332          33.4504                   62                  126
     333          32.8709                   23                  114
     334          33.4025                   24                  115
     335          32.4203                   24                  115
     336          32.6175                   24                  115
     337          32.2637                    9                  126
     338          33.0277                    9                  126
     339          31.7164                    9                  126
     340          31.8662                    9                  126
     341          32.6076                    9                  126
     342          31.9379                    9                  126
     343          32.1843                    9                  126
     344          32.4150                    9                  126
     345          32.5974                    9                  126
     346          33.5556                    9                  126
     347          32.1646                    9                  126
     348          33.8222                   74                  126
     349          33.3785                   74                  126
     350          33.8965                   74                  126
     351          35.0555                  101                  126
     352          35.2067                    9                  141
     353          34.2360                    9                  141
     354          34.5331                    9                  140
     355          33.3079                    9                  140
     356          34.3121                   37                  153
     357          34.4484                  101                  126
     358          33.6707                   24                  114
     359          34.0124                   24                  115
     360          33.0386                   24                  115
     361          33.9832                  101                  126
     362          34.9521                  101                  126
     363          32.6748                    9                  126
     364          32.1427                    9                  126
     365          31.5945                    9                  126
     366          31.9121                    9                  126
     367          30.4978                    9                  126
     368          31.1608                    9                  126
     369          33.2947                    9                  126
     370          33.2204                  101                  126
     371          32.5746                    9                  128
     372          32.6050                    9                  126
     373          33.4260                    9                  126
     374          32.7342                    9                  126
     375          33.4472                    9                  126
     376          33.6591                  101                  126
     377          34.2273                  101                  126
     378          33.9273                  101                  126
     379          33.5556                  101                  126
     380          32.9206                   50                  153
     381          32.7392                   50                  153
     382          33.5519                   10                  126
     383          34.1350                   10                  126
     384          32.7951                   10                  126
     385          34.0794                   10                  126
     386          32.7860                   10                  126
     387          32.6690                   10                  126
     388          31.5215                   10                  126
     389          30.8085                   10                  126
     390          31.0248                   10                  126
     391          30.6151                   10                  126
     392          31.3137                   10                  128
     393          31.0000                   10                  126
     394          31.7997                   10                  126
     395          31.7163                   10                  126
     396          31.4523                   10                  126
     397          31.8961                   10                  126
     398          34.0584                   10                  128
     399          34.2206                   74                  126
     400          33.9241                   10                  128
     401          32.4467                   10                  126
     402          32.8085                   62                  126
     403          34.1528                  101                  126
     404          32.6814                   36                  152
     405          33.5999                   10                  126
     406          32.5659                   10                  126
     407          32.0324                   36                  152
     408          31.3309                   10                  126
     409          31.3338                   10                  126
     410          30.9150                   10                  126
     411          30.1164                   36                  152
     412          31.0715                   36                  152
     413          31.3683                   36                  152
     414          30.4029                   36                  152
     415          31.2188                   36                  152
     416          31.2961                   36                  152
     417          30.9907                   36                  152
     418          31.9284                   35                  152
     419          30.9853                   36                  152
     420          30.8812                   36                  152
     421          29.6886                   36                  152
     422          31.9743                   36                  152
     423          32.9525                   36                  152
     424          32.7733                   36                  152
     425          33.4817                   35                  152
     426          32.5690                   24                  114
     427          32.0631                   24                  114
     428          32.3839                   22                  114
     429          33.9588                   22                  115
     430          34.5882                   22                  115
     431          33.4981                   36                  152
     432          34.1867                   35                  152
     433          32.2406                   35                  152
     434          32.0753                   36                  152
     435          31.9236                   35                  152
     436          32.9086                   36                  152
     437          33.6716                   36                  153
     438          34.5657                   36                  153
     439          34.1174                   36                  153
     440          34.2426                   36                  152
     441          34.5024                   10                  126
     442          33.4315                   10                  126
     443          32.4603                   36                  152
     444          33.5516                   36                  152
     445          32.5324                   10                  126
     446          32.3761                   10                  126
     447          32.9629                   10                  126
     448          33.6274                   10                  126
     449          33.5978                   10                  126
     450          34.0172                   10                  126
     451          33.3942                   10                  128
     452          33.5188                   10                  128
     453          33.4842                   22                  115
     454          34.3709                   10                   88
     455          32.8769                   10                  128
     456          33.0731                   10                  128
     457          31.6839                   10                  126
     458          32.2276                   10                  126
     459          31.1491                   10                  126
     460          32.1005                   10                  126
     461          31.7406                   10                  126
     462          33.2884                   10                  126
     463          32.1094                   10                  126
     464          33.6922                  100                  126
     465          33.5427                  100                  126
     466          33.5771                   24                  114
     467          34.0803                  100                  126
     468          33.1363                   10                  126
     469          34.3210                  100                  152
     470          33.8130                   10                  126
     471          34.7111                   24                  153
     472          34.2732                  100                  126
     473          34.8879                   24                  152
     474          34.5399                   63                  126
     475          33.9934                   75                  126
     476          33.6800                   75                  126
     477          33.3823                   75                  126
     478          33.8500                   75                  126
     479          34.9267                   75                  128
     480          33.5928                   75                  126
     481          33.7719                   22                  115
     482          33.5805                   24                  127
     483          33.5229                   24                  127
     484          32.5100                   24                  127
     485          33.1255                   24                  127
     486          33.8238                   24                  115
     487          34.0617                   24                  126
     488          32.4460                   24                  127
     489          32.7873                   22                  127
     490          32.6847                   24                  115
     491          32.5127                   24                  127
     492          33.3930                   24                  115
     493          32.1544                   22                  126
     494          33.3990                   24                  115
     495          32.3229                   22                  115
     496          32.6595                   24                  114
     497          32.3403                   24                  114
     498          31.0423                   24                  114
     499          29.0989                   24                  115
     500          29.5343                   24                  114
     501          30.5157                   24                  114
     502          31.8887                   24                  115
     503          31.7183                   22                  114
     504          31.6594                   22                  115
     505          31.0401                   22                  115
     506          31.3295                   24                  115
     507          31.9655                   24                  126
     508          31.8361                   24                  115
     509          32.2000                   22                  115
     510          32.4619                   22                  115
     511          30.7000                   22                  114
     512          30.8456                   24                  114
     513          31.1844                   22                  114
     514          30.7579                   22                  115
     515          32.4648                   22                  115
     516          33.1549                   22                  115
     517          32.5860                   22                  115
     518          32.1317                   22                  127
     519          31.9343                   22                  126
     520          32.8288                   22                  127
     521          32.7831                   22                  126
     522          32.5874                   24                  113
     523          31.8711                   24                  113
     524          31.0010                   24                  113
     525          31.0832                   24                  113
     526          31.1288                   24                  113
     527          31.4816                   24                  126
     528          32.5211                   24                  114
     529          31.6633                   24                  113
     530          30.7094                   24                  114
     531          32.6933                   24                  127
     532          33.6736                   24                  114
     533          33.9344                   22                  127
     534          31.6522                   22                  127
     535          31.7062                   24                  126
     536          32.2811                   22                  127
     537          32.1534                   22                  127
     538          30.8000                   22                  127
     539          31.6894                   22                  127
     540          31.3920                   24                  127
     541          31.1908                   24                  127
     542          31.7688                   24                  127
     543          31.4743                   24                  127
     544          32.5495                   22                  127
     545          32.3008                   22                  127
     546          32.0678                   22                  127
     547          32.5731                   22                  127
     548          32.0806                   22                  127
     549          32.3017                   22                  127
     550          31.1187                   22                  126
     551          31.6355                   49                  101
     552          31.3699                   22                  127
     553          31.8348                   49                  101
     554          31.6597                   22                  153
     555          31.3205                   24                  127
     556          30.9511                   24                  126
     557          31.0848                   24                  127
     558          30.2819                   24                  127
     559          30.4917                   24                  127
     560          30.9487                   24                  127
     561          28.7329                   24                  126
     562          29.4690                   24                  126
     563          28.5254                   24                  126
     564          29.8883                   24                  126
     565          29.0406                   24                  126
     566          30.7524                   24                  126
     567          31.1243                   24                  127
     568          31.4500                   49                  102
     569          31.1421                   37                  102
     570          30.2856                   37                  102
     571          29.9604                   37                  102
     572          29.3019                   37                  102
     573          30.1365                   35                  102
     574          31.7440                   36                  102
     575          30.6670                   36                  102
     576          31.2676                   36                  102
     577          30.3691                   36                  102
     578          30.9876                   36                  102
     579          29.8927                    9                  153
     580          29.2544                    9                  153
     581          29.5029                    9                  153
     582          29.5605                   23                  154
     583          28.3295                   10                  154
     584          28.3973                    9                  152
     585          29.0669                   10                  152
     586          28.8220                    9                  152
     587          29.3419                    9                  152
     588          28.9080                   10                  152
     589          28.3134                   10                  152
     590          30.4478                    9                  152
     591          30.1302                   10                  152
     592          29.6888                   36                  102
     593          29.8585                   36                  102
     594          30.0831                   36                  102
     595          30.4161                   36                  102
     596          29.2947                   36                  102
     597          30.4427                   37                  102
     598          29.6301                   37                  102
     599          29.3218                    9                  152
     600          28.1140                   10                  152
     601          29.2446                    9                  152
     602          29.5253                    9                  153
     603          29.0281                    9                  153
     604          28.2516                   10                  153
     605          27.5472                   10                  153
     606          28.1117                   10                  153
     607          27.9577                   11                  153
     608          28.1263                   11                  153
     609          28.6829                   11                  153
     610          29.0113                   11                  152
     611          28.0752                   10                  152
     612          29.4432                   37                  102
     613          28.9802                   10                  152
     614          29.3249                   37                  102
     615          29.5349                   11                  152
     616          27.5725                   11                  153
     617          27.5509                   11                  153
     618          28.0828                   11                  152
     619          28.2123                   10                  153
     620          29.1947                   11                  153
     621          29.2922                   11                  153
     622          29.5323                   37                  102
     623          28.9607                   37                  102
     624          29.3743                   37                  102
     625          29.9439                    9                  153
     626          28.3499                    9                  152
     627          28.3510                    9                  152
     628          28.6402                   11                  153
     629          27.0258                    9                  153
     630          28.3696                    9                  153
     631          27.4047                    9                  153
     632          28.1469                    9                  153
     633          27.9120                   11                  152
     634          28.7243                    9                  153
     635          28.8843                   11                  153
     636          28.1393                    9                  153
     637          27.9240                    9                  153
     638          28.3333                   11                  153
     639          27.2229                    9                  153
     640          26.1167                    9                  153
     641          28.0893                    9                  153
     642          27.5427                    9                  153
     643          28.9502                   48                  100
     644          27.8755                    9                  153
     645          26.7811                    9                  153
     646          26.9148                    9                  153
     647          27.6696                    9                  153
     648          26.5443                    9                  153
     649          28.0942                    9                  152
     650          27.7321                   48                  100
     651          28.6772                   48                  100
     652          29.0889                   48                  100
     653          28.7204                   48                  100
     654          28.8608                   48                  100
     655          28.6567                   48                  100
     656          28.9903                   48                  100
     657          29.1642                   48                  100
     658          28.5868                   22                  100
     659          27.3438                   22                  100
     660          26.4822                   24                  100
     661          26.9989                   22                  100
     662          27.5664                   22                  100
     663          27.0280                   24                  100
     664          28.0225                   24                  100
     665          27.4547                   24                  100
     666          27.9887                   24                  100
     667          27.6661                   24                  100
     668          26.8451                   23                  100
     669          26.8984                   24                  102
     670          27.2890                   24                  102
     671          26.9235                   24                  102
     672          25.8815                   24                  102
     673          25.9900                   23                  102
     674          25.4421                   23                  102
     675          25.5803                   24                  102
     676          26.3137                   24                  102
     677          26.1527                   24                  102
     678          25.8578                   23                  102
     679          26.3895                   24                  102
     680          27.5440                   23                  102
     681          25.3181                   24                  102
     682          26.2237                   23                  102
     683          24.6657                   23                  102
     684          25.2742                   23                  102
     685          25.3876                   23                  102
     686          24.4802                   23                  102
     687          25.2110                   23                  102
     688          23.7849                   23                  102
     689          24.5659                   23                  102
     690          24.7641                   23                  102
     691          24.5869                   23                  102
     692          23.3833                   23                  102
     693          24.5852                   23                  102
     694          24.5988                   23                  102
     695          25.1908                   23                  102
     696          25.1232                   23                  102
     697          26.3302                   24                  102
     698          25.6755                   23                  102
     699          25.1148                   23                  102
     700          26.1627                   23                  102
     701          25.7651                   23                  102
     702          26.4113                   23                  102
     703          26.3470                   24                  102
     704          26.2305                   24                  102
     705          26.7077                   23                  100
     706          25.9495                   23                  102
     707          26.7769                   23                  100
     708          27.9261                   24                  102
     709          27.4757                   24                  102
     710          26.5212                   23                  102
     711          26.4702                   23                  102
     712          27.5984                   23                  102
     713          27.4028                   23                  102
     714          26.5188                   23                  100
     715          26.2821                   23                  102
     716          25.4661                   23                  100
     717          25.6629                   23                  100
     718          26.1930                   23                  100
     719          27.1701                   24                  102
     720          27.4565                   23                  102
     721          26.9567                   23                  100
     722          27.8507                   24                  100
     723          27.2251                   24                  102
     724          27.3630                   24                  100
     725          24.8382                   24                  102
     726          25.1282                   24                  102
     727          24.7488                   24                  102
     728          25.8573                   23                  100
     729          25.5993                   24                  100
     730          24.8167                   23                  100
     731          25.3434                   24                  101
     732          24.6335                   23                  100
     733          25.4537                   23                  100
     734          25.0287                   23                  102
     735          24.3056                   23                  100
     736          25.4873                   24                  100
     737          25.2013                   23                  100
     738          25.3803                   23                  100
     739          25.4402                   23                  102
     740          26.0859                   23                  100
     741          25.1250                   23                  102
     742          25.7959                   23                  102
     743          25.3765                   22                  102
     744          26.5011                   22                  102
     745          26.5589                   22                  102
     746          26.2060                   22                  102
     747          25.8829                   22                  102
     748          24.9554                   22                  102
     749          24.8474                   22                  102
     750          25.0920                   22                  102
     751          25.7056                   22                  102
     752          25.0351                   22                  102
     753          24.2021                   22                  102
     754          24.4693                   22                  102
     755          24.9772                   22                  100
     756          24.8459                   22                  100
     757          26.0683                   22                  102
     758          24.7284                   22                  102
     759          24.8078                   22                  102
     760          24.5319                   22                  102
     761          25.7979                   22                  102
     762          24.5888                   22                  102
     763          24.4449                   22                  102
     764          24.9166                   22                  100
     765          24.3165                   22                  100
     766          24.1830                   22                  100
     767          24.2621                   22                  101
     768          24.5187                   22                  100
     769          24.1722                   22                  100
     770          25.1214                   22                  100
     771          24.2412                   22                  100
     772          24.6969                   22                  100
     773          24.6144                   22                  100
     774          24.1008                   22                  100
     775          23.8306                   22                  100
     776          23.5603                   22                  100
     777          23.3942                   22                  101
     778          24.0684                   22                  100
     779          25.3762                   22                  100
     780          24.6844                   22                  101
     781          24.7188                   22                  101
     782          25.3436                   22                  101
     783          25.7232                   23                  100
     784          25.1813                   22                  102
     785          25.5387                   22                  100
     786          26.5019                   22                  102
     787          24.9261                   22                  100
     788          25.2920                   22                  101
     789          25.2309                   22                  101
     790          25.3739                   22                  101
     791          26.5744                   22                  102
     792          26.5790                   22                  101
     793          26.5970                   22                  101
     794          24.4445                   22                  101
     795          24.5654                   22                  101
     796          24.4853                   22                  101
     797          24.2069                   22                  101
     798          23.7593                   22                  100
     799          24.8956                   22                  101
     800          24.4720                   22                  100
     801          24.7690                   22                  100
     802          24.5088                   22                  101
     803          24.1836                   22                  100
     804          24.8900                   22                  100
     805          25.5622                   23                  100
     806          25.3952                   22                  100
     807          25.2828                   22                  100
     808          26.2844                   23                  100
     809          27.6683                   22                  101
     810          27.6207                   23                  101
     811          27.5789                   23                  101
     812          29.6002                   23                  101
     813          28.3703                   23                  101
     814          28.3953                   23                  101
     815          27.8363                   23                  101
     816          27.3782                   23                  101
     817          28.9843                   23                  101
     818          30.0443                   36                  150
     819          29.6030                   36                  126
     820          29.5818                   23                  101
     821          26.1508                   22                  113
     822          27.1493                   23                  100
     823          27.0521                   23                  100
     824          27.4288                   22                  113
     825          27.5160                   22                  152
     826          25.4582                   23                  152
     827          25.7906                   23                  152
     828          26.1844                   23                  101
     829          26.4759                   23                  152
     830          23.5313                   35                  153
     831          25.3585                   23                  152
     832          24.8077                   23                  152
     833          26.5970                   35                  152
     834          24.6150                   22                  152
     835          24.4866                   22                  152
     836          24.4134                   23                  152
     837          22.8897                   23                  152
     838          22.8400                   23                  152
     839          23.2662                   23                  152
     840          23.6410                   23                  152
     841          23.7065                   23                  152
     842          22.3650                   23                  152
     843          23.0988                   23                  152
     844          24.2362                   23                  152
     845          24.9361                   48                  152
     846          23.6640                   49                  152
     847          23.3458                   23                  154
     848          22.5270                   23                  152
     849          24.5177                   23                  152
     850          24.0449                   23                  154
     851          23.2401                   23                  152
     852          23.1952                   23                  152
     853          22.6874                   23                  153
     854          22.6968                   22                  153
     855          21.9521                   22                  153
     856          21.8028                   23                  153
     857          21.7566                   23                  153
     858          22.2419                   23                  152
     859          21.2031                   22                  154
     860          22.5137                   22                  154
     861          22.6328                   23                  154
     862          23.2008                   23                  152
     863          22.8313                   23                  152
     864          23.8214                   22                  154
     865          23.8047                   22                  152
     866          23.5530                   23                  152
     867          23.4286                   49                  153
     868          23.8416                   49                  153
     869          22.6373                   49                  153
     870          23.4317                   50                  153
     871          24.3179                   23                  152
     872          23.8429                   50                  153
     873          23.9523                   50                  153
     874          23.4749                   50                  153
     875          25.8527                   50                  152
     876          24.9197                   49                  152
     877          26.0365                   50                  152
     878          25.6784                   50                  152
     879          25.3407                   50                  152
     880          23.7858                   50                  152
     881          24.5461                   49                  153
     882          23.1162                    1                  152
     883          21.9807                   12                  152
     884          24.8473                   12                  152
     885          23.9152                   12                  152
     886          25.5202                   13                  154
     887          23.9684                   12                  154
     888          24.3800                   12                  154
     889          24.2313                   23                  154
     890          24.3834                   23                  152
     891          22.5523                   23                  154
     892          23.1323                   23                  152
     893          23.0247                   23                  154
     894          23.0197                   23                  152
     895          22.9337                   23                  154
     896          22.9488                   23                  154
     897          23.0788                   11                  152
     898          23.1046                   11                  152
     899          23.5720                   23                  152
     900          23.5125                   23                  152
     901          22.5423                   23                  152
     902          21.3481                   24                  152
     903          22.5402                   23                  152
     904          22.7954                   23                  153
     905          21.9146                   24                  153
     906          22.6724                   23                  153
     907          22.5513                   23                  153
     908          22.9934                   23                  152
     909          24.1995                   23                  152
     910          23.3202                   23                  152
     911          23.1552                   23                  153
     912          21.8098                   23                  153
     913          22.5847                   22                  153
     914          22.7977                   23                  154
     915          23.5745                   23                  153
     916          24.4189                   23                  153
     917          24.1976                   23                  153
     918          23.1075                   23                  153
     919          24.6696                   23                  153
     920          25.4328                   37                  153
     921          25.8767                   35                  152
     922          25.8027                   23                  153
     923          26.7464                   48                  153
     924          25.4114                   37                  153
     925          25.9833                   48                  154
     926          25.5742                   23                  154
     927          26.2673                   49                  154
     928          27.0479                    1                  154
     929          26.2040                   50                  154
     930          25.4403                   23                  154
     931          26.0015                   23                  154
     932          27.6385                   48                  152
     933          27.1411                   48                  152
     934          26.3287                   49                  152
     935          26.1710                   48                  154
     936          26.4262                   49                  154
     937          26.3326                   48                  154
     938          25.7526                   48                  153
     939          26.1318                   48                  154
     940          25.4670                   48                  154
     941          25.5345                   48                  154
     942          25.9272                   48                  154
     943          25.1910                   48                  154
     944          25.2731                   48                  154
     945          26.2413                   48                  154
     946          26.4013                   48                  154
     947          26.2365                   48                  154
     948          29.2650                   48                  154
     949          29.4630                   48                  102
     950          29.0531                   48                  102
     951          29.2310                   48                  154
     952          29.2226                   48                  154
     953          28.3489                   48                  154
     954          28.1188                   48                  154
     955          29.0845                   49                  154
     956          28.6235                   49                  154
     957          27.5305                   49                  154
     958          28.0909                   49                  154
     959          28.4958                   49                  102
     960          28.7431                   49                  154
     961          27.4001                   49                  154
     962          27.6551                   49                  154
     963          27.9752                   49                  154
     964          28.0415                   49                  154
     965          28.3614                   49                  154
     966          27.8131                   49                  102
     967          28.0382                   48                  154
     968          27.8981                   49                  154
     969          27.4940                   49                  154
     970          28.0666                   49                  102
     971          28.9465                   49                  154
     972          28.8337                   49                  102
     973          28.3319                   49                  102
     974          28.3338                   49                  102
     975          29.4958                   49                  102
     976          28.9016                   49                  102
     977          29.3647                   49                  102
     978          30.3290                   49                  102
     979          28.5551                   49                  102
     980          28.0297                   49                  154
     981          29.1160                   49                  100
     982          28.7024                   49                  102
     983          28.5708                   49                  102
     984          28.8616                   49                  102
     985          29.8183                   49                  101
     986          29.3179                   49                  153
     987          29.2426                   49                  113
     988          29.6373                   49                  101
     989          30.1906                   49                  102
     990          29.8701                   49                  102
     991          29.4215                   49                  102
     992          29.1202                   49                  102
     993          29.0837                   49                  102
     994          28.5768                   49                  102
     995          28.8179                   49                  102
     996          29.2119                   49                  101
     997          29.3845                   49                  102
     998          29.1690                   49                  102
     999          28.3785                   49                  102
    1000          28.8215                   49                  102
    1001          28.6541                   49                  102
    1002          29.4392                   49                  102
    1003          29.0936                   49                  102
    1004          29.8790                   49                  101
    1005          29.5840                   49                  102
    1006          30.3894                   49                  101
    1007          29.2120                   49                  102
    1008          29.6966                   49                  102
    1009          29.8179                   49                  102
    1010          30.1300                   49                  102
    1011          30.1663                   49                  102
    1012          30.6094                   49                  102
    1013          30.1979                   49                  102
    1014          30.2242                   49                  101
    1015          29.4134                   49                  102
    1016          30.6560                   49                  102
    1017          30.8738                   48                  101
    1018          29.8606                   49                  102
    1019          29.5778                   49                  102
    1020          29.2203                   49                  102
    1021          29.3305                   49                  102
    1022          28.5322                   49                  102
    1023          28.9047                   49                  102
    1024          29.2553                   49                  101
    1025          30.0357                   49                  102
    1026          29.5143                   49                  102
    1027          29.8904                   49                  102
    1028          30.1078                   49                  102
    1029          29.4021                   49                  102
    1030          29.4596                   49                  102
    1031          29.3894                   49                  102
    1032          29.5774                   49                  102
    1033          29.4040                   49                  102
    1034          29.1200                   49                  101
    1035          28.7283                   49                  102
    1036          29.1152                   49                  102
    1037          29.4100                   49                  102
    1038          31.0648                   50                  101
    1039          30.8731                   49                  113
    1040          30.5830                   49                  113
    1041          29.5724                   49                  113
    1042          28.9778                   49                  113
    1043          29.9956                   49                  113
    1044          30.2266                   49                  114
    1045          28.5281                   49                  113
    1046          29.4363                   49                  113
    1047          30.5221                   49                  113
    1048          30.2524                   49                  113
    1049          30.1714                   49                  113
    1050          29.5205                   49                  113
    1051          28.7396                   49                  113
    1052          29.2367                   49                  113
    1053          30.0736                   49                  113
    1054          29.9918                   49                  113
    1055          31.5803                   49                  113
    1056          30.3010                   22                  153
    1057          30.6130                   49                  114
    1058          31.0871                   22                  153
    1059          29.3033                   22                  153
    1060          28.3527                   22                  153
    1061          27.9207                   24                  153
    1062          26.9095                   24                  153
    1063          27.9529                   22                  153
    1064          28.5977                   22                  153
    1065          27.4843                   22                  153
    1066          28.4017                   24                  153
    1067          27.8653                   22                  153
    1068          28.6281                   22                  153
    1069          28.4703                   22                  153
    1070          29.8240                   22                  153
    1071          30.7385                   24                  153
    1072          29.8431                   24                  153
    1073          29.9198                   24                  153
    1074          30.9271                   49                  102
    1075          30.7536                   49                  102
    1076          29.6572                   49                  102
    1077          29.0458                   49                  102
    1078          30.6474                   49                  102
    1079          30.5020                   49                  102
    1080          30.0313                    9                  153
    1081          31.2725                    9                  153
    1082          31.9191                    9                  153
    1083          32.0893                   24                  153
    1084          31.5133                   49                  102
    1085          32.0193                   11                  153
    1086          30.4626                   11                  153
    1087          30.5107                   49                  101
    1088          30.6445                   24                  153
    1089          29.7308                   24                  153
    1090          30.1804                   22                  153
    1091          31.6340                   24                  152
    1092          31.2839                   49                  113
    1093          30.4124                   22                  153
    1094          30.6900                   22                  153
    1095          30.0078                   49                  113
    1096          29.9472                   49                  113
    1097          30.1299                   49                  113
    1098          30.3014                   49                  113
    1099          29.8323                   49                  101
    1100          29.7258                   22                  154
    1101          29.0027                   22                  154
    1102          29.5890                   22                  154
    1103          28.4836                   22                  154
    1104          29.4888                   22                  154
    1105          29.9402                   49                  101
    1106          30.3479                   49                  101
    1107          29.4118                   49                  101
    1108          30.8726                   49                  100
    1109          29.6709                   22                  153
    1110          29.2212                   22                  154
    1111          29.2337                   22                  154
    1112          29.2288                   22                  154
    1113          28.8480                   22                  154
    1114          28.7343                   22                  154
    1115          29.7080                   22                  154
    1116          30.1675                   22                  154
    1117          30.1800                   22                  154
    1118          30.0470                   22                  154
    1119          29.2351                   22                  154
    1120          27.4693                   22                  154
    1121          28.1947                   22                  152
    1122          27.5090                   22                  152
    1123          28.1763                   22                  152
    1124          28.5020                   22                  152
    1125          29.6842                   22                  153
    1126          29.4338                   22                  153
    1127          29.1448                   22                  153
    1128          29.6704                   22                  153
    1129          31.9947                   22                  145
    1130          30.3096                   22                  153
    1131          29.6649                   22                  153
    1132          28.7413                   22                  153
    1133          29.1214                   22                  153
    1134          28.6013                   22                  153
    1135          28.8405                   22                  153
    1136          30.0510                   22                  153
    1137          28.1939                   22                  153
    1138          28.4724                   22                  152
    1139          29.3103                   22                  153
    1140          30.6115                   22                  153
    1141          30.7867                   23                  153
    1142          28.3831                   22                  152
    1143          29.3663                   22                  153
    1144          29.6881                   22                  153
    1145          29.4611                   23                  153
    1146          29.4370                   22                  153
    1147          28.6176                   22                  153
    1148          28.3933                   22                  153
    1149          28.1050                   23                  153
    1150          27.7383                   23                  153
    1151          28.4467                   23                  153
    1152          28.0198                   23                  154
    1153          29.3763                   23                  154
    1154          28.9501                   23                  153
    1155          27.6153                   23                  152
    1156          28.1117                   23                  153
    1157          28.2037                   23                  153
    1158          26.2867                   23                  153
    1159          27.9952                   23                  153
    1160          27.9857                   23                  153
    1161          27.2266                   23                  153
    1162          27.6180                   23                  153
    1163          28.5424                   23                  153
    1164          28.0875                   23                  152
    1165          29.8564                   23                  153
    1166          28.3368                   23                  153
    1167          27.6806                   23                  154
    1168          27.9242                   23                  153
    1169          26.9169                   23                  154
    1170          26.7641                   23                  153
    1171          27.1076                   23                  153
    1172          27.1810                   23                  154
    1173          27.4385                   23                  152
    1174          27.4424                   22                  152
    1175          26.4239                   22                  152
    1176          28.2333                   22                  152
    1177          28.0410                   22                  152
    1178          27.8919                   22                  153
    1179          28.1516                   23                  152
    1180          29.0041                   23                  153
    1181          28.1281                   23                  152
    1182          26.9039                   23                  153
    1183          26.4733                   23                  153
    1184          27.1958                   23                  153
    1185          27.3911                   23                  153
    1186          27.8101                   22                  153
    1187          27.5203                   23                  154
    1188          28.0158                   23                  153
    1189          28.2929                   23                  152
    1190          28.9732                   22                  152
    1191          27.2482                   22                  153
    1192          28.0293                   24                  153
    1193          28.2579                   22                  153
    1194          28.7211                   22                  153
    1195          27.4491                   22                  153
    1196          26.5436                   24                  153
    1197          27.0474                   24                  152
    1198          26.9477                   24                  152
    1199          26.3749                   24                  154
    1200          25.6173                   23                  152
    1201          26.0225                   24                  152
    1202          25.7192                   24                  154
    1203          26.3512                   24                  152
    1204          26.2803                   24                  153
    1205          27.7152                   23                  152
    1206          27.8873                   24                  153
    1207          28.8256                   23                  153
    1208          28.6749                   22                  153
    1209          28.6936                   23                  153
    1210          27.0107                   24                  153
    1211          27.1077                   23                  153
    1212          27.7700                   23                  153
    1213          26.4438                   24                  153
    1214          26.9398                   23                  153
    1215          26.8244                   22                  153
    1216          27.6805                   22                  153
    1217          27.6866                   22                  153
    1218          27.9557                   22                  152
    1219          27.4167                   22                  152
    1220          27.4715                   23                  153
    1221          27.4180                   22                  153
    1222          28.3684                   22                  154
    1223          29.0768                   22                  154
    1224          28.8500                   23                  152
    1225          26.4387                   23                  154
    1226          29.2461                   23                  152
    1227          28.9584                   22                  154
    1228          29.7634                   24                  154
    1229          29.0122                   22                  152
    1230          29.2439                   22                  152
    1231          29.6057                   22                  154
    1232          29.3008                   24                  154
    1233          30.6143                   22                  152
    1234          30.8127                   22                  152
    1235          30.4166                   23                  152
    1236          28.5013                   23                  152
    1237          29.3387                   23                  152
    1238          29.0805                   23                  152
    1239          27.9400                   23                  152
    1240          28.9857                   23                  152
    1241          26.7937                   23                  152
    1242          27.6842                   23                  152
    1243          28.3079                   23                  152
    1244          26.7472                   23                  152
    1245          27.5138                   23                  152
    1246          26.8958                   23                  154
    1247          27.2132                   23                  152
    1248          27.8868                   23                  154
    1249          27.4511                   23                  152
    1250          28.2869                   23                  152
    1251          28.7006                   24                  152
    1252          28.1499                   23                  154
    1253          26.4579                   23                  152
    1254          26.7396                   24                  152
    1255          26.5557                   24                  152
    1256          27.9355                   23                  154
    1257          28.5331                   24                  154
    1258          29.4240                   23                  154
    1259          28.8044                   23                  152
    1260          28.0672                   23                  152
    1261          28.5945                   23                  153
    1262          28.8095                   23                  153
    1263          27.6225                   24                  153
    1264          27.9999                   24                  153
    1265          27.7899                   24                  153
    1266          28.2989                   22                  153
    1267          27.9695                   24                  153
    1268          28.6723                   24                  152
    1269          28.9991                   24                  153
    1270          28.4268                   24                  152
    1271          28.0990                   24                  153
    1272          26.6775                   23                  154
    1273          26.9852                   24                  152
    1274          28.0811                   24                  153
    1275          28.2117                   24                  154
    1276          28.4620                   24                  154
    1277          29.6871                   24                  154
    1278          28.5248                   24                  154
    1279          28.2550                   24                  154
    1280          27.1010                   24                  153
    1281          28.0095                   24                  153
    1282          27.7651                   24                  154
    1283          28.3874                   24                  153
    1284          29.0084                   24                  153
    1285          31.3575                   24                  154
    1286          31.4591                   24                  154
    1287          29.4182                   24                  154
    1288          30.1737                   24                  154
    1289          30.7681                   24                  154
    1290          30.7349                   24                  154
    1291          31.5644                   49                  154
    1292          31.6364                   50                  152
    1293          32.2046                   24                  154
    1294          32.0134                   24                  154
    1295          31.2795                   24                  154
    1296          31.4340                   49                  152
    1297          30.1260                   24                  154
    1298          29.4100                   24                  154
    1299          29.1762                   24                  152
    1300          29.8699                   24                  152
    1301          30.6485                   24                  152
    1302          29.5499                   49                  153
    1303          31.1135                   24                  153
    1304          31.0698                   24                  154
    1305          29.9599                   24                  154
    1306          31.1756                   24                  152
    1307          31.2041                   24                  154
    1308          31.1212                   24                  154
    1309          30.9902                   24                  154
    1310          32.0375                   24                  154
    1311          33.1331                   24                  154
    1312          31.1890                   24                  154
    1313          32.9932                   24                  154
    1314          33.0807                   24                  154
    1315          33.1588                   24                  154
    1316          32.4608                   23                  114
    1317          32.4667                   23                  154
    1318          31.3296                   23                  154
    1319          32.0036                   24                  154
    1320          32.2262                   24                  154
    1321          33.0223                   24                  154
    1322          32.1683                   24                  154
    1323          31.5759                   24                  154
    1324          30.2971                   22                  154
    1325          30.1461                   24                  154
    1326          31.2184                   24                  153
    1327          32.1552                   12                  153
    1328          31.7219                   50                  153
    1329          30.1593                   50                  153
    1330          30.4326                    1                  154
    1331          30.5498                   12                  153
    1332          30.8883                    1                  154
    1333          31.2301                   12                  154
    1334          29.7705                   12                  154
    1335          30.4428                   12                  153
    1336          30.0898                   12                  153
    1337          27.9944                   10                  153
    1338          28.7248                   10                  153
    1339          27.4189                   10                  153
    1340          27.7136                   11                  152
    1341          27.6683                   11                  153
    1342          27.2156                   11                  152
    1343          32.2641                   10                  152
    1344          30.6990                   10                  152
    1345          29.0792                   10                  152
    1346          28.7524                   10                  152
    1347          28.8623                   24                  154
    1348          28.2691                   24                  154
    1349          27.8274                   24                  154
    1350          29.9562                   24                  154
    1351          30.2546                   24                  152
    1352          28.7110                   24                  154
    1353          28.4576                   24                  154
    1354          28.7816                   24                  154
    1355          28.4956                   24                  154
    1356          27.7727                   24                  154
    1357          28.9524                   24                  152
    1358          29.9794                   24                  152
    1359          31.2732                   24                  152
    1360          31.6057                   24                  152
    1361          31.2247                   12                  152
    1362          31.5534                   12                  153
    1363          31.4722                    1                  153
    1364          32.5783                   12                  152
    1365          31.6709                   23                  154
    1366          29.9100                   11                  152
    1367          28.9234                   11                  152
    1368          29.1828                   23                  154
    1369          29.5154                   23                  153
    1370          31.0872                   10                  152
    1371          30.5613                   23                  152
    1372          30.6150                   23                  152
    1373          30.1399                   23                  152
    1374          29.3091                   23                  152
    1375          30.6604                   22                  152
    1376          31.9301                   23                  152
    1377          30.4499                   23                  154
    1378          27.9046                   23                  154
    1379          27.4094                   23                  154
    1380          28.7761                   23                  152
    1381          28.6382                   23                  154
    1382          28.4969                   23                  152
    1383          28.2221                   23                  154
    1384          29.9569                   23                  152
    1385          31.6963                   23                  154
    1386          29.7202                   18                  154
    1387          30.2815                   18                  152
    1388          31.4311                   18                  152
    1389          30.1050                   12                  152
    1390          29.8432                   12                  152
    1391          29.2461                   12                  152
    1392          29.6747                    1                  154
    1393          29.3458                   12                  152
    1394          29.6180                    1                  154
    1395          29.0229                   10                  154
    1396          27.7661                   10                  152
    1397          26.2546                   10                  154
    1398          26.3309                   12                  154
    1399          25.2000                   10                  154
    1400          26.2896                   11                  154
    1401          26.8789                   12                  154
    1402          27.0248                   10                  152
    1403          27.8156                   12                  152
    1404          27.3665                   11                  152
    1405          27.5754                   11                  152
    1406          27.6737                   11                  152
    1407          27.3165                   11                  152
    1408          26.9960                   11                  152
    1409          27.6942                   11                  152
    1410          26.3158                   11                  152
    1411          25.9926                   11                  152
    1412          25.8795                   11                  152
    1413          26.0840                   11                  153
    1414          24.6591                   11                  152
    1415          24.6030                   11                  152
    1416          25.2723                    9                  154
    1417          24.3092                   11                  154
    1418          22.6302                    9                  154
    1419          23.2188                    9                  154
    1420          22.7040                    9                  154
    1421          23.5235                    9                  154
    1422          23.5173                    9                  154
    1423          23.8782                    9                  154
    1424          25.0489                   11                  154
    1425          24.6493                    9                  154
    1426          25.6487                    9                  154
    1427          25.8178                    9                  154
    1428          25.0634                    9                  154
    1429          25.2047                    9                  154
    1430          24.8426                    9                  154
    1431          25.4075                    9                  154
    1432          24.6566                    9                  154
    1433          23.9581                    9                  154
    1434          25.1604                    9                  154
    1435          25.3131                    9                  152
    1436          26.5375                    9                  152
    1437          26.5958                    9                  154
    1438          26.6367                    9                  152
    1439          25.9743                    9                  154
    1440          25.6678                    9                  154
    1441          26.8917                   11                  154
    1442          26.3558                    9                  152
    1443          25.8602                    9                  154
    1444          26.3869                    9                  154
    1445          27.5686                    9                  154
    1446          28.6579                    9                  152
    1447          27.9272                    9                  152
    1448          27.4583                    9                  152
    1449          27.2068                    9                  154
    1450          26.7328                    9                  153
    1451          26.8590                    9                  154
    1452          27.7259                   11                  154
    1453          28.1043                    9                  154
    1454          27.8155                    9                  153
    1455          28.6007                    9                  154
    1456          27.8902                    9                  154
    1457          27.7104                   11                  154
    1458          27.1212                    9                  154
    1459          28.5738                   11                  154
    1460          26.7040                   11                  154
    1461          25.8506                    9                  154
    1462          25.9780                    9                  154
    1463          25.1254                    9                  154
    1464          26.7644                    9                  154
    1465          26.6533                   11                  154
    1466          27.0050                   11                  153
    1467          26.1240                    9                  153
    1468          28.3063                    9                  153
    1469          27.0081                   11                  154
    1470          27.3691                    9                  154
    1471          26.7023                    9                  154
    1472          25.9050                    9                  153
    1473          25.5990                    9                  154
    1474          25.5909                   11                  154
    1475          26.1777                    9                  154
    1476          25.2914                   11                  154
    1477          25.5884                   11                  154
    1478          27.0371                    9                  154
    1479          26.0834                    9                  154
    1480          26.1577                    9                  154
    1481          26.5499                   12                  153
    1482          27.2978                   12                  153
    1483          29.0147                    7                  153
    1484          28.4661                   12                  153
    1485          27.6022                   12                  153
    1486          27.0344                   11                  153
    1487          27.7706                   11                  152
    1488          26.1042                   11                  153
    1489          28.6342                    9                  153
    1490          27.6178                    9                  152
    1491          26.0014                    9                  154
    1492          26.2734                    9                  154
    1493          25.4964                   11                  153
    1494          25.3168                    9                  153
    1495          25.4845                    9                  154
    1496          27.8048                    7                  154
    1497          27.3020                   11                  154
    1498          26.4662                   11                  153
    1499          28.0734                    7                  154
    1500          26.5522                   11                  154
    1501          27.0115                   11                  153
    1502          27.0823                    9                  154
    1503          28.8470                    9                  154
    1504          29.5921                    9                  153
    1505          29.0430                   11                  153
    1506          28.0283                   11                  152
    1507          28.7692                    9                  152
    1508          28.9816                    7                  152
    1509          29.3566                    9                  153
    1510          29.3552                   11                  153
    1511          29.6354                    9                  152
    1512          27.9287                   11                  152
    1513          28.3782                   11                  154
    1514          29.8456                   11                  152
    1515          29.6848                   11                  152
    1516          28.6201                   11                  152
    1517          27.4331                   11                  152
    1518          28.8703                    9                  152
    1519          28.7773                   11                  152
    1520          27.7407                   11                  152
    1521          28.0276                    9                  152
    1522          28.9289                   12                  152
    1523          27.2445                   11                  153
    1524          27.5094                   11                  152
    1525          28.1714                   11                  152
    1526          28.6870                   11                  152
    1527          29.3722                    9                  153
    1528          29.3666                    9                  153
    1529          28.7125                   11                  153
    1530          28.1155                    7                  153
    1531          28.2996                    9                  153
    1532          28.8423                    9                  152
    1533          29.0173                   11                  153
    1534          29.5748                   11                  152
    1535          29.4811                   12                  152
    1536          28.1589                    9                  153
    1537          28.7099                    9                  152
    1538          27.7860                    9                  152
    1539          28.2348                   11                  152
    1540          28.7386                    9                  153
    1541          27.8961                   11                  153
    1542          27.9455                    9                  153
    1543          30.1165                   11                  152
    1544          29.9568                   11                  153
    1545          29.7758                    9                  153
    1546          29.9555                   11                  153
    1547          29.4365                   11                  154
    1548          28.4078                   11                  152
    1549          28.6386                   11                  152
    1550          28.8520                   10                  152
    1551          27.3820                   10                  152
    1552          28.4815                   10                  153
    1553          27.7821                   10                  153
    1554          27.8757                   10                  152
    1555          28.0731                   10                  154
    1556          28.5321                   11                  154
    1557          28.9410                   10                  153
    1558          28.9199                   10                  153
    1559          28.1120                   10                  153
    1560          29.0706                   10                  153
    1561          28.4489                   10                  153
    1562          29.9280                   10                  153
    1563          30.3794                   10                  153
    1564          30.4204                   10                  153
    1565          31.9157                   11                  153
    1566          32.2262                   11                  153
    1567          31.9527                   12                  153
    1568          31.7656                   12                  153
    1569          30.5508                   11                  153
    1570          29.4002                    9                  154
    1571          31.1318                   12                  154
    1572          30.9047                    7                  154
    1573          28.8827                   11                  154
    1574          31.4119                   11                  154
    1575          29.0885                   11                  154
    1576          32.8013                   12                  152
    1577          31.0821                   11                  154
    1578          30.2537                   11                  154
    1579          30.4284                   11                  154
    1580          30.0644                   11                  154
    1581          32.9910                   11                  155
    1582          32.8979                   11                  148
    1583          32.3289                   11                  148
    1584          32.2537                   11                  150
    1585          31.5785                   11                  150
    1586          31.1650                   11                  150
    1587          31.6024                   11                  150
    1588          31.5087                   11                  150
    1589          32.4886                   11                  148
    1590          32.4274                    9                  148
    1591          31.3704                    9                  148
    1592          31.7601                    9                  153
    1593          29.7683                   12                  153
    1594          29.8703                   12                  153
    1595          28.9912                   11                  153
    1596          29.0757                   11                  154
    1597          29.7132                   11                  153
    1598          29.3366                   11                  154
    1599          28.7832                   11                  154
    1600          26.8864                   11                  154
    1601          27.7238                    9                  154
    1602          27.9204                    9                  154
    1603          27.5966                   11                  154
    1604          26.2747                   11                  154
    1605          28.6518                   11                  154
    1606          29.4518                   12                  154
    1607          29.1417                    7                  154
    1608          29.2513                   11                  154
    1609          28.1701                   11                  154
    1610          28.1219                    9                  154
    1611          27.7325                    9                  152
    1612          27.4264                    9                  152
    1613          26.4664                    9                  154
    1614          24.5708                   11                  152
    1615          25.6668                   11                  152
    1616          23.9439                    9                  152
    1617          24.2467                   11                  152
    1618          23.8676                   11                  152
    1619          24.6530                    9                  152
    1620          25.8055                    9                  152
    1621          25.6138                    9                  153
    1622          25.6247                   11                  152
    1623          28.1246                    7                  153
    1624          26.9825                   11                  152
    1625          30.4445                   12                  153
    1626          30.5076                   12                  153
    1627          30.5392                   12                  153
    1628          31.4949                   12                  153
    1629          29.9818                    9                  154
    1630          30.4740                   11                  153
    1631          30.9002                    7                  153
    1632          30.9848                   12                  154
    1633          30.1293                    9                  154
    1634          30.6324                   11                  154
    1635          29.8618                    9                  154
    1636          30.5646                   11                  154
    1637          31.0163                   11                  154
    1638          30.7390                   12                  153
    1639          32.1179                   12                  153
    1640          31.7959                   12                  154
    1641          32.6546                   12                  154
    1642          32.1671                   12                  154
    1643          31.9457                   12                  154
    1644          33.7751                   12                  154
    1645          33.4150                   12                  154
    1646          32.7629                   50                  154
    1647          31.7773                   50                  154
    1648          32.2972                    1                  154
    1649          31.9430                   48                  154
    1650          32.0987                   50                  154
    1651          32.5200                   50                  154
    1652          34.2095                   76                  128
    1653          33.5318                  100                  128
    1654          33.6156                   50                  150
    1655          33.8524                   50                  152
    1656          33.1521                   50                  152
    1657          32.8223                   61                  128
    1658          32.5579                   48                  152
    1659          32.9884                   50                  150
    1660          32.5824                   61                  128
    1661          32.7453                   61                  128
    1662          33.4484                   61                  128
    1663          33.9490                   61                  128
    1664          33.6718                   61                  128
    1665          33.1230                   61                  128
    1666          32.1717                   61                  128
    1667          32.1957                   61                  128
    1668          33.0521                   61                  128
    1669          32.5160                   61                  128
    1670          32.4108                   61                  127
    1671          33.3398                    7                  102
    1672          33.1799                    9                  102
    1673          33.2545                    9                  102
    1674          31.7014                    9                  102
    1675          32.6066                    9                  153
    1676          30.0290                    9                  153
    1677          30.1495                    9                  153
    1678          29.1539                   11                  152
    1679          28.7555                    9                  152
    1680          30.6008                    9                  153
    1681          31.6163                   11                  153
    1682          30.9397                    9                  153
    1683          32.7049                   12                  153
    1684          31.5481                   12                  153
    1685          30.8828                   12                  153
    1686          30.7592                   12                  153
    1687          32.2610                   50                  153
    1688          32.9349                   50                  153
    1689          33.2412                   50                  153
    1690          34.3025                   50                  153
    1691          32.9513                   50                  153
    1692          33.3282                   50                  153
    1693          32.5739                   50                  152
    1694          33.6323                   76                  128
    1695          33.0923                   50                  154
    1696          33.1755                   50                  154
    1697          33.6362                   50                  154
    1698          34.9495                   76                  128
    1699          34.6995                   48                  154
    1700          34.4694                   50                  153
    1701          32.8447                   50                  154
    1702          31.4333                   50                  153
    1703          30.2976                   50                  153
    1704          31.0693                   48                  153
    1705          32.1659                   48                  153
    1706          32.6442                   50                  152
    1707          32.1329                   50                  154
    1708          31.9861                   50                  153
    1709          31.9638                   50                  153
    1710          30.8702                   50                  154
    1711          32.3476                   50                  154
    1712          31.6175                   50                  153
    1713          30.7281                   50                  153
    1714          30.5586                   50                  154
    1715          31.1280                   50                  153
    1716          31.5719                   50                  153
    1717          30.7103                   48                  153
    1718          32.8780                   48                  153
    1719          33.4665                   50                  150
    1720          32.6755                   50                  153
    1721          33.0219                    7                  153
    1722          33.0561                   12                  150
    1723          34.1287                   76                  128
    1724          33.3222                    9                  153
    1725          30.8014                    9                  153
    1726          31.7803                    7                  154
    1727          31.4089                    9                  154
    1728          32.4848                   50                  153
    1729          30.9679                   50                  154
    1730          31.9741                   50                  154
    1731          31.6599                   50                  153
    1732          31.0150                   50                  153
    1733          32.0528                   50                  153
    1734          34.1342                   50                  150
    1735          34.3796                  101                  128
    1736          34.5091                   76                  127
    1737          34.3944                   74                  128
    1738          34.2193                   50                  150
    1739          34.5201                   50                  150
    1740          33.8736                   50                  150
    1741          33.9421                   50                  150
    1742          33.3527                   50                  153
    1743          31.8746                    9                  154
    1744          30.4968                   11                  148
    1745          31.2543                   11                  150
    1746          31.2324                   11                  150
    1747          30.3718                   11                  150
    1748          32.0380                   11                  153
    1749          31.3861                   11                  150
    1750          31.3323                   11                  150
    1751          32.1052                   10                  150
    1752          31.2775                   11                  150
    1753          32.5126                   11                  150
    1754          32.2646                   11                  150
    1755          31.4428                    9                  150
    1756          30.5459                    9                  152
    1757          29.9622                   50                  152
    1758          31.5767                   50                  152
    1759          32.0902                   50                  152
    1760          30.0600                   50                  152
    1761          29.9264                   50                  152
    1762          30.8311                   50                  152
    1763          30.3942                   50                  152
    1764          29.5790                    7                  152
    1765          28.8915                   50                  152
    1766          30.3358                   50                  152
    1767          29.7233                   12                  152
    1768          30.0531                   12                  152
    1769          29.8248                   12                  152
    1770          29.6458                   50                  152
    1771          27.1440                   12                  152
    1772          27.8774                   12                  152
    1773          28.7317                    9                  152
    1774          27.9570                    7                  152
    1775          28.7861                   12                  152
    1776          27.8251                    7                  152
    1777          26.8433                    9                  152
    1778          28.1929                    9                  152
    1779          27.1490                    9                  152
    1780          25.3939                    9                  152
    1781          25.7927                    9                  152
    1782          27.0536                    9                  154
    1783          26.0236                    9                  152
    1784          26.2974                   11                  154
    1785          26.5354                   11                  154
    1786          24.9643                    9                  152
    1787          25.8669                   11                  152
    1788          24.4449                   11                  152
    1789          25.1755                    9                  152
    1790          26.0300                    9                  154
    1791          26.8183                    9                  152
    1792          27.1129                    9                  154
    1793          26.7591                    9                  154
    1794          26.5869                   11                  154
    1795          27.3905                   11                  154
    1796          27.6371                    9                  154
    1797          27.3891                   11                  152
    1798          28.0893                   12                  154
    1799          27.0293                    9                  154
    1800          27.0095                   12                  154
    1801          26.1125                   12                  152
    1802          26.2921                   12                  152
    1803          26.8568                   12                  152
    1804          27.0785                   12                  152
    1805          26.9195                   11                  152
    1806          26.9087                   11                  152
    1807          26.8598                   11                  152
    1808          26.1284                   11                  152
    1809          26.1221                   11                  152
    1810          27.4437                   12                  152
    1811          28.1334                   12                  152
    1812          28.7680                   12                  152
    1813          27.6600                   12                  152
    1814          25.6518                    9                  152
    1815          25.7671                   11                  152
    1816          25.8896                   12                  152
    1817          26.5474                   12                  152
    1818          26.1580                   12                  152
    1819          26.6717                   12                  152
    1820          26.0132                   12                  152
    1821          27.2113                   12                  152
    1822          28.2023                   12                  152
    1823          28.5035                   12                  152
    1824          29.0701                   12                  152
    1825          29.7671                   12                  152
    1826          28.6076                   12                  152
    1827          28.4638                    9                  152
    1828          29.2957                   11                  153
    1829          29.0385                   12                  152
    1830          29.3140                    9                  153
    1831          28.7509                    9                  152
    1832          29.0548                    9                  153
    1833          28.8467                    9                  153
    1834          29.6382                    9                  153
    1835          31.4522                    9                  153
    1836          31.5452                   12                  153
    1837          30.3006                    9                  153
    1838          32.2965                   12                  152
    1839          31.7689                   12                  153
    1840          32.5052                   12                  153
    1841          32.0265                   11                  153
    1842          32.1247                   11                  153
    1843          32.5659                   22                  153
    1844          32.0554                   11                  153
    1845          32.7351                   12                  153
    1846          32.3223                   11                  153
    1847          30.4807                   11                  153
    1848          31.7179                   12                  153
    1849          32.7150                   11                  153
    1850          31.8466                    9                  153
    1851          31.0805                    9                  153
    1852          29.2858                    9                  153
    1853          31.2715                   12                  153
    1854          31.0058                    9                  153
    1855          30.6478                    9                  153
    1856          29.5834                    9                  153
    1857          29.1173                   10                  153
    1858          28.3679                   12                  152
    1859          28.0900                   12                  152
    1860          28.9385                   12                  152
    1861          28.9038                   12                  153
    1862          29.0212                   12                  152
    1863          30.5304                   22                  152
    1864          30.9865                   12                  153
    1865          30.0738                   22                  153
    1866          30.7760                   12                  153
    1867          30.5663                   10                  153
    1868          29.6930                   12                  153
    1869          30.2218                   12                  153
    1870          31.5615                    9                  153
    1871          31.2878                    9                  153
    1872          31.8683                   22                  153
    1873          31.3766                   22                  153
    1874          30.7612                   22                  153
    1875          31.2470                    9                  153
    1876          33.1632                   22                  153
    1877          32.6907                    9                  153
    1878          33.1715                   22                  153
    1879          33.2132                   22                  153
    1880          33.3820                   22                  153
    1881          32.4233                   22                  153
    1882          33.3769                   22                  152
    1883          33.9111                    1                  153
    1884          33.4639                    1                  153
    1885          33.9866                    1                  152
    1886          34.0473                    1                  153
    1887          32.4750                   22                  152
    1888          33.2849                   22                  153
    1889          33.5154                   22                  153
    1890          33.7489                   75                  128
    1891          33.8125                    1                  153
    1892          32.8431                   22                  153
    1893          33.0634                   22                  153
    1894          32.2785                   62                  128
    1895          33.3205                   62                  128
    1896          33.9490                   62                  127
    1897          34.1249                   62                  127
    1898          32.8427                   10                  127
    1899          31.2536                   10                  128
    1900          32.1615                   62                  128
    1901          33.1794                   62                  128
    1902          31.4750                   10                  128
    1903          32.2001                   62                  128
    1904          31.9812                   62                  128
    1905          32.0869                   23                  128
    1906          32.0498                   62                  128
    1907          32.1047                   62                  127
    1908          32.1778                   62                  128
    1909          32.4666                   23                  128
    1910          31.8076                   24                  128
    1911          31.9516                   23                  127
    1912          33.3193                   23                  128
    1913          33.3386                   62                  128
    1914          32.8282                   22                  152
    1915          32.8909                   62                  128
    1916          32.0929                   22                  152
    1917          31.5604                   22                  152
    1918          32.8613                   22                  154
    1919          32.1775                   22                  152
    1920          33.2510                   23                  128
    1921          33.2692                   76                  128
    1922          32.0911                   23                  128
    1923          32.5950                   23                  128
    1924          33.9757                   23                  128
    1925          33.6962                   23                  128
    1926          33.5554                   23                  128
    1927          34.3956                   22                  154
    1928          32.8656                   23                  128
    1929          33.1648                   24                  128
    1930          33.1337                   23                  128
    1931          32.3480                   23                  128
    1932          31.0859                   23                  128
    1933          32.6224                   23                  128
    1934          32.8546                   23                  128
    1935          33.8217                   62                  139
    1936          34.4526                   62                  141
    1937          34.1880                   23                  127
    1938          34.6531                   62                  139
    1939          33.9642                   62                  139
    1940          33.3400                   23                   89
    1941          34.4872                   23                  126
    1942          34.5050                   62                  139
    1943          34.5535                   62                  139
    1944          33.2569                   24                  127
    1945          31.7323                   24                  127
    1946          32.3321                   23                  127
    1947          32.1588                   24                  127
    1948          33.0232                   23                  126
    1949          33.2420                   23                  127
    1950          31.6928                   24                  127
    1951          30.8782                   24                  127
    1952          31.3068                   23                  127
    1953          30.9308                   23                  127
    1954          31.9288                   23                  127
    1955          31.0821                   24                  127
    1956          32.0798                   24                  127
    1957          31.3991                   24                  127
    1958          31.2088                   24                  127
    1959          31.5720                   24                  127
    1960          30.9550                   24                  126
    1961          32.2005                   24                  127
    1962          33.6845                   23                  126
    1963          34.0407                   23                  139
    1964          34.5790                   10                  113
    1965          31.9872                   10                  114
    1966          31.9044                   10                  113
    1967          33.1689                   10                  114
    1968          32.8362                   10                  114
    1969          32.3230                   10                  114
    1970          33.0217                   10                  114
    1971          32.3775                   10                  114
    1972          32.7253                   10                  113
    1973          32.5592                   10                  114
    1974          32.4022                   10                  114
    1975          33.2931                   10                  114
    1976          33.5052                   10                  114
    1977          34.2247                   10                  154
    1978          34.3501                   61                  154
    1979          34.7671                   10                  113
    1980          34.0868                   10                  154
    1981          33.6962                   10                  154
    1982          33.6293                   10                  154
    1983          33.5490                   10                  154
    1984          34.1724                  101                  139
    1985          33.7161                  101                  139
    1986          33.4152                   10                  154
    1987          33.7578                  101                  140
    1988          33.1259                   10                  154
    1989          34.1227                   11                  154
    1990          33.3582                  101                  140
    1991          34.1348                  101                  141
    1992          32.9418                  101                  141
    1993          33.4999                   10                  114
    1994          32.2477                   10                  114
    1995          32.3528                   10                  154
    1996          32.8460                   10                  114
    1997          31.9285                   61                  154
    1998          33.6278                  101                  140
    1999          33.1289                   61                  154
    2000          32.6996                   62                  154
    2001          32.5332                   61                  154
    2002          33.0235                   61                  154
    2003          33.1784                  101                  140
    2004          32.1663                  101                  140
    2005          32.4619                  101                  140
    2006          32.7130                   61                  154
    2007          32.7320                   62                  154
    2008          32.7047                   62                  154
    2009          33.0984                   62                  154
    2010          34.2235                   62                  154
    2011          34.0105                   62                  154
    2012          33.8812                   62                  154
    2013          33.4997                   62                  154
    2014          31.9717                   62                  154
    2015          34.0677                   62                  154
    2016          33.6064                   62                  154
    2017          33.5101                   62                  154
    2018          34.0570                   62                  154
    2019          33.8700                   22                  145
    2020          33.7647                   62                  154
    2021          33.5605                   22                  153
    2022          33.7756                   24                  152
    2023          32.5369                   22                  152
    2024          32.7214                   22                  152
    2025          30.1796                   22                  152
    2026          32.1344                   22                  153
    2027          31.7652                   22                  153
    2028          31.3044                   22                  152
    2029          32.0299                   22                  147
    2030          32.8346                   22                  153
    2031          33.8614                   22                  145
    2032          33.6980                   22                  152
    2033          35.7421                   22                  145
    2034          34.4105                   22                  153
    2035          32.7260                   22                  153
    2036          33.1960                   22                  152
    2037          31.6036                   22                  152
    2038          31.4330                   22                  152
    2039          31.4222                   22                  152
    2040          33.2699                   22                  145
    2041          33.1226                   22                  152
    2042          31.4444                   22                  152
    2043          30.8647                   24                  152
    2044          31.6073                   24                  152
    2045          31.5373                   22                  152
    2046          30.8319                   22                  152
    2047          30.3964                   22                  152
    2048          30.2046                   24                  153
    2049          30.3530                   24                  153
    2050          29.4226                   24                  153
    2051          31.3373                   24                  153
    2052          32.0064                   24                  156
    2053          30.2404                   24                  152
    2054          31.6546                   24                  153
    2055          29.3151                   24                  153
    2056          29.3719                   24                  153
    2057          29.7227                   24                  152
    2058          28.7481                   24                  152
    2059          29.2987                   24                  152
    2060          29.0476                   24                  152
    2061          27.7844                   24                  152
    2062          29.1100                   24                  153
    2063          29.2496                   24                  152
    2064          28.8363                   24                  153
    2065          27.8660                   24                  153
    2066          30.2160                   24                  153
    2067          29.3686                   24                  153
    2068          29.3001                   24                  153
    2069          30.1201                   24                  152
    2070          28.8769                   24                  152
    2071          29.8557                   24                  152
    2072          29.5073                   50                  100
    2073          29.5528                   50                  100
    2074          29.4357                   50                  100
    2075          29.7223                   50                  100
    2076          30.3065                   50                  100
    2077          30.6087                   50                  100
    2078          30.9629                   50                  100
    2079          30.4094                   50                  100
    2080          29.4690                   24                  153
    2081          30.5850                   24                  153
    2082          29.8361                   24                  153
    2083          29.7418                   24                  153
    2084          30.5724                   24                  153
    2085          29.4094                   24                  153
    2086          29.7968                   24                  153
    2087          29.8539                   24                  152
    2088          29.2780                   24                  152
    2089          29.6947                   24                  153
    2090          29.5806                   50                  100
    2091          29.5673                   50                  100
    2092          28.7392                   24                  152
    2093          29.1101                   24                  153
    2094          28.3401                   24                  153
    2095          27.4080                   24                  153
    2096          28.7842                   24                  153
    2097          29.1408                   24                  152
    2098          29.2101                   24                  152
    2099          29.4053                   24                  153
    2100          29.1907                   24                  153
    2101          29.0704                   24                  153
    2102          29.1785                   24                  152
    2103          29.9187                   24                  152
    2104          30.8160                   24                  152
    2105          30.6205                   24                  152
    2106          31.1453                   24                  152
    2107          31.3514                   10                  114
    2108          31.9000                   24                  153
    2109          31.3268                   50                  102
    2110          31.2873                   10                  114
    2111          30.1410                   10                  114
    2112          30.3642                   50                  102
    2113          30.7230                   10                  114
    2114          29.9441                   10                  114
    2115          30.9455                   10                  114
    2116          31.1526                   10                  114
    2117          31.1039                   10                  114
    2118          31.3009                   10                  114
    2119          30.8972                   10                  114
    2120          31.2151                   10                  114
    2121          31.3933                   10                  114
    2122          30.4209                   10                  128
    2123          30.9401                   10                  128
    2124          29.3082                   10                  128
    2125          30.0411                   10                  128
    2126          29.9659                   10                  128
    2127          30.4608                   10                  114
    2128          30.2971                   10                  114
    2129          29.3771                   10                  114
    2130          29.2977                   10                  114
    2131          29.3180                   10                  114
    2132          30.4940                   10                  114
    2133          31.0888                   10                  114
    2134          31.7795                   50                  100
    2135          31.5272                   50                  100
    2136          31.2271                   50                  100
    2137          31.9514                   50                  100
    2138          32.4488                   50                  100
    2139          30.6440                   50                  100
    2140          31.2855                   10                  128
    2141          30.8934                   50                  100
    2142          30.9167                   50                  100
    2143          31.4587                   11                  114
    2144          30.8973                   11                  114
    2145          30.2214                   11                  128
    2146          29.2810                   11                  128
    2147          29.9716                   11                  128
    2148          29.7929                   11                  128
    2149          30.2623                   11                  128
    2150          28.9393                   11                  128
    2151          29.5016                   11                  128
    2152          29.7931                   11                  128
    2153          30.3078                   11                  114
    2154          29.8696                   11                  114
    2155          30.8797                   11                  128
    2156          30.3465                   50                  100
    2157          30.8292                   50                  100
    2158          31.1730                   50                  100
    2159          30.8423                   23                  152
    2160          30.4086                   23                  152
    2161          29.7155                   23                  153
    2162          29.2177                   23                  153
    2163          30.1710                   23                  152
    2164          29.5342                   23                  152
    2165          30.4464                   11                  114
    2166          31.1391                   11                  114
    2167          29.9636                   23                  153
    2168          31.4446                   24                  153
    2169          32.1188                   24                  153
    2170          31.5662                   23                  153
    2171          31.7528                   24                  153
    2172          30.9206                   23                  152
    2173          32.1956                   49                  100
    2174          31.4880                   49                  100
    2175          32.0830                   49                  100
    2176          31.4722                   23                  153
    2177          30.2537                   49                  100
    2178          30.7207                   49                  100
    2179          30.5613                   49                  100
    2180          30.5099                   49                  100
    2181          31.0711                   49                  100
    2182          31.3250                   11                  114
    2183          30.7649                   23                  153
    2184          31.7322                   23                  156
    2185          31.8273                   23                  153
    2186          30.2565                   23                  153
    2187          31.2355                   49                  100
    2188          31.4898                   11                  114
    2189          31.0860                   49                  100
    2190          31.0020                   49                  100
    2191          30.6924                   49                  100
    2192          31.1385                   49                  100
    2193          30.3752                   49                  100
    2194          29.6792                   49                  100
    2195          30.5497                   49                  100
    2196          30.9544                   49                  100
    2197          31.6855                   49                  100
    2198          31.3628                   49                  100
    2199          32.1545                   49                  100
    2200          32.4694                   49                  100
    2201          32.9789                   49                  100
    2202          32.2136                   24                  152
    2203          31.7884                   23                  153
    2204          31.8436                   23                  152
    2205          33.6822                   23                  156
    2206          32.4165                   23                  153
    2207          32.0101                   23                  153
    2208          30.8960                   23                  152
    2209          31.7356                   23                  153
    2210          30.6776                   23                  153
    2211          31.0100                   23                  153
    2212          32.1338                   23                  153
    2213          31.1968                   23                  153
    2214          31.8833                   23                  153
    2215          32.3094                   23                  153
    2216          32.7613                   23                  152
    2217          33.1799                   48                  100
    2218          33.8901                   37                  100
    2219          33.6980                   23                  152
    2220          33.4091                   23                  153
    2221          32.8314                   23                  153
    2222          33.2173                   22                  153
    2223          32.1883                   23                  153
    2224          32.1344                   23                  153
    2225          32.0517                   23                  153
    2226          32.1752                   23                  153
    2227          31.4631                   23                  153
    2228          30.6954                   23                  153
    2229          32.4096                   23                  153
    2230          31.5049                   23                  153
    2231          33.5544                   11                  113
    2232          32.9078                   11                  128
    2233          33.6859                    7                  126
    2234          33.3689                   11                  113
    2235          33.2612                   11                  113
    2236          32.6908                   11                  113
    2237          33.1704                   11                  113
    2238          34.3501                   23                  145
    2239          33.4063                   11                  113
    2240          33.3195                   11                  113
    2241          33.8342                   23                  141
    2242          33.4066                   23                  141
    2243          34.3081                   23                  141
    2244          34.2428                   23                  141
    2245          33.5238                   23                  153
    2246          32.5518                   23                  152
    2247          32.4211                   23                  152
    2248          33.2079                   48                  100
    2249          32.8585                   11                  113
    2250          33.1783                   49                   76
    2251          32.0743                   49                  100
    2252          32.4297                   49                  100
    2253          32.9897                   23                  153
    2254          32.8523                   23                  153
    2255          32.4821                   23                  153
    2256          33.2984                   23                  153
    2257          33.3257                   11                  113
    2258          33.2946                   11                  113
    2259          32.6710                   49                  100
    2260          32.5080                   11                  113
    2261          31.2531                   11                  154
    2262          32.2205                   11                  113
    2263          31.8605                   11                  113
    2264          32.2816                   11                  113
    2265          32.3284                   49                  154
    2266          31.5310                   49                  153
    2267          31.5662                   49                  153
    2268          32.8236                   50                  153
    2269          32.5668                   49                  153
    2270          32.3000                   49                  154
    2271          32.7353                   49                  153
    2272          32.9326                   49                  154
    2273          32.0629                   49                  153
    2274          32.3598                   49                  153
    2275          32.2045                   49                  153
    2276          32.6013                   50                  153
    2277          32.9201                   49                  153
    2278          31.3335                   49                  153
    2279          30.6753                   49                  153
    2280          31.3218                   49                  153
    2281          32.6982                   50                  153
    2282          32.2721                   49                  153
    2283          33.0865                   49                  153
    2284          32.9583                   10                  153
    2285          32.3643                   49                  153
    2286          31.8064                   49                  153
    2287          31.8536                   11                  154
    2288          32.5454                   49                  154
    2289          32.4458                   49                  153
    2290          32.8829                   49                  154
    2291          33.5693                   49                  154
    2292          34.1712                   50                  153
    2293          33.7477                   49                  153
    2294          32.7544                   49                  153
    2295          32.9246                   49                  153
    2296          32.3173                   49                  154
    2297          31.7216                   49                  154
    2298          34.1987                   49                  153
    2299          33.1122                   49                  154
    2300          32.4364                   49                  153
    2301          31.7324                   49                  154
    2302          32.1688                   49                  154
    2303          33.0944                   49                  128
    2304          32.7221                   49                  128
    2305          32.2369                   10                  115
    2306          32.1619                   10                  113
    2307          31.7078                   10                  113
    2308          31.7708                   10                  113
    2309          32.7548                   10                  115
    2310          32.3491                   10                  115
    2311          31.5944                    9                  115
    2312          32.9379                   10                  115
    2313          32.6765                    9                  100
    2314          33.9613                   11                  100
    2315          33.8723                   37                   75
    2316          32.5942                   49                  153
    2317          32.6424                   49                  153
    2318          33.2506                   49                  153
    2319          33.2235                   11                  101
    2320          32.6114                   10                  115
    2321          33.4718                   35                   62
    2322          33.9294                   35                   75
    2323          33.1945                   35                   75
    2324          33.5508                   10                  115
    2325          32.8699                   10                  154
    2326          32.2443                   49                  153
    2327          33.1019                   50                  154
    2328          34.0777                   35                   75
    2329          34.5173                   35                   75
    2330          33.9013                   35                   75
    2331          33.9412                   35                   75
    2332          33.4486                   35                   75
    2333          33.5976                   35                   75
    2334          33.6983                   35                   75
    2335          32.9323                   35                   75
    2336          33.6000                   35                   75
    2337          34.3509                   35                  100
    2338          33.5161                   10                  115
    2339          34.1148                   35                   75
    2340          33.3759                   10                  115
    2341          33.4079                   10                  115
    2342          32.5026                   50                  154
    2343          31.9763                    9                  115
    2344          31.5007                    9                  115
    2345          32.6592                    9                  113
    2346          31.9222                    9                  115
    2347          32.3485                    9                  115
    2348          32.6697                    9                  113
    2349          32.7055                    9                  115
    2350          32.4794                   24                  152
    2351          32.5060                   24                  152
    2352          33.2729                    9                  115
    2353          33.0281                    9                  115
    2354          33.0672                    9                  113
    2355          33.6433                   10                  113
    2356          32.1219                   24                  140
    2357          32.8502                    9                  115
    2358          32.7592                    9                  113
    2359          32.6428                    9                  115
    2360          33.8910                   24                  147
    2361          32.9199                   10                  113
    2362          32.0151                    9                  113
    2363          32.8278                   10                  113
    2364          32.9084                   10                  113
    2365          33.6151                   24                  147
    2366          32.7580                    9                  115
    2367          32.2746                    9                  115
    2368          31.8092                    9                  115
    2369          32.4947                    9                  113
    2370          32.5543                   11                  153
    2371          33.2525                   10                  153
    2372          33.0787                   10                  115
    2373          33.3119                   10                  113
    2374          34.4650                   10                  113
    2375          33.7565                   23                  154
    2376          34.1821                   23                  154
    2377          33.9986                   23                  145
    2378          33.3646                   50                   75
    2379          33.9448                   50                   75
    2380          33.2045                   11                  153
    2381          34.3820                   50                   75
    2382          33.2658                   11                  113
    2383          33.2508                   11                  115
    2384          32.6150                   11                  113
    2385          34.0436                   11                  113
    2386          33.8756                   11                  115
    2387          33.4362                   11                  113
    2388          33.3455                   11                  115
    2389          32.9425                   11                  115
    2390          30.3629                   23                  154
    2391          30.5015                   23                  154
    2392          31.2205                   23                  154
    2393          31.9397                   23                  154
    2394          30.5306                   23                  154
    2395          30.9928                   23                  154
    2396          31.9959                   23                  154
    2397          31.9575                   23                  147
    2398          31.5358                   23                  154
    2399          30.7062                   23                  154
    2400          30.8963                   23                  154
    2401          30.3982                   23                  154
    2402          31.6975                   24                  154
    2403          30.2351                    9                  114
    2404          31.3138                    9                  115
    2405          29.5656                    9                  115
    2406          30.5940                   10                  115
    2407          30.8681                   10                  115
    2408          30.3944                    9                  115
    2409          30.1585                    9                  114
    2410          29.5358                    9                  114
    2411          29.6571                    9                  115
    2412          29.6542                    9                  115
    2413          29.0825                    9                  115
    2414          30.2915                    9                  115
    2415          29.6025                   10                  115
    2416          30.9230                   11                  115
    2417          30.1997                   10                  115
    2418          30.4295                   10                  115
    2419          30.0789                   10                  114
    2420          29.9461                   10                  115
    2421          31.0480                   10                  115
    2422          30.4003                   10                  115
    2423          30.6938                   10                  115
    2424          30.6464                   10                  115
    2425          31.1992                   10                  115
    2426          30.0834                   10                  115
    2427          30.3829                   10                  115
    2428          30.0245                   10                  115
    2429          29.2272                   10                  115
    2430          29.6236                   10                  115
    2431          30.7205                   10                  115
    2432          29.5393                    9                  115
    2433          29.4982                    9                  115
    2434          30.8125                    9                  115
    2435          29.4366                    9                  115
    2436          30.1518                    9                  114
    2437          29.6328                    9                  115
    2438          29.8441                    9                  115
    2439          29.8230                    9                  115
    2440          28.9060                    9                  115
    2441          29.1669                    9                  115
    2442          29.9826                    9                  115
    2443          29.8111                    9                  115
    2444          30.4876                    9                  115
    2445          29.3494                    9                  115
    2446          30.0050                    9                  115
    2447          30.2838                    9                  115
    2448          30.0890                    9                  115
    2449          29.7914                    9                  115
    2450          29.7558                    9                  115
    2451          30.5486                    9                  115
    2452          31.3138                    9                  115
    2453          31.3504                    9                  115
    2454          31.2472                    9                  115
    2455          30.2740                    9                  115
    2456          29.9463                    9                  115
    2457          30.3839                    9                  115
    2458          30.7926                    9                  115
    2459          30.6811                    9                  115
    2460          30.2369                    9                  115
    2461          30.4549                    9                  115
    2462          31.6397                    9                  113
    2463          31.9366                    9                  115
    2464          31.3495                    9                  115
    2465          32.9443                    9                  115
    2466          32.6570                    9                  115
    2467          32.2336                    9                  115
    2468          33.0840                    9                  115
    2469          32.2741                   11                  115
    2470          33.3736                   11                  115
    2471          33.2122                   11                  115
    2472          33.5513                   11                  115
    2473          33.5824                   11                  115
    2474          33.2333                   22                  154
    2475          34.3285                   11                  115
    2476          34.2526                   11                  115
    2477          34.8526                   11                  115
    2478          34.8559                   22                  101
    2479          34.4851                   75                  127
    2480          34.7002                   22                  101
    2481          34.4585                   75                  152
    2482          33.7106                  100                  152
    2483          34.1964                   22                  101
    2484          34.3323                   22                  154
    2485          33.0229                   22                  154
    2486          32.0057                   22                  154
    2487          30.8289                   24                  154
    2488          30.7018                   24                  154
    2489          31.0736                   62                  127
    2490          30.4452                   22                  154
    2491          30.0982                   22                  154
    2492          30.2598                   22                  154
    2493          30.0001                   22                  154
    2494          29.8882                   22                  154
    2495          30.2712                   22                  154
    2496          30.6323                   22                  154
    2497          30.4771                   24                  154
    2498          30.8041                   22                  154
    2499          30.9204                   22                  154
    2500          29.9784                   22                  154
    2501          30.3990                   22                  154
    2502          32.0044                   62                  127
    2503          31.9050                    9                  127
    2504          31.5560                    9                  127
    2505          32.2679                    9                  126
    2506          31.7870                   24                  154
    2507          32.0836                   35                  154
    2508          32.5520                   24                  154
    2509          30.7973                   24                  154
    2510          33.7839                   35                  154
    2511          32.9167                   35                  154
    2512          31.7024                   24                  154
    2513          30.5967                    9                  127
    2514          31.3210                   24                  153
    2515          31.1235                    9                  141
    2516          31.1452                    9                  126
    2517          30.7193                   24                  154
    2518          29.6771                   10                  127
    2519          29.3543                   10                  127
    2520          29.1919                   10                  127
    2521          30.5327                   24                  154
    2522          29.5681                   24                  153
    2523          28.8654                   10                  127
    2524          29.9739                   10                  127
    2525          30.1226                   10                  127
    2526          30.2768                   10                  127
    2527          30.0508                   10                  127
    2528          29.3316                   24                  152
    2529          29.2000                   24                  152
    2530          28.8472                   24                  152
    2531          29.6484                   24                  152
    2532          30.0330                   10                  127
    2533          30.0129                   62                  127
    2534          29.9261                   62                  127
    2535          30.2825                   62                  127
    2536          30.8098                   10                  126
    2537          31.8971                   62                  126
    2538          30.8585                   10                  127
    2539          31.1873                   10                  127
    2540          30.8439                   35                  152
    2541          31.5072                   62                  127
    2542          30.1185                   10                  127
    2543          29.7278                   10                  127
    2544          28.7505                   10                  127
    2545          30.4169                   10                  127
    2546          29.9225                   10                  128
    2547          30.9668                   23                  127
    2548          31.4572                   23                  127
    2549          31.0077                   23                  127
    2550          31.3350                   23                  127
    2551          30.7643                   11                  127
    2552          29.5272                   23                  127
    2553          29.2654                   23                  128
    2554          28.7395                   23                  128
    2555          28.8791                   24                  128
    2556          28.6751                   23                  128
    2557          28.2664                   23                  128
    2558          27.9561                   23                  128
    2559          27.2207                   23                  128
    2560          27.7147                   23                  128
    2561          28.5966                   23                  128
    2562          28.4691                   23                  128
    2563          29.1309                   23                  128
    2564          29.8331                   23                  128
    2565          30.9472                   23                  128
    2566          30.4708                   23                  128
    2567          30.1097                   23                  127
    2568          29.9345                   23                  128
    2569          30.5145                   23                  127
    2570          30.1171                   23                  127
    2571          29.3696                   24                  127
    2572          28.4469                   24                  127
    2573          29.5502                   24                  127
    2574          31.0319                   24                  127
    2575          31.3364                   62                  127
    2576          31.3622                   24                  127
    2577          30.3444                   24                  127
    2578          31.0192                   24                  127
    2579          31.5109                   22                  127
    2580          31.4330                   24                  127
    2581          31.9142                   49                  153
    2582          31.0699                   24                  127
    2583          30.9520                   24                  127
    2584          30.1421                   24                  127
    2585          30.2691                   22                  127
    2586          31.2871                   22                  127
    2587          30.1418                   22                  127
    2588          30.3799                   24                  127
    2589          30.8777                   24                  127
    2590          30.3799                   22                  127
    2591          30.5394                   24                  127
    2592          30.0099                   24                  127
    2593          30.8973                   24                  127
    2594          30.3772                   24                  127
    2595          29.8391                   24                  127
    2596          29.8986                   24                  127
    2597          31.5700                   22                  127
    2598          31.8404                   24                  127
    2599          31.4805                   24                  127
    2600          31.0254                   24                  127
    2601          31.7698                   22                  127
    2602          31.8606                   11                  100
    2603          31.9576                   11                  100
    2604          32.8855                   61                  126
    2605          32.7623                   61                  128
    2606          31.9519                   61                  128
    2607          31.2070                   24                  127
    2608          31.1925                   61                  128
    2609          31.0281                   61                  128
    2610          31.1238                   61                  128
    2611          29.8732                   10                  127
    2612          31.4749                   10                  127
    2613          30.9379                   61                  128
    2614          31.4296                   61                  128
    2615          30.6491                   10                  128
    2616          31.4717                   10                  127
    2617          30.5081                   61                  128
    2618          30.0140                   10                  127
    2619          30.8597                   10                  127
    2620          30.4046                   61                  128
    2621          30.8826                   61                  128
    2622          30.2520                   24                  127
    2623          30.9364                   61                  126
    2624          29.3004                   10                  128
    2625          29.1799                   10                  126
    2626          28.5898                   10                  128
    2627          29.3340                   10                  128
    2628          28.2579                   10                  128
    2629          27.7359                   10                  128
    2630          27.9324                   10                  128
    2631          28.1870                   10                  128
    2632          26.9796                   10                  128
    2633          28.5992                   10                  126
    2634          28.2369                   10                  128
    2635          28.6709                   10                  128
    2636          30.0914                   10                  126
    2637          29.1343                   10                  126
    2638          29.5848                   10                  128
    2639          28.3123                   10                  128
    2640          30.2137                   10                  126
    2641          30.5216                   10                  126
    2642          28.5540                   24                  128
    2643          28.9150                   24                  128
    2644          29.3289                   10                  128
    2645          29.7404                   10                  128
    2646          28.1755                   24                  128
    2647          27.9248                   24                  128
    2648          28.9745                   24                  128
    2649          29.3928                   24                  128
    2650          29.8665                   24                  128
    2651          29.5218                   24                  128
    2652          29.2872                   10                  126
    2653          29.0634                   10                  140
    2654          30.6281                   10                  127
    2655          30.6542                   10                  140
    2656          30.3478                   24                  128
    2657          29.3674                   24                  128
    2658          29.5137                   24                  128
    2659          29.1047                   24                  128
    2660          30.1224                   24                  127
    2661          30.4644                   10                  140
    2662          30.1829                   10                  140
    2663          30.2693                   24                  128
    2664          30.6053                   10                  140
    2665          32.0774                   24                  128
    2666          32.4572                   10                  140
    2667          32.2176                   10                  140
    2668          31.7385                   10                  127
    2669          30.8984                   10                  140
    2670          30.5059                   10                  140
    2671          30.6268                   10                  140
    2672          30.3336                   10                  140
    2673          31.0466                   10                  140
    2674          31.3690                   10                  140
    2675          31.2688                   24                  128
    2676          31.3284                   24                  127
    2677          30.3516                   10                  154
    2678          31.1965                   63                  154
    2679          31.8570                   63                  154
    2680          29.6534                   63                  154
    2681          29.6798                    9                  154
    2682          31.2189                   63                  153
    2683          29.6047                    9                  152
    2684          30.2275                   63                  152
    2685          30.2923                   63                  152
    2686          29.6772                    9                  154
    2687          30.7820                   63                  152
    2688          30.0676                   63                  152
    2689          29.8077                   63                  152
    2690          28.4495                   63                  152
    2691          27.9369                   11                  152
    2692          27.7848                    9                  152
    2693          26.6270                    9                  152
    2694          28.6529                    9                  152
    2695          28.1213                    9                  154
    2696          27.3107                    9                  154
    2697          26.1381                    9                  152
    2698          26.8812                    9                  152
    2699          27.5851                    9                  152
    2700          25.8935                    9                  152
    2701          26.9815                    9                  152
    2702          25.6400                    9                  152
    2703          25.4899                    9                  154
    2704          25.4877                    9                  152
    2705          27.0208                    9                  152
    2706          26.6227                    9                  152
    2707          26.8991                    9                  154
    2708          27.5657                    9                  154
    2709          28.5029                    9                  154
    2710          26.5420                    9                  154
    2711          26.8604                    9                  154
    2712          26.8972                    9                  152
    2713          26.5527                    9                  152
    2714          26.0518                    9                  152
    2715          25.7552                    9                  152
    2716          27.4337                    9                  152
    2717          27.5901                    9                  152
    2718          27.8023                    9                  152
    2719          26.8421                    9                  152
    2720          27.8074                    9                  152
    2721          28.9076                    9                  152
    2722          29.1932                    9                  152
    2723          29.5732                    9                  152
    2724          30.8001                    9                  152
    2725          29.0594                    9                  152
    2726          30.3580                   61                  152
    2727          30.1677                   61                  153
    2728          29.2752                   61                  152
    2729          28.9236                   61                  152
    2730          27.5340                    9                  154
    2731          27.3513                    9                  154
    2732          28.7097                    9                  154
    2733          30.9676                    9                  152
    2734          31.5747                   23                  127
    2735          31.3451                   61                  154
    2736          30.6560                    9                  154
    2737          30.2307                    9                  152
    2738          29.3538                   61                  152
    2739          29.0570                    9                  152
    2740          29.6490                    9                  152
    2741          29.4480                    9                  140
    2742          30.4746                    9                  140
    2743          31.1551                    9                  140
    2744          31.2107                   37                  153
    2745          31.0895                   37                  153
    2746          30.9101                    9                  126
    2747          29.0599                    9                  126
    2748          30.6953                    9                  126
    2749          30.9708                    9                  152
    2750          30.3583                    9                  152
    2751          31.0944                    9                  152
    2752          29.8212                    9                  152
    2753          29.4089                    9                  152
    2754          28.7860                    9                  152
    2755          29.8069                    9                  128
    2756          28.9961                    9                  128
    2757          29.8528                    9                  152
    2758          28.9102                    9                  152
    2759          28.6129                    9                  152
    2760          28.7966                   11                  152
    2761          29.8205                    9                  152
    2762          30.5839                    9                  154
    2763          29.9348                    9                  154
    2764          31.5457                    9                  152
    2765          31.2909                   75                  154
    2766          30.8310                   75                  153
    2767          31.0655                   61                  152
    2768          31.2171                   75                  153
    2769          30.9615                   75                  153
    2770          32.1279                   75                  153
    2771          30.5166                   75                  153
    2772          31.1129                   75                  153
    2773          31.3690                   75                  153
    2774          32.7997                   75                  153
    2775          33.5346                   75                  153
    2776          32.3064                   61                  153
    2777          32.8316                   61                  153
    2778          32.6970                   35                  152
    2779          31.6843                   11                  113
    2780          32.9171                   10                  113
    2781          31.7885                   10                  113
    2782          31.8700                   10                  113
    2783          31.3275                    9                  101
    2784          31.0318                   10                  113
    2785          30.8302                   35                  154
    2786          31.0851                   35                  154
    2787          30.9420                   35                  154
    2788          31.5231                   35                  154
    2789          31.7742                   35                  154
    2790          32.7106                   63                  153
    2791          32.5371                   35                  154
    2792          31.6163                   35                  154
    2793          31.7175                   35                  154
    2794          32.6945                   61                  153
    2795          32.4389                   35                  154
    2796          31.6538                   35                  154
    2797          31.0378                   23                  154
    2798          29.9915                   23                  154
    2799          29.5188                   23                  154
    2800          29.1265                   23                  154
    2801          28.8413                   23                  154
    2802          27.2728                   23                  154
    2803          26.9841                   23                  154
    2804          26.3734                   23                  154
    2805          27.3463                   35                  154
    2806          27.5277                   23                  154
    2807          28.5966                   23                  154
    2808          29.5638                   23                  154
    2809          28.6997                   23                  154
    2810          28.4313                   23                  154
    2811          29.0716                   23                  154
    2812          28.9501                   23                  154
    2813          28.9344                   23                  154
    2814          28.8401                   23                  154
    2815          28.5976                   23                  154
    2816          29.4704                   23                  154
    2817          30.2252                   35                  154
    2818          30.0348                   23                  154
    2819          30.4105                   35                  154
    2820          31.1080                   35                  154
    2821          32.0727                   23                  154
    2822          32.1082                   23                  154
    2823          32.4814                   35                  154
    2824          30.8952                   35                  154
    2825          33.1838                   10                  127
    2826          31.5027                   35                  154
    2827          30.3024                   35                  154
    2828          30.5449                   35                  154
    2829          31.2761                   35                  154
    2830          31.8716                   35                  154
    2831          29.7916                   35                  154
    2832          29.6121                   35                  154
    2833          30.1938                   23                  154
    2834          31.1081                   35                  154
    2835          30.0868                   35                  154
    2836          30.3828                   23                  154
    2837          30.6344                   23                  154
    2838          30.7255                   61                  128
    2839          30.7466                   61                  128
    2840          30.1150                   61                  128
    2841          30.6685                   61                  128
    2842          29.4841                   61                  128
    2843          30.0406                   61                  127
    2844          29.8348                   61                  127
    2845          29.7463                   61                  127
    2846          29.8510                   61                  127
    2847          30.1108                   35                  154
    2848          30.1012                   61                  127
    2849          29.4361                   61                  127
    2850          29.8475                   61                  127
    2851          29.4154                   61                  127
    2852          29.4122                   61                  127
    2853          30.5550                   61                  127
    2854          29.6976                   61                  127
    2855          29.6231                   61                  127
    2856          29.6598                   61                  127
    2857          29.8184                   61                  127
    2858          29.3836                   61                  127
    2859          30.0465                   61                  127
    2860          29.4182                   61                  127
    2861          29.7427                   61                  127
    2862          29.9260                   61                  127
    2863          29.0470                   61                  127
    2864          29.6692                   61                  127
    2865          29.3363                   61                  127
    2866          29.7671                   61                  127
    2867          29.4644                   61                  127
    2868          29.0176                   61                  127
    2869          30.2687                   61                  127
    2870          30.9923                   61                  127
    2871          31.3372                   61                  127
    2872          30.8746                   61                  127
    2873          31.2365                   61                  127
    2874          29.7093                   61                  127
    2875          30.4364                   61                  127
    2876          29.9200                   61                  127
    2877          30.2273                   61                  127
    2878          30.4641                   61                  127
    2879          30.8090                   61                  127
    2880          31.2937                   61                  127
    2881          30.9557                   61                  127
    2882          30.6071                   61                  127
    2883          30.8910                   63                  127
    2884          31.5977                   61                  127
    2885          30.6786                   61                  127
    2886          31.1547                   61                  127
    2887          32.3531                   24                  127
    2888          30.5998                   10                  102
    2889          29.8863                   11                  102
    2890          31.1960                   10                  102
    2891          31.1792                   61                  127
    2892          30.9433                   61                  127
    2893          31.4346                   61                  127
    2894          30.8566                   61                  127
    2895          30.2655                   61                  127
    2896          30.3729                   61                  127
    2897          29.6699                   61                  127
    2898          30.8450                   61                  127
    2899          30.0630                   35                  154
    2900          29.6002                   35                  154
    2901          29.9306                   35                  154
    2902          30.7096                   61                  127
    2903          29.8983                   35                  154
    2904          29.9714                   35                  153
    2905          29.8532                   35                  154
    2906          29.0875                   35                  154
    2907          29.8818                   35                  154
    2908          28.9726                   35                  154
    2909          29.4745                   35                  154
    2910          28.9330                   35                  154
    2911          29.5574                   35                  154
    2912          28.8821                   22                  154
    2913          27.7379                   22                  154
    2914          28.0857                   22                  154
    2915          27.6278                   22                  154
    2916          28.4382                   22                  154
    2917          28.4462                   23                  154
    2918          29.5435                   35                  154
    2919          28.5560                   35                  154
    2920          29.5429                   22                  154
    2921          28.3438                   35                  154
    2922          27.4366                   35                  154
    2923          28.1603                   35                  154
    2924          28.2445                   35                  154
    2925          26.9430                   35                  154
    2926          26.8231                   22                  154
    2927          26.2996                   35                  154
    2928          26.5124                   22                  154
    2929          26.4993                   35                  154
    2930          25.2442                   22                  154
    2931          26.5692                   22                  153
    2932          25.7290                   22                  153
    2933          25.8100                   22                  153
    2934          25.9622                   22                  153
    2935          24.7521                   22                  153
    2936          25.4973                   22                  153
    2937          24.4995                   22                  153
    2938          25.0759                   22                  153
    2939          24.7650                   22                  153
    2940          25.4679                   23                  153
    2941          24.9436                   22                  153
    2942          26.3221                   22                  153
    2943          26.1020                   22                  153
    2944          26.8910                   22                  153
    2945          25.6432                   22                  153
    2946          25.4714                   22                  153
    2947          24.8932                   22                  153
    2948          25.6607                   22                  153
    2949          24.5814                   22                  153
    2950          24.6712                   22                  153
    2951          24.9211                   22                  153
    2952          23.9204                   22                  153
    2953          23.7832                   22                  153
    2954          22.9770                   22                  153
    2955          24.0273                   22                  153
    2956          23.5161                   22                  153
    2957          24.3400                   22                  153
    2958          25.0976                   22                  153
    2959          24.5534                   22                  153
    2960          24.8078                   23                  153
    2961          25.5957                   23                  153
    2962          25.2311                   22                  153
    2963          24.0283                   22                  153
    2964          25.3972                   23                  153
    2965          25.0473                   23                  153
    2966          24.2570                   22                  153
    2967          23.2145                   22                  153
    2968          23.9214                   22                  153
    2969          24.7408                   23                  153
    2970          25.3336                   23                  153
    2971          25.4847                   22                  153
    2972          26.3701                   22                  153
    2973          27.1953                   22                  153
    2974          24.5705                   22                  153
    2975          26.8504                   22                  153
    2976          25.2915                   22                  153
    2977          24.7605                   22                  153
    2978          24.3359                   22                  153
    2979          23.6507                   22                  153
    2980          24.0008                   22                  153
    2981          24.9269                   22                  153
    2982          24.6891                   22                  153
    2983          24.8948                   23                  153
    2984          25.0843                   22                  153
    2985          24.6876                   22                  153
    2986          25.8159                   23                  153
    2987          26.2558                   23                  153
    2988          26.8119                   23                  153
    2989          26.1382                   23                  153
    2990          27.5165                   24                  153
    2991          25.4838                   22                  153
    2992          24.0892                   22                  153
    2993          24.7295                   22                  153
    2994          25.6918                   23                  153
    2995          25.6080                   22                  153
    2996          25.6221                   22                  153
    2997          26.2438                   22                  153
    2998          25.4295                   22                  153
    2999          25.8693                   22                  153
    3000          26.2534                   22                  153
    3001          26.5416                   22                  153
    3002          25.8079                   22                  153
    3003          24.9281                   22                  153
    3004          24.2603                   22                  153
    3005          24.3963                   22                  153
    3006          24.3589                   22                  153
    3007          24.6377                   22                  153
    3008          24.9590                   22                  153
    3009          23.7178                   22                  153
    3010          24.9516                   22                  153
    3011          24.8527                   22                  153
    3012          25.0101                   22                  153
    3013          24.8616                   22                  153
    3014          25.0565                   22                  153
    3015          25.3325                   22                  153
    3016          25.7895                   22                  153
    3017          25.4170                   22                  153
    3018          25.7144                   22                  153
    3019          26.1278                   23                  153
    3020          25.6778                   22                  153
    3021          25.9721                   22                  153
    3022          24.8774                   22                  153
    3023          25.1203                   22                  153
    3024          26.0024                   22                  153
    3025          25.9069                   22                  153
    3026          26.3460                   22                  153
    3027          25.9797                   22                  153
    3028          26.5176                   22                  153
    3029          25.9766                   22                  153
    3030          25.4611                   22                  153
    3031          25.7160                   22                  153
    3032          25.1700                   22                  153
    3033          25.9181                   22                  153
    3034          24.9859                   22                  153
    3035          25.2234                   22                  153
    3036          25.3495                   22                  153
    3037          25.9106                   22                  153
    3038          24.9802                   22                  153
    3039          24.6823                   22                  153
    3040          25.9026                   22                  154
    3041          26.0301                   22                  154
    3042          26.1202                   24                  154
    3043          24.7285                   22                  153
    3044          25.6102                   24                  153
    3045          24.9222                   22                  153
    3046          25.6396                   22                  153
    3047          25.1381                   22                  153
    3048          25.8166                   24                  153
    3049          24.6901                   24                  153
    3050          24.3629                   22                  153
    3051          24.9728                   22                  153
    3052          24.3876                   22                  153
    3053          25.4798                   22                  153
    3054          25.5587                   22                  153
    3055          25.6087                   22                  153
    3056          25.3344                   24                  153
    3057          25.5427                   24                  153
    3058          26.2224                   24                  153
    3059          24.6665                   22                  153
    3060          24.9712                   22                  153
    3061          26.5958                   24                  153
    3062          26.1144                   24                  153
    3063          25.8437                   24                  153
    3064          26.1914                   24                  153
    3065          26.3727                   11                  153
    3066          26.8741                   11                  153
    3067          26.6796                   10                  153
    3068          25.4417                   10                  153
    3069          24.2679                   10                  153
    3070          27.0684                   10                  153
    3071          26.9419                   10                  153
    3072          27.5211                   24                  153
    3073          28.1069                   10                  153
    3074          27.6886                   10                  153
    3075          26.0646                   22                  153
    3076          26.9399                   22                  153
    3077          26.2315                   22                  153
    3078          26.3018                   22                  153
    3079          26.6946                   22                  153
    3080          26.1249                   22                  153
    3081          26.9874                   22                  153
    3082          25.9648                   22                  153
    3083          26.1799                   22                  154
    3084          25.6682                   10                  153
    3085          26.7953                   10                  153
    3086          26.2328                   10                  153
    3087          27.5000                   10                  153
    3088          26.5428                   10                  153
    3089          27.6090                   10                  153
    3090          27.4330                   10                  153
    3091          27.6839                   22                  153
    3092          28.3510                   22                  153
    3093          27.9368                   23                  153
    3094          28.0383                   23                  153
    3095          29.4176                   22                  153
    3096          29.1608                   22                  154
    3097          29.7492                   24                  154
    3098          30.0434                   24                  153
    3099          28.9541                   22                  153
    3100          29.2520                   23                  154
    3101          29.6171                   23                  154
    3102          28.5744                   22                  153
    3103          29.6187                   22                  153
    3104          31.3941                   23                  150
    3105          29.3045                   22                  150
    3106          30.1301                   22                  155
    3107          29.6507                   22                  153
    3108          29.2002                   22                  153
    3109          30.0557                   22                  153
    3110          32.6457                   23                  126
    3111          31.8337                   22                  155
    3112          30.1154                   22                  154
    3113          32.2510                   23                  155
    3114          32.3600                   22                  155
    3115          31.8204                   22                  150
    3116          32.3714                   23                  155
    3117          31.9918                   23                  126
    3118          31.6956                   22                  155
    3119          32.4362                   23                  126
    3120          31.8045                   22                  150
    3121          31.0192                   22                  150
    3122          30.5108                   22                  150
    3123          31.4188                   23                  150
    3124          30.3467                   23                  153
    3125          30.1932                   23                  153
    3126          28.8686                   23                  153
    3127          29.6937                   23                  150
    3128          30.3299                   23                  150
    3129          30.2249                   23                  150
    3130          29.2128                   23                  150
    3131          29.9559                   23                  150
    3132          30.5656                   23                  150
    3133          30.9219                   23                  150
    3134          30.0072                   23                  153
    3135          29.7933                   22                  153
    3136          29.7506                   23                  153
    3137          30.6593                   22                  153
    3138          29.2096                   23                  153
    3139          30.6689                   23                  153
    3140          30.9639                   22                  153
    3141          31.0932                   22                  153
    3142          29.8489                   22                  153
    3143          30.3411                   23                  153
    3144          29.8079                   22                  153
    3145          31.0060                   22                  153
    3146          30.4304                   22                  153
    3147          31.4458                   22                  153
    3148          31.4081                   22                  153
    3149          31.4433                   22                  153
    3150          30.5194                   23                  153
    3151          32.4203                   22                  152
    3152          31.5918                   23                  152
    3153          30.4472                   23                  152
    3154          31.9287                   23                  153
    3155          31.8884                   22                  153
    3156          32.4296                   11                  113
    3157          33.8172                   22                  152
    3158          33.3847                   11                  113
    3159          32.7787                   22                  152
    3160          32.2553                   22                  152
    3161          33.8283                   22                  152
    3162          32.3015                   10                  152
    3163          32.9576                   22                  152
    3164          30.3371                   22                  152
    3165          31.2386                   22                  152
    3166          31.6004                   23                  152
    3167          28.4938                   22                  152
    3168          28.0708                   22                  152
    3169          29.5050                   23                  152
    3170          28.5677                   23                  152
    3171          29.9238                   22                  152
    3172          31.6087                   23                  152
    3173          31.5930                   22                  152
    3174          31.9210                   22                  152
    3175          31.5603                   22                  152
    3176          31.7824                   11                  114
    3177          32.2038                   22                  152
    3178          31.4408                   11                  113
    3179          31.0097                   23                  152
    3180          30.5576                   23                  152
    3181          30.9664                   11                  114
    3182          30.2630                   22                  152
    3183          29.5712                   23                  152
    3184          30.1357                   23                  152
    3185          29.9976                   23                  152
    3186          30.3820                   22                  152
    3187          29.4458                   23                  152
    3188          29.9946                   23                  154
    3189          28.3677                   23                  152
    3190          29.9548                   22                  152
    3191          29.3279                   22                  154
    3192          29.4658                   22                  152
    3193          30.9316                   22                  152
    3194          30.2657                   22                  154
    3195          30.7937                   22                  152
    3196          31.7697                   23                  154
    3197          32.0860                   23                  154
    3198          28.9241                   22                  152
    3199          31.0659                   23                  152
    3200          29.3058                   22                  152
    3201          27.4436                   22                  152
    3202          29.1625                   22                  152
    3203          29.1776                   22                  152
    3204          27.0642                   23                  152
    3205          27.4712                   22                  152
    3206          27.9928                   22                  152
    3207          27.3640                   23                  152
    3208          27.2440                   23                  152
    3209          26.9129                   23                  152
    3210          28.8372                   23                  152
    3211          28.1015                   23                  152
    3212          29.1540                   23                  152
    3213          28.8487                   23                  152
    3214          30.7512                   23                  152
    3215          29.3114                   23                  152
    3216          30.4538                   23                  152
    3217          30.2240                   23                  152
    3218          31.1922                   22                  152
    3219          29.6409                   23                  152
    3220          31.0740                   23                  152
    3221          31.1735                   23                  152
    3222          29.6320                   23                  153
    3223          29.5104                   23                  153
    3224          32.2566                   22                  153
    3225          31.1226                   23                  153
    3226          31.6484                   22                  153
    3227          32.0092                   23                  153
    3228          32.2880                   23                  153
    3229          31.6687                   22                  152
    3230          32.9286                   23                  152
    3231          33.0365                   11                  114
    3232          33.1384                   11                  113
    3233          33.6167                   11                  113
    3234          33.3206                   11                  113
    3235          32.8537                   11                  101
    3236          32.9341                   11                  101
    3237          31.9104                   11                  102
    3238          30.7282                   11                  102
    3239          31.2120                   10                  102
    3240          31.5033                   11                  101
    3241          31.2533                   10                  101
    3242          31.2989                   11                  102
    3243          31.5225                   11                  113
    3244          32.4266                   10                  102
    3245          31.3463                   11                  113
    3246          31.4941                   11                  114
    3247          31.5387                   11                  113
    3248          32.7029                   11                  102
    3249          32.1605                   11                  102
    3250          32.5782                   11                  102
    3251          30.2742                   10                  113
    3252          30.7143                    9                  113
    3253          29.7370                    9                  114
    3254          30.8923                   11                  113
    3255          31.1529                   11                  114
    3256          30.5997                   11                  114
    3257          31.6373                   11                  114
    3258          31.8616                   11                  113
    3259          29.6512                   24                  154
    3260          31.4986                   24                  154
    3261          32.0923                   22                  154
    3262          29.9110                   24                  154
    3263          31.7125                   22                  150
    3264          31.6265                   22                  154
    3265          31.7720                   24                  153
    3266          32.5730                   22                  153
    3267          31.9310                   11                  102
    3268          32.0894                   11                  102
    3269          31.3642                   11                  102
    3270          31.1350                   10                  102
    3271          31.7790                   11                  102
    3272          32.4404                   10                  102
    3273          32.3911                   11                  100
    3274          31.6112                   10                  100
    3275          32.0307                   10                  101
    3276          31.2862                   10                  101
    3277          30.4635                   10                  113
    3278          31.4485                   10                  101
    3279          31.0622                   10                  115
    3280          29.7224                   10                  115
    3281          31.1533                   10                  113
    3282          32.0651                   11                  115
    3283          31.1747                   10                  113
    3284          30.3382                   10                  115
    3285          30.9077                   10                  115
    3286          30.4425                   10                  101
    3287          30.5490                   10                  102
    3288          30.7890                   10                  102
    3289          30.4006                   10                  102
    3290          30.3283                   10                  101
    3291          29.9627                   10                  101
    3292          30.8327                   10                  101
    3293          30.9467                   11                  101
    3294          32.4517                   10                  101
    3295          31.8370                   10                  101
    3296          31.3197                   10                  101
    3297          31.7997                   10                  101
    3298          31.5357                   11                  100
    3299          32.6128                   10                  100
    3300          31.6142                   11                  100
    3301          32.6643                   11                  115
    3302          33.1074                   11                  101
    3303          32.7343                   11                  102
    3304          32.6121                   10                  101
    3305          32.8889                   10                  101
    3306          33.2282                   11                  115
    3307          32.3114                   11                  115
    3308          32.2711                   11                  100
    3309          32.4621                   11                  100
    3310          32.4027                   11                  101
    3311          31.8741                   22                  154
    3312          32.6092                   11                  101
    3313          31.0157                   22                  153
    3314          32.2382                   22                  154
    3315          31.6634                   22                  154
    3316          32.5107                   22                  153
    3317          30.9144                   22                  153
    3318          31.9853                   10                  102
    3319          31.6717                   10                  101
    3320          31.7862                   10                  101
    3321          31.1937                   11                  101
    3322          30.7141                   10                  101
    3323          31.6988                   10                  101
    3324          31.4735                   11                  101
    3325          31.5220                   11                  101
    3326          30.5236                   11                  102
    3327          28.9472                   11                  101
    3328          29.5187                   10                  101
    3329          30.9705                    9                  101
    3330          30.7135                   11                  101
    3331          30.2755                   11                  101
    3332          31.8100                   10                  101
    3333          30.3505                   11                  101
    3334          30.3757                   11                  101
    3335          31.3662                   10                  101
    3336          31.2011                   22                  153
    3337          30.3363                   11                  102
    3338          29.8323                   11                  101
    3339          30.7439                   10                  101
    3340          31.6541                   10                  100
    3341          30.4698                   10                  101
    3342          30.6598                   11                  101
    3343          31.2557                   10                  101
    3344          31.5789                   10                  101
    3345          32.4570                   11                  100
    3346          33.1666                   11                  102
    3347          33.0165                   11                  101
    3348          32.8718                   11                  102
    3349          33.1136                   11                  101
    3350          33.4878                   11                  101
    3351          32.2011                   11                  102
    3352          32.2994                   11                  102
    3353          33.6475                   11                  101
    3354          33.3178                   22                  154
    3355          32.0698                   22                  154
    3356          32.9224                   22                  154
    3357          32.2657                   24                  154
    3358          31.4037                   22                  154
    3359          32.6997                   22                  154
    3360          31.2146                   22                  154
    3361          31.1862                   22                  152
    3362          30.8146                   22                  152
    3363          30.7682                   24                  154
    3364          31.1879                   22                  153
    3365          32.9095                   24                  152
    3366          32.8052                   36                   61
    3367          33.1141                   36                   61
    3368          33.8139                   36                   61
    3369          32.2938                   24                  152
    3370          33.6697                   36                   61
    3371          33.2691                   36                   61
    3372          32.5644                   24                  152
    3373          33.2138                   36                   61
    3374          33.0763                   36                   61
    3375          32.0616                   24                  152
    3376          32.4511                   22                  152
    3377          31.6663                   22                  152
    3378          33.3674                   24                  153
    3379          33.3875                   24                  154
    3380          32.6200                   36                   62
    3381          33.4992                   36                   61
    3382          33.6079                   36                   61
    3383          33.3935                   36                   62
    3384          33.8175                   36                   62
    3385          32.1826                   24                  152
    3386          32.3808                   24                  152
    3387          32.7805                   24                  153
    3388          32.4394                   24                  153
    3389          32.9643                   24                  152
    3390          31.8328                   22                  152
    3391          32.4778                   24                  153
    3392          31.8867                   24                  152
    3393          32.7431                   11                  100
    3394          32.4647                   24                  153
    3395          33.3246                   24                  154
    3396          33.1945                   37                  101
    3397          32.6047                   61                  153
    3398          32.7755                   37                  101
    3399          33.0576                   37                   75
    3400          33.0917                   37                  101
    3401          32.6880                   37                  101
    3402          33.6532                   37                  101
    3403          32.7258                   37                  101
    3404          31.8353                   37                   76
    3405          33.0435                   37                   76
    3406          31.7210                   37                   74
    3407          33.0717                   37                   61
    3408          32.3904                   37                  101
    3409          32.8324                   22                   62
    3410          32.8827                   22                   62
    3411          32.9914                   22                   76
    3412          32.5874                   35                   62
    3413          33.7986                   22                  101
    3414          33.4812                   35                   62
    3415          33.7565                   35                   62
    3416          33.5095                   35                   62
    3417          32.5485                   35                  152
    3418          31.7183                   35                  152
    3419          30.3885                   35                  152
    3420          29.6401                   35                  152
    3421          29.3764                   35                  153
    3422          29.6679                   35                  153
    3423          30.7699                   35                  153
    3424          29.4345                   35                  153
    3425          29.8358                   35                  152
    3426          29.8186                   35                  152
    3427          30.1326                   35                  152
    3428          30.4728                   35                  152
    3429          30.9341                   35                  152
    3430          32.7725                   22                   63
    3431          32.8088                   24                   62
    3432          32.3330                   24                   62
    3433          30.6760                   35                  153
    3434          30.9679                   35                  152
    3435          31.0911                   35                  152
    3436          31.5039                   35                  153
    3437          31.2226                   11                  114
    3438          32.0383                   11                  115
    3439          31.7521                   11                  115
    3440          32.2482                    9                  115
    3441          32.9501                   11                  115
    3442          32.1149                   11                  115
    3443          33.3734                   11                  114
    3444          32.9537                   11                  114
    3445          33.0830                   24                   63
    3446          33.3041                   24                   63
    3447          33.1908                   35                  139
    3448          33.5231                   35                  139
    3449          33.5485                   11                  101
    3450          32.5619                   35                  139
    3451          32.3261                   24                   63
    3452          31.6886                   35                  153
    3453          30.5677                   35                  153
    3454          29.6372                   35                  153
    3455          30.9101                   35                  152
    3456          30.6902                   35                  152
    3457          31.2559                   35                  153
    3458          31.8238                   35                  153
    3459          30.6538                   35                  152
    3460          31.8491                   35                  139
    3461          32.1854                   24                  139
    3462          30.1683                   35                  152
    3463          29.8248                   35                  152
    3464          29.4698                   35                  152
    3465          30.1078                   35                  152
    3466          29.9764                   35                  154
    3467          30.4701                   35                  154
    3468          27.7295                   35                  152
    3469          28.8732                   35                  152
    3470          28.8422                   35                  152
    3471          27.4694                   35                  152
    3472          26.7103                   35                  152
    3473          26.6263                   35                  152
    3474          26.5066                   35                  152
    3475          27.5229                   35                  152
    3476          28.3259                   35                  152
    3477          26.8096                   35                  154
    3478          27.9759                   35                  154
    3479          28.9459                   35                  152
    3480          28.3650                   35                  154
    3481          27.9978                   35                  152
    3482          27.8386                   35                  152
    3483          27.9391                   35                  154
    3484          28.8863                   35                  154
    3485          27.4666                   35                  154
    3486          28.4683                   22                  154
    3487          28.1143                   35                  152
    3488          28.4641                   22                  154
    3489          30.5027                   22                  150
    3490          29.8110                   22                  152
    3491          30.6360                   22                  155
    3492          30.1743                   22                  155
    3493          30.1324                   22                  150
    3494          29.8546                   22                  150
    3495          28.9116                   22                  152
    3496          29.5246                   22                  152
    3497          30.4222                   22                  152
    3498          30.6800                   22                  139
    3499          30.8998                   22                  139
    3500          30.3259                   22                  141
    3501          30.2878                   22                  139
    3502          29.6325                   22                  139
    3503          30.4673                   22                  152
    3504          30.4058                   22                  152
    3505          31.3957                   22                  139
    3506          29.8688                   22                  152
    3507          30.6332                   22                  139
    3508          31.2638                   22                  139
    3509          31.5449                   22                  139
    3510          31.0691                   22                  140
    3511          29.6373                   22                  140
    3512          30.5893                   22                  140
    3513          30.3072                   22                  139
    3514          30.7957                   22                  139
    3515          31.6680                   22                  140
    3516          30.8164                   22                  140
    3517          32.1529                   22                  139
    3518          31.1787                   22                  140
    3519          30.8933                   22                  140
    3520          31.7697                   22                  140
    3521          31.6664                   22                  140
    3522          32.2275                   22                  140
    3523          32.7487                   22                  139
    3524          32.4529                  115                  154
    3525          32.5279                   22                  139
    3526          31.7737                   22                  139
    3527          31.2099                   22                  139
    3528          30.7382                   22                  139
    3529          30.6302                   22                  139
    3530          31.2047                   22                  139
    3531          31.6427                   22                  139
    3532          32.3719                   22                  139
    3533          32.1725                   22                  139
    3534          33.7411                   22                  139
    3535          32.7017                   22                  139
    3536          33.9397                  115                  154
    3537          33.1654                   37                  139
    3538          33.5497                   22                  140
    3539          33.5692                   22                  140
    3540          33.0051                   22                  140
    3541          32.5510                   22                  140
    3542          33.0750                   22                  140
    3543          33.3882                   22                  140
    3544          32.3579                   22                  140
    3545          32.8854                   22                  140
    3546          32.7043                   22                  140
    3547          32.1659                   22                  140
    3548          32.9052                   22                  140
    3549          33.5097                   22                  140
    3550          32.0345                   22                  140
    3551          32.8634                   22                  140
    3552          32.7582                  115                  154
    3553          32.7530                  115                  154
    3554          32.7089                  115                  154
    3555          33.0989                  115                  154
    3556          32.2475                  114                  154
    3557          31.8998                  115                  154
    3558          32.5742                  115                  154
    3559          33.2312                   50                  100
    3560          32.3898                  115                  154
    3561          33.0532                   24                  140
    3562          33.7918                  115                  154
    3563          33.0169                   24                  140
    3564          33.9133                  115                  154
    3565          33.1334                  115                  154
    3566          32.8697                  115                  154
    3567          32.4483                   22                  140
    3568          32.7189                   22                  140
    3569          33.3449                   22                  140
    3570          33.7070                   22                  139
    3571          32.5394                   22                  139
    3572          32.7389                   22                  139
    3573          32.6248                  115                  153
    3574          32.2694                  115                  153
    3575          32.6594                   22                  140
    3576          31.8837                   22                  139
    3577          33.1175                   22                  140
    3578          32.5817                  115                  153
    3579          31.7734                   24                  140
    3580          31.9035                  115                  153
    3581          30.7779                   22                  154
    3582          30.7229                   22                  154
    3583          30.7560                  115                  153
    3584          31.2779                   24                  154
    3585          32.4526                  115                  154
    3586          32.7682                  114                  154
    3587          32.1578                   22                  140
    3588          32.9988                   22                  140
    3589          33.6031                  114                  154
    3590          32.4583                   24                  154
    3591          30.9965                   22                  154
    3592          31.5543                   24                  154
    3593          33.4047                   22                  139
    3594          32.3666                  115                  153
    3595          32.9720                  115                  154
    3596          33.9208                   24                  140
    3597          34.0633                   22                  139
    3598          31.9503                   22                  140
    3599          32.7388                   22                  139
    3600          31.0104                   24                  139
    3601          30.0299                   24                  139
    3602          30.4832                   24                  141
    3603          32.3895                   24                  141
    3604          32.0200                   24                  141
    3605          31.2880                   22                  141
    3606          31.3381                   22                  141
    3607          31.7792                   24                  141
    3608          32.8787                   24                  141
    3609          34.8378                   24                  141
    3610          34.9973                   24                  141
    3611          35.0616                   24                  141
    3612          35.2819                   36                  153
    3613          34.1932                   37                  153
    3614          33.0183                   37                  153
    3615          33.1647                   36                  153
    3616          34.0042                  114                  141
    3617          33.7329                   24                  141
    3618          33.9615                   24                  141
    3619          33.1453                   24                  139
    3620          32.6190                   24                  141
    3621          30.8961                   24                  141
    3622          31.6534                   24                  141
    3623          30.5583                   22                  141
    3624          28.9797                   22                  141
    3625          29.0526                   24                  141
    3626          27.9863                   22                  141
    3627          27.4452                   22                  141
    3628          27.7552                   22                  141
    3629          26.9067                   22                  141
    3630          27.9523                   22                  141
    3631          27.8358                   24                  141
    3632          28.0651                   24                  141
    3633          27.1244                   24                  141
    3634          28.5727                   24                  141
    3635          28.4450                   24                  141
    3636          26.6556                   22                  141
    3637          26.7018                   22                  141
    3638          26.5496                   24                  141
    3639          27.5491                   24                  141
    3640          28.2897                   24                  141
    3641          29.9951                   24                  141
    3642          29.4985                   22                  139
    3643          28.0866                   22                  139
    3644          27.6513                   22                  139
    3645          27.9840                   22                  139
    3646          28.5557                   22                  139
    3647          29.2467                   22                  139
    3648          29.0348                   22                  139
    3649          29.5179                   22                  141
    3650          30.9159                   22                  139
    3651          30.4182                   22                  141
    3652          31.0534                   22                  141
    3653          30.3116                   22                  141
    3654          30.5326                   22                  141
    3655          29.4928                   22                  141
    3656          28.7152                   22                  139
    3657          28.6205                   22                  140
    3658          28.7638                   22                  139
    3659          28.0910                   22                  141
    3660          27.7699                   22                  141
    3661          28.4244                   22                  140
    3662          27.8051                   22                  141
    3663          27.0412                   22                  141
    3664          26.5016                   22                  141
    3665          26.2298                   22                  141
    3666          25.3182                   22                  141
    3667          26.4932                   22                  140
    3668          25.8770                   22                  140
    3669          26.4076                   22                  141
    3670          26.1382                   22                  140
    3671          27.2369                   22                  152
    3672          26.7529                   22                  141
    3673          26.3660                   22                  140
    3674          25.5284                   22                  140
    3675          25.8576                   22                  141
    3676          26.1130                   24                  140
    3677          25.0701                   24                  141
    3678          25.7601                   24                  140
    3679          24.6748                   24                  140
    3680          25.2951                   24                  141
    3681          27.2544                   22                  152
    3682          27.8682                   24                  152
    3683          26.4468                   24                  152
    3684          27.2955                   24                  140
    3685          26.9563                   24                  140
    3686          27.4958                   24                  141
    3687          28.8818                   24                  140
    3688          27.9297                   24                  140
    3689          29.8786                   24                  141
    3690          29.5572                   24                  141
    3691          30.9103                   24                  140
    3692          29.4468                   24                  139
    3693          31.1453                   24                  140
    3694          31.0160                   11                  140
    3695          29.8975                   11                  140
    3696          30.7409                   11                  140
    3697          29.9453                   11                  140
    3698          29.7279                   11                  140
    3699          30.8206                   11                  140
    3700          30.7431                   11                  140
    3701          30.4036                   11                  140
    3702          30.7207                   11                  140
    3703          29.9384                   22                  152
    3704          30.7827                   11                  141
    3705          28.8934                   11                  140
    3706          29.7531                   24                  141
    3707          28.6710                   24                  141
    3708          27.0198                   22                  152
    3709          26.9555                   22                  152
    3710          27.6214                   22                  152
    3711          27.7345                   24                  152
    3712          29.1095                   24                  139
    3713          28.1241                   24                  152
    3714          28.3168                   22                  152
    3715          28.0822                   24                  140
    3716          26.5479                   22                  152
    3717          26.2258                   22                  152
    3718          26.1266                   24                  152
    3719          25.4389                   24                  152
    3720          25.1974                   22                  152
    3721          25.3865                   22                  152
    3722          26.1856                   22                  152
    3723          25.4922                   22                  152
    3724          25.7316                   22                  152
    3725          26.8410                   22                  152
    3726          25.3174                   22                  152
    3727          25.9878                   22                  152
    3728          25.7513                   22                  152
    3729          25.5305                   22                  152
    3730          24.7325                   22                  154
    3731          23.6523                   22                  152
    3732          24.9457                   22                  152
    3733          24.1450                   22                  152
    3734          23.3524                   22                  152
    3735          24.3812                   22                  152
    3736          23.7185                   22                  152
    3737          24.0949                   22                  152
    3738          24.5139                   22                  152
    3739          23.2703                   22                  152
    3740          23.4757                   22                  153
    3741          22.6530                   22                  152
    3742          23.4166                   22                  152
    3743          24.1980                   22                  152
    3744          23.6169                   22                  154
    3745          23.5005                   22                  154
    3746          23.0786                   22                  154
    3747          23.2346                   24                  154
    3748          22.1205                   24                  152
    3749          21.4669                   24                  152
    3750          22.0882                   22                  152
    3751          24.2519                   22                  154
    3752          23.0268                   23                  154
    3753          22.5695                   23                  152
    3754          23.2881                   23                  154
    3755          23.0540                   23                  153
    3756          23.6339                   23                  154
    3757          23.6385                   23                  154
    3758          24.0317                   23                  154
    3759          24.1651                   23                  154
    3760          26.4152                   23                  153
    3761          25.2159                   23                  153
    3762          26.3629                   23                  153
    3763          27.0596                   23                  153
    3764          27.3454                   23                  154
    3765          27.4412                   23                  154
    3766          27.2275                   23                  152
    3767          27.4624                   22                  154
    3768          27.7275                   23                  154
    3769          26.7302                   23                  154
    3770          26.6583                   23                  152
    3771          26.8401                   23                  153
    3772          27.6254                   22                  153
    3773          27.5113                   23                  152
    3774          27.1581                   23                  152
    3775          26.9511                   23                  152
    3776          27.1491                   23                  152
    3777          28.1275                   23                  152
    3778          28.0389                   23                  152
    3779          28.4575                   23                  154
    3780          28.7024                   23                  152
    3781          29.7930                   23                  152
    3782          30.9859                   23                  154
    3783          30.8795                   23                  153
    3784          29.4851                   22                  154
    3785          29.4279                   22                  152
    3786          29.9936                   22                  154
    3787          30.2840                   22                  154
    3788          29.3819                   22                  154
    3789          29.1427                   22                  154
    3790          30.8101                   24                  154
    3791          31.6140                   22                  152
    3792          31.2640                   22                  154
    3793          30.1814                   22                  154
    3794          30.1706                   22                  154
    3795          29.7140                   22                  154
    3796          29.2095                   22                  154
    3797          29.7896                   24                  154
    3798          29.1219                   24                  154
    3799          30.9871                   24                  154
    3800          31.5814                   24                  154
    3801          32.0449                   22                  153
    3802          31.6247                   24                  154
    3803          31.3317                   24                  154
    3804          31.6552                   24                  154
    3805          31.0962                   24                  154
    3806          31.8952                   24                  154
    3807          31.5030                   24                  153
    3808          31.7354                   24                  154
    3809          31.5748                   22                  153
    3810          31.5206                   22                  152
    3811          31.9839                   24                  154
    3812          32.6464                   24                  154
    3813          31.7443                   22                  154
    3814          32.1240                   22                  154
    3815          33.9303                   24                  154
    3816          34.4258                   22                  154
    3817          34.3715                  100                  140
    3818          33.3296                   23                  100
    3819          33.3606                    9                  100
    3820          34.3823                   10                  101
    3821          33.7177                   23                  101
    3822          32.9774                   23                  100
    3823          33.6010                   10                  100
    3824          32.6003                   10                  101
    3825          32.4741                   10                  100
    3826          31.9559                   10                  101
    3827          30.9762                   10                  100
    3828          30.4340                   10                  140
    3829          30.7318                   10                  140
    3830          30.2430                   10                  140
    3831          30.2011                   10                  140
    3832          31.2480                   10                  140
    3833          30.8354                   10                  140
    3834          29.1439                   10                  140
    3835          30.4233                   10                  140
    3836          29.9095                   10                  140
    3837          28.4344                   10                  140
    3838          29.6272                   10                  140
    3839          28.7991                   10                  140
    3840          26.9933                   10                  140
    3841          28.6442                   10                  140
    3842          29.2715                   10                  140
    3843          26.9283                    9                  140
    3844          27.0123                    9                  140
    3845          28.9989                   10                  139
    3846          29.8688                   10                  140
    3847          30.3237                   10                  140
    3848          29.4231                   10                  140
    3849          31.4761                   10                  140
    3850          32.1012                   10                  140
    3851          32.0396                   10                  140
    3852          33.3363                   10                  140
    3853          33.0671                   10                  140
    3854          33.6948                   10                  140
    3855          33.8081                    1                  139
    3856          32.9836                    1                  139
    3857          32.6050                   48                  140
    3858          30.4644                   48                  140
    3859          30.9032                   48                  140
    3860          31.4902                   48                  140
    3861          32.0937                   48                  140
    3862          32.0662                   10                  139
    3863          33.3565                    1                  139
    3864          33.1994                   48                  139
    3865          33.6425                   48                  140
    3866          33.0378                   48                  140
    3867          33.8020                   48                  140
    3868          33.4437                   48                  140
    3869          33.1550                   48                  140
    3870          32.7416                   23                  100
    3871          32.7846                   23                  100
    3872          32.4088                   23                  101
    3873          32.0838                   22                  100
    3874          32.8445                   23                  101
    3875          32.0872                   24                  101
    3876          32.6519                   23                  100
    3877          33.0544                   23                  101
    3878          32.6176                   23                  101
    3879          32.5696                   23                  100
    3880          33.9049                   23                  139
    3881          32.6308                   23                  100
    3882          32.3096                   23                  100
    3883          32.2148                   23                  101
    3884          31.5681                   23                  100
    3885          30.7817                   23                  100
    3886          31.2654                   23                  100
    3887          31.5797                   22                  100
    3888          31.7401                   22                  100
    3889          31.2732                   22                  101
    3890          32.3405                   22                  100
    3891          32.4210                   23                  100
    3892          32.8840                   23                  100
    3893          33.5346                   23                  101
    3894          33.2630                   23                  100
    3895          32.5972                   22                  100
    3896          32.0940                   23                  100
    3897          32.5947                   23                  100
    3898          32.3965                   23                  101
    3899          33.5069                   23                  100
    3900          32.8126                   22                  100
    3901          32.2845                   22                  100
    3902          32.2251                   22                  100
    3903          33.1269                    9                  127
    3904          33.1761                    9                  127
    3905          32.0533                    9                  126
    3906          32.2127                    9                  126
    3907          31.9789                    9                  126
    3908          32.4336                    9                  126
    3909          32.1146                    9                  126
    3910          32.2307                    9                  126
    3911          31.7549                    9                  126
    3912          32.3695                    9                  126
    3913          31.6895                    9                  126
    3914          31.0557                    9                  126
    3915          30.7974                    9                  126
    3916          31.4386                    9                  126
    3917          31.7344                    9                  126
    3918          31.4176                    9                  126
    3919          31.9772                    9                  126
    3920          30.7331                    9                  126
    3921          31.5299                    9                  126
    3922          32.0225                    9                  126
    3923          32.8698                    9                  126
    3924          33.8115                   23                  140
    3925          33.2456                   22                  152
    3926          32.6625                   22                  152
    3927          33.5622                    9                  127
    3928          34.1569                   22                  152
    3929          33.7994                   22                  152
    3930          33.3002                   48                  140
    3931          33.8997                   48                  140
    3932          33.5125                    9                  126
    3933          33.3164                   23                  140
    3934          32.6411                   49                  140
    3935          30.9493                   23                  140
    3936          31.6157                   23                  140
    3937          32.5450                   48                  140
    3938          33.4921                  102                  154
    3939          33.2514                    9                  126
    3940          32.9660                    9                  126
    3941          32.3125                   49                  140
    3942          31.3030                   49                  140
    3943          31.1911                   49                  140
    3944          33.2119                   49                  140
    3945          32.6101                   22                  154
    3946          32.6295                  102                  153
    3947          31.9238                  100                  154
    3948          32.0238                  100                  154
    3949          33.3295                  100                  153
    3950          33.3597                   10                  126
    3951          33.2078                   49                  140
    3952          33.5501                  102                  154
    3953          33.0531                   23                  140
    3954          33.3377                   23                  100
    3955          33.7147                   23                  100
    3956          33.4244                   10                  126
    3957          33.1481                   10                  126
    3958          33.8006                   10                  126
    3959          33.3555                   23                  100
    3960          33.4619                  115                  153
    3961          32.3407                  114                  154
    3962          32.9858                  115                  154
    3963          32.0761                   23                  100
    3964          32.4666                  115                  154
    3965          32.2133                   23                  101
    3966          33.1089                   10                  126
    3967          33.4082                   10                  126
    3968          33.5250                   23                  100
    3969          34.3000                   23                  101
    3970          33.5183                  100                  141
    3971          34.1302                  100                  141
    3972          34.5876                   10                  126
    3973          34.3967                   10                  126
    3974          32.6892                   10                  126
    3975          33.4878                   10                  126
    3976          34.1609                   10                  126
    3977          32.8162                   10                  126
    3978          32.9133                   23                  100
    3979          32.2729                   23                  100
    3980          34.2908                   23                  101
    3981          33.5036                   23                  101
    3982          33.5800                  100                  139
    3983          33.8845                   23                  100
    3984          34.5383                  115                  153
    3985          33.8192                   23                  101
    3986          32.3133                   23                  101
    3987          31.1538                   23                  101
    3988          31.3778                   23                  101
    3989          32.2114                   23                  101
    3990          31.4934                   22                  101
    3991          32.6690                   23                  101
    3992          32.6376                   23                  100
    3993          33.2719                   23                  100
    3994          32.3451                   23                  100
    3995          33.3726                   23                  100
    3996          32.8169                   23                  100
    3997          33.1359                   23                  101
    3998          32.3871                   23                  100
    3999          33.0371                   23                  101
    4000          33.3142                   23                  101
    4001          32.0174                   23                  100
    4002          30.8083                   23                  141
    4003          30.7032                   23                  141
    4004          31.4993                   23                  141
    4005          31.5812                   23                  141
    4006          30.6772                   23                  141
    4007          30.0244                   23                  141
    4008          29.4757                   23                  141
    4009          30.2179                   23                  141
    4010          30.8369                   23                  141
    4011          31.8641                   37                  140
    4012          30.9484                   23                  141
    4013          31.9636                   23                  141
    4014          31.1513                   23                  141
    4015          30.7510                   23                  141
    4016          30.6926                   23                  141
    4017          31.0270                   23                  141
    4018          29.7302                   23                  141
    4019          30.9277                   23                  141
    4020          29.4380                   23                  141
    4021          29.3486                   23                  141
    4022          28.6740                   23                  141
    4023          27.9452                   23                  141
    4024          29.0041                   23                  141
    4025          28.6581                   23                  141
    4026          28.6177                   23                  141
    4027          30.8887                   23                  141
    4028          30.8155                   37                  141
    4029          30.9249                   23                  141
    4030          32.4645                   23                  141
    4031          32.2536                   36                  141
    4032          29.7720                   23                  141
    4033          30.1363                   23                  141
    4034          30.4847                   23                  141
    4035          31.2170                   37                  141
    4036          30.4798                   23                  141
    4037          30.9656                   23                  141
    4038          31.0052                   36                  141
    4039          31.2962                   37                  141
    4040          31.9340                   23                  141
    4041          31.8524                   36                  141
    4042          31.8105                   23                  141
    4043          31.4957                   23                  141
    4044          32.7173                   50                  114
    4045          32.7474                   23                  141
    4046          33.0557                  113                  154
    4047          33.5312                  113                  154
    4048          33.5312                  113                  154
    4049          33.4764                  113                  154
    4050          33.2120                  114                  153
    4051          32.8381                   10                  113
    4052          33.2734                   10                   37
    4053          32.1924                   10                  113
    4054          33.0433                   10                  113
    4055          32.8620                   49                  114
    4056          32.7110                   49                  114
    4057          33.6080                   48                  114
    4058          32.9685                  114                  154
    4059          31.6877                  113                  154
    4060          32.1672                  114                  154
    4061          33.3405                  114                  154
    4062          32.1620                  114                  154
    4063          32.4808                  114                  154
    4064          32.4599                  113                  154
    4065          33.0382                  113                  154
    4066          33.1365                  114                  154
    4067          32.3896                  114                  154
    4068          32.5248                  114                  154
    4069          32.9928                  114                  154
    4070          32.9819                  113                  154
    4071          32.9904                  113                  154
    4072          32.7813                  114                  154
    4073          33.9752                  114                  154
    4074          33.4594                   24                  127
    4075          33.3832                  114                  154
    4076          34.1165                  113                  154
    4077          33.8898                  113                  154
    4078          32.7534                  114                  154
    4079          34.5598                  113                  154
    4080          33.6459                   24                  127
    4081          33.1731                   10                  153
    4082          32.5707                   10                  126
    4083          32.4401                   10                  153
    4084          32.4324                   24                  127
    4085          32.8280                   10                  153
    4086          32.3459                   24                  127
    4087          31.2709                   24                  127
    4088          32.6266                   24                  127
    4089          32.4339                   10                  127
    4090          33.6357                   24                  127
    4091          32.4070                   24                  127
    4092          32.9004                   24                  127
    4093          33.0608                   24                  127
    4094          33.8257                   24                  127
    4095          33.2292                  113                  152
    4096          33.1677                  113                  152
    4097          33.5113                  114                  152
    4098          34.2045                   10                  127
    4099          33.7678                   49                  115
    4100          34.1426                  114                  154
    4101          33.9416                   24                  127
    4102          33.6295                   24                  127
    4103          33.5652                  114                  152
    4104          32.7701                  115                  152
    4105          33.3052                  115                  152
    4106          33.6911                   24                  127
    4107          32.7797                  115                  152
    4108          33.6998                  115                  152
    4109          34.2452                  114                  152
    4110          33.4418                  115                  152
    4111          33.0627                  115                  152
    4112          32.9648                  114                  152
    4113          32.9183                  114                  152
    4114          33.3922                  114                  152
    4115          33.1733                   24                  127
    4116          32.3534                   24                  127
    4117          32.7009                   24                  128
    4118          33.0606                   24                  128
    4119          32.9820                  114                  154
    4120          32.6633                  114                  154
    4121          32.2885                   22                  128
    4122          30.8723                   22                  128
    4123          31.1974                   22                  128
    4124          32.8069                   22                  127
    4125          32.8426                   22                  128
    4126          31.8496                   22                  127
    4127          31.6873                   22                  127
    4128          31.0848                   22                  127
    4129          31.4811                   22                  127
    4130          32.8651                   22                  127
    4131          30.9739                   22                  127
    4132          32.1449                   22                  127
    4133          32.1137                   10                  128
    4134          31.9881                   10                  127
    4135          31.4874                   10                  128
    4136          32.8293                   10                  127
    4137          31.7831                   10                  127
    4138          31.0123                   10                  127
    4139          31.6163                   10                  127
    4140          29.5960                   10                  127
    4141          30.7442                   10                  127
    4142          29.9161                   10                  127
    4143          29.4865                   10                  127
    4144          30.3688                   10                  127
    4145          29.9884                   10                  127
    4146          30.9516                   10                  127
    4147          29.7044                   10                  127
    4148          29.4846                   10                  127
    4149          29.3747                   11                  127
    4150          29.5306                   10                  127
    4151          29.9158                   10                  127
    4152          30.3411                   10                  127
    4153          30.4275                   10                  127
    4154          30.3038                   11                  127
    4155          30.5452                   11                  127
    4156          30.6487                   10                  127
    4157          29.1524                   10                  127
    4158          30.8084                   10                  127
    4159          30.6792                   11                  127
    4160          30.8224                   11                  127
    4161          30.6344                   11                  127
    4162          31.4367                   10                  128
    4163          31.1775                   10                  127
    4164          31.1783                   10                  127
    4165          31.0947                   10                  127
    4166          31.6644                   10                  127
    4167          31.8402                   10                  127
    4168          29.1650                   10                  127
    4169          29.3502                   10                  127
    4170          30.9159                   11                  127
    4171          32.1000                   10                  127
    4172          31.9637                   10                  127
    4173          32.2505                   10                  127
    4174          32.1746                   10                  128
    4175          32.0867                   10                  128
    4176          33.3282                   24                  128
    4177          34.0414                   10                  128
    4178          33.7614                   35                  140
    4179          32.7781                  115                  140
    4180          32.4321                   35                  141
    4181          32.8993                   35                  140
    4182          32.5949                  115                  140
    4183          34.2486                  114                  141
    4184          33.7334                  113                  141
    4185          33.2195                  115                  140
    4186          32.6761                  115                  140
    4187          33.3395                  113                  140
    4188          33.4245                   23                  128
    4189          32.9864                   11                  127
    4190          32.1560                   23                  127
    4191          31.2454                   24                  127
    4192          32.2473                   24                  128
    4193          32.0987                   24                  128
    4194          32.3864                   24                  127
    4195          32.7461                   23                  127
    4196          32.9252                   11                  141
    4197          32.4590                   24                  127
    4198          32.5366                   23                  126
    4199          32.5081                   24                  139
    4200          33.9871                   10                  139
    4201          31.8433                   10                  140
    4202          32.6750                   24                  139
    4203          31.3885                   10                  139
    4204          31.8296                   10                  139
    4205          31.5341                   10                  141
    4206          31.9117                   10                  139
    4207          31.4451                   10                  139
    4208          30.4867                   10                  139
    4209          30.8169                   10                  139
    4210          32.2187                   10                  139
    4211          30.5936                   22                  127
    4212          30.5816                   24                  127
    4213          31.1402                   23                  127
    4214          31.1966                   22                  127
    4215          31.3749                   24                  127
    4216          30.8669                   10                  139
    4217          31.2127                   10                  141
    4218          32.0279                   11                  139
    4219          31.6231                   11                  139
    4220          31.4137                   22                  127
    4221          30.6024                   23                  127
    4222          30.9511                   23                  127
    4223          31.5863                   22                  127
    4224          30.5470                   24                  127
    4225          32.1246                   24                  145
    4226          32.0024                   23                  127
    4227          31.0536                   22                  127
    4228          30.0675                   11                  139
    4229          29.7027                   10                  139
    4230          30.5131                   10                  139
    4231          29.7923                   10                  139
    4232          31.0632                   11                  139
    4233          30.4043                   10                  139
    4234          30.7502                   10                  140
    4235          30.2263                   11                  139
    4236          29.4966                   10                  140
    4237          30.6941                   10                  140
    4238          31.3449                   11                  139
    4239          32.5432                   11                  139
    4240          31.7703                   11                  127
    4241          31.6692                   10                  139
    4242          30.6830                   10                  139
    4243          29.4034                   10                  139
    4244          29.4567                   11                  139
    4245          29.4728                   10                  139
    4246          28.8759                   10                  139
    4247          28.5637                   10                  141
    4248          27.5247                   10                  141
    4249          29.5785                   10                  139
    4250          29.9670                   10                  139
    4251          30.3193                   10                  139
    4252          30.3781                   10                  139
    4253          30.1390                   10                  127
    4254          31.4788                   10                  127
    4255          31.4582                   10                  127
    4256          31.7055                   10                  139
    4257          32.2956                   10                  126
    4258          31.8740                   10                  127
    4259          32.2682                   10                  127
    4260          31.4857                   10                  127
    4261          31.0257                   10                  127
    4262          30.9476                   10                  127
    4263          31.1599                   10                  127
    4264          30.3755                   10                  127
    4265          30.1458                   10                  127
    4266          30.4200                   10                  127
    4267          30.8704                   10                  127
    4268          30.9706                   10                  127
    4269          29.6501                   10                  139
    4270          30.8019                   10                  139
    4271          29.8449                    9                  139
    4272          29.6606                    9                  139
    4273          28.9245                    9                  139
    4274          28.6947                    9                  139
    4275          29.6065                    9                  139
    4276          28.9071                    9                  139
    4277          28.8447                    9                  139
    4278          29.3041                    9                  139
    4279          28.7123                    9                  139
    4280          29.5398                    9                  139
    4281          30.5805                    9                  139
    4282          30.4245                    9                  139
    4283          30.4664                    9                  139
    4284          28.7623                    9                  139
    4285          29.1188                    9                  139
    4286          30.6381                    9                  140
    4287          30.7124                    9                  139
    4288          30.8569                    9                  139
    4289          32.6882                    9                  141
    4290          32.3115                    9                  141
    4291          31.2455                    9                  139
    4292          31.0210                    9                  139
    4293          32.5260                    9                  139
    4294          31.7168                    9                  139
    4295          30.6678                    9                  139
    4296          32.7672                    9                  139
    4297          32.3086                    9                  139
    4298          32.4428                    9                  139
    4299          30.4908                    9                  139
    4300          32.7709                    9                  139
    4301          31.8500                    9                  139
    4302          31.3408                    9                  139
    4303          32.6868                  114                  152
    4304          32.2640                    9                  139
    4305          31.0043                    9                  139
    4306          31.7464                    9                  140
    4307          30.8115                    9                  139
    4308          32.2526                    9                  140
    4309          30.5777                    9                  140
    4310          30.1571                    9                  140
    4311          30.6260                    9                  140
    4312          30.0945                    9                  140
    4313          31.6510                    9                  140
    4314          31.7914                    9                  139
    4315          31.6061                    9                  139
    4316          31.1528                    9                  140
    4317          30.4766                    9                  139
    4318          29.8920                    9                  140
    4319          30.3252                    9                  140
    4320          30.1043                    9                  139
    4321          31.0647                    9                  140
    4322          31.1570                    9                  140
    4323          31.5295                   24                  139
    4324          32.2767                    9                  139
    4325          32.0028                   24                  139
    4326          32.1750                    9                  139
    4327          33.8709                    9                  141
    4328          34.9902                    9                  139
    4329          31.9137                    9                  139
    4330          31.3480                    9                  139
    4331          30.8142                    9                  140
    4332          30.4694                    9                  141
    4333          29.3525                    9                  140
    4334          29.7800                    9                  140
    4335          29.9549                    9                  140
    4336          29.1145                    9                  140
    4337          29.1625                    9                  140
    4338          28.2922                    9                  140
    4339          29.4948                    9                  140
    4340          30.8658                    9                  140
    4341          31.1356                    9                  140
    4342          31.6629                   24                  139
    4343          32.2857                    9                  140
    4344          32.0091                   24                  139
    4345          31.2213                   22                  139
    4346          29.4737                   24                  139
    4347          31.8329                   24                  140
    4348          30.6547                   24                  139
    4349          30.8841                   24                  139
    4350          29.4845                   22                  140
    4351          28.4188                   22                  139
    4352          28.6583                   24                  140
    4353          28.9948                   22                  140
    4354          28.4777                   24                  140
    4355          29.4092                   24                  140
    4356          29.5059                   24                  139
    4357          27.5561                   22                  140
    4358          28.9687                   24                  139
    4359          29.0064                   24                  140
    4360          28.8125                   24                  139
    4361          28.1746                   24                  140
    4362          27.7789                   24                  140
    4363          28.9781                   22                  139
    4364          28.6903                   23                  140
    4365          28.1778                   22                  140
    4366          27.4028                   22                  140
    4367          26.9802                   22                  140
    4368          26.6456                   22                  140
    4369          27.3050                   22                  140
    4370          27.2032                   22                  140
    4371          27.2483                   22                  140
    4372          26.6331                   22                  140
    4373          26.6390                   22                  140
    4374          26.2142                   22                  140
    4375          26.7284                   22                  140
    4376          27.2145                   22                  140
    4377          27.4661                   24                  140
    4378          27.4206                   22                  140
    4379          28.0170                   22                  140
    4380          28.0182                   22                  140
    4381          27.9324                   22                  140
    4382          27.0055                   22                  140
    4383          27.2126                   24                  140
    4384          27.8995                   22                  140
    4385          30.1919                   24                  139
    4386          30.5778                   23                  139
    4387          30.2694                   24                  139
    4388          30.3633                   24                  139
    4389          29.5929                   22                  140
    4390          29.9538                   22                  140
    4391          31.4093                   22                  140
    4392          30.5094                   24                  140
    4393          31.0310                   24                  140
    4394          30.7762                   24                  140
    4395          29.7911                   24                  140
    4396          30.4678                   24                  140
    4397          30.9109                   22                  139
    4398          30.7486                   24                  140
    4399          32.1179                   22                  140
    4400          31.0759                   22                  139
    4401          31.5235                   22                  139
    4402          30.8222                   22                  139
    4403          30.6729                   22                  139
    4404          32.4725                   24                  140
    4405          30.5829                   22                  139
    4406          32.6262                   24                  139
    4407          32.8169                   24                  140
    4408          32.7151                   22                  140
    4409          31.6622                   24                  140
    4410          31.5256                   22                  139
    4411          30.7646                   22                  140
    4412          30.1686                   22                  140
    4413          30.4339                   24                  140
    4414          30.2073                   24                  140
    4415          32.2472                   24                  140
    4416          33.3266                   24                  140
    4417          31.9021                   24                  140
    4418          31.1974                   24                  140
    4419          30.3728                   24                  140
    4420          30.4257                   24                  140
    4421          31.1620                   10                  140
    4422          30.9152                   22                  140
    4423          31.2554                   24                  140
    4424          30.1385                   22                  140
    4425          29.4424                   24                  140
    4426          29.9685                   24                  140
    4427          30.7248                   22                  140
    4428          29.8266                   22                  140
    4429          30.2173                   22                  140
    4430          30.6905                   22                  140
    4431          30.0062                   24                  140
    4432          30.4620                   22                  140
    4433          30.2705                   24                  140
    4434          29.5359                   22                  140
    4435          29.1252                   24                  140
    4436          29.2840                   24                  140
    4437          30.7130                   24                  140
    4438          29.7304                   24                  140
    4439          31.2239                   24                  140
    4440          30.0707                   24                  140
    4441          29.8129                   22                  140
    4442          28.8696                   22                  140
    4443          28.8505                   22                  140
    4444          27.6127                   22                  140
    4445          28.0787                   22                  140
    4446          27.2267                   22                  140
    4447          28.3407                   24                  140
    4448          26.9873                   22                  140
    4449          27.7709                   24                  140
    4450          27.6681                   22                  140
    4451          27.9323                   22                  140
    4452          28.3999                   23                  140
    4453          27.1554                   22                  140
    4454          26.1483                   22                  140
    4455          26.9015                   22                  140
    4456          27.3887                   22                  140
    4457          27.3653                   22                  140
    4458          28.2259                   24                  140
    4459          26.5018                   22                  140
    4460          25.7616                   22                  140
    4461          26.7492                   22                  140
    4462          27.1140                   23                  140
    4463          26.8429                   23                  140
    4464          26.3298                   23                  140
    4465          27.9770                   23                  140
    4466          27.7995                   22                  140
    4467          27.7466                   22                  140
    4468          27.7455                   22                  140
    4469          27.9000                   22                  140
    4470          28.4611                   22                  140
    4471          28.4878                   22                  140
    4472          26.7422                   23                  140
    4473          27.3310                   23                  140
    4474          27.9267                   23                  140
    4475          27.9164                   23                  140
    4476          28.0202                   23                  140
    4477          26.8887                   23                  140
    4478          27.4660                   23                  140
    4479          27.3777                   23                  140
    4480          26.6753                   23                  140
    4481          27.6697                   22                  140
    4482          27.6333                   22                  140
    4483          27.7661                   22                  140
    4484          28.9873                   23                  140
    4485          30.7370                   10                  140
    4486          29.6400                   22                  140
    4487          30.5188                   22                  140
    4488          29.1432                   23                  140
    4489          28.2043                   22                  140
    4490          28.7232                   22                  140
    4491          28.8206                   22                  140
    4492          27.7973                   24                  140
    4493          27.5786                   23                  140
    4494          27.4425                   22                  140
    4495          27.4664                   22                  140
    4496          28.0602                   22                  140
    4497          27.8165                   22                  140
    4498          28.4439                   22                  140
    4499          29.3200                   22                  140
    4500          29.5068                   22                  140
    4501          29.6896                   22                  140
    4502          30.6357                   10                  140
    4503          29.7320                   11                  140
    4504          29.4247                   11                  140
    4505          29.0894                   10                  140
    4506          28.4815                   10                  139
    4507          28.8290                   10                  139
    4508          29.8834                   22                  139
    4509          29.8398                   22                  139
    4510          30.5752                   10                  139
    4511          30.5625                   10                  139
    4512          30.5628                   10                  139
    4513          30.1010                   22                  139
    4514          29.5742                   10                  139
    4515          30.6252                   24                  139
    4516          31.0541                   22                  139
    4517          31.6985                   22                  139
    4518          29.8047                   10                  139
    4519          29.6078                   10                  139
    4520          28.7216                   10                  139
    4521          27.5192                   10                  139
    4522          27.8587                   10                  139
    4523          27.5484                   11                  139
    4524          28.5844                   11                  139
    4525          28.5747                   11                  139
    4526          28.5432                   10                  139
    4527          28.7253                   10                  139
    4528          26.9481                   10                  139
    4529          27.8713                   10                  139
    4530          27.4786                   10                  139
    4531          27.8085                   10                  139
    4532          28.5259                   10                  139
    4533          28.6133                   10                  139
    4534          28.0503                   10                  139
    4535          29.4299                   10                  139
    4536          30.2407                   10                  139
    4537          30.2146                   10                  139
    4538          28.4767                   10                  139
    4539          27.8552                   10                  139
    4540          28.6664                   10                  139
    4541          29.0685                   10                  139
    4542          28.2429                   10                  139
    4543          28.7066                   10                  139
    4544          29.6216                   10                  139
    4545          28.8013                   10                  139
    4546          29.2610                   10                  139
    4547          30.2236                   10                  139
    4548          29.7102                   10                  139
    4549          30.1606                   10                  139
    4550          29.6862                   10                  139
    4551          31.2872                   10                  139
    4552          31.0073                   10                  139
    4553          30.8782                   10                  139
    4554          30.5127                   10                  139
    4555          30.7849                   10                  139
    4556          30.5235                   10                  139
    4557          29.6768                   10                  139
    4558          29.0678                   10                  139
    4559          29.2831                   10                  139
    4560          28.5541                   10                  139
    4561          29.6666                   10                  139
    4562          28.2373                   10                  139
    4563          28.3842                   11                  139
    4564          29.5583                   11                  139
    4565          29.4147                   10                  139
    4566          28.3468                   10                  139
    4567          28.9520                   10                  139
    4568          27.6834                   10                  139
    4569          27.0976                   10                  139
    4570          26.6640                   10                  139
    4571          27.8561                   10                  139
    4572          27.3798                   10                  139
    4573          29.2613                   10                  139
    4574          29.9943                   10                  139
    4575          30.3104                   10                  139
    4576          29.1902                   10                  139
    4577          30.0839                   10                  139
    4578          31.0885                   10                  139
    4579          30.1324                   10                  139
    4580          31.7012                   10                  139
    4581          32.2398                   10                  139
    4582          32.2797                   10                  139
    4583          32.4064                   10                  139
    4584          32.2846                   10                  139
    4585          31.9982                   10                  139
    4586          30.6224                   10                  139
    4587          31.0113                   10                  139
    4588          30.4862                   10                  139
    4589          31.2829                   10                  139
    4590          31.7506                   10                  139
    4591          30.6686                   10                  139
    4592          29.5353                   10                  139
    4593          31.5709                   10                  139
    4594          30.9848                   10                  139
    4595          31.4369                   10                  139
    4596          30.7768                   10                  139
    4597          30.7185                   10                  139
    4598          33.2474                   10                  139
    4599          32.2320                   10                  127
    4600          32.0118                   10                  139
    4601          29.8321                   10                  139
    4602          29.2833                   10                  139
    4603          28.6507                   10                  139
    4604          30.0657                   10                  139
    4605          28.2486                   10                  139
    4606          28.8340                   10                  139
    4607          27.4755                   10                  139
    4608          28.6706                   10                  139
    4609          29.8928                   10                  139
    4610          28.6471                   10                  139
    4611          29.8571                   10                  139
    4612          28.9785                   10                  139
    4613          29.7899                   10                  139
    4614          29.5052                   10                  137
    4615          29.2526                   10                  139
    4616          27.3311                   10                  139
    4617          27.4721                   10                  139
    4618          28.1551                   10                  139
    4619          27.8080                   10                  139
    4620          28.5147                   11                  139
    4621          27.6410                   11                  139
    4622          27.7475                   11                  139
    4623          27.6326                   11                  139
    4624          28.3132                   11                  139
    4625          27.3526                   11                  139
    4626          28.1562                   11                  139
    4627          28.5113                   11                  140
    4628          29.3782                   11                  140
    4629          30.2744                   11                  140
    4630          29.2784                   11                  140
    4631          31.1039                   11                  140
    4632          29.2821                   11                  140
    4633          31.4422                   11                  127
    4634          31.0055                   11                  140
    4635          28.8962                   11                  140
    4636          29.2257                   11                  140
    4637          30.2432                   11                  140
    4638          29.2936                   11                  139
    4639          28.9978                   11                  140
    4640          30.3349                   11                  140
    4641          30.4924                   11                  141
    4642          29.4214                   11                  140
    4643          28.7164                   11                  140
    4644          29.8698                   11                  141
    4645          30.1097                   11                  141
    4646          28.4714                   11                  141
    4647          30.9511                   11                  141
    4648          31.8658                   11                  141
    4649          32.5783                   11                  141
    4650          33.7345                   11                  140
    4651          33.4690                   11                  137
    4652          32.7589                   11                  141
    4653          33.4224                   11                  141
    4654          31.3476                   11                  141
    4655          31.5160                   11                  141
    4656          32.4434                   11                  141
    4657          31.4337                   11                  141
    4658          32.1791                   11                  141
    4659          31.2611                   11                  141
    4660          32.7921                   11                  128
    4661          33.2932                   11                  128
    4662          31.2331                   11                  141
    4663          31.7202                   11                  127
    4664          32.2950                   11                  127
    4665          33.7669                   11                  141
    4666          33.4733                   11                  127
    4667          33.7406                   11                  141
    4668          33.2396                   11                  127
    4669          31.9841                   11                  127
    4670          33.4032                   11                  128
    4671          31.9219                   11                  126
    4672          31.1568                   11                  126
    4673          31.8697                   11                  126
    4674          32.6782                   11                  128
    4675          33.1962                   11                  126
    4676          32.3942                   11                  127
    4677          32.6991                   11                  126
    4678          32.2742                   11                  128
    4679          31.9822                   11                  126
    4680          32.4351                   11                  127
    4681          31.1739                   11                  127
    4682          31.9262                   11                  127
    4683          31.7235                   11                  127
    4684          32.1380                   11                  126
    4685          32.2939                   11                  126
    4686          32.0003                   11                  128
    4687          33.4746                   11                  127
    4688          33.1233                   11                  126
    4689          33.3223                   11                  126
    4690          33.1665                   11                  126
    4691          32.6389                   11                  126
    4692          32.1819                   11                  126
    4693          33.8257                   11                  126
    4694          34.0058                   11                  126
    4695          34.6279                   11                  126
    4696          34.4384                   11                  126
    4697          33.2649                   11                  127
    4698          34.3849                   62                  127
    4699          34.3682                   11                  127
    4700          34.4587                   11                  127
    4701          33.1698                   11                  128
    4702          33.6654                   11                  128
    4703          33.1180                   11                  128
    4704          32.1386                   11                  127
    4705          31.5744                   11                  127
    4706          31.5788                   11                  127
    4707          31.0256                   11                  128
    4708          30.2751                   11                  128
    4709          31.0227                   11                  128
    4710          30.0545                   11                  128
    4711          30.3378                   11                  127
    4712          30.9411                   11                  127
    4713          30.6958                   11                  128
    4714          31.4364                   11                  128
    4715          31.6165                   11                  128
    4716          31.7645                   11                  128
    4717          31.3576                   11                  128
    4718          32.2620                   11                  128
    4719          31.5063                   11                  128
    4720          32.0090                   11                  127
    4721          30.7553                   11                  128
    4722          31.4189                   11                  127
    4723          30.1600                   11                  127
    4724          31.5049                   11                  127
    4725          31.6293                   11                  127
    4726          31.6516                   11                  127
    4727          32.4165                   11                  126
    4728          33.8713                   11                  126
    4729          33.4490                   11                  126
    4730          33.2205                   11                  128
    4731          34.6822                   37                   50
    4732          34.4718                   50                  114
    4733          34.1164                   11                  126
    4734          33.2955                   11                  126
    4735          33.3567                   11                  128
    4736          33.2856                   11                  128
    4737          33.1040                   11                  141
    4738          34.3071                   50                  115
    4739          32.4341                   11                  141
    4740          32.8058                   11                  141
    4741          31.7568                   11                  141
    4742          33.5749                   11                  140
    4743          32.0975                   11                  141
    4744          32.2130                   11                  140
    4745          32.6103                   11                  140
    4746          30.9793                   11                  140
    4747          32.6153                   11                  141
    4748          31.8751                   11                  140
    4749          31.4324                   11                  140
    4750          32.2911                   11                  140
    4751          31.5567                   11                  141
    4752          31.8622                   11                  141
    4753          32.2637                   11                  141
    4754          33.2107                   11                  127
    4755          34.1753                   11                  126
    4756          32.4472                   11                  128
    4757          32.4017                   11                  126
    4758          33.5658                   11                  126
    4759          34.3502                   11                  126
    4760          33.2916                   11                  127
    4761          34.5447                   11                  128
    4762          34.5987                   11                  128
    4763          33.5882                   11                  128
    4764          35.0485                    9                  102
    4765          33.7137                   11                  128
    4766          35.1779                   11                  126
    4767          35.2691                   11                  128
    4768          33.9528                   11                  126
    4769          34.6961                   11                  126
    4770          35.2668                   11                  126
    4771          35.1207                   11                  126
    4772          35.1195                    1                  100
    4773          34.5652                    9                  139
    4774          34.9545                   50                  141
    4775          34.3072                   50                  141
    4776          35.0001                    1                  139
    4777          33.5875                   50                  141
    4778          34.6313                   50                  141
    4779          34.6434                   37                   50
    4780          35.7933                   22                   49
    4781          35.2319                   11                  126
    4782          35.9668                   50                  141
    4783          35.8287                   50                  141
    4784          35.8341                   50                  141
    4785          34.6527                   50                  140
    4786          34.4272                    9                  126
    4787          35.1516                   22                   49
    4788          33.4861                    9                  127
    4789          31.8929                    9                  126
    4790          32.9947                    9                  126
    4791          32.6645                    9                  126
    4792          33.6973                    9                  126
    4793          33.9095                    9                  126
    4794          33.6242                    9                  126
    4795          33.0964                    9                  127
    4796          33.8432                    9                  126
    4797          31.5946                    9                  126
    4798          32.5000                    9                  126
    4799          32.4948                    9                  127
    4800          33.5511                    9                  127
    4801          34.4499                    9                  127
    4802          33.9291                    9                  127
    4803          33.6317                    9                  126
    4804          34.6198                    9                  128
    4805          35.8649                   50                  140
    4806          35.1143                    9                  126
    4807          34.1139                    9                  126
    4808          34.0634                    9                  127
    4809          33.7904                    9                  127
    4810          35.9831                    9                   22
    4811          35.7049                   37                   49
    4812          35.2180                   22                   62
    4813          34.5503                   10                  141
    4814          34.4393                   10                  101
    4815          34.5783                   10                  101
    4816          35.7961                   10                  101
    4817          34.5966                   37                   50
    4818          34.8424                   23                  101
    4819          34.8247                   22                   50
    4820          35.4167                   22                   49
    4821          34.7502                   12                  101
    4822          34.8458                   22                   50
    4823          34.8153                   22                   50
    4824          34.1954                   22                   49
    4825          33.9648                   22                   50
    4826          33.6440                   10                  101
    4827          33.8383                   10                  101
    4828          33.0213                    9                  101
    4829          34.2407                   22                   50
    4830          33.3586                   10                  101
    4831          33.2070                   10                  101
    4832          33.7397                   10                  101
    4833          32.4837                   10                  101
    4834          33.9384                   22                   50
    4835          34.0255                   10                  141
    4836          33.4439                   10                  101
    4837          32.8033                   50                  140
    4838          31.9825                   11                  141
    4839          30.5825                   10                  140
    4840          31.2470                   10                  140
    4841          30.1950                   10                  140
    4842          30.3953                   10                  141
    4843          29.7091                   10                  140
    4844          31.5664                   10                  140
    4845          30.7050                   10                  141
    4846          30.1529                   10                  140
    4847          31.9048                   10                  140
    4848          31.2423                   10                  141
    4849          32.9128                   10                  141
    4850          32.0416                   10                  140
    4851          33.0917                   10                  141
    4852          32.9120                   10                  141
    4853          32.2857                   10                  141
    4854          33.1933                   10                  141
    4855          33.5701                   10                  139
    4856          32.9379                   10                  139
    4857          32.9837                   10                  139
    4858          32.3983                   10                  139
    4859          32.9293                   10                  141
    4860          31.8827                   10                  141
    4861          30.6559                   10                  141
    4862          30.0074                   10                  141
    4863          30.2983                   10                  141
    4864          30.6623                   10                  141
    4865          31.9985                   50                  141
    4866          31.9961                   50                  141
    4867          31.6792                   50                  141
    4868          30.9939                   50                  141
    4869          31.3936                   50                  141
    4870          32.9842                   50                  141
    4871          32.1889                    1                  141
    4872          31.0865                   50                  141
    4873          33.9719                   50                  141
    4874          34.4514                   50                  141
    4875          34.0770                   23                  102
    4876          34.1215                   24                  102
    4877          33.9869                   49                  115
    4878          33.0350                   24                  102
    4879          33.3844                   10                  115
    4880          32.9063                   11                  115
    4881          32.9934                   11                  115
    4882          32.9023                   11                  115
    4883          33.8024                    9                  115
    4884          32.9573                   11                  115
    4885          33.4365                   11                  115
    4886          33.7770                   24                  102
    4887          32.4315                   11                  115
    4888          32.0921                   11                  115
    4889          32.2985                   11                  115
    4890          31.6176                   11                  115
    4891          32.4702                   11                  115
    4892          33.3031                   11                  115
    4893          32.8659                   11                  115
    4894          33.4848                   11                  115
    4895          33.3558                   10                  139
    4896          31.7368                   10                  139
    4897          33.3697                   10                  140
    4898          33.7810                   63                  115
    4899          32.6126                   62                  115
    4900          32.8315                   10                  102
    4901          32.5362                   10                  140
    4902          32.4168                   10                  140
    4903          31.9356                   63                  115
    4904          32.4947                   63                  115
    4905          31.9047                   10                  140
    4906          30.9377                   10                  140
    4907          31.2916                   10                  102
    4908          31.5027                   10                  140
    4909          32.1058                   10                  102
    4910          32.9619                   10                  140
    4911          32.9696                   10                  139
    4912          32.9662                   62                  115
    4913          33.4441                   10                  139
    4914          32.8023                   10                  101
    4915          32.9716                   10                  102
    4916          33.5213                   10                  102
    4917          32.9968                   10                  101
    4918          33.1028                   10                  102
    4919          32.1430                   10                  101
    4920          33.0662                   10                  101
    4921          34.0407                    1                  102
    4922          33.6370                   10                  101
    4923          33.6343                   10                  101
    4924          33.9049                   62                  115
    4925          33.9873                   12                  102
    4926          33.4074                   11                  115
    4927          33.4125                    9                  126
    4928          33.5357                   11                  126
    4929          33.1468                   10                  102
    4930          33.9484                   62                  115
    4931          33.6516                    9                   37
    4932          33.6728                    9                   37
    4933          33.5465                    9                   37
    4934          33.8969                    9                   37
    4935          34.5818                   10                  102
    4936          33.7967                   10                  102
    4937          33.6304                   63                  115
    4938          34.4386                   63                  115
    4939          34.3534                   10                  102
    4940          34.8808                   10                  102
    4941          34.2060                   76                  126
    4942          32.3349                   76                  126
    4943          33.2409                   76                  126
    4944          32.4800                   76                  126
    4945          33.3668                   76                  126
    4946          33.4761                   10                  102
    4947          33.6222                   10                  102
    4948          34.2358                   49                  126
    4949          32.9940                   24                  102
    4950          33.2133                   62                  126
    4951          32.1018                   76                  127
    4952          32.4849                   76                  126
    4953          32.7125                   76                  126
    4954          32.9828                   76                  126
    4955          31.9712                   76                  126
    4956          32.1229                   76                  127
    4957          32.5289                   76                  126
    4958          33.0809                   76                  126
    4959          32.2831                   76                  126
    4960          32.1568                   76                  126
    4961          31.8115                   76                  126
    4962          32.3387                   76                  126
    4963          33.6623                   76                  126
    4964          33.6250                   10                  102
    4965          34.4903                   10                  102
    4966          33.3011                   76                  126
    4967          32.7009                   76                  126
    4968          32.4971                   49                  126
    4969          33.0934                   76                  126
    4970          32.0850                   49                  126
    4971          32.8788                   62                  126
    4972          32.9551                   50                  126
    4973          32.9529                   49                  126
    4974          32.4533                   76                  126
    4975          33.2296                   74                  126
    4976          32.8356                   74                  128
    4977          32.5833                   10                  100
    4978          33.0188                   10                  102
    4979          32.7135                   62                  128
    4980          33.0716                   63                  128
    4981          32.7946                   49                  128
    4982          32.8580                   49                  128
    4983          32.8770                   50                  128
    4984          32.7443                   24                  102
    4985          32.3328                   24                  102
    4986          32.2141                   11                  128
    4987          32.6332                   11                  128
    4988          32.4644                   11                  128
    4989          33.4853                   11                  128
    4990          33.2102                   76                  126
    4991          32.2939                   11                  128
    4992          32.8990                   49                  128
    4993          33.3057                   76                  126
    4994          33.7345                   24                  101
    4995          33.7051                   11                  115
    4996          33.3813                   11                  115
    4997          33.2819                   11                  115
    4998          34.3695                   11                  128
    4999          32.3991                   24                  101
    5000          33.1603                   24                  101
