#Frame a_A b_A c_A alpha beta gamma
0 51.185612 55.660255 56.972095 90.000000 90.000000 90.000000
1 51.187660 55.662487 56.974380 90.000000 90.000000 90.000000
2 51.214340 55.691502 57.004074 90.000000 90.000000 90.000000
3 51.189167 55.664127 56.976055 90.000000 90.000000 90.000000
4 51.239861 55.719250 57.032478 90.000000 90.000000 90.000000
5 51.242115 55.721699 57.034988 90.000000 90.000000 90.000000
6 51.147118 55.618401 56.929253 90.000000 90.000000 90.000000
7 51.130875 55.600739 56.911175 90.000000 90.000000 90.000000
8 51.286163 55.769600 57.084015 90.000000 90.000000 90.000000
9 51.228119 55.706482 57.019409 90.000000 90.000000 90.000000
10 51.255692 55.736465 57.050098 90.000000 90.000000 90.000000
11 51.289780 55.773533 57.088039 90.000000 90.000000 90.000000
12 51.216759 55.694130 57.006767 90.000000 90.000000 90.000000
13 51.159584 55.631954 56.943127 90.000000 90.000000 90.000000
14 51.200710 55.676678 56.988903 90.000000 90.000000 90.000000
15 51.142223 55.613075 56.923801 90.000000 90.000000 90.000000
16 51.286888 55.770390 57.084824 90.000000 90.000000 90.000000
17 51.342812 55.831203 57.147072 90.000000 90.000000 90.000000
18 51.347820 55.836647 57.152645 90.000000 90.000000 90.000000
19 51.221806 55.699615 57.012383 90.000000 90.000000 90.000000
20 51.205967 55.682392 56.994751 90.000000 90.000000 90.000000
21 51.105167 55.572781 56.882557 90.000000 90.000000 90.000000
22 51.237972 55.717197 57.030376 90.000000 90.000000 90.000000
23 51.299770 55.784397 57.099159 90.000000 90.000000 90.000000
24 51.164825 55.637653 56.948963 90.000000 90.000000 90.000000
25 51.128620 55.598282 56.908661 90.000000 90.000000 90.000000
26 51.260880 55.742107 57.055874 90.000000 90.000000 90.000000
27 51.175407 55.649162 56.960739 90.000000 90.000000 90.000000
28 51.105640 55.573296 56.883087 90.000000 90.000000 90.000000
29 51.033157 55.494476 56.802410 90.000000 90.000000 90.000000
30 51.150585 55.622169 56.933109 90.000000 90.000000 90.000000
31 51.286949 55.770454 57.084892 90.000000 90.000000 90.000000
32 51.268105 55.749962 57.063915 90.000000 90.000000 90.000000
33 51.122185 55.591286 56.901501 90.000000 90.000000 90.000000
34 51.258347 55.739349 57.053055 90.000000 90.000000 90.000000
35 51.284039 55.767288 57.081650 90.000000 90.000000 90.000000
36 51.294643 55.778820 57.093456 90.000000 90.000000 90.000000
37 51.178738 55.652782 56.964447 90.000000 90.000000 90.000000
38 51.248772 55.728939 57.042397 90.000000 90.000000 90.000000
39 51.291332 55.775223 57.089771 90.000000 90.000000 90.000000
40 51.139408 55.610016 56.920673 90.000000 90.000000 90.000000
41 51.202152 55.678246 56.990509 90.000000 90.000000 90.000000
42 51.275166 55.757637 57.071774 90.000000 90.000000 90.000000
43 51.291271 55.775154 57.089703 90.000000 90.000000 90.000000
44 51.180275 55.654457 56.966160 90.000000 90.000000 90.000000
45 51.229824 55.708336 57.021309 90.000000 90.000000 90.000000
46 51.081905 55.547485 56.856667 90.000000 90.000000 90.000000
47 51.181213 55.655476 56.967201 90.000000 90.000000 90.000000
48 51.221836 55.699650 57.012417 90.000000 90.000000 90.000000
49 51.095997 55.562813 56.872353 90.000000 90.000000 90.000000
50 51.118294 55.587055 56.897171 90.000000 90.000000 90.000000
51 51.199474 55.675331 56.987526 90.000000 90.000000 90.000000
52 51.270092 55.752125 57.066128 90.000000 90.000000 90.000000
53 51.154602 55.626537 56.937584 90.000000 90.000000 90.000000
54 51.278061 55.760792 57.075001 90.000000 90.000000 90.000000
55 51.258327 55.739330 57.053036 90.000000 90.000000 90.000000
56 51.157303 55.629475 56.940590 90.000000 90.000000 90.000000
57 51.272732 55.754993 57.069065 90.000000 90.000000 90.000000
58 51.258778 55.739819 57.053535 90.000000 90.000000 90.000000
59 51.088875 55.555061 56.864422 90.000000 90.000000 90.000000
60 51.144390 55.615433 56.926216 90.000000 90.000000 90.000000
61 51.266090 55.747772 57.061676 90.000000 90.000000 90.000000
62 51.095631 55.562408 56.871941 90.000000 90.000000 90.000000
63 51.196808 55.672432 56.984558 90.000000 90.000000 90.000000
64 51.277081 55.759724 57.073910 90.000000 90.000000 90.000000
65 51.280239 55.763161 57.077423 90.000000 90.000000 90.000000
66 51.196655 55.672264 56.984386 90.000000 90.000000 90.000000
67 51.219501 55.697109 57.009815 90.000000 90.000000 90.000000
68 51.232712 55.711475 57.024521 90.000000 90.000000 90.000000
69 51.282665 55.765797 57.080124 90.000000 90.000000 90.000000
70 51.247990 55.728088 57.041527 90.000000 90.000000 90.000000
71 51.247601 55.727665 57.041096 90.000000 90.000000 90.000000
72 51.169254 55.642471 56.953892 90.000000 90.000000 90.000000
73 51.228336 55.706718 57.019653 90.000000 90.000000 90.000000
74 51.118565 55.587353 56.897472 90.000000 90.000000 90.000000
75 51.220814 55.698536 57.011276 90.000000 90.000000 90.000000
76 51.202991 55.679157 56.991440 90.000000 90.000000 90.000000
77 51.120705 55.589676 56.899853 90.000000 90.000000 90.000000
78 51.255116 55.735840 57.049461 90.000000 90.000000 90.000000
79 51.299709 55.784328 57.099091 90.000000 90.000000 90.000000
80 51.078796 55.544106 56.853210 90.000000 90.000000 90.000000
81 51.256756 55.737621 57.051281 90.000000 90.000000 90.000000
82 51.183903 55.658398 56.970196 90.000000 90.000000 90.000000
83 51.191986 55.667187 56.979191 90.000000 90.000000 90.000000
84 51.243919 55.723663 57.036999 90.000000 90.000000 90.000000
85 51.262775 55.744167 57.057983 90.000000 90.000000 90.000000
86 51.270260 55.752308 57.066315 90.000000 90.000000 90.000000
87 51.218719 55.696262 57.008949 90.000000 90.000000 90.000000
88 51.244526 55.724323 57.037670 90.000000 90.000000 90.000000
89 51.268204 55.750069 57.064026 90.000000 90.000000 90.000000
90 51.211590 55.688507 57.001015 90.000000 90.000000 90.000000
91 51.199047 55.674870 56.987053 90.000000 90.000000 90.000000
92 51.035854 55.497406 56.805408 90.000000 90.000000 90.000000
93 51.165405 55.638287 56.949608 90.000000 90.000000 90.000000
94 51.248516 55.728661 57.042110 90.000000 90.000000 90.000000
95 51.168930 55.642117 56.953529 90.000000 90.000000 90.000000
96 51.139942 55.610596 56.921265 90.000000 90.000000 90.000000
97 51.215424 55.692677 57.005280 90.000000 90.000000 90.000000
98 51.304634 55.789684 57.104576 90.000000 90.000000 90.000000
99 51.098366 55.565388 56.874989 90.000000 90.000000 90.000000
100 51.165443 55.638325 56.949650 90.000000 90.000000 90.000000
101 51.115765 55.584305 56.894356 90.000000 90.000000 90.000000
102 51.112164 55.580387 56.890347 90.000000 90.000000 90.000000
103 51.174191 55.647839 56.959385 90.000000 90.000000 90.000000
104 51.210144 55.686935 56.999405 90.000000 90.000000 90.000000
105 51.158417 55.630684 56.941826 90.000000 90.000000 90.000000
106 51.152279 55.624012 56.934998 90.000000 90.000000 90.000000
107 51.219177 55.696758 57.009460 90.000000 90.000000 90.000000
108 51.173874 55.647495 56.959034 90.000000 90.000000 90.000000
109 51.117958 55.586693 56.896797 90.000000 90.000000 90.000000
110 51.117538 55.586235 56.896332 90.000000 90.000000 90.000000
111 51.151794 55.623486 56.934456 90.000000 90.000000 90.000000
112 51.119972 55.588879 56.899036 90.000000 90.000000 90.000000
113 51.160706 55.633175 56.944378 90.000000 90.000000 90.000000
114 51.184288 55.658821 56.970627 90.000000 90.000000 90.000000
115 51.323406 55.810101 57.125469 90.000000 90.000000 90.000000
116 51.163181 55.635868 56.947132 90.000000 90.000000 90.000000
117 51.134300 55.604462 56.914989 90.000000 90.000000 90.000000
118 51.225624 55.703766 57.016632 90.000000 90.000000 90.000000
119 51.152184 55.623909 56.934891 90.000000 90.000000 90.000000
120 51.221416 55.699192 57.011948 90.000000 90.000000 90.000000
121 51.379116 55.870678 57.187477 90.000000 90.000000 90.000000
122 51.069321 55.533802 56.842663 90.000000 90.000000 90.000000
123 51.228889 55.707321 57.020267 90.000000 90.000000 90.000000
124 51.197704 55.673409 56.985558 90.000000 90.000000 90.000000
125 51.226738 55.704983 57.017876 90.000000 90.000000 90.000000
126 51.177994 55.651974 56.963619 90.000000 90.000000 90.000000
127 51.121655 55.590714 56.900913 90.000000 90.000000 90.000000
128 51.191475 55.666634 56.978626 90.000000 90.000000 90.000000
129 51.148132 55.619503 56.930382 90.000000 90.000000 90.000000
130 51.232941 55.711727 57.024780 90.000000 90.000000 90.000000
131 51.186226 55.660927 56.972782 90.000000 90.000000 90.000000
132 51.174133 55.647774 56.959320 90.000000 90.000000 90.000000
133 51.086826 55.552837 56.862148 90.000000 90.000000 90.000000
134 51.162945 55.635609 56.946869 90.000000 90.000000 90.000000
135 51.161240 55.633755 56.944969 90.000000 90.000000 90.000000
136 51.127815 55.597408 56.907768 90.000000 90.000000 90.000000
137 51.211384 55.688282 57.000782 90.000000 90.000000 90.000000
138 51.296425 55.780762 57.095440 90.000000 90.000000 90.000000
139 51.217564 55.695004 57.007664 90.000000 90.000000 90.000000
140 51.057236 55.520660 56.829208 90.000000 90.000000 90.000000
141 51.230820 55.709415 57.022415 90.000000 90.000000 90.000000
142 51.144978 55.616070 56.926868 90.000000 90.000000 90.000000
143 51.154480 55.626408 56.937447 90.000000 90.000000 90.000000
144 51.276340 55.758915 57.073082 90.000000 90.000000 90.000000
145 51.237823 55.717033 57.030212 90.000000 90.000000 90.000000
146 51.250641 55.730972 57.044479 90.000000 90.000000 90.000000
147 51.205189 55.681545 56.993889 90.000000 90.000000 90.000000
148 51.194786 55.670235 56.982307 90.000000 90.000000 90.000000
149 51.216305 55.693638 57.006264 90.000000 90.000000 90.000000
150 50.980354 55.437057 56.743637 90.000000 90.000000 90.000000
151 51.236660 55.715767 57.028915 90.000000 90.000000 90.000000
152 51.186424 55.661144 56.973003 90.000000 90.000000 90.000000
153 51.302467 55.787331 57.102165 90.000000 90.000000 90.000000
154 51.216652 55.694012 57.006649 90.000000 90.000000 90.000000
155 51.229954 55.708477 57.021454 90.000000 90.000000 90.000000
156 51.262810 55.744205 57.058022 90.000000 90.000000 90.000000
157 51.250259 55.730556 57.044056 90.000000 90.000000 90.000000
158 51.290852 55.774696 57.089233 90.000000 90.000000 90.000000
159 51.274471 55.756886 57.071003 90.000000 90.000000 90.000000
160 51.229660 55.708157 57.021126 90.000000 90.000000 90.000000
161 51.206356 55.682816 56.995186 90.000000 90.000000 90.000000
162 51.180454 55.654648 56.966354 90.000000 90.000000 90.000000
163 51.120037 55.588951 56.899109 90.000000 90.000000 90.000000
164 51.046814 55.509327 56.817612 90.000000 90.000000 90.000000
165 51.210091 55.686878 56.999344 90.000000 90.000000 90.000000
166 51.175602 55.649376 56.960957 90.000000 90.000000 90.000000
167 51.156761 55.628887 56.939987 90.000000 90.000000 90.000000
168 51.197269 55.672935 56.985073 90.000000 90.000000 90.000000
169 51.167442 55.640503 56.951878 90.000000 90.000000 90.000000
170 51.292988 55.777023 57.091614 90.000000 90.000000 90.000000
171 51.199032 55.674850 56.987034 90.000000 90.000000 90.000000
172 51.147255 55.618549 56.929405 90.000000 90.000000 90.000000
173 51.307476 55.792778 57.107738 90.000000 90.000000 90.000000
174 51.169292 55.642513 56.953934 90.000000 90.000000 90.000000
175 51.286076 55.769505 57.083920 90.000000 90.000000 90.000000
176 51.224876 55.702953 57.015800 90.000000 90.000000 90.000000
177 51.121346 55.590374 56.900566 90.000000 90.000000 90.000000
178 51.052937 55.515984 56.824425 90.000000 90.000000 90.000000
179 51.133644 55.603748 56.914257 90.000000 90.000000 90.000000
180 51.217026 55.694420 57.007065 90.000000 90.000000 90.000000
181 51.221058 55.698803 57.011551 90.000000 90.000000 90.000000
182 51.148140 55.619511 56.930389 90.000000 90.000000 90.000000
183 51.181690 55.655994 56.967731 90.000000 90.000000 90.000000
184 51.209351 55.686073 56.998520 90.000000 90.000000 90.000000
185 51.201729 55.677784 56.990036 90.000000 90.000000 90.000000
186 51.053249 55.516323 56.824772 90.000000 90.000000 90.000000
187 51.187695 55.662521 56.974415 90.000000 90.000000 90.000000
188 51.242531 55.722153 57.035454 90.000000 90.000000 90.000000
189 51.174515 55.648193 56.959747 90.000000 90.000000 90.000000
190 51.248131 55.728241 57.041683 90.000000 90.000000 90.000000
191 51.204292 55.680573 56.992893 90.000000 90.000000 90.000000
192 51.306953 55.792206 57.107155 90.000000 90.000000 90.000000
193 51.254692 55.735374 57.048985 90.000000 90.000000 90.000000
194 51.259819 55.740955 57.054695 90.000000 90.000000 90.000000
195 51.151108 55.622742 56.933697 90.000000 90.000000 90.000000
196 51.282436 55.765549 57.079868 90.000000 90.000000 90.000000
197 51.306419 55.791630 57.106564 90.000000 90.000000 90.000000
198 51.206509 55.682980 56.995354 90.000000 90.000000 90.000000
199 51.169746 55.643005 56.954441 90.000000 90.000000 90.000000
200 51.143589 55.614563 56.925323 90.000000 90.000000 90.000000
201 51.196373 55.671963 56.984077 90.000000 90.000000 90.000000
202 51.130512 55.600346 56.910770 90.000000 90.000000 90.000000
203 51.197479 55.673164 56.985310 90.000000 90.000000 90.000000
204 51.090359 55.556679 56.866074 90.000000 90.000000 90.000000
205 51.192970 55.668262 56.980289 90.000000 90.000000 90.000000
206 51.226219 55.704418 57.017296 90.000000 90.000000 90.000000
207 51.077995 55.543236 56.852318 90.000000 90.000000 90.000000
208 51.081612 55.547169 56.856342 90.000000 90.000000 90.000000
209 51.152954 55.624744 56.935749 90.000000 90.000000 90.000000
210 51.205040 55.681385 56.993721 90.000000 90.000000 90.000000
211 51.130505 55.600334 56.910759 90.000000 90.000000 90.000000
212 51.087090 55.553123 56.862434 90.000000 90.000000 90.000000
213 51.216564 55.693916 57.006550 90.000000 90.000000 90.000000
214 51.106602 55.574341 56.884155 90.000000 90.000000 90.000000
215 51.161457 55.633995 56.945213 90.000000 90.000000 90.000000
216 51.102249 55.569611 56.879314 90.000000 90.000000 90.000000
217 51.236774 55.715897 57.029045 90.000000 90.000000 90.000000
218 51.167950 55.641052 56.952442 90.000000 90.000000 90.000000
219 51.212753 55.689774 57.002308 90.000000 90.000000 90.000000
220 51.227428 55.705730 57.018642 90.000000 90.000000 90.000000
221 51.178070 55.652058 56.963703 90.000000 90.000000 90.000000
222 51.212208 55.689182 57.001701 90.000000 90.000000 90.000000
223 51.060333 55.524029 56.832657 90.000000 90.000000 90.000000
224 51.103088 55.570518 56.880245 90.000000 90.000000 90.000000
225 51.242256 55.721855 57.035145 90.000000 90.000000 90.000000
226 51.175941 55.649742 56.961334 90.000000 90.000000 90.000000
227 51.134224 55.604378 56.914902 90.000000 90.000000 90.000000
228 51.220062 55.697720 57.010441 90.000000 90.000000 90.000000
229 51.243423 55.723122 57.036442 90.000000 90.000000 90.000000
230 51.311592 55.797253 57.112320 90.000000 90.000000 90.000000
231 51.322060 55.808636 57.123970 90.000000 90.000000 90.000000
232 51.262894 55.744297 57.058117 90.000000 90.000000 90.000000
233 51.318226 55.804466 57.119701 90.000000 90.000000 90.000000
234 51.140682 55.611401 56.922089 90.000000 90.000000 90.000000
235 51.261272 55.742535 57.056313 90.000000 90.000000 90.000000
236 51.146133 55.617329 56.928158 90.000000 90.000000 90.000000
237 51.025265 55.485897 56.793625 90.000000 90.000000 90.000000
238 51.131126 55.601009 56.911453 90.000000 90.000000 90.000000
239 51.396191 55.889248 57.206482 90.000000 90.000000 90.000000
240 51.346210 55.834896 57.150852 90.000000 90.000000 90.000000
241 51.201878 55.677948 56.990204 90.000000 90.000000 90.000000
242 51.158642 55.630932 56.942081 90.000000 90.000000 90.000000
243 51.130463 55.600288 56.910713 90.000000 90.000000 90.000000
244 51.153019 55.624817 56.935822 90.000000 90.000000 90.000000
245 51.251011 55.731377 57.044891 90.000000 90.000000 90.000000
246 51.323792 55.810520 57.125900 90.000000 90.000000 90.000000
247 51.168682 55.641850 56.953255 90.000000 90.000000 90.000000
248 51.116535 55.585140 56.895210 90.000000 90.000000 90.000000
249 51.388065 55.880409 57.197437 90.000000 90.000000 90.000000
250 51.274952 55.757408 57.071537 90.000000 90.000000 90.000000
251 51.271862 55.754047 57.068100 90.000000 90.000000 90.000000
252 51.124775 55.594105 56.904385 90.000000 90.000000 90.000000
253 51.308994 55.794426 57.109428 90.000000 90.000000 90.000000
254 51.122959 55.592129 56.902363 90.000000 90.000000 90.000000
255 51.111507 55.579674 56.889614 90.000000 90.000000 90.000000
256 51.086018 55.551956 56.861244 90.000000 90.000000 90.000000
257 51.239346 55.718689 57.031906 90.000000 90.000000 90.000000
258 51.239956 55.719353 57.032585 90.000000 90.000000 90.000000
259 51.283325 55.766514 57.080856 90.000000 90.000000 90.000000
260 51.217510 55.694946 57.007603 90.000000 90.000000 90.000000
261 51.171139 55.644524 56.955990 90.000000 90.000000 90.000000
262 51.263268 55.744705 57.058533 90.000000 90.000000 90.000000
263 51.233299 55.712116 57.025177 90.000000 90.000000 90.000000
264 51.209076 55.685772 56.998215 90.000000 90.000000 90.000000
265 51.098976 55.566051 56.875671 90.000000 90.000000 90.000000
266 51.115147 55.583633 56.893665 90.000000 90.000000 90.000000
267 51.158676 55.630966 56.942116 90.000000 90.000000 90.000000
268 51.123734 55.592968 56.903221 90.000000 90.000000 90.000000
269 51.306717 55.791950 57.106892 90.000000 90.000000 90.000000
270 51.257439 55.738365 57.052048 90.000000 90.000000 90.000000
271 51.301876 55.786686 57.101505 90.000000 90.000000 90.000000
272 51.158974 55.631294 56.942448 90.000000 90.000000 90.000000
273 51.148052 55.619415 56.930294 90.000000 90.000000 90.000000
274 51.201225 55.677238 56.989479 90.000000 90.000000 90.000000
275 51.216011 55.693314 57.005932 90.000000 90.000000 90.000000
276 51.169304 55.642525 56.953949 90.000000 90.000000 90.000000
277 51.268440 55.750328 57.064289 90.000000 90.000000 90.000000
278 51.218559 55.696087 57.008770 90.000000 90.000000 90.000000
279 51.136574 55.606934 56.917515 90.000000 90.000000 90.000000
280 51.275082 55.757553 57.071686 90.000000 90.000000 90.000000
281 51.190559 55.665638 56.977608 90.000000 90.000000 90.000000
282 51.227379 55.705677 57.018589 90.000000 90.000000 90.000000
283 51.166874 55.639881 56.951241 90.000000 90.000000 90.000000
284 51.150055 55.621593 56.932522 90.000000 90.000000 90.000000
285 51.205044 55.681389 56.993729 90.000000 90.000000 90.000000
286 51.106552 55.574287 56.884102 90.000000 90.000000 90.000000
287 51.237659 55.716858 57.030029 90.000000 90.000000 90.000000
288 51.089241 55.555462 56.864830 90.000000 90.000000 90.000000
289 51.150589 55.622173 56.933113 90.000000 90.000000 90.000000
290 51.237698 55.716900 57.030075 90.000000 90.000000 90.000000
291 51.176670 55.650536 56.962147 90.000000 90.000000 90.000000
292 51.230659 55.709244 57.022240 90.000000 90.000000 90.000000
293 51.168739 55.641911 56.953316 90.000000 90.000000 90.000000
294 51.212315 55.689297 57.001820 90.000000 90.000000 90.000000
295 51.109562 55.577560 56.887451 90.000000 90.000000 90.000000
296 51.314865 55.800812 57.115963 90.000000 90.000000 90.000000
297 51.208447 55.685089 56.997513 90.000000 90.000000 90.000000
298 51.249966 55.730240 57.043728 90.000000 90.000000 90.000000
299 51.095745 55.562534 56.872070 90.000000 90.000000 90.000000
300 51.151062 55.622688 56.933640 90.000000 90.000000 90.000000
301 51.229774 55.708279 57.021252 90.000000 90.000000 90.000000
302 51.104572 55.572132 56.881897 90.000000 90.000000 90.000000
303 51.224209 55.702232 57.015060 90.000000 90.000000 90.000000
304 51.319469 55.805820 57.121090 90.000000 90.000000 90.000000
305 51.105850 55.573524 56.883320 90.000000 90.000000 90.000000
306 51.211754 55.688686 57.001198 90.000000 90.000000 90.000000
307 51.201237 55.677250 56.989491 90.000000 90.000000 90.000000
308 51.119339 55.588192 56.898335 90.000000 90.000000 90.000000
309 51.225204 55.703312 57.016167 90.000000 90.000000 90.000000
310 51.252769 55.733288 57.046848 90.000000 90.000000 90.000000
311 51.395912 55.888943 57.206173 90.000000 90.000000 90.000000
312 51.208519 55.685169 56.997597 90.000000 90.000000 90.000000
313 51.203583 55.679802 56.992100 90.000000 90.000000 90.000000
314 51.263821 55.745304 57.059147 90.000000 90.000000 90.000000
315 51.286697 55.770180 57.084610 90.000000 90.000000 90.000000
316 51.251183 55.731564 57.045082 90.000000 90.000000 90.000000
317 51.305187 55.790283 57.105190 90.000000 90.000000 90.000000
318 51.069954 55.534489 56.843365 90.000000 90.000000 90.000000
319 51.240528 55.719975 57.033222 90.000000 90.000000 90.000000
320 51.194187 55.669582 56.981644 90.000000 90.000000 90.000000
321 51.072971 55.537773 56.846725 90.000000 90.000000 90.000000
322 51.071011 55.535641 56.844543 90.000000 90.000000 90.000000
323 51.145714 55.616875 56.927692 90.000000 90.000000 90.000000
324 51.081268 55.546795 56.855961 90.000000 90.000000 90.000000
325 51.163628 55.636353 56.947628 90.000000 90.000000 90.000000
326 51.140327 55.611015 56.921692 90.000000 90.000000 90.000000
327 51.244129 55.723892 57.037231 90.000000 90.000000 90.000000
328 51.098049 55.565041 56.874638 90.000000 90.000000 90.000000
329 51.020996 55.481251 56.788872 90.000000 90.000000 90.000000
330 51.135548 55.605820 56.916374 90.000000 90.000000 90.000000
331 51.221272 55.699036 57.011787 90.000000 90.000000 90.000000
332 51.176205 55.650032 56.961628 90.000000 90.000000 90.000000
333 51.263050 55.744465 57.058289 90.000000 90.000000 90.000000
334 51.215595 55.692863 57.005470 90.000000 90.000000 90.000000
335 51.233955 55.712826 57.025906 90.000000 90.000000 90.000000
336 51.287914 55.771503 57.085968 90.000000 90.000000 90.000000
337 51.099895 55.567047 56.876690 90.000000 90.000000 90.000000
338 51.157307 55.629478 56.940594 90.000000 90.000000 90.000000
339 51.101997 55.569336 56.879032 90.000000 90.000000 90.000000
340 51.249260 55.729469 57.042942 90.000000 90.000000 90.000000
341 51.173183 55.646744 56.958267 90.000000 90.000000 90.000000
342 51.174809 55.648510 56.960072 90.000000 90.000000 90.000000
343 51.057751 55.521217 56.829781 90.000000 90.000000 90.000000
344 51.220280 55.697956 57.010685 90.000000 90.000000 90.000000
345 51.188610 55.663521 56.975437 90.000000 90.000000 90.000000
346 51.138092 55.608585 56.919209 90.000000 90.000000 90.000000
347 51.214348 55.691505 57.004082 90.000000 90.000000 90.000000
348 51.311924 55.797611 57.112690 90.000000 90.000000 90.000000
349 51.266121 55.747807 57.061707 90.000000 90.000000 90.000000
350 51.223717 55.701694 57.014511 90.000000 90.000000 90.000000
351 51.268536 55.750431 57.064396 90.000000 90.000000 90.000000
352 51.172932 55.646469 56.957985 90.000000 90.000000 90.000000
353 51.205273 55.681637 56.993980 90.000000 90.000000 90.000000
354 51.168392 55.641537 56.952934 90.000000 90.000000 90.000000
355 51.306240 55.791431 57.106365 90.000000 90.000000 90.000000
356 51.264240 55.745762 57.059616 90.000000 90.000000 90.000000
357 51.181141 55.655396 56.967121 90.000000 90.000000 90.000000
358 51.087070 55.553101 56.862415 90.000000 90.000000 90.000000
359 51.102093 55.569439 56.879135 90.000000 90.000000 90.000000
360 51.227913 55.706261 57.019184 90.000000 90.000000 90.000000
361 51.202606 55.678741 56.991016 90.000000 90.000000 90.000000
362 51.138725 55.609272 56.919910 90.000000 90.000000 90.000000
363 51.210529 55.687351 56.999832 90.000000 90.000000 90.000000
364 51.145988 55.617168 56.927994 90.000000 90.000000 90.000000
365 51.233200 55.712006 57.025066 90.000000 90.000000 90.000000
366 51.144657 55.615726 56.926514 90.000000 90.000000 90.000000
367 51.199821 55.675713 56.987915 90.000000 90.000000 90.000000
368 51.357071 55.846706 57.162941 90.000000 90.000000 90.000000
369 51.106503 55.574230 56.884045 90.000000 90.000000 90.000000
370 51.210770 55.687618 57.000103 90.000000 90.000000 90.000000
371 51.061134 55.524899 56.833549 90.000000 90.000000 90.000000
372 51.127682 55.597263 56.907616 90.000000 90.000000 90.000000
373 51.253052 55.733593 57.047161 90.000000 90.000000 90.000000
374 51.120914 55.589905 56.900085 90.000000 90.000000 90.000000
375 51.200016 55.675922 56.988129 90.000000 90.000000 90.000000
376 51.316032 55.802082 57.117264 90.000000 90.000000 90.000000
377 51.173286 55.646858 56.958382 90.000000 90.000000 90.000000
378 51.264965 55.746548 57.060421 90.000000 90.000000 90.000000
379 51.158092 55.630333 56.941467 90.000000 90.000000 90.000000
380 51.209969 55.686745 56.999210 90.000000 90.000000 90.000000
381 51.110695 55.578793 56.888710 90.000000 90.000000 90.000000
382 51.136414 55.606758 56.917336 90.000000 90.000000 90.000000
383 51.203091 55.679268 56.991554 90.000000 90.000000 90.000000
384 51.209862 55.686630 56.999092 90.000000 90.000000 90.000000
385 51.194103 55.669491 56.981548 90.000000 90.000000 90.000000
386 51.148453 55.619850 56.930740 90.000000 90.000000 90.000000
387 51.159534 55.631901 56.943073 90.000000 90.000000 90.000000
388 51.213112 55.690163 57.002708 90.000000 90.000000 90.000000
389 51.270756 55.752846 57.066868 90.000000 90.000000 90.000000
390 51.164642 55.637455 56.948757 90.000000 90.000000 90.000000
391 51.153652 55.625504 56.936527 90.000000 90.000000 90.000000
392 51.110764 55.578865 56.888786 90.000000 90.000000 90.000000
393 51.069965 55.534500 56.843376 90.000000 90.000000 90.000000
394 51.198761 55.674561 56.986736 90.000000 90.000000 90.000000
395 51.228630 55.707039 57.019981 90.000000 90.000000 90.000000
396 51.094334 55.561001 56.870499 90.000000 90.000000 90.000000
397 51.233826 55.712688 57.025764 90.000000 90.000000 90.000000
398 51.177895 55.651867 56.963509 90.000000 90.000000 90.000000
399 51.084949 55.550797 56.860054 90.000000 90.000000 90.000000
400 51.106979 55.574749 56.884575 90.000000 90.000000 90.000000
401 51.203663 55.679890 56.992191 90.000000 90.000000 90.000000
402 51.166595 55.639580 56.950932 90.000000 90.000000 90.000000
403 51.203682 55.679909 56.992210 90.000000 90.000000 90.000000
404 51.121201 55.590214 56.900406 90.000000 90.000000 90.000000
405 51.139408 55.610016 56.920673 90.000000 90.000000 90.000000
406 51.296711 55.781067 57.095757 90.000000 90.000000 90.000000
407 51.298424 55.782932 57.097664 90.000000 90.000000 90.000000
408 51.184334 55.658871 56.970676 90.000000 90.000000 90.000000
409 51.172192 55.645664 56.957161 90.000000 90.000000 90.000000
410 51.208370 55.685005 56.997429 90.000000 90.000000 90.000000
411 51.221283 55.699047 57.011803 90.000000 90.000000 90.000000
412 51.183418 55.657875 56.969658 90.000000 90.000000 90.000000
413 51.121269 55.590294 56.900482 90.000000 90.000000 90.000000
414 51.159542 55.631908 56.943081 90.000000 90.000000 90.000000
415 51.124668 55.593987 56.904266 90.000000 90.000000 90.000000
416 51.274776 55.757217 57.071342 90.000000 90.000000 90.000000
417 51.211945 55.688892 57.001408 90.000000 90.000000 90.000000
418 51.249634 55.729877 57.043358 90.000000 90.000000 90.000000
419 51.150288 55.621849 56.932781 90.000000 90.000000 90.000000
420 51.281456 55.764484 57.078777 90.000000 90.000000 90.000000
421 51.223431 55.701385 57.014194 90.000000 90.000000 90.000000
422 51.156559 55.628666 56.939762 90.000000 90.000000 90.000000
423 51.293030 55.777065 57.091656 90.000000 90.000000 90.000000
424 51.124882 55.594219 56.904503 90.000000 90.000000 90.000000
425 51.085320 55.551197 56.860466 90.000000 90.000000 90.000000
426 51.071007 55.535633 56.844536 90.000000 90.000000 90.000000
427 51.083286 55.548988 56.858208 90.000000 90.000000 90.000000
428 51.181770 55.656082 56.967823 90.000000 90.000000 90.000000
429 51.204330 55.680614 56.992931 90.000000 90.000000 90.000000
430 51.184090 55.658604 56.970402 90.000000 90.000000 90.000000
431 51.101028 55.568279 56.877953 90.000000 90.000000 90.000000
432 51.187599 55.662422 56.974312 90.000000 90.000000 90.000000
433 51.189285 55.664253 56.976189 90.000000 90.000000 90.000000
434 51.196789 55.672413 56.984539 90.000000 90.000000 90.000000
435 51.172256 55.645733 56.957230 90.000000 90.000000 90.000000
436 51.232231 55.710953 57.023987 90.000000 90.000000 90.000000
437 51.261776 55.743080 57.056870 90.000000 90.000000 90.000000
438 51.241894 55.721462 57.034744 90.000000 90.000000 90.000000
439 51.260021 55.741173 57.054916 90.000000 90.000000 90.000000
440 51.205025 55.681366 56.993702 90.000000 90.000000 90.000000
441 51.333302 55.820862 57.136486 90.000000 90.000000 90.000000
442 51.238911 55.718216 57.031422 90.000000 90.000000 90.000000
443 51.276730 55.759342 57.073517 90.000000 90.000000 90.000000
444 51.126301 55.595760 56.906082 90.000000 90.000000 90.000000
445 51.271057 55.753174 57.067204 90.000000 90.000000 90.000000
446 51.085072 55.550930 56.860195 90.000000 90.000000 90.000000
447 51.261002 55.742237 57.056011 90.000000 90.000000 90.000000
448 51.134258 55.604416 56.914940 90.000000 90.000000 90.000000
449 51.264332 55.745861 57.059719 90.000000 90.000000 90.000000
450 51.296524 55.780865 57.095547 90.000000 90.000000 90.000000
451 51.085098 55.550957 56.860222 90.000000 90.000000 90.000000
452 51.026531 55.487270 56.795033 90.000000 90.000000 90.000000
453 51.232990 55.711777 57.024830 90.000000 90.000000 90.000000
454 51.274746 55.757183 57.071308 90.000000 90.000000 90.000000
455 51.132473 55.602474 56.912952 90.000000 90.000000 90.000000
456 51.137646 55.608097 56.918709 90.000000 90.000000 90.000000
457 51.255375 55.736118 57.049747 90.000000 90.000000 90.000000
458 51.091209 55.557606 56.867023 90.000000 90.000000 90.000000
459 51.156685 55.628803 56.939903 90.000000 90.000000 90.000000
460 51.075863 55.540913 56.849941 90.000000 90.000000 90.000000
461 51.220985 55.698723 57.011471 90.000000 90.000000 90.000000
462 51.206112 55.682549 56.994915 90.000000 90.000000 90.000000
463 51.174614 55.648300 56.959858 90.000000 90.000000 90.000000
464 51.160511 55.632961 56.944157 90.000000 90.000000 90.000000
465 51.164989 55.637833 56.949142 90.000000 90.000000 90.000000
466 51.072712 55.537491 56.846436 90.000000 90.000000 90.000000
467 51.132309 55.602299 56.912769 90.000000 90.000000 90.000000
468 51.191441 55.666595 56.978584 90.000000 90.000000 90.000000
469 51.262688 55.744072 57.057884 90.000000 90.000000 90.000000
470 51.211491 55.688400 57.000900 90.000000 90.000000 90.000000
471 51.177876 55.651848 56.963490 90.000000 90.000000 90.000000
472 51.276501 55.759094 57.073261 90.000000 90.000000 90.000000
473 51.217720 55.695171 57.007835 90.000000 90.000000 90.000000
474 51.188129 55.662998 56.974903 90.000000 90.000000 90.000000
475 51.244984 55.724819 57.038181 90.000000 90.000000 90.000000
476 51.192680 55.667942 56.979965 90.000000 90.000000 90.000000
477 51.258213 55.739208 57.052910 90.000000 90.000000 90.000000
478 51.194092 55.669479 56.981537 90.000000 90.000000 90.000000
479 51.140369 55.611061 56.921741 90.000000 90.000000 90.000000
480 51.104362 55.571907 56.881664 90.000000 90.000000 90.000000
481 51.116173 55.584751 56.894810 90.000000 90.000000 90.000000
482 51.212154 55.689121 57.001640 90.000000 90.000000 90.000000
483 51.188560 55.663467 56.975380 90.000000 90.000000 90.000000
484 51.099102 55.566185 56.875809 90.000000 90.000000 90.000000
485 51.252087 55.732544 57.046089 90.000000 90.000000 90.000000
486 51.338993 55.827045 57.142818 90.000000 90.000000 90.000000
487 51.109695 55.577705 56.887600 90.000000 90.000000 90.000000
488 51.210583 55.687412 56.999893 90.000000 90.000000 90.000000
489 51.228828 55.707253 57.020199 90.000000 90.000000 90.000000
490 51.145077 55.616177 56.926979 90.000000 90.000000 90.000000
491 51.227665 55.705986 57.018906 90.000000 90.000000 90.000000
492 51.087818 55.553913 56.863247 90.000000 90.000000 90.000000
493 51.197048 55.672695 56.984829 90.000000 90.000000 90.000000
494 51.153427 55.625259 56.936275 90.000000 90.000000 90.000000
495 51.222149 55.699989 57.012764 90.000000 90.000000 90.000000
496 51.217999 55.695477 57.008144 90.000000 90.000000 90.000000
497 51.270908 55.753014 57.067039 90.000000 90.000000 90.000000
498 51.197845 55.673561 56.985714 90.000000 90.000000 90.000000
499 51.229210 55.707664 57.020622 90.000000 90.000000 90.000000
500 51.195782 55.671314 56.983414 90.000000 90.000000 90.000000
501 51.241714 55.721268 57.034546 90.000000 90.000000 90.000000
502 51.224617 55.702675 57.015514 90.000000 90.000000 90.000000
503 51.151043 55.622665 56.933620 90.000000 90.000000 90.000000
504 51.164810 55.637638 56.948944 90.000000 90.000000 90.000000
505 51.263336 55.744778 57.058609 90.000000 90.000000 90.000000
506 51.265614 55.747253 57.061142 90.000000 90.000000 90.000000
507 51.195686 55.671211 56.983311 90.000000 90.000000 90.000000
508 51.275166 55.757641 57.071777 90.000000 90.000000 90.000000
509 51.254719 55.735405 57.049015 90.000000 90.000000 90.000000
510 51.159851 55.632244 56.943424 90.000000 90.000000 90.000000
511 51.254665 55.735348 57.048958 90.000000 90.000000 90.000000
512 51.152485 55.624237 56.935226 90.000000 90.000000 90.000000
513 51.305462 55.790585 57.105495 90.000000 90.000000 90.000000
514 51.203850 55.680092 56.992397 90.000000 90.000000 90.000000
515 51.267624 55.749439 57.063381 90.000000 90.000000 90.000000
516 51.276318 55.758892 57.073059 90.000000 90.000000 90.000000
517 51.179470 55.653580 56.965263 90.000000 90.000000 90.000000
518 51.251339 55.731735 57.045258 90.000000 90.000000 90.000000
519 51.091141 55.557529 56.866947 90.000000 90.000000 90.000000
520 51.196644 55.672253 56.984375 90.000000 90.000000 90.000000
521 51.203434 55.679638 56.991932 90.000000 90.000000 90.000000
522 51.244453 55.724243 57.037590 90.000000 90.000000 90.000000
523 51.288063 55.771664 57.086132 90.000000 90.000000 90.000000
524 51.141502 55.612293 56.923000 90.000000 90.000000 90.000000
525 51.227551 55.705864 57.018780 90.000000 90.000000 90.000000
526 51.177826 55.651791 56.963432 90.000000 90.000000 90.000000
527 51.146301 55.617512 56.928345 90.000000 90.000000 90.000000
528 51.260532 55.741730 57.055489 90.000000 90.000000 90.000000
529 51.220676 55.698387 57.011124 90.000000 90.000000 90.000000
530 51.315205 55.801182 57.116341 90.000000 90.000000 90.000000
531 51.172752 55.646275 56.957787 90.000000 90.000000 90.000000
532 51.207764 55.684345 56.996754 90.000000 90.000000 90.000000
533 51.129646 55.599400 56.909805 90.000000 90.000000 90.000000
534 51.166306 55.639263 56.950607 90.000000 90.000000 90.000000
535 51.227493 55.705799 57.018715 90.000000 90.000000 90.000000
536 51.238876 55.718178 57.031384 90.000000 90.000000 90.000000
537 51.237152 55.716305 57.029465 90.000000 90.000000 90.000000
538 51.097923 55.564903 56.874493 90.000000 90.000000 90.000000
539 51.164654 55.637470 56.948772 90.000000 90.000000 90.000000
540 51.262928 55.744331 57.058151 90.000000 90.000000 90.000000
541 51.242775 55.722420 57.035725 90.000000 90.000000 90.000000
542 51.194214 55.669609 56.981670 90.000000 90.000000 90.000000
543 51.280231 55.763149 57.077412 90.000000 90.000000 90.000000
544 51.194202 55.669601 56.981659 90.000000 90.000000 90.000000
545 51.163719 55.636452 56.947731 90.000000 90.000000 90.000000
546 51.214840 55.692043 57.004631 90.000000 90.000000 90.000000
547 51.226685 55.704922 57.017815 90.000000 90.000000 90.000000
548 51.177338 55.651260 56.962887 90.000000 90.000000 90.000000
549 51.156849 55.628983 56.940083 90.000000 90.000000 90.000000
550 51.094978 55.561699 56.871216 90.000000 90.000000 90.000000
551 51.152367 55.624107 56.935093 90.000000 90.000000 90.000000
552 51.222507 55.700378 57.013165 90.000000 90.000000 90.000000
553 51.129326 55.599052 56.909451 90.000000 90.000000 90.000000
554 51.169617 55.642864 56.954292 90.000000 90.000000 90.000000
555 51.165283 55.638153 56.949471 90.000000 90.000000 90.000000
556 51.125546 55.594940 56.905239 90.000000 90.000000 90.000000
557 51.142105 55.612946 56.923672 90.000000 90.000000 90.000000
558 51.143124 55.614056 56.924809 90.000000 90.000000 90.000000
559 51.214348 55.691505 57.004082 90.000000 90.000000 90.000000
560 51.281391 55.764412 57.078705 90.000000 90.000000 90.000000
561 51.155865 55.627911 56.938988 90.000000 90.000000 90.000000
562 51.143627 55.614601 56.925365 90.000000 90.000000 90.000000
563 51.135712 55.605995 56.916553 90.000000 90.000000 90.000000
564 51.189163 55.664124 56.976051 90.000000 90.000000 90.000000
565 51.349380 55.838345 57.154381 90.000000 90.000000 90.000000
566 51.335899 55.823685 57.139374 90.000000 90.000000 90.000000
567 51.269886 55.751900 57.065899 90.000000 90.000000 90.000000
568 51.325279 55.812138 57.127556 90.000000 90.000000 90.000000
569 51.128975 55.598671 56.909058 90.000000 90.000000 90.000000
570 51.214409 55.691574 57.004150 90.000000 90.000000 90.000000
571 51.122974 55.592148 56.902382 90.000000 90.000000 90.000000
572 51.263821 55.745304 57.059151 90.000000 90.000000 90.000000
573 51.153061 55.624859 56.935863 90.000000 90.000000 90.000000
574 51.258972 55.740032 57.053749 90.000000 90.000000 90.000000
575 51.330139 55.817421 57.132965 90.000000 90.000000 90.000000
576 51.214588 55.691769 57.004353 90.000000 90.000000 90.000000
577 51.183559 55.658028 56.969814 90.000000 90.000000 90.000000
578 51.178371 55.652386 56.964039 90.000000 90.000000 90.000000
579 51.320713 55.807171 57.122475 90.000000 90.000000 90.000000
580 51.262371 55.743729 57.057537 90.000000 90.000000 90.000000
581 51.175060 55.648785 56.960354 90.000000 90.000000 90.000000
582 51.149147 55.620605 56.931511 90.000000 90.000000 90.000000
583 51.070663 55.535263 56.844158 90.000000 90.000000 90.000000
584 51.098984 55.566055 56.875675 90.000000 90.000000 90.000000
585 51.221249 55.699013 57.011765 90.000000 90.000000 90.000000
586 51.168411 55.641556 56.952953 90.000000 90.000000 90.000000
587 51.199856 55.675747 56.987953 90.000000 90.000000 90.000000
588 51.203770 55.680004 56.992310 90.000000 90.000000 90.000000
589 51.273323 55.755638 57.069725 90.000000 90.000000 90.000000
590 51.021790 55.482117 56.789757 90.000000 90.000000 90.000000
591 51.097248 55.564167 56.873745 90.000000 90.000000 90.000000
592 51.246059 55.725990 57.039379 90.000000 90.000000 90.000000
593 51.277508 55.760189 57.074383 90.000000 90.000000 90.000000
594 51.233604 55.712448 57.025517 90.000000 90.000000 90.000000
595 51.293472 55.777550 57.092152 90.000000 90.000000 90.000000
596 51.209919 55.686691 56.999153 90.000000 90.000000 90.000000
597 51.215050 55.692272 57.004868 90.000000 90.000000 90.000000
598 51.107334 55.575134 56.884968 90.000000 90.000000 90.000000
599 51.217224 55.694633 57.007286 90.000000 90.000000 90.000000
600 51.134460 55.604637 56.915165 90.000000 90.000000 90.000000
601 51.352608 55.841850 57.157970 90.000000 90.000000 90.000000
602 51.316353 55.802429 57.117619 90.000000 90.000000 90.000000
603 51.238094 55.717327 57.030514 90.000000 90.000000 90.000000
604 51.369041 55.859722 57.176262 90.000000 90.000000 90.000000
605 51.263412 55.744862 57.058693 90.000000 90.000000 90.000000
606 51.241306 55.720821 57.034088 90.000000 90.000000 90.000000
607 51.123234 55.592426 56.902668 90.000000 90.000000 90.000000
608 51.252201 55.732670 57.046215 90.000000 90.000000 90.000000
609 51.121693 55.590752 56.900951 90.000000 90.000000 90.000000
610 51.107079 55.574860 56.884689 90.000000 90.000000 90.000000
611 51.162411 55.635029 56.946274 90.000000 90.000000 90.000000
612 51.176929 55.650818 56.962437 90.000000 90.000000 90.000000
613 51.175999 55.649803 56.961399 90.000000 90.000000 90.000000
614 51.252991 55.733528 57.047092 90.000000 90.000000 90.000000
615 51.180508 55.654709 56.966419 90.000000 90.000000 90.000000
616 51.149841 55.621361 56.932285 90.000000 90.000000 90.000000
617 51.195988 55.671539 56.983646 90.000000 90.000000 90.000000
618 51.214230 55.691376 57.003952 90.000000 90.000000 90.000000
619 51.152699 55.624466 56.935463 90.000000 90.000000 90.000000
620 51.112988 55.581287 56.891266 90.000000 90.000000 90.000000
621 51.232689 55.711452 57.024498 90.000000 90.000000 90.000000
622 51.152554 55.624310 56.935303 90.000000 90.000000 90.000000
623 51.220333 55.698017 57.010746 90.000000 90.000000 90.000000
624 51.260963 55.742199 57.055969 90.000000 90.000000 90.000000
625 51.236973 55.716110 57.029266 90.000000 90.000000 90.000000
626 51.278423 55.761181 57.075401 90.000000 90.000000 90.000000
627 51.147591 55.618916 56.929779 90.000000 90.000000 90.000000
628 51.263535 55.744991 57.058830 90.000000 90.000000 90.000000
629 51.237633 55.716827 57.030003 90.000000 90.000000 90.000000
630 51.359798 55.849674 57.165977 90.000000 90.000000 90.000000
631 51.301384 55.786152 57.100960 90.000000 90.000000 90.000000
632 51.127945 55.597549 56.907909 90.000000 90.000000 90.000000
633 51.300404 55.785084 57.099865 90.000000 90.000000 90.000000
634 51.234760 55.713703 57.026802 90.000000 90.000000 90.000000
635 51.091228 55.557621 56.867043 90.000000 90.000000 90.000000
636 51.117374 55.586056 56.896149 90.000000 90.000000 90.000000
637 51.031540 55.492718 56.800610 90.000000 90.000000 90.000000
638 51.378063 55.869534 57.186306 90.000000 90.000000 90.000000
639 51.247505 55.727562 57.040989 90.000000 90.000000 90.000000
640 51.209156 55.685860 56.998302 90.000000 90.000000 90.000000
641 51.144123 55.615143 56.925919 90.000000 90.000000 90.000000
642 51.092625 55.559139 56.868599 90.000000 90.000000 90.000000
643 51.170177 55.643475 56.954918 90.000000 90.000000 90.000000
644 51.188244 55.663124 56.975029 90.000000 90.000000 90.000000
645 51.146152 55.617352 56.928177 90.000000 90.000000 90.000000
646 51.105537 55.573181 56.882969 90.000000 90.000000 90.000000
647 51.194298 55.669704 56.981766 90.000000 90.000000 90.000000
648 51.238136 55.717373 57.030560 90.000000 90.000000 90.000000
649 51.248558 55.728706 57.042160 90.000000 90.000000 90.000000
650 51.209000 55.685692 56.998131 90.000000 90.000000 90.000000
651 51.255512 55.736267 57.049900 90.000000 90.000000 90.000000
652 51.268597 55.750500 57.064465 90.000000 90.000000 90.000000
653 51.164093 55.636856 56.948147 90.000000 90.000000 90.000000
654 51.207649 55.684223 56.996628 90.000000 90.000000 90.000000
655 51.278851 55.761646 57.075874 90.000000 90.000000 90.000000
656 51.215225 55.692463 57.005058 90.000000 90.000000 90.000000
657 51.162941 55.635605 56.946865 90.000000 90.000000 90.000000
658 51.082272 55.547882 56.857075 90.000000 90.000000 90.000000
659 51.255379 55.736122 57.049751 90.000000 90.000000 90.000000
660 51.155819 55.627861 56.938938 90.000000 90.000000 90.000000
661 51.205849 55.682262 56.994621 90.000000 90.000000 90.000000
662 51.272404 55.754639 57.068703 90.000000 90.000000 90.000000
663 51.194389 55.669804 56.981869 90.000000 90.000000 90.000000
664 51.108028 55.575893 56.885746 90.000000 90.000000 90.000000
665 51.205036 55.681381 56.993721 90.000000 90.000000 90.000000
666 51.195499 55.671013 56.983105 90.000000 90.000000 90.000000
667 51.284031 55.767281 57.081642 90.000000 90.000000 90.000000
668 51.189484 55.664467 56.976406 90.000000 90.000000 90.000000
669 51.105667 55.573326 56.883118 90.000000 90.000000 90.000000
670 51.345757 55.834404 57.150345 90.000000 90.000000 90.000000
671 51.087288 55.553341 56.862659 90.000000 90.000000 90.000000
672 51.098095 55.565094 56.874691 90.000000 90.000000 90.000000
673 51.212906 55.689938 57.002476 90.000000 90.000000 90.000000
674 51.016388 55.476242 56.783745 90.000000 90.000000 90.000000
675 51.105103 55.572708 56.882484 90.000000 90.000000 90.000000
676 51.089245 55.555466 56.864834 90.000000 90.000000 90.000000
677 51.217594 55.695038 57.007698 90.000000 90.000000 90.000000
678 51.194790 55.670238 56.982311 90.000000 90.000000 90.000000
679 51.284027 55.767277 57.081638 90.000000 90.000000 90.000000
680 51.135777 55.606068 56.916630 90.000000 90.000000 90.000000
681 51.228119 55.706482 57.019413 90.000000 90.000000 90.000000
682 51.193336 55.668655 56.980694 90.000000 90.000000 90.000000
683 51.122673 55.591816 56.902042 90.000000 90.000000 90.000000
684 51.242836 55.722485 57.035789 90.000000 90.000000 90.000000
685 51.090981 55.557354 56.866772 90.000000 90.000000 90.000000
686 51.242867 55.722519 57.035828 90.000000 90.000000 90.000000
687 51.280121 55.763031 57.077293 90.000000 90.000000 90.000000
688 51.179054 55.653130 56.964802 90.000000 90.000000 90.000000
689 51.257286 55.738201 57.051876 90.000000 90.000000 90.000000
690 51.254543 55.735218 57.048824 90.000000 90.000000 90.000000
691 51.225719 55.703873 57.016739 90.000000 90.000000 90.000000
692 51.181435 55.655716 56.967445 90.000000 90.000000 90.000000
693 51.116306 55.584896 56.894958 90.000000 90.000000 90.000000
694 51.225098 55.703197 57.016048 90.000000 90.000000 90.000000
695 51.287685 55.771255 57.085712 90.000000 90.000000 90.000000
696 51.163815 55.636555 56.947834 90.000000 90.000000 90.000000
697 51.202675 55.678814 56.991089 90.000000 90.000000 90.000000
698 51.098701 55.565750 56.875362 90.000000 90.000000 90.000000
699 51.146023 55.617207 56.928032 90.000000 90.000000 90.000000
700 51.172241 55.645718 56.957214 90.000000 90.000000 90.000000
701 51.231857 55.710545 57.023571 90.000000 90.000000 90.000000
702 51.154480 55.626404 56.937447 90.000000 90.000000 90.000000
703 51.104572 55.572132 56.881897 90.000000 90.000000 90.000000
704 51.138306 55.608818 56.919445 90.000000 90.000000 90.000000
705 51.167336 55.640381 56.951756 90.000000 90.000000 90.000000
706 51.085770 55.551689 56.860970 90.000000 90.000000 90.000000
707 51.234299 55.713200 57.026287 90.000000 90.000000 90.000000
708 51.207497 55.684059 56.996460 90.000000 90.000000 90.000000
709 51.141438 55.612221 56.922932 90.000000 90.000000 90.000000
710 51.188030 55.662888 56.974792 90.000000 90.000000 90.000000
711 51.199188 55.675022 56.987209 90.000000 90.000000 90.000000
712 51.250290 55.730591 57.044086 90.000000 90.000000 90.000000
713 51.162193 55.634792 56.946030 90.000000 90.000000 90.000000
714 51.129452 55.599186 56.909588 90.000000 90.000000 90.000000
715 51.144997 55.616093 56.926891 90.000000 90.000000 90.000000
716 51.153904 55.625778 56.936806 90.000000 90.000000 90.000000
717 51.171532 55.644947 56.956425 90.000000 90.000000 90.000000
718 51.171402 55.644806 56.956280 90.000000 90.000000 90.000000
719 51.274120 55.756504 57.070614 90.000000 90.000000 90.000000
720 51.250149 55.730438 57.043930 90.000000 90.000000 90.000000
721 51.106831 55.574589 56.884411 90.000000 90.000000 90.000000
722 51.204247 55.680519 56.992836 90.000000 90.000000 90.000000
723 51.049763 55.512535 56.820892 90.000000 90.000000 90.000000
724 51.113548 55.581898 56.891888 90.000000 90.000000 90.000000
725 51.301376 55.786144 57.100952 90.000000 90.000000 90.000000
726 51.191051 55.666172 56.978153 90.000000 90.000000 90.000000
727 51.143005 55.613930 56.924675 90.000000 90.000000 90.000000
728 51.170898 55.644257 56.955719 90.000000 90.000000 90.000000
729 51.230762 55.709358 57.022354 90.000000 90.000000 90.000000
730 51.105282 55.572906 56.882690 90.000000 90.000000 90.000000
731 51.250671 55.731007 57.044514 90.000000 90.000000 90.000000
732 51.276413 55.758999 57.073166 90.000000 90.000000 90.000000
733 51.174751 55.648449 56.960011 90.000000 90.000000 90.000000
734 51.254097 55.734730 57.048325 90.000000 90.000000 90.000000
735 51.265945 55.747612 57.061512 90.000000 90.000000 90.000000
736 51.208649 55.685310 56.997742 90.000000 90.000000 90.000000
737 51.363243 55.853420 57.169811 90.000000 90.000000 90.000000
738 51.152569 55.624329 56.935322 90.000000 90.000000 90.000000
739 51.075844 55.540894 56.849918 90.000000 90.000000 90.000000
740 51.264336 55.745865 57.059723 90.000000 90.000000 90.000000
741 51.125225 55.594593 56.904884 90.000000 90.000000 90.000000
742 51.228195 55.706566 57.019497 90.000000 90.000000 90.000000
743 51.117699 55.586407 56.896507 90.000000 90.000000 90.000000
744 51.217194 55.694603 57.007252 90.000000 90.000000 90.000000
745 51.247658 55.727730 57.041161 90.000000 90.000000 90.000000
746 51.202671 55.678810 56.991085 90.000000 90.000000 90.000000
747 51.261963 55.743282 57.057079 90.000000 90.000000 90.000000
748 51.193119 55.668423 56.980453 90.000000 90.000000 90.000000
749 51.325344 55.812206 57.127625 90.000000 90.000000 90.000000
750 51.276253 55.758823 57.072987 90.000000 90.000000 90.000000
751 51.253384 55.733955 57.047531 90.000000 90.000000 90.000000
752 51.217781 55.695240 57.007904 90.000000 90.000000 90.000000
753 51.189465 55.664448 56.976387 90.000000 90.000000 90.000000
754 51.173878 55.647499 56.959038 90.000000 90.000000 90.000000
755 51.075764 55.540810 56.849834 90.000000 90.000000 90.000000
756 51.281540 55.764572 57.078869 90.000000 90.000000 90.000000
757 51.113926 55.582306 56.892307 90.000000 90.000000 90.000000
758 51.238960 55.718269 57.031479 90.000000 90.000000 90.000000
759 51.188732 55.663654 56.975571 90.000000 90.000000 90.000000
760 51.126862 55.596375 56.906708 90.000000 90.000000 90.000000
761 51.046902 55.509422 56.817707 90.000000 90.000000 90.000000
762 51.135052 55.605278 56.915825 90.000000 90.000000 90.000000
763 51.202618 55.678749 56.991024 90.000000 90.000000 90.000000
764 51.230011 55.708538 57.021515 90.000000 90.000000 90.000000
765 51.109188 55.577152 56.887032 90.000000 90.000000 90.000000
766 51.127907 55.597507 56.907867 90.000000 90.000000 90.000000
767 51.107430 55.575241 56.885078 90.000000 90.000000 90.000000
768 51.167171 55.640205 56.951572 90.000000 90.000000 90.000000
769 51.283985 55.767231 57.081589 90.000000 90.000000 90.000000
770 51.354877 55.844322 57.160500 90.000000 90.000000 90.000000
771 51.232620 55.711376 57.024422 90.000000 90.000000 90.000000
772 51.224072 55.702080 57.014904 90.000000 90.000000 90.000000
773 51.254620 55.735298 57.048904 90.000000 90.000000 90.000000
774 51.319485 55.805836 57.121105 90.000000 90.000000 90.000000
775 51.235722 55.714748 57.027874 90.000000 90.000000 90.000000
776 51.168720 55.641891 56.953297 90.000000 90.000000 90.000000
777 51.215233 55.692467 57.005066 90.000000 90.000000 90.000000
778 51.339142 55.827209 57.142982 90.000000 90.000000 90.000000
779 51.281105 55.764099 57.078388 90.000000 90.000000 90.000000
780 51.162971 55.635639 56.946899 90.000000 90.000000 90.000000
781 51.203400 55.679600 56.991898 90.000000 90.000000 90.000000
782 51.038769 55.500576 56.808655 90.000000 90.000000 90.000000
783 51.164494 55.637295 56.948593 90.000000 90.000000 90.000000
784 51.035217 55.496716 56.804703 90.000000 90.000000 90.000000
785 51.113510 55.581852 56.891846 90.000000 90.000000 90.000000
786 51.214207 55.691353 57.003925 90.000000 90.000000 90.000000
787 51.094612 55.561302 56.870811 90.000000 90.000000 90.000000
788 51.116302 55.584888 56.894955 90.000000 90.000000 90.000000
789 51.218193 55.695686 57.008362 90.000000 90.000000 90.000000
790 51.083431 55.549145 56.858364 90.000000 90.000000 90.000000
791 51.160652 55.633118 56.944317 90.000000 90.000000 90.000000
792 51.278271 55.761017 57.075233 90.000000 90.000000 90.000000
793 51.156872 55.629005 56.940105 90.000000 90.000000 90.000000
794 51.098511 55.565540 56.875149 90.000000 90.000000 90.000000
795 51.098125 55.565125 56.874722 90.000000 90.000000 90.000000
796 51.181019 55.655262 56.966984 90.000000 90.000000 90.000000
797 51.203819 55.680061 56.992367 90.000000 90.000000 90.000000
798 51.250950 55.731308 57.044823 90.000000 90.000000 90.000000
799 51.252491 55.732983 57.046535 90.000000 90.000000 90.000000
800 51.121670 55.590729 56.900928 90.000000 90.000000 90.000000
801 51.134037 55.604176 56.914696 90.000000 90.000000 90.000000
802 51.209393 55.686119 56.998566 90.000000 90.000000 90.000000
803 51.216480 55.693829 57.006458 90.000000 90.000000 90.000000
804 51.309715 55.795208 57.110229 90.000000 90.000000 90.000000
805 51.240650 55.720108 57.033360 90.000000 90.000000 90.000000
806 51.185902 55.660572 56.972420 90.000000 90.000000 90.000000
807 51.077492 55.542686 56.851757 90.000000 90.000000 90.000000
808 51.055634 55.518917 56.827427 90.000000 90.000000 90.000000
809 51.285175 55.768528 57.082920 90.000000 90.000000 90.000000
810 51.165981 55.638912 56.950249 90.000000 90.000000 90.000000
811 51.260010 55.741161 57.054909 90.000000 90.000000 90.000000
812 51.227852 55.706192 57.019115 90.000000 90.000000 90.000000
813 51.140461 55.611160 56.921841 90.000000 90.000000 90.000000
814 51.247276 55.727314 57.040733 90.000000 90.000000 90.000000
815 51.196739 55.672359 56.984482 90.000000 90.000000 90.000000
816 51.327572 55.814629 57.130108 90.000000 90.000000 90.000000
817 51.190239 55.665291 56.977249 90.000000 90.000000 90.000000
818 51.243484 55.723190 57.036514 90.000000 90.000000 90.000000
819 51.210251 55.687050 56.999519 90.000000 90.000000 90.000000
820 51.120438 55.589386 56.899555 90.000000 90.000000 90.000000
821 51.131905 55.601856 56.912319 90.000000 90.000000 90.000000
822 51.311672 55.797337 57.112408 90.000000 90.000000 90.000000
823 51.235134 55.714108 57.027218 90.000000 90.000000 90.000000
824 51.157906 55.630131 56.941261 90.000000 90.000000 90.000000
825 51.141621 55.612419 56.923134 90.000000 90.000000 90.000000
826 51.198277 55.674030 56.986195 90.000000 90.000000 90.000000
827 51.080864 55.546352 56.855511 90.000000 90.000000 90.000000
828 51.253605 55.734196 57.047779 90.000000 90.000000 90.000000
829 51.099098 55.566181 56.875805 90.000000 90.000000 90.000000
830 51.277081 55.759724 57.073910 90.000000 90.000000 90.000000
831 51.096752 55.563629 56.873192 90.000000 90.000000 90.000000
832 51.242817 55.722462 57.035767 90.000000 90.000000 90.000000
833 51.165413 55.638294 56.949615 90.000000 90.000000 90.000000
834 51.203857 55.680099 56.992405 90.000000 90.000000 90.000000
835 51.314297 55.800194 57.115330 90.000000 90.000000 90.000000
836 51.226261 55.704460 57.017342 90.000000 90.000000 90.000000
837 51.127151 55.596687 56.907028 90.000000 90.000000 90.000000
838 51.193951 55.669327 56.981380 90.000000 90.000000 90.000000
839 51.237244 55.716404 57.029568 90.000000 90.000000 90.000000
840 51.259747 55.740871 57.054611 90.000000 90.000000 90.000000
841 51.039635 55.501522 56.809620 90.000000 90.000000 90.000000
842 51.225826 55.703991 57.016861 90.000000 90.000000 90.000000
843 51.173264 55.646832 56.958355 90.000000 90.000000 90.000000
844 51.187485 55.662296 56.974182 90.000000 90.000000 90.000000
845 51.209595 55.686337 56.998791 90.000000 90.000000 90.000000
846 51.128120 55.597740 56.908104 90.000000 90.000000 90.000000
847 51.087639 55.553722 56.863049 90.000000 90.000000 90.000000
848 51.205055 55.681404 56.993740 90.000000 90.000000 90.000000
849 51.125008 55.594357 56.904644 90.000000 90.000000 90.000000
850 51.159386 55.631737 56.942905 90.000000 90.000000 90.000000
851 51.202496 55.678619 56.990891 90.000000 90.000000 90.000000
852 51.299854 55.784489 57.099255 90.000000 90.000000 90.000000
853 51.156956 55.629097 56.940201 90.000000 90.000000 90.000000
854 51.313179 55.798977 57.114086 90.000000 90.000000 90.000000
855 51.177071 55.650970 56.962593 90.000000 90.000000 90.000000
856 51.242607 55.722237 57.035538 90.000000 90.000000 90.000000
857 51.153599 55.625446 56.936466 90.000000 90.000000 90.000000
858 51.128475 55.598125 56.908501 90.000000 90.000000 90.000000
859 51.220249 55.697922 57.010651 90.000000 90.000000 90.000000
860 51.277508 55.760189 57.074387 90.000000 90.000000 90.000000
861 51.189987 55.665016 56.976967 90.000000 90.000000 90.000000
862 51.171524 55.644936 56.956417 90.000000 90.000000 90.000000
863 51.109741 55.577755 56.887650 90.000000 90.000000 90.000000
864 51.135487 55.605755 56.916309 90.000000 90.000000 90.000000
865 51.279770 55.762650 57.076900 90.000000 90.000000 90.000000
866 51.068367 55.532764 56.841599 90.000000 90.000000 90.000000
867 51.164066 55.636829 56.948116 90.000000 90.000000 90.000000
868 51.338173 55.826153 57.141903 90.000000 90.000000 90.000000
869 51.227551 55.705864 57.018780 90.000000 90.000000 90.000000
870 51.134735 55.604935 56.915470 90.000000 90.000000 90.000000
871 51.082920 55.548588 56.857796 90.000000 90.000000 90.000000
872 51.163902 55.636654 56.947937 90.000000 90.000000 90.000000
873 51.206699 55.683189 56.995567 90.000000 90.000000 90.000000
874 51.284996 55.768330 57.082718 90.000000 90.000000 90.000000
875 51.164581 55.637390 56.948689 90.000000 90.000000 90.000000
876 51.317596 55.803780 57.119003 90.000000 90.000000 90.000000
877 51.380577 55.872269 57.189106 90.000000 90.000000 90.000000
878 51.224083 55.702095 57.014919 90.000000 90.000000 90.000000
879 51.219006 55.696571 57.009270 90.000000 90.000000 90.000000
880 51.163387 55.636089 56.947361 90.000000 90.000000 90.000000
881 51.199387 55.675240 56.987431 90.000000 90.000000 90.000000
882 51.166737 55.639732 56.951088 90.000000 90.000000 90.000000
883 51.221699 55.699497 57.012264 90.000000 90.000000 90.000000
884 51.146648 55.617889 56.928730 90.000000 90.000000 90.000000
885 51.258339 55.739342 57.053043 90.000000 90.000000 90.000000
886 51.211098 55.687969 57.000462 90.000000 90.000000 90.000000
887 51.133656 55.603764 56.914268 90.000000 90.000000 90.000000
888 51.145805 55.616974 56.927792 90.000000 90.000000 90.000000
889 51.061886 55.525715 56.834385 90.000000 90.000000 90.000000
890 51.183094 55.657520 56.969296 90.000000 90.000000 90.000000
891 51.380913 55.872631 57.189476 90.000000 90.000000 90.000000
892 51.188229 55.663105 56.975010 90.000000 90.000000 90.000000
893 51.139366 55.609970 56.920628 90.000000 90.000000 90.000000
894 51.240505 55.719952 57.033199 90.000000 90.000000 90.000000
895 51.172916 55.646454 56.957966 90.000000 90.000000 90.000000
896 51.125122 55.594482 56.904770 90.000000 90.000000 90.000000
897 51.195381 55.670883 56.982971 90.000000 90.000000 90.000000
898 51.145519 55.616661 56.927475 90.000000 90.000000 90.000000
899 51.160324 55.632759 56.943951 90.000000 90.000000 90.000000
900 51.176769 55.650642 56.962254 90.000000 90.000000 90.000000
901 51.139183 55.609772 56.920422 90.000000 90.000000 90.000000
902 51.171436 55.644844 56.956322 90.000000 90.000000 90.000000
903 51.286259 55.769703 57.084122 90.000000 90.000000 90.000000
904 51.147469 55.618778 56.929642 90.000000 90.000000 90.000000
905 51.167873 55.640968 56.952354 90.000000 90.000000 90.000000
906 51.132122 55.602093 56.912563 90.000000 90.000000 90.000000
907 51.313354 55.799168 57.114281 90.000000 90.000000 90.000000
908 51.293774 55.777874 57.092487 90.000000 90.000000 90.000000
909 51.265991 55.747662 57.061562 90.000000 90.000000 90.000000
910 51.140564 55.611275 56.921959 90.000000 90.000000 90.000000
911 51.184986 55.659580 56.971401 90.000000 90.000000 90.000000
912 51.089443 55.555683 56.865059 90.000000 90.000000 90.000000
913 51.193398 55.668728 56.980766 90.000000 90.000000 90.000000
914 51.135929 55.606232 56.916798 90.000000 90.000000 90.000000
915 51.218636 55.696167 57.008854 90.000000 90.000000 90.000000
916 51.058601 55.522144 56.830730 90.000000 90.000000 90.000000
917 51.087017 55.553047 56.862358 90.000000 90.000000 90.000000
918 51.144566 55.615623 56.926411 90.000000 90.000000 90.000000
919 51.169762 55.643021 56.954456 90.000000 90.000000 90.000000
920 51.276245 55.758816 57.072975 90.000000 90.000000 90.000000
921 51.258583 55.739609 57.053322 90.000000 90.000000 90.000000
922 51.219860 55.697498 57.010216 90.000000 90.000000 90.000000
923 51.137936 55.608414 56.919033 90.000000 90.000000 90.000000
924 51.197792 55.673500 56.985653 90.000000 90.000000 90.000000
925 51.186512 55.661240 56.973103 90.000000 90.000000 90.000000
926 51.162094 55.634686 56.945923 90.000000 90.000000 90.000000
927 51.102890 55.570305 56.880024 90.000000 90.000000 90.000000
928 51.213818 55.690929 57.003490 90.000000 90.000000 90.000000
929 51.165241 55.638107 56.949425 90.000000 90.000000 90.000000
930 51.119225 55.588066 56.898205 90.000000 90.000000 90.000000
931 51.198441 55.674210 56.986378 90.000000 90.000000 90.000000
932 51.114502 55.582932 56.892948 90.000000 90.000000 90.000000
933 51.211472 55.688381 57.000881 90.000000 90.000000 90.000000
934 51.221565 55.699352 57.012115 90.000000 90.000000 90.000000
935 51.253269 55.733833 57.047405 90.000000 90.000000 90.000000
936 51.287392 55.770935 57.085381 90.000000 90.000000 90.000000
937 51.131638 55.601566 56.912022 90.000000 90.000000 90.000000
938 51.264126 55.745636 57.059490 90.000000 90.000000 90.000000
939 51.144035 55.615047 56.925819 90.000000 90.000000 90.000000
940 51.292110 55.776070 57.090637 90.000000 90.000000 90.000000
941 51.042511 55.504646 56.812820 90.000000 90.000000 90.000000
942 51.126469 55.595943 56.906269 90.000000 90.000000 90.000000
943 51.177425 55.651356 56.962986 90.000000 90.000000 90.000000
944 51.322998 55.809658 57.125019 90.000000 90.000000 90.000000
945 51.192154 55.667374 56.979382 90.000000 90.000000 90.000000
946 51.160442 55.632889 56.944084 90.000000 90.000000 90.000000
947 51.137035 55.607433 56.918030 90.000000 90.000000 90.000000
948 51.189236 55.664196 56.976131 90.000000 90.000000 90.000000
949 51.197109 55.672760 56.984894 90.000000 90.000000 90.000000
950 51.152164 55.623886 56.934868 90.000000 90.000000 90.000000
951 51.161041 55.633541 56.944752 90.000000 90.000000 90.000000
952 51.189075 55.664024 56.975952 90.000000 90.000000 90.000000
953 51.132584 55.602596 56.913074 90.000000 90.000000 90.000000
954 51.177570 55.651516 56.963150 90.000000 90.000000 90.000000
955 51.077065 55.542221 56.851280 90.000000 90.000000 90.000000
956 51.202637 55.678768 56.991047 90.000000 90.000000 90.000000
957 51.214447 55.691616 57.004192 90.000000 90.000000 90.000000
958 51.164356 55.637142 56.948437 90.000000 90.000000 90.000000
959 51.178608 55.652641 56.964302 90.000000 90.000000 90.000000
960 51.240818 55.720291 57.033546 90.000000 90.000000 90.000000
961 51.304806 55.789871 57.104767 90.000000 90.000000 90.000000
962 51.097324 55.564255 56.873829 90.000000 90.000000 90.000000
963 51.279125 55.761944 57.076183 90.000000 90.000000 90.000000
964 51.142582 55.613468 56.924206 90.000000 90.000000 90.000000
965 51.244675 55.724483 57.037834 90.000000 90.000000 90.000000
966 51.279022 55.761833 57.076069 90.000000 90.000000 90.000000
967 51.197193 55.672855 56.984989 90.000000 90.000000 90.000000
968 51.185665 55.660316 56.972160 90.000000 90.000000 90.000000
969 51.315773 55.801800 57.116974 90.000000 90.000000 90.000000
970 51.290474 55.774288 57.088818 90.000000 90.000000 90.000000
971 51.248730 55.728897 57.042355 90.000000 90.000000 90.000000
972 51.099220 55.566315 56.875938 90.000000 90.000000 90.000000
973 51.193905 55.669277 56.981331 90.000000 90.000000 90.000000
974 51.171848 55.645290 56.956776 90.000000 90.000000 90.000000
975 51.159664 55.632042 56.943218 90.000000 90.000000 90.000000
976 51.179520 55.653633 56.965317 90.000000 90.000000 90.000000
977 51.041576 55.503632 56.811779 90.000000 90.000000 90.000000
978 51.164284 55.637062 56.948357 90.000000 90.000000 90.000000
979 51.102882 55.570297 56.880016 90.000000 90.000000 90.000000
980 51.169216 55.642429 56.953850 90.000000 90.000000 90.000000
981 51.185253 55.659870 56.971699 90.000000 90.000000 90.000000
982 51.189175 55.664135 56.976067 90.000000 90.000000 90.000000
983 51.173286 55.646858 56.958382 90.000000 90.000000 90.000000
984 51.250378 55.730686 57.044186 90.000000 90.000000 90.000000
985 51.226658 55.704895 57.017784 90.000000 90.000000 90.000000
986 51.262516 55.743889 57.057697 90.000000 90.000000 90.000000
987 51.208447 55.685089 56.997517 90.000000 90.000000 90.000000
988 51.042786 55.504948 56.813126 90.000000 90.000000 90.000000
989 51.253475 55.734055 57.047634 90.000000 90.000000 90.000000
990 51.234306 55.713211 57.026299 90.000000 90.000000 90.000000
991 51.240887 55.720367 57.033623 90.000000 90.000000 90.000000
992 51.132645 55.602661 56.913143 90.000000 90.000000 90.000000
993 51.249943 55.730213 57.043701 90.000000 90.000000 90.000000
994 51.163174 55.635857 56.947121 90.000000 90.000000 90.000000
995 51.185246 55.659859 56.971687 90.000000 90.000000 90.000000
996 51.241180 55.720684 57.033947 90.000000 90.000000 90.000000
997 51.223331 55.701275 57.014080 90.000000 90.000000 90.000000
998 51.015137 55.474880 56.782349 90.000000 90.000000 90.000000
999 51.221737 55.699539 57.012306 90.000000 90.000000 90.000000
1000 51.168007 55.641113 56.952503 90.000000 90.000000 90.000000
1001 51.175648 55.649426 56.961010 90.000000 90.000000 90.000000
1002 51.238106 55.717339 57.030525 90.000000 90.000000 90.000000
1003 51.245647 55.725544 57.038921 90.000000 90.000000 90.000000
1004 51.135452 55.605717 56.916271 90.000000 90.000000 90.000000
1005 51.124138 55.593410 56.903675 90.000000 90.000000 90.000000
1006 51.253139 55.733688 57.047256 90.000000 90.000000 90.000000
1007 51.249512 55.729744 57.043221 90.000000 90.000000 90.000000
1008 51.266392 55.748100 57.062008 90.000000 90.000000 90.000000
1009 51.194370 55.669781 56.981846 90.000000 90.000000 90.000000
1010 51.220287 55.697968 57.010696 90.000000 90.000000 90.000000
1011 51.156536 55.628643 56.939735 90.000000 90.000000 90.000000
1012 51.198700 55.674492 56.986668 90.000000 90.000000 90.000000
1013 51.137112 55.607521 56.918118 90.000000 90.000000 90.000000
1014 51.249092 55.729290 57.042755 90.000000 90.000000 90.000000
1015 51.187260 55.662048 56.973930 90.000000 90.000000 90.000000
1016 51.265995 55.747669 57.061569 90.000000 90.000000 90.000000
1017 51.127468 55.597031 56.907379 90.000000 90.000000 90.000000
1018 51.159924 55.632324 56.943504 90.000000 90.000000 90.000000
1019 51.174717 55.648411 56.959969 90.000000 90.000000 90.000000
1020 51.176315 55.650150 56.961750 90.000000 90.000000 90.000000
1021 51.084759 55.550591 56.859844 90.000000 90.000000 90.000000
1022 51.262394 55.743755 57.057560 90.000000 90.000000 90.000000
1023 51.212471 55.689465 57.001991 90.000000 90.000000 90.000000
1024 51.162086 55.634678 56.945915 90.000000 90.000000 90.000000
1025 51.101894 55.569225 56.878918 90.000000 90.000000 90.000000
1026 51.127937 55.597542 56.907906 90.000000 90.000000 90.000000
1027 51.243298 55.722988 57.036304 90.000000 90.000000 90.000000
1028 51.235210 55.714195 57.027306 90.000000 90.000000 90.000000
1029 51.179844 55.653988 56.965679 90.000000 90.000000 90.000000
1030 51.137405 55.607841 56.918446 90.000000 90.000000 90.000000
1031 51.219967 55.697617 57.010338 90.000000 90.000000 90.000000
1032 51.214001 55.691128 57.003696 90.000000 90.000000 90.000000
1033 51.196098 55.671661 56.983768 90.000000 90.000000 90.000000
1034 51.111942 55.580147 56.890099 90.000000 90.000000 90.000000
1035 51.276447 55.759033 57.073200 90.000000 90.000000 90.000000
1036 51.164967 55.637810 56.949120 90.000000 90.000000 90.000000
1037 50.989105 55.446571 56.753376 90.000000 90.000000 90.000000
1038 51.160576 55.633034 56.944233 90.000000 90.000000 90.000000
1039 51.225960 55.704132 57.017006 90.000000 90.000000 90.000000
1040 51.076973 55.542122 56.851177 90.000000 90.000000 90.000000
1041 51.108601 55.576515 56.886383 90.000000 90.000000 90.000000
1042 51.200638 55.676598 56.988823 90.000000 90.000000 90.000000
1043 51.268032 55.749882 57.063835 90.000000 90.000000 90.000000
1044 51.181828 55.656143 56.967888 90.000000 90.000000 90.000000
1045 51.237640 55.716835 57.030010 90.000000 90.000000 90.000000
1046 51.289528 55.773258 57.087761 90.000000 90.000000 90.000000
1047 51.110695 55.578793 56.888714 90.000000 90.000000 90.000000
1048 51.237541 55.716728 57.029900 90.000000 90.000000 90.000000
1049 51.218929 55.696487 57.009182 90.000000 90.000000 90.000000
1050 51.206806 55.683304 56.995686 90.000000 90.000000 90.000000
1051 51.093941 55.560574 56.870064 90.000000 90.000000 90.000000
1052 51.197052 55.672699 56.984833 90.000000 90.000000 90.000000
1053 51.150352 55.621918 56.932854 90.000000 90.000000 90.000000
1054 51.124176 55.593452 56.903717 90.000000 90.000000 90.000000
1055 51.205044 55.681393 56.993729 90.000000 90.000000 90.000000
1056 51.263458 55.744911 57.058746 90.000000 90.000000 90.000000
1057 51.243481 55.723186 57.036510 90.000000 90.000000 90.000000
1058 51.139263 55.609856 56.920509 90.000000 90.000000 90.000000
1059 51.264523 55.746067 57.059929 90.000000 90.000000 90.000000
1060 51.137970 55.608452 56.919067 90.000000 90.000000 90.000000
1061 51.165283 55.638153 56.949474 90.000000 90.000000 90.000000
1062 51.154602 55.626537 56.937580 90.000000 90.000000 90.000000
1063 51.087948 55.554054 56.863392 90.000000 90.000000 90.000000
1064 51.143753 55.614742 56.925507 90.000000 90.000000 90.000000
1065 51.218307 55.695808 57.008488 90.000000 90.000000 90.000000
1066 51.111843 55.580044 56.889992 90.000000 90.000000 90.000000
1067 51.137486 55.607925 56.918530 90.000000 90.000000 90.000000
1068 51.179024 55.653095 56.964764 90.000000 90.000000 90.000000
1069 51.074162 55.539062 56.848049 90.000000 90.000000 90.000000
1070 51.156719 55.628841 56.939938 90.000000 90.000000 90.000000
1071 51.194492 55.669918 56.981983 90.000000 90.000000 90.000000
1072 51.223206 55.701138 57.013943 90.000000 90.000000 90.000000
1073 51.223644 55.701614 57.014431 90.000000 90.000000 90.000000
1074 51.312534 55.798279 57.113369 90.000000 90.000000 90.000000
1075 51.230667 55.709255 57.022247 90.000000 90.000000 90.000000
1076 51.133530 55.603626 56.914131 90.000000 90.000000 90.000000
1077 51.214924 55.692131 57.004723 90.000000 90.000000 90.000000
1078 51.184654 55.659218 56.971031 90.000000 90.000000 90.000000
1079 51.174164 55.647812 56.959358 90.000000 90.000000 90.000000
1080 51.228390 55.706776 57.019711 90.000000 90.000000 90.000000
1081 51.192154 55.667374 56.979378 90.000000 90.000000 90.000000
1082 51.136772 55.607147 56.917736 90.000000 90.000000 90.000000
1083 51.170513 55.643841 56.955292 90.000000 90.000000 90.000000
1084 51.193008 55.668304 56.980331 90.000000 90.000000 90.000000
1085 51.333187 55.820732 57.136356 90.000000 90.000000 90.000000
1086 51.204063 55.680325 56.992634 90.000000 90.000000 90.000000
1087 51.111591 55.579769 56.889709 90.000000 90.000000 90.000000
1088 51.110218 55.578274 56.888180 90.000000 90.000000 90.000000
1089 51.173855 55.647472 56.959011 90.000000 90.000000 90.000000
1090 51.247047 55.727062 57.040478 90.000000 90.000000 90.000000
1091 51.219723 55.697353 57.010067 90.000000 90.000000 90.000000
1092 51.182178 55.656525 56.968277 90.000000 90.000000 90.000000
1093 51.256618 55.737473 57.051132 90.000000 90.000000 90.000000
1094 51.202991 55.679157 56.991444 90.000000 90.000000 90.000000
1095 51.237347 55.716515 57.029682 90.000000 90.000000 90.000000
1096 51.234615 55.713547 57.026642 90.000000 90.000000 90.000000
1097 51.170937 55.644299 56.955761 90.000000 90.000000 90.000000
1098 51.197834 55.673546 56.985699 90.000000 90.000000 90.000000
1099 51.127037 55.596565 56.906902 90.000000 90.000000 90.000000
1100 51.129627 55.599380 56.909782 90.000000 90.000000 90.000000
1101 51.273064 55.755356 57.069439 90.000000 90.000000 90.000000
1102 51.172001 55.645458 56.956947 90.000000 90.000000 90.000000
1103 51.263996 55.745495 57.059345 90.000000 90.000000 90.000000
1104 51.162857 55.635513 56.946770 90.000000 90.000000 90.000000
1105 51.137733 55.608192 56.918808 90.000000 90.000000 90.000000
1106 51.072979 55.537781 56.846733 90.000000 90.000000 90.000000
1107 51.091766 55.558208 56.867645 90.000000 90.000000 90.000000
1108 51.187786 55.662621 56.974518 90.000000 90.000000 90.000000
1109 51.129223 55.598938 56.909332 90.000000 90.000000 90.000000
1110 51.224056 55.702065 57.014889 90.000000 90.000000 90.000000
1111 51.223709 55.701687 57.014503 90.000000 90.000000 90.000000
1112 51.181583 55.655876 56.967613 90.000000 90.000000 90.000000
1113 51.174419 55.648087 56.959641 90.000000 90.000000 90.000000
1114 51.213078 55.690125 57.002670 90.000000 90.000000 90.000000
1115 51.226151 55.704342 57.017220 90.000000 90.000000 90.000000
1116 51.135689 55.605968 56.916531 90.000000 90.000000 90.000000
1117 51.116386 55.584984 56.895046 90.000000 90.000000 90.000000
1118 51.210503 55.687325 56.999802 90.000000 90.000000 90.000000
1119 51.194065 55.669453 56.981506 90.000000 90.000000 90.000000
1120 51.260857 55.742081 57.055847 90.000000 90.000000 90.000000
1121 51.194328 55.669739 56.981800 90.000000 90.000000 90.000000
1122 51.240494 55.719936 57.033184 90.000000 90.000000 90.000000
1123 51.261112 55.742359 57.056133 90.000000 90.000000 90.000000
1124 51.210903 55.687759 57.000248 90.000000 90.000000 90.000000
1125 51.315056 55.801018 57.116173 90.000000 90.000000 90.000000
1126 51.085251 55.551125 56.860394 90.000000 90.000000 90.000000
1127 51.131367 55.601273 56.911724 90.000000 90.000000 90.000000
1128 51.129761 55.599525 56.909931 90.000000 90.000000 90.000000
1129 51.221207 55.698967 57.011719 90.000000 90.000000 90.000000
1130 51.148659 55.620075 56.930969 90.000000 90.000000 90.000000
1131 51.116138 55.584713 56.894772 90.000000 90.000000 90.000000
1132 51.220959 55.698696 57.011440 90.000000 90.000000 90.000000
1133 51.154526 55.626457 56.937500 90.000000 90.000000 90.000000
1134 51.250576 55.730900 57.044407 90.000000 90.000000 90.000000
1135 51.171013 55.644382 56.955849 90.000000 90.000000 90.000000
1136 51.263012 55.744427 57.058250 90.000000 90.000000 90.000000
1137 51.110332 55.578400 56.888309 90.000000 90.000000 90.000000
1138 51.230438 55.709003 57.021992 90.000000 90.000000 90.000000
1139 51.116173 55.584751 56.894810 90.000000 90.000000 90.000000
1140 51.113934 55.582314 56.892319 90.000000 90.000000 90.000000
1141 51.166985 55.640003 56.951366 90.000000 90.000000 90.000000
1142 51.121471 55.590511 56.900707 90.000000 90.000000 90.000000
1143 51.124683 55.594002 56.904282 90.000000 90.000000 90.000000
1144 51.145355 55.616486 56.927292 90.000000 90.000000 90.000000
1145 51.210651 55.687485 56.999966 90.000000 90.000000 90.000000
1146 51.218487 55.696011 57.008690 90.000000 90.000000 90.000000
1147 51.099129 55.566216 56.875839 90.000000 90.000000 90.000000
1148 51.146023 55.617210 56.928036 90.000000 90.000000 90.000000
1149 51.190426 55.665493 56.977455 90.000000 90.000000 90.000000
1150 51.206963 55.683479 56.995865 90.000000 90.000000 90.000000
1151 51.176517 55.650368 56.961975 90.000000 90.000000 90.000000
1152 51.145428 55.616562 56.927372 90.000000 90.000000 90.000000
1153 51.263268 55.744701 57.058533 90.000000 90.000000 90.000000
1154 51.211540 55.688454 57.000957 90.000000 90.000000 90.000000
1155 51.200485 55.676434 56.988655 90.000000 90.000000 90.000000
1156 51.123001 55.592171 56.902409 90.000000 90.000000 90.000000
1157 51.257492 55.738422 57.052101 90.000000 90.000000 90.000000
1158 51.183140 55.657570 56.969345 90.000000 90.000000 90.000000
1159 51.207279 55.683819 56.996212 90.000000 90.000000 90.000000
1160 51.256943 55.737823 57.051491 90.000000 90.000000 90.000000
1161 51.091732 55.558170 56.867603 90.000000 90.000000 90.000000
1162 51.208195 55.684814 56.997231 90.000000 90.000000 90.000000
1163 51.179302 55.653397 56.965073 90.000000 90.000000 90.000000
1164 51.213974 55.691101 57.003670 90.000000 90.000000 90.000000
1165 51.165092 55.637947 56.949261 90.000000 90.000000 90.000000
1166 51.262001 55.743324 57.057121 90.000000 90.000000 90.000000
1167 51.122383 55.591503 56.901722 90.000000 90.000000 90.000000
1168 51.118015 55.586754 56.896858 90.000000 90.000000 90.000000
1169 51.258499 55.739517 57.053223 90.000000 90.000000 90.000000
1170 51.210484 55.687305 56.999783 90.000000 90.000000 90.000000
1171 51.248981 55.729168 57.042633 90.000000 90.000000 90.000000
1172 51.220375 55.698063 57.010792 90.000000 90.000000 90.000000
1173 51.311382 55.797024 57.112087 90.000000 90.000000 90.000000
1174 51.125656 55.595062 56.905365 90.000000 90.000000 90.000000
1175 51.235035 55.714001 57.027107 90.000000 90.000000 90.000000
1176 51.245476 55.725357 57.038731 90.000000 90.000000 90.000000
1177 51.109131 55.577091 56.886971 90.000000 90.000000 90.000000
1178 51.206089 55.682526 56.994892 90.000000 90.000000 90.000000
1179 51.095341 55.562096 56.871620 90.000000 90.000000 90.000000
1180 51.282776 55.765915 57.080246 90.000000 90.000000 90.000000
1181 51.199577 55.675446 56.987640 90.000000 90.000000 90.000000
1182 51.048531 55.511192 56.819519 90.000000 90.000000 90.000000
1183 51.201946 55.678020 56.990276 90.000000 90.000000 90.000000
1184 51.197769 55.673477 56.985626 90.000000 90.000000 90.000000
1185 51.314423 55.800331 57.115471 90.000000 90.000000 90.000000
1186 51.213516 55.690601 57.003155 90.000000 90.000000 90.000000
1187 51.254696 55.735382 57.048992 90.000000 90.000000 90.000000
1188 51.115765 55.584309 56.894356 90.000000 90.000000 90.000000
1189 51.105415 55.573051 56.882835 90.000000 90.000000 90.000000
1190 51.093418 55.560005 56.869484 90.000000 90.000000 90.000000
1191 51.211082 55.687954 57.000446 90.000000 90.000000 90.000000
1192 51.156918 55.629055 56.940163 90.000000 90.000000 90.000000
1193 51.214558 55.691734 57.004318 90.000000 90.000000 90.000000
1194 51.163872 55.636620 56.947903 90.000000 90.000000 90.000000
1195 51.250725 55.731064 57.044571 90.000000 90.000000 90.000000
1196 51.207108 55.683632 56.996021 90.000000 90.000000 90.000000
1197 51.211834 55.688770 57.001282 90.000000 90.000000 90.000000
1198 51.165638 55.638538 56.949867 90.000000 90.000000 90.000000
1199 51.139427 55.610035 56.920692 90.000000 90.000000 90.000000
1200 51.282166 55.765255 57.079567 90.000000 90.000000 90.000000
1201 51.127861 55.597458 56.907818 90.000000 90.000000 90.000000
1202 51.196316 55.671898 56.984009 90.000000 90.000000 90.000000
1203 51.073486 55.538330 56.847298 90.000000 90.000000 90.000000
1204 51.170742 55.644089 56.955547 90.000000 90.000000 90.000000
1205 51.287868 55.771454 57.085915 90.000000 90.000000 90.000000
1206 51.201427 55.677460 56.989704 90.000000 90.000000 90.000000
1207 51.189724 55.664726 56.976673 90.000000 90.000000 90.000000
1208 51.215969 55.693272 57.005890 90.000000 90.000000 90.000000
1209 51.156757 55.628883 56.939983 90.000000 90.000000 90.000000
1210 51.158321 55.630585 56.941723 90.000000 90.000000 90.000000
1211 51.197495 55.673180 56.985321 90.000000 90.000000 90.000000
1212 51.136631 55.606998 56.917580 90.000000 90.000000 90.000000
1213 51.204380 55.680668 56.992989 90.000000 90.000000 90.000000
1214 51.173512 55.647099 56.958630 90.000000 90.000000 90.000000
1215 51.289677 55.773418 57.087925 90.000000 90.000000 90.000000
1216 51.123524 55.592743 56.902992 90.000000 90.000000 90.000000
1217 51.206955 55.683468 56.995853 90.000000 90.000000 90.000000
1218 51.197525 55.673214 56.985359 90.000000 90.000000 90.000000
1219 51.252281 55.732754 57.046303 90.000000 90.000000 90.000000
1220 51.169594 55.642838 56.954269 90.000000 90.000000 90.000000
1221 51.171021 55.644390 56.955856 90.000000 90.000000 90.000000
1222 51.235741 55.714767 57.027893 90.000000 90.000000 90.000000
1223 51.279846 55.762730 57.076984 90.000000 90.000000 90.000000
1224 51.125164 55.594524 56.904816 90.000000 90.000000 90.000000
1225 51.186512 55.661236 56.973099 90.000000 90.000000 90.000000
1226 51.185104 55.659706 56.971535 90.000000 90.000000 90.000000
1227 51.146790 55.618046 56.928890 90.000000 90.000000 90.000000
1228 51.205200 55.681561 56.993900 90.000000 90.000000 90.000000
1229 51.193668 55.669018 56.981064 90.000000 90.000000 90.000000
1230 51.278847 55.761642 57.075871 90.000000 90.000000 90.000000
1231 51.145885 55.617058 56.927879 90.000000 90.000000 90.000000
1232 51.134136 55.604282 56.914803 90.000000 90.000000 90.000000
1233 51.137737 55.608200 56.918812 90.000000 90.000000 90.000000
1234 51.203999 55.680252 56.992565 90.000000 90.000000 90.000000
1235 51.298920 55.783470 57.098217 90.000000 90.000000 90.000000
1236 51.325115 55.811958 57.127373 90.000000 90.000000 90.000000
1237 51.111519 55.579689 56.889629 90.000000 90.000000 90.000000
1238 51.231400 55.710049 57.023060 90.000000 90.000000 90.000000
1239 51.322742 55.809380 57.124733 90.000000 90.000000 90.000000
1240 51.245628 55.725521 57.038898 90.000000 90.000000 90.000000
1241 51.095016 55.561745 56.871262 90.000000 90.000000 90.000000
1242 51.230408 55.708969 57.021957 90.000000 90.000000 90.000000
1243 51.170544 55.643871 56.955326 90.000000 90.000000 90.000000
1244 51.062138 55.525993 56.834667 90.000000 90.000000 90.000000
1245 51.087395 55.553455 56.862778 90.000000 90.000000 90.000000
1246 51.299973 55.784618 57.099388 90.000000 90.000000 90.000000
1247 51.195770 55.671307 56.983406 90.000000 90.000000 90.000000
1248 51.260563 55.741760 57.055523 90.000000 90.000000 90.000000
1249 51.113827 55.582199 56.892197 90.000000 90.000000 90.000000
1250 51.201195 55.677204 56.989441 90.000000 90.000000 90.000000
1251 51.114769 55.583221 56.893246 90.000000 90.000000 90.000000
1252 51.110600 55.578690 56.888607 90.000000 90.000000 90.000000
1253 51.063564 55.527542 56.836250 90.000000 90.000000 90.000000
1254 51.207634 55.684204 56.996609 90.000000 90.000000 90.000000
1255 51.214981 55.692196 57.004787 90.000000 90.000000 90.000000
1256 51.093372 55.559956 56.869431 90.000000 90.000000 90.000000
1257 51.172512 55.646011 56.957516 90.000000 90.000000 90.000000
1258 51.089859 55.556133 56.865520 90.000000 90.000000 90.000000
1259 51.172314 55.645798 56.957294 90.000000 90.000000 90.000000
1260 51.186859 55.661613 56.973484 90.000000 90.000000 90.000000
1261 51.170170 55.643467 56.954914 90.000000 90.000000 90.000000
1262 51.227730 55.706059 57.018978 90.000000 90.000000 90.000000
1263 51.270737 55.752827 57.066845 90.000000 90.000000 90.000000
1264 51.298923 55.783474 57.098217 90.000000 90.000000 90.000000
1265 51.253700 55.734299 57.047886 90.000000 90.000000 90.000000
1266 51.241467 55.720997 57.034267 90.000000 90.000000 90.000000
1267 51.142784 55.613689 56.924431 90.000000 90.000000 90.000000
1268 51.050297 55.513111 56.821484 90.000000 90.000000 90.000000
1269 51.179855 55.653999 56.965691 90.000000 90.000000 90.000000
1270 51.127232 55.596775 56.907116 90.000000 90.000000 90.000000
1271 51.093773 55.560390 56.869877 90.000000 90.000000 90.000000
1272 51.126167 55.595615 56.905933 90.000000 90.000000 90.000000
1273 51.157364 55.629539 56.940655 90.000000 90.000000 90.000000
1274 51.132298 55.602283 56.912754 90.000000 90.000000 90.000000
1275 51.127865 55.597462 56.907822 90.000000 90.000000 90.000000
1276 51.258461 55.739479 57.053185 90.000000 90.000000 90.000000
1277 51.265461 55.747089 57.060974 90.000000 90.000000 90.000000
1278 51.140396 55.611088 56.921768 90.000000 90.000000 90.000000
1279 51.314285 55.800182 57.115318 90.000000 90.000000 90.000000
1280 51.272495 55.754734 57.068802 90.000000 90.000000 90.000000
1281 51.228626 55.707031 57.019974 90.000000 90.000000 90.000000
1282 51.183670 55.658150 56.969936 90.000000 90.000000 90.000000
1283 51.214684 55.691872 57.004456 90.000000 90.000000 90.000000
1284 51.038239 55.500004 56.808064 90.000000 90.000000 90.000000
1285 51.206360 55.682823 56.995193 90.000000 90.000000 90.000000
1286 51.209003 55.685696 56.998135 90.000000 90.000000 90.000000
1287 51.236969 55.716106 57.029263 90.000000 90.000000 90.000000
1288 51.172153 55.645622 56.957119 90.000000 90.000000 90.000000
1289 51.250065 55.730347 57.043839 90.000000 90.000000 90.000000
1290 51.268620 55.750523 57.064487 90.000000 90.000000 90.000000
1291 51.180077 55.654240 56.965939 90.000000 90.000000 90.000000
1292 51.307121 55.792389 57.107342 90.000000 90.000000 90.000000
1293 51.158539 55.630821 56.941967 90.000000 90.000000 90.000000
1294 51.169312 55.642536 56.953957 90.000000 90.000000 90.000000
1295 51.128407 55.598053 56.908424 90.000000 90.000000 90.000000
1296 51.064671 55.528744 56.837486 90.000000 90.000000 90.000000
1297 51.169762 55.643021 56.954456 90.000000 90.000000 90.000000
1298 51.129227 55.598942 56.909336 90.000000 90.000000 90.000000
1299 51.142056 55.612892 56.923615 90.000000 90.000000 90.000000
1300 51.159195 55.631531 56.942696 90.000000 90.000000 90.000000
1301 51.060928 55.524677 56.833321 90.000000 90.000000 90.000000
1302 51.127537 55.597107 56.907455 90.000000 90.000000 90.000000
1303 51.241459 55.720989 57.034260 90.000000 90.000000 90.000000
1304 51.193062 55.668362 56.980392 90.000000 90.000000 90.000000
1305 51.134228 55.604385 56.914906 90.000000 90.000000 90.000000
1306 51.246769 55.726765 57.040169 90.000000 90.000000 90.000000
1307 51.067741 55.532085 56.840904 90.000000 90.000000 90.000000
1308 51.154202 55.626102 56.937138 90.000000 90.000000 90.000000
1309 51.193661 55.669010 56.981056 90.000000 90.000000 90.000000
1310 51.216309 55.693638 57.006268 90.000000 90.000000 90.000000
1311 51.077824 55.543049 56.852127 90.000000 90.000000 90.000000
1312 50.948948 55.402905 56.708679 90.000000 90.000000 90.000000
1313 51.134602 55.604790 56.915321 90.000000 90.000000 90.000000
1314 51.217403 55.694832 57.007484 90.000000 90.000000 90.000000
1315 51.237484 55.716663 57.029835 90.000000 90.000000 90.000000
1316 51.192997 55.668289 56.980316 90.000000 90.000000 90.000000
1317 51.139305 55.609905 56.920559 90.000000 90.000000 90.000000
1318 51.179688 55.653816 56.965504 90.000000 90.000000 90.000000
1319 51.247242 55.727276 57.040695 90.000000 90.000000 90.000000
1320 51.177502 55.651440 56.963074 90.000000 90.000000 90.000000
1321 51.191704 55.666885 56.978882 90.000000 90.000000 90.000000
1322 51.170326 55.643639 56.955086 90.000000 90.000000 90.000000
1323 51.238014 55.717239 57.030422 90.000000 90.000000 90.000000
1324 51.141525 55.612316 56.923027 90.000000 90.000000 90.000000
1325 51.300076 55.784725 57.099499 90.000000 90.000000 90.000000
1326 51.131966 55.601921 56.912384 90.000000 90.000000 90.000000
1327 51.262608 55.743984 57.057796 90.000000 90.000000 90.000000
1328 51.141975 55.612808 56.923527 90.000000 90.000000 90.000000
1329 51.269466 55.751442 57.065430 90.000000 90.000000 90.000000
1330 51.098377 55.565399 56.875004 90.000000 90.000000 90.000000
1331 51.165516 55.638405 56.949730 90.000000 90.000000 90.000000
1332 51.277374 55.760044 57.074238 90.000000 90.000000 90.000000
1333 51.164368 55.637157 56.948452 90.000000 90.000000 90.000000
1334 51.317211 55.803360 57.118572 90.000000 90.000000 90.000000
1335 51.185047 55.659645 56.971470 90.000000 90.000000 90.000000
1336 51.207821 55.684410 56.996819 90.000000 90.000000 90.000000
1337 51.216358 55.693691 57.006317 90.000000 90.000000 90.000000
1338 51.193359 55.668682 56.980721 90.000000 90.000000 90.000000
1339 51.237343 55.716511 57.029675 90.000000 90.000000 90.000000
1340 51.135456 55.605717 56.916271 90.000000 90.000000 90.000000
1341 51.167568 55.640636 56.952011 90.000000 90.000000 90.000000
1342 51.338165 55.826149 57.141899 90.000000 90.000000 90.000000
1343 51.224918 55.702999 57.015846 90.000000 90.000000 90.000000
1344 51.194954 55.670418 56.982498 90.000000 90.000000 90.000000
1345 51.137726 55.608185 56.918797 90.000000 90.000000 90.000000
1346 51.134781 55.604984 56.915524 90.000000 90.000000 90.000000
1347 51.235840 55.714878 57.028004 90.000000 90.000000 90.000000
1348 51.279278 55.762112 57.076351 90.000000 90.000000 90.000000
1349 51.307465 55.792767 57.107727 90.000000 90.000000 90.000000
1350 51.194805 55.670254 56.982330 90.000000 90.000000 90.000000
1351 51.202309 55.678413 56.990681 90.000000 90.000000 90.000000
1352 51.259048 55.740116 57.053837 90.000000 90.000000 90.000000
1353 51.200615 55.676575 56.988800 90.000000 90.000000 90.000000
1354 51.249180 55.729382 57.042850 90.000000 90.000000 90.000000
1355 51.105862 55.573536 56.883331 90.000000 90.000000 90.000000
1356 51.284603 55.767902 57.082279 90.000000 90.000000 90.000000
1357 51.236771 55.715889 57.029041 90.000000 90.000000 90.000000
1358 51.022354 55.482727 56.790382 90.000000 90.000000 90.000000
1359 51.243164 55.722839 57.036156 90.000000 90.000000 90.000000
1360 51.229050 55.707493 57.020447 90.000000 90.000000 90.000000
1361 51.122406 55.591530 56.901749 90.000000 90.000000 90.000000
1362 51.246819 55.726814 57.040222 90.000000 90.000000 90.000000
1363 51.243481 55.723186 57.036507 90.000000 90.000000 90.000000
1364 51.260368 55.741550 57.055305 90.000000 90.000000 90.000000
1365 51.110748 55.578850 56.888771 90.000000 90.000000 90.000000
1366 51.159782 55.632172 56.943352 90.000000 90.000000 90.000000
1367 51.306274 55.791470 57.106400 90.000000 90.000000 90.000000
1368 51.170746 55.644093 56.955551 90.000000 90.000000 90.000000
1369 51.166683 55.639675 56.951031 90.000000 90.000000 90.000000
1370 51.136108 55.606426 56.916996 90.000000 90.000000 90.000000
1371 51.252209 55.732677 57.046227 90.000000 90.000000 90.000000
1372 51.167683 55.640759 56.952141 90.000000 90.000000 90.000000
1373 51.143078 55.614010 56.924759 90.000000 90.000000 90.000000
1374 51.179203 55.653290 56.964966 90.000000 90.000000 90.000000
1375 51.226196 55.704388 57.017269 90.000000 90.000000 90.000000
1376 51.188591 55.663498 56.975414 90.000000 90.000000 90.000000
1377 51.161911 55.634487 56.945717 90.000000 90.000000 90.000000
1378 51.194115 55.669506 56.981560 90.000000 90.000000 90.000000
1379 51.260437 55.741623 57.055382 90.000000 90.000000 90.000000
1380 51.243099 55.722771 57.036083 90.000000 90.000000 90.000000
1381 51.111431 55.579590 56.889530 90.000000 90.000000 90.000000
1382 51.255745 55.736523 57.050159 90.000000 90.000000 90.000000
1383 51.177242 55.651157 56.962784 90.000000 90.000000 90.000000
1384 51.126625 55.596115 56.906441 90.000000 90.000000 90.000000
1385 51.239300 55.718639 57.031857 90.000000 90.000000 90.000000
1386 51.126141 55.595589 56.905903 90.000000 90.000000 90.000000
1387 51.202663 55.678799 56.991077 90.000000 90.000000 90.000000
1388 51.230808 55.709404 57.022404 90.000000 90.000000 90.000000
1389 51.152058 55.623772 56.934750 90.000000 90.000000 90.000000
1390 51.128914 55.598606 56.908993 90.000000 90.000000 90.000000
1391 51.238758 55.718052 57.031254 90.000000 90.000000 90.000000
1392 51.219009 55.696575 57.009270 90.000000 90.000000 90.000000
1393 51.210438 55.687256 56.999729 90.000000 90.000000 90.000000
1394 51.136818 55.607201 56.917789 90.000000 90.000000 90.000000
1395 51.107197 55.574989 56.884819 90.000000 90.000000 90.000000
1396 51.128532 55.598190 56.908566 90.000000 90.000000 90.000000
1397 51.266411 55.748123 57.062031 90.000000 90.000000 90.000000
1398 51.216137 55.693451 57.006073 90.000000 90.000000 90.000000
1399 51.147469 55.618778 56.929642 90.000000 90.000000 90.000000
1400 51.093197 55.559765 56.869236 90.000000 90.000000 90.000000
1401 51.137054 55.607456 56.918053 90.000000 90.000000 90.000000
1402 51.169479 55.642719 56.954144 90.000000 90.000000 90.000000
1403 51.118958 55.587780 56.897911 90.000000 90.000000 90.000000
1404 51.207474 55.684032 56.996433 90.000000 90.000000 90.000000
1405 51.119801 55.588696 56.898846 90.000000 90.000000 90.000000
1406 51.095814 55.562611 56.872147 90.000000 90.000000 90.000000
1407 51.238480 55.717747 57.030941 90.000000 90.000000 90.000000
1408 51.231396 55.710045 57.023056 90.000000 90.000000 90.000000
1409 51.281754 55.764805 57.079109 90.000000 90.000000 90.000000
1410 51.189678 55.664680 56.976624 90.000000 90.000000 90.000000
1411 51.174103 55.647743 56.959290 90.000000 90.000000 90.000000
1412 51.215340 55.692585 57.005184 90.000000 90.000000 90.000000
1413 51.220821 55.698544 57.011288 90.000000 90.000000 90.000000
1414 51.218224 55.695721 57.008396 90.000000 90.000000 90.000000
1415 51.098328 55.565342 56.874947 90.000000 90.000000 90.000000
1416 51.197865 55.673584 56.985737 90.000000 90.000000 90.000000
1417 51.139961 55.610619 56.921288 90.000000 90.000000 90.000000
1418 51.316883 55.803005 57.118210 90.000000 90.000000 90.000000
1419 51.274673 55.757107 57.071228 90.000000 90.000000 90.000000
1420 51.260677 55.741886 57.055649 90.000000 90.000000 90.000000
1421 51.158001 55.630238 56.941368 90.000000 90.000000 90.000000
1422 51.162403 55.635021 56.946266 90.000000 90.000000 90.000000
1423 51.160381 55.632824 56.944016 90.000000 90.000000 90.000000
1424 51.141129 55.611885 56.922585 90.000000 90.000000 90.000000
1425 51.097244 55.564163 56.873741 90.000000 90.000000 90.000000
1426 51.235981 55.715034 57.028164 90.000000 90.000000 90.000000
1427 51.269135 55.751083 57.065063 90.000000 90.000000 90.000000
1428 51.188446 55.663342 56.975254 90.000000 90.000000 90.000000
1429 51.185268 55.659885 56.971718 90.000000 90.000000 90.000000
1430 51.235542 55.714554 57.027672 90.000000 90.000000 90.000000
1431 51.103073 55.570503 56.880226 90.000000 90.000000 90.000000
1432 51.167816 55.640907 56.952293 90.000000 90.000000 90.000000
1433 51.203754 55.679985 56.992290 90.000000 90.000000 90.000000
1434 51.216095 55.693405 57.006027 90.000000 90.000000 90.000000
1435 51.354233 55.843620 57.159782 90.000000 90.000000 90.000000
1436 51.249840 55.730103 57.043587 90.000000 90.000000 90.000000
1437 51.199490 55.675350 56.987545 90.000000 90.000000 90.000000
1438 51.273613 55.755951 57.070045 90.000000 90.000000 90.000000
1439 51.155910 55.627960 56.939037 90.000000 90.000000 90.000000
1440 51.116261 55.584846 56.894909 90.000000 90.000000 90.000000
1441 51.179409 55.653515 56.965195 90.000000 90.000000 90.000000
1442 51.266518 55.748238 57.062149 90.000000 90.000000 90.000000
1443 51.289478 55.773205 57.087704 90.000000 90.000000 90.000000
1444 51.161461 55.633995 56.945217 90.000000 90.000000 90.000000
1445 51.248531 55.728680 57.042133 90.000000 90.000000 90.000000
1446 51.174484 55.648159 56.959713 90.000000 90.000000 90.000000
1447 51.200596 55.676552 56.988773 90.000000 90.000000 90.000000
1448 51.152065 55.623779 56.934761 90.000000 90.000000 90.000000
1449 51.290493 55.774311 57.088837 90.000000 90.000000 90.000000
1450 51.161804 55.634369 56.945599 90.000000 90.000000 90.000000
1451 51.063236 55.527184 56.835888 90.000000 90.000000 90.000000
1452 51.205528 55.681915 56.994267 90.000000 90.000000 90.000000
1453 51.297997 55.782467 57.097187 90.000000 90.000000 90.000000
1454 51.156193 55.628269 56.939354 90.000000 90.000000 90.000000
1455 51.225998 55.704174 57.017048 90.000000 90.000000 90.000000
1456 51.245564 55.725452 57.038826 90.000000 90.000000 90.000000
1457 51.123959 55.593216 56.903473 90.000000 90.000000 90.000000
1458 51.132523 55.602528 56.913006 90.000000 90.000000 90.000000
1459 51.131504 55.601421 56.911873 90.000000 90.000000 90.000000
1460 51.166443 55.639416 56.950764 90.000000 90.000000 90.000000
1461 51.251965 55.732410 57.045952 90.000000 90.000000 90.000000
1462 51.371727 55.862644 57.179253 90.000000 90.000000 90.000000
1463 51.121628 55.590683 56.900883 90.000000 90.000000 90.000000
1464 51.186142 55.660835 56.972687 90.000000 90.000000 90.000000
1465 51.282337 55.765442 57.079762 90.000000 90.000000 90.000000
1466 51.160851 55.633331 56.944538 90.000000 90.000000 90.000000
1467 51.374237 55.865372 57.182045 90.000000 90.000000 90.000000
1468 51.190773 55.665871 56.977840 90.000000 90.000000 90.000000
1469 51.269421 55.751392 57.065380 90.000000 90.000000 90.000000
1470 51.201981 55.678059 56.990318 90.000000 90.000000 90.000000
1471 51.255981 55.736782 57.050423 90.000000 90.000000 90.000000
1472 51.225208 55.703320 57.016174 90.000000 90.000000 90.000000
1473 51.303574 55.788532 57.103394 90.000000 90.000000 90.000000
1474 51.165154 55.638012 56.949326 90.000000 90.000000 90.000000
1475 51.056988 55.520390 56.828934 90.000000 90.000000 90.000000
1476 51.233845 55.712711 57.025784 90.000000 90.000000 90.000000
1477 51.277153 55.759804 57.073990 90.000000 90.000000 90.000000
1478 51.203552 55.679768 56.992065 90.000000 90.000000 90.000000
1479 51.164234 55.637012 56.948307 90.000000 90.000000 90.000000
1480 51.133404 55.603485 56.913986 90.000000 90.000000 90.000000
1481 51.157665 55.629868 56.940990 90.000000 90.000000 90.000000
1482 51.221462 55.699242 57.012001 90.000000 90.000000 90.000000
1483 51.266457 55.748169 57.062080 90.000000 90.000000 90.000000
1484 51.189598 55.664593 56.976536 90.000000 90.000000 90.000000
1485 51.133831 55.603951 56.914463 90.000000 90.000000 90.000000
1486 51.228840 55.707268 57.020214 90.000000 90.000000 90.000000
1487 51.275925 55.758469 57.072620 90.000000 90.000000 90.000000
1488 51.246231 55.726173 57.039570 90.000000 90.000000 90.000000
1489 51.189339 55.664310 56.976246 90.000000 90.000000 90.000000
1490 51.214577 55.691753 57.004337 90.000000 90.000000 90.000000
1491 51.153957 55.625835 56.936867 90.000000 90.000000 90.000000
1492 51.175861 55.649654 56.961246 90.000000 90.000000 90.000000
1493 51.143848 55.614841 56.925613 90.000000 90.000000 90.000000
1494 51.240307 55.719734 57.032974 90.000000 90.000000 90.000000
1495 51.112995 55.581291 56.891270 90.000000 90.000000 90.000000
1496 51.157917 55.630142 56.941273 90.000000 90.000000 90.000000
1497 50.975189 55.431438 56.737885 90.000000 90.000000 90.000000
1498 51.147587 55.618912 56.929775 90.000000 90.000000 90.000000
1499 51.197792 55.673504 56.985657 90.000000 90.000000 90.000000
1500 51.250549 55.730873 57.044380 90.000000 90.000000 90.000000
1501 51.113571 55.581921 56.891914 90.000000 90.000000 90.000000
1502 51.142277 55.613132 56.923862 90.000000 90.000000 90.000000
1503 51.162128 55.634724 56.945961 90.000000 90.000000 90.000000
1504 51.101398 55.568684 56.878365 90.000000 90.000000 90.000000
1505 51.102325 55.569695 56.879398 90.000000 90.000000 90.000000
1506 51.164993 55.637836 56.949150 90.000000 90.000000 90.000000
1507 51.215218 55.692451 57.005051 90.000000 90.000000 90.000000
1508 51.296204 55.780518 57.095192 90.000000 90.000000 90.000000
1509 51.275127 55.757603 57.071735 90.000000 90.000000 90.000000
1510 51.315174 55.801147 57.116310 90.000000 90.000000 90.000000
1511 51.072983 55.537785 56.846737 90.000000 90.000000 90.000000
1512 51.097881 55.564861 56.874451 90.000000 90.000000 90.000000
1513 51.163624 55.636349 56.947624 90.000000 90.000000 90.000000
1514 51.346806 55.835545 57.151516 90.000000 90.000000 90.000000
1515 51.187241 55.662029 56.973907 90.000000 90.000000 90.000000
1516 51.281979 55.765053 57.079361 90.000000 90.000000 90.000000
1517 51.111183 55.579323 56.889256 90.000000 90.000000 90.000000
1518 51.282936 55.766090 57.080425 90.000000 90.000000 90.000000
1519 51.160534 55.632988 56.944183 90.000000 90.000000 90.000000
1520 51.123756 55.592995 56.903248 90.000000 90.000000 90.000000
1521 51.166073 55.639011 56.950352 90.000000 90.000000 90.000000
1522 51.219509 55.697117 57.009827 90.000000 90.000000 90.000000
1523 51.100304 55.567493 56.877148 90.000000 90.000000 90.000000
1524 51.204384 55.680672 56.992992 90.000000 90.000000 90.000000
1525 51.143604 55.614578 56.925343 90.000000 90.000000 90.000000
1526 51.217690 55.695141 57.007805 90.000000 90.000000 90.000000
1527 51.308784 55.794197 57.109196 90.000000 90.000000 90.000000
1528 51.276554 55.759151 57.073322 90.000000 90.000000 90.000000
1529 51.183933 55.658436 56.970230 90.000000 90.000000 90.000000
1530 51.258652 55.739681 57.053394 90.000000 90.000000 90.000000
1531 51.124798 55.594128 56.904408 90.000000 90.000000 90.000000
1532 51.291279 55.775162 57.089710 90.000000 90.000000 90.000000
1533 51.193462 55.668793 56.980835 90.000000 90.000000 90.000000
1534 51.277607 55.760296 57.074493 90.000000 90.000000 90.000000
1535 51.216431 55.693775 57.006401 90.000000 90.000000 90.000000
1536 51.235668 55.714691 57.027813 90.000000 90.000000 90.000000
1537 51.258896 55.739952 57.053669 90.000000 90.000000 90.000000
1538 51.099201 55.566292 56.875919 90.000000 90.000000 90.000000
1539 51.118973 55.587795 56.897926 90.000000 90.000000 90.000000
1540 51.088203 55.554337 56.863678 90.000000 90.000000 90.000000
1541 51.135624 55.605900 56.916458 90.000000 90.000000 90.000000
1542 51.192902 55.668186 56.980213 90.000000 90.000000 90.000000
1543 51.204453 55.680748 56.993069 90.000000 90.000000 90.000000
1544 51.222874 55.700779 57.013573 90.000000 90.000000 90.000000
1545 51.203571 55.679790 56.992088 90.000000 90.000000 90.000000
1546 51.305664 55.790806 57.105724 90.000000 90.000000 90.000000
1547 51.144627 55.615688 56.926479 90.000000 90.000000 90.000000
1548 51.163849 55.636593 56.947876 90.000000 90.000000 90.000000
1549 51.120144 55.589069 56.899231 90.000000 90.000000 90.000000
1550 51.144077 55.615093 56.925869 90.000000 90.000000 90.000000
1551 51.100826 55.568062 56.877728 90.000000 90.000000 90.000000
1552 51.254013 55.734642 57.048233 90.000000 90.000000 90.000000
1553 51.242462 55.722076 57.035374 90.000000 90.000000 90.000000
1554 51.140564 55.611275 56.921959 90.000000 90.000000 90.000000
1555 51.279484 55.762337 57.076580 90.000000 90.000000 90.000000
1556 51.162628 55.635265 56.946514 90.000000 90.000000 90.000000
1557 51.200527 55.676479 56.988701 90.000000 90.000000 90.000000
1558 51.179604 55.653725 56.965408 90.000000 90.000000 90.000000
1559 51.155552 55.627571 56.938641 90.000000 90.000000 90.000000
1560 51.118332 55.587097 56.897213 90.000000 90.000000 90.000000
1561 51.205135 55.681488 56.993828 90.000000 90.000000 90.000000
1562 51.088833 55.555019 56.864380 90.000000 90.000000 90.000000
1563 51.129993 55.599777 56.910191 90.000000 90.000000 90.000000
1564 51.334084 55.821709 57.137352 90.000000 90.000000 90.000000
1565 51.076355 55.541451 56.850491 90.000000 90.000000 90.000000
1566 51.209595 55.686337 56.998791 90.000000 90.000000 90.000000
1567 51.176807 55.650684 56.962299 90.000000 90.000000 90.000000
1568 51.295826 55.780109 57.094772 90.000000 90.000000 90.000000
1569 51.099438 55.566551 56.876179 90.000000 90.000000 90.000000
1570 51.209373 55.686096 56.998543 90.000000 90.000000 90.000000
1571 51.236073 55.715130 57.028263 90.000000 90.000000 90.000000
1572 51.080231 55.545662 56.854801 90.000000 90.000000 90.000000
1573 51.205986 55.682415 56.994778 90.000000 90.000000 90.000000
1574 51.132832 55.602867 56.913353 90.000000 90.000000 90.000000
1575 51.241177 55.720680 57.033943 90.000000 90.000000 90.000000
1576 51.182270 55.656624 56.968376 90.000000 90.000000 90.000000
1577 51.227219 55.705502 57.018406 90.000000 90.000000 90.000000
1578 51.183994 55.658497 56.970295 90.000000 90.000000 90.000000
1579 51.122387 55.591507 56.901726 90.000000 90.000000 90.000000
1580 51.175579 55.649349 56.960934 90.000000 90.000000 90.000000
1581 51.139408 55.610016 56.920673 90.000000 90.000000 90.000000
1582 51.150200 55.621750 56.932682 90.000000 90.000000 90.000000
1583 51.296131 55.780441 57.095112 90.000000 90.000000 90.000000
1584 51.208721 55.685387 56.997818 90.000000 90.000000 90.000000
1585 51.259762 55.740891 57.054630 90.000000 90.000000 90.000000
1586 51.094509 55.561192 56.870697 90.000000 90.000000 90.000000
1587 51.158699 55.630993 56.942142 90.000000 90.000000 90.000000
1588 51.136662 55.607029 56.917614 90.000000 90.000000 90.000000
1589 51.225964 55.704140 57.017014 90.000000 90.000000 90.000000
1590 51.167465 55.640526 56.951900 90.000000 90.000000 90.000000
1591 51.189957 55.664982 56.976933 90.000000 90.000000 90.000000
1592 51.209000 55.685692 56.998131 90.000000 90.000000 90.000000
1593 51.093597 55.560200 56.869682 90.000000 90.000000 90.000000
1594 51.304680 55.789734 57.104626 90.000000 90.000000 90.000000
1595 51.168865 55.642048 56.953461 90.000000 90.000000 90.000000
1596 51.268364 55.750244 57.064205 90.000000 90.000000 90.000000
1597 51.177589 55.651535 56.963169 90.000000 90.000000 90.000000
1598 51.196095 55.671658 56.983768 90.000000 90.000000 90.000000
1599 51.128529 55.598186 56.908562 90.000000 90.000000 90.000000
1600 51.200542 55.676495 56.988716 90.000000 90.000000 90.000000
1601 51.077904 55.543137 56.852215 90.000000 90.000000 90.000000
1602 51.165951 55.638882 56.950214 90.000000 90.000000 90.000000
1603 51.133488 55.603580 56.914082 90.000000 90.000000 90.000000
1604 51.109451 55.577438 56.887325 90.000000 90.000000 90.000000
1605 51.248653 55.728809 57.042267 90.000000 90.000000 90.000000
1606 51.248531 55.728680 57.042133 90.000000 90.000000 90.000000
1607 51.428406 55.924274 57.242336 90.000000 90.000000 90.000000
1608 51.388134 55.880486 57.197517 90.000000 90.000000 90.000000
1609 51.136639 55.607002 56.917587 90.000000 90.000000 90.000000
1610 51.271488 55.753643 57.067684 90.000000 90.000000 90.000000
1611 51.191498 55.666656 56.978649 90.000000 90.000000 90.000000
1612 51.151939 55.623642 56.934620 90.000000 90.000000 90.000000
1613 51.103153 55.570591 56.880318 90.000000 90.000000 90.000000
1614 51.211479 55.688389 57.000889 90.000000 90.000000 90.000000
1615 51.115856 55.584404 56.894455 90.000000 90.000000 90.000000
1616 51.157257 55.629425 56.940536 90.000000 90.000000 90.000000
1617 51.120579 55.589539 56.899712 90.000000 90.000000 90.000000
1618 51.118702 55.587498 56.897621 90.000000 90.000000 90.000000
1619 51.253010 55.733547 57.047115 90.000000 90.000000 90.000000
1620 51.222038 55.699871 57.012642 90.000000 90.000000 90.000000
1621 51.221016 55.698757 57.011501 90.000000 90.000000 90.000000
1622 51.180923 55.655159 56.966877 90.000000 90.000000 90.000000
1623 51.194824 55.670277 56.982349 90.000000 90.000000 90.000000
1624 51.189968 55.664993 56.976944 90.000000 90.000000 90.000000
1625 51.260925 55.742157 57.055927 90.000000 90.000000 90.000000
1626 51.165836 55.638752 56.950085 90.000000 90.000000 90.000000
1627 51.257637 55.738579 57.052265 90.000000 90.000000 90.000000
1628 51.157303 55.629475 56.940590 90.000000 90.000000 90.000000
1629 51.163960 55.636711 56.947994 90.000000 90.000000 90.000000
1630 51.185307 55.659927 56.971760 90.000000 90.000000 90.000000
1631 51.173176 55.646736 56.958256 90.000000 90.000000 90.000000
1632 51.149502 55.620991 56.931908 90.000000 90.000000 90.000000
1633 51.253769 55.734375 57.047962 90.000000 90.000000 90.000000
1634 51.253788 55.734394 57.047981 90.000000 90.000000 90.000000
1635 51.177517 55.651455 56.963085 90.000000 90.000000 90.000000
1636 51.244343 55.724125 57.037468 90.000000 90.000000 90.000000
1637 51.262119 55.743454 57.057255 90.000000 90.000000 90.000000
1638 51.293858 55.777969 57.092583 90.000000 90.000000 90.000000
1639 51.222187 55.700031 57.012810 90.000000 90.000000 90.000000
1640 51.249645 55.729889 57.043369 90.000000 90.000000 90.000000
1641 51.204708 55.681023 56.993351 90.000000 90.000000 90.000000
1642 51.105633 55.573288 56.883080 90.000000 90.000000 90.000000
1643 51.162647 55.635288 56.946537 90.000000 90.000000 90.000000
1644 51.246628 55.726608 57.040009 90.000000 90.000000 90.000000
1645 51.190094 55.665131 56.977085 90.000000 90.000000 90.000000
1646 51.191391 55.666542 56.978531 90.000000 90.000000 90.000000
1647 51.220226 55.697895 57.010624 90.000000 90.000000 90.000000
1648 51.251125 55.731503 57.045021 90.000000 90.000000 90.000000
1649 51.137768 55.608234 56.918846 90.000000 90.000000 90.000000
1650 51.189922 55.664944 56.976894 90.000000 90.000000 90.000000
1651 51.213287 55.690353 57.002903 90.000000 90.000000 90.000000
1652 51.216797 55.694168 57.006805 90.000000 90.000000 90.000000
1653 51.187443 55.662251 56.974136 90.000000 90.000000 90.000000
1654 51.135323 55.605572 56.916122 90.000000 90.000000 90.000000
1655 51.174721 55.648415 56.959976 90.000000 90.000000 90.000000
1656 51.202366 55.678478 56.990746 90.000000 90.000000 90.000000
1657 51.367069 55.857578 57.174068 90.000000 90.000000 90.000000
1658 51.242168 55.721760 57.035046 90.000000 90.000000 90.000000
1659 51.160866 55.633350 56.944553 90.000000 90.000000 90.000000
1660 51.281883 55.764946 57.079250 90.000000 90.000000 90.000000
1661 51.258888 55.739937 57.053658 90.000000 90.000000 90.000000
1662 51.282303 55.765400 57.079720 90.000000 90.000000 90.000000
1663 51.195984 55.671535 56.983643 90.000000 90.000000 90.000000
1664 51.221363 55.699135 57.011890 90.000000 90.000000 90.000000
1665 51.160751 55.633224 56.944427 90.000000 90.000000 90.000000
1666 51.220299 55.697979 57.010708 90.000000 90.000000 90.000000
1667 51.317181 55.803329 57.118542 90.000000 90.000000 90.000000
1668 51.208313 55.684944 56.997364 90.000000 90.000000 90.000000
1669 51.254211 55.734856 57.048454 90.000000 90.000000 90.000000
1670 51.094162 55.560814 56.870312 90.000000 90.000000 90.000000
1671 51.074890 55.539856 56.848858 90.000000 90.000000 90.000000
1672 51.273636 55.755978 57.070076 90.000000 90.000000 90.000000
1673 51.190224 55.665276 56.977234 90.000000 90.000000 90.000000
1674 51.301369 55.786133 57.100941 90.000000 90.000000 90.000000
1675 51.386539 55.878750 57.195740 90.000000 90.000000 90.000000
1676 51.159279 55.631626 56.942791 90.000000 90.000000 90.000000
1677 51.175575 55.649345 56.960930 90.000000 90.000000 90.000000
1678 51.081844 55.547421 56.856602 90.000000 90.000000 90.000000
1679 51.013657 55.473274 56.780704 90.000000 90.000000 90.000000
1680 51.181683 55.655987 56.967728 90.000000 90.000000 90.000000
1681 51.158176 55.630428 56.941563 90.000000 90.000000 90.000000
1682 51.103130 55.570564 56.880291 90.000000 90.000000 90.000000
1683 51.154964 55.626934 56.937988 90.000000 90.000000 90.000000
1684 51.288246 55.771866 57.086334 90.000000 90.000000 90.000000
1685 51.103027 55.570454 56.880177 90.000000 90.000000 90.000000
1686 51.087093 55.553127 56.862442 90.000000 90.000000 90.000000
1687 51.231121 55.709747 57.022751 90.000000 90.000000 90.000000
1688 51.267647 55.749466 57.063408 90.000000 90.000000 90.000000
1689 51.257843 55.738808 57.052498 90.000000 90.000000 90.000000
1690 51.152550 55.624306 56.935299 90.000000 90.000000 90.000000
1691 51.232231 55.710953 57.023987 90.000000 90.000000 90.000000
1692 51.147247 55.618538 56.929394 90.000000 90.000000 90.000000
1693 51.270683 55.752769 57.066788 90.000000 90.000000 90.000000
1694 51.377075 55.868458 57.185207 90.000000 90.000000 90.000000
1695 51.239811 55.719196 57.032425 90.000000 90.000000 90.000000
1696 51.143650 55.614632 56.925396 90.000000 90.000000 90.000000
1697 51.215698 55.692974 57.005585 90.000000 90.000000 90.000000
1698 51.203846 55.680088 56.992393 90.000000 90.000000 90.000000
1699 51.294430 55.778587 57.093216 90.000000 90.000000 90.000000
1700 51.104122 55.571644 56.881397 90.000000 90.000000 90.000000
1701 51.209263 55.685978 56.998425 90.000000 90.000000 90.000000
1702 51.208775 55.685448 56.997879 90.000000 90.000000 90.000000
1703 51.070286 55.534851 56.843735 90.000000 90.000000 90.000000
1704 51.277275 55.759933 57.074123 90.000000 90.000000 90.000000
1705 51.207535 55.684097 56.996498 90.000000 90.000000 90.000000
1706 51.166702 55.639698 56.951050 90.000000 90.000000 90.000000
1707 51.288181 55.771793 57.086262 90.000000 90.000000 90.000000
1708 51.173695 55.647297 56.958832 90.000000 90.000000 90.000000
1709 51.136776 55.607155 56.917740 90.000000 90.000000 90.000000
1710 51.098866 55.565929 56.875546 90.000000 90.000000 90.000000
1711 51.140881 55.611618 56.922310 90.000000 90.000000 90.000000
1712 51.275387 55.757881 57.072021 90.000000 90.000000 90.000000
1713 51.150417 55.621986 56.932922 90.000000 90.000000 90.000000
1714 51.104977 55.572575 56.882347 90.000000 90.000000 90.000000
1715 51.204796 55.681122 56.993454 90.000000 90.000000 90.000000
1716 51.155571 55.627590 56.938660 90.000000 90.000000 90.000000
1717 51.305241 55.790344 57.105251 90.000000 90.000000 90.000000
1718 51.159142 55.631474 56.942635 90.000000 90.000000 90.000000
1719 51.104401 55.571945 56.881702 90.000000 90.000000 90.000000
1720 51.129028 55.598728 56.909115 90.000000 90.000000 90.000000
1721 51.201683 55.677734 56.989986 90.000000 90.000000 90.000000
1722 51.245636 55.725529 57.038906 90.000000 90.000000 90.000000
1723 51.244915 55.724747 57.038105 90.000000 90.000000 90.000000
1724 51.192013 55.667217 56.979221 90.000000 90.000000 90.000000
1725 51.136757 55.607132 56.917721 90.000000 90.000000 90.000000
1726 51.162518 55.635143 56.946392 90.000000 90.000000 90.000000
1727 51.260128 55.741291 57.055038 90.000000 90.000000 90.000000
1728 51.086308 55.552273 56.861568 90.000000 90.000000 90.000000
1729 51.214081 55.691216 57.003784 90.000000 90.000000 90.000000
1730 51.204914 55.681248 56.993584 90.000000 90.000000 90.000000
1731 51.239082 55.718403 57.031612 90.000000 90.000000 90.000000
1732 51.149242 55.620708 56.931618 90.000000 90.000000 90.000000
1733 51.205437 55.681816 56.994164 90.000000 90.000000 90.000000
1734 51.244839 55.724663 57.038021 90.000000 90.000000 90.000000
1735 51.232548 55.711296 57.024338 90.000000 90.000000 90.000000
1736 51.222237 55.700085 57.012863 90.000000 90.000000 90.000000
1737 51.173428 55.647011 56.958538 90.000000 90.000000 90.000000
1738 51.222496 55.700367 57.013149 90.000000 90.000000 90.000000
1739 51.254105 55.734741 57.048336 90.000000 90.000000 90.000000
1740 51.129105 55.598812 56.909203 90.000000 90.000000 90.000000
1741 51.229057 55.707504 57.020458 90.000000 90.000000 90.000000
1742 51.182858 55.657265 56.969032 90.000000 90.000000 90.000000
1743 51.223755 55.701736 57.014553 90.000000 90.000000 90.000000
1744 51.184662 55.659225 56.971043 90.000000 90.000000 90.000000
1745 51.264820 55.746391 57.060261 90.000000 90.000000 90.000000
1746 51.236919 55.716053 57.029209 90.000000 90.000000 90.000000
1747 51.259758 55.740887 57.054626 90.000000 90.000000 90.000000
1748 51.156509 55.628613 56.939705 90.000000 90.000000 90.000000
1749 51.224087 55.702099 57.014923 90.000000 90.000000 90.000000
1750 51.097378 55.564312 56.873890 90.000000 90.000000 90.000000
1751 51.211277 55.688168 57.000664 90.000000 90.000000 90.000000
1752 50.984386 55.441441 56.748123 90.000000 90.000000 90.000000
1753 51.175545 55.649311 56.960896 90.000000 90.000000 90.000000
1754 51.192989 55.668282 56.980309 90.000000 90.000000 90.000000
1755 51.194016 55.669399 56.981453 90.000000 90.000000 90.000000
1756 51.169022 55.642216 56.953629 90.000000 90.000000 90.000000
1757 51.054611 55.517803 56.826286 90.000000 90.000000 90.000000
1758 51.272266 55.754486 57.068546 90.000000 90.000000 90.000000
1759 51.080727 55.546204 56.855354 90.000000 90.000000 90.000000
1760 51.177216 55.651131 56.962753 90.000000 90.000000 90.000000
1761 51.310814 55.796406 57.111454 90.000000 90.000000 90.000000
1762 51.193611 55.668957 56.981003 90.000000 90.000000 90.000000
1763 51.208820 55.685493 56.997929 90.000000 90.000000 90.000000
1764 51.277687 55.760384 57.074581 90.000000 90.000000 90.000000
1765 51.155849 55.627895 56.938972 90.000000 90.000000 90.000000
1766 51.144192 55.615215 56.925995 90.000000 90.000000 90.000000
1767 51.300350 55.785030 57.099808 90.000000 90.000000 90.000000
1768 51.079395 55.544758 56.853874 90.000000 90.000000 90.000000
1769 51.186451 55.661171 56.973030 90.000000 90.000000 90.000000
1770 51.088337 55.554482 56.863827 90.000000 90.000000 90.000000
1771 51.173496 55.647083 56.958611 90.000000 90.000000 90.000000
1772 51.165337 55.638210 56.949532 90.000000 90.000000 90.000000
1773 51.264065 55.745567 57.059418 90.000000 90.000000 90.000000
1774 51.176544 55.650398 56.962006 90.000000 90.000000 90.000000
1775 51.182064 55.656399 56.968147 90.000000 90.000000 90.000000
1776 51.191208 55.666344 56.978329 90.000000 90.000000 90.000000
1777 51.281040 55.764030 57.078316 90.000000 90.000000 90.000000
1778 51.253529 55.734112 57.047691 90.000000 90.000000 90.000000
1779 51.184433 55.658978 56.970787 90.000000 90.000000 90.000000
1780 51.140289 55.610973 56.921650 90.000000 90.000000 90.000000
1781 51.132462 55.602463 56.912941 90.000000 90.000000 90.000000
1782 51.298813 55.783356 57.098095 90.000000 90.000000 90.000000
1783 51.259014 55.740078 57.053799 90.000000 90.000000 90.000000
1784 51.241920 55.721489 57.034775 90.000000 90.000000 90.000000
1785 51.152519 55.624271 56.935265 90.000000 90.000000 90.000000
1786 51.201347 55.677368 56.989609 90.000000 90.000000 90.000000
1787 51.209080 55.685780 56.998219 90.000000 90.000000 90.000000
1788 51.286186 55.769627 57.084042 90.000000 90.000000 90.000000
1789 51.330696 55.818024 57.133583 90.000000 90.000000 90.000000
1790 51.206997 55.683514 56.995903 90.000000 90.000000 90.000000
1791 51.149498 55.620991 56.931904 90.000000 90.000000 90.000000
1792 51.153801 55.625668 56.936691 90.000000 90.000000 90.000000
1793 51.119564 55.588436 56.898582 90.000000 90.000000 90.000000
1794 51.164974 55.637817 56.949131 90.000000 90.000000 90.000000
1795 51.271694 55.753868 57.067913 90.000000 90.000000 90.000000
1796 51.176491 55.650337 56.961945 90.000000 90.000000 90.000000
1797 51.168850 55.642029 56.953438 90.000000 90.000000 90.000000
1798 51.230213 55.708759 57.021744 90.000000 90.000000 90.000000
1799 51.282402 55.765507 57.079826 90.000000 90.000000 90.000000
1800 51.072948 55.537746 56.846699 90.000000 90.000000 90.000000
1801 51.187454 55.662262 56.974148 90.000000 90.000000 90.000000
1802 51.322021 55.808594 57.123928 90.000000 90.000000 90.000000
1803 51.218983 55.696545 57.009243 90.000000 90.000000 90.000000
1804 51.235817 55.714851 57.027977 90.000000 90.000000 90.000000
1805 51.337688 55.825630 57.141365 90.000000 90.000000 90.000000
1806 51.255024 55.735741 57.049358 90.000000 90.000000 90.000000
1807 51.136806 55.607189 56.917778 90.000000 90.000000 90.000000
1808 51.103397 55.570858 56.880589 90.000000 90.000000 90.000000
1809 51.099281 55.566383 56.876007 90.000000 90.000000 90.000000
1810 51.175163 55.648895 56.960468 90.000000 90.000000 90.000000
1811 51.348991 55.837921 57.153946 90.000000 90.000000 90.000000
1812 51.129700 55.599461 56.909866 90.000000 90.000000 90.000000
1813 51.095104 55.561840 56.871361 90.000000 90.000000 90.000000
1814 51.110340 55.578407 56.888317 90.000000 90.000000 90.000000
1815 51.165874 55.638798 56.950130 90.000000 90.000000 90.000000
1816 51.272194 55.754410 57.068466 90.000000 90.000000 90.000000
1817 51.213120 55.690170 57.002716 90.000000 90.000000 90.000000
1818 51.048954 55.511654 56.819988 90.000000 90.000000 90.000000
1819 51.167400 55.640453 56.951828 90.000000 90.000000 90.000000
1820 51.260914 55.742142 57.055912 90.000000 90.000000 90.000000
1821 51.243130 55.722805 57.036121 90.000000 90.000000 90.000000
1822 51.232327 55.711060 57.024094 90.000000 90.000000 90.000000
1823 51.249264 55.729473 57.042946 90.000000 90.000000 90.000000
1824 51.182316 55.656673 56.968430 90.000000 90.000000 90.000000
1825 51.135311 55.605560 56.916111 90.000000 90.000000 90.000000
1826 51.238823 55.718124 57.031326 90.000000 90.000000 90.000000
1827 51.075844 55.540894 56.849918 90.000000 90.000000 90.000000
1828 51.253632 55.734222 57.047806 90.000000 90.000000 90.000000
1829 51.100513 55.567722 56.877380 90.000000 90.000000 90.000000
1830 51.154629 55.626568 56.937611 90.000000 90.000000 90.000000
1831 51.107494 55.575314 56.885151 90.000000 90.000000 90.000000
1832 51.200771 55.676743 56.988972 90.000000 90.000000 90.000000
1833 51.133560 55.603657 56.914162 90.000000 90.000000 90.000000
1834 51.204395 55.680687 56.993008 90.000000 90.000000 90.000000
1835 51.305496 55.790623 57.105534 90.000000 90.000000 90.000000
1836 51.233398 55.712223 57.025288 90.000000 90.000000 90.000000
1837 51.352848 55.842113 57.158241 90.000000 90.000000 90.000000
1838 51.290447 55.774261 57.088787 90.000000 90.000000 90.000000
1839 51.145554 55.616699 56.927513 90.000000 90.000000 90.000000
1840 51.206070 55.682507 56.994869 90.000000 90.000000 90.000000
1841 51.173946 55.647572 56.959114 90.000000 90.000000 90.000000
1842 51.174061 55.647697 56.959240 90.000000 90.000000 90.000000
1843 51.263657 55.745125 57.058968 90.000000 90.000000 90.000000
1844 51.234581 55.713505 57.026600 90.000000 90.000000 90.000000
1845 51.170425 55.643745 56.955193 90.000000 90.000000 90.000000
1846 51.242012 55.721588 57.034874 90.000000 90.000000 90.000000
1847 51.099113 55.566196 56.875820 90.000000 90.000000 90.000000
1848 51.057259 55.520687 56.829235 90.000000 90.000000 90.000000
1849 51.115482 55.584000 56.894043 90.000000 90.000000 90.000000
1850 51.238594 55.717873 57.031071 90.000000 90.000000 90.000000
1851 51.202774 55.678921 56.991199 90.000000 90.000000 90.000000
1852 51.273026 55.755314 57.069393 90.000000 90.000000 90.000000
1853 51.203045 55.679214 56.991501 90.000000 90.000000 90.000000
1854 51.156052 55.628117 56.939198 90.000000 90.000000 90.000000
1855 51.240849 55.720322 57.033577 90.000000 90.000000 90.000000
1856 51.172852 55.646381 56.957893 90.000000 90.000000 90.000000
1857 51.240322 55.719749 57.032993 90.000000 90.000000 90.000000
1858 51.250130 55.730415 57.043911 90.000000 90.000000 90.000000
1859 51.198288 55.674042 56.986206 90.000000 90.000000 90.000000
1860 51.225971 55.704144 57.017017 90.000000 90.000000 90.000000
1861 51.217125 55.694527 57.007175 90.000000 90.000000 90.000000
1862 51.205986 55.682411 56.994774 90.000000 90.000000 90.000000
1863 51.218037 55.695518 57.008186 90.000000 90.000000 90.000000
1864 51.264877 55.746452 57.060322 90.000000 90.000000 90.000000
1865 51.098614 55.565655 56.875263 90.000000 90.000000 90.000000
1866 51.229752 55.708256 57.021229 90.000000 90.000000 90.000000
1867 51.176079 55.649891 56.961487 90.000000 90.000000 90.000000
1868 51.229069 55.707516 57.020470 90.000000 90.000000 90.000000
1869 51.131809 55.601753 56.912216 90.000000 90.000000 90.000000
1870 51.272072 55.754276 57.068333 90.000000 90.000000 90.000000
1871 51.174889 55.648598 56.960163 90.000000 90.000000 90.000000
1872 51.108753 55.576679 56.886551 90.000000 90.000000 90.000000
1873 51.251404 55.731800 57.045326 90.000000 90.000000 90.000000
1874 51.167240 55.640282 56.951649 90.000000 90.000000 90.000000
1875 51.178928 55.652988 56.964657 90.000000 90.000000 90.000000
1876 51.139008 55.609577 56.920223 90.000000 90.000000 90.000000
1877 51.215508 55.692768 57.005375 90.000000 90.000000 90.000000
1878 51.304222 55.789234 57.104115 90.000000 90.000000 90.000000
1879 51.255333 55.736073 57.049698 90.000000 90.000000 90.000000
1880 51.204548 55.680851 56.993176 90.000000 90.000000 90.000000
1881 51.256210 55.737030 57.050678 90.000000 90.000000 90.000000
1882 51.294849 55.779045 57.093681 90.000000 90.000000 90.000000
1883 51.174583 55.648266 56.959824 90.000000 90.000000 90.000000
1884 51.203522 55.679733 56.992031 90.000000 90.000000 90.000000
1885 51.153286 55.625111 56.936119 90.000000 90.000000 90.000000
1886 51.173916 55.647541 56.959080 90.000000 90.000000 90.000000
1887 51.156822 55.628952 56.940056 90.000000 90.000000 90.000000
1888 51.246986 55.727001 57.040413 90.000000 90.000000 90.000000
1889 51.410984 55.905334 57.222950 90.000000 90.000000 90.000000
1890 51.226627 55.704861 57.017750 90.000000 90.000000 90.000000
1891 51.216122 55.693436 57.006058 90.000000 90.000000 90.000000
1892 51.175930 55.649731 56.961323 90.000000 90.000000 90.000000
1893 51.223270 55.701210 57.014015 90.000000 90.000000 90.000000
1894 51.174129 55.647774 56.959320 90.000000 90.000000 90.000000
1895 51.321045 55.807529 57.122841 90.000000 90.000000 90.000000
1896 51.295654 55.779919 57.094578 90.000000 90.000000 90.000000
1897 51.176186 55.650009 56.961605 90.000000 90.000000 90.000000
1898 51.245708 55.725609 57.038990 90.000000 90.000000 90.000000
1899 51.202095 55.678181 56.990444 90.000000 90.000000 90.000000
1900 51.265511 55.747143 57.061031 90.000000 90.000000 90.000000
1901 51.197285 55.672955 56.985092 90.000000 90.000000 90.000000
1902 51.278286 55.761032 57.075249 90.000000 90.000000 90.000000
1903 51.186615 55.661350 56.973213 90.000000 90.000000 90.000000
1904 51.075054 55.540035 56.849041 90.000000 90.000000 90.000000
1905 51.115223 55.583717 56.893753 90.000000 90.000000 90.000000
1906 51.216938 55.694321 57.006962 90.000000 90.000000 90.000000
1907 51.234592 55.713520 57.026615 90.000000 90.000000 90.000000
1908 51.209393 55.686115 56.998566 90.000000 90.000000 90.000000
1909 51.278149 55.760883 57.075096 90.000000 90.000000 90.000000
1910 51.229610 55.708103 57.021069 90.000000 90.000000 90.000000
1911 51.228928 55.707363 57.020313 90.000000 90.000000 90.000000
1912 51.099564 55.566689 56.876324 90.000000 90.000000 90.000000
1913 51.197845 55.673561 56.985714 90.000000 90.000000 90.000000
1914 51.226936 55.705196 57.018093 90.000000 90.000000 90.000000
1915 51.197971 55.673698 56.985855 90.000000 90.000000 90.000000
1916 51.161182 55.633694 56.944908 90.000000 90.000000 90.000000
1917 51.246040 55.725967 57.039356 90.000000 90.000000 90.000000
1918 51.084824 55.550659 56.859917 90.000000 90.000000 90.000000
1919 51.162937 55.635601 56.946857 90.000000 90.000000 90.000000
1920 51.212891 55.689922 57.002460 90.000000 90.000000 90.000000
1921 51.188015 55.662872 56.974773 90.000000 90.000000 90.000000
1922 51.152042 55.623753 56.934734 90.000000 90.000000 90.000000
1923 51.190929 55.666039 56.978016 90.000000 90.000000 90.000000
1924 51.248394 55.728527 57.041977 90.000000 90.000000 90.000000
1925 51.147686 55.619019 56.929886 90.000000 90.000000 90.000000
1926 51.182846 55.657249 56.969021 90.000000 90.000000 90.000000
1927 51.201611 55.677658 56.989906 90.000000 90.000000 90.000000
1928 51.082439 55.548065 56.857262 90.000000 90.000000 90.000000
1929 51.164032 55.636791 56.948078 90.000000 90.000000 90.000000
1930 51.207970 55.684570 56.996983 90.000000 90.000000 90.000000
1931 51.192097 55.667313 56.979317 90.000000 90.000000 90.000000
1932 51.235088 55.714058 57.027168 90.000000 90.000000 90.000000
1933 51.258617 55.739647 57.053356 90.000000 90.000000 90.000000
1934 51.115952 55.584507 56.894562 90.000000 90.000000 90.000000
1935 51.170631 55.643967 56.955421 90.000000 90.000000 90.000000
1936 51.242672 55.722305 57.035606 90.000000 90.000000 90.000000
1937 51.230484 55.709053 57.022045 90.000000 90.000000 90.000000
1938 51.232422 55.711159 57.024200 90.000000 90.000000 90.000000
1939 51.234543 55.713467 57.026558 90.000000 90.000000 90.000000
1940 51.157391 55.629570 56.940689 90.000000 90.000000 90.000000
1941 51.261826 55.743134 57.056927 90.000000 90.000000 90.000000
1942 51.236000 55.715050 57.028183 90.000000 90.000000 90.000000
1943 51.207993 55.684597 56.997009 90.000000 90.000000 90.000000
1944 51.134377 55.604546 56.915073 90.000000 90.000000 90.000000
1945 51.169590 55.642838 56.954266 90.000000 90.000000 90.000000
1946 51.271904 55.754093 57.068146 90.000000 90.000000 90.000000
1947 51.284294 55.767567 57.081936 90.000000 90.000000 90.000000
1948 51.332378 55.819855 57.135456 90.000000 90.000000 90.000000
1949 51.212898 55.689930 57.002468 90.000000 90.000000 90.000000
1950 51.167263 55.640305 56.951672 90.000000 90.000000 90.000000
1951 51.359814 55.849689 57.165997 90.000000 90.000000 90.000000
1952 51.065403 55.529541 56.838299 90.000000 90.000000 90.000000
1953 51.267769 55.749599 57.063541 90.000000 90.000000 90.000000
1954 51.212605 55.689610 57.002144 90.000000 90.000000 90.000000
1955 51.214554 55.691730 57.004311 90.000000 90.000000 90.000000
1956 51.358032 55.847752 57.164013 90.000000 90.000000 90.000000
1957 51.243076 55.722744 57.036057 90.000000 90.000000 90.000000
1958 51.278503 55.761269 57.075489 90.000000 90.000000 90.000000
1959 51.244499 55.724293 57.037643 90.000000 90.000000 90.000000
1960 51.263214 55.744644 57.058472 90.000000 90.000000 90.000000
1961 51.194790 55.670242 56.982315 90.000000 90.000000 90.000000
1962 51.119926 55.588833 56.898987 90.000000 90.000000 90.000000
1963 51.195015 55.670483 56.982563 90.000000 90.000000 90.000000
1964 51.096981 55.563881 56.873447 90.000000 90.000000 90.000000
1965 51.221859 55.699673 57.012444 90.000000 90.000000 90.000000
1966 51.181847 55.656166 56.967907 90.000000 90.000000 90.000000
1967 51.178169 55.652164 56.963814 90.000000 90.000000 90.000000
1968 51.140457 55.611156 56.921841 90.000000 90.000000 90.000000
1969 51.133781 55.603897 56.914410 90.000000 90.000000 90.000000
1970 51.159599 55.631973 56.943146 90.000000 90.000000 90.000000
1971 51.092102 55.558571 56.868015 90.000000 90.000000 90.000000
1972 51.128437 55.598087 56.908459 90.000000 90.000000 90.000000
1973 51.236839 55.715961 57.029114 90.000000 90.000000 90.000000
1974 51.107334 55.575138 56.884972 90.000000 90.000000 90.000000
1975 51.139847 55.610493 56.921158 90.000000 90.000000 90.000000
1976 51.259571 55.740685 57.054420 90.000000 90.000000 90.000000
1977 51.129501 55.599243 56.909645 90.000000 90.000000 90.000000
1978 51.185474 55.660107 56.971943 90.000000 90.000000 90.000000
1979 51.155495 55.627506 56.938576 90.000000 90.000000 90.000000
1980 51.173954 55.647583 56.959126 90.000000 90.000000 90.000000
1981 51.108089 55.575958 56.885811 90.000000 90.000000 90.000000
1982 51.227936 55.706284 57.019207 90.000000 90.000000 90.000000
1983 51.242794 55.722439 57.035744 90.000000 90.000000 90.000000
1984 51.117142 55.585800 56.895885 90.000000 90.000000 90.000000
1985 51.193649 55.668999 56.981045 90.000000 90.000000 90.000000
1986 51.293636 55.777729 57.092335 90.000000 90.000000 90.000000
1987 51.220089 55.697750 57.010471 90.000000 90.000000 90.000000
1988 51.327522 55.814575 57.130051 90.000000 90.000000 90.000000
1989 51.220036 55.697693 57.010414 90.000000 90.000000 90.000000
1990 51.082741 55.548393 56.857597 90.000000 90.000000 90.000000
1991 51.222267 55.700119 57.012897 90.000000 90.000000 90.000000
1992 51.218643 55.696178 57.008865 90.000000 90.000000 90.000000
1993 51.159161 55.631496 56.942657 90.000000 90.000000 90.000000
1994 51.076576 55.541691 56.850735 90.000000 90.000000 90.000000
1995 51.177269 55.651184 56.962811 90.000000 90.000000 90.000000
1996 51.046623 55.509121 56.817398 90.000000 90.000000 90.000000
1997 51.162476 55.635101 56.946346 90.000000 90.000000 90.000000
1998 51.175240 55.648979 56.960552 90.000000 90.000000 90.000000
1999 51.183884 55.658379 56.970177 90.000000 90.000000 90.000000
2000 51.126244 55.595703 56.906021 90.000000 90.000000 90.000000
2001 51.256374 55.737206 57.050861 90.000000 90.000000 90.000000
2002 51.213577 55.690670 57.003223 90.000000 90.000000 90.000000
2003 51.036732 55.498363 56.806389 90.000000 90.000000 90.000000
2004 51.090939 55.557308 56.866718 90.000000 90.000000 90.000000
2005 51.246468 55.726433 57.039833 90.000000 90.000000 90.000000
2006 51.113514 55.581856 56.891850 90.000000 90.000000 90.000000
2007 51.069450 55.533943 56.842808 90.000000 90.000000 90.000000
2008 51.244129 55.723892 57.037231 90.000000 90.000000 90.000000
2009 51.140495 55.611198 56.921883 90.000000 90.000000 90.000000
2010 51.227718 55.706047 57.018967 90.000000 90.000000 90.000000
2011 51.341194 55.829441 57.145267 90.000000 90.000000 90.000000
2012 51.266373 55.748081 57.061989 90.000000 90.000000 90.000000
2013 51.326210 55.813148 57.128590 90.000000 90.000000 90.000000
2014 51.118069 55.586811 56.896919 90.000000 90.000000 90.000000
2015 51.206116 55.682552 56.994919 90.000000 90.000000 90.000000
2016 51.243996 55.723743 57.037083 90.000000 90.000000 90.000000
2017 51.185818 55.660484 56.972328 90.000000 90.000000 90.000000
2018 51.180645 55.654858 56.966568 90.000000 90.000000 90.000000
2019 51.243290 55.722977 57.036297 90.000000 90.000000 90.000000
2020 51.156841 55.628971 56.940075 90.000000 90.000000 90.000000
2021 51.305897 55.791058 57.105980 90.000000 90.000000 90.000000
2022 51.234329 55.713238 57.026325 90.000000 90.000000 90.000000
2023 51.178371 55.652386 56.964039 90.000000 90.000000 90.000000
2024 51.058651 55.522202 56.830784 90.000000 90.000000 90.000000
2025 51.311821 55.797501 57.112576 90.000000 90.000000 90.000000
2026 51.166149 55.639095 56.950436 90.000000 90.000000 90.000000
2027 51.251640 55.732059 57.045593 90.000000 90.000000 90.000000
2028 51.206417 55.682884 56.995258 90.000000 90.000000 90.000000
2029 51.285835 55.769241 57.083652 90.000000 90.000000 90.000000
2030 51.124664 55.593987 56.904263 90.000000 90.000000 90.000000
2031 51.139359 55.609962 56.920616 90.000000 90.000000 90.000000
2032 51.257172 55.738075 57.051746 90.000000 90.000000 90.000000
2033 51.124470 55.593773 56.904045 90.000000 90.000000 90.000000
2034 51.206905 55.683414 56.995800 90.000000 90.000000 90.000000
2035 51.165630 55.638531 56.949856 90.000000 90.000000 90.000000
2036 51.184250 55.658779 56.970585 90.000000 90.000000 90.000000
2037 51.197777 55.673489 56.985638 90.000000 90.000000 90.000000
2038 51.302677 55.787556 57.102398 90.000000 90.000000 90.000000
2039 51.295326 55.779564 57.094215 90.000000 90.000000 90.000000
2040 51.270351 55.752407 57.066418 90.000000 90.000000 90.000000
2041 51.197678 55.673378 56.985527 90.000000 90.000000 90.000000
2042 51.195499 55.671009 56.983105 90.000000 90.000000 90.000000
2043 51.188881 55.663815 56.975739 90.000000 90.000000 90.000000
2044 51.279148 55.761971 57.076206 90.000000 90.000000 90.000000
2045 51.084850 55.550690 56.859947 90.000000 90.000000 90.000000
2046 51.166779 55.639778 56.951134 90.000000 90.000000 90.000000
2047 51.346321 55.835014 57.150974 90.000000 90.000000 90.000000
2048 51.252773 55.733292 57.046852 90.000000 90.000000 90.000000
2049 51.233025 55.711815 57.024872 90.000000 90.000000 90.000000
2050 51.269119 55.751068 57.065048 90.000000 90.000000 90.000000
2051 51.156769 55.628895 56.939995 90.000000 90.000000 90.000000
2052 51.177883 55.651852 56.963493 90.000000 90.000000 90.000000
2053 51.229298 55.707760 57.020721 90.000000 90.000000 90.000000
2054 51.222321 55.700176 57.012959 90.000000 90.000000 90.000000
2055 51.134975 55.605194 56.915737 90.000000 90.000000 90.000000
2056 51.100075 55.567245 56.876892 90.000000 90.000000 90.000000
2057 51.287598 55.771160 57.085613 90.000000 90.000000 90.000000
2058 51.229340 55.707809 57.020771 90.000000 90.000000 90.000000
2059 51.313877 55.799740 57.114864 90.000000 90.000000 90.000000
2060 51.282364 55.765469 57.079788 90.000000 90.000000 90.000000
2061 51.215084 55.692307 57.004902 90.000000 90.000000 90.000000
2062 51.313660 55.799500 57.114620 90.000000 90.000000 90.000000
2063 51.132099 55.602066 56.912537 90.000000 90.000000 90.000000
2064 51.294155 55.778290 57.092911 90.000000 90.000000 90.000000
2065 51.253052 55.733593 57.047161 90.000000 90.000000 90.000000
2066 51.031727 55.492920 56.800816 90.000000 90.000000 90.000000
2067 51.167370 55.640423 56.951794 90.000000 90.000000 90.000000
2068 51.172489 55.645992 56.957493 90.000000 90.000000 90.000000
2069 51.170860 55.644215 56.955677 90.000000 90.000000 90.000000
2070 51.319214 55.805538 57.120800 90.000000 90.000000 90.000000
2071 51.159382 55.631737 56.942905 90.000000 90.000000 90.000000
2072 51.159779 55.632168 56.943344 90.000000 90.000000 90.000000
2073 51.109539 55.577534 56.887424 90.000000 90.000000 90.000000
2074 51.222504 55.700378 57.013161 90.000000 90.000000 90.000000
2075 51.164295 55.637077 56.948372 90.000000 90.000000 90.000000
2076 51.132568 55.602577 56.913059 90.000000 90.000000 90.000000
2077 51.184074 55.658588 56.970387 90.000000 90.000000 90.000000
2078 51.240849 55.720322 57.033577 90.000000 90.000000 90.000000
2079 51.200317 55.676247 56.988464 90.000000 90.000000 90.000000
2080 51.167854 55.640949 56.952335 90.000000 90.000000 90.000000
2081 51.134815 55.605022 56.915562 90.000000 90.000000 90.000000
2082 51.184109 55.658623 56.970425 90.000000 90.000000 90.000000
2083 51.185528 55.660168 56.972004 90.000000 90.000000 90.000000
2084 51.111469 55.579636 56.889576 90.000000 90.000000 90.000000
2085 51.238354 55.717613 57.030804 90.000000 90.000000 90.000000
2086 51.215408 55.692661 57.005264 90.000000 90.000000 90.000000
2087 51.269302 55.751266 57.065250 90.000000 90.000000 90.000000
2088 51.139946 55.610600 56.921268 90.000000 90.000000 90.000000
2089 51.219028 55.696598 57.009293 90.000000 90.000000 90.000000
2090 51.182991 55.657410 56.969181 90.000000 90.000000 90.000000
2091 51.118694 55.587490 56.897617 90.000000 90.000000 90.000000
2092 51.191723 55.666904 56.978901 90.000000 90.000000 90.000000
2093 51.244614 55.724419 57.037769 90.000000 90.000000 90.000000
2094 51.261234 55.742493 57.056271 90.000000 90.000000 90.000000
2095 51.243229 55.722912 57.036228 90.000000 90.000000 90.000000
2096 51.217571 55.695015 57.007671 90.000000 90.000000 90.000000
2097 51.289146 55.772842 57.087337 90.000000 90.000000 90.000000
2098 51.149513 55.621006 56.931919 90.000000 90.000000 90.000000
2099 51.263092 55.744514 57.058338 90.000000 90.000000 90.000000
2100 51.286858 55.770355 57.084789 90.000000 90.000000 90.000000
2101 51.206654 55.683136 56.995518 90.000000 90.000000 90.000000
2102 51.173252 55.646816 56.958340 90.000000 90.000000 90.000000
2103 51.204075 55.680336 56.992649 90.000000 90.000000 90.000000
2104 51.336880 55.824753 57.140469 90.000000 90.000000 90.000000
2105 51.263367 55.744808 57.058643 90.000000 90.000000 90.000000
2106 51.241917 55.721485 57.034767 90.000000 90.000000 90.000000
2107 51.288849 55.772522 57.087006 90.000000 90.000000 90.000000
2108 51.197517 55.673206 56.985348 90.000000 90.000000 90.000000
2109 51.086761 55.552769 56.862072 90.000000 90.000000 90.000000
2110 51.200726 55.676693 56.988922 90.000000 90.000000 90.000000
2111 51.195282 55.670773 56.982861 90.000000 90.000000 90.000000
2112 51.290703 55.774540 57.089069 90.000000 90.000000 90.000000
2113 51.131523 55.601440 56.911896 90.000000 90.000000 90.000000
2114 51.144615 55.615677 56.926464 90.000000 90.000000 90.000000
2115 51.266590 55.748314 57.062229 90.000000 90.000000 90.000000
2116 51.183231 55.657669 56.969448 90.000000 90.000000 90.000000
2117 51.183746 55.658230 56.970020 90.000000 90.000000 90.000000
2118 51.196354 55.671940 56.984055 90.000000 90.000000 90.000000
2119 51.100986 55.568233 56.877907 90.000000 90.000000 90.000000
2120 51.116196 55.584778 56.894836 90.000000 90.000000 90.000000
2121 51.187904 55.662750 56.974651 90.000000 90.000000 90.000000
2122 51.218925 55.696484 57.009178 90.000000 90.000000 90.000000
2123 51.194351 55.669762 56.981823 90.000000 90.000000 90.000000
2124 51.125137 55.594498 56.904785 90.000000 90.000000 90.000000
2125 51.183285 55.657730 56.969509 90.000000 90.000000 90.000000
2126 51.217838 55.695301 57.007965 90.000000 90.000000 90.000000
2127 51.195705 55.671234 56.983334 90.000000 90.000000 90.000000
2128 51.116604 55.585217 56.895287 90.000000 90.000000 90.000000
2129 51.112812 55.581097 56.891071 90.000000 90.000000 90.000000
2130 51.143330 55.614281 56.925034 90.000000 90.000000 90.000000
2131 51.169106 55.642311 56.953728 90.000000 90.000000 90.000000
2132 51.155052 55.627029 56.938084 90.000000 90.000000 90.000000
2133 51.114761 55.583214 56.893238 90.000000 90.000000 90.000000
2134 51.251148 55.731525 57.045044 90.000000 90.000000 90.000000
2135 51.156902 55.629040 56.940144 90.000000 90.000000 90.000000
2136 51.160004 55.632412 56.943592 90.000000 90.000000 90.000000
2137 51.209858 55.686626 56.999084 90.000000 90.000000 90.000000
2138 51.089222 55.555443 56.864811 90.000000 90.000000 90.000000
2139 51.148445 55.619843 56.930729 90.000000 90.000000 90.000000
2140 51.164871 55.637707 56.949017 90.000000 90.000000 90.000000
2141 51.255524 55.736282 57.049911 90.000000 90.000000 90.000000
2142 51.197861 55.673576 56.985729 90.000000 90.000000 90.000000
2143 51.211445 55.688347 57.000851 90.000000 90.000000 90.000000
2144 51.141743 55.612556 56.923271 90.000000 90.000000 90.000000
2145 51.270603 55.752678 57.066696 90.000000 90.000000 90.000000
2146 51.258030 55.739006 57.052704 90.000000 90.000000 90.000000
2147 51.253227 55.733784 57.047356 90.000000 90.000000 90.000000
2148 51.161495 55.634033 56.945255 90.000000 90.000000 90.000000
2149 51.047421 55.509987 56.818283 90.000000 90.000000 90.000000
2150 51.050720 55.513577 56.821960 90.000000 90.000000 90.000000
2151 51.174408 55.648075 56.959629 90.000000 90.000000 90.000000
2152 51.180443 55.654636 56.966343 90.000000 90.000000 90.000000
2153 51.170044 55.643330 56.954773 90.000000 90.000000 90.000000
2154 51.082329 55.547943 56.857136 90.000000 90.000000 90.000000
2155 51.249065 55.729259 57.042725 90.000000 90.000000 90.000000
2156 51.181004 55.655247 56.966969 90.000000 90.000000 90.000000
2157 51.105133 55.572746 56.882523 90.000000 90.000000 90.000000
2158 51.177269 55.651184 56.962811 90.000000 90.000000 90.000000
2159 51.161362 55.633888 56.945107 90.000000 90.000000 90.000000
2160 51.261410 55.742683 57.056465 90.000000 90.000000 90.000000
2161 51.122505 55.591637 56.901859 90.000000 90.000000 90.000000
2162 51.124332 55.593624 56.903893 90.000000 90.000000 90.000000
2163 51.267536 55.749344 57.063282 90.000000 90.000000 90.000000
2164 51.169041 55.642239 56.953651 90.000000 90.000000 90.000000
2165 51.144344 55.615383 56.926167 90.000000 90.000000 90.000000
2166 51.137062 55.607464 56.918056 90.000000 90.000000 90.000000
2167 51.081020 55.546524 56.855682 90.000000 90.000000 90.000000
2168 51.105049 55.572655 56.882431 90.000000 90.000000 90.000000
2169 51.151810 55.623501 56.934475 90.000000 90.000000 90.000000
2170 51.083153 55.548843 56.858055 90.000000 90.000000 90.000000
2171 51.111595 55.579773 56.889713 90.000000 90.000000 90.000000
2172 51.105789 55.573456 56.883251 90.000000 90.000000 90.000000
2173 51.242016 55.721592 57.034878 90.000000 90.000000 90.000000
2174 51.161720 55.634281 56.945507 90.000000 90.000000 90.000000
2175 51.233288 55.712105 57.025166 90.000000 90.000000 90.000000
2176 51.281254 55.764259 57.078552 90.000000 90.000000 90.000000
2177 51.151352 55.623001 56.933964 90.000000 90.000000 90.000000
2178 51.108624 55.576538 56.886406 90.000000 90.000000 90.000000
2179 51.182846 55.657253 56.969021 90.000000 90.000000 90.000000
2180 51.216377 55.693710 57.006340 90.000000 90.000000 90.000000
2181 51.269859 55.751869 57.065868 90.000000 90.000000 90.000000
2182 51.236950 55.716084 57.029236 90.000000 90.000000 90.000000
2183 51.203171 55.679356 56.991642 90.000000 90.000000 90.000000
2184 51.179600 55.653721 56.965408 90.000000 90.000000 90.000000
2185 51.211792 55.688728 57.001236 90.000000 90.000000 90.000000
2186 51.071396 55.536057 56.844971 90.000000 90.000000 90.000000
2187 51.177402 55.651329 56.962959 90.000000 90.000000 90.000000
2188 51.247684 55.727760 57.041191 90.000000 90.000000 90.000000
2189 51.157005 55.629150 56.940254 90.000000 90.000000 90.000000
2190 51.162796 55.635448 56.946705 90.000000 90.000000 90.000000
2191 51.173077 55.646629 56.958145 90.000000 90.000000 90.000000
2192 51.104931 55.572525 56.882298 90.000000 90.000000 90.000000
2193 51.195812 55.671352 56.983452 90.000000 90.000000 90.000000
2194 51.161785 55.634350 56.945580 90.000000 90.000000 90.000000
2195 51.233494 55.712326 57.025394 90.000000 90.000000 90.000000
2196 51.186672 55.661411 56.973278 90.000000 90.000000 90.000000
2197 51.182529 55.656906 56.968666 90.000000 90.000000 90.000000
2198 51.177929 55.651905 56.963547 90.000000 90.000000 90.000000
2199 51.237221 55.716381 57.029541 90.000000 90.000000 90.000000
2200 51.256107 55.736916 57.050564 90.000000 90.000000 90.000000
2201 51.210117 55.686905 56.999374 90.000000 90.000000 90.000000
2202 51.335751 55.823524 57.139210 90.000000 90.000000 90.000000
2203 51.301994 55.786816 57.101639 90.000000 90.000000 90.000000
2204 51.231358 55.710003 57.023014 90.000000 90.000000 90.000000
2205 51.251137 55.731514 57.045033 90.000000 90.000000 90.000000
2206 51.121059 55.590065 56.900249 90.000000 90.000000 90.000000
2207 51.175289 55.649033 56.960609 90.000000 90.000000 90.000000
2208 51.190575 55.665653 56.977619 90.000000 90.000000 90.000000
2209 51.165089 55.637939 56.949253 90.000000 90.000000 90.000000
2210 51.174324 55.647984 56.959534 90.000000 90.000000 90.000000
2211 51.197006 55.672649 56.984779 90.000000 90.000000 90.000000
2212 51.113403 55.581738 56.891727 90.000000 90.000000 90.000000
2213 51.160671 55.633137 56.944336 90.000000 90.000000 90.000000
2214 51.205368 55.681744 56.994087 90.000000 90.000000 90.000000
2215 51.173424 55.647007 56.958534 90.000000 90.000000 90.000000
2216 51.265896 55.747562 57.061459 90.000000 90.000000 90.000000
2217 51.177284 55.651203 56.962830 90.000000 90.000000 90.000000
2218 51.231258 55.709896 57.022907 90.000000 90.000000 90.000000
2219 51.226208 55.704403 57.017284 90.000000 90.000000 90.000000
2220 51.202263 55.678364 56.990631 90.000000 90.000000 90.000000
2221 51.260178 55.741341 57.055092 90.000000 90.000000 90.000000
2222 51.274071 55.756451 57.070560 90.000000 90.000000 90.000000
2223 51.151100 55.622730 56.933685 90.000000 90.000000 90.000000
2224 51.234970 55.713932 57.027035 90.000000 90.000000 90.000000
2225 51.303913 55.788902 57.103775 90.000000 90.000000 90.000000
2226 51.194542 55.669968 56.982037 90.000000 90.000000 90.000000
2227 51.147121 55.618404 56.929256 90.000000 90.000000 90.000000
2228 51.227367 55.705666 57.018578 90.000000 90.000000 90.000000
2229 51.273060 55.755352 57.069435 90.000000 90.000000 90.000000
2230 51.325874 55.812782 57.128216 90.000000 90.000000 90.000000
2231 51.194534 55.669960 56.982029 90.000000 90.000000 90.000000
2232 51.244175 55.723942 57.037281 90.000000 90.000000 90.000000
2233 51.253689 55.734287 57.047871 90.000000 90.000000 90.000000
2234 51.263817 55.745300 57.059147 90.000000 90.000000 90.000000
2235 51.253937 55.734558 57.048145 90.000000 90.000000 90.000000
2236 51.187817 55.662655 56.974552 90.000000 90.000000 90.000000
2237 51.116764 55.585392 56.895466 90.000000 90.000000 90.000000
2238 51.261269 55.742527 57.056305 90.000000 90.000000 90.000000
2239 51.219734 55.697361 57.010075 90.000000 90.000000 90.000000
2240 51.121819 55.590889 56.901093 90.000000 90.000000 90.000000
2241 51.124729 55.594051 56.904331 90.000000 90.000000 90.000000
2242 51.274696 55.757133 57.071255 90.000000 90.000000 90.000000
2243 51.263176 55.744602 57.058430 90.000000 90.000000 90.000000
2244 51.105934 55.573616 56.883415 90.000000 90.000000 90.000000
2245 51.257446 55.738373 57.052052 90.000000 90.000000 90.000000
2246 51.254349 55.735004 57.048607 90.000000 90.000000 90.000000
2247 51.213577 55.690666 57.003223 90.000000 90.000000 90.000000
2248 51.243885 55.723625 57.036961 90.000000 90.000000 90.000000
2249 51.280430 55.763367 57.077637 90.000000 90.000000 90.000000
2250 51.170589 55.643925 56.955379 90.000000 90.000000 90.000000
2251 51.223465 55.701420 57.014229 90.000000 90.000000 90.000000
2252 51.328091 55.815189 57.130684 90.000000 90.000000 90.000000
2253 51.188065 55.662926 56.974831 90.000000 90.000000 90.000000
2254 51.131714 55.601650 56.912109 90.000000 90.000000 90.000000
2255 51.159592 55.631962 56.943134 90.000000 90.000000 90.000000
2256 51.257050 55.737942 57.051613 90.000000 90.000000 90.000000
2257 51.233402 55.712227 57.025291 90.000000 90.000000 90.000000
2258 51.224789 55.702862 57.015705 90.000000 90.000000 90.000000
2259 51.293320 55.777382 57.091984 90.000000 90.000000 90.000000
2260 51.125954 55.595387 56.905697 90.000000 90.000000 90.000000
2261 51.210808 55.687656 57.000141 90.000000 90.000000 90.000000
2262 51.173119 55.646671 56.958191 90.000000 90.000000 90.000000
2263 51.115856 55.584404 56.894455 90.000000 90.000000 90.000000
2264 51.346874 55.835617 57.151588 90.000000 90.000000 90.000000
2265 51.251373 55.731766 57.045292 90.000000 90.000000 90.000000
2266 51.128544 55.598202 56.908577 90.000000 90.000000 90.000000
2267 51.204834 55.681164 56.993496 90.000000 90.000000 90.000000
2268 51.058861 55.522430 56.831020 90.000000 90.000000 90.000000
2269 51.083290 55.548992 56.858212 90.000000 90.000000 90.000000
2270 51.237507 55.716690 57.029858 90.000000 90.000000 90.000000
2271 51.208897 55.685577 56.998013 90.000000 90.000000 90.000000
2272 51.133789 55.603905 56.914417 90.000000 90.000000 90.000000
2273 51.189663 55.664665 56.976608 90.000000 90.000000 90.000000
2274 51.296497 55.780838 57.095520 90.000000 90.000000 90.000000
2275 51.177139 55.651043 56.962666 90.000000 90.000000 90.000000
2276 51.329662 55.816902 57.132435 90.000000 90.000000 90.000000
2277 51.196621 55.672234 56.984352 90.000000 90.000000 90.000000
2278 51.135979 55.606285 56.916855 90.000000 90.000000 90.000000
2279 51.132317 55.602303 56.912777 90.000000 90.000000 90.000000
2280 51.247017 55.727032 57.040447 90.000000 90.000000 90.000000
2281 51.196400 55.671989 56.984108 90.000000 90.000000 90.000000
2282 51.313072 55.798862 57.113968 90.000000 90.000000 90.000000
2283 51.125389 55.594772 56.905067 90.000000 90.000000 90.000000
2284 51.180428 55.654621 56.966328 90.000000 90.000000 90.000000
2285 51.310478 55.796040 57.111080 90.000000 90.000000 90.000000
2286 51.172825 55.646355 56.957867 90.000000 90.000000 90.000000
2287 51.102844 55.570255 56.879974 90.000000 90.000000 90.000000
2288 51.120571 55.589535 56.899708 90.000000 90.000000 90.000000
2289 51.005714 55.464634 56.771862 90.000000 90.000000 90.000000
2290 51.099098 55.566181 56.875801 90.000000 90.000000 90.000000
2291 51.117805 55.586525 56.896626 90.000000 90.000000 90.000000
2292 51.223457 55.701412 57.014221 90.000000 90.000000 90.000000
2293 51.018837 55.478905 56.786472 90.000000 90.000000 90.000000
2294 51.261482 55.742760 57.056545 90.000000 90.000000 90.000000
2295 51.265907 55.747570 57.061470 90.000000 90.000000 90.000000
2296 51.219070 55.696640 57.009338 90.000000 90.000000 90.000000
2297 51.184925 55.659512 56.971336 90.000000 90.000000 90.000000
2298 51.323559 55.810265 57.125641 90.000000 90.000000 90.000000
2299 51.213360 55.690434 57.002983 90.000000 90.000000 90.000000
2300 51.316372 55.802452 57.117641 90.000000 90.000000 90.000000
2301 51.233196 55.712002 57.025063 90.000000 90.000000 90.000000
2302 51.259663 55.740784 57.054520 90.000000 90.000000 90.000000
2303 51.248840 55.729012 57.042473 90.000000 90.000000 90.000000
2304 51.182831 55.657234 56.969002 90.000000 90.000000 90.000000
2305 51.167164 55.640194 56.951561 90.000000 90.000000 90.000000
2306 51.105522 55.573166 56.882954 90.000000 90.000000 90.000000
2307 51.125744 55.595154 56.905460 90.000000 90.000000 90.000000
2308 51.269196 55.751148 57.065132 90.000000 90.000000 90.000000
2309 51.008762 55.467945 56.775253 90.000000 90.000000 90.000000
2310 51.089252 55.555477 56.864845 90.000000 90.000000 90.000000
2311 51.198288 55.674042 56.986206 90.000000 90.000000 90.000000
2312 51.276714 55.759327 57.073502 90.000000 90.000000 90.000000
2313 51.176994 55.650890 56.962509 90.000000 90.000000 90.000000
2314 51.256058 55.736862 57.050507 90.000000 90.000000 90.000000
2315 51.229839 55.708351 57.021324 90.000000 90.000000 90.000000
2316 51.205441 55.681824 56.994171 90.000000 90.000000 90.000000
2317 51.229134 55.707584 57.020538 90.000000 90.000000 90.000000
2318 51.101391 55.568676 56.878357 90.000000 90.000000 90.000000
2319 51.241135 55.720634 57.033897 90.000000 90.000000 90.000000
2320 51.211147 55.688026 57.000519 90.000000 90.000000 90.000000
2321 51.208454 55.685097 56.997524 90.000000 90.000000 90.000000
2322 51.273537 55.755871 57.069962 90.000000 90.000000 90.000000
2323 51.238453 55.717716 57.030910 90.000000 90.000000 90.000000
2324 51.193321 55.668640 56.980679 90.000000 90.000000 90.000000
2325 51.151745 55.623432 56.934402 90.000000 90.000000 90.000000
2326 51.254211 55.734856 57.048450 90.000000 90.000000 90.000000
2327 51.087955 55.554066 56.863403 90.000000 90.000000 90.000000
2328 51.232109 55.710819 57.023853 90.000000 90.000000 90.000000
2329 51.220837 55.698563 57.011307 90.000000 90.000000 90.000000
2330 51.166496 55.639473 56.950821 90.000000 90.000000 90.000000
2331 51.181526 55.655819 56.967552 90.000000 90.000000 90.000000
2332 51.269047 55.750988 57.064964 90.000000 90.000000 90.000000
2333 51.222153 55.699993 57.012772 90.000000 90.000000 90.000000
2334 51.126308 55.595768 56.906090 90.000000 90.000000 90.000000
2335 51.275249 55.757732 57.071869 90.000000 90.000000 90.000000
2336 51.330017 55.817287 57.132828 90.000000 90.000000 90.000000
2337 51.295567 55.779823 57.094482 90.000000 90.000000 90.000000
2338 51.133255 55.603325 56.913822 90.000000 90.000000 90.000000
2339 51.166832 55.639835 56.951195 90.000000 90.000000 90.000000
2340 51.298485 55.782997 57.097729 90.000000 90.000000 90.000000
2341 51.198814 55.674614 56.986794 90.000000 90.000000 90.000000
2342 51.185490 55.660126 56.971962 90.000000 90.000000 90.000000
2343 51.235950 55.714996 57.028126 90.000000 90.000000 90.000000
2344 51.301544 55.786327 57.101135 90.000000 90.000000 90.000000
2345 51.212593 55.689602 57.002132 90.000000 90.000000 90.000000
2346 51.364754 55.855061 57.171494 90.000000 90.000000 90.000000
2347 51.312347 55.798073 57.113159 90.000000 90.000000 90.000000
2348 51.300213 55.784882 57.099655 90.000000 90.000000 90.000000
2349 51.156715 55.628838 56.939938 90.000000 90.000000 90.000000
2350 51.122879 55.592045 56.902275 90.000000 90.000000 90.000000
2351 51.160480 55.632931 56.944126 90.000000 90.000000 90.000000
2352 51.104748 55.572327 56.882092 90.000000 90.000000 90.000000
2353 51.082500 55.548130 56.857330 90.000000 90.000000 90.000000
2354 51.229954 55.708477 57.021454 90.000000 90.000000 90.000000
2355 51.184376 55.658913 56.970722 90.000000 90.000000 90.000000
2356 51.185753 55.660412 56.972256 90.000000 90.000000 90.000000
2357 51.302525 55.787392 57.102230 90.000000 90.000000 90.000000
2358 51.135456 55.605717 56.916271 90.000000 90.000000 90.000000
2359 51.231586 55.710251 57.023270 90.000000 90.000000 90.000000
2360 51.219570 55.697186 57.009895 90.000000 90.000000 90.000000
2361 51.178207 55.652206 56.963856 90.000000 90.000000 90.000000
2362 51.172115 55.645580 56.957077 90.000000 90.000000 90.000000
2363 51.208889 55.685570 56.998005 90.000000 90.000000 90.000000
2364 51.323833 55.810562 57.125946 90.000000 90.000000 90.000000
2365 51.299072 55.783638 57.098385 90.000000 90.000000 90.000000
2366 51.080982 55.546482 56.855640 90.000000 90.000000 90.000000
2367 51.218102 55.695587 57.008259 90.000000 90.000000 90.000000
2368 51.171692 55.645123 56.956604 90.000000 90.000000 90.000000
2369 51.236820 55.715942 57.029095 90.000000 90.000000 90.000000
2370 51.197891 55.673611 56.985764 90.000000 90.000000 90.000000
2371 51.188087 55.662952 56.974854 90.000000 90.000000 90.000000
2372 51.180450 55.654648 56.966354 90.000000 90.000000 90.000000
2373 51.300823 55.785542 57.100334 90.000000 90.000000 90.000000
2374 51.033249 55.494576 56.802509 90.000000 90.000000 90.000000
2375 51.195377 55.670879 56.982967 90.000000 90.000000 90.000000
2376 51.226868 55.705124 57.018021 90.000000 90.000000 90.000000
2377 51.154789 55.626743 56.937794 90.000000 90.000000 90.000000
2378 51.241867 55.721432 57.034714 90.000000 90.000000 90.000000
2379 51.235615 55.714634 57.027756 90.000000 90.000000 90.000000
2380 51.188137 55.663002 56.974907 90.000000 90.000000 90.000000
2381 51.136330 55.606667 56.917244 90.000000 90.000000 90.000000
2382 51.040039 55.501961 56.810070 90.000000 90.000000 90.000000
2383 51.191132 55.666260 56.978241 90.000000 90.000000 90.000000
2384 51.327854 55.814938 57.130421 90.000000 90.000000 90.000000
2385 51.166740 55.639736 56.951092 90.000000 90.000000 90.000000
2386 51.287613 55.771175 57.085629 90.000000 90.000000 90.000000
2387 51.240406 55.719845 57.033089 90.000000 90.000000 90.000000
2388 51.154228 55.626133 56.937168 90.000000 90.000000 90.000000
2389 51.198727 55.674519 56.986694 90.000000 90.000000 90.000000
2390 51.280075 55.762981 57.077240 90.000000 90.000000 90.000000
2391 51.309204 55.794655 57.109665 90.000000 90.000000 90.000000
2392 51.273636 55.755978 57.070076 90.000000 90.000000 90.000000
2393 51.276424 55.759010 57.073177 90.000000 90.000000 90.000000
2394 51.261253 55.742512 57.056290 90.000000 90.000000 90.000000
2395 51.134377 55.604546 56.915073 90.000000 90.000000 90.000000
2396 51.241905 55.721474 57.034756 90.000000 90.000000 90.000000
2397 51.171879 55.645329 56.956814 90.000000 90.000000 90.000000
2398 51.089413 55.555653 56.865025 90.000000 90.000000 90.000000
2399 51.248108 55.728218 57.041656 90.000000 90.000000 90.000000
2400 51.131706 55.601643 56.912098 90.000000 90.000000 90.000000
2401 51.247814 55.727901 57.041332 90.000000 90.000000 90.000000
2402 51.111130 55.579266 56.889194 90.000000 90.000000 90.000000
2403 51.244488 55.724281 57.037628 90.000000 90.000000 90.000000
2404 51.103920 55.571426 56.881172 90.000000 90.000000 90.000000
2405 51.178726 55.652771 56.964432 90.000000 90.000000 90.000000
2406 51.130970 55.600838 56.911278 90.000000 90.000000 90.000000
2407 51.150536 55.622116 56.933056 90.000000 90.000000 90.000000
2408 51.273170 55.755474 57.069557 90.000000 90.000000 90.000000
2409 51.199383 55.675232 56.987427 90.000000 90.000000 90.000000
2410 51.149944 55.621471 56.932396 90.000000 90.000000 90.000000
2411 51.072727 55.537506 56.846451 90.000000 90.000000 90.000000
2412 51.154415 55.626335 56.937374 90.000000 90.000000 90.000000
2413 51.215038 55.692257 57.004848 90.000000 90.000000 90.000000
2414 51.161343 55.633865 56.945084 90.000000 90.000000 90.000000
2415 51.277008 55.759644 57.073826 90.000000 90.000000 90.000000
2416 51.139877 55.610527 56.921196 90.000000 90.000000 90.000000
2417 51.352795 55.842056 57.158180 90.000000 90.000000 90.000000
2418 51.234535 55.713459 57.026554 90.000000 90.000000 90.000000
2419 51.186611 55.661346 56.973209 90.000000 90.000000 90.000000
2420 51.101196 55.568466 56.878139 90.000000 90.000000 90.000000
2421 51.048233 55.510872 56.819191 90.000000 90.000000 90.000000
2422 51.241589 55.721127 57.034401 90.000000 90.000000 90.000000
2423 51.144516 55.615570 56.926353 90.000000 90.000000 90.000000
2424 51.149231 55.620697 56.931602 90.000000 90.000000 90.000000
2425 51.185493 55.660130 56.971966 90.000000 90.000000 90.000000
2426 51.109211 55.577179 56.887062 90.000000 90.000000 90.000000
2427 51.142303 55.613167 56.923893 90.000000 90.000000 90.000000
2428 51.128036 55.597649 56.908012 90.000000 90.000000 90.000000
2429 51.128498 55.598152 56.908527 90.000000 90.000000 90.000000
2430 51.229546 55.708031 57.020996 90.000000 90.000000 90.000000
2431 51.158192 55.630440 56.941578 90.000000 90.000000 90.000000
2432 51.135670 55.605949 56.916508 90.000000 90.000000 90.000000
2433 51.138012 55.608498 56.919117 90.000000 90.000000 90.000000
2434 51.276814 55.759434 57.073612 90.000000 90.000000 90.000000
2435 51.213329 55.690399 57.002949 90.000000 90.000000 90.000000
2436 51.157505 55.629696 56.940815 90.000000 90.000000 90.000000
2437 51.171768 55.645203 56.956688 90.000000 90.000000 90.000000
2438 51.345272 55.833874 57.149807 90.000000 90.000000 90.000000
2439 51.143978 55.614983 56.925758 90.000000 90.000000 90.000000
2440 51.231277 55.709915 57.022926 90.000000 90.000000 90.000000
2441 51.249775 55.730030 57.043514 90.000000 90.000000 90.000000
2442 51.225601 55.703747 57.016609 90.000000 90.000000 90.000000
2443 51.150669 55.622261 56.933205 90.000000 90.000000 90.000000
2444 51.199249 55.675087 56.987278 90.000000 90.000000 90.000000
2445 51.225964 55.704136 57.017010 90.000000 90.000000 90.000000
2446 51.173855 55.647472 56.959011 90.000000 90.000000 90.000000
2447 51.184212 55.658737 56.970543 90.000000 90.000000 90.000000
2448 51.120930 55.589924 56.900105 90.000000 90.000000 90.000000
2449 51.075356 55.540363 56.849377 90.000000 90.000000 90.000000
2450 51.287670 55.771240 57.085693 90.000000 90.000000 90.000000
2451 51.308308 55.793678 57.108662 90.000000 90.000000 90.000000
2452 51.272781 55.755051 57.069122 90.000000 90.000000 90.000000
2453 51.227573 55.705887 57.018803 90.000000 90.000000 90.000000
2454 51.121510 55.590553 56.900749 90.000000 90.000000 90.000000
2455 51.052017 55.514984 56.823399 90.000000 90.000000 90.000000
2456 51.208691 55.685352 56.997784 90.000000 90.000000 90.000000
2457 51.270035 55.752060 57.066067 90.000000 90.000000 90.000000
2458 51.199379 55.675232 56.987423 90.000000 90.000000 90.000000
2459 51.166245 55.639198 56.950542 90.000000 90.000000 90.000000
2460 51.056015 55.519333 56.827850 90.000000 90.000000 90.000000
2461 51.177425 55.651356 56.962986 90.000000 90.000000 90.000000
2462 51.091534 55.557957 56.867382 90.000000 90.000000 90.000000
2463 51.111866 55.580063 56.890015 90.000000 90.000000 90.000000
2464 51.333702 55.821293 57.136929 90.000000 90.000000 90.000000
2465 51.098652 55.565697 56.875309 90.000000 90.000000 90.000000
2466 51.129463 55.599201 56.909603 90.000000 90.000000 90.000000
2467 51.222034 55.699867 57.012642 90.000000 90.000000 90.000000
2468 51.205658 55.682056 56.994411 90.000000 90.000000 90.000000
2469 51.261395 55.742668 57.056450 90.000000 90.000000 90.000000
2470 51.250263 55.730564 57.044060 90.000000 90.000000 90.000000
2471 51.211510 55.688419 57.000923 90.000000 90.000000 90.000000
2472 51.300758 55.785469 57.100262 90.000000 90.000000 90.000000
2473 51.138855 55.609413 56.920055 90.000000 90.000000 90.000000
2474 51.264385 55.745918 57.059776 90.000000 90.000000 90.000000
2475 51.259109 55.740181 57.053905 90.000000 90.000000 90.000000
2476 51.275013 55.757473 57.071606 90.000000 90.000000 90.000000
2477 51.184830 55.659409 56.971230 90.000000 90.000000 90.000000
2478 51.177811 55.651775 56.963413 90.000000 90.000000 90.000000
2479 51.236935 55.716068 57.029224 90.000000 90.000000 90.000000
2480 51.202747 55.678890 56.991169 90.000000 90.000000 90.000000
2481 51.263859 55.745346 57.059193 90.000000 90.000000 90.000000
2482 51.189968 55.664993 56.976944 90.000000 90.000000 90.000000
2483 51.134785 55.604984 56.915524 90.000000 90.000000 90.000000
2484 51.103535 55.571007 56.880741 90.000000 90.000000 90.000000
2485 51.245476 55.725357 57.038731 90.000000 90.000000 90.000000
2486 51.185791 55.660454 56.972298 90.000000 90.000000 90.000000
2487 51.137440 55.607876 56.918480 90.000000 90.000000 90.000000
2488 51.238335 55.717590 57.030781 90.000000 90.000000 90.000000
2489 51.152767 55.624542 56.935543 90.000000 90.000000 90.000000
2490 51.165054 55.637905 56.949215 90.000000 90.000000 90.000000
2491 51.147808 55.619148 56.930019 90.000000 90.000000 90.000000
2492 51.122208 55.591312 56.901527 90.000000 90.000000 90.000000
2493 51.170757 55.644108 56.955566 90.000000 90.000000 90.000000
2494 51.180866 55.655098 56.966816 90.000000 90.000000 90.000000
2495 51.146851 55.618111 56.928955 90.000000 90.000000 90.000000
2496 51.198570 55.674351 56.986523 90.000000 90.000000 90.000000
2497 51.274529 55.756947 57.071068 90.000000 90.000000 90.000000
2498 51.197426 55.673107 56.985249 90.000000 90.000000 90.000000
2499 51.025646 55.486309 56.794048 90.000000 90.000000 90.000000
2500 51.157887 55.630108 56.941238 90.000000 90.000000 90.000000
2501 51.180122 55.654289 56.965988 90.000000 90.000000 90.000000
2502 51.268486 55.750378 57.064339 90.000000 90.000000 90.000000
2503 51.126312 55.595776 56.906097 90.000000 90.000000 90.000000
2504 51.286743 55.770229 57.084663 90.000000 90.000000 90.000000
2505 51.125137 55.594498 56.904789 90.000000 90.000000 90.000000
2506 51.146297 55.617508 56.928341 90.000000 90.000000 90.000000
2507 51.090004 55.556290 56.865681 90.000000 90.000000 90.000000
2508 51.236897 55.716026 57.029179 90.000000 90.000000 90.000000
2509 51.104530 55.572086 56.881847 90.000000 90.000000 90.000000
2510 51.275455 55.757957 57.072102 90.000000 90.000000 90.000000
2511 51.241028 55.720520 57.033779 90.000000 90.000000 90.000000
2512 51.152908 55.624699 56.935699 90.000000 90.000000 90.000000
2513 51.282185 55.765274 57.079590 90.000000 90.000000 90.000000
2514 51.145149 55.616257 56.927059 90.000000 90.000000 90.000000
2515 51.270752 55.752842 57.066864 90.000000 90.000000 90.000000
2516 51.184658 55.659222 56.971039 90.000000 90.000000 90.000000
2517 51.169460 55.642696 56.954121 90.000000 90.000000 90.000000
2518 51.247620 55.727684 57.041115 90.000000 90.000000 90.000000
2519 51.217197 55.694603 57.007252 90.000000 90.000000 90.000000
2520 51.197659 55.673355 56.985504 90.000000 90.000000 90.000000
2521 51.141567 55.612362 56.923073 90.000000 90.000000 90.000000
2522 51.155025 55.626995 56.938053 90.000000 90.000000 90.000000
2523 51.185314 55.659935 56.971767 90.000000 90.000000 90.000000
2524 51.176468 55.650314 56.961918 90.000000 90.000000 90.000000
2525 51.172806 55.646332 56.957844 90.000000 90.000000 90.000000
2526 51.264217 55.745735 57.059589 90.000000 90.000000 90.000000
2527 51.352177 55.841385 57.157494 90.000000 90.000000 90.000000
2528 51.208771 55.685444 56.997875 90.000000 90.000000 90.000000
2529 51.287315 55.770851 57.085297 90.000000 90.000000 90.000000
2530 51.133854 55.603973 56.914490 90.000000 90.000000 90.000000
2531 51.180328 55.654510 56.966217 90.000000 90.000000 90.000000
2532 51.358818 55.848606 57.164883 90.000000 90.000000 90.000000
2533 51.270229 55.752274 57.066280 90.000000 90.000000 90.000000
2534 51.139351 55.609951 56.920605 90.000000 90.000000 90.000000
2535 51.232479 55.711224 57.024265 90.000000 90.000000 90.000000
2536 51.172478 55.645977 56.957478 90.000000 90.000000 90.000000
2537 51.162495 55.635124 56.946369 90.000000 90.000000 90.000000
2538 51.248875 55.729050 57.042511 90.000000 90.000000 90.000000
2539 51.201603 55.677647 56.989899 90.000000 90.000000 90.000000
2540 51.267986 55.749836 57.063786 90.000000 90.000000 90.000000
2541 51.049332 55.512066 56.820412 90.000000 90.000000 90.000000
2542 51.152870 55.624657 56.935658 90.000000 90.000000 90.000000
2543 51.175999 55.649807 56.961399 90.000000 90.000000 90.000000
2544 51.218983 55.696545 57.009239 90.000000 90.000000 90.000000
2545 51.162876 55.635536 56.946793 90.000000 90.000000 90.000000
2546 51.136902 55.607288 56.917881 90.000000 90.000000 90.000000
2547 51.138885 55.609447 56.920090 90.000000 90.000000 90.000000
2548 51.133606 55.603706 56.914215 90.000000 90.000000 90.000000
2549 51.095871 55.562672 56.872211 90.000000 90.000000 90.000000
2550 51.163418 55.636127 56.947395 90.000000 90.000000 90.000000
2551 51.201790 55.677853 56.990105 90.000000 90.000000 90.000000
2552 51.249756 55.730011 57.043495 90.000000 90.000000 90.000000
2553 51.115089 55.583572 56.893604 90.000000 90.000000 90.000000
2554 51.232876 55.711655 57.024704 90.000000 90.000000 90.000000
2555 51.199718 55.675598 56.987801 90.000000 90.000000 90.000000
2556 51.244007 55.723759 57.037094 90.000000 90.000000 90.000000
2557 51.255878 55.736668 57.050308 90.000000 90.000000 90.000000
2558 51.120872 55.589859 56.900040 90.000000 90.000000 90.000000
2559 51.198906 55.674717 56.986897 90.000000 90.000000 90.000000
2560 51.230389 55.708950 57.021938 90.000000 90.000000 90.000000
2561 51.215828 55.693115 57.005730 90.000000 90.000000 90.000000
2562 51.273605 55.755943 57.070038 90.000000 90.000000 90.000000
2563 51.170425 55.643742 56.955193 90.000000 90.000000 90.000000
2564 51.226566 55.704792 57.017681 90.000000 90.000000 90.000000
2565 51.214439 55.691608 57.004185 90.000000 90.000000 90.000000
2566 51.244862 55.724689 57.038048 90.000000 90.000000 90.000000
2567 51.221233 55.698994 57.011745 90.000000 90.000000 90.000000
2568 51.162598 55.635231 56.946480 90.000000 90.000000 90.000000
2569 51.201172 55.677177 56.989414 90.000000 90.000000 90.000000
2570 51.255035 55.735748 57.049370 90.000000 90.000000 90.000000
2571 51.237843 55.717052 57.030231 90.000000 90.000000 90.000000
2572 51.296776 55.781139 57.095829 90.000000 90.000000 90.000000
2573 51.223251 55.701187 57.013992 90.000000 90.000000 90.000000
2574 51.179691 55.653820 56.965508 90.000000 90.000000 90.000000
2575 51.187241 55.662029 56.973911 90.000000 90.000000 90.000000
2576 51.121120 55.590130 56.900318 90.000000 90.000000 90.000000
2577 51.229187 55.707645 57.020599 90.000000 90.000000 90.000000
2578 51.179993 55.654148 56.965843 90.000000 90.000000 90.000000
2579 51.128040 55.597656 56.908020 90.000000 90.000000 90.000000
2580 51.163189 55.635876 56.947140 90.000000 90.000000 90.000000
2581 51.294983 55.779190 57.093834 90.000000 90.000000 90.000000
2582 51.173199 55.646759 56.958282 90.000000 90.000000 90.000000
2583 51.171772 55.645206 56.956692 90.000000 90.000000 90.000000
2584 51.229256 55.707714 57.020676 90.000000 90.000000 90.000000
2585 51.116329 55.584919 56.894985 90.000000 90.000000 90.000000
2586 51.095139 55.561878 56.871399 90.000000 90.000000 90.000000
2587 51.242649 55.722282 57.035583 90.000000 90.000000 90.000000
2588 51.188824 55.663750 56.975674 90.000000 90.000000 90.000000
2589 51.230488 55.709057 57.022045 90.000000 90.000000 90.000000
2590 51.182384 55.656746 56.968506 90.000000 90.000000 90.000000
2591 51.229340 55.707809 57.020771 90.000000 90.000000 90.000000
2592 51.295158 55.779381 57.094028 90.000000 90.000000 90.000000
2593 51.201572 55.677612 56.989861 90.000000 90.000000 90.000000
2594 51.148178 55.619553 56.930431 90.000000 90.000000 90.000000
2595 51.163258 55.635952 56.947216 90.000000 90.000000 90.000000
2596 51.202255 55.678356 56.990623 90.000000 90.000000 90.000000
2597 51.151943 55.623646 56.934620 90.000000 90.000000 90.000000
2598 51.149216 55.620678 56.931587 90.000000 90.000000 90.000000
2599 51.207672 55.684246 56.996655 90.000000 90.000000 90.000000
2600 51.188709 55.663628 56.975544 90.000000 90.000000 90.000000
2601 51.194077 55.669460 56.981518 90.000000 90.000000 90.000000
2602 51.316139 55.802197 57.117382 90.000000 90.000000 90.000000
2603 51.178284 55.652290 56.963940 90.000000 90.000000 90.000000
2604 51.237404 55.716579 57.029747 90.000000 90.000000 90.000000
2605 51.284027 55.767277 57.081638 90.000000 90.000000 90.000000
2606 51.206985 55.683498 56.995888 90.000000 90.000000 90.000000
2607 51.109806 55.577824 56.887722 90.000000 90.000000 90.000000
2608 51.090782 55.557140 56.866547 90.000000 90.000000 90.000000
2609 51.262455 55.743816 57.057625 90.000000 90.000000 90.000000
2610 51.289116 55.772812 57.087303 90.000000 90.000000 90.000000
2611 51.309013 55.794449 57.109451 90.000000 90.000000 90.000000
2612 51.167759 55.640846 56.952229 90.000000 90.000000 90.000000
2613 51.161606 55.634155 56.945377 90.000000 90.000000 90.000000
2614 51.069244 55.533718 56.842575 90.000000 90.000000 90.000000
2615 51.159386 55.631737 56.942905 90.000000 90.000000 90.000000
2616 51.220566 55.698269 57.011005 90.000000 90.000000 90.000000
2617 51.126354 55.595821 56.906143 90.000000 90.000000 90.000000
2618 51.209007 55.685699 56.998138 90.000000 90.000000 90.000000
2619 51.125435 55.594822 56.905117 90.000000 90.000000 90.000000
2620 51.152443 55.624191 56.935181 90.000000 90.000000 90.000000
2621 51.223446 55.701401 57.014210 90.000000 90.000000 90.000000
2622 51.308846 55.794266 57.109264 90.000000 90.000000 90.000000
2623 51.158646 55.630936 56.942085 90.000000 90.000000 90.000000
2624 51.066853 55.531116 56.839912 90.000000 90.000000 90.000000
2625 51.220329 55.698013 57.010742 90.000000 90.000000 90.000000
2626 51.086651 55.552647 56.861950 90.000000 90.000000 90.000000
2627 51.094292 55.560955 56.870453 90.000000 90.000000 90.000000
2628 51.181511 55.655800 56.967533 90.000000 90.000000 90.000000
2629 51.248196 55.728313 57.041756 90.000000 90.000000 90.000000
2630 51.234962 55.713924 57.027031 90.000000 90.000000 90.000000
2631 51.051052 55.513935 56.822323 90.000000 90.000000 90.000000
2632 51.108665 55.576584 56.886452 90.000000 90.000000 90.000000
2633 51.171883 55.645329 56.956814 90.000000 90.000000 90.000000
2634 51.071003 55.535633 56.844536 90.000000 90.000000 90.000000
2635 51.176708 55.650578 56.962189 90.000000 90.000000 90.000000
2636 51.225975 55.704151 57.017025 90.000000 90.000000 90.000000
2637 51.187305 55.662098 56.973984 90.000000 90.000000 90.000000
2638 51.080303 55.545742 56.854885 90.000000 90.000000 90.000000
2639 51.211613 55.688534 57.001041 90.000000 90.000000 90.000000
2640 51.151516 55.623180 56.934147 90.000000 90.000000 90.000000
2641 51.211876 55.688820 57.001331 90.000000 90.000000 90.000000
2642 51.148006 55.619362 56.930241 90.000000 90.000000 90.000000
2643 51.103886 55.571388 56.881134 90.000000 90.000000 90.000000
2644 51.140980 55.611725 56.922421 90.000000 90.000000 90.000000
2645 51.206818 55.683315 56.995701 90.000000 90.000000 90.000000
2646 50.990032 55.447582 56.754406 90.000000 90.000000 90.000000
2647 51.261974 55.743298 57.057095 90.000000 90.000000 90.000000
2648 51.158405 55.630676 56.941818 90.000000 90.000000 90.000000
2649 51.164963 55.637802 56.949112 90.000000 90.000000 90.000000
2650 51.235764 55.714794 57.027920 90.000000 90.000000 90.000000
2651 51.182907 55.657318 56.969086 90.000000 90.000000 90.000000
2652 51.168533 55.641685 56.953087 90.000000 90.000000 90.000000
2653 51.174511 55.648190 56.959743 90.000000 90.000000 90.000000
2654 51.193615 55.668961 56.981007 90.000000 90.000000 90.000000
2655 51.112740 55.581017 56.890987 90.000000 90.000000 90.000000
2656 51.159519 55.631886 56.943054 90.000000 90.000000 90.000000
2657 51.174194 55.647842 56.959389 90.000000 90.000000 90.000000
2658 51.125671 55.595078 56.905384 90.000000 90.000000 90.000000
2659 51.196651 55.672264 56.984386 90.000000 90.000000 90.000000
2660 51.270679 55.752762 57.066784 90.000000 90.000000 90.000000
2661 51.243160 55.722836 57.036152 90.000000 90.000000 90.000000
2662 51.242275 55.721878 57.035168 90.000000 90.000000 90.000000
2663 51.272232 55.754452 57.068512 90.000000 90.000000 90.000000
2664 51.185738 55.660397 56.972240 90.000000 90.000000 90.000000
2665 51.146126 55.617321 56.928150 90.000000 90.000000 90.000000
2666 51.170303 55.643612 56.955059 90.000000 90.000000 90.000000
2667 51.203869 55.680111 56.992420 90.000000 90.000000 90.000000
2668 51.275734 55.758259 57.072407 90.000000 90.000000 90.000000
2669 51.138371 55.608887 56.919518 90.000000 90.000000 90.000000
2670 51.188198 55.663071 56.974979 90.000000 90.000000 90.000000
2671 51.176407 55.650249 56.961853 90.000000 90.000000 90.000000
2672 51.144501 55.615551 56.926338 90.000000 90.000000 90.000000
2673 51.127823 55.597416 56.907776 90.000000 90.000000 90.000000
2674 51.228577 55.706978 57.019920 90.000000 90.000000 90.000000
2675 51.214306 55.691460 57.004036 90.000000 90.000000 90.000000
2676 51.210846 55.687698 57.000183 90.000000 90.000000 90.000000
2677 51.137383 55.607811 56.918415 90.000000 90.000000 90.000000
2678 51.125660 55.595066 56.905369 90.000000 90.000000 90.000000
2679 51.201199 55.677208 56.989449 90.000000 90.000000 90.000000
2680 51.240269 55.719696 57.032936 90.000000 90.000000 90.000000
2681 51.303574 55.788532 57.103394 90.000000 90.000000 90.000000
2682 51.234634 55.713566 57.026665 90.000000 90.000000 90.000000
2683 51.274590 55.757015 57.071133 90.000000 90.000000 90.000000
2684 51.298115 55.782597 57.097321 90.000000 90.000000 90.000000
2685 51.241501 55.721035 57.034306 90.000000 90.000000 90.000000
2686 51.306957 55.792213 57.107162 90.000000 90.000000 90.000000
2687 51.269318 55.751282 57.065269 90.000000 90.000000 90.000000
2688 51.227192 55.705471 57.018375 90.000000 90.000000 90.000000
2689 51.366074 55.856499 57.172962 90.000000 90.000000 90.000000
2690 51.344398 55.832928 57.148838 90.000000 90.000000 90.000000
2691 51.183800 55.658287 56.970081 90.000000 90.000000 90.000000
2692 51.137974 55.608456 56.919075 90.000000 90.000000 90.000000
2693 51.222919 55.700829 57.013622 90.000000 90.000000 90.000000
2694 51.091148 55.557537 56.866955 90.000000 90.000000 90.000000
2695 51.194450 55.669868 56.981934 90.000000 90.000000 90.000000
2696 51.254707 55.735394 57.049004 90.000000 90.000000 90.000000
2697 51.213589 55.690681 57.003239 90.000000 90.000000 90.000000
2698 51.151283 55.622929 56.933887 90.000000 90.000000 90.000000
2699 51.243935 55.723679 57.037014 90.000000 90.000000 90.000000
2700 51.178524 55.652550 56.964207 90.000000 90.000000 90.000000
2701 51.196598 55.672203 56.984325 90.000000 90.000000 90.000000
2702 51.161644 55.634197 56.945419 90.000000 90.000000 90.000000
2703 51.193493 55.668827 56.980869 90.000000 90.000000 90.000000
2704 51.243805 55.723537 57.036869 90.000000 90.000000 90.000000
2705 51.216846 55.694225 57.006866 90.000000 90.000000 90.000000
2706 51.171078 55.644455 56.955921 90.000000 90.000000 90.000000
2707 51.254948 55.735653 57.049271 90.000000 90.000000 90.000000
2708 51.191559 55.666725 56.978718 90.000000 90.000000 90.000000
2709 51.209335 55.686058 56.998505 90.000000 90.000000 90.000000
2710 51.179871 55.654015 56.965710 90.000000 90.000000 90.000000
2711 51.222244 55.700096 57.012875 90.000000 90.000000 90.000000
2712 51.293724 55.777821 57.092434 90.000000 90.000000 90.000000
2713 51.070835 55.535450 56.844349 90.000000 90.000000 90.000000
2714 51.101604 55.568909 56.878597 90.000000 90.000000 90.000000
2715 51.145660 55.616814 56.927628 90.000000 90.000000 90.000000
2716 51.173187 55.646748 56.958271 90.000000 90.000000 90.000000
2717 51.122818 55.591972 56.902203 90.000000 90.000000 90.000000
2718 51.163055 55.635731 56.946995 90.000000 90.000000 90.000000
2719 51.239368 55.718716 57.031933 90.000000 90.000000 90.000000
2720 51.248329 55.728458 57.041908 90.000000 90.000000 90.000000
2721 51.003929 55.462692 56.769875 90.000000 90.000000 90.000000
2722 51.222588 55.700466 57.013252 90.000000 90.000000 90.000000
2723 51.254414 55.735073 57.048676 90.000000 90.000000 90.000000
2724 51.114540 55.582973 56.892990 90.000000 90.000000 90.000000
2725 51.151676 55.623356 56.934326 90.000000 90.000000 90.000000
2726 51.087315 55.553368 56.862686 90.000000 90.000000 90.000000
2727 51.170578 55.643909 56.955364 90.000000 90.000000 90.000000
2728 51.129646 55.599400 56.909805 90.000000 90.000000 90.000000
2729 51.128204 55.597836 56.908203 90.000000 90.000000 90.000000
2730 51.098972 55.566044 56.875664 90.000000 90.000000 90.000000
2731 51.218281 55.695786 57.008461 90.000000 90.000000 90.000000
2732 51.150013 55.621548 56.932476 90.000000 90.000000 90.000000
2733 51.204853 55.681183 56.993515 90.000000 90.000000 90.000000
2734 51.133656 55.603760 56.914268 90.000000 90.000000 90.000000
2735 51.142723 55.613621 56.924362 90.000000 90.000000 90.000000
2736 51.228073 55.706432 57.019360 90.000000 90.000000 90.000000
2737 51.165970 55.638901 56.950237 90.000000 90.000000 90.000000
2738 51.215851 55.693142 57.005756 90.000000 90.000000 90.000000
2739 51.238499 55.717770 57.030964 90.000000 90.000000 90.000000
2740 51.044449 55.506752 56.814976 90.000000 90.000000 90.000000
2741 51.125050 55.594402 56.904690 90.000000 90.000000 90.000000
2742 51.106556 55.574291 56.884106 90.000000 90.000000 90.000000
2743 51.128124 55.597744 56.908112 90.000000 90.000000 90.000000
2744 51.146015 55.617203 56.928024 90.000000 90.000000 90.000000
2745 51.170261 55.643566 56.955013 90.000000 90.000000 90.000000
2746 51.149391 55.620872 56.931782 90.000000 90.000000 90.000000
2747 51.035568 55.497097 56.805092 90.000000 90.000000 90.000000
2748 51.219643 55.697266 57.009975 90.000000 90.000000 90.000000
2749 51.184704 55.659271 56.971088 90.000000 90.000000 90.000000
2750 51.134773 55.604977 56.915512 90.000000 90.000000 90.000000
2751 51.091679 55.558117 56.867546 90.000000 90.000000 90.000000
2752 51.222912 55.700821 57.013615 90.000000 90.000000 90.000000
2753 51.137817 55.608284 56.918900 90.000000 90.000000 90.000000
2754 51.193214 55.668526 56.980560 90.000000 90.000000 90.000000
2755 51.273392 55.755714 57.069801 90.000000 90.000000 90.000000
2756 51.166550 55.639530 56.950882 90.000000 90.000000 90.000000
2757 51.115993 55.584553 56.894608 90.000000 90.000000 90.000000
2758 51.137077 55.607479 56.918076 90.000000 90.000000 90.000000
2759 51.172653 55.646164 56.957672 90.000000 90.000000 90.000000
2760 51.073193 55.538013 56.846970 90.000000 90.000000 90.000000
2761 51.227432 55.705734 57.018646 90.000000 90.000000 90.000000
2762 51.161053 55.633553 56.944763 90.000000 90.000000 90.000000
2763 51.095531 55.562302 56.871834 90.000000 90.000000 90.000000
2764 51.236794 55.715912 57.029064 90.000000 90.000000 90.000000
2765 51.219742 55.697372 57.010086 90.000000 90.000000 90.000000
2766 51.075333 55.540337 56.849350 90.000000 90.000000 90.000000
2767 51.214790 55.691986 57.004574 90.000000 90.000000 90.000000
2768 51.066368 55.530590 56.839375 90.000000 90.000000 90.000000
2769 51.211330 55.688225 57.000725 90.000000 90.000000 90.000000
2770 51.270203 55.752243 57.066250 90.000000 90.000000 90.000000
2771 51.271118 55.753239 57.067272 90.000000 90.000000 90.000000
2772 51.199738 55.675617 56.987820 90.000000 90.000000 90.000000
2773 51.248421 55.728558 57.042007 90.000000 90.000000 90.000000
2774 51.181358 55.655636 56.967365 90.000000 90.000000 90.000000
2775 51.253506 55.734089 57.047668 90.000000 90.000000 90.000000
2776 51.074875 55.539841 56.848843 90.000000 90.000000 90.000000
2777 51.255081 55.735798 57.049419 90.000000 90.000000 90.000000
2778 51.225292 55.703407 57.016262 90.000000 90.000000 90.000000
2779 51.182632 55.657021 56.968781 90.000000 90.000000 90.000000
2780 51.269619 55.751610 57.065601 90.000000 90.000000 90.000000
2781 51.114193 55.582596 56.892605 90.000000 90.000000 90.000000
2782 51.052086 55.515060 56.823479 90.000000 90.000000 90.000000
2783 51.152225 55.623955 56.934937 90.000000 90.000000 90.000000
2784 51.198685 55.674477 56.986649 90.000000 90.000000 90.000000
2785 51.180794 55.655018 56.966736 90.000000 90.000000 90.000000
2786 51.320225 55.806637 57.121929 90.000000 90.000000 90.000000
2787 51.179928 55.654076 56.965771 90.000000 90.000000 90.000000
2788 51.190041 55.665077 56.977028 90.000000 90.000000 90.000000
2789 51.307652 55.792969 57.107937 90.000000 90.000000 90.000000
2790 51.322548 55.809162 57.124512 90.000000 90.000000 90.000000
2791 51.167988 55.641090 56.952480 90.000000 90.000000 90.000000
2792 51.219719 55.697350 57.010063 90.000000 90.000000 90.000000
2793 51.254135 55.734772 57.048370 90.000000 90.000000 90.000000
2794 51.297089 55.781479 57.096176 90.000000 90.000000 90.000000
2795 51.049053 55.511761 56.820099 90.000000 90.000000 90.000000
2796 51.255699 55.736473 57.050110 90.000000 90.000000 90.000000
2797 51.223373 55.701321 57.014130 90.000000 90.000000 90.000000
2798 51.127090 55.596622 56.906963 90.000000 90.000000 90.000000
2799 51.174770 55.648472 56.960033 90.000000 90.000000 90.000000
2800 51.271057 55.753174 57.067204 90.000000 90.000000 90.000000
2801 51.167210 55.640247 56.951618 90.000000 90.000000 90.000000
2802 51.253071 55.733612 57.047180 90.000000 90.000000 90.000000
2803 51.238861 55.718163 57.031368 90.000000 90.000000 90.000000
2804 51.191376 55.666527 56.978512 90.000000 90.000000 90.000000
2805 51.250938 55.731297 57.044811 90.000000 90.000000 90.000000
2806 51.224144 55.702156 57.014984 90.000000 90.000000 90.000000
2807 51.182423 55.656792 56.968548 90.000000 90.000000 90.000000
2808 51.249912 55.730183 57.043671 90.000000 90.000000 90.000000
2809 51.265865 55.747528 57.061424 90.000000 90.000000 90.000000
2810 51.099560 55.566685 56.876316 90.000000 90.000000 90.000000
2811 51.187035 55.661804 56.973679 90.000000 90.000000 90.000000
2812 51.232346 55.711079 57.024117 90.000000 90.000000 90.000000
2813 51.168972 55.642162 56.953575 90.000000 90.000000 90.000000
2814 51.178963 55.653027 56.964699 90.000000 90.000000 90.000000
2815 51.171150 55.644535 56.956001 90.000000 90.000000 90.000000
2816 51.286415 55.769875 57.084297 90.000000 90.000000 90.000000
2817 51.186913 55.661674 56.973545 90.000000 90.000000 90.000000
2818 51.151150 55.622784 56.933743 90.000000 90.000000 90.000000
2819 51.118649 55.587444 56.897568 90.000000 90.000000 90.000000
2820 51.286858 55.770355 57.084789 90.000000 90.000000 90.000000
2821 51.223450 55.701405 57.014214 90.000000 90.000000 90.000000
2822 51.156647 55.628761 56.939857 90.000000 90.000000 90.000000
2823 51.121639 55.590694 56.900894 90.000000 90.000000 90.000000
2824 51.173252 55.646820 56.958340 90.000000 90.000000 90.000000
2825 51.046146 55.508598 56.816864 90.000000 90.000000 90.000000
2826 51.117588 55.586285 56.896381 90.000000 90.000000 90.000000
2827 51.183426 55.657883 56.969666 90.000000 90.000000 90.000000
2828 51.273972 55.756344 57.070446 90.000000 90.000000 90.000000
2829 51.128311 55.597950 56.908321 90.000000 90.000000 90.000000
2830 51.124065 55.593330 56.903595 90.000000 90.000000 90.000000
2831 51.093925 55.560558 56.870045 90.000000 90.000000 90.000000
2832 51.304474 55.789509 57.104397 90.000000 90.000000 90.000000
2833 51.145424 55.616554 56.927364 90.000000 90.000000 90.000000
2834 51.156223 55.628300 56.939384 90.000000 90.000000 90.000000
2835 51.327404 55.814445 57.129917 90.000000 90.000000 90.000000
2836 51.225029 55.703121 57.015972 90.000000 90.000000 90.000000
2837 51.248783 55.728951 57.042412 90.000000 90.000000 90.000000
2838 51.328987 55.816170 57.131683 90.000000 90.000000 90.000000
2839 51.139515 55.610130 56.920788 90.000000 90.000000 90.000000
2840 51.211472 55.688377 57.000881 90.000000 90.000000 90.000000
2841 51.276466 55.759052 57.073223 90.000000 90.000000 90.000000
2842 51.152836 55.624615 56.935616 90.000000 90.000000 90.000000
2843 51.184597 55.659157 56.970970 90.000000 90.000000 90.000000
2844 51.227261 55.705551 57.018456 90.000000 90.000000 90.000000
2845 51.031956 55.493172 56.801071 90.000000 90.000000 90.000000
2846 51.244831 55.724655 57.038013 90.000000 90.000000 90.000000
2847 51.184177 55.658699 56.970501 90.000000 90.000000 90.000000
2848 51.209915 55.686687 56.999149 90.000000 90.000000 90.000000
2849 51.088772 55.554955 56.864311 90.000000 90.000000 90.000000
2850 51.206711 55.683201 56.995583 90.000000 90.000000 90.000000
2851 51.279148 55.761971 57.076210 90.000000 90.000000 90.000000
2852 51.122967 55.592136 56.902370 90.000000 90.000000 90.000000
2853 51.186474 55.661194 56.973057 90.000000 90.000000 90.000000
2854 51.281906 55.764973 57.079281 90.000000 90.000000 90.000000
2855 51.185104 55.659706 56.971535 90.000000 90.000000 90.000000
2856 51.064213 55.528248 56.836975 90.000000 90.000000 90.000000
2857 51.255459 55.736210 57.049839 90.000000 90.000000 90.000000
2858 51.143677 55.614658 56.925423 90.000000 90.000000 90.000000
2859 51.253563 55.734150 57.047729 90.000000 90.000000 90.000000
2860 51.137817 55.608288 56.918903 90.000000 90.000000 90.000000
2861 51.129898 55.599678 56.910088 90.000000 90.000000 90.000000
2862 51.028484 55.489395 56.797207 90.000000 90.000000 90.000000
2863 51.211494 55.688404 57.000904 90.000000 90.000000 90.000000
2864 51.190407 55.665474 56.977436 90.000000 90.000000 90.000000
2865 51.244255 55.724030 57.037369 90.000000 90.000000 90.000000
2866 51.097694 55.564655 56.874241 90.000000 90.000000 90.000000
2867 51.291767 55.775692 57.090252 90.000000 90.000000 90.000000
2868 51.204300 55.680584 56.992901 90.000000 90.000000 90.000000
2869 51.212109 55.689072 57.001591 90.000000 90.000000 90.000000
2870 51.239166 55.718494 57.031704 90.000000 90.000000 90.000000
2871 51.159035 55.631359 56.942516 90.000000 90.000000 90.000000
2872 51.251369 55.731766 57.045288 90.000000 90.000000 90.000000
2873 51.127815 55.597412 56.907768 90.000000 90.000000 90.000000
2874 51.214180 55.691326 57.003899 90.000000 90.000000 90.000000
2875 51.195770 55.671307 56.983406 90.000000 90.000000 90.000000
2876 51.177956 55.651932 56.963573 90.000000 90.000000 90.000000
2877 51.231113 55.709740 57.022743 90.000000 90.000000 90.000000
2878 51.168133 55.641251 56.952644 90.000000 90.000000 90.000000
2879 51.137905 55.608379 56.918995 90.000000 90.000000 90.000000
2880 51.206017 55.682446 56.994808 90.000000 90.000000 90.000000
2881 51.097015 55.563915 56.873486 90.000000 90.000000 90.000000
2882 51.114357 55.582775 56.892788 90.000000 90.000000 90.000000
2883 51.183605 55.658077 56.969864 90.000000 90.000000 90.000000
2884 51.302319 55.787170 57.102001 90.000000 90.000000 90.000000
2885 51.230072 55.708607 57.021584 90.000000 90.000000 90.000000
2886 51.278984 55.761795 57.076027 90.000000 90.000000 90.000000
2887 51.245811 55.725719 57.039104 90.000000 90.000000 90.000000
2888 51.080841 55.546326 56.855480 90.000000 90.000000 90.000000
2889 51.162125 55.634720 56.945957 90.000000 90.000000 90.000000
2890 51.297188 55.781590 57.096287 90.000000 90.000000 90.000000
2891 51.179340 55.653442 56.965118 90.000000 90.000000 90.000000
2892 51.156918 55.629055 56.940159 90.000000 90.000000 90.000000
2893 51.202587 55.678715 56.990990 90.000000 90.000000 90.000000
2894 51.163025 55.635700 56.946960 90.000000 90.000000 90.000000
2895 51.251019 55.731384 57.044899 90.000000 90.000000 90.000000
2896 51.233894 55.712765 57.025841 90.000000 90.000000 90.000000
2897 51.242943 55.722603 57.035912 90.000000 90.000000 90.000000
2898 51.201450 55.677483 56.989727 90.000000 90.000000 90.000000
2899 51.335869 55.823650 57.139343 90.000000 90.000000 90.000000
2900 51.176132 55.649948 56.961544 90.000000 90.000000 90.000000
2901 51.126770 55.596272 56.906601 90.000000 90.000000 90.000000
2902 51.112694 55.580967 56.890938 90.000000 90.000000 90.000000
2903 51.026993 55.487774 56.795547 90.000000 90.000000 90.000000
2904 51.242592 55.722218 57.035519 90.000000 90.000000 90.000000
2905 51.229813 55.708321 57.021294 90.000000 90.000000 90.000000
2906 51.300262 55.784931 57.099709 90.000000 90.000000 90.000000
2907 51.080849 55.546337 56.855492 90.000000 90.000000 90.000000
2908 51.262470 55.743835 57.057644 90.000000 90.000000 90.000000
2909 51.292480 55.776470 57.091049 90.000000 90.000000 90.000000
2910 51.044594 55.506912 56.815140 90.000000 90.000000 90.000000
2911 51.247391 55.727440 57.040863 90.000000 90.000000 90.000000
2912 51.227787 55.706123 57.019043 90.000000 90.000000 90.000000
2913 51.232613 55.711369 57.024410 90.000000 90.000000 90.000000
2914 51.194183 55.669582 56.981640 90.000000 90.000000 90.000000
2915 51.238213 55.717457 57.030647 90.000000 90.000000 90.000000
2916 51.115868 55.584419 56.894470 90.000000 90.000000 90.000000
2917 51.165077 55.637928 56.949242 90.000000 90.000000 90.000000
2918 51.272499 55.754742 57.068810 90.000000 90.000000 90.000000
2919 51.294376 55.778530 57.093155 90.000000 90.000000 90.000000
2920 51.160450 55.632896 56.944092 90.000000 90.000000 90.000000
2921 51.165440 55.638321 56.949642 90.000000 90.000000 90.000000
2922 51.220295 55.697971 57.010700 90.000000 90.000000 90.000000
2923 51.133778 55.603893 56.914406 90.000000 90.000000 90.000000
2924 51.046757 55.509262 56.817543 90.000000 90.000000 90.000000
2925 51.123760 55.592999 56.903252 90.000000 90.000000 90.000000
2926 51.035278 55.496784 56.804771 90.000000 90.000000 90.000000
2927 51.001343 55.459881 56.766998 90.000000 90.000000 90.000000
2928 51.183517 55.657982 56.969769 90.000000 90.000000 90.000000
2929 51.237148 55.716297 57.029461 90.000000 90.000000 90.000000
2930 51.328182 55.815292 57.130787 90.000000 90.000000 90.000000
2931 51.239235 55.718567 57.031780 90.000000 90.000000 90.000000
2932 51.105358 55.572987 56.882771 90.000000 90.000000 90.000000
2933 51.133224 55.603291 56.913788 90.000000 90.000000 90.000000
2934 51.182167 55.656513 56.968266 90.000000 90.000000 90.000000
2935 51.238636 55.717918 57.031116 90.000000 90.000000 90.000000
2936 51.277775 55.760475 57.074677 90.000000 90.000000 90.000000
2937 51.273228 55.755535 57.069618 90.000000 90.000000 90.000000
2938 51.247639 55.727707 57.041138 90.000000 90.000000 90.000000
2939 51.161747 55.634304 56.945534 90.000000 90.000000 90.000000
2940 51.356682 55.846283 57.162506 90.000000 90.000000 90.000000
2941 51.354870 55.844311 57.160488 90.000000 90.000000 90.000000
2942 51.275974 55.758522 57.072678 90.000000 90.000000 90.000000
2943 51.188591 55.663498 56.975414 90.000000 90.000000 90.000000
2944 51.138561 55.609093 56.919727 90.000000 90.000000 90.000000
2945 51.310959 55.796562 57.111614 90.000000 90.000000 90.000000
2946 51.241146 55.720646 57.033909 90.000000 90.000000 90.000000
2947 51.273987 55.756359 57.070461 90.000000 90.000000 90.000000
2948 51.122295 55.591408 56.901623 90.000000 90.000000 90.000000
2949 51.171608 55.645031 56.956512 90.000000 90.000000 90.000000
2950 51.176147 55.649967 56.961563 90.000000 90.000000 90.000000
2951 51.097538 55.564484 56.874069 90.000000 90.000000 90.000000
2952 51.120399 55.589348 56.899513 90.000000 90.000000 90.000000
2953 51.014168 55.473827 56.781273 90.000000 90.000000 90.000000
2954 51.132027 55.601990 56.912457 90.000000 90.000000 90.000000
2955 51.256062 55.736866 57.050510 90.000000 90.000000 90.000000
2956 51.395302 55.888283 57.205494 90.000000 90.000000 90.000000
2957 51.313793 55.799644 57.114769 90.000000 90.000000 90.000000
2958 51.223373 55.701321 57.014130 90.000000 90.000000 90.000000
2959 51.051388 55.514301 56.822701 90.000000 90.000000 90.000000
2960 51.162762 55.635410 56.946667 90.000000 90.000000 90.000000
2961 51.176994 55.650890 56.962509 90.000000 90.000000 90.000000
2962 51.096531 55.563389 56.872948 90.000000 90.000000 90.000000
2963 51.197166 55.672821 56.984959 90.000000 90.000000 90.000000
2964 51.247955 55.728050 57.041489 90.000000 90.000000 90.000000
2965 51.169800 55.643066 56.954498 90.000000 90.000000 90.000000
2966 51.121269 55.590290 56.900482 90.000000 90.000000 90.000000
2967 51.260067 55.741222 57.054970 90.000000 90.000000 90.000000
2968 51.164722 55.637543 56.948845 90.000000 90.000000 90.000000
2969 51.105415 55.573051 56.882835 90.000000 90.000000 90.000000
2970 51.189873 55.664894 56.976841 90.000000 90.000000 90.000000
2971 51.198185 55.673931 56.986092 90.000000 90.000000 90.000000
2972 51.119411 55.588272 56.898415 90.000000 90.000000 90.000000
2973 51.208248 55.684872 56.997292 90.000000 90.000000 90.000000
2974 51.311123 55.796745 57.111801 90.000000 90.000000 90.000000
2975 51.182617 55.657005 56.968765 90.000000 90.000000 90.000000
2976 51.223427 55.701382 57.014191 90.000000 90.000000 90.000000
2977 51.233604 55.712444 57.025517 90.000000 90.000000 90.000000
2978 51.206818 55.683319 56.995705 90.000000 90.000000 90.000000
2979 51.206470 55.682941 56.995316 90.000000 90.000000 90.000000
2980 51.317696 55.803890 57.119114 90.000000 90.000000 90.000000
2981 51.137836 55.608307 56.918922 90.000000 90.000000 90.000000
2982 51.197086 55.672733 56.984867 90.000000 90.000000 90.000000
2983 51.136806 55.607185 56.917774 90.000000 90.000000 90.000000
2984 51.166019 55.638950 56.950291 90.000000 90.000000 90.000000
2985 51.125721 55.595131 56.905434 90.000000 90.000000 90.000000
2986 51.209778 55.686535 56.998993 90.000000 90.000000 90.000000
2987 51.128044 55.597660 56.908024 90.000000 90.000000 90.000000
2988 51.065884 55.530064 56.838837 90.000000 90.000000 90.000000
2989 51.337135 55.825031 57.140751 90.000000 90.000000 90.000000
2990 51.082733 55.548386 56.857590 90.000000 90.000000 90.000000
2991 51.137016 55.607414 56.918007 90.000000 90.000000 90.000000
2992 51.162041 55.634628 56.945866 90.000000 90.000000 90.000000
2993 51.157055 55.629204 56.940311 90.000000 90.000000 90.000000
2994 51.220825 55.698551 57.011292 90.000000 90.000000 90.000000
2995 51.164818 55.637646 56.948952 90.000000 90.000000 90.000000
2996 51.183891 55.658386 56.970181 90.000000 90.000000 90.000000
2997 51.299606 55.784218 57.098980 90.000000 90.000000 90.000000
2998 51.199921 55.675819 56.988026 90.000000 90.000000 90.000000
2999 51.228428 55.706818 57.019753 90.000000 90.000000 90.000000
3000 51.252350 55.732830 57.046379 90.000000 90.000000 90.000000
3001 51.198574 55.674355 56.986526 90.000000 90.000000 90.000000
3002 51.167126 55.640160 56.951523 90.000000 90.000000 90.000000
3003 51.230698 55.709286 57.022282 90.000000 90.000000 90.000000
3004 51.150089 55.621632 56.932560 90.000000 90.000000 90.000000
3005 51.279732 55.762604 57.076855 90.000000 90.000000 90.000000
3006 51.107250 55.575047 56.884876 90.000000 90.000000 90.000000
3007 51.072140 55.536869 56.845798 90.000000 90.000000 90.000000
3008 51.115364 55.583870 56.893909 90.000000 90.000000 90.000000
3009 51.100323 55.567513 56.877167 90.000000 90.000000 90.000000
3010 51.099659 55.566792 56.876431 90.000000 90.000000 90.000000
3011 51.164410 55.637199 56.948498 90.000000 90.000000 90.000000
3012 51.139603 55.610226 56.920887 90.000000 90.000000 90.000000
3013 51.262108 55.743439 57.057240 90.000000 90.000000 90.000000
3014 51.214783 55.691978 57.004566 90.000000 90.000000 90.000000
3015 51.313419 55.799236 57.114353 90.000000 90.000000 90.000000
3016 51.106709 55.574455 56.884274 90.000000 90.000000 90.000000
3017 51.297516 55.781944 57.096653 90.000000 90.000000 90.000000
3018 51.157879 55.630100 56.941231 90.000000 90.000000 90.000000
3019 51.158714 55.631012 56.942162 90.000000 90.000000 90.000000
3020 51.143047 55.613972 56.924721 90.000000 90.000000 90.000000
3021 51.214397 55.691559 57.004135 90.000000 90.000000 90.000000
3022 51.246323 55.726276 57.039673 90.000000 90.000000 90.000000
3023 51.207077 55.683598 56.995987 90.000000 90.000000 90.000000
3024 51.079842 55.545238 56.854370 90.000000 90.000000 90.000000
3025 51.020264 55.480457 56.788059 90.000000 90.000000 90.000000
3026 51.136158 55.606480 56.917053 90.000000 90.000000 90.000000
3027 51.203384 55.679585 56.991879 90.000000 90.000000 90.000000
3028 51.148781 55.620209 56.931107 90.000000 90.000000 90.000000
3029 51.280071 55.762978 57.077236 90.000000 90.000000 90.000000
3030 51.208576 55.685230 56.997658 90.000000 90.000000 90.000000
3031 51.171509 55.644920 56.956398 90.000000 90.000000 90.000000
3032 51.161957 55.634533 56.945766 90.000000 90.000000 90.000000
3033 51.201168 55.677174 56.989414 90.000000 90.000000 90.000000
3034 51.230625 55.709209 57.022202 90.000000 90.000000 90.000000
3035 51.212467 55.689461 57.001987 90.000000 90.000000 90.000000
3036 51.132858 55.602894 56.913380 90.000000 90.000000 90.000000
3037 51.331020 55.818378 57.133945 90.000000 90.000000 90.000000
3038 51.177670 55.651623 56.963261 90.000000 90.000000 90.000000
3039 51.070641 55.535236 56.844128 90.000000 90.000000 90.000000
3040 51.042175 55.504280 56.812443 90.000000 90.000000 90.000000
3041 51.121498 55.590538 56.900734 90.000000 90.000000 90.000000
3042 51.110416 55.578487 56.888401 90.000000 90.000000 90.000000
3043 51.272312 55.754539 57.068600 90.000000 90.000000 90.000000
3044 51.180637 55.654850 56.966560 90.000000 90.000000 90.000000
3045 51.264019 55.745522 57.059368 90.000000 90.000000 90.000000
3046 51.146980 55.618252 56.929100 90.000000 90.000000 90.000000
3047 51.198776 55.674576 56.986752 90.000000 90.000000 90.000000
3048 51.188644 55.663555 56.975471 90.000000 90.000000 90.000000
3049 51.171093 55.644470 56.955936 90.000000 90.000000 90.000000
3050 51.244068 55.723824 57.037163 90.000000 90.000000 90.000000
3051 51.262493 55.743858 57.057671 90.000000 90.000000 90.000000
3052 51.150070 55.621609 56.932537 90.000000 90.000000 90.000000
3053 51.142525 55.613407 56.924141 90.000000 90.000000 90.000000
3054 51.234306 55.713211 57.026299 90.000000 90.000000 90.000000
3055 51.234684 55.713623 57.026718 90.000000 90.000000 90.000000
3056 51.297050 55.781437 57.096134 90.000000 90.000000 90.000000
3057 51.142979 55.613899 56.924644 90.000000 90.000000 90.000000
3058 51.124699 55.594021 56.904297 90.000000 90.000000 90.000000
3059 51.132126 55.602097 56.912563 90.000000 90.000000 90.000000
3060 51.254082 55.734715 57.048309 90.000000 90.000000 90.000000
3061 51.285435 55.768810 57.083206 90.000000 90.000000 90.000000
3062 51.218433 55.695950 57.008633 90.000000 90.000000 90.000000
3063 51.207474 55.684032 56.996433 90.000000 90.000000 90.000000
3064 51.228123 55.706482 57.019413 90.000000 90.000000 90.000000
3065 51.237858 55.717072 57.030251 90.000000 90.000000 90.000000
3066 51.116711 55.585335 56.895405 90.000000 90.000000 90.000000
3067 51.112995 55.581291 56.891270 90.000000 90.000000 90.000000
3068 51.130352 55.600170 56.910591 90.000000 90.000000 90.000000
3069 51.283943 55.767185 57.081547 90.000000 90.000000 90.000000
3070 51.150158 55.621708 56.932636 90.000000 90.000000 90.000000
3071 51.218502 55.696022 57.008705 90.000000 90.000000 90.000000
3072 51.194130 55.669521 56.981579 90.000000 90.000000 90.000000
3073 51.165192 55.638054 56.949368 90.000000 90.000000 90.000000
3074 51.219143 55.696720 57.009418 90.000000 90.000000 90.000000
3075 51.166645 55.639633 56.950989 90.000000 90.000000 90.000000
3076 51.204147 55.680412 56.992729 90.000000 90.000000 90.000000
3077 51.366409 55.856865 57.173336 90.000000 90.000000 90.000000
3078 51.178959 55.653027 56.964695 90.000000 90.000000 90.000000
3079 51.187523 55.662338 56.974224 90.000000 90.000000 90.000000
3080 51.242519 55.722141 57.035439 90.000000 90.000000 90.000000
3081 51.190025 55.665058 56.977013 90.000000 90.000000 90.000000
3082 51.347164 55.835934 57.151913 90.000000 90.000000 90.000000
3083 51.202995 55.679161 56.991447 90.000000 90.000000 90.000000
3084 51.206661 55.683151 56.995529 90.000000 90.000000 90.000000
3085 51.100327 55.567520 56.877174 90.000000 90.000000 90.000000
3086 51.214634 55.691814 57.004398 90.000000 90.000000 90.000000
3087 51.171032 55.644402 56.955868 90.000000 90.000000 90.000000
3088 51.236889 55.716019 57.029175 90.000000 90.000000 90.000000
3089 51.211208 55.688091 57.000587 90.000000 90.000000 90.000000
3090 51.255177 55.735905 57.049530 90.000000 90.000000 90.000000
3091 51.156277 55.628357 56.939445 90.000000 90.000000 90.000000
3092 51.145775 55.616940 56.927757 90.000000 90.000000 90.000000
3093 51.111908 55.580109 56.890060 90.000000 90.000000 90.000000
3094 51.278618 55.761398 57.075619 90.000000 90.000000 90.000000
3095 51.272755 55.755020 57.069092 90.000000 90.000000 90.000000
3096 51.171959 55.645412 56.956902 90.000000 90.000000 90.000000
3097 51.159290 55.631634 56.942799 90.000000 90.000000 90.000000
3098 51.199787 55.675671 56.987877 90.000000 90.000000 90.000000
3099 51.219898 55.697540 57.010262 90.000000 90.000000 90.000000
3100 51.253189 55.733742 57.047314 90.000000 90.000000 90.000000
3101 51.114178 55.582577 56.892586 90.000000 90.000000 90.000000
3102 51.373672 55.864761 57.181419 90.000000 90.000000 90.000000
3103 51.186951 55.661716 56.973591 90.000000 90.000000 90.000000
3104 51.107105 55.574890 56.884720 90.000000 90.000000 90.000000
3105 51.118248 55.587006 56.897118 90.000000 90.000000 90.000000
3106 51.220329 55.698013 57.010742 90.000000 90.000000 90.000000
3107 51.243160 55.722839 57.036156 90.000000 90.000000 90.000000
3108 51.210861 55.687717 57.000202 90.000000 90.000000 90.000000
3109 51.313435 55.799255 57.114372 90.000000 90.000000 90.000000
3110 51.290043 55.773819 57.088337 90.000000 90.000000 90.000000
3111 51.154156 55.626053 56.937088 90.000000 90.000000 90.000000
3112 51.233803 55.712662 57.025738 90.000000 90.000000 90.000000
3113 51.032818 55.494106 56.802032 90.000000 90.000000 90.000000
3114 51.168827 55.642006 56.953415 90.000000 90.000000 90.000000
3115 51.164925 55.637764 56.949074 90.000000 90.000000 90.000000
3116 51.107956 55.575813 56.885662 90.000000 90.000000 90.000000
3117 51.139111 55.609695 56.920341 90.000000 90.000000 90.000000
3118 51.111103 55.579235 56.889168 90.000000 90.000000 90.000000
3119 51.169430 55.642662 56.954086 90.000000 90.000000 90.000000
3120 51.291203 55.775082 57.089626 90.000000 90.000000 90.000000
3121 51.148464 55.619862 56.930752 90.000000 90.000000 90.000000
3122 51.217278 55.694695 57.007343 90.000000 90.000000 90.000000
3123 51.325413 55.812279 57.127701 90.000000 90.000000 90.000000
3124 51.199627 55.675499 56.987698 90.000000 90.000000 90.000000
3125 51.205936 55.682362 56.994720 90.000000 90.000000 90.000000
3126 51.172752 55.646275 56.957787 90.000000 90.000000 90.000000
3127 51.113911 55.582291 56.892292 90.000000 90.000000 90.000000
3128 51.352085 55.841282 57.157391 90.000000 90.000000 90.000000
3129 51.199745 55.675629 56.987831 90.000000 90.000000 90.000000
3130 51.207165 55.683697 56.996086 90.000000 90.000000 90.000000
3131 51.243565 55.723278 57.036602 90.000000 90.000000 90.000000
3132 51.098782 55.565838 56.875454 90.000000 90.000000 90.000000
3133 51.249397 55.729622 57.043095 90.000000 90.000000 90.000000
3134 51.179897 55.654045 56.965736 90.000000 90.000000 90.000000
3135 51.126015 55.595451 56.905766 90.000000 90.000000 90.000000
3136 51.218319 55.695827 57.008503 90.000000 90.000000 90.000000
3137 51.205952 55.682377 56.994736 90.000000 90.000000 90.000000
3138 51.117275 55.585949 56.896038 90.000000 90.000000 90.000000
3139 51.183926 55.658428 56.970222 90.000000 90.000000 90.000000
3140 51.190380 55.665443 56.977406 90.000000 90.000000 90.000000
3141 51.126278 55.595741 56.906059 90.000000 90.000000 90.000000
3142 51.122528 55.591660 56.901882 90.000000 90.000000 90.000000
3143 51.115475 55.583992 56.894035 90.000000 90.000000 90.000000
3144 51.175243 55.648987 56.960560 90.000000 90.000000 90.000000
3145 51.139645 55.610271 56.920933 90.000000 90.000000 90.000000
3146 51.161594 55.634140 56.945366 90.000000 90.000000 90.000000
3147 51.214050 55.691181 57.003750 90.000000 90.000000 90.000000
3148 51.196884 55.672516 56.984642 90.000000 90.000000 90.000000
3149 51.009716 55.468987 56.776318 90.000000 90.000000 90.000000
3150 51.059196 55.522789 56.831390 90.000000 90.000000 90.000000
3151 51.212215 55.689186 57.001709 90.000000 90.000000 90.000000
3152 51.146351 55.617565 56.928398 90.000000 90.000000 90.000000
3153 51.180630 55.654839 56.966549 90.000000 90.000000 90.000000
3154 51.200142 55.676060 56.988274 90.000000 90.000000 90.000000
3155 51.229408 55.707882 57.020847 90.000000 90.000000 90.000000
3156 51.132999 55.603046 56.913540 90.000000 90.000000 90.000000
3157 51.181190 55.655449 56.967175 90.000000 90.000000 90.000000
3158 51.126045 55.595486 56.905800 90.000000 90.000000 90.000000
3159 51.140469 55.611172 56.921852 90.000000 90.000000 90.000000
3160 51.212017 55.688972 57.001488 90.000000 90.000000 90.000000
3161 51.180588 55.654793 56.966503 90.000000 90.000000 90.000000
3162 51.035419 55.496937 56.804928 90.000000 90.000000 90.000000
3163 51.161762 55.634323 56.945553 90.000000 90.000000 90.000000
3164 51.116203 55.584782 56.894844 90.000000 90.000000 90.000000
3165 51.077869 55.543095 56.852173 90.000000 90.000000 90.000000
3166 51.117031 55.585682 56.895763 90.000000 90.000000 90.000000
3167 51.140324 55.611012 56.921692 90.000000 90.000000 90.000000
3168 51.223362 55.701309 57.014118 90.000000 90.000000 90.000000
3169 51.164993 55.637836 56.949146 90.000000 90.000000 90.000000
3170 51.083244 55.548943 56.858158 90.000000 90.000000 90.000000
3171 51.216282 55.693607 57.006233 90.000000 90.000000 90.000000
3172 51.180050 55.654209 56.965908 90.000000 90.000000 90.000000
3173 51.217205 55.694614 57.007263 90.000000 90.000000 90.000000
3174 51.141987 55.612820 56.923542 90.000000 90.000000 90.000000
3175 51.143089 55.614017 56.924767 90.000000 90.000000 90.000000
3176 51.175781 55.649570 56.961159 90.000000 90.000000 90.000000
3177 51.269627 55.751617 57.065613 90.000000 90.000000 90.000000
3178 51.109596 55.577599 56.887489 90.000000 90.000000 90.000000
3179 51.158958 55.631275 56.942432 90.000000 90.000000 90.000000
3180 51.091064 55.557446 56.866863 90.000000 90.000000 90.000000
3181 51.165478 55.638363 56.949688 90.000000 90.000000 90.000000
3182 51.189911 55.664936 56.976883 90.000000 90.000000 90.000000
3183 51.126644 55.596134 56.906464 90.000000 90.000000 90.000000
3184 51.262688 55.744072 57.057888 90.000000 90.000000 90.000000
3185 51.299976 55.784618 57.099392 90.000000 90.000000 90.000000
3186 51.233223 55.712032 57.025093 90.000000 90.000000 90.000000
3187 51.156181 55.628254 56.939339 90.000000 90.000000 90.000000
3188 51.223610 55.701576 57.014389 90.000000 90.000000 90.000000
3189 51.107594 55.575420 56.885262 90.000000 90.000000 90.000000
3190 51.170586 55.643921 56.955376 90.000000 90.000000 90.000000
3191 51.153275 55.625095 56.936104 90.000000 90.000000 90.000000
3192 51.157879 55.630104 56.941231 90.000000 90.000000 90.000000
3193 51.148342 55.619728 56.930614 90.000000 90.000000 90.000000
3194 51.176952 55.650845 56.962460 90.000000 90.000000 90.000000
3195 51.251423 55.731823 57.045349 90.000000 90.000000 90.000000
3196 51.279079 55.761894 57.076130 90.000000 90.000000 90.000000
3197 51.209232 55.685944 56.998386 90.000000 90.000000 90.000000
3198 51.199005 55.674824 56.987003 90.000000 90.000000 90.000000
3199 51.109581 55.577579 56.887470 90.000000 90.000000 90.000000
3200 51.168118 55.641235 56.952629 90.000000 90.000000 90.000000
3201 51.130157 55.599957 56.910374 90.000000 90.000000 90.000000
3202 51.170658 55.643997 56.955452 90.000000 90.000000 90.000000
3203 51.113903 55.582279 56.892281 90.000000 90.000000 90.000000
3204 51.174683 55.648376 56.959934 90.000000 90.000000 90.000000
3205 51.339287 55.827366 57.143147 90.000000 90.000000 90.000000
3206 51.240452 55.719891 57.033138 90.000000 90.000000 90.000000
3207 51.356876 55.846497 57.162724 90.000000 90.000000 90.000000
3208 51.273659 55.756001 57.070099 90.000000 90.000000 90.000000
3209 51.192020 55.667229 56.979233 90.000000 90.000000 90.000000
3210 51.153561 55.625408 56.936424 90.000000 90.000000 90.000000
3211 51.173176 55.646732 56.958256 90.000000 90.000000 90.000000
3212 51.328503 55.815639 57.131142 90.000000 90.000000 90.000000
3213 51.136612 55.606976 56.917561 90.000000 90.000000 90.000000
3214 51.218819 55.696369 57.009060 90.000000 90.000000 90.000000
3215 51.119682 55.588566 56.898716 90.000000 90.000000 90.000000
3216 51.187870 55.662712 56.974609 90.000000 90.000000 90.000000
3217 51.057007 55.520409 56.828953 90.000000 90.000000 90.000000
3218 51.159985 55.632389 56.943573 90.000000 90.000000 90.000000
3219 51.047935 55.510548 56.818859 90.000000 90.000000 90.000000
3220 51.178452 55.652473 56.964130 90.000000 90.000000 90.000000
3221 51.176388 55.650230 56.961834 90.000000 90.000000 90.000000
3222 51.245419 55.725292 57.038666 90.000000 90.000000 90.000000
3223 51.155617 55.627640 56.938709 90.000000 90.000000 90.000000
3224 51.192162 55.667381 56.979389 90.000000 90.000000 90.000000
3225 51.252647 55.733154 57.046711 90.000000 90.000000 90.000000
3226 51.277367 55.760036 57.074226 90.000000 90.000000 90.000000
3227 51.126221 55.595676 56.905994 90.000000 90.000000 90.000000
3228 51.191536 55.666702 56.978695 90.000000 90.000000 90.000000
3229 51.278206 55.760948 57.075157 90.000000 90.000000 90.000000
3230 51.105251 55.572872 56.882652 90.000000 90.000000 90.000000
3231 51.303776 55.788754 57.103622 90.000000 90.000000 90.000000
3232 51.097546 55.564495 56.874077 90.000000 90.000000 90.000000
3233 51.217201 55.694607 57.007259 90.000000 90.000000 90.000000
3234 51.141125 55.611881 56.922581 90.000000 90.000000 90.000000
3235 51.143551 55.614521 56.925282 90.000000 90.000000 90.000000
3236 51.148354 55.619743 56.930626 90.000000 90.000000 90.000000
3237 51.190029 55.665062 56.977013 90.000000 90.000000 90.000000
3238 51.133694 55.603798 56.914310 90.000000 90.000000 90.000000
3239 51.126945 55.596462 56.906799 90.000000 90.000000 90.000000
3240 51.181419 55.655701 56.967430 90.000000 90.000000 90.000000
3241 51.197258 55.672920 56.985058 90.000000 90.000000 90.000000
3242 51.288208 55.771824 57.086292 90.000000 90.000000 90.000000
3243 51.175030 55.648750 56.960320 90.000000 90.000000 90.000000
3244 51.150597 55.622181 56.933125 90.000000 90.000000 90.000000
3245 51.289516 55.773247 57.087749 90.000000 90.000000 90.000000
3246 51.272171 55.754383 57.068443 90.000000 90.000000 90.000000
3247 51.175236 55.648975 56.960552 90.000000 90.000000 90.000000
3248 51.181267 55.655537 56.967262 90.000000 90.000000 90.000000
3249 51.234879 55.713833 57.026936 90.000000 90.000000 90.000000
3250 51.143738 55.614723 56.925491 90.000000 90.000000 90.000000
3251 51.238819 55.718117 57.031319 90.000000 90.000000 90.000000
3252 51.238121 55.717358 57.030544 90.000000 90.000000 90.000000
3253 51.276653 55.759258 57.073429 90.000000 90.000000 90.000000
3254 51.119606 55.588482 56.898628 90.000000 90.000000 90.000000
3255 51.197880 55.673599 56.985752 90.000000 90.000000 90.000000
3256 51.156204 55.628281 56.939365 90.000000 90.000000 90.000000
3257 51.164822 55.637650 56.948959 90.000000 90.000000 90.000000
3258 51.191414 55.666569 56.978558 90.000000 90.000000 90.000000
3259 51.241913 55.721481 57.034767 90.000000 90.000000 90.000000
3260 51.090961 55.557335 56.866749 90.000000 90.000000 90.000000
3261 51.094379 55.561050 56.870552 90.000000 90.000000 90.000000
3262 51.165001 55.637844 56.949154 90.000000 90.000000 90.000000
3263 51.305576 55.790710 57.105621 90.000000 90.000000 90.000000
3264 51.241932 55.721504 57.034786 90.000000 90.000000 90.000000
3265 51.237324 55.716492 57.029655 90.000000 90.000000 90.000000
3266 51.322346 55.808945 57.124287 90.000000 90.000000 90.000000
3267 51.270725 55.752811 57.066833 90.000000 90.000000 90.000000
3268 51.189041 55.663986 56.975914 90.000000 90.000000 90.000000
3269 51.205544 55.681934 56.994282 90.000000 90.000000 90.000000
3270 51.145802 55.616970 56.927788 90.000000 90.000000 90.000000
3271 51.131451 55.601360 56.911812 90.000000 90.000000 90.000000
3272 51.114937 55.583405 56.893433 90.000000 90.000000 90.000000
3273 51.152569 55.624325 56.935318 90.000000 90.000000 90.000000
3274 51.167469 55.640530 56.951904 90.000000 90.000000 90.000000
3275 51.230568 55.709145 57.022137 90.000000 90.000000 90.000000
3276 51.289856 55.773617 57.088127 90.000000 90.000000 90.000000
3277 51.217327 55.694744 57.007397 90.000000 90.000000 90.000000
3278 51.262131 55.743465 57.057266 90.000000 90.000000 90.000000
3279 51.126862 55.596371 56.906704 90.000000 90.000000 90.000000
3280 51.180634 55.654846 56.966560 90.000000 90.000000 90.000000
3281 51.206429 55.682892 56.995266 90.000000 90.000000 90.000000
3282 51.243877 55.723618 57.036949 90.000000 90.000000 90.000000
3283 51.252769 55.733288 57.046848 90.000000 90.000000 90.000000
3284 51.192089 55.667301 56.979305 90.000000 90.000000 90.000000
3285 51.220932 55.698669 57.011414 90.000000 90.000000 90.000000
3286 51.046154 55.508610 56.816875 90.000000 90.000000 90.000000
3287 51.134789 55.604992 56.915531 90.000000 90.000000 90.000000
3288 51.267757 55.749584 57.063530 90.000000 90.000000 90.000000
3289 51.256092 55.736900 57.050545 90.000000 90.000000 90.000000
3290 51.163918 55.636669 56.947952 90.000000 90.000000 90.000000
3291 51.329536 55.816765 57.132294 90.000000 90.000000 90.000000
3292 51.146194 55.617393 56.928223 90.000000 90.000000 90.000000
3293 51.195137 55.670616 56.982700 90.000000 90.000000 90.000000
3294 51.196568 55.672173 56.984291 90.000000 90.000000 90.000000
3295 51.196262 55.671841 56.983952 90.000000 90.000000 90.000000
3296 51.203568 55.679783 56.992085 90.000000 90.000000 90.000000
3297 51.157425 55.629608 56.940723 90.000000 90.000000 90.000000
3298 51.168571 55.641731 56.953133 90.000000 90.000000 90.000000
3299 51.161060 55.633560 56.944771 90.000000 90.000000 90.000000
3300 51.116058 55.584625 56.894684 90.000000 90.000000 90.000000
3301 51.234032 55.712910 57.025990 90.000000 90.000000 90.000000
3302 51.237621 55.716816 57.029987 90.000000 90.000000 90.000000
3303 51.127094 55.596626 56.906963 90.000000 90.000000 90.000000
3304 51.145386 55.616516 56.927326 90.000000 90.000000 90.000000
3305 51.240837 55.720310 57.033566 90.000000 90.000000 90.000000
3306 51.220490 55.698185 57.010918 90.000000 90.000000 90.000000
3307 51.066593 55.530838 56.839626 90.000000 90.000000 90.000000
3308 51.146790 55.618042 56.928886 90.000000 90.000000 90.000000
3309 51.171230 55.644619 56.956089 90.000000 90.000000 90.000000
3310 51.147980 55.619335 56.930210 90.000000 90.000000 90.000000
3311 51.169685 55.642937 56.954369 90.000000 90.000000 90.000000
3312 51.184952 55.659542 56.971363 90.000000 90.000000 90.000000
3313 51.177212 55.651123 56.962746 90.000000 90.000000 90.000000
3314 51.287693 55.771263 57.085720 90.000000 90.000000 90.000000
3315 51.241680 55.721230 57.034504 90.000000 90.000000 90.000000
3316 51.168446 55.641590 56.952991 90.000000 90.000000 90.000000
3317 51.152111 55.623829 56.934811 90.000000 90.000000 90.000000
3318 51.231701 55.710377 57.023396 90.000000 90.000000 90.000000
3319 51.230820 55.709419 57.022419 90.000000 90.000000 90.000000
3320 51.150478 55.622051 56.932991 90.000000 90.000000 90.000000
3321 51.208809 55.685486 56.997917 90.000000 90.000000 90.000000
3322 51.256920 55.737797 57.051464 90.000000 90.000000 90.000000
3323 51.169022 55.642216 56.953632 90.000000 90.000000 90.000000
3324 51.100182 55.567360 56.877010 90.000000 90.000000 90.000000
3325 51.159569 55.631939 56.943108 90.000000 90.000000 90.000000
3326 51.328743 55.815899 57.131409 90.000000 90.000000 90.000000
3327 51.190620 55.665707 56.977673 90.000000 90.000000 90.000000
3328 51.211311 55.688206 57.000702 90.000000 90.000000 90.000000
3329 51.222954 55.700867 57.013664 90.000000 90.000000 90.000000
3330 51.191563 55.666729 56.978722 90.000000 90.000000 90.000000
3331 51.209061 55.685757 56.998196 90.000000 90.000000 90.000000
3332 51.262535 55.743904 57.057716 90.000000 90.000000 90.000000
3333 51.227615 55.705933 57.018848 90.000000 90.000000 90.000000
3334 51.139736 55.610371 56.921036 90.000000 90.000000 90.000000
3335 51.193218 55.668530 56.980564 90.000000 90.000000 90.000000
3336 51.184540 55.659092 56.970905 90.000000 90.000000 90.000000
3337 51.080551 55.546017 56.855164 90.000000 90.000000 90.000000
3338 51.192688 55.667953 56.979973 90.000000 90.000000 90.000000
3339 51.149799 55.621315 56.932236 90.000000 90.000000 90.000000
3340 51.126682 55.596176 56.906506 90.000000 90.000000 90.000000
3341 51.170475 55.643795 56.955250 90.000000 90.000000 90.000000
3342 51.182877 55.657288 56.969055 90.000000 90.000000 90.000000
3343 51.268028 55.749882 57.063831 90.000000 90.000000 90.000000
3344 51.307594 55.792904 57.107872 90.000000 90.000000 90.000000
3345 51.154312 55.626225 56.937263 90.000000 90.000000 90.000000
3346 51.294540 55.778709 57.093342 90.000000 90.000000 90.000000
3347 51.208687 55.685349 56.997780 90.000000 90.000000 90.000000
3348 51.142002 55.612835 56.923557 90.000000 90.000000 90.000000
3349 51.268330 55.750206 57.064167 90.000000 90.000000 90.000000
3350 51.168549 55.641705 56.953106 90.000000 90.000000 90.000000
3351 51.224361 55.702396 57.015228 90.000000 90.000000 90.000000
3352 51.172302 55.645786 56.957283 90.000000 90.000000 90.000000
3353 51.126553 55.596039 56.906364 90.000000 90.000000 90.000000
3354 51.171082 55.644455 56.955925 90.000000 90.000000 90.000000
3355 51.091526 55.557949 56.867378 90.000000 90.000000 90.000000
3356 51.217194 55.694599 57.007248 90.000000 90.000000 90.000000
3357 51.164009 55.636765 56.948051 90.000000 90.000000 90.000000
3358 51.155647 55.627678 56.938747 90.000000 90.000000 90.000000
3359 51.237732 55.716938 57.030113 90.000000 90.000000 90.000000
3360 51.097961 55.564945 56.874538 90.000000 90.000000 90.000000
3361 51.136883 55.607273 56.917862 90.000000 90.000000 90.000000
3362 51.142479 55.613354 56.924088 90.000000 90.000000 90.000000
3363 51.194801 55.670250 56.982327 90.000000 90.000000 90.000000
3364 51.133701 55.603809 56.914318 90.000000 90.000000 90.000000
3365 51.254253 55.734898 57.048496 90.000000 90.000000 90.000000
3366 51.080082 55.545506 56.854641 90.000000 90.000000 90.000000
3367 51.282326 55.765427 57.079746 90.000000 90.000000 90.000000
3368 51.170307 55.643616 56.955067 90.000000 90.000000 90.000000
3369 51.215096 55.692318 57.004913 90.000000 90.000000 90.000000
3370 51.076088 55.541161 56.850193 90.000000 90.000000 90.000000
3371 51.115795 55.584339 56.894386 90.000000 90.000000 90.000000
3372 51.234905 55.713863 57.026966 90.000000 90.000000 90.000000
3373 51.273853 55.756214 57.070316 90.000000 90.000000 90.000000
3374 51.130653 55.600494 56.910927 90.000000 90.000000 90.000000
3375 51.183468 55.657928 56.969711 90.000000 90.000000 90.000000
3376 51.137085 55.607491 56.918087 90.000000 90.000000 90.000000
3377 51.272602 55.754856 57.068924 90.000000 90.000000 90.000000
3378 51.176147 55.649967 56.961563 90.000000 90.000000 90.000000
3379 51.141071 55.611824 56.922523 90.000000 90.000000 90.000000
3380 51.279049 55.761864 57.076099 90.000000 90.000000 90.000000
3381 51.228264 55.706642 57.019573 90.000000 90.000000 90.000000
3382 51.206131 55.682571 56.994938 90.000000 90.000000 90.000000
3383 51.300293 55.784966 57.099747 90.000000 90.000000 90.000000
3384 51.243061 55.722729 57.036041 90.000000 90.000000 90.000000
3385 51.206074 55.682507 56.994873 90.000000 90.000000 90.000000
3386 51.117565 55.586262 56.896358 90.000000 90.000000 90.000000
3387 51.244991 55.724827 57.038189 90.000000 90.000000 90.000000
3388 51.139229 55.609818 56.920471 90.000000 90.000000 90.000000
3389 51.060715 55.524441 56.833080 90.000000 90.000000 90.000000
3390 51.085018 55.550873 56.860134 90.000000 90.000000 90.000000
3391 51.121582 55.590630 56.900829 90.000000 90.000000 90.000000
3392 51.116989 55.585636 56.895718 90.000000 90.000000 90.000000
3393 51.129307 55.599033 56.909428 90.000000 90.000000 90.000000
3394 51.152565 55.624321 56.935314 90.000000 90.000000 90.000000
3395 51.150681 55.622272 56.933216 90.000000 90.000000 90.000000
3396 51.065201 55.529324 56.838078 90.000000 90.000000 90.000000
3397 51.205402 55.681782 56.994125 90.000000 90.000000 90.000000
3398 51.184509 55.659058 56.970871 90.000000 90.000000 90.000000
3399 51.121071 55.590076 56.900261 90.000000 90.000000 90.000000
3400 51.111046 55.579174 56.889103 90.000000 90.000000 90.000000
3401 51.258453 55.739468 57.053173 90.000000 90.000000 90.000000
3402 51.065811 55.529987 56.838757 90.000000 90.000000 90.000000
3403 51.131802 55.601746 56.912205 90.000000 90.000000 90.000000
3404 51.150246 55.621799 56.932732 90.000000 90.000000 90.000000
3405 51.173931 55.647556 56.959095 90.000000 90.000000 90.000000
3406 51.225651 55.703800 57.016666 90.000000 90.000000 90.000000
3407 51.087467 55.553535 56.862858 90.000000 90.000000 90.000000
3408 51.240883 55.720360 57.033619 90.000000 90.000000 90.000000
3409 51.165798 55.638714 56.950047 90.000000 90.000000 90.000000
3410 51.133556 55.603653 56.914158 90.000000 90.000000 90.000000
3411 51.110920 55.579037 56.888962 90.000000 90.000000 90.000000
3412 51.311916 55.797604 57.112679 90.000000 90.000000 90.000000
3413 51.265274 55.746883 57.060764 90.000000 90.000000 90.000000
3414 51.068539 55.532951 56.841793 90.000000 90.000000 90.000000
3415 51.254559 55.735233 57.048840 90.000000 90.000000 90.000000
3416 51.184845 55.659424 56.971245 90.000000 90.000000 90.000000
3417 51.274521 55.756939 57.071060 90.000000 90.000000 90.000000
3418 51.107983 55.575840 56.885693 90.000000 90.000000 90.000000
3419 51.187492 55.662304 56.974194 90.000000 90.000000 90.000000
3420 51.056915 55.520313 56.828854 90.000000 90.000000 90.000000
3421 51.134769 55.604973 56.915508 90.000000 90.000000 90.000000
3422 51.328030 55.815128 57.130615 90.000000 90.000000 90.000000
3423 51.213993 55.691120 57.003685 90.000000 90.000000 90.000000
3424 51.237804 55.717014 57.030193 90.000000 90.000000 90.000000
3425 51.197262 55.672928 56.985065 90.000000 90.000000 90.000000
3426 51.158497 55.630772 56.941917 90.000000 90.000000 90.000000
3427 51.159790 55.632179 56.943359 90.000000 90.000000 90.000000
3428 51.312290 55.798012 57.113098 90.000000 90.000000 90.000000
3429 51.124580 55.593891 56.904167 90.000000 90.000000 90.000000
3430 51.242313 55.721916 57.035210 90.000000 90.000000 90.000000
3431 51.262321 55.743675 57.057480 90.000000 90.000000 90.000000
3432 51.192543 55.667797 56.979813 90.000000 90.000000 90.000000
3433 51.070873 55.535492 56.844391 90.000000 90.000000 90.000000
3434 51.171776 55.645214 56.956699 90.000000 90.000000 90.000000
3435 51.144173 55.615196 56.925976 90.000000 90.000000 90.000000
3436 51.181232 55.655499 56.967224 90.000000 90.000000 90.000000
3437 51.262028 55.743355 57.057152 90.000000 90.000000 90.000000
3438 51.108646 55.576565 56.886433 90.000000 90.000000 90.000000
3439 51.172638 55.646149 56.957657 90.000000 90.000000 90.000000
3440 51.112518 55.580772 56.890739 90.000000 90.000000 90.000000
3441 51.149979 55.621513 56.932438 90.000000 90.000000 90.000000
3442 51.158882 55.631191 56.942348 90.000000 90.000000 90.000000
3443 51.233963 55.712837 57.025913 90.000000 90.000000 90.000000
3444 51.253853 55.734463 57.048050 90.000000 90.000000 90.000000
3445 51.098000 55.564987 56.874580 90.000000 90.000000 90.000000
3446 51.171432 55.644836 56.956314 90.000000 90.000000 90.000000
3447 51.210552 55.687382 56.999859 90.000000 90.000000 90.000000
3448 51.164776 55.637600 56.948906 90.000000 90.000000 90.000000
3449 51.324345 55.811119 57.126514 90.000000 90.000000 90.000000
3450 51.255066 55.735783 57.049400 90.000000 90.000000 90.000000
3451 51.280094 55.763000 57.077263 90.000000 90.000000 90.000000
3452 51.194046 55.669430 56.981487 90.000000 90.000000 90.000000
3453 51.185413 55.660042 56.971874 90.000000 90.000000 90.000000
3454 51.162842 55.635498 56.946754 90.000000 90.000000 90.000000
3455 51.168056 55.641171 56.952560 90.000000 90.000000 90.000000
3456 51.241337 55.720856 57.034122 90.000000 90.000000 90.000000
3457 51.207317 55.683861 56.996258 90.000000 90.000000 90.000000
3458 51.128105 55.597725 56.908089 90.000000 90.000000 90.000000
3459 51.148819 55.620247 56.931145 90.000000 90.000000 90.000000
3460 51.245480 55.725357 57.038731 90.000000 90.000000 90.000000
3461 51.218391 55.695904 57.008583 90.000000 90.000000 90.000000
3462 51.143604 55.614582 56.925343 90.000000 90.000000 90.000000
3463 51.060585 55.524303 56.832935 90.000000 90.000000 90.000000
3464 51.259331 55.740421 57.054150 90.000000 90.000000 90.000000
3465 51.148441 55.619839 56.930729 90.000000 90.000000 90.000000
3466 51.181263 55.655529 56.967258 90.000000 90.000000 90.000000
3467 51.200169 55.676086 56.988300 90.000000 90.000000 90.000000
3468 51.194401 55.669815 56.981880 90.000000 90.000000 90.000000
3469 51.259861 55.741001 57.054741 90.000000 90.000000 90.000000
3470 51.224182 55.702202 57.015030 90.000000 90.000000 90.000000
3471 51.232059 55.710766 57.023796 90.000000 90.000000 90.000000
3472 51.170383 55.643696 56.955147 90.000000 90.000000 90.000000
3473 51.216370 55.693707 57.006332 90.000000 90.000000 90.000000
3474 51.069225 55.533699 56.842556 90.000000 90.000000 90.000000
3475 51.262329 55.743683 57.057487 90.000000 90.000000 90.000000
3476 51.143147 55.614082 56.924831 90.000000 90.000000 90.000000
3477 51.209530 55.686264 56.998718 90.000000 90.000000 90.000000
3478 51.165558 55.638451 56.949780 90.000000 90.000000 90.000000
3479 51.192055 55.667263 56.979267 90.000000 90.000000 90.000000
3480 51.088516 55.554672 56.864025 90.000000 90.000000 90.000000
3481 51.219803 55.697441 57.010155 90.000000 90.000000 90.000000
3482 51.211372 55.688271 57.000771 90.000000 90.000000 90.000000
3483 51.195713 55.671242 56.983341 90.000000 90.000000 90.000000
3484 51.201176 55.677181 56.989422 90.000000 90.000000 90.000000
3485 51.159443 55.631802 56.942970 90.000000 90.000000 90.000000
3486 51.132965 55.603008 56.913502 90.000000 90.000000 90.000000
3487 51.258781 55.739822 57.053539 90.000000 90.000000 90.000000
3488 51.239132 55.718456 57.031670 90.000000 90.000000 90.000000
3489 51.252247 55.732719 57.046265 90.000000 90.000000 90.000000
3490 51.156540 55.628643 56.939739 90.000000 90.000000 90.000000
3491 51.130016 55.599804 56.910217 90.000000 90.000000 90.000000
3492 51.252647 55.733154 57.046715 90.000000 90.000000 90.000000
3493 51.236954 55.716087 57.029243 90.000000 90.000000 90.000000
3494 51.100704 55.567928 56.877590 90.000000 90.000000 90.000000
3495 51.167374 55.640427 56.951797 90.000000 90.000000 90.000000
3496 51.208660 55.685322 56.997753 90.000000 90.000000 90.000000
3497 51.289261 55.772968 57.087463 90.000000 90.000000 90.000000
3498 51.214432 55.691597 57.004173 90.000000 90.000000 90.000000
3499 51.228298 55.706676 57.019611 90.000000 90.000000 90.000000
3500 51.108696 55.576618 56.886486 90.000000 90.000000 90.000000
3501 51.173618 55.647217 56.958748 90.000000 90.000000 90.000000
3502 51.137161 55.607571 56.918171 90.000000 90.000000 90.000000
3503 51.161873 55.634445 56.945679 90.000000 90.000000 90.000000
3504 51.228119 55.706482 57.019409 90.000000 90.000000 90.000000
3505 51.143265 55.614208 56.924961 90.000000 90.000000 90.000000
3506 51.198807 55.674606 56.986782 90.000000 90.000000 90.000000
3507 51.094437 55.561111 56.870613 90.000000 90.000000 90.000000
3508 51.187141 55.661922 56.973801 90.000000 90.000000 90.000000
3509 51.272896 55.755173 57.069248 90.000000 90.000000 90.000000
3510 51.114704 55.583153 56.893173 90.000000 90.000000 90.000000
3511 51.363720 55.853939 57.170341 90.000000 90.000000 90.000000
3512 51.202808 55.678959 56.991238 90.000000 90.000000 90.000000
3513 51.278690 55.761471 57.075699 90.000000 90.000000 90.000000
3514 51.199982 55.675884 56.988094 90.000000 90.000000 90.000000
3515 51.206078 55.682514 56.994877 90.000000 90.000000 90.000000
3516 51.249249 55.729458 57.042931 90.000000 90.000000 90.000000
3517 51.326733 55.813717 57.129173 90.000000 90.000000 90.000000
3518 51.143700 55.614681 56.925446 90.000000 90.000000 90.000000
3519 51.195217 55.670704 56.982792 90.000000 90.000000 90.000000
3520 51.141979 55.612812 56.923531 90.000000 90.000000 90.000000
3521 51.193573 55.668915 56.980957 90.000000 90.000000 90.000000
3522 51.228828 55.707253 57.020199 90.000000 90.000000 90.000000
3523 51.129902 55.599678 56.910088 90.000000 90.000000 90.000000
3524 51.228264 55.706642 57.019573 90.000000 90.000000 90.000000
3525 51.207649 55.684219 56.996624 90.000000 90.000000 90.000000
3526 51.242893 55.722549 57.035858 90.000000 90.000000 90.000000
3527 51.126846 55.596355 56.906689 90.000000 90.000000 90.000000
3528 51.195412 55.670914 56.983006 90.000000 90.000000 90.000000
3529 51.203510 55.679718 56.992020 90.000000 90.000000 90.000000
3530 51.157764 55.629978 56.941101 90.000000 90.000000 90.000000
3531 51.213547 55.690636 57.003193 90.000000 90.000000 90.000000
3532 51.203903 55.680149 56.992458 90.000000 90.000000 90.000000
3533 51.295940 55.780231 57.094898 90.000000 90.000000 90.000000
3534 51.083954 55.549713 56.858948 90.000000 90.000000 90.000000
3535 51.201817 55.677879 56.990135 90.000000 90.000000 90.000000
3536 51.040806 55.502796 56.810925 90.000000 90.000000 90.000000
3537 51.292130 55.776089 57.090656 90.000000 90.000000 90.000000
3538 51.125355 55.594734 56.905029 90.000000 90.000000 90.000000
3539 51.228725 55.707142 57.020088 90.000000 90.000000 90.000000
3540 51.260479 55.741669 57.055428 90.000000 90.000000 90.000000
3541 51.169830 55.643097 56.954533 90.000000 90.000000 90.000000
3542 51.304585 55.789631 57.104523 90.000000 90.000000 90.000000
3543 51.176140 55.649956 56.961555 90.000000 90.000000 90.000000
3544 51.235493 55.714500 57.027615 90.000000 90.000000 90.000000
3545 51.201950 55.678028 56.990284 90.000000 90.000000 90.000000
3546 51.153164 55.624973 56.935982 90.000000 90.000000 90.000000
3547 51.153622 55.625473 56.936489 90.000000 90.000000 90.000000
3548 51.143944 55.614948 56.925720 90.000000 90.000000 90.000000
3549 51.211231 55.688118 57.000614 90.000000 90.000000 90.000000
3550 51.247044 55.727058 57.040474 90.000000 90.000000 90.000000
3551 51.263435 55.744884 57.058720 90.000000 90.000000 90.000000
3552 51.299549 55.784157 57.098915 90.000000 90.000000 90.000000
3553 51.254658 55.735340 57.048950 90.000000 90.000000 90.000000
3554 51.163906 55.636654 56.947937 90.000000 90.000000 90.000000
3555 51.148220 55.619598 56.930481 90.000000 90.000000 90.000000
3556 51.275394 55.757893 57.072033 90.000000 90.000000 90.000000
3557 51.132107 55.602077 56.912544 90.000000 90.000000 90.000000
3558 51.217068 55.694466 57.007111 90.000000 90.000000 90.000000
3559 51.211132 55.688011 57.000504 90.000000 90.000000 90.000000
3560 51.158630 55.630917 56.942066 90.000000 90.000000 90.000000
3561 51.318382 55.804634 57.119877 90.000000 90.000000 90.000000
3562 51.132175 55.602150 56.912621 90.000000 90.000000 90.000000
3563 51.225498 55.703632 57.016495 90.000000 90.000000 90.000000
3564 51.243401 55.723099 57.036419 90.000000 90.000000 90.000000
3565 51.121620 55.590672 56.900871 90.000000 90.000000 90.000000
3566 51.159740 55.632126 56.943302 90.000000 90.000000 90.000000
3567 51.175144 55.648876 56.960449 90.000000 90.000000 90.000000
3568 51.099426 55.566540 56.876171 90.000000 90.000000 90.000000
3569 51.237549 55.716736 57.029907 90.000000 90.000000 90.000000
3570 51.167652 55.640728 56.952106 90.000000 90.000000 90.000000
3571 51.181793 55.656105 56.967846 90.000000 90.000000 90.000000
3572 51.260418 55.741604 57.055363 90.000000 90.000000 90.000000
3573 51.271393 55.753536 57.067574 90.000000 90.000000 90.000000
3574 51.229404 55.707882 57.020844 90.000000 90.000000 90.000000
3575 51.206482 55.682953 56.995327 90.000000 90.000000 90.000000
3576 51.156567 55.628677 56.939770 90.000000 90.000000 90.000000
3577 51.196392 55.671978 56.984097 90.000000 90.000000 90.000000
3578 51.306770 55.792007 57.106953 90.000000 90.000000 90.000000
3579 51.213779 55.690887 57.003452 90.000000 90.000000 90.000000
3580 51.162685 55.635326 56.946579 90.000000 90.000000 90.000000
3581 51.250652 55.730984 57.044491 90.000000 90.000000 90.000000
3582 51.087799 55.553894 56.863228 90.000000 90.000000 90.000000
3583 51.215771 55.693054 57.005669 90.000000 90.000000 90.000000
3584 51.086788 55.552795 56.862103 90.000000 90.000000 90.000000
3585 51.212708 55.689724 57.002254 90.000000 90.000000 90.000000
3586 51.169468 55.642704 56.954128 90.000000 90.000000 90.000000
3587 51.227894 55.706238 57.019161 90.000000 90.000000 90.000000
3588 51.050106 55.512909 56.821274 90.000000 90.000000 90.000000
3589 51.191639 55.666809 56.978806 90.000000 90.000000 90.000000
3590 51.259182 55.740257 57.053986 90.000000 90.000000 90.000000
3591 51.251701 55.732124 57.045658 90.000000 90.000000 90.000000
3592 51.343891 55.832375 57.148273 90.000000 90.000000 90.000000
3593 51.221313 55.699081 57.011837 90.000000 90.000000 90.000000
3594 51.197453 55.673134 56.985275 90.000000 90.000000 90.000000
3595 51.114639 55.583080 56.893101 90.000000 90.000000 90.000000
3596 51.209263 55.685978 56.998421 90.000000 90.000000 90.000000
3597 51.200214 55.676136 56.988350 90.000000 90.000000 90.000000
3598 51.220322 55.698006 57.010735 90.000000 90.000000 90.000000
3599 51.196495 55.672092 56.984211 90.000000 90.000000 90.000000
3600 51.222569 55.700447 57.013233 90.000000 90.000000 90.000000
3601 51.292004 55.775951 57.090519 90.000000 90.000000 90.000000
3602 51.100704 55.567928 56.877594 90.000000 90.000000 90.000000
3603 51.177494 55.651428 56.963062 90.000000 90.000000 90.000000
3604 51.136471 55.606823 56.917400 90.000000 90.000000 90.000000
3605 51.167686 55.640766 56.952148 90.000000 90.000000 90.000000
3606 51.179405 55.653511 56.965191 90.000000 90.000000 90.000000
3607 51.107941 55.575794 56.885643 90.000000 90.000000 90.000000
3608 51.145252 55.616371 56.927177 90.000000 90.000000 90.000000
3609 51.186901 55.661659 56.973534 90.000000 90.000000 90.000000
3610 51.234325 55.713230 57.026318 90.000000 90.000000 90.000000
3611 51.153770 55.625633 56.936657 90.000000 90.000000 90.000000
3612 51.308865 55.794285 57.109283 90.000000 90.000000 90.000000
3613 51.074139 55.539040 56.848022 90.000000 90.000000 90.000000
3614 51.111805 55.580002 56.889950 90.000000 90.000000 90.000000
3615 51.124710 55.594032 56.904312 90.000000 90.000000 90.000000
3616 51.183659 55.658134 56.969925 90.000000 90.000000 90.000000
3617 51.195255 55.670742 56.982830 90.000000 90.000000 90.000000
3618 51.284637 55.767941 57.082317 90.000000 90.000000 90.000000
3619 51.117744 55.586456 56.896557 90.000000 90.000000 90.000000
3620 51.249287 55.729500 57.042973 90.000000 90.000000 90.000000
3621 51.345798 55.834450 57.150394 90.000000 90.000000 90.000000
3622 51.141384 55.612164 56.922871 90.000000 90.000000 90.000000
3623 51.086800 55.552807 56.862114 90.000000 90.000000 90.000000
3624 51.219700 55.697323 57.010036 90.000000 90.000000 90.000000
3625 51.258007 55.738983 57.052677 90.000000 90.000000 90.000000
3626 51.192616 55.667873 56.979893 90.000000 90.000000 90.000000
3627 51.208996 55.685688 56.998123 90.000000 90.000000 90.000000
3628 51.249729 55.729980 57.043465 90.000000 90.000000 90.000000
3629 51.318909 55.805210 57.120464 90.000000 90.000000 90.000000
3630 51.165260 55.638126 56.949444 90.000000 90.000000 90.000000
3631 51.211674 55.688599 57.001106 90.000000 90.000000 90.000000
3632 51.282444 55.765556 57.079880 90.000000 90.000000 90.000000
3633 51.166164 55.639111 56.950451 90.000000 90.000000 90.000000
3634 51.105949 55.573631 56.883430 90.000000 90.000000 90.000000
3635 51.068916 55.533363 56.842213 90.000000 90.000000 90.000000
3636 51.076107 55.541183 56.850216 90.000000 90.000000 90.000000
3637 51.205666 55.682064 56.994419 90.000000 90.000000 90.000000
3638 51.103256 55.570702 56.880432 90.000000 90.000000 90.000000
3639 51.063137 55.527077 56.835777 90.000000 90.000000 90.000000
3640 51.098076 55.565067 56.874664 90.000000 90.000000 90.000000
3641 51.237652 55.716846 57.030018 90.000000 90.000000 90.000000
3642 51.139397 55.610004 56.920658 90.000000 90.000000 90.000000
3643 51.250721 55.731056 57.044567 90.000000 90.000000 90.000000
3644 51.082817 55.548477 56.857681 90.000000 90.000000 90.000000
3645 51.284515 55.767807 57.082180 90.000000 90.000000 90.000000
3646 51.124775 55.594101 56.904381 90.000000 90.000000 90.000000
3647 51.241825 55.721382 57.034664 90.000000 90.000000 90.000000
3648 51.221466 55.699245 57.012005 90.000000 90.000000 90.000000
3649 51.113434 55.581768 56.891758 90.000000 90.000000 90.000000
3650 51.191151 55.666283 56.978264 90.000000 90.000000 90.000000
3651 51.181938 55.656265 56.968010 90.000000 90.000000 90.000000
3652 51.235008 55.713974 57.027077 90.000000 90.000000 90.000000
3653 51.202419 55.678535 56.990807 90.000000 90.000000 90.000000
3654 51.177761 55.651722 56.963360 90.000000 90.000000 90.000000
3655 51.164597 55.637405 56.948708 90.000000 90.000000 90.000000
3656 51.122826 55.591984 56.902214 90.000000 90.000000 90.000000
3657 51.224060 55.702068 57.014893 90.000000 90.000000 90.000000
3658 51.167656 55.640732 56.952110 90.000000 90.000000 90.000000
3659 51.238602 55.717880 57.031078 90.000000 90.000000 90.000000
3660 51.307541 55.792847 57.107811 90.000000 90.000000 90.000000
3661 51.191120 55.666248 56.978230 90.000000 90.000000 90.000000
3662 51.157558 55.629753 56.940876 90.000000 90.000000 90.000000
3663 51.123264 55.592461 56.902702 90.000000 90.000000 90.000000
3664 51.214825 55.692024 57.004612 90.000000 90.000000 90.000000
3665 51.309448 55.794922 57.109932 90.000000 90.000000 90.000000
3666 51.275711 55.758232 57.072384 90.000000 90.000000 90.000000
3667 51.209938 55.686710 56.999176 90.000000 90.000000 90.000000
3668 51.254490 55.735157 57.048759 90.000000 90.000000 90.000000
3669 51.162216 55.634819 56.946060 90.000000 90.000000 90.000000
3670 51.218475 55.695995 57.008675 90.000000 90.000000 90.000000
3671 51.141171 55.611931 56.922634 90.000000 90.000000 90.000000
3672 51.242527 55.722149 57.035446 90.000000 90.000000 90.000000
3673 51.322861 55.809505 57.124863 90.000000 90.000000 90.000000
3674 51.156624 55.628735 56.939831 90.000000 90.000000 90.000000
3675 51.365799 55.856197 57.172653 90.000000 90.000000 90.000000
3676 51.206566 55.683044 56.995419 90.000000 90.000000 90.000000
3677 51.156708 55.628826 56.939926 90.000000 90.000000 90.000000
3678 51.223755 55.701736 57.014553 90.000000 90.000000 90.000000
3679 51.190125 55.665165 56.977119 90.000000 90.000000 90.000000
3680 51.168781 55.641956 56.953365 90.000000 90.000000 90.000000
3681 51.157890 55.630116 56.941246 90.000000 90.000000 90.000000
3682 51.217785 55.695244 57.007908 90.000000 90.000000 90.000000
3683 51.227695 55.706020 57.018940 90.000000 90.000000 90.000000
3684 51.163918 55.636665 56.947952 90.000000 90.000000 90.000000
3685 51.160671 55.633137 56.944340 90.000000 90.000000 90.000000
3686 51.237926 55.717148 57.030327 90.000000 90.000000 90.000000
3687 51.153542 55.625385 56.936405 90.000000 90.000000 90.000000
3688 51.287491 55.771042 57.085491 90.000000 90.000000 90.000000
3689 51.209816 55.686581 56.999039 90.000000 90.000000 90.000000
3690 51.214966 55.692177 57.004772 90.000000 90.000000 90.000000
3691 51.339264 55.827343 57.143120 90.000000 90.000000 90.000000
3692 51.235970 55.715019 57.028149 90.000000 90.000000 90.000000
3693 51.209293 55.686008 56.998455 90.000000 90.000000 90.000000
3694 51.176010 55.649818 56.961411 90.000000 90.000000 90.000000
3695 51.276485 55.759075 57.073242 90.000000 90.000000 90.000000
3696 51.197887 55.673607 56.985764 90.000000 90.000000 90.000000
3697 51.227531 55.705845 57.018757 90.000000 90.000000 90.000000
3698 51.273060 55.755348 57.069431 90.000000 90.000000 90.000000
3699 51.165394 55.638275 56.949596 90.000000 90.000000 90.000000
3700 51.219948 55.697594 57.010315 90.000000 90.000000 90.000000
3701 51.176750 55.650620 56.962234 90.000000 90.000000 90.000000
3702 51.189857 55.664875 56.976822 90.000000 90.000000 90.000000
3703 51.240070 55.719479 57.032715 90.000000 90.000000 90.000000
3704 51.145687 55.616844 56.927662 90.000000 90.000000 90.000000
3705 51.224072 55.702080 57.014908 90.000000 90.000000 90.000000
3706 51.153824 55.625690 56.936714 90.000000 90.000000 90.000000
3707 51.221386 55.699162 57.011917 90.000000 90.000000 90.000000
3708 51.210182 55.686977 56.999447 90.000000 90.000000 90.000000
3709 51.250790 55.731136 57.044647 90.000000 90.000000 90.000000
3710 51.128101 55.597721 56.908085 90.000000 90.000000 90.000000
3711 51.231682 55.710358 57.023376 90.000000 90.000000 90.000000
3712 51.082443 55.548069 56.857265 90.000000 90.000000 90.000000
3713 51.251980 55.732430 57.045971 90.000000 90.000000 90.000000
3714 51.174561 55.648243 56.959797 90.000000 90.000000 90.000000
3715 51.186138 55.660828 56.972683 90.000000 90.000000 90.000000
3716 51.292774 55.776791 57.091377 90.000000 90.000000 90.000000
3717 51.252274 55.732746 57.046295 90.000000 90.000000 90.000000
3718 51.135601 55.605877 56.916431 90.000000 90.000000 90.000000
3719 51.188755 55.663677 56.975597 90.000000 90.000000 90.000000
3720 51.101498 55.568790 56.878471 90.000000 90.000000 90.000000
3721 51.226578 55.704807 57.017696 90.000000 90.000000 90.000000
3722 51.212818 55.689842 57.002377 90.000000 90.000000 90.000000
3723 51.294136 55.778267 57.092888 90.000000 90.000000 90.000000
3724 51.265301 55.746914 57.060795 90.000000 90.000000 90.000000
3725 51.153130 55.624935 56.935940 90.000000 90.000000 90.000000
3726 51.189678 55.664680 56.976624 90.000000 90.000000 90.000000
3727 51.304581 55.789627 57.104519 90.000000 90.000000 90.000000
3728 51.142506 55.613384 56.924118 90.000000 90.000000 90.000000
3729 51.171638 55.645065 56.956547 90.000000 90.000000 90.000000
3730 51.122936 55.592106 56.902336 90.000000 90.000000 90.000000
3731 51.309307 55.794765 57.109776 90.000000 90.000000 90.000000
3732 51.211418 55.688320 57.000820 90.000000 90.000000 90.000000
3733 51.180256 55.654434 56.966137 90.000000 90.000000 90.000000
3734 51.309074 55.794514 57.109516 90.000000 90.000000 90.000000
3735 51.232517 55.711266 57.024307 90.000000 90.000000 90.000000
3736 51.175323 55.649071 56.960648 90.000000 90.000000 90.000000
3737 51.136169 55.606495 56.917068 90.000000 90.000000 90.000000
3738 51.042664 55.504814 56.812988 90.000000 90.000000 90.000000
3739 51.278015 55.760738 57.074947 90.000000 90.000000 90.000000
3740 51.281284 55.764294 57.078583 90.000000 90.000000 90.000000
3741 51.150757 55.622356 56.933304 90.000000 90.000000 90.000000
3742 51.300003 55.784649 57.099419 90.000000 90.000000 90.000000
3743 51.111362 55.579521 56.889458 90.000000 90.000000 90.000000
3744 51.189545 55.664536 56.976475 90.000000 90.000000 90.000000
3745 51.161072 55.633575 56.944786 90.000000 90.000000 90.000000
3746 51.185024 55.659618 56.971443 90.000000 90.000000 90.000000
3747 51.134747 55.604946 56.915482 90.000000 90.000000 90.000000
3748 51.201023 55.677017 56.989250 90.000000 90.000000 90.000000
3749 51.208073 55.684681 56.997097 90.000000 90.000000 90.000000
3750 51.250275 55.730576 57.044071 90.000000 90.000000 90.000000
3751 51.184933 55.659519 56.971340 90.000000 90.000000 90.000000
3752 51.086262 55.552223 56.861515 90.000000 90.000000 90.000000
3753 51.267464 55.749268 57.063206 90.000000 90.000000 90.000000
3754 51.148487 55.619888 56.930775 90.000000 90.000000 90.000000
3755 51.303612 55.788570 57.103436 90.000000 90.000000 90.000000
3756 51.193382 55.668709 56.980747 90.000000 90.000000 90.000000
3757 51.278988 55.761799 57.076031 90.000000 90.000000 90.000000
3758 51.151596 55.623268 56.934238 90.000000 90.000000 90.000000
3759 51.185211 55.659824 56.971653 90.000000 90.000000 90.000000
3760 51.243999 55.723751 57.037086 90.000000 90.000000 90.000000
3761 51.123669 55.592899 56.903152 90.000000 90.000000 90.000000
3762 51.114494 55.582924 56.892941 90.000000 90.000000 90.000000
3763 51.190132 55.665173 56.977131 90.000000 90.000000 90.000000
3764 51.088451 55.554604 56.863956 90.000000 90.000000 90.000000
3765 51.195583 55.671101 56.983196 90.000000 90.000000 90.000000
3766 51.246990 55.727005 57.040417 90.000000 90.000000 90.000000
3767 51.166882 55.639893 56.951252 90.000000 90.000000 90.000000
3768 51.110081 55.578125 56.888027 90.000000 90.000000 90.000000
3769 51.139633 55.610260 56.920921 90.000000 90.000000 90.000000
3770 51.174980 55.648701 56.960266 90.000000 90.000000 90.000000
3771 51.139065 55.609642 56.920288 90.000000 90.000000 90.000000
3772 51.300915 55.785641 57.100437 90.000000 90.000000 90.000000
3773 51.173382 55.646961 56.958485 90.000000 90.000000 90.000000
3774 51.350399 55.839451 57.155514 90.000000 90.000000 90.000000
3775 51.069931 55.534466 56.843342 90.000000 90.000000 90.000000
3776 51.136051 55.606365 56.916935 90.000000 90.000000 90.000000
3777 51.226139 55.704327 57.017208 90.000000 90.000000 90.000000
3778 51.102993 55.570419 56.880138 90.000000 90.000000 90.000000
3779 51.309368 55.794834 57.109844 90.000000 90.000000 90.000000
3780 51.201542 55.677582 56.989830 90.000000 90.000000 90.000000
3781 51.259335 55.740425 57.054153 90.000000 90.000000 90.000000
3782 51.240822 55.720295 57.033546 90.000000 90.000000 90.000000
3783 51.145638 55.616787 56.927605 90.000000 90.000000 90.000000
3784 51.178596 55.652630 56.964291 90.000000 90.000000 90.000000
3785 51.288532 55.772175 57.086655 90.000000 90.000000 90.000000
3786 51.239277 55.718613 57.031830 90.000000 90.000000 90.000000
3787 51.134476 55.604649 56.915180 90.000000 90.000000 90.000000
3788 51.150650 55.622242 56.933186 90.000000 90.000000 90.000000
3789 51.145981 55.617165 56.927986 90.000000 90.000000 90.000000
3790 51.238861 55.718163 57.031368 90.000000 90.000000 90.000000
3791 51.208229 55.684856 56.997272 90.000000 90.000000 90.000000
3792 51.130257 55.600063 56.910484 90.000000 90.000000 90.000000
3793 51.270241 55.752285 57.066296 90.000000 90.000000 90.000000
3794 51.202637 55.678772 56.991047 90.000000 90.000000 90.000000
3795 51.329330 55.816540 57.132061 90.000000 90.000000 90.000000
3796 51.135338 55.605591 56.916142 90.000000 90.000000 90.000000
3797 51.114635 55.583076 56.893097 90.000000 90.000000 90.000000
3798 51.209869 55.686638 56.999100 90.000000 90.000000 90.000000
3799 51.226299 55.704502 57.017384 90.000000 90.000000 90.000000
3800 51.200909 55.676891 56.989120 90.000000 90.000000 90.000000
3801 51.132122 55.602089 56.912560 90.000000 90.000000 90.000000
3802 51.147522 55.618835 56.929699 90.000000 90.000000 90.000000
3803 51.179863 55.654007 56.965698 90.000000 90.000000 90.000000
3804 51.253624 55.734215 57.047798 90.000000 90.000000 90.000000
3805 51.169186 55.642395 56.953815 90.000000 90.000000 90.000000
3806 51.027351 55.488163 56.795948 90.000000 90.000000 90.000000
3807 51.130379 55.600197 56.910622 90.000000 90.000000 90.000000
3808 51.167927 55.641029 56.952415 90.000000 90.000000 90.000000
3809 51.274792 55.757233 57.071358 90.000000 90.000000 90.000000
3810 51.153107 55.624912 56.935917 90.000000 90.000000 90.000000
3811 51.281166 55.764168 57.078457 90.000000 90.000000 90.000000
3812 51.086155 55.552105 56.861397 90.000000 90.000000 90.000000
3813 51.152767 55.624542 56.935539 90.000000 90.000000 90.000000
3814 51.224461 55.702507 57.015339 90.000000 90.000000 90.000000
3815 51.112404 55.580650 56.890614 90.000000 90.000000 90.000000
3816 51.168800 55.641975 56.953384 90.000000 90.000000 90.000000
3817 51.158031 55.630268 56.941402 90.000000 90.000000 90.000000
3818 51.242046 55.721626 57.034912 90.000000 90.000000 90.000000
3819 51.228653 55.707062 57.020004 90.000000 90.000000 90.000000
3820 51.111938 55.580143 56.890095 90.000000 90.000000 90.000000
3821 51.139755 55.610394 56.921059 90.000000 90.000000 90.000000
3822 51.074104 55.539001 56.847984 90.000000 90.000000 90.000000
3823 51.300175 55.784836 57.099613 90.000000 90.000000 90.000000
3824 51.219723 55.697350 57.010063 90.000000 90.000000 90.000000
3825 51.151241 55.622883 56.933842 90.000000 90.000000 90.000000
3826 51.103271 55.570721 56.880451 90.000000 90.000000 90.000000
3827 51.255936 55.736729 57.050373 90.000000 90.000000 90.000000
3828 51.052277 55.515266 56.823689 90.000000 90.000000 90.000000
3829 51.097157 55.564072 56.873642 90.000000 90.000000 90.000000
3830 51.274643 55.757072 57.071194 90.000000 90.000000 90.000000
3831 51.120029 55.588943 56.899101 90.000000 90.000000 90.000000
3832 51.268230 55.750099 57.064056 90.000000 90.000000 90.000000
3833 51.211212 55.688099 57.000595 90.000000 90.000000 90.000000
3834 51.232628 55.711384 57.024429 90.000000 90.000000 90.000000
3835 51.232002 55.710705 57.023735 90.000000 90.000000 90.000000
3836 51.098099 55.565094 56.874691 90.000000 90.000000 90.000000
3837 51.222790 55.700684 57.013477 90.000000 90.000000 90.000000
3838 51.093479 55.560070 56.869549 90.000000 90.000000 90.000000
3839 51.217663 55.695114 57.007774 90.000000 90.000000 90.000000
3840 51.150883 55.622494 56.933445 90.000000 90.000000 90.000000
3841 51.089603 55.555859 56.865238 90.000000 90.000000 90.000000
3842 51.320877 55.807350 57.122654 90.000000 90.000000 90.000000
3843 51.143467 55.614426 56.925186 90.000000 90.000000 90.000000
3844 51.282429 55.765541 57.079861 90.000000 90.000000 90.000000
3845 51.256607 55.737461 57.051121 90.000000 90.000000 90.000000
3846 51.115875 55.584427 56.894478 90.000000 90.000000 90.000000
3847 51.130814 55.600670 56.911106 90.000000 90.000000 90.000000
3848 51.200027 55.675938 56.988144 90.000000 90.000000 90.000000
3849 51.095840 55.562637 56.872177 90.000000 90.000000 90.000000
3850 51.126236 55.595692 56.906010 90.000000 90.000000 90.000000
3851 51.043068 55.505257 56.813442 90.000000 90.000000 90.000000
3852 51.116837 55.585468 56.895546 90.000000 90.000000 90.000000
3853 51.059803 55.523453 56.832069 90.000000 90.000000 90.000000
3854 51.119663 55.588543 56.898693 90.000000 90.000000 90.000000
3855 51.115139 55.583626 56.893661 90.000000 90.000000 90.000000
3856 51.179375 55.653473 56.965153 90.000000 90.000000 90.000000
3857 51.146091 55.617283 56.928108 90.000000 90.000000 90.000000
3858 51.224976 55.703064 57.015911 90.000000 90.000000 90.000000
3859 51.207996 55.684601 56.997013 90.000000 90.000000 90.000000
3860 51.245522 55.725407 57.038780 90.000000 90.000000 90.000000
3861 51.322056 55.808632 57.123966 90.000000 90.000000 90.000000
3862 51.191154 55.666286 56.978268 90.000000 90.000000 90.000000
3863 51.269157 55.751106 57.065086 90.000000 90.000000 90.000000
3864 51.161137 55.633644 56.944855 90.000000 90.000000 90.000000
3865 51.128235 55.597866 56.908234 90.000000 90.000000 90.000000
3866 51.219799 55.697433 57.010151 90.000000 90.000000 90.000000
3867 51.164333 55.637119 56.948414 90.000000 90.000000 90.000000
3868 51.222549 55.700424 57.013210 90.000000 90.000000 90.000000
3869 51.203072 55.679245 56.991531 90.000000 90.000000 90.000000
3870 51.216743 55.694111 57.006748 90.000000 90.000000 90.000000
3871 51.159286 55.631634 56.942799 90.000000 90.000000 90.000000
3872 51.391510 55.884155 57.201271 90.000000 90.000000 90.000000
3873 51.337151 55.825047 57.140770 90.000000 90.000000 90.000000
3874 51.191486 55.666645 56.978634 90.000000 90.000000 90.000000
3875 51.131374 55.601280 56.911732 90.000000 90.000000 90.000000
3876 51.159218 55.631557 56.942719 90.000000 90.000000 90.000000
3877 51.109974 55.578011 56.887909 90.000000 90.000000 90.000000
3878 51.219376 55.696972 57.009678 90.000000 90.000000 90.000000
3879 51.226906 55.705162 57.018059 90.000000 90.000000 90.000000
3880 51.160744 55.633217 56.944420 90.000000 90.000000 90.000000
3881 51.272259 55.754482 57.068542 90.000000 90.000000 90.000000
3882 51.171059 55.644432 56.955898 90.000000 90.000000 90.000000
3883 51.229279 55.707745 57.020702 90.000000 90.000000 90.000000
3884 51.312546 55.798290 57.113380 90.000000 90.000000 90.000000
3885 51.243290 55.722977 57.036293 90.000000 90.000000 90.000000
3886 51.139000 55.609570 56.920216 90.000000 90.000000 90.000000
3887 51.130955 55.600822 56.911263 90.000000 90.000000 90.000000
3888 51.165447 55.638332 56.949654 90.000000 90.000000 90.000000
3889 51.170998 55.644363 56.955830 90.000000 90.000000 90.000000
3890 51.230305 55.708858 57.021843 90.000000 90.000000 90.000000
3891 51.249939 55.730209 57.043697 90.000000 90.000000 90.000000
3892 51.163731 55.636467 56.947746 90.000000 90.000000 90.000000
3893 51.234673 55.713608 57.026707 90.000000 90.000000 90.000000
3894 51.145863 55.617031 56.927853 90.000000 90.000000 90.000000
3895 51.109394 55.577377 56.887264 90.000000 90.000000 90.000000
3896 51.234970 55.713932 57.027039 90.000000 90.000000 90.000000
3897 51.205368 55.681740 56.994087 90.000000 90.000000 90.000000
3898 51.194702 55.670143 56.982216 90.000000 90.000000 90.000000
3899 51.248943 55.729126 57.042587 90.000000 90.000000 90.000000
3900 51.271992 55.754192 57.068245 90.000000 90.000000 90.000000
3901 51.196835 55.672462 56.984589 90.000000 90.000000 90.000000
3902 51.167763 55.640850 56.952232 90.000000 90.000000 90.000000
3903 51.093601 55.560204 56.869686 90.000000 90.000000 90.000000
3904 51.175819 55.649609 56.961197 90.000000 90.000000 90.000000
3905 51.130608 55.600445 56.910873 90.000000 90.000000 90.000000
3906 51.099167 55.566257 56.875881 90.000000 90.000000 90.000000
3907 51.219055 55.696625 57.009323 90.000000 90.000000 90.000000
3908 51.144001 55.615013 56.925785 90.000000 90.000000 90.000000
3909 51.091560 55.557983 56.867413 90.000000 90.000000 90.000000
3910 51.274075 55.756454 57.070560 90.000000 90.000000 90.000000
3911 51.196041 55.671597 56.983704 90.000000 90.000000 90.000000
3912 51.179939 55.654091 56.965786 90.000000 90.000000 90.000000
3913 51.263969 55.745464 57.059315 90.000000 90.000000 90.000000
3914 51.247307 55.727345 57.040764 90.000000 90.000000 90.000000
3915 51.177567 55.651508 56.963142 90.000000 90.000000 90.000000
3916 51.211842 55.688782 57.001293 90.000000 90.000000 90.000000
3917 51.189827 55.664845 56.976791 90.000000 90.000000 90.000000
3918 51.114010 55.582397 56.892403 90.000000 90.000000 90.000000
3919 51.318871 55.805168 57.120422 90.000000 90.000000 90.000000
3920 51.086533 55.552521 56.861820 90.000000 90.000000 90.000000
3921 51.080513 55.545975 56.855118 90.000000 90.000000 90.000000
3922 51.202911 55.679070 56.991352 90.000000 90.000000 90.000000
3923 51.268799 55.750717 57.064690 90.000000 90.000000 90.000000
3924 51.127686 55.597267 56.907623 90.000000 90.000000 90.000000
3925 51.072811 55.537598 56.846546 90.000000 90.000000 90.000000
3926 51.104233 55.571762 56.881516 90.000000 90.000000 90.000000
3927 51.160107 55.632523 56.943710 90.000000 90.000000 90.000000
3928 51.185963 55.660641 56.972492 90.000000 90.000000 90.000000
3929 51.164635 55.637447 56.948750 90.000000 90.000000 90.000000
3930 51.192436 55.667683 56.979694 90.000000 90.000000 90.000000
3931 51.207302 55.683846 56.996239 90.000000 90.000000 90.000000
3932 51.216415 55.693756 57.006382 90.000000 90.000000 90.000000
3933 51.168613 55.641773 56.953178 90.000000 90.000000 90.000000
3934 51.310246 55.795788 57.110821 90.000000 90.000000 90.000000
3935 51.261021 55.742260 57.056030 90.000000 90.000000 90.000000
3936 51.227722 55.706051 57.018970 90.000000 90.000000 90.000000
3937 51.051369 55.514278 56.822678 90.000000 90.000000 90.000000
3938 51.216400 55.693741 57.006367 90.000000 90.000000 90.000000
3939 51.158348 55.630611 56.941753 90.000000 90.000000 90.000000
3940 51.199684 55.675564 56.987762 90.000000 90.000000 90.000000
3941 51.242378 55.721989 57.035282 90.000000 90.000000 90.000000
3942 51.301460 55.786232 57.101040 90.000000 90.000000 90.000000
3943 51.243397 55.723095 57.036419 90.000000 90.000000 90.000000
3944 51.142487 55.613365 56.924099 90.000000 90.000000 90.000000
3945 51.193298 55.668617 56.980656 90.000000 90.000000 90.000000
3946 51.176361 55.650200 56.961803 90.000000 90.000000 90.000000
3947 51.251865 55.732304 57.045841 90.000000 90.000000 90.000000
3948 51.208878 55.685558 56.997993 90.000000 90.000000 90.000000
3949 51.171902 55.645351 56.956837 90.000000 90.000000 90.000000
3950 51.204723 55.681038 56.993370 90.000000 90.000000 90.000000
3951 51.185135 55.659740 56.971569 90.000000 90.000000 90.000000
3952 51.198952 55.674767 56.986950 90.000000 90.000000 90.000000
3953 51.251091 55.731464 57.044979 90.000000 90.000000 90.000000
3954 51.268921 55.750851 57.064827 90.000000 90.000000 90.000000
3955 51.161072 55.633575 56.944786 90.000000 90.000000 90.000000
3956 51.254787 55.735481 57.049095 90.000000 90.000000 90.000000
3957 51.320034 55.806431 57.121716 90.000000 90.000000 90.000000
3958 51.289154 55.772854 57.087345 90.000000 90.000000 90.000000
3959 51.210934 55.687798 57.000286 90.000000 90.000000 90.000000
3960 51.096508 55.563366 56.872921 90.000000 90.000000 90.000000
3961 51.242943 55.722599 57.035908 90.000000 90.000000 90.000000
3962 51.192642 55.667904 56.979923 90.000000 90.000000 90.000000
3963 51.164745 55.637566 56.948872 90.000000 90.000000 90.000000
3964 51.112404 55.580650 56.890614 90.000000 90.000000 90.000000
3965 51.189102 55.664055 56.975983 90.000000 90.000000 90.000000
3966 51.217331 55.694752 57.007404 90.000000 90.000000 90.000000
3967 51.303265 55.788197 57.103050 90.000000 90.000000 90.000000
3968 51.261513 55.742794 57.056580 90.000000 90.000000 90.000000
3969 51.275715 55.758236 57.072388 90.000000 90.000000 90.000000
3970 51.280994 55.763981 57.078266 90.000000 90.000000 90.000000
3971 51.156391 55.628483 56.939575 90.000000 90.000000 90.000000
3972 51.165794 55.638710 56.950039 90.000000 90.000000 90.000000
3973 51.176022 55.649830 56.961426 90.000000 90.000000 90.000000
3974 51.252544 55.733040 57.046597 90.000000 90.000000 90.000000
3975 51.284340 55.767616 57.081985 90.000000 90.000000 90.000000
3976 51.249374 55.729595 57.043068 90.000000 90.000000 90.000000
3977 51.214233 55.691380 57.003956 90.000000 90.000000 90.000000
3978 51.193638 55.668983 56.981030 90.000000 90.000000 90.000000
3979 51.315296 55.801281 57.116444 90.000000 90.000000 90.000000
3980 51.237446 55.716625 57.029793 90.000000 90.000000 90.000000
3981 51.073666 55.538525 56.847496 90.000000 90.000000 90.000000
3982 51.274132 55.756519 57.070625 90.000000 90.000000 90.000000
3983 51.206856 55.683357 56.995743 90.000000 90.000000 90.000000
3984 51.233353 55.712173 57.025234 90.000000 90.000000 90.000000
3985 51.258316 55.739319 57.053024 90.000000 90.000000 90.000000
3986 51.164284 55.637070 56.948360 90.000000 90.000000 90.000000
3987 51.040779 55.502766 56.810894 90.000000 90.000000 90.000000
3988 51.316105 55.802162 57.117344 90.000000 90.000000 90.000000
3989 51.122803 55.591957 56.902187 90.000000 90.000000 90.000000
3990 51.103561 55.571037 56.880772 90.000000 90.000000 90.000000
3991 51.154243 55.626148 56.937183 90.000000 90.000000 90.000000
3992 51.206039 55.682472 56.994835 90.000000 90.000000 90.000000
3993 51.208702 55.685368 56.997799 90.000000 90.000000 90.000000
3994 51.204967 55.681309 56.993645 90.000000 90.000000 90.000000
3995 51.162819 55.635471 56.946728 90.000000 90.000000 90.000000
3996 51.199974 55.675877 56.988087 90.000000 90.000000 90.000000
3997 51.264652 55.746212 57.060074 90.000000 90.000000 90.000000
3998 51.211311 55.688206 57.000706 90.000000 90.000000 90.000000
3999 51.061337 55.525120 56.833775 90.000000 90.000000 90.000000
4000 51.121517 55.590561 56.900757 90.000000 90.000000 90.000000
4001 51.276630 55.759235 57.073406 90.000000 90.000000 90.000000
4002 51.290119 55.773903 57.088421 90.000000 90.000000 90.000000
4003 51.134430 55.604603 56.915131 90.000000 90.000000 90.000000
4004 51.104023 55.571537 56.881287 90.000000 90.000000 90.000000
4005 51.245003 55.724838 57.038200 90.000000 90.000000 90.000000
4006 51.167927 55.641029 56.952415 90.000000 90.000000 90.000000
4007 51.238396 55.717659 57.030849 90.000000 90.000000 90.000000
4008 51.209877 55.686646 56.999107 90.000000 90.000000 90.000000
4009 51.174076 55.647717 56.959259 90.000000 90.000000 90.000000
4010 51.204819 55.681145 56.993477 90.000000 90.000000 90.000000
4011 51.247356 55.727402 57.040821 90.000000 90.000000 90.000000
4012 51.119602 55.588478 56.898624 90.000000 90.000000 90.000000
4013 51.123039 55.592216 56.902454 90.000000 90.000000 90.000000
4014 51.219807 55.697441 57.010159 90.000000 90.000000 90.000000
4015 51.166561 55.639545 56.950897 90.000000 90.000000 90.000000
4016 51.196236 55.671810 56.983921 90.000000 90.000000 90.000000
4017 51.218708 55.696247 57.008934 90.000000 90.000000 90.000000
4018 51.202000 55.678078 56.990337 90.000000 90.000000 90.000000
4019 51.196411 55.672001 56.984119 90.000000 90.000000 90.000000
4020 51.083858 55.549610 56.858841 90.000000 90.000000 90.000000
4021 51.194374 55.669788 56.981853 90.000000 90.000000 90.000000
4022 51.167912 55.641010 56.952396 90.000000 90.000000 90.000000
4023 51.130066 55.599854 56.910271 90.000000 90.000000 90.000000
4024 51.143341 55.614292 56.925049 90.000000 90.000000 90.000000
4025 51.039516 55.501389 56.809486 90.000000 90.000000 90.000000
4026 51.261467 55.742744 57.056526 90.000000 90.000000 90.000000
4027 51.311726 55.797398 57.112469 90.000000 90.000000 90.000000
4028 51.306828 55.792068 57.107014 90.000000 90.000000 90.000000
4029 51.259308 55.740395 57.054123 90.000000 90.000000 90.000000
4030 51.275890 55.758430 57.072582 90.000000 90.000000 90.000000
4031 51.207291 55.683834 56.996227 90.000000 90.000000 90.000000
4032 51.190041 55.665073 56.977028 90.000000 90.000000 90.000000
4033 51.225533 55.703667 57.016529 90.000000 90.000000 90.000000
4034 51.128078 55.597694 56.908062 90.000000 90.000000 90.000000
4035 51.194016 55.669395 56.981449 90.000000 90.000000 90.000000
4036 51.150043 55.621582 56.932510 90.000000 90.000000 90.000000
4037 51.187210 55.661995 56.973877 90.000000 90.000000 90.000000
4038 51.262157 55.743496 57.057301 90.000000 90.000000 90.000000
4039 51.260708 55.741920 57.055687 90.000000 90.000000 90.000000
4040 51.182209 55.656559 56.968311 90.000000 90.000000 90.000000
4041 51.142452 55.613327 56.924061 90.000000 90.000000 90.000000
4042 51.202553 55.678680 56.990952 90.000000 90.000000 90.000000
4043 51.273621 55.755962 57.070057 90.000000 90.000000 90.000000
4044 51.126717 55.596214 56.906544 90.000000 90.000000 90.000000
4045 51.195305 55.670799 56.982887 90.000000 90.000000 90.000000
4046 51.184418 55.658958 56.970768 90.000000 90.000000 90.000000
4047 51.208973 55.685661 56.998100 90.000000 90.000000 90.000000
4048 51.278084 55.760811 57.075024 90.000000 90.000000 90.000000
4049 51.153881 55.625751 56.936779 90.000000 90.000000 90.000000
4050 51.284016 55.767265 57.081627 90.000000 90.000000 90.000000
4051 51.146404 55.617622 56.928455 90.000000 90.000000 90.000000
4052 51.160164 55.632587 56.943775 90.000000 90.000000 90.000000
4053 51.231110 55.709732 57.022739 90.000000 90.000000 90.000000
4054 51.290264 55.774059 57.088581 90.000000 90.000000 90.000000
4055 51.222977 55.700890 57.013687 90.000000 90.000000 90.000000
4056 51.150681 55.622272 56.933216 90.000000 90.000000 90.000000
4057 51.172043 55.645504 56.956993 90.000000 90.000000 90.000000
4058 51.150352 55.621918 56.932854 90.000000 90.000000 90.000000
4059 51.081036 55.546539 56.855698 90.000000 90.000000 90.000000
4060 51.139935 55.610588 56.921257 90.000000 90.000000 90.000000
4061 51.206848 55.683353 56.995735 90.000000 90.000000 90.000000
4062 51.156464 55.628559 56.939655 90.000000 90.000000 90.000000
4063 51.237324 55.716492 57.029655 90.000000 90.000000 90.000000
4064 51.262810 55.744205 57.058025 90.000000 90.000000 90.000000
4065 51.219574 55.697189 57.009899 90.000000 90.000000 90.000000
4066 51.219593 55.697208 57.009918 90.000000 90.000000 90.000000
4067 51.210979 55.687843 57.000332 90.000000 90.000000 90.000000
4068 51.286644 55.770123 57.084553 90.000000 90.000000 90.000000
4069 51.229946 55.708466 57.021442 90.000000 90.000000 90.000000
4070 51.269318 55.751282 57.065266 90.000000 90.000000 90.000000
4071 51.221455 55.699238 57.011993 90.000000 90.000000 90.000000
4072 51.170963 55.644329 56.955795 90.000000 90.000000 90.000000
4073 51.142464 55.613338 56.924072 90.000000 90.000000 90.000000
4074 51.138668 55.609211 56.919849 90.000000 90.000000 90.000000
4075 51.298473 55.782986 57.097717 90.000000 90.000000 90.000000
4076 51.239693 55.719067 57.032291 90.000000 90.000000 90.000000
4077 51.076591 55.541710 56.850754 90.000000 90.000000 90.000000
4078 51.114304 55.582718 56.892731 90.000000 90.000000 90.000000
4079 51.079895 55.545300 56.854431 90.000000 90.000000 90.000000
4080 51.046577 55.509071 56.817345 90.000000 90.000000 90.000000
4081 51.274654 55.757084 57.071205 90.000000 90.000000 90.000000
4082 51.258068 55.739048 57.052742 90.000000 90.000000 90.000000
4083 51.252014 55.732468 57.046009 90.000000 90.000000 90.000000
4084 51.062557 55.526443 56.835129 90.000000 90.000000 90.000000
4085 51.285828 55.769234 57.083645 90.000000 90.000000 90.000000
4086 51.179337 55.653435 56.965111 90.000000 90.000000 90.000000
4087 51.217766 55.695225 57.007889 90.000000 90.000000 90.000000
4088 51.167503 55.640564 56.951942 90.000000 90.000000 90.000000
4089 51.336246 55.824062 57.139763 90.000000 90.000000 90.000000
4090 51.139900 55.610550 56.921219 90.000000 90.000000 90.000000
4091 51.278439 55.761204 57.075420 90.000000 90.000000 90.000000
4092 51.208900 55.685585 56.998020 90.000000 90.000000 90.000000
4093 51.124542 55.593849 56.904125 90.000000 90.000000 90.000000
4094 51.162304 55.634914 56.946156 90.000000 90.000000 90.000000
4095 51.217178 55.694588 57.007233 90.000000 90.000000 90.000000
4096 51.186279 55.660988 56.972843 90.000000 90.000000 90.000000
4097 51.190624 55.665707 56.977676 90.000000 90.000000 90.000000
4098 51.293434 55.777508 57.092110 90.000000 90.000000 90.000000
4099 51.158272 55.630527 56.941666 90.000000 90.000000 90.000000
4100 51.172535 55.646038 56.957542 90.000000 90.000000 90.000000
4101 51.179047 55.653118 56.964790 90.000000 90.000000 90.000000
4102 51.095787 55.562580 56.872116 90.000000 90.000000 90.000000
4103 51.122478 55.591606 56.901829 90.000000 90.000000 90.000000
4104 51.186653 55.661392 56.973259 90.000000 90.000000 90.000000
4105 51.056015 55.519333 56.827850 90.000000 90.000000 90.000000
4106 51.280857 55.763832 57.078110 90.000000 90.000000 90.000000
4107 51.324024 55.810772 57.126160 90.000000 90.000000 90.000000
4108 51.279793 55.762672 57.076923 90.000000 90.000000 90.000000
4109 51.132378 55.602371 56.912846 90.000000 90.000000 90.000000
4110 51.073372 55.538204 56.847168 90.000000 90.000000 90.000000
4111 51.296783 55.781147 57.095837 90.000000 90.000000 90.000000
4112 51.121662 55.590717 56.900917 90.000000 90.000000 90.000000
4113 51.142467 55.613342 56.924076 90.000000 90.000000 90.000000
4114 51.339947 55.828087 57.143883 90.000000 90.000000 90.000000
4115 51.157463 55.629650 56.940765 90.000000 90.000000 90.000000
4116 51.226658 55.704895 57.017788 90.000000 90.000000 90.000000
4117 51.172668 55.646187 56.957695 90.000000 90.000000 90.000000
4118 51.171787 55.645226 56.956711 90.000000 90.000000 90.000000
4119 51.144951 55.616043 56.926842 90.000000 90.000000 90.000000
4120 51.253445 55.734024 57.047600 90.000000 90.000000 90.000000
4121 51.266151 55.747841 57.061745 90.000000 90.000000 90.000000
4122 51.245770 55.725674 57.039055 90.000000 90.000000 90.000000
4123 51.084023 55.549786 56.859024 90.000000 90.000000 90.000000
4124 51.232849 55.711624 57.024673 90.000000 90.000000 90.000000
4125 51.147354 55.618656 56.929516 90.000000 90.000000 90.000000
4126 51.273079 55.755371 57.069454 90.000000 90.000000 90.000000
4127 51.172737 55.646259 56.957767 90.000000 90.000000 90.000000
4128 51.173824 55.647438 56.958977 90.000000 90.000000 90.000000
4129 51.256191 55.737011 57.050659 90.000000 90.000000 90.000000
4130 51.223911 55.701908 57.014729 90.000000 90.000000 90.000000
4131 51.249928 55.730198 57.043686 90.000000 90.000000 90.000000
4132 51.186558 55.661289 56.973152 90.000000 90.000000 90.000000
4133 51.160351 55.632790 56.943981 90.000000 90.000000 90.000000
4134 51.140305 55.610989 56.921669 90.000000 90.000000 90.000000
4135 51.245327 55.725193 57.038563 90.000000 90.000000 90.000000
4136 51.240860 55.720337 57.033592 90.000000 90.000000 90.000000
4137 51.111656 55.579838 56.889782 90.000000 90.000000 90.000000
4138 51.154106 55.625996 56.937031 90.000000 90.000000 90.000000
4139 51.079659 55.545040 56.854164 90.000000 90.000000 90.000000
4140 51.248466 55.728607 57.042057 90.000000 90.000000 90.000000
4141 51.082462 55.548092 56.857288 90.000000 90.000000 90.000000
4142 51.170620 55.643955 56.955410 90.000000 90.000000 90.000000
4143 51.143959 55.614964 56.925735 90.000000 90.000000 90.000000
4144 51.198673 55.674461 56.986637 90.000000 90.000000 90.000000
4145 51.208309 55.684940 56.997360 90.000000 90.000000 90.000000
4146 51.185463 55.660099 56.971931 90.000000 90.000000 90.000000
4147 51.153904 55.625778 56.936806 90.000000 90.000000 90.000000
4148 51.202404 55.678520 56.990791 90.000000 90.000000 90.000000
4149 51.304691 55.789745 57.104637 90.000000 90.000000 90.000000
4150 51.148781 55.620209 56.931103 90.000000 90.000000 90.000000
4151 51.246742 55.726734 57.040138 90.000000 90.000000 90.000000
4152 51.238831 55.718128 57.031334 90.000000 90.000000 90.000000
4153 51.132896 55.602932 56.913422 90.000000 90.000000 90.000000
4154 51.168594 55.641754 56.953159 90.000000 90.000000 90.000000
4155 51.215508 55.692768 57.005375 90.000000 90.000000 90.000000
4156 51.212257 55.689232 57.001755 90.000000 90.000000 90.000000
4157 51.244968 55.724804 57.038166 90.000000 90.000000 90.000000
4158 51.201302 55.677319 56.989563 90.000000 90.000000 90.000000
4159 51.289204 55.772907 57.087402 90.000000 90.000000 90.000000
4160 51.242138 55.721725 57.035011 90.000000 90.000000 90.000000
4161 51.118965 55.587788 56.897919 90.000000 90.000000 90.000000
4162 51.337280 55.825188 57.140915 90.000000 90.000000 90.000000
4163 51.318405 55.804661 57.119907 90.000000 90.000000 90.000000
4164 51.232536 55.711285 57.024330 90.000000 90.000000 90.000000
4165 51.215824 55.693111 57.005726 90.000000 90.000000 90.000000
4166 51.156635 55.628750 56.939846 90.000000 90.000000 90.000000
4167 51.254356 55.735012 57.048615 90.000000 90.000000 90.000000
4168 51.313324 55.799133 57.114246 90.000000 90.000000 90.000000
4169 51.164326 55.637112 56.948406 90.000000 90.000000 90.000000
4170 51.198242 55.673996 56.986156 90.000000 90.000000 90.000000
4171 51.177517 55.651455 56.963085 90.000000 90.000000 90.000000
4172 51.268761 55.750675 57.064644 90.000000 90.000000 90.000000
4173 51.187351 55.662148 56.974033 90.000000 90.000000 90.000000
4174 51.077587 55.542789 56.851860 90.000000 90.000000 90.000000
4175 51.164906 55.637741 56.949051 90.000000 90.000000 90.000000
4176 51.304291 55.789314 57.104195 90.000000 90.000000 90.000000
4177 51.239086 55.718407 57.031616 90.000000 90.000000 90.000000
4178 51.119858 55.588753 56.898907 90.000000 90.000000 90.000000
4179 51.252880 55.733410 57.046974 90.000000 90.000000 90.000000
4180 51.208988 55.685677 56.998116 90.000000 90.000000 90.000000
4181 51.115807 55.584351 56.894398 90.000000 90.000000 90.000000
4182 51.245766 55.725670 57.039051 90.000000 90.000000 90.000000
4183 51.178123 55.652119 56.963764 90.000000 90.000000 90.000000
4184 51.280888 55.763866 57.078148 90.000000 90.000000 90.000000
4185 51.216579 55.693935 57.006569 90.000000 90.000000 90.000000
4186 51.122139 55.591236 56.901447 90.000000 90.000000 90.000000
4187 51.243950 55.723698 57.037033 90.000000 90.000000 90.000000
4188 51.312069 55.797771 57.112850 90.000000 90.000000 90.000000
4189 51.408718 55.902866 57.220425 90.000000 90.000000 90.000000
4190 51.217213 55.694622 57.007271 90.000000 90.000000 90.000000
4191 51.203346 55.679543 56.991837 90.000000 90.000000 90.000000
4192 51.082005 55.547592 56.856777 90.000000 90.000000 90.000000
4193 51.265236 55.746845 57.060726 90.000000 90.000000 90.000000
4194 51.143772 55.614761 56.925529 90.000000 90.000000 90.000000
4195 51.082253 55.547863 56.857052 90.000000 90.000000 90.000000
4196 51.123089 55.592270 56.902508 90.000000 90.000000 90.000000
4197 51.120396 55.589340 56.899509 90.000000 90.000000 90.000000
4198 51.137848 55.608318 56.918934 90.000000 90.000000 90.000000
4199 51.202267 55.678371 56.990639 90.000000 90.000000 90.000000
4200 51.129311 55.599037 56.909431 90.000000 90.000000 90.000000
4201 51.292744 55.776756 57.091343 90.000000 90.000000 90.000000
4202 51.232109 55.710823 57.023853 90.000000 90.000000 90.000000
4203 51.237480 55.716663 57.029831 90.000000 90.000000 90.000000
4204 51.199062 55.674885 56.987068 90.000000 90.000000 90.000000
4205 51.180302 55.654484 56.966187 90.000000 90.000000 90.000000
4206 51.061047 55.524803 56.833450 90.000000 90.000000 90.000000
4207 51.210094 55.686882 56.999352 90.000000 90.000000 90.000000
4208 51.200638 55.676601 56.988823 90.000000 90.000000 90.000000
4209 51.154968 55.626938 56.937992 90.000000 90.000000 90.000000
4210 51.147533 55.618851 56.929714 90.000000 90.000000 90.000000
4211 51.184910 55.659496 56.971317 90.000000 90.000000 90.000000
4212 51.276115 55.758671 57.072830 90.000000 90.000000 90.000000
4213 51.172539 55.646042 56.957546 90.000000 90.000000 90.000000
4214 51.171745 55.645180 56.956665 90.000000 90.000000 90.000000
4215 51.271664 55.753830 57.067875 90.000000 90.000000 90.000000
4216 51.280468 55.763405 57.077679 90.000000 90.000000 90.000000
4217 51.237457 55.716637 57.029804 90.000000 90.000000 90.000000
4218 51.125740 55.595154 56.905460 90.000000 90.000000 90.000000
4219 51.301556 55.786339 57.101147 90.000000 90.000000 90.000000
4220 51.175415 55.649170 56.960747 90.000000 90.000000 90.000000
4221 51.124367 55.593658 56.903931 90.000000 90.000000 90.000000
4222 51.104538 55.572098 56.881859 90.000000 90.000000 90.000000
4223 51.132973 55.603020 56.913509 90.000000 90.000000 90.000000
4224 51.169033 55.642231 56.953644 90.000000 90.000000 90.000000
4225 51.220791 55.698513 57.011253 90.000000 90.000000 90.000000
4226 51.085754 55.551674 56.860954 90.000000 90.000000 90.000000
4227 51.182163 55.656509 56.968262 90.000000 90.000000 90.000000
4228 51.149769 55.621281 56.932201 90.000000 90.000000 90.000000
4229 51.211174 55.688057 57.000549 90.000000 90.000000 90.000000
4230 51.200554 55.676506 56.988728 90.000000 90.000000 90.000000
4231 51.182255 55.656609 56.968361 90.000000 90.000000 90.000000
4232 51.246086 55.726021 57.039410 90.000000 90.000000 90.000000
4233 51.210682 55.687519 57.000000 90.000000 90.000000 90.000000
4234 51.065289 55.529415 56.838173 90.000000 90.000000 90.000000
4235 51.163025 55.635696 56.946957 90.000000 90.000000 90.000000
4236 51.208546 55.685196 56.997623 90.000000 90.000000 90.000000
4237 51.285786 55.769188 57.083595 90.000000 90.000000 90.000000
4238 51.288177 55.771790 57.086258 90.000000 90.000000 90.000000
4239 51.232338 55.711067 57.024105 90.000000 90.000000 90.000000
4240 51.130619 55.600460 56.910889 90.000000 90.000000 90.000000
4241 51.144203 55.615231 56.926010 90.000000 90.000000 90.000000
4242 51.269981 55.752003 57.066006 90.000000 90.000000 90.000000
4243 51.203056 55.679230 56.991516 90.000000 90.000000 90.000000
4244 51.206032 55.682465 56.994827 90.000000 90.000000 90.000000
4245 51.135616 55.605892 56.916451 90.000000 90.000000 90.000000
4246 51.229877 55.708393 57.021366 90.000000 90.000000 90.000000
4247 51.161427 55.633961 56.945179 90.000000 90.000000 90.000000
4248 51.219913 55.697559 57.010281 90.000000 90.000000 90.000000
4249 51.260246 55.741417 57.055168 90.000000 90.000000 90.000000
4250 51.224396 55.702431 57.015266 90.000000 90.000000 90.000000
4251 51.233021 55.711811 57.024868 90.000000 90.000000 90.000000
4252 51.293800 55.777905 57.092518 90.000000 90.000000 90.000000
4253 51.211212 55.688095 57.000591 90.000000 90.000000 90.000000
4254 51.147568 55.618889 56.929752 90.000000 90.000000 90.000000
4255 51.264980 55.746563 57.060436 90.000000 90.000000 90.000000
4256 51.039112 55.500950 56.809036 90.000000 90.000000 90.000000
4257 51.231026 55.709641 57.022644 90.000000 90.000000 90.000000
4258 51.211060 55.687931 57.000423 90.000000 90.000000 90.000000
4259 50.958031 55.412781 56.718788 90.000000 90.000000 90.000000
4260 51.095150 55.561886 56.871410 90.000000 90.000000 90.000000
4261 51.169380 55.642609 56.954029 90.000000 90.000000 90.000000
4262 51.095291 55.562042 56.871567 90.000000 90.000000 90.000000
4263 51.187057 55.661831 56.973709 90.000000 90.000000 90.000000
4264 51.209949 55.686722 56.999184 90.000000 90.000000 90.000000
4265 51.239178 55.718510 57.031719 90.000000 90.000000 90.000000
4266 51.205288 55.681652 56.993996 90.000000 90.000000 90.000000
4267 51.205860 55.682278 56.994637 90.000000 90.000000 90.000000
4268 51.165928 55.638851 56.950188 90.000000 90.000000 90.000000
4269 51.283596 55.766808 57.081158 90.000000 90.000000 90.000000
4270 51.312733 55.798492 57.113590 90.000000 90.000000 90.000000
4271 51.240257 55.719681 57.032921 90.000000 90.000000 90.000000
4272 51.214790 55.691986 57.004574 90.000000 90.000000 90.000000
4273 51.192036 55.667244 56.979248 90.000000 90.000000 90.000000
4274 51.108955 55.576900 56.886776 90.000000 90.000000 90.000000
4275 51.159821 55.632214 56.943390 90.000000 90.000000 90.000000
4276 51.194008 55.669388 56.981445 90.000000 90.000000 90.000000
4277 51.294460 55.778625 57.093254 90.000000 90.000000 90.000000
4278 51.170048 55.643333 56.954777 90.000000 90.000000 90.000000
4279 51.281891 55.764954 57.079262 90.000000 90.000000 90.000000
4280 51.240898 55.720379 57.033634 90.000000 90.000000 90.000000
4281 51.245003 55.724842 57.038204 90.000000 90.000000 90.000000
4282 51.274906 55.757359 57.071487 90.000000 90.000000 90.000000
4283 51.082199 55.547806 56.856995 90.000000 90.000000 90.000000
4284 51.219330 55.696922 57.009624 90.000000 90.000000 90.000000
4285 51.233173 55.711979 57.025040 90.000000 90.000000 90.000000
4286 51.202614 55.678745 56.991020 90.000000 90.000000 90.000000
4287 51.318634 55.804909 57.120159 90.000000 90.000000 90.000000
4288 51.272915 55.755192 57.069271 90.000000 90.000000 90.000000
4289 51.246078 55.726013 57.039402 90.000000 90.000000 90.000000
4290 51.069988 55.534531 56.843407 90.000000 90.000000 90.000000
4291 51.317295 55.803455 57.118668 90.000000 90.000000 90.000000
4292 51.233429 55.712254 57.025318 90.000000 90.000000 90.000000
4293 51.210972 55.687836 57.000324 90.000000 90.000000 90.000000
4294 51.102352 55.569721 56.879425 90.000000 90.000000 90.000000
4295 51.149693 55.621201 56.932117 90.000000 90.000000 90.000000
4296 51.172157 55.645630 56.957123 90.000000 90.000000 90.000000
4297 51.181328 55.655598 56.967331 90.000000 90.000000 90.000000
4298 51.232624 55.711380 57.024426 90.000000 90.000000 90.000000
4299 51.219734 55.697365 57.010078 90.000000 90.000000 90.000000
4300 51.251038 55.731403 57.044918 90.000000 90.000000 90.000000
4301 51.140289 55.610973 56.921654 90.000000 90.000000 90.000000
4302 51.160118 55.632538 56.943722 90.000000 90.000000 90.000000
4303 51.097420 55.564354 56.873936 90.000000 90.000000 90.000000
4304 51.118916 55.587730 56.897861 90.000000 90.000000 90.000000
4305 51.260979 55.742214 57.055984 90.000000 90.000000 90.000000
4306 51.148205 55.619583 56.930462 90.000000 90.000000 90.000000
4307 51.185280 55.659897 56.971729 90.000000 90.000000 90.000000
4308 51.204086 55.680347 56.992661 90.000000 90.000000 90.000000
4309 51.092335 55.558826 56.868275 90.000000 90.000000 90.000000
4310 51.100224 55.567406 56.877056 90.000000 90.000000 90.000000
4311 51.177433 55.651367 56.962997 90.000000 90.000000 90.000000
4312 51.152420 55.624165 56.935154 90.000000 90.000000 90.000000
4313 51.214249 55.691399 57.003971 90.000000 90.000000 90.000000
4314 51.192097 55.667313 56.979317 90.000000 90.000000 90.000000
4315 51.190659 55.665745 56.977715 90.000000 90.000000 90.000000
4316 51.256527 55.737373 57.051029 90.000000 90.000000 90.000000
4317 51.193336 55.668659 56.980698 90.000000 90.000000 90.000000
4318 51.248348 55.728481 57.041927 90.000000 90.000000 90.000000
4319 51.292439 55.776424 57.091000 90.000000 90.000000 90.000000
4320 51.289822 55.773579 57.088089 90.000000 90.000000 90.000000
4321 51.198372 55.674137 56.986301 90.000000 90.000000 90.000000
4322 51.179058 55.653133 56.964806 90.000000 90.000000 90.000000
4323 51.262691 55.744076 57.057888 90.000000 90.000000 90.000000
4324 51.096756 55.563633 56.873196 90.000000 90.000000 90.000000
4325 51.109623 55.577625 56.887516 90.000000 90.000000 90.000000
4326 51.101532 55.568829 56.878513 90.000000 90.000000 90.000000
4327 51.218262 55.695763 57.008442 90.000000 90.000000 90.000000
4328 51.188427 55.663319 56.975231 90.000000 90.000000 90.000000
4329 51.323250 55.809929 57.125298 90.000000 90.000000 90.000000
4330 51.294685 55.778866 57.093502 90.000000 90.000000 90.000000
4331 51.262306 55.743656 57.057465 90.000000 90.000000 90.000000
4332 51.183659 55.658134 56.969921 90.000000 90.000000 90.000000
4333 51.265385 55.747005 57.060890 90.000000 90.000000 90.000000
4334 51.184296 55.658825 56.970634 90.000000 90.000000 90.000000
4335 51.173252 55.646816 56.958340 90.000000 90.000000 90.000000
4336 51.235367 55.714363 57.027477 90.000000 90.000000 90.000000
4337 51.162865 55.635525 56.946781 90.000000 90.000000 90.000000
4338 51.111530 55.579700 56.889641 90.000000 90.000000 90.000000
4339 51.080612 55.546082 56.855228 90.000000 90.000000 90.000000
4340 51.179966 55.654118 56.965813 90.000000 90.000000 90.000000
4341 51.143726 55.614712 56.925476 90.000000 90.000000 90.000000
4342 51.272427 55.754662 57.068726 90.000000 90.000000 90.000000
4343 51.221771 55.699581 57.012348 90.000000 90.000000 90.000000
4344 51.155674 55.627705 56.938778 90.000000 90.000000 90.000000
4345 51.254963 55.735672 57.049286 90.000000 90.000000 90.000000
4346 51.259151 55.740227 57.053951 90.000000 90.000000 90.000000
4347 51.139126 55.609707 56.920357 90.000000 90.000000 90.000000
4348 51.276672 55.759281 57.073452 90.000000 90.000000 90.000000
4349 51.317333 55.803493 57.118710 90.000000 90.000000 90.000000
4350 51.216305 55.693634 57.006260 90.000000 90.000000 90.000000
4351 51.144268 55.615299 56.926079 90.000000 90.000000 90.000000
4352 51.203083 55.679256 56.991543 90.000000 90.000000 90.000000
4353 51.235939 55.714985 57.028114 90.000000 90.000000 90.000000
4354 51.265553 55.747189 57.061077 90.000000 90.000000 90.000000
4355 51.215412 55.692661 57.005264 90.000000 90.000000 90.000000
4356 51.209866 55.686630 56.999092 90.000000 90.000000 90.000000
4357 51.224205 55.702225 57.015053 90.000000 90.000000 90.000000
4358 51.178574 55.652607 56.964264 90.000000 90.000000 90.000000
4359 51.147690 55.619022 56.929890 90.000000 90.000000 90.000000
4360 51.206902 55.683407 56.995792 90.000000 90.000000 90.000000
4361 51.217335 55.694756 57.007408 90.000000 90.000000 90.000000
4362 51.041725 55.503792 56.811943 90.000000 90.000000 90.000000
4363 51.236309 55.715389 57.028526 90.000000 90.000000 90.000000
4364 51.191654 55.666832 56.978825 90.000000 90.000000 90.000000
4365 51.105358 55.572990 56.882774 90.000000 90.000000 90.000000
4366 51.272522 55.754765 57.068832 90.000000 90.000000 90.000000
4367 51.094242 55.560902 56.870399 90.000000 90.000000 90.000000
4368 51.175785 55.649570 56.961159 90.000000 90.000000 90.000000
4369 51.111500 55.579666 56.889606 90.000000 90.000000 90.000000
4370 51.292538 55.776531 57.091110 90.000000 90.000000 90.000000
4371 51.154202 55.626102 56.937134 90.000000 90.000000 90.000000
4372 51.150211 55.621765 56.932697 90.000000 90.000000 90.000000
4373 51.200890 55.676872 56.989101 90.000000 90.000000 90.000000
4374 51.207195 55.683727 56.996120 90.000000 90.000000 90.000000
4375 51.205799 55.682213 56.994568 90.000000 90.000000 90.000000
4376 51.068974 55.533424 56.842274 90.000000 90.000000 90.000000
4377 51.204636 55.680946 56.993271 90.000000 90.000000 90.000000
4378 51.155819 55.627861 56.938938 90.000000 90.000000 90.000000
4379 51.183670 55.658150 56.969936 90.000000 90.000000 90.000000
4380 51.193226 55.668537 56.980572 90.000000 90.000000 90.000000
4381 51.160240 55.632668 56.943855 90.000000 90.000000 90.000000
4382 51.097576 55.564526 56.874107 90.000000 90.000000 90.000000
4383 51.225494 55.703629 57.016487 90.000000 90.000000 90.000000
4384 51.305782 55.790932 57.105854 90.000000 90.000000 90.000000
4385 51.243553 55.723263 57.036591 90.000000 90.000000 90.000000
4386 51.150055 55.621593 56.932522 90.000000 90.000000 90.000000
4387 51.275265 55.757748 57.071884 90.000000 90.000000 90.000000
4388 51.190922 55.666035 56.978008 90.000000 90.000000 90.000000
4389 51.098801 55.565857 56.875473 90.000000 90.000000 90.000000
4390 51.260983 55.742218 57.055988 90.000000 90.000000 90.000000
4391 51.197475 55.673161 56.985306 90.000000 90.000000 90.000000
4392 51.218185 55.695683 57.008354 90.000000 90.000000 90.000000
4393 51.223152 55.701080 57.013885 90.000000 90.000000 90.000000
4394 51.244480 55.724274 57.037621 90.000000 90.000000 90.000000
4395 51.219265 55.696854 57.009556 90.000000 90.000000 90.000000
4396 51.085445 55.551334 56.860607 90.000000 90.000000 90.000000
4397 51.082714 55.548367 56.857567 90.000000 90.000000 90.000000
4398 51.126823 55.596329 56.906662 90.000000 90.000000 90.000000
4399 51.219543 55.697159 57.009865 90.000000 90.000000 90.000000
4400 51.171738 55.645172 56.956657 90.000000 90.000000 90.000000
4401 51.188446 55.663338 56.975250 90.000000 90.000000 90.000000
4402 51.185230 55.659843 56.971672 90.000000 90.000000 90.000000
4403 51.224422 55.702461 57.015293 90.000000 90.000000 90.000000
4404 51.218372 55.695881 57.008560 90.000000 90.000000 90.000000
4405 51.193874 55.669243 56.981293 90.000000 90.000000 90.000000
4406 51.239796 55.719177 57.032406 90.000000 90.000000 90.000000
4407 51.269901 55.751919 57.065918 90.000000 90.000000 90.000000
4408 51.112209 55.580441 56.890400 90.000000 90.000000 90.000000
4409 51.201492 55.677525 56.989773 90.000000 90.000000 90.000000
4410 51.205193 55.681549 56.993889 90.000000 90.000000 90.000000
4411 51.181133 55.655388 56.967113 90.000000 90.000000 90.000000
4412 51.070934 55.535557 56.844460 90.000000 90.000000 90.000000
4413 51.072090 55.536812 56.845745 90.000000 90.000000 90.000000
4414 51.224857 55.702938 57.015781 90.000000 90.000000 90.000000
4415 51.239834 55.719223 57.032452 90.000000 90.000000 90.000000
4416 51.177773 55.651733 56.963371 90.000000 90.000000 90.000000
4417 51.132805 55.602833 56.913319 90.000000 90.000000 90.000000
4418 51.171326 55.644722 56.956196 90.000000 90.000000 90.000000
4419 51.285744 55.769146 57.083549 90.000000 90.000000 90.000000
4420 51.182598 55.656982 56.968746 90.000000 90.000000 90.000000
4421 51.164165 55.636936 56.948227 90.000000 90.000000 90.000000
4422 51.239185 55.718517 57.031727 90.000000 90.000000 90.000000
4423 51.236946 55.716080 57.029236 90.000000 90.000000 90.000000
4424 51.304192 55.789204 57.104084 90.000000 90.000000 90.000000
4425 51.302540 55.787407 57.102245 90.000000 90.000000 90.000000
4426 51.293995 55.778118 57.092735 90.000000 90.000000 90.000000
4427 51.143818 55.614811 56.925579 90.000000 90.000000 90.000000
4428 51.195305 55.670799 56.982887 90.000000 90.000000 90.000000
4429 51.341335 55.829597 57.145428 90.000000 90.000000 90.000000
4430 51.290592 55.774418 57.088947 90.000000 90.000000 90.000000
4431 51.132706 55.602730 56.913212 90.000000 90.000000 90.000000
4432 51.238247 55.717495 57.030685 90.000000 90.000000 90.000000
4433 51.070316 55.534885 56.843769 90.000000 90.000000 90.000000
4434 51.207279 55.683823 56.996216 90.000000 90.000000 90.000000
4435 51.171467 55.644878 56.956356 90.000000 90.000000 90.000000
4436 51.225758 55.703915 57.016785 90.000000 90.000000 90.000000
4437 51.218342 55.695850 57.008530 90.000000 90.000000 90.000000
4438 51.298485 55.782997 57.097733 90.000000 90.000000 90.000000
4439 51.058273 55.521790 56.830364 90.000000 90.000000 90.000000
4440 51.097057 55.563965 56.873535 90.000000 90.000000 90.000000
4441 51.226341 55.704548 57.017429 90.000000 90.000000 90.000000
4442 51.108273 55.576157 56.886017 90.000000 90.000000 90.000000
4443 51.145298 55.616421 56.927227 90.000000 90.000000 90.000000
4444 51.158329 55.630589 56.941730 90.000000 90.000000 90.000000
4445 51.150719 55.622314 56.933258 90.000000 90.000000 90.000000
4446 51.185596 55.660240 56.972080 90.000000 90.000000 90.000000
4447 51.263905 55.745396 57.059242 90.000000 90.000000 90.000000
4448 51.232895 55.711678 57.024727 90.000000 90.000000 90.000000
4449 51.115818 55.584362 56.894413 90.000000 90.000000 90.000000
4450 51.098106 55.565102 56.874699 90.000000 90.000000 90.000000
4451 51.236202 55.715271 57.028408 90.000000 90.000000 90.000000
4452 51.305882 55.791042 57.105965 90.000000 90.000000 90.000000
4453 51.225304 55.703419 57.016277 90.000000 90.000000 90.000000
4454 51.224037 55.702045 57.014870 90.000000 90.000000 90.000000
4455 51.181103 55.655357 56.967079 90.000000 90.000000 90.000000
4456 51.286877 55.770374 57.084808 90.000000 90.000000 90.000000
4457 51.260372 55.741554 57.055309 90.000000 90.000000 90.000000
4458 51.218758 55.696301 57.008991 90.000000 90.000000 90.000000
4459 51.134171 55.604321 56.914841 90.000000 90.000000 90.000000
4460 51.134129 55.604275 56.914795 90.000000 90.000000 90.000000
4461 51.175690 55.649467 56.961056 90.000000 90.000000 90.000000
4462 51.180767 55.654987 56.966705 90.000000 90.000000 90.000000
4463 51.204884 55.681217 56.993549 90.000000 90.000000 90.000000
4464 51.203773 55.680008 56.992313 90.000000 90.000000 90.000000
4465 51.256985 55.737873 57.051540 90.000000 90.000000 90.000000
4466 51.184212 55.658737 56.970539 90.000000 90.000000 90.000000
4467 51.192833 55.668110 56.980137 90.000000 90.000000 90.000000
4468 51.205048 55.681393 56.993732 90.000000 90.000000 90.000000
4469 51.146172 55.617371 56.928200 90.000000 90.000000 90.000000
4470 51.164719 55.637539 56.948841 90.000000 90.000000 90.000000
4471 51.289673 55.773415 57.087921 90.000000 90.000000 90.000000
4472 51.156471 55.628571 56.939667 90.000000 90.000000 90.000000
4473 51.199242 55.675079 56.987270 90.000000 90.000000 90.000000
4474 51.189320 55.664291 56.976223 90.000000 90.000000 90.000000
4475 51.199139 55.674969 56.987156 90.000000 90.000000 90.000000
4476 51.191277 55.666420 56.978405 90.000000 90.000000 90.000000
4477 51.245323 55.725189 57.038559 90.000000 90.000000 90.000000
4478 51.188759 55.663677 56.975597 90.000000 90.000000 90.000000
4479 51.116734 55.585358 56.895432 90.000000 90.000000 90.000000
4480 51.320633 55.807083 57.122383 90.000000 90.000000 90.000000
4481 51.187599 55.662422 56.974312 90.000000 90.000000 90.000000
4482 51.210514 55.687340 56.999817 90.000000 90.000000 90.000000
4483 51.124210 55.593487 56.903755 90.000000 90.000000 90.000000
4484 51.168938 55.642128 56.953537 90.000000 90.000000 90.000000
4485 51.097775 55.564743 56.874329 90.000000 90.000000 90.000000
4486 51.107685 55.575520 56.885361 90.000000 90.000000 90.000000
4487 51.165062 55.637909 56.949223 90.000000 90.000000 90.000000
4488 51.141403 55.612186 56.922890 90.000000 90.000000 90.000000
4489 51.213848 55.690964 57.003529 90.000000 90.000000 90.000000
4490 51.297348 55.781765 57.096466 90.000000 90.000000 90.000000
4491 51.248528 55.728672 57.042126 90.000000 90.000000 90.000000
4492 51.169281 55.642502 56.953922 90.000000 90.000000 90.000000
4493 51.171505 55.644920 56.956398 90.000000 90.000000 90.000000
4494 51.152531 55.624287 56.935276 90.000000 90.000000 90.000000
4495 51.197926 55.673649 56.985802 90.000000 90.000000 90.000000
4496 51.159485 55.631847 56.943016 90.000000 90.000000 90.000000
4497 51.158661 55.630955 56.942101 90.000000 90.000000 90.000000
4498 51.248280 55.728405 57.041851 90.000000 90.000000 90.000000
4499 51.208797 55.685471 56.997906 90.000000 90.000000 90.000000
4500 51.165977 55.638908 56.950245 90.000000 90.000000 90.000000
4501 51.266064 55.747746 57.061646 90.000000 90.000000 90.000000
4502 51.074497 55.539429 56.848419 90.000000 90.000000 90.000000
4503 51.203308 55.679504 56.991798 90.000000 90.000000 90.000000
4504 51.281898 55.764961 57.079269 90.000000 90.000000 90.000000
4505 51.198139 55.673878 56.986038 90.000000 90.000000 90.000000
4506 51.145550 55.616695 56.927505 90.000000 90.000000 90.000000
4507 51.280987 55.763973 57.078255 90.000000 90.000000 90.000000
4508 51.087391 55.553452 56.862774 90.000000 90.000000 90.000000
4509 51.167004 55.640022 56.951385 90.000000 90.000000 90.000000
4510 51.179005 55.653072 56.964745 90.000000 90.000000 90.000000
4511 51.224976 55.703060 57.015911 90.000000 90.000000 90.000000
4512 51.031708 55.492901 56.800797 90.000000 90.000000 90.000000
4513 51.262737 55.744129 57.057945 90.000000 90.000000 90.000000
4514 51.257511 55.738445 57.052124 90.000000 90.000000 90.000000
4515 51.250187 55.730480 57.043976 90.000000 90.000000 90.000000
4516 51.169323 55.642548 56.953968 90.000000 90.000000 90.000000
4517 51.202389 55.678501 56.990772 90.000000 90.000000 90.000000
4518 51.141689 55.612495 56.923210 90.000000 90.000000 90.000000
4519 51.236408 55.715496 57.028637 90.000000 90.000000 90.000000
4520 51.288666 55.772320 57.086803 90.000000 90.000000 90.000000
4521 51.254684 55.735367 57.048977 90.000000 90.000000 90.000000
4522 51.178230 55.652233 56.963882 90.000000 90.000000 90.000000
4523 51.250561 55.730885 57.044388 90.000000 90.000000 90.000000
4524 51.167980 55.641087 56.952477 90.000000 90.000000 90.000000
4525 51.181721 55.656025 56.967766 90.000000 90.000000 90.000000
4526 51.183899 55.658394 56.970192 90.000000 90.000000 90.000000
4527 51.197292 55.672962 56.985100 90.000000 90.000000 90.000000
4528 51.182777 55.657177 56.968945 90.000000 90.000000 90.000000
4529 51.283005 55.766167 57.080502 90.000000 90.000000 90.000000
4530 51.228630 55.707039 57.019978 90.000000 90.000000 90.000000
4531 51.397339 55.890495 57.207760 90.000000 90.000000 90.000000
4532 51.110985 55.579109 56.889034 90.000000 90.000000 90.000000
4533 51.268383 55.750263 57.064224 90.000000 90.000000 90.000000
4534 51.240070 55.719479 57.032715 90.000000 90.000000 90.000000
4535 51.214130 55.691269 57.003838 90.000000 90.000000 90.000000
4536 51.108120 55.575993 56.885845 90.000000 90.000000 90.000000
4537 51.140427 55.611122 56.921806 90.000000 90.000000 90.000000
4538 51.153065 55.624866 56.935871 90.000000 90.000000 90.000000
4539 51.387577 55.879879 57.196896 90.000000 90.000000 90.000000
4540 51.242001 55.721581 57.034863 90.000000 90.000000 90.000000
4541 51.151497 55.623161 56.934124 90.000000 90.000000 90.000000
4542 51.174877 55.648586 56.960152 90.000000 90.000000 90.000000
4543 51.251438 55.731842 57.045368 90.000000 90.000000 90.000000
4544 51.226700 55.704941 57.017834 90.000000 90.000000 90.000000
4545 51.196140 55.671707 56.983818 90.000000 90.000000 90.000000
4546 51.165329 55.638203 56.949524 90.000000 90.000000 90.000000
4547 51.164818 55.637646 56.948952 90.000000 90.000000 90.000000
4548 51.119289 55.588139 56.898277 90.000000 90.000000 90.000000
4549 51.160538 55.632996 56.944191 90.000000 90.000000 90.000000
4550 51.254337 55.734989 57.048592 90.000000 90.000000 90.000000
4551 51.152569 55.624329 56.935318 90.000000 90.000000 90.000000
4552 51.170044 55.643330 56.954769 90.000000 90.000000 90.000000
4553 51.193642 55.668991 56.981037 90.000000 90.000000 90.000000
4554 51.190495 55.665565 56.977531 90.000000 90.000000 90.000000
4555 51.220291 55.697971 57.010700 90.000000 90.000000 90.000000
4556 51.298691 55.783222 57.097958 90.000000 90.000000 90.000000
4557 51.251911 55.732357 57.045895 90.000000 90.000000 90.000000
4558 51.318977 55.805283 57.120541 90.000000 90.000000 90.000000
4559 51.121212 55.590229 56.900417 90.000000 90.000000 90.000000
4560 51.161228 55.633743 56.944958 90.000000 90.000000 90.000000
4561 51.195896 55.671440 56.983543 90.000000 90.000000 90.000000
4562 51.154640 55.626579 56.937626 90.000000 90.000000 90.000000
4563 51.228344 55.706726 57.019661 90.000000 90.000000 90.000000
4564 51.270504 55.752571 57.066586 90.000000 90.000000 90.000000
4565 51.179794 55.653934 56.965626 90.000000 90.000000 90.000000
4566 51.168705 55.641872 56.953278 90.000000 90.000000 90.000000
4567 51.262005 55.743328 57.057125 90.000000 90.000000 90.000000
4568 51.174923 55.648632 56.960197 90.000000 90.000000 90.000000
4569 51.078728 55.544029 56.853130 90.000000 90.000000 90.000000
4570 51.340069 55.828217 57.144016 90.000000 90.000000 90.000000
4571 51.181255 55.655521 56.967247 90.000000 90.000000 90.000000
4572 51.280743 55.763706 57.077984 90.000000 90.000000 90.000000
4573 51.102867 55.570282 56.880001 90.000000 90.000000 90.000000
4574 51.149830 55.621349 56.932270 90.000000 90.000000 90.000000
4575 51.078808 55.544117 56.853218 90.000000 90.000000 90.000000
4576 51.021969 55.482311 56.789955 90.000000 90.000000 90.000000
4577 51.174522 55.648201 56.959755 90.000000 90.000000 90.000000
4578 51.220581 55.698284 57.011021 90.000000 90.000000 90.000000
4579 51.231968 55.710667 57.023693 90.000000 90.000000 90.000000
4580 51.205605 55.681999 56.994354 90.000000 90.000000 90.000000
4581 51.262657 55.744038 57.057854 90.000000 90.000000 90.000000
4582 51.231388 55.710037 57.023048 90.000000 90.000000 90.000000
4583 51.126457 55.595932 56.906258 90.000000 90.000000 90.000000
4584 51.158939 55.631256 56.942410 90.000000 90.000000 90.000000
4585 51.111286 55.579437 56.889370 90.000000 90.000000 90.000000
4586 51.122303 55.591415 56.901630 90.000000 90.000000 90.000000
4587 51.182320 55.656677 56.968433 90.000000 90.000000 90.000000
4588 51.155849 55.627895 56.938972 90.000000 90.000000 90.000000
4589 51.231087 55.709705 57.022713 90.000000 90.000000 90.000000
4590 51.159542 55.631908 56.943081 90.000000 90.000000 90.000000
4591 51.225697 55.703850 57.016716 90.000000 90.000000 90.000000
4592 51.201622 55.677670 56.989918 90.000000 90.000000 90.000000
4593 51.135006 55.605228 56.915768 90.000000 90.000000 90.000000
4594 51.104862 55.572453 56.882221 90.000000 90.000000 90.000000
4595 51.091324 55.557728 56.867149 90.000000 90.000000 90.000000
4596 51.211868 55.688808 57.001324 90.000000 90.000000 90.000000
4597 51.112770 55.581047 56.891022 90.000000 90.000000 90.000000
4598 51.152554 55.624310 56.935303 90.000000 90.000000 90.000000
4599 51.273987 55.756359 57.070465 90.000000 90.000000 90.000000
4600 51.206081 55.682518 56.994881 90.000000 90.000000 90.000000
4601 51.219051 55.696621 57.009319 90.000000 90.000000 90.000000
4602 51.222992 55.700909 57.013706 90.000000 90.000000 90.000000
4603 51.225864 55.704029 57.016899 90.000000 90.000000 90.000000
4604 51.145405 55.616535 56.927345 90.000000 90.000000 90.000000
4605 51.191975 55.667175 56.979179 90.000000 90.000000 90.000000
4606 51.143810 55.614799 56.925571 90.000000 90.000000 90.000000
4607 51.174023 55.647655 56.959198 90.000000 90.000000 90.000000
4608 51.288147 55.771755 57.086224 90.000000 90.000000 90.000000
4609 51.253929 55.734547 57.048138 90.000000 90.000000 90.000000
4610 51.173222 55.646782 56.958305 90.000000 90.000000 90.000000
4611 51.180862 55.655094 56.966812 90.000000 90.000000 90.000000
4612 51.080231 55.545666 56.854801 90.000000 90.000000 90.000000
4613 51.152206 55.623932 56.934914 90.000000 90.000000 90.000000
4614 51.099339 55.566444 56.876072 90.000000 90.000000 90.000000
4615 51.077625 55.542831 56.851902 90.000000 90.000000 90.000000
4616 51.229973 55.708496 57.021473 90.000000 90.000000 90.000000
4617 51.174793 55.648495 56.960056 90.000000 90.000000 90.000000
4618 51.182312 55.656670 56.968426 90.000000 90.000000 90.000000
4619 51.067783 55.532127 56.840946 90.000000 90.000000 90.000000
4620 51.172295 55.645779 56.957275 90.000000 90.000000 90.000000
4621 51.227161 55.705441 57.018345 90.000000 90.000000 90.000000
4622 51.161125 55.633633 56.944843 90.000000 90.000000 90.000000
4623 51.254738 55.735428 57.049038 90.000000 90.000000 90.000000
4624 51.145424 55.616554 56.927364 90.000000 90.000000 90.000000
4625 51.162315 55.634926 56.946167 90.000000 90.000000 90.000000
4626 51.235966 55.715015 57.028145 90.000000 90.000000 90.000000
4627 51.155773 55.627811 56.938889 90.000000 90.000000 90.000000
4628 51.183697 55.658176 56.969967 90.000000 90.000000 90.000000
4629 51.114090 55.582481 56.892490 90.000000 90.000000 90.000000
4630 51.272690 55.754948 57.069019 90.000000 90.000000 90.000000
4631 51.077896 55.543125 56.852203 90.000000 90.000000 90.000000
4632 51.168896 55.642078 56.953491 90.000000 90.000000 90.000000
4633 51.253201 55.733753 57.047325 90.000000 90.000000 90.000000
4634 51.208065 55.684673 56.997089 90.000000 90.000000 90.000000
4635 51.140903 55.611641 56.922333 90.000000 90.000000 90.000000
4636 51.216534 55.693886 57.006516 90.000000 90.000000 90.000000
4637 51.334652 55.822327 57.137985 90.000000 90.000000 90.000000
4638 51.185291 55.659908 56.971741 90.000000 90.000000 90.000000
4639 51.251163 55.731537 57.045059 90.000000 90.000000 90.000000
4640 51.195210 55.670692 56.982780 90.000000 90.000000 90.000000
4641 51.143364 55.614319 56.925076 90.000000 90.000000 90.000000
4642 51.151318 55.622963 56.933926 90.000000 90.000000 90.000000
4643 51.164539 55.637341 56.948643 90.000000 90.000000 90.000000
4644 51.371597 55.862503 57.179108 90.000000 90.000000 90.000000
4645 51.212162 55.689129 57.001648 90.000000 90.000000 90.000000
4646 51.219723 55.697350 57.010063 90.000000 90.000000 90.000000
4647 51.172222 55.645699 56.957195 90.000000 90.000000 90.000000
4648 51.143482 55.614445 56.925205 90.000000 90.000000 90.000000
4649 51.154991 55.626961 56.938015 90.000000 90.000000 90.000000
4650 51.159283 55.631626 56.942791 90.000000 90.000000 90.000000
4651 51.127190 55.596729 56.907070 90.000000 90.000000 90.000000
4652 51.156948 55.629089 56.940193 90.000000 90.000000 90.000000
4653 51.115654 55.584183 56.894230 90.000000 90.000000 90.000000
4654 51.247593 55.727657 57.041084 90.000000 90.000000 90.000000
4655 51.112576 55.580841 56.890808 90.000000 90.000000 90.000000
4656 51.176193 55.650017 56.961617 90.000000 90.000000 90.000000
4657 51.125336 55.594711 56.905006 90.000000 90.000000 90.000000
4658 51.023514 55.483990 56.791676 90.000000 90.000000 90.000000
4659 51.189877 55.664898 56.976845 90.000000 90.000000 90.000000
4660 51.317135 55.803280 57.118488 90.000000 90.000000 90.000000
4661 51.080128 55.545551 56.854687 90.000000 90.000000 90.000000
4662 51.131596 55.601517 56.911972 90.000000 90.000000 90.000000
4663 51.217171 55.694576 57.007225 90.000000 90.000000 90.000000
4664 51.205788 55.682198 56.994556 90.000000 90.000000 90.000000
4665 51.240711 55.720177 57.033428 90.000000 90.000000 90.000000
4666 51.240040 55.719444 57.032681 90.000000 90.000000 90.000000
4667 51.178665 55.652706 56.964367 90.000000 90.000000 90.000000
4668 51.105648 55.573307 56.883095 90.000000 90.000000 90.000000
4669 51.173489 55.647076 56.958607 90.000000 90.000000 90.000000
4670 51.220268 55.697945 57.010670 90.000000 90.000000 90.000000
4671 51.048397 55.511047 56.819370 90.000000 90.000000 90.000000
4672 51.214287 55.691437 57.004013 90.000000 90.000000 90.000000
4673 51.012722 55.472256 56.779663 90.000000 90.000000 90.000000
4674 51.151592 55.623268 56.934235 90.000000 90.000000 90.000000
4675 51.134563 55.604748 56.915279 90.000000 90.000000 90.000000
4676 51.208164 55.684784 56.997200 90.000000 90.000000 90.000000
4677 51.272655 55.754913 57.068981 90.000000 90.000000 90.000000
4678 51.174217 55.647865 56.959415 90.000000 90.000000 90.000000
4679 51.236759 55.715874 57.029026 90.000000 90.000000 90.000000
4680 51.061565 55.525368 56.834026 90.000000 90.000000 90.000000
4681 51.194221 55.669621 56.981678 90.000000 90.000000 90.000000
4682 51.210442 55.687260 56.999737 90.000000 90.000000 90.000000
4683 51.334156 55.821789 57.137436 90.000000 90.000000 90.000000
4684 51.158375 55.630642 56.941784 90.000000 90.000000 90.000000
4685 51.180504 55.654701 56.966412 90.000000 90.000000 90.000000
4686 51.234257 55.713154 57.026241 90.000000 90.000000 90.000000
4687 51.117554 55.586250 56.896347 90.000000 90.000000 90.000000
4688 51.101051 55.568306 56.877979 90.000000 90.000000 90.000000
4689 51.145172 55.616283 56.927086 90.000000 90.000000 90.000000
4690 51.046825 55.509338 56.817619 90.000000 90.000000 90.000000
4691 51.121826 55.590897 56.901104 90.000000 90.000000 90.000000
4692 51.243584 55.723297 57.036625 90.000000 90.000000 90.000000
4693 51.288445 55.772079 57.086555 90.000000 90.000000 90.000000
4694 51.354530 55.843945 57.160110 90.000000 90.000000 90.000000
4695 51.164742 55.637566 56.948868 90.000000 90.000000 90.000000
4696 51.155994 55.628052 56.939133 90.000000 90.000000 90.000000
4697 51.114590 55.583027 56.893047 90.000000 90.000000 90.000000
4698 51.080566 55.546028 56.855175 90.000000 90.000000 90.000000
4699 51.115181 55.583672 56.893703 90.000000 90.000000 90.000000
4700 51.176579 55.650436 56.962044 90.000000 90.000000 90.000000
4701 51.136604 55.606964 56.917549 90.000000 90.000000 90.000000
4702 51.190132 55.665173 56.977127 90.000000 90.000000 90.000000
4703 51.141205 55.611969 56.922672 90.000000 90.000000 90.000000
4704 51.114765 55.583218 56.893242 90.000000 90.000000 90.000000
4705 51.239731 55.719109 57.032337 90.000000 90.000000 90.000000
4706 51.203579 55.679794 56.992096 90.000000 90.000000 90.000000
4707 51.116329 55.584919 56.894981 90.000000 90.000000 90.000000
4708 51.308041 55.793388 57.108364 90.000000 90.000000 90.000000
4709 51.312599 55.798344 57.113438 90.000000 90.000000 90.000000
4710 51.266293 55.747993 57.061901 90.000000 90.000000 90.000000
4711 51.164001 55.636757 56.948044 90.000000 90.000000 90.000000
4712 51.212486 55.689484 57.002010 90.000000 90.000000 90.000000
4713 51.150631 55.622219 56.933163 90.000000 90.000000 90.000000
4714 51.149117 55.620575 56.931477 90.000000 90.000000 90.000000
4715 51.174858 55.648567 56.960129 90.000000 90.000000 90.000000
4716 51.112274 55.580509 56.890469 90.000000 90.000000 90.000000
4717 51.123928 55.593182 56.903439 90.000000 90.000000 90.000000
4718 51.194630 55.670067 56.982136 90.000000 90.000000 90.000000
4719 51.221016 55.698761 57.011505 90.000000 90.000000 90.000000
4720 51.103779 55.571274 56.881016 90.000000 90.000000 90.000000
4721 51.207031 55.683552 56.995937 90.000000 90.000000 90.000000
4722 51.313305 55.799114 57.114227 90.000000 90.000000 90.000000
4723 51.287331 55.770870 57.085316 90.000000 90.000000 90.000000
4724 51.264297 55.745823 57.059677 90.000000 90.000000 90.000000
4725 51.092831 55.559368 56.868828 90.000000 90.000000 90.000000
4726 51.178177 55.652172 56.963821 90.000000 90.000000 90.000000
4727 51.197769 55.673481 56.985630 90.000000 90.000000 90.000000
4728 51.287376 55.770920 57.085365 90.000000 90.000000 90.000000
4729 51.315380 55.801373 57.116539 90.000000 90.000000 90.000000
4730 51.058758 55.522316 56.830906 90.000000 90.000000 90.000000
4731 51.242596 55.722221 57.035522 90.000000 90.000000 90.000000
4732 51.251507 55.731915 57.045441 90.000000 90.000000 90.000000
4733 51.140926 55.611668 56.922359 90.000000 90.000000 90.000000
4734 51.181393 55.655670 56.967403 90.000000 90.000000 90.000000
4735 51.072113 55.536835 56.845768 90.000000 90.000000 90.000000
4736 51.052872 55.515915 56.824352 90.000000 90.000000 90.000000
4737 51.206169 55.682613 56.994980 90.000000 90.000000 90.000000
4738 51.091686 55.558121 56.867554 90.000000 90.000000 90.000000
4739 51.185738 55.660397 56.972240 90.000000 90.000000 90.000000
4740 51.166821 55.639824 56.951183 90.000000 90.000000 90.000000
4741 51.260139 55.741299 57.055050 90.000000 90.000000 90.000000
4742 51.202545 55.678673 56.990948 90.000000 90.000000 90.000000
4743 51.104019 55.571533 56.881279 90.000000 90.000000 90.000000
4744 51.242374 55.721981 57.035275 90.000000 90.000000 90.000000
4745 51.211308 55.688198 57.000698 90.000000 90.000000 90.000000
4746 51.151588 55.623260 56.934231 90.000000 90.000000 90.000000
4747 51.153366 55.625195 56.936207 90.000000 90.000000 90.000000
4748 51.122223 55.591328 56.901543 90.000000 90.000000 90.000000
4749 51.301907 55.786720 57.101540 90.000000 90.000000 90.000000
4750 51.199219 55.675053 56.987240 90.000000 90.000000 90.000000
4751 51.235832 55.714870 57.027996 90.000000 90.000000 90.000000
4752 51.113350 55.581676 56.891666 90.000000 90.000000 90.000000
4753 51.118725 55.587521 56.897648 90.000000 90.000000 90.000000
4754 51.219883 55.697529 57.010246 90.000000 90.000000 90.000000
4755 51.310604 55.796177 57.111217 90.000000 90.000000 90.000000
4756 51.146389 55.617603 56.928440 90.000000 90.000000 90.000000
4757 51.181702 55.656010 56.967747 90.000000 90.000000 90.000000
4758 51.113461 55.581799 56.891792 90.000000 90.000000 90.000000
4759 51.236309 55.715385 57.028526 90.000000 90.000000 90.000000
4760 51.173634 55.647232 56.958763 90.000000 90.000000 90.000000
4761 51.328110 55.815212 57.130703 90.000000 90.000000 90.000000
4762 51.158245 55.630497 56.941635 90.000000 90.000000 90.000000
4763 51.263447 55.744896 57.058731 90.000000 90.000000 90.000000
4764 51.257175 55.738075 57.051750 90.000000 90.000000 90.000000
4765 51.191483 55.666645 56.978634 90.000000 90.000000 90.000000
4766 51.150631 55.622219 56.933163 90.000000 90.000000 90.000000
4767 51.052322 55.515320 56.823742 90.000000 90.000000 90.000000
4768 51.155296 55.627296 56.938358 90.000000 90.000000 90.000000
4769 51.186470 55.661190 56.973053 90.000000 90.000000 90.000000
4770 51.234665 55.713600 57.026695 90.000000 90.000000 90.000000
4771 51.271626 55.753788 57.067833 90.000000 90.000000 90.000000
4772 51.257656 55.738602 57.052288 90.000000 90.000000 90.000000
4773 51.165611 55.638508 56.949837 90.000000 90.000000 90.000000
4774 51.011574 55.471008 56.778385 90.000000 90.000000 90.000000
4775 51.224422 55.702461 57.015297 90.000000 90.000000 90.000000
4776 51.151077 55.622707 56.933659 90.000000 90.000000 90.000000
4777 51.182701 55.657093 56.968861 90.000000 90.000000 90.000000
4778 51.125931 55.595360 56.905670 90.000000 90.000000 90.000000
4779 51.257748 55.738701 57.052387 90.000000 90.000000 90.000000
4780 51.196636 55.672245 56.984367 90.000000 90.000000 90.000000
4781 51.167915 55.641014 56.952400 90.000000 90.000000 90.000000
4782 51.294777 55.778965 57.093601 90.000000 90.000000 90.000000
4783 51.161900 55.634472 56.945702 90.000000 90.000000 90.000000
4784 51.210205 55.687000 56.999470 90.000000 90.000000 90.000000
4785 51.108120 55.575989 56.885845 90.000000 90.000000 90.000000
4786 51.256893 55.737774 57.051441 90.000000 90.000000 90.000000
4787 51.317158 55.803303 57.118515 90.000000 90.000000 90.000000
4788 51.233620 55.712463 57.025532 90.000000 90.000000 90.000000
4789 51.217251 55.694664 57.007317 90.000000 90.000000 90.000000
4790 51.277054 55.759697 57.073879 90.000000 90.000000 90.000000
4791 51.227333 55.705627 57.018536 90.000000 90.000000 90.000000
4792 51.225243 55.703354 57.016209 90.000000 90.000000 90.000000
4793 51.205757 55.682163 56.994518 90.000000 90.000000 90.000000
4794 51.130943 55.600811 56.911247 90.000000 90.000000 90.000000
4795 51.149361 55.620842 56.931751 90.000000 90.000000 90.000000
4796 51.158661 55.630951 56.942101 90.000000 90.000000 90.000000
4797 51.246021 55.725948 57.039337 90.000000 90.000000 90.000000
4798 51.215714 55.692993 57.005604 90.000000 90.000000 90.000000
4799 51.189651 55.664650 56.976593 90.000000 90.000000 90.000000
4800 51.110859 55.578972 56.888893 90.000000 90.000000 90.000000
4801 51.160728 55.633198 56.944401 90.000000 90.000000 90.000000
4802 51.265682 55.747326 57.061218 90.000000 90.000000 90.000000
4803 51.257229 55.738136 57.051811 90.000000 90.000000 90.000000
4804 51.211834 55.688774 57.001286 90.000000 90.000000 90.000000
4805 51.126583 55.596069 56.906395 90.000000 90.000000 90.000000
4806 51.291527 55.775433 57.089989 90.000000 90.000000 90.000000
4807 51.230072 55.708603 57.021584 90.000000 90.000000 90.000000
4808 51.300797 55.785511 57.100304 90.000000 90.000000 90.000000
4809 51.242874 55.722527 57.035835 90.000000 90.000000 90.000000
4810 51.130867 55.600727 56.911163 90.000000 90.000000 90.000000
4811 51.167259 55.640301 56.951668 90.000000 90.000000 90.000000
4812 51.051708 55.514652 56.823059 90.000000 90.000000 90.000000
4813 51.369408 55.860123 57.176674 90.000000 90.000000 90.000000
4814 51.175117 55.648846 56.960415 90.000000 90.000000 90.000000
4815 51.280231 55.763149 57.077415 90.000000 90.000000 90.000000
4816 51.153767 55.625629 56.936653 90.000000 90.000000 90.000000
4817 51.265781 55.747437 57.061333 90.000000 90.000000 90.000000
4818 51.277809 55.760513 57.074718 90.000000 90.000000 90.000000
4819 51.210762 55.687607 57.000092 90.000000 90.000000 90.000000
4820 51.229439 55.707916 57.020878 90.000000 90.000000 90.000000
4821 51.356083 55.845634 57.161842 90.000000 90.000000 90.000000
4822 51.320892 55.807365 57.122673 90.000000 90.000000 90.000000
4823 51.205322 55.681690 56.994034 90.000000 90.000000 90.000000
4824 51.249466 55.729694 57.043167 90.000000 90.000000 90.000000
4825 51.153641 55.625492 56.936512 90.000000 90.000000 90.000000
4826 51.342983 55.831387 57.147259 90.000000 90.000000 90.000000
4827 51.256023 55.736824 57.050468 90.000000 90.000000 90.000000
4828 51.133835 55.603958 56.914471 90.000000 90.000000 90.000000
4829 51.189857 55.664875 56.976822 90.000000 90.000000 90.000000
4830 51.231201 55.709831 57.022839 90.000000 90.000000 90.000000
4831 51.196457 55.672050 56.984169 90.000000 90.000000 90.000000
4832 51.116016 55.584576 56.894634 90.000000 90.000000 90.000000
4833 51.273975 55.756348 57.070450 90.000000 90.000000 90.000000
4834 51.229309 55.707775 57.020733 90.000000 90.000000 90.000000
4835 51.134579 55.604763 56.915295 90.000000 90.000000 90.000000
4836 51.250690 55.731026 57.044533 90.000000 90.000000 90.000000
4837 51.086399 55.552372 56.861671 90.000000 90.000000 90.000000
4838 51.117977 55.586712 56.896820 90.000000 90.000000 90.000000
4839 51.199669 55.675545 56.987743 90.000000 90.000000 90.000000
4840 51.070862 55.535480 56.844376 90.000000 90.000000 90.000000
4841 51.203148 55.679325 56.991615 90.000000 90.000000 90.000000
4842 51.226654 55.704891 57.017780 90.000000 90.000000 90.000000
4843 51.129162 55.598873 56.909267 90.000000 90.000000 90.000000
4844 51.060787 55.524525 56.833164 90.000000 90.000000 90.000000
4845 51.201935 55.678009 56.990265 90.000000 90.000000 90.000000
4846 51.221401 55.699173 57.011932 90.000000 90.000000 90.000000
4847 51.226128 55.704319 57.017197 90.000000 90.000000 90.000000
4848 51.281811 55.764870 57.079174 90.000000 90.000000 90.000000
4849 51.182377 55.656742 56.968498 90.000000 90.000000 90.000000
4850 51.258015 55.738991 57.052685 90.000000 90.000000 90.000000
4851 51.269028 55.750965 57.064941 90.000000 90.000000 90.000000
4852 51.159103 55.631432 56.942593 90.000000 90.000000 90.000000
4853 51.217541 55.694977 57.007633 90.000000 90.000000 90.000000
4854 51.181152 55.655411 56.967136 90.000000 90.000000 90.000000
4855 51.150059 55.621593 56.932522 90.000000 90.000000 90.000000
4856 51.264236 55.745758 57.059612 90.000000 90.000000 90.000000
4857 51.108356 55.576248 56.886108 90.000000 90.000000 90.000000
4858 51.244686 55.724495 57.037849 90.000000 90.000000 90.000000
4859 51.097450 55.564388 56.873970 90.000000 90.000000 90.000000
4860 51.116150 55.584724 56.894783 90.000000 90.000000 90.000000
4861 51.127617 55.597195 56.907547 90.000000 90.000000 90.000000
4862 51.321022 55.807507 57.122818 90.000000 90.000000 90.000000
4863 51.203758 55.679989 56.992294 90.000000 90.000000 90.000000
4864 51.245228 55.725086 57.038452 90.000000 90.000000 90.000000
4865 51.176376 55.650219 56.961819 90.000000 90.000000 90.000000
4866 51.194698 55.670139 56.982212 90.000000 90.000000 90.000000
4867 51.269772 55.751778 57.065773 90.000000 90.000000 90.000000
4868 51.310894 55.796490 57.111542 90.000000 90.000000 90.000000
4869 51.149231 55.620697 56.931602 90.000000 90.000000 90.000000
4870 51.262131 55.743465 57.057266 90.000000 90.000000 90.000000
4871 51.207176 55.683708 56.996101 90.000000 90.000000 90.000000
4872 51.105186 55.572800 56.882580 90.000000 90.000000 90.000000
4873 51.118969 55.587791 56.897923 90.000000 90.000000 90.000000
4874 51.223103 55.701027 57.013828 90.000000 90.000000 90.000000
4875 51.180916 55.655151 56.966869 90.000000 90.000000 90.000000
4876 51.200726 55.676693 56.988918 90.000000 90.000000 90.000000
4877 51.254810 55.735504 57.049118 90.000000 90.000000 90.000000
4878 51.353027 55.842308 57.158436 90.000000 90.000000 90.000000
4879 51.196537 55.672142 56.984261 90.000000 90.000000 90.000000
4880 51.137691 55.608150 56.918758 90.000000 90.000000 90.000000
4881 51.083576 55.549305 56.858528 90.000000 90.000000 90.000000
4882 51.177101 55.651001 56.962624 90.000000 90.000000 90.000000
4883 51.187042 55.661816 56.973690 90.000000 90.000000 90.000000
4884 51.132919 55.602959 56.913448 90.000000 90.000000 90.000000
4885 51.277790 55.760494 57.074696 90.000000 90.000000 90.000000
4886 51.195747 55.671280 56.983379 90.000000 90.000000 90.000000
4887 51.211777 55.688709 57.001221 90.000000 90.000000 90.000000
4888 51.126167 55.595619 56.905933 90.000000 90.000000 90.000000
4889 51.118401 55.587170 56.897285 90.000000 90.000000 90.000000
4890 51.111298 55.579449 56.889385 90.000000 90.000000 90.000000
4891 51.198765 55.674564 56.986740 90.000000 90.000000 90.000000
4892 51.173157 55.646717 56.958237 90.000000 90.000000 90.000000
4893 51.115017 55.583488 56.893520 90.000000 90.000000 90.000000
4894 51.209805 55.686565 56.999027 90.000000 90.000000 90.000000
4895 51.165115 55.637970 56.949287 90.000000 90.000000 90.000000
4896 51.203312 55.679508 56.991798 90.000000 90.000000 90.000000
4897 51.225994 55.704174 57.017048 90.000000 90.000000 90.000000
4898 51.209038 55.685734 56.998173 90.000000 90.000000 90.000000
4899 51.126858 55.596367 56.906704 90.000000 90.000000 90.000000
4900 51.203037 55.679207 56.991493 90.000000 90.000000 90.000000
4901 51.154358 55.626274 56.937309 90.000000 90.000000 90.000000
4902 51.161407 55.633938 56.945156 90.000000 90.000000 90.000000
4903 51.135864 55.606163 56.916729 90.000000 90.000000 90.000000
4904 51.222786 55.700680 57.013474 90.000000 90.000000 90.000000
4905 51.103027 55.570454 56.880177 90.000000 90.000000 90.000000
4906 51.422386 55.917732 57.235641 90.000000 90.000000 90.000000
4907 51.054939 55.518162 56.826653 90.000000 90.000000 90.000000
4908 51.067318 55.531620 56.840427 90.000000 90.000000 90.000000
4909 51.229141 55.707592 57.020550 90.000000 90.000000 90.000000
4910 51.160336 55.632771 56.943962 90.000000 90.000000 90.000000
4911 51.177174 55.651081 56.962708 90.000000 90.000000 90.000000
4912 51.260788 55.742008 57.055775 90.000000 90.000000 90.000000
4913 51.345348 55.833958 57.149891 90.000000 90.000000 90.000000
4914 51.191402 55.666553 56.978542 90.000000 90.000000 90.000000
4915 51.263397 55.744843 57.058678 90.000000 90.000000 90.000000
4916 51.094715 55.561417 56.870926 90.000000 90.000000 90.000000
4917 51.114674 55.583122 56.893143 90.000000 90.000000 90.000000
4918 51.085938 55.551872 56.861156 90.000000 90.000000 90.000000
4919 51.128082 55.597698 56.908066 90.000000 90.000000 90.000000
4920 51.215446 55.692699 57.005306 90.000000 90.000000 90.000000
4921 51.105263 55.572887 56.882668 90.000000 90.000000 90.000000
4922 51.110928 55.579044 56.888969 90.000000 90.000000 90.000000
4923 51.208961 55.685650 56.998089 90.000000 90.000000 90.000000
4924 51.188225 55.663101 56.975006 90.000000 90.000000 90.000000
4925 51.177299 55.651222 56.962849 90.000000 90.000000 90.000000
4926 51.214027 55.691158 57.003727 90.000000 90.000000 90.000000
4927 51.242157 55.721748 57.035038 90.000000 90.000000 90.000000
4928 51.222103 55.699940 57.012714 90.000000 90.000000 90.000000
4929 51.243301 55.722992 57.036308 90.000000 90.000000 90.000000
4930 51.180244 55.654423 56.966125 90.000000 90.000000 90.000000
4931 51.175064 55.648788 56.960358 90.000000 90.000000 90.000000
4932 51.281754 55.764809 57.079109 90.000000 90.000000 90.000000
4933 51.247250 55.727283 57.040703 90.000000 90.000000 90.000000
4934 51.428631 55.924522 57.242592 90.000000 90.000000 90.000000
4935 51.229309 55.707775 57.020737 90.000000 90.000000 90.000000
4936 51.117043 55.585693 56.895775 90.000000 90.000000 90.000000
4937 51.232090 55.710800 57.023830 90.000000 90.000000 90.000000
4938 51.262146 55.743484 57.057285 90.000000 90.000000 90.000000
4939 51.244083 55.723839 57.037178 90.000000 90.000000 90.000000
4940 51.196667 55.672283 56.984406 90.000000 90.000000 90.000000
4941 51.295372 55.779613 57.094265 90.000000 90.000000 90.000000
4942 51.129189 55.598904 56.909298 90.000000 90.000000 90.000000
4943 51.355679 55.845192 57.161388 90.000000 90.000000 90.000000
4944 51.236969 55.716103 57.029259 90.000000 90.000000 90.000000
4945 51.292294 55.776268 57.090839 90.000000 90.000000 90.000000
4946 51.105000 55.572598 56.882370 90.000000 90.000000 90.000000
4947 51.147659 55.618988 56.929855 90.000000 90.000000 90.000000
4948 51.173630 55.647232 56.958763 90.000000 90.000000 90.000000
4949 51.218159 55.695648 57.008324 90.000000 90.000000 90.000000
4950 51.288067 55.771671 57.086136 90.000000 90.000000 90.000000
4951 51.252636 55.733143 57.046700 90.000000 90.000000 90.000000
4952 51.217449 55.694878 57.007534 90.000000 90.000000 90.000000
4953 51.270470 55.752533 57.066547 90.000000 90.000000 90.000000
4954 51.223747 55.701725 57.014542 90.000000 90.000000 90.000000
4955 51.197369 55.673042 56.985184 90.000000 90.000000 90.000000
4956 51.178581 55.652615 56.964275 90.000000 90.000000 90.000000
4957 51.096176 55.563007 56.872555 90.000000 90.000000 90.000000
4958 51.249889 55.730156 57.043640 90.000000 90.000000 90.000000
4959 51.172882 55.646420 56.957932 90.000000 90.000000 90.000000
4960 51.294968 55.779175 57.093815 90.000000 90.000000 90.000000
4961 51.114292 55.582703 56.892715 90.000000 90.000000 90.000000
4962 51.272465 55.754704 57.068771 90.000000 90.000000 90.000000
4963 51.311737 55.797409 57.112480 90.000000 90.000000 90.000000
4964 51.157242 55.629410 56.940521 90.000000 90.000000 90.000000
4965 51.135410 55.605667 56.916222 90.000000 90.000000 90.000000
4966 51.054699 55.517899 56.826385 90.000000 90.000000 90.000000
4967 51.191936 55.667137 56.979137 90.000000 90.000000 90.000000
4968 51.157516 55.629707 56.940830 90.000000 90.000000 90.000000
4969 51.102703 55.570103 56.879814 90.000000 90.000000 90.000000
4970 51.065281 55.529408 56.838161 90.000000 90.000000 90.000000
4971 51.278553 55.761326 57.075546 90.000000 90.000000 90.000000
4972 51.229134 55.707588 57.020542 90.000000 90.000000 90.000000
4973 51.247128 55.727150 57.040565 90.000000 90.000000 90.000000
4974 51.158012 55.630245 56.941380 90.000000 90.000000 90.000000
4975 51.107536 55.575359 56.885197 90.000000 90.000000 90.000000
4976 51.309464 55.794937 57.109951 90.000000 90.000000 90.000000
4977 51.233704 55.712555 57.025627 90.000000 90.000000 90.000000
4978 51.099190 55.566284 56.875908 90.000000 90.000000 90.000000
4979 51.211689 55.688618 57.001125 90.000000 90.000000 90.000000
4980 51.169086 55.642288 56.953705 90.000000 90.000000 90.000000
4981 51.176319 55.650154 56.961754 90.000000 90.000000 90.000000
4982 51.224777 55.702847 57.015690 90.000000 90.000000 90.000000
4983 51.254421 55.735085 57.048687 90.000000 90.000000 90.000000
4984 51.102776 55.570179 56.879894 90.000000 90.000000 90.000000
4985 51.218998 55.696564 57.009258 90.000000 90.000000 90.000000
4986 51.205219 55.681583 56.993923 90.000000 90.000000 90.000000
4987 51.214832 55.692032 57.004623 90.000000 90.000000 90.000000
4988 51.289162 55.772858 57.087353 90.000000 90.000000 90.000000
4989 51.173939 55.647564 56.959106 90.000000 90.000000 90.000000
4990 51.157940 55.630169 56.941299 90.000000 90.000000 90.000000
4991 51.163696 55.636425 56.947704 90.000000 90.000000 90.000000
4992 51.270412 55.752472 57.066486 90.000000 90.000000 90.000000
4993 51.246117 55.726051 57.039440 90.000000 90.000000 90.000000
4994 51.198257 55.674011 56.986176 90.000000 90.000000 90.000000
4995 51.190655 55.665741 56.977711 90.000000 90.000000 90.000000
4996 51.075157 55.540146 56.849155 90.000000 90.000000 90.000000
4997 51.070900 55.535515 56.844418 90.000000 90.000000 90.000000
4998 51.347691 55.836506 57.152500 90.000000 90.000000 90.000000
4999 51.079170 55.544514 56.853622 90.000000 90.000000 90.000000
