replica,metric,bin_index,window_start_ns,window_end_ns,time_mid_ns,first_frame,last_frame,n_frames,mean
replica_01,rmsd,1,0.0,0.1,0.05,1,50,50,1.51881
replica_01,rg,1,0.0,0.1,0.05,1,50,50,9.599014
replica_01,head_any,1,0.0,0.1,0.05,1,50,50,4.484120000000001
replica_01,tail_contacts,1,0.0,0.1,0.05,1,50,50,19.08
replica_01,tail_waters,1,0.0,0.1,0.05,1,50,50,32.84
replica_01,head_contact_fraction,1,0.0,0.1,0.05,1,50,50,0.96
replica_01,rmsd,2,0.1,0.2,0.15,51,100,50,2.385384
replica_01,rg,2,0.1,0.2,0.15,51,100,50,9.612881999999999
replica_01,head_any,2,0.1,0.2,0.15,51,100,50,4.52894
replica_01,tail_contacts,2,0.1,0.2,0.15,51,100,50,17.46
replica_01,tail_waters,2,0.1,0.2,0.15,51,100,50,35.5
replica_01,head_contact_fraction,2,0.1,0.2,0.15,51,100,50,0.84
replica_01,rmsd,3,0.2,0.3,0.25,101,150,50,2.8945659999999998
replica_01,rg,3,0.2,0.3,0.25,101,150,50,9.492826
replica_01,head_any,3,0.2,0.3,0.25,101,150,50,4.73672
replica_01,tail_contacts,3,0.2,0.3,0.25,101,150,50,15.64
replica_01,tail_waters,3,0.2,0.3,0.25,101,150,50,38.02
replica_01,head_contact_fraction,3,0.2,0.3,0.25,101,150,50,0.76
replica_01,rmsd,4,0.3,0.4,0.35,151,200,50,2.769386
replica_01,rg,4,0.3,0.4,0.35,151,200,50,9.582726000000001
replica_01,head_any,4,0.3,0.4,0.35,151,200,50,5.2951999999999995
replica_01,tail_contacts,4,0.3,0.4,0.35,151,200,50,16.18
replica_01,tail_waters,4,0.3,0.4,0.35,151,200,50,39.64
replica_01,head_contact_fraction,4,0.3,0.4,0.35,151,200,50,0.28
replica_01,rmsd,5,0.4,0.5,0.45,201,250,50,2.25331
replica_01,rg,5,0.4,0.5,0.45,201,250,50,9.735142
replica_01,head_any,5,0.4,0.5,0.45,201,250,50,5.477519999999999
replica_01,tail_contacts,5,0.4,0.5,0.45,201,250,50,15.96
replica_01,tail_waters,5,0.4,0.5,0.45,201,250,50,40.72
replica_01,head_contact_fraction,5,0.4,0.5,0.45,201,250,50,0.36
replica_01,rmsd,6,0.5,0.6,0.55,251,300,50,2.216758
replica_01,rg,6,0.5,0.6,0.55,251,300,50,9.612456
replica_01,head_any,6,0.5,0.6,0.55,251,300,50,5.76784
replica_01,tail_contacts,6,0.5,0.6,0.55,251,300,50,15.42
replica_01,tail_waters,6,0.5,0.6,0.55,251,300,50,41.42
replica_01,head_contact_fraction,6,0.5,0.6,0.55,251,300,50,0.34
replica_01,rmsd,7,0.6,0.7,0.65,301,350,50,3.10804
replica_01,rg,7,0.6,0.7,0.65,301,350,50,9.519148
replica_01,head_any,7,0.6,0.7,0.65,301,350,50,5.05546
replica_01,tail_contacts,7,0.6,0.7,0.65,301,350,50,15.58
replica_01,tail_waters,7,0.6,0.7,0.65,301,350,50,40.24
replica_01,head_contact_fraction,7,0.6,0.7,0.65,301,350,50,0.6
replica_01,rmsd,8,0.7,0.8,0.75,351,400,50,3.510924
replica_01,rg,8,0.7,0.8,0.75,351,400,50,9.439684
replica_01,head_any,8,0.7,0.8,0.75,351,400,50,5.588959999999999
replica_01,tail_contacts,8,0.7,0.8,0.75,351,400,50,15.9
replica_01,tail_waters,8,0.7,0.8,0.75,351,400,50,40.16
replica_01,head_contact_fraction,8,0.7,0.8,0.75,351,400,50,0.26
replica_01,rmsd,9,0.8,0.9,0.85,401,450,50,4.645652
replica_01,rg,9,0.8,0.9,0.85,401,450,50,9.71611
replica_01,head_any,9,0.8,0.9,0.85,401,450,50,5.42404
replica_01,tail_contacts,9,0.8,0.9,0.85,401,450,50,15.42
replica_01,tail_waters,9,0.8,0.9,0.85,401,450,50,41.0
replica_01,head_contact_fraction,9,0.8,0.9,0.85,401,450,50,0.36
replica_01,rmsd,10,0.9,1.0,0.95,451,500,50,5.063644
replica_01,rg,10,0.9,1.0,0.95,451,500,50,9.501982
replica_01,head_any,10,0.9,1.0,0.95,451,500,50,5.40556
replica_01,tail_contacts,10,0.9,1.0,0.95,451,500,50,16.72
replica_01,tail_waters,10,0.9,1.0,0.95,451,500,50,39.7
replica_01,head_contact_fraction,10,0.9,1.0,0.95,451,500,50,0.38
replica_01,rmsd,11,1.0,1.1,1.05,501,550,50,4.987072
replica_01,rg,11,1.0,1.1,1.05,501,550,50,9.491828
replica_01,head_any,11,1.0,1.1,1.05,501,550,50,5.52052
replica_01,tail_contacts,11,1.0,1.1,1.05,501,550,50,16.14
replica_01,tail_waters,11,1.0,1.1,1.05,501,550,50,39.26
replica_01,head_contact_fraction,11,1.0,1.1,1.05,501,550,50,0.36
replica_01,rmsd,12,1.1,1.2,1.15,551,600,50,4.550452
replica_01,rg,12,1.1,1.2,1.15,551,600,50,9.658686
replica_01,head_any,12,1.1,1.2,1.15,551,600,50,5.51302
replica_01,tail_contacts,12,1.1,1.2,1.15,551,600,50,17.0
replica_01,tail_waters,12,1.1,1.2,1.15,551,600,50,38.9
replica_01,head_contact_fraction,12,1.1,1.2,1.15,551,600,50,0.4
replica_01,rmsd,13,1.2,1.3,1.25,601,650,50,4.3892180000000005
replica_01,rg,13,1.2,1.3,1.25,601,650,50,9.320966
replica_01,head_any,13,1.2,1.3,1.25,601,650,50,4.98592
replica_01,tail_contacts,13,1.2,1.3,1.25,601,650,50,16.28
replica_01,tail_waters,13,1.2,1.3,1.25,601,650,50,39.6
replica_01,head_contact_fraction,13,1.2,1.3,1.25,601,650,50,0.62
replica_01,rmsd,14,1.3,1.4,1.35,651,700,50,4.31286
replica_01,rg,14,1.3,1.4,1.35,651,700,50,9.530036
replica_01,head_any,14,1.3,1.4,1.35,651,700,50,4.58716
replica_01,tail_contacts,14,1.3,1.4,1.35,651,700,50,17.62
replica_01,tail_waters,14,1.3,1.4,1.35,651,700,50,40.16
replica_01,head_contact_fraction,14,1.3,1.4,1.35,651,700,50,0.8
replica_01,rmsd,15,1.4,1.5,1.45,701,750,50,4.875762
replica_01,rg,15,1.4,1.5,1.45,701,750,50,9.462720000000001
replica_01,head_any,15,1.4,1.5,1.45,701,750,50,4.76042
replica_01,tail_contacts,15,1.4,1.5,1.45,701,750,50,17.88
replica_01,tail_waters,15,1.4,1.5,1.45,701,750,50,40.5
replica_01,head_contact_fraction,15,1.4,1.5,1.45,701,750,50,0.76
replica_01,rmsd,16,1.5,1.6,1.55,751,800,50,6.4069259999999995
replica_01,rg,16,1.5,1.6,1.55,751,800,50,9.025224000000001
replica_01,head_any,16,1.5,1.6,1.55,751,800,50,4.69666
replica_01,tail_contacts,16,1.5,1.6,1.55,751,800,50,20.36
replica_01,tail_waters,16,1.5,1.6,1.55,751,800,50,37.86
replica_01,head_contact_fraction,16,1.5,1.6,1.55,751,800,50,0.74
replica_01,rmsd,17,1.6,1.7,1.65,801,850,50,5.558587999999999
replica_01,rg,17,1.6,1.7,1.65,801,850,50,9.200296
replica_01,head_any,17,1.6,1.7,1.65,801,850,50,4.7157
replica_01,tail_contacts,17,1.6,1.7,1.65,801,850,50,19.36
replica_01,tail_waters,17,1.6,1.7,1.65,801,850,50,38.32
replica_01,head_contact_fraction,17,1.6,1.7,1.65,801,850,50,0.78
replica_01,rmsd,18,1.7,1.8,1.75,851,900,50,4.993724
replica_01,rg,18,1.7,1.8,1.75,851,900,50,9.216946
replica_01,head_any,18,1.7,1.8,1.75,851,900,50,5.0473
replica_01,tail_contacts,18,1.7,1.8,1.75,851,900,50,18.72
replica_01,tail_waters,18,1.7,1.8,1.75,851,900,50,39.14
replica_01,head_contact_fraction,18,1.7,1.8,1.75,851,900,50,0.64
replica_01,rmsd,19,1.8,1.9,1.85,901,950,50,5.261942
replica_01,rg,19,1.8,1.9,1.85,901,950,50,9.229704
replica_01,head_any,19,1.8,1.9,1.85,901,950,50,5.8224
replica_01,tail_contacts,19,1.8,1.9,1.85,901,950,50,18.88
replica_01,tail_waters,19,1.8,1.9,1.85,901,950,50,39.04
replica_01,head_contact_fraction,19,1.8,1.9,1.85,901,950,50,0.2
replica_01,rmsd,20,1.9,2.0,1.95,951,1000,50,5.489836
replica_01,rg,20,1.9,2.0,1.95,951,1000,50,9.366022000000001
replica_01,head_any,20,1.9,2.0,1.95,951,1000,50,5.9484
replica_01,tail_contacts,20,1.9,2.0,1.95,951,1000,50,18.18
replica_01,tail_waters,20,1.9,2.0,1.95,951,1000,50,39.78
replica_01,head_contact_fraction,20,1.9,2.0,1.95,951,1000,50,0.08
replica_01,rmsd,21,2.0,2.1,2.05,1001,1050,50,4.83908
replica_01,rg,21,2.0,2.1,2.05,1001,1050,50,9.213156
replica_01,head_any,21,2.0,2.1,2.05,1001,1050,50,6.23778
replica_01,tail_contacts,21,2.0,2.1,2.05,1001,1050,50,18.12
replica_01,tail_waters,21,2.0,2.1,2.05,1001,1050,50,41.32
replica_01,head_contact_fraction,21,2.0,2.1,2.05,1001,1050,50,0.02
replica_01,rmsd,22,2.1,2.2,2.15,1051,1100,50,4.929322
replica_01,rg,22,2.1,2.2,2.15,1051,1100,50,9.30176
replica_01,head_any,22,2.1,2.2,2.15,1051,1100,50,5.7193
replica_01,tail_contacts,22,2.1,2.2,2.15,1051,1100,50,19.44
replica_01,tail_waters,22,2.1,2.2,2.15,1051,1100,50,38.24
replica_01,head_contact_fraction,22,2.1,2.2,2.15,1051,1100,50,0.18
replica_01,rmsd,23,2.2,2.3,2.25,1101,1150,50,5.336956
replica_01,rg,23,2.2,2.3,2.25,1101,1150,50,9.407672
replica_01,head_any,23,2.2,2.3,2.25,1101,1150,50,5.16462
replica_01,tail_contacts,23,2.2,2.3,2.25,1101,1150,50,18.82
replica_01,tail_waters,23,2.2,2.3,2.25,1101,1150,50,39.54
replica_01,head_contact_fraction,23,2.2,2.3,2.25,1101,1150,50,0.46
replica_01,rmsd,24,2.3,2.4,2.35,1151,1200,50,5.286208
replica_01,rg,24,2.3,2.4,2.35,1151,1200,50,9.425288
replica_01,head_any,24,2.3,2.4,2.35,1151,1200,50,4.1448
replica_01,tail_contacts,24,2.3,2.4,2.35,1151,1200,50,15.74
replica_01,tail_waters,24,2.3,2.4,2.35,1151,1200,50,43.2
replica_01,head_contact_fraction,24,2.3,2.4,2.35,1151,1200,50,0.94
replica_01,rmsd,25,2.4,2.5,2.45,1201,1250,50,5.1901459999999995
replica_01,rg,25,2.4,2.5,2.45,1201,1250,50,9.584122
replica_01,head_any,25,2.4,2.5,2.45,1201,1250,50,5.21406
replica_01,tail_contacts,25,2.4,2.5,2.45,1201,1250,50,18.72
replica_01,tail_waters,25,2.4,2.5,2.45,1201,1250,50,39.42
replica_01,head_contact_fraction,25,2.4,2.5,2.45,1201,1250,50,0.48
replica_01,rmsd,26,2.5,2.6,2.55,1251,1300,50,5.216971999999999
replica_01,rg,26,2.5,2.6,2.55,1251,1300,50,9.493692
replica_01,head_any,26,2.5,2.6,2.55,1251,1300,50,4.59434
replica_01,tail_contacts,26,2.5,2.6,2.55,1251,1300,50,17.96
replica_01,tail_waters,26,2.5,2.6,2.55,1251,1300,50,39.44
replica_01,head_contact_fraction,26,2.5,2.6,2.55,1251,1300,50,0.78
replica_01,rmsd,27,2.6,2.7,2.65,1301,1350,50,4.8273340000000005
replica_01,rg,27,2.6,2.7,2.65,1301,1350,50,9.51895
replica_01,head_any,27,2.6,2.7,2.65,1301,1350,50,5.28848
replica_01,tail_contacts,27,2.6,2.7,2.65,1301,1350,50,17.22
replica_01,tail_waters,27,2.6,2.7,2.65,1301,1350,50,39.48
replica_01,head_contact_fraction,27,2.6,2.7,2.65,1301,1350,50,0.42
replica_01,rmsd,28,2.7,2.8,2.75,1351,1400,50,4.532808
replica_01,rg,28,2.7,2.8,2.75,1351,1400,50,9.589086
replica_01,head_any,28,2.7,2.8,2.75,1351,1400,50,5.61432
replica_01,tail_contacts,28,2.7,2.8,2.75,1351,1400,50,16.96
replica_01,tail_waters,28,2.7,2.8,2.75,1351,1400,50,39.64
replica_01,head_contact_fraction,28,2.7,2.8,2.75,1351,1400,50,0.26
replica_01,rmsd,29,2.8,2.9,2.85,1401,1450,50,4.271386
replica_01,rg,29,2.8,2.9,2.85,1401,1450,50,9.571477999999999
replica_01,head_any,29,2.8,2.9,2.85,1401,1450,50,4.85172
replica_01,tail_contacts,29,2.8,2.9,2.85,1401,1450,50,17.86
replica_01,tail_waters,29,2.8,2.9,2.85,1401,1450,50,36.2
replica_01,head_contact_fraction,29,2.8,2.9,2.85,1401,1450,50,0.62
replica_01,rmsd,30,2.9,3.0,2.95,1451,1500,50,4.219298
replica_01,rg,30,2.9,3.0,2.95,1451,1500,50,9.531178
replica_01,head_any,30,2.9,3.0,2.95,1451,1500,50,5.7534600000000005
replica_01,tail_contacts,30,2.9,3.0,2.95,1451,1500,50,17.94
replica_01,tail_waters,30,2.9,3.0,2.95,1451,1500,50,37.18
replica_01,head_contact_fraction,30,2.9,3.0,2.95,1451,1500,50,0.24
replica_01,rmsd,31,3.0,3.1,3.05,1501,1550,50,4.15051
replica_01,rg,31,3.0,3.1,3.05,1501,1550,50,9.637498
replica_01,head_any,31,3.0,3.1,3.05,1501,1550,50,5.16294
replica_01,tail_contacts,31,3.0,3.1,3.05,1501,1550,50,15.58
replica_01,tail_waters,31,3.0,3.1,3.05,1501,1550,50,40.18
replica_01,head_contact_fraction,31,3.0,3.1,3.05,1501,1550,50,0.46
replica_01,rmsd,32,3.1,3.2,3.15,1551,1600,50,4.644046
replica_01,rg,32,3.1,3.2,3.15,1551,1600,50,9.587678
replica_01,head_any,32,3.1,3.2,3.15,1551,1600,50,5.72654
replica_01,tail_contacts,32,3.1,3.2,3.15,1551,1600,50,15.98
replica_01,tail_waters,32,3.1,3.2,3.15,1551,1600,50,40.84
replica_01,head_contact_fraction,32,3.1,3.2,3.15,1551,1600,50,0.22
replica_01,rmsd,33,3.2,3.3,3.25,1601,1650,50,4.449322
replica_01,rg,33,3.2,3.3,3.25,1601,1650,50,9.567568
replica_01,head_any,33,3.2,3.3,3.25,1601,1650,50,5.86258
replica_01,tail_contacts,33,3.2,3.3,3.25,1601,1650,50,17.12
replica_01,tail_waters,33,3.2,3.3,3.25,1601,1650,50,37.82
replica_01,head_contact_fraction,33,3.2,3.3,3.25,1601,1650,50,0.22
replica_01,rmsd,34,3.3,3.4,3.35,1651,1700,50,4.079198
replica_01,rg,34,3.3,3.4,3.35,1651,1700,50,9.54741
replica_01,head_any,34,3.3,3.4,3.35,1651,1700,50,5.03726
replica_01,tail_contacts,34,3.3,3.4,3.35,1651,1700,50,18.7
replica_01,tail_waters,34,3.3,3.4,3.35,1651,1700,50,35.08
replica_01,head_contact_fraction,34,3.3,3.4,3.35,1651,1700,50,0.54
replica_01,rmsd,35,3.4,3.5,3.45,1701,1750,50,4.041902
replica_01,rg,35,3.4,3.5,3.45,1701,1750,50,9.407962
replica_01,head_any,35,3.4,3.5,3.45,1701,1750,50,4.818280000000001
replica_01,tail_contacts,35,3.4,3.5,3.45,1701,1750,50,18.4
replica_01,tail_waters,35,3.4,3.5,3.45,1701,1750,50,33.76
replica_01,head_contact_fraction,35,3.4,3.5,3.45,1701,1750,50,0.72
replica_01,rmsd,36,3.5,3.6,3.55,1751,1800,50,3.810358
replica_01,rg,36,3.5,3.6,3.55,1751,1800,50,9.272994
replica_01,head_any,36,3.5,3.6,3.55,1751,1800,50,4.49406
replica_01,tail_contacts,36,3.5,3.6,3.55,1751,1800,50,18.52
replica_01,tail_waters,36,3.5,3.6,3.55,1751,1800,50,33.82
replica_01,head_contact_fraction,36,3.5,3.6,3.55,1751,1800,50,0.92
replica_01,rmsd,37,3.6,3.7,3.65,1801,1850,50,3.5651260000000002
replica_01,rg,37,3.6,3.7,3.65,1801,1850,50,9.504902
replica_01,head_any,37,3.6,3.7,3.65,1801,1850,50,5.37772
replica_01,tail_contacts,37,3.6,3.7,3.65,1801,1850,50,19.6
replica_01,tail_waters,37,3.6,3.7,3.65,1801,1850,50,32.42
replica_01,head_contact_fraction,37,3.6,3.7,3.65,1801,1850,50,0.42
replica_01,rmsd,38,3.7,3.8,3.75,1851,1900,50,4.223936
replica_01,rg,38,3.7,3.8,3.75,1851,1900,50,9.441572
replica_01,head_any,38,3.7,3.8,3.75,1851,1900,50,5.7105999999999995
replica_01,tail_contacts,38,3.7,3.8,3.75,1851,1900,50,19.3
replica_01,tail_waters,38,3.7,3.8,3.75,1851,1900,50,31.34
replica_01,head_contact_fraction,38,3.7,3.8,3.75,1851,1900,50,0.14
replica_01,rmsd,39,3.8,3.9,3.85,1901,1950,50,4.87923
replica_01,rg,39,3.8,3.9,3.85,1901,1950,50,8.849318
replica_01,head_any,39,3.8,3.9,3.85,1901,1950,50,5.77528
replica_01,tail_contacts,39,3.8,3.9,3.85,1901,1950,50,19.34
replica_01,tail_waters,39,3.8,3.9,3.85,1901,1950,50,29.7
replica_01,head_contact_fraction,39,3.8,3.9,3.85,1901,1950,50,0.16
replica_01,rmsd,40,3.9,4.0,3.95,1951,2000,50,4.6156060000000005
replica_01,rg,40,3.9,4.0,3.95,1951,2000,50,9.163494
replica_01,head_any,40,3.9,4.0,3.95,1951,2000,50,5.5338
replica_01,tail_contacts,40,3.9,4.0,3.95,1951,2000,50,18.62
replica_01,tail_waters,40,3.9,4.0,3.95,1951,2000,50,31.56
replica_01,head_contact_fraction,40,3.9,4.0,3.95,1951,2000,50,0.3
replica_01,rmsd,41,4.0,4.1,4.05,2001,2050,50,4.541542
replica_01,rg,41,4.0,4.1,4.05,2001,2050,50,9.495114
replica_01,head_any,41,4.0,4.1,4.05,2001,2050,50,5.695359999999999
replica_01,tail_contacts,41,4.0,4.1,4.05,2001,2050,50,19.62
replica_01,tail_waters,41,4.0,4.1,4.05,2001,2050,50,29.14
replica_01,head_contact_fraction,41,4.0,4.1,4.05,2001,2050,50,0.22
replica_01,rmsd,42,4.1,4.2,4.15,2051,2100,50,4.60906
replica_01,rg,42,4.1,4.2,4.15,2051,2100,50,9.486632
replica_01,head_any,42,4.1,4.2,4.15,2051,2100,50,5.53084
replica_01,tail_contacts,42,4.1,4.2,4.15,2051,2100,50,16.88
replica_01,tail_waters,42,4.1,4.2,4.15,2051,2100,50,31.7
replica_01,head_contact_fraction,42,4.1,4.2,4.15,2051,2100,50,0.24
replica_01,rmsd,43,4.2,4.3,4.25,2101,2150,50,4.6390519999999995
replica_01,rg,43,4.2,4.3,4.25,2101,2150,50,9.442966
replica_01,head_any,43,4.2,4.3,4.25,2101,2150,50,5.3662
replica_01,tail_contacts,43,4.2,4.3,4.25,2101,2150,50,19.56
replica_01,tail_waters,43,4.2,4.3,4.25,2101,2150,50,31.46
replica_01,head_contact_fraction,43,4.2,4.3,4.25,2101,2150,50,0.3
replica_01,rmsd,44,4.3,4.4,4.35,2151,2200,50,4.594316
replica_01,rg,44,4.3,4.4,4.35,2151,2200,50,9.284600000000001
replica_01,head_any,44,4.3,4.4,4.35,2151,2200,50,4.96606
replica_01,tail_contacts,44,4.3,4.4,4.35,2151,2200,50,18.42
replica_01,tail_waters,44,4.3,4.4,4.35,2151,2200,50,35.2
replica_01,head_contact_fraction,44,4.3,4.4,4.35,2151,2200,50,0.5
replica_01,rmsd,45,4.4,4.5,4.45,2201,2250,50,4.218826
replica_01,rg,45,4.4,4.5,4.45,2201,2250,50,9.29535
replica_01,head_any,45,4.4,4.5,4.45,2201,2250,50,6.02
replica_01,tail_contacts,45,4.4,4.5,4.45,2201,2250,50,16.9
replica_01,tail_waters,45,4.4,4.5,4.45,2201,2250,50,40.42
replica_01,head_contact_fraction,45,4.4,4.5,4.45,2201,2250,50,0.3
replica_01,rmsd,46,4.5,4.6,4.55,2251,2300,50,4.289248
replica_01,rg,46,4.5,4.6,4.55,2251,2300,50,9.266728
replica_01,head_any,46,4.5,4.6,4.55,2251,2300,50,5.47342
replica_01,tail_contacts,46,4.5,4.6,4.55,2251,2300,50,21.5
replica_01,tail_waters,46,4.5,4.6,4.55,2251,2300,50,34.04
replica_01,head_contact_fraction,46,4.5,4.6,4.55,2251,2300,50,0.22
replica_01,rmsd,47,4.6,4.7,4.65,2301,2350,50,4.570378
replica_01,rg,47,4.6,4.7,4.65,2301,2350,50,9.27332
replica_01,head_any,47,4.6,4.7,4.65,2301,2350,50,5.2895
replica_01,tail_contacts,47,4.6,4.7,4.65,2301,2350,50,21.78
replica_01,tail_waters,47,4.6,4.7,4.65,2301,2350,50,32.72
replica_01,head_contact_fraction,47,4.6,4.7,4.65,2301,2350,50,0.36
replica_01,rmsd,48,4.7,4.8,4.75,2351,2400,50,4.670416
replica_01,rg,48,4.7,4.8,4.75,2351,2400,50,9.145852
replica_01,head_any,48,4.7,4.8,4.75,2351,2400,50,5.76928
replica_01,tail_contacts,48,4.7,4.8,4.75,2351,2400,50,17.6
replica_01,tail_waters,48,4.7,4.8,4.75,2351,2400,50,36.46
replica_01,head_contact_fraction,48,4.7,4.8,4.75,2351,2400,50,0.12
replica_01,rmsd,49,4.8,4.9,4.85,2401,2450,50,4.806082
replica_01,rg,49,4.8,4.9,4.85,2401,2450,50,9.169052
replica_01,head_any,49,4.8,4.9,4.85,2401,2450,50,5.3413
replica_01,tail_contacts,49,4.8,4.9,4.85,2401,2450,50,15.96
replica_01,tail_waters,49,4.8,4.9,4.85,2401,2450,50,35.64
replica_01,head_contact_fraction,49,4.8,4.9,4.85,2401,2450,50,0.32
replica_01,rmsd,50,4.9,5.0,4.95,2451,2500,50,5.07911
replica_01,rg,50,4.9,5.0,4.95,2451,2500,50,9.220496
replica_01,head_any,50,4.9,5.0,4.95,2451,2500,50,4.97604
replica_01,tail_contacts,50,4.9,5.0,4.95,2451,2500,50,16.8
replica_01,tail_waters,50,4.9,5.0,4.95,2451,2500,50,39.34
replica_01,head_contact_fraction,50,4.9,5.0,4.95,2451,2500,50,0.64
replica_01,rmsd,51,5.0,5.1,5.05,2501,2550,50,5.179946
replica_01,rg,51,5.0,5.1,5.05,2501,2550,50,8.951028
replica_01,head_any,51,5.0,5.1,5.05,2501,2550,50,5.38234
replica_01,tail_contacts,51,5.0,5.1,5.05,2501,2550,50,16.88
replica_01,tail_waters,51,5.0,5.1,5.05,2501,2550,50,39.48
replica_01,head_contact_fraction,51,5.0,5.1,5.05,2501,2550,50,0.5
replica_01,rmsd,52,5.1,5.2,5.15,2551,2600,50,4.684068
replica_01,rg,52,5.1,5.2,5.15,2551,2600,50,9.108922
replica_01,head_any,52,5.1,5.2,5.15,2551,2600,50,5.5385
replica_01,tail_contacts,52,5.1,5.2,5.15,2551,2600,50,16.98
replica_01,tail_waters,52,5.1,5.2,5.15,2551,2600,50,39.72
replica_01,head_contact_fraction,52,5.1,5.2,5.15,2551,2600,50,0.32
replica_01,rmsd,53,5.2,5.3,5.25,2601,2650,50,5.104702
replica_01,rg,53,5.2,5.3,5.25,2601,2650,50,9.17101
replica_01,head_any,53,5.2,5.3,5.25,2601,2650,50,5.483339999999999
replica_01,tail_contacts,53,5.2,5.3,5.25,2601,2650,50,16.36
replica_01,tail_waters,53,5.2,5.3,5.25,2601,2650,50,39.94
replica_01,head_contact_fraction,53,5.2,5.3,5.25,2601,2650,50,0.48
replica_01,rmsd,54,5.3,5.4,5.35,2651,2700,50,5.378842
replica_01,rg,54,5.3,5.4,5.35,2651,2700,50,9.001316000000001
replica_01,head_any,54,5.3,5.4,5.35,2651,2700,50,4.93314
replica_01,tail_contacts,54,5.3,5.4,5.35,2651,2700,50,17.44
replica_01,tail_waters,54,5.3,5.4,5.35,2651,2700,50,38.36
replica_01,head_contact_fraction,54,5.3,5.4,5.35,2651,2700,50,0.72
replica_01,rmsd,55,5.4,5.5,5.45,2701,2750,50,5.258203999999999
replica_01,rg,55,5.4,5.5,5.45,2701,2750,50,9.014844
replica_01,head_any,55,5.4,5.5,5.45,2701,2750,50,5.121860000000001
replica_01,tail_contacts,55,5.4,5.5,5.45,2701,2750,50,17.6
replica_01,tail_waters,55,5.4,5.5,5.45,2701,2750,50,38.3
replica_01,head_contact_fraction,55,5.4,5.5,5.45,2701,2750,50,0.58
replica_01,rmsd,56,5.5,5.6,5.55,2751,2800,50,5.152380000000001
replica_01,rg,56,5.5,5.6,5.55,2751,2800,50,9.021136
replica_01,head_any,56,5.5,5.6,5.55,2751,2800,50,5.451040000000001
replica_01,tail_contacts,56,5.5,5.6,5.55,2751,2800,50,17.46
replica_01,tail_waters,56,5.5,5.6,5.55,2751,2800,50,32.7
replica_01,head_contact_fraction,56,5.5,5.6,5.55,2751,2800,50,0.22
replica_01,rmsd,57,5.6,5.7,5.65,2801,2850,50,5.134901999999999
replica_01,rg,57,5.6,5.7,5.65,2801,2850,50,8.864704
replica_01,head_any,57,5.6,5.7,5.65,2801,2850,50,5.15812
replica_01,tail_contacts,57,5.6,5.7,5.65,2801,2850,50,17.68
replica_01,tail_waters,57,5.6,5.7,5.65,2801,2850,50,32.88
replica_01,head_contact_fraction,57,5.6,5.7,5.65,2801,2850,50,0.5
replica_01,rmsd,58,5.7,5.8,5.75,2851,2900,50,5.699815999999999
replica_01,rg,58,5.7,5.8,5.75,2851,2900,50,8.586724
replica_01,head_any,58,5.7,5.8,5.75,2851,2900,50,6.179679999999999
replica_01,tail_contacts,58,5.7,5.8,5.75,2851,2900,50,20.84
replica_01,tail_waters,58,5.7,5.8,5.75,2851,2900,50,32.2
replica_01,head_contact_fraction,58,5.7,5.8,5.75,2851,2900,50,0.1
replica_01,rmsd,59,5.8,5.9,5.85,2901,2950,50,6.3383140000000004
replica_01,rg,59,5.8,5.9,5.85,2901,2950,50,8.673432
replica_01,head_any,59,5.8,5.9,5.85,2901,2950,50,4.61418
replica_01,tail_contacts,59,5.8,5.9,5.85,2901,2950,50,16.66
replica_01,tail_waters,59,5.8,5.9,5.85,2901,2950,50,29.88
replica_01,head_contact_fraction,59,5.8,5.9,5.85,2901,2950,50,0.76
replica_01,rmsd,60,5.9,6.0,5.95,2951,3000,50,5.741668
replica_01,rg,60,5.9,6.0,5.95,2951,3000,50,8.619722000000001
replica_01,head_any,60,5.9,6.0,5.95,2951,3000,50,5.1558
replica_01,tail_contacts,60,5.9,6.0,5.95,2951,3000,50,15.52
replica_01,tail_waters,60,5.9,6.0,5.95,2951,3000,50,34.16
replica_01,head_contact_fraction,60,5.9,6.0,5.95,2951,3000,50,0.44
replica_01,rmsd,61,6.0,6.1,6.05,3001,3050,50,5.18385
replica_01,rg,61,6.0,6.1,6.05,3001,3050,50,9.087726
replica_01,head_any,61,6.0,6.1,6.05,3001,3050,50,5.1425
replica_01,tail_contacts,61,6.0,6.1,6.05,3001,3050,50,13.72
replica_01,tail_waters,61,6.0,6.1,6.05,3001,3050,50,36.3
replica_01,head_contact_fraction,61,6.0,6.1,6.05,3001,3050,50,0.48
replica_01,rmsd,62,6.1,6.2,6.15,3051,3100,50,5.09225
replica_01,rg,62,6.1,6.2,6.15,3051,3100,50,9.277128
replica_01,head_any,62,6.1,6.2,6.15,3051,3100,50,4.870439999999999
replica_01,tail_contacts,62,6.1,6.2,6.15,3051,3100,50,12.36
replica_01,tail_waters,62,6.1,6.2,6.15,3051,3100,50,38.62
replica_01,head_contact_fraction,62,6.1,6.2,6.15,3051,3100,50,0.7
replica_01,rmsd,63,6.2,6.3,6.25,3101,3150,50,4.83338
replica_01,rg,63,6.2,6.3,6.25,3101,3150,50,9.32008
replica_01,head_any,63,6.2,6.3,6.25,3101,3150,50,5.37838
replica_01,tail_contacts,63,6.2,6.3,6.25,3101,3150,50,13.08
replica_01,tail_waters,63,6.2,6.3,6.25,3101,3150,50,36.54
replica_01,head_contact_fraction,63,6.2,6.3,6.25,3101,3150,50,0.42
replica_01,rmsd,64,6.3,6.4,6.35,3151,3200,50,5.114574
replica_01,rg,64,6.3,6.4,6.35,3151,3200,50,9.168372
replica_01,head_any,64,6.3,6.4,6.35,3151,3200,50,5.06072
replica_01,tail_contacts,64,6.3,6.4,6.35,3151,3200,50,14.04
replica_01,tail_waters,64,6.3,6.4,6.35,3151,3200,50,35.46
replica_01,head_contact_fraction,64,6.3,6.4,6.35,3151,3200,50,0.44
replica_01,rmsd,65,6.4,6.5,6.45,3201,3250,50,4.89438
replica_01,rg,65,6.4,6.5,6.45,3201,3250,50,9.455064
replica_01,head_any,65,6.4,6.5,6.45,3201,3250,50,4.66474
replica_01,tail_contacts,65,6.4,6.5,6.45,3201,3250,50,13.14
replica_01,tail_waters,65,6.4,6.5,6.45,3201,3250,50,37.3
replica_01,head_contact_fraction,65,6.4,6.5,6.45,3201,3250,50,0.74
replica_01,rmsd,66,6.5,6.6,6.55,3251,3300,50,4.964189999999999
replica_01,rg,66,6.5,6.6,6.55,3251,3300,50,9.529594
replica_01,head_any,66,6.5,6.6,6.55,3251,3300,50,6.13216
replica_01,tail_contacts,66,6.5,6.6,6.55,3251,3300,50,13.56
replica_01,tail_waters,66,6.5,6.6,6.55,3251,3300,50,39.38
replica_01,head_contact_fraction,66,6.5,6.6,6.55,3251,3300,50,0.16
replica_01,rmsd,67,6.6,6.7,6.65,3301,3350,50,5.030374
replica_01,rg,67,6.6,6.7,6.65,3301,3350,50,9.416988
replica_01,head_any,67,6.6,6.7,6.65,3301,3350,50,5.25534
replica_01,tail_contacts,67,6.6,6.7,6.65,3301,3350,50,12.84
replica_01,tail_waters,67,6.6,6.7,6.65,3301,3350,50,40.58
replica_01,head_contact_fraction,67,6.6,6.7,6.65,3301,3350,50,0.46
replica_01,rmsd,68,6.7,6.8,6.75,3351,3400,50,4.712676
replica_01,rg,68,6.7,6.8,6.75,3351,3400,50,9.52133
replica_01,head_any,68,6.7,6.8,6.75,3351,3400,50,4.19926
replica_01,tail_contacts,68,6.7,6.8,6.75,3351,3400,50,11.64
replica_01,tail_waters,68,6.7,6.8,6.75,3351,3400,50,41.32
replica_01,head_contact_fraction,68,6.7,6.8,6.75,3351,3400,50,0.9
replica_01,rmsd,69,6.8,6.9,6.85,3401,3450,50,4.891444
replica_01,rg,69,6.8,6.9,6.85,3401,3450,50,9.501198
replica_01,head_any,69,6.8,6.9,6.85,3401,3450,50,5.65562
replica_01,tail_contacts,69,6.8,6.9,6.85,3401,3450,50,14.2
replica_01,tail_waters,69,6.8,6.9,6.85,3401,3450,50,38.54
replica_01,head_contact_fraction,69,6.8,6.9,6.85,3401,3450,50,0.38
replica_01,rmsd,70,6.9,7.0,6.95,3451,3500,50,5.033982
replica_01,rg,70,6.9,7.0,6.95,3451,3500,50,9.1072
replica_01,head_any,70,6.9,7.0,6.95,3451,3500,50,4.439080000000001
replica_01,tail_contacts,70,6.9,7.0,6.95,3451,3500,50,13.48
replica_01,tail_waters,70,6.9,7.0,6.95,3451,3500,50,34.64
replica_01,head_contact_fraction,70,6.9,7.0,6.95,3451,3500,50,0.82
replica_01,rmsd,71,7.0,7.1,7.05,3501,3550,50,5.042804
replica_01,rg,71,7.0,7.1,7.05,3501,3550,50,9.1025
replica_01,head_any,71,7.0,7.1,7.05,3501,3550,50,4.50684
replica_01,tail_contacts,71,7.0,7.1,7.05,3501,3550,50,15.92
replica_01,tail_waters,71,7.0,7.1,7.05,3501,3550,50,33.0
replica_01,head_contact_fraction,71,7.0,7.1,7.05,3501,3550,50,0.84
replica_01,rmsd,72,7.1,7.2,7.15,3551,3600,50,4.731984
replica_01,rg,72,7.1,7.2,7.15,3551,3600,50,9.42212
replica_01,head_any,72,7.1,7.2,7.15,3551,3600,50,4.71896
replica_01,tail_contacts,72,7.1,7.2,7.15,3551,3600,50,18.06
replica_01,tail_waters,72,7.1,7.2,7.15,3551,3600,50,32.9
replica_01,head_contact_fraction,72,7.1,7.2,7.15,3551,3600,50,0.72
replica_01,rmsd,73,7.2,7.3,7.25,3601,3650,50,4.703158
replica_01,rg,73,7.2,7.3,7.25,3601,3650,50,9.36298
replica_01,head_any,73,7.2,7.3,7.25,3601,3650,50,5.05324
replica_01,tail_contacts,73,7.2,7.3,7.25,3601,3650,50,20.42
replica_01,tail_waters,73,7.2,7.3,7.25,3601,3650,50,30.12
replica_01,head_contact_fraction,73,7.2,7.3,7.25,3601,3650,50,0.46
replica_01,rmsd,74,7.3,7.4,7.35,3651,3700,50,4.991569999999999
replica_01,rg,74,7.3,7.4,7.35,3651,3700,50,9.272202
replica_01,head_any,74,7.3,7.4,7.35,3651,3700,50,4.99822
replica_01,tail_contacts,74,7.3,7.4,7.35,3651,3700,50,21.52
replica_01,tail_waters,74,7.3,7.4,7.35,3651,3700,50,31.26
replica_01,head_contact_fraction,74,7.3,7.4,7.35,3651,3700,50,0.58
replica_01,rmsd,75,7.4,7.5,7.45,3701,3750,50,4.972932
replica_01,rg,75,7.4,7.5,7.45,3701,3750,50,9.31729
replica_01,head_any,75,7.4,7.5,7.45,3701,3750,50,5.0811399999999995
replica_01,tail_contacts,75,7.4,7.5,7.45,3701,3750,50,20.7
replica_01,tail_waters,75,7.4,7.5,7.45,3701,3750,50,30.76
replica_01,head_contact_fraction,75,7.4,7.5,7.45,3701,3750,50,0.5
replica_01,rmsd,76,7.5,7.6,7.55,3751,3800,50,5.400798
replica_01,rg,76,7.5,7.6,7.55,3751,3800,50,9.3008
replica_01,head_any,76,7.5,7.6,7.55,3751,3800,50,4.9539
replica_01,tail_contacts,76,7.5,7.6,7.55,3751,3800,50,20.58
replica_01,tail_waters,76,7.5,7.6,7.55,3751,3800,50,31.1
replica_01,head_contact_fraction,76,7.5,7.6,7.55,3751,3800,50,0.54
replica_01,rmsd,77,7.6,7.7,7.65,3801,3850,50,5.32367
replica_01,rg,77,7.6,7.7,7.65,3801,3850,50,9.253394
replica_01,head_any,77,7.6,7.7,7.65,3801,3850,50,4.71658
replica_01,tail_contacts,77,7.6,7.7,7.65,3801,3850,50,21.46
replica_01,tail_waters,77,7.6,7.7,7.65,3801,3850,50,28.94
replica_01,head_contact_fraction,77,7.6,7.7,7.65,3801,3850,50,0.72
replica_01,rmsd,78,7.7,7.8,7.75,3851,3900,50,5.017104
replica_01,rg,78,7.7,7.8,7.75,3851,3900,50,9.18495
replica_01,head_any,78,7.7,7.8,7.75,3851,3900,50,4.8463
replica_01,tail_contacts,78,7.7,7.8,7.75,3851,3900,50,18.9
replica_01,tail_waters,78,7.7,7.8,7.75,3851,3900,50,31.12
replica_01,head_contact_fraction,78,7.7,7.8,7.75,3851,3900,50,0.6
replica_01,rmsd,79,7.8,7.9,7.85,3901,3950,50,4.446566000000001
replica_01,rg,79,7.8,7.9,7.85,3901,3950,50,9.174714
replica_01,head_any,79,7.8,7.9,7.85,3901,3950,50,5.70312
replica_01,tail_contacts,79,7.8,7.9,7.85,3901,3950,50,21.14
replica_01,tail_waters,79,7.8,7.9,7.85,3901,3950,50,31.08
replica_01,head_contact_fraction,79,7.8,7.9,7.85,3901,3950,50,0.18
replica_01,rmsd,80,7.9,8.0,7.95,3951,4000,50,4.18543
replica_01,rg,80,7.9,8.0,7.95,3951,4000,50,9.279016
replica_01,head_any,80,7.9,8.0,7.95,3951,4000,50,5.2992
replica_01,tail_contacts,80,7.9,8.0,7.95,3951,4000,50,20.72
replica_01,tail_waters,80,7.9,8.0,7.95,3951,4000,50,31.44
replica_01,head_contact_fraction,80,7.9,8.0,7.95,3951,4000,50,0.38
replica_01,rmsd,81,8.0,8.1,8.05,4001,4050,50,4.505548
replica_01,rg,81,8.0,8.1,8.05,4001,4050,50,9.16776
replica_01,head_any,81,8.0,8.1,8.05,4001,4050,50,5.51558
replica_01,tail_contacts,81,8.0,8.1,8.05,4001,4050,50,22.3
replica_01,tail_waters,81,8.0,8.1,8.05,4001,4050,50,33.7
replica_01,head_contact_fraction,81,8.0,8.1,8.05,4001,4050,50,0.28
replica_01,rmsd,82,8.1,8.2,8.15,4051,4100,50,4.481158
replica_01,rg,82,8.1,8.2,8.15,4051,4100,50,9.141208
replica_01,head_any,82,8.1,8.2,8.15,4051,4100,50,4.62224
replica_01,tail_contacts,82,8.1,8.2,8.15,4051,4100,50,18.3
replica_01,tail_waters,82,8.1,8.2,8.15,4051,4100,50,30.44
replica_01,head_contact_fraction,82,8.1,8.2,8.15,4051,4100,50,0.7
replica_01,rmsd,83,8.2,8.3,8.25,4101,4150,50,4.535004
replica_01,rg,83,8.2,8.3,8.25,4101,4150,50,9.14567
replica_01,head_any,83,8.2,8.3,8.25,4101,4150,50,4.3457
replica_01,tail_contacts,83,8.2,8.3,8.25,4101,4150,50,16.0
replica_01,tail_waters,83,8.2,8.3,8.25,4101,4150,50,31.7
replica_01,head_contact_fraction,83,8.2,8.3,8.25,4101,4150,50,0.96
replica_01,rmsd,84,8.3,8.4,8.35,4151,4200,50,4.45154
replica_01,rg,84,8.3,8.4,8.35,4151,4200,50,9.313804
replica_01,head_any,84,8.3,8.4,8.35,4151,4200,50,4.18534
replica_01,tail_contacts,84,8.3,8.4,8.35,4151,4200,50,16.44
replica_01,tail_waters,84,8.3,8.4,8.35,4151,4200,50,29.92
replica_01,head_contact_fraction,84,8.3,8.4,8.35,4151,4200,50,0.98
replica_01,rmsd,85,8.4,8.5,8.45,4201,4250,50,4.9458139999999995
replica_01,rg,85,8.4,8.5,8.45,4201,4250,50,9.411432
replica_01,head_any,85,8.4,8.5,8.45,4201,4250,50,5.3117399999999995
replica_01,tail_contacts,85,8.4,8.5,8.45,4201,4250,50,15.02
replica_01,tail_waters,85,8.4,8.5,8.45,4201,4250,50,35.28
replica_01,head_contact_fraction,85,8.4,8.5,8.45,4201,4250,50,0.52
replica_01,rmsd,86,8.5,8.6,8.55,4251,4300,50,5.058262
replica_01,rg,86,8.5,8.6,8.55,4251,4300,50,9.337316
replica_01,head_any,86,8.5,8.6,8.55,4251,4300,50,4.96422
replica_01,tail_contacts,86,8.5,8.6,8.55,4251,4300,50,11.88
replica_01,tail_waters,86,8.5,8.6,8.55,4251,4300,50,42.84
replica_01,head_contact_fraction,86,8.5,8.6,8.55,4251,4300,50,0.56
replica_01,rmsd,87,8.6,8.7,8.65,4301,4350,50,4.971844
replica_01,rg,87,8.6,8.7,8.65,4301,4350,50,9.366426
replica_01,head_any,87,8.6,8.7,8.65,4301,4350,50,4.52784
replica_01,tail_contacts,87,8.6,8.7,8.65,4301,4350,50,10.32
replica_01,tail_waters,87,8.6,8.7,8.65,4301,4350,50,44.1
replica_01,head_contact_fraction,87,8.6,8.7,8.65,4301,4350,50,0.76
replica_01,rmsd,88,8.7,8.8,8.75,4351,4400,50,4.848156
replica_01,rg,88,8.7,8.8,8.75,4351,4400,50,9.442544
replica_01,head_any,88,8.7,8.8,8.75,4351,4400,50,4.93184
replica_01,tail_contacts,88,8.7,8.8,8.75,4351,4400,50,10.66
replica_01,tail_waters,88,8.7,8.8,8.75,4351,4400,50,42.0
replica_01,head_contact_fraction,88,8.7,8.8,8.75,4351,4400,50,0.56
replica_01,rmsd,89,8.8,8.9,8.85,4401,4450,50,4.836406
replica_01,rg,89,8.8,8.9,8.85,4401,4450,50,9.414916
replica_01,head_any,89,8.8,8.9,8.85,4401,4450,50,4.97652
replica_01,tail_contacts,89,8.8,8.9,8.85,4401,4450,50,8.26
replica_01,tail_waters,89,8.8,8.9,8.85,4401,4450,50,45.76
replica_01,head_contact_fraction,89,8.8,8.9,8.85,4401,4450,50,0.5
replica_01,rmsd,90,8.9,9.0,8.95,4451,4500,50,4.8618939999999995
replica_01,rg,90,8.9,9.0,8.95,4451,4500,50,9.48643
replica_01,head_any,90,8.9,9.0,8.95,4451,4500,50,5.67078
replica_01,tail_contacts,90,8.9,9.0,8.95,4451,4500,50,5.7
replica_01,tail_waters,90,8.9,9.0,8.95,4451,4500,50,50.06
replica_01,head_contact_fraction,90,8.9,9.0,8.95,4451,4500,50,0.36
replica_01,rmsd,91,9.0,9.1,9.05,4501,4550,50,5.234086
replica_01,rg,91,9.0,9.1,9.05,4501,4550,50,9.330702
replica_01,head_any,91,9.0,9.1,9.05,4501,4550,50,4.817559999999999
replica_01,tail_contacts,91,9.0,9.1,9.05,4501,4550,50,7.68
replica_01,tail_waters,91,9.0,9.1,9.05,4501,4550,50,50.72
replica_01,head_contact_fraction,91,9.0,9.1,9.05,4501,4550,50,0.76
replica_01,rmsd,92,9.1,9.2,9.15,4551,4600,50,5.159548
replica_01,rg,92,9.1,9.2,9.15,4551,4600,50,9.41322
replica_01,head_any,92,9.1,9.2,9.15,4551,4600,50,4.1379399999999995
replica_01,tail_contacts,92,9.1,9.2,9.15,4551,4600,50,7.88
replica_01,tail_waters,92,9.1,9.2,9.15,4551,4600,50,47.7
replica_01,head_contact_fraction,92,9.1,9.2,9.15,4551,4600,50,0.92
replica_01,rmsd,93,9.2,9.3,9.25,4601,4650,50,5.06176
replica_01,rg,93,9.2,9.3,9.25,4601,4650,50,9.482301999999999
replica_01,head_any,93,9.2,9.3,9.25,4601,4650,50,4.46506
replica_01,tail_contacts,93,9.2,9.3,9.25,4601,4650,50,10.84
replica_01,tail_waters,93,9.2,9.3,9.25,4601,4650,50,46.44
replica_01,head_contact_fraction,93,9.2,9.3,9.25,4601,4650,50,0.78
replica_01,rmsd,94,9.3,9.4,9.35,4651,4700,50,5.226197999999999
replica_01,rg,94,9.3,9.4,9.35,4651,4700,50,9.469642
replica_01,head_any,94,9.3,9.4,9.35,4651,4700,50,5.27552
replica_01,tail_contacts,94,9.3,9.4,9.35,4651,4700,50,7.58
replica_01,tail_waters,94,9.3,9.4,9.35,4651,4700,50,50.3
replica_01,head_contact_fraction,94,9.3,9.4,9.35,4651,4700,50,0.42
replica_01,rmsd,95,9.4,9.5,9.45,4701,4750,50,4.973408
replica_01,rg,95,9.4,9.5,9.45,4701,4750,50,9.232794
replica_01,head_any,95,9.4,9.5,9.45,4701,4750,50,6.00058
replica_01,tail_contacts,95,9.4,9.5,9.45,4701,4750,50,8.46
replica_01,tail_waters,95,9.4,9.5,9.45,4701,4750,50,44.28
replica_01,head_contact_fraction,95,9.4,9.5,9.45,4701,4750,50,0.16
replica_01,rmsd,96,9.5,9.6,9.55,4751,4800,50,4.877962
replica_01,rg,96,9.5,9.6,9.55,4751,4800,50,9.27749
replica_01,head_any,96,9.5,9.6,9.55,4751,4800,50,5.38266
replica_01,tail_contacts,96,9.5,9.6,9.55,4751,4800,50,11.06
replica_01,tail_waters,96,9.5,9.6,9.55,4751,4800,50,39.68
replica_01,head_contact_fraction,96,9.5,9.6,9.55,4751,4800,50,0.3
replica_01,rmsd,97,9.6,9.7,9.65,4801,4850,50,5.255254
replica_01,rg,97,9.6,9.7,9.65,4801,4850,50,9.456768
replica_01,head_any,97,9.6,9.7,9.65,4801,4850,50,5.376079999999999
replica_01,tail_contacts,97,9.6,9.7,9.65,4801,4850,50,10.52
replica_01,tail_waters,97,9.6,9.7,9.65,4801,4850,50,39.56
replica_01,head_contact_fraction,97,9.6,9.7,9.65,4801,4850,50,0.3
replica_01,rmsd,98,9.7,9.8,9.75,4851,4900,50,4.657834
replica_01,rg,98,9.7,9.8,9.75,4851,4900,50,9.515661999999999
replica_01,head_any,98,9.7,9.8,9.75,4851,4900,50,4.47444
replica_01,tail_contacts,98,9.7,9.8,9.75,4851,4900,50,10.44
replica_01,tail_waters,98,9.7,9.8,9.75,4851,4900,50,41.66
replica_01,head_contact_fraction,98,9.7,9.8,9.75,4851,4900,50,0.78
replica_01,rmsd,99,9.8,9.9,9.85,4901,4950,50,4.86381
replica_01,rg,99,9.8,9.9,9.85,4901,4950,50,9.57387
replica_01,head_any,99,9.8,9.9,9.85,4901,4950,50,4.39542
replica_01,tail_contacts,99,9.8,9.9,9.85,4901,4950,50,10.22
replica_01,tail_waters,99,9.8,9.9,9.85,4901,4950,50,41.44
replica_01,head_contact_fraction,99,9.8,9.9,9.85,4901,4950,50,0.9
replica_01,rmsd,100,9.9,10.0,9.95,4951,5000,50,5.123107999999999
replica_01,rg,100,9.9,10.0,9.95,4951,5000,50,9.433536
replica_01,head_any,100,9.9,10.0,9.95,4951,5000,50,5.537140000000001
replica_01,tail_contacts,100,9.9,10.0,9.95,4951,5000,50,13.92
replica_01,tail_waters,100,9.9,10.0,9.95,4951,5000,50,36.84
replica_01,head_contact_fraction,100,9.9,10.0,9.95,4951,5000,50,0.36
replica_02,rmsd,1,0.0,0.1,0.05,1,50,50,1.432682
replica_02,rg,1,0.0,0.1,0.05,1,50,50,9.571592
replica_02,head_any,1,0.0,0.1,0.05,1,50,50,5.39466
replica_02,tail_contacts,1,0.0,0.1,0.05,1,50,50,14.74
replica_02,tail_waters,1,0.0,0.1,0.05,1,50,50,41.62
replica_02,head_contact_fraction,1,0.0,0.1,0.05,1,50,50,0.44
replica_02,rmsd,2,0.1,0.2,0.15,51,100,50,1.85948
replica_02,rg,2,0.1,0.2,0.15,51,100,50,9.600376
replica_02,head_any,2,0.1,0.2,0.15,51,100,50,5.6479800000000004
replica_02,tail_contacts,2,0.1,0.2,0.15,51,100,50,14.48
replica_02,tail_waters,2,0.1,0.2,0.15,51,100,50,42.0
replica_02,head_contact_fraction,2,0.1,0.2,0.15,51,100,50,0.2
replica_02,rmsd,3,0.2,0.3,0.25,101,150,50,2.271152
replica_02,rg,3,0.2,0.3,0.25,101,150,50,9.549328000000001
replica_02,head_any,3,0.2,0.3,0.25,101,150,50,5.99812
replica_02,tail_contacts,3,0.2,0.3,0.25,101,150,50,15.12
replica_02,tail_waters,3,0.2,0.3,0.25,101,150,50,39.6
replica_02,head_contact_fraction,3,0.2,0.3,0.25,101,150,50,0.14
replica_02,rmsd,4,0.3,0.4,0.35,151,200,50,2.558936
replica_02,rg,4,0.3,0.4,0.35,151,200,50,9.656774
replica_02,head_any,4,0.3,0.4,0.35,151,200,50,6.0421000000000005
replica_02,tail_contacts,4,0.3,0.4,0.35,151,200,50,14.62
replica_02,tail_waters,4,0.3,0.4,0.35,151,200,50,39.34
replica_02,head_contact_fraction,4,0.3,0.4,0.35,151,200,50,0.1
replica_02,rmsd,5,0.4,0.5,0.45,201,250,50,2.175886
replica_02,rg,5,0.4,0.5,0.45,201,250,50,9.485464
replica_02,head_any,5,0.4,0.5,0.45,201,250,50,6.37414
replica_02,tail_contacts,5,0.4,0.5,0.45,201,250,50,15.12
replica_02,tail_waters,5,0.4,0.5,0.45,201,250,50,39.32
replica_02,head_contact_fraction,5,0.4,0.5,0.45,201,250,50,0.02
replica_02,rmsd,6,0.5,0.6,0.55,251,300,50,3.168018
replica_02,rg,6,0.5,0.6,0.55,251,300,50,9.689594
replica_02,head_any,6,0.5,0.6,0.55,251,300,50,4.73384
replica_02,tail_contacts,6,0.5,0.6,0.55,251,300,50,13.96
replica_02,tail_waters,6,0.5,0.6,0.55,251,300,50,38.24
replica_02,head_contact_fraction,6,0.5,0.6,0.55,251,300,50,0.68
replica_02,rmsd,7,0.6,0.7,0.65,301,350,50,2.635388
replica_02,rg,7,0.6,0.7,0.65,301,350,50,9.692898
replica_02,head_any,7,0.6,0.7,0.65,301,350,50,4.471
replica_02,tail_contacts,7,0.6,0.7,0.65,301,350,50,14.12
replica_02,tail_waters,7,0.6,0.7,0.65,301,350,50,39.32
replica_02,head_contact_fraction,7,0.6,0.7,0.65,301,350,50,0.88
replica_02,rmsd,8,0.7,0.8,0.75,351,400,50,2.4481219999999997
replica_02,rg,8,0.7,0.8,0.75,351,400,50,9.640908000000001
replica_02,head_any,8,0.7,0.8,0.75,351,400,50,4.7354
replica_02,tail_contacts,8,0.7,0.8,0.75,351,400,50,16.56
replica_02,tail_waters,8,0.7,0.8,0.75,351,400,50,37.12
replica_02,head_contact_fraction,8,0.7,0.8,0.75,351,400,50,0.76
replica_02,rmsd,9,0.8,0.9,0.85,401,450,50,2.524826
replica_02,rg,9,0.8,0.9,0.85,401,450,50,9.650846
replica_02,head_any,9,0.8,0.9,0.85,401,450,50,5.5498400000000006
replica_02,tail_contacts,9,0.8,0.9,0.85,401,450,50,15.04
replica_02,tail_waters,9,0.8,0.9,0.85,401,450,50,40.62
replica_02,head_contact_fraction,9,0.8,0.9,0.85,401,450,50,0.34
replica_02,rmsd,10,0.9,1.0,0.95,451,500,50,2.18967
replica_02,rg,10,0.9,1.0,0.95,451,500,50,9.53879
replica_02,head_any,10,0.9,1.0,0.95,451,500,50,5.82698
replica_02,tail_contacts,10,0.9,1.0,0.95,451,500,50,16.0
replica_02,tail_waters,10,0.9,1.0,0.95,451,500,50,41.62
replica_02,head_contact_fraction,10,0.9,1.0,0.95,451,500,50,0.14
replica_02,rmsd,11,1.0,1.1,1.05,501,550,50,2.521764
replica_02,rg,11,1.0,1.1,1.05,501,550,50,9.716168
replica_02,head_any,11,1.0,1.1,1.05,501,550,50,5.7408600000000005
replica_02,tail_contacts,11,1.0,1.1,1.05,501,550,50,16.7
replica_02,tail_waters,11,1.0,1.1,1.05,501,550,50,38.14
replica_02,head_contact_fraction,11,1.0,1.1,1.05,501,550,50,0.22
replica_02,rmsd,12,1.1,1.2,1.15,551,600,50,2.414412
replica_02,rg,12,1.1,1.2,1.15,551,600,50,9.652645999999999
replica_02,head_any,12,1.1,1.2,1.15,551,600,50,5.158060000000001
replica_02,tail_contacts,12,1.1,1.2,1.15,551,600,50,15.22
replica_02,tail_waters,12,1.1,1.2,1.15,551,600,50,39.46
replica_02,head_contact_fraction,12,1.1,1.2,1.15,551,600,50,0.4
replica_02,rmsd,13,1.2,1.3,1.25,601,650,50,3.1800900000000003
replica_02,rg,13,1.2,1.3,1.25,601,650,50,9.716338
replica_02,head_any,13,1.2,1.3,1.25,601,650,50,5.64352
replica_02,tail_contacts,13,1.2,1.3,1.25,601,650,50,17.2
replica_02,tail_waters,13,1.2,1.3,1.25,601,650,50,38.34
replica_02,head_contact_fraction,13,1.2,1.3,1.25,601,650,50,0.24
replica_02,rmsd,14,1.3,1.4,1.35,651,700,50,2.526718
replica_02,rg,14,1.3,1.4,1.35,651,700,50,9.516396
replica_02,head_any,14,1.3,1.4,1.35,651,700,50,5.2230799999999995
replica_02,tail_contacts,14,1.3,1.4,1.35,651,700,50,16.44
replica_02,tail_waters,14,1.3,1.4,1.35,651,700,50,40.86
replica_02,head_contact_fraction,14,1.3,1.4,1.35,651,700,50,0.42
replica_02,rmsd,15,1.4,1.5,1.45,701,750,50,2.26659
replica_02,rg,15,1.4,1.5,1.45,701,750,50,9.519946
replica_02,head_any,15,1.4,1.5,1.45,701,750,50,5.37982
replica_02,tail_contacts,15,1.4,1.5,1.45,701,750,50,15.88
replica_02,tail_waters,15,1.4,1.5,1.45,701,750,50,41.44
replica_02,head_contact_fraction,15,1.4,1.5,1.45,701,750,50,0.38
replica_02,rmsd,16,1.5,1.6,1.55,751,800,50,2.7523540000000004
replica_02,rg,16,1.5,1.6,1.55,751,800,50,9.435922
replica_02,head_any,16,1.5,1.6,1.55,751,800,50,4.60086
replica_02,tail_contacts,16,1.5,1.6,1.55,751,800,50,15.68
replica_02,tail_waters,16,1.5,1.6,1.55,751,800,50,40.38
replica_02,head_contact_fraction,16,1.5,1.6,1.55,751,800,50,0.76
replica_02,rmsd,17,1.6,1.7,1.65,801,850,50,2.59011
replica_02,rg,17,1.6,1.7,1.65,801,850,50,9.565038
replica_02,head_any,17,1.6,1.7,1.65,801,850,50,5.05596
replica_02,tail_contacts,17,1.6,1.7,1.65,801,850,50,16.66
replica_02,tail_waters,17,1.6,1.7,1.65,801,850,50,40.1
replica_02,head_contact_fraction,17,1.6,1.7,1.65,801,850,50,0.62
replica_02,rmsd,18,1.7,1.8,1.75,851,900,50,2.55075
replica_02,rg,18,1.7,1.8,1.75,851,900,50,9.662402
replica_02,head_any,18,1.7,1.8,1.75,851,900,50,5.73736
replica_02,tail_contacts,18,1.7,1.8,1.75,851,900,50,16.24
replica_02,tail_waters,18,1.7,1.8,1.75,851,900,50,39.84
replica_02,head_contact_fraction,18,1.7,1.8,1.75,851,900,50,0.12
replica_02,rmsd,19,1.8,1.9,1.85,901,950,50,2.4503559999999998
replica_02,rg,19,1.8,1.9,1.85,901,950,50,9.631302
replica_02,head_any,19,1.8,1.9,1.85,901,950,50,5.47406
replica_02,tail_contacts,19,1.8,1.9,1.85,901,950,50,16.26
replica_02,tail_waters,19,1.8,1.9,1.85,901,950,50,39.66
replica_02,head_contact_fraction,19,1.8,1.9,1.85,901,950,50,0.3
replica_02,rmsd,20,1.9,2.0,1.95,951,1000,50,1.937456
replica_02,rg,20,1.9,2.0,1.95,951,1000,50,9.43636
replica_02,head_any,20,1.9,2.0,1.95,951,1000,50,5.487
replica_02,tail_contacts,20,1.9,2.0,1.95,951,1000,50,15.72
replica_02,tail_waters,20,1.9,2.0,1.95,951,1000,50,37.98
replica_02,head_contact_fraction,20,1.9,2.0,1.95,951,1000,50,0.3
replica_02,rmsd,21,2.0,2.1,2.05,1001,1050,50,1.9906540000000001
replica_02,rg,21,2.0,2.1,2.05,1001,1050,50,9.532062
replica_02,head_any,21,2.0,2.1,2.05,1001,1050,50,5.966559999999999
replica_02,tail_contacts,21,2.0,2.1,2.05,1001,1050,50,14.58
replica_02,tail_waters,21,2.0,2.1,2.05,1001,1050,50,37.42
replica_02,head_contact_fraction,21,2.0,2.1,2.05,1001,1050,50,0.28
replica_02,rmsd,22,2.1,2.2,2.15,1051,1100,50,2.883374
replica_02,rg,22,2.1,2.2,2.15,1051,1100,50,9.7101
replica_02,head_any,22,2.1,2.2,2.15,1051,1100,50,5.08962
replica_02,tail_contacts,22,2.1,2.2,2.15,1051,1100,50,7.96
replica_02,tail_waters,22,2.1,2.2,2.15,1051,1100,50,42.38
replica_02,head_contact_fraction,22,2.1,2.2,2.15,1051,1100,50,0.6
replica_02,rmsd,23,2.2,2.3,2.25,1101,1150,50,2.644244
replica_02,rg,23,2.2,2.3,2.25,1101,1150,50,9.670978
replica_02,head_any,23,2.2,2.3,2.25,1101,1150,50,4.9987200000000005
replica_02,tail_contacts,23,2.2,2.3,2.25,1101,1150,50,13.42
replica_02,tail_waters,23,2.2,2.3,2.25,1101,1150,50,37.28
replica_02,head_contact_fraction,23,2.2,2.3,2.25,1101,1150,50,0.6
replica_02,rmsd,24,2.3,2.4,2.35,1151,1200,50,3.679316
replica_02,rg,24,2.3,2.4,2.35,1151,1200,50,9.391062
replica_02,head_any,24,2.3,2.4,2.35,1151,1200,50,4.76608
replica_02,tail_contacts,24,2.3,2.4,2.35,1151,1200,50,17.52
replica_02,tail_waters,24,2.3,2.4,2.35,1151,1200,50,31.62
replica_02,head_contact_fraction,24,2.3,2.4,2.35,1151,1200,50,0.78
replica_02,rmsd,25,2.4,2.5,2.45,1201,1250,50,3.504998
replica_02,rg,25,2.4,2.5,2.45,1201,1250,50,9.404014
replica_02,head_any,25,2.4,2.5,2.45,1201,1250,50,4.87906
replica_02,tail_contacts,25,2.4,2.5,2.45,1201,1250,50,20.38
replica_02,tail_waters,25,2.4,2.5,2.45,1201,1250,50,29.6
replica_02,head_contact_fraction,25,2.4,2.5,2.45,1201,1250,50,0.72
replica_02,rmsd,26,2.5,2.6,2.55,1251,1300,50,4.278132
replica_02,rg,26,2.5,2.6,2.55,1251,1300,50,9.158702
replica_02,head_any,26,2.5,2.6,2.55,1251,1300,50,4.621379999999999
replica_02,tail_contacts,26,2.5,2.6,2.55,1251,1300,50,21.56
replica_02,tail_waters,26,2.5,2.6,2.55,1251,1300,50,27.88
replica_02,head_contact_fraction,26,2.5,2.6,2.55,1251,1300,50,0.86
replica_02,rmsd,27,2.6,2.7,2.65,1301,1350,50,5.278715999999999
replica_02,rg,27,2.6,2.7,2.65,1301,1350,50,8.785656
replica_02,head_any,27,2.6,2.7,2.65,1301,1350,50,4.87822
replica_02,tail_contacts,27,2.6,2.7,2.65,1301,1350,50,21.4
replica_02,tail_waters,27,2.6,2.7,2.65,1301,1350,50,28.24
replica_02,head_contact_fraction,27,2.6,2.7,2.65,1301,1350,50,0.64
replica_02,rmsd,28,2.7,2.8,2.75,1351,1400,50,4.512208
replica_02,rg,28,2.7,2.8,2.75,1351,1400,50,9.109004
replica_02,head_any,28,2.7,2.8,2.75,1351,1400,50,5.28202
replica_02,tail_contacts,28,2.7,2.8,2.75,1351,1400,50,17.52
replica_02,tail_waters,28,2.7,2.8,2.75,1351,1400,50,33.26
replica_02,head_contact_fraction,28,2.7,2.8,2.75,1351,1400,50,0.34
replica_02,rmsd,29,2.8,2.9,2.85,1401,1450,50,3.7391699999999997
replica_02,rg,29,2.8,2.9,2.85,1401,1450,50,9.217818
replica_02,head_any,29,2.8,2.9,2.85,1401,1450,50,4.79366
replica_02,tail_contacts,29,2.8,2.9,2.85,1401,1450,50,16.54
replica_02,tail_waters,29,2.8,2.9,2.85,1401,1450,50,33.44
replica_02,head_contact_fraction,29,2.8,2.9,2.85,1401,1450,50,0.74
replica_02,rmsd,30,2.9,3.0,2.95,1451,1500,50,3.894936
replica_02,rg,30,2.9,3.0,2.95,1451,1500,50,9.006214
replica_02,head_any,30,2.9,3.0,2.95,1451,1500,50,4.40518
replica_02,tail_contacts,30,2.9,3.0,2.95,1451,1500,50,19.12
replica_02,tail_waters,30,2.9,3.0,2.95,1451,1500,50,31.52
replica_02,head_contact_fraction,30,2.9,3.0,2.95,1451,1500,50,0.94
replica_02,rmsd,31,3.0,3.1,3.05,1501,1550,50,4.198913999999999
replica_02,rg,31,3.0,3.1,3.05,1501,1550,50,9.014982
replica_02,head_any,31,3.0,3.1,3.05,1501,1550,50,5.07024
replica_02,tail_contacts,31,3.0,3.1,3.05,1501,1550,50,18.42
replica_02,tail_waters,31,3.0,3.1,3.05,1501,1550,50,32.1
replica_02,head_contact_fraction,31,3.0,3.1,3.05,1501,1550,50,0.58
replica_02,rmsd,32,3.1,3.2,3.15,1551,1600,50,3.966332
replica_02,rg,32,3.1,3.2,3.15,1551,1600,50,9.116236
replica_02,head_any,32,3.1,3.2,3.15,1551,1600,50,5.01682
replica_02,tail_contacts,32,3.1,3.2,3.15,1551,1600,50,15.12
replica_02,tail_waters,32,3.1,3.2,3.15,1551,1600,50,38.18
replica_02,head_contact_fraction,32,3.1,3.2,3.15,1551,1600,50,0.66
replica_02,rmsd,33,3.2,3.3,3.25,1601,1650,50,3.5612340000000002
replica_02,rg,33,3.2,3.3,3.25,1601,1650,50,9.072958
replica_02,head_any,33,3.2,3.3,3.25,1601,1650,50,5.4812199999999995
replica_02,tail_contacts,33,3.2,3.3,3.25,1601,1650,50,12.86
replica_02,tail_waters,33,3.2,3.3,3.25,1601,1650,50,42.16
replica_02,head_contact_fraction,33,3.2,3.3,3.25,1601,1650,50,0.26
replica_02,rmsd,34,3.3,3.4,3.35,1651,1700,50,3.579234
replica_02,rg,34,3.3,3.4,3.35,1651,1700,50,9.25072
replica_02,head_any,34,3.3,3.4,3.35,1651,1700,50,6.47016
replica_02,tail_contacts,34,3.3,3.4,3.35,1651,1700,50,14.04
replica_02,tail_waters,34,3.3,3.4,3.35,1651,1700,50,42.28
replica_02,head_contact_fraction,34,3.3,3.4,3.35,1651,1700,50,0.06
replica_02,rmsd,35,3.4,3.5,3.45,1701,1750,50,4.345505999999999
replica_02,rg,35,3.4,3.5,3.45,1701,1750,50,9.470132
replica_02,head_any,35,3.4,3.5,3.45,1701,1750,50,5.3323
replica_02,tail_contacts,35,3.4,3.5,3.45,1701,1750,50,16.46
replica_02,tail_waters,35,3.4,3.5,3.45,1701,1750,50,36.7
replica_02,head_contact_fraction,35,3.4,3.5,3.45,1701,1750,50,0.4
replica_02,rmsd,36,3.5,3.6,3.55,1751,1800,50,4.64367
replica_02,rg,36,3.5,3.6,3.55,1751,1800,50,9.271834
replica_02,head_any,36,3.5,3.6,3.55,1751,1800,50,4.57804
replica_02,tail_contacts,36,3.5,3.6,3.55,1751,1800,50,19.72
replica_02,tail_waters,36,3.5,3.6,3.55,1751,1800,50,31.98
replica_02,head_contact_fraction,36,3.5,3.6,3.55,1751,1800,50,0.84
replica_02,rmsd,37,3.6,3.7,3.65,1801,1850,50,5.003124000000001
replica_02,rg,37,3.6,3.7,3.65,1801,1850,50,9.231844
replica_02,head_any,37,3.6,3.7,3.65,1801,1850,50,4.8379199999999996
replica_02,tail_contacts,37,3.6,3.7,3.65,1801,1850,50,18.98
replica_02,tail_waters,37,3.6,3.7,3.65,1801,1850,50,29.42
replica_02,head_contact_fraction,37,3.6,3.7,3.65,1801,1850,50,0.62
replica_02,rmsd,38,3.7,3.8,3.75,1851,1900,50,4.655194
replica_02,rg,38,3.7,3.8,3.75,1851,1900,50,9.030072
replica_02,head_any,38,3.7,3.8,3.75,1851,1900,50,5.02704
replica_02,tail_contacts,38,3.7,3.8,3.75,1851,1900,50,19.26
replica_02,tail_waters,38,3.7,3.8,3.75,1851,1900,50,29.52
replica_02,head_contact_fraction,38,3.7,3.8,3.75,1851,1900,50,0.56
replica_02,rmsd,39,3.8,3.9,3.85,1901,1950,50,5.354998
replica_02,rg,39,3.8,3.9,3.85,1901,1950,50,9.02435
replica_02,head_any,39,3.8,3.9,3.85,1901,1950,50,4.60898
replica_02,tail_contacts,39,3.8,3.9,3.85,1901,1950,50,22.46
replica_02,tail_waters,39,3.8,3.9,3.85,1901,1950,50,29.28
replica_02,head_contact_fraction,39,3.8,3.9,3.85,1901,1950,50,0.86
replica_02,rmsd,40,3.9,4.0,3.95,1951,2000,50,5.906906
replica_02,rg,40,3.9,4.0,3.95,1951,2000,50,9.07443
replica_02,head_any,40,3.9,4.0,3.95,1951,2000,50,4.69792
replica_02,tail_contacts,40,3.9,4.0,3.95,1951,2000,50,22.88
replica_02,tail_waters,40,3.9,4.0,3.95,1951,2000,50,30.02
replica_02,head_contact_fraction,40,3.9,4.0,3.95,1951,2000,50,0.82
replica_02,rmsd,41,4.0,4.1,4.05,2001,2050,50,5.531906
replica_02,rg,41,4.0,4.1,4.05,2001,2050,50,8.996332
replica_02,head_any,41,4.0,4.1,4.05,2001,2050,50,4.57848
replica_02,tail_contacts,41,4.0,4.1,4.05,2001,2050,50,23.44
replica_02,tail_waters,41,4.0,4.1,4.05,2001,2050,50,29.16
replica_02,head_contact_fraction,41,4.0,4.1,4.05,2001,2050,50,0.86
replica_02,rmsd,42,4.1,4.2,4.15,2051,2100,50,5.482804
replica_02,rg,42,4.1,4.2,4.15,2051,2100,50,9.148844
replica_02,head_any,42,4.1,4.2,4.15,2051,2100,50,4.75104
replica_02,tail_contacts,42,4.1,4.2,4.15,2051,2100,50,21.02
replica_02,tail_waters,42,4.1,4.2,4.15,2051,2100,50,29.4
replica_02,head_contact_fraction,42,4.1,4.2,4.15,2051,2100,50,0.7
replica_02,rmsd,43,4.2,4.3,4.25,2101,2150,50,5.277146
replica_02,rg,43,4.2,4.3,4.25,2101,2150,50,9.279736
replica_02,head_any,43,4.2,4.3,4.25,2101,2150,50,4.87024
replica_02,tail_contacts,43,4.2,4.3,4.25,2101,2150,50,18.84
replica_02,tail_waters,43,4.2,4.3,4.25,2101,2150,50,30.16
replica_02,head_contact_fraction,43,4.2,4.3,4.25,2101,2150,50,0.6
replica_02,rmsd,44,4.3,4.4,4.35,2151,2200,50,5.254006
replica_02,rg,44,4.3,4.4,4.35,2151,2200,50,9.125924
replica_02,head_any,44,4.3,4.4,4.35,2151,2200,50,4.70606
replica_02,tail_contacts,44,4.3,4.4,4.35,2151,2200,50,20.82
replica_02,tail_waters,44,4.3,4.4,4.35,2151,2200,50,29.42
replica_02,head_contact_fraction,44,4.3,4.4,4.35,2151,2200,50,0.78
replica_02,rmsd,45,4.4,4.5,4.45,2201,2250,50,4.897234
replica_02,rg,45,4.4,4.5,4.45,2201,2250,50,9.322564
replica_02,head_any,45,4.4,4.5,4.45,2201,2250,50,5.614199999999999
replica_02,tail_contacts,45,4.4,4.5,4.45,2201,2250,50,17.32
replica_02,tail_waters,45,4.4,4.5,4.45,2201,2250,50,32.74
replica_02,head_contact_fraction,45,4.4,4.5,4.45,2201,2250,50,0.32
replica_02,rmsd,46,4.5,4.6,4.55,2251,2300,50,5.393114000000001
replica_02,rg,46,4.5,4.6,4.55,2251,2300,50,9.404174000000001
replica_02,head_any,46,4.5,4.6,4.55,2251,2300,50,4.70416
replica_02,tail_contacts,46,4.5,4.6,4.55,2251,2300,50,15.28
replica_02,tail_waters,46,4.5,4.6,4.55,2251,2300,50,33.48
replica_02,head_contact_fraction,46,4.5,4.6,4.55,2251,2300,50,0.74
replica_02,rmsd,47,4.6,4.7,4.65,2301,2350,50,5.242722
replica_02,rg,47,4.6,4.7,4.65,2301,2350,50,9.133082
replica_02,head_any,47,4.6,4.7,4.65,2301,2350,50,4.67264
replica_02,tail_contacts,47,4.6,4.7,4.65,2301,2350,50,19.04
replica_02,tail_waters,47,4.6,4.7,4.65,2301,2350,50,30.84
replica_02,head_contact_fraction,47,4.6,4.7,4.65,2301,2350,50,0.74
replica_02,rmsd,48,4.7,4.8,4.75,2351,2400,50,5.0670839999999995
replica_02,rg,48,4.7,4.8,4.75,2351,2400,50,9.262864
replica_02,head_any,48,4.7,4.8,4.75,2351,2400,50,4.8975
replica_02,tail_contacts,48,4.7,4.8,4.75,2351,2400,50,14.84
replica_02,tail_waters,48,4.7,4.8,4.75,2351,2400,50,33.16
replica_02,head_contact_fraction,48,4.7,4.8,4.75,2351,2400,50,0.62
replica_02,rmsd,49,4.8,4.9,4.85,2401,2450,50,4.55685
replica_02,rg,49,4.8,4.9,4.85,2401,2450,50,9.145498
replica_02,head_any,49,4.8,4.9,4.85,2401,2450,50,5.437799999999999
replica_02,tail_contacts,49,4.8,4.9,4.85,2401,2450,50,14.28
replica_02,tail_waters,49,4.8,4.9,4.85,2401,2450,50,35.44
replica_02,head_contact_fraction,49,4.8,4.9,4.85,2401,2450,50,0.4
replica_02,rmsd,50,4.9,5.0,4.95,2451,2500,50,4.367958
replica_02,rg,50,4.9,5.0,4.95,2451,2500,50,9.08583
replica_02,head_any,50,4.9,5.0,4.95,2451,2500,50,4.90444
replica_02,tail_contacts,50,4.9,5.0,4.95,2451,2500,50,12.26
replica_02,tail_waters,50,4.9,5.0,4.95,2451,2500,50,37.1
replica_02,head_contact_fraction,50,4.9,5.0,4.95,2451,2500,50,0.56
replica_02,rmsd,51,5.0,5.1,5.05,2501,2550,50,4.809662
replica_02,rg,51,5.0,5.1,5.05,2501,2550,50,9.176984
replica_02,head_any,51,5.0,5.1,5.05,2501,2550,50,5.596699999999999
replica_02,tail_contacts,51,5.0,5.1,5.05,2501,2550,50,11.44
replica_02,tail_waters,51,5.0,5.1,5.05,2501,2550,50,39.9
replica_02,head_contact_fraction,51,5.0,5.1,5.05,2501,2550,50,0.34
replica_02,rmsd,52,5.1,5.2,5.15,2551,2600,50,4.777165999999999
replica_02,rg,52,5.1,5.2,5.15,2551,2600,50,9.183124
replica_02,head_any,52,5.1,5.2,5.15,2551,2600,50,5.2271
replica_02,tail_contacts,52,5.1,5.2,5.15,2551,2600,50,9.74
replica_02,tail_waters,52,5.1,5.2,5.15,2551,2600,50,45.36
replica_02,head_contact_fraction,52,5.1,5.2,5.15,2551,2600,50,0.4
replica_02,rmsd,53,5.2,5.3,5.25,2601,2650,50,5.186086
replica_02,rg,53,5.2,5.3,5.25,2601,2650,50,9.290996
replica_02,head_any,53,5.2,5.3,5.25,2601,2650,50,6.19308
replica_02,tail_contacts,53,5.2,5.3,5.25,2601,2650,50,12.7
replica_02,tail_waters,53,5.2,5.3,5.25,2601,2650,50,39.38
replica_02,head_contact_fraction,53,5.2,5.3,5.25,2601,2650,50,0.0
replica_02,rmsd,54,5.3,5.4,5.35,2651,2700,50,5.10297
replica_02,rg,54,5.3,5.4,5.35,2651,2700,50,9.221324
replica_02,head_any,54,5.3,5.4,5.35,2651,2700,50,5.77122
replica_02,tail_contacts,54,5.3,5.4,5.35,2651,2700,50,13.76
replica_02,tail_waters,54,5.3,5.4,5.35,2651,2700,50,37.98
replica_02,head_contact_fraction,54,5.3,5.4,5.35,2651,2700,50,0.02
replica_02,rmsd,55,5.4,5.5,5.45,2701,2750,50,5.127376000000001
replica_02,rg,55,5.4,5.5,5.45,2701,2750,50,9.047742
replica_02,head_any,55,5.4,5.5,5.45,2701,2750,50,5.09864
replica_02,tail_contacts,55,5.4,5.5,5.45,2701,2750,50,14.76
replica_02,tail_waters,55,5.4,5.5,5.45,2701,2750,50,35.94
replica_02,head_contact_fraction,55,5.4,5.5,5.45,2701,2750,50,0.44
replica_02,rmsd,56,5.5,5.6,5.55,2751,2800,50,4.9761180000000005
replica_02,rg,56,5.5,5.6,5.55,2751,2800,50,9.01025
replica_02,head_any,56,5.5,5.6,5.55,2751,2800,50,4.72412
replica_02,tail_contacts,56,5.5,5.6,5.55,2751,2800,50,16.6
replica_02,tail_waters,56,5.5,5.6,5.55,2751,2800,50,34.32
replica_02,head_contact_fraction,56,5.5,5.6,5.55,2751,2800,50,0.74
replica_02,rmsd,57,5.6,5.7,5.65,2801,2850,50,4.709616
replica_02,rg,57,5.6,5.7,5.65,2801,2850,50,8.926834
replica_02,head_any,57,5.6,5.7,5.65,2801,2850,50,6.29004
replica_02,tail_contacts,57,5.6,5.7,5.65,2801,2850,50,14.46
replica_02,tail_waters,57,5.6,5.7,5.65,2801,2850,50,35.52
replica_02,head_contact_fraction,57,5.6,5.7,5.65,2801,2850,50,0.12
replica_02,rmsd,58,5.7,5.8,5.75,2851,2900,50,4.604034
replica_02,rg,58,5.7,5.8,5.75,2851,2900,50,8.981844
replica_02,head_any,58,5.7,5.8,5.75,2851,2900,50,4.29428
replica_02,tail_contacts,58,5.7,5.8,5.75,2851,2900,50,12.38
replica_02,tail_waters,58,5.7,5.8,5.75,2851,2900,50,37.5
replica_02,head_contact_fraction,58,5.7,5.8,5.75,2851,2900,50,0.9
replica_02,rmsd,59,5.8,5.9,5.85,2901,2950,50,4.083038
replica_02,rg,59,5.8,5.9,5.85,2901,2950,50,8.90146
replica_02,head_any,59,5.8,5.9,5.85,2901,2950,50,4.4764800000000005
replica_02,tail_contacts,59,5.8,5.9,5.85,2901,2950,50,14.42
replica_02,tail_waters,59,5.8,5.9,5.85,2901,2950,50,35.84
replica_02,head_contact_fraction,59,5.8,5.9,5.85,2901,2950,50,0.8
replica_02,rmsd,60,5.9,6.0,5.95,2951,3000,50,4.214618
replica_02,rg,60,5.9,6.0,5.95,2951,3000,50,8.976378
replica_02,head_any,60,5.9,6.0,5.95,2951,3000,50,5.2005
replica_02,tail_contacts,60,5.9,6.0,5.95,2951,3000,50,16.18
replica_02,tail_waters,60,5.9,6.0,5.95,2951,3000,50,35.24
replica_02,head_contact_fraction,60,5.9,6.0,5.95,2951,3000,50,0.52
replica_02,rmsd,61,6.0,6.1,6.05,3001,3050,50,4.6047199999999995
replica_02,rg,61,6.0,6.1,6.05,3001,3050,50,9.13198
replica_02,head_any,61,6.0,6.1,6.05,3001,3050,50,4.62038
replica_02,tail_contacts,61,6.0,6.1,6.05,3001,3050,50,16.3
replica_02,tail_waters,61,6.0,6.1,6.05,3001,3050,50,35.14
replica_02,head_contact_fraction,61,6.0,6.1,6.05,3001,3050,50,0.76
replica_02,rmsd,62,6.1,6.2,6.15,3051,3100,50,4.016232
replica_02,rg,62,6.1,6.2,6.15,3051,3100,50,9.325402
replica_02,head_any,62,6.1,6.2,6.15,3051,3100,50,4.95914
replica_02,tail_contacts,62,6.1,6.2,6.15,3051,3100,50,16.44
replica_02,tail_waters,62,6.1,6.2,6.15,3051,3100,50,35.5
replica_02,head_contact_fraction,62,6.1,6.2,6.15,3051,3100,50,0.66
replica_02,rmsd,63,6.2,6.3,6.25,3101,3150,50,4.368602
replica_02,rg,63,6.2,6.3,6.25,3101,3150,50,9.201098
replica_02,head_any,63,6.2,6.3,6.25,3101,3150,50,5.16234
replica_02,tail_contacts,63,6.2,6.3,6.25,3101,3150,50,15.56
replica_02,tail_waters,63,6.2,6.3,6.25,3101,3150,50,36.42
replica_02,head_contact_fraction,63,6.2,6.3,6.25,3101,3150,50,0.42
replica_02,rmsd,64,6.3,6.4,6.35,3151,3200,50,4.284384
replica_02,rg,64,6.3,6.4,6.35,3151,3200,50,9.218142
replica_02,head_any,64,6.3,6.4,6.35,3151,3200,50,5.15096
replica_02,tail_contacts,64,6.3,6.4,6.35,3151,3200,50,13.84
replica_02,tail_waters,64,6.3,6.4,6.35,3151,3200,50,36.62
replica_02,head_contact_fraction,64,6.3,6.4,6.35,3151,3200,50,0.46
replica_02,rmsd,65,6.4,6.5,6.45,3201,3250,50,4.334858
replica_02,rg,65,6.4,6.5,6.45,3201,3250,50,9.265585999999999
replica_02,head_any,65,6.4,6.5,6.45,3201,3250,50,5.2451
replica_02,tail_contacts,65,6.4,6.5,6.45,3201,3250,50,16.16
replica_02,tail_waters,65,6.4,6.5,6.45,3201,3250,50,34.64
replica_02,head_contact_fraction,65,6.4,6.5,6.45,3201,3250,50,0.44
replica_02,rmsd,66,6.5,6.6,6.55,3251,3300,50,3.7619619999999996
replica_02,rg,66,6.5,6.6,6.55,3251,3300,50,9.37334
replica_02,head_any,66,6.5,6.6,6.55,3251,3300,50,6.24438
replica_02,tail_contacts,66,6.5,6.6,6.55,3251,3300,50,13.48
replica_02,tail_waters,66,6.5,6.6,6.55,3251,3300,50,38.52
replica_02,head_contact_fraction,66,6.5,6.6,6.55,3251,3300,50,0.02
replica_02,rmsd,67,6.6,6.7,6.65,3301,3350,50,3.606576
replica_02,rg,67,6.6,6.7,6.65,3301,3350,50,9.332279999999999
replica_02,head_any,67,6.6,6.7,6.65,3301,3350,50,5.310599999999999
replica_02,tail_contacts,67,6.6,6.7,6.65,3301,3350,50,11.3
replica_02,tail_waters,67,6.6,6.7,6.65,3301,3350,50,40.96
replica_02,head_contact_fraction,67,6.6,6.7,6.65,3301,3350,50,0.48
replica_02,rmsd,68,6.7,6.8,6.75,3351,3400,50,4.036818
replica_02,rg,68,6.7,6.8,6.75,3351,3400,50,9.384234
replica_02,head_any,68,6.7,6.8,6.75,3351,3400,50,4.58004
replica_02,tail_contacts,68,6.7,6.8,6.75,3351,3400,50,9.48
replica_02,tail_waters,68,6.7,6.8,6.75,3351,3400,50,40.98
replica_02,head_contact_fraction,68,6.7,6.8,6.75,3351,3400,50,0.88
replica_02,rmsd,69,6.8,6.9,6.85,3401,3450,50,4.045686
replica_02,rg,69,6.8,6.9,6.85,3401,3450,50,9.534597999999999
replica_02,head_any,69,6.8,6.9,6.85,3401,3450,50,6.02456
replica_02,tail_contacts,69,6.8,6.9,6.85,3401,3450,50,12.68
replica_02,tail_waters,69,6.8,6.9,6.85,3401,3450,50,38.14
replica_02,head_contact_fraction,69,6.8,6.9,6.85,3401,3450,50,0.14
replica_02,rmsd,70,6.9,7.0,6.95,3451,3500,50,3.8916359999999997
replica_02,rg,70,6.9,7.0,6.95,3451,3500,50,9.433002
replica_02,head_any,70,6.9,7.0,6.95,3451,3500,50,4.85096
replica_02,tail_contacts,70,6.9,7.0,6.95,3451,3500,50,14.18
replica_02,tail_waters,70,6.9,7.0,6.95,3451,3500,50,36.68
replica_02,head_contact_fraction,70,6.9,7.0,6.95,3451,3500,50,0.7
replica_02,rmsd,71,7.0,7.1,7.05,3501,3550,50,3.3772539999999998
replica_02,rg,71,7.0,7.1,7.05,3501,3550,50,9.520818
replica_02,head_any,71,7.0,7.1,7.05,3501,3550,50,6.0229
replica_02,tail_contacts,71,7.0,7.1,7.05,3501,3550,50,16.02
replica_02,tail_waters,71,7.0,7.1,7.05,3501,3550,50,37.32
replica_02,head_contact_fraction,71,7.0,7.1,7.05,3501,3550,50,0.04
replica_02,rmsd,72,7.1,7.2,7.15,3551,3600,50,3.518592
replica_02,rg,72,7.1,7.2,7.15,3551,3600,50,9.40424
replica_02,head_any,72,7.1,7.2,7.15,3551,3600,50,5.509460000000001
replica_02,tail_contacts,72,7.1,7.2,7.15,3551,3600,50,15.1
replica_02,tail_waters,72,7.1,7.2,7.15,3551,3600,50,36.44
replica_02,head_contact_fraction,72,7.1,7.2,7.15,3551,3600,50,0.36
replica_02,rmsd,73,7.2,7.3,7.25,3601,3650,50,3.538696
replica_02,rg,73,7.2,7.3,7.25,3601,3650,50,9.3553
replica_02,head_any,73,7.2,7.3,7.25,3601,3650,50,5.07532
replica_02,tail_contacts,73,7.2,7.3,7.25,3601,3650,50,15.3
replica_02,tail_waters,73,7.2,7.3,7.25,3601,3650,50,35.36
replica_02,head_contact_fraction,73,7.2,7.3,7.25,3601,3650,50,0.6
replica_02,rmsd,74,7.3,7.4,7.35,3651,3700,50,3.7671699999999997
replica_02,rg,74,7.3,7.4,7.35,3651,3700,50,9.577226
replica_02,head_any,74,7.3,7.4,7.35,3651,3700,50,4.62376
replica_02,tail_contacts,74,7.3,7.4,7.35,3651,3700,50,12.72
replica_02,tail_waters,74,7.3,7.4,7.35,3651,3700,50,37.98
replica_02,head_contact_fraction,74,7.3,7.4,7.35,3651,3700,50,0.78
replica_02,rmsd,75,7.4,7.5,7.45,3701,3750,50,4.0675479999999995
replica_02,rg,75,7.4,7.5,7.45,3701,3750,50,9.457488
replica_02,head_any,75,7.4,7.5,7.45,3701,3750,50,4.64192
replica_02,tail_contacts,75,7.4,7.5,7.45,3701,3750,50,12.8
replica_02,tail_waters,75,7.4,7.5,7.45,3701,3750,50,38.36
replica_02,head_contact_fraction,75,7.4,7.5,7.45,3701,3750,50,0.74
replica_02,rmsd,76,7.5,7.6,7.55,3751,3800,50,2.919366
replica_02,rg,76,7.5,7.6,7.55,3751,3800,50,9.401898
replica_02,head_any,76,7.5,7.6,7.55,3751,3800,50,6.0068600000000005
replica_02,tail_contacts,76,7.5,7.6,7.55,3751,3800,50,13.66
replica_02,tail_waters,76,7.5,7.6,7.55,3751,3800,50,37.32
replica_02,head_contact_fraction,76,7.5,7.6,7.55,3751,3800,50,0.08
replica_02,rmsd,77,7.6,7.7,7.65,3801,3850,50,2.8611560000000003
replica_02,rg,77,7.6,7.7,7.65,3801,3850,50,9.332148
replica_02,head_any,77,7.6,7.7,7.65,3801,3850,50,5.86772
replica_02,tail_contacts,77,7.6,7.7,7.65,3801,3850,50,15.62
replica_02,tail_waters,77,7.6,7.7,7.65,3801,3850,50,35.56
replica_02,head_contact_fraction,77,7.6,7.7,7.65,3801,3850,50,0.08
replica_02,rmsd,78,7.7,7.8,7.75,3851,3900,50,3.472986
replica_02,rg,78,7.7,7.8,7.75,3851,3900,50,9.30026
replica_02,head_any,78,7.7,7.8,7.75,3851,3900,50,5.18116
replica_02,tail_contacts,78,7.7,7.8,7.75,3851,3900,50,12.62
replica_02,tail_waters,78,7.7,7.8,7.75,3851,3900,50,37.72
replica_02,head_contact_fraction,78,7.7,7.8,7.75,3851,3900,50,0.48
replica_02,rmsd,79,7.8,7.9,7.85,3901,3950,50,3.6691719999999997
replica_02,rg,79,7.8,7.9,7.85,3901,3950,50,9.253472
replica_02,head_any,79,7.8,7.9,7.85,3901,3950,50,5.310919999999999
replica_02,tail_contacts,79,7.8,7.9,7.85,3901,3950,50,12.3
replica_02,tail_waters,79,7.8,7.9,7.85,3901,3950,50,37.6
replica_02,head_contact_fraction,79,7.8,7.9,7.85,3901,3950,50,0.44
replica_02,rmsd,80,7.9,8.0,7.95,3951,4000,50,3.884062
replica_02,rg,80,7.9,8.0,7.95,3951,4000,50,9.399538
replica_02,head_any,80,7.9,8.0,7.95,3951,4000,50,6.28254
replica_02,tail_contacts,80,7.9,8.0,7.95,3951,4000,50,15.22
replica_02,tail_waters,80,7.9,8.0,7.95,3951,4000,50,36.64
replica_02,head_contact_fraction,80,7.9,8.0,7.95,3951,4000,50,0.04
replica_02,rmsd,81,8.0,8.1,8.05,4001,4050,50,3.930476
replica_02,rg,81,8.0,8.1,8.05,4001,4050,50,9.309332
replica_02,head_any,81,8.0,8.1,8.05,4001,4050,50,5.29344
replica_02,tail_contacts,81,8.0,8.1,8.05,4001,4050,50,14.28
replica_02,tail_waters,81,8.0,8.1,8.05,4001,4050,50,36.64
replica_02,head_contact_fraction,81,8.0,8.1,8.05,4001,4050,50,0.48
replica_02,rmsd,82,8.1,8.2,8.15,4051,4100,50,4.055618
replica_02,rg,82,8.1,8.2,8.15,4051,4100,50,9.293806
replica_02,head_any,82,8.1,8.2,8.15,4051,4100,50,4.995419999999999
replica_02,tail_contacts,82,8.1,8.2,8.15,4051,4100,50,14.28
replica_02,tail_waters,82,8.1,8.2,8.15,4051,4100,50,37.62
replica_02,head_contact_fraction,82,8.1,8.2,8.15,4051,4100,50,0.56
replica_02,rmsd,83,8.2,8.3,8.25,4101,4150,50,3.698004
replica_02,rg,83,8.2,8.3,8.25,4101,4150,50,9.394575999999999
replica_02,head_any,83,8.2,8.3,8.25,4101,4150,50,4.43392
replica_02,tail_contacts,83,8.2,8.3,8.25,4101,4150,50,14.86
replica_02,tail_waters,83,8.2,8.3,8.25,4101,4150,50,37.3
replica_02,head_contact_fraction,83,8.2,8.3,8.25,4101,4150,50,0.92
replica_02,rmsd,84,8.3,8.4,8.35,4151,4200,50,3.668476
replica_02,rg,84,8.3,8.4,8.35,4151,4200,50,9.495746
replica_02,head_any,84,8.3,8.4,8.35,4151,4200,50,4.57182
replica_02,tail_contacts,84,8.3,8.4,8.35,4151,4200,50,13.26
replica_02,tail_waters,84,8.3,8.4,8.35,4151,4200,50,38.14
replica_02,head_contact_fraction,84,8.3,8.4,8.35,4151,4200,50,0.76
replica_02,rmsd,85,8.4,8.5,8.45,4201,4250,50,3.6414679999999997
replica_02,rg,85,8.4,8.5,8.45,4201,4250,50,9.469026
replica_02,head_any,85,8.4,8.5,8.45,4201,4250,50,4.64448
replica_02,tail_contacts,85,8.4,8.5,8.45,4201,4250,50,13.7
replica_02,tail_waters,85,8.4,8.5,8.45,4201,4250,50,39.18
replica_02,head_contact_fraction,85,8.4,8.5,8.45,4201,4250,50,0.78
replica_02,rmsd,86,8.5,8.6,8.55,4251,4300,50,3.611616
replica_02,rg,86,8.5,8.6,8.55,4251,4300,50,9.486532
replica_02,head_any,86,8.5,8.6,8.55,4251,4300,50,4.79854
replica_02,tail_contacts,86,8.5,8.6,8.55,4251,4300,50,14.14
replica_02,tail_waters,86,8.5,8.6,8.55,4251,4300,50,38.24
replica_02,head_contact_fraction,86,8.5,8.6,8.55,4251,4300,50,0.68
replica_02,rmsd,87,8.6,8.7,8.65,4301,4350,50,3.808766
replica_02,rg,87,8.6,8.7,8.65,4301,4350,50,9.404154
replica_02,head_any,87,8.6,8.7,8.65,4301,4350,50,5.08512
replica_02,tail_contacts,87,8.6,8.7,8.65,4301,4350,50,14.22
replica_02,tail_waters,87,8.6,8.7,8.65,4301,4350,50,35.24
replica_02,head_contact_fraction,87,8.6,8.7,8.65,4301,4350,50,0.4
replica_02,rmsd,88,8.7,8.8,8.75,4351,4400,50,3.955654
replica_02,rg,88,8.7,8.8,8.75,4351,4400,50,9.28703
replica_02,head_any,88,8.7,8.8,8.75,4351,4400,50,4.8294
replica_02,tail_contacts,88,8.7,8.8,8.75,4351,4400,50,14.22
replica_02,tail_waters,88,8.7,8.8,8.75,4351,4400,50,33.06
replica_02,head_contact_fraction,88,8.7,8.8,8.75,4351,4400,50,0.66
replica_02,rmsd,89,8.8,8.9,8.85,4401,4450,50,3.221218
replica_02,rg,89,8.8,8.9,8.85,4401,4450,50,9.2802
replica_02,head_any,89,8.8,8.9,8.85,4401,4450,50,5.0521199999999995
replica_02,tail_contacts,89,8.8,8.9,8.85,4401,4450,50,13.9
replica_02,tail_waters,89,8.8,8.9,8.85,4401,4450,50,37.18
replica_02,head_contact_fraction,89,8.8,8.9,8.85,4401,4450,50,0.52
replica_02,rmsd,90,8.9,9.0,8.95,4451,4500,50,3.0479860000000003
replica_02,rg,90,8.9,9.0,8.95,4451,4500,50,9.23532
replica_02,head_any,90,8.9,9.0,8.95,4451,4500,50,4.63654
replica_02,tail_contacts,90,8.9,9.0,8.95,4451,4500,50,15.0
replica_02,tail_waters,90,8.9,9.0,8.95,4451,4500,50,37.0
replica_02,head_contact_fraction,90,8.9,9.0,8.95,4451,4500,50,0.78
replica_02,rmsd,91,9.0,9.1,9.05,4501,4550,50,3.432706
replica_02,rg,91,9.0,9.1,9.05,4501,4550,50,9.281262
replica_02,head_any,91,9.0,9.1,9.05,4501,4550,50,4.79
replica_02,tail_contacts,91,9.0,9.1,9.05,4501,4550,50,14.06
replica_02,tail_waters,91,9.0,9.1,9.05,4501,4550,50,35.72
replica_02,head_contact_fraction,91,9.0,9.1,9.05,4501,4550,50,0.66
replica_02,rmsd,92,9.1,9.2,9.15,4551,4600,50,3.782818
replica_02,rg,92,9.1,9.2,9.15,4551,4600,50,9.178507999999999
replica_02,head_any,92,9.1,9.2,9.15,4551,4600,50,5.2042600000000006
replica_02,tail_contacts,92,9.1,9.2,9.15,4551,4600,50,15.32
replica_02,tail_waters,92,9.1,9.2,9.15,4551,4600,50,31.6
replica_02,head_contact_fraction,92,9.1,9.2,9.15,4551,4600,50,0.46
replica_02,rmsd,93,9.2,9.3,9.25,4601,4650,50,3.326914
replica_02,rg,93,9.2,9.3,9.25,4601,4650,50,9.20547
replica_02,head_any,93,9.2,9.3,9.25,4601,4650,50,4.676159999999999
replica_02,tail_contacts,93,9.2,9.3,9.25,4601,4650,50,15.3
replica_02,tail_waters,93,9.2,9.3,9.25,4601,4650,50,33.18
replica_02,head_contact_fraction,93,9.2,9.3,9.25,4601,4650,50,0.78
replica_02,rmsd,94,9.3,9.4,9.35,4651,4700,50,3.78247
replica_02,rg,94,9.3,9.4,9.35,4651,4700,50,9.098548
replica_02,head_any,94,9.3,9.4,9.35,4651,4700,50,4.38402
replica_02,tail_contacts,94,9.3,9.4,9.35,4651,4700,50,17.28
replica_02,tail_waters,94,9.3,9.4,9.35,4651,4700,50,30.26
replica_02,head_contact_fraction,94,9.3,9.4,9.35,4651,4700,50,0.86
replica_02,rmsd,95,9.4,9.5,9.45,4701,4750,50,3.694736
replica_02,rg,95,9.4,9.5,9.45,4701,4750,50,9.20825
replica_02,head_any,95,9.4,9.5,9.45,4701,4750,50,4.40526
replica_02,tail_contacts,95,9.4,9.5,9.45,4701,4750,50,13.26
replica_02,tail_waters,95,9.4,9.5,9.45,4701,4750,50,32.58
replica_02,head_contact_fraction,95,9.4,9.5,9.45,4701,4750,50,0.9
replica_02,rmsd,96,9.5,9.6,9.55,4751,4800,50,3.947308
replica_02,rg,96,9.5,9.6,9.55,4751,4800,50,9.358514
replica_02,head_any,96,9.5,9.6,9.55,4751,4800,50,5.00522
replica_02,tail_contacts,96,9.5,9.6,9.55,4751,4800,50,14.54
replica_02,tail_waters,96,9.5,9.6,9.55,4751,4800,50,32.44
replica_02,head_contact_fraction,96,9.5,9.6,9.55,4751,4800,50,0.62
replica_02,rmsd,97,9.6,9.7,9.65,4801,4850,50,3.95818
replica_02,rg,97,9.6,9.7,9.65,4801,4850,50,8.93885
replica_02,head_any,97,9.6,9.7,9.65,4801,4850,50,5.42706
replica_02,tail_contacts,97,9.6,9.7,9.65,4801,4850,50,14.4
replica_02,tail_waters,97,9.6,9.7,9.65,4801,4850,50,32.76
replica_02,head_contact_fraction,97,9.6,9.7,9.65,4801,4850,50,0.3
replica_02,rmsd,98,9.7,9.8,9.75,4851,4900,50,4.351567999999999
replica_02,rg,98,9.7,9.8,9.75,4851,4900,50,8.70236
replica_02,head_any,98,9.7,9.8,9.75,4851,4900,50,5.14014
replica_02,tail_contacts,98,9.7,9.8,9.75,4851,4900,50,17.6
replica_02,tail_waters,98,9.7,9.8,9.75,4851,4900,50,30.1
replica_02,head_contact_fraction,98,9.7,9.8,9.75,4851,4900,50,0.48
replica_02,rmsd,99,9.8,9.9,9.85,4901,4950,50,4.371726
replica_02,rg,99,9.8,9.9,9.85,4901,4950,50,8.860386
replica_02,head_any,99,9.8,9.9,9.85,4901,4950,50,4.69494
replica_02,tail_contacts,99,9.8,9.9,9.85,4901,4950,50,15.98
replica_02,tail_waters,99,9.8,9.9,9.85,4901,4950,50,32.1
replica_02,head_contact_fraction,99,9.8,9.9,9.85,4901,4950,50,0.68
replica_02,rmsd,100,9.9,10.0,9.95,4951,5000,50,4.377216000000001
replica_02,rg,100,9.9,10.0,9.95,4951,5000,50,9.366832
replica_02,head_any,100,9.9,10.0,9.95,4951,5000,50,5.02482
replica_02,tail_contacts,100,9.9,10.0,9.95,4951,5000,50,13.28
replica_02,tail_waters,100,9.9,10.0,9.95,4951,5000,50,34.32
replica_02,head_contact_fraction,100,9.9,10.0,9.95,4951,5000,50,0.54
replica_03,rmsd,1,0.0,0.1,0.05,1,50,50,2.252692
replica_03,rg,1,0.0,0.1,0.05,1,50,50,9.65847
replica_03,head_any,1,0.0,0.1,0.05,1,50,50,6.35198
replica_03,tail_contacts,1,0.0,0.1,0.05,1,50,50,15.3
replica_03,tail_waters,1,0.0,0.1,0.05,1,50,50,33.56
replica_03,head_contact_fraction,1,0.0,0.1,0.05,1,50,50,0.08
replica_03,rmsd,2,0.1,0.2,0.15,51,100,50,3.5092160000000003
replica_03,rg,2,0.1,0.2,0.15,51,100,50,9.519084
replica_03,head_any,2,0.1,0.2,0.15,51,100,50,4.91824
replica_03,tail_contacts,2,0.1,0.2,0.15,51,100,50,19.06
replica_03,tail_waters,2,0.1,0.2,0.15,51,100,50,30.98
replica_03,head_contact_fraction,2,0.1,0.2,0.15,51,100,50,0.64
replica_03,rmsd,3,0.2,0.3,0.25,101,150,50,3.7590879999999998
replica_03,rg,3,0.2,0.3,0.25,101,150,50,9.6467
replica_03,head_any,3,0.2,0.3,0.25,101,150,50,4.7114
replica_03,tail_contacts,3,0.2,0.3,0.25,101,150,50,15.66
replica_03,tail_waters,3,0.2,0.3,0.25,101,150,50,33.02
replica_03,head_contact_fraction,3,0.2,0.3,0.25,101,150,50,0.78
replica_03,rmsd,4,0.3,0.4,0.35,151,200,50,4.102914
replica_03,rg,4,0.3,0.4,0.35,151,200,50,9.317502
replica_03,head_any,4,0.3,0.4,0.35,151,200,50,4.97066
replica_03,tail_contacts,4,0.3,0.4,0.35,151,200,50,15.64
replica_03,tail_waters,4,0.3,0.4,0.35,151,200,50,33.74
replica_03,head_contact_fraction,4,0.3,0.4,0.35,151,200,50,0.56
replica_03,rmsd,5,0.4,0.5,0.45,201,250,50,5.278074
replica_03,rg,5,0.4,0.5,0.45,201,250,50,9.261702
replica_03,head_any,5,0.4,0.5,0.45,201,250,50,5.16464
replica_03,tail_contacts,5,0.4,0.5,0.45,201,250,50,13.8
replica_03,tail_waters,5,0.4,0.5,0.45,201,250,50,41.56
replica_03,head_contact_fraction,5,0.4,0.5,0.45,201,250,50,0.42
replica_03,rmsd,6,0.5,0.6,0.55,251,300,50,5.610152
replica_03,rg,6,0.5,0.6,0.55,251,300,50,9.636671999999999
replica_03,head_any,6,0.5,0.6,0.55,251,300,50,5.0327
replica_03,tail_contacts,6,0.5,0.6,0.55,251,300,50,15.14
replica_03,tail_waters,6,0.5,0.6,0.55,251,300,50,40.8
replica_03,head_contact_fraction,6,0.5,0.6,0.55,251,300,50,0.62
replica_03,rmsd,7,0.6,0.7,0.65,301,350,50,5.476476
replica_03,rg,7,0.6,0.7,0.65,301,350,50,9.422676000000001
replica_03,head_any,7,0.6,0.7,0.65,301,350,50,5.44176
replica_03,tail_contacts,7,0.6,0.7,0.65,301,350,50,14.38
replica_03,tail_waters,7,0.6,0.7,0.65,301,350,50,40.86
replica_03,head_contact_fraction,7,0.6,0.7,0.65,301,350,50,0.34
replica_03,rmsd,8,0.7,0.8,0.75,351,400,50,5.1045240000000005
replica_03,rg,8,0.7,0.8,0.75,351,400,50,9.27538
replica_03,head_any,8,0.7,0.8,0.75,351,400,50,6.554500000000001
replica_03,tail_contacts,8,0.7,0.8,0.75,351,400,50,13.64
replica_03,tail_waters,8,0.7,0.8,0.75,351,400,50,41.88
replica_03,head_contact_fraction,8,0.7,0.8,0.75,351,400,50,0.0
replica_03,rmsd,9,0.8,0.9,0.85,401,450,50,5.16226
replica_03,rg,9,0.8,0.9,0.85,401,450,50,9.384928
replica_03,head_any,9,0.8,0.9,0.85,401,450,50,4.50578
replica_03,tail_contacts,9,0.8,0.9,0.85,401,450,50,14.62
replica_03,tail_waters,9,0.8,0.9,0.85,401,450,50,40.72
replica_03,head_contact_fraction,9,0.8,0.9,0.85,401,450,50,0.72
replica_03,rmsd,10,0.9,1.0,0.95,451,500,50,5.14898
replica_03,rg,10,0.9,1.0,0.95,451,500,50,9.489104
replica_03,head_any,10,0.9,1.0,0.95,451,500,50,4.29668
replica_03,tail_contacts,10,0.9,1.0,0.95,451,500,50,13.14
replica_03,tail_waters,10,0.9,1.0,0.95,451,500,50,41.7
replica_03,head_contact_fraction,10,0.9,1.0,0.95,451,500,50,0.88
replica_03,rmsd,11,1.0,1.1,1.05,501,550,50,5.225626
replica_03,rg,11,1.0,1.1,1.05,501,550,50,9.434059999999999
replica_03,head_any,11,1.0,1.1,1.05,501,550,50,5.36558
replica_03,tail_contacts,11,1.0,1.1,1.05,501,550,50,14.4
replica_03,tail_waters,11,1.0,1.1,1.05,501,550,50,40.18
replica_03,head_contact_fraction,11,1.0,1.1,1.05,501,550,50,0.42
replica_03,rmsd,12,1.1,1.2,1.15,551,600,50,5.188502
replica_03,rg,12,1.1,1.2,1.15,551,600,50,9.403482
replica_03,head_any,12,1.1,1.2,1.15,551,600,50,4.263
replica_03,tail_contacts,12,1.1,1.2,1.15,551,600,50,12.84
replica_03,tail_waters,12,1.1,1.2,1.15,551,600,50,39.5
replica_03,head_contact_fraction,12,1.1,1.2,1.15,551,600,50,0.96
replica_03,rmsd,13,1.2,1.3,1.25,601,650,50,4.611974
replica_03,rg,13,1.2,1.3,1.25,601,650,50,9.358573999999999
replica_03,head_any,13,1.2,1.3,1.25,601,650,50,4.30954
replica_03,tail_contacts,13,1.2,1.3,1.25,601,650,50,13.88
replica_03,tail_waters,13,1.2,1.3,1.25,601,650,50,40.02
replica_03,head_contact_fraction,13,1.2,1.3,1.25,601,650,50,0.92
replica_03,rmsd,14,1.3,1.4,1.35,651,700,50,5.00555
replica_03,rg,14,1.3,1.4,1.35,651,700,50,9.403304
replica_03,head_any,14,1.3,1.4,1.35,651,700,50,5.84312
replica_03,tail_contacts,14,1.3,1.4,1.35,651,700,50,16.7
replica_03,tail_waters,14,1.3,1.4,1.35,651,700,50,39.8
replica_03,head_contact_fraction,14,1.3,1.4,1.35,651,700,50,0.18
replica_03,rmsd,15,1.4,1.5,1.45,701,750,50,5.365571999999999
replica_03,rg,15,1.4,1.5,1.45,701,750,50,9.23244
replica_03,head_any,15,1.4,1.5,1.45,701,750,50,6.13262
replica_03,tail_contacts,15,1.4,1.5,1.45,701,750,50,14.78
replica_03,tail_waters,15,1.4,1.5,1.45,701,750,50,39.22
replica_03,head_contact_fraction,15,1.4,1.5,1.45,701,750,50,0.08
replica_03,rmsd,16,1.5,1.6,1.55,751,800,50,5.664204
replica_03,rg,16,1.5,1.6,1.55,751,800,50,9.228254
replica_03,head_any,16,1.5,1.6,1.55,751,800,50,6.3613
replica_03,tail_contacts,16,1.5,1.6,1.55,751,800,50,15.92
replica_03,tail_waters,16,1.5,1.6,1.55,751,800,50,39.1
replica_03,head_contact_fraction,16,1.5,1.6,1.55,751,800,50,0.06
replica_03,rmsd,17,1.6,1.7,1.65,801,850,50,5.096848
replica_03,rg,17,1.6,1.7,1.65,801,850,50,9.365736
replica_03,head_any,17,1.6,1.7,1.65,801,850,50,6.376119999999999
replica_03,tail_contacts,17,1.6,1.7,1.65,801,850,50,17.48
replica_03,tail_waters,17,1.6,1.7,1.65,801,850,50,38.3
replica_03,head_contact_fraction,17,1.6,1.7,1.65,801,850,50,0.2
replica_03,rmsd,18,1.7,1.8,1.75,851,900,50,5.02872
replica_03,rg,18,1.7,1.8,1.75,851,900,50,9.351464
replica_03,head_any,18,1.7,1.8,1.75,851,900,50,5.234719999999999
replica_03,tail_contacts,18,1.7,1.8,1.75,851,900,50,17.78
replica_03,tail_waters,18,1.7,1.8,1.75,851,900,50,38.1
replica_03,head_contact_fraction,18,1.7,1.8,1.75,851,900,50,0.5
replica_03,rmsd,19,1.8,1.9,1.85,901,950,50,5.131848
replica_03,rg,19,1.8,1.9,1.85,901,950,50,9.146544
replica_03,head_any,19,1.8,1.9,1.85,901,950,50,5.15062
replica_03,tail_contacts,19,1.8,1.9,1.85,901,950,50,17.16
replica_03,tail_waters,19,1.8,1.9,1.85,901,950,50,39.22
replica_03,head_contact_fraction,19,1.8,1.9,1.85,901,950,50,0.5
replica_03,rmsd,20,1.9,2.0,1.95,951,1000,50,5.215512
replica_03,rg,20,1.9,2.0,1.95,951,1000,50,9.132216
replica_03,head_any,20,1.9,2.0,1.95,951,1000,50,5.847300000000001
replica_03,tail_contacts,20,1.9,2.0,1.95,951,1000,50,16.48
replica_03,tail_waters,20,1.9,2.0,1.95,951,1000,50,39.72
replica_03,head_contact_fraction,20,1.9,2.0,1.95,951,1000,50,0.06
replica_03,rmsd,21,2.0,2.1,2.05,1001,1050,50,4.539818
replica_03,rg,21,2.0,2.1,2.05,1001,1050,50,9.158758
replica_03,head_any,21,2.0,2.1,2.05,1001,1050,50,5.59844
replica_03,tail_contacts,21,2.0,2.1,2.05,1001,1050,50,15.78
replica_03,tail_waters,21,2.0,2.1,2.05,1001,1050,50,40.14
replica_03,head_contact_fraction,21,2.0,2.1,2.05,1001,1050,50,0.32
replica_03,rmsd,22,2.1,2.2,2.15,1051,1100,50,4.676228
replica_03,rg,22,2.1,2.2,2.15,1051,1100,50,9.286028
replica_03,head_any,22,2.1,2.2,2.15,1051,1100,50,5.08512
replica_03,tail_contacts,22,2.1,2.2,2.15,1051,1100,50,16.88
replica_03,tail_waters,22,2.1,2.2,2.15,1051,1100,50,39.64
replica_03,head_contact_fraction,22,2.1,2.2,2.15,1051,1100,50,0.6
replica_03,rmsd,23,2.2,2.3,2.25,1101,1150,50,4.67778
replica_03,rg,23,2.2,2.3,2.25,1101,1150,50,9.166852
replica_03,head_any,23,2.2,2.3,2.25,1101,1150,50,5.60864
replica_03,tail_contacts,23,2.2,2.3,2.25,1101,1150,50,16.96
replica_03,tail_waters,23,2.2,2.3,2.25,1101,1150,50,39.18
replica_03,head_contact_fraction,23,2.2,2.3,2.25,1101,1150,50,0.3
replica_03,rmsd,24,2.3,2.4,2.35,1151,1200,50,4.771932
replica_03,rg,24,2.3,2.4,2.35,1151,1200,50,9.229114
replica_03,head_any,24,2.3,2.4,2.35,1151,1200,50,5.8669
replica_03,tail_contacts,24,2.3,2.4,2.35,1151,1200,50,17.08
replica_03,tail_waters,24,2.3,2.4,2.35,1151,1200,50,37.72
replica_03,head_contact_fraction,24,2.3,2.4,2.35,1151,1200,50,0.08
replica_03,rmsd,25,2.4,2.5,2.45,1201,1250,50,4.687224
replica_03,rg,25,2.4,2.5,2.45,1201,1250,50,9.272798
replica_03,head_any,25,2.4,2.5,2.45,1201,1250,50,5.8163
replica_03,tail_contacts,25,2.4,2.5,2.45,1201,1250,50,17.3
replica_03,tail_waters,25,2.4,2.5,2.45,1201,1250,50,38.4
replica_03,head_contact_fraction,25,2.4,2.5,2.45,1201,1250,50,0.12
replica_03,rmsd,26,2.5,2.6,2.55,1251,1300,50,4.390542
replica_03,rg,26,2.5,2.6,2.55,1251,1300,50,9.213404
replica_03,head_any,26,2.5,2.6,2.55,1251,1300,50,6.24702
replica_03,tail_contacts,26,2.5,2.6,2.55,1251,1300,50,16.54
replica_03,tail_waters,26,2.5,2.6,2.55,1251,1300,50,38.52
replica_03,head_contact_fraction,26,2.5,2.6,2.55,1251,1300,50,0.1
replica_03,rmsd,27,2.6,2.7,2.65,1301,1350,50,4.352144
replica_03,rg,27,2.6,2.7,2.65,1301,1350,50,9.233880000000001
replica_03,head_any,27,2.6,2.7,2.65,1301,1350,50,5.86556
replica_03,tail_contacts,27,2.6,2.7,2.65,1301,1350,50,17.38
replica_03,tail_waters,27,2.6,2.7,2.65,1301,1350,50,38.48
replica_03,head_contact_fraction,27,2.6,2.7,2.65,1301,1350,50,0.16
replica_03,rmsd,28,2.7,2.8,2.75,1351,1400,50,4.503534
replica_03,rg,28,2.7,2.8,2.75,1351,1400,50,9.394942
replica_03,head_any,28,2.7,2.8,2.75,1351,1400,50,6.41336
replica_03,tail_contacts,28,2.7,2.8,2.75,1351,1400,50,16.4
replica_03,tail_waters,28,2.7,2.8,2.75,1351,1400,50,38.2
replica_03,head_contact_fraction,28,2.7,2.8,2.75,1351,1400,50,0.04
replica_03,rmsd,29,2.8,2.9,2.85,1401,1450,50,3.604368
replica_03,rg,29,2.8,2.9,2.85,1401,1450,50,9.339312
replica_03,head_any,29,2.8,2.9,2.85,1401,1450,50,5.47044
replica_03,tail_contacts,29,2.8,2.9,2.85,1401,1450,50,14.36
replica_03,tail_waters,29,2.8,2.9,2.85,1401,1450,50,40.72
replica_03,head_contact_fraction,29,2.8,2.9,2.85,1401,1450,50,0.46
replica_03,rmsd,30,2.9,3.0,2.95,1451,1500,50,3.4661619999999997
replica_03,rg,30,2.9,3.0,2.95,1451,1500,50,9.25703
replica_03,head_any,30,2.9,3.0,2.95,1451,1500,50,4.77616
replica_03,tail_contacts,30,2.9,3.0,2.95,1451,1500,50,16.24
replica_03,tail_waters,30,2.9,3.0,2.95,1451,1500,50,37.8
replica_03,head_contact_fraction,30,2.9,3.0,2.95,1451,1500,50,0.68
replica_03,rmsd,31,3.0,3.1,3.05,1501,1550,50,4.41015
replica_03,rg,31,3.0,3.1,3.05,1501,1550,50,9.402956
replica_03,head_any,31,3.0,3.1,3.05,1501,1550,50,6.20676
replica_03,tail_contacts,31,3.0,3.1,3.05,1501,1550,50,17.54
replica_03,tail_waters,31,3.0,3.1,3.05,1501,1550,50,38.14
replica_03,head_contact_fraction,31,3.0,3.1,3.05,1501,1550,50,0.02
replica_03,rmsd,32,3.1,3.2,3.15,1551,1600,50,4.306292
replica_03,rg,32,3.1,3.2,3.15,1551,1600,50,9.510234
replica_03,head_any,32,3.1,3.2,3.15,1551,1600,50,5.89018
replica_03,tail_contacts,32,3.1,3.2,3.15,1551,1600,50,17.16
replica_03,tail_waters,32,3.1,3.2,3.15,1551,1600,50,38.44
replica_03,head_contact_fraction,32,3.1,3.2,3.15,1551,1600,50,0.12
replica_03,rmsd,33,3.2,3.3,3.25,1601,1650,50,4.365568
replica_03,rg,33,3.2,3.3,3.25,1601,1650,50,9.390136
replica_03,head_any,33,3.2,3.3,3.25,1601,1650,50,6.010599999999999
replica_03,tail_contacts,33,3.2,3.3,3.25,1601,1650,50,15.94
replica_03,tail_waters,33,3.2,3.3,3.25,1601,1650,50,39.06
replica_03,head_contact_fraction,33,3.2,3.3,3.25,1601,1650,50,0.02
replica_03,rmsd,34,3.3,3.4,3.35,1651,1700,50,4.054031999999999
replica_03,rg,34,3.3,3.4,3.35,1651,1700,50,9.314854
replica_03,head_any,34,3.3,3.4,3.35,1651,1700,50,5.914199999999999
replica_03,tail_contacts,34,3.3,3.4,3.35,1651,1700,50,17.22
replica_03,tail_waters,34,3.3,3.4,3.35,1651,1700,50,38.12
replica_03,head_contact_fraction,34,3.3,3.4,3.35,1651,1700,50,0.2
replica_03,rmsd,35,3.4,3.5,3.45,1701,1750,50,4.085556
replica_03,rg,35,3.4,3.5,3.45,1701,1750,50,9.352424
replica_03,head_any,35,3.4,3.5,3.45,1701,1750,50,4.45894
replica_03,tail_contacts,35,3.4,3.5,3.45,1701,1750,50,21.22
replica_03,tail_waters,35,3.4,3.5,3.45,1701,1750,50,31.86
replica_03,head_contact_fraction,35,3.4,3.5,3.45,1701,1750,50,0.94
replica_03,rmsd,36,3.5,3.6,3.55,1751,1800,50,3.894152
replica_03,rg,36,3.5,3.6,3.55,1751,1800,50,9.47061
replica_03,head_any,36,3.5,3.6,3.55,1751,1800,50,4.46308
replica_03,tail_contacts,36,3.5,3.6,3.55,1751,1800,50,24.2
replica_03,tail_waters,36,3.5,3.6,3.55,1751,1800,50,30.5
replica_03,head_contact_fraction,36,3.5,3.6,3.55,1751,1800,50,0.9
replica_03,rmsd,37,3.6,3.7,3.65,1801,1850,50,3.705714
replica_03,rg,37,3.6,3.7,3.65,1801,1850,50,9.203158
replica_03,head_any,37,3.6,3.7,3.65,1801,1850,50,4.51296
replica_03,tail_contacts,37,3.6,3.7,3.65,1801,1850,50,23.34
replica_03,tail_waters,37,3.6,3.7,3.65,1801,1850,50,30.08
replica_03,head_contact_fraction,37,3.6,3.7,3.65,1801,1850,50,0.88
replica_03,rmsd,38,3.7,3.8,3.75,1851,1900,50,3.4728660000000002
replica_03,rg,38,3.7,3.8,3.75,1851,1900,50,9.104568
replica_03,head_any,38,3.7,3.8,3.75,1851,1900,50,4.4558800000000005
replica_03,tail_contacts,38,3.7,3.8,3.75,1851,1900,50,21.82
replica_03,tail_waters,38,3.7,3.8,3.75,1851,1900,50,31.72
replica_03,head_contact_fraction,38,3.7,3.8,3.75,1851,1900,50,0.88
replica_03,rmsd,39,3.8,3.9,3.85,1901,1950,50,3.89194
replica_03,rg,39,3.8,3.9,3.85,1901,1950,50,9.222254
replica_03,head_any,39,3.8,3.9,3.85,1901,1950,50,4.53822
replica_03,tail_contacts,39,3.8,3.9,3.85,1901,1950,50,23.6
replica_03,tail_waters,39,3.8,3.9,3.85,1901,1950,50,32.06
replica_03,head_contact_fraction,39,3.8,3.9,3.85,1901,1950,50,0.92
replica_03,rmsd,40,3.9,4.0,3.95,1951,2000,50,3.524958
replica_03,rg,40,3.9,4.0,3.95,1951,2000,50,9.170492000000001
replica_03,head_any,40,3.9,4.0,3.95,1951,2000,50,4.64856
replica_03,tail_contacts,40,3.9,4.0,3.95,1951,2000,50,21.98
replica_03,tail_waters,40,3.9,4.0,3.95,1951,2000,50,31.28
replica_03,head_contact_fraction,40,3.9,4.0,3.95,1951,2000,50,0.78
replica_03,rmsd,41,4.0,4.1,4.05,2001,2050,50,3.2018259999999996
replica_03,rg,41,4.0,4.1,4.05,2001,2050,50,9.348746
replica_03,head_any,41,4.0,4.1,4.05,2001,2050,50,4.51868
replica_03,tail_contacts,41,4.0,4.1,4.05,2001,2050,50,23.72
replica_03,tail_waters,41,4.0,4.1,4.05,2001,2050,50,31.06
replica_03,head_contact_fraction,41,4.0,4.1,4.05,2001,2050,50,0.92
replica_03,rmsd,42,4.1,4.2,4.15,2051,2100,50,3.031986
replica_03,rg,42,4.1,4.2,4.15,2051,2100,50,9.424952
replica_03,head_any,42,4.1,4.2,4.15,2051,2100,50,4.35242
replica_03,tail_contacts,42,4.1,4.2,4.15,2051,2100,50,20.88
replica_03,tail_waters,42,4.1,4.2,4.15,2051,2100,50,32.76
replica_03,head_contact_fraction,42,4.1,4.2,4.15,2051,2100,50,0.94
replica_03,rmsd,43,4.2,4.3,4.25,2101,2150,50,3.171152
replica_03,rg,43,4.2,4.3,4.25,2101,2150,50,9.355438
replica_03,head_any,43,4.2,4.3,4.25,2101,2150,50,4.26976
replica_03,tail_contacts,43,4.2,4.3,4.25,2101,2150,50,18.64
replica_03,tail_waters,43,4.2,4.3,4.25,2101,2150,50,34.04
replica_03,head_contact_fraction,43,4.2,4.3,4.25,2101,2150,50,0.96
replica_03,rmsd,44,4.3,4.4,4.35,2151,2200,50,3.123724
replica_03,rg,44,4.3,4.4,4.35,2151,2200,50,9.251368
replica_03,head_any,44,4.3,4.4,4.35,2151,2200,50,4.4992399999999995
replica_03,tail_contacts,44,4.3,4.4,4.35,2151,2200,50,19.22
replica_03,tail_waters,44,4.3,4.4,4.35,2151,2200,50,33.28
replica_03,head_contact_fraction,44,4.3,4.4,4.35,2151,2200,50,0.88
replica_03,rmsd,45,4.4,4.5,4.45,2201,2250,50,3.336384
replica_03,rg,45,4.4,4.5,4.45,2201,2250,50,9.126424
replica_03,head_any,45,4.4,4.5,4.45,2201,2250,50,4.406000000000001
replica_03,tail_contacts,45,4.4,4.5,4.45,2201,2250,50,17.28
replica_03,tail_waters,45,4.4,4.5,4.45,2201,2250,50,35.12
replica_03,head_contact_fraction,45,4.4,4.5,4.45,2201,2250,50,0.96
replica_03,rmsd,46,4.5,4.6,4.55,2251,2300,50,3.529776
replica_03,rg,46,4.5,4.6,4.55,2251,2300,50,9.128816
replica_03,head_any,46,4.5,4.6,4.55,2251,2300,50,4.4598
replica_03,tail_contacts,46,4.5,4.6,4.55,2251,2300,50,17.7
replica_03,tail_waters,46,4.5,4.6,4.55,2251,2300,50,34.72
replica_03,head_contact_fraction,46,4.5,4.6,4.55,2251,2300,50,0.98
replica_03,rmsd,47,4.6,4.7,4.65,2301,2350,50,3.4696179999999996
replica_03,rg,47,4.6,4.7,4.65,2301,2350,50,9.10656
replica_03,head_any,47,4.6,4.7,4.65,2301,2350,50,4.4934199999999995
replica_03,tail_contacts,47,4.6,4.7,4.65,2301,2350,50,17.16
replica_03,tail_waters,47,4.6,4.7,4.65,2301,2350,50,35.08
replica_03,head_contact_fraction,47,4.6,4.7,4.65,2301,2350,50,0.9
replica_03,rmsd,48,4.7,4.8,4.75,2351,2400,50,3.1503039999999998
replica_03,rg,48,4.7,4.8,4.75,2351,2400,50,8.996398000000001
replica_03,head_any,48,4.7,4.8,4.75,2351,2400,50,4.6833
replica_03,tail_contacts,48,4.7,4.8,4.75,2351,2400,50,17.94
replica_03,tail_waters,48,4.7,4.8,4.75,2351,2400,50,37.0
replica_03,head_contact_fraction,48,4.7,4.8,4.75,2351,2400,50,0.78
replica_03,rmsd,49,4.8,4.9,4.85,2401,2450,50,3.7492360000000002
replica_03,rg,49,4.8,4.9,4.85,2401,2450,50,9.294941999999999
replica_03,head_any,49,4.8,4.9,4.85,2401,2450,50,5.91454
replica_03,tail_contacts,49,4.8,4.9,4.85,2401,2450,50,16.2
replica_03,tail_waters,49,4.8,4.9,4.85,2401,2450,50,39.92
replica_03,head_contact_fraction,49,4.8,4.9,4.85,2401,2450,50,0.16
replica_03,rmsd,50,4.9,5.0,4.95,2451,2500,50,3.7567180000000002
replica_03,rg,50,4.9,5.0,4.95,2451,2500,50,9.207813999999999
replica_03,head_any,50,4.9,5.0,4.95,2451,2500,50,5.52264
replica_03,tail_contacts,50,4.9,5.0,4.95,2451,2500,50,17.36
replica_03,tail_waters,50,4.9,5.0,4.95,2451,2500,50,38.28
replica_03,head_contact_fraction,50,4.9,5.0,4.95,2451,2500,50,0.3
replica_03,rmsd,51,5.0,5.1,5.05,2501,2550,50,4.647216
replica_03,rg,51,5.0,5.1,5.05,2501,2550,50,9.230662
replica_03,head_any,51,5.0,5.1,5.05,2501,2550,50,5.69864
replica_03,tail_contacts,51,5.0,5.1,5.05,2501,2550,50,16.08
replica_03,tail_waters,51,5.0,5.1,5.05,2501,2550,50,40.02
replica_03,head_contact_fraction,51,5.0,5.1,5.05,2501,2550,50,0.24
replica_03,rmsd,52,5.1,5.2,5.15,2551,2600,50,4.328932
replica_03,rg,52,5.1,5.2,5.15,2551,2600,50,9.220946
replica_03,head_any,52,5.1,5.2,5.15,2551,2600,50,5.56494
replica_03,tail_contacts,52,5.1,5.2,5.15,2551,2600,50,15.82
replica_03,tail_waters,52,5.1,5.2,5.15,2551,2600,50,41.84
replica_03,head_contact_fraction,52,5.1,5.2,5.15,2551,2600,50,0.28
replica_03,rmsd,53,5.2,5.3,5.25,2601,2650,50,4.56095
replica_03,rg,53,5.2,5.3,5.25,2601,2650,50,9.30387
replica_03,head_any,53,5.2,5.3,5.25,2601,2650,50,5.10956
replica_03,tail_contacts,53,5.2,5.3,5.25,2601,2650,50,16.58
replica_03,tail_waters,53,5.2,5.3,5.25,2601,2650,50,40.06
replica_03,head_contact_fraction,53,5.2,5.3,5.25,2601,2650,50,0.44
replica_03,rmsd,54,5.3,5.4,5.35,2651,2700,50,4.473406
replica_03,rg,54,5.3,5.4,5.35,2651,2700,50,9.433892
replica_03,head_any,54,5.3,5.4,5.35,2651,2700,50,5.4239999999999995
replica_03,tail_contacts,54,5.3,5.4,5.35,2651,2700,50,15.8
replica_03,tail_waters,54,5.3,5.4,5.35,2651,2700,50,40.3
replica_03,head_contact_fraction,54,5.3,5.4,5.35,2651,2700,50,0.32
replica_03,rmsd,55,5.4,5.5,5.45,2701,2750,50,4.3392599999999995
replica_03,rg,55,5.4,5.5,5.45,2701,2750,50,9.471666
replica_03,head_any,55,5.4,5.5,5.45,2701,2750,50,5.31008
replica_03,tail_contacts,55,5.4,5.5,5.45,2701,2750,50,16.58
replica_03,tail_waters,55,5.4,5.5,5.45,2701,2750,50,40.28
replica_03,head_contact_fraction,55,5.4,5.5,5.45,2701,2750,50,0.4
replica_03,rmsd,56,5.5,5.6,5.55,2751,2800,50,4.2832
replica_03,rg,56,5.5,5.6,5.55,2751,2800,50,9.417604
replica_03,head_any,56,5.5,5.6,5.55,2751,2800,50,5.33316
replica_03,tail_contacts,56,5.5,5.6,5.55,2751,2800,50,16.08
replica_03,tail_waters,56,5.5,5.6,5.55,2751,2800,50,41.56
replica_03,head_contact_fraction,56,5.5,5.6,5.55,2751,2800,50,0.4
replica_03,rmsd,57,5.6,5.7,5.65,2801,2850,50,4.37252
replica_03,rg,57,5.6,5.7,5.65,2801,2850,50,9.384668
replica_03,head_any,57,5.6,5.7,5.65,2801,2850,50,4.28796
replica_03,tail_contacts,57,5.6,5.7,5.65,2801,2850,50,17.14
replica_03,tail_waters,57,5.6,5.7,5.65,2801,2850,50,39.76
replica_03,head_contact_fraction,57,5.6,5.7,5.65,2801,2850,50,0.82
replica_03,rmsd,58,5.7,5.8,5.75,2851,2900,50,4.252956
replica_03,rg,58,5.7,5.8,5.75,2851,2900,50,9.397677999999999
replica_03,head_any,58,5.7,5.8,5.75,2851,2900,50,5.01414
replica_03,tail_contacts,58,5.7,5.8,5.75,2851,2900,50,16.72
replica_03,tail_waters,58,5.7,5.8,5.75,2851,2900,50,38.58
replica_03,head_contact_fraction,58,5.7,5.8,5.75,2851,2900,50,0.54
replica_03,rmsd,59,5.8,5.9,5.85,2901,2950,50,3.9492439999999998
replica_03,rg,59,5.8,5.9,5.85,2901,2950,50,9.459554
replica_03,head_any,59,5.8,5.9,5.85,2901,2950,50,5.6505399999999995
replica_03,tail_contacts,59,5.8,5.9,5.85,2901,2950,50,15.4
replica_03,tail_waters,59,5.8,5.9,5.85,2901,2950,50,39.12
replica_03,head_contact_fraction,59,5.8,5.9,5.85,2901,2950,50,0.16
replica_03,rmsd,60,5.9,6.0,5.95,2951,3000,50,4.056946
replica_03,rg,60,5.9,6.0,5.95,2951,3000,50,9.350234
replica_03,head_any,60,5.9,6.0,5.95,2951,3000,50,5.04578
replica_03,tail_contacts,60,5.9,6.0,5.95,2951,3000,50,16.5
replica_03,tail_waters,60,5.9,6.0,5.95,2951,3000,50,38.2
replica_03,head_contact_fraction,60,5.9,6.0,5.95,2951,3000,50,0.58
replica_03,rmsd,61,6.0,6.1,6.05,3001,3050,50,3.840102
replica_03,rg,61,6.0,6.1,6.05,3001,3050,50,9.407224
replica_03,head_any,61,6.0,6.1,6.05,3001,3050,50,4.75858
replica_03,tail_contacts,61,6.0,6.1,6.05,3001,3050,50,16.04
replica_03,tail_waters,61,6.0,6.1,6.05,3001,3050,50,40.1
replica_03,head_contact_fraction,61,6.0,6.1,6.05,3001,3050,50,0.64
replica_03,rmsd,62,6.1,6.2,6.15,3051,3100,50,3.731062
replica_03,rg,62,6.1,6.2,6.15,3051,3100,50,9.423892
replica_03,head_any,62,6.1,6.2,6.15,3051,3100,50,4.5235199999999995
replica_03,tail_contacts,62,6.1,6.2,6.15,3051,3100,50,16.42
replica_03,tail_waters,62,6.1,6.2,6.15,3051,3100,50,39.42
replica_03,head_contact_fraction,62,6.1,6.2,6.15,3051,3100,50,0.84
replica_03,rmsd,63,6.2,6.3,6.25,3101,3150,50,4.205606
replica_03,rg,63,6.2,6.3,6.25,3101,3150,50,9.296436
replica_03,head_any,63,6.2,6.3,6.25,3101,3150,50,4.5547
replica_03,tail_contacts,63,6.2,6.3,6.25,3101,3150,50,16.46
replica_03,tail_waters,63,6.2,6.3,6.25,3101,3150,50,39.42
replica_03,head_contact_fraction,63,6.2,6.3,6.25,3101,3150,50,0.74
replica_03,rmsd,64,6.3,6.4,6.35,3151,3200,50,3.907436
replica_03,rg,64,6.3,6.4,6.35,3151,3200,50,9.414632000000001
replica_03,head_any,64,6.3,6.4,6.35,3151,3200,50,4.75134
replica_03,tail_contacts,64,6.3,6.4,6.35,3151,3200,50,17.5
replica_03,tail_waters,64,6.3,6.4,6.35,3151,3200,50,37.46
replica_03,head_contact_fraction,64,6.3,6.4,6.35,3151,3200,50,0.74
replica_03,rmsd,65,6.4,6.5,6.45,3201,3250,50,3.8805680000000002
replica_03,rg,65,6.4,6.5,6.45,3201,3250,50,9.389428
replica_03,head_any,65,6.4,6.5,6.45,3201,3250,50,4.69076
replica_03,tail_contacts,65,6.4,6.5,6.45,3201,3250,50,17.86
replica_03,tail_waters,65,6.4,6.5,6.45,3201,3250,50,36.86
replica_03,head_contact_fraction,65,6.4,6.5,6.45,3201,3250,50,0.76
replica_03,rmsd,66,6.5,6.6,6.55,3251,3300,50,3.91312
replica_03,rg,66,6.5,6.6,6.55,3251,3300,50,9.51022
replica_03,head_any,66,6.5,6.6,6.55,3251,3300,50,4.49406
replica_03,tail_contacts,66,6.5,6.6,6.55,3251,3300,50,17.46
replica_03,tail_waters,66,6.5,6.6,6.55,3251,3300,50,37.2
replica_03,head_contact_fraction,66,6.5,6.6,6.55,3251,3300,50,0.86
replica_03,rmsd,67,6.6,6.7,6.65,3301,3350,50,3.727714
replica_03,rg,67,6.6,6.7,6.65,3301,3350,50,9.405422
replica_03,head_any,67,6.6,6.7,6.65,3301,3350,50,4.51846
replica_03,tail_contacts,67,6.6,6.7,6.65,3301,3350,50,17.46
replica_03,tail_waters,67,6.6,6.7,6.65,3301,3350,50,35.92
replica_03,head_contact_fraction,67,6.6,6.7,6.65,3301,3350,50,0.86
replica_03,rmsd,68,6.7,6.8,6.75,3351,3400,50,4.1044
replica_03,rg,68,6.7,6.8,6.75,3351,3400,50,9.355818000000001
replica_03,head_any,68,6.7,6.8,6.75,3351,3400,50,4.65998
replica_03,tail_contacts,68,6.7,6.8,6.75,3351,3400,50,17.3
replica_03,tail_waters,68,6.7,6.8,6.75,3351,3400,50,37.24
replica_03,head_contact_fraction,68,6.7,6.8,6.75,3351,3400,50,0.8
replica_03,rmsd,69,6.8,6.9,6.85,3401,3450,50,4.088334
replica_03,rg,69,6.8,6.9,6.85,3401,3450,50,9.489244
replica_03,head_any,69,6.8,6.9,6.85,3401,3450,50,4.85098
replica_03,tail_contacts,69,6.8,6.9,6.85,3401,3450,50,16.84
replica_03,tail_waters,69,6.8,6.9,6.85,3401,3450,50,37.9
replica_03,head_contact_fraction,69,6.8,6.9,6.85,3401,3450,50,0.66
replica_03,rmsd,70,6.9,7.0,6.95,3451,3500,50,3.9835320000000003
replica_03,rg,70,6.9,7.0,6.95,3451,3500,50,9.412142
replica_03,head_any,70,6.9,7.0,6.95,3451,3500,50,4.74002
replica_03,tail_contacts,70,6.9,7.0,6.95,3451,3500,50,16.92
replica_03,tail_waters,70,6.9,7.0,6.95,3451,3500,50,36.82
replica_03,head_contact_fraction,70,6.9,7.0,6.95,3451,3500,50,0.76
replica_03,rmsd,71,7.0,7.1,7.05,3501,3550,50,4.007682
replica_03,rg,71,7.0,7.1,7.05,3501,3550,50,9.250418
replica_03,head_any,71,7.0,7.1,7.05,3501,3550,50,4.63668
replica_03,tail_contacts,71,7.0,7.1,7.05,3501,3550,50,16.7
replica_03,tail_waters,71,7.0,7.1,7.05,3501,3550,50,33.98
replica_03,head_contact_fraction,71,7.0,7.1,7.05,3501,3550,50,0.84
replica_03,rmsd,72,7.1,7.2,7.15,3551,3600,50,4.342258
replica_03,rg,72,7.1,7.2,7.15,3551,3600,50,9.091472
replica_03,head_any,72,7.1,7.2,7.15,3551,3600,50,5.55168
replica_03,tail_contacts,72,7.1,7.2,7.15,3551,3600,50,19.7
replica_03,tail_waters,72,7.1,7.2,7.15,3551,3600,50,32.1
replica_03,head_contact_fraction,72,7.1,7.2,7.15,3551,3600,50,0.32
replica_03,rmsd,73,7.2,7.3,7.25,3601,3650,50,3.816416
replica_03,rg,73,7.2,7.3,7.25,3601,3650,50,9.322842000000001
replica_03,head_any,73,7.2,7.3,7.25,3601,3650,50,5.4826999999999995
replica_03,tail_contacts,73,7.2,7.3,7.25,3601,3650,50,18.24
replica_03,tail_waters,73,7.2,7.3,7.25,3601,3650,50,33.46
replica_03,head_contact_fraction,73,7.2,7.3,7.25,3601,3650,50,0.38
replica_03,rmsd,74,7.3,7.4,7.35,3651,3700,50,2.532486
replica_03,rg,74,7.3,7.4,7.35,3651,3700,50,9.43105
replica_03,head_any,74,7.3,7.4,7.35,3651,3700,50,5.10886
replica_03,tail_contacts,74,7.3,7.4,7.35,3651,3700,50,18.84
replica_03,tail_waters,74,7.3,7.4,7.35,3651,3700,50,33.6
replica_03,head_contact_fraction,74,7.3,7.4,7.35,3651,3700,50,0.54
replica_03,rmsd,75,7.4,7.5,7.45,3701,3750,50,2.2328479999999997
replica_03,rg,75,7.4,7.5,7.45,3701,3750,50,9.498602
replica_03,head_any,75,7.4,7.5,7.45,3701,3750,50,4.720079999999999
replica_03,tail_contacts,75,7.4,7.5,7.45,3701,3750,50,18.4
replica_03,tail_waters,75,7.4,7.5,7.45,3701,3750,50,33.36
replica_03,head_contact_fraction,75,7.4,7.5,7.45,3701,3750,50,0.8
replica_03,rmsd,76,7.5,7.6,7.55,3751,3800,50,2.121004
replica_03,rg,76,7.5,7.6,7.55,3751,3800,50,9.484589999999999
replica_03,head_any,76,7.5,7.6,7.55,3751,3800,50,4.65856
replica_03,tail_contacts,76,7.5,7.6,7.55,3751,3800,50,17.92
replica_03,tail_waters,76,7.5,7.6,7.55,3751,3800,50,34.52
replica_03,head_contact_fraction,76,7.5,7.6,7.55,3751,3800,50,0.82
replica_03,rmsd,77,7.6,7.7,7.65,3801,3850,50,2.446688
replica_03,rg,77,7.6,7.7,7.65,3801,3850,50,9.384304
replica_03,head_any,77,7.6,7.7,7.65,3801,3850,50,4.764460000000001
replica_03,tail_contacts,77,7.6,7.7,7.65,3801,3850,50,18.62
replica_03,tail_waters,77,7.6,7.7,7.65,3801,3850,50,33.66
replica_03,head_contact_fraction,77,7.6,7.7,7.65,3801,3850,50,0.7
replica_03,rmsd,78,7.7,7.8,7.75,3851,3900,50,2.49121
replica_03,rg,78,7.7,7.8,7.75,3851,3900,50,9.555185999999999
replica_03,head_any,78,7.7,7.8,7.75,3851,3900,50,4.84914
replica_03,tail_contacts,78,7.7,7.8,7.75,3851,3900,50,18.1
replica_03,tail_waters,78,7.7,7.8,7.75,3851,3900,50,33.78
replica_03,head_contact_fraction,78,7.7,7.8,7.75,3851,3900,50,0.62
replica_03,rmsd,79,7.8,7.9,7.85,3901,3950,50,2.51988
replica_03,rg,79,7.8,7.9,7.85,3901,3950,50,9.387144000000001
replica_03,head_any,79,7.8,7.9,7.85,3901,3950,50,4.5342
replica_03,tail_contacts,79,7.8,7.9,7.85,3901,3950,50,17.46
replica_03,tail_waters,79,7.8,7.9,7.85,3901,3950,50,33.24
replica_03,head_contact_fraction,79,7.8,7.9,7.85,3901,3950,50,0.92
replica_03,rmsd,80,7.9,8.0,7.95,3951,4000,50,3.31238
replica_03,rg,80,7.9,8.0,7.95,3951,4000,50,9.14465
replica_03,head_any,80,7.9,8.0,7.95,3951,4000,50,4.5081
replica_03,tail_contacts,80,7.9,8.0,7.95,3951,4000,50,17.56
replica_03,tail_waters,80,7.9,8.0,7.95,3951,4000,50,32.94
replica_03,head_contact_fraction,80,7.9,8.0,7.95,3951,4000,50,0.9
replica_03,rmsd,81,8.0,8.1,8.05,4001,4050,50,3.1741340000000005
replica_03,rg,81,8.0,8.1,8.05,4001,4050,50,9.310524000000001
replica_03,head_any,81,8.0,8.1,8.05,4001,4050,50,5.447279999999999
replica_03,tail_contacts,81,8.0,8.1,8.05,4001,4050,50,17.34
replica_03,tail_waters,81,8.0,8.1,8.05,4001,4050,50,35.98
replica_03,head_contact_fraction,81,8.0,8.1,8.05,4001,4050,50,0.46
replica_03,rmsd,82,8.1,8.2,8.15,4051,4100,50,3.15913
replica_03,rg,82,8.1,8.2,8.15,4051,4100,50,9.427614
replica_03,head_any,82,8.1,8.2,8.15,4051,4100,50,5.50124
replica_03,tail_contacts,82,8.1,8.2,8.15,4051,4100,50,16.68
replica_03,tail_waters,82,8.1,8.2,8.15,4051,4100,50,41.02
replica_03,head_contact_fraction,82,8.1,8.2,8.15,4051,4100,50,0.24
replica_03,rmsd,83,8.2,8.3,8.25,4101,4150,50,3.376512
replica_03,rg,83,8.2,8.3,8.25,4101,4150,50,9.475636
replica_03,head_any,83,8.2,8.3,8.25,4101,4150,50,4.87008
replica_03,tail_contacts,83,8.2,8.3,8.25,4101,4150,50,17.08
replica_03,tail_waters,83,8.2,8.3,8.25,4101,4150,50,41.02
replica_03,head_contact_fraction,83,8.2,8.3,8.25,4101,4150,50,0.6
replica_03,rmsd,84,8.3,8.4,8.35,4151,4200,50,2.964198
replica_03,rg,84,8.3,8.4,8.35,4151,4200,50,9.42099
replica_03,head_any,84,8.3,8.4,8.35,4151,4200,50,4.99102
replica_03,tail_contacts,84,8.3,8.4,8.35,4151,4200,50,16.36
replica_03,tail_waters,84,8.3,8.4,8.35,4151,4200,50,41.28
replica_03,head_contact_fraction,84,8.3,8.4,8.35,4151,4200,50,0.52
replica_03,rmsd,85,8.4,8.5,8.45,4201,4250,50,3.0202080000000002
replica_03,rg,85,8.4,8.5,8.45,4201,4250,50,9.226538
replica_03,head_any,85,8.4,8.5,8.45,4201,4250,50,5.154400000000001
replica_03,tail_contacts,85,8.4,8.5,8.45,4201,4250,50,16.1
replica_03,tail_waters,85,8.4,8.5,8.45,4201,4250,50,40.82
replica_03,head_contact_fraction,85,8.4,8.5,8.45,4201,4250,50,0.54
replica_03,rmsd,86,8.5,8.6,8.55,4251,4300,50,3.0465120000000003
replica_03,rg,86,8.5,8.6,8.55,4251,4300,50,9.298496
replica_03,head_any,86,8.5,8.6,8.55,4251,4300,50,4.56034
replica_03,tail_contacts,86,8.5,8.6,8.55,4251,4300,50,17.42
replica_03,tail_waters,86,8.5,8.6,8.55,4251,4300,50,34.88
replica_03,head_contact_fraction,86,8.5,8.6,8.55,4251,4300,50,0.84
replica_03,rmsd,87,8.6,8.7,8.65,4301,4350,50,3.321692
replica_03,rg,87,8.6,8.7,8.65,4301,4350,50,9.074822000000001
replica_03,head_any,87,8.6,8.7,8.65,4301,4350,50,4.4776
replica_03,tail_contacts,87,8.6,8.7,8.65,4301,4350,50,18.56
replica_03,tail_waters,87,8.6,8.7,8.65,4301,4350,50,33.6
replica_03,head_contact_fraction,87,8.6,8.7,8.65,4301,4350,50,0.88
replica_03,rmsd,88,8.7,8.8,8.75,4351,4400,50,4.106952
replica_03,rg,88,8.7,8.8,8.75,4351,4400,50,9.233894
replica_03,head_any,88,8.7,8.8,8.75,4351,4400,50,4.819
replica_03,tail_contacts,88,8.7,8.8,8.75,4351,4400,50,18.7
replica_03,tail_waters,88,8.7,8.8,8.75,4351,4400,50,32.94
replica_03,head_contact_fraction,88,8.7,8.8,8.75,4351,4400,50,0.66
replica_03,rmsd,89,8.8,8.9,8.85,4401,4450,50,4.405738
replica_03,rg,89,8.8,8.9,8.85,4401,4450,50,9.028086
replica_03,head_any,89,8.8,8.9,8.85,4401,4450,50,4.82802
replica_03,tail_contacts,89,8.8,8.9,8.85,4401,4450,50,19.74
replica_03,tail_waters,89,8.8,8.9,8.85,4401,4450,50,31.98
replica_03,head_contact_fraction,89,8.8,8.9,8.85,4401,4450,50,0.66
replica_03,rmsd,90,8.9,9.0,8.95,4451,4500,50,4.291924
replica_03,rg,90,8.9,9.0,8.95,4451,4500,50,8.9953
replica_03,head_any,90,8.9,9.0,8.95,4451,4500,50,4.56396
replica_03,tail_contacts,90,8.9,9.0,8.95,4451,4500,50,20.6
replica_03,tail_waters,90,8.9,9.0,8.95,4451,4500,50,31.68
replica_03,head_contact_fraction,90,8.9,9.0,8.95,4451,4500,50,0.86
replica_03,rmsd,91,9.0,9.1,9.05,4501,4550,50,4.329376
replica_03,rg,91,9.0,9.1,9.05,4501,4550,50,8.984869999999999
replica_03,head_any,91,9.0,9.1,9.05,4501,4550,50,5.75924
replica_03,tail_contacts,91,9.0,9.1,9.05,4501,4550,50,20.7
replica_03,tail_waters,91,9.0,9.1,9.05,4501,4550,50,30.88
replica_03,head_contact_fraction,91,9.0,9.1,9.05,4501,4550,50,0.18
replica_03,rmsd,92,9.1,9.2,9.15,4551,4600,50,4.0124439999999995
replica_03,rg,92,9.1,9.2,9.15,4551,4600,50,9.050848
replica_03,head_any,92,9.1,9.2,9.15,4551,4600,50,4.28856
replica_03,tail_contacts,92,9.1,9.2,9.15,4551,4600,50,24.18
replica_03,tail_waters,92,9.1,9.2,9.15,4551,4600,50,28.54
replica_03,head_contact_fraction,92,9.1,9.2,9.15,4551,4600,50,0.98
replica_03,rmsd,93,9.2,9.3,9.25,4601,4650,50,4.279496
replica_03,rg,93,9.2,9.3,9.25,4601,4650,50,9.042902
replica_03,head_any,93,9.2,9.3,9.25,4601,4650,50,4.678380000000001
replica_03,tail_contacts,93,9.2,9.3,9.25,4601,4650,50,27.56
replica_03,tail_waters,93,9.2,9.3,9.25,4601,4650,50,28.5
replica_03,head_contact_fraction,93,9.2,9.3,9.25,4601,4650,50,0.76
replica_03,rmsd,94,9.3,9.4,9.35,4651,4700,50,4.441684
replica_03,rg,94,9.3,9.4,9.35,4651,4700,50,8.970984
replica_03,head_any,94,9.3,9.4,9.35,4651,4700,50,4.67954
replica_03,tail_contacts,94,9.3,9.4,9.35,4651,4700,50,27.5
replica_03,tail_waters,94,9.3,9.4,9.35,4651,4700,50,28.18
replica_03,head_contact_fraction,94,9.3,9.4,9.35,4651,4700,50,0.72
replica_03,rmsd,95,9.4,9.5,9.45,4701,4750,50,4.363992
replica_03,rg,95,9.4,9.5,9.45,4701,4750,50,9.029678
replica_03,head_any,95,9.4,9.5,9.45,4701,4750,50,4.53404
replica_03,tail_contacts,95,9.4,9.5,9.45,4701,4750,50,26.74
replica_03,tail_waters,95,9.4,9.5,9.45,4701,4750,50,28.44
replica_03,head_contact_fraction,95,9.4,9.5,9.45,4701,4750,50,0.9
replica_03,rmsd,96,9.5,9.6,9.55,4751,4800,50,4.211646
replica_03,rg,96,9.5,9.6,9.55,4751,4800,50,9.07451
replica_03,head_any,96,9.5,9.6,9.55,4751,4800,50,4.22974
replica_03,tail_contacts,96,9.5,9.6,9.55,4751,4800,50,25.1
replica_03,tail_waters,96,9.5,9.6,9.55,4751,4800,50,29.34
replica_03,head_contact_fraction,96,9.5,9.6,9.55,4751,4800,50,0.94
replica_03,rmsd,97,9.6,9.7,9.65,4801,4850,50,4.329968
replica_03,rg,97,9.6,9.7,9.65,4801,4850,50,8.989194
replica_03,head_any,97,9.6,9.7,9.65,4801,4850,50,4.13384
replica_03,tail_contacts,97,9.6,9.7,9.65,4801,4850,50,27.46
replica_03,tail_waters,97,9.6,9.7,9.65,4801,4850,50,27.04
replica_03,head_contact_fraction,97,9.6,9.7,9.65,4801,4850,50,1.0
replica_03,rmsd,98,9.7,9.8,9.75,4851,4900,50,4.320242
replica_03,rg,98,9.7,9.8,9.75,4851,4900,50,9.015138
replica_03,head_any,98,9.7,9.8,9.75,4851,4900,50,4.45202
replica_03,tail_contacts,98,9.7,9.8,9.75,4851,4900,50,22.94
replica_03,tail_waters,98,9.7,9.8,9.75,4851,4900,50,29.8
replica_03,head_contact_fraction,98,9.7,9.8,9.75,4851,4900,50,1.0
replica_03,rmsd,99,9.8,9.9,9.85,4901,4950,50,4.5451440000000005
replica_03,rg,99,9.8,9.9,9.85,4901,4950,50,8.859258
replica_03,head_any,99,9.8,9.9,9.85,4901,4950,50,4.5558
replica_03,tail_contacts,99,9.8,9.9,9.85,4901,4950,50,20.24
replica_03,tail_waters,99,9.8,9.9,9.85,4901,4950,50,31.64
replica_03,head_contact_fraction,99,9.8,9.9,9.85,4901,4950,50,0.92
replica_03,rmsd,100,9.9,10.0,9.95,4951,5000,50,4.917472
replica_03,rg,100,9.9,10.0,9.95,4951,5000,50,8.818396
replica_03,head_any,100,9.9,10.0,9.95,4951,5000,50,5.3394200000000005
replica_03,tail_contacts,100,9.9,10.0,9.95,4951,5000,50,22.46
replica_03,tail_waters,100,9.9,10.0,9.95,4951,5000,50,29.04
replica_03,head_contact_fraction,100,9.9,10.0,9.95,4951,5000,50,0.38
