Charm++: standalone mode (not using charmrun)
Charm++> Running in Multicore mode: 8 threads (PEs)
Charm++> Using recursive bisection (scheme 3) for topology aware partitions
Converse/Charm++ Commit ID: 
CharmLB> Load balancer assumes all CPUs are same.
Charm++> cpu affinity enabled. 
Charm++> Running on 1 hosts (1 sockets x 8 cores x 2 PUs = 16-way SMP)
Charm++> cpu topology info is gathered in 0.000 seconds.
Info: Built with CUDA version 11080
Pe 0 physical rank 0 will use CUDA device of pe 4
Pe 5 physical rank 5 will use CUDA device of pe 4
Pe 1 physical rank 1 will use CUDA device of pe 4
Pe 3 physical rank 3 will use CUDA device of pe 4
Pe 6 physical rank 6 will use CUDA device of pe 4
Pe 4 physical rank 4 binding to CUDA device 0 on tamburello: 'NVIDIA GeForce RTX 4050 Laptop GPU'  Mem: 6140MB  Rev: 8.9  PCI: 0:1:0
Pe 7 physical rank 7 will use CUDA device of pe 4
Pe 2 physical rank 2 will use CUDA device of pe 4
CharmLB> Load balancing instrumentation for communication is off.
Info: NAMD Git-2025-12-04 for Linux-x86_64-multicore-CUDA
Info: 
Info: Please visit http://www.ks.uiuc.edu/Research/namd/
Info: for updates, documentation, and support information.
Info: 
Info: Please cite Phillips et al., J. Chem. Phys. 153:044130 (2020) doi:10.1063/5.0014475
Info: in all publications reporting results obtained with NAMD.
Info: 
Info: Based on Charm++/Converse 80000 for multicore-linux-x86_64-gcc
Info: Built Thu Dec 4 09:52:36 CST 2025 by dhardy on athine.ks.uiuc.edu
Info: Source code at Git commit ID b856a9378ca44bcf5aa708d4b681af4ceb86d8ca
Info: 1 NAMD  Git-2025-12-04  Linux-x86_64-multicore-CUDA  8    tamburello  zwa
Info: Running on 8 processors, 1 nodes, 1 physical nodes.
Info: CPU topology information available.
Info: Charm++/Converse parallel runtime startup completed at 0.171015 s
CkLoopLib is used in SMP with simple dynamic scheduling (converse-level notification)
Info: 0 MB of memory in use based on /proc/self/stat
Info: Configuration file is replica_02/04_prod_1ns.conf
Info: Changed directory to replica_02
TCL: Suspending until startup complete.
Info: EXTENDED SYSTEM FILE   03_prod_1ns/prod_03.xsc
Warning: Always using force tables for GPU nonbonded kernel due to unsupported config parameters.
Info: SIMULATION PARAMETERS:
Info: TIMESTEP               2
Info: NUMBER OF STEPS        1750000
Info: STEPS PER CYCLE        10
Info: PERIODIC CELL BASIS 1  51.2286 0 0
Info: PERIODIC CELL BASIS 2  0 55.707 0
Info: PERIODIC CELL BASIS 3  0 0 57.02
Info: PERIODIC CELL CENTER   0 0 0
Info: WRAPPING ALL CLUSTERS AROUND PERIODIC BOUNDARIES ON OUTPUT.
Info: LOAD BALANCER  Centralized
Info: LOAD BALANCING STRATEGY  New Load Balancers -- DEFAULT
Info: LDB PERIOD             2000 steps
Info: FIRST LDB TIMESTEP     50
Info: LAST LDB TIMESTEP     -1
Info: LDB BACKGROUND SCALING 1
Info: HOM BACKGROUND SCALING 1
Info: PME BACKGROUND SCALING 1
Info: MIN ATOMS PER PATCH    40
Info: EMPTY PATCH LOAD       40 ATOMS
Info: VELOCITY FILE          03_prod_1ns/prod_03.vel
Info: CENTER OF MASS MOVING INITIALLY? NO
Info: DIELECTRIC             1
Info: EXCLUDE                SCALED ONE-FOUR
Info: 1-4 ELECTROSTATICS SCALED BY 0.833333
Info: MODIFIED 1-4 VDW PARAMETERS WILL BE USED
Info: DCD FILENAME           04_prod_1ns/prod_04.dcd
Info: DCD FREQUENCY          1000
Info: DCD FIRST STEP         1751000
Info: DCD FILE WILL CONTAIN UNIT CELL DATA
Info: XST FILENAME           04_prod_1ns/prod_04.xst
Info: XST FREQUENCY          5000
Info: NO VELOCITY DCD OUTPUT
Info: NO FORCE DCD OUTPUT
Info: OUTPUT FILENAME        04_prod_1ns/prod_04
Info: BINARY OUTPUT FILES WILL BE USED
Info: RESTART FILENAME       04_prod_1ns/prod_04.restart
Info: RESTART FREQUENCY      5000
Info: BINARY RESTART FILES WILL BE USED
Info: NAMD will save positions and velocities to 04_prod_1ns/prod_04.crash.csv when  atoms are moving too fast.
Info: CUTOFF                 9
Info: PAIRLIST DISTANCE      11
Info: PAIRLIST SHRINK RATE   0.01
Info: PAIRLIST GROW RATE     0.01
Info: PAIRLIST TRIGGER       0.3
Info: PAIRLISTS PER CYCLE    2
Info: PAIRLISTS ENABLED
Info: MARGIN                 0.405
Info: HYDROGEN GROUP CUTOFF  2.5
Info: PATCH DIMENSION        13.905
Info: ENERGY OUTPUT STEPS    500
Info: ENERGY EVALUATION STEPS    500
Info: OUTPUT ENERGY PRECISION 4
Info: CROSSTERM ENERGY INCLUDED IN DIHEDRAL
Info: TIMING OUTPUT STEPS    5000
Info: LANGEVIN DYNAMICS ACTIVE
Info: LANGEVIN TEMPERATURE   310.15
Info: LANGEVIN USING BBK INTEGRATOR
Info: LANGEVIN DAMPING COEFFICIENT IS 1 INVERSE PS
Info: LANGEVIN DYNAMICS APPLIED TO HYDROGENS
Info: LANGEVIN PISTON PRESSURE CONTROL ACTIVE
Info:        TARGET PRESSURE IS 1.01325 BAR
Info:     OSCILLATION PERIOD IS 100 FS
Info:             DECAY TIME IS 50 FS
Info:     PISTON TEMPERATURE IS 310.15 K
Info:       PRESSURE CONTROL IS GROUP-BASED
Info:    INITIAL STRAIN RATE IS -4.90142e-05 -4.90142e-05 -4.90142e-05
Info:       CELL FLUCTUATION IS ISOTROPIC
Info: PARTICLE MESH EWALD (PME) ACTIVE
Info: PME TOLERANCE               1e-06
Info: PME EWALD COEFFICIENT       0.348832
Info: PME INTERPOLATION ORDER     4
Info: PME GRID DIMENSIONS         54 56 60
Info: PME MAXIMUM GRID SPACING    1
Info: PME CALCULATION WILL BE PERFORMED ON GPU
Info: FULL ELECTROSTATIC EVALUATION FREQUENCY      2
Info: USING VERLET I (r-RESPA) MTS SCHEME.
Info: C1 SPLITTING OF LONG RANGE ELECTROSTATICS
Info: PLACING ATOMS IN PATCHES BY HYDROGEN GROUPS
Info: RIGID BONDS TO HYDROGEN : ALL
Info:         ERROR TOLERANCE : 1e-08
Info:          MAX ITERATIONS : 100
Info: RIGID WATER USING SETTLE ALGORITHM
Info: RANDOM NUMBER SEED     202609344
Info: USE HYDROGEN BONDS?    NO
Info: Using AMBER format force field!
Info: AMBER PARM FILE        ../inputs/pVBTMA12_PFOA_assoc.prmtop
Info: AMBER COORDINATE FILE  ../inputs/pVBTMA12_PFOA_assoc.inpcrd
Info: Exclusions will be read from PARM file!
Info: SCNB (VDW SCALING)     2
Info: USING ARITHMETIC MEAN TO COMBINE L-J SIGMA PARAMETERS
Info: BINARY COORDINATES     03_prod_1ns/prod_03.coor
Info: FIRST TIMESTEP         1750000
Info: === Start reading AMBER parm7 format file ../inputs/pVBTMA12_PFOA_assoc.prmtop ===
Info: Complete reading ATOM_NAME with 15937 fields.
Info: Complete reading CHARGE with 15937 fields.
Info: Complete reading ATOMIC_NUMBER with 15937 fields.
Info: Complete reading MASS with 15937 fields.
Info: Complete reading ATOM_TYPE_INDEX with 15937 fields.
Info: Complete reading NUMBER_EXCLUDED_ATOMS with 15937 fields.
Info: Complete reading NONBONDED_PARM_INDEX with 144 fields.
Info: Complete reading RESIDUE_LABEL with 5214 fields.
Info: Complete reading RESIDUE_POINTER with 5214 fields.
Info: Complete reading BOND_FORCE_CONSTANT with 12 fields.
Info: Complete reading BOND_EQUIL_VALUE with 12 fields.
Info: Complete reading ANGLE_FORCE_CONSTANT with 19 fields.
Info: Complete reading ANGLE_EQUIL_VALUE with 19 fields.
Info: Complete reading DIHEDRAL_FORCE_CONSTANT with 19 fields.
Info: Complete reading DIHEDRAL_PERIODICITY with 19 fields.
Info: Complete reading DIHEDRAL_PHASE with 19 fields.
Info: Complete reading SCEE_SCALE_FACTOR with 19 fields.
Info: Complete reading SCNB_SCALE_FACTOR with 19 fields.
Info: Complete reading LENNARD_JONES_ACOEF with 78 fields.
Info: Complete reading LENNARD_JONES_BCOEF with 78 fields.
Info: Complete reading BONDS_INC_HYDROGEN with 47121 fields.
Info: Complete reading BONDS_WITHOUT_HYDROGEN with 573 fields.
Info: Complete reading ANGLES_INC_HYDROGEN with 1884 fields.
Info: Complete reading ANGLES_WITHOUT_HYDROGEN with 1176 fields.
Info: Complete reading DIHEDRALS_INC_HYDROGEN with 4370 fields.
Info: Complete reading DIHEDRALS_WITHOUT_HYDROGEN with 1980 fields.
Info: Complete reading EXCLUDED_ATOMS_LIST with 23045 fields.
Info: Complete reading HBOND_ACOEF with 0 fields.
Info: Complete reading HBOND_BCOEF with 0 fields.
Info: Complete reading AMBER_ATOM_TYPE with 15937 fields.
Info: Complete reading TREE_CHAIN_CLASSIFICATION with 15937 fields.
Info: Complete reading ATOMS_PER_MOLECULE with 5214 fields.
Info: Complete reading BOX_DIMENSIONS with 4 fields.
Info: Complete reading RADIUS_SET with 1 fields.
Info: Complete reading RADII with 15937 fields.
Info: Complete reading SCREEN with 15937 fields.
Info: === Finish reading AMBER parm7 format file. ===
Warning: Found 5163 H-H bonds.
Info: SUMMARY OF PARAMETERS:
Info: 12 BONDS
Info: 19 ANGLES
Info:   19 HARMONIC
Info:   0 COSINE-BASED
Info: 19 DIHEDRAL
Info: 0 IMPROPER
Info: 0 CROSSTERM
Info: 0 VDW
Info: 78 VDW_PAIRS
Info: 0 NBTHOLE_PAIRS
Info: TIME FOR READING PDB FILE: 4.508e-06
Info: 
Info: LONG-RANGE LJ: APPLYING ANALYTICAL CORRECTIONS TO ENERGY AND PRESSURE
Info: LONG-RANGE LJ: AVERAGE A AND B COEFFICIENTS 566405 AND 559.433
Info: ****************************
Info: STRUCTURE SUMMARY:
Info: 15937 ATOMS
Info: 15898 BONDS
Info: 765 ANGLES
Info: 1270 DIHEDRALS
Info: 0 IMPROPERS
Info: 0 CROSSTERMS
Info: 17758 EXCLUSIONS
Info: 15707 RIGID BONDS
Info: 32104 DEGREES OF FREEDOM
Info: 5393 HYDROGEN GROUPS
Info: 4 ATOMS IN LARGEST HYDROGEN GROUP
Info: 5393 MIGRATION GROUPS
Info: 4 ATOMS IN LARGEST MIGRATION GROUP
Info: TOTAL MASS = 97047.3 amu
Info: TOTAL CHARGE = -5.9735e-06 e
Info: MASS DENSITY = 0.990361 g/cm^3
Info: ATOM DENSITY = 0.0979394 atoms/A^3
Info: *****************************
Info: Reading from binary file 03_prod_1ns/prod_03.coor
Info: 
Info: Entering startup at 0.48507 s, 0 MB of memory in use
Info: Startup phase 0 took 0.000260964 s, 0 MB of memory in use
Info: ADDED 0 IMPLICIT EXCLUSIONS
Info: Startup phase 1 took 0.00311948 s, 0 MB of memory in use
Info: NONBONDED TABLE R-SQUARED SPACING: 0.0625
Info: NONBONDED TABLE SIZE: 705 POINTS
Info: INCONSISTENCY IN FAST TABLE ENERGY VS FORCE: 0.000290481 AT 0.251946
Info: INCONSISTENCY IN SCOR TABLE ENERGY VS FORCE: 0.000238233 AT 8.9687
Info: ABSOLUTE IMPRECISION IN VDWA TABLE ENERGY: 1.21169e-27 AT 8.99653
Info: ABSOLUTE IMPRECISION IN VDWA TABLE FORCE: 2.57484e-27 AT 8.99653
Info: INCONSISTENCY IN VDWA TABLE ENERGY VS FORCE: 0.0040507 AT 0.251946
Info: INCONSISTENCY IN VDWB TABLE ENERGY VS FORCE: 0.00150189 AT 0.251946
Info: Startup phase 2 took 0.00189988 s, 0 MB of memory in use
Info: Startup phase 3 took 0.00024273 s, 0 MB of memory in use
Info: Startup phase 4 took 0.000243066 s, 0 MB of memory in use
Info: Startup phase 5 took 0.000232522 s, 0 MB of memory in use
Info: PATCH GRID IS 3 (PERIODIC) BY 4 (PERIODIC) BY 4 (PERIODIC)
Info: PATCH GRID IS 1-AWAY BY 1-AWAY BY 1-AWAY
Info: Reading from binary file 03_prod_1ns/prod_03.vel
Info: REMOVING COM VELOCITY 0.0653448 0.00410945 0.066848
Info: LARGEST PATCH (31) HAS 351 ATOMS
Info: TORUS A SIZE 1 USING 0
Info: TORUS B SIZE 1 USING 0
Info: TORUS C SIZE 1 USING 0
Info: TORUS MINIMAL MESH SIZE IS 1 BY 1 BY 1
Info: Placed 100% of base nodes on same physical node as patch
Info: Startup phase 6 took 0.00788545 s, 0 MB of memory in use
Info: Use 3D box decompostion in PME FFT.
Info: PME using 1 x 1 x 1 pencil grid for FFT and reciprocal sum.
Info: Startup phase 7 took 0.000696583 s, 0 MB of memory in use
Info: Updated CUDA force table with 4096 elements.
Info: Updated CUDA LJ table with 12 x 12 elements.
Info: Startup phase 8 took 0.00468884 s, 0 MB of memory in use
Info: Startup phase 9 took 0.00026204 s, 0 MB of memory in use
Info: Startup phase 10 took 0.000231001 s, 0 MB of memory in use
Info: Startup phase 11 took 0.000928452 s, 0 MB of memory in use
LDB: Central LB being created...
Info: Startup phase 12 took 0.00647575 s, 0 MB of memory in use
Info: Startup phase 13 took 0.000316037 s, 0 MB of memory in use
Info: Startup phase 14 took 0.000310996 s, 0 MB of memory in use
Info: Startup phase 15 took 0.000245232 s, 0 MB of memory in use
Info: CREATING 1072 COMPUTE OBJECTS
Info: Found 391 unique exclusion lists needing 17336 bytes
Info: useSync: 0 useProxySync: 0
Info: Startup phase 16 took 0.020464 s, 0 MB of memory in use
Info: Startup phase 17 took 0.000492527 s, 0 MB of memory in use
Info: Startup phase 18 took 0.000258437 s, 0 MB of memory in use
Info: Finished startup at 0.534324 s, 0 MB of memory in use

TCL: Running for 500000 steps
ETITLE:      TS           BOND          ANGLE          DIHED          IMPRP               ELECT            VDW       BOUNDARY           MISC        KINETIC               TOTAL           TEMP      POTENTIAL         TOTAL3        TEMPAVG            PRESSURE      GPRESSURE         VOLUME       PRESSAVG      GPRESSAVG

ENERGY: 1750000        90.0788       191.7539       151.1111         0.0000         -60198.0555      7259.7018         0.0000         0.0000      9916.4415         -42588.9684       310.8759    -52505.4099    -42565.4826       310.8759           -238.2408      -149.2617    162723.1133      -238.2408      -149.2617

OPENING EXTENDED SYSTEM TRAJECTORY FILE
LDB: ============= START OF LOAD BALANCING ============== 0.592905
LDB: ============== END OF LOAD BALANCING =============== 0.593156
Info: useSync: 0 useProxySync: 0
LDB: =============== DONE WITH MIGRATION ================ 0.59357
LDB: ============= START OF LOAD BALANCING ============== 0.676358
LDB: Partitioning computes with target load 0.000000
LDB: Increased migratable compute count from 0 to 0
LDB: Largest unpartitionable compute is 0.000000
LDB: ============== END OF LOAD BALANCING =============== 0.67728
Info: useSync: 0 useProxySync: 0
LDB: =============== DONE WITH MIGRATION ================ 0.678011
Info: Initial time: 8 CPUs 0.00237361 s/step 0.0137362 days/ns 0 MB memory
LDB: ============= START OF LOAD BALANCING ============== 0.699605
LDB: ============== END OF LOAD BALANCING =============== 0.699895
Info: useSync: 0 useProxySync: 0
LDB: =============== DONE WITH MIGRATION ================ 0.70031
LDB: ============= START OF LOAD BALANCING ============== 0.781331
LDB: TIME 0.781712 LOAD: AVG 0.020915 MAX 0.0342039  PROXIES: TOTAL 128 MAXPE 16 MAXPATCH 4 None MEM: 0 MB
LDB: TIME 0.78191 LOAD: AVG 0.020915 MAX 0.0342039  PROXIES: TOTAL 128 MAXPE 16 MAXPATCH 4 TorusLB MEM: 0 MB
LDB: ============== END OF LOAD BALANCING =============== 0.782106
Info: useSync: 0 useProxySync: 0
LDB: =============== DONE WITH MIGRATION ================ 0.782672
Info: Initial time: 8 CPUs 0.00201658 s/step 0.01167 days/ns 0 MB memory
LDB: ============= START OF LOAD BALANCING ============== 0.88848
LDB: TIME 0.888847 LOAD: AVG 0.0258631 MAX 0.0500608  PROXIES: TOTAL 128 MAXPE 16 MAXPATCH 4 None MEM: 0 MB
LDB: TIME 0.88907 LOAD: AVG 0.0258631 MAX 0.0500608  PROXIES: TOTAL 128 MAXPE 16 MAXPATCH 4 RefineTorusLB MEM: 0 MB
LDB: TIME 0.889238 LOAD: AVG 0.0258631 MAX 0.0500608  PROXIES: TOTAL 128 MAXPE 16 MAXPATCH 4 RefineTorusLB MEM: 0 MB
LDB: Reverting to original mapping
LDB: ============== END OF LOAD BALANCING =============== 0.889651
Info: useSync: 0 useProxySync: 0
LDB: =============== DONE WITH MIGRATION ================ 0.890199
Info: Initial time: 8 CPUs 0.00211245 s/step 0.0122248 days/ns 0 MB memory
LDB: ============= START OF LOAD BALANCING ============== 0.991716
LDB: TIME 0.99211 LOAD: AVG 0.0261553 MAX 0.0464168  PROXIES: TOTAL 128 MAXPE 16 MAXPATCH 4 None MEM: 0 MB
LDB: TIME 0.992306 LOAD: AVG 0.0261553 MAX 0.0464168  PROXIES: TOTAL 128 MAXPE 16 MAXPATCH 4 RefineTorusLB MEM: 0 MB
LDB: TIME 0.992495 LOAD: AVG 0.0261553 MAX 0.0464168  PROXIES: TOTAL 128 MAXPE 16 MAXPATCH 4 RefineTorusLB MEM: 0 MB
LDB: ============== END OF LOAD BALANCING =============== 0.992713
Info: useSync: 0 useProxySync: 0
LDB: =============== DONE WITH MIGRATION ================ 0.993226
Info: Benchmark time: 8 CPUs 0.00202983 s/step 0.0117467 days/ns 0 MB memory
Info: Benchmark time: 8 CPUs 0.00190623 s/step 0.0110314 days/ns 0 MB memory
Info: Benchmark time: 8 CPUs 0.00188671 s/step 0.0109185 days/ns 0 MB memory
Info: Benchmark time: 8 CPUs 0.00183728 s/step 0.0106324 days/ns 0 MB memory
Info: Benchmark time: 8 CPUs 0.00182294 s/step 0.0105494 days/ns 0 MB memory
Info: Benchmark time: 8 CPUs 0.00184698 s/step 0.0106886 days/ns 0 MB memory
ENERGY: 1750500        83.4781       198.8327       148.8105         0.0000         -60697.9656      7513.9540         0.0000         0.0000      9865.2672         -42887.6230       309.2716    -52752.8903    -42870.1253       309.9676             29.6888       120.2635    162282.5396        -5.4590        -5.1438

ENERGY: 1751000        54.0298       189.3155       159.7390         0.0000         -60502.6287      7367.2271         0.0000         0.0000      9863.8805         -42868.4368       309.2282    -52732.3173    -42845.7606       308.2209            -25.1701        64.7902    162612.2560         6.6963         6.9963

OPENING COORDINATE DCD FILE
WRITING COORDINATES TO DCD FILE 04_prod_1ns/prod_04.dcd AT STEP 1751000
The last position output (seq=1751000) takes 0.022 seconds, 0.000 MB of memory in use
ENERGY: 1751500        65.7166       196.1016       142.6720         0.0000         -60481.5882      7406.9047         0.0000         0.0000      9963.0966         -42707.0967       312.3385    -52670.1933    -42685.0414       310.4934           -153.1222       -22.1174    162007.8551        13.1431        12.7679

WRITING COORDINATES TO DCD FILE 04_prod_1ns/prod_04.dcd AT STEP 1752000
The last position output (seq=1752000) takes 0.004 seconds, 0.000 MB of memory in use
ENERGY: 1752000        71.2587       185.1957       150.9197         0.0000         -60175.4066      7246.7892         0.0000         0.0000      9836.7871         -42684.4563       308.3788    -52521.2434    -42657.0957       309.7071           -268.1728      -169.9949    163046.3410         1.7510         1.1876

LDB: ============= START OF LOAD BALANCING ============== 4.67053
LDB: ============== END OF LOAD BALANCING =============== 4.67084
Info: useSync: 0 useProxySync: 0
LDB: =============== DONE WITH MIGRATION ================ 4.67135
LDB: ============= START OF LOAD BALANCING ============== 4.76479
LDB: TIME 4.76516 LOAD: AVG 0.0266864 MAX 0.0470251  PROXIES: TOTAL 128 MAXPE 16 MAXPATCH 4 None MEM: 0 MB
LDB: TIME 4.76536 LOAD: AVG 0.0266864 MAX 0.0470251  PROXIES: TOTAL 128 MAXPE 16 MAXPATCH 4 RefineTorusLB MEM: 0 MB
LDB: TIME 4.76552 LOAD: AVG 0.0266864 MAX 0.0470251  PROXIES: TOTAL 128 MAXPE 16 MAXPATCH 4 RefineTorusLB MEM: 0 MB
LDB: Reverting to original mapping
LDB: ============== END OF LOAD BALANCING =============== 4.76594
Info: useSync: 0 useProxySync: 0
LDB: =============== DONE WITH MIGRATION ================ 4.76655
ENERGY: 1752500        69.2310       214.9391       156.4504         0.0000         -59970.8130      7249.6975         0.0000         0.0000      9809.8726         -42470.6224       307.5350    -52280.4950    -42448.2427       309.7915             49.0585       141.3683    163149.2090        -3.1528        -2.5072

ENERGY: 1753000        87.1132       196.4650       149.3396         0.0000         -60411.0926      7400.6656         0.0000         0.0000      9945.0134         -42632.4959       311.7716    -52577.5092    -42612.7729       311.3187           -108.3673       -13.2943    162241.3200         3.3971         3.0258

WRITING COORDINATES TO DCD FILE 04_prod_1ns/prod_04.dcd AT STEP 1753000
The last position output (seq=1753000) takes 0.004 seconds, 0.000 MB of memory in use
ENERGY: 1753500        69.8330       184.7758       145.8160         0.0000         -60185.5849      7278.6846         0.0000         0.0000      9842.3497         -42664.1259       308.5532    -52506.4755    -42644.9829       311.7017           -250.7123      -180.6437    163184.3229         7.9516         7.1609

ENERGY: 1754000        77.0501       210.0678       147.2273         0.0000         -60220.4525      7315.3826         0.0000         0.0000      9918.7056         -42552.0192       310.9469    -52470.7248    -42526.7471       311.7734           -183.9154       -82.6438    163186.8139         6.0363         4.6919

WRITING COORDINATES TO DCD FILE 04_prod_1ns/prod_04.dcd AT STEP 1754000
The last position output (seq=1754000) takes 0.004 seconds, 0.000 MB of memory in use
LDB: ============= START OF LOAD BALANCING ============== 8.4341
LDB: ============== END OF LOAD BALANCING =============== 8.43449
Info: useSync: 0 useProxySync: 0
LDB: =============== DONE WITH MIGRATION ================ 8.435
LDB: ============= START OF LOAD BALANCING ============== 8.52882
LDB: TIME 8.52915 LOAD: AVG 0.0261108 MAX 0.0511489  PROXIES: TOTAL 128 MAXPE 16 MAXPATCH 4 None MEM: 0 MB
LDB: TIME 8.52933 LOAD: AVG 0.0261108 MAX 0.0511489  PROXIES: TOTAL 128 MAXPE 16 MAXPATCH 4 RefineTorusLB MEM: 0 MB
LDB: TIME 8.5295 LOAD: AVG 0.0261108 MAX 0.0511489  PROXIES: TOTAL 128 MAXPE 16 MAXPATCH 4 RefineTorusLB MEM: 0 MB
LDB: ============== END OF LOAD BALANCING =============== 8.52968
Info: useSync: 0 useProxySync: 0
LDB: =============== DONE WITH MIGRATION ================ 8.5302
ENERGY: 1754500        71.3104       201.5984       149.8478         0.0000         -60268.5311      7353.6911         0.0000         0.0000      9864.9427         -42627.1406       309.2615    -52492.0834    -42607.7568       311.3511           -195.2247       -97.5204    163611.7072        -2.4240        -2.7686

TIMING: 1755000  CPU: 9.68556, 0.00192785/step  Wall: 9.52222, 0.00189491/step, 0.260551 hours remaining, 0.000000 MB of memory in use.
PERFORMANCE: 1755000  averaging 91.1914 ns/day, 0.00189491 sec/step with standard deviation 0
ETITLE:      TS           BOND          ANGLE          DIHED          IMPRP               ELECT            VDW       BOUNDARY           MISC        KINETIC               TOTAL           TEMP      POTENTIAL         TOTAL3        TEMPAVG            PRESSURE      GPRESSURE         VOLUME       PRESSAVG      GPRESSAVG

ENERGY: 1755000        73.0308       198.3687       149.4066         0.0000         -60335.4189      7303.8519         0.0000         0.0000      9801.4968         -42809.2641       307.2725    -52610.7608    -42784.8016       308.7786            -25.5925        41.8078    162488.6683         3.4673         2.9133

WRITING EXTENDED SYSTEM TO RESTART FILE AT STEP 1755000
WRITING COORDINATES TO DCD FILE 04_prod_1ns/prod_04.dcd AT STEP 1755000
WRITING COORDINATES TO RESTART FILE AT STEP 1755000
FINISHED WRITING RESTART COORDINATES
The last position output (seq=1755000) takes 0.032 seconds, 0.000 MB of memory in use
WRITING VELOCITIES TO RESTART FILE AT STEP 1755000
FINISHED WRITING RESTART VELOCITIES
The last velocity output (seq=1755000) takes 0.029 seconds, 0.000 MB of memory in use
ENERGY: 1755500        80.9141       180.3542       150.6535         0.0000         -60107.8601      7345.1807         0.0000         0.0000      9820.6483         -42530.1093       307.8729    -52350.7576    -42509.6999       309.8527           -118.2170       -15.4658    162970.7346        -4.1198        -3.9980

ENERGY: 1756000        74.8523       180.7432       154.3480         0.0000         -60204.2133      7357.7054         0.0000         0.0000      9842.1024         -42594.4620       308.5454    -52436.5644    -42583.2018       311.7118            -26.6885        60.8085    163141.5801        -2.2451        -2.4273

WRITING COORDINATES TO DCD FILE 04_prod_1ns/prod_04.dcd AT STEP 1756000
The last position output (seq=1756000) takes 0.005 seconds, 0.000 MB of memory in use
LDB: ============= START OF LOAD BALANCING ============== 12.285
LDB: ============== END OF LOAD BALANCING =============== 12.2854
Info: useSync: 0 useProxySync: 0
LDB: =============== DONE WITH MIGRATION ================ 12.2859
LDB: ============= START OF LOAD BALANCING ============== 12.3808
LDB: TIME 12.3812 LOAD: AVG 0.0260892 MAX 0.0465422  PROXIES: TOTAL 128 MAXPE 16 MAXPATCH 4 None MEM: 0 MB
LDB: TIME 12.3815 LOAD: AVG 0.0260892 MAX 0.0465422  PROXIES: TOTAL 128 MAXPE 16 MAXPATCH 4 RefineTorusLB MEM: 0 MB
LDB: TIME 12.3817 LOAD: AVG 0.0260892 MAX 0.0465422  PROXIES: TOTAL 128 MAXPE 16 MAXPATCH 4 RefineTorusLB MEM: 0 MB
LDB: Reverting to original mapping
LDB: ============== END OF LOAD BALANCING =============== 12.3822
Info: useSync: 0 useProxySync: 0
LDB: =============== DONE WITH MIGRATION ================ 12.3829
ENERGY: 1756500        63.8544       194.4888       150.3644         0.0000         -60247.7000      7379.4951         0.0000         0.0000      9961.4475         -42498.0498       312.2868    -52459.4973    -42479.1002       311.0532             79.2341       199.2544    162416.3933       -14.1312       -13.3887

ENERGY: 1757000        65.3594       188.9193       162.3514         0.0000         -60259.8188      7365.0861         0.0000         0.0000     10021.5119         -42456.5907       314.1698    -52478.1026    -42432.4996       312.4903             82.8210       164.5906    162167.5822        -3.9346        -3.2337

WRITING COORDINATES TO DCD FILE 04_prod_1ns/prod_04.dcd AT STEP 1757000
The last position output (seq=1757000) takes 0.004 seconds, 0.000 MB of memory in use
ENERGY: 1757500        69.2345       192.9065       151.8631         0.0000         -59986.5312      7230.6389         0.0000         0.0000      9820.4797         -42521.4085       307.8676    -52341.8882    -42497.5866       312.2687            -63.0256        43.6007    162947.4317         9.8010         8.9963

WRITING COORDINATES TO DCD FILE 04_prod_1ns/prod_04.dcd AT STEP 1758000
The last position output (seq=1758000) takes 0.004 seconds, 0.000 MB of memory in use
ENERGY: 1758000        63.5279       189.2355       147.2894         0.0000         -60392.5588      7493.6518         0.0000         0.0000      9973.4259         -42525.4283       312.6624    -52498.8542    -42503.1556       311.2517            293.7403       377.0178    162411.4332         1.4780         1.9104

LDB: ============= START OF LOAD BALANCING ============== 16.0629
LDB: ============== END OF LOAD BALANCING =============== 16.0632
Info: useSync: 0 useProxySync: 0
LDB: =============== DONE WITH MIGRATION ================ 16.0638
LDB: ============= START OF LOAD BALANCING ============== 16.1572
LDB: TIME 16.1575 LOAD: AVG 0.0264029 MAX 0.0460244  PROXIES: TOTAL 128 MAXPE 16 MAXPATCH 4 None MEM: 0 MB
LDB: TIME 16.1578 LOAD: AVG 0.0264029 MAX 0.0460244  PROXIES: TOTAL 128 MAXPE 16 MAXPATCH 4 RefineTorusLB MEM: 0 MB
LDB: TIME 16.1581 LOAD: AVG 0.0264029 MAX 0.0460244  PROXIES: TOTAL 128 MAXPE 16 MAXPATCH 4 RefineTorusLB MEM: 0 MB
LDB: ============== END OF LOAD BALANCING =============== 16.1584
Info: useSync: 0 useProxySync: 0
LDB: =============== DONE WITH MIGRATION ================ 16.159
ENERGY: 1758500        76.7855       210.3939       147.3301         0.0000         -60051.0876      7287.6925         0.0000         0.0000      9922.8682         -42406.0173       311.0774    -52328.8854    -42387.5043       311.8559             54.7502       131.9670    162545.1634         5.2657         5.4808

ENERGY: 1759000        79.8566       188.9327       144.3249         0.0000         -59902.4427      7214.9573         0.0000         0.0000      9968.1415         -42306.2297       312.4967    -52274.3712    -42284.4549       312.7995            -72.8841        36.2395    162758.5766        -5.4702        -5.5058

WRITING COORDINATES TO DCD FILE 04_prod_1ns/prod_04.dcd AT STEP 1759000
The last position output (seq=1759000) takes 0.004 seconds, 0.000 MB of memory in use
ENERGY: 1759500        72.7066       192.9296       168.0157         0.0000         -60038.4505      7230.2975         0.0000         0.0000      9956.2054         -42418.2958       312.1225    -52374.5011    -42400.9836       312.4494           -241.9721      -154.9072    163170.3571        -4.2028        -4.7773

TIMING: 1760000  CPU: 19.3341, 0.00192971/step  Wall: 19.0417, 0.00190389/step, 0.25914 hours remaining, 0.000000 MB of memory in use.
PERFORMANCE: 1760000  averaging 90.9761 ns/day, 0.0018994 sec/step with standard deviation 6.34415e-06
ETITLE:      TS           BOND          ANGLE          DIHED          IMPRP               ELECT            VDW       BOUNDARY           MISC        KINETIC               TOTAL           TEMP      POTENTIAL         TOTAL3        TEMPAVG            PRESSURE      GPRESSURE         VOLUME       PRESSAVG      GPRESSAVG

ENERGY: 1760000        73.9114       188.2696       156.7675         0.0000         -60061.2381      7190.6592         0.0000         0.0000      9851.4443         -42600.1861       308.8383    -52451.6304    -42583.0212       311.6295           -253.1997      -133.4971    162192.1198        -0.1768        -1.1288

WRITING EXTENDED SYSTEM TO RESTART FILE AT STEP 1760000
WRITING COORDINATES TO DCD FILE 04_prod_1ns/prod_04.dcd AT STEP 1760000
WRITING COORDINATES TO RESTART FILE AT STEP 1760000
FINISHED WRITING RESTART COORDINATES
The last position output (seq=1760000) takes 0.035 seconds, 0.000 MB of memory in use
WRITING VELOCITIES TO RESTART FILE AT STEP 1760000
FINISHED WRITING RESTART VELOCITIES
The last velocity output (seq=1760000) takes 0.032 seconds, 0.000 MB of memory in use
LDB: ============= START OF LOAD BALANCING ============== 19.9283
LDB: ============== END OF LOAD BALANCING =============== 19.9287
Info: useSync: 0 useProxySync: 0
LDB: =============== DONE WITH MIGRATION ================ 19.9291
LDB: ============= START OF LOAD BALANCING ============== 20.0251
LDB: TIME 20.0256 LOAD: AVG 0.02604 MAX 0.0492909  PROXIES: TOTAL 128 MAXPE 16 MAXPATCH 4 None MEM: 0 MB
LDB: TIME 20.0259 LOAD: AVG 0.02604 MAX 0.0492909  PROXIES: TOTAL 128 MAXPE 16 MAXPATCH 4 RefineTorusLB MEM: 0 MB
LDB: TIME 20.0261 LOAD: AVG 0.02604 MAX 0.0492909  PROXIES: TOTAL 128 MAXPE 16 MAXPATCH 4 RefineTorusLB MEM: 0 MB
LDB: Reverting to original mapping
LDB: ============== END OF LOAD BALANCING =============== 20.0266
Info: useSync: 0 useProxySync: 0
LDB: =============== DONE WITH MIGRATION ================ 20.0272
ENERGY: 1760500        75.4442       190.5239       147.2957         0.0000         -60352.8872      7322.8323         0.0000         0.0000     10151.5665         -42465.2247       318.2470    -52616.7911    -42445.2373       312.0674           -103.8770       -21.0303    162717.9505         3.1863         2.7913

ENERGY: 1761000        64.5166       215.8066       146.0805         0.0000         -60015.7780      7116.7082         0.0000         0.0000     10019.3993         -42453.2667       314.1036    -52472.6660    -42425.9509       313.9840           -120.1354       -43.0688    161285.1551        -3.1559        -4.1084

WRITING COORDINATES TO DCD FILE 04_prod_1ns/prod_04.dcd AT STEP 1761000
ENERGY: 1761500        68.9070       205.6575       151.0388         0.0000         -60324.3939      7392.7854         0.0000         0.0000      9909.9236         -42596.0815       310.6716    -52506.0051    -42575.2487       312.0730            -33.2064        64.6073    162217.4509         1.8910         1.8552

ENERGY: 1762000        64.2966       197.1637       153.0573         0.0000         -60270.2039      7298.8844         0.0000         0.0000      9917.9846         -42638.8172       310.9243    -52556.8018    -42618.4005       310.4536            -81.6556        17.7359    162403.4116         8.8095         9.0386

WRITING COORDINATES TO DCD FILE 04_prod_1ns/prod_04.dcd AT STEP 1762000
LDB: ============= START OF LOAD BALANCING ============== 23.7332
LDB: ============== END OF LOAD BALANCING =============== 23.7337
Info: useSync: 0 useProxySync: 0
LDB: =============== DONE WITH MIGRATION ================ 23.7341
LDB: ============= START OF LOAD BALANCING ============== 23.8299
LDB: TIME 23.8304 LOAD: AVG 0.0261817 MAX 0.0466068  PROXIES: TOTAL 128 MAXPE 16 MAXPATCH 4 None MEM: 0 MB
LDB: TIME 23.8306 LOAD: AVG 0.0261817 MAX 0.0466068  PROXIES: TOTAL 128 MAXPE 16 MAXPATCH 4 RefineTorusLB MEM: 0 MB
LDB: TIME 23.8309 LOAD: AVG 0.0261817 MAX 0.0466068  PROXIES: TOTAL 128 MAXPE 16 MAXPATCH 4 RefineTorusLB MEM: 0 MB
LDB: ============== END OF LOAD BALANCING =============== 23.8312
Info: useSync: 0 useProxySync: 0
LDB: =============== DONE WITH MIGRATION ================ 23.8318
ENERGY: 1762500        63.1321       203.6455       143.2666         0.0000         -60261.2611      7434.8691         0.0000         0.0000      9858.5548         -42557.7929       309.0612    -52416.3477    -42537.9727       310.3774            137.4465       214.1146    162432.3599        -1.4838        -1.1240

WRITING COORDINATES TO DCD FILE 04_prod_1ns/prod_04.dcd AT STEP 1763000
ENERGY: 1763000        67.1917       189.5767       140.4540         0.0000         -60352.4052      7413.5519         0.0000         0.0000      9985.1286         -42556.5023       313.0292    -52541.6309    -42535.3466       311.7650            110.1009       204.5813    162599.8610         9.5760         9.8093

ENERGY: 1763500        65.0954       208.5637       146.8417         0.0000         -60213.5582      7250.5456         0.0000         0.0000      9942.4050         -42600.1067       311.6899    -52542.5118    -42581.9043       311.4594           -147.3879       -57.4378    162433.0157         0.7013         0.7183

ENERGY: 1764000        78.6916       187.2487       139.7885         0.0000         -60083.5999      7202.5180         0.0000         0.0000      9849.9088         -42625.4443       308.7902    -52475.3531    -42600.2280       309.8328           -251.0606      -175.4454    163084.9657        16.1253        15.8895

WRITING COORDINATES TO DCD FILE 04_prod_1ns/prod_04.dcd AT STEP 1764000
LDB: ============= START OF LOAD BALANCING ============== 27.512
LDB: ============== END OF LOAD BALANCING =============== 27.5124
Info: useSync: 0 useProxySync: 0
LDB: =============== DONE WITH MIGRATION ================ 27.513
LDB: ============= START OF LOAD BALANCING ============== 27.609
LDB: TIME 27.6093 LOAD: AVG 0.0261244 MAX 0.0545415  PROXIES: TOTAL 128 MAXPE 16 MAXPATCH 4 None MEM: 0 MB
LDB: TIME 27.6096 LOAD: AVG 0.0261244 MAX 0.0545415  PROXIES: TOTAL 128 MAXPE 16 MAXPATCH 4 RefineTorusLB MEM: 0 MB
LDB: TIME 27.6099 LOAD: AVG 0.0261244 MAX 0.0545415  PROXIES: TOTAL 128 MAXPE 16 MAXPATCH 4 RefineTorusLB MEM: 0 MB
LDB: ============== END OF LOAD BALANCING =============== 27.6102
Info: useSync: 0 useProxySync: 0
LDB: =============== DONE WITH MIGRATION ================ 27.611
ENERGY: 1764500        63.7137       181.5175       141.4014         0.0000         -60032.4531      7250.1108         0.0000         0.0000      9858.1337         -42537.5759       309.0480    -52395.7096    -42511.0601       311.1748           -235.4920      -122.8736    162651.9638       -11.6592       -11.0226

TIMING: 1765000  CPU: 28.9955, 0.00193227/step  Wall: 28.6067, 0.00191301/step, 0.257725 hours remaining, 0.000000 MB of memory in use.
PERFORMANCE: 1765000  averaging 90.7593 ns/day, 0.00190394 sec/step with standard deviation 9.04658e-06
ETITLE:      TS           BOND          ANGLE          DIHED          IMPRP               ELECT            VDW       BOUNDARY           MISC        KINETIC               TOTAL           TEMP      POTENTIAL         TOTAL3        TEMPAVG            PRESSURE      GPRESSURE         VOLUME       PRESSAVG      GPRESSAVG

ENERGY: 1765000        77.2530       180.9573       138.4306         0.0000         -60079.5618      7109.1557         0.0000         0.0000      9982.2380         -42591.5273       312.9386    -52573.7653    -42569.8118       310.0049           -389.5109      -288.0546    162899.0192         6.4222         5.8218

WRITING EXTENDED SYSTEM TO RESTART FILE AT STEP 1765000
WRITING COORDINATES TO DCD FILE 04_prod_1ns/prod_04.dcd AT STEP 1765000
WRITING COORDINATES TO RESTART FILE AT STEP 1765000
FINISHED WRITING RESTART COORDINATES
WRITING VELOCITIES TO RESTART FILE AT STEP 1765000
FINISHED WRITING RESTART VELOCITIES
The last velocity output (seq=1765000) takes 0.033 seconds, 0.000 MB of memory in use
ENERGY: 1765500        67.8072       179.1895       152.6930         0.0000         -60506.2051      7553.2791         0.0000         0.0000      9961.0005         -42592.2358       312.2728    -52553.2363    -42572.9097       310.9921            331.8514       419.8703    161732.7300        10.9395        12.4754

ENERGY: 1766000        72.0015       168.2035       148.1387         0.0000         -60317.1409      7267.8652         0.0000         0.0000      9905.3374         -42755.5946       310.5278    -52660.9320    -42727.9291       310.8567           -340.4235      -262.6459    162365.1332        -5.5084        -3.8100

WRITING COORDINATES TO DCD FILE 04_prod_1ns/prod_04.dcd AT STEP 1766000
LDB: ============= START OF LOAD BALANCING ============== 31.3836
LDB: ============== END OF LOAD BALANCING =============== 31.3839
Info: useSync: 0 useProxySync: 0
LDB: =============== DONE WITH MIGRATION ================ 31.3844
LDB: ============= START OF LOAD BALANCING ============== 31.4775
LDB: TIME 31.4779 LOAD: AVG 0.0265028 MAX 0.047824  PROXIES: TOTAL 128 MAXPE 16 MAXPATCH 4 None MEM: 0 MB
LDB: TIME 31.4782 LOAD: AVG 0.0265028 MAX 0.047824  PROXIES: TOTAL 128 MAXPE 16 MAXPATCH 4 RefineTorusLB MEM: 0 MB
LDB: TIME 31.4784 LOAD: AVG 0.0265028 MAX 0.047824  PROXIES: TOTAL 128 MAXPE 16 MAXPATCH 4 RefineTorusLB MEM: 0 MB
LDB: Reverting to original mapping
LDB: ============== END OF LOAD BALANCING =============== 31.4789
Info: useSync: 0 useProxySync: 0
LDB: =============== DONE WITH MIGRATION ================ 31.4795
ENERGY: 1766500        71.8703       175.4338       158.2352         0.0000         -60049.1832      7181.1308         0.0000         0.0000      9961.1507         -42501.3623       312.2775    -52462.5130    -42478.9039       310.7146           -267.4949      -177.5415    162892.6661        -3.5115        -2.5219

ENERGY: 1767000        64.1218       202.4946       151.6293         0.0000         -60281.5317      7336.2603         0.0000         0.0000      9903.8951         -42623.1305       310.4826    -52527.0256    -42598.9890       311.5613           -165.7330       -72.9930    163771.2528         0.9886         1.1452

WRITING COORDINATES TO DCD FILE 04_prod_1ns/prod_04.dcd AT STEP 1767000
ENERGY: 1767500        76.4690       176.4732       146.3240         0.0000         -60234.3809      7225.2974         0.0000         0.0000      9788.1947         -42821.6224       306.8554    -52609.8171    -42794.3412       309.4174           -275.7589      -206.9773    162463.6509         6.7745         6.7874

ENERGY: 1768000        94.7033       184.2019       146.3097         0.0000         -60306.7978      7278.4174         0.0000         0.0000     10048.9237         -42554.2417       315.0292    -52603.1655    -42535.4387       309.4723           -275.8108      -183.2396    162276.7796        -8.1992        -7.6300

WRITING COORDINATES TO DCD FILE 04_prod_1ns/prod_04.dcd AT STEP 1768000
LDB: ============= START OF LOAD BALANCING ============== 35.1515
LDB: ============== END OF LOAD BALANCING =============== 35.1519
Info: useSync: 0 useProxySync: 0
LDB: =============== DONE WITH MIGRATION ================ 35.1524
LDB: ============= START OF LOAD BALANCING ============== 35.2428
LDB: TIME 35.2432 LOAD: AVG 0.0263907 MAX 0.0487829  PROXIES: TOTAL 128 MAXPE 16 MAXPATCH 4 None MEM: 0 MB
LDB: TIME 35.2435 LOAD: AVG 0.0263907 MAX 0.0487829  PROXIES: TOTAL 128 MAXPE 16 MAXPATCH 4 RefineTorusLB MEM: 0 MB
LDB: TIME 35.2438 LOAD: AVG 0.0263907 MAX 0.0487829  PROXIES: TOTAL 128 MAXPE 16 MAXPATCH 4 RefineTorusLB MEM: 0 MB
LDB: Reverting to original mapping
LDB: ============== END OF LOAD BALANCING =============== 35.2443
Info: useSync: 0 useProxySync: 0
LDB: =============== DONE WITH MIGRATION ================ 35.245
ENERGY: 1768500        77.4285       204.7390       148.0100         0.0000         -60037.4625      7110.8869         0.0000         0.0000     10021.8590         -42474.5389       314.1807    -52496.3980    -42449.8810       311.6023           -362.2113      -260.2445    163189.0850         2.0201         1.5416

ENERGY: 1769000        74.4149       207.1520       153.8288         0.0000         -60262.9063      7326.6524         0.0000         0.0000      9897.4172         -42603.4410       310.2795    -52500.8582    -42579.7468       312.5874             14.5068        84.8605    161410.6263         5.0000         4.1793

WRITING COORDINATES TO DCD FILE 04_prod_1ns/prod_04.dcd AT STEP 1769000
ENERGY: 1769500        59.0164       211.9726       156.8335         0.0000         -60070.1377      7257.2054         0.0000         0.0000      9829.9374         -42555.1724       308.1641    -52385.1097    -42532.0886       309.4726           -134.9620       -44.2087    163726.0955        -9.4995       -10.1790

TIMING: 1770000  CPU: 38.5789, 0.0019167/step  Wall: 38.0872, 0.0018961/step, 0.252814 hours remaining, 0.000000 MB of memory in use.
PERFORMANCE: 1770000  averaging 90.8528 ns/day, 0.00190198 sec/step with standard deviation 8.36069e-06
ETITLE:      TS           BOND          ANGLE          DIHED          IMPRP               ELECT            VDW       BOUNDARY           MISC        KINETIC               TOTAL           TEMP      POTENTIAL         TOTAL3        TEMPAVG            PRESSURE      GPRESSURE         VOLUME       PRESSAVG      GPRESSAVG

ENERGY: 1770000        61.6661       203.5079       151.3193         0.0000         -60017.8512      7153.4566         0.0000         0.0000      9872.3350         -42575.5663       309.4932    -52447.9013    -42554.5845       311.5250           -237.7645      -172.0384    163103.0912         1.5867         3.0518

WRITING EXTENDED SYSTEM TO RESTART FILE AT STEP 1770000
WRITING COORDINATES TO DCD FILE 04_prod_1ns/prod_04.dcd AT STEP 1770000
WRITING COORDINATES TO RESTART FILE AT STEP 1770000
FINISHED WRITING RESTART COORDINATES
WRITING VELOCITIES TO RESTART FILE AT STEP 1770000
FINISHED WRITING RESTART VELOCITIES
The last velocity output (seq=1770000) takes 0.033 seconds, 0.000 MB of memory in use
LDB: ============= START OF LOAD BALANCING ============== 38.9966
LDB: ============== END OF LOAD BALANCING =============== 38.9972
Info: useSync: 0 useProxySync: 0
LDB: =============== DONE WITH MIGRATION ================ 38.9977
LDB: ============= START OF LOAD BALANCING ============== 39.0904
LDB: TIME 39.0908 LOAD: AVG 0.0265444 MAX 0.0449308  PROXIES: TOTAL 128 MAXPE 16 MAXPATCH 4 None MEM: 0 MB
LDB: TIME 39.091 LOAD: AVG 0.0265444 MAX 0.0449308  PROXIES: TOTAL 128 MAXPE 16 MAXPATCH 4 RefineTorusLB MEM: 0 MB
LDB: TIME 39.0912 LOAD: AVG 0.0265444 MAX 0.0449308  PROXIES: TOTAL 128 MAXPE 16 MAXPATCH 4 RefineTorusLB MEM: 0 MB
LDB: ============== END OF LOAD BALANCING =============== 39.0914
Info: useSync: 0 useProxySync: 0
LDB: =============== DONE WITH MIGRATION ================ 39.0919
ENERGY: 1770500        63.1192       187.8441       147.3080         0.0000         -60164.9883      7373.0466         0.0000         0.0000      9954.0354         -42439.6351       312.0545    -52393.6705    -42415.1145       311.6892            175.6239       270.1486    161859.5043         1.1596         1.2439

ENERGY: 1771000        82.7266       202.2353       148.8401         0.0000         -60184.1238      7188.7450         0.0000         0.0000      9962.9586         -42598.6182       312.3342    -52561.5768    -42576.3508       311.2682           -213.4023      -136.5136    161682.9599        11.0278        10.4709

WRITING COORDINATES TO DCD FILE 04_prod_1ns/prod_04.dcd AT STEP 1771000
ENERGY: 1771500        78.7493       212.3321       158.5901         0.0000         -59782.1923      7011.7459         0.0000         0.0000      9843.5284         -42477.2465       308.5901    -52320.7749    -42455.7378       310.4177           -491.8713      -439.4774    162864.8766         6.6293         6.4569

ENERGY: 1772000        63.1631       179.0736       156.4416         0.0000         -60276.6612      7291.9880         0.0000         0.0000     10016.6962         -42569.2987       314.0189    -52585.9949    -42549.2478       313.5310            -33.2238        52.7242    161779.7718        -1.7395        -1.7488

WRITING COORDINATES TO DCD FILE 04_prod_1ns/prod_04.dcd AT STEP 1772000
LDB: ============= START OF LOAD BALANCING ============== 42.7358
LDB: ============== END OF LOAD BALANCING =============== 42.7362
Info: useSync: 0 useProxySync: 0
LDB: =============== DONE WITH MIGRATION ================ 42.7367
LDB: ============= START OF LOAD BALANCING ============== 42.831
LDB: TIME 42.8313 LOAD: AVG 0.0264355 MAX 0.0522221  PROXIES: TOTAL 128 MAXPE 16 MAXPATCH 4 None MEM: 0 MB
LDB: TIME 42.8316 LOAD: AVG 0.0264355 MAX 0.0522221  PROXIES: TOTAL 128 MAXPE 16 MAXPATCH 4 RefineTorusLB MEM: 0 MB
LDB: TIME 42.8317 LOAD: AVG 0.0264355 MAX 0.0522221  PROXIES: TOTAL 128 MAXPE 16 MAXPATCH 4 RefineTorusLB MEM: 0 MB
LDB: Reverting to original mapping
LDB: ============== END OF LOAD BALANCING =============== 42.8321
Info: useSync: 0 useProxySync: 0
LDB: =============== DONE WITH MIGRATION ================ 42.8326
ENERGY: 1772500        72.0980       198.3647       153.2875         0.0000         -60025.5041      7267.9521         0.0000         0.0000      9955.1154         -42378.6864       312.0883    -52333.8018    -42353.2321       312.8133           -109.4349       -40.3820    163705.8409        -4.9962        -5.1903

ENERGY: 1773000        79.9234       198.9780       144.0994         0.0000         -59878.6796      7267.5557         0.0000         0.0000      9959.6677         -42228.4555       312.2310    -52188.1232    -42209.1629       313.2192            -69.0576        17.5140    162897.4490        -4.8810        -5.1493

WRITING COORDINATES TO DCD FILE 04_prod_1ns/prod_04.dcd AT STEP 1773000
ENERGY: 1773500        79.5893       196.7293       149.0862         0.0000         -59959.5070      7201.8593         0.0000         0.0000      9891.3047         -42440.9382       310.0879    -52332.2429    -42418.0965       313.6069           -257.7165      -167.5395    163736.7813         0.4010         0.6870

ENERGY: 1774000        74.4405       192.0722       147.0545         0.0000         -60324.1585      7321.7169         0.0000         0.0000      9948.0726         -42640.8018       311.8675    -52588.8744    -42618.3714       310.8531            -80.3688        -4.4117    162301.2749        -8.2521        -8.8759

WRITING COORDINATES TO DCD FILE 04_prod_1ns/prod_04.dcd AT STEP 1774000
LDB: ============= START OF LOAD BALANCING ============== 46.4747
LDB: ============== END OF LOAD BALANCING =============== 46.4751
Info: useSync: 0 useProxySync: 0
LDB: =============== DONE WITH MIGRATION ================ 46.4756
LDB: ============= START OF LOAD BALANCING ============== 46.5716
LDB: TIME 46.572 LOAD: AVG 0.0265611 MAX 0.0531465  PROXIES: TOTAL 128 MAXPE 16 MAXPATCH 4 None MEM: 0 MB
LDB: TIME 46.5722 LOAD: AVG 0.0265611 MAX 0.0531465  PROXIES: TOTAL 128 MAXPE 16 MAXPATCH 4 RefineTorusLB MEM: 0 MB
LDB: TIME 46.5725 LOAD: AVG 0.0265611 MAX 0.0531465  PROXIES: TOTAL 128 MAXPE 16 MAXPATCH 4 RefineTorusLB MEM: 0 MB
LDB: ============== END OF LOAD BALANCING =============== 46.5728
Info: useSync: 0 useProxySync: 0
LDB: =============== DONE WITH MIGRATION ================ 46.5734
ENERGY: 1774500        80.5027       198.7446       149.7453         0.0000         -60371.4654      7458.9388         0.0000         0.0000      9801.1921         -42682.3419       307.2629    -52483.5340    -42660.2042       310.9862            142.8231       234.1662    162348.4918        10.5205        10.1455

TIMING: 1775000  CPU: 48.1662, 0.00191744/step  Wall: 47.5633, 0.00189523/step, 0.250065 hours remaining, 0.000000 MB of memory in use.
PERFORMANCE: 1775000  averaging 90.9173 ns/day, 0.00190063 sec/step with standard deviation 7.84477e-06
ETITLE:      TS           BOND          ANGLE          DIHED          IMPRP               ELECT            VDW       BOUNDARY           MISC        KINETIC               TOTAL           TEMP      POTENTIAL         TOTAL3        TEMPAVG            PRESSURE      GPRESSURE         VOLUME       PRESSAVG      GPRESSAVG

ENERGY: 1775000        63.6947       184.7227       152.2635         0.0000         -60459.5653      7276.3079         0.0000         0.0000      9954.9218         -42827.6548       312.0823    -52782.5766    -42807.9793       308.5232           -294.1652      -229.9893    162977.5518         2.9729         3.6820

WRITING EXTENDED SYSTEM TO RESTART FILE AT STEP 1775000
WRITING COORDINATES TO DCD FILE 04_prod_1ns/prod_04.dcd AT STEP 1775000
WRITING COORDINATES TO RESTART FILE AT STEP 1775000
FINISHED WRITING RESTART COORDINATES
WRITING VELOCITIES TO RESTART FILE AT STEP 1775000
FINISHED WRITING RESTART VELOCITIES
The last velocity output (seq=1775000) takes 0.033 seconds, 0.000 MB of memory in use
ENERGY: 1775500        72.2206       204.1328       147.6648         0.0000         -60549.5567      7351.3346         0.0000         0.0000      9801.5906         -42972.6134       307.2754    -52774.2039    -42952.9974       307.4614           -150.4258       -84.6471    162413.5577        -0.6701        -1.0827

ENERGY: 1776000        68.5274       190.5241       145.2332         0.0000         -60299.2411      7195.7838         0.0000         0.0000      9809.3451         -42889.8274       307.5185    -52699.1725    -42871.9098       307.1015           -222.8638      -123.0623    162562.6253         0.5916         0.1147

WRITING COORDINATES TO DCD FILE 04_prod_1ns/prod_04.dcd AT STEP 1776000
LDB: ============= START OF LOAD BALANCING ============== 50.3543
LDB: ============== END OF LOAD BALANCING =============== 50.3546
Info: useSync: 0 useProxySync: 0
LDB: =============== DONE WITH MIGRATION ================ 50.3584
LDB: ============= START OF LOAD BALANCING ============== 50.4512
LDB: TIME 50.4528 LOAD: AVG 0.0271431 MAX 0.0458887  PROXIES: TOTAL 128 MAXPE 16 MAXPATCH 4 None MEM: 0 MB
LDB: TIME 50.4533 LOAD: AVG 0.0271431 MAX 0.0458887  PROXIES: TOTAL 128 MAXPE 16 MAXPATCH 4 RefineTorusLB MEM: 0 MB
LDB: TIME 50.4537 LOAD: AVG 0.0271431 MAX 0.0458887  PROXIES: TOTAL 128 MAXPE 16 MAXPATCH 4 RefineTorusLB MEM: 0 MB
LDB: ============== END OF LOAD BALANCING =============== 50.4539
Info: useSync: 0 useProxySync: 0
LDB: =============== DONE WITH MIGRATION ================ 50.4546
ENERGY: 1776500        68.4861       219.6793       150.9308         0.0000         -60248.4606      7222.5503         0.0000         0.0000      9879.4695         -42707.3445       309.7169    -52586.8140    -42689.5247       309.1758           -207.6303      -126.2182    161515.5488        -2.0261        -2.4723

ENERGY: 1777000        69.0591       179.2437       144.8167         0.0000         -60615.8209      7503.8543         0.0000         0.0000      9992.6395         -42726.2076       313.2647    -52718.8472    -42710.6093       311.4081            183.9551       307.8630    162091.3198       -13.4014       -13.0085

WRITING COORDINATES TO DCD FILE 04_prod_1ns/prod_04.dcd AT STEP 1777000
ENERGY: 1777500        70.3750       201.8759       150.8553         0.0000         -60439.3556      7237.6680         0.0000         0.0000      9895.0041         -42883.5774       310.2039    -52778.5815    -42862.1683       310.0998           -359.7274      -254.6602    161527.8578        12.5695        12.1054

ENERGY: 1778000        64.4838       193.0903       144.3399         0.0000         -60386.0631      7281.9157         0.0000         0.0000      9966.2932         -42735.9401       312.4388    -52702.2334    -42715.0026       309.0019           -130.8490       -24.0191    161814.0154         4.0981         4.5465

WRITING COORDINATES TO DCD FILE 04_prod_1ns/prod_04.dcd AT STEP 1778000
LDB: ============= START OF LOAD BALANCING ============== 54.1368
LDB: ============== END OF LOAD BALANCING =============== 54.1372
Info: useSync: 0 useProxySync: 0
LDB: =============== DONE WITH MIGRATION ================ 54.1376
LDB: ============= START OF LOAD BALANCING ============== 54.2313
LDB: TIME 54.2317 LOAD: AVG 0.0262268 MAX 0.0458173  PROXIES: TOTAL 128 MAXPE 16 MAXPATCH 4 None MEM: 0 MB
LDB: TIME 54.232 LOAD: AVG 0.0262268 MAX 0.0458173  PROXIES: TOTAL 128 MAXPE 16 MAXPATCH 4 RefineTorusLB MEM: 0 MB
LDB: TIME 54.2322 LOAD: AVG 0.0262268 MAX 0.0458173  PROXIES: TOTAL 128 MAXPE 16 MAXPATCH 4 RefineTorusLB MEM: 0 MB
LDB: Reverting to original mapping
LDB: ============== END OF LOAD BALANCING =============== 54.2326
Info: useSync: 0 useProxySync: 0
LDB: =============== DONE WITH MIGRATION ================ 54.2331
ENERGY: 1778500        73.0788       191.9730       157.6261         0.0000         -60676.6954      7467.6556         0.0000         0.0000      9786.1484         -43000.2135       306.7913    -52786.3620    -42984.4576       308.7850             77.1261       148.4185    161724.1452        -2.8592        -2.7107

ENERGY: 1779000        62.4794       197.7710       148.1199         0.0000         -60743.1058      7549.0514         0.0000         0.0000      9833.2872         -42952.3969       308.2691    -52785.6841    -42932.1101       307.1801            176.8470       261.5476    162299.8612         8.1497         7.8746

WRITING COORDINATES TO DCD FILE 04_prod_1ns/prod_04.dcd AT STEP 1779000
ENERGY: 1779500        78.0113       198.2433       152.5780         0.0000         -60862.2485      7571.4188         0.0000         0.0000      9932.4619         -42929.5351       311.3782    -52861.9971    -42913.7679       307.0247             36.0237       124.2233    162236.6177        -4.2138        -4.2141

TIMING: 1780000  CPU: 57.7702, 0.00192082/step  Wall: 57.1168, 0.0019107/step, 0.249452 hours remaining, 0.000000 MB of memory in use.
PERFORMANCE: 1780000  averaging 90.8371 ns/day, 0.00190231 sec/step with standard deviation 8.13178e-06
ETITLE:      TS           BOND          ANGLE          DIHED          IMPRP               ELECT            VDW       BOUNDARY           MISC        KINETIC               TOTAL           TEMP      POTENTIAL         TOTAL3        TEMPAVG            PRESSURE      GPRESSURE         VOLUME       PRESSAVG      GPRESSAVG

ENERGY: 1780000        69.8150       193.2678       143.9002         0.0000         -60461.3847      7337.4572         0.0000         0.0000      9912.2088         -42804.7357       310.7432    -52716.9445    -42777.8152       308.7774           -163.5842       -63.8540    162238.4823         6.1598         5.2317

WRITING EXTENDED SYSTEM TO RESTART FILE AT STEP 1780000
WRITING COORDINATES TO DCD FILE 04_prod_1ns/prod_04.dcd AT STEP 1780000
WRITING COORDINATES TO RESTART FILE AT STEP 1780000
FINISHED WRITING RESTART COORDINATES
WRITING VELOCITIES TO RESTART FILE AT STEP 1780000
FINISHED WRITING RESTART VELOCITIES
LDB: ============= START OF LOAD BALANCING ============== 58.0271
LDB: ============== END OF LOAD BALANCING =============== 58.0274
Info: useSync: 0 useProxySync: 0
LDB: =============== DONE WITH MIGRATION ================ 58.0279
LDB: ============= START OF LOAD BALANCING ============== 58.1226
LDB: TIME 58.123 LOAD: AVG 0.0266078 MAX 0.0484734  PROXIES: TOTAL 128 MAXPE 16 MAXPATCH 4 None MEM: 0 MB
LDB: TIME 58.1233 LOAD: AVG 0.0266078 MAX 0.0484734  PROXIES: TOTAL 128 MAXPE 16 MAXPATCH 4 RefineTorusLB MEM: 0 MB
LDB: TIME 58.1235 LOAD: AVG 0.0266078 MAX 0.0484734  PROXIES: TOTAL 128 MAXPE 16 MAXPATCH 4 RefineTorusLB MEM: 0 MB
LDB: Reverting to original mapping
LDB: ============== END OF LOAD BALANCING =============== 58.1241
Info: useSync: 0 useProxySync: 0
LDB: =============== DONE WITH MIGRATION ================ 58.1247
ENERGY: 1780500        77.4246       209.0811       151.3657         0.0000         -60684.9736      7522.2948         0.0000         0.0000      9744.6500         -42980.1575       305.4903    -52724.8075    -42959.2718       308.7054             -2.2101        76.6509    162788.2374         5.1288         5.2454

ENERGY: 1781000        69.1017       206.6485       150.6043         0.0000         -60706.6343      7411.3789         0.0000         0.0000      9938.3103         -42930.5907       311.5615    -52868.9010    -42911.5906       307.7381            -26.0721        73.1066    161925.9941        11.6098        13.6469

WRITING COORDINATES TO DCD FILE 04_prod_1ns/prod_04.dcd AT STEP 1781000
ENERGY: 1781500        64.4551       220.7731       149.2801         0.0000         -60312.0676      7235.0168         0.0000         0.0000      9862.9477         -42779.5949       309.1989    -52642.5426    -42748.3542       308.0796           -214.2249      -119.3917    161893.7730        -4.1162        -3.3609

ENERGY: 1782000        65.0027       211.5299       146.1662         0.0000         -60419.6994      7387.1912         0.0000         0.0000      9881.1497         -42728.6596       309.7695    -52609.8093    -42705.5551       309.6784            -48.5178        65.9347    162789.9100         0.7873         0.7030

WRITING COORDINATES TO DCD FILE 04_prod_1ns/prod_04.dcd AT STEP 1782000
LDB: ============= START OF LOAD BALANCING ============== 61.7767
LDB: ============== END OF LOAD BALANCING =============== 61.777
Info: useSync: 0 useProxySync: 0
LDB: =============== DONE WITH MIGRATION ================ 61.7776
LDB: ============= START OF LOAD BALANCING ============== 61.8733
LDB: TIME 61.8737 LOAD: AVG 0.0263467 MAX 0.0488147  PROXIES: TOTAL 128 MAXPE 16 MAXPATCH 4 None MEM: 0 MB
LDB: TIME 61.8738 LOAD: AVG 0.0263467 MAX 0.0488147  PROXIES: TOTAL 128 MAXPE 16 MAXPATCH 4 RefineTorusLB MEM: 0 MB
LDB: TIME 61.874 LOAD: AVG 0.0263467 MAX 0.0488147  PROXIES: TOTAL 128 MAXPE 16 MAXPATCH 4 RefineTorusLB MEM: 0 MB
LDB: ============== END OF LOAD BALANCING =============== 61.8742
Info: useSync: 0 useProxySync: 0
LDB: =============== DONE WITH MIGRATION ================ 61.8748
ENERGY: 1782500        66.4446       208.9053       145.1939         0.0000         -60351.3500      7290.8692         0.0000         0.0000      9868.0858         -42771.8512       309.3600    -52639.9370    -42749.7369       309.3982            -65.5997        21.8704    162218.9176        -8.2651        -8.1796

ENERGY: 1783000        78.2235       184.0278       146.1757         0.0000         -60333.0387      7439.3054         0.0000         0.0000      9869.1039         -42616.2025       309.3919    -52485.3064    -42594.9648       310.0807            205.6016       283.8756    161734.1178         6.5126         6.3896

WRITING COORDINATES TO DCD FILE 04_prod_1ns/prod_04.dcd AT STEP 1783000
ENERGY: 1783500        71.3555       203.1237       148.3782         0.0000         -60540.8714      7498.2816         0.0000         0.0000     10033.9677         -42585.7648       314.5603    -52619.7324    -42561.9407       311.7009            395.2620       469.5598    161178.5326        -7.5647        -6.6033

WRITING COORDINATES TO DCD FILE 04_prod_1ns/prod_04.dcd AT STEP 1784000
ENERGY: 1784000        82.3540       205.3566       151.1601         0.0000         -60059.6190      7136.7438         0.0000         0.0000      9775.1387         -42708.8659       306.4461    -52484.0045    -42683.5926       309.8317           -518.5778      -404.2055    163514.3413       -10.4717       -10.2482

LDB: ============= START OF LOAD BALANCING ============== 65.5266
LDB: ============== END OF LOAD BALANCING =============== 65.5269
Info: useSync: 0 useProxySync: 0
LDB: =============== DONE WITH MIGRATION ================ 65.5276
LDB: ============= START OF LOAD BALANCING ============== 65.6226
LDB: TIME 65.623 LOAD: AVG 0.0265733 MAX 0.0522871  PROXIES: TOTAL 128 MAXPE 16 MAXPATCH 4 None MEM: 0 MB
LDB: TIME 65.6233 LOAD: AVG 0.0265733 MAX 0.0522871  PROXIES: TOTAL 128 MAXPE 16 MAXPATCH 4 RefineTorusLB MEM: 0 MB
LDB: TIME 65.6235 LOAD: AVG 0.0265733 MAX 0.0522871  PROXIES: TOTAL 128 MAXPE 16 MAXPATCH 4 RefineTorusLB MEM: 0 MB
LDB: Reverting to original mapping
LDB: ============== END OF LOAD BALANCING =============== 65.6239
Info: useSync: 0 useProxySync: 0
LDB: =============== DONE WITH MIGRATION ================ 65.6246
ENERGY: 1784500        87.9633       172.7570       146.8791         0.0000         -60353.3484      7213.6667         0.0000         0.0000      9913.3271         -42818.7552       310.7783    -52732.0823    -42799.4575       309.7589           -286.0351      -181.4650    161779.3447         4.4270         4.3003

WRITING COORDINATES TO DCD FILE 04_prod_1ns/prod_04.dcd AT STEP 1785000
WRITING COORDINATES TO RESTART FILE AT STEP 1785000
FINISHED WRITING RESTART COORDINATES
WRITING VELOCITIES TO RESTART FILE AT STEP 1785000
FINISHED WRITING RESTART VELOCITIES
TIMING: 1785000  CPU: 67.3617, 0.00191829/step  Wall: 66.6955, 0.00191573/step, 0.247449 hours remaining, 0.000000 MB of memory in use.
PERFORMANCE: 1785000  averaging 90.7456 ns/day, 0.00190422 sec/step with standard deviation 8.99171e-06
ETITLE:      TS           BOND          ANGLE          DIHED          IMPRP               ELECT            VDW       BOUNDARY           MISC        KINETIC               TOTAL           TEMP      POTENTIAL         TOTAL3        TEMPAVG            PRESSURE      GPRESSURE         VOLUME       PRESSAVG      GPRESSAVG

ENERGY: 1785000        74.4030       198.5356       150.0625         0.0000         -60448.2011      7494.2248         0.0000         0.0000      9839.0010         -42691.9742       308.4482    -52530.9752    -42670.9010       308.7870            216.9707       333.3073    161674.3846        -4.7869        -4.4320

WRITING EXTENDED SYSTEM TO RESTART FILE AT STEP 1785000
ENERGY: 1785500        64.2028       195.8901       144.0773         0.0000         -60326.8442      7326.9829         0.0000         0.0000      9956.0575         -42639.6337       312.1179    -52595.6912    -42619.5095       310.1933            -17.2567        84.7920    162233.9365        -4.8697        -5.0655

ENERGY: 1786000        79.5155       198.2931       154.4421         0.0000         -60238.6088      7231.6955         0.0000         0.0000      9992.2741         -42582.3885       313.2532    -52574.6626    -42561.8540       310.7035           -305.1236      -237.9836    163337.0470        -4.1715        -4.4840

WRITING COORDINATES TO DCD FILE 04_prod_1ns/prod_04.dcd AT STEP 1786000
LDB: ============= START OF LOAD BALANCING ============== 69.3812
LDB: ============== END OF LOAD BALANCING =============== 69.3815
Info: useSync: 0 useProxySync: 0
LDB: =============== DONE WITH MIGRATION ================ 69.382
LDB: ============= START OF LOAD BALANCING ============== 69.4738
LDB: TIME 69.4742 LOAD: AVG 0.025925 MAX 0.0460804  PROXIES: TOTAL 128 MAXPE 16 MAXPATCH 4 None MEM: 0 MB
LDB: TIME 69.4744 LOAD: AVG 0.025925 MAX 0.0460804  PROXIES: TOTAL 128 MAXPE 16 MAXPATCH 4 RefineTorusLB MEM: 0 MB
LDB: TIME 69.4745 LOAD: AVG 0.025925 MAX 0.0460804  PROXIES: TOTAL 128 MAXPE 16 MAXPATCH 4 RefineTorusLB MEM: 0 MB
LDB: ============== END OF LOAD BALANCING =============== 69.4747
Info: useSync: 0 useProxySync: 0
LDB: =============== DONE WITH MIGRATION ================ 69.4752
ENERGY: 1786500        81.3096       212.0056       156.4949         0.0000         -60589.7002      7486.4155         0.0000         0.0000      9880.0315         -42773.4431       309.7345    -52653.4746    -42751.1216       309.1479             17.1241       114.5891    162566.9850        -3.0868        -3.1528

ENERGY: 1787000        77.5720       205.0415       153.8635         0.0000         -60419.7420      7294.9026         0.0000         0.0000      9965.6213         -42722.7412       312.4177    -52688.3624    -42698.7303       309.2598           -191.2288      -114.1524    162742.7221         0.3438        -0.0557

WRITING COORDINATES TO DCD FILE 04_prod_1ns/prod_04.dcd AT STEP 1787000
ENERGY: 1787500        72.4991       205.6317       154.2900         0.0000         -60086.7498      7268.6374         0.0000         0.0000      9865.7639         -42519.9277       309.2872    -52385.6916    -42494.9666       311.2211            -83.3971        -2.5694    162816.2456         2.3845         3.2353

WRITING COORDINATES TO DCD FILE 04_prod_1ns/prod_04.dcd AT STEP 1788000
ENERGY: 1788000        75.7573       191.4191       141.8341         0.0000         -60259.2979      7363.9446         0.0000         0.0000      9891.0423         -42595.3006       310.0797    -52486.3429    -42570.2885       310.8501            126.3023       212.9778    162220.0022         3.0872         2.7820

LDB: ============= START OF LOAD BALANCING ============== 73.1084
LDB: ============== END OF LOAD BALANCING =============== 73.1088
Info: useSync: 0 useProxySync: 0
LDB: =============== DONE WITH MIGRATION ================ 73.1093
LDB: ============= START OF LOAD BALANCING ============== 73.2014
LDB: TIME 73.2018 LOAD: AVG 0.0268962 MAX 0.0483595  PROXIES: TOTAL 128 MAXPE 16 MAXPATCH 4 None MEM: 0 MB
LDB: TIME 73.2021 LOAD: AVG 0.0268962 MAX 0.0483595  PROXIES: TOTAL 128 MAXPE 16 MAXPATCH 4 RefineTorusLB MEM: 0 MB
LDB: TIME 73.2023 LOAD: AVG 0.0268962 MAX 0.0483595  PROXIES: TOTAL 128 MAXPE 16 MAXPATCH 4 RefineTorusLB MEM: 0 MB
LDB: Reverting to original mapping
LDB: ============== END OF LOAD BALANCING =============== 73.2028
Info: useSync: 0 useProxySync: 0
LDB: =============== DONE WITH MIGRATION ================ 73.2035
ENERGY: 1788500        71.0980       198.8435       138.7384         0.0000         -60176.0615      7239.3803         0.0000         0.0000     10058.2032         -42469.7981       315.3201    -52528.0013    -42447.7631       311.3309             -5.2294        52.7714    161487.0246        10.9894        10.7554

ENERGY: 1789000        75.5561       194.4054       153.6266         0.0000         -60280.7723      7245.8353         0.0000         0.0000     10072.8905         -42538.4584       315.7805    -52611.3489    -42517.2026       311.4126           -168.4955       -86.2650    161721.0940        10.6682         8.8788

WRITING COORDINATES TO DCD FILE 04_prod_1ns/prod_04.dcd AT STEP 1789000
ENERGY: 1789500        71.2439       202.1399       150.3324         0.0000         -60451.3500      7476.3079         0.0000         0.0000      9847.6386         -42703.6872       308.7190    -52551.3258    -42684.7341       311.4327            222.4141       312.6281    161579.9453         3.2676         3.3894

TIMING: 1790000  CPU: 76.8938, 0.00190642/step  Wall: 76.0534, 0.00187159/step, 0.239148 hours remaining, 0.000000 MB of memory in use.
PERFORMANCE: 1790000  averaging 90.9404 ns/day, 0.00190014 sec/step with standard deviation 1.42267e-05
ETITLE:      TS           BOND          ANGLE          DIHED          IMPRP               ELECT            VDW       BOUNDARY           MISC        KINETIC               TOTAL           TEMP      POTENTIAL         TOTAL3        TEMPAVG            PRESSURE      GPRESSURE         VOLUME       PRESSAVG      GPRESSAVG

ENERGY: 1790000        75.4915       194.1905       150.4550         0.0000         -60463.5839      7472.2951         0.0000         0.0000      9778.8560         -42792.2958       306.5627    -52571.1518    -42769.9714       309.9655             67.2299       154.5928    162577.6117         5.0236         5.0488

WRITING EXTENDED SYSTEM TO RESTART FILE AT STEP 1790000
WRITING COORDINATES TO DCD FILE 04_prod_1ns/prod_04.dcd AT STEP 1790000
WRITING COORDINATES TO RESTART FILE AT STEP 1790000
FINISHED WRITING RESTART COORDINATES
WRITING VELOCITIES TO RESTART FILE AT STEP 1790000
FINISHED WRITING RESTART VELOCITIES
LDB: ============= START OF LOAD BALANCING ============== 76.9426
LDB: ============== END OF LOAD BALANCING =============== 76.943
Info: useSync: 0 useProxySync: 0
LDB: =============== DONE WITH MIGRATION ================ 76.9434
LDB: ============= START OF LOAD BALANCING ============== 77.0354
LDB: TIME 77.0357 LOAD: AVG 0.0257438 MAX 0.0470425  PROXIES: TOTAL 128 MAXPE 16 MAXPATCH 4 None MEM: 0 MB
LDB: TIME 77.036 LOAD: AVG 0.0257438 MAX 0.0470425  PROXIES: TOTAL 128 MAXPE 16 MAXPATCH 4 RefineTorusLB MEM: 0 MB
LDB: TIME 77.0362 LOAD: AVG 0.0257438 MAX 0.0470425  PROXIES: TOTAL 128 MAXPE 16 MAXPATCH 4 RefineTorusLB MEM: 0 MB
LDB: ============== END OF LOAD BALANCING =============== 77.0363
Info: useSync: 0 useProxySync: 0
LDB: =============== DONE WITH MIGRATION ================ 77.0368
ENERGY: 1790500        68.4114       223.9052       147.5421         0.0000         -60582.3672      7523.5570         0.0000         0.0000      9789.2735         -42829.6780       306.8893    -52618.9515    -42805.6754       307.8581            322.6531       412.5097    161960.2022         2.4656         2.4384

ENERGY: 1791000        75.8579       180.1734       144.5643         0.0000         -60223.5048      7199.3241         0.0000         0.0000      9825.8817         -42797.7034       308.0369    -52623.5851    -42770.0935       307.8273           -320.4550      -230.3085    162282.2377        -3.7304        -4.1300

WRITING COORDINATES TO DCD FILE 04_prod_1ns/prod_04.dcd AT STEP 1791000
ENERGY: 1791500        73.3128       201.6401       136.1615         0.0000         -60044.3260      7191.5462         0.0000         0.0000      9951.6517         -42490.0137       311.9798    -52441.6654    -42468.4008       309.5189           -107.7001       -13.5437    162220.4092        -6.4299        -6.0882

ENERGY: 1792000        60.4638       187.1960       144.9190         0.0000         -60275.8709      7326.2016         0.0000         0.0000      9823.2654         -42733.8251       307.9549    -52557.0905    -42716.5857       311.3087            -70.7488         1.0146    162536.7874         8.4514         8.4479

WRITING COORDINATES TO DCD FILE 04_prod_1ns/prod_04.dcd AT STEP 1792000
LDB: ============= START OF LOAD BALANCING ============== 80.6877
LDB: ============== END OF LOAD BALANCING =============== 80.6881
Info: useSync: 0 useProxySync: 0
LDB: =============== DONE WITH MIGRATION ================ 80.6886
LDB: ============= START OF LOAD BALANCING ============== 80.7821
LDB: TIME 80.7825 LOAD: AVG 0.0269153 MAX 0.0511543  PROXIES: TOTAL 128 MAXPE 16 MAXPATCH 4 None MEM: 0 MB
LDB: TIME 80.7828 LOAD: AVG 0.0269153 MAX 0.0511543  PROXIES: TOTAL 128 MAXPE 16 MAXPATCH 4 RefineTorusLB MEM: 0 MB
LDB: TIME 80.7831 LOAD: AVG 0.0269153 MAX 0.0511543  PROXIES: TOTAL 128 MAXPE 16 MAXPATCH 4 RefineTorusLB MEM: 0 MB
LDB: ============== END OF LOAD BALANCING =============== 80.7833
Info: useSync: 0 useProxySync: 0
LDB: =============== DONE WITH MIGRATION ================ 80.7841
ENERGY: 1792500        70.4735       208.7262       144.1696         0.0000         -60280.8997      7400.5972         0.0000         0.0000      9824.8914         -42632.0418       308.0059    -52456.9333    -42606.5840       309.5393            148.5600       240.7909    162236.2672         5.1387         5.0808

ENERGY: 1793000        72.0196       169.0902       138.7727         0.0000         -60346.4658      7396.2085         0.0000         0.0000      9890.7259         -42679.6489       310.0698    -52570.3748    -42650.2505       310.0937            -24.3410        31.6571    162598.6794         0.9411         0.5717

WRITING COORDINATES TO DCD FILE 04_prod_1ns/prod_04.dcd AT STEP 1793000
ENERGY: 1793500        69.9993       194.7021       141.0194         0.0000         -60397.8234      7451.9039         0.0000         0.0000      9824.3590         -42715.8397       307.9892    -52540.1988    -42693.3663       309.9049             19.5301       108.1114    162988.5785         0.2733        -0.1031

ENERGY: 1794000        78.4035       200.2967       137.0821         0.0000         -60220.9082      7256.5360         0.0000         0.0000      9840.4867         -42708.1033       308.4948    -52548.5900    -42682.4972       308.5305           -128.9625       -55.1193    162523.2490        -0.7713        -0.4471

WRITING COORDINATES TO DCD FILE 04_prod_1ns/prod_04.dcd AT STEP 1794000
LDB: ============= START OF LOAD BALANCING ============== 84.4802
LDB: ============== END OF LOAD BALANCING =============== 84.4805
Info: useSync: 0 useProxySync: 0
LDB: =============== DONE WITH MIGRATION ================ 84.481
LDB: ============= START OF LOAD BALANCING ============== 84.5749
LDB: TIME 84.5753 LOAD: AVG 0.0265129 MAX 0.0467676  PROXIES: TOTAL 128 MAXPE 16 MAXPATCH 4 None MEM: 0 MB
LDB: TIME 84.5756 LOAD: AVG 0.0265129 MAX 0.0467676  PROXIES: TOTAL 128 MAXPE 16 MAXPATCH 4 RefineTorusLB MEM: 0 MB
LDB: TIME 84.5758 LOAD: AVG 0.0265129 MAX 0.0467676  PROXIES: TOTAL 128 MAXPE 16 MAXPATCH 4 RefineTorusLB MEM: 0 MB
LDB: ============== END OF LOAD BALANCING =============== 84.5761
Info: useSync: 0 useProxySync: 0
LDB: =============== DONE WITH MIGRATION ================ 84.5768
ENERGY: 1794500        86.1997       185.0765       148.0388         0.0000         -60562.9210      7432.4743         0.0000         0.0000      9931.7497         -42779.3821       311.3558    -52711.1318    -42754.0145       309.9416            -94.3583        -9.4817    162587.6937        -0.0194         0.4167

TIMING: 1795000  CPU: 86.4352, 0.00190828/step  Wall: 85.5974, 0.00190879/step, 0.24125 hours remaining, 0.000000 MB of memory in use.
PERFORMANCE: 1795000  averaging 90.8945 ns/day, 0.00190111 sec/step with standard deviation 1.36162e-05
ETITLE:      TS           BOND          ANGLE          DIHED          IMPRP               ELECT            VDW       BOUNDARY           MISC        KINETIC               TOTAL           TEMP      POTENTIAL         TOTAL3        TEMPAVG            PRESSURE      GPRESSURE         VOLUME       PRESSAVG      GPRESSAVG

ENERGY: 1795000        81.2985       178.5160       151.6022         0.0000         -60365.0784      7212.5142         0.0000         0.0000      9830.3064         -42910.8410       308.1756    -52741.1474    -42886.0462       309.0017           -304.6955      -189.6771    162385.2804        12.3630        13.3768

WRITING EXTENDED SYSTEM TO RESTART FILE AT STEP 1795000
WRITING COORDINATES TO DCD FILE 04_prod_1ns/prod_04.dcd AT STEP 1795000
WRITING COORDINATES TO RESTART FILE AT STEP 1795000
FINISHED WRITING RESTART COORDINATES
WRITING VELOCITIES TO RESTART FILE AT STEP 1795000
FINISHED WRITING RESTART VELOCITIES
ENERGY: 1795500        79.9502       202.0749       138.6847         0.0000         -60369.0680      7308.9578         0.0000         0.0000      9735.2011         -42904.1992       305.1941    -52639.4003    -42883.2304       307.2800           -101.3462        -8.0224    162006.1479         6.4146         6.8681

ENERGY: 1796000        70.6682       211.3758       137.0571         0.0000         -60418.4930      7317.2297         0.0000         0.0000      9805.7162         -42876.4460       307.4047    -52682.1622    -42856.9491       308.7647           -123.2419       -15.3279    162190.4417         6.3290         6.0223

WRITING COORDINATES TO DCD FILE 04_prod_1ns/prod_04.dcd AT STEP 1796000
LDB: ============= START OF LOAD BALANCING ============== 88.4186
LDB: ============== END OF LOAD BALANCING =============== 88.419
Info: useSync: 0 useProxySync: 0
LDB: =============== DONE WITH MIGRATION ================ 88.4195
LDB: ============= START OF LOAD BALANCING ============== 88.5122
LDB: TIME 88.5126 LOAD: AVG 0.0270602 MAX 0.0473688  PROXIES: TOTAL 128 MAXPE 16 MAXPATCH 4 None MEM: 0 MB
LDB: TIME 88.5128 LOAD: AVG 0.0270602 MAX 0.0473688  PROXIES: TOTAL 128 MAXPE 16 MAXPATCH 4 RefineTorusLB MEM: 0 MB
LDB: TIME 88.5131 LOAD: AVG 0.0270602 MAX 0.0473688  PROXIES: TOTAL 128 MAXPE 16 MAXPATCH 4 RefineTorusLB MEM: 0 MB
LDB: Reverting to original mapping
LDB: ============== END OF LOAD BALANCING =============== 88.5135
Info: useSync: 0 useProxySync: 0
LDB: =============== DONE WITH MIGRATION ================ 88.5141
ENERGY: 1796500        73.4608       194.7482       147.5784         0.0000         -60663.3203      7444.8600         0.0000         0.0000      9971.8922         -42830.7807       312.6143    -52802.6729    -42812.3585       308.1298            260.0614       352.8047    160519.7128         4.4013         4.8241

ENERGY: 1797000        75.0511       195.0439       144.0908         0.0000         -60234.0033      7352.1596         0.0000         0.0000      9912.7016         -42554.9562       310.7587    -52467.6578    -42534.9101       309.8404            -52.0249        42.1385    163306.8223         5.1133         4.2517

WRITING COORDINATES TO DCD FILE 04_prod_1ns/prod_04.dcd AT STEP 1797000
ENERGY: 1797500        72.4097       194.3894       145.9800         0.0000         -60107.1850      7086.7540         0.0000         0.0000      9831.8077         -42775.8441       308.2227    -52607.6518    -42748.8001       309.9099           -443.7726      -333.1665    162122.9039        12.6707        12.5140

ENERGY: 1798000        72.6641       197.0372       148.5993         0.0000         -60454.8575      7463.9869         0.0000         0.0000      9875.3418         -42697.2282       309.5875    -52572.5701    -42675.8334       308.6393            223.3830       336.8137    161585.4106         5.6735         6.2926

WRITING COORDINATES TO DCD FILE 04_prod_1ns/prod_04.dcd AT STEP 1798000
LDB: ============= START OF LOAD BALANCING ============== 92.2186
LDB: ============== END OF LOAD BALANCING =============== 92.2189
Info: useSync: 0 useProxySync: 0
LDB: =============== DONE WITH MIGRATION ================ 92.2194
LDB: ============= START OF LOAD BALANCING ============== 92.3122
LDB: TIME 92.3126 LOAD: AVG 0.0267489 MAX 0.0483531  PROXIES: TOTAL 128 MAXPE 16 MAXPATCH 4 None MEM: 0 MB
LDB: TIME 92.3128 LOAD: AVG 0.0267489 MAX 0.0483531  PROXIES: TOTAL 128 MAXPE 16 MAXPATCH 4 RefineTorusLB MEM: 0 MB
LDB: TIME 92.313 LOAD: AVG 0.0267489 MAX 0.0483531  PROXIES: TOTAL 128 MAXPE 16 MAXPATCH 4 RefineTorusLB MEM: 0 MB
LDB: ============== END OF LOAD BALANCING =============== 92.3133
Info: useSync: 0 useProxySync: 0
LDB: =============== DONE WITH MIGRATION ================ 92.3139
ENERGY: 1798500        69.4272       197.9787       145.2011         0.0000         -60378.7414      7326.7470         0.0000         0.0000     10034.0188         -42605.3687       314.5619    -52639.3875    -42581.5323       309.7355             14.7367        83.2643    161165.1733        -4.9474        -4.7804

ENERGY: 1799000        84.6077       195.5543       139.3273         0.0000         -59987.9750      7090.0487         0.0000         0.0000      9812.8244         -42665.6125       307.6276    -52478.4369    -42639.1701       310.8100           -477.9397      -345.5219    162596.4760        -5.7419        -6.2158

WRITING COORDINATES TO DCD FILE 04_prod_1ns/prod_04.dcd AT STEP 1799000
ENERGY: 1799500        73.3186       216.1741       139.6172         0.0000         -60092.4631      7244.2461         0.0000         0.0000      9877.7259         -42541.3813       309.6622    -52419.1071    -42527.8102       311.0853           -154.5855       -54.3201    162741.2471         0.4756         0.5854

TIMING: 1800000  CPU: 96.0027, 0.00191349/step  Wall: 95.1919, 0.0019189/step, 0.239862 hours remaining, 0.000000 MB of memory in use.
PERFORMANCE: 1800000  averaging 90.8095 ns/day, 0.00190288 sec/step with standard deviation 1.40162e-05
ETITLE:      TS           BOND          ANGLE          DIHED          IMPRP               ELECT            VDW       BOUNDARY           MISC        KINETIC               TOTAL           TEMP      POTENTIAL         TOTAL3        TEMPAVG            PRESSURE      GPRESSURE         VOLUME       PRESSAVG      GPRESSAVG

ENERGY: 1800000        60.1615       196.0862       142.5257         0.0000         -60194.3378      7289.2238         0.0000         0.0000     10021.3375         -42485.0030       314.1644    -52506.3406    -42461.4868       312.0484            -38.0370        49.5289    162648.6580        -9.0378        -8.4088

WRITING EXTENDED SYSTEM TO RESTART FILE AT STEP 1800000
WRITING COORDINATES TO DCD FILE 04_prod_1ns/prod_04.dcd AT STEP 1800000
WRITING COORDINATES TO RESTART FILE AT STEP 1800000
FINISHED WRITING RESTART COORDINATES
WRITING VELOCITIES TO RESTART FILE AT STEP 1800000
FINISHED WRITING RESTART VELOCITIES
LDB: ============= START OF LOAD BALANCING ============== 96.1037
LDB: ============== END OF LOAD BALANCING =============== 96.104
Info: useSync: 0 useProxySync: 0
LDB: =============== DONE WITH MIGRATION ================ 96.1047
LDB: ============= START OF LOAD BALANCING ============== 96.1959
LDB: TIME 96.1963 LOAD: AVG 0.0253228 MAX 0.0442518  PROXIES: TOTAL 128 MAXPE 16 MAXPATCH 4 None MEM: 0 MB
LDB: TIME 96.1966 LOAD: AVG 0.0253228 MAX 0.0442518  PROXIES: TOTAL 128 MAXPE 16 MAXPATCH 4 RefineTorusLB MEM: 0 MB
LDB: TIME 96.1969 LOAD: AVG 0.0253228 MAX 0.0442518  PROXIES: TOTAL 128 MAXPE 16 MAXPATCH 4 RefineTorusLB MEM: 0 MB
LDB: ============== END OF LOAD BALANCING =============== 96.1971
Info: useSync: 0 useProxySync: 0
LDB: =============== DONE WITH MIGRATION ================ 96.1978
ENERGY: 1800500        73.9793       205.0881       145.3979         0.0000         -60167.4634      7297.6177         0.0000         0.0000      9967.0338         -42478.3466       312.4620    -52445.3804    -42458.3234       311.5560            -78.9383       -16.5154    162508.4755         1.4189         2.5126

ENERGY: 1801000        66.6520       209.1886       145.5124         0.0000         -59986.0935      7063.8916         0.0000         0.0000      9975.3764         -42525.4724       312.7235    -52500.8488    -42495.8366       312.2999           -260.8797      -182.6072    161575.1110        -3.9569        -3.9389

WRITING COORDINATES TO DCD FILE 04_prod_1ns/prod_04.dcd AT STEP 1801000
ENERGY: 1801500        80.3352       175.2432       146.3632         0.0000         -60604.0247      7495.7105         0.0000         0.0000      9956.9538         -42749.4189       312.1460    -52706.3727    -42726.2987       310.6739            120.2960       193.1273    161901.5404         4.7419         5.4298

ENERGY: 1802000        85.9255       193.2828       149.3490         0.0000         -60225.5486      7237.2763         0.0000         0.0000      9936.7105         -42623.0044       311.5114    -52559.7149    -42602.8443       309.5448           -272.4803      -156.6674    162001.2895        -0.7709        -2.4970

WRITING COORDINATES TO DCD FILE 04_prod_1ns/prod_04.dcd AT STEP 1802000
LDB: ============= START OF LOAD BALANCING ============== 99.8073
LDB: ============== END OF LOAD BALANCING =============== 99.8077
Info: useSync: 0 useProxySync: 0
LDB: =============== DONE WITH MIGRATION ================ 99.8081
LDB: ============= START OF LOAD BALANCING ============== 99.8969
LDB: TIME 99.8982 LOAD: AVG 0.0265468 MAX 0.0469328  PROXIES: TOTAL 128 MAXPE 16 MAXPATCH 4 None MEM: 0 MB
LDB: TIME 99.8986 LOAD: AVG 0.0265468 MAX 0.0469328  PROXIES: TOTAL 128 MAXPE 16 MAXPATCH 4 RefineTorusLB MEM: 0 MB
LDB: TIME 99.899 LOAD: AVG 0.0265468 MAX 0.0469328  PROXIES: TOTAL 128 MAXPE 16 MAXPATCH 4 RefineTorusLB MEM: 0 MB
LDB: ============== END OF LOAD BALANCING =============== 99.8994
Info: useSync: 0 useProxySync: 0
LDB: =============== DONE WITH MIGRATION ================ 99.9005
ENERGY: 1802500        78.9853       198.1217       143.5385         0.0000         -60085.8538      7208.5042         0.0000         0.0000      9950.8748         -42505.8293       311.9554    -52456.7041    -42483.2499       311.4451           -324.2005      -263.2823    163667.2025         8.1280         7.8552

ENERGY: 1803000        88.9721       192.7566       140.1957         0.0000         -60185.3270      7319.1081         0.0000         0.0000      9975.8577         -42468.4368       312.7386    -52444.2945    -42449.0174       311.8340           -348.6933      -225.1995    164016.3201         6.3479         6.2938

WRITING COORDINATES TO DCD FILE 04_prod_1ns/prod_04.dcd AT STEP 1803000
ENERGY: 1803500        83.6294       194.8783       153.0357         0.0000         -60318.3237      7428.4693         0.0000         0.0000     10043.2691         -42415.0419       314.8519    -52458.3110    -42390.2612       310.8096             24.5901        90.1159    162078.0167        -7.9707        -8.2335

ENERGY: 1804000        73.5980       179.4289       151.4870         0.0000         -60236.0031      7412.1870         0.0000         0.0000      9767.3083         -42651.9938       306.2007    -52419.3021    -42631.8123       310.7666            226.0198       285.0169    162516.0402        -2.7395        -3.3373

WRITING COORDINATES TO DCD FILE 04_prod_1ns/prod_04.dcd AT STEP 1804000
LDB: ============= START OF LOAD BALANCING ============== 103.427
LDB: ============== END OF LOAD BALANCING =============== 103.427
Info: useSync: 0 useProxySync: 0
LDB: =============== DONE WITH MIGRATION ================ 103.428
LDB: ============= START OF LOAD BALANCING ============== 103.518
LDB: TIME 103.519 LOAD: AVG 0.0250942 MAX 0.0500482  PROXIES: TOTAL 128 MAXPE 16 MAXPATCH 4 None MEM: 0 MB
LDB: TIME 103.519 LOAD: AVG 0.0250942 MAX 0.0500482  PROXIES: TOTAL 128 MAXPE 16 MAXPATCH 4 RefineTorusLB MEM: 0 MB
LDB: TIME 103.519 LOAD: AVG 0.0250942 MAX 0.0500482  PROXIES: TOTAL 128 MAXPE 16 MAXPATCH 4 RefineTorusLB MEM: 0 MB
LDB: ============== END OF LOAD BALANCING =============== 103.519
Info: useSync: 0 useProxySync: 0
LDB: =============== DONE WITH MIGRATION ================ 103.52
ENERGY: 1804500        74.8530       228.6199       147.6822         0.0000         -60256.7853      7308.9679         0.0000         0.0000      9907.8112         -42588.8511       310.6054    -52496.6623    -42569.2861       310.6477            -60.2432        26.5954    162996.6914        -2.1318        -1.0128

TIMING: 1805000  CPU: 105.564, 0.00191236/step  Wall: 104.441, 0.00184984/step, 0.228661 hours remaining, 0.000000 MB of memory in use.
PERFORMANCE: 1805000  averaging 91.0402 ns/day, 0.00189806 sec/step with standard deviation 2.07983e-05
ETITLE:      TS           BOND          ANGLE          DIHED          IMPRP               ELECT            VDW       BOUNDARY           MISC        KINETIC               TOTAL           TEMP      POTENTIAL         TOTAL3        TEMPAVG            PRESSURE      GPRESSURE         VOLUME       PRESSAVG      GPRESSAVG

ENERGY: 1805000        73.0584       198.1386       156.7820         0.0000         -60180.8643      7262.2778         0.0000         0.0000      9806.8199         -42683.7875       307.4393    -52490.6075    -42661.2193       310.6797           -185.9125       -99.5770    162333.5261       -10.1027        -9.5203

WRITING EXTENDED SYSTEM TO RESTART FILE AT STEP 1805000
WRITING COORDINATES TO DCD FILE 04_prod_1ns/prod_04.dcd AT STEP 1805000
WRITING COORDINATES TO RESTART FILE AT STEP 1805000
FINISHED WRITING RESTART COORDINATES
WRITING VELOCITIES TO RESTART FILE AT STEP 1805000
FINISHED WRITING RESTART VELOCITIES
ENERGY: 1805500        80.8316       207.7861       150.8535         0.0000         -60343.1230      7335.5683         0.0000         0.0000      9830.0257         -42738.0578       308.1668    -52568.0834    -42716.0208       309.6987           -181.6667       -62.9042    161565.2346         8.5943         7.6948

WRITING COORDINATES TO DCD FILE 04_prod_1ns/prod_04.dcd AT STEP 1806000
ENERGY: 1806000        75.2718       212.0393       164.1697         0.0000         -60180.7719      7157.9046         0.0000         0.0000      9829.6084         -42741.7781       308.1537    -52571.3865    -42719.1230       310.1736           -256.8051      -171.1407    162009.4780        -4.0349        -3.5042

LDB: ============= START OF LOAD BALANCING ============== 107.151
LDB: ============== END OF LOAD BALANCING =============== 107.152
Info: useSync: 0 useProxySync: 0
LDB: =============== DONE WITH MIGRATION ================ 107.152
LDB: ============= START OF LOAD BALANCING ============== 107.248
LDB: TIME 107.248 LOAD: AVG 0.0264741 MAX 0.049412  PROXIES: TOTAL 128 MAXPE 16 MAXPATCH 4 None MEM: 0 MB
LDB: TIME 107.248 LOAD: AVG 0.0264741 MAX 0.049412  PROXIES: TOTAL 128 MAXPE 16 MAXPATCH 4 RefineTorusLB MEM: 0 MB
LDB: TIME 107.248 LOAD: AVG 0.0264741 MAX 0.049412  PROXIES: TOTAL 128 MAXPE 16 MAXPATCH 4 RefineTorusLB MEM: 0 MB
LDB: Reverting to original mapping
LDB: ============== END OF LOAD BALANCING =============== 107.249
Info: useSync: 0 useProxySync: 0
LDB: =============== DONE WITH MIGRATION ================ 107.25
ENERGY: 1806500        79.2356       214.2042       150.0336         0.0000         -60303.0983      7246.8243         0.0000         0.0000      9857.6515         -42755.1489       309.0329    -52612.8004    -42734.8157       309.1324           -140.7152       -51.2549    161505.6806        12.7175        12.0729

ENERGY: 1807000        91.4073       187.1451       144.1406         0.0000         -60225.1237      7343.4321         0.0000         0.0000      9774.7058         -42684.2927       306.4326    -52458.9985    -42669.9822       308.4702           -154.1989       -64.4230    162386.5487        -7.2037        -7.5512

WRITING COORDINATES TO DCD FILE 04_prod_1ns/prod_04.dcd AT STEP 1807000
ENERGY: 1807500        64.8186       196.5804       155.8818         0.0000         -60532.4767      7518.5832         0.0000         0.0000      9972.7688         -42623.8438       312.6418    -52596.6126    -42607.5691       311.0816            310.9431       396.5737    161784.0977        14.1610        13.9133

ENERGY: 1808000        69.8840       195.1490       153.8816         0.0000         -60306.1027      7426.7538         0.0000         0.0000      9957.6010         -42502.8333       312.1663    -52460.4343    -42486.2106       310.8065            125.2357       199.9875    161999.2698        -6.8411        -6.7450

WRITING COORDINATES TO DCD FILE 04_prod_1ns/prod_04.dcd AT STEP 1808000
LDB: ============= START OF LOAD BALANCING ============== 110.89
LDB: ============== END OF LOAD BALANCING =============== 110.891
Info: useSync: 0 useProxySync: 0
LDB: =============== DONE WITH MIGRATION ================ 110.891
LDB: ============= START OF LOAD BALANCING ============== 110.985
LDB: TIME 110.986 LOAD: AVG 0.026938 MAX 0.0456523  PROXIES: TOTAL 128 MAXPE 16 MAXPATCH 4 None MEM: 0 MB
LDB: TIME 110.986 LOAD: AVG 0.026938 MAX 0.0456523  PROXIES: TOTAL 128 MAXPE 16 MAXPATCH 4 RefineTorusLB MEM: 0 MB
LDB: TIME 110.986 LOAD: AVG 0.026938 MAX 0.0456523  PROXIES: TOTAL 128 MAXPE 16 MAXPATCH 4 RefineTorusLB MEM: 0 MB
LDB: Reverting to original mapping
LDB: ============== END OF LOAD BALANCING =============== 110.986
Info: useSync: 0 useProxySync: 0
LDB: =============== DONE WITH MIGRATION ================ 110.987
ENERGY: 1808500        64.1706       191.7653       154.1258         0.0000         -60139.3911      7278.0488         0.0000         0.0000      9962.9876         -42488.2930       312.3351    -52451.2806    -42464.4817       312.0428            -32.6498        56.2872    162628.6440         6.1737         6.8105

ENERGY: 1809000        83.1420       187.5720       140.0875         0.0000         -60267.5189      7292.7623         0.0000         0.0000      9890.0745         -42673.8807       310.0493    -52563.9552    -42657.1450       311.8075           -147.3421       -88.5520    162524.1332        -6.5036        -6.3080

WRITING COORDINATES TO DCD FILE 04_prod_1ns/prod_04.dcd AT STEP 1809000
ENERGY: 1809500        81.8387       212.3146       144.8942         0.0000         -60238.4665      7290.2551         0.0000         0.0000      9922.5383         -42586.6256       311.0671    -52509.1639    -42569.1714       310.6302           -114.1711       -37.7858    163213.8350         0.4147         0.4124

TIMING: 1810000  CPU: 115.083, 0.00190379/step  Wall: 113.857, 0.00188312/step, 0.230159 hours remaining, 0.000000 MB of memory in use.
PERFORMANCE: 1810000  averaging 91.1 ns/day, 0.00189682 sec/step with standard deviation 2.02943e-05
ETITLE:      TS           BOND          ANGLE          DIHED          IMPRP               ELECT            VDW       BOUNDARY           MISC        KINETIC               TOTAL           TEMP      POTENTIAL         TOTAL3        TEMPAVG            PRESSURE      GPRESSURE         VOLUME       PRESSAVG      GPRESSAVG

ENERGY: 1810000        79.6794       203.3473       138.8723         0.0000         -60155.5535      7271.7292         0.0000         0.0000      9926.0071         -42535.9182       311.1758    -52461.9253    -42517.8742       310.7680           -207.2628      -116.3613    162444.2310         0.3142         0.8203

WRITING EXTENDED SYSTEM TO RESTART FILE AT STEP 1810000
WRITING COORDINATES TO DCD FILE 04_prod_1ns/prod_04.dcd AT STEP 1810000
WRITING COORDINATES TO RESTART FILE AT STEP 1810000
FINISHED WRITING RESTART COORDINATES
WRITING VELOCITIES TO RESTART FILE AT STEP 1810000
FINISHED WRITING RESTART VELOCITIES
LDB: ============= START OF LOAD BALANCING ============== 114.77
LDB: ============== END OF LOAD BALANCING =============== 114.77
Info: useSync: 0 useProxySync: 0
LDB: =============== DONE WITH MIGRATION ================ 114.771
LDB: ============= START OF LOAD BALANCING ============== 114.865
LDB: TIME 114.865 LOAD: AVG 0.0261706 MAX 0.0429339  PROXIES: TOTAL 128 MAXPE 16 MAXPATCH 4 None MEM: 0 MB
LDB: TIME 114.865 LOAD: AVG 0.0261706 MAX 0.0429339  PROXIES: TOTAL 128 MAXPE 16 MAXPATCH 4 RefineTorusLB MEM: 0 MB
LDB: TIME 114.866 LOAD: AVG 0.0261706 MAX 0.0429339  PROXIES: TOTAL 128 MAXPE 16 MAXPATCH 4 RefineTorusLB MEM: 0 MB
LDB: Reverting to original mapping
LDB: ============== END OF LOAD BALANCING =============== 114.866
Info: useSync: 0 useProxySync: 0
LDB: =============== DONE WITH MIGRATION ================ 114.867
ENERGY: 1810500        69.6432       198.3776       147.8751         0.0000         -60318.1212      7367.9560         0.0000         0.0000      9946.7605         -42587.5089       311.8264    -52534.2694    -42567.2798       310.7279            106.0622       203.0483    162208.3638        -5.9647        -4.4486

ENERGY: 1811000        69.3604       194.6703       146.0418         0.0000         -59921.0108      7191.0383         0.0000         0.0000      9990.8358         -42329.0641       313.2082    -52319.8999    -42304.9083       313.1136           -184.5317       -72.7718    162849.3057         0.9413         0.3841

WRITING COORDINATES TO DCD FILE 04_prod_1ns/prod_04.dcd AT STEP 1811000
ENERGY: 1811500        64.0719       194.4431       145.5158         0.0000         -60088.8547      7217.4084         0.0000         0.0000      9928.5002         -42538.9154       311.2540    -52467.4156    -42516.5813       312.6688             31.1686       107.5814    162439.6051         8.0932         7.2201

ENERGY: 1812000        64.4976       199.1218       157.1900         0.0000         -60039.2142      7119.7335         0.0000         0.0000      9954.9680         -42543.7033       312.0837    -52498.6713    -42520.0362       312.7411           -289.9783      -212.5781    161977.4716        12.6475        12.9199

WRITING COORDINATES TO DCD FILE 04_prod_1ns/prod_04.dcd AT STEP 1812000
LDB: ============= START OF LOAD BALANCING ============== 118.54
LDB: ============== END OF LOAD BALANCING =============== 118.54
Info: useSync: 0 useProxySync: 0
LDB: =============== DONE WITH MIGRATION ================ 118.54
LDB: ============= START OF LOAD BALANCING ============== 118.636
LDB: TIME 118.636 LOAD: AVG 0.0265648 MAX 0.0512971  PROXIES: TOTAL 128 MAXPE 16 MAXPATCH 4 None MEM: 0 MB
LDB: TIME 118.636 LOAD: AVG 0.0265648 MAX 0.0512971  PROXIES: TOTAL 128 MAXPE 16 MAXPATCH 4 RefineTorusLB MEM: 0 MB
LDB: TIME 118.636 LOAD: AVG 0.0265648 MAX 0.0512971  PROXIES: TOTAL 128 MAXPE 16 MAXPATCH 4 RefineTorusLB MEM: 0 MB
LDB: Reverting to original mapping
LDB: ============== END OF LOAD BALANCING =============== 118.637
Info: useSync: 0 useProxySync: 0
LDB: =============== DONE WITH MIGRATION ================ 118.637
ENERGY: 1812500        72.2422       189.2608       154.3411         0.0000         -59914.1702      7022.7857         0.0000         0.0000      9981.0980         -42494.4424       312.9029    -52475.5404    -42477.1701       311.0541           -381.3048      -297.9853    161489.3707        -9.8318       -10.0502

WRITING COORDINATES TO DCD FILE 04_prod_1ns/prod_04.dcd AT STEP 1813000
ENERGY: 1813000        69.1090       194.6865       141.3161         0.0000         -60282.2942      7317.2818         0.0000         0.0000     10023.4438         -42536.4569       314.2304    -52559.9007    -42519.0575       312.0831             13.2540        80.1395    162500.0666        -2.4034        -3.0862

ENERGY: 1813500        71.4002       204.2227       147.7904         0.0000         -59959.2122      7116.8423         0.0000         0.0000      9877.3598         -42541.5968       309.6507    -52418.9566    -42512.7794       310.8053           -331.5297      -230.3741    163048.5568         4.0862         4.4949

ENERGY: 1814000        72.2901       192.1196       158.3440         0.0000         -60333.7473      7462.9015         0.0000         0.0000      9946.9182         -42501.1739       311.8314    -52448.0920    -42476.8285       312.0760            145.3516       258.7826    162609.0742         6.4731         6.7919

WRITING COORDINATES TO DCD FILE 04_prod_1ns/prod_04.dcd AT STEP 1814000
LDB: ============= START OF LOAD BALANCING ============== 122.318
LDB: ============== END OF LOAD BALANCING =============== 122.319
Info: useSync: 0 useProxySync: 0
LDB: =============== DONE WITH MIGRATION ================ 122.319
LDB: ============= START OF LOAD BALANCING ============== 122.412
LDB: TIME 122.413 LOAD: AVG 0.0261298 MAX 0.045332  PROXIES: TOTAL 128 MAXPE 16 MAXPATCH 4 None MEM: 0 MB
LDB: TIME 122.413 LOAD: AVG 0.0261298 MAX 0.045332  PROXIES: TOTAL 128 MAXPE 16 MAXPATCH 4 RefineTorusLB MEM: 0 MB
LDB: TIME 122.413 LOAD: AVG 0.0261298 MAX 0.045332  PROXIES: TOTAL 128 MAXPE 16 MAXPATCH 4 RefineTorusLB MEM: 0 MB
LDB: ============== END OF LOAD BALANCING =============== 122.413
Info: useSync: 0 useProxySync: 0
LDB: =============== DONE WITH MIGRATION ================ 122.414
ENERGY: 1814500        74.3593       201.3411       147.9028         0.0000         -60243.4262      7225.0629         0.0000         0.0000      9972.5256         -42622.2344       312.6341    -52594.7600    -42599.7414       312.2654           -462.4433      -329.3635    162993.0417         9.9866         9.7251

TIMING: 1815000  CPU: 124.669, 0.00191712/step  Wall: 123.413, 0.00191121/step, 0.230938 hours remaining, 0.000000 MB of memory in use.
PERFORMANCE: 1815000  averaging 91.0468 ns/day, 0.00189792 sec/step with standard deviation 1.98362e-05
ETITLE:      TS           BOND          ANGLE          DIHED          IMPRP               ELECT            VDW       BOUNDARY           MISC        KINETIC               TOTAL           TEMP      POTENTIAL         TOTAL3        TEMPAVG            PRESSURE      GPRESSURE         VOLUME       PRESSAVG      GPRESSAVG

ENERGY: 1815000        71.3760       194.2650       144.9191         0.0000         -60023.1405      7319.2304         0.0000         0.0000      9958.6894         -42334.6606       312.2004    -52293.3500    -42312.0564       312.9196             60.2078       145.6839    162992.1031        -2.6131        -3.3664

WRITING EXTENDED SYSTEM TO RESTART FILE AT STEP 1815000
WRITING COORDINATES TO DCD FILE 04_prod_1ns/prod_04.dcd AT STEP 1815000
WRITING COORDINATES TO RESTART FILE AT STEP 1815000
FINISHED WRITING RESTART COORDINATES
WRITING VELOCITIES TO RESTART FILE AT STEP 1815000
FINISHED WRITING RESTART VELOCITIES
ENERGY: 1815500        70.3227       204.6496       142.8098         0.0000         -60215.7600      7258.8368         0.0000         0.0000      9881.4581         -42657.6831       309.7792    -52539.1412    -42638.8814       312.5360           -189.4591       -88.9919    163687.5608        -6.5435        -6.5005

ENERGY: 1816000        67.5794       208.5387       145.6307         0.0000         -60417.6497      7474.4228         0.0000         0.0000      9940.6282         -42580.8500       311.6342    -52521.4782    -42557.7989       310.6565            115.4454       204.4104    163924.6127        -7.8025        -7.6060

WRITING COORDINATES TO DCD FILE 04_prod_1ns/prod_04.dcd AT STEP 1816000
LDB: ============= START OF LOAD BALANCING ============== 126.208
LDB: ============== END OF LOAD BALANCING =============== 126.208
Info: useSync: 0 useProxySync: 0
LDB: =============== DONE WITH MIGRATION ================ 126.208
LDB: ============= START OF LOAD BALANCING ============== 126.302
LDB: TIME 126.302 LOAD: AVG 0.0260583 MAX 0.0438281  PROXIES: TOTAL 128 MAXPE 16 MAXPATCH 4 None MEM: 0 MB
LDB: TIME 126.303 LOAD: AVG 0.0260583 MAX 0.0438281  PROXIES: TOTAL 128 MAXPE 16 MAXPATCH 4 RefineTorusLB MEM: 0 MB
LDB: TIME 126.303 LOAD: AVG 0.0260583 MAX 0.0438281  PROXIES: TOTAL 128 MAXPE 16 MAXPATCH 4 RefineTorusLB MEM: 0 MB
LDB: Reverting to original mapping
LDB: ============== END OF LOAD BALANCING =============== 126.303
Info: useSync: 0 useProxySync: 0
LDB: =============== DONE WITH MIGRATION ================ 126.304
ENERGY: 1816500        87.1525       202.0241       139.0841         0.0000         -60464.4745      7392.4611         0.0000         0.0000      9951.4837         -42692.2689       311.9745    -52643.7526    -42669.0722       311.1299           -104.0930         3.9562    162129.2779       -11.0818       -10.7998

WRITING COORDINATES TO DCD FILE 04_prod_1ns/prod_04.dcd AT STEP 1817000
ENERGY: 1817000        71.7206       194.0251       150.9202         0.0000         -60121.9562      7286.0226         0.0000         0.0000      9896.8606         -42522.4069       310.2621    -52419.2675    -42499.9416       311.6499            -46.7866        37.8425    162322.9981         6.3960         7.3911

ENERGY: 1817500        73.6723       191.0967       147.6505         0.0000         -59972.4948      7042.3500         0.0000         0.0000      9879.9387         -42637.7865       309.7316    -52517.7252    -42614.5491       311.4115           -523.2524      -449.2022    164222.5563         3.0652         3.2572

ENERGY: 1818000        68.1680       174.2300       140.5870         0.0000         -60304.8009      7246.6307         0.0000         0.0000      9957.4075         -42717.7777       312.1602    -52675.1851    -42700.3681       311.3158           -225.8185      -149.4206    162833.7270        -3.2367        -3.3742

WRITING COORDINATES TO DCD FILE 04_prod_1ns/prod_04.dcd AT STEP 1818000
LDB: ============= START OF LOAD BALANCING ============== 129.983
LDB: ============== END OF LOAD BALANCING =============== 129.983
Info: useSync: 0 useProxySync: 0
LDB: =============== DONE WITH MIGRATION ================ 129.983
LDB: ============= START OF LOAD BALANCING ============== 130.078
LDB: TIME 130.078 LOAD: AVG 0.0263359 MAX 0.0443445  PROXIES: TOTAL 128 MAXPE 16 MAXPATCH 4 None MEM: 0 MB
LDB: TIME 130.079 LOAD: AVG 0.0263359 MAX 0.0443445  PROXIES: TOTAL 128 MAXPE 16 MAXPATCH 4 RefineTorusLB MEM: 0 MB
LDB: TIME 130.079 LOAD: AVG 0.0263359 MAX 0.0443445  PROXIES: TOTAL 128 MAXPE 16 MAXPATCH 4 RefineTorusLB MEM: 0 MB
LDB: Reverting to original mapping
LDB: ============== END OF LOAD BALANCING =============== 130.079
Info: useSync: 0 useProxySync: 0
LDB: =============== DONE WITH MIGRATION ================ 130.08
ENERGY: 1818500        67.2278       217.0219       137.2723         0.0000         -60247.8109      7248.3244         0.0000         0.0000      9903.5977         -42674.3670       310.4733    -52577.9646    -42647.7920       309.6480           -175.9527       -91.0742    162668.4416        -6.7967        -6.1134

ENERGY: 1819000        77.9284       198.3687       152.3409         0.0000         -60514.9771      7361.0234         0.0000         0.0000      9926.9523         -42798.3633       311.2054    -52725.3156    -42775.0265       310.0833            -55.3340        40.9513    162166.0298        -2.3697        -1.7233

WRITING COORDINATES TO DCD FILE 04_prod_1ns/prod_04.dcd AT STEP 1819000
ENERGY: 1819500        66.5090       195.7244       146.4462         0.0000         -60155.5369      7220.0205         0.0000         0.0000      9896.0738         -42630.7629       310.2374    -52526.8367    -42611.4498       310.6369           -170.1359       -73.1023    162474.6692        -4.3100        -3.7554

TIMING: 1820000  CPU: 134.258, 0.0019179/step  Wall: 132.957, 0.00190881/step, 0.227997 hours remaining, 0.000000 MB of memory in use.
PERFORMANCE: 1820000  averaging 91.0095 ns/day, 0.0018987 sec/step with standard deviation 1.92789e-05
ETITLE:      TS           BOND          ANGLE          DIHED          IMPRP               ELECT            VDW       BOUNDARY           MISC        KINETIC               TOTAL           TEMP      POTENTIAL         TOTAL3        TEMPAVG            PRESSURE      GPRESSURE         VOLUME       PRESSAVG      GPRESSAVG

ENERGY: 1820000        77.3532       186.4553       143.2461         0.0000         -60588.1292      7388.2351         0.0000         0.0000      9811.4838         -42981.3556       307.5855    -52792.8394    -42956.8954       308.5531            -83.5048         4.1251    161319.3185         8.1240         8.5143

WRITING EXTENDED SYSTEM TO RESTART FILE AT STEP 1820000
WRITING COORDINATES TO DCD FILE 04_prod_1ns/prod_04.dcd AT STEP 1820000
WRITING COORDINATES TO RESTART FILE AT STEP 1820000
FINISHED WRITING RESTART COORDINATES
WRITING VELOCITIES TO RESTART FILE AT STEP 1820000
FINISHED WRITING RESTART VELOCITIES
LDB: ============= START OF LOAD BALANCING ============== 133.857
LDB: ============== END OF LOAD BALANCING =============== 133.857
Info: useSync: 0 useProxySync: 0
LDB: =============== DONE WITH MIGRATION ================ 133.858
LDB: ============= START OF LOAD BALANCING ============== 133.954
LDB: TIME 133.954 LOAD: AVG 0.0260411 MAX 0.0492211  PROXIES: TOTAL 128 MAXPE 16 MAXPATCH 4 None MEM: 0 MB
LDB: TIME 133.955 LOAD: AVG 0.0260411 MAX 0.0492211  PROXIES: TOTAL 128 MAXPE 16 MAXPATCH 4 RefineTorusLB MEM: 0 MB
LDB: TIME 133.955 LOAD: AVG 0.0260411 MAX 0.0492211  PROXIES: TOTAL 128 MAXPE 16 MAXPATCH 4 RefineTorusLB MEM: 0 MB
LDB: ============== END OF LOAD BALANCING =============== 133.955
Info: useSync: 0 useProxySync: 0
LDB: =============== DONE WITH MIGRATION ================ 133.956
ENERGY: 1820500        80.8031       193.6346       143.7096         0.0000         -60519.2568      7434.1732         0.0000         0.0000      9920.9644         -42745.9719       311.0177    -52666.9363    -42727.6230       307.1903             -8.9720        60.1522    162313.2748         3.2096         2.9562

WRITING COORDINATES TO DCD FILE 04_prod_1ns/prod_04.dcd AT STEP 1821000
ENERGY: 1821000        76.4065       200.4637       154.2614         0.0000         -60508.9237      7470.6750         0.0000         0.0000      9821.3770         -42785.7400       307.8957    -52607.1171    -42764.3373       309.8978             64.0205       153.9557    161805.6215         5.0514         5.2782

ENERGY: 1821500        81.9149       200.9994       147.0108         0.0000         -60000.8989      7114.4466         0.0000         0.0000      9914.0929         -42542.4343       310.8023    -52456.5272    -42521.9650       310.3094           -389.1192      -339.0290    163651.8742        -7.2174        -7.1643

ENERGY: 1822000        86.1999       212.5981       150.1166         0.0000         -60241.3757      7314.2578         0.0000         0.0000      9909.2312         -42568.9721       310.6499    -52478.2033    -42551.5492       310.2923            -53.5780        24.1979    162268.1234         4.7817         4.8502

WRITING COORDINATES TO DCD FILE 04_prod_1ns/prod_04.dcd AT STEP 1822000
LDB: ============= START OF LOAD BALANCING ============== 137.633
LDB: ============== END OF LOAD BALANCING =============== 137.633
Info: useSync: 0 useProxySync: 0
LDB: =============== DONE WITH MIGRATION ================ 137.633
LDB: ============= START OF LOAD BALANCING ============== 137.729
LDB: TIME 137.729 LOAD: AVG 0.0256698 MAX 0.0479393  PROXIES: TOTAL 128 MAXPE 16 MAXPATCH 4 None MEM: 0 MB
LDB: TIME 137.729 LOAD: AVG 0.0256698 MAX 0.0479393  PROXIES: TOTAL 128 MAXPE 16 MAXPATCH 4 RefineTorusLB MEM: 0 MB
LDB: TIME 137.729 LOAD: AVG 0.0256698 MAX 0.0479393  PROXIES: TOTAL 128 MAXPE 16 MAXPATCH 4 RefineTorusLB MEM: 0 MB
LDB: ============== END OF LOAD BALANCING =============== 137.73
Info: useSync: 0 useProxySync: 0
LDB: =============== DONE WITH MIGRATION ================ 137.73
ENERGY: 1822500        67.4576       205.7073       141.8351         0.0000         -60252.2862      7401.6080         0.0000         0.0000      9932.1373         -42503.5408       311.3680    -52435.6781    -42474.8668       311.5636            210.8204       299.3845    162958.7712         3.8040         4.1181

ENERGY: 1823000        76.2390       215.4188       152.6000         0.0000         -59960.3554      7145.6028         0.0000         0.0000      9903.9158         -42466.5790       310.4833    -52370.4948    -42438.4906       311.8980           -197.3170      -103.6535    162225.4401        -0.2705        -0.5579

WRITING COORDINATES TO DCD FILE 04_prod_1ns/prod_04.dcd AT STEP 1823000
ENERGY: 1823500        58.2642       201.7276       148.8026         0.0000         -60285.6122      7344.4082         0.0000         0.0000     10029.3712         -42503.0385       314.4162    -52532.4097    -42473.5930       312.0178             65.2873       175.4928    162085.0022         1.6153         2.2125

ENERGY: 1824000        75.5903       204.0448       151.8825         0.0000         -60237.0022      7346.0305         0.0000         0.0000      9860.7210         -42598.7331       309.1291    -52459.4541    -42578.0235       312.8747             -9.9982        87.1600    162233.3239         9.8258         9.9360

WRITING COORDINATES TO DCD FILE 04_prod_1ns/prod_04.dcd AT STEP 1824000
LDB: ============= START OF LOAD BALANCING ============== 141.413
LDB: ============== END OF LOAD BALANCING =============== 141.413
Info: useSync: 0 useProxySync: 0
LDB: =============== DONE WITH MIGRATION ================ 141.413
LDB: ============= START OF LOAD BALANCING ============== 141.508
LDB: TIME 141.509 LOAD: AVG 0.0260716 MAX 0.0456985  PROXIES: TOTAL 128 MAXPE 16 MAXPATCH 4 None MEM: 0 MB
LDB: TIME 141.509 LOAD: AVG 0.0260716 MAX 0.0456985  PROXIES: TOTAL 128 MAXPE 16 MAXPATCH 4 RefineTorusLB MEM: 0 MB
LDB: TIME 141.509 LOAD: AVG 0.0260716 MAX 0.0456985  PROXIES: TOTAL 128 MAXPE 16 MAXPATCH 4 RefineTorusLB MEM: 0 MB
LDB: Reverting to original mapping
LDB: ============== END OF LOAD BALANCING =============== 141.509
Info: useSync: 0 useProxySync: 0
LDB: =============== DONE WITH MIGRATION ================ 141.51
ENERGY: 1824500        81.9234       185.3888       166.3763         0.0000         -60211.5496      7025.1732         0.0000         0.0000      9855.3902         -42897.2978       308.9620    -52752.6880    -42870.5739       309.5028           -672.5854      -556.4229    161826.5984        10.3187        12.2396

TIMING: 1825000  CPU: 143.872, 0.00192278/step  Wall: 142.524, 0.00191354/step, 0.225904 hours remaining, 0.000000 MB of memory in use.
PERFORMANCE: 1825000  averaging 90.9622 ns/day, 0.00189969 sec/step with standard deviation 1.89683e-05
ETITLE:      TS           BOND          ANGLE          DIHED          IMPRP               ELECT            VDW       BOUNDARY           MISC        KINETIC               TOTAL           TEMP      POTENTIAL         TOTAL3        TEMPAVG            PRESSURE      GPRESSURE         VOLUME       PRESSAVG      GPRESSAVG

ENERGY: 1825000        60.5388       213.7351       153.9848         0.0000         -60257.1005      7232.5561         0.0000         0.0000      9879.5716         -42716.7140       309.7201    -52596.2856    -42693.0882       309.1641           -277.7498      -177.5270    163138.1176         0.1606        -0.4956

WRITING EXTENDED SYSTEM TO RESTART FILE AT STEP 1825000
WRITING COORDINATES TO DCD FILE 04_prod_1ns/prod_04.dcd AT STEP 1825000
WRITING COORDINATES TO RESTART FILE AT STEP 1825000
FINISHED WRITING RESTART COORDINATES
WRITING VELOCITIES TO RESTART FILE AT STEP 1825000
FINISHED WRITING RESTART VELOCITIES
ENERGY: 1825500        63.9099       196.6363       153.4591         0.0000         -59718.2231      7104.3420         0.0000         0.0000      9782.7996         -42417.0762       306.6863    -52199.8758    -42392.1002       310.8548           -261.2985      -155.1424    163586.3406       -17.9154       -17.7801

ENERGY: 1826000        66.9592       197.3390       154.8223         0.0000         -59812.2464      7109.3205         0.0000         0.0000      9977.8102         -42305.9952       312.7998    -52283.8054    -42287.0353       313.3650           -261.7156      -163.3641    162442.1706        -4.5208        -4.7393

WRITING COORDINATES TO DCD FILE 04_prod_1ns/prod_04.dcd AT STEP 1826000
LDB: ============= START OF LOAD BALANCING ============== 145.3
LDB: ============== END OF LOAD BALANCING =============== 145.301
Info: useSync: 0 useProxySync: 0
LDB: =============== DONE WITH MIGRATION ================ 145.301
LDB: ============= START OF LOAD BALANCING ============== 145.396
LDB: TIME 145.396 LOAD: AVG 0.0272401 MAX 0.0462622  PROXIES: TOTAL 128 MAXPE 16 MAXPATCH 4 None MEM: 0 MB
LDB: TIME 145.396 LOAD: AVG 0.0272401 MAX 0.0462622  PROXIES: TOTAL 128 MAXPE 16 MAXPATCH 4 RefineTorusLB MEM: 0 MB
LDB: TIME 145.396 LOAD: AVG 0.0272401 MAX 0.0462622  PROXIES: TOTAL 128 MAXPE 16 MAXPATCH 4 RefineTorusLB MEM: 0 MB
LDB: Reverting to original mapping
LDB: ============== END OF LOAD BALANCING =============== 145.397
Info: useSync: 0 useProxySync: 0
LDB: =============== DONE WITH MIGRATION ================ 145.397
ENERGY: 1826500        75.7615       200.6909       142.8505         0.0000         -60116.4794      7364.3586         0.0000         0.0000     10008.5614         -42324.2566       313.7638    -52332.8180    -42305.8139       312.7049             64.0441       131.9470    162453.7039        -9.9452        -9.5080

ENERGY: 1827000        63.5786       166.4796       147.0126         0.0000         -60423.6270      7502.2287         0.0000         0.0000     10022.0841         -42522.2434       314.1878    -52544.3275    -42496.6506       312.6565            374.6616       462.5299    161710.0987        -1.2436        -1.7564

WRITING COORDINATES TO DCD FILE 04_prod_1ns/prod_04.dcd AT STEP 1827000
ENERGY: 1827500        68.7229       212.4666       157.3505         0.0000         -60360.6637      7345.3118         0.0000         0.0000      9959.7537         -42617.0582       312.2337    -52576.8119    -42591.7997       312.2847            -76.7905        21.0596    163185.8747        -1.4065        -0.9405

WRITING COORDINATES TO DCD FILE 04_prod_1ns/prod_04.dcd AT STEP 1828000
ENERGY: 1828000        76.7138       193.7183       153.2535         0.0000         -60276.6885      7223.0039         0.0000         0.0000      9823.3287         -42806.6703       307.9569    -52629.9990    -42782.3525       309.8556           -290.5196      -203.7268    162813.8333         2.0495         3.1442

LDB: ============= START OF LOAD BALANCING ============== 149.063
LDB: ============== END OF LOAD BALANCING =============== 149.063
Info: useSync: 0 useProxySync: 0
LDB: =============== DONE WITH MIGRATION ================ 149.064
LDB: ============= START OF LOAD BALANCING ============== 149.156
LDB: TIME 149.156 LOAD: AVG 0.025677 MAX 0.0445301  PROXIES: TOTAL 128 MAXPE 16 MAXPATCH 4 None MEM: 0 MB
LDB: TIME 149.157 LOAD: AVG 0.025677 MAX 0.0445301  PROXIES: TOTAL 128 MAXPE 16 MAXPATCH 4 RefineTorusLB MEM: 0 MB
LDB: TIME 149.157 LOAD: AVG 0.025677 MAX 0.0445301  PROXIES: TOTAL 128 MAXPE 16 MAXPATCH 4 RefineTorusLB MEM: 0 MB
LDB: ============== END OF LOAD BALANCING =============== 149.157
Info: useSync: 0 useProxySync: 0
LDB: =============== DONE WITH MIGRATION ================ 149.158
ENERGY: 1828500        71.6254       180.0745       141.0554         0.0000         -60566.8014      7377.1610         0.0000         0.0000     10007.2819         -42789.6033       313.7237    -52796.8852    -42767.0171       308.0335            -62.0984        11.3671    162324.8926        -3.4471        -2.5158

ENERGY: 1829000        86.9514       189.0115       148.0240         0.0000         -60422.7082      7347.2213         0.0000         0.0000      9950.7625         -42700.7375       311.9519    -52651.5000    -42680.0362       309.8895              3.2849       110.6993    161353.6292        17.0018        16.1645

WRITING COORDINATES TO DCD FILE 04_prod_1ns/prod_04.dcd AT STEP 1829000
ENERGY: 1829500        86.4686       190.3352       153.5229         0.0000         -60255.2548      7263.0447         0.0000         0.0000      9911.5511         -42650.3323       310.7226    -52561.8834    -42621.9404       309.9419            -57.7569        27.5814    162301.3807        -0.1762        -0.8025

TIMING: 1830000  CPU: 153.398, 0.0019052/step  Wall: 152.015, 0.00189818/step, 0.221455 hours remaining, 0.000000 MB of memory in use.
PERFORMANCE: 1830000  averaging 90.9667 ns/day, 0.0018996 sec/step with standard deviation 1.8329e-05
ETITLE:      TS           BOND          ANGLE          DIHED          IMPRP               ELECT            VDW       BOUNDARY           MISC        KINETIC               TOTAL           TEMP      POTENTIAL         TOTAL3        TEMPAVG            PRESSURE      GPRESSURE         VOLUME       PRESSAVG      GPRESSAVG

ENERGY: 1830000        77.5166       183.4711       147.3010         0.0000         -60265.4825      7296.7844         0.0000         0.0000      9892.2789         -42668.1304       310.1184    -52560.4093    -42647.6657       309.8832           -195.5595      -114.6315    163227.6110         0.8865         0.4881

WRITING EXTENDED SYSTEM TO RESTART FILE AT STEP 1830000
WRITING COORDINATES TO DCD FILE 04_prod_1ns/prod_04.dcd AT STEP 1830000
WRITING COORDINATES TO RESTART FILE AT STEP 1830000
FINISHED WRITING RESTART COORDINATES
WRITING VELOCITIES TO RESTART FILE AT STEP 1830000
FINISHED WRITING RESTART VELOCITIES
LDB: ============= START OF LOAD BALANCING ============== 152.91
LDB: ============== END OF LOAD BALANCING =============== 152.91
Info: useSync: 0 useProxySync: 0
LDB: =============== DONE WITH MIGRATION ================ 152.91
LDB: ============= START OF LOAD BALANCING ============== 153.004
LDB: TIME 153.004 LOAD: AVG 0.0263078 MAX 0.045847  PROXIES: TOTAL 128 MAXPE 16 MAXPATCH 4 None MEM: 0 MB
LDB: TIME 153.004 LOAD: AVG 0.0263078 MAX 0.045847  PROXIES: TOTAL 128 MAXPE 16 MAXPATCH 4 RefineTorusLB MEM: 0 MB
LDB: TIME 153.005 LOAD: AVG 0.0263078 MAX 0.045847  PROXIES: TOTAL 128 MAXPE 16 MAXPATCH 4 RefineTorusLB MEM: 0 MB
LDB: ============== END OF LOAD BALANCING =============== 153.005
Info: useSync: 0 useProxySync: 0
LDB: =============== DONE WITH MIGRATION ================ 153.005
ENERGY: 1830500        69.2125       193.3407       142.7451         0.0000         -60509.8491      7554.3039         0.0000         0.0000      9916.3224         -42633.9246       310.8722    -52550.2471    -42615.3404       309.8539            328.1995       404.3994    162364.0654         6.2900         6.5295

ENERGY: 1831000        78.4936       180.8415       148.9283         0.0000         -60340.7337      7300.0263         0.0000         0.0000      9924.6428         -42707.8013       311.1330    -52632.4441    -42687.2982       310.3851           -243.9477      -151.5810    162862.2031        -3.3236        -1.8024

WRITING COORDINATES TO DCD FILE 04_prod_1ns/prod_04.dcd AT STEP 1831000
ENERGY: 1831500        72.1868       200.6668       142.7305         0.0000         -59960.6365      7253.3944         0.0000         0.0000      9846.3930         -42445.2650       308.6799    -52291.6579    -42421.4411       311.5891             -2.2246        82.8143    162394.6880        -5.6181        -5.0751

ENERGY: 1832000        90.0471       187.0094       141.7683         0.0000         -60315.3359      7261.5948         0.0000         0.0000     10028.5276         -42606.3887       314.3898    -52634.9163    -42585.9769       312.2152           -210.2563      -122.3893    162331.4741        10.9067        10.7421

WRITING COORDINATES TO DCD FILE 04_prod_1ns/prod_04.dcd AT STEP 1832000
LDB: ============= START OF LOAD BALANCING ============== 156.66
LDB: ============== END OF LOAD BALANCING =============== 156.661
Info: useSync: 0 useProxySync: 0
LDB: =============== DONE WITH MIGRATION ================ 156.661
LDB: ============= START OF LOAD BALANCING ============== 156.755
LDB: TIME 156.756 LOAD: AVG 0.0264973 MAX 0.050118  PROXIES: TOTAL 128 MAXPE 16 MAXPATCH 4 None MEM: 0 MB
LDB: TIME 156.756 LOAD: AVG 0.0264973 MAX 0.050118  PROXIES: TOTAL 128 MAXPE 16 MAXPATCH 4 RefineTorusLB MEM: 0 MB
LDB: TIME 156.756 LOAD: AVG 0.0264973 MAX 0.050118  PROXIES: TOTAL 128 MAXPE 16 MAXPATCH 4 RefineTorusLB MEM: 0 MB
LDB: ============== END OF LOAD BALANCING =============== 156.756
Info: useSync: 0 useProxySync: 0
LDB: =============== DONE WITH MIGRATION ================ 156.757
ENERGY: 1832500        62.5110       201.5846       158.8214         0.0000         -60464.9431      7477.8807         0.0000         0.0000      9892.3093         -42671.8360       310.1194    -52564.1453    -42647.2218       310.9045            251.2185       339.7484    161669.0643         4.8411         3.8752

ENERGY: 1833000        73.4967       194.8355       157.5726         0.0000         -60189.5864      7238.8638         0.0000         0.0000      9897.8366         -42626.9811       310.2927    -52524.8178    -42601.4174       310.1167           -199.6104       -99.1629    162347.6625         2.4312         0.7361

WRITING COORDINATES TO DCD FILE 04_prod_1ns/prod_04.dcd AT STEP 1833000
ENERGY: 1833500        86.9145       175.1417       148.9240         0.0000         -60574.6605      7485.9910         0.0000         0.0000      9831.6182         -42846.0710       308.2168    -52677.6892    -42821.6595       309.4086             62.6932       158.7534    162215.5035        -0.1674         0.2800

ENERGY: 1834000        68.6791       198.3544       146.0647         0.0000         -60572.9664      7476.5820         0.0000         0.0000      9911.7374         -42771.5488       310.7285    -52683.2862    -42748.9419       309.4860             12.0085        90.3920    163217.6838         5.0749         4.6538

WRITING COORDINATES TO DCD FILE 04_prod_1ns/prod_04.dcd AT STEP 1834000
LDB: ============= START OF LOAD BALANCING ============== 160.411
LDB: ============== END OF LOAD BALANCING =============== 160.411
Info: useSync: 0 useProxySync: 0
LDB: =============== DONE WITH MIGRATION ================ 160.418
LDB: ============= START OF LOAD BALANCING ============== 160.513
LDB: TIME 160.513 LOAD: AVG 0.0264039 MAX 0.0522048  PROXIES: TOTAL 128 MAXPE 16 MAXPATCH 4 None MEM: 0 MB
LDB: TIME 160.513 LOAD: AVG 0.0264039 MAX 0.0522048  PROXIES: TOTAL 128 MAXPE 16 MAXPATCH 4 RefineTorusLB MEM: 0 MB
LDB: TIME 160.514 LOAD: AVG 0.0264039 MAX 0.0522048  PROXIES: TOTAL 128 MAXPE 16 MAXPATCH 4 RefineTorusLB MEM: 0 MB
LDB: Reverting to original mapping
LDB: ============== END OF LOAD BALANCING =============== 160.514
Info: useSync: 0 useProxySync: 0
LDB: =============== DONE WITH MIGRATION ================ 160.515
ENERGY: 1834500        65.9510       222.3837       151.4512         0.0000         -60302.2660      7263.5306         0.0000         0.0000      9773.4550         -42825.4945       306.3934    -52598.9495    -42804.1376       308.4722           -280.0304      -157.3908    162313.4482        -4.0900        -4.4923

TIMING: 1835000  CPU: 162.922, 0.00190465/step  Wall: 161.505, 0.00189801/step, 0.218798 hours remaining, 0.000000 MB of memory in use.
PERFORMANCE: 1835000  averaging 90.9712 ns/day, 0.0018995 sec/step with standard deviation 1.77512e-05
ETITLE:      TS           BOND          ANGLE          DIHED          IMPRP               ELECT            VDW       BOUNDARY           MISC        KINETIC               TOTAL           TEMP      POTENTIAL         TOTAL3        TEMPAVG            PRESSURE      GPRESSURE         VOLUME       PRESSAVG      GPRESSAVG

ENERGY: 1835000        76.7587       192.8653       143.5092         0.0000         -60531.7117      7467.5624         0.0000         0.0000      9821.8396         -42829.1765       307.9102    -52651.0161    -42812.7755       308.1993             76.7718       177.7876    162684.4042        -3.8563        -3.1669

WRITING EXTENDED SYSTEM TO RESTART FILE AT STEP 1835000
WRITING COORDINATES TO DCD FILE 04_prod_1ns/prod_04.dcd AT STEP 1835000
WRITING COORDINATES TO RESTART FILE AT STEP 1835000
FINISHED WRITING RESTART COORDINATES
WRITING VELOCITIES TO RESTART FILE AT STEP 1835000
FINISHED WRITING RESTART VELOCITIES
ENERGY: 1835500        80.0948       194.5520       141.1364         0.0000         -60406.4387      7273.7527         0.0000         0.0000      9879.3206         -42837.5821       309.7122    -52716.9027    -42817.4745       308.9010           -299.1358      -204.0447    162316.8159         5.0908         4.6942

ENERGY: 1836000        65.9407       183.9578       147.6711         0.0000         -59831.4890      6979.3793         0.0000         0.0000      9883.5423         -42570.9977       309.8446    -52454.5400    -42546.3345       310.4343           -524.6178      -428.9690    162875.3700         5.4851         4.8007

WRITING COORDINATES TO DCD FILE 04_prod_1ns/prod_04.dcd AT STEP 1836000
LDB: ============= START OF LOAD BALANCING ============== 164.27
LDB: ============== END OF LOAD BALANCING =============== 164.27
Info: useSync: 0 useProxySync: 0
LDB: =============== DONE WITH MIGRATION ================ 164.271
LDB: ============= START OF LOAD BALANCING ============== 164.361
LDB: TIME 164.361 LOAD: AVG 0.025891 MAX 0.041917  PROXIES: TOTAL 128 MAXPE 16 MAXPATCH 4 None MEM: 0 MB
LDB: TIME 164.362 LOAD: AVG 0.025891 MAX 0.041917  PROXIES: TOTAL 128 MAXPE 16 MAXPATCH 4 RefineTorusLB MEM: 0 MB
LDB: TIME 164.362 LOAD: AVG 0.025891 MAX 0.041917  PROXIES: TOTAL 128 MAXPE 16 MAXPATCH 4 RefineTorusLB MEM: 0 MB
LDB: Reverting to original mapping
LDB: ============== END OF LOAD BALANCING =============== 164.362
Info: useSync: 0 useProxySync: 0
LDB: =============== DONE WITH MIGRATION ================ 164.363
ENERGY: 1836500        82.8044       199.9799       141.8620         0.0000         -60562.5636      7353.9401         0.0000         0.0000      9836.1464         -42947.8308       308.3587    -52783.9772    -42929.1667       308.8580           -159.0575       -37.9543    161888.1417        -2.5243        -2.0713

ENERGY: 1837000        79.1274       198.5978       147.1797         0.0000         -60378.9521      7308.7007         0.0000         0.0000      9892.0994         -42753.2470       310.1128    -52645.3464    -42730.8454       309.6605           -166.3753       -62.6995    161982.7176         5.9677         6.9459

WRITING COORDINATES TO DCD FILE 04_prod_1ns/prod_04.dcd AT STEP 1837000
ENERGY: 1837500        83.4148       199.2165       153.2473         0.0000         -60425.4507      7334.8096         0.0000         0.0000      9881.2866         -42773.4758       309.7738    -52654.7624    -42748.3635       310.5665           -181.4319       -76.5939    162842.3203         2.9816         2.4119

ENERGY: 1838000        79.2294       184.9334       143.2202         0.0000         -60011.8011      7094.8125         0.0000         0.0000      9894.6493         -42614.9562       310.1928    -52509.6056    -42595.6023       310.0467           -498.0553      -409.8974    162880.2560       -12.2254       -12.1113

WRITING COORDINATES TO DCD FILE 04_prod_1ns/prod_04.dcd AT STEP 1838000
LDB: ============= START OF LOAD BALANCING ============== 168.021
LDB: ============== END OF LOAD BALANCING =============== 168.021
Info: useSync: 0 useProxySync: 0
LDB: =============== DONE WITH MIGRATION ================ 168.026
LDB: ============= START OF LOAD BALANCING ============== 168.116
LDB: TIME 168.117 LOAD: AVG 0.0264319 MAX 0.0462976  PROXIES: TOTAL 128 MAXPE 16 MAXPATCH 4 None MEM: 0 MB
LDB: TIME 168.117 LOAD: AVG 0.0264319 MAX 0.0462976  PROXIES: TOTAL 128 MAXPE 16 MAXPATCH 4 RefineTorusLB MEM: 0 MB
LDB: TIME 168.117 LOAD: AVG 0.0264319 MAX 0.0462976  PROXIES: TOTAL 128 MAXPE 16 MAXPATCH 4 RefineTorusLB MEM: 0 MB
LDB: ============== END OF LOAD BALANCING =============== 168.118
Info: useSync: 0 useProxySync: 0
LDB: =============== DONE WITH MIGRATION ================ 168.118
ENERGY: 1838500        68.4791       189.2038       138.8670         0.0000         -60344.6372      7430.1779         0.0000         0.0000      9765.7908         -42752.1186       306.1531    -52517.9094    -42729.2730       309.9643             91.4815       181.7002    162155.3334        -2.3203        -2.9845

ENERGY: 1839000        80.1726       206.8093       142.5265         0.0000         -60254.7617      7317.5627         0.0000         0.0000      9883.3373         -42624.3533       309.8381    -52507.6906    -42604.0036       311.1195             23.9447       102.5164    161433.3019         7.0017         6.9163

WRITING COORDINATES TO DCD FILE 04_prod_1ns/prod_04.dcd AT STEP 1839000
ENERGY: 1839500        66.1991       188.1906       148.9418         0.0000         -60164.6271      7154.4691         0.0000         0.0000      9921.1319         -42685.6946       311.0230    -52606.8265    -42660.2329       309.4958           -337.2714      -275.9443    163167.5016         1.9684         1.7023

TIMING: 1840000  CPU: 172.453, 0.00190636/step  Wall: 170.977, 0.00189436/step, 0.215746 hours remaining, 0.000000 MB of memory in use.
PERFORMANCE: 1840000  averaging 90.9849 ns/day, 0.00189922 sec/step with standard deviation 1.72639e-05
ETITLE:      TS           BOND          ANGLE          DIHED          IMPRP               ELECT            VDW       BOUNDARY           MISC        KINETIC               TOTAL           TEMP      POTENTIAL         TOTAL3        TEMPAVG            PRESSURE      GPRESSURE         VOLUME       PRESSAVG      GPRESSAVG

ENERGY: 1840000        66.9647       196.0442       148.9747         0.0000         -60301.8574      7302.9682         0.0000         0.0000      9902.5606         -42684.3451       310.4408    -52586.9056    -42665.2980       309.1296            -70.2506        15.9975    162941.1127        -4.1979        -2.8973

WRITING EXTENDED SYSTEM TO RESTART FILE AT STEP 1840000
WRITING COORDINATES TO DCD FILE 04_prod_1ns/prod_04.dcd AT STEP 1840000
WRITING COORDINATES TO RESTART FILE AT STEP 1840000
FINISHED WRITING RESTART COORDINATES
WRITING VELOCITIES TO RESTART FILE AT STEP 1840000
FINISHED WRITING RESTART VELOCITIES
LDB: ============= START OF LOAD BALANCING ============== 171.866
LDB: ============== END OF LOAD BALANCING =============== 171.866
Info: useSync: 0 useProxySync: 0
LDB: =============== DONE WITH MIGRATION ================ 171.867
LDB: ============= START OF LOAD BALANCING ============== 171.961
LDB: TIME 171.961 LOAD: AVG 0.0267903 MAX 0.0496521  PROXIES: TOTAL 128 MAXPE 16 MAXPATCH 4 None MEM: 0 MB
LDB: TIME 171.962 LOAD: AVG 0.0267903 MAX 0.0496521  PROXIES: TOTAL 128 MAXPE 16 MAXPATCH 4 RefineTorusLB MEM: 0 MB
LDB: TIME 171.962 LOAD: AVG 0.0267903 MAX 0.0496521  PROXIES: TOTAL 128 MAXPE 16 MAXPATCH 4 RefineTorusLB MEM: 0 MB
LDB: Reverting to original mapping
LDB: ============== END OF LOAD BALANCING =============== 171.963
Info: useSync: 0 useProxySync: 0
LDB: =============== DONE WITH MIGRATION ================ 171.964
ENERGY: 1840500        77.5800       206.5992       136.3155         0.0000         -60127.2674      7227.8792         0.0000         0.0000      9792.7027         -42686.1908       306.9968    -52478.8935    -42669.0878       310.0700            -76.5161        -1.4556    162125.0904       -11.6182       -12.4979

ENERGY: 1841000        75.2210       206.5780       149.2776         0.0000         -60103.0577      7313.4734         0.0000         0.0000      9749.4375         -42609.0700       305.6404    -52358.5076    -42587.0155       308.6816           -230.3117      -133.6802    163408.8809         0.3569         0.6013

WRITING COORDINATES TO DCD FILE 04_prod_1ns/prod_04.dcd AT STEP 1841000
ENERGY: 1841500        68.8237       200.7705       151.2463         0.0000         -59984.5010      7188.3308         0.0000         0.0000      9777.0969         -42598.2329       306.5075    -52375.3298    -42583.7526       310.9116           -249.5803      -162.6256    163086.4567         2.5785         1.5329

ENERGY: 1842000        70.6463       193.6088       155.0639         0.0000         -60032.1636      7223.1636         0.0000         0.0000      9894.6683         -42495.0128       310.1933    -52389.6810    -42476.3337       310.9336           -199.6227       -80.1984    162576.5321       -13.9074       -13.4065

WRITING COORDINATES TO DCD FILE 04_prod_1ns/prod_04.dcd AT STEP 1842000
LDB: ============= START OF LOAD BALANCING ============== 175.613
LDB: ============== END OF LOAD BALANCING =============== 175.614
Info: useSync: 0 useProxySync: 0
LDB: =============== DONE WITH MIGRATION ================ 175.614
LDB: ============= START OF LOAD BALANCING ============== 175.707
LDB: TIME 175.708 LOAD: AVG 0.026528 MAX 0.051948  PROXIES: TOTAL 128 MAXPE 16 MAXPATCH 4 None MEM: 0 MB
LDB: TIME 175.708 LOAD: AVG 0.026528 MAX 0.051948  PROXIES: TOTAL 128 MAXPE 16 MAXPATCH 4 RefineTorusLB MEM: 0 MB
LDB: TIME 175.708 LOAD: AVG 0.026528 MAX 0.051948  PROXIES: TOTAL 128 MAXPE 16 MAXPATCH 4 RefineTorusLB MEM: 0 MB
LDB: Reverting to original mapping
LDB: ============== END OF LOAD BALANCING =============== 175.709
Info: useSync: 0 useProxySync: 0
LDB: =============== DONE WITH MIGRATION ================ 175.709
ENERGY: 1842500        79.4140       223.5450       137.5245         0.0000         -60112.6724      7259.9335         0.0000         0.0000      9859.1045         -42553.1509       309.0784    -52412.2554    -42534.8256       311.7406           -229.4136      -121.9227    162716.6442       -11.4874       -12.5204

ENERGY: 1843000        68.5272       199.6246       145.0568         0.0000         -60175.9987      7176.7462         0.0000         0.0000      9966.4206         -42619.6233       312.4427    -52586.0439    -42600.1674       311.0905           -174.7522       -92.3990    162095.3525        -2.0477        -2.3340

WRITING COORDINATES TO DCD FILE 04_prod_1ns/prod_04.dcd AT STEP 1843000
ENERGY: 1843500        68.3444       178.8455       145.0623         0.0000         -60298.9407      7270.6133         0.0000         0.0000      9934.8565         -42701.2187       311.4532    -52636.0752    -42678.4963       310.6277           -162.1558       -35.7693    162062.2587         2.9405         2.8337

ENERGY: 1844000        70.7145       197.4301       146.0496         0.0000         -60384.2225      7330.1595         0.0000         0.0000      9844.0912         -42795.7776       308.6078    -52639.8688    -42772.5200       310.1183            -32.2275        50.8278    162367.7361         5.3647         5.4005

WRITING COORDINATES TO DCD FILE 04_prod_1ns/prod_04.dcd AT STEP 1844000
LDB: ============= START OF LOAD BALANCING ============== 179.356
LDB: ============== END OF LOAD BALANCING =============== 179.357
Info: useSync: 0 useProxySync: 0
LDB: =============== DONE WITH MIGRATION ================ 179.357
LDB: ============= START OF LOAD BALANCING ============== 179.452
LDB: TIME 179.453 LOAD: AVG 0.0269434 MAX 0.0485592  PROXIES: TOTAL 128 MAXPE 16 MAXPATCH 4 None MEM: 0 MB
LDB: TIME 179.453 LOAD: AVG 0.0269434 MAX 0.0485592  PROXIES: TOTAL 128 MAXPE 16 MAXPATCH 4 RefineTorusLB MEM: 0 MB
LDB: TIME 179.453 LOAD: AVG 0.0269434 MAX 0.0485592  PROXIES: TOTAL 128 MAXPE 16 MAXPATCH 4 RefineTorusLB MEM: 0 MB
LDB: ============== END OF LOAD BALANCING =============== 179.453
Info: useSync: 0 useProxySync: 0
LDB: =============== DONE WITH MIGRATION ================ 179.454
ENERGY: 1844500        89.2018       203.3099       143.7298         0.0000         -60074.4154      7175.7699         0.0000         0.0000      9919.5645         -42542.8396       310.9738    -52462.4041    -42513.0680       310.8371           -146.3526       -63.3943    161552.2902         2.0442         1.5602

TIMING: 1845000  CPU: 181.969, 0.00190305/step  Wall: 180.439, 0.00189237/step, 0.212892 hours remaining, 0.000000 MB of memory in use.
PERFORMANCE: 1845000  averaging 91.0021 ns/day, 0.00189886 sec/step with standard deviation 1.68509e-05
ETITLE:      TS           BOND          ANGLE          DIHED          IMPRP               ELECT            VDW       BOUNDARY           MISC        KINETIC               TOTAL           TEMP      POTENTIAL         TOTAL3        TEMPAVG            PRESSURE      GPRESSURE         VOLUME       PRESSAVG      GPRESSAVG

ENERGY: 1845000        66.4557       190.8905       142.8250         0.0000         -60413.2250      7308.6303         0.0000         0.0000     10056.6927         -42647.7308       315.2727    -52704.4236    -42623.5257       312.3699            -68.0330        -3.3446    161897.4984        -7.7591        -6.8159

WRITING EXTENDED SYSTEM TO RESTART FILE AT STEP 1845000
WRITING COORDINATES TO DCD FILE 04_prod_1ns/prod_04.dcd AT STEP 1845000
WRITING COORDINATES TO RESTART FILE AT STEP 1845000
FINISHED WRITING RESTART COORDINATES
WRITING VELOCITIES TO RESTART FILE AT STEP 1845000
FINISHED WRITING RESTART VELOCITIES
ENERGY: 1845500        79.5265       193.9957       143.4003         0.0000         -60108.5480      7235.2268         0.0000         0.0000      9945.1681         -42511.2305       311.7765    -52456.3986    -42490.9257       311.9309            -40.8450        34.6291    161639.0448        -2.8275        -2.0911

ENERGY: 1846000        68.4029       213.7074       147.0253         0.0000         -60110.9920      7227.7679         0.0000         0.0000      9980.8635         -42473.2249       312.8955    -52454.0884    -42448.7610       312.2689            -47.7060        37.0640    162624.0282        14.1441        14.4669

WRITING COORDINATES TO DCD FILE 04_prod_1ns/prod_04.dcd AT STEP 1846000
LDB: ============= START OF LOAD BALANCING ============== 183.248
LDB: ============== END OF LOAD BALANCING =============== 183.249
Info: useSync: 0 useProxySync: 0
LDB: =============== DONE WITH MIGRATION ================ 183.25
LDB: ============= START OF LOAD BALANCING ============== 183.345
LDB: TIME 183.345 LOAD: AVG 0.0261299 MAX 0.0495776  PROXIES: TOTAL 128 MAXPE 16 MAXPATCH 4 None MEM: 0 MB
LDB: TIME 183.345 LOAD: AVG 0.0261299 MAX 0.0495776  PROXIES: TOTAL 128 MAXPE 16 MAXPATCH 4 RefineTorusLB MEM: 0 MB
LDB: TIME 183.346 LOAD: AVG 0.0261299 MAX 0.0495776  PROXIES: TOTAL 128 MAXPE 16 MAXPATCH 4 RefineTorusLB MEM: 0 MB
LDB: ============== END OF LOAD BALANCING =============== 183.346
Info: useSync: 0 useProxySync: 0
LDB: =============== DONE WITH MIGRATION ================ 183.347
ENERGY: 1846500        80.8368       216.1753       154.1581         0.0000         -59978.8145      7097.0067         0.0000         0.0000     10022.2777         -42408.3600       314.1938    -52430.6376    -42383.4822       312.9207           -420.9137      -361.5843    163708.0438        -5.3711        -5.7949

ENERGY: 1847000        78.1288       202.2776       146.9858         0.0000         -60153.4656      7293.6005         0.0000         0.0000     10027.7503         -42404.7226       314.3654    -52432.4729    -42380.3552       313.2432            -70.9090        12.3706    163230.9115        -5.7376        -5.3571

WRITING COORDINATES TO DCD FILE 04_prod_1ns/prod_04.dcd AT STEP 1847000
ENERGY: 1847500        63.1663       227.7064       149.1409         0.0000         -60334.0214      7411.0676         0.0000         0.0000      9897.1973         -42585.7430       310.2726    -52482.9402    -42568.3921       312.2042            107.9256       208.7325    162502.3344        -5.4035        -4.1279

ENERGY: 1848000        70.1154       206.4303       159.9883         0.0000         -60269.8239      7364.6007         0.0000         0.0000      9876.4900         -42592.1991       309.6235    -52468.6892    -42575.1675       310.3518            141.8846       211.0232    162733.7759        -4.0358        -4.8334

WRITING COORDINATES TO DCD FILE 04_prod_1ns/prod_04.dcd AT STEP 1848000
LDB: ============= START OF LOAD BALANCING ============== 187.002
LDB: ============== END OF LOAD BALANCING =============== 187.002
Info: useSync: 0 useProxySync: 0
LDB: =============== DONE WITH MIGRATION ================ 187.003
LDB: ============= START OF LOAD BALANCING ============== 187.096
LDB: TIME 187.097 LOAD: AVG 0.0280582 MAX 0.0479276  PROXIES: TOTAL 128 MAXPE 16 MAXPATCH 4 None MEM: 0 MB
LDB: TIME 187.097 LOAD: AVG 0.0280582 MAX 0.0479276  PROXIES: TOTAL 128 MAXPE 16 MAXPATCH 4 RefineTorusLB MEM: 0 MB
LDB: TIME 187.097 LOAD: AVG 0.0280582 MAX 0.0479276  PROXIES: TOTAL 128 MAXPE 16 MAXPATCH 4 RefineTorusLB MEM: 0 MB
LDB: ============== END OF LOAD BALANCING =============== 187.097
Info: useSync: 0 useProxySync: 0
LDB: =============== DONE WITH MIGRATION ================ 187.098
ENERGY: 1848500        71.1176       220.3849       150.0353         0.0000         -59913.3869      7122.4507         0.0000         0.0000      9873.1035         -42476.2949       309.5173    -52349.3984    -42455.1826       311.3331           -418.5343      -328.5327    163657.4251        -4.1001        -2.6282

ENERGY: 1849000        81.2097       193.3465       149.8828         0.0000         -60053.1737      7206.1305         0.0000         0.0000     10047.6062         -42374.9981       314.9879    -52422.6042    -42344.3757       314.2068           -144.3967       -40.6548    162139.7310        -1.3213        -1.4098

WRITING COORDINATES TO DCD FILE 04_prod_1ns/prod_04.dcd AT STEP 1849000
ENERGY: 1849500        59.3185       198.9439       138.7036         0.0000         -60181.3344      7279.3291         0.0000         0.0000      9969.5420         -42535.4973       312.5406    -52505.0393    -42513.4780       312.6076           -112.4741       -31.5894    162283.9170        15.6407        15.8333

TIMING: 1850000  CPU: 191.516, 0.00190938/step  Wall: 189.953, 0.00190274/step, 0.211416 hours remaining, 0.000000 MB of memory in use.
PERFORMANCE: 1850000  averaging 90.9928 ns/day, 0.00189905 sec/step with standard deviation 1.64244e-05
ETITLE:      TS           BOND          ANGLE          DIHED          IMPRP               ELECT            VDW       BOUNDARY           MISC        KINETIC               TOTAL           TEMP      POTENTIAL         TOTAL3        TEMPAVG            PRESSURE      GPRESSURE         VOLUME       PRESSAVG      GPRESSAVG

ENERGY: 1850000        79.7779       215.6467       135.8013         0.0000         -60505.9758      7507.3450         0.0000         0.0000      9956.5614         -42610.8434       312.1337    -52567.4048    -42589.6549       310.3654            277.6391       359.4824    162018.5258        -1.3141        -2.1803

WRITING EXTENDED SYSTEM TO RESTART FILE AT STEP 1850000
WRITING COORDINATES TO DCD FILE 04_prod_1ns/prod_04.dcd AT STEP 1850000
WRITING COORDINATES TO RESTART FILE AT STEP 1850000
FINISHED WRITING RESTART COORDINATES
WRITING VELOCITIES TO RESTART FILE AT STEP 1850000
FINISHED WRITING RESTART VELOCITIES
LDB: ============= START OF LOAD BALANCING ============== 190.87
LDB: ============== END OF LOAD BALANCING =============== 190.87
Info: useSync: 0 useProxySync: 0
LDB: =============== DONE WITH MIGRATION ================ 190.871
LDB: ============= START OF LOAD BALANCING ============== 190.962
LDB: TIME 190.963 LOAD: AVG 0.027076 MAX 0.0421056  PROXIES: TOTAL 128 MAXPE 16 MAXPATCH 4 None MEM: 0 MB
LDB: TIME 190.963 LOAD: AVG 0.027076 MAX 0.0421056  PROXIES: TOTAL 128 MAXPE 16 MAXPATCH 4 RefineTorusLB MEM: 0 MB
LDB: TIME 190.963 LOAD: AVG 0.027076 MAX 0.0421056  PROXIES: TOTAL 128 MAXPE 16 MAXPATCH 4 RefineTorusLB MEM: 0 MB
LDB: ============== END OF LOAD BALANCING =============== 190.963
Info: useSync: 0 useProxySync: 0
LDB: =============== DONE WITH MIGRATION ================ 190.964
ENERGY: 1850500        74.8776       189.4775       139.4331         0.0000         -60333.3869      7326.6262         0.0000         0.0000      9918.0219         -42684.9507       310.9255    -52602.9725    -42661.8387       310.4424            -93.3207         7.4263    162377.0145        16.1639        16.9260

ENERGY: 1851000        64.6597       205.9817       129.1892         0.0000         -60579.0428      7500.4504         0.0000         0.0000      9868.1408         -42810.6210       309.3617    -52678.7618    -42788.9278       309.3349            268.7020       336.5369    161307.2381        -2.0278        -1.7329

WRITING COORDINATES TO DCD FILE 04_prod_1ns/prod_04.dcd AT STEP 1851000
ENERGY: 1851500        80.5868       181.9850       144.3245         0.0000         -60656.1510      7408.4517         0.0000         0.0000      9804.3489         -43036.4542       307.3619    -52840.8030    -43014.7392       307.5773           -121.8130       -47.8033    161686.7894        -0.6180         0.3189

ENERGY: 1852000        80.7244       179.8833       146.4861         0.0000         -60542.5523      7350.4441         0.0000         0.0000      9828.4288         -42956.5857       308.1168    -52785.0145    -42927.3025       307.3855           -221.4503      -142.7745    162058.3235         0.1041         0.0268

WRITING COORDINATES TO DCD FILE 04_prod_1ns/prod_04.dcd AT STEP 1852000
LDB: ============= START OF LOAD BALANCING ============== 194.629
LDB: ============== END OF LOAD BALANCING =============== 194.629
Info: useSync: 0 useProxySync: 0
LDB: =============== DONE WITH MIGRATION ================ 194.63
LDB: ============= START OF LOAD BALANCING ============== 194.725
LDB: TIME 194.725 LOAD: AVG 0.0259609 MAX 0.0481339  PROXIES: TOTAL 128 MAXPE 16 MAXPATCH 4 None MEM: 0 MB
LDB: TIME 194.726 LOAD: AVG 0.0259609 MAX 0.0481339  PROXIES: TOTAL 128 MAXPE 16 MAXPATCH 4 RefineTorusLB MEM: 0 MB
LDB: TIME 194.726 LOAD: AVG 0.0259609 MAX 0.0481339  PROXIES: TOTAL 128 MAXPE 16 MAXPATCH 4 RefineTorusLB MEM: 0 MB
LDB: ============== END OF LOAD BALANCING =============== 194.726
Info: useSync: 0 useProxySync: 0
LDB: =============== DONE WITH MIGRATION ================ 194.727
ENERGY: 1852500        72.1633       189.1713       149.5014         0.0000         -60366.7861      7324.7825         0.0000         0.0000      9903.9071         -42727.2604       310.4830    -52631.1676    -42709.9387       307.8516            -77.9422        23.2069    161738.3894        -6.3757        -6.7625

ENERGY: 1853000        70.2204       224.1250       142.3674         0.0000         -60288.3671      7327.5995         0.0000         0.0000      9930.2407         -42593.8140       311.3085    -52524.0547    -42571.4039       310.4509              5.4483       109.2360    162236.8584         8.4203         8.1614

WRITING COORDINATES TO DCD FILE 04_prod_1ns/prod_04.dcd AT STEP 1853000
ENERGY: 1853500        86.4983       180.3582       134.7495         0.0000         -60450.0627      7333.9700         0.0000         0.0000      9934.1076         -42780.3792       311.4298    -52714.4868    -42759.9319       310.1200           -250.2746      -150.8911    163240.7440         2.6982         3.9310

ENERGY: 1854000        86.8412       190.1687       141.1103         0.0000         -60308.0460      7341.1658         0.0000         0.0000      9893.3517         -42655.4083       310.1521    -52548.7600    -42632.5342       310.0176            -86.7938       -32.0172    162341.6577        -1.2604        -1.1118

WRITING COORDINATES TO DCD FILE 04_prod_1ns/prod_04.dcd AT STEP 1854000
LDB: ============= START OF LOAD BALANCING ============== 198.365
LDB: ============== END OF LOAD BALANCING =============== 198.365
Info: useSync: 0 useProxySync: 0
LDB: =============== DONE WITH MIGRATION ================ 198.366
LDB: ============= START OF LOAD BALANCING ============== 198.459
LDB: TIME 198.459 LOAD: AVG 0.0262407 MAX 0.0489574  PROXIES: TOTAL 128 MAXPE 16 MAXPATCH 4 None MEM: 0 MB
LDB: TIME 198.459 LOAD: AVG 0.0262407 MAX 0.0489574  PROXIES: TOTAL 128 MAXPE 16 MAXPATCH 4 RefineTorusLB MEM: 0 MB
LDB: TIME 198.459 LOAD: AVG 0.0262407 MAX 0.0489574  PROXIES: TOTAL 128 MAXPE 16 MAXPATCH 4 RefineTorusLB MEM: 0 MB
LDB: ============== END OF LOAD BALANCING =============== 198.46
Info: useSync: 0 useProxySync: 0
LDB: =============== DONE WITH MIGRATION ================ 198.46
ENERGY: 1854500        61.1382       214.8796       144.9489         0.0000         -60279.6052      7205.1594         0.0000         0.0000      9848.3783         -42805.1008       308.7422    -52653.4791    -42783.7663       310.4773            -57.4257        21.7031    162392.3362       -23.0876       -23.5225

TIMING: 1855000  CPU: 201.082, 0.00191337/step  Wall: 199.446, 0.00189865/step, 0.208324 hours remaining, 0.000000 MB of memory in use.
PERFORMANCE: 1855000  averaging 90.9937 ns/day, 0.00189903 sec/step with standard deviation 1.60088e-05
ETITLE:      TS           BOND          ANGLE          DIHED          IMPRP               ELECT            VDW       BOUNDARY           MISC        KINETIC               TOTAL           TEMP      POTENTIAL         TOTAL3        TEMPAVG            PRESSURE      GPRESSURE         VOLUME       PRESSAVG      GPRESSAVG

ENERGY: 1855000        81.2208       192.5044       152.6587         0.0000         -60355.1014      7366.5782         0.0000         0.0000      9715.8380         -42846.3014       304.5871    -52562.1393    -42818.1787       310.0119             29.8993       112.8829    161539.0111         3.5390         3.9722

WRITING EXTENDED SYSTEM TO RESTART FILE AT STEP 1855000
WRITING COORDINATES TO DCD FILE 04_prod_1ns/prod_04.dcd AT STEP 1855000
WRITING COORDINATES TO RESTART FILE AT STEP 1855000
FINISHED WRITING RESTART COORDINATES
WRITING VELOCITIES TO RESTART FILE AT STEP 1855000
FINISHED WRITING RESTART VELOCITIES
ENERGY: 1855500        77.7543       184.3589       142.5348         0.0000         -60466.0996      7321.5793         0.0000         0.0000      9821.1868         -42918.6854       307.8897    -52739.8722    -42900.3405       307.7671           -184.4545       -98.6925    162302.9419         3.5891         5.4375

ENERGY: 1856000        65.0911       195.1199       149.3582         0.0000         -60427.2422      7289.8674         0.0000         0.0000      9898.6555         -42829.1501       310.3183    -52727.8055    -42805.2691       308.6594            -25.8358        73.3791    160783.9671        -9.4336        -7.9550

WRITING COORDINATES TO DCD FILE 04_prod_1ns/prod_04.dcd AT STEP 1856000
LDB: ============= START OF LOAD BALANCING ============== 202.225
LDB: ============== END OF LOAD BALANCING =============== 202.225
Info: useSync: 0 useProxySync: 0
LDB: =============== DONE WITH MIGRATION ================ 202.226
LDB: ============= START OF LOAD BALANCING ============== 202.322
LDB: TIME 202.322 LOAD: AVG 0.0274747 MAX 0.0510169  PROXIES: TOTAL 128 MAXPE 16 MAXPATCH 4 None MEM: 0 MB
LDB: TIME 202.323 LOAD: AVG 0.0274747 MAX 0.0510169  PROXIES: TOTAL 128 MAXPE 16 MAXPATCH 4 RefineTorusLB MEM: 0 MB
LDB: TIME 202.323 LOAD: AVG 0.0274747 MAX 0.0510169  PROXIES: TOTAL 128 MAXPE 16 MAXPATCH 4 RefineTorusLB MEM: 0 MB
LDB: ============== END OF LOAD BALANCING =============== 202.323
Info: useSync: 0 useProxySync: 0
LDB: =============== DONE WITH MIGRATION ================ 202.324
ENERGY: 1856500        94.0484       206.9999       151.9815         0.0000         -60477.6462      7374.9008         0.0000         0.0000     10004.9049         -42644.8107       313.6492    -52649.7156    -42616.1376       309.0911              9.5526        93.7381    161365.9351         2.1426         1.2526

ENERGY: 1857000        77.2690       183.2482       146.5838         0.0000         -60398.8632      7259.3408         0.0000         0.0000      9957.3117         -42775.1096       312.1572    -52732.4213    -42754.3003       310.5184           -278.5562      -149.0864    161924.2063        -6.8158        -6.6425

WRITING COORDINATES TO DCD FILE 04_prod_1ns/prod_04.dcd AT STEP 1857000
ENERGY: 1857500        80.3200       191.7171       145.5368         0.0000         -60392.5402      7322.4484         0.0000         0.0000      9837.8663         -42814.6515       308.4126    -52652.5178    -42789.6916       308.1672           -177.4324       -65.2809    162041.1465        -6.9025        -7.2030

ENERGY: 1858000        71.2640       199.4434       152.8246         0.0000         -60423.9815      7423.1320         0.0000         0.0000      9895.2090         -42682.1084       310.2103    -52577.3175    -42662.5371       309.8590             15.8561        89.7015    162726.4138         2.2799         2.7659

WRITING COORDINATES TO DCD FILE 04_prod_1ns/prod_04.dcd AT STEP 1858000
LDB: ============= START OF LOAD BALANCING ============== 205.819
LDB: ============== END OF LOAD BALANCING =============== 205.819
Info: useSync: 0 useProxySync: 0
LDB: =============== DONE WITH MIGRATION ================ 205.82
LDB: ============= START OF LOAD BALANCING ============== 205.91
LDB: TIME 205.91 LOAD: AVG 0.0247253 MAX 0.045306  PROXIES: TOTAL 128 MAXPE 16 MAXPATCH 4 None MEM: 0 MB
LDB: TIME 205.91 LOAD: AVG 0.0247253 MAX 0.045306  PROXIES: TOTAL 128 MAXPE 16 MAXPATCH 4 RefineTorusLB MEM: 0 MB
LDB: TIME 205.911 LOAD: AVG 0.0247253 MAX 0.045306  PROXIES: TOTAL 128 MAXPE 16 MAXPATCH 4 RefineTorusLB MEM: 0 MB
LDB: Reverting to original mapping
LDB: ============== END OF LOAD BALANCING =============== 205.911
Info: useSync: 0 useProxySync: 0
LDB: =============== DONE WITH MIGRATION ================ 205.912
ENERGY: 1858500        84.3402       182.5606       154.4917         0.0000         -60394.8840      7271.7277         0.0000         0.0000      9776.3948         -42925.3691       306.4855    -52701.7638    -42901.8725       309.5267           -326.9040      -236.4756    162820.0145        -5.3813        -5.6300

ENERGY: 1859000        78.1335       199.1180       147.5143         0.0000         -60649.1040      7459.1225         0.0000         0.0000      9963.1374         -42802.0782       312.3398    -52765.2156    -42778.4978       309.0740            -80.8804        -8.4313    163186.1739       -18.6635       -18.1855

WRITING COORDINATES TO DCD FILE 04_prod_1ns/prod_04.dcd AT STEP 1859000
ENERGY: 1859500        70.5965       210.1229       147.4688         0.0000         -60396.2015      7416.3812         0.0000         0.0000      9920.2925         -42631.3395       310.9967    -52551.6320    -42608.9335       310.0285            121.5322       202.7289    162983.0306        -1.0333        -0.2931

TIMING: 1860000  CPU: 210.667, 0.00191695/step  Wall: 208.64, 0.00183885/step, 0.199209 hours remaining, 0.000000 MB of memory in use.
PERFORMANCE: 1860000  averaging 91.125 ns/day, 0.0018963 sec/step with standard deviation 2.02163e-05
ETITLE:      TS           BOND          ANGLE          DIHED          IMPRP               ELECT            VDW       BOUNDARY           MISC        KINETIC               TOTAL           TEMP      POTENTIAL         TOTAL3        TEMPAVG            PRESSURE      GPRESSURE         VOLUME       PRESSAVG      GPRESSAVG

ENERGY: 1860000        78.3075       220.2416       142.3039         0.0000         -60144.1696      7305.8383         0.0000         0.0000      9792.5579         -42604.9204       306.9922    -52397.4782    -42581.8841       311.1136            -75.6245       -12.2938    162594.6383         5.7163         5.4891

WRITING EXTENDED SYSTEM TO RESTART FILE AT STEP 1860000
WRITING COORDINATES TO DCD FILE 04_prod_1ns/prod_04.dcd AT STEP 1860000
WRITING COORDINATES TO RESTART FILE AT STEP 1860000
FINISHED WRITING RESTART COORDINATES
WRITING VELOCITIES TO RESTART FILE AT STEP 1860000
FINISHED WRITING RESTART VELOCITIES
LDB: ============= START OF LOAD BALANCING ============== 209.584
LDB: ============== END OF LOAD BALANCING =============== 209.585
Info: useSync: 0 useProxySync: 0
LDB: =============== DONE WITH MIGRATION ================ 209.585
LDB: ============= START OF LOAD BALANCING ============== 209.68
LDB: TIME 209.681 LOAD: AVG 0.0259434 MAX 0.0493412  PROXIES: TOTAL 128 MAXPE 16 MAXPATCH 4 None MEM: 0 MB
LDB: TIME 209.681 LOAD: AVG 0.0259434 MAX 0.0493412  PROXIES: TOTAL 128 MAXPE 16 MAXPATCH 4 RefineTorusLB MEM: 0 MB
LDB: TIME 209.681 LOAD: AVG 0.0259434 MAX 0.0493412  PROXIES: TOTAL 128 MAXPE 16 MAXPATCH 4 RefineTorusLB MEM: 0 MB
LDB: ============== END OF LOAD BALANCING =============== 209.681
Info: useSync: 0 useProxySync: 0
LDB: =============== DONE WITH MIGRATION ================ 209.682
ENERGY: 1860500        70.4784       211.4600       145.5352         0.0000         -60277.5931      7239.5878         0.0000         0.0000      9939.7477         -42670.7841       311.6066    -52610.5318    -42647.7578       310.5251           -274.9710      -178.1596    162429.3650         7.6346         7.3232

ENERGY: 1861000        62.4086       208.2100       152.0147         0.0000         -60141.3312      7310.9068         0.0000         0.0000      9896.3532         -42511.4379       310.2462    -52407.7911    -42490.3376       310.5655            -20.3889        92.5646    162609.5299         7.0175         5.9676

WRITING COORDINATES TO DCD FILE 04_prod_1ns/prod_04.dcd AT STEP 1861000
ENERGY: 1861500        81.8112       205.6688       147.0232         0.0000         -60200.4446      7284.7126         0.0000         0.0000      9952.4207         -42528.8080       312.0039    -52481.2288    -42502.2683       310.9821           -240.5136      -154.0494    162827.6437         2.5007         2.4531

ENERGY: 1862000        70.0888       200.3574       147.7978         0.0000         -60317.7648      7354.9338         0.0000         0.0000      9908.3587         -42636.2283       310.6225    -52544.5870    -42614.8708       310.2198             81.6358       151.7089    162060.4422       -12.1931       -12.2965

WRITING COORDINATES TO DCD FILE 04_prod_1ns/prod_04.dcd AT STEP 1862000
LDB: ============= START OF LOAD BALANCING ============== 213.326
LDB: ============== END OF LOAD BALANCING =============== 213.326
Info: useSync: 0 useProxySync: 0
LDB: =============== DONE WITH MIGRATION ================ 213.326
LDB: ============= START OF LOAD BALANCING ============== 213.419
LDB: TIME 213.419 LOAD: AVG 0.0249405 MAX 0.0454071  PROXIES: TOTAL 128 MAXPE 16 MAXPATCH 4 None MEM: 0 MB
LDB: TIME 213.419 LOAD: AVG 0.0249405 MAX 0.0454071  PROXIES: TOTAL 128 MAXPE 16 MAXPATCH 4 RefineTorusLB MEM: 0 MB
LDB: TIME 213.419 LOAD: AVG 0.0249405 MAX 0.0454071  PROXIES: TOTAL 128 MAXPE 16 MAXPATCH 4 RefineTorusLB MEM: 0 MB
LDB: Reverting to original mapping
LDB: ============== END OF LOAD BALANCING =============== 213.42
Info: useSync: 0 useProxySync: 0
LDB: =============== DONE WITH MIGRATION ================ 213.42
ENERGY: 1862500        63.3621       198.0644       149.2020         0.0000         -60495.9582      7424.6955         0.0000         0.0000      9980.0892         -42680.5450       312.8713    -52660.6341    -42657.4055       310.6403             81.1187       181.7923    162087.0103        -2.3649        -1.8851

ENERGY: 1863000        68.2795       199.8218       149.2615         0.0000         -60401.3220      7344.0782         0.0000         0.0000      9930.2196         -42709.6614       311.3079    -52639.8810    -42684.9768       309.6904           -150.6816       -58.3085    163238.5839        -4.1046        -5.7230

WRITING COORDINATES TO DCD FILE 04_prod_1ns/prod_04.dcd AT STEP 1863000
ENERGY: 1863500        73.7600       217.3019       148.2804         0.0000         -60221.1264      7333.0625         0.0000         0.0000      9923.3613         -42525.3603       311.0929    -52448.7216    -42506.4058       311.2608            -85.1712        38.4928    162768.5322         9.2865         8.7826

ENERGY: 1864000        71.6319       196.3756       146.3781         0.0000         -60485.0325      7395.6387         0.0000         0.0000      9997.2287         -42677.7794       313.4086    -52675.0081    -42655.9586       311.6110             42.9465       122.7982    161869.2451         7.3222         6.9785

WRITING COORDINATES TO DCD FILE 04_prod_1ns/prod_04.dcd AT STEP 1864000
LDB: ============= START OF LOAD BALANCING ============== 217.067
LDB: ============== END OF LOAD BALANCING =============== 217.068
Info: useSync: 0 useProxySync: 0
LDB: =============== DONE WITH MIGRATION ================ 217.068
LDB: ============= START OF LOAD BALANCING ============== 217.163
LDB: TIME 217.164 LOAD: AVG 0.0262703 MAX 0.0491427  PROXIES: TOTAL 128 MAXPE 16 MAXPATCH 4 None MEM: 0 MB
LDB: TIME 217.164 LOAD: AVG 0.0262703 MAX 0.0491427  PROXIES: TOTAL 128 MAXPE 16 MAXPATCH 4 RefineTorusLB MEM: 0 MB
LDB: TIME 217.164 LOAD: AVG 0.0262703 MAX 0.0491427  PROXIES: TOTAL 128 MAXPE 16 MAXPATCH 4 RefineTorusLB MEM: 0 MB
LDB: ============== END OF LOAD BALANCING =============== 217.164
Info: useSync: 0 useProxySync: 0
LDB: =============== DONE WITH MIGRATION ================ 217.165
ENERGY: 1864500        93.3407       194.3582       145.5507         0.0000         -60101.7926      7193.5152         0.0000         0.0000      9936.9211         -42538.1066       311.5180    -52475.0278    -42519.0180       309.7872           -318.7764      -223.5072    162281.5991        -4.2818        -3.7721

TIMING: 1865000  CPU: 220.22, 0.00191054/step  Wall: 218.147, 0.00190138/step, 0.203342 hours remaining, 0.000000 MB of memory in use.
PERFORMANCE: 1865000  averaging 91.1144 ns/day, 0.00189652 sec/step with standard deviation 1.978e-05
ETITLE:      TS           BOND          ANGLE          DIHED          IMPRP               ELECT            VDW       BOUNDARY           MISC        KINETIC               TOTAL           TEMP      POTENTIAL         TOTAL3        TEMPAVG            PRESSURE      GPRESSURE         VOLUME       PRESSAVG      GPRESSAVG

ENERGY: 1865000        81.1682       201.3331       148.2291         0.0000         -59791.4043      7074.3040         0.0000         0.0000      9923.8296         -42362.5402       311.1075    -52286.3698    -42339.9733       311.7376           -334.4044      -242.8113    163514.6489         7.0829         7.7524

WRITING EXTENDED SYSTEM TO RESTART FILE AT STEP 1865000
WRITING COORDINATES TO DCD FILE 04_prod_1ns/prod_04.dcd AT STEP 1865000
WRITING COORDINATES TO RESTART FILE AT STEP 1865000
FINISHED WRITING RESTART COORDINATES
WRITING VELOCITIES TO RESTART FILE AT STEP 1865000
FINISHED WRITING RESTART VELOCITIES
ENERGY: 1865500        99.2398       229.6891       153.4537         0.0000         -60364.3352      7435.7906         0.0000         0.0000      9936.0931         -42510.0689       311.4920    -52446.1620    -42488.7794       312.3378            161.3505       246.9534    162355.9968         6.0793         4.9105

WRITING COORDINATES TO DCD FILE 04_prod_1ns/prod_04.dcd AT STEP 1866000
ENERGY: 1866000        82.9211       202.9971       150.8773         0.0000         -60044.2910      7139.3639         0.0000         0.0000     10127.5443         -42340.5872       317.4939    -52468.1315    -42320.5640       313.1309           -460.3000      -365.7155    163365.3471         2.6047         2.5351

LDB: ============= START OF LOAD BALANCING ============== 220.92
LDB: ============== END OF LOAD BALANCING =============== 220.921
Info: useSync: 0 useProxySync: 0
LDB: =============== DONE WITH MIGRATION ================ 220.921
LDB: ============= START OF LOAD BALANCING ============== 221.016
LDB: TIME 221.017 LOAD: AVG 0.0265242 MAX 0.0494779  PROXIES: TOTAL 128 MAXPE 16 MAXPATCH 4 None MEM: 0 MB
LDB: TIME 221.017 LOAD: AVG 0.0265242 MAX 0.0494779  PROXIES: TOTAL 128 MAXPE 16 MAXPATCH 4 RefineTorusLB MEM: 0 MB
LDB: TIME 221.017 LOAD: AVG 0.0265242 MAX 0.0494779  PROXIES: TOTAL 128 MAXPE 16 MAXPATCH 4 RefineTorusLB MEM: 0 MB
LDB: Reverting to original mapping
LDB: ============== END OF LOAD BALANCING =============== 221.017
Info: useSync: 0 useProxySync: 0
LDB: =============== DONE WITH MIGRATION ================ 221.018
ENERGY: 1866500        89.6070       206.2494       150.0938         0.0000         -59953.5066      7106.3939         0.0000         0.0000      9926.0241         -42475.1384       311.1763    -52401.1625    -42456.2183       312.6825           -388.2935      -299.4573    162053.2519         2.0006         2.3899

ENERGY: 1867000        65.5220       197.1372       154.3643         0.0000         -60016.9450      7180.3155         0.0000         0.0000      9858.2216         -42561.3843       309.0508    -52419.6059    -42539.4475       311.7194            -10.4484        48.7316    162225.5422         6.6815         6.4877

WRITING COORDINATES TO DCD FILE 04_prod_1ns/prod_04.dcd AT STEP 1867000
ENERGY: 1867500        81.6362       198.0956       149.2036         0.0000         -60299.2725      7302.8239         0.0000         0.0000      9819.1905         -42748.3227       307.8272    -52567.5132    -42734.5234       311.2877            -79.0210        11.6488    162034.3356        -8.6661        -9.4888

ENERGY: 1868000        70.6204       188.1155       145.9964         0.0000         -60551.9533      7438.5786         0.0000         0.0000     10007.5892         -42701.0533       313.7334    -52708.6425    -42671.6753       309.6694             35.7479       135.0817    161934.8102        20.1380        19.3349

WRITING COORDINATES TO DCD FILE 04_prod_1ns/prod_04.dcd AT STEP 1868000
LDB: ============= START OF LOAD BALANCING ============== 224.697
LDB: ============== END OF LOAD BALANCING =============== 224.697
Info: useSync: 0 useProxySync: 0
LDB: =============== DONE WITH MIGRATION ================ 224.698
LDB: ============= START OF LOAD BALANCING ============== 224.792
LDB: TIME 224.792 LOAD: AVG 0.0269095 MAX 0.0491529  PROXIES: TOTAL 128 MAXPE 16 MAXPATCH 4 None MEM: 0 MB
LDB: TIME 224.793 LOAD: AVG 0.0269095 MAX 0.0491529  PROXIES: TOTAL 128 MAXPE 16 MAXPATCH 4 RefineTorusLB MEM: 0 MB
LDB: TIME 224.793 LOAD: AVG 0.0269095 MAX 0.0491529  PROXIES: TOTAL 128 MAXPE 16 MAXPATCH 4 RefineTorusLB MEM: 0 MB
LDB: ============== END OF LOAD BALANCING =============== 224.793
Info: useSync: 0 useProxySync: 0
LDB: =============== DONE WITH MIGRATION ================ 224.794
ENERGY: 1868500        90.2450       190.6548       146.9498         0.0000         -60174.3432      7390.4162         0.0000         0.0000      9858.1816         -42497.8957       309.0495    -52356.0774    -42472.0932       310.6330             50.8725       130.9813    163035.1835         4.6916         4.5372

ENERGY: 1869000        64.7012       192.8137       145.3889         0.0000         -60001.4143      7191.2479         0.0000         0.0000      9959.5322         -42447.7305       312.2268    -52407.2627    -42427.8764       310.7664           -183.0673       -76.9041    162952.1867        -7.3522        -6.6881

WRITING COORDINATES TO DCD FILE 04_prod_1ns/prod_04.dcd AT STEP 1869000
ENERGY: 1869500        77.6265       193.8216       158.0992         0.0000         -60086.7208      7175.4278         0.0000         0.0000      9913.4870         -42568.2586       310.7833    -52481.7457    -42545.8197       310.3776           -352.0254      -251.8949    163145.9913        -0.3162         0.4575

TIMING: 1870000  CPU: 229.821, 0.00192018/step  Wall: 227.669, 0.00190439/step, 0.201019 hours remaining, 0.000000 MB of memory in use.
PERFORMANCE: 1870000  averaging 91.0986 ns/day, 0.00189685 sec/step with standard deviation 1.94119e-05
ETITLE:      TS           BOND          ANGLE          DIHED          IMPRP               ELECT            VDW       BOUNDARY           MISC        KINETIC               TOTAL           TEMP      POTENTIAL         TOTAL3        TEMPAVG            PRESSURE      GPRESSURE         VOLUME       PRESSAVG      GPRESSAVG

ENERGY: 1870000        73.1735       200.1711       152.3866         0.0000         -60300.9182      7292.3602         0.0000         0.0000      9856.3885         -42726.4384       308.9933    -52582.8269    -42703.4337       309.7536             66.5965       149.0257    161721.7433        -3.6124        -3.7885

WRITING EXTENDED SYSTEM TO RESTART FILE AT STEP 1870000
WRITING COORDINATES TO DCD FILE 04_prod_1ns/prod_04.dcd AT STEP 1870000
WRITING COORDINATES TO RESTART FILE AT STEP 1870000
FINISHED WRITING RESTART COORDINATES
WRITING VELOCITIES TO RESTART FILE AT STEP 1870000
FINISHED WRITING RESTART VELOCITIES
LDB: ============= START OF LOAD BALANCING ============== 228.565
LDB: ============== END OF LOAD BALANCING =============== 228.565
Info: useSync: 0 useProxySync: 0
LDB: =============== DONE WITH MIGRATION ================ 228.566
LDB: ============= START OF LOAD BALANCING ============== 228.659
LDB: TIME 228.659 LOAD: AVG 0.0265381 MAX 0.0523832  PROXIES: TOTAL 128 MAXPE 16 MAXPATCH 4 None MEM: 0 MB
LDB: TIME 228.66 LOAD: AVG 0.0265381 MAX 0.0523832  PROXIES: TOTAL 128 MAXPE 16 MAXPATCH 4 RefineTorusLB MEM: 0 MB
LDB: TIME 228.66 LOAD: AVG 0.0265381 MAX 0.0523832  PROXIES: TOTAL 128 MAXPE 16 MAXPATCH 4 RefineTorusLB MEM: 0 MB
LDB: ============== END OF LOAD BALANCING =============== 228.66
Info: useSync: 0 useProxySync: 0
LDB: =============== DONE WITH MIGRATION ================ 228.661
ENERGY: 1870500        89.2834       191.9784       137.2553         0.0000         -60422.6693      7282.0460         0.0000         0.0000      9922.0196         -42800.0866       311.0508    -52722.1063    -42782.7733       307.7826           -230.3024      -143.3234    161678.2007        -6.0145        -4.3717

ENERGY: 1871000        73.3835       183.7329       154.4296         0.0000         -60536.9108      7481.5954         0.0000         0.0000      9871.5026         -42772.2668       309.4671    -52643.7694    -42748.4500       309.3574             39.7991       155.0219    162705.6150        -4.5821        -4.4120

WRITING COORDINATES TO DCD FILE 04_prod_1ns/prod_04.dcd AT STEP 1871000
ENERGY: 1871500        71.7691       192.4855       149.0666         0.0000         -60526.9623      7598.9934         0.0000         0.0000      9884.1879         -42630.4598       309.8648    -52514.6477    -42600.4431       310.4654            486.9598       591.9056    161968.8051         1.9345         3.2708

ENERGY: 1872000        82.8668       183.2470       147.6226         0.0000         -60321.7040      7383.2012         0.0000         0.0000      9944.2735         -42580.4929       311.7484    -52524.7664    -42558.6338       310.9646            -21.6154        73.2395    162696.9402         3.3533         2.7665

WRITING COORDINATES TO DCD FILE 04_prod_1ns/prod_04.dcd AT STEP 1872000
LDB: ============= START OF LOAD BALANCING ============== 232.327
LDB: ============== END OF LOAD BALANCING =============== 232.327
Info: useSync: 0 useProxySync: 0
LDB: =============== DONE WITH MIGRATION ================ 232.328
LDB: ============= START OF LOAD BALANCING ============== 232.42
LDB: TIME 232.421 LOAD: AVG 0.026342 MAX 0.0484051  PROXIES: TOTAL 128 MAXPE 16 MAXPATCH 4 None MEM: 0 MB
LDB: TIME 232.421 LOAD: AVG 0.026342 MAX 0.0484051  PROXIES: TOTAL 128 MAXPE 16 MAXPATCH 4 RefineTorusLB MEM: 0 MB
LDB: TIME 232.421 LOAD: AVG 0.026342 MAX 0.0484051  PROXIES: TOTAL 128 MAXPE 16 MAXPATCH 4 RefineTorusLB MEM: 0 MB
LDB: Reverting to original mapping
LDB: ============== END OF LOAD BALANCING =============== 232.422
Info: useSync: 0 useProxySync: 0
LDB: =============== DONE WITH MIGRATION ================ 232.422
ENERGY: 1872500        61.8066       193.8731       148.0128         0.0000         -60073.9722      7307.9568         0.0000         0.0000      9799.0347         -42563.2883       307.1953    -52362.3229    -42546.9483       310.6616            -54.1026        30.6269    163174.8768        -2.0602        -2.8727

ENERGY: 1873000        70.7586       207.5075       149.3037         0.0000         -60475.4632      7438.4091         0.0000         0.0000      9982.7881         -42626.6961       312.9559    -52609.4842    -42608.2351       311.0805            143.2449       223.5447    162354.1170        16.2156        15.9478

WRITING COORDINATES TO DCD FILE 04_prod_1ns/prod_04.dcd AT STEP 1873000
ENERGY: 1873500        68.5213       196.3180       141.8368         0.0000         -59981.2978      7186.9041         0.0000         0.0000      9862.6918         -42525.0258       309.1909    -52387.7176    -42499.3003       311.9697           -128.7240       -33.2040    162741.6955        -3.1632        -3.3450

ENERGY: 1874000        83.8036       225.1891       152.0586         0.0000         -60087.4813      7297.6601         0.0000         0.0000      9942.3947         -42386.3755       311.6895    -52328.7701    -42361.7316       312.1886             -1.4678        90.7280    162037.8077       -11.4834       -11.7532

WRITING COORDINATES TO DCD FILE 04_prod_1ns/prod_04.dcd AT STEP 1874000
LDB: ============= START OF LOAD BALANCING ============== 236.146
LDB: ============== END OF LOAD BALANCING =============== 236.146
Info: useSync: 0 useProxySync: 0
LDB: =============== DONE WITH MIGRATION ================ 236.147
LDB: ============= START OF LOAD BALANCING ============== 236.242
LDB: TIME 236.242 LOAD: AVG 0.0267244 MAX 0.0503515  PROXIES: TOTAL 128 MAXPE 16 MAXPATCH 4 None MEM: 0 MB
LDB: TIME 236.243 LOAD: AVG 0.0267244 MAX 0.0503515  PROXIES: TOTAL 128 MAXPE 16 MAXPATCH 4 RefineTorusLB MEM: 0 MB
LDB: TIME 236.243 LOAD: AVG 0.0267244 MAX 0.0503515  PROXIES: TOTAL 128 MAXPE 16 MAXPATCH 4 RefineTorusLB MEM: 0 MB
LDB: Reverting to original mapping
LDB: ============== END OF LOAD BALANCING =============== 236.243
Info: useSync: 0 useProxySync: 0
LDB: =============== DONE WITH MIGRATION ================ 236.244
ENERGY: 1874500        90.5072       193.3725       150.8274         0.0000         -60315.6247      7475.2641         0.0000         0.0000      9903.5031         -42502.1504       310.4703    -52405.6535    -42480.3253       313.5712            327.7008       413.7795    161529.8445         5.8268         6.6051

TIMING: 1875000  CPU: 239.477, 0.00193127/step  Wall: 237.234, 0.00191307/step, 0.199278 hours remaining, 0.000000 MB of memory in use.
PERFORMANCE: 1875000  averaging 91.0674 ns/day, 0.00189749 sec/step with standard deviation 1.92781e-05
ETITLE:      TS           BOND          ANGLE          DIHED          IMPRP               ELECT            VDW       BOUNDARY           MISC        KINETIC               TOTAL           TEMP      POTENTIAL         TOTAL3        TEMPAVG            PRESSURE      GPRESSURE         VOLUME       PRESSAVG      GPRESSAVG

ENERGY: 1875000        69.5140       208.2992       153.8091         0.0000         -60118.4217      7258.2706         0.0000         0.0000      9896.6825         -42531.8463       310.2565    -52428.5288    -42508.2858       312.0887            -80.8337        -4.9849    161900.3725        -9.9233       -10.9174

WRITING EXTENDED SYSTEM TO RESTART FILE AT STEP 1875000
WRITING COORDINATES TO DCD FILE 04_prod_1ns/prod_04.dcd AT STEP 1875000
WRITING COORDINATES TO RESTART FILE AT STEP 1875000
FINISHED WRITING RESTART COORDINATES
WRITING VELOCITIES TO RESTART FILE AT STEP 1875000
FINISHED WRITING RESTART VELOCITIES
ENERGY: 1875500        64.9579       205.0961       154.4081         0.0000         -60125.5872      7232.9158         0.0000         0.0000      9891.1766         -42577.0327       310.0839    -52468.2094    -42555.9854       311.4048           -218.2255      -133.9263    163867.4791         4.3730         4.3879

WRITING COORDINATES TO DCD FILE 04_prod_1ns/prod_04.dcd AT STEP 1876000
ENERGY: 1876000        65.3427       216.4724       155.1497         0.0000         -60157.6778      7118.7403         0.0000         0.0000      9753.9335         -42848.0393       305.7814    -52601.9727    -42823.7825       310.4503           -359.5110      -297.0157    162671.8841        -1.2336        -1.1895

LDB: ============= START OF LOAD BALANCING ============== 240.012
LDB: ============== END OF LOAD BALANCING =============== 240.013
Info: useSync: 0 useProxySync: 0
LDB: =============== DONE WITH MIGRATION ================ 240.013
LDB: ============= START OF LOAD BALANCING ============== 240.107
LDB: TIME 240.107 LOAD: AVG 0.025423 MAX 0.0469959  PROXIES: TOTAL 128 MAXPE 16 MAXPATCH 4 None MEM: 0 MB
LDB: TIME 240.107 LOAD: AVG 0.025423 MAX 0.0469959  PROXIES: TOTAL 128 MAXPE 16 MAXPATCH 4 RefineTorusLB MEM: 0 MB
LDB: TIME 240.108 LOAD: AVG 0.025423 MAX 0.0469959  PROXIES: TOTAL 128 MAXPE 16 MAXPATCH 4 RefineTorusLB MEM: 0 MB
LDB: Reverting to original mapping
LDB: ============== END OF LOAD BALANCING =============== 240.108
Info: useSync: 0 useProxySync: 0
LDB: =============== DONE WITH MIGRATION ================ 240.108
ENERGY: 1876500        86.4808       198.9820       146.7346         0.0000         -60272.0492      7238.9115         0.0000         0.0000      9851.8132         -42749.1271       308.8499    -52600.9403    -42725.7748       308.9076           -271.5455      -180.4540    162398.4987        -3.3944        -4.7045

ENERGY: 1877000        68.3105       185.8438       139.1840         0.0000         -60258.3550      7373.3946         0.0000         0.0000      9823.7545         -42667.8677       307.9702    -52491.6222    -42646.3570       309.2683            -10.9203        75.8549    162794.5393        -8.5769        -8.4858

WRITING COORDINATES TO DCD FILE 04_prod_1ns/prod_04.dcd AT STEP 1877000
ENERGY: 1877500        70.6702       189.5664       158.2124         0.0000         -60131.2513      7250.1573         0.0000         0.0000      9886.2339         -42576.4112       309.9289    -52462.6451    -42558.1136       309.4693              3.7032        75.0739    161632.9697        11.1356        11.4210

ENERGY: 1878000        83.5925       182.2874       150.8851         0.0000         -59997.1062      7348.0027         0.0000         0.0000      9967.9168         -42264.4216       312.4897    -52232.3384    -42247.3677       311.9284              9.3645        79.4349    163331.2836         2.7592         1.8299

WRITING COORDINATES TO DCD FILE 04_prod_1ns/prod_04.dcd AT STEP 1878000
LDB: ============= START OF LOAD BALANCING ============== 243.813
LDB: ============== END OF LOAD BALANCING =============== 243.813
Info: useSync: 0 useProxySync: 0
LDB: =============== DONE WITH MIGRATION ================ 243.814
LDB: ============= START OF LOAD BALANCING ============== 243.908
LDB: TIME 243.908 LOAD: AVG 0.0268216 MAX 0.0492098  PROXIES: TOTAL 128 MAXPE 16 MAXPATCH 4 None MEM: 0 MB
LDB: TIME 243.908 LOAD: AVG 0.0268216 MAX 0.0492098  PROXIES: TOTAL 128 MAXPE 16 MAXPATCH 4 RefineTorusLB MEM: 0 MB
LDB: TIME 243.908 LOAD: AVG 0.0268216 MAX 0.0492098  PROXIES: TOTAL 128 MAXPE 16 MAXPATCH 4 RefineTorusLB MEM: 0 MB
LDB: ============== END OF LOAD BALANCING =============== 243.909
Info: useSync: 0 useProxySync: 0
LDB: =============== DONE WITH MIGRATION ================ 243.909
ENERGY: 1878500        82.7762       195.2153       141.3496         0.0000         -59804.7726      7152.6615         0.0000         0.0000      9911.0695         -42321.7005       310.7075    -52232.7700    -42297.6078       314.0841           -235.3908      -144.4185    163879.4604        -8.4837        -9.4959

WRITING COORDINATES TO DCD FILE 04_prod_1ns/prod_04.dcd AT STEP 1879000
ENERGY: 1879000        74.7222       205.7190       138.3290         0.0000         -60038.2932      7157.6569         0.0000         0.0000      9950.0785         -42511.7876       311.9304    -52461.8661    -42493.0014       311.8728           -304.5083      -229.9700    163157.9045        -0.1344        -0.6387

ENERGY: 1879500        71.7492       199.5283       144.7208         0.0000         -60238.0536      7251.6440         0.0000         0.0000      9969.4078         -42601.0036       312.5364    -52570.4113    -42579.2833       311.7177           -119.0258       -30.4533    162190.7421       -10.5145       -10.6740

TIMING: 1880000  CPU: 249.122, 0.00192904/step  Wall: 246.842, 0.00192147/step, 0.197484 hours remaining, 0.000000 MB of memory in use.
PERFORMANCE: 1880000  averaging 91.0232 ns/day, 0.00189842 sec/step with standard deviation 1.94648e-05
ETITLE:      TS           BOND          ANGLE          DIHED          IMPRP               ELECT            VDW       BOUNDARY           MISC        KINETIC               TOTAL           TEMP      POTENTIAL         TOTAL3        TEMPAVG            PRESSURE      GPRESSURE         VOLUME       PRESSAVG      GPRESSAVG

ENERGY: 1880000        77.4732       186.6360       155.9850         0.0000         -60228.0163      7340.2087         0.0000         0.0000      9846.3179         -42621.3955       308.6776    -52467.7135    -42599.4589       311.2896            -92.4840         4.2982    163337.9311         9.6278        10.5165

WRITING EXTENDED SYSTEM TO RESTART FILE AT STEP 1880000
WRITING COORDINATES TO DCD FILE 04_prod_1ns/prod_04.dcd AT STEP 1880000
WRITING COORDINATES TO RESTART FILE AT STEP 1880000
FINISHED WRITING RESTART COORDINATES
WRITING VELOCITIES TO RESTART FILE AT STEP 1880000
FINISHED WRITING RESTART VELOCITIES
LDB: ============= START OF LOAD BALANCING ============== 247.755
LDB: ============== END OF LOAD BALANCING =============== 247.755
Info: useSync: 0 useProxySync: 0
LDB: =============== DONE WITH MIGRATION ================ 247.756
LDB: ============= START OF LOAD BALANCING ============== 247.85
LDB: TIME 247.85 LOAD: AVG 0.0257906 MAX 0.0501677  PROXIES: TOTAL 128 MAXPE 16 MAXPATCH 4 None MEM: 0 MB
LDB: TIME 247.851 LOAD: AVG 0.0257906 MAX 0.0501677  PROXIES: TOTAL 128 MAXPE 16 MAXPATCH 4 RefineTorusLB MEM: 0 MB
LDB: TIME 247.851 LOAD: AVG 0.0257906 MAX 0.0501677  PROXIES: TOTAL 128 MAXPE 16 MAXPATCH 4 RefineTorusLB MEM: 0 MB
LDB: Reverting to original mapping
LDB: ============== END OF LOAD BALANCING =============== 247.851
Info: useSync: 0 useProxySync: 0
LDB: =============== DONE WITH MIGRATION ================ 247.852
ENERGY: 1880500        82.9166       200.9003       148.0221         0.0000         -60523.7308      7405.0642         0.0000         0.0000      9985.1744         -42701.6531       313.0307    -52686.8275    -42675.0900       310.0020           -111.2049       -41.3326    162939.5280        -5.0192        -4.1305

ENERGY: 1881000        72.3061       207.9095       153.0361         0.0000         -60390.9354      7308.0906         0.0000         0.0000     10044.7298         -42604.8633       314.8977    -52649.5930    -42581.8055       310.7901           -187.3683      -115.7779    162667.8568        -9.2089        -8.2725

WRITING COORDINATES TO DCD FILE 04_prod_1ns/prod_04.dcd AT STEP 1881000
ENERGY: 1881500        78.8627       205.5694       144.4538         0.0000         -59968.4579      7158.1752         0.0000         0.0000      9877.3300         -42504.0667       309.6498    -52381.3967    -42479.7498       311.7308           -383.1763      -278.3927    164063.4663        -7.8836        -8.2565

ENERGY: 1882000        64.7064       186.3456       156.5562         0.0000         -59891.5091      7127.0043         0.0000         0.0000      9868.9978         -42487.8987       309.3886    -52356.8966    -42467.6107       311.6271           -137.4067       -31.1643    161811.1624        -8.6587        -6.2066

WRITING COORDINATES TO DCD FILE 04_prod_1ns/prod_04.dcd AT STEP 1882000
LDB: ============= START OF LOAD BALANCING ============== 251.541
LDB: ============== END OF LOAD BALANCING =============== 251.541
Info: useSync: 0 useProxySync: 0
LDB: =============== DONE WITH MIGRATION ================ 251.541
LDB: ============= START OF LOAD BALANCING ============== 251.637
LDB: TIME 251.637 LOAD: AVG 0.0265528 MAX 0.0525837  PROXIES: TOTAL 128 MAXPE 16 MAXPATCH 4 None MEM: 0 MB
LDB: TIME 251.638 LOAD: AVG 0.0265528 MAX 0.0525837  PROXIES: TOTAL 128 MAXPE 16 MAXPATCH 4 RefineTorusLB MEM: 0 MB
LDB: TIME 251.638 LOAD: AVG 0.0265528 MAX 0.0525837  PROXIES: TOTAL 128 MAXPE 16 MAXPATCH 4 RefineTorusLB MEM: 0 MB
LDB: Reverting to original mapping
LDB: ============== END OF LOAD BALANCING =============== 251.638
Info: useSync: 0 useProxySync: 0
LDB: =============== DONE WITH MIGRATION ================ 251.639
ENERGY: 1882500        81.4962       213.9515       151.6541         0.0000         -60407.8156      7427.2156         0.0000         0.0000      9767.2066         -42766.2917       306.1975    -52533.4982    -42742.4207       310.8933            212.1464       277.9382    161434.5130         3.3605         2.9115

ENERGY: 1883000        78.2231       205.7642       150.5188         0.0000         -60608.2582      7539.3984         0.0000         0.0000      9964.3561         -42669.9976       312.3780    -52634.3537    -42650.8015       309.7558            284.0559       396.9006    161769.3634         1.1886         1.1924

WRITING COORDINATES TO DCD FILE 04_prod_1ns/prod_04.dcd AT STEP 1883000
ENERGY: 1883500        73.8306       208.4255       151.8678         0.0000         -60574.2198      7445.7201         0.0000         0.0000      9764.2024         -42930.1733       306.1033    -52694.3757    -42906.9720       308.2274             20.5131        99.0940    162261.6268         2.5432         2.4919

ENERGY: 1884000        70.3307       198.1779       152.7563         0.0000         -60253.1141      7229.0512         0.0000         0.0000      9823.8767         -42778.9214       307.9741    -52602.7981    -42757.5304       307.6501           -406.4427      -292.3797    162827.1846        -4.1121        -2.8859

WRITING COORDINATES TO DCD FILE 04_prod_1ns/prod_04.dcd AT STEP 1884000
LDB: ============= START OF LOAD BALANCING ============== 255.312
LDB: ============== END OF LOAD BALANCING =============== 255.312
Info: useSync: 0 useProxySync: 0
LDB: =============== DONE WITH MIGRATION ================ 255.313
LDB: ============= START OF LOAD BALANCING ============== 255.404
LDB: TIME 255.405 LOAD: AVG 0.0256946 MAX 0.0428065  PROXIES: TOTAL 128 MAXPE 16 MAXPATCH 4 None MEM: 0 MB
LDB: TIME 255.405 LOAD: AVG 0.0256946 MAX 0.0428065  PROXIES: TOTAL 128 MAXPE 16 MAXPATCH 4 RefineTorusLB MEM: 0 MB
LDB: TIME 255.405 LOAD: AVG 0.0256946 MAX 0.0428065  PROXIES: TOTAL 128 MAXPE 16 MAXPATCH 4 RefineTorusLB MEM: 0 MB
LDB: Reverting to original mapping
LDB: ============== END OF LOAD BALANCING =============== 255.405
Info: useSync: 0 useProxySync: 0
LDB: =============== DONE WITH MIGRATION ================ 255.406
ENERGY: 1884500        72.4388       202.3785       158.9217         0.0000         -60646.3858      7506.1749         0.0000         0.0000      9940.5046         -42765.9673       311.6303    -52706.4719    -42748.5008       309.3087            211.4833       296.2666    161638.0329        -3.5009        -3.7160

TIMING: 1885000  CPU: 258.724, 0.00192038/step  Wall: 256.396, 0.00191083/step, 0.193737 hours remaining, 0.000000 MB of memory in use.
PERFORMANCE: 1885000  averaging 91.0012 ns/day, 0.00189888 sec/step with standard deviation 1.92358e-05
ETITLE:      TS           BOND          ANGLE          DIHED          IMPRP               ELECT            VDW       BOUNDARY           MISC        KINETIC               TOTAL           TEMP      POTENTIAL         TOTAL3        TEMPAVG            PRESSURE      GPRESSURE         VOLUME       PRESSAVG      GPRESSAVG

ENERGY: 1885000        86.7585       206.6290       144.3652         0.0000         -60299.3970      7373.4718         0.0000         0.0000      9730.8353         -42757.3373       305.0573    -52488.1725    -42735.5218       310.5021            -83.4529        -5.9281    162168.2597        -5.7898        -4.8465

WRITING EXTENDED SYSTEM TO RESTART FILE AT STEP 1885000
WRITING COORDINATES TO DCD FILE 04_prod_1ns/prod_04.dcd AT STEP 1885000
WRITING COORDINATES TO RESTART FILE AT STEP 1885000
FINISHED WRITING RESTART COORDINATES
WRITING VELOCITIES TO RESTART FILE AT STEP 1885000
FINISHED WRITING RESTART VELOCITIES
ENERGY: 1885500        82.2309       198.8976       143.1021         0.0000         -60150.2139      7221.1296         0.0000         0.0000      9749.8767         -42754.9770       305.6542    -52504.8537    -42733.1995       308.3962           -363.9711      -267.4901    163256.8121        10.9968        10.0258

ENERGY: 1886000        72.8334       202.0220       151.3927         0.0000         -60393.7886      7386.1984         0.0000         0.0000      9878.2303         -42703.1118       309.6780    -52581.3421    -42674.1955       310.1715            -27.7088        63.6215    162851.5143         8.3533         6.4478

WRITING COORDINATES TO DCD FILE 04_prod_1ns/prod_04.dcd AT STEP 1886000
LDB: ============= START OF LOAD BALANCING ============== 259.15
LDB: ============== END OF LOAD BALANCING =============== 259.15
Info: useSync: 0 useProxySync: 0
LDB: =============== DONE WITH MIGRATION ================ 259.15
LDB: ============= START OF LOAD BALANCING ============== 259.243
LDB: TIME 259.243 LOAD: AVG 0.0257893 MAX 0.0400502  PROXIES: TOTAL 128 MAXPE 16 MAXPATCH 4 None MEM: 0 MB
LDB: TIME 259.244 LOAD: AVG 0.0257893 MAX 0.0400502  PROXIES: TOTAL 128 MAXPE 16 MAXPATCH 4 RefineTorusLB MEM: 0 MB
LDB: TIME 259.244 LOAD: AVG 0.0257893 MAX 0.0400502  PROXIES: TOTAL 128 MAXPE 16 MAXPATCH 4 RefineTorusLB MEM: 0 MB
LDB: Reverting to original mapping
LDB: ============== END OF LOAD BALANCING =============== 259.244
Info: useSync: 0 useProxySync: 0
LDB: =============== DONE WITH MIGRATION ================ 259.245
ENERGY: 1886500        73.6324       183.1822       146.0615         0.0000         -60383.5466      7323.4543         0.0000         0.0000      9956.7339         -42700.4822       312.1391    -52657.2162    -42675.2464       310.1734            -60.1309        -7.8597    162597.9321        -0.8815         0.8150

ENERGY: 1887000        76.2064       175.3518       148.6248         0.0000         -60175.1808      7240.6175         0.0000         0.0000      9904.9414         -42629.4389       310.5154    -52534.3803    -42606.6174       309.3777           -269.3342      -174.5943    162845.9458        -3.4938        -3.1376

WRITING COORDINATES TO DCD FILE 04_prod_1ns/prod_04.dcd AT STEP 1887000
ENERGY: 1887500        74.4158       200.0058       156.4841         0.0000         -60159.0750      7392.2820         0.0000         0.0000      9858.9297         -42476.9575       309.0730    -52335.8872    -42453.2627       311.2088            104.6057       203.6821    163091.1439         5.5850         6.3567

ENERGY: 1888000        66.0633       182.7948       149.8595         0.0000         -60219.6101      7244.1474         0.0000         0.0000      9985.3073         -42591.4378       313.0348    -52576.7451    -42568.7904       310.8486           -184.2248       -90.9902    163191.6978       -12.5955       -13.3260

WRITING COORDINATES TO DCD FILE 04_prod_1ns/prod_04.dcd AT STEP 1888000
LDB: ============= START OF LOAD BALANCING ============== 262.879
LDB: ============== END OF LOAD BALANCING =============== 262.879
Info: useSync: 0 useProxySync: 0
LDB: =============== DONE WITH MIGRATION ================ 262.879
LDB: ============= START OF LOAD BALANCING ============== 262.974
LDB: TIME 262.975 LOAD: AVG 0.0262679 MAX 0.0512884  PROXIES: TOTAL 128 MAXPE 16 MAXPATCH 4 None MEM: 0 MB
LDB: TIME 262.975 LOAD: AVG 0.0262679 MAX 0.0512884  PROXIES: TOTAL 128 MAXPE 16 MAXPATCH 4 RefineTorusLB MEM: 0 MB
LDB: TIME 262.975 LOAD: AVG 0.0262679 MAX 0.0512884  PROXIES: TOTAL 128 MAXPE 16 MAXPATCH 4 RefineTorusLB MEM: 0 MB
LDB: ============== END OF LOAD BALANCING =============== 262.975
Info: useSync: 0 useProxySync: 0
LDB: =============== DONE WITH MIGRATION ================ 262.976
ENERGY: 1888500        87.9352       197.2109       142.8424         0.0000         -59989.6645      7077.1485         0.0000         0.0000      9826.4639         -42658.0636       308.0552    -52484.5275    -42636.2317       311.0868           -565.0043      -489.6281    162733.8087        -9.2818        -7.0857

ENERGY: 1889000        74.6114       191.1431       142.7274         0.0000         -60218.7699      7255.7494         0.0000         0.0000      9904.4689         -42650.0698       310.5006    -52554.5387    -42624.2135       310.8589           -144.4486       -70.4541    161935.4086        -4.1878        -4.0044

WRITING COORDINATES TO DCD FILE 04_prod_1ns/prod_04.dcd AT STEP 1889000
ENERGY: 1889500        77.8101       181.8467       151.1097         0.0000         -60412.5584      7483.2431         0.0000         0.0000      9915.7356         -42602.8132       310.8538    -52518.5488    -42581.9493       310.4340            227.0197       336.0835    161744.7259        12.4467        12.1330

TIMING: 1890000  CPU: 268.285, 0.00191219/step  Wall: 265.796, 0.0018801/step, 0.18801 hours remaining, 0.000000 MB of memory in use.
PERFORMANCE: 1890000  averaging 91.0333 ns/day, 0.00189821 sec/step with standard deviation 1.92068e-05
ETITLE:      TS           BOND          ANGLE          DIHED          IMPRP               ELECT            VDW       BOUNDARY           MISC        KINETIC               TOTAL           TEMP      POTENTIAL         TOTAL3        TEMPAVG            PRESSURE      GPRESSURE         VOLUME       PRESSAVG      GPRESSAVG

ENERGY: 1890000        82.8429       225.9556       139.3818         0.0000         -60165.6665      7323.0192         0.0000         0.0000      9900.1215         -42494.3455       310.3643    -52394.4670    -42479.8303       311.7892            -94.0328       -26.6797    163117.7201        -0.6124         0.2834

WRITING EXTENDED SYSTEM TO RESTART FILE AT STEP 1890000
WRITING COORDINATES TO DCD FILE 04_prod_1ns/prod_04.dcd AT STEP 1890000
WRITING COORDINATES TO RESTART FILE AT STEP 1890000
FINISHED WRITING RESTART COORDINATES
WRITING VELOCITIES TO RESTART FILE AT STEP 1890000
FINISHED WRITING RESTART VELOCITIES
LDB: ============= START OF LOAD BALANCING ============== 266.765
LDB: ============== END OF LOAD BALANCING =============== 266.765
Info: useSync: 0 useProxySync: 0
LDB: =============== DONE WITH MIGRATION ================ 266.765
LDB: ============= START OF LOAD BALANCING ============== 266.86
LDB: TIME 266.86 LOAD: AVG 0.0252771 MAX 0.0427331  PROXIES: TOTAL 128 MAXPE 16 MAXPATCH 4 None MEM: 0 MB
LDB: TIME 266.861 LOAD: AVG 0.0252771 MAX 0.0427331  PROXIES: TOTAL 128 MAXPE 16 MAXPATCH 4 RefineTorusLB MEM: 0 MB
LDB: TIME 266.861 LOAD: AVG 0.0252771 MAX 0.0427331  PROXIES: TOTAL 128 MAXPE 16 MAXPATCH 4 RefineTorusLB MEM: 0 MB
LDB: Reverting to original mapping
LDB: ============== END OF LOAD BALANCING =============== 266.861
Info: useSync: 0 useProxySync: 0
LDB: =============== DONE WITH MIGRATION ================ 266.863
ENERGY: 1890500        74.0039       207.3298       154.0884         0.0000         -60095.0854      7163.1626         0.0000         0.0000      9878.1677         -42618.3331       309.6761    -52496.5008    -42598.4006       310.3686           -253.5125      -147.8067    162454.4334         7.2606         7.0451

ENERGY: 1891000        83.2038       215.4876       160.4243         0.0000         -60435.9485      7394.3047         0.0000         0.0000      9943.1783         -42639.3498       311.7141    -52582.5281    -42620.6242       311.4808             36.0701       145.2254    161755.0823        -7.5679        -8.3206

WRITING COORDINATES TO DCD FILE 04_prod_1ns/prod_04.dcd AT STEP 1891000
ENERGY: 1891500        72.0183       187.2153       152.7802         0.0000         -60294.6844      7259.7000         0.0000         0.0000      9890.9845         -42731.9860       310.0779    -52622.9706    -42709.6433       310.2076           -148.5763       -47.5940    162365.4941        -1.7245        -2.0584

ENERGY: 1892000        73.2538       199.5297       144.1255         0.0000         -60315.8783      7251.9026         0.0000         0.0000      9950.1889         -42696.8778       311.9339    -52647.0667    -42678.4791       310.2176             23.8653       111.6035    161078.4859        12.7057        12.3649

WRITING COORDINATES TO DCD FILE 04_prod_1ns/prod_04.dcd AT STEP 1892000
LDB: ============= START OF LOAD BALANCING ============== 270.506
LDB: ============== END OF LOAD BALANCING =============== 270.507
Info: useSync: 0 useProxySync: 0
LDB: =============== DONE WITH MIGRATION ================ 270.507
LDB: ============= START OF LOAD BALANCING ============== 270.602
LDB: TIME 270.602 LOAD: AVG 0.0272224 MAX 0.0499444  PROXIES: TOTAL 128 MAXPE 16 MAXPATCH 4 None MEM: 0 MB
LDB: TIME 270.603 LOAD: AVG 0.0272224 MAX 0.0499444  PROXIES: TOTAL 128 MAXPE 16 MAXPATCH 4 RefineTorusLB MEM: 0 MB
LDB: TIME 270.603 LOAD: AVG 0.0272224 MAX 0.0499444  PROXIES: TOTAL 128 MAXPE 16 MAXPATCH 4 RefineTorusLB MEM: 0 MB
LDB: ============== END OF LOAD BALANCING =============== 270.603
Info: useSync: 0 useProxySync: 0
LDB: =============== DONE WITH MIGRATION ================ 270.604
ENERGY: 1892500        61.5520       191.6131       156.1258         0.0000         -60316.0438      7201.5317         0.0000         0.0000      9944.0622         -42761.1589       311.7418    -52705.2211    -42736.6831       309.5755           -157.5274       -60.7074    161855.3995         2.8153         2.5095

ENERGY: 1893000        84.7502       200.5254       156.7418         0.0000         -60467.6993      7240.0922         0.0000         0.0000      9869.9035         -42915.6860       309.4170    -52785.5896    -42890.3655       308.2915           -302.1799      -216.6099    161550.7647        -4.4880        -4.2639

WRITING COORDINATES TO DCD FILE 04_prod_1ns/prod_04.dcd AT STEP 1893000
ENERGY: 1893500        80.3041       206.6398       147.8413         0.0000         -60579.3559      7353.3233         0.0000         0.0000      9866.5702         -42924.6772       309.3125    -52791.2474    -42905.3530       308.4752           -110.8556       -15.2454    161896.6169         7.1492         8.0576

WRITING COORDINATES TO DCD FILE 04_prod_1ns/prod_04.dcd AT STEP 1894000
ENERGY: 1894000        69.8998       189.5823       151.9015         0.0000         -60523.4671      7376.2487         0.0000         0.0000      9950.5926         -42785.2422       311.9465    -52735.8348    -42760.3235       308.1577            -32.7680        56.3966    161641.2958        10.7683        10.6105

LDB: ============= START OF LOAD BALANCING ============== 274.254
LDB: ============== END OF LOAD BALANCING =============== 274.254
Info: useSync: 0 useProxySync: 0
LDB: =============== DONE WITH MIGRATION ================ 274.254
LDB: ============= START OF LOAD BALANCING ============== 274.349
LDB: TIME 274.35 LOAD: AVG 0.0268557 MAX 0.0526195  PROXIES: TOTAL 128 MAXPE 16 MAXPATCH 4 None MEM: 0 MB
LDB: TIME 274.35 LOAD: AVG 0.0268557 MAX 0.0526195  PROXIES: TOTAL 128 MAXPE 16 MAXPATCH 4 RefineTorusLB MEM: 0 MB
LDB: TIME 274.35 LOAD: AVG 0.0268557 MAX 0.0526195  PROXIES: TOTAL 128 MAXPE 16 MAXPATCH 4 RefineTorusLB MEM: 0 MB
LDB: Reverting to original mapping
LDB: ============== END OF LOAD BALANCING =============== 274.35
Info: useSync: 0 useProxySync: 0
LDB: =============== DONE WITH MIGRATION ================ 274.351
ENERGY: 1894500        63.9843       190.9813       149.0831         0.0000         -60448.9066      7378.5485         0.0000         0.0000     10008.5477         -42657.7616       313.7634    -52666.3094    -42635.8061       310.2146             -3.0978        97.3041    162220.1796        -4.1363        -3.4916

TIMING: 1895000  CPU: 277.874, 0.00191784/step  Wall: 275.339, 0.00190844/step, 0.188193 hours remaining, 0.000000 MB of memory in use.
PERFORMANCE: 1895000  averaging 91.0164 ns/day, 0.00189856 sec/step with standard deviation 1.89562e-05
ETITLE:      TS           BOND          ANGLE          DIHED          IMPRP               ELECT            VDW       BOUNDARY           MISC        KINETIC               TOTAL           TEMP      POTENTIAL         TOTAL3        TEMPAVG            PRESSURE      GPRESSURE         VOLUME       PRESSAVG      GPRESSAVG

ENERGY: 1895000        66.3361       196.9400       136.2284         0.0000         -60335.3108      7361.9972         0.0000         0.0000      9850.3864         -42723.4227       308.8051    -52573.8091    -42697.9925       308.9717            -75.3185        30.9721    162631.4144        -1.8740        -2.4148

WRITING EXTENDED SYSTEM TO RESTART FILE AT STEP 1895000
WRITING COORDINATES TO DCD FILE 04_prod_1ns/prod_04.dcd AT STEP 1895000
WRITING COORDINATES TO RESTART FILE AT STEP 1895000
FINISHED WRITING RESTART COORDINATES
WRITING VELOCITIES TO RESTART FILE AT STEP 1895000
FINISHED WRITING RESTART VELOCITIES
ENERGY: 1895500        83.8830       196.2772       138.3038         0.0000         -60311.9841      7365.2438         0.0000         0.0000      9802.3872         -42725.8891       307.3004    -52528.2763    -42705.4128       308.5258             -0.6150        75.4309    162189.6189        -7.9917        -6.8547

ENERGY: 1896000        61.8861       193.7575       155.3689         0.0000         -60184.8712      7287.7675         0.0000         0.0000     10020.9899         -42465.1013       314.1535    -52486.0912    -42440.2760       310.6693             37.9408       127.8907    162635.3431         4.8561         4.0973

WRITING COORDINATES TO DCD FILE 04_prod_1ns/prod_04.dcd AT STEP 1896000
LDB: ============= START OF LOAD BALANCING ============== 278.096
LDB: ============== END OF LOAD BALANCING =============== 278.096
Info: useSync: 0 useProxySync: 0
LDB: =============== DONE WITH MIGRATION ================ 278.096
LDB: ============= START OF LOAD BALANCING ============== 278.188
LDB: TIME 278.189 LOAD: AVG 0.0259474 MAX 0.0423586  PROXIES: TOTAL 128 MAXPE 16 MAXPATCH 4 None MEM: 0 MB
LDB: TIME 278.189 LOAD: AVG 0.0259474 MAX 0.0423586  PROXIES: TOTAL 128 MAXPE 16 MAXPATCH 4 RefineTorusLB MEM: 0 MB
LDB: TIME 278.189 LOAD: AVG 0.0259474 MAX 0.0423586  PROXIES: TOTAL 128 MAXPE 16 MAXPATCH 4 RefineTorusLB MEM: 0 MB
LDB: Reverting to original mapping
LDB: ============== END OF LOAD BALANCING =============== 278.19
Info: useSync: 0 useProxySync: 0
LDB: =============== DONE WITH MIGRATION ================ 278.19
ENERGY: 1896500        70.9805       207.8448       161.5950         0.0000         -60233.3799      7281.7346         0.0000         0.0000      9940.2493         -42570.9756       311.6223    -52511.2249    -42547.9051       312.4739            -61.7598        -2.4361    162485.9558         4.4874         3.7159

ENERGY: 1897000        79.9277       194.8068       151.2371         0.0000         -60174.8974      7252.0649         0.0000         0.0000      9942.7210         -42554.1398       311.6998    -52496.8608    -42537.0887       311.6962            -90.4455       -10.0886    162133.5468        16.2262        16.7647

WRITING COORDINATES TO DCD FILE 04_prod_1ns/prod_04.dcd AT STEP 1897000
ENERGY: 1897500        69.5016       230.2715       149.9994         0.0000         -60317.2188      7283.5943         0.0000         0.0000     10019.6010         -42564.2511       314.1099    -52583.8520    -42540.7598       310.4238           -167.6217       -61.4274    162230.0508        -4.5410        -4.8965

WRITING COORDINATES TO DCD FILE 04_prod_1ns/prod_04.dcd AT STEP 1898000
ENERGY: 1898000        68.5672       210.2644       150.3497         0.0000         -60368.0343      7427.2341         0.0000         0.0000      9947.4287         -42564.1902       311.8474    -52511.6189    -42541.8462       312.9767            112.4390       218.0029    162446.7715        -2.8930        -2.4275

LDB: ============= START OF LOAD BALANCING ============== 281.841
LDB: ============== END OF LOAD BALANCING =============== 281.841
Info: useSync: 0 useProxySync: 0
LDB: =============== DONE WITH MIGRATION ================ 281.841
LDB: ============= START OF LOAD BALANCING ============== 281.935
LDB: TIME 281.936 LOAD: AVG 0.0259244 MAX 0.0468346  PROXIES: TOTAL 128 MAXPE 16 MAXPATCH 4 None MEM: 0 MB
LDB: TIME 281.936 LOAD: AVG 0.0259244 MAX 0.0468346  PROXIES: TOTAL 128 MAXPE 16 MAXPATCH 4 RefineTorusLB MEM: 0 MB
LDB: TIME 281.936 LOAD: AVG 0.0259244 MAX 0.0468346  PROXIES: TOTAL 128 MAXPE 16 MAXPATCH 4 RefineTorusLB MEM: 0 MB
LDB: ============== END OF LOAD BALANCING =============== 281.936
Info: useSync: 0 useProxySync: 0
LDB: =============== DONE WITH MIGRATION ================ 281.937
ENERGY: 1898500        71.9630       202.3657       150.6578         0.0000         -60367.5086      7246.7953         0.0000         0.0000      9988.3619         -42707.3649       313.1306    -52695.7267    -42688.0836       309.6772           -190.0159       -76.7924    161934.0713        -2.6928        -2.8402

ENERGY: 1899000        63.8041       189.5632       143.4004         0.0000         -60430.7093      7340.2906         0.0000         0.0000      9929.7881         -42763.8629       311.2943    -52693.6510    -42744.2482       310.2430              6.3588       109.8715    162119.8424        10.6305         9.3068

WRITING COORDINATES TO DCD FILE 04_prod_1ns/prod_04.dcd AT STEP 1899000
ENERGY: 1899500        71.9511       191.5211       146.4925         0.0000         -60424.3423      7376.7386         0.0000         0.0000      9992.6410         -42644.9981       313.2647    -52637.6391    -42624.8445       310.1371             38.1198       125.6722    161445.1996         7.0300         6.6438

WRITING COORDINATES TO DCD FILE 04_prod_1ns/prod_04.dcd AT STEP 1900000
WRITING COORDINATES TO RESTART FILE AT STEP 1900000
FINISHED WRITING RESTART COORDINATES
WRITING VELOCITIES TO RESTART FILE AT STEP 1900000
FINISHED WRITING RESTART VELOCITIES
TIMING: 1900000  CPU: 287.399, 0.00190487/step  Wall: 284.884, 0.00190914/step, 0.185611 hours remaining, 0.000000 MB of memory in use.
PERFORMANCE: 1900000  averaging 90.9995 ns/day, 0.00189891 sec/step with standard deviation 1.87265e-05
ETITLE:      TS           BOND          ANGLE          DIHED          IMPRP               ELECT            VDW       BOUNDARY           MISC        KINETIC               TOTAL           TEMP      POTENTIAL         TOTAL3        TEMPAVG            PRESSURE      GPRESSURE         VOLUME       PRESSAVG      GPRESSAVG

ENERGY: 1900000        61.5067       194.2076       148.3049         0.0000         -60080.3814      7195.6985         0.0000         0.0000      9924.9461         -42555.7175       311.1425    -52480.6636    -42532.4671       311.1283           -156.3639       -73.1706    162093.9955        -7.1180        -7.0237

WRITING EXTENDED SYSTEM TO RESTART FILE AT STEP 1900000
LDB: ============= START OF LOAD BALANCING ============== 285.707
LDB: ============== END OF LOAD BALANCING =============== 285.707
Info: useSync: 0 useProxySync: 0
LDB: =============== DONE WITH MIGRATION ================ 285.708
LDB: ============= START OF LOAD BALANCING ============== 285.805
LDB: TIME 285.805 LOAD: AVG 0.02681 MAX 0.0500067  PROXIES: TOTAL 128 MAXPE 16 MAXPATCH 4 None MEM: 0 MB
LDB: TIME 285.806 LOAD: AVG 0.02681 MAX 0.0500067  PROXIES: TOTAL 128 MAXPE 16 MAXPATCH 4 RefineTorusLB MEM: 0 MB
LDB: TIME 285.806 LOAD: AVG 0.02681 MAX 0.0500067  PROXIES: TOTAL 128 MAXPE 16 MAXPATCH 4 RefineTorusLB MEM: 0 MB
LDB: Reverting to original mapping
LDB: ============== END OF LOAD BALANCING =============== 285.806
Info: useSync: 0 useProxySync: 0
LDB: =============== DONE WITH MIGRATION ================ 285.807
ENERGY: 1900500        74.2254       200.7657       151.9108         0.0000         -60288.1671      7255.9222         0.0000         0.0000      9890.6794         -42714.6635       310.0683    -52605.3429    -42693.2888       310.6648           -194.5305      -111.2630    162971.7362        -7.5092        -8.3895

WRITING COORDINATES TO DCD FILE 04_prod_1ns/prod_04.dcd AT STEP 1901000
ENERGY: 1901000        72.7885       199.9529       156.6079         0.0000         -60536.3001      7419.2941         0.0000         0.0000     10024.3576         -42663.2992       314.2590    -52687.6567    -42643.9078       309.0770            -53.9429        52.2127    162100.9860         1.3543         1.3077

ENERGY: 1901500        73.5585       186.9720       151.4473         0.0000         -60446.2263      7479.5545         0.0000         0.0000      9884.7673         -42669.9267       309.8830    -52554.6941    -42647.2383       310.3713             77.0872       152.5137    162373.3073         7.0493         6.7967

WRITING COORDINATES TO DCD FILE 04_prod_1ns/prod_04.dcd AT STEP 1902000
ENERGY: 1902000        82.4999       195.5318       156.5333         0.0000         -60420.9664      7438.2569         0.0000         0.0000      9874.7952         -42673.3493       309.5703    -52548.1445    -42657.4319       310.4187            118.2347       220.1268    161779.1083         3.2462         2.4886

LDB: ============= START OF LOAD BALANCING ============== 289.465
LDB: ============== END OF LOAD BALANCING =============== 289.465
Info: useSync: 0 useProxySync: 0
LDB: =============== DONE WITH MIGRATION ================ 289.465
LDB: ============= START OF LOAD BALANCING ============== 289.559
LDB: TIME 289.559 LOAD: AVG 0.0257201 MAX 0.0435406  PROXIES: TOTAL 128 MAXPE 16 MAXPATCH 4 None MEM: 0 MB
LDB: TIME 289.559 LOAD: AVG 0.0257201 MAX 0.0435406  PROXIES: TOTAL 128 MAXPE 16 MAXPATCH 4 RefineTorusLB MEM: 0 MB
LDB: TIME 289.559 LOAD: AVG 0.0257201 MAX 0.0435406  PROXIES: TOTAL 128 MAXPE 16 MAXPATCH 4 RefineTorusLB MEM: 0 MB
LDB: ============== END OF LOAD BALANCING =============== 289.56
Info: useSync: 0 useProxySync: 0
LDB: =============== DONE WITH MIGRATION ================ 289.56
ENERGY: 1902500        75.0227       204.3541       142.4683         0.0000         -60272.4208      7308.5555         0.0000         0.0000      9799.0328         -42742.9874       307.1952    -52542.0201    -42716.8036       309.7396           -153.4325       -62.5619    161714.9383        -7.8186        -8.1813

ENERGY: 1903000        64.1689       203.3443       141.5601         0.0000         -60352.1386      7394.9112         0.0000         0.0000      9826.9077         -42721.2463       308.0691    -52548.1540    -42701.4125       311.2860            113.9090       220.7029    161842.7419        -2.3096        -1.8829

WRITING COORDINATES TO DCD FILE 04_prod_1ns/prod_04.dcd AT STEP 1903000
ENERGY: 1903500        80.0339       201.7987       150.7016         0.0000         -60153.7875      7227.4687         0.0000         0.0000      9951.2123         -42542.5724       311.9660    -52493.7846    -42527.4128       310.3528           -172.2272      -115.4660    163343.7751         0.7670        -0.3863

ENERGY: 1904000        64.7838       195.3089       147.6095         0.0000         -60157.9791      7324.3943         0.0000         0.0000      9900.9350         -42524.9477       310.3898    -52425.8827    -42496.8218       310.4754             56.6753       131.7648    162169.1388        15.0555        15.7277

WRITING COORDINATES TO DCD FILE 04_prod_1ns/prod_04.dcd AT STEP 1904000
LDB: ============= START OF LOAD BALANCING ============== 293.213
LDB: ============== END OF LOAD BALANCING =============== 293.214
Info: useSync: 0 useProxySync: 0
LDB: =============== DONE WITH MIGRATION ================ 293.215
LDB: ============= START OF LOAD BALANCING ============== 293.307
LDB: TIME 293.307 LOAD: AVG 0.0272244 MAX 0.0443788  PROXIES: TOTAL 128 MAXPE 16 MAXPATCH 4 None MEM: 0 MB
LDB: TIME 293.308 LOAD: AVG 0.0272244 MAX 0.0443788  PROXIES: TOTAL 128 MAXPE 16 MAXPATCH 4 RefineTorusLB MEM: 0 MB
LDB: TIME 293.308 LOAD: AVG 0.0272244 MAX 0.0443788  PROXIES: TOTAL 128 MAXPE 16 MAXPATCH 4 RefineTorusLB MEM: 0 MB
LDB: ============== END OF LOAD BALANCING =============== 293.308
Info: useSync: 0 useProxySync: 0
LDB: =============== DONE WITH MIGRATION ================ 293.309
ENERGY: 1904500        70.1720       197.2536       143.3716         0.0000         -60270.8653      7196.8070         0.0000         0.0000      9874.3358         -42788.9254       309.5559    -52663.2612    -42769.2674       310.3431           -238.7110      -142.5513    162714.3460        -6.8204        -5.7713

TIMING: 1905000  CPU: 296.955, 0.00191122/step  Wall: 294.295, 0.00188216/step, 0.180374 hours remaining, 0.000000 MB of memory in use.
PERFORMANCE: 1905000  averaging 91.0254 ns/day, 0.00189837 sec/step with standard deviation 1.86559e-05
ETITLE:      TS           BOND          ANGLE          DIHED          IMPRP               ELECT            VDW       BOUNDARY           MISC        KINETIC               TOTAL           TEMP      POTENTIAL         TOTAL3        TEMPAVG            PRESSURE      GPRESSURE         VOLUME       PRESSAVG      GPRESSAVG

ENERGY: 1905000        75.8801       198.1048       144.3148         0.0000         -60299.6687      7311.6731         0.0000         0.0000      9943.1110         -42626.5850       311.7120    -52569.6959    -42602.1265       309.1109            -42.0951        71.1599    162651.8014        -2.4382        -3.2654

WRITING EXTENDED SYSTEM TO RESTART FILE AT STEP 1905000
WRITING COORDINATES TO DCD FILE 04_prod_1ns/prod_04.dcd AT STEP 1905000
WRITING COORDINATES TO RESTART FILE AT STEP 1905000
FINISHED WRITING RESTART COORDINATES
WRITING VELOCITIES TO RESTART FILE AT STEP 1905000
FINISHED WRITING RESTART VELOCITIES
ENERGY: 1905500        65.8974       217.3567       141.2899         0.0000         -60251.9879      7308.4066         0.0000         0.0000      9996.6637         -42522.3736       313.3909    -52519.0372    -42496.1545       312.2188            -37.5804        56.2109    162346.4507       -10.2081        -9.8405

WRITING COORDINATES TO DCD FILE 04_prod_1ns/prod_04.dcd AT STEP 1906000
ENERGY: 1906000        75.5164       193.0596       146.9151         0.0000         -60401.0917      7248.7015         0.0000         0.0000      9827.1712         -42909.7280       308.0773    -52736.8991    -42885.4810       309.2432           -236.1628      -137.5217    162511.4111         1.4567         2.6587

LDB: ============= START OF LOAD BALANCING ============== 297.075
LDB: ============== END OF LOAD BALANCING =============== 297.076
Info: useSync: 0 useProxySync: 0
LDB: =============== DONE WITH MIGRATION ================ 297.076
LDB: ============= START OF LOAD BALANCING ============== 297.17
LDB: TIME 297.171 LOAD: AVG 0.0256746 MAX 0.049439  PROXIES: TOTAL 128 MAXPE 16 MAXPATCH 4 None MEM: 0 MB
LDB: TIME 297.171 LOAD: AVG 0.0256746 MAX 0.049439  PROXIES: TOTAL 128 MAXPE 16 MAXPATCH 4 RefineTorusLB MEM: 0 MB
LDB: TIME 297.171 LOAD: AVG 0.0256746 MAX 0.049439  PROXIES: TOTAL 128 MAXPE 16 MAXPATCH 4 RefineTorusLB MEM: 0 MB
LDB: Reverting to original mapping
LDB: ============== END OF LOAD BALANCING =============== 297.172
Info: useSync: 0 useProxySync: 0
LDB: =============== DONE WITH MIGRATION ================ 297.173
ENERGY: 1906500        70.6407       192.4438       151.8788         0.0000         -60328.7982      7218.2622         0.0000         0.0000      9792.1959         -42903.3768       306.9809    -52695.5728    -42880.3789       307.7546            -52.0445        32.2671    161302.4343         0.4888         0.4249

ENERGY: 1907000        85.4211       218.8385       150.5933         0.0000         -60437.8574      7424.5149         0.0000         0.0000      9760.6863         -42797.8034       305.9931    -52558.4897    -42771.0158       307.9812            -81.5882        -3.2798    162809.6217        11.1538        10.5952

WRITING COORDINATES TO DCD FILE 04_prod_1ns/prod_04.dcd AT STEP 1907000
ENERGY: 1907500        69.3566       206.4181       155.4508         0.0000         -60341.6283      7423.5731         0.0000         0.0000      9808.2746         -42678.5551       307.4849    -52486.8297    -42654.1479       308.7084             93.3565       158.9072    162790.9107         5.1359         4.8006

ENERGY: 1908000        83.7750       205.1868       150.4241         0.0000         -60635.9479      7454.6121         0.0000         0.0000      9876.2567         -42865.6933       309.6161    -52741.9499    -42846.8749       310.3462             34.3301       106.0767    161446.3772         2.0959         2.7879

WRITING COORDINATES TO DCD FILE 04_prod_1ns/prod_04.dcd AT STEP 1908000
LDB: ============= START OF LOAD BALANCING ============== 300.811
LDB: ============== END OF LOAD BALANCING =============== 300.811
Info: useSync: 0 useProxySync: 0
LDB: =============== DONE WITH MIGRATION ================ 300.812
LDB: ============= START OF LOAD BALANCING ============== 300.905
LDB: TIME 300.905 LOAD: AVG 0.0260055 MAX 0.0457054  PROXIES: TOTAL 128 MAXPE 16 MAXPATCH 4 None MEM: 0 MB
LDB: TIME 300.906 LOAD: AVG 0.0260055 MAX 0.0457054  PROXIES: TOTAL 128 MAXPE 16 MAXPATCH 4 RefineTorusLB MEM: 0 MB
LDB: TIME 300.906 LOAD: AVG 0.0260055 MAX 0.0457054  PROXIES: TOTAL 128 MAXPE 16 MAXPATCH 4 RefineTorusLB MEM: 0 MB
LDB: Reverting to original mapping
LDB: ============== END OF LOAD BALANCING =============== 300.907
Info: useSync: 0 useProxySync: 0
LDB: =============== DONE WITH MIGRATION ================ 300.907
ENERGY: 1908500        71.0339       221.6103       145.2786         0.0000         -60694.4655      7487.8721         0.0000         0.0000      9917.1261         -42851.5445       310.8974    -52768.6706    -42829.7630       308.2017            145.9555       257.8183    161916.6003        12.9909        13.4139

ENERGY: 1909000        81.7640       213.8623       145.1774         0.0000         -60332.3749      7250.1967         0.0000         0.0000      9881.5941         -42759.7804       309.7835    -52641.3745    -42742.0336       310.2705           -236.4779      -142.2518    162083.4556        10.6416        10.8610

WRITING COORDINATES TO DCD FILE 04_prod_1ns/prod_04.dcd AT STEP 1909000
ENERGY: 1909500        81.2772       187.2302       138.9679         0.0000         -60363.3719      7337.3909         0.0000         0.0000      9920.4709         -42698.0349       311.0022    -52618.5058    -42677.3459       309.6382              1.8283        71.1091    161322.2549         2.9582         1.9983

WRITING COORDINATES TO DCD FILE 04_prod_1ns/prod_04.dcd AT STEP 1910000
WRITING COORDINATES TO RESTART FILE AT STEP 1910000
FINISHED WRITING RESTART COORDINATES
WRITING VELOCITIES TO RESTART FILE AT STEP 1910000
FINISHED WRITING RESTART VELOCITIES
TIMING: 1910000  CPU: 306.497, 0.00190846/step  Wall: 303.832, 0.00190743/step, 0.180147 hours remaining, 0.000000 MB of memory in use.
PERFORMANCE: 1910000  averaging 91.0118 ns/day, 0.00189865 sec/step with standard deviation 1.84223e-05
ETITLE:      TS           BOND          ANGLE          DIHED          IMPRP               ELECT            VDW       BOUNDARY           MISC        KINETIC               TOTAL           TEMP      POTENTIAL         TOTAL3        TEMPAVG            PRESSURE      GPRESSURE         VOLUME       PRESSAVG      GPRESSAVG

ENERGY: 1910000        75.2919       200.6421       147.3738         0.0000         -60253.5046      7272.1309         0.0000         0.0000      9916.7240         -42641.3418       310.8848    -52558.0659    -42614.8513       310.5404           -200.2478      -123.9447    162235.1723         1.4683        -0.2701

WRITING EXTENDED SYSTEM TO RESTART FILE AT STEP 1910000
LDB: ============= START OF LOAD BALANCING ============== 304.66
LDB: ============== END OF LOAD BALANCING =============== 304.661
Info: useSync: 0 useProxySync: 0
LDB: =============== DONE WITH MIGRATION ================ 304.661
LDB: ============= START OF LOAD BALANCING ============== 304.759
LDB: TIME 304.759 LOAD: AVG 0.0267111 MAX 0.051396  PROXIES: TOTAL 128 MAXPE 16 MAXPATCH 4 None MEM: 0 MB
LDB: TIME 304.76 LOAD: AVG 0.0267111 MAX 0.051396  PROXIES: TOTAL 128 MAXPE 16 MAXPATCH 4 RefineTorusLB MEM: 0 MB
LDB: TIME 304.76 LOAD: AVG 0.0267111 MAX 0.051396  PROXIES: TOTAL 128 MAXPE 16 MAXPATCH 4 RefineTorusLB MEM: 0 MB
LDB: Reverting to original mapping
LDB: ============== END OF LOAD BALANCING =============== 304.76
Info: useSync: 0 useProxySync: 0
LDB: =============== DONE WITH MIGRATION ================ 304.761
ENERGY: 1910500        67.0020       212.5378       153.5445         0.0000         -60405.8216      7355.4918         0.0000         0.0000      9944.4111         -42672.8343       311.7528    -52617.2455    -42658.7245       311.0361           -112.9800       -14.0873    162095.7260        -1.6547        -1.2523

ENERGY: 1911000        65.5618       197.7647       145.5971         0.0000         -60297.2991      7344.4890         0.0000         0.0000      9789.7835         -42754.1032       306.9053    -52543.8867    -42726.6002       309.3122             80.2107       140.2580    162459.4173         9.5994         8.5664

WRITING COORDINATES TO DCD FILE 04_prod_1ns/prod_04.dcd AT STEP 1911000
ENERGY: 1911500        76.7243       195.7809       146.4903         0.0000         -60038.0090      7143.2483         0.0000         0.0000      9923.2479         -42552.5174       311.0893    -52475.7653    -42529.0104       309.4904           -363.6277      -288.3668    163611.3302        -3.6316        -3.2812

ENERGY: 1912000        69.1536       180.4251       146.8567         0.0000         -60293.2026      7381.8524         0.0000         0.0000     10009.8216         -42505.0931       313.8033    -52514.9147    -42478.9160       311.7914            -57.2076        51.3427    162995.0083         8.5828         9.4631

WRITING COORDINATES TO DCD FILE 04_prod_1ns/prod_04.dcd AT STEP 1912000
LDB: ============= START OF LOAD BALANCING ============== 308.397
LDB: ============== END OF LOAD BALANCING =============== 308.397
Info: useSync: 0 useProxySync: 0
LDB: =============== DONE WITH MIGRATION ================ 308.398
LDB: ============= START OF LOAD BALANCING ============== 308.491
LDB: TIME 308.491 LOAD: AVG 0.0263887 MAX 0.0494779  PROXIES: TOTAL 128 MAXPE 16 MAXPATCH 4 None MEM: 0 MB
LDB: TIME 308.491 LOAD: AVG 0.0263887 MAX 0.0494779  PROXIES: TOTAL 128 MAXPE 16 MAXPATCH 4 RefineTorusLB MEM: 0 MB
LDB: TIME 308.492 LOAD: AVG 0.0263887 MAX 0.0494779  PROXIES: TOTAL 128 MAXPE 16 MAXPATCH 4 RefineTorusLB MEM: 0 MB
LDB: ============== END OF LOAD BALANCING =============== 308.492
Info: useSync: 0 useProxySync: 0
LDB: =============== DONE WITH MIGRATION ================ 308.493
ENERGY: 1912500        67.7509       200.8484       146.5494         0.0000         -60089.6203      7165.7535         0.0000         0.0000     10044.2944         -42464.4237       314.8841    -52508.7181    -42442.9160       312.9343           -242.4511      -132.7058    162025.9314         5.4528         5.9098

ENERGY: 1913000        70.5338       208.5056       145.3999         0.0000         -59999.6924      7129.9860         0.0000         0.0000      9990.0371         -42455.2300       313.1831    -52445.2671    -42432.6510       313.0165           -275.7111      -175.4851    162270.4493         6.5235         6.5100

WRITING COORDINATES TO DCD FILE 04_prod_1ns/prod_04.dcd AT STEP 1913000
ENERGY: 1913500        73.4518       209.9240       143.3686         0.0000         -60029.9868      7187.0695         0.0000         0.0000      9930.5989         -42485.5741       311.3198    -52416.1730    -42461.4924       311.6482           -149.6228       -73.2446    162317.3595         3.8332         3.4453

ENERGY: 1914000        83.2553       210.1636       156.8459         0.0000         -60104.3512      7249.9055         0.0000         0.0000      9968.8296         -42435.3512       312.5183    -52404.1808    -42414.9217       312.7413           -186.6837       -73.1548    162401.1989         0.8044         0.6382

WRITING COORDINATES TO DCD FILE 04_prod_1ns/prod_04.dcd AT STEP 1914000
LDB: ============= START OF LOAD BALANCING ============== 312.143
LDB: ============== END OF LOAD BALANCING =============== 312.144
Info: useSync: 0 useProxySync: 0
LDB: =============== DONE WITH MIGRATION ================ 312.144
LDB: ============= START OF LOAD BALANCING ============== 312.238
LDB: TIME 312.238 LOAD: AVG 0.0271514 MAX 0.0492396  PROXIES: TOTAL 128 MAXPE 16 MAXPATCH 4 None MEM: 0 MB
LDB: TIME 312.239 LOAD: AVG 0.0271514 MAX 0.0492396  PROXIES: TOTAL 128 MAXPE 16 MAXPATCH 4 RefineTorusLB MEM: 0 MB
LDB: TIME 312.239 LOAD: AVG 0.0271514 MAX 0.0492396  PROXIES: TOTAL 128 MAXPE 16 MAXPATCH 4 RefineTorusLB MEM: 0 MB
LDB: Reverting to original mapping
LDB: ============== END OF LOAD BALANCING =============== 312.239
Info: useSync: 0 useProxySync: 0
LDB: =============== DONE WITH MIGRATION ================ 312.24
ENERGY: 1914500        88.4175       185.9233       145.2082         0.0000         -59942.2812      7190.6947         0.0000         0.0000      9925.8404         -42406.1971       311.1706    -52332.0375    -42383.3252       312.8196           -144.3079       -52.0518    162619.9326        -7.7610        -7.2406

TIMING: 1915000  CPU: 316.077, 0.00191591/step  Wall: 313.228, 0.00187922/step, 0.174872 hours remaining, 0.000000 MB of memory in use.
PERFORMANCE: 1915000  averaging 91.0401 ns/day, 0.00189807 sec/step with standard deviation 1.84451e-05
ETITLE:      TS           BOND          ANGLE          DIHED          IMPRP               ELECT            VDW       BOUNDARY           MISC        KINETIC               TOTAL           TEMP      POTENTIAL         TOTAL3        TEMPAVG            PRESSURE      GPRESSURE         VOLUME       PRESSAVG      GPRESSAVG

ENERGY: 1915000        69.5426       210.1581       154.4887         0.0000         -60409.1603      7442.3567         0.0000         0.0000      9872.4908         -42660.1232       309.4981    -52532.6141    -42631.1409       310.2811             60.5571       173.7736    162916.3568        -0.9766        -1.3302

WRITING EXTENDED SYSTEM TO RESTART FILE AT STEP 1915000
WRITING COORDINATES TO DCD FILE 04_prod_1ns/prod_04.dcd AT STEP 1915000
WRITING COORDINATES TO RESTART FILE AT STEP 1915000
FINISHED WRITING RESTART COORDINATES
WRITING VELOCITIES TO RESTART FILE AT STEP 1915000
FINISHED WRITING RESTART VELOCITIES
ENERGY: 1915500        82.2668       190.1840       149.7775         0.0000         -60644.0532      7420.3852         0.0000         0.0000      9916.4238         -42885.0160       310.8754    -52801.4398    -42867.0684       309.7867           -102.1930       -21.1350    162693.8143         9.8407        10.5789

ENERGY: 1916000        75.4919       192.2770       155.9681         0.0000         -60079.0045      7147.0096         0.0000         0.0000      9872.3580         -42635.8999       309.4939    -52508.2579    -42612.0560       310.0379           -340.3473      -264.6053    162706.9344         1.4344         1.8346

WRITING COORDINATES TO DCD FILE 04_prod_1ns/prod_04.dcd AT STEP 1916000
LDB: ============= START OF LOAD BALANCING ============== 316.014
LDB: ============== END OF LOAD BALANCING =============== 316.015
Info: useSync: 0 useProxySync: 0
LDB: =============== DONE WITH MIGRATION ================ 316.015
LDB: ============= START OF LOAD BALANCING ============== 316.107
LDB: TIME 316.107 LOAD: AVG 0.0257238 MAX 0.0443242  PROXIES: TOTAL 128 MAXPE 16 MAXPATCH 4 None MEM: 0 MB
LDB: TIME 316.107 LOAD: AVG 0.0257238 MAX 0.0443242  PROXIES: TOTAL 128 MAXPE 16 MAXPATCH 4 RefineTorusLB MEM: 0 MB
LDB: TIME 316.107 LOAD: AVG 0.0257238 MAX 0.0443242  PROXIES: TOTAL 128 MAXPE 16 MAXPATCH 4 RefineTorusLB MEM: 0 MB
LDB: ============== END OF LOAD BALANCING =============== 316.108
Info: useSync: 0 useProxySync: 0
LDB: =============== DONE WITH MIGRATION ================ 316.108
ENERGY: 1916500        75.1917       204.9847       146.9985         0.0000         -60595.8908      7482.2688         0.0000         0.0000      9857.9330         -42828.5142       309.0417    -52686.4471    -42803.8283       310.2146            -16.3622        56.6353    162643.0121         3.3572         3.9959

ENERGY: 1917000        68.5730       214.1365       142.3954         0.0000         -60346.3766      7257.8654         0.0000         0.0000      9778.9792         -42884.4271       306.5665    -52663.4064    -42862.0934       308.9244           -319.3994      -240.6257    163392.6007         2.6870         2.8389

WRITING COORDINATES TO DCD FILE 04_prod_1ns/prod_04.dcd AT STEP 1917000
ENERGY: 1917500        76.3331       201.7786       147.4605         0.0000         -60829.5045      7563.3531         0.0000         0.0000      9898.0050         -42942.5742       310.2979    -52840.5792    -42914.4803       306.8936            145.4150       229.3570    160937.5926        -5.9468        -5.9067

WRITING COORDINATES TO DCD FILE 04_prod_1ns/prod_04.dcd AT STEP 1918000
ENERGY: 1918000        77.0135       197.9130       151.5344         0.0000         -60577.6183      7334.9359         0.0000         0.0000      9901.2287         -42914.9928       310.3990    -52816.2215    -42893.9134       307.1116           -174.1338       -86.7811    161923.1506         3.3351         2.9003

LDB: ============= START OF LOAD BALANCING ============== 319.765
LDB: ============== END OF LOAD BALANCING =============== 319.766
Info: useSync: 0 useProxySync: 0
LDB: =============== DONE WITH MIGRATION ================ 319.766
LDB: ============= START OF LOAD BALANCING ============== 319.861
LDB: TIME 319.861 LOAD: AVG 0.0265347 MAX 0.0505362  PROXIES: TOTAL 128 MAXPE 16 MAXPATCH 4 None MEM: 0 MB
LDB: TIME 319.861 LOAD: AVG 0.0265347 MAX 0.0505362  PROXIES: TOTAL 128 MAXPE 16 MAXPATCH 4 RefineTorusLB MEM: 0 MB
LDB: TIME 319.862 LOAD: AVG 0.0265347 MAX 0.0505362  PROXIES: TOTAL 128 MAXPE 16 MAXPATCH 4 RefineTorusLB MEM: 0 MB
LDB: ============== END OF LOAD BALANCING =============== 319.862
Info: useSync: 0 useProxySync: 0
LDB: =============== DONE WITH MIGRATION ================ 319.863
ENERGY: 1918500        74.9137       204.4718       152.2582         0.0000         -60338.4689      7304.8949         0.0000         0.0000      9779.6257         -42822.3046       306.5868    -52601.9304    -42806.9055       308.3607            -15.7689        74.8020    161219.7165         2.3885         3.9456

ENERGY: 1919000        67.9882       200.1458       149.9872         0.0000         -60438.8702      7352.8357         0.0000         0.0000      9914.7107         -42753.2026       310.8217    -52667.9133    -42730.2682       309.1916            -25.1227        45.1469    161313.9806        -3.8625        -2.8821

WRITING COORDINATES TO DCD FILE 04_prod_1ns/prod_04.dcd AT STEP 1919000
ENERGY: 1919500        78.9778       209.3006       152.5101         0.0000         -60418.2428      7313.8853         0.0000         0.0000     10000.3619         -42663.2070       313.5068    -52663.5689    -42648.6630       310.5483             63.9620       143.8125    160739.3406       -17.7192       -18.1049

TIMING: 1920000  CPU: 325.669, 0.00191849/step  Wall: 322.724, 0.00189909/step, 0.174084 hours remaining, 0.000000 MB of memory in use.
PERFORMANCE: 1920000  averaging 91.0386 ns/day, 0.0018981 sec/step with standard deviation 1.81643e-05
ETITLE:      TS           BOND          ANGLE          DIHED          IMPRP               ELECT            VDW       BOUNDARY           MISC        KINETIC               TOTAL           TEMP      POTENTIAL         TOTAL3        TEMPAVG            PRESSURE      GPRESSURE         VOLUME       PRESSAVG      GPRESSAVG

ENERGY: 1920000        78.2887       193.5358       147.3355         0.0000         -60253.1197      7264.5255         0.0000         0.0000      9861.4776         -42707.9566       309.1528    -52569.4342    -42686.3990       309.7252             74.1348       152.7696    160549.3467        12.6459        11.6800

WRITING EXTENDED SYSTEM TO RESTART FILE AT STEP 1920000
WRITING COORDINATES TO DCD FILE 04_prod_1ns/prod_04.dcd AT STEP 1920000
WRITING COORDINATES TO RESTART FILE AT STEP 1920000
FINISHED WRITING RESTART COORDINATES
WRITING VELOCITIES TO RESTART FILE AT STEP 1920000
FINISHED WRITING RESTART VELOCITIES
LDB: ============= START OF LOAD BALANCING ============== 323.617
LDB: ============== END OF LOAD BALANCING =============== 323.617
Info: useSync: 0 useProxySync: 0
LDB: =============== DONE WITH MIGRATION ================ 323.617
LDB: ============= START OF LOAD BALANCING ============== 323.708
LDB: TIME 323.708 LOAD: AVG 0.0255975 MAX 0.0446603  PROXIES: TOTAL 128 MAXPE 16 MAXPATCH 4 None MEM: 0 MB
LDB: TIME 323.708 LOAD: AVG 0.0255975 MAX 0.0446603  PROXIES: TOTAL 128 MAXPE 16 MAXPATCH 4 RefineTorusLB MEM: 0 MB
LDB: TIME 323.709 LOAD: AVG 0.0255975 MAX 0.0446603  PROXIES: TOTAL 128 MAXPE 16 MAXPATCH 4 RefineTorusLB MEM: 0 MB
LDB: Reverting to original mapping
LDB: ============== END OF LOAD BALANCING =============== 323.709
Info: useSync: 0 useProxySync: 0
LDB: =============== DONE WITH MIGRATION ================ 323.71
ENERGY: 1920500        83.5230       194.0085       158.7292         0.0000         -60287.4021      7331.2922         0.0000         0.0000      9730.7780         -42789.0714       305.0555    -52519.8493    -42775.3881       309.8282            -37.2839        30.9187    162026.1529        -1.4256        -0.8253

ENERGY: 1921000        79.3696       206.4443       146.9139         0.0000         -60705.2256      7497.2759         0.0000         0.0000      9946.1418         -42829.0801       311.8070    -52775.2219    -42808.3154       308.6270             10.4051        87.9521    161914.1268         0.3118         0.1332

WRITING COORDINATES TO DCD FILE 04_prod_1ns/prod_04.dcd AT STEP 1921000
ENERGY: 1921500        77.9639       200.6055       156.9141         0.0000         -60553.9534      7359.8760         0.0000         0.0000     10010.1927         -42748.4012       313.8150    -52758.5938    -42721.5251       309.4818           -103.2564        15.0301    161252.9347        16.8327        16.2039

ENERGY: 1922000        77.5019       206.9812       158.9050         0.0000         -60247.6231      7257.5646         0.0000         0.0000      9865.9114         -42680.7590       309.2918    -52546.6705    -42658.5946       310.8020           -136.4262       -42.6212    161752.6135        -7.9920        -8.3539

WRITING COORDINATES TO DCD FILE 04_prod_1ns/prod_04.dcd AT STEP 1922000
LDB: ============= START OF LOAD BALANCING ============== 327.378
LDB: ============== END OF LOAD BALANCING =============== 327.378
Info: useSync: 0 useProxySync: 0
LDB: =============== DONE WITH MIGRATION ================ 327.378
LDB: ============= START OF LOAD BALANCING ============== 327.474
LDB: TIME 327.474 LOAD: AVG 0.0261446 MAX 0.0510936  PROXIES: TOTAL 128 MAXPE 16 MAXPATCH 4 None MEM: 0 MB
LDB: TIME 327.475 LOAD: AVG 0.0261446 MAX 0.0510936  PROXIES: TOTAL 128 MAXPE 16 MAXPATCH 4 RefineTorusLB MEM: 0 MB
LDB: TIME 327.475 LOAD: AVG 0.0261446 MAX 0.0510936  PROXIES: TOTAL 128 MAXPE 16 MAXPATCH 4 RefineTorusLB MEM: 0 MB
LDB: Reverting to original mapping
LDB: ============== END OF LOAD BALANCING =============== 327.475
Info: useSync: 0 useProxySync: 0
LDB: =============== DONE WITH MIGRATION ================ 327.476
ENERGY: 1922500        73.4948       182.9892       149.7542         0.0000         -60497.1307      7455.2466         0.0000         0.0000      9878.3328         -42757.3133       309.6812    -52635.6460    -42734.6850       309.5902            235.5574       319.2142    161314.1385         5.5909         4.4186

ENERGY: 1923000        76.8622       203.7821       154.7660         0.0000         -60404.5124      7300.7443         0.0000         0.0000      9951.8978         -42716.4600       311.9875    -52668.3578    -42693.3091       309.0939            -54.6733        13.5685    161933.8985         1.2742         1.3352

WRITING COORDINATES TO DCD FILE 04_prod_1ns/prod_04.dcd AT STEP 1923000
ENERGY: 1923500        81.6847       199.3261       146.9419         0.0000         -60241.5276      7356.9808         0.0000         0.0000      9808.4217         -42648.1725       307.4896    -52456.5942    -42633.9121       309.5071           -113.1634        -3.1845    162519.5206         5.3760         6.9861

ENERGY: 1924000        64.1158       206.3734       151.0772         0.0000         -60197.7850      7242.2348         0.0000         0.0000     10011.0631         -42522.9209       313.8423    -52533.9839    -42504.9027       312.3709           -202.6049       -77.9629    163126.9433        -4.6033        -3.7977

WRITING COORDINATES TO DCD FILE 04_prod_1ns/prod_04.dcd AT STEP 1924000
LDB: ============= START OF LOAD BALANCING ============== 331.11
LDB: ============== END OF LOAD BALANCING =============== 331.111
Info: useSync: 0 useProxySync: 0
LDB: =============== DONE WITH MIGRATION ================ 331.111
LDB: ============= START OF LOAD BALANCING ============== 331.203
LDB: TIME 331.204 LOAD: AVG 0.0269113 MAX 0.0499157  PROXIES: TOTAL 128 MAXPE 16 MAXPATCH 4 None MEM: 0 MB
LDB: TIME 331.204 LOAD: AVG 0.0269113 MAX 0.0499157  PROXIES: TOTAL 128 MAXPE 16 MAXPATCH 4 RefineTorusLB MEM: 0 MB
LDB: TIME 331.204 LOAD: AVG 0.0269113 MAX 0.0499157  PROXIES: TOTAL 128 MAXPE 16 MAXPATCH 4 RefineTorusLB MEM: 0 MB
LDB: ============== END OF LOAD BALANCING =============== 331.204
Info: useSync: 0 useProxySync: 0
LDB: =============== DONE WITH MIGRATION ================ 331.205
ENERGY: 1924500        79.2202       198.3708       145.4063         0.0000         -59926.9377      7003.0650         0.0000         0.0000      9934.1016         -42566.7737       311.4296    -52500.8753    -42551.5905       312.0679           -549.0780      -451.9672    162655.6088        -6.1529        -6.8973

TIMING: 1925000  CPU: 335.222, 0.00191055/step  Wall: 332.187, 0.00189265/step, 0.170864 hours remaining, 0.000000 MB of memory in use.
PERFORMANCE: 1925000  averaging 91.0461 ns/day, 0.00189794 sec/step with standard deviation 1.79188e-05
ETITLE:      TS           BOND          ANGLE          DIHED          IMPRP               ELECT            VDW       BOUNDARY           MISC        KINETIC               TOTAL           TEMP      POTENTIAL         TOTAL3        TEMPAVG            PRESSURE      GPRESSURE         VOLUME       PRESSAVG      GPRESSAVG

ENERGY: 1925000        76.0320       174.5049       151.7801         0.0000         -60309.9330      7317.0121         0.0000         0.0000      9863.2562         -42727.3476       309.2086    -52590.6039    -42712.9907       311.3926            -45.2118        40.1580    162008.0396        -2.4786        -2.5818

WRITING EXTENDED SYSTEM TO RESTART FILE AT STEP 1925000
WRITING COORDINATES TO DCD FILE 04_prod_1ns/prod_04.dcd AT STEP 1925000
WRITING COORDINATES TO RESTART FILE AT STEP 1925000
FINISHED WRITING RESTART COORDINATES
WRITING VELOCITIES TO RESTART FILE AT STEP 1925000
FINISHED WRITING RESTART VELOCITIES
ENERGY: 1925500        65.7115       181.7878       151.1579         0.0000         -60228.2710      7322.1686         0.0000         0.0000      9822.0169         -42685.4284       307.9158    -52507.4453    -42659.9122       309.6567           -114.3080       -27.8374    162535.7382         4.1643         4.5649

ENERGY: 1926000        72.5202       180.2195       146.4849         0.0000         -60286.5814      7435.8969         0.0000         0.0000      9939.7970         -42511.6628       311.6081    -52451.4599    -42488.9512       311.7457            208.0794       306.2690    161639.2122        -2.5277        -2.3893

WRITING COORDINATES TO DCD FILE 04_prod_1ns/prod_04.dcd AT STEP 1926000
LDB: ============= START OF LOAD BALANCING ============== 334.98
LDB: ============== END OF LOAD BALANCING =============== 334.98
Info: useSync: 0 useProxySync: 0
LDB: =============== DONE WITH MIGRATION ================ 334.98
LDB: ============= START OF LOAD BALANCING ============== 335.076
LDB: TIME 335.077 LOAD: AVG 0.0263429 MAX 0.0491878  PROXIES: TOTAL 128 MAXPE 16 MAXPATCH 4 None MEM: 0 MB
LDB: TIME 335.077 LOAD: AVG 0.0263429 MAX 0.0491878  PROXIES: TOTAL 128 MAXPE 16 MAXPATCH 4 RefineTorusLB MEM: 0 MB
LDB: TIME 335.077 LOAD: AVG 0.0263429 MAX 0.0491878  PROXIES: TOTAL 128 MAXPE 16 MAXPATCH 4 RefineTorusLB MEM: 0 MB
LDB: Reverting to original mapping
LDB: ============== END OF LOAD BALANCING =============== 335.078
Info: useSync: 0 useProxySync: 0
LDB: =============== DONE WITH MIGRATION ================ 335.078
ENERGY: 1926500        87.3782       198.9695       148.7125         0.0000         -60387.7261      7378.1062         0.0000         0.0000      9866.1859         -42708.3739       309.3004    -52574.5598    -42687.0934       311.9564            112.9061       204.9740    160239.5042        12.2239        10.7040

ENERGY: 1927000        78.3148       181.7596       155.8489         0.0000         -60112.5236      7212.4319         0.0000         0.0000      9818.6675         -42665.5008       307.8108    -52484.1683    -42647.6235       310.0563           -269.8677      -188.1189    163062.1296         1.7608         1.6942

WRITING COORDINATES TO DCD FILE 04_prod_1ns/prod_04.dcd AT STEP 1927000
ENERGY: 1927500        70.3936       202.4891       162.3569         0.0000         -60124.5851      7214.1236         0.0000         0.0000      9808.0880         -42667.1339       307.4791    -52475.2219    -42646.7563       310.2629           -362.7442      -276.7046    163187.9277        -7.5954        -6.6594

WRITING COORDINATES TO DCD FILE 04_prod_1ns/prod_04.dcd AT STEP 1928000
ENERGY: 1928000        78.2656       193.4327       149.4201         0.0000         -60333.5233      7317.6088         0.0000         0.0000      9927.1624         -42667.6337       311.2120    -52594.7961    -42643.5422       309.8971           -232.7919      -123.3489    162852.8349         7.3420         7.4338

LDB: ============= START OF LOAD BALANCING ============== 338.73
LDB: ============== END OF LOAD BALANCING =============== 338.73
Info: useSync: 0 useProxySync: 0
LDB: =============== DONE WITH MIGRATION ================ 338.731
LDB: ============= START OF LOAD BALANCING ============== 338.827
LDB: TIME 338.828 LOAD: AVG 0.026428 MAX 0.0523139  PROXIES: TOTAL 128 MAXPE 16 MAXPATCH 4 None MEM: 0 MB
LDB: TIME 338.828 LOAD: AVG 0.026428 MAX 0.0523139  PROXIES: TOTAL 128 MAXPE 16 MAXPATCH 4 RefineTorusLB MEM: 0 MB
LDB: TIME 338.828 LOAD: AVG 0.026428 MAX 0.0523139  PROXIES: TOTAL 128 MAXPE 16 MAXPATCH 4 RefineTorusLB MEM: 0 MB
LDB: Reverting to original mapping
LDB: ============== END OF LOAD BALANCING =============== 338.829
Info: useSync: 0 useProxySync: 0
LDB: =============== DONE WITH MIGRATION ================ 338.829
ENERGY: 1928500        74.4039       195.5504       142.9807         0.0000         -60193.6694      7278.2279         0.0000         0.0000      9947.0401         -42555.4664       311.8352    -52502.5065    -42529.9107       311.4971            -84.4860       -10.1051    162962.9834        -3.3813        -2.8216

ENERGY: 1929000        81.0854       192.8220       146.2380         0.0000         -60136.6974      7248.4525         0.0000         0.0000      9993.9970         -42474.1024       313.3073    -52468.0994    -42455.0736       312.1017           -263.4622      -181.6877    162671.2297         5.9051         6.2321

WRITING COORDINATES TO DCD FILE 04_prod_1ns/prod_04.dcd AT STEP 1929000
ENERGY: 1929500        81.2857       198.7047       151.2225         0.0000         -60129.1488      7195.2558         0.0000         0.0000      9919.9645         -42582.7157       310.9864    -52502.6801    -42562.5123       312.6380           -253.8939      -167.3622    162411.7546        -2.4716        -1.6989

TIMING: 1930000  CPU: 344.814, 0.00191841/step  Wall: 341.687, 0.00190003/step, 0.168891 hours remaining, 0.000000 MB of memory in use.
PERFORMANCE: 1930000  averaging 91.0433 ns/day, 0.001898 sec/step with standard deviation 1.76644e-05
ETITLE:      TS           BOND          ANGLE          DIHED          IMPRP               ELECT            VDW       BOUNDARY           MISC        KINETIC               TOTAL           TEMP      POTENTIAL         TOTAL3        TEMPAVG            PRESSURE      GPRESSURE         VOLUME       PRESSAVG      GPRESSAVG

ENERGY: 1930000        78.9700       192.9487       155.8615         0.0000         -60468.7109      7453.0345         0.0000         0.0000      9945.8895         -42642.0067       311.7991    -52587.8961    -42621.3497       311.2450            237.7234       307.1133    162269.2335         4.1253         5.5574

WRITING EXTENDED SYSTEM TO RESTART FILE AT STEP 1930000
WRITING COORDINATES TO DCD FILE 04_prod_1ns/prod_04.dcd AT STEP 1930000
WRITING COORDINATES TO RESTART FILE AT STEP 1930000
FINISHED WRITING RESTART COORDINATES
WRITING VELOCITIES TO RESTART FILE AT STEP 1930000
FINISHED WRITING RESTART VELOCITIES
LDB: ============= START OF LOAD BALANCING ============== 342.574
LDB: ============== END OF LOAD BALANCING =============== 342.575
Info: useSync: 0 useProxySync: 0
LDB: =============== DONE WITH MIGRATION ================ 342.575
LDB: ============= START OF LOAD BALANCING ============== 342.67
LDB: TIME 342.671 LOAD: AVG 0.0267761 MAX 0.0504026  PROXIES: TOTAL 128 MAXPE 16 MAXPATCH 4 None MEM: 0 MB
LDB: TIME 342.671 LOAD: AVG 0.0267761 MAX 0.0504026  PROXIES: TOTAL 128 MAXPE 16 MAXPATCH 4 RefineTorusLB MEM: 0 MB
LDB: TIME 342.671 LOAD: AVG 0.0267761 MAX 0.0504026  PROXIES: TOTAL 128 MAXPE 16 MAXPATCH 4 RefineTorusLB MEM: 0 MB
LDB: ============== END OF LOAD BALANCING =============== 342.672
Info: useSync: 0 useProxySync: 0
LDB: =============== DONE WITH MIGRATION ================ 342.672
ENERGY: 1930500        84.6294       204.5353       147.2684         0.0000         -60429.1133      7261.5209         0.0000         0.0000      9905.8405         -42825.3187       310.5436    -52731.1593    -42800.4067       310.5087           -273.1392      -177.0255    162539.1394         1.2259         1.6772

ENERGY: 1931000        80.5741       216.3215       146.3808         0.0000         -60579.0322      7331.8769         0.0000         0.0000      9773.1010         -43030.7779       306.3823    -52803.8789    -43011.8928       308.1759           -337.1471      -219.5713    162474.8472        -4.2754        -4.2564

WRITING COORDINATES TO DCD FILE 04_prod_1ns/prod_04.dcd AT STEP 1931000
ENERGY: 1931500        69.8553       190.1486       146.0072         0.0000         -60403.8726      7376.2644         0.0000         0.0000      9892.7892         -42728.8079       310.1344    -52621.5971    -42699.7000       308.3754            -88.1194         1.8997    163532.1763        -0.4405         0.0375

WRITING COORDINATES TO DCD FILE 04_prod_1ns/prod_04.dcd AT STEP 1932000
ENERGY: 1932000        68.9736       195.8966       156.1555         0.0000         -60338.1947      7407.9816         0.0000         0.0000      9877.0036         -42632.1838       309.6396    -52509.1873    -42611.5641       309.9897            -31.4251        64.9293    163100.7552        -4.0959        -5.4530

LDB: ============= START OF LOAD BALANCING ============== 346.307
LDB: ============== END OF LOAD BALANCING =============== 346.307
Info: useSync: 0 useProxySync: 0
LDB: =============== DONE WITH MIGRATION ================ 346.308
LDB: ============= START OF LOAD BALANCING ============== 346.402
LDB: TIME 346.402 LOAD: AVG 0.0261874 MAX 0.04688  PROXIES: TOTAL 128 MAXPE 16 MAXPATCH 4 None MEM: 0 MB
LDB: TIME 346.403 LOAD: AVG 0.0261874 MAX 0.04688  PROXIES: TOTAL 128 MAXPE 16 MAXPATCH 4 RefineTorusLB MEM: 0 MB
LDB: TIME 346.403 LOAD: AVG 0.0261874 MAX 0.04688  PROXIES: TOTAL 128 MAXPE 16 MAXPATCH 4 RefineTorusLB MEM: 0 MB
LDB: ============== END OF LOAD BALANCING =============== 346.403
Info: useSync: 0 useProxySync: 0
LDB: =============== DONE WITH MIGRATION ================ 346.404
ENERGY: 1932500        74.4418       204.7597       147.3922         0.0000         -60315.0283      7440.8110         0.0000         0.0000      9966.1214         -42481.5022       312.4334    -52447.6235    -42456.8556       311.1575            131.3247       218.8943    162686.4807       -11.3722       -10.6469

ENERGY: 1933000        75.2499       197.7068       151.6269         0.0000         -60302.9238      7456.1001         0.0000         0.0000      9978.2374         -42444.0028       312.8132    -52422.2402    -42418.7479       313.1382            175.2625       258.6328    161870.3861         5.7536         5.7280

WRITING COORDINATES TO DCD FILE 04_prod_1ns/prod_04.dcd AT STEP 1933000
ENERGY: 1933500        87.0899       199.4464       143.8259         0.0000         -60149.9706      7211.4920         0.0000         0.0000      9903.0070         -42605.1092       310.4548    -52508.1162    -42583.2165       312.7189           -262.4111      -188.4300    162291.3071        -6.4425        -6.8351

ENERGY: 1934000        61.4696       211.2068       150.3127         0.0000         -60228.0337      7312.3446         0.0000         0.0000      9848.7212         -42643.9789       308.7529    -52492.7001    -42615.0519       311.4602            -19.1250        55.0542    162239.8095        -0.5878        -1.5367

WRITING COORDINATES TO DCD FILE 04_prod_1ns/prod_04.dcd AT STEP 1934000
LDB: ============= START OF LOAD BALANCING ============== 350.078
LDB: ============== END OF LOAD BALANCING =============== 350.078
Info: useSync: 0 useProxySync: 0
LDB: =============== DONE WITH MIGRATION ================ 350.079
LDB: ============= START OF LOAD BALANCING ============== 350.172
LDB: TIME 350.172 LOAD: AVG 0.0262968 MAX 0.0513342  PROXIES: TOTAL 128 MAXPE 16 MAXPATCH 4 None MEM: 0 MB
LDB: TIME 350.173 LOAD: AVG 0.0262968 MAX 0.0513342  PROXIES: TOTAL 128 MAXPE 16 MAXPATCH 4 RefineTorusLB MEM: 0 MB
LDB: TIME 350.173 LOAD: AVG 0.0262968 MAX 0.0513342  PROXIES: TOTAL 128 MAXPE 16 MAXPATCH 4 RefineTorusLB MEM: 0 MB
LDB: Reverting to original mapping
LDB: ============== END OF LOAD BALANCING =============== 350.173
Info: useSync: 0 useProxySync: 0
LDB: =============== DONE WITH MIGRATION ================ 350.174
ENERGY: 1934500        59.4699       194.6867       148.5852         0.0000         -60565.5516      7481.7883         0.0000         0.0000      9857.5473         -42823.4744       309.0296    -52681.0217    -42792.9985       311.2206              1.3905        82.4182    162467.8321        -7.9663        -6.8158

TIMING: 1935000  CPU: 354.384, 0.00191395/step  Wall: 351.164, 0.00189534/step, 0.165842 hours remaining, 0.000000 MB of memory in use.
PERFORMANCE: 1935000  averaging 91.0467 ns/day, 0.00189793 sec/step with standard deviation 1.74228e-05
ETITLE:      TS           BOND          ANGLE          DIHED          IMPRP               ELECT            VDW       BOUNDARY           MISC        KINETIC               TOTAL           TEMP      POTENTIAL         TOTAL3        TEMPAVG            PRESSURE      GPRESSURE         VOLUME       PRESSAVG      GPRESSAVG

ENERGY: 1935000        78.3827       197.4817       148.3033         0.0000         -60618.1163      7421.9158         0.0000         0.0000      9890.6723         -42881.3605       310.0681    -52772.0328    -42855.2603       308.3830              2.1829        92.8674    162053.2956       -10.1063        -9.8424

WRITING EXTENDED SYSTEM TO RESTART FILE AT STEP 1935000
WRITING COORDINATES TO DCD FILE 04_prod_1ns/prod_04.dcd AT STEP 1935000
WRITING COORDINATES TO RESTART FILE AT STEP 1935000
FINISHED WRITING RESTART COORDINATES
WRITING VELOCITIES TO RESTART FILE AT STEP 1935000
FINISHED WRITING RESTART VELOCITIES
ENERGY: 1935500        73.2928       201.3983       142.7668         0.0000         -60220.2794      7158.4421         0.0000         0.0000      9855.8739         -42788.5056       308.9772    -52644.3794    -42760.7004       308.3192           -368.7517      -261.7422    162012.3639         2.5865         2.3254

ENERGY: 1936000        88.3523       191.1987       151.4107         0.0000         -60414.5605      7317.6978         0.0000         0.0000      9811.2389         -42854.6622       307.5779    -52665.9011    -42837.0943       307.9234           -274.8404      -197.1404    162547.8104        -2.5874        -3.6925

WRITING COORDINATES TO DCD FILE 04_prod_1ns/prod_04.dcd AT STEP 1936000
LDB: ============= START OF LOAD BALANCING ============== 353.935
LDB: ============== END OF LOAD BALANCING =============== 353.936
Info: useSync: 0 useProxySync: 0
LDB: =============== DONE WITH MIGRATION ================ 353.936
LDB: ============= START OF LOAD BALANCING ============== 354.03
LDB: TIME 354.03 LOAD: AVG 0.025797 MAX 0.0431642  PROXIES: TOTAL 128 MAXPE 16 MAXPATCH 4 None MEM: 0 MB
LDB: TIME 354.03 LOAD: AVG 0.025797 MAX 0.0431642  PROXIES: TOTAL 128 MAXPE 16 MAXPATCH 4 RefineTorusLB MEM: 0 MB
LDB: TIME 354.031 LOAD: AVG 0.025797 MAX 0.0431642  PROXIES: TOTAL 128 MAXPE 16 MAXPATCH 4 RefineTorusLB MEM: 0 MB
LDB: Reverting to original mapping
LDB: ============== END OF LOAD BALANCING =============== 354.031
Info: useSync: 0 useProxySync: 0
LDB: =============== DONE WITH MIGRATION ================ 354.032
ENERGY: 1936500        81.3496       200.4559       142.4365         0.0000         -60364.4987      7312.7791         0.0000         0.0000      9843.4645         -42784.0131       308.5881    -52627.4776    -42761.9248       309.1038           -195.3178      -121.4080    162620.2526        11.9625        10.7566

WRITING COORDINATES TO DCD FILE 04_prod_1ns/prod_04.dcd AT STEP 1937000
ENERGY: 1937000        72.1722       199.2710       153.0448         0.0000         -60559.9366      7409.2460         0.0000         0.0000      9911.5585         -42814.6440       310.7228    -52726.2025    -42789.3707       310.1357             15.9884        96.8369    161722.1940         0.2261         0.8693

ENERGY: 1937500        80.8443       194.2399       144.5235         0.0000         -60550.8759      7389.1383         0.0000         0.0000      9934.1931         -42807.9368       311.4324    -52742.1300    -42781.6184       308.5029           -195.2691      -121.0594    163021.9273       -13.2116       -12.9669

ENERGY: 1938000        84.5577       180.4705       145.0889         0.0000         -60262.9839      7223.6043         0.0000         0.0000      9819.9872         -42809.2753       307.8521    -52629.2625    -42786.7761       309.4570           -214.1002      -114.8491    162771.5342       -11.2632       -11.6115

WRITING COORDINATES TO DCD FILE 04_prod_1ns/prod_04.dcd AT STEP 1938000
LDB: ============= START OF LOAD BALANCING ============== 357.703
LDB: ============== END OF LOAD BALANCING =============== 357.703
Info: useSync: 0 useProxySync: 0
LDB: =============== DONE WITH MIGRATION ================ 357.703
LDB: ============= START OF LOAD BALANCING ============== 357.799
LDB: TIME 357.8 LOAD: AVG 0.0270698 MAX 0.0519373  PROXIES: TOTAL 128 MAXPE 16 MAXPATCH 4 None MEM: 0 MB
LDB: TIME 357.8 LOAD: AVG 0.0270698 MAX 0.0519373  PROXIES: TOTAL 128 MAXPE 16 MAXPATCH 4 RefineTorusLB MEM: 0 MB
LDB: TIME 357.8 LOAD: AVG 0.0270698 MAX 0.0519373  PROXIES: TOTAL 128 MAXPE 16 MAXPATCH 4 RefineTorusLB MEM: 0 MB
LDB: Reverting to original mapping
LDB: ============== END OF LOAD BALANCING =============== 357.801
Info: useSync: 0 useProxySync: 0
LDB: =============== DONE WITH MIGRATION ================ 357.801
ENERGY: 1938500        67.9260       180.1337       153.1010         0.0000         -60543.5217      7447.1731         0.0000         0.0000      9695.4968         -42999.6911       303.9494    -52695.1879    -42978.0191       307.8171            106.3817       177.6580    162089.0101        -6.0587        -5.8304

ENERGY: 1939000        67.2713       197.9612       135.1617         0.0000         -60340.0850      7229.2072         0.0000         0.0000      9937.8963         -42772.5872       311.5485    -52710.4835    -42749.7488       308.1023           -274.4832      -162.1575    162316.8977         5.5968         5.8738

WRITING COORDINATES TO DCD FILE 04_prod_1ns/prod_04.dcd AT STEP 1939000
ENERGY: 1939500        76.2794       221.4867       149.8424         0.0000         -60285.9396      7392.1056         0.0000         0.0000      9795.6454         -42650.5800       307.0890    -52446.2255    -42628.5943       309.1700             59.2303       151.9515    162356.0988         1.6698         2.3187

TIMING: 1940000  CPU: 364, 0.00192321/step  Wall: 360.688, 0.00190487/step, 0.164031 hours remaining, 0.000000 MB of memory in use.
PERFORMANCE: 1940000  averaging 91.038 ns/day, 0.00189811 sec/step with standard deviation 1.72227e-05
ETITLE:      TS           BOND          ANGLE          DIHED          IMPRP               ELECT            VDW       BOUNDARY           MISC        KINETIC               TOTAL           TEMP      POTENTIAL         TOTAL3        TEMPAVG            PRESSURE      GPRESSURE         VOLUME       PRESSAVG      GPRESSAVG

ENERGY: 1940000        67.7388       185.1126       139.6952         0.0000         -60464.1795      7404.5236         0.0000         0.0000      9890.6811         -42776.4281       310.0683    -52667.1092    -42756.5997       309.4030             33.1702       147.7139    162152.6902         2.4103         2.8201

WRITING EXTENDED SYSTEM TO RESTART FILE AT STEP 1940000
WRITING COORDINATES TO DCD FILE 04_prod_1ns/prod_04.dcd AT STEP 1940000
WRITING COORDINATES TO RESTART FILE AT STEP 1940000
FINISHED WRITING RESTART COORDINATES
WRITING VELOCITIES TO RESTART FILE AT STEP 1940000
FINISHED WRITING RESTART VELOCITIES
LDB: ============= START OF LOAD BALANCING ============== 361.578
LDB: ============== END OF LOAD BALANCING =============== 361.579
Info: useSync: 0 useProxySync: 0
LDB: =============== DONE WITH MIGRATION ================ 361.579
LDB: ============= START OF LOAD BALANCING ============== 361.674
LDB: TIME 361.674 LOAD: AVG 0.0265677 MAX 0.0530002  PROXIES: TOTAL 128 MAXPE 16 MAXPATCH 4 None MEM: 0 MB
LDB: TIME 361.675 LOAD: AVG 0.0265677 MAX 0.0530002  PROXIES: TOTAL 128 MAXPE 16 MAXPATCH 4 RefineTorusLB MEM: 0 MB
LDB: TIME 361.675 LOAD: AVG 0.0265677 MAX 0.0530002  PROXIES: TOTAL 128 MAXPE 16 MAXPATCH 4 RefineTorusLB MEM: 0 MB
LDB: ============== END OF LOAD BALANCING =============== 361.675
Info: useSync: 0 useProxySync: 0
LDB: =============== DONE WITH MIGRATION ================ 361.676
ENERGY: 1940500        72.4861       179.2541       149.0898         0.0000         -60354.8130      7403.4635         0.0000         0.0000      9874.5387         -42675.9808       309.5623    -52550.5195    -42656.1706       310.5754            154.6025       233.6640    161716.1155       -18.2601       -20.0726

ENERGY: 1941000        75.1319       195.3484       148.7897         0.0000         -60217.2797      7401.7418         0.0000         0.0000      9788.5745         -42607.6935       306.8674    -52396.2680    -42586.5547       311.1597             70.0321       187.1962    161906.4401         2.3240         2.3986

WRITING COORDINATES TO DCD FILE 04_prod_1ns/prod_04.dcd AT STEP 1941000
ENERGY: 1941500        68.6873       194.1278       142.5776         0.0000         -60188.3375      7246.3983         0.0000         0.0000      9859.9530         -42676.5935       309.1050    -52536.5465    -42650.2135       311.0659           -345.0553      -273.0972    163423.6985         1.9775        -0.2503

ENERGY: 1942000        74.6531       184.1680       146.7653         0.0000         -60442.9623      7433.1243         0.0000         0.0000      9971.6524         -42632.5993       312.6068    -52604.2516    -42606.4284       311.7313            187.5030       251.4814    161610.7238        -8.0878        -7.4912

WRITING COORDINATES TO DCD FILE 04_prod_1ns/prod_04.dcd AT STEP 1942000
LDB: ============= START OF LOAD BALANCING ============== 365.323
LDB: ============== END OF LOAD BALANCING =============== 365.323
Info: useSync: 0 useProxySync: 0
LDB: =============== DONE WITH MIGRATION ================ 365.323
LDB: ============= START OF LOAD BALANCING ============== 365.418
LDB: TIME 365.418 LOAD: AVG 0.025411 MAX 0.0469396  PROXIES: TOTAL 128 MAXPE 16 MAXPATCH 4 None MEM: 0 MB
LDB: TIME 365.419 LOAD: AVG 0.025411 MAX 0.0469396  PROXIES: TOTAL 128 MAXPE 16 MAXPATCH 4 RefineTorusLB MEM: 0 MB
LDB: TIME 365.419 LOAD: AVG 0.025411 MAX 0.0469396  PROXIES: TOTAL 128 MAXPE 16 MAXPATCH 4 RefineTorusLB MEM: 0 MB
LDB: Reverting to original mapping
LDB: ============== END OF LOAD BALANCING =============== 365.419
Info: useSync: 0 useProxySync: 0
LDB: =============== DONE WITH MIGRATION ================ 365.42
ENERGY: 1942500        74.3821       194.6291       143.9750         0.0000         -60539.1801      7394.2606         0.0000         0.0000      9832.1037         -42899.8298       308.2320    -52731.9334    -42882.6335       308.7758           -152.0619       -57.0164    162741.5377         3.8126         3.3461

ENERGY: 1943000        80.3026       181.6511       146.2603         0.0000         -60458.6985      7378.1437         0.0000         0.0000      9936.5363         -42735.8045       311.5059    -52672.3408    -42712.2122       309.1923             49.3670       142.3242    161377.1015         3.5132         3.8074

WRITING COORDINATES TO DCD FILE 04_prod_1ns/prod_04.dcd AT STEP 1943000
ENERGY: 1943500        71.5919       189.3554       151.8891         0.0000         -60465.9159      7450.3539         0.0000         0.0000      9768.8325         -42833.8931       306.2485    -52602.7256    -42815.8635       310.3460            178.3938       279.1650    161056.6148        -1.6173        -0.9218

WRITING COORDINATES TO DCD FILE 04_prod_1ns/prod_04.dcd AT STEP 1944000
ENERGY: 1944000        73.0393       185.4713       145.9012         0.0000         -60321.1611      7253.5426         0.0000         0.0000      9869.6021         -42793.6047       309.4075    -52663.2068    -42772.1371       309.2906           -303.8525      -157.6007    161965.9144        -5.6921        -5.6683

LDB: ============= START OF LOAD BALANCING ============== 369.097
LDB: ============== END OF LOAD BALANCING =============== 369.098
Info: useSync: 0 useProxySync: 0
LDB: =============== DONE WITH MIGRATION ================ 369.098
LDB: ============= START OF LOAD BALANCING ============== 369.19
LDB: TIME 369.191 LOAD: AVG 0.0262904 MAX 0.0452526  PROXIES: TOTAL 128 MAXPE 16 MAXPATCH 4 None MEM: 0 MB
LDB: TIME 369.191 LOAD: AVG 0.0262904 MAX 0.0452526  PROXIES: TOTAL 128 MAXPE 16 MAXPATCH 4 RefineTorusLB MEM: 0 MB
LDB: TIME 369.191 LOAD: AVG 0.0262904 MAX 0.0452526  PROXIES: TOTAL 128 MAXPE 16 MAXPATCH 4 RefineTorusLB MEM: 0 MB
LDB: Reverting to original mapping
LDB: ============== END OF LOAD BALANCING =============== 369.192
Info: useSync: 0 useProxySync: 0
LDB: =============== DONE WITH MIGRATION ================ 369.192
ENERGY: 1944500        75.4737       184.1364       151.2568         0.0000         -60296.6614      7346.7426         0.0000         0.0000     10070.8044         -42468.2474       315.7151    -52539.0519    -42446.8244       311.7570              4.4538        77.5684    162140.2586        -0.7778        -1.3452

TIMING: 1945000  CPU: 373.587, 0.00191753/step  Wall: 370.168, 0.00189594/step, 0.160628 hours remaining, 0.000000 MB of memory in use.
PERFORMANCE: 1945000  averaging 91.0406 ns/day, 0.00189805 sec/step with standard deviation 1.69981e-05
ETITLE:      TS           BOND          ANGLE          DIHED          IMPRP               ELECT            VDW       BOUNDARY           MISC        KINETIC               TOTAL           TEMP      POTENTIAL         TOTAL3        TEMPAVG            PRESSURE      GPRESSURE         VOLUME       PRESSAVG      GPRESSAVG

ENERGY: 1945000        74.8651       195.6194       155.3346         0.0000         -60280.5132      7339.3233         0.0000         0.0000      9805.2732         -42710.0975       307.3909    -52515.3707    -42690.0574       311.2331            -54.7370        39.0542    162394.0858        -3.1819        -3.1086

WRITING EXTENDED SYSTEM TO RESTART FILE AT STEP 1945000
WRITING COORDINATES TO DCD FILE 04_prod_1ns/prod_04.dcd AT STEP 1945000
WRITING COORDINATES TO RESTART FILE AT STEP 1945000
FINISHED WRITING RESTART COORDINATES
WRITING VELOCITIES TO RESTART FILE AT STEP 1945000
FINISHED WRITING RESTART VELOCITIES
ENERGY: 1945500        63.1514       184.2424       136.7326         0.0000         -60485.9356      7454.4208         0.0000         0.0000      9759.2127         -42888.1757       305.9469    -52647.3884    -42864.7589       308.7408             28.8318       102.3503    162585.1037         0.8111        -0.1048

ENERGY: 1946000        61.7221       201.4967       146.5916         0.0000         -60557.7775      7477.6930         0.0000         0.0000      9860.6408         -42809.6332       309.1266    -52670.2740    -42784.9284       308.3101            361.3223       456.5124    161155.7194        11.7429        12.3483

WRITING COORDINATES TO DCD FILE 04_prod_1ns/prod_04.dcd AT STEP 1946000
LDB: ============= START OF LOAD BALANCING ============== 372.945
LDB: ============== END OF LOAD BALANCING =============== 372.946
Info: useSync: 0 useProxySync: 0
LDB: =============== DONE WITH MIGRATION ================ 372.946
LDB: ============= START OF LOAD BALANCING ============== 373.042
LDB: TIME 373.042 LOAD: AVG 0.0263732 MAX 0.0492521  PROXIES: TOTAL 128 MAXPE 16 MAXPATCH 4 None MEM: 0 MB
LDB: TIME 373.042 LOAD: AVG 0.0263732 MAX 0.0492521  PROXIES: TOTAL 128 MAXPE 16 MAXPATCH 4 RefineTorusLB MEM: 0 MB
LDB: TIME 373.042 LOAD: AVG 0.0263732 MAX 0.0492521  PROXIES: TOTAL 128 MAXPE 16 MAXPATCH 4 RefineTorusLB MEM: 0 MB
LDB: ============== END OF LOAD BALANCING =============== 373.043
Info: useSync: 0 useProxySync: 0
LDB: =============== DONE WITH MIGRATION ================ 373.043
ENERGY: 1946500        86.5053       195.0700       141.7783         0.0000         -60202.4254      7297.5950         0.0000         0.0000      9773.4946         -42707.9822       306.3946    -52481.4769    -42685.4880       308.9867            -79.0456        20.4335    162202.5129         1.1785         1.1820

ENERGY: 1947000        71.1027       197.2398       144.5000         0.0000         -60099.5528      7248.2118         0.0000         0.0000      9690.3806         -42748.1179       303.7890    -52438.4985    -42727.6003       309.2831            -29.4100        53.6753    161880.4543       -10.4969        -9.7950

WRITING COORDINATES TO DCD FILE 04_prod_1ns/prod_04.dcd AT STEP 1947000
ENERGY: 1947500        74.6520       192.3186       145.0796         0.0000         -60282.4822      7212.4140         0.0000         0.0000      9953.2080         -42704.8100       312.0285    -52658.0179    -42680.2262       309.4314           -146.5746       -64.1557    161451.5732        11.1261        10.3739

ENERGY: 1948000        77.1644       205.5269       150.1385         0.0000         -60050.1497      7243.6974         0.0000         0.0000      9862.6615         -42510.9610       309.1899    -52373.6225    -42494.8516       311.9120           -145.2686       -52.7533    162580.9410         7.2301         5.5938

WRITING COORDINATES TO DCD FILE 04_prod_1ns/prod_04.dcd AT STEP 1948000
LDB: ============= START OF LOAD BALANCING ============== 376.696
LDB: ============== END OF LOAD BALANCING =============== 376.696
Info: useSync: 0 useProxySync: 0
LDB: =============== DONE WITH MIGRATION ================ 376.697
LDB: ============= START OF LOAD BALANCING ============== 376.792
LDB: TIME 376.792 LOAD: AVG 0.0265122 MAX 0.0503777  PROXIES: TOTAL 128 MAXPE 16 MAXPATCH 4 None MEM: 0 MB
LDB: TIME 376.792 LOAD: AVG 0.0265122 MAX 0.0503777  PROXIES: TOTAL 128 MAXPE 16 MAXPATCH 4 RefineTorusLB MEM: 0 MB
LDB: TIME 376.792 LOAD: AVG 0.0265122 MAX 0.0503777  PROXIES: TOTAL 128 MAXPE 16 MAXPATCH 4 RefineTorusLB MEM: 0 MB
LDB: ============== END OF LOAD BALANCING =============== 376.793
Info: useSync: 0 useProxySync: 0
LDB: =============== DONE WITH MIGRATION ================ 376.793
ENERGY: 1948500        70.0612       211.1868       154.1533         0.0000         -60214.5122      7271.6989         0.0000         0.0000      9844.5589         -42662.8532       308.6224    -52507.4120    -42641.0912       310.0551           -202.0191      -125.6963    162636.2203        -2.4463        -1.9105

ENERGY: 1949000        70.2482       214.2040       158.7417         0.0000         -60567.2660      7576.8633         0.0000         0.0000      9817.9955         -42729.2134       307.7897    -52547.2089    -42710.3364       310.9085            300.1915       374.8322    162234.7890        -0.1481        -0.9133

WRITING COORDINATES TO DCD FILE 04_prod_1ns/prod_04.dcd AT STEP 1949000
ENERGY: 1949500        71.9209       215.2835       149.3327         0.0000         -60060.8215      7156.4589         0.0000         0.0000      9870.9809         -42596.8447       309.4508    -52467.8256    -42573.0339       310.5237           -240.8720      -166.6916    162105.5107        -0.0337        -0.0496

TIMING: 1950000  CPU: 383.142, 0.00191091/step  Wall: 379.646, 0.00189566/step, 0.157971 hours remaining, 0.000000 MB of memory in use.
PERFORMANCE: 1950000  averaging 91.0435 ns/day, 0.00189799 sec/step with standard deviation 1.67831e-05
ETITLE:      TS           BOND          ANGLE          DIHED          IMPRP               ELECT            VDW       BOUNDARY           MISC        KINETIC               TOTAL           TEMP      POTENTIAL         TOTAL3        TEMPAVG            PRESSURE      GPRESSURE         VOLUME       PRESSAVG      GPRESSAVG

ENERGY: 1950000        73.4036       201.1449       146.8534         0.0000         -60280.5697      7406.9675         0.0000         0.0000      9938.8902         -42513.3099       311.5797    -52452.2002    -42490.6857       312.0223            110.8146       195.8504    163006.9395        -6.8260        -5.1767

WRITING EXTENDED SYSTEM TO RESTART FILE AT STEP 1950000
WRITING COORDINATES TO DCD FILE 04_prod_1ns/prod_04.dcd AT STEP 1950000
WRITING COORDINATES TO RESTART FILE AT STEP 1950000
FINISHED WRITING RESTART COORDINATES
WRITING VELOCITIES TO RESTART FILE AT STEP 1950000
FINISHED WRITING RESTART VELOCITIES
LDB: ============= START OF LOAD BALANCING ============== 380.558
LDB: ============== END OF LOAD BALANCING =============== 380.559
Info: useSync: 0 useProxySync: 0
LDB: =============== DONE WITH MIGRATION ================ 380.559
LDB: ============= START OF LOAD BALANCING ============== 380.654
LDB: TIME 380.654 LOAD: AVG 0.0262774 MAX 0.0472738  PROXIES: TOTAL 128 MAXPE 16 MAXPATCH 4 None MEM: 0 MB
LDB: TIME 380.655 LOAD: AVG 0.0262774 MAX 0.0472738  PROXIES: TOTAL 128 MAXPE 16 MAXPATCH 4 RefineTorusLB MEM: 0 MB
LDB: TIME 380.655 LOAD: AVG 0.0262774 MAX 0.0472738  PROXIES: TOTAL 128 MAXPE 16 MAXPATCH 4 RefineTorusLB MEM: 0 MB
LDB: ============== END OF LOAD BALANCING =============== 380.655
Info: useSync: 0 useProxySync: 0
LDB: =============== DONE WITH MIGRATION ================ 380.656
ENERGY: 1950500        65.7820       187.8744       152.3647         0.0000         -60217.0295      7201.0565         0.0000         0.0000     10075.5443         -42534.4075       315.8637    -52609.9519    -42510.2409       311.3756            -63.3539        38.3493    161506.7833        -5.1332        -7.2267

ENERGY: 1951000        68.4925       182.2383       146.2187         0.0000         -60218.1709      7260.5770         0.0000         0.0000      9892.3733         -42668.2712       310.1214    -52560.6445    -42642.7759       310.8762           -110.4032       -37.7372    162720.5277        -2.2470        -1.8784

WRITING COORDINATES TO DCD FILE 04_prod_1ns/prod_04.dcd AT STEP 1951000
ENERGY: 1951500        88.6732       198.0428       148.9650         0.0000         -60155.5684      7208.8814         0.0000         0.0000     10017.8879         -42493.1181       314.0562    -52511.0060    -42475.3075       311.3366           -155.7346       -36.5250    161578.1358        16.3405        17.0567

ENERGY: 1952000        74.8923       197.3836       153.6503         0.0000         -60230.8622      7233.9273         0.0000         0.0000      9946.5118         -42624.4968       311.8186    -52571.0086    -42601.1862       310.7182           -154.1453       -55.3118    162210.2185         2.9499         2.4544

WRITING COORDINATES TO DCD FILE 04_prod_1ns/prod_04.dcd AT STEP 1952000
LDB: ============= START OF LOAD BALANCING ============== 384.318
LDB: ============== END OF LOAD BALANCING =============== 384.319
Info: useSync: 0 useProxySync: 0
LDB: =============== DONE WITH MIGRATION ================ 384.319
LDB: ============= START OF LOAD BALANCING ============== 384.411
LDB: TIME 384.412 LOAD: AVG 0.0257758 MAX 0.0442247  PROXIES: TOTAL 128 MAXPE 16 MAXPATCH 4 None MEM: 0 MB
LDB: TIME 384.412 LOAD: AVG 0.0257758 MAX 0.0442247  PROXIES: TOTAL 128 MAXPE 16 MAXPATCH 4 RefineTorusLB MEM: 0 MB
LDB: TIME 384.412 LOAD: AVG 0.0257758 MAX 0.0442247  PROXIES: TOTAL 128 MAXPE 16 MAXPATCH 4 RefineTorusLB MEM: 0 MB
LDB: ============== END OF LOAD BALANCING =============== 384.412
Info: useSync: 0 useProxySync: 0
LDB: =============== DONE WITH MIGRATION ================ 384.413
ENERGY: 1952500        82.8632       212.7616       159.8190         0.0000         -60017.0841      7174.0079         0.0000         0.0000      9906.4817         -42481.1507       310.5637    -52387.6325    -42463.3928       311.9613           -352.4071      -245.8116    163716.7238         5.3891         6.9731

ENERGY: 1953000        73.5703       179.1027       153.3577         0.0000         -59871.8692      7126.0074         0.0000         0.0000      9829.8101         -42510.0208       308.1601    -52339.8310    -42483.9873       310.5250           -244.8809      -159.0202    163005.2259        10.6030        10.0613

WRITING COORDINATES TO DCD FILE 04_prod_1ns/prod_04.dcd AT STEP 1953000
ENERGY: 1953500        72.8913       202.1933       146.0793         0.0000         -60144.7160      7185.5584         0.0000         0.0000      9833.6704         -42704.3233       308.2811    -52537.9937    -42681.3823       311.5296           -318.4260      -257.9911    162982.7548        -4.5343        -4.7334

ENERGY: 1954000        64.0103       185.1926       163.1679         0.0000         -60460.8804      7360.7546         0.0000         0.0000      9777.9405         -42909.8145       306.5340    -52687.7550    -42889.2406       308.2753           -152.8380       -63.2424    162648.6268         1.1559         1.8339

WRITING COORDINATES TO DCD FILE 04_prod_1ns/prod_04.dcd AT STEP 1954000
LDB: ============= START OF LOAD BALANCING ============== 388.049
LDB: ============== END OF LOAD BALANCING =============== 388.049
Info: useSync: 0 useProxySync: 0
LDB: =============== DONE WITH MIGRATION ================ 388.05
LDB: ============= START OF LOAD BALANCING ============== 388.144
LDB: TIME 388.144 LOAD: AVG 0.0264915 MAX 0.0509443  PROXIES: TOTAL 128 MAXPE 16 MAXPATCH 4 None MEM: 0 MB
LDB: TIME 388.144 LOAD: AVG 0.0264915 MAX 0.0509443  PROXIES: TOTAL 128 MAXPE 16 MAXPATCH 4 RefineTorusLB MEM: 0 MB
LDB: TIME 388.144 LOAD: AVG 0.0264915 MAX 0.0509443  PROXIES: TOTAL 128 MAXPE 16 MAXPATCH 4 RefineTorusLB MEM: 0 MB
LDB: ============== END OF LOAD BALANCING =============== 388.145
Info: useSync: 0 useProxySync: 0
LDB: =============== DONE WITH MIGRATION ================ 388.145
ENERGY: 1954500        73.6216       199.6218       140.5138         0.0000         -60610.2338      7549.9337         0.0000         0.0000      9866.5060         -42780.0370       309.3105    -52646.5430    -42755.9097       308.3085            315.8198       403.8778    161339.0400        -4.4915        -3.5807

TIMING: 1955000  CPU: 392.71, 0.00191357/step  Wall: 389.138, 0.00189826/step, 0.155552 hours remaining, 0.000000 MB of memory in use.
PERFORMANCE: 1955000  averaging 91.0432 ns/day, 0.001898 sec/step with standard deviation 1.6572e-05
ETITLE:      TS           BOND          ANGLE          DIHED          IMPRP               ELECT            VDW       BOUNDARY           MISC        KINETIC               TOTAL           TEMP      POTENTIAL         TOTAL3        TEMPAVG            PRESSURE      GPRESSURE         VOLUME       PRESSAVG      GPRESSAVG

ENERGY: 1955000        70.3236       197.7220       156.1440         0.0000         -60359.2715      7312.7994         0.0000         0.0000      9927.1877         -42695.0948       311.2128    -52622.2825    -42674.1966       309.9411           -161.7826       -64.4301    162455.3641         0.5333        -0.6311

WRITING EXTENDED SYSTEM TO RESTART FILE AT STEP 1955000
WRITING COORDINATES TO DCD FILE 04_prod_1ns/prod_04.dcd AT STEP 1955000
WRITING COORDINATES TO RESTART FILE AT STEP 1955000
FINISHED WRITING RESTART COORDINATES
WRITING VELOCITIES TO RESTART FILE AT STEP 1955000
FINISHED WRITING RESTART VELOCITIES
ENERGY: 1955500        66.0632       206.2977       154.7331         0.0000         -60275.1298      7181.9984         0.0000         0.0000      9897.2774         -42768.7601       310.2751    -52666.0375    -42736.4152       309.9357           -216.0854      -126.5663    162204.6828       -10.4929       -11.1403

ENERGY: 1956000        70.4457       208.5784       150.6351         0.0000         -60109.0360      7233.6222         0.0000         0.0000      9991.2681         -42454.4864       313.2217    -52445.7545    -42430.3924       311.9297           -250.2594      -162.1924    162746.6841        -3.5430        -4.2033

WRITING COORDINATES TO DCD FILE 04_prod_1ns/prod_04.dcd AT STEP 1956000
LDB: ============= START OF LOAD BALANCING ============== 391.918
LDB: ============== END OF LOAD BALANCING =============== 391.918
Info: useSync: 0 useProxySync: 0
LDB: =============== DONE WITH MIGRATION ================ 391.919
LDB: ============= START OF LOAD BALANCING ============== 392.009
LDB: TIME 392.009 LOAD: AVG 0.0270936 MAX 0.0455137  PROXIES: TOTAL 128 MAXPE 16 MAXPATCH 4 None MEM: 0 MB
LDB: TIME 392.01 LOAD: AVG 0.0270936 MAX 0.0455137  PROXIES: TOTAL 128 MAXPE 16 MAXPATCH 4 RefineTorusLB MEM: 0 MB
LDB: TIME 392.01 LOAD: AVG 0.0270936 MAX 0.0455137  PROXIES: TOTAL 128 MAXPE 16 MAXPATCH 4 RefineTorusLB MEM: 0 MB
LDB: Reverting to original mapping
LDB: ============== END OF LOAD BALANCING =============== 392.01
Info: useSync: 0 useProxySync: 0
LDB: =============== DONE WITH MIGRATION ================ 392.011
ENERGY: 1956500        71.6595       210.0449       155.2623         0.0000         -60169.6628      7173.7413         0.0000         0.0000      9960.1756         -42598.7793       312.2470    -52558.9549    -42575.6286       311.6242           -206.9365      -115.0981    161937.7645        -5.2619        -3.0301

ENERGY: 1957000        63.8008       182.7145       158.3868         0.0000         -60082.6497      7202.1746         0.0000         0.0000      9930.0121         -42545.5608       311.3014    -52475.5729    -42522.7204       311.5047           -141.8437       -93.8751    162490.2776         0.8149         1.2140

WRITING COORDINATES TO DCD FILE 04_prod_1ns/prod_04.dcd AT STEP 1957000
ENERGY: 1957500        76.3063       202.3403       140.7940         0.0000         -60150.9180      7236.3416         0.0000         0.0000      9945.1997         -42549.9362       311.7775    -52495.1359    -42525.7153       311.1781           -300.1534      -221.9361    163115.8989         4.1273         3.9269

ENERGY: 1958000        70.0333       203.5109       143.2310         0.0000         -60218.9857      7250.5925         0.0000         0.0000      9844.0139         -42707.6040       308.6054    -52551.6179    -42683.0469       309.8883           -114.0926       -24.3148    162278.8509        -7.9897        -6.3610

WRITING COORDINATES TO DCD FILE 04_prod_1ns/prod_04.dcd AT STEP 1958000
LDB: ============= START OF LOAD BALANCING ============== 395.662
LDB: ============== END OF LOAD BALANCING =============== 395.662
Info: useSync: 0 useProxySync: 0
LDB: =============== DONE WITH MIGRATION ================ 395.663
LDB: ============= START OF LOAD BALANCING ============== 395.757
LDB: TIME 395.758 LOAD: AVG 0.0255344 MAX 0.0444702  PROXIES: TOTAL 128 MAXPE 16 MAXPATCH 4 None MEM: 0 MB
LDB: TIME 395.758 LOAD: AVG 0.0255344 MAX 0.0444702  PROXIES: TOTAL 128 MAXPE 16 MAXPATCH 4 RefineTorusLB MEM: 0 MB
LDB: TIME 395.758 LOAD: AVG 0.0255344 MAX 0.0444702  PROXIES: TOTAL 128 MAXPE 16 MAXPATCH 4 RefineTorusLB MEM: 0 MB
LDB: Reverting to original mapping
LDB: ============== END OF LOAD BALANCING =============== 395.759
Info: useSync: 0 useProxySync: 0
LDB: =============== DONE WITH MIGRATION ================ 395.759
ENERGY: 1958500        75.8586       218.6336       143.0545         0.0000         -60551.0528      7507.5380         0.0000         0.0000      9889.6860         -42716.2822       310.0372    -52605.9682    -42696.0651       309.6586            227.8318       326.3476    161649.1873        -4.4644        -5.0111

ENERGY: 1959000        85.4968       194.5743       148.1909         0.0000         -60122.0912      7229.7567         0.0000         0.0000      9934.5895         -42529.4829       311.4449    -52464.0724    -42506.4588       312.2786           -105.1303       -30.8745    162011.9099        -3.7073        -2.8381

WRITING COORDINATES TO DCD FILE 04_prod_1ns/prod_04.dcd AT STEP 1959000
ENERGY: 1959500        61.5960       190.9683       150.3246         0.0000         -60027.1519      7270.0778         0.0000         0.0000      9910.3576         -42443.8277       310.6852    -52354.1853    -42423.5586       311.4779             -9.7867        71.4180    163219.7337        -2.2554        -2.2741

WRITING COORDINATES TO DCD FILE 04_prod_1ns/prod_04.dcd AT STEP 1960000
WRITING COORDINATES TO RESTART FILE AT STEP 1960000
FINISHED WRITING RESTART COORDINATES
WRITING VELOCITIES TO RESTART FILE AT STEP 1960000
FINISHED WRITING RESTART VELOCITIES
TIMING: 1960000  CPU: 402.281, 0.00191417/step  Wall: 398.72, 0.00191649/step, 0.154384 hours remaining, 0.000000 MB of memory in use.
PERFORMANCE: 1960000  averaging 91.0221 ns/day, 0.00189844 sec/step with standard deviation 1.66153e-05
ETITLE:      TS           BOND          ANGLE          DIHED          IMPRP               ELECT            VDW       BOUNDARY           MISC        KINETIC               TOTAL           TEMP      POTENTIAL         TOTAL3        TEMPAVG            PRESSURE      GPRESSURE         VOLUME       PRESSAVG      GPRESSAVG

ENERGY: 1960000        65.2681       195.5967       146.9426         0.0000         -60259.9414      7386.7016         0.0000         0.0000     10024.5877         -42440.8447       314.2663    -52465.4325    -42420.9805       312.4753            217.1653       274.5082    162566.6589         8.5766         9.3011

WRITING EXTENDED SYSTEM TO RESTART FILE AT STEP 1960000
LDB: ============= START OF LOAD BALANCING ============== 399.523
LDB: ============== END OF LOAD BALANCING =============== 399.524
Info: useSync: 0 useProxySync: 0
LDB: =============== DONE WITH MIGRATION ================ 399.524
LDB: ============= START OF LOAD BALANCING ============== 399.618
LDB: TIME 399.618 LOAD: AVG 0.0275519 MAX 0.0478758  PROXIES: TOTAL 128 MAXPE 16 MAXPATCH 4 None MEM: 0 MB
LDB: TIME 399.618 LOAD: AVG 0.0275519 MAX 0.0478758  PROXIES: TOTAL 128 MAXPE 16 MAXPATCH 4 RefineTorusLB MEM: 0 MB
LDB: TIME 399.619 LOAD: AVG 0.0275519 MAX 0.0478758  PROXIES: TOTAL 128 MAXPE 16 MAXPATCH 4 RefineTorusLB MEM: 0 MB
LDB: ============== END OF LOAD BALANCING =============== 399.619
Info: useSync: 0 useProxySync: 0
LDB: =============== DONE WITH MIGRATION ================ 399.619
ENERGY: 1960500        69.2030       197.1349       149.8722         0.0000         -60394.2307      7409.5946         0.0000         0.0000      9921.9131         -42646.5128       311.0475    -52568.4260    -42630.6343       312.4965            214.6903       309.7365    161785.2908        -5.0838        -6.5723

ENERGY: 1961000        80.0747       199.8089       137.4294         0.0000         -60653.6559      7468.4786         0.0000         0.0000      9968.0582         -42799.8061       312.4941    -52767.8643    -42774.9093       310.4647             74.7983       182.9900    161387.1662         8.5895         8.8808

WRITING COORDINATES TO DCD FILE 04_prod_1ns/prod_04.dcd AT STEP 1961000
ENERGY: 1961500        82.7947       214.3535       154.0850         0.0000         -60272.3506      7287.0895         0.0000         0.0000      9817.3439         -42716.6840       307.7693    -52534.0280    -42692.8454       310.6317           -315.0745      -211.3602    162388.9486         4.8255         3.6187

ENERGY: 1962000        77.3216       197.1155       149.3140         0.0000         -60455.1097      7509.2927         0.0000         0.0000      9849.5934         -42672.4725       308.7803    -52522.0659    -42651.5840       310.6236            239.9170       327.6769    162064.4862         2.3618         1.4034

WRITING COORDINATES TO DCD FILE 04_prod_1ns/prod_04.dcd AT STEP 1962000
LDB: ============= START OF LOAD BALANCING ============== 403.251
LDB: ============== END OF LOAD BALANCING =============== 403.251
Info: useSync: 0 useProxySync: 0
LDB: =============== DONE WITH MIGRATION ================ 403.252
LDB: ============= START OF LOAD BALANCING ============== 403.346
LDB: TIME 403.346 LOAD: AVG 0.0266431 MAX 0.0479443  PROXIES: TOTAL 128 MAXPE 16 MAXPATCH 4 None MEM: 0 MB
LDB: TIME 403.346 LOAD: AVG 0.0266431 MAX 0.0479443  PROXIES: TOTAL 128 MAXPE 16 MAXPATCH 4 RefineTorusLB MEM: 0 MB
LDB: TIME 403.347 LOAD: AVG 0.0266431 MAX 0.0479443  PROXIES: TOTAL 128 MAXPE 16 MAXPATCH 4 RefineTorusLB MEM: 0 MB
LDB: ============== END OF LOAD BALANCING =============== 403.347
Info: useSync: 0 useProxySync: 0
LDB: =============== DONE WITH MIGRATION ================ 403.347
ENERGY: 1962500        81.1487       181.5986       147.8018         0.0000         -60273.1106      7356.1845         0.0000         0.0000      9842.2347         -42664.1423       308.5496    -52506.3770    -42643.9247       310.9486             17.7823       110.0648    161420.7685        11.3296        10.8606

WRITING COORDINATES TO DCD FILE 04_prod_1ns/prod_04.dcd AT STEP 1963000
ENERGY: 1963000        77.6236       199.2175       153.6646         0.0000         -60368.4481      7364.8225         0.0000         0.0000      9950.5278         -42622.5920       311.9445    -52573.1198    -42603.5533       308.9407           -129.5813       -40.6696    162700.7303         7.5160         7.9256

ENERGY: 1963500        82.1601       192.5647       145.5775         0.0000         -60649.7027      7343.4167         0.0000         0.0000      9984.3707         -42901.6130       313.0055    -52885.9837    -42876.5859       310.0604           -249.9133      -167.5477    161820.5069       -13.5778       -13.7900

ENERGY: 1964000        69.3935       209.5295       155.0148         0.0000         -60533.8609      7303.1537         0.0000         0.0000      9913.0511         -42883.7184       310.7696    -52796.7695    -42865.9711       308.1073            -64.9561        22.9566    161250.1565        -4.9205        -5.6744

WRITING COORDINATES TO DCD FILE 04_prod_1ns/prod_04.dcd AT STEP 1964000
LDB: ============= START OF LOAD BALANCING ============== 407.004
LDB: ============== END OF LOAD BALANCING =============== 407.004
Info: useSync: 0 useProxySync: 0
LDB: =============== DONE WITH MIGRATION ================ 407.005
LDB: ============= START OF LOAD BALANCING ============== 407.098
LDB: TIME 407.099 LOAD: AVG 0.0265628 MAX 0.0507037  PROXIES: TOTAL 128 MAXPE 16 MAXPATCH 4 None MEM: 0 MB
LDB: TIME 407.099 LOAD: AVG 0.0265628 MAX 0.0507037  PROXIES: TOTAL 128 MAXPE 16 MAXPATCH 4 RefineTorusLB MEM: 0 MB
LDB: TIME 407.099 LOAD: AVG 0.0265628 MAX 0.0507037  PROXIES: TOTAL 128 MAXPE 16 MAXPATCH 4 RefineTorusLB MEM: 0 MB
LDB: Reverting to original mapping
LDB: ============== END OF LOAD BALANCING =============== 407.1
Info: useSync: 0 useProxySync: 0
LDB: =============== DONE WITH MIGRATION ================ 407.1
ENERGY: 1964500        69.8101       191.4616       142.0192         0.0000         -60423.9878      7415.3101         0.0000         0.0000      9731.1002         -42874.2866       305.0656    -52605.3868    -42851.9078       309.8159             61.5603       201.4312    162361.6513        -8.7745        -9.3686

TIMING: 1965000  CPU: 411.815, 0.00190688/step  Wall: 408.088, 0.00187354/step, 0.148322 hours remaining, 0.000000 MB of memory in use.
PERFORMANCE: 1965000  averaging 91.0499 ns/day, 0.00189786 sec/step with standard deviation 1.68497e-05
ETITLE:      TS           BOND          ANGLE          DIHED          IMPRP               ELECT            VDW       BOUNDARY           MISC        KINETIC               TOTAL           TEMP      POTENTIAL         TOTAL3        TEMPAVG            PRESSURE      GPRESSURE         VOLUME       PRESSAVG      GPRESSAVG

ENERGY: 1965000        78.6162       172.7966       157.8022         0.0000         -59997.7537      7028.8558         0.0000         0.0000      9826.8004         -42732.8825       308.0657    -52559.6829    -42710.8985       307.3785           -588.4864      -465.2949    162981.9170        12.0015        12.2537

WRITING EXTENDED SYSTEM TO RESTART FILE AT STEP 1965000
WRITING COORDINATES TO DCD FILE 04_prod_1ns/prod_04.dcd AT STEP 1965000
WRITING COORDINATES TO RESTART FILE AT STEP 1965000
FINISHED WRITING RESTART COORDINATES
WRITING VELOCITIES TO RESTART FILE AT STEP 1965000
FINISHED WRITING RESTART VELOCITIES
ENERGY: 1965500        77.4452       198.1702       144.2613         0.0000         -60343.8414      7282.8635         0.0000         0.0000      9850.1049         -42790.9962       308.7963    -52641.1011    -42770.3868       309.2260           -189.6312       -97.8087    162506.0206         9.5535         9.2394

ENERGY: 1966000        65.8489       181.8673       145.5267         0.0000         -60494.1825      7379.1429         0.0000         0.0000      9941.8928         -42779.9038       311.6738    -52721.7966    -42757.9624       309.1047            185.5677       257.7461    161744.0431         7.6608         6.5544

WRITING COORDINATES TO DCD FILE 04_prod_1ns/prod_04.dcd AT STEP 1966000
LDB: ============= START OF LOAD BALANCING ============== 410.927
LDB: ============== END OF LOAD BALANCING =============== 410.927
Info: useSync: 0 useProxySync: 0
LDB: =============== DONE WITH MIGRATION ================ 410.928
LDB: ============= START OF LOAD BALANCING ============== 411.019
LDB: TIME 411.02 LOAD: AVG 0.0260452 MAX 0.0428108  PROXIES: TOTAL 128 MAXPE 16 MAXPATCH 4 None MEM: 0 MB
LDB: TIME 411.02 LOAD: AVG 0.0260452 MAX 0.0428108  PROXIES: TOTAL 128 MAXPE 16 MAXPATCH 4 RefineTorusLB MEM: 0 MB
LDB: TIME 411.02 LOAD: AVG 0.0260452 MAX 0.0428108  PROXIES: TOTAL 128 MAXPE 16 MAXPATCH 4 RefineTorusLB MEM: 0 MB
LDB: ============== END OF LOAD BALANCING =============== 411.021
Info: useSync: 0 useProxySync: 0
LDB: =============== DONE WITH MIGRATION ================ 411.021
ENERGY: 1966500        69.7609       186.9477       143.4748         0.0000         -60231.9390      7244.2122         0.0000         0.0000      9650.8595         -42936.6839       302.5501    -52587.5434    -42916.3628       308.4507           -288.3830      -174.1941    163172.8658        -0.0973        -0.1732

ENERGY: 1967000        82.4305       196.4286       151.8459         0.0000         -60093.8425      7124.3714         0.0000         0.0000      9860.1485         -42678.6175       309.1112    -52538.7660    -42663.7726       308.4734           -373.2938      -279.1273    162176.2120        -6.0886        -6.0586

WRITING COORDINATES TO DCD FILE 04_prod_1ns/prod_04.dcd AT STEP 1967000
ENERGY: 1967500        70.4748       203.2815       156.5675         0.0000         -60262.5006      7334.8931         0.0000         0.0000      9953.7660         -42543.5178       312.0460    -52497.2838    -42517.8485       310.7120             28.3121       105.4028    162897.3844         2.3994         2.7385

ENERGY: 1968000        72.1571       201.6707       153.6586         0.0000         -60369.7288      7290.3927         0.0000         0.0000      9986.6487         -42665.2009       313.0769    -52651.8496    -42647.6071       311.4947            -63.2246        27.8673    161794.9636       -10.2049       -11.1810

WRITING COORDINATES TO DCD FILE 04_prod_1ns/prod_04.dcd AT STEP 1968000
LDB: ============= START OF LOAD BALANCING ============== 414.663
LDB: ============== END OF LOAD BALANCING =============== 414.664
Info: useSync: 0 useProxySync: 0
LDB: =============== DONE WITH MIGRATION ================ 414.664
LDB: ============= START OF LOAD BALANCING ============== 414.76
LDB: TIME 414.761 LOAD: AVG 0.0265688 MAX 0.0501968  PROXIES: TOTAL 128 MAXPE 16 MAXPATCH 4 None MEM: 0 MB
LDB: TIME 414.761 LOAD: AVG 0.0265688 MAX 0.0501968  PROXIES: TOTAL 128 MAXPE 16 MAXPATCH 4 RefineTorusLB MEM: 0 MB
LDB: TIME 414.761 LOAD: AVG 0.0265688 MAX 0.0501968  PROXIES: TOTAL 128 MAXPE 16 MAXPATCH 4 RefineTorusLB MEM: 0 MB
LDB: ============== END OF LOAD BALANCING =============== 414.761
Info: useSync: 0 useProxySync: 0
LDB: =============== DONE WITH MIGRATION ================ 414.762
ENERGY: 1968500        71.4351       201.2615       148.4729         0.0000         -60283.6086      7258.7329         0.0000         0.0000      9872.4027         -42731.3036       309.4953    -52603.7063    -42713.1725       310.4637           -109.7765       -17.1109    162436.8834         3.5464         3.5610

ENERGY: 1969000        73.7684       190.4807       136.4784         0.0000         -60295.8650      7192.3065         0.0000         0.0000      9889.5781         -42813.2530       310.0338    -52702.8311    -42790.5417       308.3629           -322.1405      -228.5693    162064.0336       -11.7758       -11.2330

WRITING COORDINATES TO DCD FILE 04_prod_1ns/prod_04.dcd AT STEP 1969000
ENERGY: 1969500        65.3978       191.6093       146.8587         0.0000         -60384.1814      7376.1542         0.0000         0.0000      9598.7037         -43005.4577       300.9150    -52604.1614    -42980.4001       307.7753             41.3038       118.5024    161480.0259        -5.5869        -5.7360

TIMING: 1970000  CPU: 421.386, 0.00191411/step  Wall: 417.613, 0.00190494/step, 0.148162 hours remaining, 0.000000 MB of memory in use.
PERFORMANCE: 1970000  averaging 91.0421 ns/day, 0.00189802 sec/step with standard deviation 1.66868e-05
ETITLE:      TS           BOND          ANGLE          DIHED          IMPRP               ELECT            VDW       BOUNDARY           MISC        KINETIC               TOTAL           TEMP      POTENTIAL         TOTAL3        TEMPAVG            PRESSURE      GPRESSURE         VOLUME       PRESSAVG      GPRESSAVG

ENERGY: 1970000        71.0165       197.0132       144.9535         0.0000         -60553.9327      7347.9284         0.0000         0.0000      9757.4999         -43035.5213       305.8932    -52793.0212    -43015.0600       306.8472           -127.0252       -60.2708    162280.3799         4.0866         4.5479

WRITING EXTENDED SYSTEM TO RESTART FILE AT STEP 1970000
WRITING COORDINATES TO DCD FILE 04_prod_1ns/prod_04.dcd AT STEP 1970000
WRITING COORDINATES TO RESTART FILE AT STEP 1970000
FINISHED WRITING RESTART COORDINATES
WRITING VELOCITIES TO RESTART FILE AT STEP 1970000
FINISHED WRITING RESTART VELOCITIES
LDB: ============= START OF LOAD BALANCING ============== 418.525
LDB: ============== END OF LOAD BALANCING =============== 418.526
Info: useSync: 0 useProxySync: 0
LDB: =============== DONE WITH MIGRATION ================ 418.526
LDB: ============= START OF LOAD BALANCING ============== 418.622
LDB: TIME 418.622 LOAD: AVG 0.0264456 MAX 0.0459372  PROXIES: TOTAL 128 MAXPE 16 MAXPATCH 4 None MEM: 0 MB
LDB: TIME 418.622 LOAD: AVG 0.0264456 MAX 0.0459372  PROXIES: TOTAL 128 MAXPE 16 MAXPATCH 4 RefineTorusLB MEM: 0 MB
LDB: TIME 418.622 LOAD: AVG 0.0264456 MAX 0.0459372  PROXIES: TOTAL 128 MAXPE 16 MAXPATCH 4 RefineTorusLB MEM: 0 MB
LDB: Reverting to original mapping
LDB: ============== END OF LOAD BALANCING =============== 418.623
Info: useSync: 0 useProxySync: 0
LDB: =============== DONE WITH MIGRATION ================ 418.623
ENERGY: 1970500        77.8174       189.7749       157.4349         0.0000         -60606.2979      7383.1115         0.0000         0.0000      9999.6110         -42798.5482       313.4833    -52798.1592    -42771.8389       307.0976            -90.7379        17.4062    161724.6474        -0.1241        -0.4040

ENERGY: 1971000        85.8211       189.0559       150.9630         0.0000         -60518.9919      7471.6415         0.0000         0.0000      9828.0189         -42793.4915       308.1039    -52621.5104    -42769.9966       308.1596             52.3595       143.3168    162727.7633         7.9558         8.1951

WRITING COORDINATES TO DCD FILE 04_prod_1ns/prod_04.dcd AT STEP 1971000
ENERGY: 1971500        76.0509       177.2816       147.9903         0.0000         -60348.7269      7379.4626         0.0000         0.0000      9979.2962         -42588.6452       312.8464    -52567.9414    -42565.8629       310.8542             55.2492       169.0290    162362.1448        -7.1920        -6.1806

ENERGY: 1972000        82.0800       207.7842       155.7135         0.0000         -60315.0930      7418.4515         0.0000         0.0000      9922.1894         -42528.8744       311.0561    -52451.0638    -42514.3198       311.7125             -6.0465        74.3849    163517.0499         1.4475         1.7292

WRITING COORDINATES TO DCD FILE 04_prod_1ns/prod_04.dcd AT STEP 1972000
LDB: ============= START OF LOAD BALANCING ============== 422.262
LDB: ============== END OF LOAD BALANCING =============== 422.263
Info: useSync: 0 useProxySync: 0
LDB: =============== DONE WITH MIGRATION ================ 422.263
LDB: ============= START OF LOAD BALANCING ============== 422.359
LDB: TIME 422.359 LOAD: AVG 0.0264591 MAX 0.048622  PROXIES: TOTAL 128 MAXPE 16 MAXPATCH 4 None MEM: 0 MB
LDB: TIME 422.359 LOAD: AVG 0.0264591 MAX 0.048622  PROXIES: TOTAL 128 MAXPE 16 MAXPATCH 4 RefineTorusLB MEM: 0 MB
LDB: TIME 422.359 LOAD: AVG 0.0264591 MAX 0.048622  PROXIES: TOTAL 128 MAXPE 16 MAXPATCH 4 RefineTorusLB MEM: 0 MB
LDB: ============== END OF LOAD BALANCING =============== 422.36
Info: useSync: 0 useProxySync: 0
LDB: =============== DONE WITH MIGRATION ================ 422.36
ENERGY: 1972500        77.0771       201.8438       147.0527         0.0000         -60046.4772      7198.3729         0.0000         0.0000      9892.2908         -42529.8398       310.1188    -52422.1306    -42506.9773       311.4953           -439.4211      -313.9975    164497.4497        -3.4743        -1.7593

ENERGY: 1973000        87.0550       187.4257       140.7393         0.0000         -60203.3411      7236.7359         0.0000         0.0000      9903.9148         -42647.4704       310.4832    -52551.3852    -42629.8643       310.1921           -224.0185      -144.5260    162339.9825        -6.0831        -6.9571

WRITING COORDINATES TO DCD FILE 04_prod_1ns/prod_04.dcd AT STEP 1973000
ENERGY: 1973500        71.3942       178.2807       146.6227         0.0000         -60126.6210      7245.7625         0.0000         0.0000      9841.9799         -42642.5811       308.5416    -52484.5610    -42618.9421       310.9249           -195.1754       -78.0503    163048.0694        12.6609        13.0465

ENERGY: 1974000        91.1014       179.8962       146.0410         0.0000         -60214.9729      7332.7326         0.0000         0.0000      9877.7149         -42587.4868       309.6619    -52465.2017    -42568.1049       310.4068            -94.7460       -18.2891    163014.4727        -8.1414        -8.4311

WRITING COORDINATES TO DCD FILE 04_prod_1ns/prod_04.dcd AT STEP 1974000
LDB: ============= START OF LOAD BALANCING ============== 425.994
LDB: ============== END OF LOAD BALANCING =============== 425.994
Info: useSync: 0 useProxySync: 0
LDB: =============== DONE WITH MIGRATION ================ 425.995
LDB: ============= START OF LOAD BALANCING ============== 426.084
LDB: TIME 426.085 LOAD: AVG 0.0259311 MAX 0.0433952  PROXIES: TOTAL 128 MAXPE 16 MAXPATCH 4 None MEM: 0 MB
LDB: TIME 426.085 LOAD: AVG 0.0259311 MAX 0.0433952  PROXIES: TOTAL 128 MAXPE 16 MAXPATCH 4 RefineTorusLB MEM: 0 MB
LDB: TIME 426.085 LOAD: AVG 0.0259311 MAX 0.0433952  PROXIES: TOTAL 128 MAXPE 16 MAXPATCH 4 RefineTorusLB MEM: 0 MB
LDB: Reverting to original mapping
LDB: ============== END OF LOAD BALANCING =============== 426.085
Info: useSync: 0 useProxySync: 0
LDB: =============== DONE WITH MIGRATION ================ 426.086
ENERGY: 1974500        68.6831       200.9239       150.4170         0.0000         -60689.0733      7605.4445         0.0000         0.0000      9912.0110         -42751.5937       310.7370    -52663.6047    -42730.3072       311.0958            285.5097       394.7891    162898.4078        -3.8641        -3.1069

TIMING: 1975000  CPU: 430.921, 0.00190716/step  Wall: 427.065, 0.00189044/step, 0.144409 hours remaining, 0.000000 MB of memory in use.
PERFORMANCE: 1975000  averaging 91.0502 ns/day, 0.00189785 sec/step with standard deviation 1.65347e-05
ETITLE:      TS           BOND          ANGLE          DIHED          IMPRP               ELECT            VDW       BOUNDARY           MISC        KINETIC               TOTAL           TEMP      POTENTIAL         TOTAL3        TEMPAVG            PRESSURE      GPRESSURE         VOLUME       PRESSAVG      GPRESSAVG

ENERGY: 1975000        73.4715       189.0502       147.0801         0.0000         -60419.3540      7420.1956         0.0000         0.0000     10013.0166         -42576.5399       313.9035    -52589.5566    -42557.4607       309.9331            167.4198       228.9556    162108.9694        -1.2735        -0.5694

WRITING EXTENDED SYSTEM TO RESTART FILE AT STEP 1975000
WRITING COORDINATES TO DCD FILE 04_prod_1ns/prod_04.dcd AT STEP 1975000
WRITING COORDINATES TO RESTART FILE AT STEP 1975000
FINISHED WRITING RESTART COORDINATES
WRITING VELOCITIES TO RESTART FILE AT STEP 1975000
FINISHED WRITING RESTART VELOCITIES
ENERGY: 1975500        69.5568       198.3802       148.8417         0.0000         -59980.8094      7089.3007         0.0000         0.0000      9850.5700         -42624.1599       308.8109    -52474.7300    -42598.6983       310.5430           -346.7630      -270.1362    162280.9850       -14.2765       -13.6518

ENERGY: 1976000        73.6667       187.4074       145.5860         0.0000         -60499.2331      7409.5071         0.0000         0.0000     10039.0384         -42644.0275       314.7193    -52683.0658    -42621.1326       311.0412             67.1154       136.9901    162086.3279       -13.9107       -13.5376

WRITING COORDINATES TO DCD FILE 04_prod_1ns/prod_04.dcd AT STEP 1976000
LDB: ============= START OF LOAD BALANCING ============== 429.841
LDB: ============== END OF LOAD BALANCING =============== 429.842
Info: useSync: 0 useProxySync: 0
LDB: =============== DONE WITH MIGRATION ================ 429.842
LDB: ============= START OF LOAD BALANCING ============== 429.935
LDB: TIME 429.936 LOAD: AVG 0.0255214 MAX 0.0433185  PROXIES: TOTAL 128 MAXPE 16 MAXPATCH 4 None MEM: 0 MB
LDB: TIME 429.936 LOAD: AVG 0.0255214 MAX 0.0433185  PROXIES: TOTAL 128 MAXPE 16 MAXPATCH 4 RefineTorusLB MEM: 0 MB
LDB: TIME 429.936 LOAD: AVG 0.0255214 MAX 0.0433185  PROXIES: TOTAL 128 MAXPE 16 MAXPATCH 4 RefineTorusLB MEM: 0 MB
LDB: ============== END OF LOAD BALANCING =============== 429.936
Info: useSync: 0 useProxySync: 0
LDB: =============== DONE WITH MIGRATION ================ 429.937
ENERGY: 1976500        64.3550       199.8045       153.9593         0.0000         -60334.8485      7241.5591         0.0000         0.0000     10027.2550         -42647.9155       314.3499    -52675.1705    -42628.2618       310.5155           -175.3826       -91.7558    162336.1484        -4.2322        -4.5655

ENERGY: 1977000        94.0274       193.3635       149.2549         0.0000         -60442.5252      7402.2886         0.0000         0.0000      9836.2809         -42767.3098       308.3629    -52603.5907    -42747.5421       310.2919            -45.5150         2.2108    162314.5275        -0.2867        -1.3645

WRITING COORDINATES TO DCD FILE 04_prod_1ns/prod_04.dcd AT STEP 1977000
ENERGY: 1977500        67.3547       190.8159       158.7153         0.0000         -60247.4014      7343.4412         0.0000         0.0000      9973.6445         -42513.4298       312.6692    -52487.0743    -42489.4085       312.1746            -48.9368         0.6876    162655.8338         3.8609         3.4844

WRITING COORDINATES TO DCD FILE 04_prod_1ns/prod_04.dcd AT STEP 1978000
ENERGY: 1978000        89.8273       185.3928       148.0230         0.0000         -60385.6498      7340.7824         0.0000         0.0000      9913.6532         -42707.9710       310.7885    -52621.6243    -42690.2586       312.2045             17.6777        93.0460    162409.4923         6.3078         6.2949

LDB: ============= START OF LOAD BALANCING ============== 433.573
LDB: ============== END OF LOAD BALANCING =============== 433.573
Info: useSync: 0 useProxySync: 0
LDB: =============== DONE WITH MIGRATION ================ 433.574
LDB: ============= START OF LOAD BALANCING ============== 433.665
LDB: TIME 433.665 LOAD: AVG 0.0259497 MAX 0.0462787  PROXIES: TOTAL 128 MAXPE 16 MAXPATCH 4 None MEM: 0 MB
LDB: TIME 433.665 LOAD: AVG 0.0259497 MAX 0.0462787  PROXIES: TOTAL 128 MAXPE 16 MAXPATCH 4 RefineTorusLB MEM: 0 MB
LDB: TIME 433.666 LOAD: AVG 0.0259497 MAX 0.0462787  PROXIES: TOTAL 128 MAXPE 16 MAXPATCH 4 RefineTorusLB MEM: 0 MB
LDB: Reverting to original mapping
LDB: ============== END OF LOAD BALANCING =============== 433.666
Info: useSync: 0 useProxySync: 0
LDB: =============== DONE WITH MIGRATION ================ 433.667
ENERGY: 1978500        76.0490       195.6629       150.2652         0.0000         -60524.5893      7415.4905         0.0000         0.0000      9899.7666         -42787.3550       310.3532    -52687.1216    -42771.0207       309.6516           -146.9651       -57.0738    162678.7509         5.6633         6.2083

ENERGY: 1979000        66.5771       189.8830       157.5535         0.0000         -60293.0710      7187.9594         0.0000         0.0000      9856.0678         -42835.0302       308.9832    -52691.0980    -42819.3195       308.6646           -359.5607      -259.2879    161707.7866        -1.5771        -1.7061

WRITING COORDINATES TO DCD FILE 04_prod_1ns/prod_04.dcd AT STEP 1979000
ENERGY: 1979500        78.4397       207.6934       146.7825         0.0000         -60476.4376      7416.1655         0.0000         0.0000      9884.5227         -42742.8338       309.8753    -52627.3566    -42725.5762       308.9661            -24.4104        60.5550    161969.9794        -9.2173        -9.0529

TIMING: 1980000  CPU: 440.464, 0.00190859/step  Wall: 436.521, 0.00189121/step, 0.141841 hours remaining, 0.000000 MB of memory in use.
PERFORMANCE: 1980000  averaging 91.0571 ns/day, 0.00189771 sec/step with standard deviation 1.63793e-05
ETITLE:      TS           BOND          ANGLE          DIHED          IMPRP               ELECT            VDW       BOUNDARY           MISC        KINETIC               TOTAL           TEMP      POTENTIAL         TOTAL3        TEMPAVG            PRESSURE      GPRESSURE         VOLUME       PRESSAVG      GPRESSAVG

ENERGY: 1980000        63.4633       192.1409       153.0684         0.0000         -60481.5260      7279.9678         0.0000         0.0000      9895.3381         -42897.5475       310.2143    -52792.8856    -42882.1081       309.7068           -244.2664      -124.8273    162083.0620        11.1880        10.3933

WRITING EXTENDED SYSTEM TO RESTART FILE AT STEP 1980000
WRITING COORDINATES TO DCD FILE 04_prod_1ns/prod_04.dcd AT STEP 1980000
WRITING COORDINATES TO RESTART FILE AT STEP 1980000
FINISHED WRITING RESTART COORDINATES
WRITING VELOCITIES TO RESTART FILE AT STEP 1980000
FINISHED WRITING RESTART VELOCITIES
LDB: ============= START OF LOAD BALANCING ============== 437.426
LDB: ============== END OF LOAD BALANCING =============== 437.426
Info: useSync: 0 useProxySync: 0
LDB: =============== DONE WITH MIGRATION ================ 437.426
LDB: ============= START OF LOAD BALANCING ============== 437.525
LDB: TIME 437.526 LOAD: AVG 0.0266956 MAX 0.0477777  PROXIES: TOTAL 128 MAXPE 16 MAXPATCH 4 None MEM: 0 MB
LDB: TIME 437.526 LOAD: AVG 0.0266956 MAX 0.0477777  PROXIES: TOTAL 128 MAXPE 16 MAXPATCH 4 RefineTorusLB MEM: 0 MB
LDB: TIME 437.526 LOAD: AVG 0.0266956 MAX 0.0477777  PROXIES: TOTAL 128 MAXPE 16 MAXPATCH 4 RefineTorusLB MEM: 0 MB
LDB: ============== END OF LOAD BALANCING =============== 437.527
Info: useSync: 0 useProxySync: 0
LDB: =============== DONE WITH MIGRATION ================ 437.527
ENERGY: 1980500        71.6773       169.6391       142.6350         0.0000         -60213.5358      7255.7235         0.0000         0.0000      9927.8709         -42645.9900       311.2342    -52573.8610    -42623.8553       308.7297           -179.0256      -111.1155    163285.9811         3.0066         3.0721

ENERGY: 1981000        83.8445       192.5409       149.5117         0.0000         -60511.4587      7384.5303         0.0000         0.0000      9850.6465         -42850.3848       308.8133    -52701.0313    -42828.6608       309.3959            -56.6341        31.4228    161433.1969         4.2809         3.6471

WRITING COORDINATES TO DCD FILE 04_prod_1ns/prod_04.dcd AT STEP 1981000
ENERGY: 1981500        65.2389       194.3674       143.1481         0.0000         -60472.4284      7558.7692         0.0000         0.0000      9929.7792         -42581.1256       311.2941    -52510.9048    -42562.5605       310.2563            514.8934       602.5287    161224.6359         4.6591         3.3375

ENERGY: 1982000        93.3429       179.2146       151.9672         0.0000         -60116.1177      7233.0975         0.0000         0.0000      9860.0663         -42598.4291       309.1086    -52458.4954    -42575.8377       310.4823           -288.7146      -188.0278    162052.3573         8.9459        10.0455

WRITING COORDINATES TO DCD FILE 04_prod_1ns/prod_04.dcd AT STEP 1982000
LDB: ============= START OF LOAD BALANCING ============== 441.182
LDB: ============== END OF LOAD BALANCING =============== 441.183
Info: useSync: 0 useProxySync: 0
LDB: =============== DONE WITH MIGRATION ================ 441.183
LDB: ============= START OF LOAD BALANCING ============== 441.277
LDB: TIME 441.278 LOAD: AVG 0.0270922 MAX 0.0498042  PROXIES: TOTAL 128 MAXPE 16 MAXPATCH 4 None MEM: 0 MB
LDB: TIME 441.278 LOAD: AVG 0.0270922 MAX 0.0498042  PROXIES: TOTAL 128 MAXPE 16 MAXPATCH 4 RefineTorusLB MEM: 0 MB
LDB: TIME 441.278 LOAD: AVG 0.0270922 MAX 0.0498042  PROXIES: TOTAL 128 MAXPE 16 MAXPATCH 4 RefineTorusLB MEM: 0 MB
LDB: Reverting to original mapping
LDB: ============== END OF LOAD BALANCING =============== 441.279
Info: useSync: 0 useProxySync: 0
LDB: =============== DONE WITH MIGRATION ================ 441.279
ENERGY: 1982500        85.9466       190.5642       147.2255         0.0000         -60027.1892      7103.0264         0.0000         0.0000      9826.9370         -42673.4895       308.0700    -52500.4265    -42648.1205       310.6670           -457.0766      -346.8279    162867.2978       -13.4961       -12.5150

ENERGY: 1983000        77.1664       187.7906       150.7157         0.0000         -60557.9763      7514.8144         0.0000         0.0000      9791.9529         -42835.5364       306.9733    -52627.4893    -42812.7666       309.7176            154.5904       219.5345    162085.4237         5.2372         4.9665

WRITING COORDINATES TO DCD FILE 04_prod_1ns/prod_04.dcd AT STEP 1983000
ENERGY: 1983500        88.1001       193.7086       152.6060         0.0000         -60366.7755      7244.1247         0.0000         0.0000      9906.1704         -42782.0655       310.5539    -52688.2359    -42759.9783       308.5559           -408.4015      -300.6342    162448.0424        -3.0795        -2.9948

ENERGY: 1984000        66.6483       196.1873       150.7154         0.0000         -60022.2438      7096.1407         0.0000         0.0000      9905.4073         -42607.1448       310.5300    -52512.5521    -42576.2641       309.4421           -257.5021      -128.9947    161879.7385         4.6248         5.9222

WRITING COORDINATES TO DCD FILE 04_prod_1ns/prod_04.dcd AT STEP 1984000
LDB: ============= START OF LOAD BALANCING ============== 444.931
LDB: ============== END OF LOAD BALANCING =============== 444.931
Info: useSync: 0 useProxySync: 0
LDB: =============== DONE WITH MIGRATION ================ 444.932
LDB: ============= START OF LOAD BALANCING ============== 445.024
LDB: TIME 445.024 LOAD: AVG 0.0269621 MAX 0.0502101  PROXIES: TOTAL 128 MAXPE 16 MAXPATCH 4 None MEM: 0 MB
LDB: TIME 445.025 LOAD: AVG 0.0269621 MAX 0.0502101  PROXIES: TOTAL 128 MAXPE 16 MAXPATCH 4 RefineTorusLB MEM: 0 MB
LDB: TIME 445.025 LOAD: AVG 0.0269621 MAX 0.0502101  PROXIES: TOTAL 128 MAXPE 16 MAXPATCH 4 RefineTorusLB MEM: 0 MB
LDB: ============== END OF LOAD BALANCING =============== 445.025
Info: useSync: 0 useProxySync: 0
LDB: =============== DONE WITH MIGRATION ================ 445.026
ENERGY: 1984500        72.7301       192.1636       148.8434         0.0000         -60093.5004      7179.9839         0.0000         0.0000      9850.6267         -42649.1526       308.8127    -52499.7793    -42628.5302       310.9162           -305.8840      -202.2064    162673.6354        14.1812        14.0353

TIMING: 1985000  CPU: 450.036, 0.00191428/step  Wall: 446.011, 0.00189804/step, 0.139717 hours remaining, 0.000000 MB of memory in use.
PERFORMANCE: 1985000  averaging 91.0568 ns/day, 0.00189772 sec/step with standard deviation 1.62003e-05
ETITLE:      TS           BOND          ANGLE          DIHED          IMPRP               ELECT            VDW       BOUNDARY           MISC        KINETIC               TOTAL           TEMP      POTENTIAL         TOTAL3        TEMPAVG            PRESSURE      GPRESSURE         VOLUME       PRESSAVG      GPRESSAVG

ENERGY: 1985000        96.1952       192.7323       147.5306         0.0000         -60282.9588      7278.0436         0.0000         0.0000      9921.6515         -42646.8056       311.0393    -52568.4571    -42626.1999       310.0673           -268.0830      -171.2588    162626.3453        -1.0657        -0.0356

WRITING EXTENDED SYSTEM TO RESTART FILE AT STEP 1985000
WRITING COORDINATES TO DCD FILE 04_prod_1ns/prod_04.dcd AT STEP 1985000
WRITING COORDINATES TO RESTART FILE AT STEP 1985000
FINISHED WRITING RESTART COORDINATES
WRITING VELOCITIES TO RESTART FILE AT STEP 1985000
FINISHED WRITING RESTART VELOCITIES
ENERGY: 1985500        83.4678       211.4226       145.9794         0.0000         -60338.1450      7354.0270         0.0000         0.0000      9836.6234         -42706.6249       308.3737    -52543.2483    -42682.8221       310.5635           -192.6611       -86.8587    163038.1173        -2.8212        -2.2999

ENERGY: 1986000        68.9976       193.4232       153.3929         0.0000         -60225.4589      7421.2886         0.0000         0.0000      9853.0759         -42535.2808       308.8894    -52388.3566    -42507.4333       309.9642             77.3956       174.9003    162954.4187        -2.7678        -3.3925

WRITING COORDINATES TO DCD FILE 04_prod_1ns/prod_04.dcd AT STEP 1986000
LDB: ============= START OF LOAD BALANCING ============== 448.807
LDB: ============== END OF LOAD BALANCING =============== 448.807
Info: useSync: 0 useProxySync: 0
LDB: =============== DONE WITH MIGRATION ================ 448.808
LDB: ============= START OF LOAD BALANCING ============== 448.901
LDB: TIME 448.901 LOAD: AVG 0.0269622 MAX 0.0500779  PROXIES: TOTAL 128 MAXPE 16 MAXPATCH 4 None MEM: 0 MB
LDB: TIME 448.901 LOAD: AVG 0.0269622 MAX 0.0500779  PROXIES: TOTAL 128 MAXPE 16 MAXPATCH 4 RefineTorusLB MEM: 0 MB
LDB: TIME 448.901 LOAD: AVG 0.0269622 MAX 0.0500779  PROXIES: TOTAL 128 MAXPE 16 MAXPATCH 4 RefineTorusLB MEM: 0 MB
LDB: Reverting to original mapping
LDB: ============== END OF LOAD BALANCING =============== 448.902
Info: useSync: 0 useProxySync: 0
LDB: =============== DONE WITH MIGRATION ================ 448.902
ENERGY: 1986500        69.1441       190.8471       145.0122         0.0000         -60283.2863      7381.1844         0.0000         0.0000      9852.3805         -42644.7181       308.8676    -52497.0986    -42620.2350       310.5045            103.5168       193.5384    161879.8767         1.3291         2.6089

ENERGY: 1987000        56.9635       194.8625       159.0993         0.0000         -60270.8327      7343.1224         0.0000         0.0000      9859.7508         -42657.0342       309.0987    -52516.7850    -42640.0193       310.7698            145.2430       238.9051    161457.3868        13.9291        12.8891

WRITING COORDINATES TO DCD FILE 04_prod_1ns/prod_04.dcd AT STEP 1987000
ENERGY: 1987500        67.5342       195.6494       158.4343         0.0000         -60436.9009      7342.9619         0.0000         0.0000      9812.2106         -42860.1104       307.6083    -52672.3210    -42836.5038       308.9475             63.3042       149.6589    160925.2686         3.6595         3.5031

ENERGY: 1988000        69.8980       207.3867       151.2172         0.0000         -60519.5001      7439.2425         0.0000         0.0000      9798.0583         -42853.6975       307.1647    -52651.7557    -42829.7252       308.3735             69.2275       167.2641    161546.9845        -4.1301        -4.8928

WRITING COORDINATES TO DCD FILE 04_prod_1ns/prod_04.dcd AT STEP 1988000
LDB: ============= START OF LOAD BALANCING ============== 452.545
LDB: ============== END OF LOAD BALANCING =============== 452.545
Info: useSync: 0 useProxySync: 0
LDB: =============== DONE WITH MIGRATION ================ 452.546
LDB: ============= START OF LOAD BALANCING ============== 452.637
LDB: TIME 452.638 LOAD: AVG 0.0260467 MAX 0.0476015  PROXIES: TOTAL 128 MAXPE 16 MAXPATCH 4 None MEM: 0 MB
LDB: TIME 452.638 LOAD: AVG 0.0260467 MAX 0.0476015  PROXIES: TOTAL 128 MAXPE 16 MAXPATCH 4 RefineTorusLB MEM: 0 MB
LDB: TIME 452.638 LOAD: AVG 0.0260467 MAX 0.0476015  PROXIES: TOTAL 128 MAXPE 16 MAXPATCH 4 RefineTorusLB MEM: 0 MB
LDB: Reverting to original mapping
LDB: ============== END OF LOAD BALANCING =============== 452.639
Info: useSync: 0 useProxySync: 0
LDB: =============== DONE WITH MIGRATION ================ 452.639
ENERGY: 1988500        71.9089       196.4305       158.7096         0.0000         -60451.4787      7326.4214         0.0000         0.0000      9768.1227         -42929.8856       306.2262    -52698.0083    -42906.4781       307.2740           -119.2230       -38.9472    161792.0023         2.6308         2.1055

ENERGY: 1989000        59.6269       207.7160       154.9196         0.0000         -60206.3009      7237.6613         0.0000         0.0000      9878.5906         -42667.7865       309.6893    -52546.3771    -42641.2980       308.9545           -221.6331      -133.5235    162901.4022         6.6735         5.3229

WRITING COORDINATES TO DCD FILE 04_prod_1ns/prod_04.dcd AT STEP 1989000
ENERGY: 1989500        73.3894       182.0147       155.0947         0.0000         -60406.6078      7435.9909         0.0000         0.0000      9905.8060         -42654.3120       310.5425    -52560.1181    -42630.4152       311.0640            -64.8443        40.0517    163076.1270        -4.5847        -5.8044

TIMING: 1990000  CPU: 459.611, 0.00191511/step  Wall: 455.493, 0.00189644/step, 0.136965 hours remaining, 0.000000 MB of memory in use.
PERFORMANCE: 1990000  averaging 91.0581 ns/day, 0.00189769 sec/step with standard deviation 1.60281e-05
ETITLE:      TS           BOND          ANGLE          DIHED          IMPRP               ELECT            VDW       BOUNDARY           MISC        KINETIC               TOTAL           TEMP      POTENTIAL         TOTAL3        TEMPAVG            PRESSURE      GPRESSURE         VOLUME       PRESSAVG      GPRESSAVG

ENERGY: 1990000        77.9175       182.4139       152.1703         0.0000         -59951.0235      7038.5494         0.0000         0.0000     10031.0529         -42468.9196       314.4689    -52499.9725    -42445.3557       310.7200           -469.9830      -366.5212    161994.6071        -0.2349        -0.0653

WRITING EXTENDED SYSTEM TO RESTART FILE AT STEP 1990000
WRITING COORDINATES TO DCD FILE 04_prod_1ns/prod_04.dcd AT STEP 1990000
WRITING COORDINATES TO RESTART FILE AT STEP 1990000
FINISHED WRITING RESTART COORDINATES
WRITING VELOCITIES TO RESTART FILE AT STEP 1990000
FINISHED WRITING RESTART VELOCITIES
LDB: ============= START OF LOAD BALANCING ============== 456.382
LDB: ============== END OF LOAD BALANCING =============== 456.382
Info: useSync: 0 useProxySync: 0
LDB: =============== DONE WITH MIGRATION ================ 456.382
LDB: ============= START OF LOAD BALANCING ============== 456.476
LDB: TIME 456.476 LOAD: AVG 0.0259496 MAX 0.0517224  PROXIES: TOTAL 128 MAXPE 16 MAXPATCH 4 None MEM: 0 MB
LDB: TIME 456.477 LOAD: AVG 0.0259496 MAX 0.0517224  PROXIES: TOTAL 128 MAXPE 16 MAXPATCH 4 RefineTorusLB MEM: 0 MB
LDB: TIME 456.477 LOAD: AVG 0.0259496 MAX 0.0517224  PROXIES: TOTAL 128 MAXPE 16 MAXPATCH 4 RefineTorusLB MEM: 0 MB
LDB: Reverting to original mapping
LDB: ============== END OF LOAD BALANCING =============== 456.477
Info: useSync: 0 useProxySync: 0
LDB: =============== DONE WITH MIGRATION ================ 456.478
ENERGY: 1990500        76.3073       192.1756       140.7562         0.0000         -60000.3119      7104.4921         0.0000         0.0000      9933.6011         -42552.9796       311.4139    -52486.5807    -42526.1235       310.7192           -406.2785      -324.0738    162150.0010        -9.4263        -7.0116

ENERGY: 1991000        75.8264       201.9806       159.4156         0.0000         -60104.9619      7300.5343         0.0000         0.0000      9867.5285         -42499.6764       309.3425    -52367.2049    -42480.2418       311.5607            -25.3961        87.9966    163160.6415        -3.5827        -4.3565

WRITING COORDINATES TO DCD FILE 04_prod_1ns/prod_04.dcd AT STEP 1991000
ENERGY: 1991500        77.7192       183.2786       158.8772         0.0000         -60299.3990      7353.4460         0.0000         0.0000      9966.4196         -42559.6584       312.4427    -52526.0780    -42535.4276       311.4802             80.3083       170.2820    162741.2206         6.5549         7.5401

ENERGY: 1992000        79.1342       214.1144       153.9199         0.0000         -60370.7067      7339.2173         0.0000         0.0000      9832.4701         -42751.8507       308.2435    -52584.3208    -42728.6611       309.0971            -10.4135        56.6610    162366.3379        -1.3135        -1.5984

WRITING COORDINATES TO DCD FILE 04_prod_1ns/prod_04.dcd AT STEP 1992000
LDB: ============= START OF LOAD BALANCING ============== 460.097
LDB: ============== END OF LOAD BALANCING =============== 460.097
Info: useSync: 0 useProxySync: 0
LDB: =============== DONE WITH MIGRATION ================ 460.097
LDB: ============= START OF LOAD BALANCING ============== 460.188
LDB: TIME 460.188 LOAD: AVG 0.0249007 MAX 0.0438841  PROXIES: TOTAL 128 MAXPE 16 MAXPATCH 4 None MEM: 0 MB
LDB: TIME 460.188 LOAD: AVG 0.0249007 MAX 0.0438841  PROXIES: TOTAL 128 MAXPE 16 MAXPATCH 4 RefineTorusLB MEM: 0 MB
LDB: TIME 460.188 LOAD: AVG 0.0249007 MAX 0.0438841  PROXIES: TOTAL 128 MAXPE 16 MAXPATCH 4 RefineTorusLB MEM: 0 MB
LDB: ============== END OF LOAD BALANCING =============== 460.189
Info: useSync: 0 useProxySync: 0
LDB: =============== DONE WITH MIGRATION ================ 460.189
ENERGY: 1992500        80.2378       189.4293       154.5773         0.0000         -60293.4725      7256.7043         0.0000         0.0000      9930.9525         -42681.5714       311.3308    -52612.5239    -42656.1696       309.5780           -250.0147      -152.8274    162859.9862        -9.3820        -8.8969

ENERGY: 1993000        73.8022       203.3846       151.2055         0.0000         -60125.6916      7247.6387         0.0000         0.0000      9828.3249         -42621.3357       308.1135    -52449.6605    -42597.5538       309.7930           -163.2986       -99.1061    163418.9724        13.4620        12.9075

WRITING COORDINATES TO DCD FILE 04_prod_1ns/prod_04.dcd AT STEP 1993000
ENERGY: 1993500        83.4692       197.8555       146.1234         0.0000         -60217.7935      7233.0533         0.0000         0.0000      9843.8998         -42713.3924       308.6018    -52557.2921    -42690.8013       310.0357           -280.2152      -194.2144    163008.5167         6.6635         6.7753

ENERGY: 1994000        96.0830       203.4583       153.9983         0.0000         -60186.1887      7198.1264         0.0000         0.0000      9991.3963         -42543.1263       313.2257    -52534.5227    -42525.3562       309.4686           -388.2087      -306.0610    162673.1408         7.9982         7.6099

WRITING COORDINATES TO DCD FILE 04_prod_1ns/prod_04.dcd AT STEP 1994000
LDB: ============= START OF LOAD BALANCING ============== 463.803
LDB: ============== END OF LOAD BALANCING =============== 463.803
Info: useSync: 0 useProxySync: 0
LDB: =============== DONE WITH MIGRATION ================ 463.803
LDB: ============= START OF LOAD BALANCING ============== 463.898
LDB: TIME 463.898 LOAD: AVG 0.026221 MAX 0.0499155  PROXIES: TOTAL 128 MAXPE 16 MAXPATCH 4 None MEM: 0 MB
LDB: TIME 463.898 LOAD: AVG 0.026221 MAX 0.0499155  PROXIES: TOTAL 128 MAXPE 16 MAXPATCH 4 RefineTorusLB MEM: 0 MB
LDB: TIME 463.898 LOAD: AVG 0.026221 MAX 0.0499155  PROXIES: TOTAL 128 MAXPE 16 MAXPATCH 4 RefineTorusLB MEM: 0 MB
LDB: ============== END OF LOAD BALANCING =============== 463.899
Info: useSync: 0 useProxySync: 0
LDB: =============== DONE WITH MIGRATION ================ 463.899
ENERGY: 1994500        72.9122       188.3505       160.8834         0.0000         -60163.9678      7309.4675         0.0000         0.0000      9843.5162         -42588.8380       308.5897    -52432.3542    -42565.4285       312.0241            -73.4392        21.6509    162848.2738        -6.9228        -6.4426

TIMING: 1995000  CPU: 469.18, 0.00191378/step  Wall: 464.878, 0.00187702/step, 0.132955 hours remaining, 0.000000 MB of memory in use.
PERFORMANCE: 1995000  averaging 91.0783 ns/day, 0.00189727 sec/step with standard deviation 1.61329e-05
ETITLE:      TS           BOND          ANGLE          DIHED          IMPRP               ELECT            VDW       BOUNDARY           MISC        KINETIC               TOTAL           TEMP      POTENTIAL         TOTAL3        TEMPAVG            PRESSURE      GPRESSURE         VOLUME       PRESSAVG      GPRESSAVG

ENERGY: 1995000        67.7082       193.7317       147.0493         0.0000         -60073.4913      7194.9984         0.0000         0.0000      9890.6972         -42579.3065       310.0689    -52470.0037    -42557.8673       310.7995           -184.0049       -96.9459    162672.4972        -0.1303        -0.3251

WRITING EXTENDED SYSTEM TO RESTART FILE AT STEP 1995000
WRITING COORDINATES TO DCD FILE 04_prod_1ns/prod_04.dcd AT STEP 1995000
WRITING COORDINATES TO RESTART FILE AT STEP 1995000
FINISHED WRITING RESTART COORDINATES
WRITING VELOCITIES TO RESTART FILE AT STEP 1995000
FINISHED WRITING RESTART VELOCITIES
ENERGY: 1995500        75.6019       187.5227       152.3127         0.0000         -60003.8713      7142.4641         0.0000         0.0000      9787.4353         -42658.5346       306.8316    -52445.9700    -42633.0244       310.1458           -439.4844      -326.8706    162621.4474        -2.7590        -3.7930

ENERGY: 1996000        74.8949       180.3691       147.7618         0.0000         -60236.2225      7314.2875         0.0000         0.0000     10016.1807         -42502.7285       314.0027    -52518.9092    -42484.3541       310.8367           -112.2427       -42.5950    163483.4527       -10.0378       -10.9721

WRITING COORDINATES TO DCD FILE 04_prod_1ns/prod_04.dcd AT STEP 1996000
LDB: ============= START OF LOAD BALANCING ============== 467.655
LDB: ============== END OF LOAD BALANCING =============== 467.655
Info: useSync: 0 useProxySync: 0
LDB: =============== DONE WITH MIGRATION ================ 467.656
LDB: ============= START OF LOAD BALANCING ============== 467.75
LDB: TIME 467.75 LOAD: AVG 0.0267657 MAX 0.0502326  PROXIES: TOTAL 128 MAXPE 16 MAXPATCH 4 None MEM: 0 MB
LDB: TIME 467.75 LOAD: AVG 0.0267657 MAX 0.0502326  PROXIES: TOTAL 128 MAXPE 16 MAXPATCH 4 RefineTorusLB MEM: 0 MB
LDB: TIME 467.75 LOAD: AVG 0.0267657 MAX 0.0502326  PROXIES: TOTAL 128 MAXPE 16 MAXPATCH 4 RefineTorusLB MEM: 0 MB
LDB: Reverting to original mapping
LDB: ============== END OF LOAD BALANCING =============== 467.751
Info: useSync: 0 useProxySync: 0
LDB: =============== DONE WITH MIGRATION ================ 467.752
ENERGY: 1996500        68.0209       196.0009       163.9722         0.0000         -60154.5174      7165.7806         0.0000         0.0000      9795.1523         -42765.5903       307.0736    -52560.7426    -42740.2444       311.7997           -384.7991      -286.4709    162916.2453        -4.4810        -3.9924

ENERGY: 1997000        60.5055       184.4237       151.4947         0.0000         -60436.7363      7275.1300         0.0000         0.0000      9888.5987         -42876.5838       310.0031    -52765.1825    -42854.1588       308.5506             47.2170       140.8278    161607.8459        -1.3372        -1.0568

WRITING COORDINATES TO DCD FILE 04_prod_1ns/prod_04.dcd AT STEP 1997000
ENERGY: 1997500        60.3928       200.2100       145.2320         0.0000         -60378.2140      7390.0750         0.0000         0.0000      9804.6329         -42777.6714       307.3708    -52582.3043    -42754.9672       308.1196            -25.7277        71.9459    162843.4129        -8.1106        -8.8435

ENERGY: 1998000        73.0803       174.3548       147.6422         0.0000         -60165.2084      7301.4683         0.0000         0.0000      9907.5816         -42561.0811       310.5982    -52468.6627    -42536.8867       309.3105            -10.3347        83.5732    161890.4998         3.6517         3.7706

WRITING COORDINATES TO DCD FILE 04_prod_1ns/prod_04.dcd AT STEP 1998000
LDB: ============= START OF LOAD BALANCING ============== 471.418
LDB: ============== END OF LOAD BALANCING =============== 471.418
Info: useSync: 0 useProxySync: 0
LDB: =============== DONE WITH MIGRATION ================ 471.418
LDB: ============= START OF LOAD BALANCING ============== 471.512
LDB: TIME 471.512 LOAD: AVG 0.0258921 MAX 0.0479138  PROXIES: TOTAL 128 MAXPE 16 MAXPATCH 4 None MEM: 0 MB
LDB: TIME 471.513 LOAD: AVG 0.0258921 MAX 0.0479138  PROXIES: TOTAL 128 MAXPE 16 MAXPATCH 4 RefineTorusLB MEM: 0 MB
LDB: TIME 471.513 LOAD: AVG 0.0258921 MAX 0.0479138  PROXIES: TOTAL 128 MAXPE 16 MAXPATCH 4 RefineTorusLB MEM: 0 MB
LDB: Reverting to original mapping
LDB: ============== END OF LOAD BALANCING =============== 471.513
Info: useSync: 0 useProxySync: 0
LDB: =============== DONE WITH MIGRATION ================ 471.514
ENERGY: 1998500        71.0464       199.7328       149.0434         0.0000         -60242.0792      7273.4424         0.0000         0.0000      9788.9135         -42759.9007       306.8780    -52548.8142    -42742.7226       310.5185           -309.6957      -217.6163    163026.7643       -10.1653        -7.6568

ENERGY: 1999000        74.4725       193.3457       151.3384         0.0000         -60459.9223      7433.4413         0.0000         0.0000      9823.9790         -42783.3455       307.9773    -52607.3245    -42761.4624       307.8640             10.4547       115.9268    162845.2719        14.0803        14.0310

WRITING COORDINATES TO DCD FILE 04_prod_1ns/prod_04.dcd AT STEP 1999000
ENERGY: 1999500        65.3992       190.6175       146.0583         0.0000         -60337.2762      7290.3980         0.0000         0.0000      9821.5061         -42823.2971       307.8997    -52644.8032    -42803.9940       308.0495           -135.5925       -45.3286    162067.7760        -4.9567        -4.4784

TIMING: 2000000  CPU: 478.798, 0.00192363/step  Wall: 474.418, 0.00190792/step, 0.132494 hours remaining, 0.000000 MB of memory in use.
PERFORMANCE: 2000000  averaging 91.0681 ns/day, 0.00189748 sec/step with standard deviation 1.60383e-05
ETITLE:      TS           BOND          ANGLE          DIHED          IMPRP               ELECT            VDW       BOUNDARY           MISC        KINETIC               TOTAL           TEMP      POTENTIAL         TOTAL3        TEMPAVG            PRESSURE      GPRESSURE         VOLUME       PRESSAVG      GPRESSAVG

ENERGY: 2000000        79.0145       204.7413       152.0278         0.0000         -60634.9279      7491.0263         0.0000         0.0000      9776.1230         -42931.9949       306.4770    -52708.1179    -42905.2925       307.5421             61.1385       149.0808    162521.5769        -5.0089        -5.2597

WRITING EXTENDED SYSTEM TO RESTART FILE AT STEP 2000000
WRITING COORDINATES TO DCD FILE 04_prod_1ns/prod_04.dcd AT STEP 2000000
WRITING COORDINATES TO RESTART FILE AT STEP 2000000
FINISHED WRITING RESTART COORDINATES
WRITING VELOCITIES TO RESTART FILE AT STEP 2000000
FINISHED WRITING RESTART VELOCITIES
LDB: ============= START OF LOAD BALANCING ============== 475.309
LDB: ============== END OF LOAD BALANCING =============== 475.309
Info: useSync: 0 useProxySync: 0
LDB: =============== DONE WITH MIGRATION ================ 475.31
LDB: ============= START OF LOAD BALANCING ============== 475.405
LDB: TIME 475.406 LOAD: AVG 0.0265431 MAX 0.0475308  PROXIES: TOTAL 128 MAXPE 16 MAXPATCH 4 None MEM: 0 MB
LDB: TIME 475.406 LOAD: AVG 0.0265431 MAX 0.0475308  PROXIES: TOTAL 128 MAXPE 16 MAXPATCH 4 RefineTorusLB MEM: 0 MB
LDB: TIME 475.406 LOAD: AVG 0.0265431 MAX 0.0475308  PROXIES: TOTAL 128 MAXPE 16 MAXPATCH 4 RefineTorusLB MEM: 0 MB
LDB: Reverting to original mapping
LDB: ============== END OF LOAD BALANCING =============== 475.407
Info: useSync: 0 useProxySync: 0
LDB: =============== DONE WITH MIGRATION ================ 475.407
ENERGY: 2000500        73.8408       190.8763       148.2302         0.0000         -60439.9895      7298.9913         0.0000         0.0000      9695.8300         -43032.2208       303.9599    -52728.0508    -43015.5795       307.8009           -247.2230      -145.5853    162188.9282        -7.6739        -7.8122

ENERGY: 2001000        77.4374       190.6787       158.8345         0.0000         -60362.1818      7207.9293         0.0000         0.0000      9867.2408         -42860.0611       309.3335    -52727.3019    -42836.2434       307.3192           -348.1381      -262.9544    161732.7081         1.9786         1.4713

WRITING COORDINATES TO DCD FILE 04_prod_1ns/prod_04.dcd AT STEP 2001000
ENERGY: 2001500        75.0178       202.9435       148.8008         0.0000         -60287.9293      7296.5706         0.0000         0.0000      9946.7213         -42617.8752       311.8252    -52564.5965    -42599.0671       308.9912           -132.3368       -17.4245    162603.6299         1.4766         1.0836

ENERGY: 2002000        72.1078       196.2478       159.9950         0.0000         -60230.9435      7221.4046         0.0000         0.0000      9867.4990         -42713.6893       309.3416    -52581.1883    -42687.1680       310.9964           -113.9890       -39.7591    161264.5746         2.9673         1.5099

WRITING COORDINATES TO DCD FILE 04_prod_1ns/prod_04.dcd AT STEP 2002000
LDB: ============= START OF LOAD BALANCING ============== 479.16
LDB: ============== END OF LOAD BALANCING =============== 479.161
Info: useSync: 0 useProxySync: 0
LDB: =============== DONE WITH MIGRATION ================ 479.161
LDB: ============= START OF LOAD BALANCING ============== 479.255
LDB: TIME 479.256 LOAD: AVG 0.0264385 MAX 0.0448135  PROXIES: TOTAL 128 MAXPE 16 MAXPATCH 4 None MEM: 0 MB
LDB: TIME 479.256 LOAD: AVG 0.0264385 MAX 0.0448135  PROXIES: TOTAL 128 MAXPE 16 MAXPATCH 4 RefineTorusLB MEM: 0 MB
LDB: TIME 479.256 LOAD: AVG 0.0264385 MAX 0.0448135  PROXIES: TOTAL 128 MAXPE 16 MAXPATCH 4 RefineTorusLB MEM: 0 MB
LDB: Reverting to original mapping
LDB: ============== END OF LOAD BALANCING =============== 479.257
Info: useSync: 0 useProxySync: 0
LDB: =============== DONE WITH MIGRATION ================ 479.258
ENERGY: 2002500        69.2607       198.0623       156.2300         0.0000         -60406.6598      7458.7800         0.0000         0.0000      9910.7025         -42613.6242       310.6960    -52524.3268    -42594.2955       309.9918            252.3951       337.1353    161563.2542        -2.1000        -2.3459

ENERGY: 2003000        74.5219       195.1116       150.9767         0.0000         -59999.9819      7141.6424         0.0000         0.0000      9868.7849         -42568.9444       309.3819    -52437.7293    -42542.2131       311.1517           -250.6832      -157.8825    162750.4579         1.0326         1.5537

WRITING COORDINATES TO DCD FILE 04_prod_1ns/prod_04.dcd AT STEP 2003000
ENERGY: 2003500        73.0870       189.9134       158.4329         0.0000         -60500.5151      7393.7351         0.0000         0.0000      9969.7574         -42715.5893       312.5474    -52685.3467    -42690.3345       309.2205            129.0927       197.0628    161511.2691         5.3044         6.2732

ENERGY: 2004000        79.8325       206.5380       147.6034         0.0000         -60663.6243      7505.8659         0.0000         0.0000      9857.4584         -42866.3261       309.0268    -52723.7845    -42843.6707       309.2768             47.5583       146.4393    161756.1467       -12.2419       -11.7238

WRITING COORDINATES TO DCD FILE 04_prod_1ns/prod_04.dcd AT STEP 2004000
LDB: ============= START OF LOAD BALANCING ============== 483.009
LDB: ============== END OF LOAD BALANCING =============== 483.009
Info: useSync: 0 useProxySync: 0
LDB: =============== DONE WITH MIGRATION ================ 483.01
LDB: ============= START OF LOAD BALANCING ============== 483.099
LDB: TIME 483.099 LOAD: AVG 0.0253437 MAX 0.0445336  PROXIES: TOTAL 128 MAXPE 16 MAXPATCH 4 None MEM: 0 MB
LDB: TIME 483.099 LOAD: AVG 0.0253437 MAX 0.0445336  PROXIES: TOTAL 128 MAXPE 16 MAXPATCH 4 RefineTorusLB MEM: 0 MB
LDB: TIME 483.099 LOAD: AVG 0.0253437 MAX 0.0445336  PROXIES: TOTAL 128 MAXPE 16 MAXPATCH 4 RefineTorusLB MEM: 0 MB
LDB: Reverting to original mapping
LDB: ============== END OF LOAD BALANCING =============== 483.1
Info: useSync: 0 useProxySync: 0
LDB: =============== DONE WITH MIGRATION ================ 483.1
ENERGY: 2004500        83.0070       195.6834       158.4186         0.0000         -60406.7575      7350.8686         0.0000         0.0000     10037.3068         -42581.4731       314.6650    -52618.7799    -42562.8401       310.5177           -159.5982       -81.4307    162088.4258         0.1109        -0.0004

TIMING: 2005000  CPU: 488.394, 0.00191915/step  Wall: 484.014, 0.00191917/step, 0.13061 hours remaining, 0.000000 MB of memory in use.
PERFORMANCE: 2005000  averaging 91.0477 ns/day, 0.00189791 sec/step with standard deviation 1.61651e-05
ETITLE:      TS           BOND          ANGLE          DIHED          IMPRP               ELECT            VDW       BOUNDARY           MISC        KINETIC               TOTAL           TEMP      POTENTIAL         TOTAL3        TEMPAVG            PRESSURE      GPRESSURE         VOLUME       PRESSAVG      GPRESSAVG

ENERGY: 2005000        76.7585       214.3476       145.8739         0.0000         -60016.0412      7215.6927         0.0000         0.0000      9907.4157         -42455.9527       310.5930    -52363.3684    -42433.6320       309.7624           -116.7493       -33.6585    162856.5166        -6.7282        -6.3850

WRITING EXTENDED SYSTEM TO RESTART FILE AT STEP 2005000
WRITING COORDINATES TO DCD FILE 04_prod_1ns/prod_04.dcd AT STEP 2005000
WRITING COORDINATES TO RESTART FILE AT STEP 2005000
FINISHED WRITING RESTART COORDINATES
WRITING VELOCITIES TO RESTART FILE AT STEP 2005000
FINISHED WRITING RESTART VELOCITIES
ENERGY: 2005500        80.5343       199.7264       150.0498         0.0000         -59889.2066      7108.6109         0.0000         0.0000      9808.4982         -42541.7870       307.4920    -52350.2852    -42519.2731       312.2187           -429.1010      -354.7420    163744.3898        -3.3754        -3.7199

ENERGY: 2006000        63.1612       188.0672       145.7671         0.0000         -60299.9100      7291.8323         0.0000         0.0000     10015.9631         -42595.1189       313.9959    -52611.0820    -42574.7008       310.6352            -33.8769        47.7430    161324.9205        11.0873        12.6412

WRITING COORDINATES TO DCD FILE 04_prod_1ns/prod_04.dcd AT STEP 2006000
LDB: ============= START OF LOAD BALANCING ============== 486.665
LDB: ============== END OF LOAD BALANCING =============== 486.666
Info: useSync: 0 useProxySync: 0
LDB: =============== DONE WITH MIGRATION ================ 486.666
LDB: ============= START OF LOAD BALANCING ============== 486.756
LDB: TIME 486.756 LOAD: AVG 0.0250436 MAX 0.0452311  PROXIES: TOTAL 128 MAXPE 16 MAXPATCH 4 None MEM: 0 MB
LDB: TIME 486.756 LOAD: AVG 0.0250436 MAX 0.0452311  PROXIES: TOTAL 128 MAXPE 16 MAXPATCH 4 RefineTorusLB MEM: 0 MB
LDB: TIME 486.757 LOAD: AVG 0.0250436 MAX 0.0452311  PROXIES: TOTAL 128 MAXPE 16 MAXPATCH 4 RefineTorusLB MEM: 0 MB
LDB: Reverting to original mapping
LDB: ============== END OF LOAD BALANCING =============== 486.757
Info: useSync: 0 useProxySync: 0
LDB: =============== DONE WITH MIGRATION ================ 486.758
ENERGY: 2006500        59.2037       193.2046       155.8641         0.0000         -60447.0000      7423.2584         0.0000         0.0000      9992.0437         -42623.4255       313.2460    -52615.4692    -42605.9229       311.3628            234.2441       315.1228    162015.3759        -5.3436        -6.7014

ENERGY: 2007000        91.5327       193.8523       150.3511         0.0000         -60513.9143      7423.2837         0.0000         0.0000      9877.1621         -42777.7323       309.6445    -52654.8944    -42750.9916       309.6269            -46.2066        55.1058    161538.4580         8.0300         7.5899

WRITING COORDINATES TO DCD FILE 04_prod_1ns/prod_04.dcd AT STEP 2007000
ENERGY: 2007500        63.7078       208.8887       149.2207         0.0000         -60335.9373      7290.1992         0.0000         0.0000      9791.7943         -42832.1266       306.9683    -52623.9209    -42815.3007       309.5031             -5.2115        64.4779    161974.8398         1.2168         1.3927

ENERGY: 2008000        70.2507       178.8803       159.8247         0.0000         -60591.6136      7383.8499         0.0000         0.0000      9948.6946         -42850.1134       311.8870    -52798.8080    -42832.1607       308.4522            -33.9977        50.2115    161442.6185        -2.9551        -2.3684

WRITING COORDINATES TO DCD FILE 04_prod_1ns/prod_04.dcd AT STEP 2008000
LDB: ============= START OF LOAD BALANCING ============== 490.366
LDB: ============== END OF LOAD BALANCING =============== 490.366
Info: useSync: 0 useProxySync: 0
LDB: =============== DONE WITH MIGRATION ================ 490.367
LDB: ============= START OF LOAD BALANCING ============== 490.461
LDB: TIME 490.461 LOAD: AVG 0.0268863 MAX 0.0508306  PROXIES: TOTAL 128 MAXPE 16 MAXPATCH 4 None MEM: 0 MB
LDB: TIME 490.461 LOAD: AVG 0.0268863 MAX 0.0508306  PROXIES: TOTAL 128 MAXPE 16 MAXPATCH 4 RefineTorusLB MEM: 0 MB
LDB: TIME 490.461 LOAD: AVG 0.0268863 MAX 0.0508306  PROXIES: TOTAL 128 MAXPE 16 MAXPATCH 4 RefineTorusLB MEM: 0 MB
LDB: Reverting to original mapping
LDB: ============== END OF LOAD BALANCING =============== 490.462
Info: useSync: 0 useProxySync: 0
LDB: =============== DONE WITH MIGRATION ================ 490.463
ENERGY: 2008500        59.2070       198.1583       169.1042         0.0000         -60472.6906      7351.4206         0.0000         0.0000      9870.9235         -42823.8770       309.4490    -52694.8005    -42801.3016       307.8482            -21.1719        60.7475    162115.6568         2.4357         2.5782

ENERGY: 2009000        74.7598       193.3909       156.7765         0.0000         -60442.7597      7469.2202         0.0000         0.0000      9948.9122         -42599.7002       311.8939    -52548.6123    -42574.7520       309.7730            197.9312       258.7718    162830.1007         3.8376         2.1762

WRITING COORDINATES TO DCD FILE 04_prod_1ns/prod_04.dcd AT STEP 2009000
ENERGY: 2009500        81.3393       188.4568       162.7803         0.0000         -60429.4424      7322.1712         0.0000         0.0000      9952.3024         -42722.3925       312.0001    -52674.6948    -42697.6163       310.5134           -216.0557      -117.7058    162880.9861         0.0814         0.1528

TIMING: 2010000  CPU: 497.954, 0.00191206/step  Wall: 493.316, 0.00186048/step, 0.124032 hours remaining, 0.000000 MB of memory in use.
PERFORMANCE: 2010000  averaging 91.0822 ns/day, 0.00189719 sec/step with standard deviation 1.68263e-05
ETITLE:      TS           BOND          ANGLE          DIHED          IMPRP               ELECT            VDW       BOUNDARY           MISC        KINETIC               TOTAL           TEMP      POTENTIAL         TOTAL3        TEMPAVG            PRESSURE      GPRESSURE         VOLUME       PRESSAVG      GPRESSAVG

ENERGY: 2010000        74.1865       192.3272       158.5921         0.0000         -60135.1300      7125.2709         0.0000         0.0000      9747.5393         -42837.2140       305.5809    -52584.7533    -42816.3583       308.6967           -662.1797      -571.1395    163745.6507         1.3193         0.9807

WRITING EXTENDED SYSTEM TO RESTART FILE AT STEP 2010000
WRITING COORDINATES TO DCD FILE 04_prod_1ns/prod_04.dcd AT STEP 2010000
WRITING COORDINATES TO RESTART FILE AT STEP 2010000
FINISHED WRITING RESTART COORDINATES
WRITING VELOCITIES TO RESTART FILE AT STEP 2010000
FINISHED WRITING RESTART VELOCITIES
LDB: ============= START OF LOAD BALANCING ============== 494.212
LDB: ============== END OF LOAD BALANCING =============== 494.213
Info: useSync: 0 useProxySync: 0
LDB: =============== DONE WITH MIGRATION ================ 494.213
LDB: ============= START OF LOAD BALANCING ============== 494.308
LDB: TIME 494.309 LOAD: AVG 0.0260993 MAX 0.0516947  PROXIES: TOTAL 128 MAXPE 16 MAXPATCH 4 None MEM: 0 MB
LDB: TIME 494.309 LOAD: AVG 0.0260993 MAX 0.0516947  PROXIES: TOTAL 128 MAXPE 16 MAXPATCH 4 RefineTorusLB MEM: 0 MB
LDB: TIME 494.309 LOAD: AVG 0.0260993 MAX 0.0516947  PROXIES: TOTAL 128 MAXPE 16 MAXPATCH 4 RefineTorusLB MEM: 0 MB
LDB: ============== END OF LOAD BALANCING =============== 494.309
Info: useSync: 0 useProxySync: 0
LDB: =============== DONE WITH MIGRATION ================ 494.31
ENERGY: 2010500        62.9411       181.3051       159.8800         0.0000         -60373.2738      7376.0407         0.0000         0.0000      9990.4716         -42602.6353       313.1967    -52593.1069    -42579.9758       310.4146             -2.4486       104.7067    162532.9148         9.2305         9.3551

ENERGY: 2011000        76.3968       198.2388       154.2184         0.0000         -60211.3534      7384.5486         0.0000         0.0000      9819.5384         -42578.4124       307.8381    -52397.9508    -42556.3702       311.3665             72.7961       202.3105    161990.9773         5.9116         5.9185

WRITING COORDINATES TO DCD FILE 04_prod_1ns/prod_04.dcd AT STEP 2011000
ENERGY: 2011500        70.9775       188.4473       150.8868         0.0000         -60147.0843      7296.3612         0.0000         0.0000      9841.8969         -42598.5146       308.5390    -52440.4115    -42579.7985       310.7611           -188.1303       -78.3351    163479.2655        -4.0831        -4.0896

WRITING COORDINATES TO DCD FILE 04_prod_1ns/prod_04.dcd AT STEP 2012000
ENERGY: 2012000        52.8829       206.4298       148.3312         0.0000         -60300.6709      7307.2533         0.0000         0.0000     10017.2964         -42568.4773       314.0377    -52585.7737    -42548.8459       310.9823            -10.6321        91.8012    162443.0288        -4.7831        -4.3341

LDB: ============= START OF LOAD BALANCING ============== 497.963
LDB: ============== END OF LOAD BALANCING =============== 497.963
Info: useSync: 0 useProxySync: 0
LDB: =============== DONE WITH MIGRATION ================ 497.964
LDB: ============= START OF LOAD BALANCING ============== 498.056
LDB: TIME 498.057 LOAD: AVG 0.026071 MAX 0.0462807  PROXIES: TOTAL 128 MAXPE 16 MAXPATCH 4 None MEM: 0 MB
LDB: TIME 498.065 LOAD: AVG 0.026071 MAX 0.0462807  PROXIES: TOTAL 128 MAXPE 16 MAXPATCH 4 RefineTorusLB MEM: 0 MB
LDB: TIME 498.065 LOAD: AVG 0.026071 MAX 0.0462807  PROXIES: TOTAL 128 MAXPE 16 MAXPATCH 4 RefineTorusLB MEM: 0 MB
LDB: Reverting to original mapping
LDB: ============== END OF LOAD BALANCING =============== 498.066
Info: useSync: 0 useProxySync: 0
LDB: =============== DONE WITH MIGRATION ================ 498.066
ENERGY: 2012500        75.1319       190.4380       149.0676         0.0000         -60202.1422      7253.4964         0.0000         0.0000      9911.2850         -42622.7234       310.7143    -52534.0083    -42606.4977       310.3645           -273.7273      -162.2574    162967.6773       -15.5643       -15.2300

ENERGY: 2013000        80.3321       187.5568       152.6632         0.0000         -60204.5047      7326.9459         0.0000         0.0000      9926.3852         -42530.6215       311.1877    -52457.0067    -42509.8703       311.3791             -8.4034        75.3063    162382.5992         9.6496         9.2296

WRITING COORDINATES TO DCD FILE 04_prod_1ns/prod_04.dcd AT STEP 2013000
ENERGY: 2013500        68.7035       180.9702       138.1510         0.0000         -60319.0115      7416.8341         0.0000         0.0000      9940.5547         -42573.7979       311.6319    -52514.3526    -42553.5266       311.6931             66.0687       129.5982    162278.8673       -10.3674        -9.8257

ENERGY: 2014000        76.3261       189.1515       150.4929         0.0000         -60255.1438      7409.4733         0.0000         0.0000      9927.1462         -42502.5538       311.2115    -52429.7000    -42478.9018       311.3273            226.7318       301.7699    162512.3832         6.3748         4.8429

WRITING COORDINATES TO DCD FILE 04_prod_1ns/prod_04.dcd AT STEP 2014000
LDB: ============= START OF LOAD BALANCING ============== 501.732
LDB: ============== END OF LOAD BALANCING =============== 501.732
Info: useSync: 0 useProxySync: 0
LDB: =============== DONE WITH MIGRATION ================ 501.733
LDB: ============= START OF LOAD BALANCING ============== 501.827
LDB: TIME 501.828 LOAD: AVG 0.0265945 MAX 0.0475284  PROXIES: TOTAL 128 MAXPE 16 MAXPATCH 4 None MEM: 0 MB
LDB: TIME 501.828 LOAD: AVG 0.0265945 MAX 0.0475284  PROXIES: TOTAL 128 MAXPE 16 MAXPATCH 4 RefineTorusLB MEM: 0 MB
LDB: TIME 501.828 LOAD: AVG 0.0265945 MAX 0.0475284  PROXIES: TOTAL 128 MAXPE 16 MAXPATCH 4 RefineTorusLB MEM: 0 MB
LDB: Reverting to original mapping
LDB: ============== END OF LOAD BALANCING =============== 501.828
Info: useSync: 0 useProxySync: 0
LDB: =============== DONE WITH MIGRATION ================ 501.829
ENERGY: 2014500        71.3476       182.9685       142.5090         0.0000         -60315.2568      7334.7962         0.0000         0.0000     10035.3386         -42548.2970       314.6033    -52583.6356    -42525.9254       312.4146            -23.8008        80.6565    161804.1110         1.1970         0.5856

TIMING: 2015000  CPU: 507.508, 0.00191071/step  Wall: 502.818, 0.00190031/step, 0.124048 hours remaining, 0.000000 MB of memory in use.
PERFORMANCE: 2015000  averaging 91.0794 ns/day, 0.00189725 sec/step with standard deviation 1.66693e-05
ETITLE:      TS           BOND          ANGLE          DIHED          IMPRP               ELECT            VDW       BOUNDARY           MISC        KINETIC               TOTAL           TEMP      POTENTIAL         TOTAL3        TEMPAVG            PRESSURE      GPRESSURE         VOLUME       PRESSAVG      GPRESSAVG

ENERGY: 2015000        76.6378       197.2028       153.2404         0.0000         -60242.4592      7249.8496         0.0000         0.0000     10035.6127         -42529.9158       314.6119    -52565.5285    -42515.2650       311.3362           -324.4017      -219.8194    163812.9525        -7.6899        -6.9571

WRITING EXTENDED SYSTEM TO RESTART FILE AT STEP 2015000
WRITING COORDINATES TO DCD FILE 04_prod_1ns/prod_04.dcd AT STEP 2015000
WRITING COORDINATES TO RESTART FILE AT STEP 2015000
FINISHED WRITING RESTART COORDINATES
WRITING VELOCITIES TO RESTART FILE AT STEP 2015000
FINISHED WRITING RESTART VELOCITIES
ENERGY: 2015500        74.0524       180.5207       142.3021         0.0000         -60529.0145      7474.4557         0.0000         0.0000      9808.6683         -42849.0153       307.4973    -52657.6836    -42831.1758       309.8399            -19.3606        67.9159    162758.6158         7.4972         9.7054

ENERGY: 2016000        78.2900       183.0638       154.5635         0.0000         -60231.8184      7328.0888         0.0000         0.0000      9812.2297         -42675.5825       307.6089    -52487.8122    -42652.8417       309.4173           -125.3099       -44.6093    162945.5352         6.1214         6.1086

WRITING COORDINATES TO DCD FILE 04_prod_1ns/prod_04.dcd AT STEP 2016000
LDB: ============= START OF LOAD BALANCING ============== 505.608
LDB: ============== END OF LOAD BALANCING =============== 505.609
Info: useSync: 0 useProxySync: 0
LDB: =============== DONE WITH MIGRATION ================ 505.61
LDB: ============= START OF LOAD BALANCING ============== 505.702
LDB: TIME 505.702 LOAD: AVG 0.0278368 MAX 0.0488656  PROXIES: TOTAL 128 MAXPE 16 MAXPATCH 4 None MEM: 0 MB
LDB: TIME 505.702 LOAD: AVG 0.0278368 MAX 0.0488656  PROXIES: TOTAL 128 MAXPE 16 MAXPATCH 4 RefineTorusLB MEM: 0 MB
LDB: TIME 505.703 LOAD: AVG 0.0278368 MAX 0.0488656  PROXIES: TOTAL 128 MAXPE 16 MAXPATCH 4 RefineTorusLB MEM: 0 MB
LDB: ============== END OF LOAD BALANCING =============== 505.703
Info: useSync: 0 useProxySync: 0
LDB: =============== DONE WITH MIGRATION ================ 505.703
ENERGY: 2016500        89.0233       195.5905       149.1092         0.0000         -60195.6998      7273.6342         0.0000         0.0000      9934.0137         -42554.3288       311.4268    -52488.3425    -42531.7798       310.8739            -89.9665       -46.8292    162571.2007         3.7776         3.4694

ENERGY: 2017000        72.1322       212.2897       153.2630         0.0000         -60139.9609      7317.8300         0.0000         0.0000      9701.2468         -42683.1991       304.1297    -52384.4459    -42658.0812       311.2960             74.4771       153.1466    162399.3609         2.3268         1.9633

WRITING COORDINATES TO DCD FILE 04_prod_1ns/prod_04.dcd AT STEP 2017000
ENERGY: 2017500        78.7487       192.2644       141.7572         0.0000         -60374.7606      7336.3751         0.0000         0.0000      9820.2446         -42805.3706       307.8602    -52625.6152    -42784.3939       309.1544             40.5348       134.3070    161375.2795         1.5485         1.8351

ENERGY: 2018000        88.4523       188.5128       161.0122         0.0000         -60481.0620      7482.6748         0.0000         0.0000      9897.1001         -42663.3098       310.2696    -52560.4099    -42643.2111       309.1015            196.8222       299.8550    161909.3023        13.5244        12.1234

WRITING COORDINATES TO DCD FILE 04_prod_1ns/prod_04.dcd AT STEP 2018000
LDB: ============= START OF LOAD BALANCING ============== 509.446
LDB: ============== END OF LOAD BALANCING =============== 509.447
Info: useSync: 0 useProxySync: 0
LDB: =============== DONE WITH MIGRATION ================ 509.447
LDB: ============= START OF LOAD BALANCING ============== 509.543
LDB: TIME 509.543 LOAD: AVG 0.0269466 MAX 0.0497022  PROXIES: TOTAL 128 MAXPE 16 MAXPATCH 4 None MEM: 0 MB
LDB: TIME 509.544 LOAD: AVG 0.0269466 MAX 0.0497022  PROXIES: TOTAL 128 MAXPE 16 MAXPATCH 4 RefineTorusLB MEM: 0 MB
LDB: TIME 509.544 LOAD: AVG 0.0269466 MAX 0.0497022  PROXIES: TOTAL 128 MAXPE 16 MAXPATCH 4 RefineTorusLB MEM: 0 MB
LDB: Reverting to original mapping
LDB: ============== END OF LOAD BALANCING =============== 509.544
Info: useSync: 0 useProxySync: 0
LDB: =============== DONE WITH MIGRATION ================ 509.545
ENERGY: 2018500        82.8814       217.5136       143.1027         0.0000         -60127.0787      7242.3221         0.0000         0.0000      9911.2557         -42530.0032       310.7134    -52441.2589    -42512.0120       310.8341           -123.1953       -68.4356    162847.1865        -3.3582        -3.7669

WRITING COORDINATES TO DCD FILE 04_prod_1ns/prod_04.dcd AT STEP 2019000
ENERGY: 2019000        70.6201       203.9050       158.1269         0.0000         -60277.1408      7430.3244         0.0000         0.0000      9873.5915         -42540.5728       309.5326    -52414.1643    -42520.3320       310.7442            109.7023       197.4947    162729.4310        -3.3895        -3.0469

ENERGY: 2019500        82.5535       193.5398       152.6246         0.0000         -60097.8729      7248.2699         0.0000         0.0000      9876.1773         -42544.7079       309.6137    -52420.8851    -42523.8231       310.6952           -308.3834      -186.1494    163146.5391         5.8524         4.4689

TIMING: 2020000  CPU: 517.097, 0.00191778/step  Wall: 512.501, 0.00193657/step, 0.123725 hours remaining, 0.000000 MB of memory in use.
PERFORMANCE: 2020000  averaging 91.0445 ns/day, 0.00189797 sec/step with standard deviation 1.73568e-05
ETITLE:      TS           BOND          ANGLE          DIHED          IMPRP               ELECT            VDW       BOUNDARY           MISC        KINETIC               TOTAL           TEMP      POTENTIAL         TOTAL3        TEMPAVG            PRESSURE      GPRESSURE         VOLUME       PRESSAVG      GPRESSAVG

ENERGY: 2020000        66.6619       186.1543       138.8874         0.0000         -60207.1632      7365.2442         0.0000         0.0000      9912.2102         -42538.0053       310.7433    -52450.2154    -42514.8103       311.9379             64.5951       161.8022    161560.9404        -5.6616        -5.2700

WRITING EXTENDED SYSTEM TO RESTART FILE AT STEP 2020000
WRITING COORDINATES TO DCD FILE 04_prod_1ns/prod_04.dcd AT STEP 2020000
WRITING COORDINATES TO RESTART FILE AT STEP 2020000
FINISHED WRITING RESTART COORDINATES
WRITING VELOCITIES TO RESTART FILE AT STEP 2020000
FINISHED WRITING RESTART VELOCITIES
LDB: ============= START OF LOAD BALANCING ============== 513.421
LDB: ============== END OF LOAD BALANCING =============== 513.422
Info: useSync: 0 useProxySync: 0
LDB: =============== DONE WITH MIGRATION ================ 513.422
LDB: ============= START OF LOAD BALANCING ============== 513.517
LDB: TIME 513.517 LOAD: AVG 0.0272077 MAX 0.0503446  PROXIES: TOTAL 128 MAXPE 16 MAXPATCH 4 None MEM: 0 MB
LDB: TIME 513.518 LOAD: AVG 0.0272077 MAX 0.0503446  PROXIES: TOTAL 128 MAXPE 16 MAXPATCH 4 RefineTorusLB MEM: 0 MB
LDB: TIME 513.518 LOAD: AVG 0.0272077 MAX 0.0503446  PROXIES: TOTAL 128 MAXPE 16 MAXPATCH 4 RefineTorusLB MEM: 0 MB
LDB: Reverting to original mapping
LDB: ============== END OF LOAD BALANCING =============== 513.519
Info: useSync: 0 useProxySync: 0
LDB: =============== DONE WITH MIGRATION ================ 513.519
ENERGY: 2020500        84.0858       219.9121       142.2200         0.0000         -59971.3563      7157.2659         0.0000         0.0000      9971.9186         -42395.9540       312.6151    -52367.8726    -42374.3947       312.3462           -205.0466      -121.4252    163385.3740        -1.2556        -0.7213

ENERGY: 2021000        70.3320       191.5683       143.2979         0.0000         -60235.9268      7288.3981         0.0000         0.0000      9965.1524         -42577.1782       312.4030    -52542.3306    -42556.8645       312.2745           -165.7999       -75.9578    163154.0385       -13.3572       -12.3134

WRITING COORDINATES TO DCD FILE 04_prod_1ns/prod_04.dcd AT STEP 2021000
ENERGY: 2021500        61.7773       203.0199       150.1429         0.0000         -60036.5941      7137.3944         0.0000         0.0000      9983.6827         -42500.5769       312.9839    -52484.2596    -42476.7672       311.6322           -214.3633      -136.0107    162205.0828         0.0371        -0.6603

ENERGY: 2022000        85.8064       185.0722       147.9865         0.0000         -60254.4658      7347.0043         0.0000         0.0000      9918.2037         -42570.3927       310.9312    -52488.5964    -42548.6870       312.6177            135.0451       220.2017    161921.6092         1.0947         0.8171

WRITING COORDINATES TO DCD FILE 04_prod_1ns/prod_04.dcd AT STEP 2022000
LDB: ============= START OF LOAD BALANCING ============== 517.167
LDB: ============== END OF LOAD BALANCING =============== 517.168
Info: useSync: 0 useProxySync: 0
LDB: =============== DONE WITH MIGRATION ================ 517.168
LDB: ============= START OF LOAD BALANCING ============== 517.262
LDB: TIME 517.262 LOAD: AVG 0.0263529 MAX 0.0461636  PROXIES: TOTAL 128 MAXPE 16 MAXPATCH 4 None MEM: 0 MB
LDB: TIME 517.262 LOAD: AVG 0.0263529 MAX 0.0461636  PROXIES: TOTAL 128 MAXPE 16 MAXPATCH 4 RefineTorusLB MEM: 0 MB
LDB: TIME 517.263 LOAD: AVG 0.0263529 MAX 0.0461636  PROXIES: TOTAL 128 MAXPE 16 MAXPATCH 4 RefineTorusLB MEM: 0 MB
LDB: Reverting to original mapping
LDB: ============== END OF LOAD BALANCING =============== 517.263
Info: useSync: 0 useProxySync: 0
LDB: =============== DONE WITH MIGRATION ================ 517.264
ENERGY: 2022500        79.6440       199.4698       160.8450         0.0000         -60112.5561      7222.3503         0.0000         0.0000      9914.6144         -42535.6326       310.8186    -52450.2470    -42516.8776       311.3481           -265.5571      -169.6086    163272.6534         1.2020         1.4886

ENERGY: 2023000        74.8708       215.3675       153.6061         0.0000         -60116.5418      7214.5854         0.0000         0.0000     10021.8907         -42436.2213       314.1817    -52458.1120    -42412.8775       312.4019           -465.8990      -361.4709    163676.9517        -2.1698        -0.6852

WRITING COORDINATES TO DCD FILE 04_prod_1ns/prod_04.dcd AT STEP 2023000
ENERGY: 2023500        71.5467       198.8137       142.7177         0.0000         -60106.4903      7175.9117         0.0000         0.0000     10021.1401         -42496.3604       314.1582    -52517.5005    -42482.3524       312.3020           -221.8785      -129.5878    162090.8499       -16.0241       -17.0320

ENERGY: 2024000        75.0190       204.8258       147.0133         0.0000         -60255.0063      7362.4632         0.0000         0.0000      9923.1784         -42542.5067       311.0871    -52465.6851    -42524.7074       312.0597              5.9151        64.2030    163200.6282        10.5441        10.3511

WRITING COORDINATES TO DCD FILE 04_prod_1ns/prod_04.dcd AT STEP 2024000
LDB: ============= START OF LOAD BALANCING ============== 520.889
LDB: ============== END OF LOAD BALANCING =============== 520.889
Info: useSync: 0 useProxySync: 0
LDB: =============== DONE WITH MIGRATION ================ 520.89
LDB: ============= START OF LOAD BALANCING ============== 520.983
LDB: TIME 520.983 LOAD: AVG 0.0257128 MAX 0.0474975  PROXIES: TOTAL 128 MAXPE 16 MAXPATCH 4 None MEM: 0 MB
LDB: TIME 520.983 LOAD: AVG 0.0257128 MAX 0.0474975  PROXIES: TOTAL 128 MAXPE 16 MAXPATCH 4 RefineTorusLB MEM: 0 MB
LDB: TIME 520.983 LOAD: AVG 0.0257128 MAX 0.0474975  PROXIES: TOTAL 128 MAXPE 16 MAXPATCH 4 RefineTorusLB MEM: 0 MB
LDB: Reverting to original mapping
LDB: ============== END OF LOAD BALANCING =============== 520.984
Info: useSync: 0 useProxySync: 0
LDB: =============== DONE WITH MIGRATION ================ 520.984
ENERGY: 2024500        65.0734       181.5025       148.2687         0.0000         -60311.1474      7439.5852         0.0000         0.0000      9927.2351         -42549.4824       311.2143    -52476.7175    -42521.9034       310.8681            157.5712       244.7102    162960.4807         5.0102         4.0352

TIMING: 2025000  CPU: 526.637, 0.00190798/step  Wall: 521.962, 0.00189237/step, 0.118273 hours remaining, 0.000000 MB of memory in use.
PERFORMANCE: 2025000  averaging 91.0493 ns/day, 0.00189787 sec/step with standard deviation 1.7212e-05
ETITLE:      TS           BOND          ANGLE          DIHED          IMPRP               ELECT            VDW       BOUNDARY           MISC        KINETIC               TOTAL           TEMP      POTENTIAL         TOTAL3        TEMPAVG            PRESSURE      GPRESSURE         VOLUME       PRESSAVG      GPRESSAVG

ENERGY: 2025000        77.9426       194.2025       145.8385         0.0000         -60470.7342      7437.7147         0.0000         0.0000      9868.9022         -42746.1338       309.3856    -52615.0359    -42724.7651       310.2401            -22.3745        79.5396    162347.2558        -0.7447         0.0487

WRITING EXTENDED SYSTEM TO RESTART FILE AT STEP 2025000
WRITING COORDINATES TO DCD FILE 04_prod_1ns/prod_04.dcd AT STEP 2025000
WRITING COORDINATES TO RESTART FILE AT STEP 2025000
FINISHED WRITING RESTART COORDINATES
WRITING VELOCITIES TO RESTART FILE AT STEP 2025000
FINISHED WRITING RESTART VELOCITIES
ENERGY: 2025500        70.0648       219.3885       149.2251         0.0000         -59784.8583      7026.4634         0.0000         0.0000      9873.6792         -42446.0373       309.5353    -52319.7165    -42422.7168       311.4259           -416.3126      -347.6143    163849.6821         7.2031         6.9094

ENERGY: 2026000        73.4713       202.6031       150.2450         0.0000         -60105.1705      7154.0634         0.0000         0.0000      9905.1488         -42619.6389       310.5219    -52524.7877    -42600.9408       312.1259           -407.6418      -276.1459    162831.3908        -5.4684        -5.0692

WRITING COORDINATES TO DCD FILE 04_prod_1ns/prod_04.dcd AT STEP 2026000
LDB: ============= START OF LOAD BALANCING ============== 524.682
LDB: ============== END OF LOAD BALANCING =============== 524.682
Info: useSync: 0 useProxySync: 0
LDB: =============== DONE WITH MIGRATION ================ 524.682
LDB: ============= START OF LOAD BALANCING ============== 524.771
LDB: TIME 524.771 LOAD: AVG 0.0253935 MAX 0.0426515  PROXIES: TOTAL 128 MAXPE 16 MAXPATCH 4 None MEM: 0 MB
LDB: TIME 524.771 LOAD: AVG 0.0253935 MAX 0.0426515  PROXIES: TOTAL 128 MAXPE 16 MAXPATCH 4 RefineTorusLB MEM: 0 MB
LDB: TIME 524.772 LOAD: AVG 0.0253935 MAX 0.0426515  PROXIES: TOTAL 128 MAXPE 16 MAXPATCH 4 RefineTorusLB MEM: 0 MB
LDB: Reverting to original mapping
LDB: ============== END OF LOAD BALANCING =============== 524.772
Info: useSync: 0 useProxySync: 0
LDB: =============== DONE WITH MIGRATION ================ 524.773
ENERGY: 2026500        69.0634       191.3435       139.9243         0.0000         -60551.4446      7482.0418         0.0000         0.0000      9885.3517         -42783.7201       309.9013    -52669.0717    -42762.1330       309.2791            186.7452       298.8814    161744.8422         9.3384         9.3575

ENERGY: 2027000        65.2876       183.0892       147.6866         0.0000         -60641.2905      7686.9504         0.0000         0.0000      9799.0508         -42759.2260       307.1958    -52558.2768    -42733.7705       308.4268            525.9753       619.2912    162326.0129         4.1532         4.1653

WRITING COORDINATES TO DCD FILE 04_prod_1ns/prod_04.dcd AT STEP 2027000
ENERGY: 2027500        75.0965       189.1859       142.8176         0.0000         -60237.5820      7214.1326         0.0000         0.0000      9942.8189         -42673.5306       311.7028    -52616.3495    -42657.5736       310.3118           -282.7312      -177.1652    163495.4566        15.4792        15.7641

ENERGY: 2028000        76.3637       192.4449       159.6661         0.0000         -60361.6406      7362.8619         0.0000         0.0000     10038.8855         -42531.4185       314.7145    -52570.3040    -42506.1798       310.7033             -2.7515        99.3719    162544.9216         9.1415         9.7975

WRITING COORDINATES TO DCD FILE 04_prod_1ns/prod_04.dcd AT STEP 2028000
LDB: ============= START OF LOAD BALANCING ============== 528.304
LDB: ============== END OF LOAD BALANCING =============== 528.304
Info: useSync: 0 useProxySync: 0
LDB: =============== DONE WITH MIGRATION ================ 528.304
LDB: ============= START OF LOAD BALANCING ============== 528.397
LDB: TIME 528.397 LOAD: AVG 0.0267568 MAX 0.0468119  PROXIES: TOTAL 128 MAXPE 16 MAXPATCH 4 None MEM: 0 MB
LDB: TIME 528.397 LOAD: AVG 0.0267568 MAX 0.0468119  PROXIES: TOTAL 128 MAXPE 16 MAXPATCH 4 RefineTorusLB MEM: 0 MB
LDB: TIME 528.398 LOAD: AVG 0.0267568 MAX 0.0468119  PROXIES: TOTAL 128 MAXPE 16 MAXPATCH 4 RefineTorusLB MEM: 0 MB
LDB: ============== END OF LOAD BALANCING =============== 528.398
Info: useSync: 0 useProxySync: 0
LDB: =============== DONE WITH MIGRATION ================ 528.399
ENERGY: 2028500        78.3044       193.0209       144.1773         0.0000         -59985.0973      7126.7702         0.0000         0.0000      9881.0203         -42561.8043       309.7655    -52442.8246    -42539.8074       311.3821           -398.2726      -321.3571    163547.8259         7.5965         6.3587

ENERGY: 2029000        74.0456       195.5173       159.4448         0.0000         -60144.3667      7344.4681         0.0000         0.0000      9964.3384         -42406.5526       312.3775    -52370.8910    -42384.9527       311.4493             82.1550       159.3911    162617.3744         0.0341        -0.0806

WRITING COORDINATES TO DCD FILE 04_prod_1ns/prod_04.dcd AT STEP 2029000
ENERGY: 2029500        67.7619       175.8343       159.0948         0.0000         -60142.8767      7250.5952         0.0000         0.0000      9952.7479         -42536.8427       312.0141    -52489.5905    -42511.0014       312.1348           -176.2941       -87.0902    162855.0344         3.5804         2.7588

TIMING: 2030000  CPU: 536.186, 0.00190985/step  Wall: 531.24, 0.00185549/step, 0.113391 hours remaining, 0.000000 MB of memory in use.
PERFORMANCE: 2030000  averaging 91.0857 ns/day, 0.00189712 sec/step with standard deviation 1.79705e-05
ETITLE:      TS           BOND          ANGLE          DIHED          IMPRP               ELECT            VDW       BOUNDARY           MISC        KINETIC               TOTAL           TEMP      POTENTIAL         TOTAL3        TEMPAVG            PRESSURE      GPRESSURE         VOLUME       PRESSAVG      GPRESSAVG

ENERGY: 2030000        81.9910       196.9563       153.3684         0.0000         -60299.2439      7389.0290         0.0000         0.0000     10044.2434         -42433.6557       314.8825    -52477.8991    -42410.9565       311.6840             56.2357       129.8742    162786.0173         9.1173         8.5822

WRITING EXTENDED SYSTEM TO RESTART FILE AT STEP 2030000
WRITING COORDINATES TO DCD FILE 04_prod_1ns/prod_04.dcd AT STEP 2030000
WRITING COORDINATES TO RESTART FILE AT STEP 2030000
FINISHED WRITING RESTART COORDINATES
WRITING VELOCITIES TO RESTART FILE AT STEP 2030000
FINISHED WRITING RESTART VELOCITIES
LDB: ============= START OF LOAD BALANCING ============== 532.122
LDB: ============== END OF LOAD BALANCING =============== 532.122
Info: useSync: 0 useProxySync: 0
LDB: =============== DONE WITH MIGRATION ================ 532.122
LDB: ============= START OF LOAD BALANCING ============== 532.216
LDB: TIME 532.217 LOAD: AVG 0.0262831 MAX 0.0461372  PROXIES: TOTAL 128 MAXPE 16 MAXPATCH 4 None MEM: 0 MB
LDB: TIME 532.217 LOAD: AVG 0.0262831 MAX 0.0461372  PROXIES: TOTAL 128 MAXPE 16 MAXPATCH 4 RefineTorusLB MEM: 0 MB
LDB: TIME 532.217 LOAD: AVG 0.0262831 MAX 0.0461372  PROXIES: TOTAL 128 MAXPE 16 MAXPATCH 4 RefineTorusLB MEM: 0 MB
LDB: Reverting to original mapping
LDB: ============== END OF LOAD BALANCING =============== 532.217
Info: useSync: 0 useProxySync: 0
LDB: =============== DONE WITH MIGRATION ================ 532.218
ENERGY: 2030500        82.1301       211.1252       150.7031         0.0000         -60186.5974      7295.5490         0.0000         0.0000      9933.1777         -42513.9123       311.4006    -52447.0899    -42491.6278       311.6666           -299.0402      -171.2569    164303.5826        -4.0710        -2.8682

WRITING COORDINATES TO DCD FILE 04_prod_1ns/prod_04.dcd AT STEP 2031000
ENERGY: 2031000        79.0310       207.4988       157.3898         0.0000         -60074.8655      7179.3279         0.0000         0.0000     10006.3669         -42445.2511       313.6950    -52451.6180    -42425.4914       311.3621           -333.8746      -242.8427    163150.5523         9.7674        10.3313

ENERGY: 2031500        65.5000       203.3307       159.1084         0.0000         -60381.2141      7371.4982         0.0000         0.0000      9913.8619         -42667.9150       310.7951    -52581.7769    -42639.4829       311.3536            106.6858       178.3977    161754.4633        -1.0276        -1.5373

ENERGY: 2032000        78.6084       200.1766       147.9282         0.0000         -60461.2337      7451.5068         0.0000         0.0000      9961.3715         -42621.6423       312.2845    -52583.0137    -42601.8147       310.2347             60.4801       170.4492    162078.7471        -1.5791        -0.9774

WRITING COORDINATES TO DCD FILE 04_prod_1ns/prod_04.dcd AT STEP 2032000
LDB: ============= START OF LOAD BALANCING ============== 535.856
LDB: ============== END OF LOAD BALANCING =============== 535.857
Info: useSync: 0 useProxySync: 0
LDB: =============== DONE WITH MIGRATION ================ 535.857
LDB: ============= START OF LOAD BALANCING ============== 535.949
LDB: TIME 535.95 LOAD: AVG 0.0260015 MAX 0.0465639  PROXIES: TOTAL 128 MAXPE 16 MAXPATCH 4 None MEM: 0 MB
LDB: TIME 535.95 LOAD: AVG 0.0260015 MAX 0.0465639  PROXIES: TOTAL 128 MAXPE 16 MAXPATCH 4 RefineTorusLB MEM: 0 MB
LDB: TIME 535.95 LOAD: AVG 0.0260015 MAX 0.0465639  PROXIES: TOTAL 128 MAXPE 16 MAXPATCH 4 RefineTorusLB MEM: 0 MB
LDB: Reverting to original mapping
LDB: ============== END OF LOAD BALANCING =============== 535.951
Info: useSync: 0 useProxySync: 0
LDB: =============== DONE WITH MIGRATION ================ 535.951
ENERGY: 2032500        78.8718       217.6344       156.5832         0.0000         -60231.5762      7326.6484         0.0000         0.0000      9744.1447         -42707.6937       305.4745    -52451.8385    -42681.9345       309.6757           -210.4079       -98.6340    163301.2414       -13.7010       -12.6716

ENERGY: 2033000        79.5740       212.1981       152.4742         0.0000         -60036.6254      7206.1288         0.0000         0.0000      9883.7192         -42502.5312       309.8501    -52386.2504    -42484.7870       308.9565           -179.2192       -75.3162    162506.8607        -3.2527        -3.0845

WRITING COORDINATES TO DCD FILE 04_prod_1ns/prod_04.dcd AT STEP 2033000
ENERGY: 2033500        75.7702       207.1638       156.6310         0.0000         -60144.1880      7133.0635         0.0000         0.0000      9944.3877         -42627.1719       311.7520    -52571.5596    -42608.1562       312.3317           -218.8097      -113.3622    161632.0022         4.3473         3.7831

ENERGY: 2034000        79.2963       193.9451       157.1626         0.0000         -60353.7811      7290.5573         0.0000         0.0000      9796.6238         -42836.1961       307.1197    -52632.8198    -42812.3249       310.2163           -149.5862       -52.6693    161621.6840         3.5181         3.3839

WRITING COORDINATES TO DCD FILE 04_prod_1ns/prod_04.dcd AT STEP 2034000
LDB: ============= START OF LOAD BALANCING ============== 539.626
LDB: ============== END OF LOAD BALANCING =============== 539.627
Info: useSync: 0 useProxySync: 0
LDB: =============== DONE WITH MIGRATION ================ 539.627
LDB: ============= START OF LOAD BALANCING ============== 539.721
LDB: TIME 539.721 LOAD: AVG 0.0280828 MAX 0.04995  PROXIES: TOTAL 128 MAXPE 16 MAXPATCH 4 None MEM: 0 MB
LDB: TIME 539.721 LOAD: AVG 0.0280828 MAX 0.04995  PROXIES: TOTAL 128 MAXPE 16 MAXPATCH 4 RefineTorusLB MEM: 0 MB
LDB: TIME 539.722 LOAD: AVG 0.0280828 MAX 0.04995  PROXIES: TOTAL 128 MAXPE 16 MAXPATCH 4 RefineTorusLB MEM: 0 MB
LDB: Reverting to original mapping
LDB: ============== END OF LOAD BALANCING =============== 539.722
Info: useSync: 0 useProxySync: 0
LDB: =============== DONE WITH MIGRATION ================ 539.723
ENERGY: 2034500        74.7298       192.9814       142.7350         0.0000         -60467.4195      7333.6706         0.0000         0.0000      9846.4767         -42876.8260       308.6826    -52723.3027    -42856.7995       308.3096           -110.8710       -37.6351    161803.5962         8.2926         8.0807

TIMING: 2035000  CPU: 545.722, 0.00190718/step  Wall: 540.752, 0.00190237/step, 0.113614 hours remaining, 0.000000 MB of memory in use.
PERFORMANCE: 2035000  averaging 91.0812 ns/day, 0.00189721 sec/step with standard deviation 1.7823e-05
ETITLE:      TS           BOND          ANGLE          DIHED          IMPRP               ELECT            VDW       BOUNDARY           MISC        KINETIC               TOTAL           TEMP      POTENTIAL         TOTAL3        TEMPAVG            PRESSURE      GPRESSURE         VOLUME       PRESSAVG      GPRESSAVG

ENERGY: 2035000        67.3904       181.3801       144.1734         0.0000         -60564.1934      7421.7746         0.0000         0.0000      9830.7875         -42918.6874       308.1907    -52749.4750    -42901.9182       306.7309            194.2356       281.3235    160508.0982        -0.4337         0.0008

WRITING EXTENDED SYSTEM TO RESTART FILE AT STEP 2035000
WRITING COORDINATES TO DCD FILE 04_prod_1ns/prod_04.dcd AT STEP 2035000
WRITING COORDINATES TO RESTART FILE AT STEP 2035000
FINISHED WRITING RESTART COORDINATES
WRITING VELOCITIES TO RESTART FILE AT STEP 2035000
FINISHED WRITING RESTART VELOCITIES
ENERGY: 2035500        67.6497       196.9120       151.3011         0.0000         -60380.9263      7329.6065         0.0000         0.0000      9929.9961         -42705.4609       311.3009    -52635.4570    -42686.8309       309.9060           -149.7484       -44.4367    162343.5386       -10.5023       -10.3352

ENERGY: 2036000        77.1851       205.6377       146.3033         0.0000         -60254.7132      7213.8370         0.0000         0.0000      9779.7263         -42832.0238       306.5900    -52611.7501    -42809.8153       309.9267           -180.0242       -99.6232    162492.3816         4.1278         4.4400

WRITING COORDINATES TO DCD FILE 04_prod_1ns/prod_04.dcd AT STEP 2036000
LDB: ============= START OF LOAD BALANCING ============== 543.577
LDB: ============== END OF LOAD BALANCING =============== 543.578
Info: useSync: 0 useProxySync: 0
LDB: =============== DONE WITH MIGRATION ================ 543.578
LDB: ============= START OF LOAD BALANCING ============== 543.676
LDB: TIME 543.677 LOAD: AVG 0.027368 MAX 0.0489826  PROXIES: TOTAL 128 MAXPE 16 MAXPATCH 4 None MEM: 0 MB
LDB: TIME 543.677 LOAD: AVG 0.027368 MAX 0.0489826  PROXIES: TOTAL 128 MAXPE 16 MAXPATCH 4 RefineTorusLB MEM: 0 MB
LDB: TIME 543.677 LOAD: AVG 0.027368 MAX 0.0489826  PROXIES: TOTAL 128 MAXPE 16 MAXPATCH 4 RefineTorusLB MEM: 0 MB
LDB: ============== END OF LOAD BALANCING =============== 543.678
Info: useSync: 0 useProxySync: 0
LDB: =============== DONE WITH MIGRATION ================ 543.678
ENERGY: 2036500        76.1990       187.7973       153.3135         0.0000         -60532.8227      7410.7918         0.0000         0.0000     10019.3523         -42685.3688       314.1021    -52704.7211    -42662.2219       309.9148              5.6383        49.8476    162819.7974         4.3319         3.9224

ENERGY: 2037000        82.8733       173.3717       153.8337         0.0000         -60113.6542      7107.4447         0.0000         0.0000      9958.6488         -42637.4821       312.1991    -52596.1309    -42615.2977       311.8763           -343.8506      -244.2905    161824.7269         1.7726         2.1500

WRITING COORDINATES TO DCD FILE 04_prod_1ns/prod_04.dcd AT STEP 2037000
ENERGY: 2037500        70.8448       184.5043       150.6575         0.0000         -60289.1744      7348.2289         0.0000         0.0000      9801.9724         -42732.9665       307.2874    -52534.9388    -42708.6677       309.2077            -66.1692        39.5580    162431.6500        -6.6365        -6.3607

ENERGY: 2038000        66.3025       198.8558       162.1183         0.0000         -60344.1239      7269.6122         0.0000         0.0000      9964.6774         -42682.5577       312.3881    -52647.2351    -42659.1828       310.2535            -87.7801       -19.3159    162487.7439        11.8709        10.5291

WRITING COORDINATES TO DCD FILE 04_prod_1ns/prod_04.dcd AT STEP 2038000
LDB: ============= START OF LOAD BALANCING ============== 547.369
LDB: ============== END OF LOAD BALANCING =============== 547.37
Info: useSync: 0 useProxySync: 0
LDB: =============== DONE WITH MIGRATION ================ 547.37
LDB: ============= START OF LOAD BALANCING ============== 547.463
LDB: TIME 547.463 LOAD: AVG 0.0259724 MAX 0.0454137  PROXIES: TOTAL 128 MAXPE 16 MAXPATCH 4 None MEM: 0 MB
LDB: TIME 547.463 LOAD: AVG 0.0259724 MAX 0.0454137  PROXIES: TOTAL 128 MAXPE 16 MAXPATCH 4 RefineTorusLB MEM: 0 MB
LDB: TIME 547.464 LOAD: AVG 0.0259724 MAX 0.0454137  PROXIES: TOTAL 128 MAXPE 16 MAXPATCH 4 RefineTorusLB MEM: 0 MB
LDB: ============== END OF LOAD BALANCING =============== 547.464
Info: useSync: 0 useProxySync: 0
LDB: =============== DONE WITH MIGRATION ================ 547.464
ENERGY: 2038500        69.9845       190.0441       155.5658         0.0000         -60186.8880      7316.9229         0.0000         0.0000      9861.6974         -42592.6733       309.1597    -52454.3708    -42569.4824       310.7510            -71.8151        12.4317    162400.8350         1.4771         1.4585

ENERGY: 2039000        69.0028       204.3683       140.2873         0.0000         -60098.9171      7403.5607         0.0000         0.0000      9876.4776         -42405.2204       309.6231    -52281.6980    -42377.3236       310.6373            104.0423       188.9098    162674.4481        -1.6337        -2.2555

WRITING COORDINATES TO DCD FILE 04_prod_1ns/prod_04.dcd AT STEP 2039000
ENERGY: 2039500        80.9419       191.9897       146.7772         0.0000         -59846.2517      7173.6864         0.0000         0.0000      9939.4304         -42313.4260       311.5966    -52252.8564    -42290.5811       313.4752           -366.5924      -245.7954    164749.5376         3.9698         3.2008

WRITING COORDINATES TO DCD FILE 04_prod_1ns/prod_04.dcd AT STEP 2040000
WRITING COORDINATES TO RESTART FILE AT STEP 2040000
FINISHED WRITING RESTART COORDINATES
WRITING VELOCITIES TO RESTART FILE AT STEP 2040000
FINISHED WRITING RESTART VELOCITIES
TIMING: 2040000  CPU: 555.251, 0.00190577/step  Wall: 550.358, 0.00192126/step, 0.112073 hours remaining, 0.000000 MB of memory in use.
PERFORMANCE: 2040000  averaging 91.0613 ns/day, 0.00189762 sec/step with standard deviation 1.79459e-05
ETITLE:      TS           BOND          ANGLE          DIHED          IMPRP               ELECT            VDW       BOUNDARY           MISC        KINETIC               TOTAL           TEMP      POTENTIAL         TOTAL3        TEMPAVG            PRESSURE      GPRESSURE         VOLUME       PRESSAVG      GPRESSAVG

ENERGY: 2040000        76.2144       194.9298       155.6744         0.0000         -60000.8290      7092.9032         0.0000         0.0000      9951.8626         -42529.2446       311.9864    -52481.1072    -42507.8625       312.1135           -493.7078      -414.8402    163060.0993         3.1982         2.6386

WRITING EXTENDED SYSTEM TO RESTART FILE AT STEP 2040000
LDB: ============= START OF LOAD BALANCING ============== 551.168
LDB: ============== END OF LOAD BALANCING =============== 551.169
Info: useSync: 0 useProxySync: 0
LDB: =============== DONE WITH MIGRATION ================ 551.169
LDB: ============= START OF LOAD BALANCING ============== 551.263
LDB: TIME 551.264 LOAD: AVG 0.0265914 MAX 0.0544524  PROXIES: TOTAL 128 MAXPE 16 MAXPATCH 4 None MEM: 0 MB
LDB: TIME 551.264 LOAD: AVG 0.0265914 MAX 0.0544524  PROXIES: TOTAL 128 MAXPE 16 MAXPATCH 4 RefineTorusLB MEM: 0 MB
LDB: TIME 551.264 LOAD: AVG 0.0265914 MAX 0.0544524  PROXIES: TOTAL 128 MAXPE 16 MAXPATCH 4 RefineTorusLB MEM: 0 MB
LDB: ============== END OF LOAD BALANCING =============== 551.264
Info: useSync: 0 useProxySync: 0
LDB: =============== DONE WITH MIGRATION ================ 551.265
ENERGY: 2040500        71.7850       206.1488       152.5259         0.0000         -60257.2425      7316.5349         0.0000         0.0000      9916.5623         -42593.6855       310.8797    -52510.2478    -42574.4707       311.9045             26.5627       144.7507    161999.7248        -6.4433        -6.4165

ENERGY: 2041000        77.2926       192.4710       155.2275         0.0000         -60266.8895      7209.2087         0.0000         0.0000      9964.4167         -42668.2730       312.3799    -52632.6897    -42649.8414       310.7575           -394.2401      -318.9806    163026.0108         0.1723         0.1985

WRITING COORDINATES TO DCD FILE 04_prod_1ns/prod_04.dcd AT STEP 2041000
ENERGY: 2041500        68.0638       193.4426       150.6417         0.0000         -60411.8106      7359.5323         0.0000         0.0000      9891.0042         -42749.1260       310.0785    -52640.1302    -42728.7307       310.0308           -106.3110       -20.5858    162433.8662         3.9338         3.8632

ENERGY: 2042000        78.3577       190.7018       141.1114         0.0000         -60313.7817      7340.0636         0.0000         0.0000      9918.0873         -42645.4599       310.9275    -52563.5472    -42624.0104       309.9293           -107.3847        -5.8222    162940.8000        17.0120        17.5146

WRITING COORDINATES TO DCD FILE 04_prod_1ns/prod_04.dcd AT STEP 2042000
LDB: ============= START OF LOAD BALANCING ============== 554.879
LDB: ============== END OF LOAD BALANCING =============== 554.88
Info: useSync: 0 useProxySync: 0
LDB: =============== DONE WITH MIGRATION ================ 554.88
LDB: ============= START OF LOAD BALANCING ============== 554.974
LDB: TIME 554.975 LOAD: AVG 0.0263927 MAX 0.0455595  PROXIES: TOTAL 128 MAXPE 16 MAXPATCH 4 None MEM: 0 MB
LDB: TIME 554.975 LOAD: AVG 0.0263927 MAX 0.0455595  PROXIES: TOTAL 128 MAXPE 16 MAXPATCH 4 RefineTorusLB MEM: 0 MB
LDB: TIME 554.975 LOAD: AVG 0.0263927 MAX 0.0455595  PROXIES: TOTAL 128 MAXPE 16 MAXPATCH 4 RefineTorusLB MEM: 0 MB
LDB: ============== END OF LOAD BALANCING =============== 554.976
Info: useSync: 0 useProxySync: 0
LDB: =============== DONE WITH MIGRATION ================ 554.976
ENERGY: 2042500        72.3444       196.3841       146.2812         0.0000         -60661.8775      7567.3360         0.0000         0.0000      9975.0029         -42704.5289       312.7118    -52679.5319    -42679.1856       308.9139            179.8468       273.7629    162631.7697         8.7837         9.0945

WRITING COORDINATES TO DCD FILE 04_prod_1ns/prod_04.dcd AT STEP 2043000
ENERGY: 2043000        61.7735       198.7051       134.9964         0.0000         -60539.2240      7402.0063         0.0000         0.0000      9742.5167         -42999.2260       305.4235    -52741.7427    -42977.7101       307.5365             41.8626       115.3161    162009.3959         5.5958         5.3513

ENERGY: 2043500        62.8014       190.7202       143.2340         0.0000         -60550.7134      7335.8291         0.0000         0.0000      9917.2905         -42900.8383       310.9025    -52818.1288    -42878.5419       307.6005           -189.8253      -120.7717    162057.9388        -9.3275        -8.4235

ENERGY: 2044000        75.5714       188.3325       152.4485         0.0000         -60868.1729      7547.3454         0.0000         0.0000      9806.8048         -43097.6702       307.4389    -52904.4750    -43075.2155       307.1896             72.6062       173.0223    161898.5623         3.1930         3.4714

WRITING COORDINATES TO DCD FILE 04_prod_1ns/prod_04.dcd AT STEP 2044000
LDB: ============= START OF LOAD BALANCING ============== 558.532
LDB: ============== END OF LOAD BALANCING =============== 558.532
Info: useSync: 0 useProxySync: 0
LDB: =============== DONE WITH MIGRATION ================ 558.533
LDB: ============= START OF LOAD BALANCING ============== 558.624
LDB: TIME 558.624 LOAD: AVG 0.0255068 MAX 0.0455196  PROXIES: TOTAL 128 MAXPE 16 MAXPATCH 4 None MEM: 0 MB
LDB: TIME 558.624 LOAD: AVG 0.0255068 MAX 0.0455196  PROXIES: TOTAL 128 MAXPE 16 MAXPATCH 4 RefineTorusLB MEM: 0 MB
LDB: TIME 558.625 LOAD: AVG 0.0255068 MAX 0.0455196  PROXIES: TOTAL 128 MAXPE 16 MAXPATCH 4 RefineTorusLB MEM: 0 MB
LDB: ============== END OF LOAD BALANCING =============== 558.625
Info: useSync: 0 useProxySync: 0
LDB: =============== DONE WITH MIGRATION ================ 558.625
ENERGY: 2044500        74.6106       188.0401       148.7283         0.0000         -60538.4301      7433.8728         0.0000         0.0000      9843.7653         -42849.4131       308.5976    -52693.1784    -42825.1148       306.4888             97.6739       155.1241    162058.5785         6.1308         6.4831

TIMING: 2045000  CPU: 564.801, 0.00190998/step  Wall: 559.56, 0.00184049/step, 0.104806 hours remaining, 0.000000 MB of memory in use.
PERFORMANCE: 2045000  averaging 91.1078 ns/day, 0.00189665 sec/step with standard deviation 1.92826e-05
ETITLE:      TS           BOND          ANGLE          DIHED          IMPRP               ELECT            VDW       BOUNDARY           MISC        KINETIC               TOTAL           TEMP      POTENTIAL         TOTAL3        TEMPAVG            PRESSURE      GPRESSURE         VOLUME       PRESSAVG      GPRESSAVG

ENERGY: 2045000        65.6563       192.8089       152.2404         0.0000         -60197.9292      7184.2535         0.0000         0.0000      9983.9652         -42619.0049       312.9928    -52602.9702    -42604.7842       309.4720            -45.6449        58.1177    161747.5695         4.0616         4.4833

WRITING EXTENDED SYSTEM TO RESTART FILE AT STEP 2045000
WRITING COORDINATES TO DCD FILE 04_prod_1ns/prod_04.dcd AT STEP 2045000
WRITING COORDINATES TO RESTART FILE AT STEP 2045000
FINISHED WRITING RESTART COORDINATES
WRITING VELOCITIES TO RESTART FILE AT STEP 2045000
FINISHED WRITING RESTART VELOCITIES
ENERGY: 2045500        86.7290       214.1919       158.4305         0.0000         -60082.2594      7192.7421         0.0000         0.0000      9830.9470         -42599.2188       308.1957    -52430.1659    -42580.6817       312.2636           -404.2710      -308.5826    162868.1638        -3.5179        -2.4612

ENERGY: 2046000        62.0130       194.8391       141.8065         0.0000         -60468.9878      7456.3209         0.0000         0.0000      9906.7226         -42707.2858       310.5712    -52614.0084    -42685.5349       310.5345            139.4941       222.9265    161459.9629        -5.3561        -5.9740

WRITING COORDINATES TO DCD FILE 04_prod_1ns/prod_04.dcd AT STEP 2046000
LDB: ============= START OF LOAD BALANCING ============== 562.304
LDB: ============== END OF LOAD BALANCING =============== 562.304
Info: useSync: 0 useProxySync: 0
LDB: =============== DONE WITH MIGRATION ================ 562.305
LDB: ============= START OF LOAD BALANCING ============== 562.4
LDB: TIME 562.401 LOAD: AVG 0.0257808 MAX 0.0511519  PROXIES: TOTAL 128 MAXPE 16 MAXPATCH 4 None MEM: 0 MB
LDB: TIME 562.401 LOAD: AVG 0.0257808 MAX 0.0511519  PROXIES: TOTAL 128 MAXPE 16 MAXPATCH 4 RefineTorusLB MEM: 0 MB
LDB: TIME 562.401 LOAD: AVG 0.0257808 MAX 0.0511519  PROXIES: TOTAL 128 MAXPE 16 MAXPATCH 4 RefineTorusLB MEM: 0 MB
LDB: ============== END OF LOAD BALANCING =============== 562.401
Info: useSync: 0 useProxySync: 0
LDB: =============== DONE WITH MIGRATION ================ 562.402
ENERGY: 2046500        74.0784       204.1481       141.3223         0.0000         -60291.0795      7187.6064         0.0000         0.0000     10097.2467         -42586.6777       316.5441    -52683.9244    -42568.6717       311.5414            -81.0302       -12.2495    160948.3035         5.7696         5.0827

ENERGY: 2047000        82.6811       207.2014       151.3584         0.0000         -59925.3053      7156.4128         0.0000         0.0000      9794.4231         -42533.2285       307.0507    -52327.6516    -42512.9470       310.5875            -78.9857         5.8366    161997.9617        11.3544        10.6868

WRITING COORDINATES TO DCD FILE 04_prod_1ns/prod_04.dcd AT STEP 2047000
ENERGY: 2047500       101.4810       188.2381       143.7684         0.0000         -60211.9573      7366.6447         0.0000         0.0000      9942.2558         -42469.5692       311.6852    -52411.8250    -42441.7431       312.5501             31.5748       116.7904    161654.5081        -7.5293        -9.1456

ENERGY: 2048000        76.5089       209.1148       146.1765         0.0000         -60400.3977      7371.2705         0.0000         0.0000      9800.2566         -42797.0703       307.2336    -52597.3270    -42781.0970       310.0362             28.7357       117.8042    161393.1560        -7.1245        -7.4735

WRITING COORDINATES TO DCD FILE 04_prod_1ns/prod_04.dcd AT STEP 2048000
LDB: ============= START OF LOAD BALANCING ============== 566.058
LDB: ============== END OF LOAD BALANCING =============== 566.059
Info: useSync: 0 useProxySync: 0
LDB: =============== DONE WITH MIGRATION ================ 566.059
LDB: ============= START OF LOAD BALANCING ============== 566.155
LDB: TIME 566.156 LOAD: AVG 0.027208 MAX 0.0530452  PROXIES: TOTAL 128 MAXPE 16 MAXPATCH 4 None MEM: 0 MB
LDB: TIME 566.156 LOAD: AVG 0.027208 MAX 0.0530452  PROXIES: TOTAL 128 MAXPE 16 MAXPATCH 4 RefineTorusLB MEM: 0 MB
LDB: TIME 566.156 LOAD: AVG 0.027208 MAX 0.0530452  PROXIES: TOTAL 128 MAXPE 16 MAXPATCH 4 RefineTorusLB MEM: 0 MB
LDB: ============== END OF LOAD BALANCING =============== 566.156
Info: useSync: 0 useProxySync: 0
LDB: =============== DONE WITH MIGRATION ================ 566.157
ENERGY: 2048500        84.6318       178.8742       159.5759         0.0000         -60518.9077      7399.5755         0.0000         0.0000      9815.9309         -42880.3193       307.7250    -52696.2502    -42860.2714       307.5616            -29.2032        71.8810    161005.5348         2.0921         1.2190

ENERGY: 2049000        75.9200       194.7015       154.2072         0.0000         -60643.6052      7543.5098         0.0000         0.0000      9926.1905         -42749.0763       311.1816    -52675.2668    -42728.4990       309.5312            211.4527       320.2995    161645.1529         6.7730         5.8682

WRITING COORDINATES TO DCD FILE 04_prod_1ns/prod_04.dcd AT STEP 2049000
ENERGY: 2049500        71.8710       191.7208       149.7540         0.0000         -60425.5669      7390.1982         0.0000         0.0000     10041.3033         -42580.7196       314.7903    -52622.0229    -42555.1598       309.6349            -91.4159       -18.1827    163441.0304        -3.7737        -5.4311

TIMING: 2050000  CPU: 574.368, 0.00191338/step  Wall: 569.024, 0.00189266/step, 0.105148 hours remaining, 0.000000 MB of memory in use.
PERFORMANCE: 2050000  averaging 91.111 ns/day, 0.00189659 sec/step with standard deviation 1.91254e-05
ETITLE:      TS           BOND          ANGLE          DIHED          IMPRP               ELECT            VDW       BOUNDARY           MISC        KINETIC               TOTAL           TEMP      POTENTIAL         TOTAL3        TEMPAVG            PRESSURE      GPRESSURE         VOLUME       PRESSAVG      GPRESSAVG

ENERGY: 2050000        82.4690       186.7469       143.6280         0.0000         -60232.9640      7314.8299         0.0000         0.0000      9767.8081         -42737.4821       306.2163    -52505.2902    -42714.5471       310.7073            -63.0673        33.1021    162679.2895         9.8486        10.0200

WRITING EXTENDED SYSTEM TO RESTART FILE AT STEP 2050000
WRITING COORDINATES TO DCD FILE 04_prod_1ns/prod_04.dcd AT STEP 2050000
WRITING COORDINATES TO RESTART FILE AT STEP 2050000
FINISHED WRITING RESTART COORDINATES
WRITING VELOCITIES TO RESTART FILE AT STEP 2050000
FINISHED WRITING RESTART VELOCITIES
LDB: ============= START OF LOAD BALANCING ============== 569.914
LDB: ============== END OF LOAD BALANCING =============== 569.915
Info: useSync: 0 useProxySync: 0
LDB: =============== DONE WITH MIGRATION ================ 569.918
LDB: ============= START OF LOAD BALANCING ============== 570.013
LDB: TIME 570.013 LOAD: AVG 0.0265176 MAX 0.051108  PROXIES: TOTAL 128 MAXPE 16 MAXPATCH 4 None MEM: 0 MB
LDB: TIME 570.013 LOAD: AVG 0.0265176 MAX 0.051108  PROXIES: TOTAL 128 MAXPE 16 MAXPATCH 4 RefineTorusLB MEM: 0 MB
LDB: TIME 570.014 LOAD: AVG 0.0265176 MAX 0.051108  PROXIES: TOTAL 128 MAXPE 16 MAXPATCH 4 RefineTorusLB MEM: 0 MB
LDB: ============== END OF LOAD BALANCING =============== 570.014
Info: useSync: 0 useProxySync: 0
LDB: =============== DONE WITH MIGRATION ================ 570.015
ENERGY: 2050500        56.4991       181.1176       147.7830         0.0000         -60019.5459      7206.6827         0.0000         0.0000      9827.7694         -42599.6940       308.0961    -52427.4634    -42578.5866       309.9065            -86.8352         6.0781    162861.5246         9.4118         9.1636

ENERGY: 2051000        82.6168       188.6728       147.1519         0.0000         -60239.6302      7366.5363         0.0000         0.0000      9830.8878         -42623.7645       308.1939    -52454.6524    -42602.5283       311.3539             27.8217       126.0709    163066.5130        -4.8232        -4.5182

WRITING COORDINATES TO DCD FILE 04_prod_1ns/prod_04.dcd AT STEP 2051000
ENERGY: 2051500        72.9013       189.9103       153.8475         0.0000         -60328.6849      7271.9467         0.0000         0.0000      9932.7425         -42707.3367       311.3870    -52640.0791    -42686.9167       310.5679           -196.8798      -121.2527    162361.6273         8.8189         9.3422

ENERGY: 2052000        67.6498       208.9239       140.3222         0.0000         -60454.4407      7344.2510         0.0000         0.0000      9903.0748         -42790.2189       310.4569    -52693.2937    -42770.9074       310.7290             13.9777        96.5057    161761.9798         1.9693         1.1400

WRITING COORDINATES TO DCD FILE 04_prod_1ns/prod_04.dcd AT STEP 2052000
LDB: ============= START OF LOAD BALANCING ============== 573.787
LDB: ============== END OF LOAD BALANCING =============== 573.787
Info: useSync: 0 useProxySync: 0
LDB: =============== DONE WITH MIGRATION ================ 573.788
LDB: ============= START OF LOAD BALANCING ============== 573.887
LDB: TIME 573.887 LOAD: AVG 0.0283043 MAX 0.0536195  PROXIES: TOTAL 128 MAXPE 16 MAXPATCH 4 None MEM: 0 MB
LDB: TIME 573.888 LOAD: AVG 0.0283043 MAX 0.0536195  PROXIES: TOTAL 128 MAXPE 16 MAXPATCH 4 RefineTorusLB MEM: 0 MB
LDB: TIME 573.888 LOAD: AVG 0.0283043 MAX 0.0536195  PROXIES: TOTAL 128 MAXPE 16 MAXPATCH 4 RefineTorusLB MEM: 0 MB
LDB: Reverting to original mapping
LDB: ============== END OF LOAD BALANCING =============== 573.888
Info: useSync: 0 useProxySync: 0
LDB: =============== DONE WITH MIGRATION ================ 573.889
ENERGY: 2052500        69.3599       191.2949       155.7426         0.0000         -60388.8980      7230.6371         0.0000         0.0000      9927.0738         -42814.7897       311.2092    -52741.8635    -42788.8174       308.8289           -148.7124       -69.4786    162334.5233         3.8856         4.5365

ENERGY: 2053000        86.4997       177.1990       141.5978         0.0000         -60519.4540      7346.5422         0.0000         0.0000      9839.8966         -42927.7187       308.4763    -52767.6153    -42905.9109       308.9401           -127.8418       -51.8380    162059.2112         0.0663        -0.6341

WRITING COORDINATES TO DCD FILE 04_prod_1ns/prod_04.dcd AT STEP 2053000
ENERGY: 2053500        79.0356       179.2044       153.2687         0.0000         -60481.9630      7404.8794         0.0000         0.0000      9962.9000         -42702.6749       312.3324    -52665.5749    -42682.4205       308.9638            193.9853       287.0685    161016.6865         3.8009         3.2735

WRITING COORDINATES TO DCD FILE 04_prod_1ns/prod_04.dcd AT STEP 2054000
ENERGY: 2054000        91.0056       202.2632       155.1945         0.0000         -60086.7468      7122.1870         0.0000         0.0000      9984.7039         -42531.3926       313.0159    -52516.0965    -42511.8603       310.2815           -487.1134      -418.1279    162904.8135         2.1875         2.6828

LDB: ============= START OF LOAD BALANCING ============== 577.652
LDB: ============== END OF LOAD BALANCING =============== 577.652
Info: useSync: 0 useProxySync: 0
LDB: =============== DONE WITH MIGRATION ================ 577.652
LDB: ============= START OF LOAD BALANCING ============== 577.748
LDB: TIME 577.748 LOAD: AVG 0.0264241 MAX 0.0526607  PROXIES: TOTAL 128 MAXPE 16 MAXPATCH 4 None MEM: 0 MB
LDB: TIME 577.749 LOAD: AVG 0.0264241 MAX 0.0526607  PROXIES: TOTAL 128 MAXPE 16 MAXPATCH 4 RefineTorusLB MEM: 0 MB
LDB: TIME 577.749 LOAD: AVG 0.0264241 MAX 0.0526607  PROXIES: TOTAL 128 MAXPE 16 MAXPATCH 4 RefineTorusLB MEM: 0 MB
LDB: Reverting to original mapping
LDB: ============== END OF LOAD BALANCING =============== 577.749
Info: useSync: 0 useProxySync: 0
LDB: =============== DONE WITH MIGRATION ================ 577.75
ENERGY: 2054500        78.6977       218.0111       155.0443         0.0000         -59736.0081      7109.1147         0.0000         0.0000      9879.6636         -42295.4768       309.7230    -52175.1403    -42269.5463       312.5772           -317.5745      -222.3742    164457.9494        -3.6924        -1.9474

TIMING: 2055000  CPU: 583.972, 0.00192082/step  Wall: 578.741, 0.00194347/step, 0.105272 hours remaining, 0.000000 MB of memory in use.
PERFORMANCE: 2055000  averaging 91.0741 ns/day, 0.00189736 sec/step with standard deviation 1.98928e-05
ETITLE:      TS           BOND          ANGLE          DIHED          IMPRP               ELECT            VDW       BOUNDARY           MISC        KINETIC               TOTAL           TEMP      POTENTIAL         TOTAL3        TEMPAVG            PRESSURE      GPRESSURE         VOLUME       PRESSAVG      GPRESSAVG

ENERGY: 2055000        76.3936       196.2101       143.1738         0.0000         -60131.7000      7231.4855         0.0000         0.0000     10060.8468         -42423.5901       315.4030    -52484.4369    -42401.2530       311.3245           -253.5296      -158.9270    163578.6691        -3.9140        -4.0858

WRITING EXTENDED SYSTEM TO RESTART FILE AT STEP 2055000
WRITING COORDINATES TO DCD FILE 04_prod_1ns/prod_04.dcd AT STEP 2055000
WRITING COORDINATES TO RESTART FILE AT STEP 2055000
FINISHED WRITING RESTART COORDINATES
WRITING VELOCITIES TO RESTART FILE AT STEP 2055000
FINISHED WRITING RESTART VELOCITIES
ENERGY: 2055500        69.8418       181.3889       150.6016         0.0000         -60472.1523      7418.8256         0.0000         0.0000     10082.2122         -42569.2822       316.0728    -52651.4944    -42545.6957       311.8505             16.3970        97.6813    162162.7102         4.1187         3.1194

ENERGY: 2056000        81.9493       199.8232       146.8708         0.0000         -60113.6904      7305.4688         0.0000         0.0000      9851.3009         -42528.2775       308.8338    -52379.5784    -42508.5748       310.8068            -20.4278        73.4100    162963.0379         0.0754        -1.1736

WRITING COORDINATES TO DCD FILE 04_prod_1ns/prod_04.dcd AT STEP 2056000
LDB: ============= START OF LOAD BALANCING ============== 581.485
LDB: ============== END OF LOAD BALANCING =============== 581.486
Info: useSync: 0 useProxySync: 0
LDB: =============== DONE WITH MIGRATION ================ 581.486
LDB: ============= START OF LOAD BALANCING ============== 581.58
LDB: TIME 581.58 LOAD: AVG 0.0260965 MAX 0.0503494  PROXIES: TOTAL 128 MAXPE 16 MAXPATCH 4 None MEM: 0 MB
LDB: TIME 581.58 LOAD: AVG 0.0260965 MAX 0.0503494  PROXIES: TOTAL 128 MAXPE 16 MAXPATCH 4 RefineTorusLB MEM: 0 MB
LDB: TIME 581.581 LOAD: AVG 0.0260965 MAX 0.0503494  PROXIES: TOTAL 128 MAXPE 16 MAXPATCH 4 RefineTorusLB MEM: 0 MB
LDB: Reverting to original mapping
LDB: ============== END OF LOAD BALANCING =============== 581.581
Info: useSync: 0 useProxySync: 0
LDB: =============== DONE WITH MIGRATION ================ 581.582
ENERGY: 2056500        72.1368       198.8377       149.2157         0.0000         -60122.9826      7245.5116         0.0000         0.0000      9915.7349         -42541.5460       310.8538    -52457.2809    -42526.4476       311.7511           -157.2120       -65.0494    162659.0988         6.0240         5.8855

ENERGY: 2057000        72.2447       211.9726       160.8364         0.0000         -60204.0212      7263.2798         0.0000         0.0000      9728.2339         -42767.4538       304.9757    -52495.6877    -42750.6749       310.1623           -232.6569      -139.3579    162588.6229         3.0594         2.7603

WRITING COORDINATES TO DCD FILE 04_prod_1ns/prod_04.dcd AT STEP 2057000
ENERGY: 2057500        65.2311       197.0997       150.0420         0.0000         -60215.4258      7318.8970         0.0000         0.0000      9956.1102         -42528.0458       312.1195    -52484.1560    -42506.3509       310.3288            -37.8417        27.6576    163106.3442         2.3679         2.7041

ENERGY: 2058000        80.8457       191.8613       142.6459         0.0000         -60327.2064      7324.8898         0.0000         0.0000      9925.2892         -42661.6746       311.1533    -52586.9638    -42643.0723       311.3091           -151.8971       -82.0612    163285.5487         2.9475         2.1815

WRITING COORDINATES TO DCD FILE 04_prod_1ns/prod_04.dcd AT STEP 2058000
LDB: ============= START OF LOAD BALANCING ============== 585.218
LDB: ============== END OF LOAD BALANCING =============== 585.218
Info: useSync: 0 useProxySync: 0
LDB: =============== DONE WITH MIGRATION ================ 585.219
LDB: ============= START OF LOAD BALANCING ============== 585.312
LDB: TIME 585.312 LOAD: AVG 0.0262723 MAX 0.0500237  PROXIES: TOTAL 128 MAXPE 16 MAXPATCH 4 None MEM: 0 MB
LDB: TIME 585.313 LOAD: AVG 0.0262723 MAX 0.0500237  PROXIES: TOTAL 128 MAXPE 16 MAXPATCH 4 RefineTorusLB MEM: 0 MB
LDB: TIME 585.313 LOAD: AVG 0.0262723 MAX 0.0500237  PROXIES: TOTAL 128 MAXPE 16 MAXPATCH 4 RefineTorusLB MEM: 0 MB
LDB: Reverting to original mapping
LDB: ============== END OF LOAD BALANCING =============== 585.313
Info: useSync: 0 useProxySync: 0
LDB: =============== DONE WITH MIGRATION ================ 585.314
ENERGY: 2058500        84.6210       198.7924       149.1550         0.0000         -60132.0491      7257.7886         0.0000         0.0000      9892.3007         -42549.3913       310.1191    -52441.6920    -42522.0358       311.0243            -26.4579        26.8165    162069.0415         0.1806         0.7395

ENERGY: 2059000        62.1502       218.9629       143.2824         0.0000         -60201.6616      7430.3505         0.0000         0.0000      9860.9403         -42485.9753       309.1360    -52346.9156    -42469.5807       311.3300            117.6963       238.6452    162287.3978         8.1765         9.3346

WRITING COORDINATES TO DCD FILE 04_prod_1ns/prod_04.dcd AT STEP 2059000
ENERGY: 2059500        71.3577       202.5091       150.2515         0.0000         -60183.7093      7235.1310         0.0000         0.0000     10000.6834         -42523.7766       313.5169    -52524.4600    -42494.4335       311.6276           -165.5729       -76.3834    162944.0103         3.0557         4.1214

TIMING: 2060000  CPU: 593.575, 0.00192061/step  Wall: 588.098, 0.0018714/step, 0.0987682 hours remaining, 0.000000 MB of memory in use.
PERFORMANCE: 2060000  averaging 91.0942 ns/day, 0.00189694 sec/step with standard deviation 2.00026e-05
ETITLE:      TS           BOND          ANGLE          DIHED          IMPRP               ELECT            VDW       BOUNDARY           MISC        KINETIC               TOTAL           TEMP      POTENTIAL         TOTAL3        TEMPAVG            PRESSURE      GPRESSURE         VOLUME       PRESSAVG      GPRESSAVG

ENERGY: 2060000        72.2321       203.7766       150.8831         0.0000         -60412.2349      7382.3334         0.0000         0.0000      9959.3486         -42643.6611       312.2210    -52603.0097    -42618.8375       311.5821             -1.4583        88.4804    162554.6896        -0.7296         0.9149

WRITING EXTENDED SYSTEM TO RESTART FILE AT STEP 2060000
WRITING COORDINATES TO DCD FILE 04_prod_1ns/prod_04.dcd AT STEP 2060000
WRITING COORDINATES TO RESTART FILE AT STEP 2060000
FINISHED WRITING RESTART COORDINATES
WRITING VELOCITIES TO RESTART FILE AT STEP 2060000
FINISHED WRITING RESTART VELOCITIES
LDB: ============= START OF LOAD BALANCING ============== 588.964
LDB: ============== END OF LOAD BALANCING =============== 588.965
Info: useSync: 0 useProxySync: 0
LDB: =============== DONE WITH MIGRATION ================ 588.965
LDB: ============= START OF LOAD BALANCING ============== 589.056
LDB: TIME 589.057 LOAD: AVG 0.0252724 MAX 0.049308  PROXIES: TOTAL 128 MAXPE 16 MAXPATCH 4 None MEM: 0 MB
LDB: TIME 589.057 LOAD: AVG 0.0252724 MAX 0.049308  PROXIES: TOTAL 128 MAXPE 16 MAXPATCH 4 RefineTorusLB MEM: 0 MB
LDB: TIME 589.057 LOAD: AVG 0.0252724 MAX 0.049308  PROXIES: TOTAL 128 MAXPE 16 MAXPATCH 4 RefineTorusLB MEM: 0 MB
LDB: ============== END OF LOAD BALANCING =============== 589.057
Info: useSync: 0 useProxySync: 0
LDB: =============== DONE WITH MIGRATION ================ 589.058
ENERGY: 2060500        67.6650       208.0067       158.6228         0.0000         -60526.4216      7446.8127         0.0000         0.0000      9862.5123         -42782.8021       309.1853    -52645.3144    -42761.3823       310.1405            -12.0760        61.1445    162842.7167         8.3326         8.6828

ENERGY: 2061000        76.6103       195.6104       157.3760         0.0000         -60117.4420      7142.2684         0.0000         0.0000      9782.1779         -42763.3991       306.6668    -52545.5769    -42749.3354       308.1254           -241.8770      -158.1249    162954.9678        -0.6806         0.2622

WRITING COORDINATES TO DCD FILE 04_prod_1ns/prod_04.dcd AT STEP 2061000
ENERGY: 2061500        70.5598       185.5003       150.9929         0.0000         -60611.3651      7454.8479         0.0000         0.0000      9939.1725         -42810.2916       311.5885    -52749.4641    -42789.2489       309.6692            115.5975       209.8439    161418.0753        -0.2379        -0.2716

ENERGY: 2062000        75.9706       203.0681       149.8085         0.0000         -60415.6273      7348.6138         0.0000         0.0000     10051.7387         -42586.4275       315.1174    -52638.1662    -42567.5158       308.8646            -15.8467        65.8217    162196.0648         5.5203         4.2584

WRITING COORDINATES TO DCD FILE 04_prod_1ns/prod_04.dcd AT STEP 2062000
LDB: ============= START OF LOAD BALANCING ============== 592.549
LDB: ============== END OF LOAD BALANCING =============== 592.549
Info: useSync: 0 useProxySync: 0
LDB: =============== DONE WITH MIGRATION ================ 592.55
LDB: ============= START OF LOAD BALANCING ============== 592.642
LDB: TIME 592.643 LOAD: AVG 0.0262138 MAX 0.0485651  PROXIES: TOTAL 128 MAXPE 16 MAXPATCH 4 None MEM: 0 MB
LDB: TIME 592.643 LOAD: AVG 0.0262138 MAX 0.0485651  PROXIES: TOTAL 128 MAXPE 16 MAXPATCH 4 RefineTorusLB MEM: 0 MB
LDB: TIME 592.643 LOAD: AVG 0.0262138 MAX 0.0485651  PROXIES: TOTAL 128 MAXPE 16 MAXPATCH 4 RefineTorusLB MEM: 0 MB
LDB: Reverting to original mapping
LDB: ============== END OF LOAD BALANCING =============== 592.644
Info: useSync: 0 useProxySync: 0
LDB: =============== DONE WITH MIGRATION ================ 592.644
ENERGY: 2062500        78.8466       195.0879       142.7227         0.0000         -59975.5081      7159.2829         0.0000         0.0000      9911.0632         -42488.5047       310.7073    -52399.5680    -42467.6059       311.3784           -150.1520       -66.4975    162098.9517        -1.1460        -2.1813

ENERGY: 2063000        78.7737       201.9335       160.3496         0.0000         -60146.8457      7310.0491         0.0000         0.0000      9821.3076         -42574.4322       307.8935    -52395.7398    -42554.4159       310.3226           -134.4903       -43.2451    162313.2376        -1.5919        -2.5639

WRITING COORDINATES TO DCD FILE 04_prod_1ns/prod_04.dcd AT STEP 2063000
ENERGY: 2063500        74.1032       204.8356       154.8481         0.0000         -60275.4422      7359.5243         0.0000         0.0000     10039.7848         -42442.3462       314.7427    -52482.1310    -42414.5681       312.6192             24.4785       113.3982    162507.6559         3.5551         3.4614

ENERGY: 2064000        83.8808       195.0572       144.3856         0.0000         -60127.2680      7245.2728         0.0000         0.0000      9843.8771         -42614.7944       308.6011    -52458.6715    -42592.3000       311.6910           -264.8325      -162.9976    163131.8502         2.5061         3.1986

WRITING COORDINATES TO DCD FILE 04_prod_1ns/prod_04.dcd AT STEP 2064000
LDB: ============= START OF LOAD BALANCING ============== 596.295
LDB: ============== END OF LOAD BALANCING =============== 596.295
Info: useSync: 0 useProxySync: 0
LDB: =============== DONE WITH MIGRATION ================ 596.296
LDB: ============= START OF LOAD BALANCING ============== 596.39
LDB: TIME 596.39 LOAD: AVG 0.025938 MAX 0.042832  PROXIES: TOTAL 128 MAXPE 16 MAXPATCH 4 None MEM: 0 MB
LDB: TIME 596.39 LOAD: AVG 0.025938 MAX 0.042832  PROXIES: TOTAL 128 MAXPE 16 MAXPATCH 4 RefineTorusLB MEM: 0 MB
LDB: TIME 596.391 LOAD: AVG 0.025938 MAX 0.042832  PROXIES: TOTAL 128 MAXPE 16 MAXPATCH 4 RefineTorusLB MEM: 0 MB
LDB: ============== END OF LOAD BALANCING =============== 596.391
Info: useSync: 0 useProxySync: 0
LDB: =============== DONE WITH MIGRATION ================ 596.391
ENERGY: 2064500        76.7610       199.4084       144.9873         0.0000         -60299.0958      7364.1916         0.0000         0.0000      9879.1429         -42634.6045       309.7066    -52513.7475    -42613.6709       312.0669             -9.3206        76.7901    162532.3140         1.8411         2.0204

TIMING: 2065000  CPU: 603.177, 0.00192038/step  Wall: 597.388, 0.00185797/step, 0.0954788 hours remaining, 0.000000 MB of memory in use.
PERFORMANCE: 2065000  averaging 91.1239 ns/day, 0.00189632 sec/step with standard deviation 2.04391e-05
ETITLE:      TS           BOND          ANGLE          DIHED          IMPRP               ELECT            VDW       BOUNDARY           MISC        KINETIC               TOTAL           TEMP      POTENTIAL         TOTAL3        TEMPAVG            PRESSURE      GPRESSURE         VOLUME       PRESSAVG      GPRESSAVG

ENERGY: 2065000        74.0681       189.3835       150.6970         0.0000         -60489.6110      7430.1488         0.0000         0.0000      9831.4402         -42813.8735       308.2112    -52645.3137    -42798.0235       309.5013            133.3815       232.5671    161379.5818         5.5887         4.1716

WRITING EXTENDED SYSTEM TO RESTART FILE AT STEP 2065000
WRITING COORDINATES TO DCD FILE 04_prod_1ns/prod_04.dcd AT STEP 2065000
WRITING COORDINATES TO RESTART FILE AT STEP 2065000
FINISHED WRITING RESTART COORDINATES
WRITING VELOCITIES TO RESTART FILE AT STEP 2065000
FINISHED WRITING RESTART VELOCITIES
ENERGY: 2065500        74.1770       185.0385       148.9398         0.0000         -60033.3613      7157.1866         0.0000         0.0000      9787.2596         -42680.7596       306.8261    -52468.0192    -42663.1779       309.0941           -262.2636      -170.4124    162255.2814         4.6775         4.2402

WRITING COORDINATES TO DCD FILE 04_prod_1ns/prod_04.dcd AT STEP 2066000
ENERGY: 2066000        59.7349       183.0443       136.3314         0.0000         -60420.8459      7429.5567         0.0000         0.0000      9961.3124         -42650.8661       312.2826    -52612.1785    -42626.3009       310.2934            243.3289       318.9409    161548.3867         7.6765         6.6020

LDB: ============= START OF LOAD BALANCING ============== 600.163
LDB: ============== END OF LOAD BALANCING =============== 600.164
Info: useSync: 0 useProxySync: 0
LDB: =============== DONE WITH MIGRATION ================ 600.164
LDB: ============= START OF LOAD BALANCING ============== 600.258
LDB: TIME 600.259 LOAD: AVG 0.0267413 MAX 0.0478794  PROXIES: TOTAL 128 MAXPE 16 MAXPATCH 4 None MEM: 0 MB
LDB: TIME 600.259 LOAD: AVG 0.0267413 MAX 0.0478794  PROXIES: TOTAL 128 MAXPE 16 MAXPATCH 4 RefineTorusLB MEM: 0 MB
LDB: TIME 600.259 LOAD: AVG 0.0267413 MAX 0.0478794  PROXIES: TOTAL 128 MAXPE 16 MAXPATCH 4 RefineTorusLB MEM: 0 MB
LDB: ============== END OF LOAD BALANCING =============== 600.26
Info: useSync: 0 useProxySync: 0
LDB: =============== DONE WITH MIGRATION ================ 600.26
ENERGY: 2066500        68.6657       170.7517       141.3784         0.0000         -60321.7171      7401.9428         0.0000         0.0000      9906.6172         -42632.3613       310.5679    -52538.9784    -42611.5903       310.5567            122.5423       215.3826    162628.4089         6.3401         5.3503

WRITING COORDINATES TO DCD FILE 04_prod_1ns/prod_04.dcd AT STEP 2067000
ENERGY: 2067000        71.1967       187.3418       145.6400         0.0000         -60427.2391      7452.1705         0.0000         0.0000     10037.6176         -42533.2726       314.6747    -52570.8902    -42512.5068       310.8551            230.1693       295.1716    161987.3335         6.4384         7.6180

ENERGY: 2067500        69.9280       179.9447       157.3288         0.0000         -60196.6511      7224.4143         0.0000         0.0000      9854.4290         -42710.6063       308.9319    -52565.0353    -42688.1290       311.3479           -124.2618       -43.9962    162469.5251        -1.7555        -1.6227

ENERGY: 2068000        68.6275       194.9134       158.5399         0.0000         -60205.9053      7367.7379         0.0000         0.0000      9814.2553         -42601.8312       307.6724    -52416.0865    -42582.5090       311.0086            110.7329       178.6620    162865.5976         3.5510         2.5451

WRITING COORDINATES TO DCD FILE 04_prod_1ns/prod_04.dcd AT STEP 2068000
LDB: ============= START OF LOAD BALANCING ============== 603.973
LDB: ============== END OF LOAD BALANCING =============== 603.973
Info: useSync: 0 useProxySync: 0
LDB: =============== DONE WITH MIGRATION ================ 603.974
LDB: ============= START OF LOAD BALANCING ============== 604.074
LDB: TIME 604.074 LOAD: AVG 0.0280277 MAX 0.0511666  PROXIES: TOTAL 128 MAXPE 16 MAXPATCH 4 None MEM: 0 MB
LDB: TIME 604.074 LOAD: AVG 0.0280277 MAX 0.0511666  PROXIES: TOTAL 128 MAXPE 16 MAXPATCH 4 RefineTorusLB MEM: 0 MB
LDB: TIME 604.075 LOAD: AVG 0.0280277 MAX 0.0511666  PROXIES: TOTAL 128 MAXPE 16 MAXPATCH 4 RefineTorusLB MEM: 0 MB
LDB: ============== END OF LOAD BALANCING =============== 604.075
Info: useSync: 0 useProxySync: 0
LDB: =============== DONE WITH MIGRATION ================ 604.076
ENERGY: 2068500        81.2683       189.7865       143.6387         0.0000         -60297.7299      7368.6520         0.0000         0.0000      9895.2138         -42619.1706       310.2104    -52514.3844    -42597.0513       310.8575            -58.7114        30.5759    163426.9236         1.5234         0.6845

ENERGY: 2069000        78.0598       189.0139       144.6508         0.0000         -60404.6254      7277.8154         0.0000         0.0000     10026.8802         -42688.2054       314.3381    -52715.0856    -42661.3507       310.9005            -98.2376        27.5146    161360.0107        12.2596        11.6211

WRITING COORDINATES TO DCD FILE 04_prod_1ns/prod_04.dcd AT STEP 2069000
ENERGY: 2069500        74.0344       208.2203       149.0163         0.0000         -59990.5617      7117.1858         0.0000         0.0000      9904.2654         -42537.8395       310.4942    -52442.1049    -42516.8600       312.5776           -188.8138       -91.1142    162123.8245         1.0884         2.4097

TIMING: 2070000  CPU: 612.741, 0.0019129/step  Wall: 607.12, 0.00194633/step, 0.0973165 hours remaining, 0.000000 MB of memory in use.
PERFORMANCE: 2070000  averaging 91.0864 ns/day, 0.0018971 sec/step with standard deviation 2.12181e-05
ETITLE:      TS           BOND          ANGLE          DIHED          IMPRP               ELECT            VDW       BOUNDARY           MISC        KINETIC               TOTAL           TEMP      POTENTIAL         TOTAL3        TEMPAVG            PRESSURE      GPRESSURE         VOLUME       PRESSAVG      GPRESSAVG

ENERGY: 2070000        73.3774       202.3010       151.1082         0.0000         -59800.4315      7115.0061         0.0000         0.0000      9820.5679         -42438.0710       307.8703    -52258.6389    -42417.2343       311.5986           -251.2316      -150.7977    163157.7943       -10.1826        -9.6297

WRITING EXTENDED SYSTEM TO RESTART FILE AT STEP 2070000
WRITING COORDINATES TO DCD FILE 04_prod_1ns/prod_04.dcd AT STEP 2070000
WRITING COORDINATES TO RESTART FILE AT STEP 2070000
FINISHED WRITING RESTART COORDINATES
WRITING VELOCITIES TO RESTART FILE AT STEP 2070000
FINISHED WRITING RESTART VELOCITIES
LDB: ============= START OF LOAD BALANCING ============== 608.04
LDB: ============== END OF LOAD BALANCING =============== 608.04
Info: useSync: 0 useProxySync: 0
LDB: =============== DONE WITH MIGRATION ================ 608.041
LDB: ============= START OF LOAD BALANCING ============== 608.138
LDB: TIME 608.139 LOAD: AVG 0.0277513 MAX 0.0488079  PROXIES: TOTAL 128 MAXPE 16 MAXPATCH 4 None MEM: 0 MB
LDB: TIME 608.139 LOAD: AVG 0.0277513 MAX 0.0488079  PROXIES: TOTAL 128 MAXPE 16 MAXPATCH 4 RefineTorusLB MEM: 0 MB
LDB: TIME 608.14 LOAD: AVG 0.0277513 MAX 0.0488079  PROXIES: TOTAL 128 MAXPE 16 MAXPATCH 4 RefineTorusLB MEM: 0 MB
LDB: Reverting to original mapping
LDB: ============== END OF LOAD BALANCING =============== 608.14
Info: useSync: 0 useProxySync: 0
LDB: =============== DONE WITH MIGRATION ================ 608.141
ENERGY: 2070500        67.9718       191.6233       145.1739         0.0000         -60336.5034      7425.3874         0.0000         0.0000     10033.1922         -42473.1548       314.5360    -52506.3470    -42446.9121       312.4164            172.6679       286.4922    162185.3007        12.2300        11.0480

ENERGY: 2071000        93.1075       228.2720       151.2800         0.0000         -60061.3002      7196.0821         0.0000         0.0000      9908.2140         -42484.3446       310.6180    -52392.5586    -42466.6528       311.5395           -281.5596      -180.9648    163005.4939         3.3657         3.8036

WRITING COORDINATES TO DCD FILE 04_prod_1ns/prod_04.dcd AT STEP 2071000
ENERGY: 2071500        83.4455       210.9547       150.9866         0.0000         -60467.6065      7425.2024         0.0000         0.0000      9902.5184         -42694.4989       310.4394    -52597.0173    -42674.7026       311.8251              0.8567        78.4395    162223.9496         5.7733         5.3841

ENERGY: 2072000        74.5440       193.4678       149.5320         0.0000         -60318.6796      7266.9566         0.0000         0.0000      9988.2083         -42645.9711       313.1258    -52634.1794    -42627.4556       309.3809           -223.2676      -120.6016    162789.2577         1.1523         1.2965

WRITING COORDINATES TO DCD FILE 04_prod_1ns/prod_04.dcd AT STEP 2072000
LDB: ============= START OF LOAD BALANCING ============== 611.86
LDB: ============== END OF LOAD BALANCING =============== 611.86
Info: useSync: 0 useProxySync: 0
LDB: =============== DONE WITH MIGRATION ================ 611.861
LDB: ============= START OF LOAD BALANCING ============== 611.953
LDB: TIME 611.953 LOAD: AVG 0.0257595 MAX 0.0469708  PROXIES: TOTAL 128 MAXPE 16 MAXPATCH 4 None MEM: 0 MB
LDB: TIME 611.965 LOAD: AVG 0.0257595 MAX 0.0469708  PROXIES: TOTAL 128 MAXPE 16 MAXPATCH 4 RefineTorusLB MEM: 0 MB
LDB: TIME 611.965 LOAD: AVG 0.0257595 MAX 0.0469708  PROXIES: TOTAL 128 MAXPE 16 MAXPATCH 4 RefineTorusLB MEM: 0 MB
LDB: Reverting to original mapping
LDB: ============== END OF LOAD BALANCING =============== 611.965
Info: useSync: 0 useProxySync: 0
LDB: =============== DONE WITH MIGRATION ================ 611.966
ENERGY: 2072500        86.9235       202.2144       151.5531         0.0000         -60342.8992      7368.5388         0.0000         0.0000      9836.9262         -42696.7432       308.3832    -52533.6694    -42677.9603       309.7231           -153.2894       -70.1936    163551.8934         6.8074         7.4481

ENERGY: 2073000        77.0676       203.2268       152.0192         0.0000         -60330.9304      7375.6695         0.0000         0.0000      9950.2449         -42572.7025       311.9356    -52522.9474    -42546.8468       311.2168           -115.6526       -33.4652    163121.5563         6.4169         5.3915

WRITING COORDINATES TO DCD FILE 04_prod_1ns/prod_04.dcd AT STEP 2073000
ENERGY: 2073500        70.7213       197.9523       150.6359         0.0000         -60233.3812      7190.5108         0.0000         0.0000      9988.5151         -42635.0458       313.1354    -52623.5609    -42609.0896       311.4067            -88.9617       -18.8770    161971.3992         2.3629         2.2488

ENERGY: 2074000        73.8271       198.3057       154.5195         0.0000         -60627.4175      7501.4076         0.0000         0.0000      9857.4394         -42841.9183       309.0262    -52699.3577    -42819.0234       309.0735            309.0168       380.3756    160993.2861         1.7507         2.4146

WRITING COORDINATES TO DCD FILE 04_prod_1ns/prod_04.dcd AT STEP 2074000
LDB: ============= START OF LOAD BALANCING ============== 615.56
LDB: ============== END OF LOAD BALANCING =============== 615.56
Info: useSync: 0 useProxySync: 0
LDB: =============== DONE WITH MIGRATION ================ 615.56
LDB: ============= START OF LOAD BALANCING ============== 615.652
LDB: TIME 615.652 LOAD: AVG 0.0259036 MAX 0.0462038  PROXIES: TOTAL 128 MAXPE 16 MAXPATCH 4 None MEM: 0 MB
LDB: TIME 615.653 LOAD: AVG 0.0259036 MAX 0.0462038  PROXIES: TOTAL 128 MAXPE 16 MAXPATCH 4 RefineTorusLB MEM: 0 MB
LDB: TIME 615.653 LOAD: AVG 0.0259036 MAX 0.0462038  PROXIES: TOTAL 128 MAXPE 16 MAXPATCH 4 RefineTorusLB MEM: 0 MB
LDB: Reverting to original mapping
LDB: ============== END OF LOAD BALANCING =============== 615.654
Info: useSync: 0 useProxySync: 0
LDB: =============== DONE WITH MIGRATION ================ 615.654
ENERGY: 2074500        76.5561       200.9776       153.4111         0.0000         -60122.2713      7215.6678         0.0000         0.0000      9770.0531         -42705.6058       306.2867    -52475.6589    -42682.0247       308.4591            -92.2804       -31.9396    161642.6556         5.0708         4.5881

TIMING: 2075000  CPU: 622.309, 0.00191359/step  Wall: 616.616, 0.00189922/step, 0.0923233 hours remaining, 0.000000 MB of memory in use.
PERFORMANCE: 2075000  averaging 91.0848 ns/day, 0.00189713 sec/step with standard deviation 2.10533e-05
ETITLE:      TS           BOND          ANGLE          DIHED          IMPRP               ELECT            VDW       BOUNDARY           MISC        KINETIC               TOTAL           TEMP      POTENTIAL         TOTAL3        TEMPAVG            PRESSURE      GPRESSURE         VOLUME       PRESSAVG      GPRESSAVG

ENERGY: 2075000        65.0307       220.2160       151.6715         0.0000         -60334.6421      7173.9325         0.0000         0.0000      9928.1198         -42795.6717       311.2420    -52723.7915    -42774.1017       310.2735           -273.0496      -196.1545    161738.3589        -5.2417        -4.6153

WRITING EXTENDED SYSTEM TO RESTART FILE AT STEP 2075000
WRITING COORDINATES TO DCD FILE 04_prod_1ns/prod_04.dcd AT STEP 2075000
WRITING COORDINATES TO RESTART FILE AT STEP 2075000
FINISHED WRITING RESTART COORDINATES
WRITING VELOCITIES TO RESTART FILE AT STEP 2075000
FINISHED WRITING RESTART VELOCITIES
ENERGY: 2075500        72.6297       198.5487       152.2243         0.0000         -60021.0927      7061.6116         0.0000         0.0000      9845.7293         -42690.3492       308.6591    -52536.0785    -42672.3121       309.9923           -472.2878      -309.0101    161926.4259       -10.2491        -9.0476

ENERGY: 2076000        70.3515       185.3668       159.6084         0.0000         -60350.6111      7306.2425         0.0000         0.0000      9929.0214         -42700.0204       311.2703    -52629.0418    -42681.3487       310.2047           -143.9462       -78.4663    162286.4920         1.2706         1.3625

WRITING COORDINATES TO DCD FILE 04_prod_1ns/prod_04.dcd AT STEP 2076000
LDB: ============= START OF LOAD BALANCING ============== 619.339
LDB: ============== END OF LOAD BALANCING =============== 619.34
Info: useSync: 0 useProxySync: 0
LDB: =============== DONE WITH MIGRATION ================ 619.346
LDB: ============= START OF LOAD BALANCING ============== 619.436
LDB: TIME 619.436 LOAD: AVG 0.0256076 MAX 0.0504135  PROXIES: TOTAL 128 MAXPE 16 MAXPATCH 4 None MEM: 0 MB
LDB: TIME 619.436 LOAD: AVG 0.0256076 MAX 0.0504135  PROXIES: TOTAL 128 MAXPE 16 MAXPATCH 4 RefineTorusLB MEM: 0 MB
LDB: TIME 619.436 LOAD: AVG 0.0256076 MAX 0.0504135  PROXIES: TOTAL 128 MAXPE 16 MAXPATCH 4 RefineTorusLB MEM: 0 MB
LDB: ============== END OF LOAD BALANCING =============== 619.437
Info: useSync: 0 useProxySync: 0
LDB: =============== DONE WITH MIGRATION ================ 619.437
ENERGY: 2076500        69.4160       230.1951       153.8565         0.0000         -60127.9780      7227.0125         0.0000         0.0000      9994.6811         -42452.8168       313.3287    -52447.4979    -42433.5017       312.1167           -196.6064      -126.0957    162692.8133         9.6255         9.2765

ENERGY: 2077000        72.2923       215.2493       156.3572         0.0000         -60201.9977      7342.6585         0.0000         0.0000      9860.4856         -42554.9547       309.1217    -52415.4403    -42533.3360       310.6223            151.5873       206.8927    162045.7135         6.5539         5.1448

WRITING COORDINATES TO DCD FILE 04_prod_1ns/prod_04.dcd AT STEP 2077000
ENERGY: 2077500        73.4230       183.4061       146.8429         0.0000         -60268.3967      7411.2418         0.0000         0.0000      9984.1196         -42469.3634       312.9976    -52453.4830    -42444.1257       312.1181            -45.4126        47.8016    162993.5950         5.0230         5.3462

ENERGY: 2078000        70.5341       203.3828       160.5074         0.0000         -60053.3922      7253.6056         0.0000         0.0000     10022.9818         -42342.3805       314.2159    -52365.3623    -42318.6950       310.9270           -254.1730      -194.6681    164062.7995         6.0779         5.5037

WRITING COORDINATES TO DCD FILE 04_prod_1ns/prod_04.dcd AT STEP 2078000
LDB: ============= START OF LOAD BALANCING ============== 622.911
LDB: ============== END OF LOAD BALANCING =============== 622.911
Info: useSync: 0 useProxySync: 0
LDB: =============== DONE WITH MIGRATION ================ 622.911
LDB: ============= START OF LOAD BALANCING ============== 623
LDB: TIME 623.001 LOAD: AVG 0.0248711 MAX 0.0516324  PROXIES: TOTAL 128 MAXPE 16 MAXPATCH 4 None MEM: 0 MB
LDB: TIME 623.001 LOAD: AVG 0.0248711 MAX 0.0516324  PROXIES: TOTAL 128 MAXPE 16 MAXPATCH 4 RefineTorusLB MEM: 0 MB
LDB: TIME 623.001 LOAD: AVG 0.0248711 MAX 0.0516324  PROXIES: TOTAL 128 MAXPE 16 MAXPATCH 4 RefineTorusLB MEM: 0 MB
LDB: ============== END OF LOAD BALANCING =============== 623.001
Info: useSync: 0 useProxySync: 0
LDB: =============== DONE WITH MIGRATION ================ 623.002
ENERGY: 2078500        80.9699       189.8946       153.7176         0.0000         -60079.7216      7201.0335         0.0000         0.0000      9864.4232         -42589.6828       309.2452    -52454.1060    -42565.6068       311.7825           -329.1686      -240.7078    162908.8115         0.0544        -0.1346

ENERGY: 2079000        79.3118       211.3390       153.8677         0.0000         -60238.0499      7350.6001         0.0000         0.0000      9872.5488         -42570.3825       309.4999    -52442.9313    -42544.6599       311.1572             -4.6850        94.7157    162058.5074         2.3597         1.0029

WRITING COORDINATES TO DCD FILE 04_prod_1ns/prod_04.dcd AT STEP 2079000
ENERGY: 2079500        73.0099       197.7294       158.4203         0.0000         -60279.2697      7241.7126         0.0000         0.0000      9844.9266         -42763.4709       308.6340    -52608.3975    -42742.2860       309.6933           -155.7649       -71.4525    162349.2396         0.7961         0.3703

TIMING: 2080000  CPU: 631.886, 0.00191539/step  Wall: 625.689, 0.0018147/step, 0.0856941 hours remaining, 0.000000 MB of memory in use.
PERFORMANCE: 2080000  averaging 91.1448 ns/day, 0.00189588 sec/step with standard deviation 2.32245e-05
ETITLE:      TS           BOND          ANGLE          DIHED          IMPRP               ELECT            VDW       BOUNDARY           MISC        KINETIC               TOTAL           TEMP      POTENTIAL         TOTAL3        TEMPAVG            PRESSURE      GPRESSURE         VOLUME       PRESSAVG      GPRESSAVG

ENERGY: 2080000        56.9153       214.7642       154.7666         0.0000         -60273.8679      7232.8608         0.0000         0.0000      9798.7963         -42815.7646       307.1878    -52614.5609    -42795.6130       309.2664           -245.2234      -127.7440    161866.6845         7.3988         7.1608

WRITING EXTENDED SYSTEM TO RESTART FILE AT STEP 2080000
WRITING COORDINATES TO DCD FILE 04_prod_1ns/prod_04.dcd AT STEP 2080000
WRITING COORDINATES TO RESTART FILE AT STEP 2080000
FINISHED WRITING RESTART COORDINATES
WRITING VELOCITIES TO RESTART FILE AT STEP 2080000
FINISHED WRITING RESTART VELOCITIES
LDB: ============= START OF LOAD BALANCING ============== 626.58
LDB: ============== END OF LOAD BALANCING =============== 626.58
Info: useSync: 0 useProxySync: 0
LDB: =============== DONE WITH MIGRATION ================ 626.58
LDB: ============= START OF LOAD BALANCING ============== 626.671
LDB: TIME 626.672 LOAD: AVG 0.0255309 MAX 0.0445441  PROXIES: TOTAL 128 MAXPE 16 MAXPATCH 4 None MEM: 0 MB
LDB: TIME 626.672 LOAD: AVG 0.0255309 MAX 0.0445441  PROXIES: TOTAL 128 MAXPE 16 MAXPATCH 4 RefineTorusLB MEM: 0 MB
LDB: TIME 626.672 LOAD: AVG 0.0255309 MAX 0.0445441  PROXIES: TOTAL 128 MAXPE 16 MAXPATCH 4 RefineTorusLB MEM: 0 MB
LDB: Reverting to original mapping
LDB: ============== END OF LOAD BALANCING =============== 626.673
Info: useSync: 0 useProxySync: 0
LDB: =============== DONE WITH MIGRATION ================ 626.674
ENERGY: 2080500        66.6678       214.6339       153.3664         0.0000         -60270.9748      7195.4639         0.0000         0.0000      9786.9279         -42853.9149       306.8157    -52640.8429    -42827.9654       309.0784           -255.6764      -160.6360    162102.2254        -9.5527        -9.0194

ENERGY: 2081000        80.9675       193.5305       153.5935         0.0000         -60815.1308      7634.1080         0.0000         0.0000      9923.6420         -42829.2892       311.1017    -52752.9312    -42802.9449       308.2935            364.2772       473.5628    161711.2984        -9.8711        -8.9540

WRITING COORDINATES TO DCD FILE 04_prod_1ns/prod_04.dcd AT STEP 2081000
ENERGY: 2081500        75.1500       206.4936       158.9823         0.0000         -60362.8051      7276.1178         0.0000         0.0000      9885.4058         -42760.6556       309.9030    -52646.0614    -42739.4436       308.8794           -264.0853      -182.0337    163218.8659         7.2575         8.5852

ENERGY: 2082000        76.5835       200.3438       148.4052         0.0000         -60546.5269      7559.8305         0.0000         0.0000      9974.9956         -42586.3682       312.7116    -52561.3638    -42570.9432       310.2755            191.1194       296.0154    162454.6173         7.8239         7.5797

WRITING COORDINATES TO DCD FILE 04_prod_1ns/prod_04.dcd AT STEP 2082000
LDB: ============= START OF LOAD BALANCING ============== 630.305
LDB: ============== END OF LOAD BALANCING =============== 630.305
Info: useSync: 0 useProxySync: 0
LDB: =============== DONE WITH MIGRATION ================ 630.305
LDB: ============= START OF LOAD BALANCING ============== 630.399
LDB: TIME 630.399 LOAD: AVG 0.0261091 MAX 0.0469508  PROXIES: TOTAL 128 MAXPE 16 MAXPATCH 4 None MEM: 0 MB
LDB: TIME 630.4 LOAD: AVG 0.0261091 MAX 0.0469508  PROXIES: TOTAL 128 MAXPE 16 MAXPATCH 4 RefineTorusLB MEM: 0 MB
LDB: TIME 630.4 LOAD: AVG 0.0261091 MAX 0.0469508  PROXIES: TOTAL 128 MAXPE 16 MAXPATCH 4 RefineTorusLB MEM: 0 MB
LDB: Reverting to original mapping
LDB: ============== END OF LOAD BALANCING =============== 630.4
Info: useSync: 0 useProxySync: 0
LDB: =============== DONE WITH MIGRATION ================ 630.401
ENERGY: 2082500        71.1952       178.3546       150.0512         0.0000         -60467.8030      7521.6870         0.0000         0.0000      9859.2355         -42687.2795       309.0825    -52546.5151    -42664.6075       311.3547            255.6575       339.4716    161785.9732         1.7991         1.8678

ENERGY: 2083000        71.2859       186.6909       149.4366         0.0000         -59795.1776      6985.1398         0.0000         0.0000      9818.9367         -42583.6879       307.8192    -52402.6245    -42555.0232       310.0591           -545.6905      -482.9194    163012.7504         2.0185         1.7059

WRITING COORDINATES TO DCD FILE 04_prod_1ns/prod_04.dcd AT STEP 2083000
ENERGY: 2083500        61.9584       188.5119       154.0371         0.0000         -60320.9166      7329.9221         0.0000         0.0000      9796.7658         -42789.7214       307.1241    -52586.4872    -42765.8591       310.1656            -53.2865        28.7151    162083.0087        -1.3660         0.1401

ENERGY: 2084000        78.1371       191.8023       158.6007         0.0000         -60087.4612      7237.0756         0.0000         0.0000      9763.8197         -42658.0258       306.0913    -52421.8456    -42638.6885       309.9138           -159.9991       -60.1247    161810.8043        -4.7234        -3.9330

WRITING COORDINATES TO DCD FILE 04_prod_1ns/prod_04.dcd AT STEP 2084000
LDB: ============= START OF LOAD BALANCING ============== 634.042
LDB: ============== END OF LOAD BALANCING =============== 634.042
Info: useSync: 0 useProxySync: 0
LDB: =============== DONE WITH MIGRATION ================ 634.043
LDB: ============= START OF LOAD BALANCING ============== 634.135
LDB: TIME 634.135 LOAD: AVG 0.0264559 MAX 0.0487322  PROXIES: TOTAL 128 MAXPE 16 MAXPATCH 4 None MEM: 0 MB
LDB: TIME 634.136 LOAD: AVG 0.0264559 MAX 0.0487322  PROXIES: TOTAL 128 MAXPE 16 MAXPATCH 4 RefineTorusLB MEM: 0 MB
LDB: TIME 634.136 LOAD: AVG 0.0264559 MAX 0.0487322  PROXIES: TOTAL 128 MAXPE 16 MAXPATCH 4 RefineTorusLB MEM: 0 MB
LDB: Reverting to original mapping
LDB: ============== END OF LOAD BALANCING =============== 634.136
Info: useSync: 0 useProxySync: 0
LDB: =============== DONE WITH MIGRATION ================ 634.137
ENERGY: 2084500        68.6627       206.5875       162.9228         0.0000         -60401.1298      7342.9197         0.0000         0.0000      9925.6407         -42694.3963       311.1643    -52620.0371    -42673.1310       310.1300             37.5529       100.6369    161115.2833         8.6870         8.9604

TIMING: 2085000  CPU: 641.387, 0.00190027/step  Wall: 635.148, 0.00189178/step, 0.0867064 hours remaining, 0.000000 MB of memory in use.
PERFORMANCE: 2085000  averaging 91.1478 ns/day, 0.00189582 sec/step with standard deviation 2.30534e-05
ETITLE:      TS           BOND          ANGLE          DIHED          IMPRP               ELECT            VDW       BOUNDARY           MISC        KINETIC               TOTAL           TEMP      POTENTIAL         TOTAL3        TEMPAVG            PRESSURE      GPRESSURE         VOLUME       PRESSAVG      GPRESSAVG

ENERGY: 2085000        66.1541       208.4911       165.6165         0.0000         -60094.1046      7155.2543         0.0000         0.0000      9874.4583         -42624.1303       309.5598    -52498.5886    -42599.0077       309.8226           -237.7409      -166.5909    162288.1412         2.8529         2.2776

WRITING EXTENDED SYSTEM TO RESTART FILE AT STEP 2085000
WRITING COORDINATES TO DCD FILE 04_prod_1ns/prod_04.dcd AT STEP 2085000
WRITING COORDINATES TO RESTART FILE AT STEP 2085000
FINISHED WRITING RESTART COORDINATES
WRITING VELOCITIES TO RESTART FILE AT STEP 2085000
FINISHED WRITING RESTART VELOCITIES
ENERGY: 2085500        80.2162       185.9149       143.5453         0.0000         -60211.3369      7266.9209         0.0000         0.0000      9944.4264         -42590.3132       311.7532    -52534.7397    -42569.3996       310.7751           -191.4453       -95.0472    162566.3547        -4.0457        -4.6342

ENERGY: 2086000        88.0682       195.2010       161.2261         0.0000         -60591.6705      7598.1876         0.0000         0.0000      9942.1230         -42606.8646       311.6810    -52548.9875    -42582.6610       311.2657            253.6204       371.6184    162768.8430        14.4152        13.0529

WRITING COORDINATES TO DCD FILE 04_prod_1ns/prod_04.dcd AT STEP 2086000
LDB: ============= START OF LOAD BALANCING ============== 638.033
LDB: ============== END OF LOAD BALANCING =============== 638.034
Info: useSync: 0 useProxySync: 0
LDB: =============== DONE WITH MIGRATION ================ 638.034
LDB: ============= START OF LOAD BALANCING ============== 638.131
LDB: TIME 638.131 LOAD: AVG 0.0281033 MAX 0.0537166  PROXIES: TOTAL 128 MAXPE 16 MAXPATCH 4 None MEM: 0 MB
LDB: TIME 638.132 LOAD: AVG 0.0281033 MAX 0.0537166  PROXIES: TOTAL 128 MAXPE 16 MAXPATCH 4 RefineTorusLB MEM: 0 MB
LDB: TIME 638.132 LOAD: AVG 0.0281033 MAX 0.0537166  PROXIES: TOTAL 128 MAXPE 16 MAXPATCH 4 RefineTorusLB MEM: 0 MB
LDB: ============== END OF LOAD BALANCING =============== 638.132
Info: useSync: 0 useProxySync: 0
LDB: =============== DONE WITH MIGRATION ================ 638.133
ENERGY: 2086500        65.8605       217.8237       145.9238         0.0000         -60032.1574      7194.1417         0.0000         0.0000      9898.9479         -42509.4599       310.3275    -52408.4078    -42489.3603       311.3651           -164.7605       -81.2916    162738.7029        12.9888        13.6737

ENERGY: 2087000        72.8190       198.4416       154.8896         0.0000         -60477.8699      7656.8278         0.0000         0.0000      9867.9146         -42526.9772       309.3546    -52394.8919    -42503.6597       312.0336            465.7988       563.3365    163388.1683        -8.8724        -8.5400

WRITING COORDINATES TO DCD FILE 04_prod_1ns/prod_04.dcd AT STEP 2087000
ENERGY: 2087500        81.7081       200.5754       153.4427         0.0000         -60284.7934      7262.6354         0.0000         0.0000      9902.1196         -42684.3122       310.4269    -52586.4318    -42663.1997       310.1624           -265.4664      -187.4772    163148.1065        -3.1933        -2.9742

ENERGY: 2088000        76.6768       203.2093       155.5030         0.0000         -60296.7637      7282.4608         0.0000         0.0000      9893.0593         -42685.8545       310.1429    -52578.9138    -42668.3382       310.2772           -361.5774      -268.4195    163901.2502         0.7615         1.5355

WRITING COORDINATES TO DCD FILE 04_prod_1ns/prod_04.dcd AT STEP 2088000
LDB: ============= START OF LOAD BALANCING ============== 641.876
LDB: ============== END OF LOAD BALANCING =============== 641.877
Info: useSync: 0 useProxySync: 0
LDB: =============== DONE WITH MIGRATION ================ 641.877
LDB: ============= START OF LOAD BALANCING ============== 641.971
LDB: TIME 641.971 LOAD: AVG 0.0259716 MAX 0.0484814  PROXIES: TOTAL 128 MAXPE 16 MAXPATCH 4 None MEM: 0 MB
LDB: TIME 641.972 LOAD: AVG 0.0259716 MAX 0.0484814  PROXIES: TOTAL 128 MAXPE 16 MAXPATCH 4 RefineTorusLB MEM: 0 MB
LDB: TIME 641.972 LOAD: AVG 0.0259716 MAX 0.0484814  PROXIES: TOTAL 128 MAXPE 16 MAXPATCH 4 RefineTorusLB MEM: 0 MB
LDB: Reverting to original mapping
LDB: ============== END OF LOAD BALANCING =============== 641.972
Info: useSync: 0 useProxySync: 0
LDB: =============== DONE WITH MIGRATION ================ 641.973
ENERGY: 2088500        72.9891       214.3673       154.4637         0.0000         -60428.5141      7326.6230         0.0000         0.0000      9948.9290         -42711.1422       311.8944    -52660.0712    -42684.5633       310.8111           -231.2935      -130.0774    163158.4944        -3.8010        -2.3873

WRITING COORDINATES TO DCD FILE 04_prod_1ns/prod_04.dcd AT STEP 2089000
ENERGY: 2089000        82.9498       219.6114       147.2416         0.0000         -60298.5796      7377.9918         0.0000         0.0000      9935.5893         -42535.1957       311.4762    -52470.7850    -42514.0170       310.6853            -19.4544        51.3411    162933.2672         1.2621         1.0721

ENERGY: 2089500        72.1255       204.0282       143.9757         0.0000         -60338.1769      7309.6968         0.0000         0.0000      9814.3915         -42793.9592       307.6767    -52608.3508    -42768.1270       310.9182            -59.7887        11.1271    161966.6710        -9.7862        -9.2135

TIMING: 2090000  CPU: 650.924, 0.00190731/step  Wall: 644.766, 0.0019236/step, 0.0854933 hours remaining, 0.000000 MB of memory in use.
PERFORMANCE: 2090000  averaging 91.1281 ns/day, 0.00189623 sec/step with standard deviation 2.31273e-05
ETITLE:      TS           BOND          ANGLE          DIHED          IMPRP               ELECT            VDW       BOUNDARY           MISC        KINETIC               TOTAL           TEMP      POTENTIAL         TOTAL3        TEMPAVG            PRESSURE      GPRESSURE         VOLUME       PRESSAVG      GPRESSAVG

ENERGY: 2090000        76.3590       191.5031       147.5603         0.0000         -60120.8060      7091.9980         0.0000         0.0000      9931.4617         -42681.9240       311.3468    -52613.3857    -42661.5753       310.1748           -400.9869      -323.4792    162127.2625        -6.5455        -5.1029

WRITING EXTENDED SYSTEM TO RESTART FILE AT STEP 2090000
WRITING COORDINATES TO DCD FILE 04_prod_1ns/prod_04.dcd AT STEP 2090000
WRITING COORDINATES TO RESTART FILE AT STEP 2090000
FINISHED WRITING RESTART COORDINATES
WRITING VELOCITIES TO RESTART FILE AT STEP 2090000
FINISHED WRITING RESTART VELOCITIES
LDB: ============= START OF LOAD BALANCING ============== 645.642
LDB: ============== END OF LOAD BALANCING =============== 645.642
Info: useSync: 0 useProxySync: 0
LDB: =============== DONE WITH MIGRATION ================ 645.642
LDB: ============= START OF LOAD BALANCING ============== 645.734
LDB: TIME 645.735 LOAD: AVG 0.0254611 MAX 0.0474035  PROXIES: TOTAL 128 MAXPE 16 MAXPATCH 4 None MEM: 0 MB
LDB: TIME 645.735 LOAD: AVG 0.0254611 MAX 0.0474035  PROXIES: TOTAL 128 MAXPE 16 MAXPATCH 4 RefineTorusLB MEM: 0 MB
LDB: TIME 645.735 LOAD: AVG 0.0254611 MAX 0.0474035  PROXIES: TOTAL 128 MAXPE 16 MAXPATCH 4 RefineTorusLB MEM: 0 MB
LDB: Reverting to original mapping
LDB: ============== END OF LOAD BALANCING =============== 645.736
Info: useSync: 0 useProxySync: 0
LDB: =============== DONE WITH MIGRATION ================ 645.736
ENERGY: 2090500        69.1965       204.9556       148.5220         0.0000         -60121.7641      7300.6976         0.0000         0.0000      9837.9978         -42560.3947       308.4168    -52398.3924    -42541.3708       312.1717              0.3849        92.8618    162130.7642        -3.5015        -3.8527

ENERGY: 2091000        75.5751       184.8192       152.1733         0.0000         -60371.2476      7325.7172         0.0000         0.0000      9921.9663         -42710.9964       311.0491    -52632.9627    -42692.5808       309.7271            -29.2475        82.7649    162225.9658        14.1678        13.7333

WRITING COORDINATES TO DCD FILE 04_prod_1ns/prod_04.dcd AT STEP 2091000
ENERGY: 2091500        79.6880       178.8266       160.6330         0.0000         -60355.7102      7372.5349         0.0000         0.0000      9850.4415         -42713.5863       308.8069    -52564.0278    -42698.1368       309.3666            -74.5104        21.5801    161973.8094         6.3350         5.8739

WRITING COORDINATES TO DCD FILE 04_prod_1ns/prod_04.dcd AT STEP 2092000
ENERGY: 2092000        68.4490       204.2598       151.2857         0.0000         -60140.3711      7217.2846         0.0000         0.0000      9814.7101         -42684.3820       307.6867    -52499.0921    -42665.2582       310.1693           -215.2002      -143.2988    162335.9775        -1.7403        -2.5227

LDB: ============= START OF LOAD BALANCING ============== 649.284
LDB: ============== END OF LOAD BALANCING =============== 649.284
Info: useSync: 0 useProxySync: 0
LDB: =============== DONE WITH MIGRATION ================ 649.285
LDB: ============= START OF LOAD BALANCING ============== 649.375
LDB: TIME 649.375 LOAD: AVG 0.0256188 MAX 0.0435724  PROXIES: TOTAL 128 MAXPE 16 MAXPATCH 4 None MEM: 0 MB
LDB: TIME 649.375 LOAD: AVG 0.0256188 MAX 0.0435724  PROXIES: TOTAL 128 MAXPE 16 MAXPATCH 4 RefineTorusLB MEM: 0 MB
LDB: TIME 649.376 LOAD: AVG 0.0256188 MAX 0.0435724  PROXIES: TOTAL 128 MAXPE 16 MAXPATCH 4 RefineTorusLB MEM: 0 MB
LDB: ============== END OF LOAD BALANCING =============== 649.376
Info: useSync: 0 useProxySync: 0
LDB: =============== DONE WITH MIGRATION ================ 649.376
ENERGY: 2092500        73.4231       193.0764       150.3438         0.0000         -60426.8760      7384.5889         0.0000         0.0000      9932.4376         -42693.0062       311.3774    -52625.4438    -42667.5266       309.7570            -96.4842        -3.1834    162646.3378        -0.6150         0.5953

ENERGY: 2093000        72.5333       203.8548       138.5533         0.0000         -60518.0300      7560.8078         0.0000         0.0000      9794.0905         -42748.1903       307.0403    -52542.2808    -42718.5888       309.6085            235.9065       300.1241    162497.2422         4.5578         4.0430

WRITING COORDINATES TO DCD FILE 04_prod_1ns/prod_04.dcd AT STEP 2093000
ENERGY: 2093500        85.1390       191.2151       143.8049         0.0000         -60248.6683      7347.7414         0.0000         0.0000      9785.8348         -42694.9330       306.7815    -52480.7678    -42677.4894       309.9857           -174.1333       -49.3234    162353.9718        -0.5366        -0.6632

ENERGY: 2094000        67.1345       207.1620       164.0303         0.0000         -59996.9777      7156.9363         0.0000         0.0000      9841.5768         -42560.1377       308.5290    -52401.7145    -42535.2215       310.5679           -223.9122      -162.2379    162685.7586        -7.9949        -7.9353

WRITING COORDINATES TO DCD FILE 04_prod_1ns/prod_04.dcd AT STEP 2094000
LDB: ============= START OF LOAD BALANCING ============== 652.907
LDB: ============== END OF LOAD BALANCING =============== 652.907
Info: useSync: 0 useProxySync: 0
LDB: =============== DONE WITH MIGRATION ================ 652.908
LDB: ============= START OF LOAD BALANCING ============== 652.998
LDB: TIME 652.998 LOAD: AVG 0.0257954 MAX 0.0459075  PROXIES: TOTAL 128 MAXPE 16 MAXPATCH 4 None MEM: 0 MB
LDB: TIME 652.999 LOAD: AVG 0.0257954 MAX 0.0459075  PROXIES: TOTAL 128 MAXPE 16 MAXPATCH 4 RefineTorusLB MEM: 0 MB
LDB: TIME 652.999 LOAD: AVG 0.0257954 MAX 0.0459075  PROXIES: TOTAL 128 MAXPE 16 MAXPATCH 4 RefineTorusLB MEM: 0 MB
LDB: ============== END OF LOAD BALANCING =============== 652.999
Info: useSync: 0 useProxySync: 0
LDB: =============== DONE WITH MIGRATION ================ 653
ENERGY: 2094500        72.9852       203.5127       147.9833         0.0000         -60158.5585      7317.6674         0.0000         0.0000      9890.2205         -42526.1894       310.0539    -52416.4100    -42508.1709       312.0059            -28.0830        40.4646    163213.6986         9.0602        10.0300

TIMING: 2095000  CPU: 660.453, 0.00190588/step  Wall: 653.922, 0.00183126/step, 0.0788457 hours remaining, 0.000000 MB of memory in use.
PERFORMANCE: 2095000  averaging 91.1734 ns/day, 0.00189529 sec/step with standard deviation 2.42527e-05
ETITLE:      TS           BOND          ANGLE          DIHED          IMPRP               ELECT            VDW       BOUNDARY           MISC        KINETIC               TOTAL           TEMP      POTENTIAL         TOTAL3        TEMPAVG            PRESSURE      GPRESSURE         VOLUME       PRESSAVG      GPRESSAVG

ENERGY: 2095000        62.3472       202.9692       142.1264         0.0000         -60266.2877      7266.6116         0.0000         0.0000      9901.6743         -42690.5590       310.4130    -52592.2333    -42672.7516       310.2448            -55.0409        23.3589    162145.4045         2.6425         1.8991

WRITING EXTENDED SYSTEM TO RESTART FILE AT STEP 2095000
WRITING COORDINATES TO DCD FILE 04_prod_1ns/prod_04.dcd AT STEP 2095000
WRITING COORDINATES TO RESTART FILE AT STEP 2095000
FINISHED WRITING RESTART COORDINATES
WRITING VELOCITIES TO RESTART FILE AT STEP 2095000
FINISHED WRITING RESTART VELOCITIES
ENERGY: 2095500        76.4668       188.2334       152.1882         0.0000         -60236.9086      7311.6435         0.0000         0.0000      9977.7228         -42530.6539       312.7971    -52508.3767    -42509.9435       310.7605            -71.1830         9.6678    162656.6538         8.6486         6.5963

ENERGY: 2096000        62.4517       194.2603       141.0145         0.0000         -59961.1921      7184.2488         0.0000         0.0000      9964.4102         -42414.8066       312.3797    -52379.2168    -42388.3512       311.1273            -72.8160        30.2119    162576.5172         4.6659         5.0345

WRITING COORDINATES TO DCD FILE 04_prod_1ns/prod_04.dcd AT STEP 2096000
LDB: ============= START OF LOAD BALANCING ============== 656.613
LDB: ============== END OF LOAD BALANCING =============== 656.613
Info: useSync: 0 useProxySync: 0
LDB: =============== DONE WITH MIGRATION ================ 656.614
LDB: ============= START OF LOAD BALANCING ============== 656.705
LDB: TIME 656.705 LOAD: AVG 0.0251986 MAX 0.0472148  PROXIES: TOTAL 128 MAXPE 16 MAXPATCH 4 None MEM: 0 MB
LDB: TIME 656.706 LOAD: AVG 0.0251986 MAX 0.0472148  PROXIES: TOTAL 128 MAXPE 16 MAXPATCH 4 RefineTorusLB MEM: 0 MB
LDB: TIME 656.706 LOAD: AVG 0.0251986 MAX 0.0472148  PROXIES: TOTAL 128 MAXPE 16 MAXPATCH 4 RefineTorusLB MEM: 0 MB
LDB: ============== END OF LOAD BALANCING =============== 656.706
Info: useSync: 0 useProxySync: 0
LDB: =============== DONE WITH MIGRATION ================ 656.707
ENERGY: 2096500        63.6441       197.6563       145.1774         0.0000         -60154.5147      7378.3401         0.0000         0.0000      9895.3462         -42474.3507       310.2146    -52369.6969    -42448.4341       312.4164            165.4319       218.1174    163019.6794         7.2339         5.7870

ENERGY: 2097000        63.8753       205.4023       147.4869         0.0000         -60425.1260      7454.5093         0.0000         0.0000      9915.8233         -42638.0290       310.8565    -52553.8522    -42615.7789       310.5273             77.8129       184.1130    162704.0590         6.6354         7.9994

WRITING COORDINATES TO DCD FILE 04_prod_1ns/prod_04.dcd AT STEP 2097000
ENERGY: 2097500        65.1423       183.1525       148.4098         0.0000         -60146.3138      7199.2101         0.0000         0.0000      9951.0902         -42599.3089       311.9621    -52550.3991    -42573.5992       309.7583           -246.6737      -177.3327    163317.6229         3.0556         3.5103

ENERGY: 2098000        60.6461       216.2820       154.9139         0.0000         -60309.7112      7416.3373         0.0000         0.0000      9808.3565         -42653.1755       307.4875    -52461.5320    -42634.1269       311.0514             98.2551       214.5201    162418.1548         2.1480         1.6175

WRITING COORDINATES TO DCD FILE 04_prod_1ns/prod_04.dcd AT STEP 2098000
LDB: ============= START OF LOAD BALANCING ============== 660.296
LDB: ============== END OF LOAD BALANCING =============== 660.297
Info: useSync: 0 useProxySync: 0
LDB: =============== DONE WITH MIGRATION ================ 660.297
LDB: ============= START OF LOAD BALANCING ============== 660.39
LDB: TIME 660.391 LOAD: AVG 0.0259454 MAX 0.0437441  PROXIES: TOTAL 128 MAXPE 16 MAXPATCH 4 None MEM: 0 MB
LDB: TIME 660.391 LOAD: AVG 0.0259454 MAX 0.0437441  PROXIES: TOTAL 128 MAXPE 16 MAXPATCH 4 RefineTorusLB MEM: 0 MB
LDB: TIME 660.391 LOAD: AVG 0.0259454 MAX 0.0437441  PROXIES: TOTAL 128 MAXPE 16 MAXPATCH 4 RefineTorusLB MEM: 0 MB
LDB: ============== END OF LOAD BALANCING =============== 660.391
Info: useSync: 0 useProxySync: 0
LDB: =============== DONE WITH MIGRATION ================ 660.392
ENERGY: 2098500        70.0690       205.6817       147.2050         0.0000         -60528.7312      7475.6963         0.0000         0.0000      9974.6505         -42655.4286       312.7008    -52630.0791    -42631.6098       309.2049            166.1753       272.7696    161866.2567        12.5270        13.7658

ENERGY: 2099000        86.3090       198.2862       153.0337         0.0000         -60398.2292      7262.0905         0.0000         0.0000      9885.7488         -42812.7611       309.9137    -52698.5099    -42792.8276       309.1885           -195.1185      -110.7176    161350.7081        -0.9921        -0.5106

WRITING COORDINATES TO DCD FILE 04_prod_1ns/prod_04.dcd AT STEP 2099000
ENERGY: 2099500        69.4801       204.1228       154.9633         0.0000         -60213.7258      7278.1792         0.0000         0.0000      9831.7011         -42675.2792       308.2194    -52506.9804    -42647.2001       309.6589             -2.1220        77.2507    161842.6270        12.3744        11.8388

WRITING COORDINATES TO DCD FILE 04_prod_1ns/prod_04.dcd AT STEP 2100000
WRITING COORDINATES TO RESTART FILE AT STEP 2100000
FINISHED WRITING RESTART COORDINATES
WRITING VELOCITIES TO RESTART FILE AT STEP 2100000
FINISHED WRITING RESTART VELOCITIES
TIMING: 2100000  CPU: 670.021, 0.00191359/step  Wall: 663.336, 0.00188276/step, 0.0784485 hours remaining, 0.000000 MB of memory in use.
PERFORMANCE: 2100000  averaging 91.182 ns/day, 0.00189511 sec/step with standard deviation 2.41228e-05
ETITLE:      TS           BOND          ANGLE          DIHED          IMPRP               ELECT            VDW       BOUNDARY           MISC        KINETIC               TOTAL           TEMP      POTENTIAL         TOTAL3        TEMPAVG            PRESSURE      GPRESSURE         VOLUME       PRESSAVG      GPRESSAVG

ENERGY: 2100000        84.5010       207.8768       159.4151         0.0000         -60502.4666      7368.6817         0.0000         0.0000      9915.6029         -42766.3891       310.8496    -52681.9920    -42743.5534       310.3783            -50.4485        34.2057    161630.0890         0.9340        -0.7165

WRITING EXTENDED SYSTEM TO RESTART FILE AT STEP 2100000
LDB: ============= START OF LOAD BALANCING ============== 664.144
LDB: ============== END OF LOAD BALANCING =============== 664.145
Info: useSync: 0 useProxySync: 0
LDB: =============== DONE WITH MIGRATION ================ 664.145
LDB: ============= START OF LOAD BALANCING ============== 664.239
LDB: TIME 664.239 LOAD: AVG 0.025786 MAX 0.0452343  PROXIES: TOTAL 128 MAXPE 16 MAXPATCH 4 None MEM: 0 MB
LDB: TIME 664.24 LOAD: AVG 0.025786 MAX 0.0452343  PROXIES: TOTAL 128 MAXPE 16 MAXPATCH 4 RefineTorusLB MEM: 0 MB
LDB: TIME 664.24 LOAD: AVG 0.025786 MAX 0.0452343  PROXIES: TOTAL 128 MAXPE 16 MAXPATCH 4 RefineTorusLB MEM: 0 MB
LDB: ============== END OF LOAD BALANCING =============== 664.24
Info: useSync: 0 useProxySync: 0
LDB: =============== DONE WITH MIGRATION ================ 664.241
ENERGY: 2100500        73.3453       191.4768       152.7810         0.0000         -60499.4705      7332.4553         0.0000         0.0000      9681.1067         -43068.3054       303.4983    -52749.4121    -43048.0007       307.3428           -284.6319      -186.6884    162190.4025        -0.3398         0.2404

ENERGY: 2101000        67.0148       184.6616       153.6079         0.0000         -60483.1144      7378.9069         0.0000         0.0000      9799.8584         -42899.0648       307.2211    -52698.9232    -42882.4250       306.9650            -45.1294        68.4391    162159.5568        -0.6238        -1.4200

WRITING COORDINATES TO DCD FILE 04_prod_1ns/prod_04.dcd AT STEP 2101000
ENERGY: 2101500        73.6939       200.6941       158.0344         0.0000         -60309.6690      7314.9040         0.0000         0.0000      9906.0741         -42656.2685       310.5509    -52562.3426    -42633.8228       309.0141             -9.9602        85.2970    161898.9896        -1.7666        -1.5314

ENERGY: 2102000        79.5281       204.5319       153.2755         0.0000         -60054.9491      7119.0005         0.0000         0.0000      9935.3769         -42563.2363       311.4695    -52498.6131    -42537.7311       310.9944           -300.2950      -225.1120    162323.0097        12.3406        12.2893

WRITING COORDINATES TO DCD FILE 04_prod_1ns/prod_04.dcd AT STEP 2102000
LDB: ============= START OF LOAD BALANCING ============== 667.936
LDB: ============== END OF LOAD BALANCING =============== 667.936
Info: useSync: 0 useProxySync: 0
LDB: =============== DONE WITH MIGRATION ================ 667.937
LDB: ============= START OF LOAD BALANCING ============== 668.037
LDB: TIME 668.037 LOAD: AVG 0.0282894 MAX 0.051066  PROXIES: TOTAL 128 MAXPE 16 MAXPATCH 4 None MEM: 0 MB
LDB: TIME 668.038 LOAD: AVG 0.0282894 MAX 0.051066  PROXIES: TOTAL 128 MAXPE 16 MAXPATCH 4 RefineTorusLB MEM: 0 MB
LDB: TIME 668.038 LOAD: AVG 0.0282894 MAX 0.051066  PROXIES: TOTAL 128 MAXPE 16 MAXPATCH 4 RefineTorusLB MEM: 0 MB
LDB: Reverting to original mapping
LDB: ============== END OF LOAD BALANCING =============== 668.038
Info: useSync: 0 useProxySync: 0
LDB: =============== DONE WITH MIGRATION ================ 668.039
ENERGY: 2102500        71.8179       202.7897       148.1698         0.0000         -60311.0165      7427.0873         0.0000         0.0000     10058.4254         -42402.7264       315.3271    -52461.1518    -42380.3057       311.9767            108.9213       210.0607    162498.0946        -3.9550        -5.5949

ENERGY: 2103000        77.2766       221.3139       148.2618         0.0000         -60187.3072      7302.3196         0.0000         0.0000      9904.0584         -42534.0770       310.4877    -52438.1354    -42513.1508       312.7024            -87.9974         4.5820    162558.4838         5.5958         6.8981

WRITING COORDINATES TO DCD FILE 04_prod_1ns/prod_04.dcd AT STEP 2103000
ENERGY: 2103500        86.6245       195.5006       144.0249         0.0000         -60319.9306      7253.0127         0.0000         0.0000      9889.0712         -42751.6967       310.0179    -52640.7680    -42729.1447       310.9333           -217.3081      -129.8639    162187.2155         2.0748         3.0066

ENERGY: 2104000        80.2642       218.4830       152.5948         0.0000         -60042.1843      7077.7216         0.0000         0.0000      9884.8590         -42628.2617       309.8858    -52513.1206    -42608.4546       309.8621           -334.6827      -291.6355    162181.8604         9.6160         9.5867

WRITING COORDINATES TO DCD FILE 04_prod_1ns/prod_04.dcd AT STEP 2104000
LDB: ============= START OF LOAD BALANCING ============== 671.864
LDB: ============== END OF LOAD BALANCING =============== 671.864
Info: useSync: 0 useProxySync: 0
LDB: =============== DONE WITH MIGRATION ================ 671.864
LDB: ============= START OF LOAD BALANCING ============== 671.958
LDB: TIME 671.959 LOAD: AVG 0.0266836 MAX 0.048324  PROXIES: TOTAL 128 MAXPE 16 MAXPATCH 4 None MEM: 0 MB
LDB: TIME 671.959 LOAD: AVG 0.0266836 MAX 0.048324  PROXIES: TOTAL 128 MAXPE 16 MAXPATCH 4 RefineTorusLB MEM: 0 MB
LDB: TIME 671.959 LOAD: AVG 0.0266836 MAX 0.048324  PROXIES: TOTAL 128 MAXPE 16 MAXPATCH 4 RefineTorusLB MEM: 0 MB
LDB: ============== END OF LOAD BALANCING =============== 671.959
Info: useSync: 0 useProxySync: 0
LDB: =============== DONE WITH MIGRATION ================ 671.96
ENERGY: 2104500        64.3815       200.8784       154.0900         0.0000         -60675.0444      7602.7261         0.0000         0.0000      9899.9000         -42753.0684       310.3574    -52652.9684    -42727.7062       310.2815            380.4311       474.1627    162122.3314        -5.9243        -6.1472

WRITING COORDINATES TO DCD FILE 04_prod_1ns/prod_04.dcd AT STEP 2105000
WRITING COORDINATES TO RESTART FILE AT STEP 2105000
FINISHED WRITING RESTART COORDINATES
WRITING VELOCITIES TO RESTART FILE AT STEP 2105000
FINISHED WRITING RESTART VELOCITIES
TIMING: 2105000  CPU: 679.557, 0.00190714/step  Wall: 673.03, 0.00193869/step, 0.0780863 hours remaining, 0.000000 MB of memory in use.
PERFORMANCE: 2105000  averaging 91.1525 ns/day, 0.00189572 sec/step with standard deviation 2.45021e-05
ETITLE:      TS           BOND          ANGLE          DIHED          IMPRP               ELECT            VDW       BOUNDARY           MISC        KINETIC               TOTAL           TEMP      POTENTIAL         TOTAL3        TEMPAVG            PRESSURE      GPRESSURE         VOLUME       PRESSAVG      GPRESSAVG

ENERGY: 2105000        57.5035       205.1373       143.8032         0.0000         -60541.9430      7342.7203         0.0000         0.0000      9961.0614         -42831.7172       312.2747    -52792.7786    -42805.7951       309.4600            -22.5935        86.6095    161637.4163        -4.1993        -4.8878

WRITING EXTENDED SYSTEM TO RESTART FILE AT STEP 2105000
ENERGY: 2105500        66.3164       213.7289       155.0471         0.0000         -60294.7137      7401.1991         0.0000         0.0000      9881.4953         -42576.9269       309.7804    -52458.4222    -42555.3106       310.6398              8.2062        90.7971    163302.7973        -8.7272        -8.4682

ENERGY: 2106000        71.6962       193.0629       155.6331         0.0000         -60224.1906      7260.5585         0.0000         0.0000      9906.3861         -42636.8539       310.5607    -52543.2400    -42616.2035       311.0371            -98.0245        16.8393    161820.0257        -7.9809        -7.3994

WRITING COORDINATES TO DCD FILE 04_prod_1ns/prod_04.dcd AT STEP 2106000
LDB: ============= START OF LOAD BALANCING ============== 675.715
LDB: ============== END OF LOAD BALANCING =============== 675.716
Info: useSync: 0 useProxySync: 0
LDB: =============== DONE WITH MIGRATION ================ 675.716
LDB: ============= START OF LOAD BALANCING ============== 675.807
LDB: TIME 675.808 LOAD: AVG 0.0252197 MAX 0.0495931  PROXIES: TOTAL 128 MAXPE 16 MAXPATCH 4 None MEM: 0 MB
LDB: TIME 675.808 LOAD: AVG 0.0252197 MAX 0.0495931  PROXIES: TOTAL 128 MAXPE 16 MAXPATCH 4 RefineTorusLB MEM: 0 MB
LDB: TIME 675.808 LOAD: AVG 0.0252197 MAX 0.0495931  PROXIES: TOTAL 128 MAXPE 16 MAXPATCH 4 RefineTorusLB MEM: 0 MB
LDB: ============== END OF LOAD BALANCING =============== 675.808
Info: useSync: 0 useProxySync: 0
LDB: =============== DONE WITH MIGRATION ================ 675.809
ENERGY: 2106500        74.7744       177.0013       150.3149         0.0000         -60155.0975      7277.1599         0.0000         0.0000      9883.0755         -42592.7715       309.8299    -52475.8470    -42570.4484       311.5820           -103.5860        -5.7853    162295.3345        10.9529        10.4385

ENERGY: 2107000        67.1008       209.9972       152.2665         0.0000         -60348.2152      7459.0703         0.0000         0.0000      9872.6432         -42587.1374       309.5029    -52459.7806    -42564.8365       310.0295            304.1509       390.6544    162103.6086         9.2683        10.3873

WRITING COORDINATES TO DCD FILE 04_prod_1ns/prod_04.dcd AT STEP 2107000
ENERGY: 2107500        70.0161       202.3589       148.9853         0.0000         -60216.2101      7223.3929         0.0000         0.0000      9894.3301         -42677.1267       310.1827    -52571.4568    -42653.3790       310.4025           -222.7991      -121.3318    162670.5855         4.7701         4.7023

ENERGY: 2108000        85.3231       198.8550       158.3950         0.0000         -60132.0113      7188.0968         0.0000         0.0000      9844.5087         -42656.8327       308.6209    -52501.3414    -42630.1581       310.9396           -336.9600      -261.9491    162797.2267        -1.9751        -1.7913

WRITING COORDINATES TO DCD FILE 04_prod_1ns/prod_04.dcd AT STEP 2108000
LDB: ============= START OF LOAD BALANCING ============== 679.325
LDB: ============== END OF LOAD BALANCING =============== 679.326
Info: useSync: 0 useProxySync: 0
LDB: =============== DONE WITH MIGRATION ================ 679.326
LDB: ============= START OF LOAD BALANCING ============== 679.417
LDB: TIME 679.417 LOAD: AVG 0.026408 MAX 0.0519666  PROXIES: TOTAL 128 MAXPE 16 MAXPATCH 4 None MEM: 0 MB
LDB: TIME 679.417 LOAD: AVG 0.026408 MAX 0.0519666  PROXIES: TOTAL 128 MAXPE 16 MAXPATCH 4 RefineTorusLB MEM: 0 MB
LDB: TIME 679.417 LOAD: AVG 0.026408 MAX 0.0519666  PROXIES: TOTAL 128 MAXPE 16 MAXPATCH 4 RefineTorusLB MEM: 0 MB
LDB: ============== END OF LOAD BALANCING =============== 679.418
Info: useSync: 0 useProxySync: 0
LDB: =============== DONE WITH MIGRATION ================ 679.418
ENERGY: 2108500        62.4545       191.3392       154.9913         0.0000         -60189.6351      7273.8233         0.0000         0.0000     10017.1628         -42489.8640       314.0335    -52507.0268    -42469.9795       311.8347            -74.1083        33.0287    162066.3593        -5.2266        -5.6002

ENERGY: 2109000        75.4972       195.1769       154.6575         0.0000         -60289.1700      7233.8127         0.0000         0.0000      9942.3007         -42687.7251       311.6866    -52630.0257    -42667.7657       311.1153           -229.9034      -144.6179    162714.9030        -7.9330        -7.4865

WRITING COORDINATES TO DCD FILE 04_prod_1ns/prod_04.dcd AT STEP 2109000
ENERGY: 2109500        67.8172       193.8814       145.7308         0.0000         -60513.7450      7361.4089         0.0000         0.0000      9856.7656         -42888.1411       309.0051    -52744.9067    -42865.5645       308.2076           -103.1125         8.5592    161564.7827       -10.3074        -9.5511

TIMING: 2110000  CPU: 689.159, 0.00192038/step  Wall: 682.169, 0.0018278/step, 0.0710813 hours remaining, 0.000000 MB of memory in use.
PERFORMANCE: 2110000  averaging 91.1979 ns/day, 0.00189478 sec/step with standard deviation 2.56118e-05
ETITLE:      TS           BOND          ANGLE          DIHED          IMPRP               ELECT            VDW       BOUNDARY           MISC        KINETIC               TOTAL           TEMP      POTENTIAL         TOTAL3        TEMPAVG            PRESSURE      GPRESSURE         VOLUME       PRESSAVG      GPRESSAVG

ENERGY: 2110000        68.0951       186.2880       141.8149         0.0000         -60162.3457      7332.3324         0.0000         0.0000      9806.7548         -42627.0606       307.4373    -52433.8154    -42609.6920       308.1757             24.0058        97.5464    162788.2989         2.6920         2.8837

WRITING EXTENDED SYSTEM TO RESTART FILE AT STEP 2110000
WRITING COORDINATES TO DCD FILE 04_prod_1ns/prod_04.dcd AT STEP 2110000
WRITING COORDINATES TO RESTART FILE AT STEP 2110000
FINISHED WRITING RESTART COORDINATES
WRITING VELOCITIES TO RESTART FILE AT STEP 2110000
FINISHED WRITING RESTART VELOCITIES
LDB: ============= START OF LOAD BALANCING ============== 683.044
LDB: ============== END OF LOAD BALANCING =============== 683.045
Info: useSync: 0 useProxySync: 0
LDB: =============== DONE WITH MIGRATION ================ 683.045
LDB: ============= START OF LOAD BALANCING ============== 683.136
LDB: TIME 683.136 LOAD: AVG 0.0259681 MAX 0.0477238  PROXIES: TOTAL 128 MAXPE 16 MAXPATCH 4 None MEM: 0 MB
LDB: TIME 683.136 LOAD: AVG 0.0259681 MAX 0.0477238  PROXIES: TOTAL 128 MAXPE 16 MAXPATCH 4 RefineTorusLB MEM: 0 MB
LDB: TIME 683.137 LOAD: AVG 0.0259681 MAX 0.0477238  PROXIES: TOTAL 128 MAXPE 16 MAXPATCH 4 RefineTorusLB MEM: 0 MB
LDB: Reverting to original mapping
LDB: ============== END OF LOAD BALANCING =============== 683.137
Info: useSync: 0 useProxySync: 0
LDB: =============== DONE WITH MIGRATION ================ 683.138
ENERGY: 2110500        81.5556       202.6435       155.1194         0.0000         -60311.9238      7298.7609         0.0000         0.0000     10005.2743         -42568.5701       313.6608    -52573.8444    -42541.9816       309.9533           -371.5527      -264.0246    163985.1262         3.5210         3.0106

ENERGY: 2111000        73.1266       190.7190       149.3782         0.0000         -59971.4329      7192.4045         0.0000         0.0000      9846.1073         -42519.6972       308.6710    -52365.8045    -42494.6087       311.2294           -388.4406      -309.7765    164430.1937       -15.6077       -13.8865

WRITING COORDINATES TO DCD FILE 04_prod_1ns/prod_04.dcd AT STEP 2111000
ENERGY: 2111500        64.7831       204.0292       150.2365         0.0000         -60327.1256      7429.6318         0.0000         0.0000      9989.3579         -42489.0870       313.1618    -52478.4449    -42471.2066       312.6291            172.9242       234.4548    163218.5578         3.9575         2.6137

ENERGY: 2112000        68.5765       188.3945       155.8166         0.0000         -60225.8681      7209.0624         0.0000         0.0000      9859.5504         -42744.4677       309.0924    -52604.0181    -42723.8379       310.6981           -299.8552      -211.6673    162972.1707        12.2298        12.0094

WRITING COORDINATES TO DCD FILE 04_prod_1ns/prod_04.dcd AT STEP 2112000
LDB: ============= START OF LOAD BALANCING ============== 686.723
LDB: ============== END OF LOAD BALANCING =============== 686.724
Info: useSync: 0 useProxySync: 0
LDB: =============== DONE WITH MIGRATION ================ 686.724
LDB: ============= START OF LOAD BALANCING ============== 686.816
LDB: TIME 686.817 LOAD: AVG 0.0254211 MAX 0.045658  PROXIES: TOTAL 128 MAXPE 16 MAXPATCH 4 None MEM: 0 MB
LDB: TIME 686.817 LOAD: AVG 0.0254211 MAX 0.045658  PROXIES: TOTAL 128 MAXPE 16 MAXPATCH 4 RefineTorusLB MEM: 0 MB
LDB: TIME 686.817 LOAD: AVG 0.0254211 MAX 0.045658  PROXIES: TOTAL 128 MAXPE 16 MAXPATCH 4 RefineTorusLB MEM: 0 MB
LDB: Reverting to original mapping
LDB: ============== END OF LOAD BALANCING =============== 686.818
Info: useSync: 0 useProxySync: 0
LDB: =============== DONE WITH MIGRATION ================ 686.818
ENERGY: 2112500        71.6547       181.0873       153.7580         0.0000         -60298.5978      7347.0591         0.0000         0.0000      9796.5882         -42748.4504       307.1186    -52545.0386    -42726.7525       308.7209             19.0876       113.7301    162642.1904         1.7585         1.2619

ENERGY: 2113000        68.1108       194.7499       154.2257         0.0000         -60355.4552      7343.5051         0.0000         0.0000      9827.6231         -42767.2406       308.0915    -52594.8638    -42745.4701       309.0484             61.3698       129.0785    162094.3972        -0.9049        -1.4336

WRITING COORDINATES TO DCD FILE 04_prod_1ns/prod_04.dcd AT STEP 2113000
ENERGY: 2113500        66.3580       193.9377       152.3150         0.0000         -60291.3816      7321.8636         0.0000         0.0000      9961.9579         -42594.9495       312.3028    -52556.9074    -42576.0819       309.5563            -41.4413        51.1368    162671.3613        14.6302        15.2653

ENERGY: 2114000        72.4178       198.6165       148.1099         0.0000         -60380.8768      7389.6380         0.0000         0.0000      9878.9976         -42693.0971       309.7021    -52572.0947    -42667.3688       311.0963            124.1975       202.4123    161405.3316        -4.5394        -3.8923

WRITING COORDINATES TO DCD FILE 04_prod_1ns/prod_04.dcd AT STEP 2114000
LDB: ============= START OF LOAD BALANCING ============== 690.422
LDB: ============== END OF LOAD BALANCING =============== 690.422
Info: useSync: 0 useProxySync: 0
LDB: =============== DONE WITH MIGRATION ================ 690.422
LDB: ============= START OF LOAD BALANCING ============== 690.514
LDB: TIME 690.515 LOAD: AVG 0.0253927 MAX 0.0411862  PROXIES: TOTAL 128 MAXPE 16 MAXPATCH 4 None MEM: 0 MB
LDB: TIME 690.515 LOAD: AVG 0.0253927 MAX 0.0411862  PROXIES: TOTAL 128 MAXPE 16 MAXPATCH 4 RefineTorusLB MEM: 0 MB
LDB: TIME 690.515 LOAD: AVG 0.0253927 MAX 0.0411862  PROXIES: TOTAL 128 MAXPE 16 MAXPATCH 4 RefineTorusLB MEM: 0 MB
LDB: ============== END OF LOAD BALANCING =============== 690.515
Info: useSync: 0 useProxySync: 0
LDB: =============== DONE WITH MIGRATION ================ 690.516
ENERGY: 2114500        79.1183       199.2913       153.1777         0.0000         -60487.1779      7444.0798         0.0000         0.0000      9881.7516         -42729.7592       309.7884    -52611.5108    -42705.1219       309.4980             13.0920       104.4956    162690.0322         3.2131         2.6568

TIMING: 2115000  CPU: 698.722, 0.00191267/step  Wall: 691.503, 0.00186695/step, 0.0700105 hours remaining, 0.000000 MB of memory in use.
PERFORMANCE: 2115000  averaging 91.2162 ns/day, 0.0018944 sec/step with standard deviation 2.56411e-05
ETITLE:      TS           BOND          ANGLE          DIHED          IMPRP               ELECT            VDW       BOUNDARY           MISC        KINETIC               TOTAL           TEMP      POTENTIAL         TOTAL3        TEMPAVG            PRESSURE      GPRESSURE         VOLUME       PRESSAVG      GPRESSAVG

ENERGY: 2115000        64.3994       215.8379       156.3258         0.0000         -60251.2167      7278.1087         0.0000         0.0000      9780.0315         -42756.5134       306.5995    -52536.5449    -42735.1875       309.3031           -104.5853       -15.4518    162810.2132        -1.4143        -0.9252

WRITING EXTENDED SYSTEM TO RESTART FILE AT STEP 2115000
WRITING COORDINATES TO DCD FILE 04_prod_1ns/prod_04.dcd AT STEP 2115000
WRITING COORDINATES TO RESTART FILE AT STEP 2115000
FINISHED WRITING RESTART COORDINATES
WRITING VELOCITIES TO RESTART FILE AT STEP 2115000
FINISHED WRITING RESTART VELOCITIES
ENERGY: 2115500        62.6410       177.6186       141.8515         0.0000         -60331.5360      7400.0544         0.0000         0.0000      9978.6445         -42570.7261       312.8260    -52549.3706    -42550.0182       310.1405            183.6634       252.3159    162410.7245         6.3227         5.7444

ENERGY: 2116000        71.1086       185.5544       141.7888         0.0000         -60149.2262      7300.4113         0.0000         0.0000      9894.4025         -42555.9606       310.1850    -52450.3631    -42530.8004       310.4287             17.1781        68.1384    162810.6998         2.6319         2.9702

WRITING COORDINATES TO DCD FILE 04_prod_1ns/prod_04.dcd AT STEP 2116000
LDB: ============= START OF LOAD BALANCING ============== 694.303
LDB: ============== END OF LOAD BALANCING =============== 694.303
Info: useSync: 0 useProxySync: 0
LDB: =============== DONE WITH MIGRATION ================ 694.303
LDB: ============= START OF LOAD BALANCING ============== 694.397
LDB: TIME 694.398 LOAD: AVG 0.0280198 MAX 0.049892  PROXIES: TOTAL 128 MAXPE 16 MAXPATCH 4 None MEM: 0 MB
LDB: TIME 694.398 LOAD: AVG 0.0280198 MAX 0.049892  PROXIES: TOTAL 128 MAXPE 16 MAXPATCH 4 RefineTorusLB MEM: 0 MB
LDB: TIME 694.398 LOAD: AVG 0.0280198 MAX 0.049892  PROXIES: TOTAL 128 MAXPE 16 MAXPATCH 4 RefineTorusLB MEM: 0 MB
LDB: ============== END OF LOAD BALANCING =============== 694.398
Info: useSync: 0 useProxySync: 0
LDB: =============== DONE WITH MIGRATION ================ 694.399
ENERGY: 2116500        77.9404       180.2618       163.0272         0.0000         -60308.6255      7369.9333         0.0000         0.0000      9969.0395         -42548.4233       312.5249    -52517.4629    -42531.0044       310.5164             14.9350       113.5402    161515.0332         9.6485         9.9565

ENERGY: 2117000        75.9979       202.8854       144.9351         0.0000         -60148.0662      7326.0823         0.0000         0.0000      9952.1286         -42446.0369       311.9947    -52398.1654    -42424.1327       311.4797            122.0473       200.5669    162339.6147         2.8704         2.7564

WRITING COORDINATES TO DCD FILE 04_prod_1ns/prod_04.dcd AT STEP 2117000
ENERGY: 2117500        72.9529       201.2003       154.3255         0.0000         -60113.8056      7322.7148         0.0000         0.0000      9793.7355         -42568.8766       307.0291    -52362.6121    -42547.1704       310.9294           -141.7875       -35.3719    163006.1850         2.8289         1.8645

ENERGY: 2118000        80.0428       192.5383       161.7918         0.0000         -60261.5111      7298.2712         0.0000         0.0000      9947.6983         -42581.1686       311.8558    -52528.8669    -42559.0885       310.6035           -166.2204      -101.7146    162316.7300        14.4820        15.0762

WRITING COORDINATES TO DCD FILE 04_prod_1ns/prod_04.dcd AT STEP 2118000
LDB: ============= START OF LOAD BALANCING ============== 698.315
LDB: ============== END OF LOAD BALANCING =============== 698.32
Info: useSync: 0 useProxySync: 0
LDB: =============== DONE WITH MIGRATION ================ 698.325
LDB: ============= START OF LOAD BALANCING ============== 698.433
LDB: TIME 698.434 LOAD: AVG 0.0364757 MAX 0.0626711  PROXIES: TOTAL 128 MAXPE 16 MAXPATCH 4 None MEM: 0 MB
LDB: TIME 698.436 LOAD: AVG 0.0364757 MAX 0.0626711  PROXIES: TOTAL 128 MAXPE 16 MAXPATCH 4 RefineTorusLB MEM: 0 MB
LDB: TIME 698.436 LOAD: AVG 0.0364757 MAX 0.0626711  PROXIES: TOTAL 128 MAXPE 16 MAXPATCH 4 RefineTorusLB MEM: 0 MB
LDB: ============== END OF LOAD BALANCING =============== 698.437
Info: useSync: 0 useProxySync: 0
LDB: =============== DONE WITH MIGRATION ================ 698.438
ENERGY: 2118500        79.2200       190.6343       150.9686         0.0000         -60425.6049      7339.3449         0.0000         0.0000      9967.6356         -42697.8015       312.4808    -52665.4371    -42678.3205       310.0276           -237.2022      -143.1979    163414.3239        -1.9172        -2.0886

ENERGY: 2119000        61.6319       188.8133       150.2917         0.0000         -60388.7288      7384.6490         0.0000         0.0000      9793.3633         -42809.9796       307.0175    -52603.3429    -42787.4259       309.9781             -7.6327        64.0682    162033.8110        -9.6557        -9.9756

WRITING COORDINATES TO DCD FILE 04_prod_1ns/prod_04.dcd AT STEP 2119000
ENERGY: 2119500        74.2693       197.1652       153.3113         0.0000         -60309.9250      7351.0107         0.0000         0.0000      9834.3196         -42699.8490       308.3014    -52534.1686    -42678.0964       310.7553            105.1808       200.0368    161349.5627        15.7430        15.0994

TIMING: 2120000  CPU: 708.622, 0.00197988/step  Wall: 701.554, 0.00201003/step, 0.0725845 hours remaining, 0.000000 MB of memory in use.
PERFORMANCE: 2120000  averaging 91.1411 ns/day, 0.00189596 sec/step with standard deviation 2.8795e-05
ETITLE:      TS           BOND          ANGLE          DIHED          IMPRP               ELECT            VDW       BOUNDARY           MISC        KINETIC               TOTAL           TEMP      POTENTIAL         TOTAL3        TEMPAVG            PRESSURE      GPRESSURE         VOLUME       PRESSAVG      GPRESSAVG

ENERGY: 2120000        78.2087       197.0786       144.5897         0.0000         -60176.8002      7163.7311         0.0000         0.0000      9871.8379         -42721.3543       309.4776    -52593.1921    -42702.9149       309.3134           -322.4082      -225.0611    162104.4093        -2.7640        -2.5527

WRITING EXTENDED SYSTEM TO RESTART FILE AT STEP 2120000
WRITING COORDINATES TO DCD FILE 04_prod_1ns/prod_04.dcd AT STEP 2120000
WRITING COORDINATES TO RESTART FILE AT STEP 2120000
FINISHED WRITING RESTART COORDINATES
WRITING VELOCITIES TO RESTART FILE AT STEP 2120000
FINISHED WRITING RESTART VELOCITIES
LDB: ============= START OF LOAD BALANCING ============== 702.461
LDB: ============== END OF LOAD BALANCING =============== 702.461
Info: useSync: 0 useProxySync: 0
LDB: =============== DONE WITH MIGRATION ================ 702.462
LDB: ============= START OF LOAD BALANCING ============== 702.559
LDB: TIME 702.559 LOAD: AVG 0.0275035 MAX 0.0514259  PROXIES: TOTAL 128 MAXPE 16 MAXPATCH 4 None MEM: 0 MB
LDB: TIME 702.559 LOAD: AVG 0.0275035 MAX 0.0514259  PROXIES: TOTAL 128 MAXPE 16 MAXPATCH 4 RefineTorusLB MEM: 0 MB
LDB: TIME 702.56 LOAD: AVG 0.0275035 MAX 0.0514259  PROXIES: TOTAL 128 MAXPE 16 MAXPATCH 4 RefineTorusLB MEM: 0 MB
LDB: Reverting to original mapping
LDB: ============== END OF LOAD BALANCING =============== 702.56
Info: useSync: 0 useProxySync: 0
LDB: =============== DONE WITH MIGRATION ================ 702.561
ENERGY: 2120500        63.1722       184.2866       150.5456         0.0000         -60333.7703      7388.0580         0.0000         0.0000      9951.2069         -42596.5009       311.9658    -52547.7078    -42571.8100       310.4051              7.7762        92.9987    162519.9694        -7.8230        -6.9270

WRITING COORDINATES TO DCD FILE 04_prod_1ns/prod_04.dcd AT STEP 2121000
ENERGY: 2121000        64.7521       188.9826       152.8301         0.0000         -60363.1176      7373.9432         0.0000         0.0000      9927.7944         -42654.8152       311.2318    -52582.6096    -42635.8441       311.5379            186.8682       269.8125    161394.1127        -2.0346        -3.0615

ENERGY: 2121500        56.1520       196.2775       160.2744         0.0000         -60427.4712      7317.8191         0.0000         0.0000      9871.2002         -42825.7480       309.4576    -52696.9482    -42806.9557       309.7510            -84.3390        18.3360    163189.4513         2.1376         1.9323

ENERGY: 2122000        74.5535       200.9969       146.4661         0.0000         -60118.7840      7306.5090         0.0000         0.0000      9920.7912         -42469.4674       311.0123    -52390.2586    -42452.8689       310.0520             16.8429       103.2206    162352.6482        10.4893        11.3522

WRITING COORDINATES TO DCD FILE 04_prod_1ns/prod_04.dcd AT STEP 2122000
LDB: ============= START OF LOAD BALANCING ============== 706.405
LDB: ============== END OF LOAD BALANCING =============== 706.405
Info: useSync: 0 useProxySync: 0
LDB: =============== DONE WITH MIGRATION ================ 706.406
LDB: ============= START OF LOAD BALANCING ============== 706.503
LDB: TIME 706.504 LOAD: AVG 0.0275718 MAX 0.048994  PROXIES: TOTAL 128 MAXPE 16 MAXPATCH 4 None MEM: 0 MB
LDB: TIME 706.504 LOAD: AVG 0.0275718 MAX 0.048994  PROXIES: TOTAL 128 MAXPE 16 MAXPATCH 4 RefineTorusLB MEM: 0 MB
LDB: TIME 706.504 LOAD: AVG 0.0275718 MAX 0.048994  PROXIES: TOTAL 128 MAXPE 16 MAXPATCH 4 RefineTorusLB MEM: 0 MB
LDB: Reverting to original mapping
LDB: ============== END OF LOAD BALANCING =============== 706.504
Info: useSync: 0 useProxySync: 0
LDB: =============== DONE WITH MIGRATION ================ 706.505
ENERGY: 2122500        74.5226       179.8925       162.5133         0.0000         -60081.2660      7277.3656         0.0000         0.0000      9931.2990         -42455.6730       311.3417    -52386.9720    -42431.1063       312.1160           -108.5287       -39.6658    162802.0105         4.7499         4.9623

ENERGY: 2123000        76.5790       192.2326       154.7147         0.0000         -60448.7801      7432.5799         0.0000         0.0000      9921.6750         -42670.9988       311.0400    -52592.6738    -42647.3489       309.6186            179.6718       285.4309    161357.2474        -3.7513        -2.6997

WRITING COORDINATES TO DCD FILE 04_prod_1ns/prod_04.dcd AT STEP 2123000
ENERGY: 2123500        84.9988       204.4349       150.1352         0.0000         -60143.6985      7279.0632         0.0000         0.0000      9903.5243         -42521.5422       310.4710    -52425.0664    -42506.1072       311.0960           -124.7586       -18.9469    161852.2247        -0.5385         0.1276

ENERGY: 2124000        69.4493       195.0784       141.5801         0.0000         -60496.4324      7424.6960         0.0000         0.0000      9833.1401         -42832.4885       308.2645    -52665.6286    -42808.9803       310.8609             65.7348       163.5731    161526.6804         5.6948         6.3643

WRITING COORDINATES TO DCD FILE 04_prod_1ns/prod_04.dcd AT STEP 2124000
LDB: ============= START OF LOAD BALANCING ============== 710.194
LDB: ============== END OF LOAD BALANCING =============== 710.194
Info: useSync: 0 useProxySync: 0
LDB: =============== DONE WITH MIGRATION ================ 710.195
LDB: ============= START OF LOAD BALANCING ============== 710.286
LDB: TIME 710.286 LOAD: AVG 0.030007 MAX 0.0509374  PROXIES: TOTAL 128 MAXPE 16 MAXPATCH 4 None MEM: 0 MB
LDB: TIME 710.287 LOAD: AVG 0.030007 MAX 0.0509374  PROXIES: TOTAL 128 MAXPE 16 MAXPATCH 4 RefineTorusLB MEM: 0 MB
LDB: TIME 710.287 LOAD: AVG 0.030007 MAX 0.0509374  PROXIES: TOTAL 128 MAXPE 16 MAXPATCH 4 RefineTorusLB MEM: 0 MB
LDB: ============== END OF LOAD BALANCING =============== 710.287
Info: useSync: 0 useProxySync: 0
LDB: =============== DONE WITH MIGRATION ================ 710.288
ENERGY: 2124500        69.8875       194.5114       151.2872         0.0000         -60330.3821      7252.0580         0.0000         0.0000      9900.9431         -42761.6949       310.3901    -52662.6380    -42737.2621       308.6155           -373.3330      -278.3033    162700.3650         3.4547         4.3978

TIMING: 2125000  CPU: 718.543, 0.00198429/step  Wall: 711.245, 0.00193819/step, 0.0672981 hours remaining, 0.000000 MB of memory in use.
PERFORMANCE: 2125000  averaging 91.114 ns/day, 0.00189653 sec/step with standard deviation 2.90124e-05
ETITLE:      TS           BOND          ANGLE          DIHED          IMPRP               ELECT            VDW       BOUNDARY           MISC        KINETIC               TOTAL           TEMP      POTENTIAL         TOTAL3        TEMPAVG            PRESSURE      GPRESSURE         VOLUME       PRESSAVG      GPRESSAVG

ENERGY: 2125000        71.4168       173.6399       158.6019         0.0000         -60580.0524      7333.9871         0.0000         0.0000      9927.6010         -42914.8055       311.2258    -52842.4065    -42888.5242       308.8766           -192.2538       -98.7393    161822.8348         4.7130         5.6989

WRITING EXTENDED SYSTEM TO RESTART FILE AT STEP 2125000
WRITING COORDINATES TO DCD FILE 04_prod_1ns/prod_04.dcd AT STEP 2125000
WRITING COORDINATES TO RESTART FILE AT STEP 2125000
FINISHED WRITING RESTART COORDINATES
WRITING VELOCITIES TO RESTART FILE AT STEP 2125000
FINISHED WRITING RESTART VELOCITIES
ENERGY: 2125500        71.3518       200.6906       148.3293         0.0000         -60112.9656      7096.8363         0.0000         0.0000      9986.5215         -42609.2360       313.0729    -52595.7575    -42588.5716       309.9369           -449.4671      -354.9432    162426.6698        12.5461        12.0742

ENERGY: 2126000        70.3537       199.5193       155.2232         0.0000         -60426.8688      7438.8743         0.0000         0.0000      9892.4354         -42670.4628       310.1233    -52562.8982    -42648.1716       309.0409             74.4283       169.8925    162255.9980        -2.5805        -3.2613

WRITING COORDINATES TO DCD FILE 04_prod_1ns/prod_04.dcd AT STEP 2126000
LDB: ============= START OF LOAD BALANCING ============== 713.995
LDB: ============== END OF LOAD BALANCING =============== 713.995
Info: useSync: 0 useProxySync: 0
LDB: =============== DONE WITH MIGRATION ================ 713.995
LDB: ============= START OF LOAD BALANCING ============== 714.086
LDB: TIME 714.087 LOAD: AVG 0.0262885 MAX 0.0518651  PROXIES: TOTAL 128 MAXPE 16 MAXPATCH 4 None MEM: 0 MB
LDB: TIME 714.087 LOAD: AVG 0.0262885 MAX 0.0518651  PROXIES: TOTAL 128 MAXPE 16 MAXPATCH 4 RefineTorusLB MEM: 0 MB
LDB: TIME 714.087 LOAD: AVG 0.0262885 MAX 0.0518651  PROXIES: TOTAL 128 MAXPE 16 MAXPATCH 4 RefineTorusLB MEM: 0 MB
LDB: ============== END OF LOAD BALANCING =============== 714.087
Info: useSync: 0 useProxySync: 0
LDB: =============== DONE WITH MIGRATION ================ 714.088
ENERGY: 2126500        67.4797       201.0874       154.4159         0.0000         -60203.8340      7158.7217         0.0000         0.0000      9796.9378         -42825.1915       307.1295    -52622.1292    -42797.3210       309.0754           -275.0209      -194.7248    161050.4685         2.9939         3.6432

ENERGY: 2127000        74.6698       188.6552       153.9435         0.0000         -60396.9482      7248.0743         0.0000         0.0000      9882.3422         -42849.2630       309.8069    -52731.6053    -42832.9377       307.8047           -233.0752      -161.0969    162640.2087        -0.6166        -0.8376

WRITING COORDINATES TO DCD FILE 04_prod_1ns/prod_04.dcd AT STEP 2127000
ENERGY: 2127500        80.7294       176.4334       149.4758         0.0000         -60356.0393      7277.8147         0.0000         0.0000      9925.5189         -42746.0671       311.1605    -52671.5860    -42731.5903       308.4894           -173.5269       -54.9561    161843.7760        10.1817        10.3767

ENERGY: 2128000        69.2124       169.2562       153.7678         0.0000         -60258.3920      7296.0286         0.0000         0.0000      9806.1175         -42764.0095       307.4173    -52570.1270    -42746.2433       309.2827           -107.9800        -1.3450    162195.1745         4.3296         5.0599

WRITING COORDINATES TO DCD FILE 04_prod_1ns/prod_04.dcd AT STEP 2128000
LDB: ============= START OF LOAD BALANCING ============== 717.676
LDB: ============== END OF LOAD BALANCING =============== 717.676
Info: useSync: 0 useProxySync: 0
LDB: =============== DONE WITH MIGRATION ================ 717.677
LDB: ============= START OF LOAD BALANCING ============== 717.77
LDB: TIME 717.77 LOAD: AVG 0.0273124 MAX 0.0500314  PROXIES: TOTAL 128 MAXPE 16 MAXPATCH 4 None MEM: 0 MB
LDB: TIME 717.771 LOAD: AVG 0.0273124 MAX 0.0500314  PROXIES: TOTAL 128 MAXPE 16 MAXPATCH 4 RefineTorusLB MEM: 0 MB
LDB: TIME 717.771 LOAD: AVG 0.0273124 MAX 0.0500314  PROXIES: TOTAL 128 MAXPE 16 MAXPATCH 4 RefineTorusLB MEM: 0 MB
LDB: Reverting to original mapping
LDB: ============== END OF LOAD BALANCING =============== 717.771
Info: useSync: 0 useProxySync: 0
LDB: =============== DONE WITH MIGRATION ================ 717.772
ENERGY: 2128500        71.5231       185.8811       151.2427         0.0000         -60143.1937      7234.9407         0.0000         0.0000      9962.7058         -42536.9003       312.3263    -52499.6062    -42514.9795       311.4105           -246.6112      -158.2683    162755.1916        -3.6006        -2.2571

ENERGY: 2129000        75.5129       199.4996       152.0886         0.0000         -60170.4772      7123.4132         0.0000         0.0000     10013.2949         -42606.6680       313.9122    -52619.9629    -42587.5640       312.0622           -440.3866      -333.7655    162398.9097        -2.4667        -1.8373

WRITING COORDINATES TO DCD FILE 04_prod_1ns/prod_04.dcd AT STEP 2129000
ENERGY: 2129500        79.1310       188.7099       157.0787         0.0000         -60551.9548      7474.7259         0.0000         0.0000      9985.2293         -42667.0801       313.0324    -52652.3094    -42644.0701       311.8126            134.8721       216.4123    162257.9381         1.8939         0.8828

TIMING: 2130000  CPU: 728.179, 0.00192717/step  Wall: 720.62, 0.00187518/step, 0.062506 hours remaining, 0.000000 MB of memory in use.
PERFORMANCE: 2130000  averaging 91.1275 ns/day, 0.00189624 sec/step with standard deviation 2.89222e-05
ETITLE:      TS           BOND          ANGLE          DIHED          IMPRP               ELECT            VDW       BOUNDARY           MISC        KINETIC               TOTAL           TEMP      POTENTIAL         TOTAL3        TEMPAVG            PRESSURE      GPRESSURE         VOLUME       PRESSAVG      GPRESSAVG

ENERGY: 2130000        69.9026       192.8952       154.4531         0.0000         -60254.5175      7263.5326         0.0000         0.0000      9952.1904         -42621.5436       311.9966    -52573.7340    -42597.6284       310.4541           -241.5818      -161.2645    162513.0943        -6.2400        -5.3913

WRITING EXTENDED SYSTEM TO RESTART FILE AT STEP 2130000
WRITING COORDINATES TO DCD FILE 04_prod_1ns/prod_04.dcd AT STEP 2130000
WRITING COORDINATES TO RESTART FILE AT STEP 2130000
FINISHED WRITING RESTART COORDINATES
WRITING VELOCITIES TO RESTART FILE AT STEP 2130000
FINISHED WRITING RESTART VELOCITIES
LDB: ============= START OF LOAD BALANCING ============== 721.516
LDB: ============== END OF LOAD BALANCING =============== 721.517
Info: useSync: 0 useProxySync: 0
LDB: =============== DONE WITH MIGRATION ================ 721.517
LDB: ============= START OF LOAD BALANCING ============== 721.609
LDB: TIME 721.609 LOAD: AVG 0.0253968 MAX 0.0505964  PROXIES: TOTAL 128 MAXPE 16 MAXPATCH 4 None MEM: 0 MB
LDB: TIME 721.61 LOAD: AVG 0.0253968 MAX 0.0505964  PROXIES: TOTAL 128 MAXPE 16 MAXPATCH 4 RefineTorusLB MEM: 0 MB
LDB: TIME 721.61 LOAD: AVG 0.0253968 MAX 0.0505964  PROXIES: TOTAL 128 MAXPE 16 MAXPATCH 4 RefineTorusLB MEM: 0 MB
LDB: Reverting to original mapping
LDB: ============== END OF LOAD BALANCING =============== 721.61
Info: useSync: 0 useProxySync: 0
LDB: =============== DONE WITH MIGRATION ================ 721.611
ENERGY: 2130500        69.4388       193.5096       151.3778         0.0000         -60270.2964      7219.0519         0.0000         0.0000      9895.1970         -42741.7214       310.2099    -52636.9184    -42715.1730       310.2215           -391.2273      -291.0619    163601.8938         2.9360         2.6598

ENERGY: 2131000        66.2630       185.4256       142.0203         0.0000         -60284.3508      7149.5127         0.0000         0.0000      9993.7478         -42747.3815       313.2994    -52741.1292    -42724.1153       309.9429           -397.9066      -282.7804    161757.7041         3.4115         3.5288

WRITING COORDINATES TO DCD FILE 04_prod_1ns/prod_04.dcd AT STEP 2131000
ENERGY: 2131500        75.6863       174.6985       156.2115         0.0000         -60483.3659      7424.6899         0.0000         0.0000      9867.5486         -42784.5311       309.3432    -52652.0797    -42757.3286       308.0890            -42.1161        75.6271    162277.7430        16.6501        16.6572

ENERGY: 2132000        64.8733       194.8152       148.2586         0.0000         -60057.6952      7292.2138         0.0000         0.0000      9834.3632         -42523.1710       308.3028    -52357.5342    -42500.6898       310.1822             73.2993       135.8577    162575.7292         0.7848         0.3734

WRITING COORDINATES TO DCD FILE 04_prod_1ns/prod_04.dcd AT STEP 2132000
LDB: ============= START OF LOAD BALANCING ============== 725.273
LDB: ============== END OF LOAD BALANCING =============== 725.274
Info: useSync: 0 useProxySync: 0
LDB: =============== DONE WITH MIGRATION ================ 725.274
LDB: ============= START OF LOAD BALANCING ============== 725.37
LDB: TIME 725.371 LOAD: AVG 0.0275196 MAX 0.0481646  PROXIES: TOTAL 128 MAXPE 16 MAXPATCH 4 None MEM: 0 MB
LDB: TIME 725.371 LOAD: AVG 0.0275196 MAX 0.0481646  PROXIES: TOTAL 128 MAXPE 16 MAXPATCH 4 RefineTorusLB MEM: 0 MB
LDB: TIME 725.371 LOAD: AVG 0.0275196 MAX 0.0481646  PROXIES: TOTAL 128 MAXPE 16 MAXPATCH 4 RefineTorusLB MEM: 0 MB
LDB: ============== END OF LOAD BALANCING =============== 725.371
Info: useSync: 0 useProxySync: 0
LDB: =============== DONE WITH MIGRATION ================ 725.372
ENERGY: 2132500        70.1016       200.1715       154.2828         0.0000         -60456.8042      7442.4533         0.0000         0.0000      9931.7987         -42657.9962       311.3574    -52589.7949    -42633.9576       310.9076             75.8204       166.8241    162032.0433        -0.4874        -0.6762

ENERGY: 2133000        74.8758       207.6721       155.7627         0.0000         -60364.6686      7308.7861         0.0000         0.0000      9844.9450         -42772.6269       308.6345    -52617.5719    -42745.3863       309.9692           -164.6860       -86.6394    161839.1273        -4.8036        -4.7323

WRITING COORDINATES TO DCD FILE 04_prod_1ns/prod_04.dcd AT STEP 2133000
ENERGY: 2133500        71.4994       213.2082       151.3622         0.0000         -60369.4875      7301.9876         0.0000         0.0000      9921.2596         -42710.1705       311.0270    -52631.4301    -42692.8187       309.5845            -16.7224        67.0908    162181.3690        -1.6825        -2.3830

ENERGY: 2134000        76.3672       209.8173       157.6568         0.0000         -60453.9631      7401.2578         0.0000         0.0000      9905.8586         -42703.0054       310.5442    -52608.8640    -42681.3595       310.6009            -57.5424        18.3787    162135.5403        11.5403        12.2716

WRITING COORDINATES TO DCD FILE 04_prod_1ns/prod_04.dcd AT STEP 2134000
LDB: ============= START OF LOAD BALANCING ============== 729.078
LDB: ============== END OF LOAD BALANCING =============== 729.078
Info: useSync: 0 useProxySync: 0
LDB: =============== DONE WITH MIGRATION ================ 729.079
LDB: ============= START OF LOAD BALANCING ============== 729.172
LDB: TIME 729.173 LOAD: AVG 0.0268894 MAX 0.0494188  PROXIES: TOTAL 128 MAXPE 16 MAXPATCH 4 None MEM: 0 MB
LDB: TIME 729.173 LOAD: AVG 0.0268894 MAX 0.0494188  PROXIES: TOTAL 128 MAXPE 16 MAXPATCH 4 RefineTorusLB MEM: 0 MB
LDB: TIME 729.173 LOAD: AVG 0.0268894 MAX 0.0494188  PROXIES: TOTAL 128 MAXPE 16 MAXPATCH 4 RefineTorusLB MEM: 0 MB
LDB: Reverting to original mapping
LDB: ============== END OF LOAD BALANCING =============== 729.174
Info: useSync: 0 useProxySync: 0
LDB: =============== DONE WITH MIGRATION ================ 729.175
ENERGY: 2134500        85.3463       174.2059       144.8353         0.0000         -60205.6924      7233.2621         0.0000         0.0000      9777.2493         -42790.7934       306.5123    -52568.0427    -42769.6302       309.4814           -217.5795      -126.9813    162482.6362         4.8684         4.8068

TIMING: 2135000  CPU: 737.798, 0.00192386/step  Wall: 730.177, 0.00191139/step, 0.0610584 hours remaining, 0.000000 MB of memory in use.
PERFORMANCE: 2135000  averaging 91.118 ns/day, 0.00189644 sec/step with standard deviation 2.87831e-05
ETITLE:      TS           BOND          ANGLE          DIHED          IMPRP               ELECT            VDW       BOUNDARY           MISC        KINETIC               TOTAL           TEMP      POTENTIAL         TOTAL3        TEMPAVG            PRESSURE      GPRESSURE         VOLUME       PRESSAVG      GPRESSAVG

ENERGY: 2135000        66.9753       186.9982       150.3473         0.0000         -60359.4438      7445.0623         0.0000         0.0000      9897.3597         -42612.7010       310.2777    -52510.0607    -42589.7965       310.3898             75.2311       184.9098    163294.5000         0.9897         1.2666

WRITING EXTENDED SYSTEM TO RESTART FILE AT STEP 2135000
WRITING COORDINATES TO DCD FILE 04_prod_1ns/prod_04.dcd AT STEP 2135000
WRITING COORDINATES TO RESTART FILE AT STEP 2135000
FINISHED WRITING RESTART COORDINATES
WRITING VELOCITIES TO RESTART FILE AT STEP 2135000
FINISHED WRITING RESTART VELOCITIES
ENERGY: 2135500        71.1011       207.6860       143.2607         0.0000         -60245.6700      7335.3670         0.0000         0.0000      9950.6707         -42537.5846       311.9490    -52488.2553    -42513.7994       310.1729            -36.2587        47.6241    162225.9909         6.8287         6.5970

ENERGY: 2136000        76.6147       198.4657       144.6832         0.0000         -60147.7342      7204.6332         0.0000         0.0000      9765.1884         -42758.1491       306.1342    -52523.3375    -42741.4241       310.5157           -208.5178      -109.5546    161801.8230         1.3614         1.8980

WRITING COORDINATES TO DCD FILE 04_prod_1ns/prod_04.dcd AT STEP 2136000
LDB: ============= START OF LOAD BALANCING ============== 733.092
LDB: ============== END OF LOAD BALANCING =============== 733.092
Info: useSync: 0 useProxySync: 0
LDB: =============== DONE WITH MIGRATION ================ 733.093
LDB: ============= START OF LOAD BALANCING ============== 733.192
LDB: TIME 733.193 LOAD: AVG 0.0294189 MAX 0.0525515  PROXIES: TOTAL 128 MAXPE 16 MAXPATCH 4 None MEM: 0 MB
LDB: TIME 733.193 LOAD: AVG 0.0294189 MAX 0.0525515  PROXIES: TOTAL 128 MAXPE 16 MAXPATCH 4 RefineTorusLB MEM: 0 MB
LDB: TIME 733.193 LOAD: AVG 0.0294189 MAX 0.0525515  PROXIES: TOTAL 128 MAXPE 16 MAXPATCH 4 RefineTorusLB MEM: 0 MB
LDB: Reverting to original mapping
LDB: ============== END OF LOAD BALANCING =============== 733.194
Info: useSync: 0 useProxySync: 0
LDB: =============== DONE WITH MIGRATION ================ 733.194
ENERGY: 2136500        76.7238       202.2768       155.6368         0.0000         -60091.3180      7060.3080         0.0000         0.0000     10011.2009         -42585.1716       313.8466    -52596.3725    -42562.8560       310.4470           -453.9329      -377.9318    162114.3344        -0.9919        -1.7767

ENERGY: 2137000        76.9680       203.7305       163.8471         0.0000         -60206.8825      7218.7040         0.0000         0.0000     10003.4798         -42540.1532       313.6045    -52543.6329    -42513.6267       311.7516           -182.7447       -75.8036    161370.8289         5.5630         5.1664

WRITING COORDINATES TO DCD FILE 04_prod_1ns/prod_04.dcd AT STEP 2137000
ENERGY: 2137500        79.4641       184.7742       148.7720         0.0000         -60496.4014      7520.8180         0.0000         0.0000      9912.4530         -42650.1201       310.7509    -52562.5731    -42628.8335       310.8597            286.4022       379.4916    162708.8456         1.1801        -0.3966

ENERGY: 2138000        74.6043       191.9260       154.3744         0.0000         -60316.9032      7332.9201         0.0000         0.0000      9917.5941         -42645.4843       310.9121    -52563.0785    -42620.5389       310.2998           -135.4981       -64.0135    162382.1104        -6.8130        -7.4946

WRITING COORDINATES TO DCD FILE 04_prod_1ns/prod_04.dcd AT STEP 2138000
LDB: ============= START OF LOAD BALANCING ============== 736.913
LDB: ============== END OF LOAD BALANCING =============== 736.914
Info: useSync: 0 useProxySync: 0
LDB: =============== DONE WITH MIGRATION ================ 736.914
LDB: ============= START OF LOAD BALANCING ============== 737.01
LDB: TIME 737.01 LOAD: AVG 0.028161 MAX 0.0556  PROXIES: TOTAL 128 MAXPE 16 MAXPATCH 4 None MEM: 0 MB
LDB: TIME 737.011 LOAD: AVG 0.028161 MAX 0.0556  PROXIES: TOTAL 128 MAXPE 16 MAXPATCH 4 RefineTorusLB MEM: 0 MB
LDB: TIME 737.011 LOAD: AVG 0.028161 MAX 0.0556  PROXIES: TOTAL 128 MAXPE 16 MAXPATCH 4 RefineTorusLB MEM: 0 MB
LDB: ============== END OF LOAD BALANCING =============== 737.012
Info: useSync: 0 useProxySync: 0
LDB: =============== DONE WITH MIGRATION ================ 737.013
ENERGY: 2138500        83.6970       211.7221       155.0424         0.0000         -60013.2189      7245.7127         0.0000         0.0000      9881.0415         -42436.0033       309.7662    -52317.0448    -42408.1212       311.1170           -224.7281      -123.5885    163678.6430        -6.9326        -6.9068

ENERGY: 2139000        74.0157       196.5199       155.6635         0.0000         -59945.6120      7151.7540         0.0000         0.0000     10029.5183         -42338.1407       314.4208    -52367.6590    -42318.3854       312.9046           -249.2389      -160.2062    162407.0252         3.1083         3.6254

WRITING COORDINATES TO DCD FILE 04_prod_1ns/prod_04.dcd AT STEP 2139000
ENERGY: 2139500        83.0046       208.8976       157.9094         0.0000         -60157.8300      7367.8208         0.0000         0.0000      9920.9673         -42419.2303       311.0178    -52340.1976    -42397.5568       314.3647           -189.3363       -72.9197    163747.5316         5.3763         5.9895

TIMING: 2140000  CPU: 747.417, 0.00192378/step  Wall: 739.841, 0.00193271/step, 0.0590551 hours remaining, 0.000000 MB of memory in use.
PERFORMANCE: 2140000  averaging 91.0957 ns/day, 0.00189691 sec/step with standard deviation 2.8889e-05
ETITLE:      TS           BOND          ANGLE          DIHED          IMPRP               ELECT            VDW       BOUNDARY           MISC        KINETIC               TOTAL           TEMP      POTENTIAL         TOTAL3        TEMPAVG            PRESSURE      GPRESSURE         VOLUME       PRESSAVG      GPRESSAVG

ENERGY: 2140000        84.0492       214.3597       156.8920         0.0000         -60057.1935      7248.1236         0.0000         0.0000      9875.5715         -42478.1974       309.5947    -52353.7689    -42461.7620       312.5884           -121.3518       -26.9998    162585.5313        -0.7747        -1.5352

WRITING EXTENDED SYSTEM TO RESTART FILE AT STEP 2140000
WRITING COORDINATES TO DCD FILE 04_prod_1ns/prod_04.dcd AT STEP 2140000
WRITING COORDINATES TO RESTART FILE AT STEP 2140000
FINISHED WRITING RESTART COORDINATES
WRITING VELOCITIES TO RESTART FILE AT STEP 2140000
FINISHED WRITING RESTART VELOCITIES
LDB: ============= START OF LOAD BALANCING ============== 740.71
LDB: ============== END OF LOAD BALANCING =============== 740.71
Info: useSync: 0 useProxySync: 0
LDB: =============== DONE WITH MIGRATION ================ 740.711
LDB: ============= START OF LOAD BALANCING ============== 740.803
LDB: TIME 740.803 LOAD: AVG 0.0261217 MAX 0.0480327  PROXIES: TOTAL 128 MAXPE 16 MAXPATCH 4 None MEM: 0 MB
LDB: TIME 740.804 LOAD: AVG 0.0261217 MAX 0.0480327  PROXIES: TOTAL 128 MAXPE 16 MAXPATCH 4 RefineTorusLB MEM: 0 MB
LDB: TIME 740.804 LOAD: AVG 0.0261217 MAX 0.0480327  PROXIES: TOTAL 128 MAXPE 16 MAXPATCH 4 RefineTorusLB MEM: 0 MB
LDB: ============== END OF LOAD BALANCING =============== 740.804
Info: useSync: 0 useProxySync: 0
LDB: =============== DONE WITH MIGRATION ================ 740.805
ENERGY: 2140500        71.3813       197.9029       160.2038         0.0000         -60342.2159      7398.2923         0.0000         0.0000      9998.3825         -42516.0531       313.4447    -52514.4356    -42497.5534       312.2499             73.6045       169.5016    162288.6585         4.7158         4.5155

WRITING COORDINATES TO DCD FILE 04_prod_1ns/prod_04.dcd AT STEP 2141000
ENERGY: 2141000        79.2905       187.5306       156.8388         0.0000         -60162.8142      7199.1304         0.0000         0.0000      9848.1709         -42691.8531       308.7357    -52540.0239    -42676.1568       311.2153           -341.6632      -236.8817    163196.4231        -3.0354        -3.3180

ENERGY: 2141500        79.8516       173.2942       164.2345         0.0000         -60381.5611      7286.3548         0.0000         0.0000      9954.8408         -42722.9852       312.0797    -52677.8260    -42694.7855       310.5334           -185.7887       -43.8249    161610.5428        -4.2168        -5.7358

ENERGY: 2142000        74.0891       205.7387       153.4490         0.0000         -60158.8722      7221.2371         0.0000         0.0000      9960.6287         -42543.7296       312.2612    -52504.3583    -42519.9289       311.7740            -71.5662        -3.2740    162543.3028         2.0900         3.3315

WRITING COORDINATES TO DCD FILE 04_prod_1ns/prod_04.dcd AT STEP 2142000
LDB: ============= START OF LOAD BALANCING ============== 744.309
LDB: ============== END OF LOAD BALANCING =============== 744.309
Info: useSync: 0 useProxySync: 0
LDB: =============== DONE WITH MIGRATION ================ 744.31
LDB: ============= START OF LOAD BALANCING ============== 744.398
LDB: TIME 744.398 LOAD: AVG 0.0246029 MAX 0.041885  PROXIES: TOTAL 128 MAXPE 16 MAXPATCH 4 None MEM: 0 MB
LDB: TIME 744.398 LOAD: AVG 0.0246029 MAX 0.041885  PROXIES: TOTAL 128 MAXPE 16 MAXPATCH 4 RefineTorusLB MEM: 0 MB
LDB: TIME 744.399 LOAD: AVG 0.0246029 MAX 0.041885  PROXIES: TOTAL 128 MAXPE 16 MAXPATCH 4 RefineTorusLB MEM: 0 MB
LDB: Reverting to original mapping
LDB: ============== END OF LOAD BALANCING =============== 744.399
Info: useSync: 0 useProxySync: 0
LDB: =============== DONE WITH MIGRATION ================ 744.4
ENERGY: 2142500        88.8155       187.5148       140.9787         0.0000         -60281.0319      7375.5130         0.0000         0.0000      9930.4522         -42557.7578       311.3152    -52488.2100    -42535.8472       312.7273           -157.1366       -84.2349    163274.5792        11.3346        11.5201

ENERGY: 2143000        79.0378       187.1492       169.7832         0.0000         -60401.3647      7408.1446         0.0000         0.0000      9985.9590         -42571.2909       313.0553    -52557.2499    -42545.6500       311.1594             76.1671       186.0108    162223.9993        10.2513        10.0213

WRITING COORDINATES TO DCD FILE 04_prod_1ns/prod_04.dcd AT STEP 2143000
ENERGY: 2143500        75.5549       195.5944       160.2184         0.0000         -60286.8348      7424.8993         0.0000         0.0000      9775.2260         -42655.3418       306.4489    -52430.5678    -42634.7628       311.7084             87.4207       189.1842    162420.8218         8.2873         7.7683

ENERGY: 2144000        86.5252       198.7341       154.6685         0.0000         -59916.0039      6982.6850         0.0000         0.0000      9942.6154         -42550.7757       311.6965    -52493.3911    -42535.1449       310.8118           -745.6400      -645.1704    163523.8487       -14.9089       -15.0443

WRITING COORDINATES TO DCD FILE 04_prod_1ns/prod_04.dcd AT STEP 2144000
LDB: ============= START OF LOAD BALANCING ============== 748.045
LDB: ============== END OF LOAD BALANCING =============== 748.046
Info: useSync: 0 useProxySync: 0
LDB: =============== DONE WITH MIGRATION ================ 748.047
LDB: ============= START OF LOAD BALANCING ============== 748.14
LDB: TIME 748.14 LOAD: AVG 0.0281351 MAX 0.0458966  PROXIES: TOTAL 128 MAXPE 16 MAXPATCH 4 None MEM: 0 MB
LDB: TIME 748.14 LOAD: AVG 0.0281351 MAX 0.0458966  PROXIES: TOTAL 128 MAXPE 16 MAXPATCH 4 RefineTorusLB MEM: 0 MB
LDB: TIME 748.14 LOAD: AVG 0.0281351 MAX 0.0458966  PROXIES: TOTAL 128 MAXPE 16 MAXPATCH 4 RefineTorusLB MEM: 0 MB
LDB: ============== END OF LOAD BALANCING =============== 748.141
Info: useSync: 0 useProxySync: 0
LDB: =============== DONE WITH MIGRATION ================ 748.141
ENERGY: 2144500        81.2485       188.3761       151.0705         0.0000         -60030.9461      7133.1870         0.0000         0.0000      9899.0999         -42577.9641       310.3323    -52477.0640    -42559.2502       311.3819           -472.3520      -357.6611    162854.7264       -12.5981       -13.0431

WRITING COORDINATES TO DCD FILE 04_prod_1ns/prod_04.dcd AT STEP 2145000
WRITING COORDINATES TO RESTART FILE AT STEP 2145000
FINISHED WRITING RESTART COORDINATES
WRITING VELOCITIES TO RESTART FILE AT STEP 2145000
FINISHED WRITING RESTART VELOCITIES
TIMING: 2145000  CPU: 757.068, 0.00193014/step  Wall: 749.215, 0.00187477/step, 0.0546807 hours remaining, 0.000000 MB of memory in use.
PERFORMANCE: 2145000  averaging 91.1092 ns/day, 0.00189663 sec/step with standard deviation 2.8811e-05
ETITLE:      TS           BOND          ANGLE          DIHED          IMPRP               ELECT            VDW       BOUNDARY           MISC        KINETIC               TOTAL           TEMP      POTENTIAL         TOTAL3        TEMPAVG            PRESSURE      GPRESSURE         VOLUME       PRESSAVG      GPRESSAVG

ENERGY: 2145000        88.6632       181.2623       150.7315         0.0000         -60162.9534      7242.3201         0.0000         0.0000      9916.6965         -42583.2798       310.8839    -52499.9763    -42558.2670       310.4667           -362.3509      -260.0843    162694.9184        10.4630        12.3695

WRITING EXTENDED SYSTEM TO RESTART FILE AT STEP 2145000
ENERGY: 2145500        61.4797       189.8085       146.6491         0.0000         -60373.2295      7409.3712         0.0000         0.0000      9929.2631         -42636.6579       311.2779    -52565.9210    -42613.8305       310.9363             49.1314       125.4102    162487.6742        -0.5428        -0.6824

ENERGY: 2146000        68.1569       193.1134       145.1185         0.0000         -60303.8686      7177.6143         0.0000         0.0000      9980.0239         -42739.8416       312.8692    -52719.8655    -42721.7113       309.0064           -356.4452      -281.3340    163196.4207         8.3711         7.4192

WRITING COORDINATES TO DCD FILE 04_prod_1ns/prod_04.dcd AT STEP 2146000
LDB: ============= START OF LOAD BALANCING ============== 751.91
LDB: ============== END OF LOAD BALANCING =============== 751.91
Info: useSync: 0 useProxySync: 0
LDB: =============== DONE WITH MIGRATION ================ 751.91
LDB: ============= START OF LOAD BALANCING ============== 752.004
LDB: TIME 752.005 LOAD: AVG 0.0267378 MAX 0.0489292  PROXIES: TOTAL 128 MAXPE 16 MAXPATCH 4 None MEM: 0 MB
LDB: TIME 752.005 LOAD: AVG 0.0267378 MAX 0.0489292  PROXIES: TOTAL 128 MAXPE 16 MAXPATCH 4 RefineTorusLB MEM: 0 MB
LDB: TIME 752.005 LOAD: AVG 0.0267378 MAX 0.0489292  PROXIES: TOTAL 128 MAXPE 16 MAXPATCH 4 RefineTorusLB MEM: 0 MB
LDB: Reverting to original mapping
LDB: ============== END OF LOAD BALANCING =============== 752.006
Info: useSync: 0 useProxySync: 0
LDB: =============== DONE WITH MIGRATION ================ 752.007
ENERGY: 2146500        77.1471       203.5708       142.5900         0.0000         -60223.1360      7266.1874         0.0000         0.0000      9918.0469         -42615.5937       310.9263    -52533.6406    -42592.6466       310.3838           -176.3946       -66.9213    162665.4821         0.7634         1.7266

ENERGY: 2147000        63.3842       208.9694       142.6431         0.0000         -59977.8071      7096.6777         0.0000         0.0000      9846.6799         -42619.4529       308.6889    -52466.1328    -42601.0921       311.8306           -369.1728      -273.6765    162821.8237        -0.1932         0.5088

WRITING COORDINATES TO DCD FILE 04_prod_1ns/prod_04.dcd AT STEP 2147000
ENERGY: 2147500        82.2940       190.1610       154.9505         0.0000         -60333.9418      7389.6671         0.0000         0.0000      9864.5662         -42652.3031       309.2497    -52516.8692    -42634.9953       309.7223           -106.2330        -1.7045    162299.8805         4.7213         4.7362

ENERGY: 2148000        68.9477       179.7074       137.8012         0.0000         -59934.0534      7077.7863         0.0000         0.0000      9793.5172         -42676.2935       307.0223    -52469.8107    -42657.7293       310.4755           -378.8201      -274.7737    162699.6451         0.3065         0.5690

WRITING COORDINATES TO DCD FILE 04_prod_1ns/prod_04.dcd AT STEP 2148000
LDB: ============= START OF LOAD BALANCING ============== 755.665
LDB: ============== END OF LOAD BALANCING =============== 755.665
Info: useSync: 0 useProxySync: 0
LDB: =============== DONE WITH MIGRATION ================ 755.666
LDB: ============= START OF LOAD BALANCING ============== 755.76
LDB: TIME 755.76 LOAD: AVG 0.0272525 MAX 0.0489251  PROXIES: TOTAL 128 MAXPE 16 MAXPATCH 4 None MEM: 0 MB
LDB: TIME 755.761 LOAD: AVG 0.0272525 MAX 0.0489251  PROXIES: TOTAL 128 MAXPE 16 MAXPATCH 4 RefineTorusLB MEM: 0 MB
LDB: TIME 755.761 LOAD: AVG 0.0272525 MAX 0.0489251  PROXIES: TOTAL 128 MAXPE 16 MAXPATCH 4 RefineTorusLB MEM: 0 MB
LDB: ============== END OF LOAD BALANCING =============== 755.761
Info: useSync: 0 useProxySync: 0
LDB: =============== DONE WITH MIGRATION ================ 755.762
ENERGY: 2148500        70.6028       207.6242       147.4911         0.0000         -60262.1481      7293.3417         0.0000         0.0000     10026.9459         -42516.1423       314.3402    -52543.0882    -42493.6017       310.5788            -36.8482        46.5739    162187.8332        -1.2969        -2.5904

ENERGY: 2149000        61.1299       206.0330       156.8920         0.0000         -60379.4843      7359.0970         0.0000         0.0000      9942.7281         -42653.6043       311.7000    -52596.3323    -42636.7576       310.3597             64.9335       135.1351    161505.5961        -1.3943        -0.7717

WRITING COORDINATES TO DCD FILE 04_prod_1ns/prod_04.dcd AT STEP 2149000
ENERGY: 2149500        82.8992       200.1241       157.8124         0.0000         -60303.6330      7310.6865         0.0000         0.0000      9998.3163         -42553.7944       313.4427    -52552.1107    -42530.5458       311.2884           -101.5136        -4.7151    162552.0008        10.5333         9.6676

TIMING: 2150000  CPU: 766.686, 0.00192359/step  Wall: 758.692, 0.00189534/step, 0.0526483 hours remaining, 0.000000 MB of memory in use.
PERFORMANCE: 2150000  averaging 91.1099 ns/day, 0.00189661 sec/step with standard deviation 2.86285e-05
ETITLE:      TS           BOND          ANGLE          DIHED          IMPRP               ELECT            VDW       BOUNDARY           MISC        KINETIC               TOTAL           TEMP      POTENTIAL         TOTAL3        TEMPAVG            PRESSURE      GPRESSURE         VOLUME       PRESSAVG      GPRESSAVG

ENERGY: 2150000        88.1618       204.1062       148.5596         0.0000         -60063.5887      7321.5420         0.0000         0.0000      9928.0555         -42373.1637       311.2400    -52301.2192    -42350.8949       312.2758           -248.7588      -147.6743    164182.1804         7.7146         7.6086

WRITING EXTENDED SYSTEM TO RESTART FILE AT STEP 2150000
WRITING COORDINATES TO DCD FILE 04_prod_1ns/prod_04.dcd AT STEP 2150000
WRITING COORDINATES TO RESTART FILE AT STEP 2150000
FINISHED WRITING RESTART COORDINATES
WRITING VELOCITIES TO RESTART FILE AT STEP 2150000
FINISHED WRITING RESTART VELOCITIES
LDB: ============= START OF LOAD BALANCING ============== 759.615
LDB: ============== END OF LOAD BALANCING =============== 759.616
Info: useSync: 0 useProxySync: 0
LDB: =============== DONE WITH MIGRATION ================ 759.616
LDB: ============= START OF LOAD BALANCING ============== 759.714
LDB: TIME 759.714 LOAD: AVG 0.0272044 MAX 0.0492107  PROXIES: TOTAL 128 MAXPE 16 MAXPATCH 4 None MEM: 0 MB
LDB: TIME 759.714 LOAD: AVG 0.0272044 MAX 0.0492107  PROXIES: TOTAL 128 MAXPE 16 MAXPATCH 4 RefineTorusLB MEM: 0 MB
LDB: TIME 759.715 LOAD: AVG 0.0272044 MAX 0.0492107  PROXIES: TOTAL 128 MAXPE 16 MAXPATCH 4 RefineTorusLB MEM: 0 MB
LDB: Reverting to original mapping
LDB: ============== END OF LOAD BALANCING =============== 759.715
Info: useSync: 0 useProxySync: 0
LDB: =============== DONE WITH MIGRATION ================ 759.716
ENERGY: 2150500        69.3726       193.2317       150.1605         0.0000         -60207.9357      7307.5861         0.0000         0.0000      9834.1965         -42653.3883       308.2976    -52487.5848    -42635.9255       311.8038            -61.0219        13.8022    162550.2033         0.6465         1.3340

ENERGY: 2151000        71.6991       199.4168       158.0002         0.0000         -60398.0501      7382.6333         0.0000         0.0000      9986.4824         -42599.8182       313.0717    -52586.3006    -42575.9414       310.8429           -158.9172       -73.9275    163610.5495        -0.1557        -0.2765

WRITING COORDINATES TO DCD FILE 04_prod_1ns/prod_04.dcd AT STEP 2151000
ENERGY: 2151500        72.1004       203.3113       144.2218         0.0000         -60245.3405      7270.3112         0.0000         0.0000      9823.4588         -42731.9370       307.9610    -52555.3958    -42705.8238       311.3884           -194.9541       -94.4272    163024.7774         2.6076         2.3820

ENERGY: 2152000        84.5466       184.1584       157.1373         0.0000         -60272.8980      7393.0194         0.0000         0.0000      9845.1266         -42608.9098       308.6402    -52454.0364    -42589.3432       309.3259              3.4269       125.9399    162845.7776        -3.7858        -3.1278

WRITING COORDINATES TO DCD FILE 04_prod_1ns/prod_04.dcd AT STEP 2152000
LDB: ============= START OF LOAD BALANCING ============== 763.395
LDB: ============== END OF LOAD BALANCING =============== 763.396
Info: useSync: 0 useProxySync: 0
LDB: =============== DONE WITH MIGRATION ================ 763.396
LDB: ============= START OF LOAD BALANCING ============== 763.496
LDB: TIME 763.496 LOAD: AVG 0.0283212 MAX 0.0490983  PROXIES: TOTAL 128 MAXPE 16 MAXPATCH 4 None MEM: 0 MB
LDB: TIME 763.496 LOAD: AVG 0.0283212 MAX 0.0490983  PROXIES: TOTAL 128 MAXPE 16 MAXPATCH 4 RefineTorusLB MEM: 0 MB
LDB: TIME 763.497 LOAD: AVG 0.0283212 MAX 0.0490983  PROXIES: TOTAL 128 MAXPE 16 MAXPATCH 4 RefineTorusLB MEM: 0 MB
LDB: ============== END OF LOAD BALANCING =============== 763.497
Info: useSync: 0 useProxySync: 0
LDB: =============== DONE WITH MIGRATION ================ 763.498
ENERGY: 2152500        80.3110       195.3841       140.8070         0.0000         -60426.4210      7338.0009         0.0000         0.0000      9979.4168         -42692.5012       312.8502    -52671.9180    -42667.1063       308.5151           -242.0848      -118.2377    163089.7504         1.5601         2.3079

ENERGY: 2153000        69.8926       195.7367       146.3572         0.0000         -60341.6623      7392.0746         0.0000         0.0000      9961.9124         -42575.6889       312.3014    -52537.6013    -42554.7831       310.5464             42.3924       117.0218    162887.5147        12.4085        11.7370

WRITING COORDINATES TO DCD FILE 04_prod_1ns/prod_04.dcd AT STEP 2153000
ENERGY: 2153500        71.5247       181.7466       160.4488         0.0000         -60284.8318      7238.6825         0.0000         0.0000      9781.6561         -42850.7730       306.6505    -52632.4292    -42826.0836       310.9024           -231.3494      -146.4033    163009.1845         5.0858         5.5068

ENERGY: 2154000        72.0679       197.7573       150.8094         0.0000         -60739.4063      7510.2118         0.0000         0.0000      9826.2165         -42982.3434       308.0474    -52808.5598    -42961.0652       308.0717             81.2742       197.0993    162247.8194        -6.3097        -5.7791

WRITING COORDINATES TO DCD FILE 04_prod_1ns/prod_04.dcd AT STEP 2154000
LDB: ============= START OF LOAD BALANCING ============== 767.396
LDB: ============== END OF LOAD BALANCING =============== 767.397
Info: useSync: 0 useProxySync: 0
LDB: =============== DONE WITH MIGRATION ================ 767.397
LDB: ============= START OF LOAD BALANCING ============== 767.498
LDB: TIME 767.499 LOAD: AVG 0.0281716 MAX 0.0516014  PROXIES: TOTAL 128 MAXPE 16 MAXPATCH 4 None MEM: 0 MB
LDB: TIME 767.499 LOAD: AVG 0.0281716 MAX 0.0516014  PROXIES: TOTAL 128 MAXPE 16 MAXPATCH 4 RefineTorusLB MEM: 0 MB
LDB: TIME 767.499 LOAD: AVG 0.0281716 MAX 0.0516014  PROXIES: TOTAL 128 MAXPE 16 MAXPATCH 4 RefineTorusLB MEM: 0 MB
LDB: ============== END OF LOAD BALANCING =============== 767.499
Info: useSync: 0 useProxySync: 0
LDB: =============== DONE WITH MIGRATION ================ 767.5
ENERGY: 2154500        82.5492       187.9203       148.6616         0.0000         -60317.3769      7222.8160         0.0000         0.0000      9885.2123         -42790.2176       309.8969    -52675.4298    -42764.7582       307.7379           -402.4936      -293.2913    162564.5604        -6.3867        -5.2845

TIMING: 2155000  CPU: 776.283, 0.00191955/step  Wall: 768.501, 0.00196186/step, 0.0517714 hours remaining, 0.000000 MB of memory in use.
PERFORMANCE: 2155000  averaging 91.0713 ns/day, 0.00189742 sec/step with standard deviation 2.93584e-05
ETITLE:      TS           BOND          ANGLE          DIHED          IMPRP               ELECT            VDW       BOUNDARY           MISC        KINETIC               TOTAL           TEMP      POTENTIAL         TOTAL3        TEMPAVG            PRESSURE      GPRESSURE         VOLUME       PRESSAVG      GPRESSAVG

ENERGY: 2155000        71.0451       203.9280       151.1760         0.0000         -60354.6543      7324.8527         0.0000         0.0000      9927.9591         -42675.6934       311.2370    -52603.6525    -42654.7500       309.4142              4.3420        97.0477    162220.7522        -4.5511        -4.7699

WRITING EXTENDED SYSTEM TO RESTART FILE AT STEP 2155000
WRITING COORDINATES TO DCD FILE 04_prod_1ns/prod_04.dcd AT STEP 2155000
WRITING COORDINATES TO RESTART FILE AT STEP 2155000
FINISHED WRITING RESTART COORDINATES
WRITING VELOCITIES TO RESTART FILE AT STEP 2155000
FINISHED WRITING RESTART VELOCITIES
ENERGY: 2155500        78.8427       198.3258       148.3286         0.0000         -60312.8057      7378.6368         0.0000         0.0000      9783.8671         -42724.8047       306.7198    -52508.6718    -42708.4525       309.4139            -70.6915         3.8601    162720.2160        -8.8045        -8.2191

ENERGY: 2156000        63.6460       186.3663       147.2692         0.0000         -60097.9514      7177.4419         0.0000         0.0000      9741.9042         -42781.3238       305.4043    -52523.2280    -42767.2900       308.3847           -179.6562      -114.8455    162419.5121        -1.0307        -1.6042

WRITING COORDINATES TO DCD FILE 04_prod_1ns/prod_04.dcd AT STEP 2156000
LDB: ============= START OF LOAD BALANCING ============== 771.26
LDB: ============== END OF LOAD BALANCING =============== 771.261
Info: useSync: 0 useProxySync: 0
LDB: =============== DONE WITH MIGRATION ================ 771.261
LDB: ============= START OF LOAD BALANCING ============== 771.355
LDB: TIME 771.356 LOAD: AVG 0.0286655 MAX 0.0504839  PROXIES: TOTAL 128 MAXPE 16 MAXPATCH 4 None MEM: 0 MB
LDB: TIME 771.356 LOAD: AVG 0.0286655 MAX 0.0504839  PROXIES: TOTAL 128 MAXPE 16 MAXPATCH 4 RefineTorusLB MEM: 0 MB
LDB: TIME 771.356 LOAD: AVG 0.0286655 MAX 0.0504839  PROXIES: TOTAL 128 MAXPE 16 MAXPATCH 4 RefineTorusLB MEM: 0 MB
LDB: Reverting to original mapping
LDB: ============== END OF LOAD BALANCING =============== 771.357
Info: useSync: 0 useProxySync: 0
LDB: =============== DONE WITH MIGRATION ================ 771.358
ENERGY: 2156500        69.3163       197.8421       149.8374         0.0000         -60277.0938      7279.0606         0.0000         0.0000      9922.7022         -42658.3352       311.0722    -52581.0373    -42638.1799       309.0999            -22.4302        61.0621    161457.0811         8.2631         8.0793

ENERGY: 2157000        64.6623       193.6870       151.3111         0.0000         -60166.8623      7107.6473         0.0000         0.0000      9962.7126         -42686.8420       312.3265    -52649.5546    -42659.5575       310.5720           -430.2930      -333.8390    162901.0373         8.2700         7.9420

WRITING COORDINATES TO DCD FILE 04_prod_1ns/prod_04.dcd AT STEP 2157000
ENERGY: 2157500        77.1222       207.4657       151.9834         0.0000         -60195.2108      7281.6674         0.0000         0.0000      9911.7100         -42565.2621       310.7276    -52476.9721    -42551.4961       310.4547              2.3922        84.1453    162103.4679       -13.2193       -12.6692

ENERGY: 2158000        75.9269       194.4004       151.5563         0.0000         -59995.6271      7129.0023         0.0000         0.0000     10092.3653         -42352.3759       316.3911    -52444.7412    -42332.0513       310.9642           -321.1519      -241.0345    163025.4487         3.1837         2.8408

WRITING COORDINATES TO DCD FILE 04_prod_1ns/prod_04.dcd AT STEP 2158000
LDB: ============= START OF LOAD BALANCING ============== 774.976
LDB: ============== END OF LOAD BALANCING =============== 774.976
Info: useSync: 0 useProxySync: 0
LDB: =============== DONE WITH MIGRATION ================ 774.977
LDB: ============= START OF LOAD BALANCING ============== 775.07
LDB: TIME 775.07 LOAD: AVG 0.0256307 MAX 0.0439993  PROXIES: TOTAL 128 MAXPE 16 MAXPATCH 4 None MEM: 0 MB
LDB: TIME 775.07 LOAD: AVG 0.0256307 MAX 0.0439993  PROXIES: TOTAL 128 MAXPE 16 MAXPATCH 4 RefineTorusLB MEM: 0 MB
LDB: TIME 775.071 LOAD: AVG 0.0256307 MAX 0.0439993  PROXIES: TOTAL 128 MAXPE 16 MAXPATCH 4 RefineTorusLB MEM: 0 MB
LDB: ============== END OF LOAD BALANCING =============== 775.071
Info: useSync: 0 useProxySync: 0
LDB: =============== DONE WITH MIGRATION ================ 775.071
ENERGY: 2158500        74.8475       191.8388       151.5794         0.0000         -60411.7838      7448.6513         0.0000         0.0000      9901.9563         -42642.9105       310.4218    -52544.8668    -42616.5064       310.6649             44.8122       121.1061    162236.7308         6.2044         5.5994

ENERGY: 2159000        84.3973       205.7712       157.0621         0.0000         -60398.2556      7439.7007         0.0000         0.0000      9855.3344         -42655.9899       308.9602    -52511.3243    -42637.2381       311.1463             -1.4850        93.2104    162699.5708         3.2648         2.7483

WRITING COORDINATES TO DCD FILE 04_prod_1ns/prod_04.dcd AT STEP 2159000
ENERGY: 2159500        77.2845       180.3394       145.1380         0.0000         -60345.9295      7371.5431         0.0000         0.0000      9849.8312         -42721.7934       308.7877    -52571.6246    -42703.9688       309.6906           -116.2412         0.1790    162686.3118        -2.3520        -1.7807

TIMING: 2160000  CPU: 785.871, 0.00191754/step  Wall: 777.866, 0.00187302/step, 0.0468256 hours remaining, 0.000000 MB of memory in use.
PERFORMANCE: 2160000  averaging 91.0855 ns/day, 0.00189712 sec/step with standard deviation 2.93007e-05
ETITLE:      TS           BOND          ANGLE          DIHED          IMPRP               ELECT            VDW       BOUNDARY           MISC        KINETIC               TOTAL           TEMP      POTENTIAL         TOTAL3        TEMPAVG            PRESSURE      GPRESSURE         VOLUME       PRESSAVG      GPRESSAVG

ENERGY: 2160000        79.4521       184.3535       154.0458         0.0000         -60656.0538      7528.2545         0.0000         0.0000      9919.3318         -42790.6160       310.9665    -52709.9478    -42771.8871       309.1007            157.4113       268.0610    161677.0659         7.0877         6.5601

WRITING EXTENDED SYSTEM TO RESTART FILE AT STEP 2160000
WRITING COORDINATES TO DCD FILE 04_prod_1ns/prod_04.dcd AT STEP 2160000
WRITING COORDINATES TO RESTART FILE AT STEP 2160000
FINISHED WRITING RESTART COORDINATES
WRITING VELOCITIES TO RESTART FILE AT STEP 2160000
FINISHED WRITING RESTART VELOCITIES
LDB: ============= START OF LOAD BALANCING ============== 778.75
LDB: ============== END OF LOAD BALANCING =============== 778.751
Info: useSync: 0 useProxySync: 0
LDB: =============== DONE WITH MIGRATION ================ 778.751
LDB: ============= START OF LOAD BALANCING ============== 778.844
LDB: TIME 778.845 LOAD: AVG 0.0260509 MAX 0.0473718  PROXIES: TOTAL 128 MAXPE 16 MAXPATCH 4 None MEM: 0 MB
LDB: TIME 778.845 LOAD: AVG 0.0260509 MAX 0.0473718  PROXIES: TOTAL 128 MAXPE 16 MAXPATCH 4 RefineTorusLB MEM: 0 MB
LDB: TIME 778.845 LOAD: AVG 0.0260509 MAX 0.0473718  PROXIES: TOTAL 128 MAXPE 16 MAXPATCH 4 RefineTorusLB MEM: 0 MB
LDB: Reverting to original mapping
LDB: ============== END OF LOAD BALANCING =============== 778.845
Info: useSync: 0 useProxySync: 0
LDB: =============== DONE WITH MIGRATION ================ 778.846
ENERGY: 2160500        78.1942       209.9791       153.7780         0.0000         -60385.1034      7323.2964         0.0000         0.0000      9967.0422         -42652.8134       312.4622    -52619.8556    -42637.9502       310.8997           -251.6780      -135.4712    163060.9024        -1.6837        -0.9246

ENERGY: 2161000        80.9700       185.4950       148.9298         0.0000         -60490.4345      7354.5406         0.0000         0.0000      9888.4202         -42832.0789       309.9975    -52720.4991    -42812.0641       309.4047           -142.6240       -29.6669    161843.3722         0.0691        -0.6826

WRITING COORDINATES TO DCD FILE 04_prod_1ns/prod_04.dcd AT STEP 2161000
ENERGY: 2161500        79.1820       196.8618       156.7754         0.0000         -60297.3126      7304.9823         0.0000         0.0000      9904.5887         -42654.9224       310.5043    -52559.5111    -42625.5812       309.8607           -159.7178       -47.1695    162073.8451         9.3598         9.2393

ENERGY: 2162000        68.7135       206.6671       146.2252         0.0000         -60443.9540      7447.4144         0.0000         0.0000      9961.6920         -42613.2420       312.2945    -52574.9340    -42592.3292       312.2439            193.2227       276.3467    161660.5589        20.7527        20.8697

WRITING COORDINATES TO DCD FILE 04_prod_1ns/prod_04.dcd AT STEP 2162000
LDB: ============= START OF LOAD BALANCING ============== 782.388
LDB: ============== END OF LOAD BALANCING =============== 782.389
Info: useSync: 0 useProxySync: 0
LDB: =============== DONE WITH MIGRATION ================ 782.389
LDB: ============= START OF LOAD BALANCING ============== 782.48
LDB: TIME 782.48 LOAD: AVG 0.0252213 MAX 0.0466564  PROXIES: TOTAL 128 MAXPE 16 MAXPATCH 4 None MEM: 0 MB
LDB: TIME 782.48 LOAD: AVG 0.0252213 MAX 0.0466564  PROXIES: TOTAL 128 MAXPE 16 MAXPATCH 4 RefineTorusLB MEM: 0 MB
LDB: TIME 782.48 LOAD: AVG 0.0252213 MAX 0.0466564  PROXIES: TOTAL 128 MAXPE 16 MAXPATCH 4 RefineTorusLB MEM: 0 MB
LDB: Reverting to original mapping
LDB: ============== END OF LOAD BALANCING =============== 782.481
Info: useSync: 0 useProxySync: 0
LDB: =============== DONE WITH MIGRATION ================ 782.481
ENERGY: 2162500        65.7108       210.3538       153.2949         0.0000         -60296.6271      7245.3156         0.0000         0.0000      9755.7690         -42866.1830       305.8389    -52621.9521    -42840.5060       310.0853           -346.7874      -238.9498    162630.2770         5.3988         5.1219

ENERGY: 2163000        66.2348       178.9564       146.1455         0.0000         -60542.0060      7437.8751         0.0000         0.0000      9826.5458         -42886.2484       308.0577    -52712.7942    -42864.9815       308.3338             -7.9926        62.8559    161708.0698        -2.3956        -0.7563

WRITING COORDINATES TO DCD FILE 04_prod_1ns/prod_04.dcd AT STEP 2163000
ENERGY: 2163500        70.0534       193.4805       151.1507         0.0000         -60333.2136      7289.5302         0.0000         0.0000      9847.2335         -42781.7652       308.7063    -52628.9988    -42761.0438       308.6573           -270.0776      -165.2822    162101.1256        -1.1049        -1.8486

ENERGY: 2164000        71.4906       196.6122       151.5802         0.0000         -60118.0922      7212.5934         0.0000         0.0000      9805.6892         -42680.1265       307.4039    -52485.8156    -42657.4866       309.7495           -126.6408       -73.0899    162295.2181        -5.0060        -5.9994

WRITING COORDINATES TO DCD FILE 04_prod_1ns/prod_04.dcd AT STEP 2164000
LDB: ============= START OF LOAD BALANCING ============== 786.11
LDB: ============== END OF LOAD BALANCING =============== 786.11
Info: useSync: 0 useProxySync: 0
LDB: =============== DONE WITH MIGRATION ================ 786.111
LDB: ============= START OF LOAD BALANCING ============== 786.216
LDB: TIME 786.216 LOAD: AVG 0.0309525 MAX 0.0509737  PROXIES: TOTAL 128 MAXPE 16 MAXPATCH 4 None MEM: 0 MB
LDB: TIME 786.217 LOAD: AVG 0.0309525 MAX 0.0509737  PROXIES: TOTAL 128 MAXPE 16 MAXPATCH 4 RefineTorusLB MEM: 0 MB
LDB: TIME 786.217 LOAD: AVG 0.0309525 MAX 0.0509737  PROXIES: TOTAL 128 MAXPE 16 MAXPATCH 4 RefineTorusLB MEM: 0 MB
LDB: ============== END OF LOAD BALANCING =============== 786.217
Info: useSync: 0 useProxySync: 0
LDB: =============== DONE WITH MIGRATION ================ 786.218
ENERGY: 2164500        72.3347       177.4995       145.0164         0.0000         -60465.9498      7447.3185         0.0000         0.0000      9851.8456         -42771.9352       308.8509    -52623.7808    -42753.4348       309.6984            144.8477       231.9786    162185.5751         3.1500         3.1669

TIMING: 2165000  CPU: 795.882, 0.00200222/step  Wall: 787.444, 0.00191564/step, 0.0452303 hours remaining, 0.000000 MB of memory in use.
PERFORMANCE: 2165000  averaging 91.0748 ns/day, 0.00189734 sec/step with standard deviation 2.91923e-05
ETITLE:      TS           BOND          ANGLE          DIHED          IMPRP               ELECT            VDW       BOUNDARY           MISC        KINETIC               TOTAL           TEMP      POTENTIAL         TOTAL3        TEMPAVG            PRESSURE      GPRESSURE         VOLUME       PRESSAVG      GPRESSAVG

ENERGY: 2165000        86.2895       200.2195       158.1023         0.0000         -60396.6909      7208.5666         0.0000         0.0000      9824.9331         -42918.5800       308.0072    -52743.5130    -42896.1689       309.5328           -575.3469      -479.6327    162526.2745         5.3333         3.7431

WRITING EXTENDED SYSTEM TO RESTART FILE AT STEP 2165000
WRITING COORDINATES TO DCD FILE 04_prod_1ns/prod_04.dcd AT STEP 2165000
WRITING COORDINATES TO RESTART FILE AT STEP 2165000
FINISHED WRITING RESTART COORDINATES
WRITING VELOCITIES TO RESTART FILE AT STEP 2165000
FINISHED WRITING RESTART VELOCITIES
ENERGY: 2165500        62.4185       185.3749       152.2038         0.0000         -60622.5429      7455.1153         0.0000         0.0000      9891.6348         -42875.7956       310.0982    -52767.4304    -42855.5224       307.6544            173.8229       276.8354    161803.4043         1.4639         1.9308

ENERGY: 2166000        74.1767       214.9879       150.0446         0.0000         -60301.5042      7315.3899         0.0000         0.0000      9762.8856         -42784.0195       306.0620    -52546.9051    -42762.5670       308.1912           -274.2836      -163.5697    162931.1263         2.6465         3.7216

WRITING COORDINATES TO DCD FILE 04_prod_1ns/prod_04.dcd AT STEP 2166000
LDB: ============= START OF LOAD BALANCING ============== 790.479
LDB: ============== END OF LOAD BALANCING =============== 790.48
Info: useSync: 0 useProxySync: 0
LDB: =============== DONE WITH MIGRATION ================ 790.48
LDB: ============= START OF LOAD BALANCING ============== 790.573
LDB: TIME 790.574 LOAD: AVG 0.0294593 MAX 0.0511332  PROXIES: TOTAL 128 MAXPE 16 MAXPATCH 4 None MEM: 0 MB
LDB: TIME 790.574 LOAD: AVG 0.0294593 MAX 0.0511332  PROXIES: TOTAL 128 MAXPE 16 MAXPATCH 4 RefineTorusLB MEM: 0 MB
LDB: TIME 790.575 LOAD: AVG 0.0294593 MAX 0.0511332  PROXIES: TOTAL 128 MAXPE 16 MAXPATCH 4 RefineTorusLB MEM: 0 MB
LDB: ============== END OF LOAD BALANCING =============== 790.575
Info: useSync: 0 useProxySync: 0
LDB: =============== DONE WITH MIGRATION ================ 790.576
ENERGY: 2166500        78.3948       221.4357       158.4593         0.0000         -60681.6359      7523.8851         0.0000         0.0000      9872.8009         -42826.6601       309.5078    -52699.4610    -42806.2111       309.0453             35.0059       126.8043    162845.6535        -1.1560        -0.4298

ENERGY: 2167000        78.9020       195.6889       147.8066         0.0000         -60443.3010      7347.1572         0.0000         0.0000      9774.1361         -42899.6101       306.4147    -52673.7462    -42876.7130       309.3801           -160.7364       -46.1104    162305.7781        -2.3896        -2.7862

WRITING COORDINATES TO DCD FILE 04_prod_1ns/prod_04.dcd AT STEP 2167000
ENERGY: 2167500        79.6740       193.4394       147.7199         0.0000         -60486.2571      7478.5157         0.0000         0.0000      9916.9610         -42669.9471       310.8922    -52586.9081    -42648.6502       308.4499            157.3374       256.9317    161757.8664         5.7071         6.7233

ENERGY: 2168000        78.9161       196.0731       145.2334         0.0000         -60156.9871      7255.3807         0.0000         0.0000      9863.6440         -42617.7399       309.2207    -52481.3839    -42592.3128       310.9096           -221.7741      -112.1588    162392.6887         3.7612         5.0716

WRITING COORDINATES TO DCD FILE 04_prod_1ns/prod_04.dcd AT STEP 2168000
LDB: ============= START OF LOAD BALANCING ============== 794.334
LDB: ============== END OF LOAD BALANCING =============== 794.334
Info: useSync: 0 useProxySync: 0
LDB: =============== DONE WITH MIGRATION ================ 794.335
LDB: ============= START OF LOAD BALANCING ============== 794.447
LDB: TIME 794.448 LOAD: AVG 0.0371132 MAX 0.0638902  PROXIES: TOTAL 128 MAXPE 16 MAXPATCH 4 None MEM: 0 MB
LDB: TIME 794.448 LOAD: AVG 0.0371132 MAX 0.0638902  PROXIES: TOTAL 128 MAXPE 16 MAXPATCH 4 RefineTorusLB MEM: 0 MB
LDB: TIME 794.448 LOAD: AVG 0.0371132 MAX 0.0638902  PROXIES: TOTAL 128 MAXPE 16 MAXPATCH 4 RefineTorusLB MEM: 0 MB
LDB: Reverting to original mapping
LDB: ============== END OF LOAD BALANCING =============== 794.449
Info: useSync: 0 useProxySync: 0
LDB: =============== DONE WITH MIGRATION ================ 794.449
ENERGY: 2168500        60.4712       185.3331       151.7463         0.0000         -60421.0716      7357.9326         0.0000         0.0000      9909.8318         -42755.7565       310.6687    -52665.5883    -42733.0549       310.5670            -88.7787        13.8879    162576.8999        -3.5970        -3.4608

ENERGY: 2169000        81.1763       183.0042       144.2474         0.0000         -60434.4819      7308.2224         0.0000         0.0000      9925.4075         -42792.4240       311.1570    -52717.8315    -42774.7736       309.2965           -278.1624      -164.9575    162653.4110         0.7769         1.1710

WRITING COORDINATES TO DCD FILE 04_prod_1ns/prod_04.dcd AT STEP 2169000
ENERGY: 2169500        74.7602       198.8398       143.1729         0.0000         -60545.2304      7470.5639         0.0000         0.0000      9932.8758         -42725.0178       311.3911    -52657.8936    -42705.0421       309.0722             67.9830       161.7085    162782.2843        -0.3228        -0.3944

WRITING COORDINATES TO DCD FILE 04_prod_1ns/prod_04.dcd AT STEP 2170000
WRITING COORDINATES TO RESTART FILE AT STEP 2170000
FINISHED WRITING RESTART COORDINATES
WRITING VELOCITIES TO RESTART FILE AT STEP 2170000
FINISHED WRITING RESTART VELOCITIES
TIMING: 2170000  CPU: 805.931, 0.0020097/step  Wall: 797.733, 0.00205774/step, 0.0457276 hours remaining, 0.000000 MB of memory in use.
PERFORMANCE: 2170000  averaging 90.9833 ns/day, 0.00189925 sec/step with standard deviation 3.38853e-05
ETITLE:      TS           BOND          ANGLE          DIHED          IMPRP               ELECT            VDW       BOUNDARY           MISC        KINETIC               TOTAL           TEMP      POTENTIAL         TOTAL3        TEMPAVG            PRESSURE      GPRESSURE         VOLUME       PRESSAVG      GPRESSAVG

ENERGY: 2170000        85.9961       200.0883       152.8487         0.0000         -60299.8255      7249.8007         0.0000         0.0000      9893.5885         -42717.5031       310.1595    -52611.0916    -42697.6242       310.5151           -193.6689      -110.4605    162156.2016         6.4896         6.4976

WRITING EXTENDED SYSTEM TO RESTART FILE AT STEP 2170000
LDB: ============= START OF LOAD BALANCING ============== 798.576
LDB: ============== END OF LOAD BALANCING =============== 798.576
Info: useSync: 0 useProxySync: 0
LDB: =============== DONE WITH MIGRATION ================ 798.578
LDB: ============= START OF LOAD BALANCING ============== 798.678
LDB: TIME 798.679 LOAD: AVG 0.0315462 MAX 0.0573466  PROXIES: TOTAL 128 MAXPE 16 MAXPATCH 4 None MEM: 0 MB
LDB: TIME 798.68 LOAD: AVG 0.0315462 MAX 0.0573466  PROXIES: TOTAL 128 MAXPE 16 MAXPATCH 4 RefineTorusLB MEM: 0 MB
LDB: TIME 798.681 LOAD: AVG 0.0315462 MAX 0.0573466  PROXIES: TOTAL 128 MAXPE 16 MAXPATCH 4 RefineTorusLB MEM: 0 MB
LDB: ============== END OF LOAD BALANCING =============== 798.681
Info: useSync: 0 useProxySync: 0
LDB: =============== DONE WITH MIGRATION ================ 798.682
ENERGY: 2170500        79.4300       195.8107       151.7057         0.0000         -60440.6393      7340.8781         0.0000         0.0000      9896.0554         -42776.7595       310.2368    -52672.8149    -42752.5551       309.9475           -107.9731       -20.3525    162585.1129         5.9744         5.1556

ENERGY: 2171000        61.9095       205.5861       142.3707         0.0000         -60497.0014      7488.5255         0.0000         0.0000     10050.0356         -42548.5740       315.0640    -52598.6095    -42526.2869       310.9801            373.8179       449.5516    161781.8251         2.8902         3.1206

WRITING COORDINATES TO DCD FILE 04_prod_1ns/prod_04.dcd AT STEP 2171000
ENERGY: 2171500        69.8128       219.8508       146.2408         0.0000         -60136.3384      7217.4880         0.0000         0.0000      9989.8416         -42493.1045       313.1770    -52482.9460    -42470.6447       310.5342           -144.7170       -57.7860    162213.8784        15.3605        15.9761

ENERGY: 2172000        70.2663       189.0367       157.7177         0.0000         -60339.7376      7295.9012         0.0000         0.0000     10017.3565         -42609.4592       314.0396    -52626.8157    -42587.4209       311.1042            -74.0121        33.4111    162363.7468        12.2018        10.7332

WRITING COORDINATES TO DCD FILE 04_prod_1ns/prod_04.dcd AT STEP 2172000
LDB: ============= START OF LOAD BALANCING ============== 802.459
LDB: ============== END OF LOAD BALANCING =============== 802.46
Info: useSync: 0 useProxySync: 0
LDB: =============== DONE WITH MIGRATION ================ 802.46
LDB: ============= START OF LOAD BALANCING ============== 802.556
LDB: TIME 802.557 LOAD: AVG 0.0307738 MAX 0.0521662  PROXIES: TOTAL 128 MAXPE 16 MAXPATCH 4 None MEM: 0 MB
LDB: TIME 802.557 LOAD: AVG 0.0307738 MAX 0.0521662  PROXIES: TOTAL 128 MAXPE 16 MAXPATCH 4 RefineTorusLB MEM: 0 MB
LDB: TIME 802.558 LOAD: AVG 0.0307738 MAX 0.0521662  PROXIES: TOTAL 128 MAXPE 16 MAXPATCH 4 RefineTorusLB MEM: 0 MB
LDB: ============== END OF LOAD BALANCING =============== 802.558
Info: useSync: 0 useProxySync: 0
LDB: =============== DONE WITH MIGRATION ================ 802.559
ENERGY: 2172500        74.2931       182.5339       151.3326         0.0000         -60378.9209      7416.2149         0.0000         0.0000      9969.2264         -42585.3199       312.5307    -52554.5463    -42563.0988       310.5775             -9.5971        87.6369    162631.5485        -2.3643        -2.0863

ENERGY: 2173000        69.5949       190.6997       148.6349         0.0000         -60118.7043      7212.1348         0.0000         0.0000      9863.4935         -42634.1465       309.2160    -52497.6400    -42610.8834       310.6331           -263.1191      -187.9684    163532.3893        -1.1097        -1.6767

WRITING COORDINATES TO DCD FILE 04_prod_1ns/prod_04.dcd AT STEP 2173000
ENERGY: 2173500        73.0845       202.2919       151.4094         0.0000         -60196.2892      7275.5679         0.0000         0.0000      9965.1156         -42528.8200       312.4018    -52493.9356    -42505.5003       311.2488           -228.2443      -123.2275    162790.0294        -6.3953        -6.6406

ENERGY: 2174000        74.2514       195.4089       147.7757         0.0000         -60282.8607      7307.6135         0.0000         0.0000     10036.6256         -42521.1856       314.6436    -52557.8112    -42509.6462       312.3536            -90.3934        -3.8293    161722.0200        10.6157        10.5417

WRITING COORDINATES TO DCD FILE 04_prod_1ns/prod_04.dcd AT STEP 2174000
LDB: ============= START OF LOAD BALANCING ============== 806.218
LDB: ============== END OF LOAD BALANCING =============== 806.219
Info: useSync: 0 useProxySync: 0
LDB: =============== DONE WITH MIGRATION ================ 806.219
LDB: ============= START OF LOAD BALANCING ============== 806.308
LDB: TIME 806.309 LOAD: AVG 0.0263199 MAX 0.0450684  PROXIES: TOTAL 128 MAXPE 16 MAXPATCH 4 None MEM: 0 MB
LDB: TIME 806.309 LOAD: AVG 0.0263199 MAX 0.0450684  PROXIES: TOTAL 128 MAXPE 16 MAXPATCH 4 RefineTorusLB MEM: 0 MB
LDB: TIME 806.309 LOAD: AVG 0.0263199 MAX 0.0450684  PROXIES: TOTAL 128 MAXPE 16 MAXPATCH 4 RefineTorusLB MEM: 0 MB
LDB: ============== END OF LOAD BALANCING =============== 806.31
Info: useSync: 0 useProxySync: 0
LDB: =============== DONE WITH MIGRATION ================ 806.31
ENERGY: 2174500        79.6887       212.7536       142.3513         0.0000         -60430.9301      7359.5119         0.0000         0.0000      9953.1310         -42683.4936       312.0261    -52636.6246    -42658.6857       311.1974              5.0939       111.5662    161355.9463        -0.3894         0.1810

TIMING: 2175000  CPU: 815.811, 0.00197615/step  Wall: 807.341, 0.00192165/step, 0.0400343 hours remaining, 0.000000 MB of memory in use.
PERFORMANCE: 2175000  averaging 90.9706 ns/day, 0.00189951 sec/step with standard deviation 3.37704e-05
ETITLE:      TS           BOND          ANGLE          DIHED          IMPRP               ELECT            VDW       BOUNDARY           MISC        KINETIC               TOTAL           TEMP      POTENTIAL         TOTAL3        TEMPAVG            PRESSURE      GPRESSURE         VOLUME       PRESSAVG      GPRESSAVG

ENERGY: 2175000        76.8403       211.1596       152.6580         0.0000         -60357.0833      7367.2829         0.0000         0.0000      9996.6934         -42552.4490       313.3918    -52549.1425    -42534.1909       311.4512             14.3638       122.6617    161812.8124         4.8531         4.7071

WRITING EXTENDED SYSTEM TO RESTART FILE AT STEP 2175000
WRITING COORDINATES TO DCD FILE 04_prod_1ns/prod_04.dcd AT STEP 2175000
WRITING COORDINATES TO RESTART FILE AT STEP 2175000
FINISHED WRITING RESTART COORDINATES
WRITING VELOCITIES TO RESTART FILE AT STEP 2175000
FINISHED WRITING RESTART VELOCITIES
ENERGY: 2175500        66.1563       188.3307       150.0101         0.0000         -60135.3292      7224.2190         0.0000         0.0000      9835.3000         -42671.3132       308.3322    -52506.6132    -42645.4944       310.8363            -62.2967        16.8930    162116.5460        -0.1028        -0.1872

ENERGY: 2176000        79.2080       212.8269       154.9238         0.0000         -60228.8239      7217.6912         0.0000         0.0000     10003.3986         -42560.7753       313.6020    -52564.1740    -42541.1206       311.4944           -204.0863      -117.4768    162512.6617        -8.6505        -7.4787

WRITING COORDINATES TO DCD FILE 04_prod_1ns/prod_04.dcd AT STEP 2176000
LDB: ============= START OF LOAD BALANCING ============== 810.103
LDB: ============== END OF LOAD BALANCING =============== 810.103
Info: useSync: 0 useProxySync: 0
LDB: =============== DONE WITH MIGRATION ================ 810.103
LDB: ============= START OF LOAD BALANCING ============== 810.195
LDB: TIME 810.196 LOAD: AVG 0.0258994 MAX 0.0506225  PROXIES: TOTAL 128 MAXPE 16 MAXPATCH 4 None MEM: 0 MB
LDB: TIME 810.196 LOAD: AVG 0.0258994 MAX 0.0506225  PROXIES: TOTAL 128 MAXPE 16 MAXPATCH 4 RefineTorusLB MEM: 0 MB
LDB: TIME 810.196 LOAD: AVG 0.0258994 MAX 0.0506225  PROXIES: TOTAL 128 MAXPE 16 MAXPATCH 4 RefineTorusLB MEM: 0 MB
LDB: ============== END OF LOAD BALANCING =============== 810.197
Info: useSync: 0 useProxySync: 0
LDB: =============== DONE WITH MIGRATION ================ 810.197
ENERGY: 2176500        69.1525       210.5125       145.8038         0.0000         -60499.6817      7447.1770         0.0000         0.0000      9919.9318         -42707.1042       310.9853    -52627.0360    -42690.4264       311.4246            113.7835       190.2885    161497.6160         0.7104         1.3490

WRITING COORDINATES TO DCD FILE 04_prod_1ns/prod_04.dcd AT STEP 2177000
ENERGY: 2177000        72.5292       211.6331       151.1726         0.0000         -60156.4452      7297.3677         0.0000         0.0000      9773.5184         -42650.2243       306.3954    -52423.7427    -42633.6536       309.3595             26.6556       121.5937    162262.6821         9.5244         9.2728

ENERGY: 2177500        73.4932       198.5873       149.0786         0.0000         -60128.1500      7174.1751         0.0000         0.0000      9978.6544         -42554.1615       312.8263    -52532.8158    -42528.3820       310.5067           -221.5942      -141.6143    162723.1461        -1.9102        -1.7574

ENERGY: 2178000        74.3393       193.7891       157.4632         0.0000         -60189.3307      7342.9483         0.0000         0.0000      9909.0451         -42511.7456       310.6441    -52420.7908    -42488.3774       312.5628            -67.6045        -6.0017    163550.2497        -9.3504       -10.1962

WRITING COORDINATES TO DCD FILE 04_prod_1ns/prod_04.dcd AT STEP 2178000
LDB: ============= START OF LOAD BALANCING ============== 813.864
LDB: ============== END OF LOAD BALANCING =============== 813.864
Info: useSync: 0 useProxySync: 0
LDB: =============== DONE WITH MIGRATION ================ 813.864
LDB: ============= START OF LOAD BALANCING ============== 813.958
LDB: TIME 813.959 LOAD: AVG 0.0264515 MAX 0.0495891  PROXIES: TOTAL 128 MAXPE 16 MAXPATCH 4 None MEM: 0 MB
LDB: TIME 813.959 LOAD: AVG 0.0264515 MAX 0.0495891  PROXIES: TOTAL 128 MAXPE 16 MAXPATCH 4 RefineTorusLB MEM: 0 MB
LDB: TIME 813.959 LOAD: AVG 0.0264515 MAX 0.0495891  PROXIES: TOTAL 128 MAXPE 16 MAXPATCH 4 RefineTorusLB MEM: 0 MB
LDB: ============== END OF LOAD BALANCING =============== 813.96
Info: useSync: 0 useProxySync: 0
LDB: =============== DONE WITH MIGRATION ================ 813.961
ENERGY: 2178500        91.9613       190.1652       149.2567         0.0000         -60325.4497      7411.0260         0.0000         0.0000      9888.5040         -42594.5365       310.0001    -52483.0404    -42573.6092       310.5542            -19.1936        67.7567    162037.0617         1.5575         1.2488

WRITING COORDINATES TO DCD FILE 04_prod_1ns/prod_04.dcd AT STEP 2179000
ENERGY: 2179000        63.5755       206.2913       146.5622         0.0000         -60131.9502      7105.1716         0.0000         0.0000      9954.9216         -42655.4280       312.0823    -52610.3496    -42633.7982       309.2264           -349.0690      -309.9612    162750.1970        -1.8776        -2.9970

ENERGY: 2179500        82.1155       193.1667       149.2233         0.0000         -60347.7935      7351.2753         0.0000         0.0000      9945.4026         -42626.6101       311.7838    -52572.0127    -42605.7832       310.2732           -113.3365       -41.0484    162411.1076        -2.5680        -2.4714

WRITING COORDINATES TO DCD FILE 04_prod_1ns/prod_04.dcd AT STEP 2180000
WRITING COORDINATES TO RESTART FILE AT STEP 2180000
FINISHED WRITING RESTART COORDINATES
WRITING VELOCITIES TO RESTART FILE AT STEP 2180000
FINISHED WRITING RESTART VELOCITIES
TIMING: 2180000  CPU: 825.71, 0.00197967/step  Wall: 816.982, 0.00192814/step, 0.0374916 hours remaining, 0.000000 MB of memory in use.
PERFORMANCE: 2180000  averaging 90.9547 ns/day, 0.00189985 sec/step with standard deviation 3.37128e-05
ETITLE:      TS           BOND          ANGLE          DIHED          IMPRP               ELECT            VDW       BOUNDARY           MISC        KINETIC               TOTAL           TEMP      POTENTIAL         TOTAL3        TEMPAVG            PRESSURE      GPRESSURE         VOLUME       PRESSAVG      GPRESSAVG

ENERGY: 2180000        75.2733       187.6150       149.0657         0.0000         -60330.8779      7294.9266         0.0000         0.0000     10053.8359         -42570.1614       315.1832    -52623.9973    -42544.6237       310.3081            -51.6552        42.8700    161546.4548        10.3277        10.6734

WRITING EXTENDED SYSTEM TO RESTART FILE AT STEP 2180000
LDB: ============= START OF LOAD BALANCING ============== 817.812
LDB: ============== END OF LOAD BALANCING =============== 817.813
Info: useSync: 0 useProxySync: 0
LDB: =============== DONE WITH MIGRATION ================ 817.813
LDB: ============= START OF LOAD BALANCING ============== 817.906
LDB: TIME 817.907 LOAD: AVG 0.0270767 MAX 0.0479795  PROXIES: TOTAL 128 MAXPE 16 MAXPATCH 4 None MEM: 0 MB
LDB: TIME 817.907 LOAD: AVG 0.0270767 MAX 0.0479795  PROXIES: TOTAL 128 MAXPE 16 MAXPATCH 4 RefineTorusLB MEM: 0 MB
LDB: TIME 817.907 LOAD: AVG 0.0270767 MAX 0.0479795  PROXIES: TOTAL 128 MAXPE 16 MAXPATCH 4 RefineTorusLB MEM: 0 MB
LDB: Reverting to original mapping
LDB: ============== END OF LOAD BALANCING =============== 817.907
Info: useSync: 0 useProxySync: 0
LDB: =============== DONE WITH MIGRATION ================ 817.908
ENERGY: 2180500        76.9836       190.7123       157.8400         0.0000         -60508.7564      7410.2133         0.0000         0.0000      9781.5870         -42891.4202       306.6483    -52673.0072    -42869.2418       309.6456            -86.8332         8.4910    163398.7583         2.3464         1.6895

ENERGY: 2181000        68.1505       170.2034       153.4503         0.0000         -60411.3484      7371.5299         0.0000         0.0000      9907.5881         -42740.4262       310.5984    -52648.0143    -42719.6199       309.3687           -134.7927       -33.9230    162910.7034        -6.6467        -7.4203

WRITING COORDINATES TO DCD FILE 04_prod_1ns/prod_04.dcd AT STEP 2181000
ENERGY: 2181500        90.0972       176.0721       138.8370         0.0000         -60378.5977      7387.9326         0.0000         0.0000      9997.6872         -42587.9716       313.4229    -52585.6588    -42570.6785       309.7919           -159.3077       -69.5675    162986.2468         0.4240         0.4334

ENERGY: 2182000        73.5338       182.9853       163.0496         0.0000         -60064.5236      7251.0844         0.0000         0.0000      9872.9761         -42520.8944       309.5133    -52393.8704    -42497.9807       310.5547           -194.8245       -88.5875    163346.1547         1.4649         1.6236

WRITING COORDINATES TO DCD FILE 04_prod_1ns/prod_04.dcd AT STEP 2182000
LDB: ============= START OF LOAD BALANCING ============== 821.661
LDB: ============== END OF LOAD BALANCING =============== 821.661
Info: useSync: 0 useProxySync: 0
LDB: =============== DONE WITH MIGRATION ================ 821.662
LDB: ============= START OF LOAD BALANCING ============== 821.757
LDB: TIME 821.758 LOAD: AVG 0.0282693 MAX 0.047448  PROXIES: TOTAL 128 MAXPE 16 MAXPATCH 4 None MEM: 0 MB
LDB: TIME 821.758 LOAD: AVG 0.0282693 MAX 0.047448  PROXIES: TOTAL 128 MAXPE 16 MAXPATCH 4 RefineTorusLB MEM: 0 MB
LDB: TIME 821.758 LOAD: AVG 0.0282693 MAX 0.047448  PROXIES: TOTAL 128 MAXPE 16 MAXPATCH 4 RefineTorusLB MEM: 0 MB
LDB: Reverting to original mapping
LDB: ============== END OF LOAD BALANCING =============== 821.758
Info: useSync: 0 useProxySync: 0
LDB: =============== DONE WITH MIGRATION ================ 821.759
ENERGY: 2182500        69.0244       206.2150       146.2636         0.0000         -60114.0909      7231.1583         0.0000         0.0000      9982.8743         -42478.5552       312.9586    -52461.4295    -42460.9521       311.6805           -131.2106       -45.7100    162892.8397         5.6012         5.8246

ENERGY: 2183000        84.0674       213.5410       157.8796         0.0000         -60126.1723      7243.1535         0.0000         0.0000      9915.5867         -42511.9440       310.8491    -52427.5308    -42486.1277       312.7420           -108.2150        -2.9845    161403.5427         7.4769         7.2185

WRITING COORDINATES TO DCD FILE 04_prod_1ns/prod_04.dcd AT STEP 2183000
ENERGY: 2183500        74.6278       210.5037       143.2049         0.0000         -60277.5544      7283.5212         0.0000         0.0000      9838.4184         -42727.2783       308.4299    -52565.6967    -42711.1590       311.0402            -64.4284        26.9837    161996.4586         8.8935         8.1451

ENERGY: 2184000        72.8246       197.8117       150.9338         0.0000         -60230.8121      7375.3600         0.0000         0.0000      9851.4387         -42582.4434       308.8381    -52433.8821    -42559.5245       310.8142            153.6716       237.9621    161759.8528        14.1705        14.3190

WRITING COORDINATES TO DCD FILE 04_prod_1ns/prod_04.dcd AT STEP 2184000
LDB: ============= START OF LOAD BALANCING ============== 825.511
LDB: ============== END OF LOAD BALANCING =============== 825.511
Info: useSync: 0 useProxySync: 0
LDB: =============== DONE WITH MIGRATION ================ 825.512
LDB: ============= START OF LOAD BALANCING ============== 825.615
LDB: TIME 825.616 LOAD: AVG 0.0360099 MAX 0.059817  PROXIES: TOTAL 128 MAXPE 16 MAXPATCH 4 None MEM: 0 MB
LDB: TIME 825.616 LOAD: AVG 0.0360099 MAX 0.059817  PROXIES: TOTAL 128 MAXPE 16 MAXPATCH 4 RefineTorusLB MEM: 0 MB
LDB: TIME 825.616 LOAD: AVG 0.0360099 MAX 0.059817  PROXIES: TOTAL 128 MAXPE 16 MAXPATCH 4 RefineTorusLB MEM: 0 MB
LDB: ============== END OF LOAD BALANCING =============== 825.616
Info: useSync: 0 useProxySync: 0
LDB: =============== DONE WITH MIGRATION ================ 825.617
ENERGY: 2184500        76.5873       225.2004       145.2375         0.0000         -60241.0189      7319.2448         0.0000         0.0000      9885.9626         -42588.7862       309.9204    -52474.7489    -42567.1681       311.4347           -156.7241       -60.5394    162722.9661         3.4556         4.2388

TIMING: 2185000  CPU: 835.916, 0.00204133/step  Wall: 827.023, 0.00200833/step, 0.0362616 hours remaining, 0.000000 MB of memory in use.
PERFORMANCE: 2185000  averaging 90.895 ns/day, 0.00190109 sec/step with standard deviation 3.5477e-05
ETITLE:      TS           BOND          ANGLE          DIHED          IMPRP               ELECT            VDW       BOUNDARY           MISC        KINETIC               TOTAL           TEMP      POTENTIAL         TOTAL3        TEMPAVG            PRESSURE      GPRESSURE         VOLUME       PRESSAVG      GPRESSAVG

ENERGY: 2185000        78.8370       207.9346       150.8516         0.0000         -60227.8560      7258.4561         0.0000         0.0000      9959.8783         -42571.8985       312.2376    -52531.7768    -42554.8761       311.1998            -92.3559        33.6637    162289.4784        -2.0914        -1.7886

WRITING EXTENDED SYSTEM TO RESTART FILE AT STEP 2185000
WRITING COORDINATES TO DCD FILE 04_prod_1ns/prod_04.dcd AT STEP 2185000
WRITING COORDINATES TO RESTART FILE AT STEP 2185000
FINISHED WRITING RESTART COORDINATES
WRITING VELOCITIES TO RESTART FILE AT STEP 2185000
FINISHED WRITING RESTART VELOCITIES
ENERGY: 2185500        69.4298       193.5819       148.6514         0.0000         -60176.0695      7288.0222         0.0000         0.0000      9835.4645         -42640.9197       308.3373    -52476.3842    -42616.8957       311.6779           -138.6896       -61.1763    163328.6772        15.3339        14.7560

ENERGY: 2186000        63.8605       181.8111       150.2821         0.0000         -60243.5203      7208.8367         0.0000         0.0000      9949.4726         -42689.2572       311.9114    -52638.7298    -42661.4388       311.1306           -161.8478       -26.4011    162082.7958         0.2096         0.0243

WRITING COORDINATES TO DCD FILE 04_prod_1ns/prod_04.dcd AT STEP 2186000
LDB: ============= START OF LOAD BALANCING ============== 830.152
LDB: ============== END OF LOAD BALANCING =============== 830.152
Info: useSync: 0 useProxySync: 0
LDB: =============== DONE WITH MIGRATION ================ 830.153
LDB: ============= START OF LOAD BALANCING ============== 830.255
LDB: TIME 830.256 LOAD: AVG 0.0289663 MAX 0.0555114  PROXIES: TOTAL 128 MAXPE 16 MAXPATCH 4 None MEM: 0 MB
LDB: TIME 830.256 LOAD: AVG 0.0289663 MAX 0.0555114  PROXIES: TOTAL 128 MAXPE 16 MAXPATCH 4 RefineTorusLB MEM: 0 MB
LDB: TIME 830.256 LOAD: AVG 0.0289663 MAX 0.0555114  PROXIES: TOTAL 128 MAXPE 16 MAXPATCH 4 RefineTorusLB MEM: 0 MB
LDB: Reverting to original mapping
LDB: ============== END OF LOAD BALANCING =============== 830.257
Info: useSync: 0 useProxySync: 0
LDB: =============== DONE WITH MIGRATION ================ 830.258
ENERGY: 2186500        87.6984       195.5635       148.7228         0.0000         -60416.4930      7431.4732         0.0000         0.0000      9941.3381         -42611.6970       311.6564    -52553.0351    -42592.2106       311.1089            107.4694       217.0985    162261.6113        10.2520        10.5844

ENERGY: 2187000        68.5143       180.0662       149.2704         0.0000         -60490.1999      7415.8605         0.0000         0.0000      9997.1724         -42679.3160       313.4068    -52676.4884    -42658.3600       309.7494            133.6308       208.9865    161682.9221        -3.5838        -3.1768

WRITING COORDINATES TO DCD FILE 04_prod_1ns/prod_04.dcd AT STEP 2187000
ENERGY: 2187500        89.9257       202.6789       155.8329         0.0000         -60169.9869      7220.0240         0.0000         0.0000      9799.4367         -42702.0888       307.2079    -52501.5255    -42679.0678       308.7342           -238.3796      -172.2248    162916.2849        12.2736        11.4284

ENERGY: 2188000        74.1358       187.0837       150.6760         0.0000         -60345.6732      7368.5689         0.0000         0.0000      9914.4549         -42650.7539       310.8136    -52565.2088    -42629.9768       310.3496            160.1393       244.5307    161771.1548        -5.1732        -6.0478

WRITING COORDINATES TO DCD FILE 04_prod_1ns/prod_04.dcd AT STEP 2188000
LDB: ============= START OF LOAD BALANCING ============== 833.941
LDB: ============== END OF LOAD BALANCING =============== 833.942
Info: useSync: 0 useProxySync: 0
LDB: =============== DONE WITH MIGRATION ================ 833.942
LDB: ============= START OF LOAD BALANCING ============== 834.035
LDB: TIME 834.035 LOAD: AVG 0.0264953 MAX 0.0457835  PROXIES: TOTAL 128 MAXPE 16 MAXPATCH 4 None MEM: 0 MB
LDB: TIME 834.036 LOAD: AVG 0.0264953 MAX 0.0457835  PROXIES: TOTAL 128 MAXPE 16 MAXPATCH 4 RefineTorusLB MEM: 0 MB
LDB: TIME 834.036 LOAD: AVG 0.0264953 MAX 0.0457835  PROXIES: TOTAL 128 MAXPE 16 MAXPATCH 4 RefineTorusLB MEM: 0 MB
LDB: ============== END OF LOAD BALANCING =============== 834.036
Info: useSync: 0 useProxySync: 0
LDB: =============== DONE WITH MIGRATION ================ 834.037
ENERGY: 2188500        66.9068       194.2588       152.0471         0.0000         -60706.3608      7551.7491         0.0000         0.0000      9981.9285         -42759.4705       312.9289    -52741.3990    -42740.3232       309.3130            322.7855       419.5007    161419.4099        16.8497        16.9854

ENERGY: 2189000        81.9468       196.4364       141.3746         0.0000         -60350.9054      7298.1790         0.0000         0.0000      9935.6632         -42697.3054       311.4785    -52632.9686    -42675.1645       310.3871           -133.7741       -61.0169    161886.4688        -0.6971         2.0389

WRITING COORDINATES TO DCD FILE 04_prod_1ns/prod_04.dcd AT STEP 2189000
ENERGY: 2189500        75.4780       220.3619       149.5256         0.0000         -60068.2773      7112.8276         0.0000         0.0000     10078.3709         -42431.7133       315.9523    -52510.0842    -42407.3267       310.7966           -207.3333      -103.1229    162418.9670        -8.1302        -5.9437

TIMING: 2190000  CPU: 845.663, 0.00194927/step  Wall: 836.858, 0.00196687/step, 0.0327812 hours remaining, 0.000000 MB of memory in use.
PERFORMANCE: 2190000  averaging 90.8593 ns/day, 0.00190184 sec/step with standard deviation 3.59628e-05
ETITLE:      TS           BOND          ANGLE          DIHED          IMPRP               ELECT            VDW       BOUNDARY           MISC        KINETIC               TOTAL           TEMP      POTENTIAL         TOTAL3        TEMPAVG            PRESSURE      GPRESSURE         VOLUME       PRESSAVG      GPRESSAVG

ENERGY: 2190000        77.0641       198.4346       146.7217         0.0000         -60338.9601      7359.8181         0.0000         0.0000      9852.9246         -42703.9972       308.8847    -52556.9217    -42676.1836       311.2912            -23.9298       120.0454    162085.2838       -13.3012       -13.5535

WRITING EXTENDED SYSTEM TO RESTART FILE AT STEP 2190000
WRITING COORDINATES TO DCD FILE 04_prod_1ns/prod_04.dcd AT STEP 2190000
WRITING COORDINATES TO RESTART FILE AT STEP 2190000
FINISHED WRITING RESTART COORDINATES
WRITING VELOCITIES TO RESTART FILE AT STEP 2190000
FINISHED WRITING RESTART VELOCITIES
LDB: ============= START OF LOAD BALANCING ============== 837.739
LDB: ============== END OF LOAD BALANCING =============== 837.739
Info: useSync: 0 useProxySync: 0
LDB: =============== DONE WITH MIGRATION ================ 837.74
LDB: ============= START OF LOAD BALANCING ============== 837.83
LDB: TIME 837.83 LOAD: AVG 0.0255552 MAX 0.0463552  PROXIES: TOTAL 128 MAXPE 16 MAXPATCH 4 None MEM: 0 MB
LDB: TIME 837.83 LOAD: AVG 0.0255552 MAX 0.0463552  PROXIES: TOTAL 128 MAXPE 16 MAXPATCH 4 RefineTorusLB MEM: 0 MB
LDB: TIME 837.831 LOAD: AVG 0.0255552 MAX 0.0463552  PROXIES: TOTAL 128 MAXPE 16 MAXPATCH 4 RefineTorusLB MEM: 0 MB
LDB: Reverting to original mapping
LDB: ============== END OF LOAD BALANCING =============== 837.831
Info: useSync: 0 useProxySync: 0
LDB: =============== DONE WITH MIGRATION ================ 837.832
ENERGY: 2190500        77.0021       199.0711       141.3032         0.0000         -60021.5342      7103.1899         0.0000         0.0000      9815.9075         -42685.0603       307.7242    -52500.9678    -42659.4579       309.4741           -469.4647      -384.5474    162688.5323         1.5201         0.9794

ENERGY: 2191000        78.8173       180.6142       155.8350         0.0000         -60372.9806      7402.3639         0.0000         0.0000     10019.9566         -42535.3936       314.1211    -52555.3502    -42513.3383       310.4598             46.7323       141.8315    161556.6530        20.4421        19.5658

WRITING COORDINATES TO DCD FILE 04_prod_1ns/prod_04.dcd AT STEP 2191000
ENERGY: 2191500        89.0098       209.1436       157.1963         0.0000         -60203.6571      7234.8162         0.0000         0.0000      9930.5146         -42582.9767       311.3171    -52513.4912    -42561.0759       311.0545           -297.5219      -166.8781    162089.1332        10.6773        10.1559

WRITING COORDINATES TO DCD FILE 04_prod_1ns/prod_04.dcd AT STEP 2192000
ENERGY: 2192000        57.9698       212.6402       157.5977         0.0000         -59989.5337      7160.9289         0.0000         0.0000      9861.1390         -42539.2581       309.1422    -52400.3971    -42518.5071       311.3398           -303.0730      -185.8269    162897.7029         7.6221         7.4105

LDB: ============= START OF LOAD BALANCING ============== 841.568
LDB: ============== END OF LOAD BALANCING =============== 841.577
Info: useSync: 0 useProxySync: 0
LDB: =============== DONE WITH MIGRATION ================ 841.585
LDB: ============= START OF LOAD BALANCING ============== 841.676
LDB: TIME 841.676 LOAD: AVG 0.0282194 MAX 0.0511023  PROXIES: TOTAL 128 MAXPE 16 MAXPATCH 4 None MEM: 0 MB
LDB: TIME 841.676 LOAD: AVG 0.0282194 MAX 0.0511023  PROXIES: TOTAL 128 MAXPE 16 MAXPATCH 4 RefineTorusLB MEM: 0 MB
LDB: TIME 841.677 LOAD: AVG 0.0282194 MAX 0.0511023  PROXIES: TOTAL 128 MAXPE 16 MAXPATCH 4 RefineTorusLB MEM: 0 MB
LDB: Reverting to original mapping
LDB: ============== END OF LOAD BALANCING =============== 841.677
Info: useSync: 0 useProxySync: 0
LDB: =============== DONE WITH MIGRATION ================ 841.678
ENERGY: 2192500        79.7095       178.6897       154.0073         0.0000         -60224.5671      7210.3155         0.0000         0.0000      9990.4500         -42611.3952       313.1961    -52601.8452    -42589.2487       310.9192           -193.8363       -99.9249    162419.5207         8.0188         7.6733

WRITING COORDINATES TO DCD FILE 04_prod_1ns/prod_04.dcd AT STEP 2193000
ENERGY: 2193000        67.0057       199.9917       160.7726         0.0000         -60122.9918      7222.0552         0.0000         0.0000     10017.9369         -42455.2297       314.0578    -52473.1666    -42429.0722       312.4233            -95.8359       -23.0876    162003.6002         2.0934         1.2829

ENERGY: 2193500        76.2840       211.3702       146.5573         0.0000         -60243.3318      7350.1563         0.0000         0.0000      9983.1691         -42475.7949       312.9678    -52458.9640    -42450.8211       312.1004            -59.1133        18.6754    163207.8273        -7.8386        -7.7637

WRITING COORDINATES TO DCD FILE 04_prod_1ns/prod_04.dcd AT STEP 2194000
ENERGY: 2194000        76.4602       205.7750       157.7848         0.0000         -60249.4556      7426.5700         0.0000         0.0000      9901.5366         -42481.3290       310.4087    -52382.8656    -42459.4182       312.4961            -72.5138        31.8231    163329.6211         8.6675         9.7834

LDB: ============= START OF LOAD BALANCING ============== 845.271
LDB: ============== END OF LOAD BALANCING =============== 845.272
Info: useSync: 0 useProxySync: 0
LDB: =============== DONE WITH MIGRATION ================ 845.272
LDB: ============= START OF LOAD BALANCING ============== 845.363
LDB: TIME 845.364 LOAD: AVG 0.0279441 MAX 0.0467155  PROXIES: TOTAL 128 MAXPE 16 MAXPATCH 4 None MEM: 0 MB
LDB: TIME 845.364 LOAD: AVG 0.0279441 MAX 0.0467155  PROXIES: TOTAL 128 MAXPE 16 MAXPATCH 4 RefineTorusLB MEM: 0 MB
LDB: TIME 845.364 LOAD: AVG 0.0279441 MAX 0.0467155  PROXIES: TOTAL 128 MAXPE 16 MAXPATCH 4 RefineTorusLB MEM: 0 MB
LDB: Reverting to original mapping
LDB: ============== END OF LOAD BALANCING =============== 845.365
Info: useSync: 0 useProxySync: 0
LDB: =============== DONE WITH MIGRATION ================ 845.365
ENERGY: 2194500        73.6408       189.6793       164.4943         0.0000         -60173.2889      7231.0993         0.0000         0.0000      9813.3516         -42701.0235       307.6441    -52514.3751    -42680.4923       312.2259           -235.5615      -151.1576    162530.4090        -2.0474        -2.7057

TIMING: 2195000  CPU: 855.465, 0.00196037/step  Wall: 846.339, 0.0018963/step, 0.0289712 hours remaining, 0.000000 MB of memory in use.
PERFORMANCE: 2195000  averaging 90.8623 ns/day, 0.00190178 sec/step with standard deviation 3.57628e-05
ETITLE:      TS           BOND          ANGLE          DIHED          IMPRP               ELECT            VDW       BOUNDARY           MISC        KINETIC               TOTAL           TEMP      POTENTIAL         TOTAL3        TEMPAVG            PRESSURE      GPRESSURE         VOLUME       PRESSAVG      GPRESSAVG

ENERGY: 2195000        70.7038       231.2132       151.2748         0.0000         -60430.3128      7429.5486         0.0000         0.0000     10064.8196         -42482.7527       315.5275    -52547.5723    -42463.9123       309.2104             84.6792       210.5676    161839.1066        -0.9093         0.1827

WRITING EXTENDED SYSTEM TO RESTART FILE AT STEP 2195000
WRITING COORDINATES TO DCD FILE 04_prod_1ns/prod_04.dcd AT STEP 2195000
WRITING COORDINATES TO RESTART FILE AT STEP 2195000
FINISHED WRITING RESTART COORDINATES
WRITING VELOCITIES TO RESTART FILE AT STEP 2195000
FINISHED WRITING RESTART VELOCITIES
ENERGY: 2195500        61.0347       190.7136       155.6250         0.0000         -60130.9379      7214.6325         0.0000         0.0000      9848.7647         -42660.1676       308.7543    -52508.9322    -42639.7937       310.3935           -134.3578       -53.4448    162953.0367        11.1209        11.0486

ENERGY: 2196000        79.6806       195.2735       147.5569         0.0000         -60519.4721      7368.8575         0.0000         0.0000      9955.0023         -42773.1013       312.0848    -52728.1036    -42754.3674       309.1873           -186.4899      -104.3461    162816.7281        -1.7463        -1.3649

WRITING COORDINATES TO DCD FILE 04_prod_1ns/prod_04.dcd AT STEP 2196000
LDB: ============= START OF LOAD BALANCING ============== 849.116
LDB: ============== END OF LOAD BALANCING =============== 849.116
Info: useSync: 0 useProxySync: 0
LDB: =============== DONE WITH MIGRATION ================ 849.117
LDB: ============= START OF LOAD BALANCING ============== 849.21
LDB: TIME 849.21 LOAD: AVG 0.0299687 MAX 0.0511801  PROXIES: TOTAL 128 MAXPE 16 MAXPATCH 4 None MEM: 0 MB
LDB: TIME 849.21 LOAD: AVG 0.0299687 MAX 0.0511801  PROXIES: TOTAL 128 MAXPE 16 MAXPATCH 4 RefineTorusLB MEM: 0 MB
LDB: TIME 849.21 LOAD: AVG 0.0299687 MAX 0.0511801  PROXIES: TOTAL 128 MAXPE 16 MAXPATCH 4 RefineTorusLB MEM: 0 MB
LDB: ============== END OF LOAD BALANCING =============== 849.211
Info: useSync: 0 useProxySync: 0
LDB: =============== DONE WITH MIGRATION ================ 849.211
ENERGY: 2196500        67.0509       200.8156       152.9985         0.0000         -60340.6538      7317.1492         0.0000         0.0000      9889.3790         -42713.2606       310.0275    -52602.6396    -42685.0793       309.8812           -115.9966       -70.8515    163191.0799       -15.3471       -14.6785

ENERGY: 2197000        75.0098       202.0934       162.5248         0.0000         -60221.4024      7243.0194         0.0000         0.0000      9864.4419         -42674.3131       309.2458    -52538.7550    -42655.3303       310.4836           -225.8178      -155.8912    162681.9814         3.2958         2.3671

WRITING COORDINATES TO DCD FILE 04_prod_1ns/prod_04.dcd AT STEP 2197000
ENERGY: 2197500        77.1118       228.6521       153.0813         0.0000         -60355.3367      7299.2877         0.0000         0.0000      9950.0683         -42647.1355       311.9301    -52597.2038    -42621.2595       309.5809           -244.0142      -145.8404    162494.8011        -2.9225        -2.7195

ENERGY: 2198000        78.5760       184.8548       165.2217         0.0000         -60353.2077      7497.6272         0.0000         0.0000      9912.7256         -42514.2024       310.7594    -52426.9280    -42490.1175       311.1624            180.9297       274.6798    161771.7022        14.0438        15.1876

WRITING COORDINATES TO DCD FILE 04_prod_1ns/prod_04.dcd AT STEP 2198000
LDB: ============= START OF LOAD BALANCING ============== 852.86
LDB: ============== END OF LOAD BALANCING =============== 852.86
Info: useSync: 0 useProxySync: 0
LDB: =============== DONE WITH MIGRATION ================ 852.86
LDB: ============= START OF LOAD BALANCING ============== 852.957
LDB: TIME 852.958 LOAD: AVG 0.0276046 MAX 0.0523053  PROXIES: TOTAL 128 MAXPE 16 MAXPATCH 4 None MEM: 0 MB
LDB: TIME 852.958 LOAD: AVG 0.0276046 MAX 0.0523053  PROXIES: TOTAL 128 MAXPE 16 MAXPATCH 4 RefineTorusLB MEM: 0 MB
LDB: TIME 852.958 LOAD: AVG 0.0276046 MAX 0.0523053  PROXIES: TOTAL 128 MAXPE 16 MAXPATCH 4 RefineTorusLB MEM: 0 MB
LDB: Reverting to original mapping
LDB: ============== END OF LOAD BALANCING =============== 852.959
Info: useSync: 0 useProxySync: 0
LDB: =============== DONE WITH MIGRATION ================ 852.959
ENERGY: 2198500        82.2282       197.5869       146.9874         0.0000         -60257.4910      7364.8099         0.0000         0.0000      9850.3843         -42615.4944       308.8051    -52465.8787    -42597.2913       313.3906           -152.3700       -81.2223    163284.8923         9.3814         9.8445

ENERGY: 2199000        71.5165       197.9592       152.9601         0.0000         -60262.9848      7393.9103         0.0000         0.0000      9835.4813         -42611.1573       308.3379    -52446.6387    -42590.1785       311.1422             31.2568       102.8527    162143.2323        -3.8634        -4.6312

WRITING COORDINATES TO DCD FILE 04_prod_1ns/prod_04.dcd AT STEP 2199000
ENERGY: 2199500        85.0391       214.8392       153.3611         0.0000         -60295.1438      7351.7379         0.0000         0.0000      9860.4080         -42629.7586       309.1193    -52490.1666    -42607.7694       311.2801           -279.6176      -196.3295    163938.5899        12.1271        11.1426

TIMING: 2200000  CPU: 865.081, 0.00192316/step  Wall: 855.847, 0.00190159/step, 0.0264109 hours remaining, 0.000000 MB of memory in use.
PERFORMANCE: 2200000  averaging 90.8624 ns/day, 0.00190178 sec/step with standard deviation 3.55613e-05
ETITLE:      TS           BOND          ANGLE          DIHED          IMPRP               ELECT            VDW       BOUNDARY           MISC        KINETIC               TOTAL           TEMP      POTENTIAL         TOTAL3        TEMPAVG            PRESSURE      GPRESSURE         VOLUME       PRESSAVG      GPRESSAVG

ENERGY: 2200000        77.5206       192.0069       158.3522         0.0000         -60192.6825      7229.7262         0.0000         0.0000      9939.5042         -42595.5723       311.5989    -52535.0765    -42572.5673       310.4443           -243.5241      -132.2418    162495.3955        -7.7455        -8.1043

WRITING EXTENDED SYSTEM TO RESTART FILE AT STEP 2200000
WRITING COORDINATES TO DCD FILE 04_prod_1ns/prod_04.dcd AT STEP 2200000
WRITING COORDINATES TO RESTART FILE AT STEP 2200000
FINISHED WRITING RESTART COORDINATES
WRITING VELOCITIES TO RESTART FILE AT STEP 2200000
FINISHED WRITING RESTART VELOCITIES
LDB: ============= START OF LOAD BALANCING ============== 856.823
LDB: ============== END OF LOAD BALANCING =============== 856.824
Info: useSync: 0 useProxySync: 0
LDB: =============== DONE WITH MIGRATION ================ 856.824
LDB: ============= START OF LOAD BALANCING ============== 856.92
LDB: TIME 856.921 LOAD: AVG 0.0265365 MAX 0.0502133  PROXIES: TOTAL 128 MAXPE 16 MAXPATCH 4 None MEM: 0 MB
LDB: TIME 856.921 LOAD: AVG 0.0265365 MAX 0.0502133  PROXIES: TOTAL 128 MAXPE 16 MAXPATCH 4 RefineTorusLB MEM: 0 MB
LDB: TIME 856.921 LOAD: AVG 0.0265365 MAX 0.0502133  PROXIES: TOTAL 128 MAXPE 16 MAXPATCH 4 RefineTorusLB MEM: 0 MB
LDB: ============== END OF LOAD BALANCING =============== 856.922
Info: useSync: 0 useProxySync: 0
LDB: =============== DONE WITH MIGRATION ================ 856.923
ENERGY: 2200500        78.4495       199.3599       148.5624         0.0000         -60034.6566      7216.5618         0.0000         0.0000      9800.5777         -42591.1453       307.2436    -52391.7230    -42573.1398       310.7473           -117.2075       -15.9407    161916.4245         2.2881         3.0396

ENERGY: 2201000        88.3741       180.3296       152.0828         0.0000         -60472.0480      7449.7223         0.0000         0.0000      9865.1459         -42736.3934       309.2678    -52601.5393    -42718.6012       309.8396            -38.5517        70.1177    161758.5180        -2.5779        -3.3305

WRITING COORDINATES TO DCD FILE 04_prod_1ns/prod_04.dcd AT STEP 2201000
ENERGY: 2201500        68.4920       189.3529       149.9911         0.0000         -60494.3324      7383.4676         0.0000         0.0000      9723.8260         -42979.2028       304.8375    -52703.0288    -42958.0449       308.8659              6.4123       106.7444    162284.2740        16.7303        17.3107

ENERGY: 2202000        76.7967       173.1975       161.1165         0.0000         -60724.1400      7447.2832         0.0000         0.0000      9900.8579         -42964.8883       310.3874    -52865.7462    -42938.3448       308.4657              7.0322        83.0531    161658.8870         7.6128         7.9810

WRITING COORDINATES TO DCD FILE 04_prod_1ns/prod_04.dcd AT STEP 2202000
LDB: ============= START OF LOAD BALANCING ============== 860.69
LDB: ============== END OF LOAD BALANCING =============== 860.691
Info: useSync: 0 useProxySync: 0
LDB: =============== DONE WITH MIGRATION ================ 860.691
LDB: ============= START OF LOAD BALANCING ============== 860.789
LDB: TIME 860.79 LOAD: AVG 0.0293352 MAX 0.0519128  PROXIES: TOTAL 128 MAXPE 16 MAXPATCH 4 None MEM: 0 MB
LDB: TIME 860.79 LOAD: AVG 0.0293352 MAX 0.0519128  PROXIES: TOTAL 128 MAXPE 16 MAXPATCH 4 RefineTorusLB MEM: 0 MB
LDB: TIME 860.79 LOAD: AVG 0.0293352 MAX 0.0519128  PROXIES: TOTAL 128 MAXPE 16 MAXPATCH 4 RefineTorusLB MEM: 0 MB
LDB: ============== END OF LOAD BALANCING =============== 860.791
Info: useSync: 0 useProxySync: 0
LDB: =============== DONE WITH MIGRATION ================ 860.791
ENERGY: 2202500        80.2359       174.2547       161.1742         0.0000         -60207.3058      7259.4878         0.0000         0.0000      9752.0215         -42780.1317       305.7214    -52532.1532    -42759.1295       308.5015           -175.4269      -107.0963    161993.7716         1.2242         2.1653

ENERGY: 2203000        64.9843       176.2546       151.7207         0.0000         -60345.7929      7203.5452         0.0000         0.0000      9954.4889         -42794.7993       312.0687    -52749.2881    -42766.0286       309.8387           -368.5476      -318.1105    162252.3576        -0.4699        -0.0569

WRITING COORDINATES TO DCD FILE 04_prod_1ns/prod_04.dcd AT STEP 2203000
ENERGY: 2203500        75.1906       182.2707       145.0613         0.0000         -60459.5627      7385.7923         0.0000         0.0000      9834.5062         -42836.7417       308.3073    -52671.2479    -42814.9453       308.3778             10.2921        96.4401    161704.8272         4.2570         5.0068

ENERGY: 2204000        79.1526       205.0348       155.6437         0.0000         -60223.0617      7315.6236         0.0000         0.0000      9777.6299         -42689.9771       306.5242    -52467.6070    -42662.9269       310.0322           -223.1998      -106.5712    162769.9839        -0.8437        -0.7425

WRITING COORDINATES TO DCD FILE 04_prod_1ns/prod_04.dcd AT STEP 2204000
LDB: ============= START OF LOAD BALANCING ============== 864.629
LDB: ============== END OF LOAD BALANCING =============== 864.629
Info: useSync: 0 useProxySync: 0
LDB: =============== DONE WITH MIGRATION ================ 864.63
LDB: ============= START OF LOAD BALANCING ============== 864.725
LDB: TIME 864.725 LOAD: AVG 0.0268797 MAX 0.0493041  PROXIES: TOTAL 128 MAXPE 16 MAXPATCH 4 None MEM: 0 MB
LDB: TIME 864.725 LOAD: AVG 0.0268797 MAX 0.0493041  PROXIES: TOTAL 128 MAXPE 16 MAXPATCH 4 RefineTorusLB MEM: 0 MB
LDB: TIME 864.725 LOAD: AVG 0.0268797 MAX 0.0493041  PROXIES: TOTAL 128 MAXPE 16 MAXPATCH 4 RefineTorusLB MEM: 0 MB
LDB: ============== END OF LOAD BALANCING =============== 864.726
Info: useSync: 0 useProxySync: 0
LDB: =============== DONE WITH MIGRATION ================ 864.726
ENERGY: 2204500        67.2855       181.3910       152.4972         0.0000         -60117.0319      7235.9745         0.0000         0.0000      9918.9829         -42560.9008       310.9556    -52479.8837    -42535.8119       310.6347            -94.3671        42.8930    162010.1085         2.8372         2.3773

TIMING: 2205000  CPU: 874.682, 0.00192025/step  Wall: 865.728, 0.00197606/step, 0.0247008 hours remaining, 0.000000 MB of memory in use.
PERFORMANCE: 2205000  averaging 90.8234 ns/day, 0.00190259 sec/step with standard deviation 3.62104e-05
ETITLE:      TS           BOND          ANGLE          DIHED          IMPRP               ELECT            VDW       BOUNDARY           MISC        KINETIC               TOTAL           TEMP      POTENTIAL         TOTAL3        TEMPAVG            PRESSURE      GPRESSURE         VOLUME       PRESSAVG      GPRESSAVG

ENERGY: 2205000        66.2222       198.8487       147.8662         0.0000         -60184.2365      7203.7138         0.0000         0.0000      9734.3569         -42833.2287       305.1677    -52567.5857    -42809.7282       310.0039           -172.2922      -106.0900    162039.0605         1.8003         0.4314

WRITING EXTENDED SYSTEM TO RESTART FILE AT STEP 2205000
WRITING COORDINATES TO DCD FILE 04_prod_1ns/prod_04.dcd AT STEP 2205000
WRITING COORDINATES TO RESTART FILE AT STEP 2205000
FINISHED WRITING RESTART COORDINATES
WRITING VELOCITIES TO RESTART FILE AT STEP 2205000
FINISHED WRITING RESTART VELOCITIES
ENERGY: 2205500        69.9784       194.3151       151.4775         0.0000         -60438.5548      7338.6776         0.0000         0.0000      9913.0417         -42771.0644       310.7693    -52684.1062    -42754.6892       308.4738            -49.1657        31.5452    162404.0617         4.4296         4.7030

ENERGY: 2206000        70.1395       190.0042       151.6495         0.0000         -60205.2348      7197.7225         0.0000         0.0000      9922.6866         -42673.0325       311.0717    -52595.7191    -42649.0886       308.7326           -373.8567      -262.6336    163098.0551         3.6082         4.3596

WRITING COORDINATES TO DCD FILE 04_prod_1ns/prod_04.dcd AT STEP 2206000
LDB: ============= START OF LOAD BALANCING ============== 868.481
LDB: ============== END OF LOAD BALANCING =============== 868.482
Info: useSync: 0 useProxySync: 0
LDB: =============== DONE WITH MIGRATION ================ 868.482
LDB: ============= START OF LOAD BALANCING ============== 868.571
LDB: TIME 868.572 LOAD: AVG 0.0265006 MAX 0.0467574  PROXIES: TOTAL 128 MAXPE 16 MAXPATCH 4 None MEM: 0 MB
LDB: TIME 868.572 LOAD: AVG 0.0265006 MAX 0.0467574  PROXIES: TOTAL 128 MAXPE 16 MAXPATCH 4 RefineTorusLB MEM: 0 MB
LDB: TIME 868.572 LOAD: AVG 0.0265006 MAX 0.0467574  PROXIES: TOTAL 128 MAXPE 16 MAXPATCH 4 RefineTorusLB MEM: 0 MB
LDB: ============== END OF LOAD BALANCING =============== 868.572
Info: useSync: 0 useProxySync: 0
LDB: =============== DONE WITH MIGRATION ================ 868.573
ENERGY: 2206500        68.5528       182.7855       156.9946         0.0000         -60121.1196      7204.7176         0.0000         0.0000      9927.2469         -42580.8221       311.2147    -52508.0691    -42560.4952       310.4272           -105.8145       -56.7565    161499.6694         3.9205         3.1905

ENERGY: 2207000        63.0012       198.6120       154.5121         0.0000         -60372.1147      7312.9870         0.0000         0.0000     10153.3041         -42489.6983       318.3015    -52643.0023    -42463.3821       310.8500             57.7813       154.4160    161339.9617         6.0497         4.8092

WRITING COORDINATES TO DCD FILE 04_prod_1ns/prod_04.dcd AT STEP 2207000
ENERGY: 2207500        76.1977       190.7232       146.2545         0.0000         -59818.2283      7126.9711         0.0000         0.0000     10014.6138         -42263.4681       313.9536    -52278.0819    -42246.2466       313.8438           -456.3646      -384.2317    164096.6449        12.1846        11.2140

ENERGY: 2208000        76.0958       196.7100       145.6980         0.0000         -60371.4787      7357.6156         0.0000         0.0000      9950.4910         -42644.8683       311.9434    -52595.3592    -42622.9029       312.5818            -39.1053        41.4500    162932.0224         3.0225         2.3346

WRITING COORDINATES TO DCD FILE 04_prod_1ns/prod_04.dcd AT STEP 2208000
LDB: ============= START OF LOAD BALANCING ============== 872.107
LDB: ============== END OF LOAD BALANCING =============== 872.108
Info: useSync: 0 useProxySync: 0
LDB: =============== DONE WITH MIGRATION ================ 872.108
LDB: ============= START OF LOAD BALANCING ============== 872.205
LDB: TIME 872.206 LOAD: AVG 0.0322125 MAX 0.0548349  PROXIES: TOTAL 128 MAXPE 16 MAXPATCH 4 None MEM: 0 MB
LDB: TIME 872.206 LOAD: AVG 0.0322125 MAX 0.0548349  PROXIES: TOTAL 128 MAXPE 16 MAXPATCH 4 RefineTorusLB MEM: 0 MB
LDB: TIME 872.207 LOAD: AVG 0.0322125 MAX 0.0548349  PROXIES: TOTAL 128 MAXPE 16 MAXPATCH 4 RefineTorusLB MEM: 0 MB
LDB: Reverting to original mapping
LDB: ============== END OF LOAD BALANCING =============== 872.207
Info: useSync: 0 useProxySync: 0
LDB: =============== DONE WITH MIGRATION ================ 872.208
ENERGY: 2208500        65.7996       201.3077       153.2824         0.0000         -60485.2851      7483.9320         0.0000         0.0000      9766.1134         -42814.8502       306.1632    -52580.9636    -42797.1985       310.2021            297.8998       406.2318    161301.8931         0.0300         0.9931

ENERGY: 2209000        73.3883       190.2480       163.7890         0.0000         -60534.1572      7460.0187         0.0000         0.0000      9944.5946         -42702.1186       311.7585    -52646.7132    -42679.3587       308.5128            168.9487       259.4311    161910.7118         7.9036         7.4685

WRITING COORDINATES TO DCD FILE 04_prod_1ns/prod_04.dcd AT STEP 2209000
ENERGY: 2209500        77.0372       195.6601       157.2064         0.0000         -60107.9481      7217.9151         0.0000         0.0000      9958.6539         -42501.4753       312.1993    -52460.1292    -42482.8049       310.1282           -222.4456      -140.5207    163348.6376         2.9736         2.6094

TIMING: 2210000  CPU: 884.275, 0.00191859/step  Wall: 874.966, 0.00184779/step, 0.020531 hours remaining, 0.000000 MB of memory in use.
PERFORMANCE: 2210000  averaging 90.8519 ns/day, 0.001902 sec/step with standard deviation 3.64613e-05
ETITLE:      TS           BOND          ANGLE          DIHED          IMPRP               ELECT            VDW       BOUNDARY           MISC        KINETIC               TOTAL           TEMP      POTENTIAL         TOTAL3        TEMPAVG            PRESSURE      GPRESSURE         VOLUME       PRESSAVG      GPRESSAVG

ENERGY: 2210000        78.3547       204.3581       152.4319         0.0000         -60395.8043      7433.6483         0.0000         0.0000      9907.8846         -42619.1269       310.6077    -52527.0115    -42597.8096       311.5750            -52.7102        21.1567    164112.0203        -4.7062        -5.7182

WRITING EXTENDED SYSTEM TO RESTART FILE AT STEP 2210000
WRITING COORDINATES TO DCD FILE 04_prod_1ns/prod_04.dcd AT STEP 2210000
WRITING COORDINATES TO RESTART FILE AT STEP 2210000
FINISHED WRITING RESTART COORDINATES
WRITING VELOCITIES TO RESTART FILE AT STEP 2210000
FINISHED WRITING RESTART VELOCITIES
LDB: ============= START OF LOAD BALANCING ============== 875.852
LDB: ============== END OF LOAD BALANCING =============== 875.852
Info: useSync: 0 useProxySync: 0
LDB: =============== DONE WITH MIGRATION ================ 875.853
LDB: ============= START OF LOAD BALANCING ============== 875.945
LDB: TIME 875.945 LOAD: AVG 0.0270044 MAX 0.0477856  PROXIES: TOTAL 128 MAXPE 16 MAXPATCH 4 None MEM: 0 MB
LDB: TIME 875.946 LOAD: AVG 0.0270044 MAX 0.0477856  PROXIES: TOTAL 128 MAXPE 16 MAXPATCH 4 RefineTorusLB MEM: 0 MB
LDB: TIME 875.946 LOAD: AVG 0.0270044 MAX 0.0477856  PROXIES: TOTAL 128 MAXPE 16 MAXPATCH 4 RefineTorusLB MEM: 0 MB
LDB: ============== END OF LOAD BALANCING =============== 875.946
Info: useSync: 0 useProxySync: 0
LDB: =============== DONE WITH MIGRATION ================ 875.947
ENERGY: 2210500        75.8174       175.4986       147.0817         0.0000         -60029.0086      7291.2451         0.0000         0.0000      9887.3470         -42452.0188       309.9638    -52339.3658    -42427.2777       311.4467            -14.3693        74.8157    163617.3785         2.1616         1.1383

ENERGY: 2211000        69.4774       185.3276       151.9468         0.0000         -60547.9151      7502.6997         0.0000         0.0000      9969.3603         -42669.1033       312.5349    -52638.4636    -42646.9967       311.6604            258.2432       355.1101    161650.4367        -3.4407        -2.9868

WRITING COORDINATES TO DCD FILE 04_prod_1ns/prod_04.dcd AT STEP 2211000
ENERGY: 2211500        80.2377       181.3967       144.1197         0.0000         -60135.3440      7207.0603         0.0000         0.0000      9820.6345         -42701.8951       307.8724    -52522.5296    -42681.9357       309.4627           -276.6111      -196.3196    163556.7734         0.8935         1.2183

ENERGY: 2212000        65.4358       213.9698       150.4801         0.0000         -60410.6749      7482.7280         0.0000         0.0000      9867.8344         -42630.2267       309.3521    -52498.0611    -42604.0755       309.6358            328.9374       407.5861    161576.4120        -7.4639        -7.1939

WRITING COORDINATES TO DCD FILE 04_prod_1ns/prod_04.dcd AT STEP 2212000
LDB: ============= START OF LOAD BALANCING ============== 879.573
LDB: ============== END OF LOAD BALANCING =============== 879.573
Info: useSync: 0 useProxySync: 0
LDB: =============== DONE WITH MIGRATION ================ 879.573
LDB: ============= START OF LOAD BALANCING ============== 879.668
LDB: TIME 879.669 LOAD: AVG 0.0276304 MAX 0.0521167  PROXIES: TOTAL 128 MAXPE 16 MAXPATCH 4 None MEM: 0 MB
LDB: TIME 879.669 LOAD: AVG 0.0276304 MAX 0.0521167  PROXIES: TOTAL 128 MAXPE 16 MAXPATCH 4 RefineTorusLB MEM: 0 MB
LDB: TIME 879.669 LOAD: AVG 0.0276304 MAX 0.0521167  PROXIES: TOTAL 128 MAXPE 16 MAXPATCH 4 RefineTorusLB MEM: 0 MB
LDB: Reverting to original mapping
LDB: ============== END OF LOAD BALANCING =============== 879.67
Info: useSync: 0 useProxySync: 0
LDB: =============== DONE WITH MIGRATION ================ 879.67
ENERGY: 2212500        82.2964       207.7150       145.9037         0.0000         -60309.9108      7223.0773         0.0000         0.0000     10127.3372         -42523.5811       317.4874    -52650.9183    -42498.7756       312.2450           -277.3706      -186.6675    162379.4634       -12.1934       -12.7269

ENERGY: 2213000        83.2194       194.2551       146.9243         0.0000         -60141.7797      7300.4478         0.0000         0.0000      9936.5420         -42480.3911       311.5061    -52416.9331    -42456.7496       312.8915           -130.2842       -60.3165    163346.9827         3.9470         5.1263

WRITING COORDINATES TO DCD FILE 04_prod_1ns/prod_04.dcd AT STEP 2213000
ENERGY: 2213500        88.4439       206.4218       147.6166         0.0000         -60140.3395      7321.7711         0.0000         0.0000      9869.1667         -42506.9194       309.3939    -52376.0861    -42483.7403       310.5707             -1.0350        99.4720    162971.1640        -6.6514        -8.3206

ENERGY: 2214000        87.0677       196.8862       154.2222         0.0000         -60301.5912      7279.6748         0.0000         0.0000      9959.5677         -42624.1726       312.2279    -52583.7404    -42595.3869       310.6185            -63.3472        -4.4542    161030.1371         1.1297         2.1629

WRITING COORDINATES TO DCD FILE 04_prod_1ns/prod_04.dcd AT STEP 2214000
LDB: ============= START OF LOAD BALANCING ============== 883.273
LDB: ============== END OF LOAD BALANCING =============== 883.273
Info: useSync: 0 useProxySync: 0
LDB: =============== DONE WITH MIGRATION ================ 883.274
LDB: ============= START OF LOAD BALANCING ============== 883.366
LDB: TIME 883.366 LOAD: AVG 0.0275296 MAX 0.0496534  PROXIES: TOTAL 128 MAXPE 16 MAXPATCH 4 None MEM: 0 MB
LDB: TIME 883.366 LOAD: AVG 0.0275296 MAX 0.0496534  PROXIES: TOTAL 128 MAXPE 16 MAXPATCH 4 RefineTorusLB MEM: 0 MB
LDB: TIME 883.367 LOAD: AVG 0.0275296 MAX 0.0496534  PROXIES: TOTAL 128 MAXPE 16 MAXPATCH 4 RefineTorusLB MEM: 0 MB
LDB: ============== END OF LOAD BALANCING =============== 883.367
Info: useSync: 0 useProxySync: 0
LDB: =============== DONE WITH MIGRATION ================ 883.367
ENERGY: 2214500        77.1764       189.0337       157.2629         0.0000         -60416.7657      7327.4712         0.0000         0.0000      9925.3661         -42740.4553       311.1557    -52665.8215    -42719.1261       311.4165           -122.4364       -32.2453    162510.8368        -0.5082         0.0461

TIMING: 2215000  CPU: 893.858, 0.00191663/step  Wall: 884.362, 0.00187905/step, 0.0182686 hours remaining, 0.000000 MB of memory in use.
PERFORMANCE: 2215000  averaging 90.8636 ns/day, 0.00190175 sec/step with standard deviation 3.63406e-05
ETITLE:      TS           BOND          ANGLE          DIHED          IMPRP               ELECT            VDW       BOUNDARY           MISC        KINETIC               TOTAL           TEMP      POTENTIAL         TOTAL3        TEMPAVG            PRESSURE      GPRESSURE         VOLUME       PRESSAVG      GPRESSAVG

ENERGY: 2215000        66.8533       213.8827       153.3199         0.0000         -60183.2542      7249.5555         0.0000         0.0000      9790.9993         -42708.6434       306.9434    -52499.6428    -42688.4349       308.9644           -186.5534      -115.3274    162825.1536         5.7664         5.8410

WRITING EXTENDED SYSTEM TO RESTART FILE AT STEP 2215000
WRITING COORDINATES TO DCD FILE 04_prod_1ns/prod_04.dcd AT STEP 2215000
WRITING COORDINATES TO RESTART FILE AT STEP 2215000
FINISHED WRITING RESTART COORDINATES
WRITING VELOCITIES TO RESTART FILE AT STEP 2215000
FINISHED WRITING RESTART VELOCITIES
ENERGY: 2215500        72.3495       209.7185       151.6304         0.0000         -60068.7276      7203.5531         0.0000         0.0000      9885.4473         -42546.0289       309.9043    -52431.4762    -42527.2125       309.9187           -210.0588      -120.7526    162860.6164        -6.0732        -5.9078

ENERGY: 2216000        68.2550       198.8331       150.4630         0.0000         -59938.6826      7238.2418         0.0000         0.0000      9937.9385         -42344.9512       311.5498    -52282.8897    -42313.3877       312.0535           -145.5067       -53.2180    163222.7297        -5.7727        -6.2576

WRITING COORDINATES TO DCD FILE 04_prod_1ns/prod_04.dcd AT STEP 2216000
LDB: ============= START OF LOAD BALANCING ============== 887.166
LDB: ============== END OF LOAD BALANCING =============== 887.166
Info: useSync: 0 useProxySync: 0
LDB: =============== DONE WITH MIGRATION ================ 887.166
LDB: ============= START OF LOAD BALANCING ============== 887.261
LDB: TIME 887.262 LOAD: AVG 0.0274144 MAX 0.0495236  PROXIES: TOTAL 128 MAXPE 16 MAXPATCH 4 None MEM: 0 MB
LDB: TIME 887.262 LOAD: AVG 0.0274144 MAX 0.0495236  PROXIES: TOTAL 128 MAXPE 16 MAXPATCH 4 RefineTorusLB MEM: 0 MB
LDB: TIME 887.262 LOAD: AVG 0.0274144 MAX 0.0495236  PROXIES: TOTAL 128 MAXPE 16 MAXPATCH 4 RefineTorusLB MEM: 0 MB
LDB: ============== END OF LOAD BALANCING =============== 887.262
Info: useSync: 0 useProxySync: 0
LDB: =============== DONE WITH MIGRATION ================ 887.263
ENERGY: 2216500        75.4853       212.4451       151.4413         0.0000         -60392.5920      7391.2459         0.0000         0.0000      9870.1693         -42691.8051       309.4253    -52561.9743    -42667.7381       310.7494            102.1403       176.1437    162081.1929         4.8923         5.7837

ENERGY: 2217000        80.1694       179.3765       158.4007         0.0000         -60273.1259      7307.9374         0.0000         0.0000      9848.3238         -42698.9181       308.7405    -52547.2419    -42672.0516       309.9134            -22.1442        80.7936    161631.1380        -0.4441        -1.4067

WRITING COORDINATES TO DCD FILE 04_prod_1ns/prod_04.dcd AT STEP 2217000
ENERGY: 2217500        72.5569       202.4687       153.7272         0.0000         -60526.3612      7488.9143         0.0000         0.0000      9909.6835         -42699.0106       310.6641    -52608.6942    -42675.4919       309.1350            226.9339       323.3204    161461.7672         9.3539         8.8532

ENERGY: 2218000        71.8436       193.9518       160.6322         0.0000         -60225.6312      7181.8972         0.0000         0.0000      9888.5026         -42728.8039       310.0001    -52617.3065    -42705.3833       309.6852           -274.4944      -195.5144    162384.4507         4.1685         3.6984

WRITING COORDINATES TO DCD FILE 04_prod_1ns/prod_04.dcd AT STEP 2218000
LDB: ============= START OF LOAD BALANCING ============== 890.976
LDB: ============== END OF LOAD BALANCING =============== 890.977
Info: useSync: 0 useProxySync: 0
LDB: =============== DONE WITH MIGRATION ================ 890.977
LDB: ============= START OF LOAD BALANCING ============== 891.074
LDB: TIME 891.075 LOAD: AVG 0.028991 MAX 0.0506819  PROXIES: TOTAL 128 MAXPE 16 MAXPATCH 4 None MEM: 0 MB
LDB: TIME 891.075 LOAD: AVG 0.028991 MAX 0.0506819  PROXIES: TOTAL 128 MAXPE 16 MAXPATCH 4 RefineTorusLB MEM: 0 MB
LDB: TIME 891.075 LOAD: AVG 0.028991 MAX 0.0506819  PROXIES: TOTAL 128 MAXPE 16 MAXPATCH 4 RefineTorusLB MEM: 0 MB
LDB: Reverting to original mapping
LDB: ============== END OF LOAD BALANCING =============== 891.076
Info: useSync: 0 useProxySync: 0
LDB: =============== DONE WITH MIGRATION ================ 891.076
ENERGY: 2218500        71.1452       193.2940       141.9954         0.0000         -60208.4184      7223.2714         0.0000         0.0000      9850.7042         -42728.0082       308.8151    -52578.7124    -42705.9492       309.8181           -131.0109       -56.1979    161944.1914        -5.4486        -5.3812

ENERGY: 2219000        70.9765       183.7099       150.9441         0.0000         -60319.5350      7251.0019         0.0000         0.0000      9934.2779         -42728.6247       311.4351    -52662.9025    -42706.1703       309.9085           -187.6660      -125.1549    162229.7314        -8.0710        -6.9442

WRITING COORDINATES TO DCD FILE 04_prod_1ns/prod_04.dcd AT STEP 2219000
ENERGY: 2219500        75.4871       201.4212       163.2969         0.0000         -60239.1548      7280.8028         0.0000         0.0000      9809.4314         -42708.7155       307.5212    -52518.1468    -42689.6325       309.5955           -290.8483      -200.1280    163516.3065         7.4944         7.5451

WRITING COORDINATES TO DCD FILE 04_prod_1ns/prod_04.dcd AT STEP 2220000
WRITING COORDINATES TO RESTART FILE AT STEP 2220000
FINISHED WRITING RESTART COORDINATES
WRITING VELOCITIES TO RESTART FILE AT STEP 2220000
FINISHED WRITING RESTART VELOCITIES
TIMING: 2220000  CPU: 903.481, 0.00192461/step  Wall: 894.277, 0.00198311/step, 0.0165259 hours remaining, 0.000000 MB of memory in use.
PERFORMANCE: 2220000  averaging 90.8223 ns/day, 0.00190262 sec/step with standard deviation 3.71061e-05
ETITLE:      TS           BOND          ANGLE          DIHED          IMPRP               ELECT            VDW       BOUNDARY           MISC        KINETIC               TOTAL           TEMP      POTENTIAL         TOTAL3        TEMPAVG            PRESSURE      GPRESSURE         VOLUME       PRESSAVG      GPRESSAVG

ENERGY: 2220000        72.9597       206.4210       161.8824         0.0000         -60115.9958      7229.9860         0.0000         0.0000      9870.0509         -42574.6959       309.4216    -52444.7467    -42549.3968       311.1502            -63.1130        18.7571    162160.5430        -1.5887        -1.3291

WRITING EXTENDED SYSTEM TO RESTART FILE AT STEP 2220000
LDB: ============= START OF LOAD BALANCING ============== 895.134
LDB: ============== END OF LOAD BALANCING =============== 895.134
Info: useSync: 0 useProxySync: 0
LDB: =============== DONE WITH MIGRATION ================ 895.134
LDB: ============= START OF LOAD BALANCING ============== 895.23
LDB: TIME 895.23 LOAD: AVG 0.0272626 MAX 0.0483444  PROXIES: TOTAL 128 MAXPE 16 MAXPATCH 4 None MEM: 0 MB
LDB: TIME 895.23 LOAD: AVG 0.0272626 MAX 0.0483444  PROXIES: TOTAL 128 MAXPE 16 MAXPATCH 4 RefineTorusLB MEM: 0 MB
LDB: TIME 895.231 LOAD: AVG 0.0272626 MAX 0.0483444  PROXIES: TOTAL 128 MAXPE 16 MAXPATCH 4 RefineTorusLB MEM: 0 MB
LDB: Reverting to original mapping
LDB: ============== END OF LOAD BALANCING =============== 895.231
Info: useSync: 0 useProxySync: 0
LDB: =============== DONE WITH MIGRATION ================ 895.232
ENERGY: 2220500        81.2616       207.8808       152.9255         0.0000         -60333.5374      7356.7751         0.0000         0.0000      9895.4430         -42639.2514       310.2176    -52534.6944    -42625.1659       311.5562            -56.8253        39.9306    162613.1822        -0.0648        -0.8126

ENERGY: 2221000        72.6653       190.0604       156.3279         0.0000         -60106.2555      7224.7407         0.0000         0.0000      9829.3664         -42633.0948       308.1462    -52462.4611    -42612.8064       310.9799            -97.3633        -0.9296    162234.9161        -1.0002        -0.0137

WRITING COORDINATES TO DCD FILE 04_prod_1ns/prod_04.dcd AT STEP 2221000
ENERGY: 2221500        75.7042       203.5953       151.1965         0.0000         -60302.1665      7451.4803         0.0000         0.0000      9870.4462         -42549.7440       309.4340    -52420.1902    -42528.0327       312.4140            165.5224       261.4847    162643.5165        -7.3387        -6.9424

ENERGY: 2222000        62.6283       204.9664       150.9099         0.0000         -60392.7151      7380.4139         0.0000         0.0000      9966.7242         -42627.0724       312.4523    -52593.7966    -42602.2910       310.8711             26.1056       131.8525    162179.7859         1.0762         0.7110

WRITING COORDINATES TO DCD FILE 04_prod_1ns/prod_04.dcd AT STEP 2222000
LDB: ============= START OF LOAD BALANCING ============== 898.919
LDB: ============== END OF LOAD BALANCING =============== 898.919
Info: useSync: 0 useProxySync: 0
LDB: =============== DONE WITH MIGRATION ================ 898.92
LDB: ============= START OF LOAD BALANCING ============== 899.014
LDB: TIME 899.015 LOAD: AVG 0.0281092 MAX 0.0544331  PROXIES: TOTAL 128 MAXPE 16 MAXPATCH 4 None MEM: 0 MB
LDB: TIME 899.015 LOAD: AVG 0.0281092 MAX 0.0544331  PROXIES: TOTAL 128 MAXPE 16 MAXPATCH 4 RefineTorusLB MEM: 0 MB
LDB: TIME 899.015 LOAD: AVG 0.0281092 MAX 0.0544331  PROXIES: TOTAL 128 MAXPE 16 MAXPATCH 4 RefineTorusLB MEM: 0 MB
LDB: ============== END OF LOAD BALANCING =============== 899.016
Info: useSync: 0 useProxySync: 0
LDB: =============== DONE WITH MIGRATION ================ 899.016
ENERGY: 2222500        80.4602       204.0413       143.9174         0.0000         -60008.8067      7179.3240         0.0000         0.0000      9977.6389         -42423.4249       312.7944    -52401.0638    -42400.9229       312.1473           -179.7085      -114.6026    162191.1476        -1.4085        -1.4703

ENERGY: 2223000        70.9200       195.3951       150.2996         0.0000         -60153.3377      7261.7611         0.0000         0.0000      9849.6992         -42625.2627       308.7836    -52474.9619    -42601.3924       310.3702           -155.5879       -46.7925    162049.9873         2.2444         2.3994

WRITING COORDINATES TO DCD FILE 04_prod_1ns/prod_04.dcd AT STEP 2223000
ENERGY: 2223500        59.6108       186.8536       146.2626         0.0000         -60450.8084      7372.3968         0.0000         0.0000     10034.1771         -42651.5075       314.5669    -52685.6846    -42627.6043       309.6656             44.5867       151.9821    162152.0846        -6.1944        -5.5383

ENERGY: 2224000        67.4612       185.6156       141.6440         0.0000         -60218.1445      7220.7678         0.0000         0.0000      9844.1267         -42758.5291       308.6089    -52602.6558    -42732.6977       309.3375           -299.1304      -191.1192    163428.5802         4.1955         3.0700

WRITING COORDINATES TO DCD FILE 04_prod_1ns/prod_04.dcd AT STEP 2224000
LDB: ============= START OF LOAD BALANCING ============== 902.579
LDB: ============== END OF LOAD BALANCING =============== 902.579
Info: useSync: 0 useProxySync: 0
LDB: =============== DONE WITH MIGRATION ================ 902.58
LDB: ============= START OF LOAD BALANCING ============== 902.67
LDB: TIME 902.671 LOAD: AVG 0.0260857 MAX 0.0476964  PROXIES: TOTAL 128 MAXPE 16 MAXPATCH 4 None MEM: 0 MB
LDB: TIME 902.671 LOAD: AVG 0.0260857 MAX 0.0476964  PROXIES: TOTAL 128 MAXPE 16 MAXPATCH 4 RefineTorusLB MEM: 0 MB
LDB: TIME 902.671 LOAD: AVG 0.0260857 MAX 0.0476964  PROXIES: TOTAL 128 MAXPE 16 MAXPATCH 4 RefineTorusLB MEM: 0 MB
LDB: Reverting to original mapping
LDB: ============== END OF LOAD BALANCING =============== 902.672
Info: useSync: 0 useProxySync: 0
LDB: =============== DONE WITH MIGRATION ================ 902.672
ENERGY: 2224500        82.8813       188.0671       148.6900         0.0000         -60472.2122      7369.3543         0.0000         0.0000      9900.7492         -42782.4703       310.3840    -52683.2195    -42757.1027       307.9254           -121.3738       -11.2111    161858.3014         1.1965         1.3696

TIMING: 2225000  CPU: 913.156, 0.001935/step  Wall: 903.598, 0.00186417/step, 0.0129457 hours remaining, 0.000000 MB of memory in use.
PERFORMANCE: 2225000  averaging 90.8416 ns/day, 0.00190221 sec/step with standard deviation 3.71183e-05
ETITLE:      TS           BOND          ANGLE          DIHED          IMPRP               ELECT            VDW       BOUNDARY           MISC        KINETIC               TOTAL           TEMP      POTENTIAL         TOTAL3        TEMPAVG            PRESSURE      GPRESSURE         VOLUME       PRESSAVG      GPRESSAVG

ENERGY: 2225000        64.4336       208.3727       151.8538         0.0000         -60222.4225      7185.7051         0.0000         0.0000      9824.2055         -42787.8519       307.9844    -52612.0574    -42763.0843       309.7320           -364.4174      -268.0650    162380.6947         6.4030         5.4802

WRITING EXTENDED SYSTEM TO RESTART FILE AT STEP 2225000
WRITING COORDINATES TO DCD FILE 04_prod_1ns/prod_04.dcd AT STEP 2225000
WRITING COORDINATES TO RESTART FILE AT STEP 2225000
FINISHED WRITING RESTART COORDINATES
WRITING VELOCITIES TO RESTART FILE AT STEP 2225000
FINISHED WRITING RESTART VELOCITIES
ENERGY: 2225500        73.6484       221.8927       150.5508         0.0000         -60565.4164      7370.6824         0.0000         0.0000      9992.5030         -42756.1390       313.2604    -52748.6420    -42736.7186       309.7620            -62.5366        32.4337    161293.1574         1.7771         3.4531

ENERGY: 2226000        77.7846       186.3285       146.2536         0.0000         -60360.2565      7404.8555         0.0000         0.0000      9851.3592         -42693.6751       308.8356    -52545.0343    -42672.9550       309.5309            119.7248       180.4020    162037.9216         5.9069         6.2760

WRITING COORDINATES TO DCD FILE 04_prod_1ns/prod_04.dcd AT STEP 2226000
LDB: ============= START OF LOAD BALANCING ============== 906.284
LDB: ============== END OF LOAD BALANCING =============== 906.284
Info: useSync: 0 useProxySync: 0
LDB: =============== DONE WITH MIGRATION ================ 906.284
LDB: ============= START OF LOAD BALANCING ============== 906.374
LDB: TIME 906.374 LOAD: AVG 0.025928 MAX 0.045404  PROXIES: TOTAL 128 MAXPE 16 MAXPATCH 4 None MEM: 0 MB
LDB: TIME 906.374 LOAD: AVG 0.025928 MAX 0.045404  PROXIES: TOTAL 128 MAXPE 16 MAXPATCH 4 RefineTorusLB MEM: 0 MB
LDB: TIME 906.375 LOAD: AVG 0.025928 MAX 0.045404  PROXIES: TOTAL 128 MAXPE 16 MAXPATCH 4 RefineTorusLB MEM: 0 MB
LDB: ============== END OF LOAD BALANCING =============== 906.375
Info: useSync: 0 useProxySync: 0
LDB: =============== DONE WITH MIGRATION ================ 906.375
ENERGY: 2226500        74.7680       172.4495       148.3513         0.0000         -60467.7858      7451.0610         0.0000         0.0000      9907.0206         -42714.1354       310.5806    -52621.1560    -42690.8178       310.6638            102.4235       220.8384    162094.0882         5.6562         5.5954

ENERGY: 2227000        70.8419       188.8864       147.6813         0.0000         -60442.4348      7454.9635         0.0000         0.0000      9860.3837         -42719.6780       309.1185    -52580.0617    -42704.5604       309.2152            161.1401       269.7882    161917.0422         8.1304         7.7818

WRITING COORDINATES TO DCD FILE 04_prod_1ns/prod_04.dcd AT STEP 2227000
ENERGY: 2227500        78.0632       186.8705       142.3384         0.0000         -60421.4861      7390.3638         0.0000         0.0000      9831.4536         -42792.3967       308.2116    -52623.8503    -42775.8675       310.1143            -49.2716        27.6104    161627.8662         4.5389         2.7651

ENERGY: 2228000        72.5351       206.2437       150.2923         0.0000         -60332.1779      7305.6309         0.0000         0.0000      9929.2043         -42668.2715       311.2760    -52597.4758    -42643.3349       310.9623            -52.2596        22.1275    161376.9823        -0.1159        -0.6646

WRITING COORDINATES TO DCD FILE 04_prod_1ns/prod_04.dcd AT STEP 2228000
LDB: ============= START OF LOAD BALANCING ============== 909.986
LDB: ============== END OF LOAD BALANCING =============== 909.986
Info: useSync: 0 useProxySync: 0
LDB: =============== DONE WITH MIGRATION ================ 909.986
LDB: ============= START OF LOAD BALANCING ============== 910.078
LDB: TIME 910.079 LOAD: AVG 0.0268076 MAX 0.0495876  PROXIES: TOTAL 128 MAXPE 16 MAXPATCH 4 None MEM: 0 MB
LDB: TIME 910.079 LOAD: AVG 0.0268076 MAX 0.0495876  PROXIES: TOTAL 128 MAXPE 16 MAXPATCH 4 RefineTorusLB MEM: 0 MB
LDB: TIME 910.079 LOAD: AVG 0.0268076 MAX 0.0495876  PROXIES: TOTAL 128 MAXPE 16 MAXPATCH 4 RefineTorusLB MEM: 0 MB
LDB: Reverting to original mapping
LDB: ============== END OF LOAD BALANCING =============== 910.08
Info: useSync: 0 useProxySync: 0
LDB: =============== DONE WITH MIGRATION ================ 910.08
ENERGY: 2228500        74.4530       194.4573       141.7411         0.0000         -60161.1856      7360.7538         0.0000         0.0000      9783.3957         -42606.3847       306.7050    -52389.7804    -42589.4874       309.6471            149.4655       211.0019    162095.1467         4.3240         4.6965

ENERGY: 2229000        80.3036       177.7847       151.7378         0.0000         -60311.1099      7303.6728         0.0000         0.0000      9898.9531         -42698.6579       310.3277    -52597.6110    -42679.2454       310.8489            -62.8982         9.3064    161094.6460         9.2981         9.3562

WRITING COORDINATES TO DCD FILE 04_prod_1ns/prod_04.dcd AT STEP 2229000
ENERGY: 2229500        72.6445       178.7061       142.7792         0.0000         -60491.6151      7399.6871         0.0000         0.0000      9916.6280         -42781.1702       310.8818    -52697.7982    -42757.9221       309.5825            -67.6043        15.7362    162642.4015        -4.0522        -4.6845

TIMING: 2230000  CPU: 922.859, 0.00194067/step  Wall: 913.034, 0.00188718/step, 0.0104843 hours remaining, 0.000000 MB of memory in use.
PERFORMANCE: 2230000  averaging 90.8491 ns/day, 0.00190205 sec/step with standard deviation 3.69543e-05
ETITLE:      TS           BOND          ANGLE          DIHED          IMPRP               ELECT            VDW       BOUNDARY           MISC        KINETIC               TOTAL           TEMP      POTENTIAL         TOTAL3        TEMPAVG            PRESSURE      GPRESSURE         VOLUME       PRESSAVG      GPRESSAVG

ENERGY: 2230000        73.7391       189.4210       152.0786         0.0000         -60245.9475      7343.5081         0.0000         0.0000      9744.8966         -42742.3042       305.4981    -52487.2007    -42721.8520       308.7008           -120.0340       -31.6454    162673.0716        11.8326        11.8967

WRITING EXTENDED SYSTEM TO RESTART FILE AT STEP 2230000
WRITING COORDINATES TO DCD FILE 04_prod_1ns/prod_04.dcd AT STEP 2230000
WRITING COORDINATES TO RESTART FILE AT STEP 2230000
FINISHED WRITING RESTART COORDINATES
WRITING VELOCITIES TO RESTART FILE AT STEP 2230000
FINISHED WRITING RESTART VELOCITIES
LDB: ============= START OF LOAD BALANCING ============== 913.93
LDB: ============== END OF LOAD BALANCING =============== 913.93
Info: useSync: 0 useProxySync: 0
LDB: =============== DONE WITH MIGRATION ================ 913.931
LDB: ============= START OF LOAD BALANCING ============== 914.025
LDB: TIME 914.025 LOAD: AVG 0.0271466 MAX 0.0506916  PROXIES: TOTAL 128 MAXPE 16 MAXPATCH 4 None MEM: 0 MB
LDB: TIME 914.026 LOAD: AVG 0.0271466 MAX 0.0506916  PROXIES: TOTAL 128 MAXPE 16 MAXPATCH 4 RefineTorusLB MEM: 0 MB
LDB: TIME 914.026 LOAD: AVG 0.0271466 MAX 0.0506916  PROXIES: TOTAL 128 MAXPE 16 MAXPATCH 4 RefineTorusLB MEM: 0 MB
LDB: Reverting to original mapping
LDB: ============== END OF LOAD BALANCING =============== 914.027
Info: useSync: 0 useProxySync: 0
LDB: =============== DONE WITH MIGRATION ================ 914.027
ENERGY: 2230500        83.7875       171.7119       146.8614         0.0000         -60649.6931      7445.4918         0.0000         0.0000      9937.8570         -42863.9836       311.5473    -52801.8405    -42845.1476       309.4759            -82.2575        16.8283    162851.7406        -1.3349        -1.3954

ENERGY: 2231000        73.4880       198.5971       148.8538         0.0000         -60573.3265      7499.1528         0.0000         0.0000      9975.9792         -42677.2555       312.7424    -52653.2347    -42655.1412       309.9265             14.2053       125.7864    162912.2242        -6.9540        -6.4369

WRITING COORDINATES TO DCD FILE 04_prod_1ns/prod_04.dcd AT STEP 2231000
ENERGY: 2231500        64.8154       186.6912       154.8604         0.0000         -60504.5113      7485.5056         0.0000         0.0000      9786.1076         -42826.5312       306.7900    -52612.6387    -42804.5571       309.1351            200.1286       285.9808    161942.6660        -9.0748        -7.9148

ENERGY: 2232000        66.2585       181.3738       150.9078         0.0000         -60733.6128      7501.2852         0.0000         0.0000      9946.7802         -42887.0073       311.8270    -52833.7874    -42862.5687       308.3413             74.3418       161.8761    162298.7727         5.0316         4.0103

WRITING COORDINATES TO DCD FILE 04_prod_1ns/prod_04.dcd AT STEP 2232000
LDB: ============= START OF LOAD BALANCING ============== 917.719
LDB: ============== END OF LOAD BALANCING =============== 917.72
Info: useSync: 0 useProxySync: 0
LDB: =============== DONE WITH MIGRATION ================ 917.72
LDB: ============= START OF LOAD BALANCING ============== 917.816
LDB: TIME 917.816 LOAD: AVG 0.028249 MAX 0.0495863  PROXIES: TOTAL 128 MAXPE 16 MAXPATCH 4 None MEM: 0 MB
LDB: TIME 917.816 LOAD: AVG 0.028249 MAX 0.0495863  PROXIES: TOTAL 128 MAXPE 16 MAXPATCH 4 RefineTorusLB MEM: 0 MB
LDB: TIME 917.817 LOAD: AVG 0.028249 MAX 0.0495863  PROXIES: TOTAL 128 MAXPE 16 MAXPATCH 4 RefineTorusLB MEM: 0 MB
LDB: Reverting to original mapping
LDB: ============== END OF LOAD BALANCING =============== 917.817
Info: useSync: 0 useProxySync: 0
LDB: =============== DONE WITH MIGRATION ================ 917.818
ENERGY: 2232500        82.3982       204.6784       141.9044         0.0000         -60368.8448      7303.7068         0.0000         0.0000      9814.8040         -42821.3530       307.6896    -52636.1570    -42800.7160       308.4072           -225.2861      -148.7431    162605.1422         0.6854         0.5274

ENERGY: 2233000        84.2536       203.7029       144.4873         0.0000         -60178.0301      7175.6168         0.0000         0.0000      9773.8112         -42796.1584       306.4045    -52569.9696    -42777.4246       308.8362           -256.8035      -156.1195    162043.5583        19.9245        19.9613

WRITING COORDINATES TO DCD FILE 04_prod_1ns/prod_04.dcd AT STEP 2233000
ENERGY: 2233500        79.6396       199.0280       141.3270         0.0000         -60229.2589      7268.2809         0.0000         0.0000      9878.2264         -42662.7570       309.6779    -52540.9834    -42639.2670       309.7646           -348.4844      -233.3388    163880.6073         2.8433         4.1323

WRITING COORDINATES TO DCD FILE 04_prod_1ns/prod_04.dcd AT STEP 2234000
ENERGY: 2234000        68.8354       191.7097       154.9846         0.0000         -60109.6585      7169.2983         0.0000         0.0000      9875.8945         -42648.9360       309.6048    -52524.8305    -42627.5807       311.2219            -90.6642       -12.0024    162166.6156        -0.8965         0.0259

LDB: ============= START OF LOAD BALANCING ============== 921.55
LDB: ============== END OF LOAD BALANCING =============== 921.55
Info: useSync: 0 useProxySync: 0
LDB: =============== DONE WITH MIGRATION ================ 921.551
LDB: ============= START OF LOAD BALANCING ============== 921.647
LDB: TIME 921.647 LOAD: AVG 0.0273017 MAX 0.0530608  PROXIES: TOTAL 128 MAXPE 16 MAXPATCH 4 None MEM: 0 MB
LDB: TIME 921.647 LOAD: AVG 0.0273017 MAX 0.0530608  PROXIES: TOTAL 128 MAXPE 16 MAXPATCH 4 RefineTorusLB MEM: 0 MB
LDB: TIME 921.648 LOAD: AVG 0.0273017 MAX 0.0530608  PROXIES: TOTAL 128 MAXPE 16 MAXPATCH 4 RefineTorusLB MEM: 0 MB
LDB: Reverting to original mapping
LDB: ============== END OF LOAD BALANCING =============== 921.648
Info: useSync: 0 useProxySync: 0
LDB: =============== DONE WITH MIGRATION ================ 921.649
ENERGY: 2234500        64.5815       206.5943       139.3648         0.0000         -60558.5837      7443.1029         0.0000         0.0000      9936.2194         -42768.7209       311.4960    -52704.9403    -42749.4842       309.5407             53.5365       133.1341    161736.0312        -4.7512        -4.4454

TIMING: 2235000  CPU: 932.524, 0.00193301/step  Wall: 922.661, 0.0019253/step, 0.00802209 hours remaining, 0.000000 MB of memory in use.
PERFORMANCE: 2235000  averaging 90.8377 ns/day, 0.00190229 sec/step with standard deviation 3.6837e-05
ETITLE:      TS           BOND          ANGLE          DIHED          IMPRP               ELECT            VDW       BOUNDARY           MISC        KINETIC               TOTAL           TEMP      POTENTIAL         TOTAL3        TEMPAVG            PRESSURE      GPRESSURE         VOLUME       PRESSAVG      GPRESSAVG

ENERGY: 2235000        63.7663       183.5159       151.0280         0.0000         -60161.6914      7250.2629         0.0000         0.0000      9802.6006         -42710.5179       307.3071    -52513.1185    -42690.8263       309.4192           -273.5341      -154.3858    162871.0196         3.9256         4.1215

WRITING EXTENDED SYSTEM TO RESTART FILE AT STEP 2235000
WRITING COORDINATES TO DCD FILE 04_prod_1ns/prod_04.dcd AT STEP 2235000
WRITING COORDINATES TO RESTART FILE AT STEP 2235000
FINISHED WRITING RESTART COORDINATES
WRITING VELOCITIES TO RESTART FILE AT STEP 2235000
FINISHED WRITING RESTART VELOCITIES
ENERGY: 2235500        85.1011       180.0226       157.3053         0.0000         -60383.6803      7344.9905         0.0000         0.0000      9941.0757         -42675.1851       311.6482    -52616.2608    -42646.1639       309.3152           -117.4494        -2.2959    162028.8225        -2.2826        -2.2207

ENERGY: 2236000        68.7499       184.0080       149.9887         0.0000         -60578.3286      7379.7942         0.0000         0.0000      9854.0247         -42941.7631       308.9192    -52795.7878    -42924.8157       310.0866           -191.4013       -94.1977    162718.0594        -1.8948        -1.0853

WRITING COORDINATES TO DCD FILE 04_prod_1ns/prod_04.dcd AT STEP 2236000
LDB: ============= START OF LOAD BALANCING ============== 925.579
LDB: ============== END OF LOAD BALANCING =============== 925.579
Info: useSync: 0 useProxySync: 0
LDB: =============== DONE WITH MIGRATION ================ 925.58
LDB: ============= START OF LOAD BALANCING ============== 925.682
LDB: TIME 925.683 LOAD: AVG 0.0298032 MAX 0.0537284  PROXIES: TOTAL 128 MAXPE 16 MAXPATCH 4 None MEM: 0 MB
LDB: TIME 925.683 LOAD: AVG 0.0298032 MAX 0.0537284  PROXIES: TOTAL 128 MAXPE 16 MAXPATCH 4 RefineTorusLB MEM: 0 MB
LDB: TIME 925.683 LOAD: AVG 0.0298032 MAX 0.0537284  PROXIES: TOTAL 128 MAXPE 16 MAXPATCH 4 RefineTorusLB MEM: 0 MB
LDB: ============== END OF LOAD BALANCING =============== 925.683
Info: useSync: 0 useProxySync: 0
LDB: =============== DONE WITH MIGRATION ================ 925.684
ENERGY: 2236500        71.3617       199.7703       151.5533         0.0000         -60538.1125      7355.4804         0.0000         0.0000      9857.3918         -42902.5550       309.0247    -52759.9468    -42882.0979       307.4064            -24.0892        46.7748    162362.4284         0.2233         0.7972

ENERGY: 2237000        73.9044       196.2932       144.0826         0.0000         -60552.2666      7374.8504         0.0000         0.0000      9744.2925         -43018.8437       305.4791    -52763.1362    -42996.1222       307.4154            -77.4014        22.1421    161443.1556         7.0527         7.7711

WRITING COORDINATES TO DCD FILE 04_prod_1ns/prod_04.dcd AT STEP 2237000
ENERGY: 2237500        64.5047       200.9938       150.5225         0.0000         -60663.0014      7471.7618         0.0000         0.0000      9769.1983         -43006.0203       306.2599    -52775.2186    -42982.6299       307.0289            121.5777       190.5508    161200.8258         1.5976         1.5637

ENERGY: 2238000        68.3512       192.0537       145.4929         0.0000         -60451.6715      7286.1541         0.0000         0.0000      9665.2193         -43094.4002       303.0002    -52759.6196    -43073.2034       306.5506           -203.5180      -108.6111    162313.4099        -0.7905        -0.7048

WRITING COORDINATES TO DCD FILE 04_prod_1ns/prod_04.dcd AT STEP 2238000
LDB: ============= START OF LOAD BALANCING ============== 929.582
LDB: ============== END OF LOAD BALANCING =============== 929.582
Info: useSync: 0 useProxySync: 0
LDB: =============== DONE WITH MIGRATION ================ 929.583
LDB: ============= START OF LOAD BALANCING ============== 929.677
LDB: TIME 929.677 LOAD: AVG 0.0275715 MAX 0.0481181  PROXIES: TOTAL 128 MAXPE 16 MAXPATCH 4 None MEM: 0 MB
LDB: TIME 929.677 LOAD: AVG 0.0275715 MAX 0.0481181  PROXIES: TOTAL 128 MAXPE 16 MAXPATCH 4 RefineTorusLB MEM: 0 MB
LDB: TIME 929.678 LOAD: AVG 0.0275715 MAX 0.0481181  PROXIES: TOTAL 128 MAXPE 16 MAXPATCH 4 RefineTorusLB MEM: 0 MB
LDB: Reverting to original mapping
LDB: ============== END OF LOAD BALANCING =============== 929.678
Info: useSync: 0 useProxySync: 0
LDB: =============== DONE WITH MIGRATION ================ 929.679
ENERGY: 2238500        76.4484       195.5305       153.7003         0.0000         -60538.0196      7307.5417         0.0000         0.0000      9848.4828         -42956.3159       308.7455    -52804.7987    -42931.5512       308.2871            -30.5897        71.8452    160928.2099         6.1689         5.0281

ENERGY: 2239000        85.6851       205.0597       158.8175         0.0000         -60605.0292      7487.5786         0.0000         0.0000      9902.1103         -42765.7779       310.4266    -52667.8882    -42749.1669       309.5144             63.0432       153.6706    162186.4315       -12.3943       -11.9265

WRITING COORDINATES TO DCD FILE 04_prod_1ns/prod_04.dcd AT STEP 2239000
ENERGY: 2239500        88.7861       200.3547       154.8812         0.0000         -60081.7826      7150.5445         0.0000         0.0000      9871.6308         -42615.5853       309.4711    -52487.2161    -42587.3504       310.0847           -334.1037      -226.5398    162514.6107         3.1067         3.2087

TIMING: 2240000  CPU: 942.26, 0.00194716/step  Wall: 932.531, 0.00197419/step, 0.00548386 hours remaining, 0.000000 MB of memory in use.
PERFORMANCE: 2240000  averaging 90.8026 ns/day, 0.00190303 sec/step with standard deviation 3.73593e-05
ETITLE:      TS           BOND          ANGLE          DIHED          IMPRP               ELECT            VDW       BOUNDARY           MISC        KINETIC               TOTAL           TEMP      POTENTIAL         TOTAL3        TEMPAVG            PRESSURE      GPRESSURE         VOLUME       PRESSAVG      GPRESSAVG

ENERGY: 2240000        67.3821       191.6333       148.4316         0.0000         -60563.3407      7409.6881         0.0000         0.0000      9963.8025         -42782.4031       312.3607    -52746.2056    -42756.1113       309.4023              1.3129        92.4260    162641.8970         4.2821         3.2639

WRITING EXTENDED SYSTEM TO RESTART FILE AT STEP 2240000
WRITING COORDINATES TO DCD FILE 04_prod_1ns/prod_04.dcd AT STEP 2240000
WRITING COORDINATES TO RESTART FILE AT STEP 2240000
FINISHED WRITING RESTART COORDINATES
WRITING VELOCITIES TO RESTART FILE AT STEP 2240000
FINISHED WRITING RESTART VELOCITIES
LDB: ============= START OF LOAD BALANCING ============== 933.433
LDB: ============== END OF LOAD BALANCING =============== 933.433
Info: useSync: 0 useProxySync: 0
LDB: =============== DONE WITH MIGRATION ================ 933.433
LDB: ============= START OF LOAD BALANCING ============== 933.524
LDB: TIME 933.525 LOAD: AVG 0.0256753 MAX 0.0482264  PROXIES: TOTAL 128 MAXPE 16 MAXPATCH 4 None MEM: 0 MB
LDB: TIME 933.525 LOAD: AVG 0.0256753 MAX 0.0482264  PROXIES: TOTAL 128 MAXPE 16 MAXPATCH 4 RefineTorusLB MEM: 0 MB
LDB: TIME 933.525 LOAD: AVG 0.0256753 MAX 0.0482264  PROXIES: TOTAL 128 MAXPE 16 MAXPATCH 4 RefineTorusLB MEM: 0 MB
LDB: ============== END OF LOAD BALANCING =============== 933.526
Info: useSync: 0 useProxySync: 0
LDB: =============== DONE WITH MIGRATION ================ 933.526
ENERGY: 2240500        58.4542       182.5268       149.2052         0.0000         -60294.1746      7305.1947         0.0000         0.0000      9820.3009         -42778.4927       307.8620    -52598.7936    -42760.7257       308.9089            -73.3558        -1.9489    162923.0099         2.6882         2.3802

ENERGY: 2241000        66.6054       197.3715       150.6155         0.0000         -60327.4686      7410.2419         0.0000         0.0000     10048.1502         -42454.4840       315.0049    -52502.6342    -42433.4925       310.7461             35.2944       105.0502    162287.7816         3.0473         2.8450

WRITING COORDINATES TO DCD FILE 04_prod_1ns/prod_04.dcd AT STEP 2241000
ENERGY: 2241500        76.9303       196.1176       147.5654         0.0000         -60082.9404      7286.5723         0.0000         0.0000      9860.0450         -42515.7099       309.1079    -52375.7549    -42493.9064       312.9862            -25.9187        58.3036    162172.9025        -6.4874        -6.0290

ENERGY: 2242000        68.9149       202.5515       147.3733         0.0000         -60269.6836      7378.7194         0.0000         0.0000      9949.3488         -42522.7756       311.9076    -52472.1245    -42497.6564       313.0158            120.7061       210.1289    161467.5206         2.5852         3.1640

WRITING COORDINATES TO DCD FILE 04_prod_1ns/prod_04.dcd AT STEP 2242000
LDB: ============= START OF LOAD BALANCING ============== 937.109
LDB: ============== END OF LOAD BALANCING =============== 937.11
Info: useSync: 0 useProxySync: 0
LDB: =============== DONE WITH MIGRATION ================ 937.11
LDB: ============= START OF LOAD BALANCING ============== 937.203
LDB: TIME 937.204 LOAD: AVG 0.0258727 MAX 0.0518697  PROXIES: TOTAL 128 MAXPE 16 MAXPATCH 4 None MEM: 0 MB
LDB: TIME 937.204 LOAD: AVG 0.0258727 MAX 0.0518697  PROXIES: TOTAL 128 MAXPE 16 MAXPATCH 4 RefineTorusLB MEM: 0 MB
LDB: TIME 937.204 LOAD: AVG 0.0258727 MAX 0.0518697  PROXIES: TOTAL 128 MAXPE 16 MAXPATCH 4 RefineTorusLB MEM: 0 MB
LDB: Reverting to original mapping
LDB: ============== END OF LOAD BALANCING =============== 937.205
Info: useSync: 0 useProxySync: 0
LDB: =============== DONE WITH MIGRATION ================ 937.205
ENERGY: 2242500        74.0764       207.9510       144.7303         0.0000         -60112.1807      7250.8311         0.0000         0.0000      9869.8094         -42564.7825       309.4140    -52434.5919    -42539.6526       311.6232            -21.9520        22.1943    161560.8873        15.2698        15.4731

ENERGY: 2243000        79.4651       207.7288       156.7697         0.0000         -60433.5869      7394.7671         0.0000         0.0000      9977.3334         -42617.5228       312.7849    -52594.8562    -42592.4759       310.6896              1.8506        70.2221    162170.1779        12.4136        13.0935

WRITING COORDINATES TO DCD FILE 04_prod_1ns/prod_04.dcd AT STEP 2243000
ENERGY: 2243500        68.7222       197.3926       160.1340         0.0000         -60178.4026      7207.6030         0.0000         0.0000      9817.0237         -42727.5270       307.7592    -52544.5507    -42708.3044       310.7045           -202.7766       -86.0553    162513.4407         0.3055         0.8689

WRITING COORDINATES TO DCD FILE 04_prod_1ns/prod_04.dcd AT STEP 2244000
ENERGY: 2244000        72.8813       211.4846       152.4068         0.0000         -60443.9971      7350.1429         0.0000         0.0000      9827.0189         -42830.0626       308.0726    -52657.0815    -42808.8237       309.8035           -205.5545      -108.4806    162216.0545         2.1770         1.6434

LDB: ============= START OF LOAD BALANCING ============== 940.743
LDB: ============== END OF LOAD BALANCING =============== 940.743
Info: useSync: 0 useProxySync: 0
LDB: =============== DONE WITH MIGRATION ================ 940.744
LDB: ============= START OF LOAD BALANCING ============== 940.836
LDB: TIME 940.836 LOAD: AVG 0.0264372 MAX 0.0472936  PROXIES: TOTAL 128 MAXPE 16 MAXPATCH 4 None MEM: 0 MB
LDB: TIME 940.836 LOAD: AVG 0.0264372 MAX 0.0472936  PROXIES: TOTAL 128 MAXPE 16 MAXPATCH 4 RefineTorusLB MEM: 0 MB
LDB: TIME 940.836 LOAD: AVG 0.0264372 MAX 0.0472936  PROXIES: TOTAL 128 MAXPE 16 MAXPATCH 4 RefineTorusLB MEM: 0 MB
LDB: ============== END OF LOAD BALANCING =============== 940.837
Info: useSync: 0 useProxySync: 0
LDB: =============== DONE WITH MIGRATION ================ 940.837
ENERGY: 2244500        69.7372       181.6949       156.5728         0.0000         -60618.3283      7407.3744         0.0000         0.0000      9977.0068         -42825.9422       312.7746    -52802.9490    -42804.8352       308.0361           -143.1084       -40.1508    162240.9450         3.0479         2.7953

TIMING: 2245000  CPU: 951.99, 0.00194605/step  Wall: 941.817, 0.00185711/step, 0.00257932 hours remaining, 0.000000 MB of memory in use.
PERFORMANCE: 2245000  averaging 90.8248 ns/day, 0.00190256 sec/step with standard deviation 3.74536e-05
ETITLE:      TS           BOND          ANGLE          DIHED          IMPRP               ELECT            VDW       BOUNDARY           MISC        KINETIC               TOTAL           TEMP      POTENTIAL         TOTAL3        TEMPAVG            PRESSURE      GPRESSURE         VOLUME       PRESSAVG      GPRESSAVG

ENERGY: 2245000        52.3695       197.7798       153.2540         0.0000         -60182.4385      7257.2216         0.0000         0.0000     10080.1548         -42441.6588       316.0083    -52521.8136    -42418.6062       310.9383             91.6957       168.2885    161963.8637         5.1110         5.5682

WRITING EXTENDED SYSTEM TO RESTART FILE AT STEP 2245000
WRITING COORDINATES TO DCD FILE 04_prod_1ns/prod_04.dcd AT STEP 2245000
WRITING COORDINATES TO RESTART FILE AT STEP 2245000
FINISHED WRITING RESTART COORDINATES
WRITING VELOCITIES TO RESTART FILE AT STEP 2245000
FINISHED WRITING RESTART VELOCITIES
ENERGY: 2245500        65.0745       187.7809       150.5449         0.0000         -60042.1180      7179.1701         0.0000         0.0000      9979.5658         -42479.9818       312.8548    -52459.5476    -42459.2433       312.2073           -327.5848      -272.4568    164214.5854         2.8916         3.2357

ENERGY: 2246000        72.9347       190.4098       146.0216         0.0000         -60103.3279      7225.2790         0.0000         0.0000      9929.0393         -42539.6434       311.2709    -52468.6828    -42518.1636       313.2127           -249.7885      -163.6096    162226.1488        -6.0609        -5.4136

WRITING COORDINATES TO DCD FILE 04_prod_1ns/prod_04.dcd AT STEP 2246000
LDB: ============= START OF LOAD BALANCING ============== 944.572
LDB: ============== END OF LOAD BALANCING =============== 944.573
Info: useSync: 0 useProxySync: 0
LDB: =============== DONE WITH MIGRATION ================ 944.573
LDB: ============= START OF LOAD BALANCING ============== 944.666
LDB: TIME 944.667 LOAD: AVG 0.0262965 MAX 0.049411  PROXIES: TOTAL 128 MAXPE 16 MAXPATCH 4 None MEM: 0 MB
LDB: TIME 944.667 LOAD: AVG 0.0262965 MAX 0.049411  PROXIES: TOTAL 128 MAXPE 16 MAXPATCH 4 RefineTorusLB MEM: 0 MB
LDB: TIME 944.667 LOAD: AVG 0.0262965 MAX 0.049411  PROXIES: TOTAL 128 MAXPE 16 MAXPATCH 4 RefineTorusLB MEM: 0 MB
LDB: Reverting to original mapping
LDB: ============== END OF LOAD BALANCING =============== 944.667
Info: useSync: 0 useProxySync: 0
LDB: =============== DONE WITH MIGRATION ================ 944.668
ENERGY: 2246500        74.6175       205.8441       149.8676         0.0000         -60353.4156      7371.7722         0.0000         0.0000      9831.2733         -42720.0409       308.2059    -52551.3141    -42700.7445       310.9706            -25.7981        58.9021    162395.4684        -0.4132        -0.6450

ENERGY: 2247000        80.1084       196.3282       158.9951         0.0000         -60433.8927      7452.8063         0.0000         0.0000      9845.0167         -42700.6379       308.6368    -52545.6546    -42680.3672       308.8528             77.4636       181.7969    162208.9168       -12.8050       -13.1073

WRITING COORDINATES TO DCD FILE 04_prod_1ns/prod_04.dcd AT STEP 2247000
ENERGY: 2247500        58.8411       203.0431       149.1145         0.0000         -60500.4426      7503.3034         0.0000         0.0000      9926.5406         -42659.5998       311.1925    -52586.1405    -42636.2627       309.7604            217.4953       294.3839    162255.2998         4.4067         5.8104

ENERGY: 2248000        64.8047       203.1298       145.6748         0.0000         -60263.9070      7299.2751         0.0000         0.0000      9920.7485         -42630.2742       311.0109    -52551.0226    -42605.0485       308.8778           -132.2074       -53.1212    163349.1985         2.3807         1.5266

WRITING COORDINATES TO DCD FILE 04_prod_1ns/prod_04.dcd AT STEP 2248000
LDB: ============= START OF LOAD BALANCING ============== 948.296
LDB: ============== END OF LOAD BALANCING =============== 948.297
Info: useSync: 0 useProxySync: 0
LDB: =============== DONE WITH MIGRATION ================ 948.297
LDB: ============= START OF LOAD BALANCING ============== 948.394
LDB: TIME 948.394 LOAD: AVG 0.0262604 MAX 0.051917  PROXIES: TOTAL 128 MAXPE 16 MAXPATCH 4 None MEM: 0 MB
LDB: TIME 948.394 LOAD: AVG 0.0262604 MAX 0.051917  PROXIES: TOTAL 128 MAXPE 16 MAXPATCH 4 RefineTorusLB MEM: 0 MB
LDB: TIME 948.394 LOAD: AVG 0.0262604 MAX 0.051917  PROXIES: TOTAL 128 MAXPE 16 MAXPATCH 4 RefineTorusLB MEM: 0 MB
LDB: ============== END OF LOAD BALANCING =============== 948.395
Info: useSync: 0 useProxySync: 0
LDB: =============== DONE WITH MIGRATION ================ 948.395
ENERGY: 2248500        87.3836       196.9816       148.6343         0.0000         -60117.4753      7150.8995         0.0000         0.0000      9902.8333         -42630.7430       310.4493    -52533.5763    -42602.1462       310.1714           -410.9962      -314.5611    163011.4839        -0.8185        -0.3807

ENERGY: 2249000        85.2304       204.9089       146.6841         0.0000         -60224.8150      7272.7888         0.0000         0.0000      9909.7020         -42605.5008       310.6646    -52515.2028    -42582.6534       310.2930           -123.7213       -47.7631    161626.8067         9.9353         9.1438

WRITING COORDINATES TO DCD FILE 04_prod_1ns/prod_04.dcd AT STEP 2249000
ENERGY: 2249500        73.8254       186.3769       150.4845         0.0000         -60409.3104      7420.5891         0.0000         0.0000      9865.2001         -42712.8344       309.2695    -52578.0346    -42686.7640       310.3812            151.2727       270.7123    161138.9941        -2.8759        -2.5859

TIMING: 2250000  CPU: 961.566, 0.00191521/step  Wall: 951.316, 0.00189971/step, 0 hours remaining, 0.000000 MB of memory in use.
PERFORMANCE: 2250000  averaging 90.8261 ns/day, 0.00190254 sec/step with standard deviation 3.72651e-05
ETITLE:      TS           BOND          ANGLE          DIHED          IMPRP               ELECT            VDW       BOUNDARY           MISC        KINETIC               TOTAL           TEMP      POTENTIAL         TOTAL3        TEMPAVG            PRESSURE      GPRESSURE         VOLUME       PRESSAVG      GPRESSAVG

ENERGY: 2250000        71.3233       196.1206       154.4333         0.0000         -60429.9774      7462.9247         0.0000         0.0000      9914.9073         -42630.2682       310.8278    -52545.1755    -42609.4055       309.6237            285.2638       348.9545    162287.5115        11.3754        10.4262

WRITING EXTENDED SYSTEM TO RESTART FILE AT STEP 2250000
WRITING COORDINATES TO DCD FILE 04_prod_1ns/prod_04.dcd AT STEP 2250000
WRITING COORDINATES TO RESTART FILE AT STEP 2250000
FINISHED WRITING RESTART COORDINATES
WRITING VELOCITIES TO RESTART FILE AT STEP 2250000
FINISHED WRITING RESTART VELOCITIES
WRITING EXTENDED SYSTEM TO OUTPUT FILE AT STEP 2250000
CLOSING EXTENDED SYSTEM TRAJECTORY FILE
WRITING COORDINATES TO OUTPUT FILE AT STEP 2250000
CLOSING COORDINATE DCD FILE 04_prod_1ns/prod_04.dcd
WRITING VELOCITIES TO OUTPUT FILE AT STEP 2250000
====================================================

WallClock: 952.042297  CPUTime: 961.716553  Memory: 0.000000 MB
[Partition 0][Node 0] End of program
