replica,frame,time_ns,tail_polymer_unique_heavy_atoms_within_4A,tail_water_molecules_within_5A
replica_01,1,0.002,20,31
replica_01,2,0.004,19,30
replica_01,3,0.006,17,35
replica_01,4,0.008,18,35
replica_01,5,0.01,17,34
replica_01,6,0.012,20,32
replica_01,7,0.014,17,34
replica_01,8,0.016,18,28
replica_01,9,0.018,14,37
replica_01,10,0.02,16,31
replica_01,11,0.022,22,34
replica_01,12,0.024,13,30
replica_01,13,0.026,17,34
replica_01,14,0.028,21,34
replica_01,15,0.03,20,33
replica_01,16,0.032,18,37
replica_01,17,0.034,21,34
replica_01,18,0.036,22,33
replica_01,19,0.038,18,34
replica_01,20,0.04,18,32
replica_01,21,0.042,19,30
replica_01,22,0.044,21,37
replica_01,23,0.046,14,34
replica_01,24,0.048,20,36
replica_01,25,0.05,17,29
replica_01,26,0.052,18,33
replica_01,27,0.054,21,32
replica_01,28,0.056,18,31
replica_01,29,0.058,11,31
replica_01,30,0.06,23,25
replica_01,31,0.062,16,32
replica_01,32,0.064,22,31
replica_01,33,0.066,23,30
replica_01,34,0.068,17,37
replica_01,35,0.07,16,36
replica_01,36,0.072,27,37
replica_01,37,0.074,23,34
replica_01,38,0.076,25,32
replica_01,39,0.078,18,33
replica_01,40,0.08,21,35
replica_01,41,0.082,17,31
replica_01,42,0.084,22,32
replica_01,43,0.086,19,35
replica_01,44,0.088,21,34
replica_01,45,0.09,19,35
replica_01,46,0.092,20,31
replica_01,47,0.094,20,34
replica_01,48,0.096,20,28
replica_01,49,0.098,22,31
replica_01,50,0.1,18,34
replica_01,51,0.102,21,35
replica_01,52,0.104,18,35
replica_01,53,0.106,18,38
replica_01,54,0.108,16,42
replica_01,55,0.11,15,34
replica_01,56,0.112,13,39
replica_01,57,0.114,18,37
replica_01,58,0.116,18,38
replica_01,59,0.118,13,42
replica_01,60,0.12,16,42
replica_01,61,0.122,14,39
replica_01,62,0.124,17,37
replica_01,63,0.126,15,35
replica_01,64,0.128,14,38
replica_01,65,0.13,21,34
replica_01,66,0.132,12,40
replica_01,67,0.134,22,34
replica_01,68,0.136,16,32
replica_01,69,0.138,22,34
replica_01,70,0.14,15,38
replica_01,71,0.142,14,34
replica_01,72,0.144,9,35
replica_01,73,0.146,17,37
replica_01,74,0.148,20,34
replica_01,75,0.15,18,32
replica_01,76,0.152,19,37
replica_01,77,0.154,21,36
replica_01,78,0.156,18,37
replica_01,79,0.158,19,32
replica_01,80,0.16,14,40
replica_01,81,0.162,18,33
replica_01,82,0.164,16,33
replica_01,83,0.166,17,33
replica_01,84,0.168,21,33
replica_01,85,0.17,22,36
replica_01,86,0.172,20,34
replica_01,87,0.174,23,31
replica_01,88,0.176,19,34
replica_01,89,0.178,21,31
replica_01,90,0.18,23,36
replica_01,91,0.182,21,32
replica_01,92,0.184,18,36
replica_01,93,0.186,18,42
replica_01,94,0.188,16,34
replica_01,95,0.19,17,33
replica_01,96,0.192,19,34
replica_01,97,0.194,18,34
replica_01,98,0.196,20,33
replica_01,99,0.198,14,32
replica_01,100,0.2,9,34
replica_01,101,0.202,13,39
replica_01,102,0.204,17,36
replica_01,103,0.206,23,32
replica_01,104,0.208,15,36
replica_01,105,0.21,16,36
replica_01,106,0.212,17,32
replica_01,107,0.214,16,38
replica_01,108,0.216,18,35
replica_01,109,0.218,12,35
replica_01,110,0.22,17,41
replica_01,111,0.222,19,35
replica_01,112,0.224,16,40
replica_01,113,0.226,11,38
replica_01,114,0.228,16,36
replica_01,115,0.23,16,35
replica_01,116,0.232,17,37
replica_01,117,0.234,14,43
replica_01,118,0.236,14,38
replica_01,119,0.238,20,35
replica_01,120,0.24,13,38
replica_01,121,0.242,14,38
replica_01,122,0.244,15,35
replica_01,123,0.246,12,39
replica_01,124,0.248,17,41
replica_01,125,0.25,15,40
replica_01,126,0.252,18,33
replica_01,127,0.254,15,39
replica_01,128,0.256,18,38
replica_01,129,0.258,15,35
replica_01,130,0.26,15,40
replica_01,131,0.262,14,38
replica_01,132,0.264,10,41
replica_01,133,0.266,9,43
replica_01,134,0.268,16,37
replica_01,135,0.27,19,38
replica_01,136,0.272,15,39
replica_01,137,0.274,16,38
replica_01,138,0.276,16,41
replica_01,139,0.278,16,45
replica_01,140,0.28,15,39
replica_01,141,0.282,17,39
replica_01,142,0.284,15,37
replica_01,143,0.286,15,40
replica_01,144,0.288,15,42
replica_01,145,0.29,16,40
replica_01,146,0.292,18,37
replica_01,147,0.294,21,36
replica_01,148,0.296,14,41
replica_01,149,0.298,18,37
replica_01,150,0.3,13,40
replica_01,151,0.302,19,35
replica_01,152,0.304,12,38
replica_01,153,0.306,19,39
replica_01,154,0.308,18,37
replica_01,155,0.31,17,37
replica_01,156,0.312,18,41
replica_01,157,0.314,20,40
replica_01,158,0.316,18,38
replica_01,159,0.318,18,37
replica_01,160,0.32,19,36
replica_01,161,0.322,16,40
replica_01,162,0.324,21,40
replica_01,163,0.326,19,40
replica_01,164,0.328,17,40
replica_01,165,0.33,19,37
replica_01,166,0.332,19,37
replica_01,167,0.334,16,39
replica_01,168,0.336,18,38
replica_01,169,0.338,14,39
replica_01,170,0.34,17,39
replica_01,171,0.342,17,37
replica_01,172,0.344,17,38
replica_01,173,0.346,17,35
replica_01,174,0.348,16,38
replica_01,175,0.35,19,37
replica_01,176,0.352,14,40
replica_01,177,0.354,16,44
replica_01,178,0.356,15,49
replica_01,179,0.358,17,39
replica_01,180,0.36,18,39
replica_01,181,0.362,20,38
replica_01,182,0.364,16,40
replica_01,183,0.366,16,40
replica_01,184,0.368,14,43
replica_01,185,0.37,17,40
replica_01,186,0.372,17,41
replica_01,187,0.374,18,43
replica_01,188,0.376,18,44
replica_01,189,0.378,8,45
replica_01,190,0.38,17,39
replica_01,191,0.382,13,38
replica_01,192,0.384,7,41
replica_01,193,0.386,10,44
replica_01,194,0.388,9,47
replica_01,195,0.39,11,41
replica_01,196,0.392,13,44
replica_01,197,0.394,17,38
replica_01,198,0.396,17,40
replica_01,199,0.398,14,34
replica_01,200,0.4,17,39
replica_01,201,0.402,16,39
replica_01,202,0.404,18,43
replica_01,203,0.406,15,42
replica_01,204,0.408,17,40
replica_01,205,0.41,16,37
replica_01,206,0.412,17,37
replica_01,207,0.414,21,37
replica_01,208,0.416,14,37
replica_01,209,0.418,15,41
replica_01,210,0.42,21,38
replica_01,211,0.422,15,41
replica_01,212,0.424,18,38
replica_01,213,0.426,19,37
replica_01,214,0.428,18,41
replica_01,215,0.43,16,40
replica_01,216,0.432,20,39
replica_01,217,0.434,14,38
replica_01,218,0.436,15,43
replica_01,219,0.438,17,42
replica_01,220,0.44,20,40
replica_01,221,0.442,12,39
replica_01,222,0.444,13,48
replica_01,223,0.446,13,36
replica_01,224,0.448,18,37
replica_01,225,0.45,17,40
replica_01,226,0.452,16,39
replica_01,227,0.454,17,48
replica_01,228,0.456,13,42
replica_01,229,0.458,14,40
replica_01,230,0.46,13,44
replica_01,231,0.462,8,43
replica_01,232,0.464,15,42
replica_01,233,0.466,15,44
replica_01,234,0.468,17,44
replica_01,235,0.47,17,47
replica_01,236,0.472,17,38
replica_01,237,0.474,16,41
replica_01,238,0.476,19,42
replica_01,239,0.478,10,47
replica_01,240,0.48,14,41
replica_01,241,0.482,18,37
replica_01,242,0.484,16,37
replica_01,243,0.486,15,46
replica_01,244,0.488,16,39
replica_01,245,0.49,15,43
replica_01,246,0.492,17,41
replica_01,247,0.494,20,43
replica_01,248,0.496,12,40
replica_01,249,0.498,19,38
replica_01,250,0.5,14,40
replica_01,251,0.502,16,35
replica_01,252,0.504,15,40
replica_01,253,0.506,18,45
replica_01,254,0.508,12,37
replica_01,255,0.51,17,45
replica_01,256,0.512,19,40
replica_01,257,0.514,18,39
replica_01,258,0.516,13,41
replica_01,259,0.518,17,39
replica_01,260,0.52,15,42
replica_01,261,0.522,17,40
replica_01,262,0.524,19,41
replica_01,263,0.526,16,42
replica_01,264,0.528,17,36
replica_01,265,0.53,18,39
replica_01,266,0.532,16,41
replica_01,267,0.534,14,45
replica_01,268,0.536,18,40
replica_01,269,0.538,16,41
replica_01,270,0.54,15,40
replica_01,271,0.542,14,40
replica_01,272,0.544,15,39
replica_01,273,0.546,16,40
replica_01,274,0.548,12,42
replica_01,275,0.55,13,44
replica_01,276,0.552,15,39
replica_01,277,0.554,16,40
replica_01,278,0.556,15,43
replica_01,279,0.558,16,45
replica_01,280,0.56,14,48
replica_01,281,0.562,17,39
replica_01,282,0.564,19,41
replica_01,283,0.566,18,38
replica_01,284,0.568,11,43
replica_01,285,0.57,18,43
replica_01,286,0.572,16,43
replica_01,287,0.574,13,46
replica_01,288,0.576,16,46
replica_01,289,0.578,14,44
replica_01,290,0.58,16,45
replica_01,291,0.582,10,41
replica_01,292,0.584,11,42
replica_01,293,0.586,14,46
replica_01,294,0.588,15,40
replica_01,295,0.59,16,39
replica_01,296,0.592,14,41
replica_01,297,0.594,16,40
replica_01,298,0.596,16,43
replica_01,299,0.598,12,41
replica_01,300,0.6,17,42
replica_01,301,0.602,15,39
replica_01,302,0.604,13,39
replica_01,303,0.606,11,46
replica_01,304,0.608,18,36
replica_01,305,0.61,18,37
replica_01,306,0.612,19,37
replica_01,307,0.614,16,44
replica_01,308,0.616,15,42
replica_01,309,0.618,16,41
replica_01,310,0.62,15,40
replica_01,311,0.622,17,36
replica_01,312,0.624,19,34
replica_01,313,0.626,19,38
replica_01,314,0.628,20,43
replica_01,315,0.63,12,40
replica_01,316,0.632,15,39
replica_01,317,0.634,18,35
replica_01,318,0.636,18,33
replica_01,319,0.638,18,39
replica_01,320,0.64,16,41
replica_01,321,0.642,18,39
replica_01,322,0.644,17,39
replica_01,323,0.646,17,41
replica_01,324,0.648,15,42
replica_01,325,0.65,15,42
replica_01,326,0.652,13,50
replica_01,327,0.654,16,43
replica_01,328,0.656,12,44
replica_01,329,0.658,16,46
replica_01,330,0.66,13,40
replica_01,331,0.662,15,35
replica_01,332,0.664,15,42
replica_01,333,0.666,16,34
replica_01,334,0.668,17,39
replica_01,335,0.67,16,41
replica_01,336,0.672,14,41
replica_01,337,0.674,17,40
replica_01,338,0.676,19,36
replica_01,339,0.678,14,37
replica_01,340,0.68,13,44
replica_01,341,0.682,16,42
replica_01,342,0.684,15,43
replica_01,343,0.686,13,43
replica_01,344,0.688,16,38
replica_01,345,0.69,13,45
replica_01,346,0.692,12,44
replica_01,347,0.694,10,46
replica_01,348,0.696,14,39
replica_01,349,0.698,17,39
replica_01,350,0.7,17,39
replica_01,351,0.702,16,33
replica_01,352,0.704,18,34
replica_01,353,0.706,17,39
replica_01,354,0.708,19,39
replica_01,355,0.71,17,38
replica_01,356,0.712,16,40
replica_01,357,0.714,13,44
replica_01,358,0.716,10,47
replica_01,359,0.718,17,38
replica_01,360,0.72,17,38
replica_01,361,0.722,13,40
replica_01,362,0.724,14,40
replica_01,363,0.726,16,40
replica_01,364,0.728,22,36
replica_01,365,0.73,18,36
replica_01,366,0.732,17,42
replica_01,367,0.734,13,38
replica_01,368,0.736,15,41
replica_01,369,0.738,17,36
replica_01,370,0.74,16,39
replica_01,371,0.742,15,42
replica_01,372,0.744,16,41
replica_01,373,0.746,13,41
replica_01,374,0.748,15,41
replica_01,375,0.75,12,40
replica_01,376,0.752,19,40
replica_01,377,0.754,12,45
replica_01,378,0.756,18,41
replica_01,379,0.758,18,39
replica_01,380,0.76,16,42
replica_01,381,0.762,19,38
replica_01,382,0.764,19,36
replica_01,383,0.766,19,39
replica_01,384,0.768,17,38
replica_01,385,0.77,19,44
replica_01,386,0.772,20,37
replica_01,387,0.774,17,40
replica_01,388,0.776,18,35
replica_01,389,0.778,13,43
replica_01,390,0.78,14,46
replica_01,391,0.782,17,42
replica_01,392,0.784,16,46
replica_01,393,0.786,17,44
replica_01,394,0.788,16,40
replica_01,395,0.79,18,42
replica_01,396,0.792,14,42
replica_01,397,0.794,14,42
replica_01,398,0.796,13,40
replica_01,399,0.798,6,43
replica_01,400,0.8,14,41
replica_01,401,0.802,11,39
replica_01,402,0.804,13,44
replica_01,403,0.806,18,34
replica_01,404,0.808,18,37
replica_01,405,0.81,20,40
replica_01,406,0.812,13,46
replica_01,407,0.814,14,43
replica_01,408,0.816,17,38
replica_01,409,0.818,20,44
replica_01,410,0.82,10,47
replica_01,411,0.822,17,44
replica_01,412,0.824,12,45
replica_01,413,0.826,17,44
replica_01,414,0.828,15,42
replica_01,415,0.83,15,45
replica_01,416,0.832,15,40
replica_01,417,0.834,18,41
replica_01,418,0.836,14,42
replica_01,419,0.838,16,42
replica_01,420,0.84,17,41
replica_01,421,0.842,17,40
replica_01,422,0.844,17,43
replica_01,423,0.846,18,42
replica_01,424,0.848,13,42
replica_01,425,0.85,15,41
replica_01,426,0.852,13,40
replica_01,427,0.854,9,43
replica_01,428,0.856,13,47
replica_01,429,0.858,11,42
replica_01,430,0.86,9,41
replica_01,431,0.862,11,40
replica_01,432,0.864,14,39
replica_01,433,0.866,20,37
replica_01,434,0.868,17,44
replica_01,435,0.87,14,44
replica_01,436,0.872,17,39
replica_01,437,0.874,11,39
replica_01,438,0.876,18,37
replica_01,439,0.878,18,41
replica_01,440,0.88,13,43
replica_01,441,0.882,15,38
replica_01,442,0.884,14,43
replica_01,443,0.886,18,41
replica_01,444,0.888,17,36
replica_01,445,0.89,18,37
replica_01,446,0.892,17,40
replica_01,447,0.894,22,39
replica_01,448,0.896,19,38
replica_01,449,0.898,12,39
replica_01,450,0.9,21,37
replica_01,451,0.902,20,35
replica_01,452,0.904,19,39
replica_01,453,0.906,16,40
replica_01,454,0.908,16,37
replica_01,455,0.91,17,42
replica_01,456,0.912,14,43
replica_01,457,0.914,21,40
replica_01,458,0.916,21,37
replica_01,459,0.918,18,43
replica_01,460,0.92,17,39
replica_01,461,0.922,14,41
replica_01,462,0.924,18,36
replica_01,463,0.926,20,35
replica_01,464,0.928,15,38
replica_01,465,0.93,20,35
replica_01,466,0.932,18,39
replica_01,467,0.934,18,40
replica_01,468,0.936,18,43
replica_01,469,0.938,16,38
replica_01,470,0.94,16,42
replica_01,471,0.942,17,46
replica_01,472,0.944,14,39
replica_01,473,0.946,14,33
replica_01,474,0.948,19,31
replica_01,475,0.95,20,38
replica_01,476,0.952,17,41
replica_01,477,0.954,18,40
replica_01,478,0.956,18,38
replica_01,479,0.958,17,43
replica_01,480,0.96,18,40
replica_01,481,0.962,18,39
replica_01,482,0.964,16,38
replica_01,483,0.966,21,35
replica_01,484,0.968,21,36
replica_01,485,0.97,19,38
replica_01,486,0.972,15,43
replica_01,487,0.974,14,42
replica_01,488,0.976,15,42
replica_01,489,0.978,17,41
replica_01,490,0.98,12,46
replica_01,491,0.982,13,44
replica_01,492,0.984,14,41
replica_01,493,0.986,15,41
replica_01,494,0.988,14,43
replica_01,495,0.99,14,39
replica_01,496,0.992,13,41
replica_01,497,0.994,13,37
replica_01,498,0.996,14,46
replica_01,499,0.998,18,43
replica_01,500,1.0,16,39
replica_01,501,1.002,14,42
replica_01,502,1.004,19,42
replica_01,503,1.006,15,47
replica_01,504,1.008,17,37
replica_01,505,1.01,16,43
replica_01,506,1.012,15,41
replica_01,507,1.014,16,41
replica_01,508,1.016,17,45
replica_01,509,1.018,20,36
replica_01,510,1.02,16,39
replica_01,511,1.022,15,41
replica_01,512,1.024,14,34
replica_01,513,1.026,15,35
replica_01,514,1.028,16,41
replica_01,515,1.03,18,42
replica_01,516,1.032,11,35
replica_01,517,1.034,20,36
replica_01,518,1.036,23,35
replica_01,519,1.038,16,40
replica_01,520,1.04,18,40
replica_01,521,1.042,19,41
replica_01,522,1.044,19,39
replica_01,523,1.046,13,40
replica_01,524,1.048,18,36
replica_01,525,1.05,18,40
replica_01,526,1.052,16,34
replica_01,527,1.054,18,38
replica_01,528,1.056,15,41
replica_01,529,1.058,17,37
replica_01,530,1.06,11,35
replica_01,531,1.062,15,36
replica_01,532,1.064,15,39
replica_01,533,1.066,7,43
replica_01,534,1.068,15,45
replica_01,535,1.07,14,45
replica_01,536,1.072,14,43
replica_01,537,1.074,19,36
replica_01,538,1.076,20,39
replica_01,539,1.078,18,31
replica_01,540,1.08,14,38
replica_01,541,1.082,18,40
replica_01,542,1.084,14,38
replica_01,543,1.086,19,41
replica_01,544,1.088,13,41
replica_01,545,1.09,15,43
replica_01,546,1.092,17,40
replica_01,547,1.094,16,37
replica_01,548,1.096,20,36
replica_01,549,1.098,13,38
replica_01,550,1.1,16,41
replica_01,551,1.102,18,38
replica_01,552,1.104,20,35
replica_01,553,1.106,17,43
replica_01,554,1.108,17,35
replica_01,555,1.11,18,37
replica_01,556,1.112,20,40
replica_01,557,1.114,23,36
replica_01,558,1.116,21,39
replica_01,559,1.118,23,43
replica_01,560,1.12,17,39
replica_01,561,1.122,20,37
replica_01,562,1.124,19,37
replica_01,563,1.126,18,37
replica_01,564,1.128,19,33
replica_01,565,1.13,18,35
replica_01,566,1.132,16,37
replica_01,567,1.134,20,38
replica_01,568,1.136,9,37
replica_01,569,1.138,16,36
replica_01,570,1.14,14,41
replica_01,571,1.142,17,37
replica_01,572,1.144,18,34
replica_01,573,1.146,10,40
replica_01,574,1.148,15,42
replica_01,575,1.15,15,37
replica_01,576,1.152,16,41
replica_01,577,1.154,17,41
replica_01,578,1.156,19,38
replica_01,579,1.158,13,38
replica_01,580,1.16,17,43
replica_01,581,1.162,17,41
replica_01,582,1.164,15,40
replica_01,583,1.166,17,40
replica_01,584,1.168,14,41
replica_01,585,1.17,11,47
replica_01,586,1.172,8,48
replica_01,587,1.174,17,40
replica_01,588,1.176,18,40
replica_01,589,1.178,18,42
replica_01,590,1.18,17,40
replica_01,591,1.182,19,36
replica_01,592,1.184,19,39
replica_01,593,1.186,19,36
replica_01,594,1.188,17,39
replica_01,595,1.19,18,40
replica_01,596,1.192,21,34
replica_01,597,1.194,19,38
replica_01,598,1.196,18,38
replica_01,599,1.198,13,42
replica_01,600,1.2,15,40
replica_01,601,1.202,16,39
replica_01,602,1.204,18,36
replica_01,603,1.206,19,36
replica_01,604,1.208,16,39
replica_01,605,1.21,21,38
replica_01,606,1.212,15,38
replica_01,607,1.214,10,37
replica_01,608,1.216,15,40
replica_01,609,1.218,19,34
replica_01,610,1.22,12,38
replica_01,611,1.222,16,42
replica_01,612,1.224,19,39
replica_01,613,1.226,15,41
replica_01,614,1.228,20,35
replica_01,615,1.23,17,40
replica_01,616,1.232,21,39
replica_01,617,1.234,16,38
replica_01,618,1.236,20,38
replica_01,619,1.238,18,38
replica_01,620,1.24,15,43
replica_01,621,1.242,13,36
replica_01,622,1.244,6,42
replica_01,623,1.246,13,49
replica_01,624,1.248,11,40
replica_01,625,1.25,11,43
replica_01,626,1.252,16,43
replica_01,627,1.254,18,41
replica_01,628,1.256,14,39
replica_01,629,1.258,19,43
replica_01,630,1.26,19,43
replica_01,631,1.262,17,39
replica_01,632,1.264,20,33
replica_01,633,1.266,18,38
replica_01,634,1.268,18,36
replica_01,635,1.27,14,42
replica_01,636,1.272,16,34
replica_01,637,1.274,13,46
replica_01,638,1.276,19,42
replica_01,639,1.278,18,39
replica_01,640,1.28,12,44
replica_01,641,1.282,15,36
replica_01,642,1.284,14,45
replica_01,643,1.286,17,43
replica_01,644,1.288,16,39
replica_01,645,1.29,19,40
replica_01,646,1.292,18,40
replica_01,647,1.294,17,39
replica_01,648,1.296,19,42
replica_01,649,1.298,16,42
replica_01,650,1.3,20,34
replica_01,651,1.302,17,40
replica_01,652,1.304,20,39
replica_01,653,1.306,17,35
replica_01,654,1.308,17,41
replica_01,655,1.31,18,37
replica_01,656,1.312,15,36
replica_01,657,1.314,17,39
replica_01,658,1.316,18,39
replica_01,659,1.318,15,36
replica_01,660,1.32,18,38
replica_01,661,1.322,17,42
replica_01,662,1.324,21,39
replica_01,663,1.326,16,39
replica_01,664,1.328,16,40
replica_01,665,1.33,20,38
replica_01,666,1.332,21,34
replica_01,667,1.334,16,36
replica_01,668,1.336,15,39
replica_01,669,1.338,15,37
replica_01,670,1.34,19,38
replica_01,671,1.342,19,36
replica_01,672,1.344,15,35
replica_01,673,1.346,21,43
replica_01,674,1.348,16,39
replica_01,675,1.35,16,44
replica_01,676,1.352,19,36
replica_01,677,1.354,17,44
replica_01,678,1.356,18,39
replica_01,679,1.358,23,43
replica_01,680,1.36,21,41
replica_01,681,1.362,16,43
replica_01,682,1.364,13,47
replica_01,683,1.366,22,38
replica_01,684,1.368,20,45
replica_01,685,1.37,22,42
replica_01,686,1.372,23,44
replica_01,687,1.374,19,41
replica_01,688,1.376,22,40
replica_01,689,1.378,11,46
replica_01,690,1.38,20,43
replica_01,691,1.382,16,46
replica_01,692,1.384,14,44
replica_01,693,1.386,15,41
replica_01,694,1.388,17,41
replica_01,695,1.39,16,39
replica_01,696,1.392,17,43
replica_01,697,1.394,19,44
replica_01,698,1.396,17,40
replica_01,699,1.398,16,37
replica_01,700,1.4,13,42
replica_01,701,1.402,16,41
replica_01,702,1.404,15,42
replica_01,703,1.406,21,44
replica_01,704,1.408,17,44
replica_01,705,1.41,20,44
replica_01,706,1.412,18,38
replica_01,707,1.414,16,45
replica_01,708,1.416,17,42
replica_01,709,1.418,20,41
replica_01,710,1.42,17,48
replica_01,711,1.422,15,44
replica_01,712,1.424,18,44
replica_01,713,1.426,15,45
replica_01,714,1.428,18,41
replica_01,715,1.43,15,44
replica_01,716,1.432,12,46
replica_01,717,1.434,14,45
replica_01,718,1.436,16,45
replica_01,719,1.438,15,44
replica_01,720,1.44,16,38
replica_01,721,1.442,19,42
replica_01,722,1.444,18,33
replica_01,723,1.446,15,41
replica_01,724,1.448,13,45
replica_01,725,1.45,22,37
replica_01,726,1.452,20,43
replica_01,727,1.454,16,40
replica_01,728,1.456,22,39
replica_01,729,1.458,22,37
replica_01,730,1.46,18,42
replica_01,731,1.462,15,39
replica_01,732,1.464,17,37
replica_01,733,1.466,15,40
replica_01,734,1.468,20,37
replica_01,735,1.47,18,39
replica_01,736,1.472,17,36
replica_01,737,1.474,19,36
replica_01,738,1.476,21,40
replica_01,739,1.478,19,40
replica_01,740,1.48,17,39
replica_01,741,1.482,23,36
replica_01,742,1.484,21,39
replica_01,743,1.486,22,40
replica_01,744,1.488,21,42
replica_01,745,1.49,10,39
replica_01,746,1.492,14,31
replica_01,747,1.494,24,37
replica_01,748,1.496,22,37
replica_01,749,1.498,23,34
replica_01,750,1.5,20,43
replica_01,751,1.502,17,37
replica_01,752,1.504,16,40
replica_01,753,1.506,24,35
replica_01,754,1.508,22,36
replica_01,755,1.51,25,37
replica_01,756,1.512,20,38
replica_01,757,1.514,20,38
replica_01,758,1.516,21,38
replica_01,759,1.518,24,36
replica_01,760,1.52,22,39
replica_01,761,1.522,23,39
replica_01,762,1.524,16,41
replica_01,763,1.526,17,41
replica_01,764,1.528,21,44
replica_01,765,1.53,20,38
replica_01,766,1.532,20,39
replica_01,767,1.534,19,35
replica_01,768,1.536,17,42
replica_01,769,1.538,20,39
replica_01,770,1.54,21,42
replica_01,771,1.542,22,39
replica_01,772,1.544,20,35
replica_01,773,1.546,22,39
replica_01,774,1.548,20,41
replica_01,775,1.55,12,39
replica_01,776,1.552,17,41
replica_01,777,1.554,17,37
replica_01,778,1.556,27,34
replica_01,779,1.558,22,42
replica_01,780,1.56,18,36
replica_01,781,1.562,19,38
replica_01,782,1.564,20,37
replica_01,783,1.566,24,36
replica_01,784,1.568,22,34
replica_01,785,1.57,20,39
replica_01,786,1.572,23,35
replica_01,787,1.574,21,37
replica_01,788,1.576,21,38
replica_01,789,1.578,24,36
replica_01,790,1.58,23,39
replica_01,791,1.582,21,36
replica_01,792,1.584,17,37
replica_01,793,1.586,23,39
replica_01,794,1.588,18,33
replica_01,795,1.59,22,38
replica_01,796,1.592,23,41
replica_01,797,1.594,20,35
replica_01,798,1.596,18,37
replica_01,799,1.598,19,35
replica_01,800,1.6,18,36
replica_01,801,1.602,18,41
replica_01,802,1.604,22,40
replica_01,803,1.606,20,36
replica_01,804,1.608,23,37
replica_01,805,1.61,22,40
replica_01,806,1.612,19,42
replica_01,807,1.614,22,38
replica_01,808,1.616,23,33
replica_01,809,1.618,17,40
replica_01,810,1.62,19,34
replica_01,811,1.622,21,45
replica_01,812,1.624,21,39
replica_01,813,1.626,22,40
replica_01,814,1.628,20,38
replica_01,815,1.63,16,43
replica_01,816,1.632,20,37
replica_01,817,1.634,19,34
replica_01,818,1.636,17,39
replica_01,819,1.638,18,38
replica_01,820,1.64,18,38
replica_01,821,1.642,20,37
replica_01,822,1.644,20,36
replica_01,823,1.646,22,37
replica_01,824,1.648,18,44
replica_01,825,1.65,19,38
replica_01,826,1.652,15,37
replica_01,827,1.654,17,39
replica_01,828,1.656,18,35
replica_01,829,1.658,19,37
replica_01,830,1.66,18,39
replica_01,831,1.662,20,37
replica_01,832,1.664,19,39
replica_01,833,1.666,19,40
replica_01,834,1.668,21,37
replica_01,835,1.67,22,34
replica_01,836,1.672,15,39
replica_01,837,1.674,20,40
replica_01,838,1.676,21,35
replica_01,839,1.678,20,38
replica_01,840,1.68,24,37
replica_01,841,1.682,21,37
replica_01,842,1.684,20,39
replica_01,843,1.686,15,42
replica_01,844,1.688,17,41
replica_01,845,1.69,22,32
replica_01,846,1.692,16,35
replica_01,847,1.694,17,43
replica_01,848,1.696,19,38
replica_01,849,1.698,16,41
replica_01,850,1.7,21,41
replica_01,851,1.702,19,40
replica_01,852,1.704,18,39
replica_01,853,1.706,17,41
replica_01,854,1.708,18,35
replica_01,855,1.71,21,38
replica_01,856,1.712,16,39
replica_01,857,1.714,17,40
replica_01,858,1.716,20,37
replica_01,859,1.718,19,39
replica_01,860,1.72,18,41
replica_01,861,1.722,20,40
replica_01,862,1.724,15,48
replica_01,863,1.726,19,39
replica_01,864,1.728,19,39
replica_01,865,1.73,19,43
replica_01,866,1.732,22,41
replica_01,867,1.734,20,44
replica_01,868,1.736,20,38
replica_01,869,1.738,19,38
replica_01,870,1.74,21,41
replica_01,871,1.742,20,39
replica_01,872,1.744,16,36
replica_01,873,1.746,17,40
replica_01,874,1.748,18,37
replica_01,875,1.75,20,39
replica_01,876,1.752,16,43
replica_01,877,1.754,17,37
replica_01,878,1.756,16,39
replica_01,879,1.758,15,38
replica_01,880,1.76,12,39
replica_01,881,1.762,19,41
replica_01,882,1.764,20,38
replica_01,883,1.766,22,37
replica_01,884,1.768,23,42
replica_01,885,1.77,21,40
replica_01,886,1.772,22,36
replica_01,887,1.774,17,42
replica_01,888,1.776,22,38
replica_01,889,1.778,20,39
replica_01,890,1.78,18,37
replica_01,891,1.782,24,37
replica_01,892,1.784,18,36
replica_01,893,1.786,17,38
replica_01,894,1.788,19,39
replica_01,895,1.79,24,35
replica_01,896,1.792,19,36
replica_01,897,1.794,21,37
replica_01,898,1.796,14,40
replica_01,899,1.798,15,42
replica_01,900,1.8,17,40
replica_01,901,1.802,20,37
replica_01,902,1.804,12,44
replica_01,903,1.806,14,41
replica_01,904,1.808,12,44
replica_01,905,1.81,22,39
replica_01,906,1.812,20,38
replica_01,907,1.814,15,42
replica_01,908,1.816,16,39
replica_01,909,1.818,14,39
replica_01,910,1.82,18,32
replica_01,911,1.822,16,35
replica_01,912,1.824,19,35
replica_01,913,1.826,16,34
replica_01,914,1.828,21,39
replica_01,915,1.83,21,36
replica_01,916,1.832,21,40
replica_01,917,1.834,23,44
replica_01,918,1.836,21,41
replica_01,919,1.838,21,41
replica_01,920,1.84,22,44
replica_01,921,1.842,17,39
replica_01,922,1.844,18,42
replica_01,923,1.846,24,39
replica_01,924,1.848,23,38
replica_01,925,1.85,21,37
replica_01,926,1.852,23,35
replica_01,927,1.854,23,39
replica_01,928,1.856,21,40
replica_01,929,1.858,18,47
replica_01,930,1.86,17,38
replica_01,931,1.862,20,42
replica_01,932,1.864,16,40
replica_01,933,1.866,21,37
replica_01,934,1.868,23,38
replica_01,935,1.87,19,42
replica_01,936,1.872,20,40
replica_01,937,1.874,15,39
replica_01,938,1.876,19,38
replica_01,939,1.878,20,33
replica_01,940,1.88,19,39
replica_01,941,1.882,16,40
replica_01,942,1.884,19,40
replica_01,943,1.886,18,42
replica_01,944,1.888,21,36
replica_01,945,1.89,20,36
replica_01,946,1.892,22,39
replica_01,947,1.894,16,36
replica_01,948,1.896,14,39
replica_01,949,1.898,20,38
replica_01,950,1.9,17,40
replica_01,951,1.902,13,43
replica_01,952,1.904,19,39
replica_01,953,1.906,15,41
replica_01,954,1.908,18,37
replica_01,955,1.91,16,41
replica_01,956,1.912,18,44
replica_01,957,1.914,15,41
replica_01,958,1.916,16,42
replica_01,959,1.918,21,36
replica_01,960,1.92,15,41
replica_01,961,1.922,14,45
replica_01,962,1.924,14,43
replica_01,963,1.926,13,44
replica_01,964,1.928,21,43
replica_01,965,1.93,22,39
replica_01,966,1.932,16,40
replica_01,967,1.934,18,36
replica_01,968,1.936,19,43
replica_01,969,1.938,19,40
replica_01,970,1.94,20,40
replica_01,971,1.942,17,38
replica_01,972,1.944,18,39
replica_01,973,1.946,20,37
replica_01,974,1.948,18,36
replica_01,975,1.95,16,40
replica_01,976,1.952,19,35
replica_01,977,1.954,21,42
replica_01,978,1.956,23,39
replica_01,979,1.958,22,39
replica_01,980,1.96,18,41
replica_01,981,1.962,16,42
replica_01,982,1.964,19,39
replica_01,983,1.966,20,39
replica_01,984,1.968,20,40
replica_01,985,1.97,21,39
replica_01,986,1.972,19,41
replica_01,987,1.974,17,39
replica_01,988,1.976,19,38
replica_01,989,1.978,18,40
replica_01,990,1.98,14,43
replica_01,991,1.982,16,44
replica_01,992,1.984,23,34
replica_01,993,1.986,22,35
replica_01,994,1.988,19,42
replica_01,995,1.99,17,38
replica_01,996,1.992,23,35
replica_01,997,1.994,22,36
replica_01,998,1.996,18,37
replica_01,999,1.998,16,43
replica_01,1000,2.0,16,41
replica_01,1001,2.002,19,40
replica_01,1002,2.004,21,38
replica_01,1003,2.006,19,40
replica_01,1004,2.008,20,37
replica_01,1005,2.01,17,37
replica_01,1006,2.012,17,41
replica_01,1007,2.014,18,38
replica_01,1008,2.016,19,42
replica_01,1009,2.018,15,41
replica_01,1010,2.02,15,41
replica_01,1011,2.022,16,40
replica_01,1012,2.024,20,37
replica_01,1013,2.026,17,39
replica_01,1014,2.028,16,43
replica_01,1015,2.03,17,40
replica_01,1016,2.032,19,42
replica_01,1017,2.034,18,42
replica_01,1018,2.036,18,41
replica_01,1019,2.038,16,41
replica_01,1020,2.04,15,45
replica_01,1021,2.042,16,44
replica_01,1022,2.044,18,40
replica_01,1023,2.046,17,46
replica_01,1024,2.048,22,43
replica_01,1025,2.05,15,44
replica_01,1026,2.052,20,38
replica_01,1027,2.054,17,45
replica_01,1028,2.056,20,40
replica_01,1029,2.058,19,39
replica_01,1030,2.06,16,45
replica_01,1031,2.062,22,41
replica_01,1032,2.064,21,41
replica_01,1033,2.066,16,46
replica_01,1034,2.068,17,48
replica_01,1035,2.07,20,41
replica_01,1036,2.072,21,37
replica_01,1037,2.074,21,42
replica_01,1038,2.076,17,45
replica_01,1039,2.078,19,45
replica_01,1040,2.08,19,46
replica_01,1041,2.082,18,42
replica_01,1042,2.084,19,37
replica_01,1043,2.086,21,43
replica_01,1044,2.088,17,46
replica_01,1045,2.09,15,42
replica_01,1046,2.092,18,43
replica_01,1047,2.094,18,40
replica_01,1048,2.096,19,40
replica_01,1049,2.098,18,36
replica_01,1050,2.1,18,36
replica_01,1051,2.102,19,40
replica_01,1052,2.104,19,38
replica_01,1053,2.106,14,39
replica_01,1054,2.108,18,40
replica_01,1055,2.11,15,37
replica_01,1056,2.112,19,35
replica_01,1057,2.114,18,34
replica_01,1058,2.116,22,35
replica_01,1059,2.118,22,36
replica_01,1060,2.12,20,40
replica_01,1061,2.122,14,35
replica_01,1062,2.124,18,36
replica_01,1063,2.126,19,37
replica_01,1064,2.128,19,39
replica_01,1065,2.13,21,40
replica_01,1066,2.132,18,36
replica_01,1067,2.134,23,39
replica_01,1068,2.136,20,41
replica_01,1069,2.138,20,41
replica_01,1070,2.14,19,41
replica_01,1071,2.142,16,40
replica_01,1072,2.144,20,42
replica_01,1073,2.146,24,41
replica_01,1074,2.148,19,37
replica_01,1075,2.15,21,33
replica_01,1076,2.152,23,34
replica_01,1077,2.154,26,39
replica_01,1078,2.156,23,36
replica_01,1079,2.158,16,39
replica_01,1080,2.16,19,39
replica_01,1081,2.162,22,36
replica_01,1082,2.164,24,41
replica_01,1083,2.166,16,40
replica_01,1084,2.168,19,41
replica_01,1085,2.17,15,36
replica_01,1086,2.172,19,40
replica_01,1087,2.174,21,36
replica_01,1088,2.176,22,40
replica_01,1089,2.178,26,41
replica_01,1090,2.18,16,39
replica_01,1091,2.182,21,36
replica_01,1092,2.184,10,43
replica_01,1093,2.186,19,40
replica_01,1094,2.188,19,40
replica_01,1095,2.19,19,35
replica_01,1096,2.192,16,39
replica_01,1097,2.194,14,42
replica_01,1098,2.196,22,38
replica_01,1099,2.198,22,33
replica_01,1100,2.2,26,37
replica_01,1101,2.202,21,39
replica_01,1102,2.204,20,39
replica_01,1103,2.206,22,41
replica_01,1104,2.208,23,36
replica_01,1105,2.21,13,41
replica_01,1106,2.212,20,41
replica_01,1107,2.214,20,37
replica_01,1108,2.216,18,41
replica_01,1109,2.218,20,37
replica_01,1110,2.22,17,35
replica_01,1111,2.222,17,42
replica_01,1112,2.224,24,41
replica_01,1113,2.226,22,35
replica_01,1114,2.228,22,36
replica_01,1115,2.23,23,34
replica_01,1116,2.232,21,38
replica_01,1117,2.234,24,37
replica_01,1118,2.236,24,39
replica_01,1119,2.238,19,39
replica_01,1120,2.24,19,40
replica_01,1121,2.242,17,37
replica_01,1122,2.244,22,36
replica_01,1123,2.246,21,40
replica_01,1124,2.248,21,42
replica_01,1125,2.25,15,38
replica_01,1126,2.252,14,39
replica_01,1127,2.254,16,37
replica_01,1128,2.256,16,41
replica_01,1129,2.258,19,40
replica_01,1130,2.26,19,39
replica_01,1131,2.262,21,37
replica_01,1132,2.264,18,42
replica_01,1133,2.266,18,37
replica_01,1134,2.268,20,37
replica_01,1135,2.27,20,40
replica_01,1136,2.272,18,39
replica_01,1137,2.274,18,39
replica_01,1138,2.276,17,40
replica_01,1139,2.278,17,39
replica_01,1140,2.28,19,42
replica_01,1141,2.282,17,46
replica_01,1142,2.284,17,43
replica_01,1143,2.286,15,44
replica_01,1144,2.288,11,45
replica_01,1145,2.29,19,44
replica_01,1146,2.292,18,40
replica_01,1147,2.294,15,40
replica_01,1148,2.296,17,42
replica_01,1149,2.298,18,41
replica_01,1150,2.3,19,43
replica_01,1151,2.302,18,47
replica_01,1152,2.304,18,41
replica_01,1153,2.306,17,40
replica_01,1154,2.308,20,42
replica_01,1155,2.31,25,39
replica_01,1156,2.312,18,41
replica_01,1157,2.314,15,41
replica_01,1158,2.316,16,43
replica_01,1159,2.318,17,47
replica_01,1160,2.32,14,42
replica_01,1161,2.322,16,44
replica_01,1162,2.324,13,40
replica_01,1163,2.326,14,45
replica_01,1164,2.328,17,45
replica_01,1165,2.33,18,45
replica_01,1166,2.332,16,39
replica_01,1167,2.334,16,44
replica_01,1168,2.336,15,42
replica_01,1169,2.338,15,46
replica_01,1170,2.34,18,41
replica_01,1171,2.342,14,46
replica_01,1172,2.344,15,44
replica_01,1173,2.346,12,43
replica_01,1174,2.348,16,42
replica_01,1175,2.35,13,49
replica_01,1176,2.352,14,49
replica_01,1177,2.354,10,46
replica_01,1178,2.356,16,48
replica_01,1179,2.358,15,47
replica_01,1180,2.36,15,44
replica_01,1181,2.362,13,47
replica_01,1182,2.364,11,46
replica_01,1183,2.366,14,42
replica_01,1184,2.368,19,42
replica_01,1185,2.37,17,39
replica_01,1186,2.372,15,46
replica_01,1187,2.374,14,41
replica_01,1188,2.376,15,44
replica_01,1189,2.378,16,42
replica_01,1190,2.38,17,41
replica_01,1191,2.382,16,41
replica_01,1192,2.384,19,41
replica_01,1193,2.386,17,47
replica_01,1194,2.388,15,38
replica_01,1195,2.39,18,40
replica_01,1196,2.392,17,44
replica_01,1197,2.394,15,43
replica_01,1198,2.396,15,42
replica_01,1199,2.398,13,39
replica_01,1200,2.4,15,43
replica_01,1201,2.402,15,40
replica_01,1202,2.404,16,43
replica_01,1203,2.406,16,44
replica_01,1204,2.408,20,39
replica_01,1205,2.41,19,42
replica_01,1206,2.412,14,35
replica_01,1207,2.414,17,35
replica_01,1208,2.416,17,38
replica_01,1209,2.418,19,40
replica_01,1210,2.42,18,42
replica_01,1211,2.422,21,33
replica_01,1212,2.424,20,39
replica_01,1213,2.426,20,43
replica_01,1214,2.428,18,42
replica_01,1215,2.43,16,42
replica_01,1216,2.432,18,43
replica_01,1217,2.434,21,41
replica_01,1218,2.436,22,38
replica_01,1219,2.438,23,40
replica_01,1220,2.44,19,44
replica_01,1221,2.442,20,38
replica_01,1222,2.444,20,37
replica_01,1223,2.446,24,36
replica_01,1224,2.448,17,39
replica_01,1225,2.45,18,45
replica_01,1226,2.452,19,39
replica_01,1227,2.454,22,38
replica_01,1228,2.456,20,41
replica_01,1229,2.458,20,36
replica_01,1230,2.46,24,35
replica_01,1231,2.462,23,33
replica_01,1232,2.464,23,36
replica_01,1233,2.466,23,34
replica_01,1234,2.468,17,38
replica_01,1235,2.47,17,37
replica_01,1236,2.472,15,42
replica_01,1237,2.474,16,41
replica_01,1238,2.476,18,43
replica_01,1239,2.478,17,41
replica_01,1240,2.48,19,36
replica_01,1241,2.482,17,37
replica_01,1242,2.484,18,37
replica_01,1243,2.486,17,37
replica_01,1244,2.488,12,45
replica_01,1245,2.49,20,40
replica_01,1246,2.492,15,43
replica_01,1247,2.494,18,43
replica_01,1248,2.496,21,43
replica_01,1249,2.498,17,40
replica_01,1250,2.5,20,38
replica_01,1251,2.502,19,40
replica_01,1252,2.504,12,42
replica_01,1253,2.506,21,37
replica_01,1254,2.508,17,38
replica_01,1255,2.51,26,39
replica_01,1256,2.512,20,40
replica_01,1257,2.514,20,34
replica_01,1258,2.516,20,40
replica_01,1259,2.518,20,43
replica_01,1260,2.52,16,41
replica_01,1261,2.522,19,42
replica_01,1262,2.524,17,40
replica_01,1263,2.526,20,37
replica_01,1264,2.528,17,41
replica_01,1265,2.53,17,40
replica_01,1266,2.532,20,34
replica_01,1267,2.534,15,38
replica_01,1268,2.536,19,39
replica_01,1269,2.538,16,45
replica_01,1270,2.54,16,39
replica_01,1271,2.542,14,39
replica_01,1272,2.544,18,42
replica_01,1273,2.546,16,39
replica_01,1274,2.548,15,41
replica_01,1275,2.55,19,40
replica_01,1276,2.552,19,37
replica_01,1277,2.554,17,39
replica_01,1278,2.556,21,40
replica_01,1279,2.558,15,39
replica_01,1280,2.56,21,40
replica_01,1281,2.562,19,39
replica_01,1282,2.564,20,38
replica_01,1283,2.566,19,33
replica_01,1284,2.568,20,38
replica_01,1285,2.57,18,38
replica_01,1286,2.572,18,35
replica_01,1287,2.574,19,39
replica_01,1288,2.576,19,39
replica_01,1289,2.578,17,43
replica_01,1290,2.58,21,37
replica_01,1291,2.582,19,41
replica_01,1292,2.584,17,41
replica_01,1293,2.586,15,40
replica_01,1294,2.588,18,41
replica_01,1295,2.59,15,40
replica_01,1296,2.592,16,44
replica_01,1297,2.594,14,44
replica_01,1298,2.596,20,38
replica_01,1299,2.598,19,39
replica_01,1300,2.6,13,40
replica_01,1301,2.602,19,40
replica_01,1302,2.604,21,40
replica_01,1303,2.606,16,39
replica_01,1304,2.608,18,39
replica_01,1305,2.61,19,41
replica_01,1306,2.612,16,43
replica_01,1307,2.614,18,39
replica_01,1308,2.616,16,40
replica_01,1309,2.618,15,43
replica_01,1310,2.62,14,43
replica_01,1311,2.622,19,45
replica_01,1312,2.624,13,43
replica_01,1313,2.626,15,46
replica_01,1314,2.628,11,42
replica_01,1315,2.63,21,38
replica_01,1316,2.632,17,40
replica_01,1317,2.634,18,42
replica_01,1318,2.636,17,33
replica_01,1319,2.638,14,44
replica_01,1320,2.64,16,43
replica_01,1321,2.642,15,40
replica_01,1322,2.644,22,35
replica_01,1323,2.646,19,41
replica_01,1324,2.648,15,37
replica_01,1325,2.65,19,36
replica_01,1326,2.652,14,41
replica_01,1327,2.654,18,37
replica_01,1328,2.656,19,42
replica_01,1329,2.658,13,42
replica_01,1330,2.66,21,38
replica_01,1331,2.662,20,34
replica_01,1332,2.664,23,38
replica_01,1333,2.666,17,38
replica_01,1334,2.668,21,36
replica_01,1335,2.67,19,41
replica_01,1336,2.672,17,37
replica_01,1337,2.674,19,41
replica_01,1338,2.676,17,36
replica_01,1339,2.678,16,42
replica_01,1340,2.68,18,37
replica_01,1341,2.682,16,36
replica_01,1342,2.684,17,36
replica_01,1343,2.686,18,38
replica_01,1344,2.688,19,35
replica_01,1345,2.69,15,37
replica_01,1346,2.692,13,43
replica_01,1347,2.694,13,40
replica_01,1348,2.696,18,37
replica_01,1349,2.698,21,40
replica_01,1350,2.7,16,40
replica_01,1351,2.702,15,42
replica_01,1352,2.704,19,44
replica_01,1353,2.706,18,45
replica_01,1354,2.708,17,38
replica_01,1355,2.71,13,42
replica_01,1356,2.712,12,42
replica_01,1357,2.714,19,36
replica_01,1358,2.716,10,44
replica_01,1359,2.718,16,37
replica_01,1360,2.72,16,42
replica_01,1361,2.722,19,38
replica_01,1362,2.724,18,36
replica_01,1363,2.726,18,46
replica_01,1364,2.728,20,40
replica_01,1365,2.73,17,45
replica_01,1366,2.732,17,37
replica_01,1367,2.734,16,36
replica_01,1368,2.736,15,38
replica_01,1369,2.738,21,33
replica_01,1370,2.74,21,38
replica_01,1371,2.742,19,36
replica_01,1372,2.744,20,40
replica_01,1373,2.746,18,39
replica_01,1374,2.748,22,36
replica_01,1375,2.75,21,39
replica_01,1376,2.752,18,41
replica_01,1377,2.754,18,38
replica_01,1378,2.756,12,42
replica_01,1379,2.758,13,47
replica_01,1380,2.76,14,40
replica_01,1381,2.762,18,36
replica_01,1382,2.764,18,37
replica_01,1383,2.766,10,41
replica_01,1384,2.768,15,38
replica_01,1385,2.77,16,40
replica_01,1386,2.772,19,39
replica_01,1387,2.774,22,40
replica_01,1388,2.776,20,38
replica_01,1389,2.778,13,42
replica_01,1390,2.78,22,42
replica_01,1391,2.782,17,41
replica_01,1392,2.784,18,40
replica_01,1393,2.786,16,43
replica_01,1394,2.788,15,34
replica_01,1395,2.79,20,38
replica_01,1396,2.792,19,38
replica_01,1397,2.794,14,41
replica_01,1398,2.796,16,38
replica_01,1399,2.798,16,39
replica_01,1400,2.8,12,40
replica_01,1401,2.802,15,39
replica_01,1402,2.804,13,36
replica_01,1403,2.806,13,39
replica_01,1404,2.808,18,42
replica_01,1405,2.81,14,40
replica_01,1406,2.812,17,38
replica_01,1407,2.814,17,38
replica_01,1408,2.816,19,36
replica_01,1409,2.818,18,37
replica_01,1410,2.82,18,33
replica_01,1411,2.822,16,37
replica_01,1412,2.824,16,34
replica_01,1413,2.826,17,39
replica_01,1414,2.828,16,39
replica_01,1415,2.83,18,43
replica_01,1416,2.832,19,37
replica_01,1417,2.834,17,38
replica_01,1418,2.836,18,35
replica_01,1419,2.838,18,36
replica_01,1420,2.84,17,38
replica_01,1421,2.842,19,37
replica_01,1422,2.844,19,34
replica_01,1423,2.846,18,36
replica_01,1424,2.848,19,40
replica_01,1425,2.85,16,39
replica_01,1426,2.852,16,33
replica_01,1427,2.854,16,42
replica_01,1428,2.856,16,36
replica_01,1429,2.858,15,34
replica_01,1430,2.86,18,38
replica_01,1431,2.862,14,36
replica_01,1432,2.864,18,35
replica_01,1433,2.866,20,37
replica_01,1434,2.868,14,35
replica_01,1435,2.87,13,38
replica_01,1436,2.872,23,29
replica_01,1437,2.874,19,30
replica_01,1438,2.876,25,36
replica_01,1439,2.878,22,34
replica_01,1440,2.88,22,36
replica_01,1441,2.882,18,35
replica_01,1442,2.884,18,32
replica_01,1443,2.886,26,34
replica_01,1444,2.888,18,34
replica_01,1445,2.89,28,32
replica_01,1446,2.892,15,34
replica_01,1447,2.894,17,37
replica_01,1448,2.896,21,39
replica_01,1449,2.898,20,32
replica_01,1450,2.9,16,32
replica_01,1451,2.902,22,35
replica_01,1452,2.904,16,35
replica_01,1453,2.906,18,32
replica_01,1454,2.908,19,33
replica_01,1455,2.91,17,34
replica_01,1456,2.912,19,35
replica_01,1457,2.914,20,38
replica_01,1458,2.916,14,37
replica_01,1459,2.918,21,31
replica_01,1460,2.92,21,34
replica_01,1461,2.922,23,33
replica_01,1462,2.924,21,34
replica_01,1463,2.926,25,32
replica_01,1464,2.928,16,42
replica_01,1465,2.93,20,33
replica_01,1466,2.932,26,31
replica_01,1467,2.934,25,32
replica_01,1468,2.936,25,33
replica_01,1469,2.938,21,35
replica_01,1470,2.94,16,37
replica_01,1471,2.942,19,33
replica_01,1472,2.944,20,39
replica_01,1473,2.946,20,38
replica_01,1474,2.948,18,35
replica_01,1475,2.95,16,32
replica_01,1476,2.952,20,35
replica_01,1477,2.954,16,37
replica_01,1478,2.956,14,40
replica_01,1479,2.958,16,40
replica_01,1480,2.96,18,38
replica_01,1481,2.962,17,44
replica_01,1482,2.964,16,37
replica_01,1483,2.966,15,41
replica_01,1484,2.968,17,41
replica_01,1485,2.97,14,43
replica_01,1486,2.972,16,36
replica_01,1487,2.974,17,38
replica_01,1488,2.976,15,46
replica_01,1489,2.978,14,40
replica_01,1490,2.98,14,40
replica_01,1491,2.982,20,37
replica_01,1492,2.984,16,39
replica_01,1493,2.986,19,39
replica_01,1494,2.988,17,42
replica_01,1495,2.99,19,39
replica_01,1496,2.992,19,40
replica_01,1497,2.994,14,39
replica_01,1498,2.996,16,39
replica_01,1499,2.998,9,43
replica_01,1500,3.0,11,43
replica_01,1501,3.002,15,39
replica_01,1502,3.004,15,41
replica_01,1503,3.006,12,43
replica_01,1504,3.008,16,36
replica_01,1505,3.01,16,42
replica_01,1506,3.012,15,40
replica_01,1507,3.014,13,45
replica_01,1508,3.016,16,41
replica_01,1509,3.018,17,42
replica_01,1510,3.02,15,37
replica_01,1511,3.022,14,35
replica_01,1512,3.024,15,34
replica_01,1513,3.026,14,38
replica_01,1514,3.028,13,44
replica_01,1515,3.03,15,45
replica_01,1516,3.032,14,40
replica_01,1517,3.034,14,39
replica_01,1518,3.036,16,44
replica_01,1519,3.038,15,39
replica_01,1520,3.04,18,41
replica_01,1521,3.042,15,44
replica_01,1522,3.044,19,40
replica_01,1523,3.046,16,43
replica_01,1524,3.048,17,41
replica_01,1525,3.05,14,39
replica_01,1526,3.052,17,42
replica_01,1527,3.054,15,48
replica_01,1528,3.056,16,47
replica_01,1529,3.058,16,45
replica_01,1530,3.06,17,41
replica_01,1531,3.062,14,40
replica_01,1532,3.064,19,37
replica_01,1533,3.066,14,44
replica_01,1534,3.068,19,37
replica_01,1535,3.07,10,40
replica_01,1536,3.072,16,37
replica_01,1537,3.074,15,32
replica_01,1538,3.076,20,38
replica_01,1539,3.078,17,37
replica_01,1540,3.08,14,36
replica_01,1541,3.082,21,35
replica_01,1542,3.084,13,38
replica_01,1543,3.086,17,38
replica_01,1544,3.088,15,40
replica_01,1545,3.09,18,41
replica_01,1546,3.092,17,39
replica_01,1547,3.094,18,38
replica_01,1548,3.096,17,38
replica_01,1549,3.098,12,40
replica_01,1550,3.1,13,49
replica_01,1551,3.102,11,46
replica_01,1552,3.104,16,43
replica_01,1553,3.106,16,42
replica_01,1554,3.108,16,44
replica_01,1555,3.11,14,46
replica_01,1556,3.112,9,39
replica_01,1557,3.114,7,47
replica_01,1558,3.116,7,43
replica_01,1559,3.118,9,38
replica_01,1560,3.12,18,39
replica_01,1561,3.122,14,40
replica_01,1562,3.124,15,41
replica_01,1563,3.126,15,43
replica_01,1564,3.128,15,43
replica_01,1565,3.13,13,45
replica_01,1566,3.132,18,41
replica_01,1567,3.134,15,40
replica_01,1568,3.136,17,44
replica_01,1569,3.138,14,39
replica_01,1570,3.14,19,40
replica_01,1571,3.142,14,42
replica_01,1572,3.144,16,43
replica_01,1573,3.146,18,46
replica_01,1574,3.148,19,38
replica_01,1575,3.15,17,40
replica_01,1576,3.152,20,38
replica_01,1577,3.154,18,36
replica_01,1578,3.156,21,33
replica_01,1579,3.158,19,42
replica_01,1580,3.16,15,40
replica_01,1581,3.162,17,47
replica_01,1582,3.164,14,47
replica_01,1583,3.166,15,40
replica_01,1584,3.168,20,45
replica_01,1585,3.17,21,43
replica_01,1586,3.172,17,40
replica_01,1587,3.174,16,40
replica_01,1588,3.176,19,39
replica_01,1589,3.178,17,44
replica_01,1590,3.18,15,42
replica_01,1591,3.182,17,41
replica_01,1592,3.184,16,35
replica_01,1593,3.186,18,37
replica_01,1594,3.188,17,35
replica_01,1595,3.19,17,37
replica_01,1596,3.192,13,40
replica_01,1597,3.194,17,37
replica_01,1598,3.196,19,37
replica_01,1599,3.198,19,36
replica_01,1600,3.2,20,39
replica_01,1601,3.202,18,35
replica_01,1602,3.204,18,35
replica_01,1603,3.206,19,36
replica_01,1604,3.208,18,36
replica_01,1605,3.21,21,39
replica_01,1606,3.212,18,40
replica_01,1607,3.214,17,36
replica_01,1608,3.216,20,33
replica_01,1609,3.218,16,44
replica_01,1610,3.22,16,40
replica_01,1611,3.222,20,38
replica_01,1612,3.224,14,40
replica_01,1613,3.226,18,40
replica_01,1614,3.228,17,39
replica_01,1615,3.23,17,36
replica_01,1616,3.232,14,38
replica_01,1617,3.234,17,41
replica_01,1618,3.236,15,42
replica_01,1619,3.238,13,40
replica_01,1620,3.24,15,45
replica_01,1621,3.242,17,42
replica_01,1622,3.244,18,38
replica_01,1623,3.246,16,43
replica_01,1624,3.248,18,41
replica_01,1625,3.25,18,45
replica_01,1626,3.252,16,42
replica_01,1627,3.254,17,38
replica_01,1628,3.256,15,37
replica_01,1629,3.258,14,36
replica_01,1630,3.26,16,37
replica_01,1631,3.262,16,37
replica_01,1632,3.264,14,40
replica_01,1633,3.266,8,40
replica_01,1634,3.268,15,41
replica_01,1635,3.27,16,39
replica_01,1636,3.272,18,34
replica_01,1637,3.274,18,36
replica_01,1638,3.276,22,32
replica_01,1639,3.278,19,35
replica_01,1640,3.28,17,32
replica_01,1641,3.282,20,36
replica_01,1642,3.284,23,35
replica_01,1643,3.286,13,37
replica_01,1644,3.288,19,34
replica_01,1645,3.29,18,35
replica_01,1646,3.292,20,37
replica_01,1647,3.294,21,35
replica_01,1648,3.296,18,33
replica_01,1649,3.298,19,35
replica_01,1650,3.3,16,36
replica_01,1651,3.302,14,38
replica_01,1652,3.304,19,37
replica_01,1653,3.306,18,38
replica_01,1654,3.308,20,34
replica_01,1655,3.31,24,34
replica_01,1656,3.312,20,38
replica_01,1657,3.314,21,35
replica_01,1658,3.316,19,31
replica_01,1659,3.318,18,33
replica_01,1660,3.32,17,32
replica_01,1661,3.322,15,35
replica_01,1662,3.324,23,36
replica_01,1663,3.326,20,38
replica_01,1664,3.328,16,37
replica_01,1665,3.33,16,34
replica_01,1666,3.332,20,38
replica_01,1667,3.334,19,37
replica_01,1668,3.336,15,38
replica_01,1669,3.338,19,38
replica_01,1670,3.34,23,32
replica_01,1671,3.342,20,34
replica_01,1672,3.344,19,35
replica_01,1673,3.346,17,34
replica_01,1674,3.348,19,38
replica_01,1675,3.35,18,37
replica_01,1676,3.352,19,38
replica_01,1677,3.354,15,33
replica_01,1678,3.356,18,35
replica_01,1679,3.358,21,29
replica_01,1680,3.36,19,32
replica_01,1681,3.362,20,35
replica_01,1682,3.364,19,37
replica_01,1683,3.366,22,35
replica_01,1684,3.368,19,34
replica_01,1685,3.37,19,37
replica_01,1686,3.372,20,31
replica_01,1687,3.374,23,31
replica_01,1688,3.376,19,32
replica_01,1689,3.378,20,32
replica_01,1690,3.38,18,31
replica_01,1691,3.382,18,35
replica_01,1692,3.384,18,32
replica_01,1693,3.386,14,38
replica_01,1694,3.388,18,40
replica_01,1695,3.39,19,39
replica_01,1696,3.392,18,33
replica_01,1697,3.394,12,40
replica_01,1698,3.396,19,37
replica_01,1699,3.398,16,32
replica_01,1700,3.4,23,35
replica_01,1701,3.402,20,34
replica_01,1702,3.404,23,29
replica_01,1703,3.406,20,33
replica_01,1704,3.408,19,30
replica_01,1705,3.41,19,31
replica_01,1706,3.412,17,32
replica_01,1707,3.414,18,35
replica_01,1708,3.416,16,35
replica_01,1709,3.418,16,34
replica_01,1710,3.42,20,33
replica_01,1711,3.422,19,31
replica_01,1712,3.424,19,33
replica_01,1713,3.426,19,33
replica_01,1714,3.428,21,32
replica_01,1715,3.43,19,33
replica_01,1716,3.432,13,39
replica_01,1717,3.434,17,34
replica_01,1718,3.436,16,37
replica_01,1719,3.438,19,37
replica_01,1720,3.44,16,32
replica_01,1721,3.442,16,33
replica_01,1722,3.444,19,30
replica_01,1723,3.446,17,33
replica_01,1724,3.448,22,30
replica_01,1725,3.45,20,32
replica_01,1726,3.452,16,35
replica_01,1727,3.454,20,34
replica_01,1728,3.456,18,31
replica_01,1729,3.458,19,34
replica_01,1730,3.46,21,37
replica_01,1731,3.462,19,32
replica_01,1732,3.464,19,35
replica_01,1733,3.466,20,37
replica_01,1734,3.468,18,34
replica_01,1735,3.47,15,37
replica_01,1736,3.472,25,35
replica_01,1737,3.474,20,35
replica_01,1738,3.476,15,34
replica_01,1739,3.478,18,38
replica_01,1740,3.48,20,32
replica_01,1741,3.482,16,38
replica_01,1742,3.484,19,33
replica_01,1743,3.486,19,34
replica_01,1744,3.488,17,34
replica_01,1745,3.49,15,33
replica_01,1746,3.492,18,37
replica_01,1747,3.494,22,34
replica_01,1748,3.496,18,37
replica_01,1749,3.498,15,36
replica_01,1750,3.5,18,27
replica_01,1751,3.502,18,37
replica_01,1752,3.504,21,30
replica_01,1753,3.506,20,35
replica_01,1754,3.508,21,35
replica_01,1755,3.51,18,32
replica_01,1756,3.512,16,38
replica_01,1757,3.514,13,33
replica_01,1758,3.516,19,33
replica_01,1759,3.518,18,34
replica_01,1760,3.52,20,31
replica_01,1761,3.522,18,35
replica_01,1762,3.524,17,36
replica_01,1763,3.526,18,37
replica_01,1764,3.528,21,28
replica_01,1765,3.53,24,34
replica_01,1766,3.532,14,37
replica_01,1767,3.534,24,33
replica_01,1768,3.536,18,30
replica_01,1769,3.538,20,33
replica_01,1770,3.54,15,29
replica_01,1771,3.542,11,35
replica_01,1772,3.544,22,36
replica_01,1773,3.546,25,32
replica_01,1774,3.548,24,31
replica_01,1775,3.55,21,32
replica_01,1776,3.552,16,33
replica_01,1777,3.554,18,31
replica_01,1778,3.556,18,34
replica_01,1779,3.558,21,35
replica_01,1780,3.56,23,30
replica_01,1781,3.562,23,33
replica_01,1782,3.564,15,34
replica_01,1783,3.566,19,34
replica_01,1784,3.568,23,32
replica_01,1785,3.57,24,36
replica_01,1786,3.572,20,36
replica_01,1787,3.574,19,34
replica_01,1788,3.576,16,34
replica_01,1789,3.578,18,33
replica_01,1790,3.58,17,28
replica_01,1791,3.582,14,35
replica_01,1792,3.584,17,34
replica_01,1793,3.586,17,37
replica_01,1794,3.588,16,35
replica_01,1795,3.59,17,41
replica_01,1796,3.592,16,36
replica_01,1797,3.594,18,33
replica_01,1798,3.596,14,34
replica_01,1799,3.598,15,37
replica_01,1800,3.6,16,36
replica_01,1801,3.602,13,34
replica_01,1802,3.604,18,31
replica_01,1803,3.606,15,36
replica_01,1804,3.608,14,42
replica_01,1805,3.61,19,38
replica_01,1806,3.612,17,31
replica_01,1807,3.614,20,30
replica_01,1808,3.616,19,35
replica_01,1809,3.618,22,34
replica_01,1810,3.62,25,31
replica_01,1811,3.622,20,39
replica_01,1812,3.624,18,33
replica_01,1813,3.626,21,38
replica_01,1814,3.628,24,37
replica_01,1815,3.63,19,34
replica_01,1816,3.632,22,33
replica_01,1817,3.634,18,37
replica_01,1818,3.636,19,33
replica_01,1819,3.638,14,39
replica_01,1820,3.64,20,32
replica_01,1821,3.642,18,37
replica_01,1822,3.644,17,29
replica_01,1823,3.646,20,32
replica_01,1824,3.648,22,32
replica_01,1825,3.65,18,34
replica_01,1826,3.652,18,29
replica_01,1827,3.654,18,28
replica_01,1828,3.656,21,32
replica_01,1829,3.658,22,31
replica_01,1830,3.66,17,30
replica_01,1831,3.662,19,29
replica_01,1832,3.664,23,28
replica_01,1833,3.666,22,29
replica_01,1834,3.668,23,28
replica_01,1835,3.67,25,29
replica_01,1836,3.672,18,33
replica_01,1837,3.674,21,29
replica_01,1838,3.676,21,33
replica_01,1839,3.678,15,33
replica_01,1840,3.68,20,32
replica_01,1841,3.682,21,33
replica_01,1842,3.684,21,36
replica_01,1843,3.686,21,29
replica_01,1844,3.688,25,28
replica_01,1845,3.69,21,28
replica_01,1846,3.692,21,28
replica_01,1847,3.694,22,31
replica_01,1848,3.696,15,35
replica_01,1849,3.698,17,28
replica_01,1850,3.7,21,31
replica_01,1851,3.702,22,30
replica_01,1852,3.704,15,32
replica_01,1853,3.706,23,27
replica_01,1854,3.708,26,33
replica_01,1855,3.71,23,31
replica_01,1856,3.712,19,31
replica_01,1857,3.714,17,36
replica_01,1858,3.716,21,37
replica_01,1859,3.718,24,31
replica_01,1860,3.72,17,35
replica_01,1861,3.722,18,30
replica_01,1862,3.724,19,29
replica_01,1863,3.726,22,31
replica_01,1864,3.728,23,29
replica_01,1865,3.73,19,35
replica_01,1866,3.732,16,35
replica_01,1867,3.734,18,33
replica_01,1868,3.736,16,29
replica_01,1869,3.738,23,31
replica_01,1870,3.74,23,31
replica_01,1871,3.742,19,35
replica_01,1872,3.744,18,29
replica_01,1873,3.746,13,32
replica_01,1874,3.748,14,34
replica_01,1875,3.75,16,32
replica_01,1876,3.752,26,29
replica_01,1877,3.754,19,27
replica_01,1878,3.756,21,32
replica_01,1879,3.758,22,31
replica_01,1880,3.76,16,34
replica_01,1881,3.762,19,27
replica_01,1882,3.764,19,32
replica_01,1883,3.766,19,31
replica_01,1884,3.768,23,31
replica_01,1885,3.77,21,30
replica_01,1886,3.772,25,32
replica_01,1887,3.774,26,30
replica_01,1888,3.776,19,30
replica_01,1889,3.778,15,35
replica_01,1890,3.78,12,32
replica_01,1891,3.782,18,31
replica_01,1892,3.784,19,34
replica_01,1893,3.786,23,33
replica_01,1894,3.788,23,29
replica_01,1895,3.79,21,28
replica_01,1896,3.792,13,25
replica_01,1897,3.794,11,32
replica_01,1898,3.796,14,34
replica_01,1899,3.798,18,30
replica_01,1900,3.8,19,30
replica_01,1901,3.802,24,25
replica_01,1902,3.804,23,24
replica_01,1903,3.806,19,32
replica_01,1904,3.808,20,31
replica_01,1905,3.81,18,28
replica_01,1906,3.812,17,29
replica_01,1907,3.814,17,29
replica_01,1908,3.816,17,26
replica_01,1909,3.818,21,28
replica_01,1910,3.82,14,30
replica_01,1911,3.822,18,28
replica_01,1912,3.824,16,30
replica_01,1913,3.826,17,28
replica_01,1914,3.828,19,31
replica_01,1915,3.83,19,28
replica_01,1916,3.832,18,29
replica_01,1917,3.834,18,28
replica_01,1918,3.836,20,29
replica_01,1919,3.838,21,24
replica_01,1920,3.84,22,27
replica_01,1921,3.842,19,29
replica_01,1922,3.844,21,29
replica_01,1923,3.846,21,25
replica_01,1924,3.848,17,26
replica_01,1925,3.85,23,27
replica_01,1926,3.852,18,32
replica_01,1927,3.854,13,31
replica_01,1928,3.856,17,32
replica_01,1929,3.858,16,31
replica_01,1930,3.86,17,33
replica_01,1931,3.862,16,31
replica_01,1932,3.864,17,30
replica_01,1933,3.866,25,30
replica_01,1934,3.868,16,32
replica_01,1935,3.87,19,36
replica_01,1936,3.872,18,30
replica_01,1937,3.874,21,34
replica_01,1938,3.876,25,32
replica_01,1939,3.878,19,36
replica_01,1940,3.88,17,33
replica_01,1941,3.882,17,35
replica_01,1942,3.884,21,31
replica_01,1943,3.886,19,35
replica_01,1944,3.888,22,28
replica_01,1945,3.89,24,26
replica_01,1946,3.892,18,34
replica_01,1947,3.894,26,26
replica_01,1948,3.896,23,27
replica_01,1949,3.898,22,30
replica_01,1950,3.9,22,30
replica_01,1951,3.902,22,38
replica_01,1952,3.904,18,32
replica_01,1953,3.906,21,33
replica_01,1954,3.908,19,32
replica_01,1955,3.91,19,36
replica_01,1956,3.912,16,31
replica_01,1957,3.914,18,37
replica_01,1958,3.916,20,40
replica_01,1959,3.918,18,30
replica_01,1960,3.92,19,32
replica_01,1961,3.922,15,33
replica_01,1962,3.924,14,31
replica_01,1963,3.926,11,35
replica_01,1964,3.928,20,32
replica_01,1965,3.93,14,33
replica_01,1966,3.932,19,33
replica_01,1967,3.934,16,36
replica_01,1968,3.936,22,30
replica_01,1969,3.938,22,31
replica_01,1970,3.94,25,28
replica_01,1971,3.942,22,27
replica_01,1972,3.944,15,26
replica_01,1973,3.946,20,29
replica_01,1974,3.948,24,29
replica_01,1975,3.95,17,27
replica_01,1976,3.952,22,28
replica_01,1977,3.954,19,33
replica_01,1978,3.956,14,29
replica_01,1979,3.958,13,36
replica_01,1980,3.96,22,31
replica_01,1981,3.962,19,35
replica_01,1982,3.964,20,36
replica_01,1983,3.966,19,35
replica_01,1984,3.968,22,29
replica_01,1985,3.97,19,32
replica_01,1986,3.972,22,30
replica_01,1987,3.974,18,32
replica_01,1988,3.976,16,31
replica_01,1989,3.978,20,32
replica_01,1990,3.98,14,33
replica_01,1991,3.982,18,32
replica_01,1992,3.984,17,30
replica_01,1993,3.986,17,29
replica_01,1994,3.988,15,29
replica_01,1995,3.99,18,29
replica_01,1996,3.992,21,30
replica_01,1997,3.994,14,35
replica_01,1998,3.996,23,30
replica_01,1999,3.998,22,26
replica_01,2000,4.0,21,25
replica_01,2001,4.002,22,27
replica_01,2002,4.004,26,25
replica_01,2003,4.006,22,29
replica_01,2004,4.008,17,31
replica_01,2005,4.01,20,31
replica_01,2006,4.012,23,27
replica_01,2007,4.014,22,28
replica_01,2008,4.016,22,30
replica_01,2009,4.018,21,27
replica_01,2010,4.02,21,24
replica_01,2011,4.022,22,31
replica_01,2012,4.024,12,28
replica_01,2013,4.026,23,29
replica_01,2014,4.028,21,32
replica_01,2015,4.03,16,34
replica_01,2016,4.032,14,33
replica_01,2017,4.034,12,37
replica_01,2018,4.036,14,32
replica_01,2019,4.038,17,32
replica_01,2020,4.04,20,36
replica_01,2021,4.042,17,34
replica_01,2022,4.044,20,27
replica_01,2023,4.046,21,28
replica_01,2024,4.048,18,25
replica_01,2025,4.05,17,25
replica_01,2026,4.052,18,29
replica_01,2027,4.054,17,29
replica_01,2028,4.056,15,31
replica_01,2029,4.058,18,27
replica_01,2030,4.06,18,30
replica_01,2031,4.062,19,30
replica_01,2032,4.064,23,25
replica_01,2033,4.066,21,25
replica_01,2034,4.068,13,33
replica_01,2035,4.07,16,26
replica_01,2036,4.072,16,31
replica_01,2037,4.074,18,30
replica_01,2038,4.076,26,29
replica_01,2039,4.078,20,28
replica_01,2040,4.08,20,27
replica_01,2041,4.082,23,29
replica_01,2042,4.084,25,29
replica_01,2043,4.086,21,31
replica_01,2044,4.088,21,31
replica_01,2045,4.09,22,32
replica_01,2046,4.092,24,27
replica_01,2047,4.094,20,26
replica_01,2048,4.096,21,28
replica_01,2049,4.098,24,26
replica_01,2050,4.1,22,26
replica_01,2051,4.102,21,33
replica_01,2052,4.104,17,31
replica_01,2053,4.106,19,28
replica_01,2054,4.108,15,28
replica_01,2055,4.11,20,29
replica_01,2056,4.112,16,32
replica_01,2057,4.114,21,29
replica_01,2058,4.116,21,30
replica_01,2059,4.118,21,26
replica_01,2060,4.12,23,30
replica_01,2061,4.122,19,30
replica_01,2062,4.124,22,27
replica_01,2063,4.126,22,30
replica_01,2064,4.128,14,33
replica_01,2065,4.13,12,31
replica_01,2066,4.132,9,33
replica_01,2067,4.134,13,30
replica_01,2068,4.136,9,35
replica_01,2069,4.138,12,35
replica_01,2070,4.14,12,30
replica_01,2071,4.142,11,33
replica_01,2072,4.144,14,33
replica_01,2073,4.146,13,29
replica_01,2074,4.148,14,34
replica_01,2075,4.15,12,38
replica_01,2076,4.152,14,39
replica_01,2077,4.154,11,33
replica_01,2078,4.156,9,37
replica_01,2079,4.158,15,33
replica_01,2080,4.16,16,32
replica_01,2081,4.162,16,29
replica_01,2082,4.164,16,33
replica_01,2083,4.166,16,34
replica_01,2084,4.168,18,26
replica_01,2085,4.17,16,34
replica_01,2086,4.172,23,25
replica_01,2087,4.174,25,27
replica_01,2088,4.176,22,28
replica_01,2089,4.178,21,30
replica_01,2090,4.18,21,36
replica_01,2091,4.182,22,33
replica_01,2092,4.184,16,35
replica_01,2093,4.186,19,35
replica_01,2094,4.188,13,36
replica_01,2095,4.19,20,32
replica_01,2096,4.192,18,30
replica_01,2097,4.194,18,33
replica_01,2098,4.196,22,30
replica_01,2099,4.198,17,34
replica_01,2100,4.2,18,34
replica_01,2101,4.202,20,32
replica_01,2102,4.204,20,26
replica_01,2103,4.206,19,32
replica_01,2104,4.208,12,33
replica_01,2105,4.21,20,29
replica_01,2106,4.212,19,32
replica_01,2107,4.214,19,33
replica_01,2108,4.216,18,29
replica_01,2109,4.218,25,29
replica_01,2110,4.22,21,30
replica_01,2111,4.222,22,30
replica_01,2112,4.224,18,28
replica_01,2113,4.226,23,28
replica_01,2114,4.228,20,29
replica_01,2115,4.23,13,28
replica_01,2116,4.232,22,30
replica_01,2117,4.234,23,27
replica_01,2118,4.236,20,32
replica_01,2119,4.238,14,32
replica_01,2120,4.24,19,31
replica_01,2121,4.242,19,31
replica_01,2122,4.244,16,31
replica_01,2123,4.246,20,31
replica_01,2124,4.248,16,31
replica_01,2125,4.25,24,29
replica_01,2126,4.252,20,30
replica_01,2127,4.254,23,35
replica_01,2128,4.256,22,33
replica_01,2129,4.258,19,37
replica_01,2130,4.26,18,34
replica_01,2131,4.262,16,28
replica_01,2132,4.264,18,40
replica_01,2133,4.266,19,36
replica_01,2134,4.268,21,34
replica_01,2135,4.27,13,33
replica_01,2136,4.272,14,37
replica_01,2137,4.274,18,32
replica_01,2138,4.276,21,32
replica_01,2139,4.278,20,31
replica_01,2140,4.28,27,32
replica_01,2141,4.282,23,31
replica_01,2142,4.284,21,35
replica_01,2143,4.286,17,30
replica_01,2144,4.288,19,35
replica_01,2145,4.29,20,32
replica_01,2146,4.292,24,31
replica_01,2147,4.294,23,32
replica_01,2148,4.296,26,30
replica_01,2149,4.298,19,30
replica_01,2150,4.3,15,30
replica_01,2151,4.302,13,36
replica_01,2152,4.304,15,37
replica_01,2153,4.306,20,31
replica_01,2154,4.308,21,32
replica_01,2155,4.31,17,34
replica_01,2156,4.312,20,31
replica_01,2157,4.314,16,28
replica_01,2158,4.316,20,33
replica_01,2159,4.318,24,29
replica_01,2160,4.32,23,31
replica_01,2161,4.322,21,32
replica_01,2162,4.324,19,35
replica_01,2163,4.326,21,30
replica_01,2164,4.328,19,32
replica_01,2165,4.33,15,40
replica_01,2166,4.332,20,37
replica_01,2167,4.334,20,37
replica_01,2168,4.336,19,32
replica_01,2169,4.338,19,26
replica_01,2170,4.34,20,30
replica_01,2171,4.342,22,32
replica_01,2172,4.344,21,30
replica_01,2173,4.346,19,34
replica_01,2174,4.348,20,35
replica_01,2175,4.35,17,36
replica_01,2176,4.352,16,32
replica_01,2177,4.354,20,34
replica_01,2178,4.356,20,33
replica_01,2179,4.358,22,30
replica_01,2180,4.36,13,34
replica_01,2181,4.362,20,30
replica_01,2182,4.364,17,36
replica_01,2183,4.366,22,38
replica_01,2184,4.368,17,35
replica_01,2185,4.37,17,35
replica_01,2186,4.372,17,37
replica_01,2187,4.374,17,43
replica_01,2188,4.376,17,39
replica_01,2189,4.378,15,42
replica_01,2190,4.38,17,37
replica_01,2191,4.382,17,37
replica_01,2192,4.384,14,42
replica_01,2193,4.386,17,40
replica_01,2194,4.388,17,37
replica_01,2195,4.39,16,47
replica_01,2196,4.392,17,39
replica_01,2197,4.394,18,39
replica_01,2198,4.396,17,42
replica_01,2199,4.398,21,42
replica_01,2200,4.4,19,40
replica_01,2201,4.402,14,47
replica_01,2202,4.404,17,41
replica_01,2203,4.406,16,45
replica_01,2204,4.408,20,41
replica_01,2205,4.41,22,42
replica_01,2206,4.412,22,43
replica_01,2207,4.414,18,47
replica_01,2208,4.416,12,45
replica_01,2209,4.418,15,42
replica_01,2210,4.42,17,41
replica_01,2211,4.422,15,45
replica_01,2212,4.424,17,41
replica_01,2213,4.426,17,43
replica_01,2214,4.428,20,40
replica_01,2215,4.43,19,41
replica_01,2216,4.432,17,42
replica_01,2217,4.434,12,43
replica_01,2218,4.436,17,45
replica_01,2219,4.438,17,42
replica_01,2220,4.44,19,42
replica_01,2221,4.442,19,43
replica_01,2222,4.444,19,38
replica_01,2223,4.446,15,42
replica_01,2224,4.448,15,43
replica_01,2225,4.45,19,43
replica_01,2226,4.452,15,43
replica_01,2227,4.454,17,46
replica_01,2228,4.456,15,43
replica_01,2229,4.458,16,45
replica_01,2230,4.46,18,41
replica_01,2231,4.462,16,43
replica_01,2232,4.464,15,42
replica_01,2233,4.466,13,49
replica_01,2234,4.468,15,45
replica_01,2235,4.47,13,44
replica_01,2236,4.472,13,38
replica_01,2237,4.474,16,34
replica_01,2238,4.476,14,35
replica_01,2239,4.478,18,37
replica_01,2240,4.48,16,32
replica_01,2241,4.482,18,31
replica_01,2242,4.484,15,33
replica_01,2243,4.486,18,36
replica_01,2244,4.488,18,39
replica_01,2245,4.49,20,32
replica_01,2246,4.492,17,31
replica_01,2247,4.494,21,31
replica_01,2248,4.496,19,36
replica_01,2249,4.498,22,32
replica_01,2250,4.5,17,36
replica_01,2251,4.502,23,36
replica_01,2252,4.504,19,34
replica_01,2253,4.506,19,34
replica_01,2254,4.508,23,35
replica_01,2255,4.51,17,38
replica_01,2256,4.512,14,39
replica_01,2257,4.514,18,38
replica_01,2258,4.516,18,35
replica_01,2259,4.518,23,36
replica_01,2260,4.52,19,30
replica_01,2261,4.522,17,40
replica_01,2262,4.524,21,32
replica_01,2263,4.526,21,33
replica_01,2264,4.528,22,33
replica_01,2265,4.53,20,35
replica_01,2266,4.532,18,36
replica_01,2267,4.534,18,36
replica_01,2268,4.536,21,34
replica_01,2269,4.538,15,35
replica_01,2270,4.54,25,36
replica_01,2271,4.542,20,26
replica_01,2272,4.544,23,33
replica_01,2273,4.546,18,30
replica_01,2274,4.548,18,40
replica_01,2275,4.55,19,34
replica_01,2276,4.552,21,33
replica_01,2277,4.554,27,33
replica_01,2278,4.556,18,31
replica_01,2279,4.558,28,31
replica_01,2280,4.56,27,32
replica_01,2281,4.562,26,30
replica_01,2282,4.564,14,38
replica_01,2283,4.566,18,36
replica_01,2284,4.568,21,32
replica_01,2285,4.57,25,31
replica_01,2286,4.572,21,38
replica_01,2287,4.574,20,35
replica_01,2288,4.576,25,34
replica_01,2289,4.578,27,34
replica_01,2290,4.58,24,32
replica_01,2291,4.582,26,36
replica_01,2292,4.584,31,32
replica_01,2293,4.586,26,38
replica_01,2294,4.588,22,30
replica_01,2295,4.59,24,31
replica_01,2296,4.592,26,32
replica_01,2297,4.594,23,37
replica_01,2298,4.596,21,35
replica_01,2299,4.598,22,33
replica_01,2300,4.6,23,30
replica_01,2301,4.602,23,38
replica_01,2302,4.604,21,38
replica_01,2303,4.606,20,36
replica_01,2304,4.608,19,35
replica_01,2305,4.61,19,34
replica_01,2306,4.612,20,33
replica_01,2307,4.614,25,31
replica_01,2308,4.616,21,33
replica_01,2309,4.618,26,38
replica_01,2310,4.62,19,33
replica_01,2311,4.622,24,39
replica_01,2312,4.624,20,35
replica_01,2313,4.626,22,36
replica_01,2314,4.628,19,31
replica_01,2315,4.63,23,33
replica_01,2316,4.632,21,32
replica_01,2317,4.634,21,33
replica_01,2318,4.636,17,34
replica_01,2319,4.638,24,29
replica_01,2320,4.64,20,34
replica_01,2321,4.642,18,31
replica_01,2322,4.644,21,32
replica_01,2323,4.646,19,28
replica_01,2324,4.648,21,33
replica_01,2325,4.65,26,29
replica_01,2326,4.652,26,30
replica_01,2327,4.654,29,29
replica_01,2328,4.656,19,35
replica_01,2329,4.658,24,34
replica_01,2330,4.66,24,27
replica_01,2331,4.662,23,34
replica_01,2332,4.664,20,29
replica_01,2333,4.666,17,32
replica_01,2334,4.668,21,28
replica_01,2335,4.67,23,28
replica_01,2336,4.672,23,29
replica_01,2337,4.674,23,35
replica_01,2338,4.676,21,36
replica_01,2339,4.678,18,30
replica_01,2340,4.68,23,34
replica_01,2341,4.682,20,35
replica_01,2342,4.684,20,28
replica_01,2343,4.686,27,31
replica_01,2344,4.688,22,32
replica_01,2345,4.69,22,35
replica_01,2346,4.692,28,31
replica_01,2347,4.694,24,32
replica_01,2348,4.696,22,38
replica_01,2349,4.698,22,33
replica_01,2350,4.7,19,33
replica_01,2351,4.702,19,36
replica_01,2352,4.704,26,33
replica_01,2353,4.706,20,36
replica_01,2354,4.708,24,29
replica_01,2355,4.71,21,31
replica_01,2356,4.712,22,30
replica_01,2357,4.714,19,34
replica_01,2358,4.716,18,33
replica_01,2359,4.718,19,39
replica_01,2360,4.72,17,37
replica_01,2361,4.722,25,30
replica_01,2362,4.724,24,32
replica_01,2363,4.726,22,32
replica_01,2364,4.728,22,32
replica_01,2365,4.73,19,36
replica_01,2366,4.732,21,36
replica_01,2367,4.734,20,34
replica_01,2368,4.736,17,36
replica_01,2369,4.738,20,35
replica_01,2370,4.74,16,36
replica_01,2371,4.742,14,43
replica_01,2372,4.744,15,35
replica_01,2373,4.746,18,42
replica_01,2374,4.748,16,34
replica_01,2375,4.75,12,45
replica_01,2376,4.752,17,43
replica_01,2377,4.754,16,42
replica_01,2378,4.756,17,39
replica_01,2379,4.758,16,38
replica_01,2380,4.76,16,41
replica_01,2381,4.762,18,37
replica_01,2382,4.764,18,37
replica_01,2383,4.766,12,39
replica_01,2384,4.768,17,38
replica_01,2385,4.77,19,37
replica_01,2386,4.772,17,38
replica_01,2387,4.774,14,38
replica_01,2388,4.776,16,42
replica_01,2389,4.778,17,34
replica_01,2390,4.78,17,42
replica_01,2391,4.782,18,37
replica_01,2392,4.784,18,42
replica_01,2393,4.786,9,42
replica_01,2394,4.788,16,37
replica_01,2395,4.79,17,29
replica_01,2396,4.792,14,35
replica_01,2397,4.794,15,34
replica_01,2398,4.796,14,36
replica_01,2399,4.798,13,37
replica_01,2400,4.8,13,33
replica_01,2401,4.802,15,36
replica_01,2402,4.804,12,34
replica_01,2403,4.806,19,36
replica_01,2404,4.808,16,36
replica_01,2405,4.81,16,35
replica_01,2406,4.812,15,35
replica_01,2407,4.814,16,38
replica_01,2408,4.816,16,33
replica_01,2409,4.818,20,35
replica_01,2410,4.82,17,36
replica_01,2411,4.822,16,34
replica_01,2412,4.824,16,34
replica_01,2413,4.826,16,36
replica_01,2414,4.828,14,33
replica_01,2415,4.83,19,30
replica_01,2416,4.832,17,30
replica_01,2417,4.834,20,34
replica_01,2418,4.836,18,33
replica_01,2419,4.838,17,32
replica_01,2420,4.84,16,32
replica_01,2421,4.842,18,33
replica_01,2422,4.844,19,32
replica_01,2423,4.846,19,31
replica_01,2424,4.848,21,34
replica_01,2425,4.85,19,30
replica_01,2426,4.852,18,33
replica_01,2427,4.854,9,35
replica_01,2428,4.856,19,32
replica_01,2429,4.858,18,32
replica_01,2430,4.86,12,36
replica_01,2431,4.862,16,34
replica_01,2432,4.864,15,35
replica_01,2433,4.866,13,35
replica_01,2434,4.868,11,38
replica_01,2435,4.87,9,40
replica_01,2436,4.872,15,42
replica_01,2437,4.874,14,42
replica_01,2438,4.876,14,40
replica_01,2439,4.878,18,37
replica_01,2440,4.88,13,42
replica_01,2441,4.882,18,42
replica_01,2442,4.884,19,36
replica_01,2443,4.886,18,40
replica_01,2444,4.888,15,37
replica_01,2445,4.89,13,36
replica_01,2446,4.892,14,40
replica_01,2447,4.894,15,41
replica_01,2448,4.896,13,38
replica_01,2449,4.898,14,37
replica_01,2450,4.9,18,40
replica_01,2451,4.902,17,38
replica_01,2452,4.904,13,38
replica_01,2453,4.906,16,40
replica_01,2454,4.908,19,39
replica_01,2455,4.91,17,39
replica_01,2456,4.912,14,45
replica_01,2457,4.914,12,41
replica_01,2458,4.916,14,42
replica_01,2459,4.918,14,42
replica_01,2460,4.92,16,39
replica_01,2461,4.922,14,40
replica_01,2462,4.924,19,36
replica_01,2463,4.926,16,35
replica_01,2464,4.928,12,37
replica_01,2465,4.93,19,37
replica_01,2466,4.932,19,36
replica_01,2467,4.934,15,42
replica_01,2468,4.936,15,37
replica_01,2469,4.938,12,37
replica_01,2470,4.94,16,40
replica_01,2471,4.942,17,39
replica_01,2472,4.944,18,41
replica_01,2473,4.946,14,42
replica_01,2474,4.948,22,38
replica_01,2475,4.95,21,35
replica_01,2476,4.952,17,38
replica_01,2477,4.954,19,40
replica_01,2478,4.956,21,39
replica_01,2479,4.958,19,39
replica_01,2480,4.96,16,41
replica_01,2481,4.962,14,43
replica_01,2482,4.964,17,35
replica_01,2483,4.966,18,40
replica_01,2484,4.968,20,46
replica_01,2485,4.97,20,34
replica_01,2486,4.972,16,41
replica_01,2487,4.974,20,36
replica_01,2488,4.976,18,36
replica_01,2489,4.978,18,40
replica_01,2490,4.98,16,39
replica_01,2491,4.982,17,38
replica_01,2492,4.984,16,38
replica_01,2493,4.986,18,37
replica_01,2494,4.988,17,39
replica_01,2495,4.99,20,41
replica_01,2496,4.992,17,41
replica_01,2497,4.994,14,48
replica_01,2498,4.996,16,47
replica_01,2499,4.998,16,36
replica_01,2500,5.0,19,40
replica_01,2501,5.002,15,40
replica_01,2502,5.004,15,40
replica_01,2503,5.006,15,41
replica_01,2504,5.008,17,37
replica_01,2505,5.01,15,42
replica_01,2506,5.012,16,37
replica_01,2507,5.014,20,36
replica_01,2508,5.016,16,42
replica_01,2509,5.018,15,38
replica_01,2510,5.02,14,39
replica_01,2511,5.022,15,41
replica_01,2512,5.024,13,39
replica_01,2513,5.026,13,38
replica_01,2514,5.028,12,41
replica_01,2515,5.03,14,43
replica_01,2516,5.032,17,43
replica_01,2517,5.034,17,43
replica_01,2518,5.036,19,37
replica_01,2519,5.038,18,42
replica_01,2520,5.04,17,44
replica_01,2521,5.042,18,42
replica_01,2522,5.044,18,38
replica_01,2523,5.046,18,42
replica_01,2524,5.048,17,43
replica_01,2525,5.05,13,42
replica_01,2526,5.052,19,39
replica_01,2527,5.054,18,37
replica_01,2528,5.056,19,39
replica_01,2529,5.058,19,41
replica_01,2530,5.06,18,38
replica_01,2531,5.062,17,38
replica_01,2532,5.064,15,41
replica_01,2533,5.066,19,43
replica_01,2534,5.068,22,39
replica_01,2535,5.07,19,40
replica_01,2536,5.072,18,37
replica_01,2537,5.074,17,40
replica_01,2538,5.076,18,38
replica_01,2539,5.078,19,36
replica_01,2540,5.08,19,42
replica_01,2541,5.082,16,38
replica_01,2542,5.084,18,35
replica_01,2543,5.086,16,39
replica_01,2544,5.088,14,35
replica_01,2545,5.09,16,38
replica_01,2546,5.092,13,38
replica_01,2547,5.094,19,36
replica_01,2548,5.096,22,37
replica_01,2549,5.098,19,42
replica_01,2550,5.1,18,38
replica_01,2551,5.102,18,35
replica_01,2552,5.104,18,39
replica_01,2553,5.106,19,41
replica_01,2554,5.108,18,41
replica_01,2555,5.11,19,46
replica_01,2556,5.112,18,35
replica_01,2557,5.114,18,46
replica_01,2558,5.116,16,43
replica_01,2559,5.118,19,36
replica_01,2560,5.12,17,37
replica_01,2561,5.122,17,44
replica_01,2562,5.124,15,40
replica_01,2563,5.126,18,39
replica_01,2564,5.128,17,38
replica_01,2565,5.13,17,40
replica_01,2566,5.132,19,44
replica_01,2567,5.134,18,37
replica_01,2568,5.136,15,38
replica_01,2569,5.138,18,34
replica_01,2570,5.14,18,41
replica_01,2571,5.142,17,39
replica_01,2572,5.144,17,40
replica_01,2573,5.146,17,42
replica_01,2574,5.148,8,41
replica_01,2575,5.15,18,37
replica_01,2576,5.152,20,38
replica_01,2577,5.154,17,36
replica_01,2578,5.156,18,42
replica_01,2579,5.158,20,35
replica_01,2580,5.16,19,34
replica_01,2581,5.162,18,39
replica_01,2582,5.164,21,38
replica_01,2583,5.166,18,40
replica_01,2584,5.168,17,42
replica_01,2585,5.17,18,41
replica_01,2586,5.172,17,38
replica_01,2587,5.174,17,37
replica_01,2588,5.176,14,38
replica_01,2589,5.178,15,38
replica_01,2590,5.18,16,43
replica_01,2591,5.182,17,36
replica_01,2592,5.184,10,44
replica_01,2593,5.186,16,45
replica_01,2594,5.188,15,40
replica_01,2595,5.19,15,44
replica_01,2596,5.192,17,36
replica_01,2597,5.194,15,41
replica_01,2598,5.196,14,48
replica_01,2599,5.198,18,42
replica_01,2600,5.2,18,38
replica_01,2601,5.202,18,38
replica_01,2602,5.204,15,37
replica_01,2603,5.206,18,41
replica_01,2604,5.208,13,45
replica_01,2605,5.21,17,39
replica_01,2606,5.212,12,39
replica_01,2607,5.214,17,41
replica_01,2608,5.216,17,35
replica_01,2609,5.218,15,39
replica_01,2610,5.22,19,35
replica_01,2611,5.222,19,40
replica_01,2612,5.224,17,37
replica_01,2613,5.226,17,41
replica_01,2614,5.228,18,46
replica_01,2615,5.23,17,43
replica_01,2616,5.232,21,38
replica_01,2617,5.234,19,41
replica_01,2618,5.236,18,40
replica_01,2619,5.238,17,41
replica_01,2620,5.24,20,38
replica_01,2621,5.242,18,36
replica_01,2622,5.244,17,40
replica_01,2623,5.246,18,41
replica_01,2624,5.248,16,42
replica_01,2625,5.25,15,40
replica_01,2626,5.252,17,37
replica_01,2627,5.254,16,38
replica_01,2628,5.256,17,37
replica_01,2629,5.258,18,37
replica_01,2630,5.26,18,48
replica_01,2631,5.262,14,45
replica_01,2632,5.264,13,42
replica_01,2633,5.266,12,47
replica_01,2634,5.268,12,43
replica_01,2635,5.27,10,43
replica_01,2636,5.272,17,39
replica_01,2637,5.274,13,40
replica_01,2638,5.276,18,40
replica_01,2639,5.278,16,44
replica_01,2640,5.28,16,33
replica_01,2641,5.282,17,36
replica_01,2642,5.284,12,41
replica_01,2643,5.286,19,37
replica_01,2644,5.288,15,40
replica_01,2645,5.29,14,34
replica_01,2646,5.292,15,38
replica_01,2647,5.294,17,39
replica_01,2648,5.296,17,41
replica_01,2649,5.298,19,43
replica_01,2650,5.3,18,42
replica_01,2651,5.302,20,39
replica_01,2652,5.304,18,39
replica_01,2653,5.306,19,38
replica_01,2654,5.308,19,41
replica_01,2655,5.31,18,39
replica_01,2656,5.312,13,41
replica_01,2657,5.314,16,37
replica_01,2658,5.316,18,36
replica_01,2659,5.318,16,37
replica_01,2660,5.32,18,39
replica_01,2661,5.322,19,35
replica_01,2662,5.324,18,44
replica_01,2663,5.326,15,44
replica_01,2664,5.328,16,40
replica_01,2665,5.33,19,39
replica_01,2666,5.332,20,39
replica_01,2667,5.334,19,38
replica_01,2668,5.336,19,34
replica_01,2669,5.338,21,33
replica_01,2670,5.34,17,38
replica_01,2671,5.342,13,38
replica_01,2672,5.344,18,43
replica_01,2673,5.346,17,36
replica_01,2674,5.348,17,43
replica_01,2675,5.35,18,43
replica_01,2676,5.352,19,34
replica_01,2677,5.354,12,42
replica_01,2678,5.356,18,44
replica_01,2679,5.358,20,38
replica_01,2680,5.36,17,38
replica_01,2681,5.362,22,37
replica_01,2682,5.364,20,35
replica_01,2683,5.366,18,37
replica_01,2684,5.368,16,36
replica_01,2685,5.37,19,36
replica_01,2686,5.372,15,40
replica_01,2687,5.374,15,35
replica_01,2688,5.376,14,41
replica_01,2689,5.378,19,36
replica_01,2690,5.38,15,38
replica_01,2691,5.382,14,39
replica_01,2692,5.384,19,41
replica_01,2693,5.386,15,37
replica_01,2694,5.388,15,38
replica_01,2695,5.39,18,40
replica_01,2696,5.392,18,37
replica_01,2697,5.394,19,38
replica_01,2698,5.396,18,35
replica_01,2699,5.398,20,38
replica_01,2700,5.4,16,35
replica_01,2701,5.402,22,41
replica_01,2702,5.404,20,39
replica_01,2703,5.406,20,40
replica_01,2704,5.408,20,36
replica_01,2705,5.41,17,36
replica_01,2706,5.412,20,37
replica_01,2707,5.414,14,39
replica_01,2708,5.416,16,39
replica_01,2709,5.418,17,43
replica_01,2710,5.42,18,40
replica_01,2711,5.422,18,44
replica_01,2712,5.424,16,46
replica_01,2713,5.426,18,37
replica_01,2714,5.428,17,39
replica_01,2715,5.43,17,36
replica_01,2716,5.432,16,39
replica_01,2717,5.434,18,40
replica_01,2718,5.436,8,39
replica_01,2719,5.438,18,40
replica_01,2720,5.44,17,37
replica_01,2721,5.442,18,42
replica_01,2722,5.444,18,38
replica_01,2723,5.446,16,39
replica_01,2724,5.448,19,35
replica_01,2725,5.45,16,36
replica_01,2726,5.452,18,39
replica_01,2727,5.454,20,41
replica_01,2728,5.456,22,36
replica_01,2729,5.458,18,42
replica_01,2730,5.46,19,39
replica_01,2731,5.462,20,36
replica_01,2732,5.464,13,37
replica_01,2733,5.466,17,41
replica_01,2734,5.468,18,44
replica_01,2735,5.47,19,42
replica_01,2736,5.472,18,39
replica_01,2737,5.474,16,41
replica_01,2738,5.476,21,44
replica_01,2739,5.478,16,35
replica_01,2740,5.48,17,39
replica_01,2741,5.482,13,40
replica_01,2742,5.484,13,38
replica_01,2743,5.486,20,40
replica_01,2744,5.488,20,32
replica_01,2745,5.49,22,33
replica_01,2746,5.492,20,31
replica_01,2747,5.494,14,34
replica_01,2748,5.496,18,30
replica_01,2749,5.498,16,32
replica_01,2750,5.5,18,33
replica_01,2751,5.502,20,35
replica_01,2752,5.504,20,35
replica_01,2753,5.506,20,33
replica_01,2754,5.508,15,33
replica_01,2755,5.51,16,32
replica_01,2756,5.512,20,33
replica_01,2757,5.514,17,31
replica_01,2758,5.516,14,30
replica_01,2759,5.518,10,36
replica_01,2760,5.52,17,29
replica_01,2761,5.522,15,34
replica_01,2762,5.524,16,37
replica_01,2763,5.526,24,34
replica_01,2764,5.528,19,34
replica_01,2765,5.53,17,32
replica_01,2766,5.532,10,35
replica_01,2767,5.534,16,35
replica_01,2768,5.536,22,30
replica_01,2769,5.538,17,32
replica_01,2770,5.54,16,29
replica_01,2771,5.542,14,35
replica_01,2772,5.544,13,33
replica_01,2773,5.546,16,35
replica_01,2774,5.548,19,35
replica_01,2775,5.55,15,34
replica_01,2776,5.552,18,36
replica_01,2777,5.554,15,34
replica_01,2778,5.556,17,31
replica_01,2779,5.558,16,34
replica_01,2780,5.56,25,29
replica_01,2781,5.562,14,31
replica_01,2782,5.564,20,29
replica_01,2783,5.566,23,31
replica_01,2784,5.568,17,29
replica_01,2785,5.57,16,31
replica_01,2786,5.572,13,36
replica_01,2787,5.574,11,36
replica_01,2788,5.576,19,33
replica_01,2789,5.578,17,31
replica_01,2790,5.58,25,28
replica_01,2791,5.582,25,30
replica_01,2792,5.584,25,33
replica_01,2793,5.586,26,33
replica_01,2794,5.588,25,28
replica_01,2795,5.59,13,36
replica_01,2796,5.592,10,36
replica_01,2797,5.594,15,32
replica_01,2798,5.596,17,29
replica_01,2799,5.598,17,31
replica_01,2800,5.6,16,37
replica_01,2801,5.602,17,31
replica_01,2802,5.604,24,31
replica_01,2803,5.606,13,32
replica_01,2804,5.608,17,34
replica_01,2805,5.61,14,33
replica_01,2806,5.612,21,31
replica_01,2807,5.614,18,36
replica_01,2808,5.616,11,35
replica_01,2809,5.618,12,32
replica_01,2810,5.62,18,32
replica_01,2811,5.622,21,29
replica_01,2812,5.624,16,34
replica_01,2813,5.626,19,33
replica_01,2814,5.628,23,32
replica_01,2815,5.63,20,35
replica_01,2816,5.632,14,36
replica_01,2817,5.634,13,36
replica_01,2818,5.636,11,37
replica_01,2819,5.638,20,34
replica_01,2820,5.64,19,35
replica_01,2821,5.642,13,35
replica_01,2822,5.644,19,30
replica_01,2823,5.646,14,32
replica_01,2824,5.648,22,29
replica_01,2825,5.65,23,30
replica_01,2826,5.652,20,38
replica_01,2827,5.654,15,35
replica_01,2828,5.656,15,30
replica_01,2829,5.658,18,34
replica_01,2830,5.66,17,30
replica_01,2831,5.662,12,31
replica_01,2832,5.664,14,37
replica_01,2833,5.666,15,36
replica_01,2834,5.668,16,35
replica_01,2835,5.67,19,33
replica_01,2836,5.672,18,32
replica_01,2837,5.674,22,39
replica_01,2838,5.676,19,37
replica_01,2839,5.678,17,37
replica_01,2840,5.68,20,29
replica_01,2841,5.682,11,32
replica_01,2842,5.684,14,29
replica_01,2843,5.686,21,32
replica_01,2844,5.688,18,30
replica_01,2845,5.69,22,28
replica_01,2846,5.692,18,30
replica_01,2847,5.694,24,31
replica_01,2848,5.696,24,32
replica_01,2849,5.698,22,31
replica_01,2850,5.7,21,32
replica_01,2851,5.702,17,32
replica_01,2852,5.704,19,32
replica_01,2853,5.706,21,31
replica_01,2854,5.708,15,34
replica_01,2855,5.71,21,38
replica_01,2856,5.712,24,32
replica_01,2857,5.714,22,32
replica_01,2858,5.716,20,27
replica_01,2859,5.718,23,29
replica_01,2860,5.72,24,30
replica_01,2861,5.722,23,35
replica_01,2862,5.724,27,29
replica_01,2863,5.726,18,35
replica_01,2864,5.728,20,34
replica_01,2865,5.73,26,30
replica_01,2866,5.732,27,33
replica_01,2867,5.734,20,29
replica_01,2868,5.736,17,29
replica_01,2869,5.738,16,32
replica_01,2870,5.74,20,35
replica_01,2871,5.742,26,28
replica_01,2872,5.744,21,35
replica_01,2873,5.746,22,33
replica_01,2874,5.748,15,33
replica_01,2875,5.75,19,33
replica_01,2876,5.752,22,32
replica_01,2877,5.754,21,34
replica_01,2878,5.756,20,33
replica_01,2879,5.758,20,33
replica_01,2880,5.76,24,30
replica_01,2881,5.762,15,35
replica_01,2882,5.764,18,32
replica_01,2883,5.766,18,33
replica_01,2884,5.768,23,35
replica_01,2885,5.77,16,35
replica_01,2886,5.772,22,29
replica_01,2887,5.774,21,31
replica_01,2888,5.776,23,35
replica_01,2889,5.778,21,33
replica_01,2890,5.78,24,31
replica_01,2891,5.782,24,32
replica_01,2892,5.784,18,28
replica_01,2893,5.786,19,33
replica_01,2894,5.788,21,32
replica_01,2895,5.79,22,33
replica_01,2896,5.792,19,37
replica_01,2897,5.794,21,31
replica_01,2898,5.796,23,29
replica_01,2899,5.798,24,29
replica_01,2900,5.8,20,35
replica_01,2901,5.802,24,30
replica_01,2902,5.804,16,35
replica_01,2903,5.806,13,34
replica_01,2904,5.808,12,36
replica_01,2905,5.81,11,39
replica_01,2906,5.812,14,30
replica_01,2907,5.814,11,34
replica_01,2908,5.816,20,30
replica_01,2909,5.818,14,34
replica_01,2910,5.82,17,25
replica_01,2911,5.822,18,28
replica_01,2912,5.824,14,30
replica_01,2913,5.826,14,34
replica_01,2914,5.828,15,34
replica_01,2915,5.83,14,32
replica_01,2916,5.832,14,28
replica_01,2917,5.834,21,26
replica_01,2918,5.836,17,29
replica_01,2919,5.838,16,26
replica_01,2920,5.84,14,28
replica_01,2921,5.842,11,32
replica_01,2922,5.844,10,34
replica_01,2923,5.846,15,32
replica_01,2924,5.848,18,27
replica_01,2925,5.85,20,27
replica_01,2926,5.852,21,28
replica_01,2927,5.854,13,29
replica_01,2928,5.856,22,26
replica_01,2929,5.858,17,26
replica_01,2930,5.86,21,27
replica_01,2931,5.862,20,28
replica_01,2932,5.864,14,31
replica_01,2933,5.866,22,26
replica_01,2934,5.868,17,29
replica_01,2935,5.87,18,25
replica_01,2936,5.872,20,26
replica_01,2937,5.874,11,30
replica_01,2938,5.876,15,30
replica_01,2939,5.878,16,27
replica_01,2940,5.88,20,27
replica_01,2941,5.882,18,32
replica_01,2942,5.884,18,30
replica_01,2943,5.886,17,30
replica_01,2944,5.888,16,31
replica_01,2945,5.89,17,28
replica_01,2946,5.892,17,32
replica_01,2947,5.894,17,31
replica_01,2948,5.896,20,31
replica_01,2949,5.898,20,34
replica_01,2950,5.9,23,26
replica_01,2951,5.902,23,31
replica_01,2952,5.904,17,30
replica_01,2953,5.906,15,32
replica_01,2954,5.908,19,33
replica_01,2955,5.91,18,32
replica_01,2956,5.912,16,32
replica_01,2957,5.914,22,33
replica_01,2958,5.916,14,27
replica_01,2959,5.918,20,28
replica_01,2960,5.92,26,30
replica_01,2961,5.922,19,28
replica_01,2962,5.924,17,27
replica_01,2963,5.926,15,30
replica_01,2964,5.928,17,35
replica_01,2965,5.93,16,37
replica_01,2966,5.932,17,29
replica_01,2967,5.934,17,35
replica_01,2968,5.936,13,32
replica_01,2969,5.938,11,33
replica_01,2970,5.94,16,38
replica_01,2971,5.942,17,34
replica_01,2972,5.944,20,37
replica_01,2973,5.946,17,33
replica_01,2974,5.948,11,36
replica_01,2975,5.95,9,36
replica_01,2976,5.952,13,34
replica_01,2977,5.954,13,32
replica_01,2978,5.956,11,36
replica_01,2979,5.958,12,39
replica_01,2980,5.96,14,39
replica_01,2981,5.962,15,31
replica_01,2982,5.964,15,34
replica_01,2983,5.966,12,37
replica_01,2984,5.968,15,30
replica_01,2985,5.97,15,37
replica_01,2986,5.972,19,37
replica_01,2987,5.974,16,34
replica_01,2988,5.976,11,41
replica_01,2989,5.978,14,41
replica_01,2990,5.98,17,33
replica_01,2991,5.982,17,36
replica_01,2992,5.984,13,30
replica_01,2993,5.986,18,34
replica_01,2994,5.988,12,35
replica_01,2995,5.99,13,40
replica_01,2996,5.992,12,43
replica_01,2997,5.994,14,40
replica_01,2998,5.996,13,30
replica_01,2999,5.998,14,41
replica_01,3000,6.0,16,36
replica_01,3001,6.002,15,32
replica_01,3002,6.004,13,36
replica_01,3003,6.006,14,33
replica_01,3004,6.008,13,38
replica_01,3005,6.01,14,37
replica_01,3006,6.012,13,40
replica_01,3007,6.014,12,39
replica_01,3008,6.016,15,36
replica_01,3009,6.018,13,39
replica_01,3010,6.02,13,37
replica_01,3011,6.022,12,41
replica_01,3012,6.024,17,31
replica_01,3013,6.026,14,32
replica_01,3014,6.028,15,32
replica_01,3015,6.03,16,35
replica_01,3016,6.032,11,37
replica_01,3017,6.034,18,36
replica_01,3018,6.036,9,36
replica_01,3019,6.038,18,31
replica_01,3020,6.04,14,39
replica_01,3021,6.042,11,39
replica_01,3022,6.044,16,33
replica_01,3023,6.046,12,36
replica_01,3024,6.048,14,35
replica_01,3025,6.05,10,36
replica_01,3026,6.052,13,35
replica_01,3027,6.054,13,36
replica_01,3028,6.056,9,38
replica_01,3029,6.058,12,33
replica_01,3030,6.06,12,39
replica_01,3031,6.062,11,40
replica_01,3032,6.064,8,45
replica_01,3033,6.066,13,39
replica_01,3034,6.068,15,42
replica_01,3035,6.07,8,35
replica_01,3036,6.072,14,32
replica_01,3037,6.074,14,35
replica_01,3038,6.076,13,42
replica_01,3039,6.078,13,40
replica_01,3040,6.08,17,34
replica_01,3041,6.082,22,29
replica_01,3042,6.084,15,31
replica_01,3043,6.086,18,37
replica_01,3044,6.088,18,37
replica_01,3045,6.09,15,36
replica_01,3046,6.092,15,36
replica_01,3047,6.094,13,37
replica_01,3048,6.096,16,36
replica_01,3049,6.098,12,36
replica_01,3050,6.1,15,39
replica_01,3051,6.102,17,37
replica_01,3052,6.104,16,39
replica_01,3053,6.106,11,40
replica_01,3054,6.108,17,37
replica_01,3055,6.11,13,34
replica_01,3056,6.112,11,38
replica_01,3057,6.114,12,29
replica_01,3058,6.116,7,38
replica_01,3059,6.118,15,41
replica_01,3060,6.12,12,38
replica_01,3061,6.122,7,39
replica_01,3062,6.124,7,45
replica_01,3063,6.126,8,45
replica_01,3064,6.128,9,38
replica_01,3065,6.13,11,41
replica_01,3066,6.132,16,37
replica_01,3067,6.134,16,39
replica_01,3068,6.136,17,36
replica_01,3069,6.138,13,37
replica_01,3070,6.14,9,40
replica_01,3071,6.142,11,38
replica_01,3072,6.144,13,40
replica_01,3073,6.146,13,41
replica_01,3074,6.148,5,43
replica_01,3075,6.15,10,43
replica_01,3076,6.152,12,42
replica_01,3077,6.154,10,38
replica_01,3078,6.156,11,37
replica_01,3079,6.158,12,42
replica_01,3080,6.16,11,42
replica_01,3081,6.162,13,43
replica_01,3082,6.164,10,41
replica_01,3083,6.166,13,37
replica_01,3084,6.168,10,35
replica_01,3085,6.17,15,35
replica_01,3086,6.172,10,41
replica_01,3087,6.174,12,36
replica_01,3088,6.176,13,35
replica_01,3089,6.178,12,34
replica_01,3090,6.18,11,37
replica_01,3091,6.182,11,36
replica_01,3092,6.184,14,39
replica_01,3093,6.186,16,36
replica_01,3094,6.188,15,39
replica_01,3095,6.19,16,40
replica_01,3096,6.192,14,35
replica_01,3097,6.194,13,41
replica_01,3098,6.196,12,40
replica_01,3099,6.198,14,43
replica_01,3100,6.2,22,34
replica_01,3101,6.202,15,34
replica_01,3102,6.204,15,38
replica_01,3103,6.206,17,37
replica_01,3104,6.208,18,36
replica_01,3105,6.21,16,40
replica_01,3106,6.212,16,38
replica_01,3107,6.214,14,35
replica_01,3108,6.216,18,35
replica_01,3109,6.218,13,35
replica_01,3110,6.22,14,33
replica_01,3111,6.222,13,36
replica_01,3112,6.224,14,34
replica_01,3113,6.226,12,42
replica_01,3114,6.228,11,40
replica_01,3115,6.23,16,33
replica_01,3116,6.232,17,42
replica_01,3117,6.234,10,40
replica_01,3118,6.236,10,45
replica_01,3119,6.238,13,39
replica_01,3120,6.24,9,38
replica_01,3121,6.242,9,39
replica_01,3122,6.244,9,37
replica_01,3123,6.246,11,36
replica_01,3124,6.248,13,39
replica_01,3125,6.25,8,41
replica_01,3126,6.252,6,36
replica_01,3127,6.254,9,41
replica_01,3128,6.256,11,35
replica_01,3129,6.258,8,38
replica_01,3130,6.26,10,35
replica_01,3131,6.262,13,36
replica_01,3132,6.264,11,41
replica_01,3133,6.266,13,37
replica_01,3134,6.268,13,37
replica_01,3135,6.27,7,36
replica_01,3136,6.272,11,36
replica_01,3137,6.274,12,37
replica_01,3138,6.276,18,37
replica_01,3139,6.278,14,32
replica_01,3140,6.28,16,32
replica_01,3141,6.282,13,31
replica_01,3142,6.284,13,34
replica_01,3143,6.286,13,31
replica_01,3144,6.288,21,36
replica_01,3145,6.29,10,38
replica_01,3146,6.292,10,36
replica_01,3147,6.294,16,31
replica_01,3148,6.296,20,32
replica_01,3149,6.298,18,37
replica_01,3150,6.3,17,33
replica_01,3151,6.302,12,40
replica_01,3152,6.304,14,34
replica_01,3153,6.306,17,36
replica_01,3154,6.308,15,36
replica_01,3155,6.31,9,37
replica_01,3156,6.312,12,42
replica_01,3157,6.314,12,37
replica_01,3158,6.316,14,40
replica_01,3159,6.318,10,43
replica_01,3160,6.32,10,40
replica_01,3161,6.322,9,33
replica_01,3162,6.324,13,44
replica_01,3163,6.326,9,35
replica_01,3164,6.328,15,34
replica_01,3165,6.33,10,38
replica_01,3166,6.332,13,35
replica_01,3167,6.334,18,33
replica_01,3168,6.336,19,32
replica_01,3169,6.338,12,34
replica_01,3170,6.34,14,32
replica_01,3171,6.342,20,34
replica_01,3172,6.344,11,42
replica_01,3173,6.346,18,32
replica_01,3174,6.348,12,36
replica_01,3175,6.35,18,34
replica_01,3176,6.352,16,34
replica_01,3177,6.354,12,31
replica_01,3178,6.356,17,34
replica_01,3179,6.358,17,37
replica_01,3180,6.36,15,36
replica_01,3181,6.362,13,36
replica_01,3182,6.364,8,37
replica_01,3183,6.366,20,31
replica_01,3184,6.368,14,34
replica_01,3185,6.37,13,39
replica_01,3186,6.372,20,30
replica_01,3187,6.374,16,31
replica_01,3188,6.376,14,32
replica_01,3189,6.378,17,27
replica_01,3190,6.38,15,33
replica_01,3191,6.382,14,35
replica_01,3192,6.384,13,35
replica_01,3193,6.386,14,35
replica_01,3194,6.388,17,34
replica_01,3195,6.39,16,32
replica_01,3196,6.392,15,35
replica_01,3197,6.394,13,38
replica_01,3198,6.396,13,34
replica_01,3199,6.398,10,44
replica_01,3200,6.4,14,36
replica_01,3201,6.402,12,37
replica_01,3202,6.404,13,39
replica_01,3203,6.406,16,37
replica_01,3204,6.408,12,36
replica_01,3205,6.41,17,33
replica_01,3206,6.412,12,40
replica_01,3207,6.414,12,37
replica_01,3208,6.416,12,35
replica_01,3209,6.418,12,38
replica_01,3210,6.42,14,36
replica_01,3211,6.422,16,30
replica_01,3212,6.424,17,39
replica_01,3213,6.426,12,41
replica_01,3214,6.428,12,41
replica_01,3215,6.43,13,36
replica_01,3216,6.432,15,34
replica_01,3217,6.434,13,35
replica_01,3218,6.436,9,38
replica_01,3219,6.438,14,34
replica_01,3220,6.44,14,37
replica_01,3221,6.442,13,40
replica_01,3222,6.444,11,43
replica_01,3223,6.446,12,41
replica_01,3224,6.448,13,38
replica_01,3225,6.45,16,37
replica_01,3226,6.452,13,38
replica_01,3227,6.454,13,40
replica_01,3228,6.456,11,39
replica_01,3229,6.458,16,38
replica_01,3230,6.46,10,41
replica_01,3231,6.462,11,32
replica_01,3232,6.464,14,34
replica_01,3233,6.466,12,35
replica_01,3234,6.468,14,35
replica_01,3235,6.47,11,38
replica_01,3236,6.472,13,38
replica_01,3237,6.474,10,38
replica_01,3238,6.476,22,36
replica_01,3239,6.478,19,36
replica_01,3240,6.48,14,36
replica_01,3241,6.482,12,34
replica_01,3242,6.484,11,36
replica_01,3243,6.486,10,36
replica_01,3244,6.488,14,36
replica_01,3245,6.49,11,39
replica_01,3246,6.492,9,37
replica_01,3247,6.494,17,38
replica_01,3248,6.496,15,36
replica_01,3249,6.498,13,42
replica_01,3250,6.5,10,45
replica_01,3251,6.502,11,49
replica_01,3252,6.504,11,46
replica_01,3253,6.506,12,42
replica_01,3254,6.508,12,42
replica_01,3255,6.51,10,45
replica_01,3256,6.512,16,42
replica_01,3257,6.514,10,41
replica_01,3258,6.516,13,41
replica_01,3259,6.518,10,44
replica_01,3260,6.52,12,42
replica_01,3261,6.522,8,43
replica_01,3262,6.524,10,40
replica_01,3263,6.526,15,44
replica_01,3264,6.528,17,40
replica_01,3265,6.53,14,37
replica_01,3266,6.532,11,43
replica_01,3267,6.534,10,35
replica_01,3268,6.536,16,38
replica_01,3269,6.538,15,36
replica_01,3270,6.54,16,34
replica_01,3271,6.542,15,35
replica_01,3272,6.544,16,38
replica_01,3273,6.546,15,37
replica_01,3274,6.548,14,34
replica_01,3275,6.55,18,36
replica_01,3276,6.552,11,40
replica_01,3277,6.554,14,39
replica_01,3278,6.556,19,41
replica_01,3279,6.558,15,34
replica_01,3280,6.56,13,38
replica_01,3281,6.562,13,40
replica_01,3282,6.564,12,39
replica_01,3283,6.566,15,40
replica_01,3284,6.568,14,38
replica_01,3285,6.57,14,36
replica_01,3286,6.572,13,38
replica_01,3287,6.574,11,38
replica_01,3288,6.576,17,40
replica_01,3289,6.578,12,37
replica_01,3290,6.58,15,38
replica_01,3291,6.582,11,38
replica_01,3292,6.584,16,37
replica_01,3293,6.586,12,42
replica_01,3294,6.588,16,39
replica_01,3295,6.59,16,37
replica_01,3296,6.592,17,34
replica_01,3297,6.594,16,41
replica_01,3298,6.596,13,44
replica_01,3299,6.598,13,39
replica_01,3300,6.6,13,38
replica_01,3301,6.602,14,41
replica_01,3302,6.604,16,40
replica_01,3303,6.606,14,37
replica_01,3304,6.608,14,38
replica_01,3305,6.61,18,37
replica_01,3306,6.612,11,44
replica_01,3307,6.614,12,43
replica_01,3308,6.616,10,38
replica_01,3309,6.618,11,44
replica_01,3310,6.62,15,41
replica_01,3311,6.622,13,37
replica_01,3312,6.624,12,37
replica_01,3313,6.626,19,39
replica_01,3314,6.628,15,40
replica_01,3315,6.63,14,36
replica_01,3316,6.632,8,37
replica_01,3317,6.634,14,41
replica_01,3318,6.636,9,47
replica_01,3319,6.638,13,44
replica_01,3320,6.64,11,41
replica_01,3321,6.642,15,41
replica_01,3322,6.644,15,42
replica_01,3323,6.646,12,40
replica_01,3324,6.648,12,40
replica_01,3325,6.65,15,37
replica_01,3326,6.652,16,36
replica_01,3327,6.654,13,39
replica_01,3328,6.656,13,40
replica_01,3329,6.658,13,41
replica_01,3330,6.66,14,46
replica_01,3331,6.662,10,43
replica_01,3332,6.664,17,37
replica_01,3333,6.666,9,43
replica_01,3334,6.668,15,43
replica_01,3335,6.67,8,40
replica_01,3336,6.672,11,40
replica_01,3337,6.674,7,44
replica_01,3338,6.676,13,36
replica_01,3339,6.678,17,40
replica_01,3340,6.68,14,39
replica_01,3341,6.682,15,39
replica_01,3342,6.684,18,39
replica_01,3343,6.686,13,44
replica_01,3344,6.688,11,44
replica_01,3345,6.69,8,42
replica_01,3346,6.692,12,41
replica_01,3347,6.694,13,44
replica_01,3348,6.696,10,42
replica_01,3349,6.698,10,44
replica_01,3350,6.7,10,41
replica_01,3351,6.702,13,45
replica_01,3352,6.704,19,37
replica_01,3353,6.706,13,44
replica_01,3354,6.708,14,45
replica_01,3355,6.71,13,40
replica_01,3356,6.712,14,41
replica_01,3357,6.714,9,39
replica_01,3358,6.716,14,38
replica_01,3359,6.718,15,42
replica_01,3360,6.72,12,44
replica_01,3361,6.722,15,40
replica_01,3362,6.724,14,43
replica_01,3363,6.726,14,38
replica_01,3364,6.728,15,41
replica_01,3365,6.73,15,40
replica_01,3366,6.732,9,42
replica_01,3367,6.734,6,41
replica_01,3368,6.736,10,41
replica_01,3369,6.738,14,35
replica_01,3370,6.74,13,42
replica_01,3371,6.742,21,39
replica_01,3372,6.744,13,41
replica_01,3373,6.746,12,37
replica_01,3374,6.748,7,45
replica_01,3375,6.75,12,40
replica_01,3376,6.752,10,38
replica_01,3377,6.754,15,43
replica_01,3378,6.756,11,46
replica_01,3379,6.758,11,42
replica_01,3380,6.76,11,43
replica_01,3381,6.762,10,44
replica_01,3382,6.764,7,43
replica_01,3383,6.766,7,47
replica_01,3384,6.768,7,42
replica_01,3385,6.77,5,39
replica_01,3386,6.772,8,42
replica_01,3387,6.774,5,42
replica_01,3388,6.776,10,45
replica_01,3389,6.778,9,45
replica_01,3390,6.78,13,47
replica_01,3391,6.782,10,44
replica_01,3392,6.784,10,39
replica_01,3393,6.786,8,44
replica_01,3394,6.788,10,40
replica_01,3395,6.79,11,39
replica_01,3396,6.792,10,39
replica_01,3397,6.794,12,35
replica_01,3398,6.796,17,40
replica_01,3399,6.798,14,43
replica_01,3400,6.8,15,35
replica_01,3401,6.802,14,36
replica_01,3402,6.804,16,37
replica_01,3403,6.806,16,38
replica_01,3404,6.808,15,43
replica_01,3405,6.81,13,36
replica_01,3406,6.812,14,42
replica_01,3407,6.814,14,41
replica_01,3408,6.816,14,39
replica_01,3409,6.818,14,36
replica_01,3410,6.82,13,38
replica_01,3411,6.822,13,37
replica_01,3412,6.824,11,37
replica_01,3413,6.826,13,41
replica_01,3414,6.828,18,38
replica_01,3415,6.83,17,36
replica_01,3416,6.832,16,39
replica_01,3417,6.834,24,34
replica_01,3418,6.836,12,37
replica_01,3419,6.838,9,40
replica_01,3420,6.84,16,35
replica_01,3421,6.842,17,39
replica_01,3422,6.844,12,34
replica_01,3423,6.846,11,37
replica_01,3424,6.848,12,32
replica_01,3425,6.85,11,39
replica_01,3426,6.852,18,41
replica_01,3427,6.854,15,36
replica_01,3428,6.856,13,41
replica_01,3429,6.858,22,40
replica_01,3430,6.86,14,36
replica_01,3431,6.862,9,40
replica_01,3432,6.864,15,39
replica_01,3433,6.866,10,39
replica_01,3434,6.868,16,41
replica_01,3435,6.87,14,35
replica_01,3436,6.872,13,36
replica_01,3437,6.874,18,42
replica_01,3438,6.876,17,36
replica_01,3439,6.878,14,41
replica_01,3440,6.88,12,47
replica_01,3441,6.882,9,43
replica_01,3442,6.884,13,39
replica_01,3443,6.886,10,43
replica_01,3444,6.888,18,37
replica_01,3445,6.89,15,47
replica_01,3446,6.892,16,35
replica_01,3447,6.894,15,40
replica_01,3448,6.896,14,37
replica_01,3449,6.898,13,37
replica_01,3450,6.9,12,38
replica_01,3451,6.902,6,44
replica_01,3452,6.904,14,36
replica_01,3453,6.906,17,38
replica_01,3454,6.908,15,30
replica_01,3455,6.91,15,25
replica_01,3456,6.912,14,33
replica_01,3457,6.914,17,36
replica_01,3458,6.916,12,36
replica_01,3459,6.918,17,34
replica_01,3460,6.92,16,36
replica_01,3461,6.922,13,34
replica_01,3462,6.924,10,32
replica_01,3463,6.926,11,31
replica_01,3464,6.928,11,39
replica_01,3465,6.93,11,38
replica_01,3466,6.932,15,31
replica_01,3467,6.934,8,38
replica_01,3468,6.936,13,32
replica_01,3469,6.938,9,36
replica_01,3470,6.94,11,36
replica_01,3471,6.942,14,33
replica_01,3472,6.944,12,36
replica_01,3473,6.946,13,33
replica_01,3474,6.948,15,35
replica_01,3475,6.95,10,41
replica_01,3476,6.952,6,39
replica_01,3477,6.954,7,41
replica_01,3478,6.956,7,34
replica_01,3479,6.958,5,38
replica_01,3480,6.96,17,29
replica_01,3481,6.962,16,32
replica_01,3482,6.964,19,33
replica_01,3483,6.966,19,32
replica_01,3484,6.968,13,32
replica_01,3485,6.97,13,36
replica_01,3486,6.972,14,34
replica_01,3487,6.974,14,35
replica_01,3488,6.976,20,33
replica_01,3489,6.978,17,31
replica_01,3490,6.98,12,31
replica_01,3491,6.982,12,33
replica_01,3492,6.984,17,42
replica_01,3493,6.986,14,37
replica_01,3494,6.988,15,40
replica_01,3495,6.99,15,32
replica_01,3496,6.992,14,33
replica_01,3497,6.994,18,35
replica_01,3498,6.996,15,29
replica_01,3499,6.998,17,34
replica_01,3500,7.0,19,34
replica_01,3501,7.002,15,35
replica_01,3502,7.004,16,35
replica_01,3503,7.006,15,35
replica_01,3504,7.008,18,36
replica_01,3505,7.01,15,34
replica_01,3506,7.012,14,35
replica_01,3507,7.014,15,32
replica_01,3508,7.016,16,35
replica_01,3509,7.018,19,35
replica_01,3510,7.02,20,27
replica_01,3511,7.022,16,33
replica_01,3512,7.024,18,37
replica_01,3513,7.026,11,33
replica_01,3514,7.028,11,36
replica_01,3515,7.03,9,35
replica_01,3516,7.032,12,37
replica_01,3517,7.034,10,38
replica_01,3518,7.036,16,29
replica_01,3519,7.038,18,31
replica_01,3520,7.04,15,35
replica_01,3521,7.042,18,37
replica_01,3522,7.044,15,28
replica_01,3523,7.046,17,35
replica_01,3524,7.048,17,31
replica_01,3525,7.05,13,34
replica_01,3526,7.052,15,31
replica_01,3527,7.054,13,31
replica_01,3528,7.056,16,32
replica_01,3529,7.058,19,32
replica_01,3530,7.06,14,34
replica_01,3531,7.062,14,31
replica_01,3532,7.064,21,29
replica_01,3533,7.066,14,32
replica_01,3534,7.068,14,35
replica_01,3535,7.07,15,34
replica_01,3536,7.072,17,33
replica_01,3537,7.074,14,36
replica_01,3538,7.076,16,34
replica_01,3539,7.078,20,30
replica_01,3540,7.08,17,28
replica_01,3541,7.082,21,28
replica_01,3542,7.084,19,28
replica_01,3543,7.086,24,34
replica_01,3544,7.088,15,36
replica_01,3545,7.09,17,28
replica_01,3546,7.092,16,32
replica_01,3547,7.094,17,32
replica_01,3548,7.096,16,32
replica_01,3549,7.098,17,36
replica_01,3550,7.1,16,34
replica_01,3551,7.102,15,36
replica_01,3552,7.104,19,32
replica_01,3553,7.106,19,30
replica_01,3554,7.108,15,34
replica_01,3555,7.11,10,36
replica_01,3556,7.112,11,35
replica_01,3557,7.114,17,37
replica_01,3558,7.116,17,33
replica_01,3559,7.118,18,34
replica_01,3560,7.12,14,32
replica_01,3561,7.122,21,35
replica_01,3562,7.124,17,32
replica_01,3563,7.126,17,35
replica_01,3564,7.128,17,32
replica_01,3565,7.13,20,30
replica_01,3566,7.132,19,33
replica_01,3567,7.134,19,33
replica_01,3568,7.136,15,31
replica_01,3569,7.138,21,34
replica_01,3570,7.14,16,33
replica_01,3571,7.142,12,33
replica_01,3572,7.144,16,33
replica_01,3573,7.146,13,33
replica_01,3574,7.148,16,36
replica_01,3575,7.15,17,35
replica_01,3576,7.152,16,35
replica_01,3577,7.154,21,34
replica_01,3578,7.156,21,30
replica_01,3579,7.158,21,34
replica_01,3580,7.16,23,31
replica_01,3581,7.162,23,33
replica_01,3582,7.164,21,29
replica_01,3583,7.166,22,31
replica_01,3584,7.168,27,30
replica_01,3585,7.17,26,30
replica_01,3586,7.172,23,30
replica_01,3587,7.174,19,33
replica_01,3588,7.176,14,35
replica_01,3589,7.178,18,31
replica_01,3590,7.18,15,33
replica_01,3591,7.182,16,38
replica_01,3592,7.184,16,36
replica_01,3593,7.186,16,36
replica_01,3594,7.188,11,36
replica_01,3595,7.19,18,32
replica_01,3596,7.192,19,28
replica_01,3597,7.194,20,30
replica_01,3598,7.196,21,29
replica_01,3599,7.198,21,31
replica_01,3600,7.2,24,33
replica_01,3601,7.202,19,34
replica_01,3602,7.204,22,30
replica_01,3603,7.206,21,33
replica_01,3604,7.208,25,29
replica_01,3605,7.21,18,30
replica_01,3606,7.212,21,30
replica_01,3607,7.214,26,31
replica_01,3608,7.216,24,34
replica_01,3609,7.218,27,30
replica_01,3610,7.22,22,30
replica_01,3611,7.222,20,29
replica_01,3612,7.224,26,25
replica_01,3613,7.226,18,32
replica_01,3614,7.228,22,26
replica_01,3615,7.23,20,28
replica_01,3616,7.232,22,27
replica_01,3617,7.234,23,32
replica_01,3618,7.236,24,27
replica_01,3619,7.238,22,30
replica_01,3620,7.24,21,30
replica_01,3621,7.242,20,29
replica_01,3622,7.244,26,29
replica_01,3623,7.246,23,27
replica_01,3624,7.248,19,23
replica_01,3625,7.25,19,30
replica_01,3626,7.252,16,33
replica_01,3627,7.254,15,30
replica_01,3628,7.256,20,25
replica_01,3629,7.258,22,34
replica_01,3630,7.26,14,29
replica_01,3631,7.262,11,36
replica_01,3632,7.264,11,36
replica_01,3633,7.266,21,30
replica_01,3634,7.268,19,29
replica_01,3635,7.27,20,29
replica_01,3636,7.272,22,28
replica_01,3637,7.274,20,33
replica_01,3638,7.276,21,27
replica_01,3639,7.278,22,31
replica_01,3640,7.28,17,33
replica_01,3641,7.282,17,31
replica_01,3642,7.284,16,34
replica_01,3643,7.286,19,30
replica_01,3644,7.288,25,34
replica_01,3645,7.29,19,31
replica_01,3646,7.292,20,31
replica_01,3647,7.294,24,30
replica_01,3648,7.296,17,32
replica_01,3649,7.298,20,30
replica_01,3650,7.3,23,25
replica_01,3651,7.302,20,32
replica_01,3652,7.304,27,29
replica_01,3653,7.306,20,31
replica_01,3654,7.308,20,31
replica_01,3655,7.31,23,31
replica_01,3656,7.312,19,34
replica_01,3657,7.314,22,34
replica_01,3658,7.316,23,28
replica_01,3659,7.318,20,27
replica_01,3660,7.32,24,29
replica_01,3661,7.322,25,30
replica_01,3662,7.324,25,26
replica_01,3663,7.326,18,34
replica_01,3664,7.328,27,30
replica_01,3665,7.33,25,30
replica_01,3666,7.332,18,32
replica_01,3667,7.334,28,34
replica_01,3668,7.336,16,30
replica_01,3669,7.338,23,32
replica_01,3670,7.34,29,27
replica_01,3671,7.342,24,30
replica_01,3672,7.344,22,32
replica_01,3673,7.346,26,28
replica_01,3674,7.348,20,31
replica_01,3675,7.35,24,31
replica_01,3676,7.352,16,30
replica_01,3677,7.354,20,35
replica_01,3678,7.356,23,33
replica_01,3679,7.358,22,29
replica_01,3680,7.36,24,30
replica_01,3681,7.362,23,33
replica_01,3682,7.364,22,32
replica_01,3683,7.366,24,29
replica_01,3684,7.368,24,31
replica_01,3685,7.37,18,34
replica_01,3686,7.372,15,30
replica_01,3687,7.374,20,31
replica_01,3688,7.376,16,34
replica_01,3689,7.378,21,34
replica_01,3690,7.38,22,32
replica_01,3691,7.382,17,32
replica_01,3692,7.384,17,30
replica_01,3693,7.386,18,31
replica_01,3694,7.388,18,36
replica_01,3695,7.39,25,36
replica_01,3696,7.392,21,31
replica_01,3697,7.394,20,33
replica_01,3698,7.396,21,31
replica_01,3699,7.398,21,31
replica_01,3700,7.4,20,32
replica_01,3701,7.402,20,31
replica_01,3702,7.404,24,28
replica_01,3703,7.406,24,33
replica_01,3704,7.408,26,33
replica_01,3705,7.41,28,31
replica_01,3706,7.412,23,28
replica_01,3707,7.414,24,29
replica_01,3708,7.416,18,32
replica_01,3709,7.418,22,33
replica_01,3710,7.42,19,33
replica_01,3711,7.422,21,32
replica_01,3712,7.424,22,34
replica_01,3713,7.426,20,30
replica_01,3714,7.428,22,30
replica_01,3715,7.43,20,28
replica_01,3716,7.432,25,30
replica_01,3717,7.434,16,27
replica_01,3718,7.436,21,32
replica_01,3719,7.438,15,33
replica_01,3720,7.44,12,35
replica_01,3721,7.442,17,33
replica_01,3722,7.444,18,34
replica_01,3723,7.446,15,29
replica_01,3724,7.448,25,35
replica_01,3725,7.45,26,31
replica_01,3726,7.452,17,29
replica_01,3727,7.454,24,29
replica_01,3728,7.456,22,28
replica_01,3729,7.458,15,34
replica_01,3730,7.46,17,28
replica_01,3731,7.462,17,31
replica_01,3732,7.464,21,29
replica_01,3733,7.466,20,28
replica_01,3734,7.468,17,35
replica_01,3735,7.47,19,30
replica_01,3736,7.472,20,33
replica_01,3737,7.474,21,32
replica_01,3738,7.476,21,27
replica_01,3739,7.478,21,30
replica_01,3740,7.48,26,31
replica_01,3741,7.482,21,27
replica_01,3742,7.484,22,30
replica_01,3743,7.486,24,30
replica_01,3744,7.488,18,33
replica_01,3745,7.49,14,33
replica_01,3746,7.492,25,30
replica_01,3747,7.494,21,34
replica_01,3748,7.496,20,31
replica_01,3749,7.498,22,28
replica_01,3750,7.5,27,24
replica_01,3751,7.502,20,29
replica_01,3752,7.504,20,28
replica_01,3753,7.506,23,33
replica_01,3754,7.508,20,30
replica_01,3755,7.51,22,29
replica_01,3756,7.512,24,32
replica_01,3757,7.514,17,32
replica_01,3758,7.516,25,28
replica_01,3759,7.518,19,36
replica_01,3760,7.52,20,36
replica_01,3761,7.522,25,30
replica_01,3762,7.524,22,35
replica_01,3763,7.526,20,34
replica_01,3764,7.528,25,29
replica_01,3765,7.53,22,34
replica_01,3766,7.532,23,33
replica_01,3767,7.534,17,30
replica_01,3768,7.536,18,29
replica_01,3769,7.538,22,33
replica_01,3770,7.54,21,31
replica_01,3771,7.542,22,31
replica_01,3772,7.544,28,33
replica_01,3773,7.546,19,35
replica_01,3774,7.548,19,35
replica_01,3775,7.55,21,30
replica_01,3776,7.552,18,33
replica_01,3777,7.554,17,30
replica_01,3778,7.556,19,31
replica_01,3779,7.558,16,34
replica_01,3780,7.56,19,27
replica_01,3781,7.562,26,29
replica_01,3782,7.564,21,30
replica_01,3783,7.566,22,30
replica_01,3784,7.568,26,28
replica_01,3785,7.57,14,34
replica_01,3786,7.572,20,30
replica_01,3787,7.574,28,32
replica_01,3788,7.576,22,29
replica_01,3789,7.578,22,31
replica_01,3790,7.58,21,31
replica_01,3791,7.582,23,26
replica_01,3792,7.584,17,30
replica_01,3793,7.586,16,32
replica_01,3794,7.588,13,35
replica_01,3795,7.59,18,34
replica_01,3796,7.592,24,26
replica_01,3797,7.594,15,32
replica_01,3798,7.596,15,31
replica_01,3799,7.598,16,28
replica_01,3800,7.6,27,27
replica_01,3801,7.602,15,31
replica_01,3802,7.604,22,28
replica_01,3803,7.606,22,28
replica_01,3804,7.608,20,33
replica_01,3805,7.61,20,27
replica_01,3806,7.612,17,26
replica_01,3807,7.614,19,27
replica_01,3808,7.616,22,32
replica_01,3809,7.618,21,31
replica_01,3810,7.62,19,26
replica_01,3811,7.622,16,27
replica_01,3812,7.624,20,30
replica_01,3813,7.626,22,28
replica_01,3814,7.628,24,26
replica_01,3815,7.63,25,30
replica_01,3816,7.632,26,29
replica_01,3817,7.634,26,26
replica_01,3818,7.636,16,35
replica_01,3819,7.638,15,26
replica_01,3820,7.64,22,30
replica_01,3821,7.642,22,26
replica_01,3822,7.644,19,29
replica_01,3823,7.646,15,32
replica_01,3824,7.648,20,29
replica_01,3825,7.65,20,32
replica_01,3826,7.652,22,32
replica_01,3827,7.654,20,30
replica_01,3828,7.656,25,28
replica_01,3829,7.658,23,28
replica_01,3830,7.66,23,32
replica_01,3831,7.662,20,32
replica_01,3832,7.664,23,29
replica_01,3833,7.666,24,31
replica_01,3834,7.668,25,27
replica_01,3835,7.67,22,27
replica_01,3836,7.672,18,27
replica_01,3837,7.674,22,27
replica_01,3838,7.676,23,32
replica_01,3839,7.678,25,31
replica_01,3840,7.68,20,25
replica_01,3841,7.682,21,33
replica_01,3842,7.684,22,29
replica_01,3843,7.686,23,31
replica_01,3844,7.688,25,27
replica_01,3845,7.69,23,25
replica_01,3846,7.692,25,29
replica_01,3847,7.694,23,27
replica_01,3848,7.696,20,28
replica_01,3849,7.698,24,27
replica_01,3850,7.7,27,29
replica_01,3851,7.702,24,29
replica_01,3852,7.704,22,30
replica_01,3853,7.706,21,26
replica_01,3854,7.708,25,29
replica_01,3855,7.71,21,30
replica_01,3856,7.712,18,31
replica_01,3857,7.714,21,32
replica_01,3858,7.716,18,30
replica_01,3859,7.718,15,35
replica_01,3860,7.72,21,31
replica_01,3861,7.722,19,32
replica_01,3862,7.724,22,33
replica_01,3863,7.726,19,31
replica_01,3864,7.728,20,28
replica_01,3865,7.73,19,30
replica_01,3866,7.732,17,29
replica_01,3867,7.734,25,21
replica_01,3868,7.736,20,29
replica_01,3869,7.738,20,36
replica_01,3870,7.74,21,34
replica_01,3871,7.742,18,30
replica_01,3872,7.744,21,28
replica_01,3873,7.746,21,31
replica_01,3874,7.748,20,33
replica_01,3875,7.75,10,33
replica_01,3876,7.752,10,34
replica_01,3877,7.754,10,36
replica_01,3878,7.756,14,39
replica_01,3879,7.758,11,34
replica_01,3880,7.76,20,34
replica_01,3881,7.762,14,37
replica_01,3882,7.764,17,31
replica_01,3883,7.766,21,29
replica_01,3884,7.768,25,26
replica_01,3885,7.77,20,30
replica_01,3886,7.772,19,31
replica_01,3887,7.774,21,31
replica_01,3888,7.776,22,31
replica_01,3889,7.778,20,34
replica_01,3890,7.78,19,32
replica_01,3891,7.782,18,28
replica_01,3892,7.784,22,28
replica_01,3893,7.786,18,34
replica_01,3894,7.788,16,27
replica_01,3895,7.79,16,31
replica_01,3896,7.792,17,30
replica_01,3897,7.794,23,33
replica_01,3898,7.796,16,32
replica_01,3899,7.798,15,35
replica_01,3900,7.8,23,28
replica_01,3901,7.802,17,29
replica_01,3902,7.804,18,33
replica_01,3903,7.806,20,34
replica_01,3904,7.808,19,33
replica_01,3905,7.81,20,29
replica_01,3906,7.812,25,33
replica_01,3907,7.814,22,29
replica_01,3908,7.816,20,32
replica_01,3909,7.818,21,28
replica_01,3910,7.82,21,31
replica_01,3911,7.822,17,36
replica_01,3912,7.824,21,37
replica_01,3913,7.826,14,35
replica_01,3914,7.828,22,31
replica_01,3915,7.83,23,33
replica_01,3916,7.832,22,33
replica_01,3917,7.834,16,39
replica_01,3918,7.836,18,32
replica_01,3919,7.838,21,34
replica_01,3920,7.84,16,33
replica_01,3921,7.842,15,34
replica_01,3922,7.844,20,36
replica_01,3923,7.846,18,34
replica_01,3924,7.848,24,31
replica_01,3925,7.85,23,34
replica_01,3926,7.852,20,28
replica_01,3927,7.854,21,32
replica_01,3928,7.856,18,31
replica_01,3929,7.858,19,34
replica_01,3930,7.86,25,30
replica_01,3931,7.862,24,30
replica_01,3932,7.864,22,27
replica_01,3933,7.866,25,30
replica_01,3934,7.868,26,28
replica_01,3935,7.87,23,29
replica_01,3936,7.872,28,24
replica_01,3937,7.874,24,25
replica_01,3938,7.876,26,31
replica_01,3939,7.878,26,26
replica_01,3940,7.88,22,28
replica_01,3941,7.882,16,30
replica_01,3942,7.884,25,29
replica_01,3943,7.886,20,31
replica_01,3944,7.888,25,29
replica_01,3945,7.89,25,31
replica_01,3946,7.892,21,30
replica_01,3947,7.894,18,32
replica_01,3948,7.896,23,28
replica_01,3949,7.898,19,29
replica_01,3950,7.9,23,29
replica_01,3951,7.902,22,32
replica_01,3952,7.904,27,32
replica_01,3953,7.906,23,32
replica_01,3954,7.908,20,24
replica_01,3955,7.91,24,30
replica_01,3956,7.912,18,30
replica_01,3957,7.914,22,30
replica_01,3958,7.916,17,33
replica_01,3959,7.918,16,35
replica_01,3960,7.92,21,32
replica_01,3961,7.922,21,30
replica_01,3962,7.924,23,34
replica_01,3963,7.926,22,29
replica_01,3964,7.928,19,36
replica_01,3965,7.93,22,32
replica_01,3966,7.932,19,30
replica_01,3967,7.934,16,31
replica_01,3968,7.936,20,27
replica_01,3969,7.938,24,30
replica_01,3970,7.94,22,34
replica_01,3971,7.942,24,29
replica_01,3972,7.944,22,24
replica_01,3973,7.946,22,29
replica_01,3974,7.948,27,25
replica_01,3975,7.95,21,25
replica_01,3976,7.952,25,28
replica_01,3977,7.954,20,31
replica_01,3978,7.956,21,35
replica_01,3979,7.958,24,26
replica_01,3980,7.96,25,31
replica_01,3981,7.962,23,30
replica_01,3982,7.964,20,32
replica_01,3983,7.966,14,36
replica_01,3984,7.968,19,37
replica_01,3985,7.97,22,32
replica_01,3986,7.972,19,35
replica_01,3987,7.974,24,30
replica_01,3988,7.976,24,34
replica_01,3989,7.978,18,30
replica_01,3990,7.98,13,34
replica_01,3991,7.982,21,37
replica_01,3992,7.984,19,38
replica_01,3993,7.986,17,31
replica_01,3994,7.988,21,33
replica_01,3995,7.99,14,32
replica_01,3996,7.992,16,33
replica_01,3997,7.994,21,31
replica_01,3998,7.996,20,33
replica_01,3999,7.998,19,33
replica_01,4000,8.0,23,35
replica_01,4001,8.002,25,34
replica_01,4002,8.004,23,31
replica_01,4003,8.006,25,28
replica_01,4004,8.008,24,36
replica_01,4005,8.01,28,28
replica_01,4006,8.012,26,32
replica_01,4007,8.014,25,33
replica_01,4008,8.016,19,31
replica_01,4009,8.018,25,31
replica_01,4010,8.02,21,32
replica_01,4011,8.022,30,29
replica_01,4012,8.024,26,29
replica_01,4013,8.026,26,29
replica_01,4014,8.028,26,34
replica_01,4015,8.03,22,33
replica_01,4016,8.032,28,34
replica_01,4017,8.034,24,34
replica_01,4018,8.036,16,38
replica_01,4019,8.038,29,32
replica_01,4020,8.04,26,34
replica_01,4021,8.042,28,33
replica_01,4022,8.044,23,36
replica_01,4023,8.046,21,35
replica_01,4024,8.048,21,37
replica_01,4025,8.05,21,34
replica_01,4026,8.052,22,34
replica_01,4027,8.054,19,33
replica_01,4028,8.056,19,35
replica_01,4029,8.058,24,34
replica_01,4030,8.06,22,32
replica_01,4031,8.062,16,31
replica_01,4032,8.064,22,34
replica_01,4033,8.066,22,35
replica_01,4034,8.068,22,37
replica_01,4035,8.07,21,36
replica_01,4036,8.072,20,39
replica_01,4037,8.074,21,39
replica_01,4038,8.076,23,31
replica_01,4039,8.078,20,39
replica_01,4040,8.08,23,35
replica_01,4041,8.082,16,36
replica_01,4042,8.084,18,37
replica_01,4043,8.086,22,35
replica_01,4044,8.088,16,35
replica_01,4045,8.09,19,32
replica_01,4046,8.092,17,38
replica_01,4047,8.094,20,36
replica_01,4048,8.096,21,29
replica_01,4049,8.098,25,31
replica_01,4050,8.1,17,35
replica_01,4051,8.102,16,35
replica_01,4052,8.104,13,32
replica_01,4053,8.106,17,35
replica_01,4054,8.108,19,30
replica_01,4055,8.11,18,32
replica_01,4056,8.112,16,29
replica_01,4057,8.114,21,31
replica_01,4058,8.116,24,31
replica_01,4059,8.118,23,33
replica_01,4060,8.12,19,30
replica_01,4061,8.122,16,32
replica_01,4062,8.124,13,33
replica_01,4063,8.126,14,33
replica_01,4064,8.128,17,29
replica_01,4065,8.13,25,29
replica_01,4066,8.132,19,29
replica_01,4067,8.134,23,33
replica_01,4068,8.136,19,31
replica_01,4069,8.138,15,31
replica_01,4070,8.14,21,35
replica_01,4071,8.142,16,30
replica_01,4072,8.144,20,29
replica_01,4073,8.146,18,32
replica_01,4074,8.148,16,29
replica_01,4075,8.15,22,27
replica_01,4076,8.152,19,29
replica_01,4077,8.154,21,27
replica_01,4078,8.156,22,26
replica_01,4079,8.158,19,25
replica_01,4080,8.16,20,27
replica_01,4081,8.162,18,29
replica_01,4082,8.164,20,30
replica_01,4083,8.166,17,33
replica_01,4084,8.168,20,24
replica_01,4085,8.17,17,27
replica_01,4086,8.172,19,33
replica_01,4087,8.174,17,32
replica_01,4088,8.176,13,34
replica_01,4089,8.178,16,33
replica_01,4090,8.18,13,34
replica_01,4091,8.182,21,31
replica_01,4092,8.184,16,30
replica_01,4093,8.186,19,28
replica_01,4094,8.188,18,29
replica_01,4095,8.19,19,30
replica_01,4096,8.192,17,30
replica_01,4097,8.194,18,33
replica_01,4098,8.196,19,29
replica_01,4099,8.198,18,28
replica_01,4100,8.2,19,31
replica_01,4101,8.202,18,31
replica_01,4102,8.204,16,34
replica_01,4103,8.206,18,34
replica_01,4104,8.208,16,38
replica_01,4105,8.21,17,28
replica_01,4106,8.212,15,33
replica_01,4107,8.214,16,32
replica_01,4108,8.216,18,30
replica_01,4109,8.218,11,28
replica_01,4110,8.22,12,28
replica_01,4111,8.222,20,29
replica_01,4112,8.224,22,33
replica_01,4113,8.226,18,32
replica_01,4114,8.228,14,34
replica_01,4115,8.23,17,29
replica_01,4116,8.232,16,31
replica_01,4117,8.234,16,35
replica_01,4118,8.236,12,31
replica_01,4119,8.238,20,28
replica_01,4120,8.24,15,32
replica_01,4121,8.242,20,32
replica_01,4122,8.244,17,27
replica_01,4123,8.246,11,30
replica_01,4124,8.248,16,34
replica_01,4125,8.25,17,33
replica_01,4126,8.252,15,31
replica_01,4127,8.254,13,32
replica_01,4128,8.256,18,29
replica_01,4129,8.258,14,32
replica_01,4130,8.26,17,32
replica_01,4131,8.262,19,29
replica_01,4132,8.264,18,32
replica_01,4133,8.266,24,28
replica_01,4134,8.268,19,31
replica_01,4135,8.27,16,35
replica_01,4136,8.272,15,33
replica_01,4137,8.274,19,37
replica_01,4138,8.276,14,34
replica_01,4139,8.278,15,32
replica_01,4140,8.28,12,31
replica_01,4141,8.282,17,31
replica_01,4142,8.284,15,34
replica_01,4143,8.286,15,34
replica_01,4144,8.288,17,33
replica_01,4145,8.29,14,33
replica_01,4146,8.292,11,31
replica_01,4147,8.294,15,29
replica_01,4148,8.296,17,33
replica_01,4149,8.298,11,30
replica_01,4150,8.3,12,33
replica_01,4151,8.302,15,31
replica_01,4152,8.304,15,32
replica_01,4153,8.306,15,32
replica_01,4154,8.308,17,31
replica_01,4155,8.31,21,32
replica_01,4156,8.312,18,33
replica_01,4157,8.314,10,29
replica_01,4158,8.316,19,35
replica_01,4159,8.318,11,28
replica_01,4160,8.32,15,30
replica_01,4161,8.322,14,31
replica_01,4162,8.324,17,27
replica_01,4163,8.326,20,28
replica_01,4164,8.328,18,25
replica_01,4165,8.33,14,32
replica_01,4166,8.332,13,28
replica_01,4167,8.334,14,29
replica_01,4168,8.336,17,26
replica_01,4169,8.338,18,30
replica_01,4170,8.34,17,29
replica_01,4171,8.342,16,29
replica_01,4172,8.344,16,31
replica_01,4173,8.346,15,33
replica_01,4174,8.348,13,28
replica_01,4175,8.35,17,30
replica_01,4176,8.352,17,32
replica_01,4177,8.354,17,31
replica_01,4178,8.356,17,28
replica_01,4179,8.358,17,27
replica_01,4180,8.36,20,31
replica_01,4181,8.362,20,24
replica_01,4182,8.364,17,27
replica_01,4183,8.366,17,30
replica_01,4184,8.368,17,33
replica_01,4185,8.37,18,27
replica_01,4186,8.372,12,32
replica_01,4187,8.374,19,30
replica_01,4188,8.376,20,28
replica_01,4189,8.378,20,28
replica_01,4190,8.38,17,30
replica_01,4191,8.382,16,32
replica_01,4192,8.384,16,29
replica_01,4193,8.386,16,29
replica_01,4194,8.388,15,33
replica_01,4195,8.39,18,34
replica_01,4196,8.392,16,31
replica_01,4197,8.394,15,32
replica_01,4198,8.396,17,28
replica_01,4199,8.398,16,30
replica_01,4200,8.4,17,31
replica_01,4201,8.402,17,32
replica_01,4202,8.404,20,30
replica_01,4203,8.406,15,33
replica_01,4204,8.408,15,34
replica_01,4205,8.41,14,32
replica_01,4206,8.412,16,31
replica_01,4207,8.414,16,34
replica_01,4208,8.416,19,27
replica_01,4209,8.418,16,29
replica_01,4210,8.42,19,31
replica_01,4211,8.422,14,32
replica_01,4212,8.424,18,28
replica_01,4213,8.426,19,35
replica_01,4214,8.428,16,32
replica_01,4215,8.43,14,33
replica_01,4216,8.432,12,33
replica_01,4217,8.434,15,31
replica_01,4218,8.436,16,31
replica_01,4219,8.438,13,31
replica_01,4220,8.44,14,35
replica_01,4221,8.442,15,34
replica_01,4222,8.444,14,36
replica_01,4223,8.446,11,35
replica_01,4224,8.448,13,36
replica_01,4225,8.45,16,36
replica_01,4226,8.452,21,35
replica_01,4227,8.454,18,35
replica_01,4228,8.456,21,37
replica_01,4229,8.458,18,38
replica_01,4230,8.46,15,36
replica_01,4231,8.462,14,41
replica_01,4232,8.464,15,36
replica_01,4233,8.466,11,38
replica_01,4234,8.468,16,33
replica_01,4235,8.47,15,35
replica_01,4236,8.472,13,42
replica_01,4237,8.474,14,43
replica_01,4238,8.476,12,41
replica_01,4239,8.478,10,38
replica_01,4240,8.48,14,37
replica_01,4241,8.482,10,38
replica_01,4242,8.484,13,43
replica_01,4243,8.486,12,36
replica_01,4244,8.488,14,34
replica_01,4245,8.49,14,36
replica_01,4246,8.492,14,40
replica_01,4247,8.494,16,34
replica_01,4248,8.496,13,41
replica_01,4249,8.498,16,44
replica_01,4250,8.5,15,42
replica_01,4251,8.502,14,39
replica_01,4252,8.504,16,36
replica_01,4253,8.506,14,37
replica_01,4254,8.508,12,40
replica_01,4255,8.51,16,39
replica_01,4256,8.512,14,46
replica_01,4257,8.514,16,40
replica_01,4258,8.516,11,44
replica_01,4259,8.518,14,43
replica_01,4260,8.52,15,42
replica_01,4261,8.522,12,44
replica_01,4262,8.524,16,47
replica_01,4263,8.526,10,43
replica_01,4264,8.528,11,43
replica_01,4265,8.53,10,40
replica_01,4266,8.532,13,46
replica_01,4267,8.534,16,38
replica_01,4268,8.536,12,44
replica_01,4269,8.538,9,49
replica_01,4270,8.54,11,44
replica_01,4271,8.542,13,43
replica_01,4272,8.544,13,37
replica_01,4273,8.546,10,41
replica_01,4274,8.548,14,42
replica_01,4275,8.55,12,44
replica_01,4276,8.552,10,46
replica_01,4277,8.554,10,45
replica_01,4278,8.556,15,46
replica_01,4279,8.558,13,43
replica_01,4280,8.56,9,38
replica_01,4281,8.562,13,45
replica_01,4282,8.564,9,42
replica_01,4283,8.566,13,46
replica_01,4284,8.568,6,46
replica_01,4285,8.57,10,50
replica_01,4286,8.572,12,45
replica_01,4287,8.574,15,42
replica_01,4288,8.576,13,45
replica_01,4289,8.578,11,43
replica_01,4290,8.58,7,46
replica_01,4291,8.582,7,45
replica_01,4292,8.584,16,42
replica_01,4293,8.586,10,43
replica_01,4294,8.588,5,44
replica_01,4295,8.59,10,36
replica_01,4296,8.592,9,42
replica_01,4297,8.594,7,42
replica_01,4298,8.596,15,45
replica_01,4299,8.598,10,38
replica_01,4300,8.6,15,46
replica_01,4301,8.602,13,43
replica_01,4302,8.604,11,47
replica_01,4303,8.606,14,41
replica_01,4304,8.608,11,44
replica_01,4305,8.61,12,47
replica_01,4306,8.612,14,39
replica_01,4307,8.614,9,48
replica_01,4308,8.616,10,49
replica_01,4309,8.618,11,49
replica_01,4310,8.62,5,47
replica_01,4311,8.622,10,45
replica_01,4312,8.624,11,44
replica_01,4313,8.626,9,48
replica_01,4314,8.628,7,45
replica_01,4315,8.63,9,42
replica_01,4316,8.632,10,44
replica_01,4317,8.634,11,46
replica_01,4318,8.636,9,53
replica_01,4319,8.638,9,47
replica_01,4320,8.64,11,42
replica_01,4321,8.642,16,35
replica_01,4322,8.644,12,42
replica_01,4323,8.646,13,37
replica_01,4324,8.648,12,43
replica_01,4325,8.65,14,45
replica_01,4326,8.652,12,43
replica_01,4327,8.654,15,45
replica_01,4328,8.656,11,48
replica_01,4329,8.658,13,44
replica_01,4330,8.66,12,44
replica_01,4331,8.662,11,41
replica_01,4332,8.664,13,43
replica_01,4333,8.666,13,44
replica_01,4334,8.668,11,42
replica_01,4335,8.67,13,49
replica_01,4336,8.672,8,45
replica_01,4337,8.674,6,42
replica_01,4338,8.676,10,41
replica_01,4339,8.678,10,46
replica_01,4340,8.68,8,43
replica_01,4341,8.682,4,49
replica_01,4342,8.684,9,40
replica_01,4343,8.686,8,43
replica_01,4344,8.688,7,45
replica_01,4345,8.69,8,43
replica_01,4346,8.692,8,42
replica_01,4347,8.694,8,42
replica_01,4348,8.696,11,39
replica_01,4349,8.698,5,45
replica_01,4350,8.7,9,45
replica_01,4351,8.702,9,46
replica_01,4352,8.704,9,43
replica_01,4353,8.706,9,40
replica_01,4354,8.708,9,43
replica_01,4355,8.71,6,42
replica_01,4356,8.712,7,42
replica_01,4357,8.714,5,42
replica_01,4358,8.716,13,38
replica_01,4359,8.718,9,43
replica_01,4360,8.72,11,38
replica_01,4361,8.722,11,40
replica_01,4362,8.724,13,38
replica_01,4363,8.726,11,44
replica_01,4364,8.728,13,39
replica_01,4365,8.73,13,45
replica_01,4366,8.732,9,39
replica_01,4367,8.734,9,45
replica_01,4368,8.736,11,40
replica_01,4369,8.738,11,42
replica_01,4370,8.74,13,38
replica_01,4371,8.742,14,40
replica_01,4372,8.744,14,44
replica_01,4373,8.746,14,40
replica_01,4374,8.748,14,41
replica_01,4375,8.75,8,39
replica_01,4376,8.752,13,43
replica_01,4377,8.754,8,45
replica_01,4378,8.756,15,38
replica_01,4379,8.758,14,44
replica_01,4380,8.76,13,41
replica_01,4381,8.762,15,45
replica_01,4382,8.764,9,41
replica_01,4383,8.766,15,43
replica_01,4384,8.768,13,42
replica_01,4385,8.77,14,40
replica_01,4386,8.772,14,43
replica_01,4387,8.774,19,38
replica_01,4388,8.776,7,41
replica_01,4389,8.778,8,39
replica_01,4390,8.78,15,45
replica_01,4391,8.782,13,41
replica_01,4392,8.784,5,43
replica_01,4393,8.786,11,39
replica_01,4394,8.788,9,46
replica_01,4395,8.79,9,41
replica_01,4396,8.792,8,48
replica_01,4397,8.794,8,44
replica_01,4398,8.796,5,41
replica_01,4399,8.798,4,51
replica_01,4400,8.8,4,47
replica_01,4401,8.802,7,50
replica_01,4402,8.804,5,52
replica_01,4403,8.806,11,41
replica_01,4404,8.808,7,47
replica_01,4405,8.81,8,45
replica_01,4406,8.812,8,45
replica_01,4407,8.814,7,38
replica_01,4408,8.816,13,43
replica_01,4409,8.818,8,47
replica_01,4410,8.82,7,46
replica_01,4411,8.822,10,47
replica_01,4412,8.824,7,47
replica_01,4413,8.826,9,35
replica_01,4414,8.828,8,45
replica_01,4415,8.83,5,43
replica_01,4416,8.832,5,41
replica_01,4417,8.834,13,41
replica_01,4418,8.836,5,48
replica_01,4419,8.838,11,46
replica_01,4420,8.84,9,45
replica_01,4421,8.842,10,41
replica_01,4422,8.844,13,46
replica_01,4423,8.846,10,51
replica_01,4424,8.848,11,48
replica_01,4425,8.85,7,41
replica_01,4426,8.852,9,48
replica_01,4427,8.854,11,47
replica_01,4428,8.856,9,45
replica_01,4429,8.858,14,40
replica_01,4430,8.86,12,44
replica_01,4431,8.862,10,49
replica_01,4432,8.864,7,55
replica_01,4433,8.866,10,43
replica_01,4434,8.868,6,52
replica_01,4435,8.87,9,48
replica_01,4436,8.872,6,56
replica_01,4437,8.874,3,48
replica_01,4438,8.876,5,49
replica_01,4439,8.878,5,50
replica_01,4440,8.88,5,47
replica_01,4441,8.882,7,43
replica_01,4442,8.884,5,43
replica_01,4443,8.886,12,45
replica_01,4444,8.888,10,41
replica_01,4445,8.89,12,42
replica_01,4446,8.892,9,42
replica_01,4447,8.894,7,45
replica_01,4448,8.896,5,53
replica_01,4449,8.898,6,46
replica_01,4450,8.9,5,48
replica_01,4451,8.902,4,50
replica_01,4452,8.904,5,52
replica_01,4453,8.906,2,50
replica_01,4454,8.908,5,50
replica_01,4455,8.91,8,46
replica_01,4456,8.912,8,44
replica_01,4457,8.914,9,47
replica_01,4458,8.916,8,44
replica_01,4459,8.918,7,51
replica_01,4460,8.92,9,49
replica_01,4461,8.922,7,53
replica_01,4462,8.924,8,45
replica_01,4463,8.926,7,49
replica_01,4464,8.928,7,49
replica_01,4465,8.93,5,49
replica_01,4466,8.932,5,47
replica_01,4467,8.934,7,49
replica_01,4468,8.936,5,53
replica_01,4469,8.938,3,55
replica_01,4470,8.94,6,54
replica_01,4471,8.942,3,52
replica_01,4472,8.944,5,52
replica_01,4473,8.946,10,47
replica_01,4474,8.948,8,48
replica_01,4475,8.95,11,53
replica_01,4476,8.952,8,47
replica_01,4477,8.954,9,44
replica_01,4478,8.956,6,50
replica_01,4479,8.958,4,47
replica_01,4480,8.96,4,53
replica_01,4481,8.962,2,52
replica_01,4482,8.964,6,51
replica_01,4483,8.966,5,53
replica_01,4484,8.968,2,53
replica_01,4485,8.97,4,50
replica_01,4486,8.972,1,53
replica_01,4487,8.974,5,56
replica_01,4488,8.976,6,57
replica_01,4489,8.978,4,47
replica_01,4490,8.98,5,52
replica_01,4491,8.982,5,53
replica_01,4492,8.984,6,49
replica_01,4493,8.986,4,51
replica_01,4494,8.988,4,46
replica_01,4495,8.99,3,51
replica_01,4496,8.992,5,49
replica_01,4497,8.994,5,50
replica_01,4498,8.996,6,52
replica_01,4499,8.998,4,50
replica_01,4500,9.0,10,49
replica_01,4501,9.002,10,56
replica_01,4502,9.004,8,50
replica_01,4503,9.006,11,48
replica_01,4504,9.008,6,50
replica_01,4505,9.01,9,48
replica_01,4506,9.012,8,47
replica_01,4507,9.014,6,53
replica_01,4508,9.016,12,58
replica_01,4509,9.018,5,55
replica_01,4510,9.02,6,51
replica_01,4511,9.022,1,52
replica_01,4512,9.024,7,55
replica_01,4513,9.026,8,50
replica_01,4514,9.028,10,53
replica_01,4515,9.03,5,52
replica_01,4516,9.032,5,50
replica_01,4517,9.034,9,59
replica_01,4518,9.036,10,63
replica_01,4519,9.038,9,59
replica_01,4520,9.04,8,49
replica_01,4521,9.042,7,52
replica_01,4522,9.044,8,53
replica_01,4523,9.046,11,50
replica_01,4524,9.048,4,48
replica_01,4525,9.05,10,50
replica_01,4526,9.052,5,55
replica_01,4527,9.054,6,47
replica_01,4528,9.056,4,49
replica_01,4529,9.058,5,53
replica_01,4530,9.06,6,47
replica_01,4531,9.062,3,53
replica_01,4532,9.064,7,47
replica_01,4533,9.066,6,49
replica_01,4534,9.068,6,50
replica_01,4535,9.07,4,53
replica_01,4536,9.072,11,52
replica_01,4537,9.074,12,54
replica_01,4538,9.076,6,47
replica_01,4539,9.078,12,47
replica_01,4540,9.08,6,54
replica_01,4541,9.082,5,51
replica_01,4542,9.084,10,45
replica_01,4543,9.086,11,48
replica_01,4544,9.088,10,44
replica_01,4545,9.09,10,45
replica_01,4546,9.092,8,41
replica_01,4547,9.094,9,49
replica_01,4548,9.096,9,46
replica_01,4549,9.098,11,47
replica_01,4550,9.1,9,52
replica_01,4551,9.102,13,47
replica_01,4552,9.104,10,43
replica_01,4553,9.106,8,49
replica_01,4554,9.108,8,37
replica_01,4555,9.11,7,42
replica_01,4556,9.112,7,47
replica_01,4557,9.114,10,44
replica_01,4558,9.116,9,44
replica_01,4559,9.118,10,44
replica_01,4560,9.12,8,46
replica_01,4561,9.122,7,49
replica_01,4562,9.124,12,45
replica_01,4563,9.126,4,46
replica_01,4564,9.128,1,53
replica_01,4565,9.13,4,49
replica_01,4566,9.132,4,53
replica_01,4567,9.134,6,51
replica_01,4568,9.136,8,48
replica_01,4569,9.138,5,53
replica_01,4570,9.14,6,59
replica_01,4571,9.142,1,54
replica_01,4572,9.144,2,54
replica_01,4573,9.146,5,52
replica_01,4574,9.148,5,49
replica_01,4575,9.15,6,50
replica_01,4576,9.152,8,48
replica_01,4577,9.154,9,46
replica_01,4578,9.156,7,50
replica_01,4579,9.158,4,51
replica_01,4580,9.16,4,50
replica_01,4581,9.162,4,52
replica_01,4582,9.164,7,51
replica_01,4583,9.166,7,53
replica_01,4584,9.168,9,45
replica_01,4585,9.17,12,45
replica_01,4586,9.172,9,47
replica_01,4587,9.174,7,48
replica_01,4588,9.176,13,47
replica_01,4589,9.178,9,48
replica_01,4590,9.18,7,44
replica_01,4591,9.182,11,48
replica_01,4592,9.184,10,47
replica_01,4593,9.186,8,47
replica_01,4594,9.188,9,41
replica_01,4595,9.19,9,47
replica_01,4596,9.192,7,45
replica_01,4597,9.194,15,47
replica_01,4598,9.196,14,41
replica_01,4599,9.198,14,44
replica_01,4600,9.2,15,45
replica_01,4601,9.202,16,42
replica_01,4602,9.204,12,44
replica_01,4603,9.206,15,42
replica_01,4604,9.208,14,43
replica_01,4605,9.21,13,44
replica_01,4606,9.212,11,45
replica_01,4607,9.214,12,45
replica_01,4608,9.216,16,42
replica_01,4609,9.218,15,47
replica_01,4610,9.22,14,44
replica_01,4611,9.222,13,48
replica_01,4612,9.224,14,41
replica_01,4613,9.226,15,46
replica_01,4614,9.228,8,47
replica_01,4615,9.23,9,40
replica_01,4616,9.232,8,43
replica_01,4617,9.234,7,43
replica_01,4618,9.236,15,44
replica_01,4619,9.238,16,46
replica_01,4620,9.24,13,47
replica_01,4621,9.242,16,39
replica_01,4622,9.244,15,46
replica_01,4623,9.246,13,48
replica_01,4624,9.248,14,46
replica_01,4625,9.25,15,43
replica_01,4626,9.252,8,47
replica_01,4627,9.254,14,46
replica_01,4628,9.256,10,48
replica_01,4629,9.258,12,46
replica_01,4630,9.26,11,48
replica_01,4631,9.262,9,50
replica_01,4632,9.264,13,47
replica_01,4633,9.266,8,48
replica_01,4634,9.268,12,47
replica_01,4635,9.27,9,47
replica_01,4636,9.272,11,46
replica_01,4637,9.274,10,48
replica_01,4638,9.276,5,51
replica_01,4639,9.278,14,51
replica_01,4640,9.28,8,47
replica_01,4641,9.282,5,50
replica_01,4642,9.284,6,48
replica_01,4643,9.286,7,50
replica_01,4644,9.288,5,54
replica_01,4645,9.29,9,47
replica_01,4646,9.292,5,56
replica_01,4647,9.294,9,48
replica_01,4648,9.296,5,46
replica_01,4649,9.298,4,51
replica_01,4650,9.3,4,50
replica_01,4651,9.302,4,57
replica_01,4652,9.304,2,57
replica_01,4653,9.306,5,49
replica_01,4654,9.308,6,47
replica_01,4655,9.31,3,48
replica_01,4656,9.312,8,52
replica_01,4657,9.314,5,59
replica_01,4658,9.316,2,56
replica_01,4659,9.318,8,51
replica_01,4660,9.32,12,52
replica_01,4661,9.322,10,55
replica_01,4662,9.324,12,53
replica_01,4663,9.326,12,47
replica_01,4664,9.328,10,49
replica_01,4665,9.33,11,52
replica_01,4666,9.332,8,50
replica_01,4667,9.334,5,50
replica_01,4668,9.336,5,53
replica_01,4669,9.338,5,46
replica_01,4670,9.34,7,49
replica_01,4671,9.342,3,52
replica_01,4672,9.344,5,46
replica_01,4673,9.346,9,48
replica_01,4674,9.348,11,50
replica_01,4675,9.35,11,45
replica_01,4676,9.352,10,48
replica_01,4677,9.354,6,54
replica_01,4678,9.356,7,50
replica_01,4679,9.358,8,49
replica_01,4680,9.36,9,45
replica_01,4681,9.362,8,51
replica_01,4682,9.364,10,52
replica_01,4683,9.366,11,46
replica_01,4684,9.368,6,48
replica_01,4685,9.37,8,49
replica_01,4686,9.372,5,51
replica_01,4687,9.374,5,51
replica_01,4688,9.376,7,53
replica_01,4689,9.378,7,51
replica_01,4690,9.38,8,52
replica_01,4691,9.382,9,49
replica_01,4692,9.384,8,50
replica_01,4693,9.386,7,55
replica_01,4694,9.388,8,46
replica_01,4695,9.39,11,47
replica_01,4696,9.392,3,54
replica_01,4697,9.394,11,50
replica_01,4698,9.396,10,48
replica_01,4699,9.398,10,45
replica_01,4700,9.4,8,48
replica_01,4701,9.402,7,43
replica_01,4702,9.404,5,53
replica_01,4703,9.406,7,50
replica_01,4704,9.408,8,49
replica_01,4705,9.41,7,52
replica_01,4706,9.412,6,50
replica_01,4707,9.414,7,46
replica_01,4708,9.416,8,48
replica_01,4709,9.418,6,50
replica_01,4710,9.42,4,50
replica_01,4711,9.422,7,52
replica_01,4712,9.424,1,48
replica_01,4713,9.426,5,47
replica_01,4714,9.428,5,48
replica_01,4715,9.43,5,51
replica_01,4716,9.432,5,45
replica_01,4717,9.434,2,48
replica_01,4718,9.436,4,53
replica_01,4719,9.438,6,55
replica_01,4720,9.44,4,49
replica_01,4721,9.442,5,52
replica_01,4722,9.444,4,58
replica_01,4723,9.446,5,55
replica_01,4724,9.448,3,54
replica_01,4725,9.45,5,50
replica_01,4726,9.452,4,45
replica_01,4727,9.454,7,46
replica_01,4728,9.456,9,39
replica_01,4729,9.458,5,40
replica_01,4730,9.46,15,32
replica_01,4731,9.462,13,38
replica_01,4732,9.464,11,40
replica_01,4733,9.466,14,34
replica_01,4734,9.468,11,36
replica_01,4735,9.47,10,39
replica_01,4736,9.472,15,35
replica_01,4737,9.474,11,41
replica_01,4738,9.476,10,47
replica_01,4739,9.478,10,45
replica_01,4740,9.48,11,38
replica_01,4741,9.482,13,31
replica_01,4742,9.484,9,37
replica_01,4743,9.486,13,37
replica_01,4744,9.488,14,38
replica_01,4745,9.49,15,39
replica_01,4746,9.492,15,37
replica_01,4747,9.494,13,38
replica_01,4748,9.496,12,36
replica_01,4749,9.498,16,40
replica_01,4750,9.5,16,30
replica_01,4751,9.502,15,37
replica_01,4752,9.504,13,41
replica_01,4753,9.506,10,36
replica_01,4754,9.508,9,35
replica_01,4755,9.51,7,38
replica_01,4756,9.512,10,43
replica_01,4757,9.514,6,45
replica_01,4758,9.516,10,40
replica_01,4759,9.518,10,36
replica_01,4760,9.52,7,37
replica_01,4761,9.522,9,39
replica_01,4762,9.524,10,33
replica_01,4763,9.526,12,42
replica_01,4764,9.528,13,44
replica_01,4765,9.53,15,37
replica_01,4766,9.532,13,36
replica_01,4767,9.534,10,37
replica_01,4768,9.536,12,35
replica_01,4769,9.538,15,40
replica_01,4770,9.54,14,40
replica_01,4771,9.542,12,39
replica_01,4772,9.544,14,43
replica_01,4773,9.546,12,39
replica_01,4774,9.548,13,38
replica_01,4775,9.55,13,41
replica_01,4776,9.552,10,39
replica_01,4777,9.554,11,37
replica_01,4778,9.556,13,37
replica_01,4779,9.558,12,40
replica_01,4780,9.56,8,39
replica_01,4781,9.562,10,40
replica_01,4782,9.564,11,35
replica_01,4783,9.566,13,40
replica_01,4784,9.568,9,42
replica_01,4785,9.57,9,40
replica_01,4786,9.572,12,42
replica_01,4787,9.574,11,43
replica_01,4788,9.576,8,43
replica_01,4789,9.578,11,37
replica_01,4790,9.58,8,46
replica_01,4791,9.582,11,40
replica_01,4792,9.584,11,42
replica_01,4793,9.586,8,45
replica_01,4794,9.588,10,42
replica_01,4795,9.59,11,41
replica_01,4796,9.592,11,44
replica_01,4797,9.594,11,39
replica_01,4798,9.596,17,41
replica_01,4799,9.598,13,37
replica_01,4800,9.6,10,42
replica_01,4801,9.602,13,42
replica_01,4802,9.604,7,42
replica_01,4803,9.606,8,48
replica_01,4804,9.608,9,37
replica_01,4805,9.61,6,43
replica_01,4806,9.612,9,39
replica_01,4807,9.614,13,38
replica_01,4808,9.616,11,38
replica_01,4809,9.618,11,41
replica_01,4810,9.62,13,37
replica_01,4811,9.622,16,39
replica_01,4812,9.624,15,41
replica_01,4813,9.626,8,37
replica_01,4814,9.628,14,38
replica_01,4815,9.63,14,31
replica_01,4816,9.632,14,31
replica_01,4817,9.634,16,32
replica_01,4818,9.636,10,38
replica_01,4819,9.638,11,41
replica_01,4820,9.64,12,38
replica_01,4821,9.642,14,39
replica_01,4822,9.644,18,34
replica_01,4823,9.646,15,40
replica_01,4824,9.648,6,36
replica_01,4825,9.65,5,40
replica_01,4826,9.652,4,43
replica_01,4827,9.654,15,40
replica_01,4828,9.656,8,36
replica_01,4829,9.658,11,35
replica_01,4830,9.66,9,38
replica_01,4831,9.662,11,39
replica_01,4832,9.664,5,42
replica_01,4833,9.666,15,36
replica_01,4834,9.668,11,41
replica_01,4835,9.67,10,45
replica_01,4836,9.672,8,38
replica_01,4837,9.674,10,42
replica_01,4838,9.676,6,45
replica_01,4839,9.678,13,38
replica_01,4840,9.68,10,39
replica_01,4841,9.682,9,44
replica_01,4842,9.684,11,42
replica_01,4843,9.686,12,38
replica_01,4844,9.688,16,41
replica_01,4845,9.69,7,40
replica_01,4846,9.692,5,46
replica_01,4847,9.694,7,47
replica_01,4848,9.696,10,36
replica_01,4849,9.698,8,42
replica_01,4850,9.7,7,45
replica_01,4851,9.702,9,41
replica_01,4852,9.704,11,42
replica_01,4853,9.706,10,41
replica_01,4854,9.708,5,43
replica_01,4855,9.71,11,43
replica_01,4856,9.712,10,44
replica_01,4857,9.714,7,46
replica_01,4858,9.716,13,39
replica_01,4859,9.718,9,43
replica_01,4860,9.72,8,44
replica_01,4861,9.722,12,42
replica_01,4862,9.724,10,43
replica_01,4863,9.726,10,47
replica_01,4864,9.728,8,44
replica_01,4865,9.73,8,42
replica_01,4866,9.732,8,46
replica_01,4867,9.734,9,37
replica_01,4868,9.736,11,42
replica_01,4869,9.738,13,46
replica_01,4870,9.74,9,42
replica_01,4871,9.742,12,46
replica_01,4872,9.744,9,38
replica_01,4873,9.746,11,39
replica_01,4874,9.748,11,41
replica_01,4875,9.75,11,39
replica_01,4876,9.752,13,45
replica_01,4877,9.754,18,42
replica_01,4878,9.756,12,35
replica_01,4879,9.758,17,32
replica_01,4880,9.76,14,41
replica_01,4881,9.762,13,44
replica_01,4882,9.764,16,41
replica_01,4883,9.766,13,44
replica_01,4884,9.768,7,42
replica_01,4885,9.77,14,40
replica_01,4886,9.772,9,39
replica_01,4887,9.774,10,39
replica_01,4888,9.776,8,37
replica_01,4889,9.778,7,43
replica_01,4890,9.78,4,45
replica_01,4891,9.782,7,43
replica_01,4892,9.784,9,41
replica_01,4893,9.786,6,45
replica_01,4894,9.788,8,48
replica_01,4895,9.79,11,43
replica_01,4896,9.792,9,39
replica_01,4897,9.794,11,37
replica_01,4898,9.796,14,37
replica_01,4899,9.798,17,35
replica_01,4900,9.8,10,46
replica_01,4901,9.802,12,40
replica_01,4902,9.804,12,39
replica_01,4903,9.806,12,41
replica_01,4904,9.808,10,41
replica_01,4905,9.81,11,39
replica_01,4906,9.812,9,42
replica_01,4907,9.814,12,42
replica_01,4908,9.816,10,41
replica_01,4909,9.818,9,43
replica_01,4910,9.82,10,43
replica_01,4911,9.822,7,44
replica_01,4912,9.824,9,39
replica_01,4913,9.826,7,41
replica_01,4914,9.828,7,44
replica_01,4915,9.83,7,46
replica_01,4916,9.832,8,41
replica_01,4917,9.834,10,43
replica_01,4918,9.836,9,46
replica_01,4919,9.838,9,49
replica_01,4920,9.84,13,44
replica_01,4921,9.842,10,45
replica_01,4922,9.844,7,39
replica_01,4923,9.846,11,47
replica_01,4924,9.848,10,45
replica_01,4925,9.85,17,38
replica_01,4926,9.852,16,35
replica_01,4927,9.854,12,38
replica_01,4928,9.856,10,43
replica_01,4929,9.858,15,42
replica_01,4930,9.86,13,46
replica_01,4931,9.862,12,45
replica_01,4932,9.864,9,44
replica_01,4933,9.866,10,44
replica_01,4934,9.868,13,40
replica_01,4935,9.87,13,41
replica_01,4936,9.872,12,42
replica_01,4937,9.874,8,43
replica_01,4938,9.876,8,44
replica_01,4939,9.878,8,37
replica_01,4940,9.88,9,41
replica_01,4941,9.882,11,41
replica_01,4942,9.884,13,34
replica_01,4943,9.886,9,36
replica_01,4944,9.888,13,33
replica_01,4945,9.89,7,40
replica_01,4946,9.892,8,45
replica_01,4947,9.894,8,37
replica_01,4948,9.896,10,38
replica_01,4949,9.898,8,38
replica_01,4950,9.9,8,43
replica_01,4951,9.902,6,38
replica_01,4952,9.904,15,39
replica_01,4953,9.906,14,36
replica_01,4954,9.908,15,31
replica_01,4955,9.91,14,37
replica_01,4956,9.912,12,35
replica_01,4957,9.914,15,38
replica_01,4958,9.916,16,35
replica_01,4959,9.918,13,35
replica_01,4960,9.92,13,38
replica_01,4961,9.922,15,37
replica_01,4962,9.924,18,34
replica_01,4963,9.926,15,35
replica_01,4964,9.928,17,37
replica_01,4965,9.93,15,37
replica_01,4966,9.932,18,38
replica_01,4967,9.934,18,37
replica_01,4968,9.936,13,33
replica_01,4969,9.938,14,34
replica_01,4970,9.94,16,39
replica_01,4971,9.942,18,32
replica_01,4972,9.944,18,37
replica_01,4973,9.946,14,35
replica_01,4974,9.948,14,38
replica_01,4975,9.95,11,37
replica_01,4976,9.952,16,35
replica_01,4977,9.954,12,34
replica_01,4978,9.956,15,33
replica_01,4979,9.958,15,35
replica_01,4980,9.96,16,38
replica_01,4981,9.962,9,39
replica_01,4982,9.964,20,34
replica_01,4983,9.966,15,37
replica_01,4984,9.968,16,38
replica_01,4985,9.97,8,39
replica_01,4986,9.972,12,42
replica_01,4987,9.974,11,39
replica_01,4988,9.976,16,37
replica_01,4989,9.978,11,43
replica_01,4990,9.98,15,39
replica_01,4991,9.982,10,37
replica_01,4992,9.984,14,38
replica_01,4993,9.986,13,38
replica_01,4994,9.988,15,38
replica_01,4995,9.99,16,39
replica_01,4996,9.992,10,36
replica_01,4997,9.994,10,39
replica_01,4998,9.996,14,35
replica_01,4999,9.998,11,37
replica_01,5000,10.0,9,41
replica_02,1,0.002,14,38
replica_02,2,0.004,17,44
replica_02,3,0.006,16,38
replica_02,4,0.008,16,41
replica_02,5,0.01,16,43
replica_02,6,0.012,15,45
replica_02,7,0.014,16,35
replica_02,8,0.016,16,41
replica_02,9,0.018,15,42
replica_02,10,0.02,10,42
replica_02,11,0.022,12,44
replica_02,12,0.024,16,41
replica_02,13,0.026,12,44
replica_02,14,0.028,15,42
replica_02,15,0.03,16,39
replica_02,16,0.032,11,39
replica_02,17,0.034,12,43
replica_02,18,0.036,15,43
replica_02,19,0.038,14,46
replica_02,20,0.04,15,41
replica_02,21,0.042,19,41
replica_02,22,0.044,15,43
replica_02,23,0.046,12,42
replica_02,24,0.048,15,44
replica_02,25,0.05,14,43
replica_02,26,0.052,12,43
replica_02,27,0.054,11,44
replica_02,28,0.056,14,44
replica_02,29,0.058,14,46
replica_02,30,0.06,16,34
replica_02,31,0.062,16,39
replica_02,32,0.064,13,38
replica_02,33,0.066,15,42
replica_02,34,0.068,18,40
replica_02,35,0.07,14,43
replica_02,36,0.072,16,42
replica_02,37,0.074,13,44
replica_02,38,0.076,17,44
replica_02,39,0.078,12,36
replica_02,40,0.08,16,40
replica_02,41,0.082,17,48
replica_02,42,0.084,18,43
replica_02,43,0.086,16,42
replica_02,44,0.088,18,36
replica_02,45,0.09,15,42
replica_02,46,0.092,17,43
replica_02,47,0.094,11,43
replica_02,48,0.096,14,46
replica_02,49,0.098,17,34
replica_02,50,0.1,13,41
replica_02,51,0.102,14,42
replica_02,52,0.104,15,45
replica_02,53,0.106,13,39
replica_02,54,0.108,17,44
replica_02,55,0.11,14,36
replica_02,56,0.112,15,43
replica_02,57,0.114,13,40
replica_02,58,0.116,16,47
replica_02,59,0.118,17,41
replica_02,60,0.12,16,45
replica_02,61,0.122,16,44
replica_02,62,0.124,17,45
replica_02,63,0.126,12,45
replica_02,64,0.128,15,43
replica_02,65,0.13,17,39
replica_02,66,0.132,16,41
replica_02,67,0.134,14,34
replica_02,68,0.136,15,44
replica_02,69,0.138,10,44
replica_02,70,0.14,15,47
replica_02,71,0.142,14,46
replica_02,72,0.144,9,39
replica_02,73,0.146,13,43
replica_02,74,0.148,14,46
replica_02,75,0.15,16,39
replica_02,76,0.152,15,44
replica_02,77,0.154,9,43
replica_02,78,0.156,16,42
replica_02,79,0.158,12,42
replica_02,80,0.16,16,43
replica_02,81,0.162,15,40
replica_02,82,0.164,16,41
replica_02,83,0.166,11,42
replica_02,84,0.168,16,39
replica_02,85,0.17,16,38
replica_02,86,0.172,17,43
replica_02,87,0.174,21,38
replica_02,88,0.176,12,42
replica_02,89,0.178,13,45
replica_02,90,0.18,11,42
replica_02,91,0.182,14,37
replica_02,92,0.184,15,39
replica_02,93,0.186,14,40
replica_02,94,0.188,11,42
replica_02,95,0.19,14,47
replica_02,96,0.192,14,46
replica_02,97,0.194,14,40
replica_02,98,0.196,12,44
replica_02,99,0.198,20,41
replica_02,100,0.2,17,39
replica_02,101,0.202,18,40
replica_02,102,0.204,11,43
replica_02,103,0.206,18,45
replica_02,104,0.208,18,44
replica_02,105,0.21,18,47
replica_02,106,0.212,14,37
replica_02,107,0.214,18,43
replica_02,108,0.216,16,40
replica_02,109,0.218,10,37
replica_02,110,0.22,16,34
replica_02,111,0.222,15,42
replica_02,112,0.224,18,43
replica_02,113,0.226,17,35
replica_02,114,0.228,19,39
replica_02,115,0.23,18,43
replica_02,116,0.232,13,39
replica_02,117,0.234,12,41
replica_02,118,0.236,17,38
replica_02,119,0.238,20,40
replica_02,120,0.24,17,44
replica_02,121,0.242,11,46
replica_02,122,0.244,16,40
replica_02,123,0.246,11,44
replica_02,124,0.248,17,39
replica_02,125,0.25,22,36
replica_02,126,0.252,17,40
replica_02,127,0.254,11,41
replica_02,128,0.256,14,39
replica_02,129,0.258,13,36
replica_02,130,0.26,11,41
replica_02,131,0.262,12,38
replica_02,132,0.264,14,39
replica_02,133,0.266,17,39
replica_02,134,0.268,16,43
replica_02,135,0.27,16,37
replica_02,136,0.272,12,45
replica_02,137,0.274,16,37
replica_02,138,0.276,14,36
replica_02,139,0.278,6,38
replica_02,140,0.28,12,38
replica_02,141,0.282,15,36
replica_02,142,0.284,12,36
replica_02,143,0.286,13,35
replica_02,144,0.288,18,39
replica_02,145,0.29,18,36
replica_02,146,0.292,14,40
replica_02,147,0.294,17,38
replica_02,148,0.296,15,34
replica_02,149,0.298,15,39
replica_02,150,0.3,18,41
replica_02,151,0.302,18,37
replica_02,152,0.304,19,40
replica_02,153,0.306,16,37
replica_02,154,0.308,18,36
replica_02,155,0.31,17,36
replica_02,156,0.312,16,40
replica_02,157,0.314,17,40
replica_02,158,0.316,19,39
replica_02,159,0.318,18,40
replica_02,160,0.32,17,42
replica_02,161,0.322,13,40
replica_02,162,0.324,21,38
replica_02,163,0.326,15,38
replica_02,164,0.328,14,40
replica_02,165,0.33,14,41
replica_02,166,0.332,12,43
replica_02,167,0.334,13,35
replica_02,168,0.336,12,38
replica_02,169,0.338,13,38
replica_02,170,0.34,13,40
replica_02,171,0.342,13,42
replica_02,172,0.344,14,44
replica_02,173,0.346,12,36
replica_02,174,0.348,11,37
replica_02,175,0.35,11,38
replica_02,176,0.352,9,40
replica_02,177,0.354,12,41
replica_02,178,0.356,15,39
replica_02,179,0.358,9,41
replica_02,180,0.36,10,41
replica_02,181,0.362,13,39
replica_02,182,0.364,10,40
replica_02,183,0.366,12,43
replica_02,184,0.368,18,44
replica_02,185,0.37,15,38
replica_02,186,0.372,18,40
replica_02,187,0.374,15,36
replica_02,188,0.376,14,42
replica_02,189,0.378,14,41
replica_02,190,0.38,13,44
replica_02,191,0.382,14,35
replica_02,192,0.384,18,37
replica_02,193,0.386,14,38
replica_02,194,0.388,17,42
replica_02,195,0.39,13,37
replica_02,196,0.392,16,38
replica_02,197,0.394,17,37
replica_02,198,0.396,18,37
replica_02,199,0.398,18,41
replica_02,200,0.4,13,41
replica_02,201,0.402,20,38
replica_02,202,0.404,17,41
replica_02,203,0.406,16,33
replica_02,204,0.408,20,35
replica_02,205,0.41,13,40
replica_02,206,0.412,8,41
replica_02,207,0.414,13,39
replica_02,208,0.416,17,38
replica_02,209,0.418,12,39
replica_02,210,0.42,18,37
replica_02,211,0.422,17,39
replica_02,212,0.424,16,36
replica_02,213,0.426,15,42
replica_02,214,0.428,16,44
replica_02,215,0.43,16,42
replica_02,216,0.432,13,46
replica_02,217,0.434,14,37
replica_02,218,0.436,17,41
replica_02,219,0.438,16,41
replica_02,220,0.44,18,40
replica_02,221,0.442,18,39
replica_02,222,0.444,13,40
replica_02,223,0.446,18,40
replica_02,224,0.448,18,38
replica_02,225,0.45,16,41
replica_02,226,0.452,18,35
replica_02,227,0.454,16,33
replica_02,228,0.456,16,41
replica_02,229,0.458,16,36
replica_02,230,0.46,16,37
replica_02,231,0.462,16,44
replica_02,232,0.464,16,35
replica_02,233,0.466,16,38
replica_02,234,0.468,18,38
replica_02,235,0.47,16,39
replica_02,236,0.472,13,36
replica_02,237,0.474,16,41
replica_02,238,0.476,12,41
replica_02,239,0.478,16,38
replica_02,240,0.48,19,36
replica_02,241,0.482,13,41
replica_02,242,0.484,16,40
replica_02,243,0.486,16,39
replica_02,244,0.488,14,44
replica_02,245,0.49,10,40
replica_02,246,0.492,9,41
replica_02,247,0.494,9,48
replica_02,248,0.496,12,37
replica_02,249,0.498,9,39
replica_02,250,0.5,13,42
replica_02,251,0.502,8,40
replica_02,252,0.504,11,39
replica_02,253,0.506,10,36
replica_02,254,0.508,10,37
replica_02,255,0.51,11,40
replica_02,256,0.512,12,38
replica_02,257,0.514,14,33
replica_02,258,0.516,14,40
replica_02,259,0.518,13,36
replica_02,260,0.52,14,39
replica_02,261,0.522,18,37
replica_02,262,0.524,16,36
replica_02,263,0.526,14,36
replica_02,264,0.528,16,37
replica_02,265,0.53,13,36
replica_02,266,0.532,15,36
replica_02,267,0.534,14,43
replica_02,268,0.536,18,35
replica_02,269,0.538,6,41
replica_02,270,0.54,12,44
replica_02,271,0.542,14,36
replica_02,272,0.544,11,38
replica_02,273,0.546,14,40
replica_02,274,0.548,13,36
replica_02,275,0.55,16,36
replica_02,276,0.552,17,37
replica_02,277,0.554,16,38
replica_02,278,0.556,13,37
replica_02,279,0.558,15,42
replica_02,280,0.56,14,42
replica_02,281,0.562,11,36
replica_02,282,0.564,14,40
replica_02,283,0.566,13,37
replica_02,284,0.568,12,38
replica_02,285,0.57,13,36
replica_02,286,0.572,18,37
replica_02,287,0.574,14,38
replica_02,288,0.576,17,37
replica_02,289,0.578,12,38
replica_02,290,0.58,18,40
replica_02,291,0.582,15,39
replica_02,292,0.584,17,35
replica_02,293,0.586,17,38
replica_02,294,0.588,15,39
replica_02,295,0.59,15,41
replica_02,296,0.592,15,39
replica_02,297,0.594,13,43
replica_02,298,0.596,16,39
replica_02,299,0.598,17,40
replica_02,300,0.6,14,41
replica_02,301,0.602,16,42
replica_02,302,0.604,15,37
replica_02,303,0.606,17,37
replica_02,304,0.608,18,41
replica_02,305,0.61,16,37
replica_02,306,0.612,13,41
replica_02,307,0.614,14,38
replica_02,308,0.616,8,39
replica_02,309,0.618,10,37
replica_02,310,0.62,12,40
replica_02,311,0.622,9,37
replica_02,312,0.624,16,38
replica_02,313,0.626,15,42
replica_02,314,0.628,14,39
replica_02,315,0.63,18,36
replica_02,316,0.632,15,40
replica_02,317,0.634,16,41
replica_02,318,0.636,15,38
replica_02,319,0.638,12,42
replica_02,320,0.64,14,37
replica_02,321,0.642,15,40
replica_02,322,0.644,17,37
replica_02,323,0.646,17,39
replica_02,324,0.648,16,36
replica_02,325,0.65,12,38
replica_02,326,0.652,14,41
replica_02,327,0.654,13,39
replica_02,328,0.656,17,44
replica_02,329,0.658,16,40
replica_02,330,0.66,15,45
replica_02,331,0.662,13,42
replica_02,332,0.664,17,44
replica_02,333,0.666,14,38
replica_02,334,0.668,7,39
replica_02,335,0.67,9,38
replica_02,336,0.672,12,37
replica_02,337,0.674,14,42
replica_02,338,0.676,13,45
replica_02,339,0.678,15,38
replica_02,340,0.68,14,37
replica_02,341,0.682,16,41
replica_02,342,0.684,13,42
replica_02,343,0.686,14,29
replica_02,344,0.688,11,39
replica_02,345,0.69,17,37
replica_02,346,0.692,14,41
replica_02,347,0.694,16,40
replica_02,348,0.696,14,40
replica_02,349,0.698,14,40
replica_02,350,0.7,14,39
replica_02,351,0.702,15,42
replica_02,352,0.704,12,44
replica_02,353,0.706,6,43
replica_02,354,0.708,14,41
replica_02,355,0.71,18,38
replica_02,356,0.712,15,41
replica_02,357,0.714,19,39
replica_02,358,0.716,17,40
replica_02,359,0.718,16,38
replica_02,360,0.72,15,34
replica_02,361,0.722,16,39
replica_02,362,0.724,18,42
replica_02,363,0.726,16,41
replica_02,364,0.728,18,34
replica_02,365,0.73,11,41
replica_02,366,0.732,16,39
replica_02,367,0.734,17,28
replica_02,368,0.736,16,34
replica_02,369,0.738,17,37
replica_02,370,0.74,17,33
replica_02,371,0.742,15,37
replica_02,372,0.744,19,35
replica_02,373,0.746,17,38
replica_02,374,0.748,17,38
replica_02,375,0.75,20,34
replica_02,376,0.752,15,30
replica_02,377,0.754,13,35
replica_02,378,0.756,20,35
replica_02,379,0.758,20,30
replica_02,380,0.76,20,29
replica_02,381,0.762,17,33
replica_02,382,0.764,15,34
replica_02,383,0.766,19,36
replica_02,384,0.768,17,34
replica_02,385,0.77,19,35
replica_02,386,0.772,18,37
replica_02,387,0.774,7,43
replica_02,388,0.776,18,41
replica_02,389,0.778,16,39
replica_02,390,0.78,18,36
replica_02,391,0.782,19,36
replica_02,392,0.784,19,39
replica_02,393,0.786,13,43
replica_02,394,0.788,20,38
replica_02,395,0.79,21,37
replica_02,396,0.792,18,34
replica_02,397,0.794,19,33
replica_02,398,0.796,16,41
replica_02,399,0.798,18,36
replica_02,400,0.8,16,42
replica_02,401,0.802,17,37
replica_02,402,0.804,16,41
replica_02,403,0.806,16,38
replica_02,404,0.808,18,40
replica_02,405,0.81,18,33
replica_02,406,0.812,18,32
replica_02,407,0.814,12,39
replica_02,408,0.816,14,39
replica_02,409,0.818,17,39
replica_02,410,0.82,12,40
replica_02,411,0.822,14,39
replica_02,412,0.824,13,37
replica_02,413,0.826,12,39
replica_02,414,0.828,9,40
replica_02,415,0.83,13,41
replica_02,416,0.832,6,44
replica_02,417,0.834,10,48
replica_02,418,0.836,12,43
replica_02,419,0.838,15,48
replica_02,420,0.84,10,45
replica_02,421,0.842,14,51
replica_02,422,0.844,10,42
replica_02,423,0.846,15,43
replica_02,424,0.848,15,44
replica_02,425,0.85,20,40
replica_02,426,0.852,16,39
replica_02,427,0.854,16,41
replica_02,428,0.856,15,43
replica_02,429,0.858,19,34
replica_02,430,0.86,17,38
replica_02,431,0.862,17,38
replica_02,432,0.864,14,43
replica_02,433,0.866,16,41
replica_02,434,0.868,13,39
replica_02,435,0.87,14,43
replica_02,436,0.872,14,40
replica_02,437,0.874,17,39
replica_02,438,0.876,14,40
replica_02,439,0.878,13,43
replica_02,440,0.88,16,39
replica_02,441,0.882,17,46
replica_02,442,0.884,21,38
replica_02,443,0.886,18,37
replica_02,444,0.888,21,39
replica_02,445,0.89,14,41
replica_02,446,0.892,15,45
replica_02,447,0.894,18,38
replica_02,448,0.896,16,41
replica_02,449,0.898,17,43
replica_02,450,0.9,18,41
replica_02,451,0.902,17,39
replica_02,452,0.904,18,39
replica_02,453,0.906,12,41
replica_02,454,0.908,16,39
replica_02,455,0.91,17,37
replica_02,456,0.912,19,39
replica_02,457,0.914,12,45
replica_02,458,0.916,20,39
replica_02,459,0.918,20,37
replica_02,460,0.92,20,39
replica_02,461,0.922,17,37
replica_02,462,0.924,12,47
replica_02,463,0.926,13,40
replica_02,464,0.928,16,39
replica_02,465,0.93,16,39
replica_02,466,0.932,17,37
replica_02,467,0.934,15,40
replica_02,468,0.936,13,49
replica_02,469,0.938,15,44
replica_02,470,0.94,16,42
replica_02,471,0.942,14,42
replica_02,472,0.944,14,41
replica_02,473,0.946,14,47
replica_02,474,0.948,16,42
replica_02,475,0.95,16,38
replica_02,476,0.952,17,43
replica_02,477,0.954,19,40
replica_02,478,0.956,15,44
replica_02,479,0.958,17,44
replica_02,480,0.96,15,47
replica_02,481,0.962,14,45
replica_02,482,0.964,14,39
replica_02,483,0.966,20,37
replica_02,484,0.968,18,38
replica_02,485,0.97,13,44
replica_02,486,0.972,18,44
replica_02,487,0.974,15,42
replica_02,488,0.976,17,40
replica_02,489,0.978,18,42
replica_02,490,0.98,18,42
replica_02,491,0.982,17,39
replica_02,492,0.984,17,43
replica_02,493,0.986,17,43
replica_02,494,0.988,14,49
replica_02,495,0.99,19,43
replica_02,496,0.992,18,40
replica_02,497,0.994,11,41
replica_02,498,0.996,15,46
replica_02,499,0.998,13,45
replica_02,500,1.0,16,43
replica_02,501,1.002,15,44
replica_02,502,1.004,15,38
replica_02,503,1.006,18,43
replica_02,504,1.008,15,44
replica_02,505,1.01,18,40
replica_02,506,1.012,15,44
replica_02,507,1.014,17,42
replica_02,508,1.016,15,38
replica_02,509,1.018,18,39
replica_02,510,1.02,14,44
replica_02,511,1.022,13,44
replica_02,512,1.024,18,40
replica_02,513,1.026,15,43
replica_02,514,1.028,18,44
replica_02,515,1.03,15,36
replica_02,516,1.032,16,44
replica_02,517,1.034,17,41
replica_02,518,1.036,18,45
replica_02,519,1.038,17,39
replica_02,520,1.04,16,46
replica_02,521,1.042,13,36
replica_02,522,1.044,17,40
replica_02,523,1.046,16,41
replica_02,524,1.048,17,35
replica_02,525,1.05,19,41
replica_02,526,1.052,18,33
replica_02,527,1.054,17,35
replica_02,528,1.056,13,39
replica_02,529,1.058,15,41
replica_02,530,1.06,19,35
replica_02,531,1.062,16,38
replica_02,532,1.064,16,40
replica_02,533,1.066,16,37
replica_02,534,1.068,16,37
replica_02,535,1.07,13,35
replica_02,536,1.072,23,34
replica_02,537,1.074,18,32
replica_02,538,1.076,21,38
replica_02,539,1.078,16,28
replica_02,540,1.08,23,31
replica_02,541,1.082,18,33
replica_02,542,1.084,17,31
replica_02,543,1.086,17,34
replica_02,544,1.088,13,34
replica_02,545,1.09,17,32
replica_02,546,1.092,19,33
replica_02,547,1.094,19,38
replica_02,548,1.096,14,35
replica_02,549,1.098,19,34
replica_02,550,1.1,17,39
replica_02,551,1.102,20,39
replica_02,552,1.104,22,35
replica_02,553,1.106,17,35
replica_02,554,1.108,18,30
replica_02,555,1.11,19,35
replica_02,556,1.112,12,38
replica_02,557,1.114,20,34
replica_02,558,1.116,15,37
replica_02,559,1.118,22,32
replica_02,560,1.12,14,31
replica_02,561,1.122,16,36
replica_02,562,1.124,19,33
replica_02,563,1.126,18,36
replica_02,564,1.128,12,33
replica_02,565,1.13,14,39
replica_02,566,1.132,20,33
replica_02,567,1.134,13,39
replica_02,568,1.136,12,35
replica_02,569,1.138,13,45
replica_02,570,1.14,12,48
replica_02,571,1.142,11,43
replica_02,572,1.144,15,39
replica_02,573,1.146,14,47
replica_02,574,1.148,6,51
replica_02,575,1.15,9,43
replica_02,576,1.152,8,47
replica_02,577,1.154,13,36
replica_02,578,1.156,17,39
replica_02,579,1.158,11,47
replica_02,580,1.16,13,47
replica_02,581,1.162,15,42
replica_02,582,1.164,14,43
replica_02,583,1.166,15,42
replica_02,584,1.168,20,41
replica_02,585,1.17,13,38
replica_02,586,1.172,21,38
replica_02,587,1.174,13,39
replica_02,588,1.176,15,43
replica_02,589,1.178,20,42
replica_02,590,1.18,13,44
replica_02,591,1.182,13,44
replica_02,592,1.184,14,39
replica_02,593,1.186,17,40
replica_02,594,1.188,19,39
replica_02,595,1.19,17,36
replica_02,596,1.192,20,38
replica_02,597,1.194,15,41
replica_02,598,1.196,9,42
replica_02,599,1.198,17,39
replica_02,600,1.2,16,41
replica_02,601,1.202,13,41
replica_02,602,1.204,17,48
replica_02,603,1.206,15,44
replica_02,604,1.208,11,42
replica_02,605,1.21,17,42
replica_02,606,1.212,15,41
replica_02,607,1.214,19,38
replica_02,608,1.216,15,43
replica_02,609,1.218,13,33
replica_02,610,1.22,14,34
replica_02,611,1.222,17,38
replica_02,612,1.224,16,42
replica_02,613,1.226,17,39
replica_02,614,1.228,14,38
replica_02,615,1.23,13,43
replica_02,616,1.232,17,41
replica_02,617,1.234,13,39
replica_02,618,1.236,13,40
replica_02,619,1.238,20,37
replica_02,620,1.24,14,42
replica_02,621,1.242,23,39
replica_02,622,1.244,18,33
replica_02,623,1.246,23,35
replica_02,624,1.248,19,34
replica_02,625,1.25,21,38
replica_02,626,1.252,19,37
replica_02,627,1.254,19,34
replica_02,628,1.256,21,38
replica_02,629,1.258,20,38
replica_02,630,1.26,17,37
replica_02,631,1.262,24,33
replica_02,632,1.264,21,28
replica_02,633,1.266,19,36
replica_02,634,1.268,20,32
replica_02,635,1.27,15,36
replica_02,636,1.272,17,33
replica_02,637,1.274,24,31
replica_02,638,1.276,20,34
replica_02,639,1.278,16,34
replica_02,640,1.28,22,38
replica_02,641,1.282,20,35
replica_02,642,1.284,19,38
replica_02,643,1.286,14,37
replica_02,644,1.288,14,46
replica_02,645,1.29,15,43
replica_02,646,1.292,17,48
replica_02,647,1.294,14,43
replica_02,648,1.296,16,40
replica_02,649,1.298,15,41
replica_02,650,1.3,15,43
replica_02,651,1.302,18,44
replica_02,652,1.304,18,40
replica_02,653,1.306,18,39
replica_02,654,1.308,18,39
replica_02,655,1.31,16,41
replica_02,656,1.312,17,39
replica_02,657,1.314,13,44
replica_02,658,1.316,19,43
replica_02,659,1.318,17,39
replica_02,660,1.32,17,40
replica_02,661,1.322,16,40
replica_02,662,1.324,18,35
replica_02,663,1.326,19,37
replica_02,664,1.328,21,40
replica_02,665,1.33,16,40
replica_02,666,1.332,14,40
replica_02,667,1.334,17,40
replica_02,668,1.336,16,40
replica_02,669,1.338,15,44
replica_02,670,1.34,16,41
replica_02,671,1.342,16,42
replica_02,672,1.344,18,37
replica_02,673,1.346,18,34
replica_02,674,1.348,16,40
replica_02,675,1.35,15,42
replica_02,676,1.352,18,42
replica_02,677,1.354,18,40
replica_02,678,1.356,18,42
replica_02,679,1.358,18,47
replica_02,680,1.36,16,43
replica_02,681,1.362,17,43
replica_02,682,1.364,12,37
replica_02,683,1.366,12,40
replica_02,684,1.368,17,40
replica_02,685,1.37,12,43
replica_02,686,1.372,15,37
replica_02,687,1.374,18,43
replica_02,688,1.376,18,43
replica_02,689,1.378,17,42
replica_02,690,1.38,16,43
replica_02,691,1.382,15,37
replica_02,692,1.384,16,36
replica_02,693,1.386,15,43
replica_02,694,1.388,17,43
replica_02,695,1.39,12,41
replica_02,696,1.392,16,46
replica_02,697,1.394,15,46
replica_02,698,1.396,16,45
replica_02,699,1.398,20,40
replica_02,700,1.4,16,41
replica_02,701,1.402,14,47
replica_02,702,1.404,18,46
replica_02,703,1.406,16,42
replica_02,704,1.408,17,44
replica_02,705,1.41,17,46
replica_02,706,1.412,16,43
replica_02,707,1.414,13,51
replica_02,708,1.416,15,39
replica_02,709,1.418,15,41
replica_02,710,1.42,14,45
replica_02,711,1.422,15,43
replica_02,712,1.424,15,40
replica_02,713,1.426,13,44
replica_02,714,1.428,17,41
replica_02,715,1.43,17,40
replica_02,716,1.432,16,39
replica_02,717,1.434,16,42
replica_02,718,1.436,14,38
replica_02,719,1.438,18,41
replica_02,720,1.44,16,43
replica_02,721,1.442,18,40
replica_02,722,1.444,10,34
replica_02,723,1.446,12,43
replica_02,724,1.448,14,38
replica_02,725,1.45,18,41
replica_02,726,1.452,10,43
replica_02,727,1.454,17,44
replica_02,728,1.456,15,39
replica_02,729,1.458,17,41
replica_02,730,1.46,16,41
replica_02,731,1.462,16,44
replica_02,732,1.464,15,45
replica_02,733,1.466,14,41
replica_02,734,1.468,19,43
replica_02,735,1.47,16,44
replica_02,736,1.472,18,40
replica_02,737,1.474,17,40
replica_02,738,1.476,14,39
replica_02,739,1.478,15,41
replica_02,740,1.48,17,42
replica_02,741,1.482,17,38
replica_02,742,1.484,17,41
replica_02,743,1.486,12,41
replica_02,744,1.488,14,43
replica_02,745,1.49,15,43
replica_02,746,1.492,23,36
replica_02,747,1.494,22,38
replica_02,748,1.496,18,35
replica_02,749,1.498,18,41
replica_02,750,1.5,18,38
replica_02,751,1.502,16,42
replica_02,752,1.504,14,41
replica_02,753,1.506,15,39
replica_02,754,1.508,18,38
replica_02,755,1.51,8,44
replica_02,756,1.512,16,47
replica_02,757,1.514,18,41
replica_02,758,1.516,17,43
replica_02,759,1.518,18,40
replica_02,760,1.52,19,39
replica_02,761,1.522,15,39
replica_02,762,1.524,17,44
replica_02,763,1.526,14,39
replica_02,764,1.528,11,42
replica_02,765,1.53,11,43
replica_02,766,1.532,15,34
replica_02,767,1.534,15,38
replica_02,768,1.536,14,40
replica_02,769,1.538,17,35
replica_02,770,1.54,14,46
replica_02,771,1.542,18,40
replica_02,772,1.544,15,39
replica_02,773,1.546,16,40
replica_02,774,1.548,17,46
replica_02,775,1.55,19,43
replica_02,776,1.552,9,40
replica_02,777,1.554,10,43
replica_02,778,1.556,14,40
replica_02,779,1.558,19,38
replica_02,780,1.56,16,40
replica_02,781,1.562,14,37
replica_02,782,1.564,15,42
replica_02,783,1.566,14,40
replica_02,784,1.568,19,41
replica_02,785,1.57,19,42
replica_02,786,1.572,20,38
replica_02,787,1.574,16,37
replica_02,788,1.576,20,36
replica_02,789,1.578,19,39
replica_02,790,1.58,15,40
replica_02,791,1.582,14,38
replica_02,792,1.584,18,43
replica_02,793,1.586,22,40
replica_02,794,1.588,18,39
replica_02,795,1.59,12,44
replica_02,796,1.592,14,39
replica_02,797,1.594,14,43
replica_02,798,1.596,14,40
replica_02,799,1.598,15,39
replica_02,800,1.6,17,39
replica_02,801,1.602,23,39
replica_02,802,1.604,16,41
replica_02,803,1.606,16,41
replica_02,804,1.608,15,44
replica_02,805,1.61,17,42
replica_02,806,1.612,16,37
replica_02,807,1.614,17,42
replica_02,808,1.616,17,38
replica_02,809,1.618,16,41
replica_02,810,1.62,14,37
replica_02,811,1.622,22,36
replica_02,812,1.624,16,40
replica_02,813,1.626,19,39
replica_02,814,1.628,18,41
replica_02,815,1.63,18,39
replica_02,816,1.632,15,40
replica_02,817,1.634,16,36
replica_02,818,1.636,18,45
replica_02,819,1.638,17,39
replica_02,820,1.64,17,42
replica_02,821,1.642,18,43
replica_02,822,1.644,18,39
replica_02,823,1.646,17,40
replica_02,824,1.648,14,37
replica_02,825,1.65,13,42
replica_02,826,1.652,15,40
replica_02,827,1.654,18,46
replica_02,828,1.656,16,40
replica_02,829,1.658,13,37
replica_02,830,1.66,13,37
replica_02,831,1.662,16,34
replica_02,832,1.664,15,40
replica_02,833,1.666,16,43
replica_02,834,1.668,17,44
replica_02,835,1.67,17,41
replica_02,836,1.672,15,41
replica_02,837,1.674,13,42
replica_02,838,1.676,20,43
replica_02,839,1.678,18,41
replica_02,840,1.68,18,40
replica_02,841,1.682,18,40
replica_02,842,1.684,21,37
replica_02,843,1.686,17,35
replica_02,844,1.688,14,43
replica_02,845,1.69,17,40
replica_02,846,1.692,17,39
replica_02,847,1.694,17,40
replica_02,848,1.696,17,42
replica_02,849,1.698,17,41
replica_02,850,1.7,15,39
replica_02,851,1.702,16,39
replica_02,852,1.704,19,40
replica_02,853,1.706,17,37
replica_02,854,1.708,17,40
replica_02,855,1.71,19,43
replica_02,856,1.712,21,35
replica_02,857,1.714,17,36
replica_02,858,1.716,22,35
replica_02,859,1.718,17,43
replica_02,860,1.72,19,36
replica_02,861,1.722,15,43
replica_02,862,1.724,16,42
replica_02,863,1.726,15,40
replica_02,864,1.728,16,39
replica_02,865,1.73,16,38
replica_02,866,1.732,15,45
replica_02,867,1.734,17,30
replica_02,868,1.736,7,43
replica_02,869,1.738,9,42
replica_02,870,1.74,7,41
replica_02,871,1.742,7,44
replica_02,872,1.744,18,43
replica_02,873,1.746,17,36
replica_02,874,1.748,14,40
replica_02,875,1.75,18,40
replica_02,876,1.752,14,38
replica_02,877,1.754,17,41
replica_02,878,1.756,20,37
replica_02,879,1.758,16,40
replica_02,880,1.76,16,38
replica_02,881,1.762,20,43
replica_02,882,1.764,15,37
replica_02,883,1.766,15,46
replica_02,884,1.768,16,41
replica_02,885,1.77,20,39
replica_02,886,1.772,17,36
replica_02,887,1.774,19,39
replica_02,888,1.776,22,39
replica_02,889,1.778,19,37
replica_02,890,1.78,16,36
replica_02,891,1.782,16,39
replica_02,892,1.784,16,39
replica_02,893,1.786,16,43
replica_02,894,1.788,19,40
replica_02,895,1.79,15,45
replica_02,896,1.792,17,47
replica_02,897,1.794,18,38
replica_02,898,1.796,17,42
replica_02,899,1.798,11,40
replica_02,900,1.8,14,42
replica_02,901,1.802,17,41
replica_02,902,1.804,18,39
replica_02,903,1.806,16,45
replica_02,904,1.808,17,36
replica_02,905,1.81,17,39
replica_02,906,1.812,18,37
replica_02,907,1.814,22,38
replica_02,908,1.816,19,38
replica_02,909,1.818,15,38
replica_02,910,1.82,15,41
replica_02,911,1.822,17,40
replica_02,912,1.824,18,39
replica_02,913,1.826,18,40
replica_02,914,1.828,15,41
replica_02,915,1.83,13,39
replica_02,916,1.832,16,39
replica_02,917,1.834,14,39
replica_02,918,1.836,13,41
replica_02,919,1.838,14,41
replica_02,920,1.84,17,38
replica_02,921,1.842,19,36
replica_02,922,1.844,20,41
replica_02,923,1.846,10,42
replica_02,924,1.848,12,41
replica_02,925,1.85,14,42
replica_02,926,1.852,18,39
replica_02,927,1.854,10,46
replica_02,928,1.856,16,46
replica_02,929,1.858,17,38
replica_02,930,1.86,13,43
replica_02,931,1.862,17,42
replica_02,932,1.864,12,42
replica_02,933,1.866,14,45
replica_02,934,1.868,18,39
replica_02,935,1.87,15,40
replica_02,936,1.872,18,38
replica_02,937,1.874,20,40
replica_02,938,1.876,16,35
replica_02,939,1.878,19,36
replica_02,940,1.88,17,42
replica_02,941,1.882,19,37
replica_02,942,1.884,18,42
replica_02,943,1.886,16,40
replica_02,944,1.888,18,41
replica_02,945,1.89,17,38
replica_02,946,1.892,16,40
replica_02,947,1.894,18,35
replica_02,948,1.896,16,35
replica_02,949,1.898,17,38
replica_02,950,1.9,14,35
replica_02,951,1.902,17,41
replica_02,952,1.904,13,39
replica_02,953,1.906,12,40
replica_02,954,1.908,14,36
replica_02,955,1.91,13,39
replica_02,956,1.912,9,38
replica_02,957,1.914,15,38
replica_02,958,1.916,11,41
replica_02,959,1.918,16,39
replica_02,960,1.92,16,35
replica_02,961,1.922,13,37
replica_02,962,1.924,12,41
replica_02,963,1.926,17,39
replica_02,964,1.928,12,38
replica_02,965,1.93,14,40
replica_02,966,1.932,17,36
replica_02,967,1.934,18,42
replica_02,968,1.936,17,36
replica_02,969,1.938,15,38
replica_02,970,1.94,12,44
replica_02,971,1.942,15,42
replica_02,972,1.944,15,41
replica_02,973,1.946,15,43
replica_02,974,1.948,18,37
replica_02,975,1.95,16,45
replica_02,976,1.952,17,39
replica_02,977,1.954,16,41
replica_02,978,1.956,18,37
replica_02,979,1.958,17,33
replica_02,980,1.96,16,43
replica_02,981,1.962,13,37
replica_02,982,1.964,14,36
replica_02,983,1.966,13,40
replica_02,984,1.968,19,31
replica_02,985,1.97,20,34
replica_02,986,1.972,19,37
replica_02,987,1.974,21,27
replica_02,988,1.976,17,31
replica_02,989,1.978,18,34
replica_02,990,1.98,21,35
replica_02,991,1.982,15,33
replica_02,992,1.984,20,32
replica_02,993,1.986,17,34
replica_02,994,1.988,22,35
replica_02,995,1.99,12,41
replica_02,996,1.992,19,36
replica_02,997,1.994,13,40
replica_02,998,1.996,18,42
replica_02,999,1.998,16,42
replica_02,1000,2.0,13,44
replica_02,1001,2.002,18,42
replica_02,1002,2.004,15,38
replica_02,1003,2.006,17,41
replica_02,1004,2.008,19,40
replica_02,1005,2.01,17,42
replica_02,1006,2.012,19,42
replica_02,1007,2.014,16,39
replica_02,1008,2.016,14,38
replica_02,1009,2.018,20,41
replica_02,1010,2.02,17,39
replica_02,1011,2.022,18,45
replica_02,1012,2.024,16,41
replica_02,1013,2.026,16,37
replica_02,1014,2.028,11,39
replica_02,1015,2.03,15,38
replica_02,1016,2.032,9,43
replica_02,1017,2.034,15,40
replica_02,1018,2.036,15,40
replica_02,1019,2.038,8,39
replica_02,1020,2.04,15,38
replica_02,1021,2.042,16,34
replica_02,1022,2.044,17,34
replica_02,1023,2.046,16,37
replica_02,1024,2.048,15,43
replica_02,1025,2.05,17,35
replica_02,1026,2.052,11,41
replica_02,1027,2.054,16,37
replica_02,1028,2.056,14,38
replica_02,1029,2.058,17,34
replica_02,1030,2.06,17,32
replica_02,1031,2.062,17,33
replica_02,1032,2.064,17,35
replica_02,1033,2.066,18,34
replica_02,1034,2.068,18,35
replica_02,1035,2.07,12,34
replica_02,1036,2.072,14,33
replica_02,1037,2.074,22,31
replica_02,1038,2.076,20,28
replica_02,1039,2.078,11,40
replica_02,1040,2.08,10,42
replica_02,1041,2.082,12,32
replica_02,1042,2.084,11,35
replica_02,1043,2.086,12,34
replica_02,1044,2.088,14,31
replica_02,1045,2.09,13,33
replica_02,1046,2.092,9,38
replica_02,1047,2.094,9,34
replica_02,1048,2.096,10,38
replica_02,1049,2.098,8,42
replica_02,1050,2.1,6,42
replica_02,1051,2.102,11,36
replica_02,1052,2.104,8,40
replica_02,1053,2.106,10,36
replica_02,1054,2.108,5,45
replica_02,1055,2.11,12,44
replica_02,1056,2.112,10,40
replica_02,1057,2.114,8,38
replica_02,1058,2.116,12,35
replica_02,1059,2.118,17,40
replica_02,1060,2.12,6,37
replica_02,1061,2.122,10,41
replica_02,1062,2.124,15,38
replica_02,1063,2.126,12,40
replica_02,1064,2.128,10,36
replica_02,1065,2.13,8,40
replica_02,1066,2.132,14,39
replica_02,1067,2.134,13,37
replica_02,1068,2.136,11,37
replica_02,1069,2.138,10,35
replica_02,1070,2.14,9,39
replica_02,1071,2.142,8,34
replica_02,1072,2.144,7,35
replica_02,1073,2.146,9,38
replica_02,1074,2.148,11,41
replica_02,1075,2.15,8,49
replica_02,1076,2.152,4,46
replica_02,1077,2.154,4,44
replica_02,1078,2.156,5,46
replica_02,1079,2.158,4,44
replica_02,1080,2.16,6,42
replica_02,1081,2.162,5,49
replica_02,1082,2.164,5,50
replica_02,1083,2.166,5,46
replica_02,1084,2.168,5,52
replica_02,1085,2.17,5,48
replica_02,1086,2.172,9,46
replica_02,1087,2.174,5,43
replica_02,1088,2.176,6,44
replica_02,1089,2.178,10,42
replica_02,1090,2.18,10,43
replica_02,1091,2.182,8,45
replica_02,1092,2.184,9,40
replica_02,1093,2.186,5,46
replica_02,1094,2.188,8,41
replica_02,1095,2.19,4,46
replica_02,1096,2.192,7,47
replica_02,1097,2.194,4,53
replica_02,1098,2.196,3,52
replica_02,1099,2.198,4,43
replica_02,1100,2.2,4,51
replica_02,1101,2.202,5,44
replica_02,1102,2.204,5,52
replica_02,1103,2.206,4,47
replica_02,1104,2.208,5,48
replica_02,1105,2.21,7,45
replica_02,1106,2.212,7,40
replica_02,1107,2.214,8,39
replica_02,1108,2.216,7,40
replica_02,1109,2.218,12,39
replica_02,1110,2.22,11,33
replica_02,1111,2.222,13,32
replica_02,1112,2.224,8,39
replica_02,1113,2.226,12,36
replica_02,1114,2.228,11,37
replica_02,1115,2.23,12,42
replica_02,1116,2.232,10,42
replica_02,1117,2.234,19,39
replica_02,1118,2.236,17,38
replica_02,1119,2.238,13,37
replica_02,1120,2.24,19,35
replica_02,1121,2.242,19,39
replica_02,1122,2.244,15,37
replica_02,1123,2.246,15,40
replica_02,1124,2.248,15,37
replica_02,1125,2.25,18,40
replica_02,1126,2.252,13,36
replica_02,1127,2.254,16,34
replica_02,1128,2.256,10,41
replica_02,1129,2.258,11,33
replica_02,1130,2.26,8,36
replica_02,1131,2.262,10,36
replica_02,1132,2.264,11,35
replica_02,1133,2.266,11,37
replica_02,1134,2.268,18,35
replica_02,1135,2.27,20,34
replica_02,1136,2.272,15,28
replica_02,1137,2.274,16,30
replica_02,1138,2.276,21,30
replica_02,1139,2.278,17,34
replica_02,1140,2.28,19,30
replica_02,1141,2.282,9,37
replica_02,1142,2.284,18,41
replica_02,1143,2.286,15,36
replica_02,1144,2.288,17,35
replica_02,1145,2.29,20,37
replica_02,1146,2.292,20,36
replica_02,1147,2.294,21,30
replica_02,1148,2.296,14,35
replica_02,1149,2.298,17,37
replica_02,1150,2.3,17,34
replica_02,1151,2.302,21,31
replica_02,1152,2.304,12,36
replica_02,1153,2.306,17,31
replica_02,1154,2.308,15,25
replica_02,1155,2.31,14,31
replica_02,1156,2.312,19,32
replica_02,1157,2.314,13,39
replica_02,1158,2.316,11,30
replica_02,1159,2.318,13,31
replica_02,1160,2.32,14,33
replica_02,1161,2.322,17,32
replica_02,1162,2.324,11,29
replica_02,1163,2.326,15,32
replica_02,1164,2.328,11,40
replica_02,1165,2.33,12,34
replica_02,1166,2.332,22,31
replica_02,1167,2.334,15,36
replica_02,1168,2.336,15,33
replica_02,1169,2.338,23,29
replica_02,1170,2.34,21,29
replica_02,1171,2.342,21,29
replica_02,1172,2.344,20,32
replica_02,1173,2.346,20,32
replica_02,1174,2.348,15,29
replica_02,1175,2.35,23,26
replica_02,1176,2.352,20,32
replica_02,1177,2.354,19,34
replica_02,1178,2.356,17,33
replica_02,1179,2.358,21,33
replica_02,1180,2.36,20,31
replica_02,1181,2.362,18,32
replica_02,1182,2.364,19,31
replica_02,1183,2.366,13,32
replica_02,1184,2.368,24,30
replica_02,1185,2.37,19,36
replica_02,1186,2.372,18,30
replica_02,1187,2.374,20,34
replica_02,1188,2.376,23,32
replica_02,1189,2.378,17,29
replica_02,1190,2.38,19,28
replica_02,1191,2.382,23,26
replica_02,1192,2.384,16,31
replica_02,1193,2.386,13,35
replica_02,1194,2.388,19,33
replica_02,1195,2.39,19,31
replica_02,1196,2.392,17,33
replica_02,1197,2.394,18,32
replica_02,1198,2.396,17,29
replica_02,1199,2.398,18,32
replica_02,1200,2.4,19,30
replica_02,1201,2.402,19,33
replica_02,1202,2.404,24,28
replica_02,1203,2.406,24,28
replica_02,1204,2.408,21,27
replica_02,1205,2.41,28,27
replica_02,1206,2.412,13,29
replica_02,1207,2.414,25,32
replica_02,1208,2.416,21,31
replica_02,1209,2.418,17,36
replica_02,1210,2.42,23,34
replica_02,1211,2.422,14,34
replica_02,1212,2.424,12,33
replica_02,1213,2.426,15,29
replica_02,1214,2.428,17,34
replica_02,1215,2.43,23,36
replica_02,1216,2.432,19,28
replica_02,1217,2.434,23,31
replica_02,1218,2.436,19,31
replica_02,1219,2.438,23,28
replica_02,1220,2.44,15,33
replica_02,1221,2.442,14,32
replica_02,1222,2.444,21,27
replica_02,1223,2.446,22,28
replica_02,1224,2.448,18,28
replica_02,1225,2.45,24,26
replica_02,1226,2.452,21,30
replica_02,1227,2.454,28,24
replica_02,1228,2.456,28,25
replica_02,1229,2.458,20,27
replica_02,1230,2.46,22,32
replica_02,1231,2.462,19,29
replica_02,1232,2.464,20,28
replica_02,1233,2.466,18,27
replica_02,1234,2.468,21,33
replica_02,1235,2.47,26,28
replica_02,1236,2.472,20,28
replica_02,1237,2.474,22,31
replica_02,1238,2.476,23,28
replica_02,1239,2.478,25,27
replica_02,1240,2.48,21,30
replica_02,1241,2.482,20,33
replica_02,1242,2.484,23,30
replica_02,1243,2.486,23,27
replica_02,1244,2.488,15,33
replica_02,1245,2.49,14,27
replica_02,1246,2.492,19,30
replica_02,1247,2.494,20,32
replica_02,1248,2.496,19,29
replica_02,1249,2.498,18,25
replica_02,1250,2.5,20,24
replica_02,1251,2.502,18,27
replica_02,1252,2.504,25,28
replica_02,1253,2.506,23,26
replica_02,1254,2.508,22,26
replica_02,1255,2.51,20,25
replica_02,1256,2.512,17,32
replica_02,1257,2.514,25,31
replica_02,1258,2.516,16,27
replica_02,1259,2.518,23,28
replica_02,1260,2.52,22,27
replica_02,1261,2.522,16,29
replica_02,1262,2.524,22,25
replica_02,1263,2.526,25,25
replica_02,1264,2.528,23,26
replica_02,1265,2.53,23,27
replica_02,1266,2.532,21,29
replica_02,1267,2.534,18,25
replica_02,1268,2.536,22,24
replica_02,1269,2.538,19,28
replica_02,1270,2.54,23,28
replica_02,1271,2.542,27,28
replica_02,1272,2.544,17,26
replica_02,1273,2.546,24,30
replica_02,1274,2.548,22,28
replica_02,1275,2.55,22,28
replica_02,1276,2.552,20,31
replica_02,1277,2.554,22,31
replica_02,1278,2.556,20,30
replica_02,1279,2.558,21,26
replica_02,1280,2.56,18,31
replica_02,1281,2.562,20,27
replica_02,1282,2.564,24,23
replica_02,1283,2.566,28,27
replica_02,1284,2.568,23,26
replica_02,1285,2.57,22,30
replica_02,1286,2.572,23,30
replica_02,1287,2.574,21,28
replica_02,1288,2.576,23,27
replica_02,1289,2.578,20,28
replica_02,1290,2.58,20,29
replica_02,1291,2.582,21,28
replica_02,1292,2.584,22,27
replica_02,1293,2.586,22,30
replica_02,1294,2.588,22,26
replica_02,1295,2.59,23,25
replica_02,1296,2.592,18,31
replica_02,1297,2.594,21,31
replica_02,1298,2.596,23,30
replica_02,1299,2.598,24,25
replica_02,1300,2.6,22,34
replica_02,1301,2.602,22,30
replica_02,1302,2.604,22,27
replica_02,1303,2.606,27,25
replica_02,1304,2.608,26,25
replica_02,1305,2.61,24,23
replica_02,1306,2.612,25,25
replica_02,1307,2.614,26,24
replica_02,1308,2.616,20,28
replica_02,1309,2.618,24,27
replica_02,1310,2.62,28,24
replica_02,1311,2.622,25,28
replica_02,1312,2.624,25,27
replica_02,1313,2.626,21,30
replica_02,1314,2.628,24,27
replica_02,1315,2.63,26,28
replica_02,1316,2.632,21,25
replica_02,1317,2.634,24,29
replica_02,1318,2.636,20,26
replica_02,1319,2.638,21,29
replica_02,1320,2.64,24,29
replica_02,1321,2.642,22,31
replica_02,1322,2.644,22,27
replica_02,1323,2.646,20,29
replica_02,1324,2.648,21,26
replica_02,1325,2.65,21,27
replica_02,1326,2.652,19,28
replica_02,1327,2.654,23,26
replica_02,1328,2.656,16,26
replica_02,1329,2.658,19,29
replica_02,1330,2.66,19,27
replica_02,1331,2.662,23,28
replica_02,1332,2.664,25,25
replica_02,1333,2.666,22,30
replica_02,1334,2.668,19,28
replica_02,1335,2.67,18,31
replica_02,1336,2.672,20,32
replica_02,1337,2.674,18,35
replica_02,1338,2.676,23,30
replica_02,1339,2.678,23,28
replica_02,1340,2.68,19,30
replica_02,1341,2.682,19,31
replica_02,1342,2.684,13,30
replica_02,1343,2.686,24,30
replica_02,1344,2.688,22,28
replica_02,1345,2.69,10,30
replica_02,1346,2.692,19,32
replica_02,1347,2.694,22,30
replica_02,1348,2.696,14,29
replica_02,1349,2.698,19,32
replica_02,1350,2.7,21,31
replica_02,1351,2.702,21,34
replica_02,1352,2.704,19,31
replica_02,1353,2.706,20,35
replica_02,1354,2.708,19,38
replica_02,1355,2.71,20,34
replica_02,1356,2.712,17,36
replica_02,1357,2.714,22,30
replica_02,1358,2.716,18,29
replica_02,1359,2.718,14,34
replica_02,1360,2.72,14,35
replica_02,1361,2.722,19,36
replica_02,1362,2.724,16,34
replica_02,1363,2.726,17,31
replica_02,1364,2.728,13,34
replica_02,1365,2.73,20,33
replica_02,1366,2.732,16,32
replica_02,1367,2.734,14,36
replica_02,1368,2.736,17,32
replica_02,1369,2.738,14,35
replica_02,1370,2.74,17,35
replica_02,1371,2.742,14,32
replica_02,1372,2.744,18,34
replica_02,1373,2.746,21,32
replica_02,1374,2.748,18,34
replica_02,1375,2.75,17,29
replica_02,1376,2.752,19,37
replica_02,1377,2.754,16,31
replica_02,1378,2.756,18,33
replica_02,1379,2.758,19,30
replica_02,1380,2.76,18,31
replica_02,1381,2.762,18,27
replica_02,1382,2.764,20,35
replica_02,1383,2.766,18,35
replica_02,1384,2.768,14,37
replica_02,1385,2.77,13,33
replica_02,1386,2.772,21,33
replica_02,1387,2.774,20,34
replica_02,1388,2.776,19,31
replica_02,1389,2.778,15,31
replica_02,1390,2.78,16,40
replica_02,1391,2.782,16,33
replica_02,1392,2.784,15,36
replica_02,1393,2.786,13,33
replica_02,1394,2.788,16,35
replica_02,1395,2.79,19,34
replica_02,1396,2.792,22,30
replica_02,1397,2.794,20,33
replica_02,1398,2.796,16,31
replica_02,1399,2.798,20,33
replica_02,1400,2.8,20,32
replica_02,1401,2.802,16,39
replica_02,1402,2.804,15,37
replica_02,1403,2.806,17,29
replica_02,1404,2.808,11,38
replica_02,1405,2.81,15,32
replica_02,1406,2.812,14,36
replica_02,1407,2.814,17,33
replica_02,1408,2.816,15,33
replica_02,1409,2.818,20,31
replica_02,1410,2.82,13,31
replica_02,1411,2.822,16,32
replica_02,1412,2.824,17,39
replica_02,1413,2.826,20,37
replica_02,1414,2.828,16,36
replica_02,1415,2.83,12,37
replica_02,1416,2.832,20,31
replica_02,1417,2.834,21,29
replica_02,1418,2.836,13,30
replica_02,1419,2.838,16,37
replica_02,1420,2.84,19,34
replica_02,1421,2.842,19,33
replica_02,1422,2.844,12,33
replica_02,1423,2.846,18,36
replica_02,1424,2.848,12,31
replica_02,1425,2.85,13,40
replica_02,1426,2.852,19,36
replica_02,1427,2.854,18,30
replica_02,1428,2.856,19,35
replica_02,1429,2.858,17,34
replica_02,1430,2.86,21,37
replica_02,1431,2.862,21,32
replica_02,1432,2.864,22,29
replica_02,1433,2.866,18,32
replica_02,1434,2.868,20,34
replica_02,1435,2.87,21,32
replica_02,1436,2.872,13,34
replica_02,1437,2.874,14,33
replica_02,1438,2.876,18,31
replica_02,1439,2.878,15,33
replica_02,1440,2.88,10,34
replica_02,1441,2.882,12,31
replica_02,1442,2.884,22,35
replica_02,1443,2.886,14,33
replica_02,1444,2.888,16,35
replica_02,1445,2.89,12,32
replica_02,1446,2.892,18,29
replica_02,1447,2.894,11,33
replica_02,1448,2.896,20,33
replica_02,1449,2.898,22,31
replica_02,1450,2.9,17,30
replica_02,1451,2.902,16,34
replica_02,1452,2.904,18,32
replica_02,1453,2.906,21,28
replica_02,1454,2.908,18,38
replica_02,1455,2.91,22,30
replica_02,1456,2.912,17,32
replica_02,1457,2.914,21,28
replica_02,1458,2.916,24,29
replica_02,1459,2.918,23,25
replica_02,1460,2.92,23,30
replica_02,1461,2.922,20,34
replica_02,1462,2.924,22,31
replica_02,1463,2.926,22,31
replica_02,1464,2.928,18,31
replica_02,1465,2.93,24,26
replica_02,1466,2.932,21,33
replica_02,1467,2.934,22,31
replica_02,1468,2.936,19,31
replica_02,1469,2.938,16,31
replica_02,1470,2.94,21,31
replica_02,1471,2.942,17,29
replica_02,1472,2.944,21,30
replica_02,1473,2.946,13,30
replica_02,1474,2.948,21,30
replica_02,1475,2.95,19,31
replica_02,1476,2.952,17,30
replica_02,1477,2.954,22,32
replica_02,1478,2.956,20,31
replica_02,1479,2.958,18,33
replica_02,1480,2.96,19,34
replica_02,1481,2.962,16,35
replica_02,1482,2.964,17,31
replica_02,1483,2.966,19,28
replica_02,1484,2.968,17,32
replica_02,1485,2.97,18,31
replica_02,1486,2.972,21,29
replica_02,1487,2.974,17,35
replica_02,1488,2.976,20,31
replica_02,1489,2.978,20,34
replica_02,1490,2.98,20,37
replica_02,1491,2.982,17,32
replica_02,1492,2.984,20,37
replica_02,1493,2.986,16,35
replica_02,1494,2.988,16,33
replica_02,1495,2.99,18,34
replica_02,1496,2.992,16,35
replica_02,1497,2.994,23,31
replica_02,1498,2.996,21,32
replica_02,1499,2.998,13,29
replica_02,1500,3.0,16,29
replica_02,1501,3.002,19,31
replica_02,1502,3.004,21,35
replica_02,1503,3.006,18,27
replica_02,1504,3.008,13,31
replica_02,1505,3.01,18,34
replica_02,1506,3.012,20,30
replica_02,1507,3.014,22,23
replica_02,1508,3.016,24,28
replica_02,1509,3.018,21,26
replica_02,1510,3.02,25,29
replica_02,1511,3.022,21,29
replica_02,1512,3.024,15,32
replica_02,1513,3.026,12,34
replica_02,1514,3.028,22,26
replica_02,1515,3.03,9,33
replica_02,1516,3.032,15,34
replica_02,1517,3.034,21,30
replica_02,1518,3.036,21,30
replica_02,1519,3.038,11,38
replica_02,1520,3.04,18,27
replica_02,1521,3.042,20,34
replica_02,1522,3.044,20,34
replica_02,1523,3.046,20,35
replica_02,1524,3.048,20,31
replica_02,1525,3.05,18,32
replica_02,1526,3.052,23,28
replica_02,1527,3.054,23,34
replica_02,1528,3.056,18,36
replica_02,1529,3.058,20,33
replica_02,1530,3.06,14,36
replica_02,1531,3.062,12,37
replica_02,1532,3.064,12,35
replica_02,1533,3.066,16,33
replica_02,1534,3.068,14,33
replica_02,1535,3.07,22,29
replica_02,1536,3.072,17,35
replica_02,1537,3.074,20,29
replica_02,1538,3.076,22,30
replica_02,1539,3.078,23,28
replica_02,1540,3.08,22,29
replica_02,1541,3.082,23,29
replica_02,1542,3.084,20,31
replica_02,1543,3.086,19,32
replica_02,1544,3.088,15,36
replica_02,1545,3.09,17,41
replica_02,1546,3.092,16,35
replica_02,1547,3.094,12,36
replica_02,1548,3.096,20,32
replica_02,1549,3.098,18,37
replica_02,1550,3.1,19,38
replica_02,1551,3.102,22,36
replica_02,1552,3.104,17,38
replica_02,1553,3.106,14,37
replica_02,1554,3.108,13,37
replica_02,1555,3.11,14,35
replica_02,1556,3.112,18,35
replica_02,1557,3.114,16,34
replica_02,1558,3.116,12,34
replica_02,1559,3.118,19,34
replica_02,1560,3.12,9,43
replica_02,1561,3.122,13,40
replica_02,1562,3.124,15,37
replica_02,1563,3.126,21,38
replica_02,1564,3.128,12,35
replica_02,1565,3.13,16,39
replica_02,1566,3.132,18,36
replica_02,1567,3.134,15,38
replica_02,1568,3.136,13,39
replica_02,1569,3.138,13,38
replica_02,1570,3.14,10,41
replica_02,1571,3.142,13,38
replica_02,1572,3.144,15,38
replica_02,1573,3.146,15,35
replica_02,1574,3.148,13,43
replica_02,1575,3.15,19,37
replica_02,1576,3.152,21,39
replica_02,1577,3.154,21,34
replica_02,1578,3.156,19,35
replica_02,1579,3.158,14,36
replica_02,1580,3.16,17,39
replica_02,1581,3.162,20,38
replica_02,1582,3.164,11,33
replica_02,1583,3.166,9,41
replica_02,1584,3.168,11,41
replica_02,1585,3.17,10,44
replica_02,1586,3.172,17,35
replica_02,1587,3.174,13,41
replica_02,1588,3.176,8,40
replica_02,1589,3.178,18,40
replica_02,1590,3.18,14,38
replica_02,1591,3.182,16,39
replica_02,1592,3.184,18,42
replica_02,1593,3.186,15,43
replica_02,1594,3.188,17,39
replica_02,1595,3.19,13,39
replica_02,1596,3.192,18,39
replica_02,1597,3.194,18,44
replica_02,1598,3.196,15,37
replica_02,1599,3.198,13,34
replica_02,1600,3.2,15,44
replica_02,1601,3.202,12,43
replica_02,1602,3.204,14,42
replica_02,1603,3.206,14,37
replica_02,1604,3.208,16,38
replica_02,1605,3.21,13,39
replica_02,1606,3.212,9,41
replica_02,1607,3.214,16,39
replica_02,1608,3.216,14,41
replica_02,1609,3.218,10,40
replica_02,1610,3.22,8,45
replica_02,1611,3.222,11,39
replica_02,1612,3.224,14,41
replica_02,1613,3.226,14,39
replica_02,1614,3.228,16,39
replica_02,1615,3.23,14,34
replica_02,1616,3.232,14,39
replica_02,1617,3.234,9,39
replica_02,1618,3.236,16,41
replica_02,1619,3.238,17,42
replica_02,1620,3.24,22,39
replica_02,1621,3.242,19,41
replica_02,1622,3.244,19,40
replica_02,1623,3.246,20,43
replica_02,1624,3.248,19,35
replica_02,1625,3.25,20,38
replica_02,1626,3.252,18,39
replica_02,1627,3.254,18,41
replica_02,1628,3.256,21,36
replica_02,1629,3.258,15,40
replica_02,1630,3.26,17,44
replica_02,1631,3.262,16,45
replica_02,1632,3.264,13,44
replica_02,1633,3.266,17,38
replica_02,1634,3.268,13,41
replica_02,1635,3.27,12,48
replica_02,1636,3.272,7,51
replica_02,1637,3.274,9,45
replica_02,1638,3.276,11,49
replica_02,1639,3.278,9,47
replica_02,1640,3.28,7,46
replica_02,1641,3.282,4,46
replica_02,1642,3.284,7,46
replica_02,1643,3.286,7,48
replica_02,1644,3.288,1,50
replica_02,1645,3.29,8,46
replica_02,1646,3.292,6,48
replica_02,1647,3.294,6,46
replica_02,1648,3.296,8,43
replica_02,1649,3.298,12,44
replica_02,1650,3.3,11,43
replica_02,1651,3.302,9,42
replica_02,1652,3.304,9,42
replica_02,1653,3.306,10,45
replica_02,1654,3.308,9,47
replica_02,1655,3.31,15,41
replica_02,1656,3.312,11,40
replica_02,1657,3.314,11,45
replica_02,1658,3.316,9,46
replica_02,1659,3.318,6,45
replica_02,1660,3.32,6,46
replica_02,1661,3.322,10,42
replica_02,1662,3.324,13,39
replica_02,1663,3.326,12,39
replica_02,1664,3.328,16,38
replica_02,1665,3.33,14,41
replica_02,1666,3.332,16,49
replica_02,1667,3.334,17,41
replica_02,1668,3.336,16,46
replica_02,1669,3.338,16,38
replica_02,1670,3.34,19,47
replica_02,1671,3.342,17,45
replica_02,1672,3.344,15,40
replica_02,1673,3.346,14,42
replica_02,1674,3.348,16,40
replica_02,1675,3.35,15,47
replica_02,1676,3.352,10,45
replica_02,1677,3.354,15,43
replica_02,1678,3.356,17,39
replica_02,1679,3.358,19,45
replica_02,1680,3.36,14,42
replica_02,1681,3.362,11,43
replica_02,1682,3.364,17,40
replica_02,1683,3.366,12,44
replica_02,1684,3.368,18,38
replica_02,1685,3.37,18,40
replica_02,1686,3.372,18,40
replica_02,1687,3.374,10,45
replica_02,1688,3.376,17,37
replica_02,1689,3.378,16,40
replica_02,1690,3.38,11,47
replica_02,1691,3.382,16,45
replica_02,1692,3.384,15,45
replica_02,1693,3.386,16,42
replica_02,1694,3.388,14,42
replica_02,1695,3.39,17,36
replica_02,1696,3.392,15,45
replica_02,1697,3.394,15,37
replica_02,1698,3.396,18,39
replica_02,1699,3.398,12,43
replica_02,1700,3.4,20,39
replica_02,1701,3.402,11,42
replica_02,1702,3.404,14,41
replica_02,1703,3.406,19,37
replica_02,1704,3.408,16,40
replica_02,1705,3.41,12,40
replica_02,1706,3.412,14,42
replica_02,1707,3.414,18,38
replica_02,1708,3.416,14,39
replica_02,1709,3.418,13,44
replica_02,1710,3.42,14,48
replica_02,1711,3.422,16,41
replica_02,1712,3.424,15,41
replica_02,1713,3.426,9,39
replica_02,1714,3.428,14,37
replica_02,1715,3.43,19,36
replica_02,1716,3.432,19,39
replica_02,1717,3.434,12,39
replica_02,1718,3.436,13,43
replica_02,1719,3.438,13,37
replica_02,1720,3.44,14,37
replica_02,1721,3.442,14,44
replica_02,1722,3.444,18,39
replica_02,1723,3.446,19,35
replica_02,1724,3.448,19,36
replica_02,1725,3.45,18,37
replica_02,1726,3.452,14,41
replica_02,1727,3.454,14,36
replica_02,1728,3.456,14,38
replica_02,1729,3.458,12,36
replica_02,1730,3.46,15,38
replica_02,1731,3.462,16,37
replica_02,1732,3.464,18,32
replica_02,1733,3.466,15,33
replica_02,1734,3.468,16,34
replica_02,1735,3.47,18,34
replica_02,1736,3.472,17,32
replica_02,1737,3.474,23,31
replica_02,1738,3.476,15,35
replica_02,1739,3.478,14,33
replica_02,1740,3.48,23,30
replica_02,1741,3.482,27,30
replica_02,1742,3.484,21,35
replica_02,1743,3.486,16,30
replica_02,1744,3.488,21,33
replica_02,1745,3.49,19,37
replica_02,1746,3.492,21,32
replica_02,1747,3.494,23,31
replica_02,1748,3.496,20,29
replica_02,1749,3.498,17,35
replica_02,1750,3.5,17,32
replica_02,1751,3.502,22,35
replica_02,1752,3.504,25,29
replica_02,1753,3.506,19,31
replica_02,1754,3.508,22,33
replica_02,1755,3.51,20,33
replica_02,1756,3.512,22,29
replica_02,1757,3.514,23,34
replica_02,1758,3.516,13,39
replica_02,1759,3.518,13,37
replica_02,1760,3.52,13,30
replica_02,1761,3.522,20,32
replica_02,1762,3.524,24,31
replica_02,1763,3.526,20,33
replica_02,1764,3.528,22,34
replica_02,1765,3.53,20,36
replica_02,1766,3.532,20,31
replica_02,1767,3.534,18,32
replica_02,1768,3.536,25,32
replica_02,1769,3.538,21,36
replica_02,1770,3.54,19,29
replica_02,1771,3.542,18,37
replica_02,1772,3.544,20,40
replica_02,1773,3.546,13,33
replica_02,1774,3.548,19,34
replica_02,1775,3.55,24,34
replica_02,1776,3.552,18,34
replica_02,1777,3.554,18,34
replica_02,1778,3.556,17,37
replica_02,1779,3.558,19,31
replica_02,1780,3.56,22,33
replica_02,1781,3.562,24,33
replica_02,1782,3.564,21,29
replica_02,1783,3.566,19,32
replica_02,1784,3.568,21,28
replica_02,1785,3.57,19,34
replica_02,1786,3.572,15,27
replica_02,1787,3.574,17,34
replica_02,1788,3.576,19,31
replica_02,1789,3.578,20,29
replica_02,1790,3.58,20,29
replica_02,1791,3.582,18,29
replica_02,1792,3.584,17,30
replica_02,1793,3.586,20,26
replica_02,1794,3.588,20,31
replica_02,1795,3.59,20,33
replica_02,1796,3.592,22,28
replica_02,1797,3.594,18,31
replica_02,1798,3.596,22,28
replica_02,1799,3.598,21,29
replica_02,1800,3.6,24,25
replica_02,1801,3.602,21,32
replica_02,1802,3.604,24,29
replica_02,1803,3.606,20,30
replica_02,1804,3.608,20,28
replica_02,1805,3.61,21,26
replica_02,1806,3.612,16,31
replica_02,1807,3.614,18,29
replica_02,1808,3.616,20,26
replica_02,1809,3.618,25,26
replica_02,1810,3.62,20,28
replica_02,1811,3.622,23,28
replica_02,1812,3.624,22,29
replica_02,1813,3.626,23,27
replica_02,1814,3.628,19,26
replica_02,1815,3.63,23,27
replica_02,1816,3.632,21,28
replica_02,1817,3.634,19,37
replica_02,1818,3.636,20,33
replica_02,1819,3.638,16,34
replica_02,1820,3.64,18,27
replica_02,1821,3.642,19,30
replica_02,1822,3.644,21,33
replica_02,1823,3.646,22,32
replica_02,1824,3.648,17,27
replica_02,1825,3.65,23,27
replica_02,1826,3.652,20,31
replica_02,1827,3.654,12,32
replica_02,1828,3.656,15,36
replica_02,1829,3.658,19,30
replica_02,1830,3.66,21,28
replica_02,1831,3.662,20,28
replica_02,1832,3.664,19,28
replica_02,1833,3.666,20,30
replica_02,1834,3.668,20,31
replica_02,1835,3.67,19,31
replica_02,1836,3.672,26,31
replica_02,1837,3.674,16,30
replica_02,1838,3.676,20,29
replica_02,1839,3.678,19,23
replica_02,1840,3.68,15,32
replica_02,1841,3.682,13,33
replica_02,1842,3.684,13,28
replica_02,1843,3.686,19,30
replica_02,1844,3.688,19,29
replica_02,1845,3.69,13,27
replica_02,1846,3.692,11,34
replica_02,1847,3.694,17,26
replica_02,1848,3.696,15,28
replica_02,1849,3.698,20,26
replica_02,1850,3.7,17,30
replica_02,1851,3.702,20,30
replica_02,1852,3.704,10,29
replica_02,1853,3.706,19,29
replica_02,1854,3.708,18,24
replica_02,1855,3.71,20,29
replica_02,1856,3.712,20,34
replica_02,1857,3.714,19,28
replica_02,1858,3.716,21,29
replica_02,1859,3.718,21,29
replica_02,1860,3.72,19,34
replica_02,1861,3.722,13,29
replica_02,1862,3.724,19,31
replica_02,1863,3.726,18,30
replica_02,1864,3.728,19,28
replica_02,1865,3.73,20,27
replica_02,1866,3.732,20,29
replica_02,1867,3.734,18,29
replica_02,1868,3.736,20,32
replica_02,1869,3.738,18,35
replica_02,1870,3.74,17,30
replica_02,1871,3.742,20,31
replica_02,1872,3.744,18,26
replica_02,1873,3.746,20,30
replica_02,1874,3.748,20,28
replica_02,1875,3.75,18,32
replica_02,1876,3.752,16,33
replica_02,1877,3.754,18,34
replica_02,1878,3.756,21,31
replica_02,1879,3.758,21,30
replica_02,1880,3.76,17,32
replica_02,1881,3.762,17,33
replica_02,1882,3.764,18,28
replica_02,1883,3.766,22,28
replica_02,1884,3.768,15,30
replica_02,1885,3.77,24,23
replica_02,1886,3.772,21,27
replica_02,1887,3.774,22,29
replica_02,1888,3.776,20,30
replica_02,1889,3.778,22,29
replica_02,1890,3.78,21,31
replica_02,1891,3.782,23,31
replica_02,1892,3.784,26,26
replica_02,1893,3.786,18,34
replica_02,1894,3.788,22,29
replica_02,1895,3.79,18,25
replica_02,1896,3.792,15,28
replica_02,1897,3.794,18,28
replica_02,1898,3.796,23,24
replica_02,1899,3.798,20,28
replica_02,1900,3.8,20,33
replica_02,1901,3.802,27,25
replica_02,1902,3.804,24,28
replica_02,1903,3.806,19,30
replica_02,1904,3.808,19,30
replica_02,1905,3.81,22,30
replica_02,1906,3.812,22,25
replica_02,1907,3.814,22,30
replica_02,1908,3.816,20,28
replica_02,1909,3.818,25,27
replica_02,1910,3.82,25,25
replica_02,1911,3.822,25,30
replica_02,1912,3.824,19,32
replica_02,1913,3.826,20,28
replica_02,1914,3.828,26,25
replica_02,1915,3.83,18,31
replica_02,1916,3.832,20,30
replica_02,1917,3.834,28,32
replica_02,1918,3.836,28,28
replica_02,1919,3.838,24,29
replica_02,1920,3.84,22,30
replica_02,1921,3.842,24,27
replica_02,1922,3.844,24,31
replica_02,1923,3.846,18,29
replica_02,1924,3.848,17,32
replica_02,1925,3.85,21,32
replica_02,1926,3.852,20,30
replica_02,1927,3.854,23,33
replica_02,1928,3.856,21,30
replica_02,1929,3.858,24,28
replica_02,1930,3.86,24,29
replica_02,1931,3.862,25,27
replica_02,1932,3.864,22,29
replica_02,1933,3.866,27,28
replica_02,1934,3.868,22,31
replica_02,1935,3.87,24,29
replica_02,1936,3.872,25,30
replica_02,1937,3.874,21,31
replica_02,1938,3.876,20,28
replica_02,1939,3.878,18,30
replica_02,1940,3.88,21,32
replica_02,1941,3.882,23,30
replica_02,1942,3.884,19,32
replica_02,1943,3.886,22,30
replica_02,1944,3.888,23,28
replica_02,1945,3.89,24,29
replica_02,1946,3.892,25,28
replica_02,1947,3.894,20,27
replica_02,1948,3.896,23,28
replica_02,1949,3.898,25,32
replica_02,1950,3.9,23,31
replica_02,1951,3.902,24,28
replica_02,1952,3.904,25,31
replica_02,1953,3.906,18,35
replica_02,1954,3.908,21,28
replica_02,1955,3.91,21,24
replica_02,1956,3.912,18,31
replica_02,1957,3.914,21,32
replica_02,1958,3.916,26,33
replica_02,1959,3.918,20,34
replica_02,1960,3.92,23,33
replica_02,1961,3.922,24,28
replica_02,1962,3.924,21,32
replica_02,1963,3.926,21,32
replica_02,1964,3.928,22,31
replica_02,1965,3.93,26,29
replica_02,1966,3.932,19,31
replica_02,1967,3.934,19,30
replica_02,1968,3.936,24,31
replica_02,1969,3.938,22,33
replica_02,1970,3.94,19,32
replica_02,1971,3.942,26,28
replica_02,1972,3.944,19,29
replica_02,1973,3.946,22,29
replica_02,1974,3.948,21,33
replica_02,1975,3.95,22,30
replica_02,1976,3.952,23,30
replica_02,1977,3.954,21,26
replica_02,1978,3.956,25,28
replica_02,1979,3.958,22,26
replica_02,1980,3.96,30,24
replica_02,1981,3.962,28,25
replica_02,1982,3.964,26,27
replica_02,1983,3.966,27,29
replica_02,1984,3.968,23,28
replica_02,1985,3.97,22,28
replica_02,1986,3.972,24,29
replica_02,1987,3.974,19,36
replica_02,1988,3.976,23,35
replica_02,1989,3.978,24,27
replica_02,1990,3.98,23,33
replica_02,1991,3.982,23,34
replica_02,1992,3.984,22,29
replica_02,1993,3.986,24,32
replica_02,1994,3.988,25,29
replica_02,1995,3.99,31,28
replica_02,1996,3.992,21,34
replica_02,1997,3.994,22,30
replica_02,1998,3.996,25,30
replica_02,1999,3.998,24,31
replica_02,2000,4.0,23,26
replica_02,2001,4.002,30,26
replica_02,2002,4.004,26,23
replica_02,2003,4.006,24,34
replica_02,2004,4.008,26,26
replica_02,2005,4.01,21,27
replica_02,2006,4.012,29,25
replica_02,2007,4.014,28,27
replica_02,2008,4.016,30,30
replica_02,2009,4.018,24,30
replica_02,2010,4.02,20,28
replica_02,2011,4.022,24,32
replica_02,2012,4.024,29,35
replica_02,2013,4.026,25,26
replica_02,2014,4.028,25,34
replica_02,2015,4.03,24,29
replica_02,2016,4.032,19,29
replica_02,2017,4.034,24,35
replica_02,2018,4.036,22,30
replica_02,2019,4.038,20,32
replica_02,2020,4.04,20,29
replica_02,2021,4.042,21,29
replica_02,2022,4.044,22,30
replica_02,2023,4.046,30,31
replica_02,2024,4.048,19,26
replica_02,2025,4.05,28,30
replica_02,2026,4.052,25,29
replica_02,2027,4.054,18,34
replica_02,2028,4.056,20,33
replica_02,2029,4.058,20,29
replica_02,2030,4.06,27,27
replica_02,2031,4.062,25,28
replica_02,2032,4.064,23,29
replica_02,2033,4.066,18,26
replica_02,2034,4.068,20,27
replica_02,2035,4.07,24,24
replica_02,2036,4.072,25,26
replica_02,2037,4.074,23,28
replica_02,2038,4.076,24,30
replica_02,2039,4.078,31,28
replica_02,2040,4.08,22,30
replica_02,2041,4.082,25,28
replica_02,2042,4.084,28,28
replica_02,2043,4.086,28,27
replica_02,2044,4.088,21,28
replica_02,2045,4.09,19,32
replica_02,2046,4.092,17,30
replica_02,2047,4.094,22,34
replica_02,2048,4.096,20,28
replica_02,2049,4.098,18,31
replica_02,2050,4.1,19,31
replica_02,2051,4.102,22,28
replica_02,2052,4.104,30,31
replica_02,2053,4.106,23,29
replica_02,2054,4.108,24,25
replica_02,2055,4.11,24,26
replica_02,2056,4.112,30,27
replica_02,2057,4.114,25,28
replica_02,2058,4.116,18,31
replica_02,2059,4.118,27,28
replica_02,2060,4.12,25,27
replica_02,2061,4.122,19,30
replica_02,2062,4.124,21,35
replica_02,2063,4.126,20,29
replica_02,2064,4.128,17,31
replica_02,2065,4.13,17,30
replica_02,2066,4.132,16,33
replica_02,2067,4.134,17,34
replica_02,2068,4.136,19,33
replica_02,2069,4.138,17,40
replica_02,2070,4.14,21,30
replica_02,2071,4.142,18,31
replica_02,2072,4.144,19,33
replica_02,2073,4.146,23,26
replica_02,2074,4.148,24,30
replica_02,2075,4.15,27,24
replica_02,2076,4.152,24,33
replica_02,2077,4.154,23,29
replica_02,2078,4.156,23,26
replica_02,2079,4.158,20,26
replica_02,2080,4.16,18,25
replica_02,2081,4.162,16,26
replica_02,2082,4.164,17,30
replica_02,2083,4.166,13,32
replica_02,2084,4.168,18,31
replica_02,2085,4.17,26,28
replica_02,2086,4.172,25,28
replica_02,2087,4.174,20,27
replica_02,2088,4.176,23,31
replica_02,2089,4.178,19,30
replica_02,2090,4.18,19,30
replica_02,2091,4.182,23,30
replica_02,2092,4.184,14,34
replica_02,2093,4.186,17,33
replica_02,2094,4.188,20,30
replica_02,2095,4.19,19,25
replica_02,2096,4.192,22,24
replica_02,2097,4.194,22,27
replica_02,2098,4.196,25,26
replica_02,2099,4.198,23,31
replica_02,2100,4.2,19,29
replica_02,2101,4.202,21,31
replica_02,2102,4.204,20,33
replica_02,2103,4.206,22,26
replica_02,2104,4.208,18,31
replica_02,2105,4.21,17,32
replica_02,2106,4.212,21,32
replica_02,2107,4.214,18,30
replica_02,2108,4.216,22,26
replica_02,2109,4.218,22,25
replica_02,2110,4.22,23,30
replica_02,2111,4.222,19,27
replica_02,2112,4.224,20,30
replica_02,2113,4.226,16,34
replica_02,2114,4.228,18,31
replica_02,2115,4.23,21,31
replica_02,2116,4.232,22,30
replica_02,2117,4.234,24,28
replica_02,2118,4.236,21,25
replica_02,2119,4.238,18,34
replica_02,2120,4.24,21,23
replica_02,2121,4.242,16,30
replica_02,2122,4.244,20,32
replica_02,2123,4.246,18,31
replica_02,2124,4.248,17,31
replica_02,2125,4.25,20,30
replica_02,2126,4.252,15,31
replica_02,2127,4.254,19,31
replica_02,2128,4.256,16,27
replica_02,2129,4.258,19,30
replica_02,2130,4.26,19,25
replica_02,2131,4.262,20,31
replica_02,2132,4.264,14,32
replica_02,2133,4.266,22,31
replica_02,2134,4.268,21,34
replica_02,2135,4.27,20,34
replica_02,2136,4.272,18,33
replica_02,2137,4.274,16,28
replica_02,2138,4.276,12,32
replica_02,2139,4.278,18,28
replica_02,2140,4.28,21,32
replica_02,2141,4.282,17,35
replica_02,2142,4.284,20,32
replica_02,2143,4.286,15,37
replica_02,2144,4.288,16,33
replica_02,2145,4.29,16,27
replica_02,2146,4.292,15,33
replica_02,2147,4.294,19,30
replica_02,2148,4.296,20,31
replica_02,2149,4.298,22,22
replica_02,2150,4.3,17,26
replica_02,2151,4.302,22,29
replica_02,2152,4.304,21,28
replica_02,2153,4.306,22,26
replica_02,2154,4.308,19,30
replica_02,2155,4.31,23,30
replica_02,2156,4.312,22,26
replica_02,2157,4.314,25,28
replica_02,2158,4.316,22,27
replica_02,2159,4.318,21,29
replica_02,2160,4.32,22,30
replica_02,2161,4.322,17,32
replica_02,2162,4.324,24,30
replica_02,2163,4.326,22,24
replica_02,2164,4.328,23,29
replica_02,2165,4.33,21,26
replica_02,2166,4.332,17,29
replica_02,2167,4.334,20,29
replica_02,2168,4.336,18,31
replica_02,2169,4.338,19,31
replica_02,2170,4.34,23,28
replica_02,2171,4.342,24,31
replica_02,2172,4.344,26,28
replica_02,2173,4.346,23,27
replica_02,2174,4.348,24,31
replica_02,2175,4.35,18,32
replica_02,2176,4.352,23,32
replica_02,2177,4.354,19,30
replica_02,2178,4.356,22,26
replica_02,2179,4.358,27,27
replica_02,2180,4.36,22,30
replica_02,2181,4.362,19,28
replica_02,2182,4.364,21,28
replica_02,2183,4.366,19,33
replica_02,2184,4.368,19,33
replica_02,2185,4.37,24,31
replica_02,2186,4.372,19,34
replica_02,2187,4.374,18,32
replica_02,2188,4.376,18,29
replica_02,2189,4.378,22,29
replica_02,2190,4.38,21,30
replica_02,2191,4.382,21,27
replica_02,2192,4.384,22,27
replica_02,2193,4.386,19,32
replica_02,2194,4.388,18,34
replica_02,2195,4.39,24,29
replica_02,2196,4.392,21,28
replica_02,2197,4.394,18,31
replica_02,2198,4.396,15,27
replica_02,2199,4.398,17,29
replica_02,2200,4.4,15,34
replica_02,2201,4.402,18,31
replica_02,2202,4.404,22,33
replica_02,2203,4.406,20,33
replica_02,2204,4.408,18,30
replica_02,2205,4.41,24,31
replica_02,2206,4.412,20,32
replica_02,2207,4.414,18,32
replica_02,2208,4.416,24,29
replica_02,2209,4.418,17,31
replica_02,2210,4.42,17,29
replica_02,2211,4.422,18,26
replica_02,2212,4.424,19,29
replica_02,2213,4.426,20,30
replica_02,2214,4.428,20,33
replica_02,2215,4.43,15,35
replica_02,2216,4.432,17,27
replica_02,2217,4.434,14,31
replica_02,2218,4.436,20,26
replica_02,2219,4.438,19,34
replica_02,2220,4.44,16,31
replica_02,2221,4.442,18,32
replica_02,2222,4.444,19,30
replica_02,2223,4.446,17,31
replica_02,2224,4.448,18,32
replica_02,2225,4.45,20,33
replica_02,2226,4.452,14,36
replica_02,2227,4.454,9,37
replica_02,2228,4.456,12,34
replica_02,2229,4.458,20,33
replica_02,2230,4.46,14,32
replica_02,2231,4.462,15,35
replica_02,2232,4.464,15,34
replica_02,2233,4.466,20,28
replica_02,2234,4.468,19,30
replica_02,2235,4.47,12,38
replica_02,2236,4.472,20,34
replica_02,2237,4.474,19,35
replica_02,2238,4.476,13,33
replica_02,2239,4.478,14,37
replica_02,2240,4.48,16,32
replica_02,2241,4.482,17,34
replica_02,2242,4.484,14,37
replica_02,2243,4.486,19,37
replica_02,2244,4.488,18,34
replica_02,2245,4.49,19,37
replica_02,2246,4.492,13,33
replica_02,2247,4.494,15,39
replica_02,2248,4.496,14,39
replica_02,2249,4.498,21,35
replica_02,2250,4.5,16,33
replica_02,2251,4.502,11,35
replica_02,2252,4.504,14,39
replica_02,2253,4.506,19,39
replica_02,2254,4.508,17,31
replica_02,2255,4.51,8,37
replica_02,2256,4.512,8,37
replica_02,2257,4.514,9,38
replica_02,2258,4.516,14,38
replica_02,2259,4.518,10,37
replica_02,2260,4.52,10,35
replica_02,2261,4.522,14,36
replica_02,2262,4.524,15,35
replica_02,2263,4.526,11,34
replica_02,2264,4.528,13,33
replica_02,2265,4.53,15,32
replica_02,2266,4.532,11,37
replica_02,2267,4.534,17,33
replica_02,2268,4.536,14,34
replica_02,2269,4.538,16,35
replica_02,2270,4.54,14,35
replica_02,2271,4.542,17,33
replica_02,2272,4.544,13,32
replica_02,2273,4.546,12,34
replica_02,2274,4.548,18,34
replica_02,2275,4.55,14,32
replica_02,2276,4.552,17,30
replica_02,2277,4.554,18,30
replica_02,2278,4.556,17,32
replica_02,2279,4.558,15,35
replica_02,2280,4.56,20,31
replica_02,2281,4.562,19,32
replica_02,2282,4.564,15,31
replica_02,2283,4.566,20,32
replica_02,2284,4.568,22,35
replica_02,2285,4.57,18,32
replica_02,2286,4.572,18,32
replica_02,2287,4.574,15,30
replica_02,2288,4.576,18,38
replica_02,2289,4.578,17,30
replica_02,2290,4.58,13,35
replica_02,2291,4.582,16,36
replica_02,2292,4.584,11,36
replica_02,2293,4.586,12,33
replica_02,2294,4.588,16,31
replica_02,2295,4.59,18,32
replica_02,2296,4.592,20,29
replica_02,2297,4.594,21,28
replica_02,2298,4.596,14,31
replica_02,2299,4.598,20,27
replica_02,2300,4.6,20,31
replica_02,2301,4.602,20,28
replica_02,2302,4.604,19,33
replica_02,2303,4.606,16,26
replica_02,2304,4.608,22,27
replica_02,2305,4.61,17,30
replica_02,2306,4.612,25,26
replica_02,2307,4.614,14,23
replica_02,2308,4.616,20,31
replica_02,2309,4.618,22,29
replica_02,2310,4.62,25,29
replica_02,2311,4.622,23,27
replica_02,2312,4.624,23,29
replica_02,2313,4.626,18,33
replica_02,2314,4.628,17,30
replica_02,2315,4.63,15,26
replica_02,2316,4.632,22,29
replica_02,2317,4.634,22,26
replica_02,2318,4.636,24,31
replica_02,2319,4.638,25,29
replica_02,2320,4.64,27,29
replica_02,2321,4.642,22,29
replica_02,2322,4.644,20,30
replica_02,2323,4.646,20,32
replica_02,2324,4.648,18,33
replica_02,2325,4.65,23,32
replica_02,2326,4.652,23,31
replica_02,2327,4.654,18,32
replica_02,2328,4.656,21,28
replica_02,2329,4.658,20,31
replica_02,2330,4.66,21,32
replica_02,2331,4.662,21,27
replica_02,2332,4.664,23,24
replica_02,2333,4.666,20,27
replica_02,2334,4.668,20,31
replica_02,2335,4.67,24,29
replica_02,2336,4.672,19,36
replica_02,2337,4.674,19,33
replica_02,2338,4.676,19,30
replica_02,2339,4.678,13,34
replica_02,2340,4.68,14,37
replica_02,2341,4.682,13,32
replica_02,2342,4.684,10,40
replica_02,2343,4.686,14,31
replica_02,2344,4.688,15,34
replica_02,2345,4.69,14,35
replica_02,2346,4.692,13,36
replica_02,2347,4.694,14,42
replica_02,2348,4.696,18,33
replica_02,2349,4.698,15,34
replica_02,2350,4.7,12,36
replica_02,2351,4.702,10,36
replica_02,2352,4.704,15,37
replica_02,2353,4.706,7,34
replica_02,2354,4.708,15,32
replica_02,2355,4.71,16,36
replica_02,2356,4.712,16,31
replica_02,2357,4.714,20,28
replica_02,2358,4.716,16,35
replica_02,2359,4.718,15,36
replica_02,2360,4.72,13,34
replica_02,2361,4.722,16,30
replica_02,2362,4.724,22,31
replica_02,2363,4.726,21,33
replica_02,2364,4.728,19,32
replica_02,2365,4.73,16,31
replica_02,2366,4.732,16,34
replica_02,2367,4.734,14,34
replica_02,2368,4.736,16,35
replica_02,2369,4.738,10,33
replica_02,2370,4.74,16,33
replica_02,2371,4.742,14,37
replica_02,2372,4.744,19,33
replica_02,2373,4.746,16,32
replica_02,2374,4.748,17,33
replica_02,2375,4.75,13,33
replica_02,2376,4.752,14,32
replica_02,2377,4.754,15,32
replica_02,2378,4.756,9,37
replica_02,2379,4.758,16,32
replica_02,2380,4.76,17,36
replica_02,2381,4.762,16,28
replica_02,2382,4.764,17,30
replica_02,2383,4.766,12,31
replica_02,2384,4.768,15,37
replica_02,2385,4.77,16,31
replica_02,2386,4.772,12,31
replica_02,2387,4.774,11,36
replica_02,2388,4.776,16,36
replica_02,2389,4.778,14,33
replica_02,2390,4.78,13,38
replica_02,2391,4.782,14,34
replica_02,2392,4.784,14,31
replica_02,2393,4.786,13,34
replica_02,2394,4.788,15,29
replica_02,2395,4.79,15,34
replica_02,2396,4.792,15,35
replica_02,2397,4.794,12,30
replica_02,2398,4.796,15,32
replica_02,2399,4.798,12,35
replica_02,2400,4.8,16,31
replica_02,2401,4.802,16,33
replica_02,2402,4.804,19,33
replica_02,2403,4.806,18,31
replica_02,2404,4.808,11,34
replica_02,2405,4.81,13,39
replica_02,2406,4.812,11,36
replica_02,2407,4.814,9,33
replica_02,2408,4.816,8,37
replica_02,2409,4.818,11,32
replica_02,2410,4.82,13,36
replica_02,2411,4.822,14,37
replica_02,2412,4.824,15,40
replica_02,2413,4.826,15,34
replica_02,2414,4.828,17,35
replica_02,2415,4.83,17,34
replica_02,2416,4.832,20,32
replica_02,2417,4.834,19,30
replica_02,2418,4.836,20,33
replica_02,2419,4.838,17,33
replica_02,2420,4.84,16,38
replica_02,2421,4.842,17,33
replica_02,2422,4.844,16,37
replica_02,2423,4.846,14,39
replica_02,2424,4.848,16,35
replica_02,2425,4.85,13,33
replica_02,2426,4.852,14,39
replica_02,2427,4.854,15,33
replica_02,2428,4.856,10,40
replica_02,2429,4.858,14,40
replica_02,2430,4.86,12,36
replica_02,2431,4.862,16,34
replica_02,2432,4.864,14,34
replica_02,2433,4.866,13,34
replica_02,2434,4.868,16,33
replica_02,2435,4.87,13,34
replica_02,2436,4.872,17,33
replica_02,2437,4.874,16,34
replica_02,2438,4.876,13,36
replica_02,2439,4.878,12,34
replica_02,2440,4.88,11,34
replica_02,2441,4.882,12,35
replica_02,2442,4.884,13,42
replica_02,2443,4.886,13,37
replica_02,2444,4.888,15,37
replica_02,2445,4.89,15,38
replica_02,2446,4.892,13,36
replica_02,2447,4.894,14,39
replica_02,2448,4.896,10,39
replica_02,2449,4.898,15,39
replica_02,2450,4.9,13,35
replica_02,2451,4.902,14,38
replica_02,2452,4.904,12,35
replica_02,2453,4.906,12,39
replica_02,2454,4.908,14,33
replica_02,2455,4.91,14,36
replica_02,2456,4.912,12,37
replica_02,2457,4.914,9,39
replica_02,2458,4.916,11,32
replica_02,2459,4.918,12,37
replica_02,2460,4.92,14,38
replica_02,2461,4.922,13,38
replica_02,2462,4.924,11,38
replica_02,2463,4.926,11,39
replica_02,2464,4.928,13,36
replica_02,2465,4.93,16,33
replica_02,2466,4.932,13,34
replica_02,2467,4.934,13,31
replica_02,2468,4.936,16,36
replica_02,2469,4.938,15,38
replica_02,2470,4.94,12,40
replica_02,2471,4.942,11,33
replica_02,2472,4.944,13,40
replica_02,2473,4.946,13,38
replica_02,2474,4.948,7,42
replica_02,2475,4.95,11,40
replica_02,2476,4.952,13,37
replica_02,2477,4.954,13,35
replica_02,2478,4.956,13,37
replica_02,2479,4.958,13,37
replica_02,2480,4.96,14,40
replica_02,2481,4.962,11,37
replica_02,2482,4.964,7,41
replica_02,2483,4.966,13,39
replica_02,2484,4.968,7,41
replica_02,2485,4.97,12,42
replica_02,2486,4.972,15,36
replica_02,2487,4.974,7,37
replica_02,2488,4.976,13,38
replica_02,2489,4.978,11,40
replica_02,2490,4.98,11,43
replica_02,2491,4.982,17,36
replica_02,2492,4.984,15,31
replica_02,2493,4.986,11,40
replica_02,2494,4.988,10,37
replica_02,2495,4.99,9,38
replica_02,2496,4.992,10,36
replica_02,2497,4.994,14,34
replica_02,2498,4.996,12,37
replica_02,2499,4.998,16,35
replica_02,2500,5.0,14,31
replica_02,2501,5.002,11,36
replica_02,2502,5.004,13,37
replica_02,2503,5.006,12,39
replica_02,2504,5.008,8,38
replica_02,2505,5.01,15,31
replica_02,2506,5.012,15,34
replica_02,2507,5.014,14,31
replica_02,2508,5.016,13,28
replica_02,2509,5.018,15,36
replica_02,2510,5.02,13,38
replica_02,2511,5.022,10,32
replica_02,2512,5.024,15,36
replica_02,2513,5.026,15,38
replica_02,2514,5.028,13,37
replica_02,2515,5.03,11,33
replica_02,2516,5.032,17,34
replica_02,2517,5.034,16,35
replica_02,2518,5.036,14,33
replica_02,2519,5.038,11,32
replica_02,2520,5.04,6,38
replica_02,2521,5.042,11,41
replica_02,2522,5.044,11,42
replica_02,2523,5.046,11,39
replica_02,2524,5.048,11,39
replica_02,2525,5.05,12,44
replica_02,2526,5.052,9,42
replica_02,2527,5.054,7,42
replica_02,2528,5.056,3,43
replica_02,2529,5.058,14,43
replica_02,2530,5.06,9,42
replica_02,2531,5.062,14,42
replica_02,2532,5.064,7,38
replica_02,2533,5.066,7,45
replica_02,2534,5.068,6,45
replica_02,2535,5.07,8,41
replica_02,2536,5.072,11,42
replica_02,2537,5.074,7,45
replica_02,2538,5.076,11,41
replica_02,2539,5.078,11,48
replica_02,2540,5.08,14,45
replica_02,2541,5.082,12,44
replica_02,2542,5.084,11,47
replica_02,2543,5.086,11,44
replica_02,2544,5.088,11,50
replica_02,2545,5.09,7,47
replica_02,2546,5.092,16,50
replica_02,2547,5.094,10,41
replica_02,2548,5.096,15,44
replica_02,2549,5.098,14,42
replica_02,2550,5.1,14,41
replica_02,2551,5.102,15,41
replica_02,2552,5.104,12,46
replica_02,2553,5.106,6,48
replica_02,2554,5.108,7,47
replica_02,2555,5.11,12,46
replica_02,2556,5.112,11,47
replica_02,2557,5.114,10,39
replica_02,2558,5.116,10,44
replica_02,2559,5.118,8,45
replica_02,2560,5.12,12,43
replica_02,2561,5.122,13,42
replica_02,2562,5.124,7,42
replica_02,2563,5.126,7,44
replica_02,2564,5.128,13,40
replica_02,2565,5.13,12,47
replica_02,2566,5.132,11,47
replica_02,2567,5.134,12,49
replica_02,2568,5.136,9,47
replica_02,2569,5.138,11,45
replica_02,2570,5.14,14,41
replica_02,2571,5.142,9,44
replica_02,2572,5.144,9,48
replica_02,2573,5.146,5,49
replica_02,2574,5.148,11,45
replica_02,2575,5.15,13,45
replica_02,2576,5.152,11,47
replica_02,2577,5.154,11,50
replica_02,2578,5.156,8,50
replica_02,2579,5.158,4,46
replica_02,2580,5.16,8,46
replica_02,2581,5.162,6,47
replica_02,2582,5.164,9,45
replica_02,2583,5.166,9,49
replica_02,2584,5.168,12,43
replica_02,2585,5.17,7,50
replica_02,2586,5.172,6,49
replica_02,2587,5.174,9,46
replica_02,2588,5.176,7,43
replica_02,2589,5.178,4,46
replica_02,2590,5.18,9,50
replica_02,2591,5.182,12,47
replica_02,2592,5.184,8,45
replica_02,2593,5.186,10,48
replica_02,2594,5.188,8,47
replica_02,2595,5.19,10,45
replica_02,2596,5.192,7,42
replica_02,2597,5.194,14,43
replica_02,2598,5.196,15,43
replica_02,2599,5.198,12,39
replica_02,2600,5.2,12,41
replica_02,2601,5.202,15,41
replica_02,2602,5.204,10,40
replica_02,2603,5.206,5,44
replica_02,2604,5.208,9,42
replica_02,2605,5.21,8,44
replica_02,2606,5.212,9,43
replica_02,2607,5.214,15,39
replica_02,2608,5.216,14,41
replica_02,2609,5.218,13,39
replica_02,2610,5.22,12,48
replica_02,2611,5.222,13,37
replica_02,2612,5.224,10,36
replica_02,2613,5.226,14,45
replica_02,2614,5.228,10,46
replica_02,2615,5.23,13,45
replica_02,2616,5.232,10,40
replica_02,2617,5.234,12,42
replica_02,2618,5.236,13,39
replica_02,2619,5.238,13,39
replica_02,2620,5.24,14,34
replica_02,2621,5.242,13,37
replica_02,2622,5.244,13,36
replica_02,2623,5.246,13,38
replica_02,2624,5.248,11,41
replica_02,2625,5.25,9,41
replica_02,2626,5.252,12,35
replica_02,2627,5.254,12,36
replica_02,2628,5.256,16,34
replica_02,2629,5.258,16,34
replica_02,2630,5.26,6,37
replica_02,2631,5.262,6,40
replica_02,2632,5.264,10,41
replica_02,2633,5.266,15,40
replica_02,2634,5.268,13,37
replica_02,2635,5.27,14,37
replica_02,2636,5.272,12,41
replica_02,2637,5.274,17,42
replica_02,2638,5.276,17,37
replica_02,2639,5.278,19,36
replica_02,2640,5.28,15,40
replica_02,2641,5.282,13,40
replica_02,2642,5.284,14,36
replica_02,2643,5.286,13,37
replica_02,2644,5.288,17,42
replica_02,2645,5.29,15,44
replica_02,2646,5.292,15,39
replica_02,2647,5.294,15,35
replica_02,2648,5.296,17,38
replica_02,2649,5.298,11,39
replica_02,2650,5.3,14,35
replica_02,2651,5.302,16,38
replica_02,2652,5.304,16,35
replica_02,2653,5.306,12,35
replica_02,2654,5.308,16,34
replica_02,2655,5.31,15,36
replica_02,2656,5.312,11,34
replica_02,2657,5.314,11,39
replica_02,2658,5.316,15,41
replica_02,2659,5.318,16,40
replica_02,2660,5.32,11,38
replica_02,2661,5.322,10,40
replica_02,2662,5.324,13,38
replica_02,2663,5.326,18,35
replica_02,2664,5.328,16,37
replica_02,2665,5.33,12,32
replica_02,2666,5.332,11,31
replica_02,2667,5.334,14,35
replica_02,2668,5.336,18,38
replica_02,2669,5.338,17,38
replica_02,2670,5.34,13,36
replica_02,2671,5.342,11,39
replica_02,2672,5.344,17,39
replica_02,2673,5.346,12,36
replica_02,2674,5.348,16,35
replica_02,2675,5.35,17,37
replica_02,2676,5.352,11,42
replica_02,2677,5.354,8,40
replica_02,2678,5.356,14,40
replica_02,2679,5.358,17,35
replica_02,2680,5.36,14,39
replica_02,2681,5.362,14,36
replica_02,2682,5.364,14,39
replica_02,2683,5.366,13,38
replica_02,2684,5.368,18,40
replica_02,2685,5.37,13,45
replica_02,2686,5.372,15,36
replica_02,2687,5.374,14,38
replica_02,2688,5.376,15,38
replica_02,2689,5.378,11,43
replica_02,2690,5.38,16,39
replica_02,2691,5.382,12,38
replica_02,2692,5.384,12,39
replica_02,2693,5.386,12,44
replica_02,2694,5.388,16,40
replica_02,2695,5.39,14,34
replica_02,2696,5.392,11,40
replica_02,2697,5.394,15,38
replica_02,2698,5.396,14,41
replica_02,2699,5.398,10,41
replica_02,2700,5.4,11,40
replica_02,2701,5.402,9,40
replica_02,2702,5.404,18,33
replica_02,2703,5.406,14,33
replica_02,2704,5.408,13,39
replica_02,2705,5.41,14,40
replica_02,2706,5.412,14,39
replica_02,2707,5.414,15,37
replica_02,2708,5.416,14,36
replica_02,2709,5.418,19,36
replica_02,2710,5.42,17,32
replica_02,2711,5.422,21,34
replica_02,2712,5.424,20,32
replica_02,2713,5.426,16,33
replica_02,2714,5.428,13,32
replica_02,2715,5.43,14,36
replica_02,2716,5.432,19,32
replica_02,2717,5.434,14,38
replica_02,2718,5.436,15,35
replica_02,2719,5.438,19,34
replica_02,2720,5.44,16,33
replica_02,2721,5.442,16,35
replica_02,2722,5.444,16,32
replica_02,2723,5.446,18,41
replica_02,2724,5.448,14,34
replica_02,2725,5.45,14,39
replica_02,2726,5.452,19,35
replica_02,2727,5.454,17,28
replica_02,2728,5.456,21,33
replica_02,2729,5.458,22,30
replica_02,2730,5.46,18,31
replica_02,2731,5.462,18,35
replica_02,2732,5.464,20,27
replica_02,2733,5.466,12,39
replica_02,2734,5.468,10,39
replica_02,2735,5.47,9,35
replica_02,2736,5.472,10,38
replica_02,2737,5.474,10,39
replica_02,2738,5.476,11,37
replica_02,2739,5.478,10,41
replica_02,2740,5.48,10,38
replica_02,2741,5.482,14,37
replica_02,2742,5.484,12,36
replica_02,2743,5.486,13,36
replica_02,2744,5.488,15,44
replica_02,2745,5.49,12,40
replica_02,2746,5.492,10,44
replica_02,2747,5.494,12,40
replica_02,2748,5.496,9,39
replica_02,2749,5.498,15,35
replica_02,2750,5.5,17,36
replica_02,2751,5.502,14,33
replica_02,2752,5.504,18,35
replica_02,2753,5.506,14,36
replica_02,2754,5.508,20,29
replica_02,2755,5.51,20,35
replica_02,2756,5.512,19,34
replica_02,2757,5.514,21,38
replica_02,2758,5.516,14,32
replica_02,2759,5.518,21,34
replica_02,2760,5.52,21,30
replica_02,2761,5.522,21,37
replica_02,2762,5.524,19,35
replica_02,2763,5.526,20,34
replica_02,2764,5.528,18,33
replica_02,2765,5.53,24,34
replica_02,2766,5.532,18,32
replica_02,2767,5.534,20,30
replica_02,2768,5.536,16,33
replica_02,2769,5.538,18,39
replica_02,2770,5.54,20,34
replica_02,2771,5.542,19,33
replica_02,2772,5.544,16,35
replica_02,2773,5.546,17,34
replica_02,2774,5.548,23,33
replica_02,2775,5.55,16,37
replica_02,2776,5.552,19,31
replica_02,2777,5.554,13,35
replica_02,2778,5.556,12,31
replica_02,2779,5.558,12,33
replica_02,2780,5.56,16,36
replica_02,2781,5.562,17,40
replica_02,2782,5.564,16,39
replica_02,2783,5.566,19,33
replica_02,2784,5.568,19,30
replica_02,2785,5.57,21,35
replica_02,2786,5.572,20,31
replica_02,2787,5.574,15,35
replica_02,2788,5.576,13,35
replica_02,2789,5.578,13,33
replica_02,2790,5.58,14,36
replica_02,2791,5.582,14,32
replica_02,2792,5.584,16,35
replica_02,2793,5.586,15,33
replica_02,2794,5.588,14,36
replica_02,2795,5.59,13,35
replica_02,2796,5.592,10,32
replica_02,2797,5.594,9,42
replica_02,2798,5.596,9,34
replica_02,2799,5.598,14,37
replica_02,2800,5.6,10,38
replica_02,2801,5.602,14,35
replica_02,2802,5.604,18,32
replica_02,2803,5.606,13,36
replica_02,2804,5.608,13,39
replica_02,2805,5.61,21,34
replica_02,2806,5.612,17,34
replica_02,2807,5.614,17,32
replica_02,2808,5.616,12,34
replica_02,2809,5.618,15,39
replica_02,2810,5.62,11,33
replica_02,2811,5.622,15,32
replica_02,2812,5.624,18,31
replica_02,2813,5.626,13,31
replica_02,2814,5.628,16,38
replica_02,2815,5.63,17,28
replica_02,2816,5.632,16,37
replica_02,2817,5.634,17,31
replica_02,2818,5.636,16,35
replica_02,2819,5.638,15,34
replica_02,2820,5.64,14,34
replica_02,2821,5.642,15,38
replica_02,2822,5.644,13,36
replica_02,2823,5.646,9,39
replica_02,2824,5.648,10,40
replica_02,2825,5.65,11,36
replica_02,2826,5.652,10,35
replica_02,2827,5.654,17,39
replica_02,2828,5.656,16,37
replica_02,2829,5.658,14,37
replica_02,2830,5.66,15,37
replica_02,2831,5.662,12,39
replica_02,2832,5.664,14,32
replica_02,2833,5.666,13,34
replica_02,2834,5.668,9,32
replica_02,2835,5.67,13,37
replica_02,2836,5.672,14,37
replica_02,2837,5.674,15,38
replica_02,2838,5.676,17,35
replica_02,2839,5.678,20,35
replica_02,2840,5.68,15,33
replica_02,2841,5.682,16,33
replica_02,2842,5.684,15,37
replica_02,2843,5.686,15,37
replica_02,2844,5.688,13,36
replica_02,2845,5.69,14,39
replica_02,2846,5.692,18,39
replica_02,2847,5.694,16,38
replica_02,2848,5.696,11,35
replica_02,2849,5.698,15,37
replica_02,2850,5.7,10,40
replica_02,2851,5.702,9,36
replica_02,2852,5.704,13,43
replica_02,2853,5.706,15,42
replica_02,2854,5.708,12,45
replica_02,2855,5.71,11,41
replica_02,2856,5.712,12,38
replica_02,2857,5.714,11,38
replica_02,2858,5.716,6,39
replica_02,2859,5.718,13,41
replica_02,2860,5.72,8,38
replica_02,2861,5.722,9,41
replica_02,2862,5.724,12,39
replica_02,2863,5.726,8,42
replica_02,2864,5.728,9,38
replica_02,2865,5.73,11,39
replica_02,2866,5.732,12,40
replica_02,2867,5.734,14,40
replica_02,2868,5.736,8,39
replica_02,2869,5.738,14,35
replica_02,2870,5.74,11,38
replica_02,2871,5.742,8,32
replica_02,2872,5.744,13,32
replica_02,2873,5.746,17,35
replica_02,2874,5.748,12,38
replica_02,2875,5.75,9,37
replica_02,2876,5.752,11,32
replica_02,2877,5.754,12,36
replica_02,2878,5.756,15,40
replica_02,2879,5.758,14,32
replica_02,2880,5.76,14,36
replica_02,2881,5.762,17,36
replica_02,2882,5.764,15,37
replica_02,2883,5.766,16,35
replica_02,2884,5.768,14,36
replica_02,2885,5.77,15,35
replica_02,2886,5.772,14,35
replica_02,2887,5.774,17,38
replica_02,2888,5.776,13,37
replica_02,2889,5.778,15,38
replica_02,2890,5.78,17,39
replica_02,2891,5.782,10,41
replica_02,2892,5.784,14,33
replica_02,2893,5.786,14,33
replica_02,2894,5.788,14,34
replica_02,2895,5.79,12,38
replica_02,2896,5.792,13,34
replica_02,2897,5.794,12,41
replica_02,2898,5.796,11,39
replica_02,2899,5.798,10,38
replica_02,2900,5.8,13,36
replica_02,2901,5.802,9,37
replica_02,2902,5.804,10,40
replica_02,2903,5.806,12,36
replica_02,2904,5.808,9,34
replica_02,2905,5.81,13,41
replica_02,2906,5.812,13,39
replica_02,2907,5.814,11,34
replica_02,2908,5.816,14,35
replica_02,2909,5.818,13,40
replica_02,2910,5.82,13,37
replica_02,2911,5.822,15,34
replica_02,2912,5.824,14,39
replica_02,2913,5.826,18,31
replica_02,2914,5.828,14,37
replica_02,2915,5.83,21,36
replica_02,2916,5.832,17,32
replica_02,2917,5.834,14,38
replica_02,2918,5.836,14,32
replica_02,2919,5.838,11,35
replica_02,2920,5.84,11,30
replica_02,2921,5.842,17,31
replica_02,2922,5.844,17,41
replica_02,2923,5.846,13,39
replica_02,2924,5.848,18,40
replica_02,2925,5.85,13,36
replica_02,2926,5.852,14,36
replica_02,2927,5.854,16,35
replica_02,2928,5.856,14,35
replica_02,2929,5.858,15,35
replica_02,2930,5.86,10,41
replica_02,2931,5.862,18,38
replica_02,2932,5.864,10,39
replica_02,2933,5.866,17,36
replica_02,2934,5.868,16,36
replica_02,2935,5.87,10,36
replica_02,2936,5.872,13,33
replica_02,2937,5.874,16,36
replica_02,2938,5.876,15,33
replica_02,2939,5.878,17,34
replica_02,2940,5.88,15,39
replica_02,2941,5.882,17,36
replica_02,2942,5.884,20,34
replica_02,2943,5.886,18,35
replica_02,2944,5.888,17,33
replica_02,2945,5.89,16,35
replica_02,2946,5.892,13,33
replica_02,2947,5.894,15,38
replica_02,2948,5.896,14,32
replica_02,2949,5.898,11,36
replica_02,2950,5.9,20,34
replica_02,2951,5.902,15,34
replica_02,2952,5.904,16,34
replica_02,2953,5.906,10,37
replica_02,2954,5.908,10,37
replica_02,2955,5.91,13,36
replica_02,2956,5.912,16,34
replica_02,2957,5.914,15,35
replica_02,2958,5.916,16,33
replica_02,2959,5.918,18,37
replica_02,2960,5.92,15,37
replica_02,2961,5.922,21,34
replica_02,2962,5.924,19,35
replica_02,2963,5.926,20,37
replica_02,2964,5.928,17,33
replica_02,2965,5.93,16,39
replica_02,2966,5.932,16,37
replica_02,2967,5.934,17,38
replica_02,2968,5.936,15,40
replica_02,2969,5.938,13,41
replica_02,2970,5.94,18,35
replica_02,2971,5.942,15,36
replica_02,2972,5.944,14,36
replica_02,2973,5.946,18,37
replica_02,2974,5.948,18,34
replica_02,2975,5.95,15,39
replica_02,2976,5.952,15,36
replica_02,2977,5.954,15,34
replica_02,2978,5.956,18,31
replica_02,2979,5.958,18,33
replica_02,2980,5.96,17,35
replica_02,2981,5.962,20,33
replica_02,2982,5.964,17,35
replica_02,2983,5.966,18,37
replica_02,2984,5.968,15,38
replica_02,2985,5.97,18,32
replica_02,2986,5.972,18,35
replica_02,2987,5.974,21,32
replica_02,2988,5.976,15,32
replica_02,2989,5.978,17,32
replica_02,2990,5.98,17,33
replica_02,2991,5.982,20,31
replica_02,2992,5.984,16,30
replica_02,2993,5.986,15,33
replica_02,2994,5.988,17,33
replica_02,2995,5.99,18,36
replica_02,2996,5.992,10,38
replica_02,2997,5.994,16,37
replica_02,2998,5.996,17,34
replica_02,2999,5.998,13,40
replica_02,3000,6.0,12,37
replica_02,3001,6.002,14,37
replica_02,3002,6.004,18,33
replica_02,3003,6.006,17,34
replica_02,3004,6.008,19,34
replica_02,3005,6.01,19,31
replica_02,3006,6.012,18,32
replica_02,3007,6.014,18,33
replica_02,3008,6.016,16,41
replica_02,3009,6.018,17,37
replica_02,3010,6.02,14,37
replica_02,3011,6.022,18,35
replica_02,3012,6.024,19,34
replica_02,3013,6.026,13,38
replica_02,3014,6.028,17,32
replica_02,3015,6.03,15,33
replica_02,3016,6.032,17,34
replica_02,3017,6.034,12,34
replica_02,3018,6.036,17,34
replica_02,3019,6.038,16,35
replica_02,3020,6.04,17,34
replica_02,3021,6.042,20,32
replica_02,3022,6.044,17,33
replica_02,3023,6.046,17,37
replica_02,3024,6.048,16,34
replica_02,3025,6.05,13,37
replica_02,3026,6.052,13,36
replica_02,3027,6.054,12,33
replica_02,3028,6.056,14,33
replica_02,3029,6.058,15,34
replica_02,3030,6.06,18,33
replica_02,3031,6.062,17,34
replica_02,3032,6.064,14,39
replica_02,3033,6.066,16,34
replica_02,3034,6.068,16,35
replica_02,3035,6.07,19,40
replica_02,3036,6.072,15,37
replica_02,3037,6.074,17,31
replica_02,3038,6.076,15,37
replica_02,3039,6.078,13,32
replica_02,3040,6.08,15,35
replica_02,3041,6.082,18,33
replica_02,3042,6.084,17,37
replica_02,3043,6.086,19,36
replica_02,3044,6.088,15,38
replica_02,3045,6.09,18,37
replica_02,3046,6.092,19,35
replica_02,3047,6.094,18,41
replica_02,3048,6.096,16,35
replica_02,3049,6.098,14,40
replica_02,3050,6.1,18,37
replica_02,3051,6.102,17,36
replica_02,3052,6.104,11,35
replica_02,3053,6.106,15,35
replica_02,3054,6.108,17,34
replica_02,3055,6.11,19,35
replica_02,3056,6.112,11,32
replica_02,3057,6.114,15,44
replica_02,3058,6.116,16,35
replica_02,3059,6.118,12,39
replica_02,3060,6.12,12,34
replica_02,3061,6.122,18,35
replica_02,3062,6.124,16,32
replica_02,3063,6.126,19,36
replica_02,3064,6.128,27,31
replica_02,3065,6.13,21,31
replica_02,3066,6.132,18,36
replica_02,3067,6.134,14,34
replica_02,3068,6.136,20,39
replica_02,3069,6.138,15,37
replica_02,3070,6.14,17,36
replica_02,3071,6.142,15,36
replica_02,3072,6.144,18,35
replica_02,3073,6.146,17,38
replica_02,3074,6.148,15,34
replica_02,3075,6.15,7,40
replica_02,3076,6.152,13,37
replica_02,3077,6.154,17,37
replica_02,3078,6.156,15,34
replica_02,3079,6.158,18,30
replica_02,3080,6.16,22,30
replica_02,3081,6.162,13,34
replica_02,3082,6.164,17,38
replica_02,3083,6.166,10,35
replica_02,3084,6.168,15,33
replica_02,3085,6.17,20,37
replica_02,3086,6.172,16,36
replica_02,3087,6.174,19,37
replica_02,3088,6.176,19,34
replica_02,3089,6.178,15,41
replica_02,3090,6.18,16,41
replica_02,3091,6.182,15,35
replica_02,3092,6.184,17,35
replica_02,3093,6.186,18,33
replica_02,3094,6.188,16,38
replica_02,3095,6.19,18,37
replica_02,3096,6.192,18,41
replica_02,3097,6.194,16,34
replica_02,3098,6.196,19,35
replica_02,3099,6.198,19,33
replica_02,3100,6.2,19,31
replica_02,3101,6.202,13,34
replica_02,3102,6.204,13,37
replica_02,3103,6.206,15,41
replica_02,3104,6.208,13,37
replica_02,3105,6.21,15,35
replica_02,3106,6.212,19,34
replica_02,3107,6.214,15,36
replica_02,3108,6.216,17,37
replica_02,3109,6.218,16,39
replica_02,3110,6.22,17,38
replica_02,3111,6.222,17,33
replica_02,3112,6.224,16,38
replica_02,3113,6.226,20,30
replica_02,3114,6.228,15,34
replica_02,3115,6.23,16,40
replica_02,3116,6.232,13,38
replica_02,3117,6.234,17,39
replica_02,3118,6.236,17,34
replica_02,3119,6.238,19,34
replica_02,3120,6.24,16,34
replica_02,3121,6.242,20,31
replica_02,3122,6.244,15,35
replica_02,3123,6.246,13,36
replica_02,3124,6.248,17,34
replica_02,3125,6.25,15,34
replica_02,3126,6.252,18,32
replica_02,3127,6.254,12,38
replica_02,3128,6.256,14,39
replica_02,3129,6.258,15,31
replica_02,3130,6.26,14,44
replica_02,3131,6.262,15,37
replica_02,3132,6.264,10,42
replica_02,3133,6.266,21,36
replica_02,3134,6.268,16,39
replica_02,3135,6.27,16,38
replica_02,3136,6.272,13,35
replica_02,3137,6.274,16,40
replica_02,3138,6.276,19,34
replica_02,3139,6.278,14,36
replica_02,3140,6.28,13,35
replica_02,3141,6.282,19,37
replica_02,3142,6.284,17,36
replica_02,3143,6.286,20,32
replica_02,3144,6.288,18,34
replica_02,3145,6.29,13,46
replica_02,3146,6.292,11,42
replica_02,3147,6.294,15,37
replica_02,3148,6.296,12,36
replica_02,3149,6.298,18,34
replica_02,3150,6.3,10,39
replica_02,3151,6.302,17,30
replica_02,3152,6.304,18,33
replica_02,3153,6.306,12,33
replica_02,3154,6.308,11,41
replica_02,3155,6.31,11,37
replica_02,3156,6.312,9,44
replica_02,3157,6.314,9,39
replica_02,3158,6.316,12,43
replica_02,3159,6.318,13,42
replica_02,3160,6.32,12,38
replica_02,3161,6.322,13,37
replica_02,3162,6.324,11,36
replica_02,3163,6.326,16,32
replica_02,3164,6.328,14,40
replica_02,3165,6.33,16,38
replica_02,3166,6.332,7,34
replica_02,3167,6.334,15,37
replica_02,3168,6.336,10,34
replica_02,3169,6.338,13,37
replica_02,3170,6.34,21,32
replica_02,3171,6.342,14,37
replica_02,3172,6.344,14,37
replica_02,3173,6.346,15,39
replica_02,3174,6.348,9,34
replica_02,3175,6.35,18,36
replica_02,3176,6.352,8,38
replica_02,3177,6.354,15,37
replica_02,3178,6.356,20,36
replica_02,3179,6.358,14,36
replica_02,3180,6.36,12,36
replica_02,3181,6.362,17,34
replica_02,3182,6.364,17,38
replica_02,3183,6.366,16,37
replica_02,3184,6.368,15,36
replica_02,3185,6.37,14,35
replica_02,3186,6.372,14,38
replica_02,3187,6.374,18,35
replica_02,3188,6.376,13,35
replica_02,3189,6.378,14,37
replica_02,3190,6.38,15,39
replica_02,3191,6.382,16,37
replica_02,3192,6.384,17,30
replica_02,3193,6.386,15,36
replica_02,3194,6.388,9,39
replica_02,3195,6.39,15,40
replica_02,3196,6.392,13,34
replica_02,3197,6.394,15,35
replica_02,3198,6.396,9,40
replica_02,3199,6.398,14,36
replica_02,3200,6.4,17,37
replica_02,3201,6.402,17,34
replica_02,3202,6.404,17,36
replica_02,3203,6.406,15,39
replica_02,3204,6.408,17,34
replica_02,3205,6.41,14,33
replica_02,3206,6.412,16,34
replica_02,3207,6.414,15,34
replica_02,3208,6.416,19,35
replica_02,3209,6.418,14,36
replica_02,3210,6.42,16,37
replica_02,3211,6.422,14,35
replica_02,3212,6.424,16,36
replica_02,3213,6.426,17,33
replica_02,3214,6.428,15,38
replica_02,3215,6.43,18,29
replica_02,3216,6.432,16,36
replica_02,3217,6.434,18,37
replica_02,3218,6.436,16,36
replica_02,3219,6.438,18,29
replica_02,3220,6.44,19,32
replica_02,3221,6.442,18,33
replica_02,3222,6.444,14,34
replica_02,3223,6.446,16,33
replica_02,3224,6.448,12,35
replica_02,3225,6.45,17,33
replica_02,3226,6.452,10,36
replica_02,3227,6.454,15,33
replica_02,3228,6.456,19,33
replica_02,3229,6.458,17,35
replica_02,3230,6.46,16,36
replica_02,3231,6.462,19,35
replica_02,3232,6.464,15,30
replica_02,3233,6.466,18,33
replica_02,3234,6.468,12,37
replica_02,3235,6.47,18,34
replica_02,3236,6.472,11,38
replica_02,3237,6.474,9,42
replica_02,3238,6.476,13,37
replica_02,3239,6.478,13,34
replica_02,3240,6.48,13,34
replica_02,3241,6.482,17,35
replica_02,3242,6.484,15,35
replica_02,3243,6.486,20,36
replica_02,3244,6.488,13,32
replica_02,3245,6.49,19,30
replica_02,3246,6.492,23,33
replica_02,3247,6.494,23,37
replica_02,3248,6.496,23,34
replica_02,3249,6.498,21,36
replica_02,3250,6.5,12,36
replica_02,3251,6.502,17,39
replica_02,3252,6.504,14,39
replica_02,3253,6.506,16,32
replica_02,3254,6.508,16,33
replica_02,3255,6.51,16,33
replica_02,3256,6.512,14,38
replica_02,3257,6.514,14,37
replica_02,3258,6.516,15,41
replica_02,3259,6.518,17,39
replica_02,3260,6.52,14,39
replica_02,3261,6.522,12,38
replica_02,3262,6.524,15,38
replica_02,3263,6.526,15,37
replica_02,3264,6.528,12,40
replica_02,3265,6.53,16,38
replica_02,3266,6.532,13,39
replica_02,3267,6.534,13,44
replica_02,3268,6.536,14,41
replica_02,3269,6.538,9,41
replica_02,3270,6.54,12,41
replica_02,3271,6.542,15,31
replica_02,3272,6.544,15,36
replica_02,3273,6.546,17,39
replica_02,3274,6.548,10,44
replica_02,3275,6.55,14,40
replica_02,3276,6.552,11,35
replica_02,3277,6.554,7,41
replica_02,3278,6.556,13,47
replica_02,3279,6.558,20,35
replica_02,3280,6.56,16,40
replica_02,3281,6.562,14,37
replica_02,3282,6.564,12,39
replica_02,3283,6.566,15,39
replica_02,3284,6.568,15,34
replica_02,3285,6.57,13,38
replica_02,3286,6.572,10,39
replica_02,3287,6.574,8,41
replica_02,3288,6.576,11,35
replica_02,3289,6.578,17,34
replica_02,3290,6.58,13,41
replica_02,3291,6.582,14,38
replica_02,3292,6.584,12,41
replica_02,3293,6.586,16,34
replica_02,3294,6.588,15,36
replica_02,3295,6.59,10,39
replica_02,3296,6.592,10,40
replica_02,3297,6.594,10,38
replica_02,3298,6.596,11,38
replica_02,3299,6.598,9,45
replica_02,3300,6.6,17,45
replica_02,3301,6.602,15,37
replica_02,3302,6.604,12,39
replica_02,3303,6.606,13,45
replica_02,3304,6.608,13,39
replica_02,3305,6.61,14,42
replica_02,3306,6.612,14,47
replica_02,3307,6.614,9,47
replica_02,3308,6.616,11,44
replica_02,3309,6.618,9,41
replica_02,3310,6.62,13,47
replica_02,3311,6.622,12,42
replica_02,3312,6.624,14,44
replica_02,3313,6.626,12,47
replica_02,3314,6.628,12,40
replica_02,3315,6.63,8,45
replica_02,3316,6.632,15,40
replica_02,3317,6.634,15,38
replica_02,3318,6.636,16,41
replica_02,3319,6.638,17,38
replica_02,3320,6.64,10,41
replica_02,3321,6.642,6,50
replica_02,3322,6.644,8,43
replica_02,3323,6.646,8,48
replica_02,3324,6.648,10,42
replica_02,3325,6.65,4,51
replica_02,3326,6.652,9,42
replica_02,3327,6.654,10,39
replica_02,3328,6.656,12,42
replica_02,3329,6.658,9,43
replica_02,3330,6.66,11,38
replica_02,3331,6.662,12,36
replica_02,3332,6.664,15,36
replica_02,3333,6.666,8,38
replica_02,3334,6.668,8,40
replica_02,3335,6.67,7,35
replica_02,3336,6.672,13,37
replica_02,3337,6.674,10,34
replica_02,3338,6.676,10,39
replica_02,3339,6.678,10,36
replica_02,3340,6.68,11,39
replica_02,3341,6.682,11,40
replica_02,3342,6.684,8,41
replica_02,3343,6.686,15,45
replica_02,3344,6.688,11,36
replica_02,3345,6.69,13,45
replica_02,3346,6.692,11,40
replica_02,3347,6.694,11,39
replica_02,3348,6.696,14,36
replica_02,3349,6.698,10,38
replica_02,3350,6.7,16,36
replica_02,3351,6.702,12,34
replica_02,3352,6.704,14,44
replica_02,3353,6.706,14,38
replica_02,3354,6.708,14,39
replica_02,3355,6.71,11,47
replica_02,3356,6.712,13,38
replica_02,3357,6.714,12,35
replica_02,3358,6.716,11,41
replica_02,3359,6.718,16,38
replica_02,3360,6.72,9,33
replica_02,3361,6.722,13,41
replica_02,3362,6.724,14,42
replica_02,3363,6.726,14,37
replica_02,3364,6.728,12,38
replica_02,3365,6.73,10,42
replica_02,3366,6.732,11,35
replica_02,3367,6.734,13,37
replica_02,3368,6.736,10,40
replica_02,3369,6.738,11,45
replica_02,3370,6.74,14,39
replica_02,3371,6.742,12,35
replica_02,3372,6.744,10,37
replica_02,3373,6.746,9,44
replica_02,3374,6.748,13,33
replica_02,3375,6.75,8,40
replica_02,3376,6.752,11,44
replica_02,3377,6.754,13,38
replica_02,3378,6.756,11,40
replica_02,3379,6.758,9,38
replica_02,3380,6.76,6,46
replica_02,3381,6.762,7,38
replica_02,3382,6.764,6,41
replica_02,3383,6.766,9,41
replica_02,3384,6.768,8,47
replica_02,3385,6.77,5,45
replica_02,3386,6.772,8,44
replica_02,3387,6.774,4,39
replica_02,3388,6.776,6,43
replica_02,3389,6.778,6,46
replica_02,3390,6.78,1,46
replica_02,3391,6.782,2,47
replica_02,3392,6.784,9,40
replica_02,3393,6.786,7,42
replica_02,3394,6.788,8,43
replica_02,3395,6.79,6,44
replica_02,3396,6.792,5,45
replica_02,3397,6.794,8,47
replica_02,3398,6.796,7,44
replica_02,3399,6.798,6,47
replica_02,3400,6.8,6,42
replica_02,3401,6.802,9,42
replica_02,3402,6.804,9,43
replica_02,3403,6.806,7,35
replica_02,3404,6.808,7,41
replica_02,3405,6.81,11,36
replica_02,3406,6.812,9,39
replica_02,3407,6.814,13,40
replica_02,3408,6.816,16,37
replica_02,3409,6.818,13,37
replica_02,3410,6.82,14,35
replica_02,3411,6.822,15,37
replica_02,3412,6.824,13,39
replica_02,3413,6.826,10,41
replica_02,3414,6.828,12,41
replica_02,3415,6.83,8,39
replica_02,3416,6.832,10,39
replica_02,3417,6.834,9,39
replica_02,3418,6.836,9,39
replica_02,3419,6.838,14,37
replica_02,3420,6.84,15,40
replica_02,3421,6.842,13,37
replica_02,3422,6.844,15,35
replica_02,3423,6.846,19,38
replica_02,3424,6.848,14,40
replica_02,3425,6.85,15,37
replica_02,3426,6.852,15,38
replica_02,3427,6.854,13,41
replica_02,3428,6.856,8,33
replica_02,3429,6.858,12,37
replica_02,3430,6.86,13,38
replica_02,3431,6.862,15,38
replica_02,3432,6.864,15,35
replica_02,3433,6.866,15,38
replica_02,3434,6.868,12,33
replica_02,3435,6.87,7,45
replica_02,3436,6.872,13,39
replica_02,3437,6.874,15,34
replica_02,3438,6.876,13,37
replica_02,3439,6.878,13,40
replica_02,3440,6.88,11,43
replica_02,3441,6.882,15,39
replica_02,3442,6.884,14,39
replica_02,3443,6.886,10,40
replica_02,3444,6.888,13,37
replica_02,3445,6.89,17,34
replica_02,3446,6.892,17,35
replica_02,3447,6.894,12,40
replica_02,3448,6.896,15,36
replica_02,3449,6.898,15,39
replica_02,3450,6.9,17,36
replica_02,3451,6.902,16,38
replica_02,3452,6.904,17,37
replica_02,3453,6.906,10,34
replica_02,3454,6.908,16,39
replica_02,3455,6.91,12,34
replica_02,3456,6.912,9,39
replica_02,3457,6.914,12,36
replica_02,3458,6.916,14,40
replica_02,3459,6.918,10,47
replica_02,3460,6.92,3,42
replica_02,3461,6.922,7,38
replica_02,3462,6.924,7,42
replica_02,3463,6.926,15,42
replica_02,3464,6.928,14,43
replica_02,3465,6.93,15,35
replica_02,3466,6.932,14,40
replica_02,3467,6.934,10,41
replica_02,3468,6.936,11,44
replica_02,3469,6.938,14,40
replica_02,3470,6.94,11,39
replica_02,3471,6.942,12,40
replica_02,3472,6.944,12,39
replica_02,3473,6.946,17,37
replica_02,3474,6.948,13,34
replica_02,3475,6.95,13,41
replica_02,3476,6.952,10,38
replica_02,3477,6.954,16,36
replica_02,3478,6.956,19,35
replica_02,3479,6.958,16,33
replica_02,3480,6.96,16,30
replica_02,3481,6.962,17,29
replica_02,3482,6.964,19,32
replica_02,3483,6.966,12,38
replica_02,3484,6.968,14,32
replica_02,3485,6.97,24,33
replica_02,3486,6.972,15,36
replica_02,3487,6.974,23,35
replica_02,3488,6.976,12,36
replica_02,3489,6.978,18,33
replica_02,3490,6.98,17,36
replica_02,3491,6.982,15,35
replica_02,3492,6.984,19,32
replica_02,3493,6.986,14,32
replica_02,3494,6.988,17,36
replica_02,3495,6.99,16,33
replica_02,3496,6.992,16,32
replica_02,3497,6.994,17,34
replica_02,3498,6.996,15,36
replica_02,3499,6.998,14,30
replica_02,3500,7.0,14,41
replica_02,3501,7.002,10,40
replica_02,3502,7.004,14,38
replica_02,3503,7.006,10,38
replica_02,3504,7.008,18,34
replica_02,3505,7.01,15,36
replica_02,3506,7.012,17,35
replica_02,3507,7.014,20,34
replica_02,3508,7.016,21,37
replica_02,3509,7.018,18,36
replica_02,3510,7.02,14,38
replica_02,3511,7.022,16,38
replica_02,3512,7.024,13,33
replica_02,3513,7.026,16,35
replica_02,3514,7.028,19,35
replica_02,3515,7.03,19,35
replica_02,3516,7.032,21,42
replica_02,3517,7.034,19,36
replica_02,3518,7.036,21,33
replica_02,3519,7.038,18,36
replica_02,3520,7.04,17,40
replica_02,3521,7.042,17,36
replica_02,3522,7.044,17,43
replica_02,3523,7.046,18,35
replica_02,3524,7.048,18,39
replica_02,3525,7.05,14,37
replica_02,3526,7.052,14,37
replica_02,3527,7.054,16,37
replica_02,3528,7.056,15,42
replica_02,3529,7.058,9,44
replica_02,3530,7.06,17,36
replica_02,3531,7.062,17,35
replica_02,3532,7.064,16,38
replica_02,3533,7.066,14,42
replica_02,3534,7.068,16,37
replica_02,3535,7.07,14,36
replica_02,3536,7.072,19,33
replica_02,3537,7.074,19,34
replica_02,3538,7.076,16,36
replica_02,3539,7.078,16,37
replica_02,3540,7.08,21,40
replica_02,3541,7.082,22,35
replica_02,3542,7.084,21,40
replica_02,3543,7.086,16,35
replica_02,3544,7.088,13,40
replica_02,3545,7.09,13,39
replica_02,3546,7.092,10,38
replica_02,3547,7.094,16,35
replica_02,3548,7.096,14,39
replica_02,3549,7.098,9,38
replica_02,3550,7.1,8,44
replica_02,3551,7.102,12,42
replica_02,3552,7.104,8,42
replica_02,3553,7.106,12,38
replica_02,3554,7.108,12,38
replica_02,3555,7.11,10,39
replica_02,3556,7.112,8,39
replica_02,3557,7.114,12,38
replica_02,3558,7.116,11,33
replica_02,3559,7.118,9,35
replica_02,3560,7.12,17,37
replica_02,3561,7.122,16,37
replica_02,3562,7.124,15,34
replica_02,3563,7.126,14,36
replica_02,3564,7.128,16,35
replica_02,3565,7.13,16,36
replica_02,3566,7.132,22,35
replica_02,3567,7.134,17,39
replica_02,3568,7.136,10,41
replica_02,3569,7.138,13,40
replica_02,3570,7.14,19,35
replica_02,3571,7.142,17,35
replica_02,3572,7.144,16,37
replica_02,3573,7.146,14,38
replica_02,3574,7.148,14,37
replica_02,3575,7.15,19,36
replica_02,3576,7.152,16,37
replica_02,3577,7.154,18,35
replica_02,3578,7.156,24,36
replica_02,3579,7.158,16,33
replica_02,3580,7.16,18,37
replica_02,3581,7.162,18,37
replica_02,3582,7.164,16,37
replica_02,3583,7.166,6,41
replica_02,3584,7.168,9,42
replica_02,3585,7.17,17,38
replica_02,3586,7.172,14,38
replica_02,3587,7.174,16,38
replica_02,3588,7.176,19,36
replica_02,3589,7.178,16,36
replica_02,3590,7.18,19,35
replica_02,3591,7.182,13,35
replica_02,3592,7.184,15,33
replica_02,3593,7.186,18,36
replica_02,3594,7.188,17,34
replica_02,3595,7.19,17,34
replica_02,3596,7.192,15,34
replica_02,3597,7.194,20,33
replica_02,3598,7.196,23,33
replica_02,3599,7.198,13,28
replica_02,3600,7.2,13,34
replica_02,3601,7.202,15,33
replica_02,3602,7.204,18,36
replica_02,3603,7.206,18,37
replica_02,3604,7.208,16,34
replica_02,3605,7.21,19,32
replica_02,3606,7.212,18,39
replica_02,3607,7.214,19,31
replica_02,3608,7.216,18,35
replica_02,3609,7.218,23,32
replica_02,3610,7.22,17,38
replica_02,3611,7.222,22,33
replica_02,3612,7.224,16,37
replica_02,3613,7.226,14,35
replica_02,3614,7.228,13,39
replica_02,3615,7.23,14,35
replica_02,3616,7.232,17,38
replica_02,3617,7.234,9,38
replica_02,3618,7.236,11,38
replica_02,3619,7.238,12,42
replica_02,3620,7.24,17,38
replica_02,3621,7.242,13,37
replica_02,3622,7.244,13,32
replica_02,3623,7.246,10,38
replica_02,3624,7.248,16,33
replica_02,3625,7.25,13,35
replica_02,3626,7.252,18,34
replica_02,3627,7.254,14,39
replica_02,3628,7.256,9,33
replica_02,3629,7.258,12,38
replica_02,3630,7.26,14,33
replica_02,3631,7.262,16,34
replica_02,3632,7.264,13,38
replica_02,3633,7.266,17,30
replica_02,3634,7.268,14,37
replica_02,3635,7.27,16,36
replica_02,3636,7.272,19,32
replica_02,3637,7.274,18,31
replica_02,3638,7.276,13,36
replica_02,3639,7.278,20,36
replica_02,3640,7.28,15,34
replica_02,3641,7.282,16,40
replica_02,3642,7.284,18,35
replica_02,3643,7.286,12,39
replica_02,3644,7.288,16,35
replica_02,3645,7.29,11,36
replica_02,3646,7.292,11,34
replica_02,3647,7.294,14,36
replica_02,3648,7.296,17,31
replica_02,3649,7.298,13,34
replica_02,3650,7.3,18,32
replica_02,3651,7.302,9,37
replica_02,3652,7.304,15,36
replica_02,3653,7.306,15,36
replica_02,3654,7.308,12,36
replica_02,3655,7.31,9,38
replica_02,3656,7.312,15,41
replica_02,3657,7.314,11,37
replica_02,3658,7.316,9,40
replica_02,3659,7.318,8,41
replica_02,3660,7.32,15,41
replica_02,3661,7.322,15,36
replica_02,3662,7.324,15,34
replica_02,3663,7.326,16,32
replica_02,3664,7.328,16,35
replica_02,3665,7.33,14,38
replica_02,3666,7.332,17,36
replica_02,3667,7.334,15,36
replica_02,3668,7.336,12,39
replica_02,3669,7.338,12,39
replica_02,3670,7.34,12,41
replica_02,3671,7.342,14,40
replica_02,3672,7.344,14,36
replica_02,3673,7.346,15,33
replica_02,3674,7.348,16,36
replica_02,3675,7.35,13,36
replica_02,3676,7.352,12,36
replica_02,3677,7.354,13,42
replica_02,3678,7.356,12,38
replica_02,3679,7.358,8,44
replica_02,3680,7.36,12,45
replica_02,3681,7.362,12,38
replica_02,3682,7.364,12,44
replica_02,3683,7.366,12,36
replica_02,3684,7.368,16,38
replica_02,3685,7.37,16,33
replica_02,3686,7.372,10,38
replica_02,3687,7.374,13,38
replica_02,3688,7.376,10,34
replica_02,3689,7.378,11,39
replica_02,3690,7.38,11,37
replica_02,3691,7.382,11,40
replica_02,3692,7.384,11,37
replica_02,3693,7.386,12,38
replica_02,3694,7.388,13,39
replica_02,3695,7.39,15,40
replica_02,3696,7.392,14,38
replica_02,3697,7.394,8,44
replica_02,3698,7.396,15,39
replica_02,3699,7.398,12,36
replica_02,3700,7.4,11,38
replica_02,3701,7.402,13,43
replica_02,3702,7.404,15,35
replica_02,3703,7.406,14,39
replica_02,3704,7.408,17,33
replica_02,3705,7.41,12,34
replica_02,3706,7.412,15,34
replica_02,3707,7.414,7,40
replica_02,3708,7.416,12,41
replica_02,3709,7.418,8,39
replica_02,3710,7.42,11,41
replica_02,3711,7.422,11,39
replica_02,3712,7.424,8,36
replica_02,3713,7.426,13,36
replica_02,3714,7.428,14,37
replica_02,3715,7.43,18,34
replica_02,3716,7.432,15,38
replica_02,3717,7.434,15,34
replica_02,3718,7.436,17,35
replica_02,3719,7.438,18,34
replica_02,3720,7.44,9,41
replica_02,3721,7.442,16,38
replica_02,3722,7.444,17,38
replica_02,3723,7.446,14,40
replica_02,3724,7.448,14,39
replica_02,3725,7.45,8,36
replica_02,3726,7.452,13,38
replica_02,3727,7.454,20,37
replica_02,3728,7.456,15,36
replica_02,3729,7.458,14,39
replica_02,3730,7.46,8,43
replica_02,3731,7.462,11,39
replica_02,3732,7.464,10,35
replica_02,3733,7.466,10,40
replica_02,3734,7.468,13,36
replica_02,3735,7.47,15,36
replica_02,3736,7.472,16,36
replica_02,3737,7.474,11,35
replica_02,3738,7.476,11,38
replica_02,3739,7.478,10,47
replica_02,3740,7.48,12,41
replica_02,3741,7.482,10,41
replica_02,3742,7.484,13,40
replica_02,3743,7.486,10,42
replica_02,3744,7.488,13,40
replica_02,3745,7.49,12,38
replica_02,3746,7.492,15,41
replica_02,3747,7.494,11,37
replica_02,3748,7.496,12,43
replica_02,3749,7.498,12,42
replica_02,3750,7.5,12,44
replica_02,3751,7.502,8,41
replica_02,3752,7.504,12,42
replica_02,3753,7.506,10,41
replica_02,3754,7.508,11,46
replica_02,3755,7.51,12,43
replica_02,3756,7.512,8,43
replica_02,3757,7.514,10,41
replica_02,3758,7.516,14,42
replica_02,3759,7.518,12,39
replica_02,3760,7.52,13,39
replica_02,3761,7.522,11,41
replica_02,3762,7.524,11,40
replica_02,3763,7.526,11,36
replica_02,3764,7.528,14,36
replica_02,3765,7.53,16,37
replica_02,3766,7.532,14,38
replica_02,3767,7.534,17,34
replica_02,3768,7.536,10,37
replica_02,3769,7.538,16,37
replica_02,3770,7.54,14,42
replica_02,3771,7.542,13,40
replica_02,3772,7.544,13,37
replica_02,3773,7.546,15,37
replica_02,3774,7.548,17,41
replica_02,3775,7.55,14,31
replica_02,3776,7.552,16,33
replica_02,3777,7.554,8,39
replica_02,3778,7.556,11,36
replica_02,3779,7.558,15,36
replica_02,3780,7.56,14,35
replica_02,3781,7.562,20,36
replica_02,3782,7.564,17,38
replica_02,3783,7.566,14,33
replica_02,3784,7.568,14,33
replica_02,3785,7.57,17,33
replica_02,3786,7.572,15,33
replica_02,3787,7.574,15,31
replica_02,3788,7.576,20,34
replica_02,3789,7.578,14,37
replica_02,3790,7.58,13,35
replica_02,3791,7.582,11,35
replica_02,3792,7.584,16,40
replica_02,3793,7.586,15,35
replica_02,3794,7.588,11,35
replica_02,3795,7.59,17,37
replica_02,3796,7.592,16,37
replica_02,3797,7.594,13,37
replica_02,3798,7.596,16,32
replica_02,3799,7.598,15,38
replica_02,3800,7.6,14,37
replica_02,3801,7.602,16,33
replica_02,3802,7.604,23,36
replica_02,3803,7.606,16,38
replica_02,3804,7.608,23,33
replica_02,3805,7.61,16,36
replica_02,3806,7.612,16,38
replica_02,3807,7.614,14,37
replica_02,3808,7.616,18,34
replica_02,3809,7.618,11,34
replica_02,3810,7.62,14,39
replica_02,3811,7.622,13,35
replica_02,3812,7.624,15,37
replica_02,3813,7.626,13,37
replica_02,3814,7.628,13,36
replica_02,3815,7.63,10,37
replica_02,3816,7.632,12,38
replica_02,3817,7.634,12,36
replica_02,3818,7.636,19,39
replica_02,3819,7.638,17,30
replica_02,3820,7.64,11,38
replica_02,3821,7.642,15,37
replica_02,3822,7.644,14,41
replica_02,3823,7.646,13,39
replica_02,3824,7.648,17,34
replica_02,3825,7.65,15,34
replica_02,3826,7.652,14,36
replica_02,3827,7.654,21,34
replica_02,3828,7.656,14,36
replica_02,3829,7.658,17,36
replica_02,3830,7.66,15,36
replica_02,3831,7.662,18,34
replica_02,3832,7.664,16,35
replica_02,3833,7.666,17,35
replica_02,3834,7.668,19,37
replica_02,3835,7.67,16,39
replica_02,3836,7.672,15,32
replica_02,3837,7.674,20,33
replica_02,3838,7.676,13,36
replica_02,3839,7.678,18,37
replica_02,3840,7.68,16,31
replica_02,3841,7.682,12,40
replica_02,3842,7.684,16,34
replica_02,3843,7.686,17,29
replica_02,3844,7.688,17,34
replica_02,3845,7.69,11,34
replica_02,3846,7.692,19,29
replica_02,3847,7.694,17,36
replica_02,3848,7.696,19,38
replica_02,3849,7.698,13,34
replica_02,3850,7.7,15,37
replica_02,3851,7.702,18,33
replica_02,3852,7.704,12,39
replica_02,3853,7.706,13,38
replica_02,3854,7.708,13,31
replica_02,3855,7.71,18,35
replica_02,3856,7.712,12,40
replica_02,3857,7.714,10,38
replica_02,3858,7.716,12,32
replica_02,3859,7.718,16,35
replica_02,3860,7.72,16,35
replica_02,3861,7.722,17,36
replica_02,3862,7.724,16,35
replica_02,3863,7.726,17,30
replica_02,3864,7.728,13,31
replica_02,3865,7.73,15,32
replica_02,3866,7.732,8,36
replica_02,3867,7.734,15,37
replica_02,3868,7.736,11,38
replica_02,3869,7.738,17,38
replica_02,3870,7.74,16,36
replica_02,3871,7.742,15,40
replica_02,3872,7.744,14,41
replica_02,3873,7.746,8,42
replica_02,3874,7.748,12,38
replica_02,3875,7.75,8,40
replica_02,3876,7.752,12,39
replica_02,3877,7.754,11,38
replica_02,3878,7.756,13,41
replica_02,3879,7.758,14,41
replica_02,3880,7.76,11,45
replica_02,3881,7.762,13,34
replica_02,3882,7.764,10,41
replica_02,3883,7.766,12,36
replica_02,3884,7.768,13,43
replica_02,3885,7.77,14,38
replica_02,3886,7.772,16,40
replica_02,3887,7.774,8,41
replica_02,3888,7.776,7,39
replica_02,3889,7.778,15,39
replica_02,3890,7.78,12,40
replica_02,3891,7.782,10,40
replica_02,3892,7.784,10,39
replica_02,3893,7.786,15,33
replica_02,3894,7.788,13,37
replica_02,3895,7.79,13,40
replica_02,3896,7.792,8,36
replica_02,3897,7.794,12,37
replica_02,3898,7.796,10,38
replica_02,3899,7.798,13,40
replica_02,3900,7.8,4,45
replica_02,3901,7.802,9,36
replica_02,3902,7.804,10,40
replica_02,3903,7.806,13,37
replica_02,3904,7.808,9,38
replica_02,3905,7.81,11,36
replica_02,3906,7.812,8,38
replica_02,3907,7.814,10,39
replica_02,3908,7.816,10,39
replica_02,3909,7.818,9,38
replica_02,3910,7.82,10,42
replica_02,3911,7.822,11,41
replica_02,3912,7.824,13,37
replica_02,3913,7.826,12,36
replica_02,3914,7.828,15,36
replica_02,3915,7.83,11,36
replica_02,3916,7.832,12,39
replica_02,3917,7.834,11,38
replica_02,3918,7.836,10,40
replica_02,3919,7.838,10,38
replica_02,3920,7.84,9,43
replica_02,3921,7.842,11,36
replica_02,3922,7.844,12,34
replica_02,3923,7.846,11,37
replica_02,3924,7.848,9,39
replica_02,3925,7.85,15,41
replica_02,3926,7.852,12,39
replica_02,3927,7.854,12,37
replica_02,3928,7.856,14,40
replica_02,3929,7.858,13,41
replica_02,3930,7.86,13,44
replica_02,3931,7.862,11,40
replica_02,3932,7.864,7,32
replica_02,3933,7.866,10,36
replica_02,3934,7.868,14,33
replica_02,3935,7.87,14,38
replica_02,3936,7.872,12,37
replica_02,3937,7.874,15,37
replica_02,3938,7.876,14,34
replica_02,3939,7.878,9,36
replica_02,3940,7.88,8,34
replica_02,3941,7.882,16,39
replica_02,3942,7.884,16,39
replica_02,3943,7.886,19,34
replica_02,3944,7.888,17,35
replica_02,3945,7.89,17,38
replica_02,3946,7.892,18,38
replica_02,3947,7.894,17,38
replica_02,3948,7.896,11,39
replica_02,3949,7.898,14,35
replica_02,3950,7.9,21,33
replica_02,3951,7.902,16,32
replica_02,3952,7.904,18,40
replica_02,3953,7.906,12,37
replica_02,3954,7.908,16,34
replica_02,3955,7.91,19,35
replica_02,3956,7.912,11,37
replica_02,3957,7.914,11,37
replica_02,3958,7.916,12,39
replica_02,3959,7.918,16,35
replica_02,3960,7.92,8,40
replica_02,3961,7.922,17,39
replica_02,3962,7.924,18,36
replica_02,3963,7.926,16,36
replica_02,3964,7.928,16,35
replica_02,3965,7.93,15,36
replica_02,3966,7.932,15,35
replica_02,3967,7.934,19,35
replica_02,3968,7.936,18,32
replica_02,3969,7.938,13,36
replica_02,3970,7.94,19,36
replica_02,3971,7.942,13,37
replica_02,3972,7.944,15,40
replica_02,3973,7.946,15,37
replica_02,3974,7.948,12,38
replica_02,3975,7.95,14,38
replica_02,3976,7.952,15,38
replica_02,3977,7.954,17,41
replica_02,3978,7.956,17,37
replica_02,3979,7.958,15,35
replica_02,3980,7.96,11,40
replica_02,3981,7.962,18,38
replica_02,3982,7.964,19,36
replica_02,3983,7.966,13,31
replica_02,3984,7.968,18,40
replica_02,3985,7.97,14,38
replica_02,3986,7.972,11,39
replica_02,3987,7.974,15,33
replica_02,3988,7.976,15,40
replica_02,3989,7.978,14,33
replica_02,3990,7.98,13,40
replica_02,3991,7.982,16,36
replica_02,3992,7.984,20,38
replica_02,3993,7.986,15,39
replica_02,3994,7.988,18,34
replica_02,3995,7.99,12,37
replica_02,3996,7.992,21,36
replica_02,3997,7.994,19,34
replica_02,3998,7.996,11,34
replica_02,3999,7.998,16,33
replica_02,4000,8.0,14,40
replica_02,4001,8.002,16,39
replica_02,4002,8.004,16,29
replica_02,4003,8.006,10,35
replica_02,4004,8.008,19,32
replica_02,4005,8.01,19,33
replica_02,4006,8.012,19,30
replica_02,4007,8.014,18,34
replica_02,4008,8.016,21,32
replica_02,4009,8.018,19,34
replica_02,4010,8.02,20,34
replica_02,4011,8.022,18,31
replica_02,4012,8.024,18,32
replica_02,4013,8.026,14,39
replica_02,4014,8.028,17,33
replica_02,4015,8.03,15,35
replica_02,4016,8.032,20,27
replica_02,4017,8.034,22,32
replica_02,4018,8.036,17,34
replica_02,4019,8.038,13,35
replica_02,4020,8.04,16,35
replica_02,4021,8.042,12,35
replica_02,4022,8.044,20,33
replica_02,4023,8.046,12,36
replica_02,4024,8.048,13,33
replica_02,4025,8.05,11,32
replica_02,4026,8.052,13,42
replica_02,4027,8.054,12,32
replica_02,4028,8.056,13,36
replica_02,4029,8.058,11,42
replica_02,4030,8.06,13,36
replica_02,4031,8.062,12,34
replica_02,4032,8.064,17,37
replica_02,4033,8.066,9,41
replica_02,4034,8.068,14,41
replica_02,4035,8.07,11,39
replica_02,4036,8.072,12,38
replica_02,4037,8.074,9,41
replica_02,4038,8.076,17,36
replica_02,4039,8.078,19,40
replica_02,4040,8.08,13,38
replica_02,4041,8.082,13,36
replica_02,4042,8.084,9,44
replica_02,4043,8.086,19,41
replica_02,4044,8.088,7,46
replica_02,4045,8.09,5,44
replica_02,4046,8.092,6,40
replica_02,4047,8.094,6,45
replica_02,4048,8.096,6,44
replica_02,4049,8.098,14,43
replica_02,4050,8.1,19,42
replica_02,4051,8.102,6,48
replica_02,4052,8.104,11,43
replica_02,4053,8.106,10,49
replica_02,4054,8.108,10,39
replica_02,4055,8.11,10,38
replica_02,4056,8.112,13,38
replica_02,4057,8.114,13,38
replica_02,4058,8.116,10,38
replica_02,4059,8.118,18,31
replica_02,4060,8.12,19,32
replica_02,4061,8.122,18,42
replica_02,4062,8.124,16,36
replica_02,4063,8.126,17,35
replica_02,4064,8.128,15,37
replica_02,4065,8.13,13,41
replica_02,4066,8.132,15,37
replica_02,4067,8.134,8,42
replica_02,4068,8.136,10,38
replica_02,4069,8.138,15,38
replica_02,4070,8.14,13,36
replica_02,4071,8.142,15,37
replica_02,4072,8.144,11,38
replica_02,4073,8.146,18,37
replica_02,4074,8.148,15,36
replica_02,4075,8.15,20,31
replica_02,4076,8.152,20,33
replica_02,4077,8.154,20,29
replica_02,4078,8.156,20,32
replica_02,4079,8.158,20,33
replica_02,4080,8.16,14,33
replica_02,4081,8.162,16,35
replica_02,4082,8.164,18,36
replica_02,4083,8.166,15,41
replica_02,4084,8.168,11,42
replica_02,4085,8.17,13,36
replica_02,4086,8.172,13,39
replica_02,4087,8.174,20,38
replica_02,4088,8.176,13,37
replica_02,4089,8.178,16,34
replica_02,4090,8.18,12,37
replica_02,4091,8.182,11,39
replica_02,4092,8.184,18,41
replica_02,4093,8.186,12,40
replica_02,4094,8.188,13,43
replica_02,4095,8.19,11,42
replica_02,4096,8.192,14,36
replica_02,4097,8.194,15,36
replica_02,4098,8.196,15,36
replica_02,4099,8.198,11,39
replica_02,4100,8.2,14,39
replica_02,4101,8.202,12,40
replica_02,4102,8.204,13,39
replica_02,4103,8.206,15,35
replica_02,4104,8.208,20,36
replica_02,4105,8.21,10,35
replica_02,4106,8.212,13,43
replica_02,4107,8.214,11,39
replica_02,4108,8.216,13,38
replica_02,4109,8.218,14,39
replica_02,4110,8.22,15,36
replica_02,4111,8.222,15,40
replica_02,4112,8.224,17,32
replica_02,4113,8.226,17,40
replica_02,4114,8.228,9,39
replica_02,4115,8.23,20,36
replica_02,4116,8.232,17,39
replica_02,4117,8.234,14,37
replica_02,4118,8.236,17,35
replica_02,4119,8.238,13,38
replica_02,4120,8.24,21,32
replica_02,4121,8.242,15,36
replica_02,4122,8.244,15,37
replica_02,4123,8.246,15,40
replica_02,4124,8.248,15,35
replica_02,4125,8.25,12,40
replica_02,4126,8.252,16,35
replica_02,4127,8.254,15,39
replica_02,4128,8.256,15,35
replica_02,4129,8.258,18,37
replica_02,4130,8.26,14,39
replica_02,4131,8.262,15,38
replica_02,4132,8.264,11,38
replica_02,4133,8.266,15,41
replica_02,4134,8.268,14,41
replica_02,4135,8.27,8,40
replica_02,4136,8.272,22,40
replica_02,4137,8.274,16,40
replica_02,4138,8.276,17,41
replica_02,4139,8.278,13,34
replica_02,4140,8.28,11,37
replica_02,4141,8.282,10,36
replica_02,4142,8.284,14,38
replica_02,4143,8.286,18,42
replica_02,4144,8.288,17,30
replica_02,4145,8.29,14,34
replica_02,4146,8.292,16,33
replica_02,4147,8.294,19,35
replica_02,4148,8.296,19,33
replica_02,4149,8.298,14,35
replica_02,4150,8.3,14,38
replica_02,4151,8.302,15,41
replica_02,4152,8.304,17,33
replica_02,4153,8.306,17,33
replica_02,4154,8.308,17,37
replica_02,4155,8.31,16,36
replica_02,4156,8.312,23,35
replica_02,4157,8.314,18,36
replica_02,4158,8.316,17,37
replica_02,4159,8.318,12,43
replica_02,4160,8.32,13,38
replica_02,4161,8.322,14,38
replica_02,4162,8.324,15,32
replica_02,4163,8.326,14,37
replica_02,4164,8.328,10,39
replica_02,4165,8.33,10,43
replica_02,4166,8.332,12,42
replica_02,4167,8.334,16,35
replica_02,4168,8.336,15,42
replica_02,4169,8.338,15,40
replica_02,4170,8.34,14,38
replica_02,4171,8.342,12,38
replica_02,4172,8.344,17,39
replica_02,4173,8.346,13,39
replica_02,4174,8.348,11,37
replica_02,4175,8.35,12,38
replica_02,4176,8.352,17,41
replica_02,4177,8.354,15,31
replica_02,4178,8.356,15,38
replica_02,4179,8.358,13,36
replica_02,4180,8.36,12,36
replica_02,4181,8.362,11,44
replica_02,4182,8.364,13,39
replica_02,4183,8.366,15,34
replica_02,4184,8.368,16,40
replica_02,4185,8.37,15,35
replica_02,4186,8.372,13,39
replica_02,4187,8.374,17,34
replica_02,4188,8.376,13,32
replica_02,4189,8.378,11,29
replica_02,4190,8.38,11,39
replica_02,4191,8.382,9,41
replica_02,4192,8.384,8,41
replica_02,4193,8.386,7,41
replica_02,4194,8.388,9,43
replica_02,4195,8.39,10,43
replica_02,4196,8.392,6,46
replica_02,4197,8.394,13,40
replica_02,4198,8.396,8,39
replica_02,4199,8.398,8,39
replica_02,4200,8.4,13,41
replica_02,4201,8.402,13,36
replica_02,4202,8.404,14,40
replica_02,4203,8.406,10,40
replica_02,4204,8.408,6,40
replica_02,4205,8.41,8,42
replica_02,4206,8.412,9,46
replica_02,4207,8.414,9,46
replica_02,4208,8.416,8,44
replica_02,4209,8.418,8,41
replica_02,4210,8.42,9,42
replica_02,4211,8.422,7,38
replica_02,4212,8.424,13,42
replica_02,4213,8.426,15,43
replica_02,4214,8.428,14,37
replica_02,4215,8.43,16,37
replica_02,4216,8.432,17,34
replica_02,4217,8.434,17,36
replica_02,4218,8.436,21,34
replica_02,4219,8.438,16,36
replica_02,4220,8.44,16,39
replica_02,4221,8.442,11,38
replica_02,4222,8.444,13,40
replica_02,4223,8.446,15,40
replica_02,4224,8.448,13,37
replica_02,4225,8.45,17,45
replica_02,4226,8.452,10,40
replica_02,4227,8.454,19,36
replica_02,4228,8.456,16,39
replica_02,4229,8.458,17,37
replica_02,4230,8.46,11,44
replica_02,4231,8.462,12,37
replica_02,4232,8.464,11,39
replica_02,4233,8.466,15,42
replica_02,4234,8.468,16,36
replica_02,4235,8.47,19,42
replica_02,4236,8.472,18,36
replica_02,4237,8.474,14,39
replica_02,4238,8.476,14,36
replica_02,4239,8.478,19,36
replica_02,4240,8.48,22,41
replica_02,4241,8.482,12,37
replica_02,4242,8.484,15,39
replica_02,4243,8.486,14,40
replica_02,4244,8.488,18,36
replica_02,4245,8.49,12,41
replica_02,4246,8.492,17,39
replica_02,4247,8.494,14,41
replica_02,4248,8.496,6,43
replica_02,4249,8.498,16,36
replica_02,4250,8.5,13,34
replica_02,4251,8.502,20,37
replica_02,4252,8.504,13,44
replica_02,4253,8.506,13,33
replica_02,4254,8.508,13,36
replica_02,4255,8.51,16,35
replica_02,4256,8.512,19,38
replica_02,4257,8.514,19,37
replica_02,4258,8.516,13,35
replica_02,4259,8.518,14,44
replica_02,4260,8.52,16,39
replica_02,4261,8.522,16,37
replica_02,4262,8.524,15,38
replica_02,4263,8.526,20,40
replica_02,4264,8.528,18,38
replica_02,4265,8.53,16,35
replica_02,4266,8.532,10,42
replica_02,4267,8.534,12,39
replica_02,4268,8.536,12,44
replica_02,4269,8.538,8,42
replica_02,4270,8.54,9,38
replica_02,4271,8.542,7,39
replica_02,4272,8.544,10,43
replica_02,4273,8.546,13,36
replica_02,4274,8.548,16,40
replica_02,4275,8.55,15,36
replica_02,4276,8.552,21,35
replica_02,4277,8.554,11,38
replica_02,4278,8.556,19,40
replica_02,4279,8.558,16,40
replica_02,4280,8.56,14,37
replica_02,4281,8.562,11,37
replica_02,4282,8.564,13,39
replica_02,4283,8.566,16,38
replica_02,4284,8.568,14,37
replica_02,4285,8.57,8,37
replica_02,4286,8.572,12,37
replica_02,4287,8.574,10,41
replica_02,4288,8.576,11,42
replica_02,4289,8.578,12,39
replica_02,4290,8.58,15,38
replica_02,4291,8.582,14,40
replica_02,4292,8.584,14,35
replica_02,4293,8.586,18,37
replica_02,4294,8.588,19,34
replica_02,4295,8.59,12,37
replica_02,4296,8.592,14,37
replica_02,4297,8.594,13,40
replica_02,4298,8.596,12,38
replica_02,4299,8.598,17,37
replica_02,4300,8.6,18,37
replica_02,4301,8.602,17,36
replica_02,4302,8.604,16,34
replica_02,4303,8.606,15,36
replica_02,4304,8.608,11,38
replica_02,4305,8.61,12,34
replica_02,4306,8.612,14,35
replica_02,4307,8.614,12,36
replica_02,4308,8.616,18,29
replica_02,4309,8.618,12,36
replica_02,4310,8.62,11,38
replica_02,4311,8.622,14,37
replica_02,4312,8.624,12,34
replica_02,4313,8.626,13,38
replica_02,4314,8.628,20,39
replica_02,4315,8.63,15,37
replica_02,4316,8.632,16,34
replica_02,4317,8.634,13,39
replica_02,4318,8.636,13,37
replica_02,4319,8.638,14,36
replica_02,4320,8.64,12,35
replica_02,4321,8.642,13,36
replica_02,4322,8.644,10,37
replica_02,4323,8.646,12,40
replica_02,4324,8.648,18,31
replica_02,4325,8.65,13,32
replica_02,4326,8.652,12,33
replica_02,4327,8.654,13,37
replica_02,4328,8.656,16,34
replica_02,4329,8.658,15,34
replica_02,4330,8.66,17,30
replica_02,4331,8.662,20,32
replica_02,4332,8.664,18,35
replica_02,4333,8.666,16,36
replica_02,4334,8.668,19,33
replica_02,4335,8.67,17,34
replica_02,4336,8.672,11,33
replica_02,4337,8.674,17,34
replica_02,4338,8.676,14,35
replica_02,4339,8.678,12,33
replica_02,4340,8.68,11,38
replica_02,4341,8.682,13,37
replica_02,4342,8.684,14,36
replica_02,4343,8.686,11,33
replica_02,4344,8.688,12,37
replica_02,4345,8.69,15,33
replica_02,4346,8.692,15,36
replica_02,4347,8.694,17,32
replica_02,4348,8.696,13,38
replica_02,4349,8.698,10,38
replica_02,4350,8.7,17,37
replica_02,4351,8.702,9,34
replica_02,4352,8.704,13,31
replica_02,4353,8.706,14,39
replica_02,4354,8.708,15,36
replica_02,4355,8.71,14,33
replica_02,4356,8.712,17,31
replica_02,4357,8.714,15,36
replica_02,4358,8.716,16,30
replica_02,4359,8.718,16,30
replica_02,4360,8.72,15,32
replica_02,4361,8.722,12,40
replica_02,4362,8.724,15,33
replica_02,4363,8.726,12,35
replica_02,4364,8.728,15,32
replica_02,4365,8.73,15,32
replica_02,4366,8.732,14,35
replica_02,4367,8.734,12,34
replica_02,4368,8.736,11,34
replica_02,4369,8.738,12,34
replica_02,4370,8.74,12,30
replica_02,4371,8.742,14,27
replica_02,4372,8.744,15,28
replica_02,4373,8.746,13,26
replica_02,4374,8.748,18,33
replica_02,4375,8.75,13,38
replica_02,4376,8.752,13,35
replica_02,4377,8.754,12,36
replica_02,4378,8.756,17,30
replica_02,4379,8.758,15,33
replica_02,4380,8.76,11,32
replica_02,4381,8.762,12,34
replica_02,4382,8.764,11,31
replica_02,4383,8.766,12,37
replica_02,4384,8.768,8,35
replica_02,4385,8.77,12,29
replica_02,4386,8.772,18,32
replica_02,4387,8.774,19,33
replica_02,4388,8.776,18,32
replica_02,4389,8.778,16,32
replica_02,4390,8.78,14,35
replica_02,4391,8.782,18,33
replica_02,4392,8.784,15,29
replica_02,4393,8.786,15,32
replica_02,4394,8.788,15,34
replica_02,4395,8.79,12,34
replica_02,4396,8.792,13,39
replica_02,4397,8.794,17,32
replica_02,4398,8.796,18,33
replica_02,4399,8.798,17,33
replica_02,4400,8.8,16,35
replica_02,4401,8.802,16,35
replica_02,4402,8.804,17,37
replica_02,4403,8.806,19,38
replica_02,4404,8.808,16,37
replica_02,4405,8.81,13,34
replica_02,4406,8.812,18,33
replica_02,4407,8.814,14,34
replica_02,4408,8.816,17,35
replica_02,4409,8.818,15,33
replica_02,4410,8.82,15,36
replica_02,4411,8.822,12,38
replica_02,4412,8.824,12,37
replica_02,4413,8.826,16,38
replica_02,4414,8.828,15,37
replica_02,4415,8.83,14,38
replica_02,4416,8.832,12,39
replica_02,4417,8.834,9,42
replica_02,4418,8.836,12,40
replica_02,4419,8.838,15,37
replica_02,4420,8.84,15,34
replica_02,4421,8.842,14,37
replica_02,4422,8.844,17,34
replica_02,4423,8.846,16,32
replica_02,4424,8.848,9,36
replica_02,4425,8.85,15,34
replica_02,4426,8.852,13,36
replica_02,4427,8.854,15,36
replica_02,4428,8.856,15,35
replica_02,4429,8.858,11,37
replica_02,4430,8.86,13,35
replica_02,4431,8.862,12,37
replica_02,4432,8.864,16,39
replica_02,4433,8.866,17,38
replica_02,4434,8.868,13,34
replica_02,4435,8.87,13,39
replica_02,4436,8.872,19,43
replica_02,4437,8.874,9,40
replica_02,4438,8.876,10,42
replica_02,4439,8.878,12,37
replica_02,4440,8.88,13,41
replica_02,4441,8.882,10,40
replica_02,4442,8.884,9,39
replica_02,4443,8.886,11,41
replica_02,4444,8.888,17,36
replica_02,4445,8.89,14,41
replica_02,4446,8.892,17,35
replica_02,4447,8.894,15,35
replica_02,4448,8.896,13,38
replica_02,4449,8.898,10,40
replica_02,4450,8.9,15,40
replica_02,4451,8.902,10,41
replica_02,4452,8.904,18,34
replica_02,4453,8.906,15,40
replica_02,4454,8.908,15,39
replica_02,4455,8.91,15,39
replica_02,4456,8.912,17,36
replica_02,4457,8.914,10,37
replica_02,4458,8.916,14,34
replica_02,4459,8.918,14,42
replica_02,4460,8.92,15,37
replica_02,4461,8.922,13,35
replica_02,4462,8.924,15,41
replica_02,4463,8.926,17,39
replica_02,4464,8.928,13,40
replica_02,4465,8.93,15,36
replica_02,4466,8.932,15,37
replica_02,4467,8.934,11,37
replica_02,4468,8.936,15,35
replica_02,4469,8.938,11,34
replica_02,4470,8.94,14,39
replica_02,4471,8.942,11,38
replica_02,4472,8.944,16,35
replica_02,4473,8.946,20,40
replica_02,4474,8.948,15,33
replica_02,4475,8.95,17,37
replica_02,4476,8.952,17,36
replica_02,4477,8.954,17,34
replica_02,4478,8.956,18,38
replica_02,4479,8.958,14,39
replica_02,4480,8.96,11,39
replica_02,4481,8.962,14,40
replica_02,4482,8.964,18,37
replica_02,4483,8.966,19,38
replica_02,4484,8.968,16,38
replica_02,4485,8.97,14,36
replica_02,4486,8.972,19,39
replica_02,4487,8.974,17,40
replica_02,4488,8.976,10,39
replica_02,4489,8.978,15,36
replica_02,4490,8.98,14,37
replica_02,4491,8.982,14,36
replica_02,4492,8.984,18,35
replica_02,4493,8.986,12,38
replica_02,4494,8.988,15,37
replica_02,4495,8.99,17,35
replica_02,4496,8.992,23,35
replica_02,4497,8.994,12,31
replica_02,4498,8.996,13,32
replica_02,4499,8.998,16,32
replica_02,4500,9.0,16,38
replica_02,4501,9.002,17,34
replica_02,4502,9.004,14,36
replica_02,4503,9.006,17,34
replica_02,4504,9.008,18,34
replica_02,4505,9.01,15,36
replica_02,4506,9.012,10,37
replica_02,4507,9.014,19,36
replica_02,4508,9.016,11,37
replica_02,4509,9.018,12,41
replica_02,4510,9.02,10,41
replica_02,4511,9.022,14,36
replica_02,4512,9.024,15,39
replica_02,4513,9.026,13,38
replica_02,4514,9.028,14,41
replica_02,4515,9.03,16,36
replica_02,4516,9.032,15,37
replica_02,4517,9.034,18,41
replica_02,4518,9.036,11,43
replica_02,4519,9.038,11,36
replica_02,4520,9.04,16,39
replica_02,4521,9.042,11,38
replica_02,4522,9.044,14,36
replica_02,4523,9.046,15,29
replica_02,4524,9.048,12,38
replica_02,4525,9.05,10,32
replica_02,4526,9.052,11,33
replica_02,4527,9.054,12,37
replica_02,4528,9.056,14,35
replica_02,4529,9.058,11,41
replica_02,4530,9.06,14,36
replica_02,4531,9.062,16,40
replica_02,4532,9.064,14,37
replica_02,4533,9.066,15,40
replica_02,4534,9.068,14,36
replica_02,4535,9.07,15,39
replica_02,4536,9.072,18,35
replica_02,4537,9.074,10,37
replica_02,4538,9.076,7,36
replica_02,4539,9.078,11,34
replica_02,4540,9.08,12,38
replica_02,4541,9.082,13,34
replica_02,4542,9.084,19,31
replica_02,4543,9.086,16,36
replica_02,4544,9.088,19,31
replica_02,4545,9.09,21,27
replica_02,4546,9.092,17,26
replica_02,4547,9.094,14,29
replica_02,4548,9.096,17,31
replica_02,4549,9.098,13,29
replica_02,4550,9.1,12,33
replica_02,4551,9.102,17,28
replica_02,4552,9.104,21,29
replica_02,4553,9.106,20,26
replica_02,4554,9.108,21,29
replica_02,4555,9.11,16,30
replica_02,4556,9.112,21,27
replica_02,4557,9.114,13,29
replica_02,4558,9.116,18,32
replica_02,4559,9.118,20,29
replica_02,4560,9.12,18,33
replica_02,4561,9.122,19,31
replica_02,4562,9.124,13,34
replica_02,4563,9.126,13,35
replica_02,4564,9.128,16,34
replica_02,4565,9.13,16,28
replica_02,4566,9.132,15,30
replica_02,4567,9.134,15,29
replica_02,4568,9.136,16,32
replica_02,4569,9.138,15,30
replica_02,4570,9.14,17,32
replica_02,4571,9.142,15,28
replica_02,4572,9.144,19,32
replica_02,4573,9.146,17,34
replica_02,4574,9.148,15,31
replica_02,4575,9.15,17,33
replica_02,4576,9.152,11,27
replica_02,4577,9.154,14,30
replica_02,4578,9.156,21,31
replica_02,4579,9.158,11,36
replica_02,4580,9.16,15,34
replica_02,4581,9.162,14,34
replica_02,4582,9.164,19,32
replica_02,4583,9.166,17,34
replica_02,4584,9.168,9,31
replica_02,4585,9.17,14,34
replica_02,4586,9.172,16,29
replica_02,4587,9.174,16,29
replica_02,4588,9.176,15,32
replica_02,4589,9.178,14,33
replica_02,4590,9.18,11,33
replica_02,4591,9.182,7,34
replica_02,4592,9.184,12,33
replica_02,4593,9.186,17,35
replica_02,4594,9.188,15,33
replica_02,4595,9.19,12,38
replica_02,4596,9.192,14,35
replica_02,4597,9.194,14,30
replica_02,4598,9.196,11,31
replica_02,4599,9.198,12,35
replica_02,4600,9.2,12,32
replica_02,4601,9.202,15,32
replica_02,4602,9.204,8,33
replica_02,4603,9.206,18,31
replica_02,4604,9.208,11,40
replica_02,4605,9.21,15,33
replica_02,4606,9.212,15,36
replica_02,4607,9.214,19,30
replica_02,4608,9.216,14,32
replica_02,4609,9.218,21,28
replica_02,4610,9.22,20,31
replica_02,4611,9.222,15,32
replica_02,4612,9.224,17,32
replica_02,4613,9.226,19,30
replica_02,4614,9.228,16,35
replica_02,4615,9.23,20,37
replica_02,4616,9.232,19,35
replica_02,4617,9.234,18,33
replica_02,4618,9.236,12,32
replica_02,4619,9.238,12,34
replica_02,4620,9.24,17,34
replica_02,4621,9.242,15,37
replica_02,4622,9.244,14,36
replica_02,4623,9.246,19,32
replica_02,4624,9.248,17,34
replica_02,4625,9.25,9,37
replica_02,4626,9.252,14,33
replica_02,4627,9.254,13,31
replica_02,4628,9.256,13,32
replica_02,4629,9.258,17,30
replica_02,4630,9.26,20,29
replica_02,4631,9.262,15,35
replica_02,4632,9.264,11,35
replica_02,4633,9.266,16,38
replica_02,4634,9.268,20,34
replica_02,4635,9.27,17,32
replica_02,4636,9.272,13,34
replica_02,4637,9.274,15,40
replica_02,4638,9.276,13,34
replica_02,4639,9.278,14,33
replica_02,4640,9.28,11,36
replica_02,4641,9.282,14,33
replica_02,4642,9.284,10,32
replica_02,4643,9.286,12,28
replica_02,4644,9.288,14,34
replica_02,4645,9.29,20,29
replica_02,4646,9.292,20,28
replica_02,4647,9.294,16,36
replica_02,4648,9.296,13,32
replica_02,4649,9.298,15,33
replica_02,4650,9.3,14,32
replica_02,4651,9.302,22,27
replica_02,4652,9.304,13,33
replica_02,4653,9.306,12,34
replica_02,4654,9.308,22,32
replica_02,4655,9.31,17,30
replica_02,4656,9.312,19,33
replica_02,4657,9.314,17,27
replica_02,4658,9.316,21,29
replica_02,4659,9.318,15,35
replica_02,4660,9.32,20,29
replica_02,4661,9.322,14,28
replica_02,4662,9.324,19,26
replica_02,4663,9.326,22,28
replica_02,4664,9.328,24,32
replica_02,4665,9.33,19,29
replica_02,4666,9.332,20,30
replica_02,4667,9.334,14,30
replica_02,4668,9.336,20,28
replica_02,4669,9.338,19,23
replica_02,4670,9.34,15,31
replica_02,4671,9.342,18,29
replica_02,4672,9.344,11,26
replica_02,4673,9.346,21,27
replica_02,4674,9.348,17,26
replica_02,4675,9.35,16,31
replica_02,4676,9.352,15,27
replica_02,4677,9.354,19,26
replica_02,4678,9.356,19,28
replica_02,4679,9.358,20,32
replica_02,4680,9.36,15,25
replica_02,4681,9.362,15,33
replica_02,4682,9.364,15,33
replica_02,4683,9.366,18,32
replica_02,4684,9.368,18,28
replica_02,4685,9.37,20,27
replica_02,4686,9.372,19,29
replica_02,4687,9.374,18,31
replica_02,4688,9.376,17,30
replica_02,4689,9.378,14,36
replica_02,4690,9.38,13,37
replica_02,4691,9.382,19,30
replica_02,4692,9.384,20,28
replica_02,4693,9.386,20,36
replica_02,4694,9.388,14,32
replica_02,4695,9.39,18,30
replica_02,4696,9.392,11,33
replica_02,4697,9.394,15,37
replica_02,4698,9.396,17,34
replica_02,4699,9.398,16,31
replica_02,4700,9.4,12,35
replica_02,4701,9.402,10,31
replica_02,4702,9.404,16,27
replica_02,4703,9.406,17,23
replica_02,4704,9.408,15,33
replica_02,4705,9.41,11,31
replica_02,4706,9.412,13,28
replica_02,4707,9.414,15,34
replica_02,4708,9.416,17,29
replica_02,4709,9.418,17,33
replica_02,4710,9.42,16,33
replica_02,4711,9.422,8,34
replica_02,4712,9.424,11,37
replica_02,4713,9.426,13,33
replica_02,4714,9.428,10,38
replica_02,4715,9.43,10,38
replica_02,4716,9.432,13,33
replica_02,4717,9.434,12,32
replica_02,4718,9.436,10,31
replica_02,4719,9.438,15,36
replica_02,4720,9.44,13,38
replica_02,4721,9.442,12,31
replica_02,4722,9.444,13,35
replica_02,4723,9.446,12,37
replica_02,4724,9.448,11,40
replica_02,4725,9.45,11,37
replica_02,4726,9.452,10,33
replica_02,4727,9.454,11,35
replica_02,4728,9.456,11,37
replica_02,4729,9.458,14,31
replica_02,4730,9.46,15,32
replica_02,4731,9.462,12,36
replica_02,4732,9.464,15,37
replica_02,4733,9.466,11,33
replica_02,4734,9.468,11,36
replica_02,4735,9.47,13,28
replica_02,4736,9.472,14,34
replica_02,4737,9.474,14,34
replica_02,4738,9.476,17,36
replica_02,4739,9.478,16,29
replica_02,4740,9.48,13,36
replica_02,4741,9.482,12,29
replica_02,4742,9.484,12,29
replica_02,4743,9.486,15,31
replica_02,4744,9.488,13,25
replica_02,4745,9.49,15,25
replica_02,4746,9.492,16,30
replica_02,4747,9.494,18,27
replica_02,4748,9.496,17,28
replica_02,4749,9.498,12,33
replica_02,4750,9.5,15,33
replica_02,4751,9.502,12,37
replica_02,4752,9.504,8,34
replica_02,4753,9.506,11,33
replica_02,4754,9.508,11,32
replica_02,4755,9.51,17,35
replica_02,4756,9.512,12,31
replica_02,4757,9.514,15,34
replica_02,4758,9.516,13,32
replica_02,4759,9.518,14,34
replica_02,4760,9.52,9,35
replica_02,4761,9.522,13,32
replica_02,4762,9.524,13,35
replica_02,4763,9.526,16,37
replica_02,4764,9.528,15,36
replica_02,4765,9.53,18,31
replica_02,4766,9.532,16,34
replica_02,4767,9.534,14,33
replica_02,4768,9.536,12,31
replica_02,4769,9.538,21,30
replica_02,4770,9.54,18,34
replica_02,4771,9.542,15,31
replica_02,4772,9.544,16,32
replica_02,4773,9.546,18,31
replica_02,4774,9.548,14,30
replica_02,4775,9.55,15,38
replica_02,4776,9.552,17,31
replica_02,4777,9.554,11,33
replica_02,4778,9.556,12,32
replica_02,4779,9.558,17,32
replica_02,4780,9.56,16,30
replica_02,4781,9.562,14,33
replica_02,4782,9.564,14,31
replica_02,4783,9.566,16,32
replica_02,4784,9.568,16,33
replica_02,4785,9.57,13,27
replica_02,4786,9.572,15,34
replica_02,4787,9.574,16,29
replica_02,4788,9.576,15,34
replica_02,4789,9.578,18,29
replica_02,4790,9.58,15,30
replica_02,4791,9.582,18,31
replica_02,4792,9.584,13,30
replica_02,4793,9.586,14,34
replica_02,4794,9.588,15,33
replica_02,4795,9.59,15,31
replica_02,4796,9.592,15,31
replica_02,4797,9.594,13,33
replica_02,4798,9.596,16,33
replica_02,4799,9.598,13,32
replica_02,4800,9.6,14,32
replica_02,4801,9.602,13,32
replica_02,4802,9.604,15,32
replica_02,4803,9.606,12,33
replica_02,4804,9.608,15,31
replica_02,4805,9.61,12,30
replica_02,4806,9.612,16,30
replica_02,4807,9.614,13,34
replica_02,4808,9.616,12,36
replica_02,4809,9.618,14,30
replica_02,4810,9.62,14,32
replica_02,4811,9.622,16,36
replica_02,4812,9.624,14,31
replica_02,4813,9.626,10,34
replica_02,4814,9.628,16,29
replica_02,4815,9.63,12,33
replica_02,4816,9.632,14,32
replica_02,4817,9.634,15,34
replica_02,4818,9.636,16,37
replica_02,4819,9.638,18,30
replica_02,4820,9.64,18,30
replica_02,4821,9.642,15,28
replica_02,4822,9.644,15,32
replica_02,4823,9.646,18,33
replica_02,4824,9.648,14,37
replica_02,4825,9.65,7,35
replica_02,4826,9.652,16,30
replica_02,4827,9.654,11,37
replica_02,4828,9.656,14,33
replica_02,4829,9.658,12,35
replica_02,4830,9.66,12,30
replica_02,4831,9.662,13,38
replica_02,4832,9.664,14,34
replica_02,4833,9.666,13,30
replica_02,4834,9.668,8,35
replica_02,4835,9.67,17,37
replica_02,4836,9.672,17,33
replica_02,4837,9.674,13,33
replica_02,4838,9.676,14,31
replica_02,4839,9.678,20,35
replica_02,4840,9.68,20,32
replica_02,4841,9.682,18,33
replica_02,4842,9.684,17,32
replica_02,4843,9.686,16,33
replica_02,4844,9.688,15,31
replica_02,4845,9.69,13,32
replica_02,4846,9.692,14,32
replica_02,4847,9.694,14,36
replica_02,4848,9.696,16,31
replica_02,4849,9.698,15,32
replica_02,4850,9.7,14,32
replica_02,4851,9.702,14,31
replica_02,4852,9.704,22,30
replica_02,4853,9.706,13,31
replica_02,4854,9.708,18,30
replica_02,4855,9.71,19,28
replica_02,4856,9.712,18,33
replica_02,4857,9.714,11,32
replica_02,4858,9.716,11,32
replica_02,4859,9.718,9,29
replica_02,4860,9.72,12,30
replica_02,4861,9.722,15,32
replica_02,4862,9.724,16,31
replica_02,4863,9.726,9,34
replica_02,4864,9.728,10,31
replica_02,4865,9.73,10,34
replica_02,4866,9.732,13,32
replica_02,4867,9.734,11,32
replica_02,4868,9.736,14,32
replica_02,4869,9.738,22,29
replica_02,4870,9.74,21,27
replica_02,4871,9.742,19,29
replica_02,4872,9.744,26,28
replica_02,4873,9.746,19,27
replica_02,4874,9.748,15,30
replica_02,4875,9.75,18,33
replica_02,4876,9.752,24,31
replica_02,4877,9.754,22,24
replica_02,4878,9.756,25,30
replica_02,4879,9.758,24,31
replica_02,4880,9.76,27,27
replica_02,4881,9.762,32,26
replica_02,4882,9.764,21,25
replica_02,4883,9.766,19,27
replica_02,4884,9.768,22,27
replica_02,4885,9.77,24,28
replica_02,4886,9.772,25,27
replica_02,4887,9.774,15,26
replica_02,4888,9.776,23,33
replica_02,4889,9.778,20,31
replica_02,4890,9.78,21,32
replica_02,4891,9.782,16,30
replica_02,4892,9.784,15,29
replica_02,4893,9.786,14,30
replica_02,4894,9.788,9,33
replica_02,4895,9.79,15,34
replica_02,4896,9.792,15,32
replica_02,4897,9.794,17,29
replica_02,4898,9.796,12,30
replica_02,4899,9.798,17,35
replica_02,4900,9.8,21,31
replica_02,4901,9.802,18,27
replica_02,4902,9.804,17,31
replica_02,4903,9.806,15,34
replica_02,4904,9.808,17,32
replica_02,4905,9.81,13,29
replica_02,4906,9.812,11,28
replica_02,4907,9.814,24,28
replica_02,4908,9.816,16,31
replica_02,4909,9.818,14,35
replica_02,4910,9.82,16,34
replica_02,4911,9.822,9,28
replica_02,4912,9.824,18,30
replica_02,4913,9.826,14,34
replica_02,4914,9.828,16,35
replica_02,4915,9.83,13,33
replica_02,4916,9.832,14,33
replica_02,4917,9.834,15,29
replica_02,4918,9.836,13,38
replica_02,4919,9.838,12,32
replica_02,4920,9.84,18,30
replica_02,4921,9.842,13,29
replica_02,4922,9.844,20,30
replica_02,4923,9.846,22,29
replica_02,4924,9.848,18,33
replica_02,4925,9.85,16,30
replica_02,4926,9.852,15,30
replica_02,4927,9.854,19,35
replica_02,4928,9.856,15,33
replica_02,4929,9.858,15,34
replica_02,4930,9.86,17,34
replica_02,4931,9.862,19,34
replica_02,4932,9.864,13,31
replica_02,4933,9.866,20,31
replica_02,4934,9.868,16,31
replica_02,4935,9.87,17,35
replica_02,4936,9.872,13,37
replica_02,4937,9.874,9,40
replica_02,4938,9.876,15,31
replica_02,4939,9.878,13,32
replica_02,4940,9.88,25,30
replica_02,4941,9.882,21,33
replica_02,4942,9.884,21,32
replica_02,4943,9.886,21,32
replica_02,4944,9.888,17,33
replica_02,4945,9.89,14,29
replica_02,4946,9.892,12,32
replica_02,4947,9.894,16,30
replica_02,4948,9.896,12,36
replica_02,4949,9.898,16,34
replica_02,4950,9.9,16,34
replica_02,4951,9.902,13,35
replica_02,4952,9.904,12,33
replica_02,4953,9.906,8,35
replica_02,4954,9.908,16,32
replica_02,4955,9.91,19,29
replica_02,4956,9.912,14,27
replica_02,4957,9.914,15,29
replica_02,4958,9.916,16,33
replica_02,4959,9.918,16,27
replica_02,4960,9.92,15,28
replica_02,4961,9.922,10,31
replica_02,4962,9.924,11,28
replica_02,4963,9.926,11,36
replica_02,4964,9.928,13,37
replica_02,4965,9.93,9,34
replica_02,4966,9.932,14,32
replica_02,4967,9.934,15,35
replica_02,4968,9.936,12,34
replica_02,4969,9.938,14,34
replica_02,4970,9.94,13,38
replica_02,4971,9.942,15,36
replica_02,4972,9.944,14,36
replica_02,4973,9.946,13,35
replica_02,4974,9.948,18,35
replica_02,4975,9.95,15,33
replica_02,4976,9.952,15,36
replica_02,4977,9.954,16,37
replica_02,4978,9.956,12,37
replica_02,4979,9.958,16,36
replica_02,4980,9.96,14,37
replica_02,4981,9.962,14,36
replica_02,4982,9.964,9,36
replica_02,4983,9.966,13,34
replica_02,4984,9.968,13,36
replica_02,4985,9.97,14,31
replica_02,4986,9.972,13,32
replica_02,4987,9.974,13,34
replica_02,4988,9.976,14,36
replica_02,4989,9.978,12,38
replica_02,4990,9.98,13,36
replica_02,4991,9.982,8,33
replica_02,4992,9.984,9,34
replica_02,4993,9.986,14,30
replica_02,4994,9.988,18,37
replica_02,4995,9.99,13,38
replica_02,4996,9.992,14,37
replica_02,4997,9.994,13,40
replica_02,4998,9.996,10,33
replica_02,4999,9.998,15,38
replica_02,5000,10.0,8,42
replica_03,1,0.002,14,34
replica_03,2,0.004,17,32
replica_03,3,0.006,12,36
replica_03,4,0.008,13,32
replica_03,5,0.01,13,39
replica_03,6,0.012,13,31
replica_03,7,0.014,14,40
replica_03,8,0.016,13,41
replica_03,9,0.018,9,37
replica_03,10,0.02,12,36
replica_03,11,0.022,14,38
replica_03,12,0.024,9,38
replica_03,13,0.026,13,36
replica_03,14,0.028,14,31
replica_03,15,0.03,10,42
replica_03,16,0.032,16,37
replica_03,17,0.034,13,36
replica_03,18,0.036,19,30
replica_03,19,0.038,20,29
replica_03,20,0.04,16,29
replica_03,21,0.042,10,33
replica_03,22,0.044,15,37
replica_03,23,0.046,19,34
replica_03,24,0.048,14,31
replica_03,25,0.05,16,36
replica_03,26,0.052,17,37
replica_03,27,0.054,16,32
replica_03,28,0.056,17,33
replica_03,29,0.058,10,30
replica_03,30,0.06,16,31
replica_03,31,0.062,20,34
replica_03,32,0.064,24,27
replica_03,33,0.066,17,32
replica_03,34,0.068,10,35
replica_03,35,0.07,17,34
replica_03,36,0.072,19,33
replica_03,37,0.074,16,32
replica_03,38,0.076,17,34
replica_03,39,0.078,21,29
replica_03,40,0.08,19,31
replica_03,41,0.082,17,33
replica_03,42,0.084,13,32
replica_03,43,0.086,15,32
replica_03,44,0.088,14,32
replica_03,45,0.09,20,29
replica_03,46,0.092,12,28
replica_03,47,0.094,17,32
replica_03,48,0.096,18,34
replica_03,49,0.098,16,31
replica_03,50,0.1,19,36
replica_03,51,0.102,19,29
replica_03,52,0.104,18,29
replica_03,53,0.106,19,32
replica_03,54,0.108,18,34
replica_03,55,0.11,16,31
replica_03,56,0.112,22,30
replica_03,57,0.114,13,34
replica_03,58,0.116,18,32
replica_03,59,0.118,15,32
replica_03,60,0.12,15,31
replica_03,61,0.122,16,30
replica_03,62,0.124,24,33
replica_03,63,0.126,15,32
replica_03,64,0.128,10,37
replica_03,65,0.13,19,34
replica_03,66,0.132,18,34
replica_03,67,0.134,23,33
replica_03,68,0.136,20,26
replica_03,69,0.138,14,32
replica_03,70,0.14,22,29
replica_03,71,0.142,22,27
replica_03,72,0.144,24,31
replica_03,73,0.146,23,27
replica_03,74,0.148,24,28
replica_03,75,0.15,19,29
replica_03,76,0.152,26,25
replica_03,77,0.154,20,33
replica_03,78,0.156,20,31
replica_03,79,0.158,20,29
replica_03,80,0.16,20,28
replica_03,81,0.162,20,31
replica_03,82,0.164,19,32
replica_03,83,0.166,15,33
replica_03,84,0.168,15,28
replica_03,85,0.17,24,35
replica_03,86,0.172,21,31
replica_03,87,0.174,20,32
replica_03,88,0.176,22,31
replica_03,89,0.178,20,31
replica_03,90,0.18,18,31
replica_03,91,0.182,20,30
replica_03,92,0.184,19,32
replica_03,93,0.186,14,32
replica_03,94,0.188,17,32
replica_03,95,0.19,23,28
replica_03,96,0.192,18,32
replica_03,97,0.194,15,29
replica_03,98,0.196,21,31
replica_03,99,0.198,19,31
replica_03,100,0.2,21,35
replica_03,101,0.202,20,31
replica_03,102,0.204,22,30
replica_03,103,0.206,20,29
replica_03,104,0.208,14,39
replica_03,105,0.21,22,35
replica_03,106,0.212,15,29
replica_03,107,0.214,19,37
replica_03,108,0.216,19,33
replica_03,109,0.218,16,35
replica_03,110,0.22,18,32
replica_03,111,0.222,20,33
replica_03,112,0.224,25,32
replica_03,113,0.226,19,33
replica_03,114,0.228,19,35
replica_03,115,0.23,19,32
replica_03,116,0.232,14,34
replica_03,117,0.234,12,36
replica_03,118,0.236,18,31
replica_03,119,0.238,12,31
replica_03,120,0.24,18,30
replica_03,121,0.242,20,31
replica_03,122,0.244,16,35
replica_03,123,0.246,18,33
replica_03,124,0.248,9,35
replica_03,125,0.25,9,37
replica_03,126,0.252,12,37
replica_03,127,0.254,13,31
replica_03,128,0.256,17,34
replica_03,129,0.258,11,34
replica_03,130,0.26,11,35
replica_03,131,0.262,18,28
replica_03,132,0.264,11,33
replica_03,133,0.266,20,34
replica_03,134,0.268,12,35
replica_03,135,0.27,18,32
replica_03,136,0.272,15,29
replica_03,137,0.274,18,31
replica_03,138,0.276,14,34
replica_03,139,0.278,16,32
replica_03,140,0.28,16,33
replica_03,141,0.282,14,34
replica_03,142,0.284,15,34
replica_03,143,0.286,13,34
replica_03,144,0.288,13,30
replica_03,145,0.29,13,32
replica_03,146,0.292,12,35
replica_03,147,0.294,12,30
replica_03,148,0.296,10,34
replica_03,149,0.298,14,34
replica_03,150,0.3,12,34
replica_03,151,0.302,7,39
replica_03,152,0.304,10,37
replica_03,153,0.306,12,35
replica_03,154,0.308,13,29
replica_03,155,0.31,14,31
replica_03,156,0.312,14,31
replica_03,157,0.314,17,26
replica_03,158,0.316,17,31
replica_03,159,0.318,15,29
replica_03,160,0.32,17,29
replica_03,161,0.322,18,33
replica_03,162,0.324,17,32
replica_03,163,0.326,17,31
replica_03,164,0.328,15,34
replica_03,165,0.33,24,32
replica_03,166,0.332,14,30
replica_03,167,0.334,20,30
replica_03,168,0.336,19,31
replica_03,169,0.338,21,30
replica_03,170,0.34,17,34
replica_03,171,0.342,14,31
replica_03,172,0.344,11,36
replica_03,173,0.346,15,37
replica_03,174,0.348,15,36
replica_03,175,0.35,20,35
replica_03,176,0.352,19,28
replica_03,177,0.354,21,34
replica_03,178,0.356,18,29
replica_03,179,0.358,14,38
replica_03,180,0.36,16,34
replica_03,181,0.362,17,35
replica_03,182,0.364,16,37
replica_03,183,0.366,19,32
replica_03,184,0.368,17,28
replica_03,185,0.37,17,34
replica_03,186,0.372,15,36
replica_03,187,0.374,13,38
replica_03,188,0.376,14,37
replica_03,189,0.378,14,36
replica_03,190,0.38,15,37
replica_03,191,0.382,17,34
replica_03,192,0.384,10,34
replica_03,193,0.386,15,38
replica_03,194,0.388,14,39
replica_03,195,0.39,15,38
replica_03,196,0.392,15,34
replica_03,197,0.394,16,37
replica_03,198,0.396,14,36
replica_03,199,0.398,13,36
replica_03,200,0.4,15,39
replica_03,201,0.402,15,42
replica_03,202,0.404,14,43
replica_03,203,0.406,17,39
replica_03,204,0.408,14,34
replica_03,205,0.41,14,42
replica_03,206,0.412,11,40
replica_03,207,0.414,13,41
replica_03,208,0.416,13,44
replica_03,209,0.418,13,40
replica_03,210,0.42,14,43
replica_03,211,0.422,14,42
replica_03,212,0.424,12,45
replica_03,213,0.426,13,44
replica_03,214,0.428,12,38
replica_03,215,0.43,11,40
replica_03,216,0.432,8,43
replica_03,217,0.434,14,40
replica_03,218,0.436,10,40
replica_03,219,0.438,11,46
replica_03,220,0.44,14,39
replica_03,221,0.442,15,38
replica_03,222,0.444,18,37
replica_03,223,0.446,19,43
replica_03,224,0.448,15,39
replica_03,225,0.45,13,44
replica_03,226,0.452,9,47
replica_03,227,0.454,11,43
replica_03,228,0.456,11,45
replica_03,229,0.458,12,43
replica_03,230,0.46,13,45
replica_03,231,0.462,14,40
replica_03,232,0.464,15,41
replica_03,233,0.466,12,43
replica_03,234,0.468,13,44
replica_03,235,0.47,16,43
replica_03,236,0.472,15,41
replica_03,237,0.474,14,44
replica_03,238,0.476,15,41
replica_03,239,0.478,16,42
replica_03,240,0.48,15,36
replica_03,241,0.482,13,42
replica_03,242,0.484,16,40
replica_03,243,0.486,17,46
replica_03,244,0.488,18,38
replica_03,245,0.49,13,44
replica_03,246,0.492,13,43
replica_03,247,0.494,16,43
replica_03,248,0.496,17,39
replica_03,249,0.498,16,40
replica_03,250,0.5,13,39
replica_03,251,0.502,17,35
replica_03,252,0.504,9,44
replica_03,253,0.506,13,38
replica_03,254,0.508,5,50
replica_03,255,0.51,20,38
replica_03,256,0.512,21,36
replica_03,257,0.514,23,44
replica_03,258,0.516,15,40
replica_03,259,0.518,14,42
replica_03,260,0.52,15,43
replica_03,261,0.522,14,43
replica_03,262,0.524,16,41
replica_03,263,0.526,15,42
replica_03,264,0.528,17,40
replica_03,265,0.53,19,33
replica_03,266,0.532,18,40
replica_03,267,0.534,18,37
replica_03,268,0.536,16,41
replica_03,269,0.538,16,43
replica_03,270,0.54,11,39
replica_03,271,0.542,14,45
replica_03,272,0.544,14,42
replica_03,273,0.546,14,40
replica_03,274,0.548,12,50
replica_03,275,0.55,13,41
replica_03,276,0.552,14,44
replica_03,277,0.554,11,39
replica_03,278,0.556,12,43
replica_03,279,0.558,10,45
replica_03,280,0.56,12,41
replica_03,281,0.562,17,37
replica_03,282,0.564,13,39
replica_03,283,0.566,15,38
replica_03,284,0.568,16,40
replica_03,285,0.57,16,44
replica_03,286,0.572,15,38
replica_03,287,0.574,16,37
replica_03,288,0.576,16,39
replica_03,289,0.578,12,42
replica_03,290,0.58,14,39
replica_03,291,0.582,14,41
replica_03,292,0.584,16,42
replica_03,293,0.586,14,42
replica_03,294,0.588,18,44
replica_03,295,0.59,16,44
replica_03,296,0.592,18,39
replica_03,297,0.594,18,35
replica_03,298,0.596,18,41
replica_03,299,0.598,18,41
replica_03,300,0.6,19,39
replica_03,301,0.602,14,34
replica_03,302,0.604,14,37
replica_03,303,0.606,19,43
replica_03,304,0.608,19,35
replica_03,305,0.61,13,36
replica_03,306,0.612,16,40
replica_03,307,0.614,17,39
replica_03,308,0.616,16,46
replica_03,309,0.618,18,35
replica_03,310,0.62,17,43
replica_03,311,0.622,15,33
replica_03,312,0.624,17,40
replica_03,313,0.626,13,37
replica_03,314,0.628,11,43
replica_03,315,0.63,17,44
replica_03,316,0.632,17,39
replica_03,317,0.634,13,40
replica_03,318,0.636,17,42
replica_03,319,0.638,18,39
replica_03,320,0.64,17,39
replica_03,321,0.642,14,40
replica_03,322,0.644,16,40
replica_03,323,0.646,13,41
replica_03,324,0.648,15,42
replica_03,325,0.65,13,38
replica_03,326,0.652,11,43
replica_03,327,0.654,12,45
replica_03,328,0.656,14,42
replica_03,329,0.658,11,44
replica_03,330,0.66,12,43
replica_03,331,0.662,9,46
replica_03,332,0.664,16,40
replica_03,333,0.666,15,46
replica_03,334,0.668,13,46
replica_03,335,0.67,9,44
replica_03,336,0.672,11,46
replica_03,337,0.674,10,43
replica_03,338,0.676,14,41
replica_03,339,0.678,16,40
replica_03,340,0.68,10,43
replica_03,341,0.682,9,38
replica_03,342,0.684,16,32
replica_03,343,0.686,14,37
replica_03,344,0.688,16,44
replica_03,345,0.69,15,47
replica_03,346,0.692,16,41
replica_03,347,0.694,13,43
replica_03,348,0.696,17,44
replica_03,349,0.698,14,40
replica_03,350,0.7,17,40
replica_03,351,0.702,10,42
replica_03,352,0.704,13,39
replica_03,353,0.706,9,42
replica_03,354,0.708,16,41
replica_03,355,0.71,18,41
replica_03,356,0.712,13,41
replica_03,357,0.714,14,42
replica_03,358,0.716,15,42
replica_03,359,0.718,10,42
replica_03,360,0.72,16,42
replica_03,361,0.722,12,43
replica_03,362,0.724,14,43
replica_03,363,0.726,15,46
replica_03,364,0.728,15,40
replica_03,365,0.73,15,42
replica_03,366,0.732,17,42
replica_03,367,0.734,11,45
replica_03,368,0.736,15,45
replica_03,369,0.738,11,44
replica_03,370,0.74,11,40
replica_03,371,0.742,12,42
replica_03,372,0.744,13,44
replica_03,373,0.746,11,44
replica_03,374,0.748,13,41
replica_03,375,0.75,14,43
replica_03,376,0.752,17,44
replica_03,377,0.754,16,40
replica_03,378,0.756,20,41
replica_03,379,0.758,15,39
replica_03,380,0.76,13,43
replica_03,381,0.762,18,41
replica_03,382,0.764,15,41
replica_03,383,0.766,17,42
replica_03,384,0.768,12,43
replica_03,385,0.77,17,37
replica_03,386,0.772,13,36
replica_03,387,0.774,17,44
replica_03,388,0.776,12,42
replica_03,389,0.778,12,44
replica_03,390,0.78,9,45
replica_03,391,0.782,12,40
replica_03,392,0.784,14,45
replica_03,393,0.786,13,44
replica_03,394,0.788,10,42
replica_03,395,0.79,13,41
replica_03,396,0.792,12,41
replica_03,397,0.794,10,38
replica_03,398,0.796,12,41
replica_03,399,0.798,15,40
replica_03,400,0.8,15,42
replica_03,401,0.802,17,41
replica_03,402,0.804,13,39
replica_03,403,0.806,14,40
replica_03,404,0.808,12,44
replica_03,405,0.81,10,45
replica_03,406,0.812,17,41
replica_03,407,0.814,8,43
replica_03,408,0.816,13,45
replica_03,409,0.818,14,38
replica_03,410,0.82,21,35
replica_03,411,0.822,17,39
replica_03,412,0.824,16,41
replica_03,413,0.826,15,45
replica_03,414,0.828,13,41
replica_03,415,0.83,16,36
replica_03,416,0.832,14,45
replica_03,417,0.834,9,45
replica_03,418,0.836,9,49
replica_03,419,0.838,12,45
replica_03,420,0.84,12,48
replica_03,421,0.842,13,47
replica_03,422,0.844,11,42
replica_03,423,0.846,16,38
replica_03,424,0.848,18,38
replica_03,425,0.85,19,36
replica_03,426,0.852,14,44
replica_03,427,0.854,13,43
replica_03,428,0.856,13,39
replica_03,429,0.858,18,40
replica_03,430,0.86,16,41
replica_03,431,0.862,16,33
replica_03,432,0.864,12,38
replica_03,433,0.866,17,41
replica_03,434,0.868,17,40
replica_03,435,0.87,13,45
replica_03,436,0.872,15,39
replica_03,437,0.874,17,38
replica_03,438,0.876,18,37
replica_03,439,0.878,16,38
replica_03,440,0.88,17,35
replica_03,441,0.882,17,35
replica_03,442,0.884,17,37
replica_03,443,0.886,16,44
replica_03,444,0.888,16,40
replica_03,445,0.89,13,39
replica_03,446,0.892,14,46
replica_03,447,0.894,13,38
replica_03,448,0.896,13,38
replica_03,449,0.898,13,41
replica_03,450,0.9,18,41
replica_03,451,0.902,11,40
replica_03,452,0.904,17,44
replica_03,453,0.906,12,44
replica_03,454,0.908,11,43
replica_03,455,0.91,13,44
replica_03,456,0.912,11,41
replica_03,457,0.914,14,37
replica_03,458,0.916,13,42
replica_03,459,0.918,11,46
replica_03,460,0.92,15,41
replica_03,461,0.922,14,41
replica_03,462,0.924,16,43
replica_03,463,0.926,14,39
replica_03,464,0.928,15,42
replica_03,465,0.93,18,41
replica_03,466,0.932,16,41
replica_03,467,0.934,12,43
replica_03,468,0.936,11,44
replica_03,469,0.938,14,43
replica_03,470,0.94,9,43
replica_03,471,0.942,11,46
replica_03,472,0.944,8,46
replica_03,473,0.946,17,35
replica_03,474,0.948,15,38
replica_03,475,0.95,18,43
replica_03,476,0.952,12,45
replica_03,477,0.954,11,42
replica_03,478,0.956,12,41
replica_03,479,0.958,10,39
replica_03,480,0.96,15,42
replica_03,481,0.962,15,43
replica_03,482,0.964,15,40
replica_03,483,0.966,12,39
replica_03,484,0.968,12,47
replica_03,485,0.97,11,40
replica_03,486,0.972,17,35
replica_03,487,0.974,14,43
replica_03,488,0.976,13,38
replica_03,489,0.978,15,44
replica_03,490,0.98,13,47
replica_03,491,0.982,12,43
replica_03,492,0.984,13,41
replica_03,493,0.986,12,42
replica_03,494,0.988,10,39
replica_03,495,0.99,11,44
replica_03,496,0.992,11,42
replica_03,497,0.994,11,43
replica_03,498,0.996,16,35
replica_03,499,0.998,13,40
replica_03,500,1.0,15,41
replica_03,501,1.002,17,41
replica_03,502,1.004,15,40
replica_03,503,1.006,17,39
replica_03,504,1.008,13,41
replica_03,505,1.01,19,38
replica_03,506,1.012,16,43
replica_03,507,1.014,16,42
replica_03,508,1.016,11,42
replica_03,509,1.018,18,43
replica_03,510,1.02,13,42
replica_03,511,1.022,15,35
replica_03,512,1.024,11,43
replica_03,513,1.026,7,45
replica_03,514,1.028,12,40
replica_03,515,1.03,10,45
replica_03,516,1.032,10,42
replica_03,517,1.034,7,44
replica_03,518,1.036,14,44
replica_03,519,1.038,13,34
replica_03,520,1.04,14,40
replica_03,521,1.042,17,43
replica_03,522,1.044,19,40
replica_03,523,1.046,17,38
replica_03,524,1.048,12,44
replica_03,525,1.05,14,42
replica_03,526,1.052,18,36
replica_03,527,1.054,19,36
replica_03,528,1.056,11,41
replica_03,529,1.058,10,37
replica_03,530,1.06,20,36
replica_03,531,1.062,18,39
replica_03,532,1.064,13,41
replica_03,533,1.066,24,39
replica_03,534,1.068,20,40
replica_03,535,1.07,17,38
replica_03,536,1.072,19,35
replica_03,537,1.074,16,36
replica_03,538,1.076,13,44
replica_03,539,1.078,13,39
replica_03,540,1.08,13,40
replica_03,541,1.082,16,36
replica_03,542,1.084,17,40
replica_03,543,1.086,11,36
replica_03,544,1.088,7,44
replica_03,545,1.09,16,41
replica_03,546,1.092,13,42
replica_03,547,1.094,11,41
replica_03,548,1.096,11,39
replica_03,549,1.098,12,39
replica_03,550,1.1,15,44
replica_03,551,1.102,13,44
replica_03,552,1.104,13,40
replica_03,553,1.106,11,43
replica_03,554,1.108,10,38
replica_03,555,1.11,11,43
replica_03,556,1.112,13,38
replica_03,557,1.114,14,43
replica_03,558,1.116,12,41
replica_03,559,1.118,15,36
replica_03,560,1.12,15,39
replica_03,561,1.122,15,40
replica_03,562,1.124,22,38
replica_03,563,1.126,17,45
replica_03,564,1.128,15,40
replica_03,565,1.13,10,46
replica_03,566,1.132,15,41
replica_03,567,1.134,10,38
replica_03,568,1.136,9,44
replica_03,569,1.138,13,41
replica_03,570,1.14,12,41
replica_03,571,1.142,10,41
replica_03,572,1.144,11,40
replica_03,573,1.146,12,42
replica_03,574,1.148,12,41
replica_03,575,1.15,14,41
replica_03,576,1.152,12,39
replica_03,577,1.154,11,34
replica_03,578,1.156,10,35
replica_03,579,1.158,13,43
replica_03,580,1.16,13,43
replica_03,581,1.162,16,32
replica_03,582,1.164,12,34
replica_03,583,1.166,13,38
replica_03,584,1.168,17,37
replica_03,585,1.17,16,38
replica_03,586,1.172,18,35
replica_03,587,1.174,14,42
replica_03,588,1.176,12,42
replica_03,589,1.178,10,45
replica_03,590,1.18,12,42
replica_03,591,1.182,9,38
replica_03,592,1.184,13,37
replica_03,593,1.186,16,40
replica_03,594,1.188,12,36
replica_03,595,1.19,6,39
replica_03,596,1.192,15,32
replica_03,597,1.194,9,37
replica_03,598,1.196,10,34
replica_03,599,1.198,16,41
replica_03,600,1.2,13,38
replica_03,601,1.202,16,44
replica_03,602,1.204,19,38
replica_03,603,1.206,11,41
replica_03,604,1.208,13,40
replica_03,605,1.21,14,40
replica_03,606,1.212,16,42
replica_03,607,1.214,14,38
replica_03,608,1.216,12,39
replica_03,609,1.218,16,37
replica_03,610,1.22,17,41
replica_03,611,1.222,7,40
replica_03,612,1.224,17,40
replica_03,613,1.226,8,47
replica_03,614,1.228,12,38
replica_03,615,1.23,17,40
replica_03,616,1.232,16,41
replica_03,617,1.234,12,42
replica_03,618,1.236,16,41
replica_03,619,1.238,15,41
replica_03,620,1.24,13,38
replica_03,621,1.242,13,36
replica_03,622,1.244,19,37
replica_03,623,1.246,17,47
replica_03,624,1.248,14,38
replica_03,625,1.25,12,41
replica_03,626,1.252,10,38
replica_03,627,1.254,19,36
replica_03,628,1.256,14,42
replica_03,629,1.258,17,38
replica_03,630,1.26,9,35
replica_03,631,1.262,10,40
replica_03,632,1.264,14,43
replica_03,633,1.266,15,42
replica_03,634,1.268,12,43
replica_03,635,1.27,13,44
replica_03,636,1.272,12,38
replica_03,637,1.274,12,42
replica_03,638,1.276,12,40
replica_03,639,1.278,12,36
replica_03,640,1.28,15,38
replica_03,641,1.282,10,42
replica_03,642,1.284,12,37
replica_03,643,1.286,12,40
replica_03,644,1.288,12,46
replica_03,645,1.29,14,41
replica_03,646,1.292,20,40
replica_03,647,1.294,13,44
replica_03,648,1.296,14,37
replica_03,649,1.298,17,36
replica_03,650,1.3,18,36
replica_03,651,1.302,18,43
replica_03,652,1.304,14,41
replica_03,653,1.306,17,33
replica_03,654,1.308,15,40
replica_03,655,1.31,19,36
replica_03,656,1.312,17,41
replica_03,657,1.314,21,41
replica_03,658,1.316,13,39
replica_03,659,1.318,17,38
replica_03,660,1.32,20,33
replica_03,661,1.322,18,43
replica_03,662,1.324,17,42
replica_03,663,1.326,19,40
replica_03,664,1.328,16,41
replica_03,665,1.33,18,39
replica_03,666,1.332,16,38
replica_03,667,1.334,17,37
replica_03,668,1.336,19,42
replica_03,669,1.338,13,41
replica_03,670,1.34,18,44
replica_03,671,1.342,15,42
replica_03,672,1.344,18,46
replica_03,673,1.346,16,38
replica_03,674,1.348,13,41
replica_03,675,1.35,15,47
replica_03,676,1.352,16,40
replica_03,677,1.354,17,39
replica_03,678,1.356,18,41
replica_03,679,1.358,17,45
replica_03,680,1.36,16,41
replica_03,681,1.362,16,40
replica_03,682,1.364,19,40
replica_03,683,1.366,17,44
replica_03,684,1.368,17,37
replica_03,685,1.37,17,40
replica_03,686,1.372,17,41
replica_03,687,1.374,13,43
replica_03,688,1.376,15,41
replica_03,689,1.378,14,36
replica_03,690,1.38,18,39
replica_03,691,1.382,18,41
replica_03,692,1.384,12,38
replica_03,693,1.386,17,37
replica_03,694,1.388,18,39
replica_03,695,1.39,16,37
replica_03,696,1.392,16,37
replica_03,697,1.394,17,39
replica_03,698,1.396,19,32
replica_03,699,1.398,19,40
replica_03,700,1.4,17,37
replica_03,701,1.402,17,40
replica_03,702,1.404,18,39
replica_03,703,1.406,17,41
replica_03,704,1.408,17,38
replica_03,705,1.41,13,38
replica_03,706,1.412,11,43
replica_03,707,1.414,14,39
replica_03,708,1.416,19,35
replica_03,709,1.418,18,37
replica_03,710,1.42,14,39
replica_03,711,1.422,18,39
replica_03,712,1.424,11,38
replica_03,713,1.426,13,43
replica_03,714,1.428,15,37
replica_03,715,1.43,5,42
replica_03,716,1.432,7,41
replica_03,717,1.434,10,44
replica_03,718,1.436,14,47
replica_03,719,1.438,13,47
replica_03,720,1.44,15,44
replica_03,721,1.442,15,44
replica_03,722,1.444,14,41
replica_03,723,1.446,14,37
replica_03,724,1.448,14,42
replica_03,725,1.45,10,40
replica_03,726,1.452,12,37
replica_03,727,1.454,16,38
replica_03,728,1.456,16,40
replica_03,729,1.458,17,41
replica_03,730,1.46,8,38
replica_03,731,1.462,12,36
replica_03,732,1.464,12,36
replica_03,733,1.466,15,35
replica_03,734,1.468,19,42
replica_03,735,1.47,19,35
replica_03,736,1.472,16,34
replica_03,737,1.474,23,38
replica_03,738,1.476,15,39
replica_03,739,1.478,15,37
replica_03,740,1.48,11,42
replica_03,741,1.482,18,33
replica_03,742,1.484,18,36
replica_03,743,1.486,15,36
replica_03,744,1.488,12,40
replica_03,745,1.49,19,35
replica_03,746,1.492,19,36
replica_03,747,1.494,16,39
replica_03,748,1.496,16,40
replica_03,749,1.498,16,43
replica_03,750,1.5,18,40
replica_03,751,1.502,16,32
replica_03,752,1.504,14,44
replica_03,753,1.506,15,40
replica_03,754,1.508,17,35
replica_03,755,1.51,19,39
replica_03,756,1.512,17,36
replica_03,757,1.514,15,40
replica_03,758,1.516,17,39
replica_03,759,1.518,18,40
replica_03,760,1.52,17,42
replica_03,761,1.522,17,44
replica_03,762,1.524,15,40
replica_03,763,1.526,16,45
replica_03,764,1.528,14,42
replica_03,765,1.53,13,47
replica_03,766,1.532,17,39
replica_03,767,1.534,17,40
replica_03,768,1.536,18,38
replica_03,769,1.538,17,38
replica_03,770,1.54,15,36
replica_03,771,1.542,17,38
replica_03,772,1.544,16,36
replica_03,773,1.546,20,38
replica_03,774,1.548,19,37
replica_03,775,1.55,19,36
replica_03,776,1.552,15,38
replica_03,777,1.554,17,38
replica_03,778,1.556,14,33
replica_03,779,1.558,14,38
replica_03,780,1.56,13,38
replica_03,781,1.562,17,39
replica_03,782,1.564,19,40
replica_03,783,1.566,14,41
replica_03,784,1.568,14,40
replica_03,785,1.57,16,38
replica_03,786,1.572,15,38
replica_03,787,1.574,15,37
replica_03,788,1.576,17,41
replica_03,789,1.578,13,42
replica_03,790,1.58,18,39
replica_03,791,1.582,13,39
replica_03,792,1.584,14,43
replica_03,793,1.586,15,37
replica_03,794,1.588,16,37
replica_03,795,1.59,16,39
replica_03,796,1.592,13,41
replica_03,797,1.594,18,41
replica_03,798,1.596,16,44
replica_03,799,1.598,14,35
replica_03,800,1.6,15,38
replica_03,801,1.602,19,34
replica_03,802,1.604,19,42
replica_03,803,1.606,17,39
replica_03,804,1.608,17,38
replica_03,805,1.61,18,42
replica_03,806,1.612,17,43
replica_03,807,1.614,17,36
replica_03,808,1.616,16,36
replica_03,809,1.618,19,42
replica_03,810,1.62,15,37
replica_03,811,1.622,15,41
replica_03,812,1.624,18,35
replica_03,813,1.626,20,37
replica_03,814,1.628,21,36
replica_03,815,1.63,21,36
replica_03,816,1.632,21,38
replica_03,817,1.634,16,36
replica_03,818,1.636,17,39
replica_03,819,1.638,18,42
replica_03,820,1.64,20,36
replica_03,821,1.642,17,40
replica_03,822,1.644,18,41
replica_03,823,1.646,18,38
replica_03,824,1.648,15,38
replica_03,825,1.65,16,39
replica_03,826,1.652,18,39
replica_03,827,1.654,16,35
replica_03,828,1.656,15,42
replica_03,829,1.658,18,41
replica_03,830,1.66,16,41
replica_03,831,1.662,17,32
replica_03,832,1.664,16,36
replica_03,833,1.666,16,36
replica_03,834,1.668,18,36
replica_03,835,1.67,16,36
replica_03,836,1.672,19,38
replica_03,837,1.674,18,38
replica_03,838,1.676,15,45
replica_03,839,1.678,15,37
replica_03,840,1.68,16,41
replica_03,841,1.682,19,43
replica_03,842,1.684,16,40
replica_03,843,1.686,16,40
replica_03,844,1.688,19,35
replica_03,845,1.69,19,40
replica_03,846,1.692,15,37
replica_03,847,1.694,20,39
replica_03,848,1.696,19,38
replica_03,849,1.698,19,33
replica_03,850,1.7,18,36
replica_03,851,1.702,15,41
replica_03,852,1.704,16,39
replica_03,853,1.706,17,36
replica_03,854,1.708,17,42
replica_03,855,1.71,18,37
replica_03,856,1.712,22,37
replica_03,857,1.714,19,40
replica_03,858,1.716,19,32
replica_03,859,1.718,19,38
replica_03,860,1.72,17,35
replica_03,861,1.722,16,36
replica_03,862,1.724,19,38
replica_03,863,1.726,20,37
replica_03,864,1.728,16,36
replica_03,865,1.73,16,35
replica_03,866,1.732,17,42
replica_03,867,1.734,14,39
replica_03,868,1.736,18,36
replica_03,869,1.738,17,37
replica_03,870,1.74,19,38
replica_03,871,1.742,15,37
replica_03,872,1.744,18,37
replica_03,873,1.746,18,39
replica_03,874,1.748,19,36
replica_03,875,1.75,19,40
replica_03,876,1.752,19,39
replica_03,877,1.754,19,38
replica_03,878,1.756,19,37
replica_03,879,1.758,17,38
replica_03,880,1.76,19,38
replica_03,881,1.762,18,39
replica_03,882,1.764,18,38
replica_03,883,1.766,18,38
replica_03,884,1.768,18,42
replica_03,885,1.77,19,36
replica_03,886,1.772,16,42
replica_03,887,1.774,15,39
replica_03,888,1.776,16,40
replica_03,889,1.778,17,38
replica_03,890,1.78,21,41
replica_03,891,1.782,18,39
replica_03,892,1.784,18,42
replica_03,893,1.786,19,37
replica_03,894,1.788,18,39
replica_03,895,1.79,14,40
replica_03,896,1.792,15,40
replica_03,897,1.794,15,36
replica_03,898,1.796,20,37
replica_03,899,1.798,24,35
replica_03,900,1.8,19,37
replica_03,901,1.802,15,40
replica_03,902,1.804,19,32
replica_03,903,1.806,16,40
replica_03,904,1.808,19,39
replica_03,905,1.81,19,38
replica_03,906,1.812,14,39
replica_03,907,1.814,15,40
replica_03,908,1.816,20,38
replica_03,909,1.818,16,39
replica_03,910,1.82,22,41
replica_03,911,1.822,13,43
replica_03,912,1.824,12,39
replica_03,913,1.826,15,42
replica_03,914,1.828,15,38
replica_03,915,1.83,18,39
replica_03,916,1.832,15,38
replica_03,917,1.834,21,41
replica_03,918,1.836,20,43
replica_03,919,1.838,16,40
replica_03,920,1.84,17,39
replica_03,921,1.842,17,39
replica_03,922,1.844,16,40
replica_03,923,1.846,21,36
replica_03,924,1.848,19,34
replica_03,925,1.85,16,42
replica_03,926,1.852,17,37
replica_03,927,1.854,16,37
replica_03,928,1.856,17,37
replica_03,929,1.858,17,40
replica_03,930,1.86,14,37
replica_03,931,1.862,8,41
replica_03,932,1.864,18,41
replica_03,933,1.866,17,42
replica_03,934,1.868,19,42
replica_03,935,1.87,13,39
replica_03,936,1.872,18,38
replica_03,937,1.874,18,42
replica_03,938,1.876,19,41
replica_03,939,1.878,20,38
replica_03,940,1.88,21,38
replica_03,941,1.882,17,40
replica_03,942,1.884,18,44
replica_03,943,1.886,20,36
replica_03,944,1.888,17,41
replica_03,945,1.89,17,42
replica_03,946,1.892,22,41
replica_03,947,1.894,21,38
replica_03,948,1.896,16,41
replica_03,949,1.898,15,33
replica_03,950,1.9,17,36
replica_03,951,1.902,18,41
replica_03,952,1.904,21,37
replica_03,953,1.906,17,38
replica_03,954,1.908,18,39
replica_03,955,1.91,16,42
replica_03,956,1.912,18,43
replica_03,957,1.914,18,34
replica_03,958,1.916,15,38
replica_03,959,1.918,17,40
replica_03,960,1.92,18,42
replica_03,961,1.922,16,38
replica_03,962,1.924,17,41
replica_03,963,1.926,14,37
replica_03,964,1.928,16,36
replica_03,965,1.93,16,40
replica_03,966,1.932,19,41
replica_03,967,1.934,15,39
replica_03,968,1.936,19,38
replica_03,969,1.938,16,38
replica_03,970,1.94,16,41
replica_03,971,1.942,19,36
replica_03,972,1.944,12,38
replica_03,973,1.946,15,38
replica_03,974,1.948,11,38
replica_03,975,1.95,17,43
replica_03,976,1.952,16,42
replica_03,977,1.954,13,42
replica_03,978,1.956,17,40
replica_03,979,1.958,17,38
replica_03,980,1.96,17,42
replica_03,981,1.962,17,40
replica_03,982,1.964,18,40
replica_03,983,1.966,16,43
replica_03,984,1.968,16,46
replica_03,985,1.97,16,34
replica_03,986,1.972,15,41
replica_03,987,1.974,15,40
replica_03,988,1.976,14,41
replica_03,989,1.978,16,41
replica_03,990,1.98,16,43
replica_03,991,1.982,17,40
replica_03,992,1.984,15,41
replica_03,993,1.986,17,39
replica_03,994,1.988,20,37
replica_03,995,1.99,15,44
replica_03,996,1.992,13,44
replica_03,997,1.994,20,37
replica_03,998,1.996,18,40
replica_03,999,1.998,15,41
replica_03,1000,2.0,21,34
replica_03,1001,2.002,14,41
replica_03,1002,2.004,10,40
replica_03,1003,2.006,16,43
replica_03,1004,2.008,16,36
replica_03,1005,2.01,16,41
replica_03,1006,2.012,15,38
replica_03,1007,2.014,11,46
replica_03,1008,2.016,14,40
replica_03,1009,2.018,21,40
replica_03,1010,2.02,18,41
replica_03,1011,2.022,18,45
replica_03,1012,2.024,21,39
replica_03,1013,2.026,14,37
replica_03,1014,2.028,15,41
replica_03,1015,2.03,19,39
replica_03,1016,2.032,17,33
replica_03,1017,2.034,17,40
replica_03,1018,2.036,15,44
replica_03,1019,2.038,15,41
replica_03,1020,2.04,16,38
replica_03,1021,2.042,13,40
replica_03,1022,2.044,14,40
replica_03,1023,2.046,16,38
replica_03,1024,2.048,11,43
replica_03,1025,2.05,11,50
replica_03,1026,2.052,18,35
replica_03,1027,2.054,18,36
replica_03,1028,2.056,15,45
replica_03,1029,2.058,16,38
replica_03,1030,2.06,16,39
replica_03,1031,2.062,19,48
replica_03,1032,2.064,18,39
replica_03,1033,2.066,15,42
replica_03,1034,2.068,17,39
replica_03,1035,2.07,12,38
replica_03,1036,2.072,18,39
replica_03,1037,2.074,17,41
replica_03,1038,2.076,12,42
replica_03,1039,2.078,14,41
replica_03,1040,2.08,17,38
replica_03,1041,2.082,18,40
replica_03,1042,2.084,18,40
replica_03,1043,2.086,17,40
replica_03,1044,2.088,13,40
replica_03,1045,2.09,17,37
replica_03,1046,2.092,18,38
replica_03,1047,2.094,17,38
replica_03,1048,2.096,12,43
replica_03,1049,2.098,15,38
replica_03,1050,2.1,19,39
replica_03,1051,2.102,17,37
replica_03,1052,2.104,17,39
replica_03,1053,2.106,20,39
replica_03,1054,2.108,16,41
replica_03,1055,2.11,19,44
replica_03,1056,2.112,15,41
replica_03,1057,2.114,17,38
replica_03,1058,2.116,17,41
replica_03,1059,2.118,17,38
replica_03,1060,2.12,16,40
replica_03,1061,2.122,19,41
replica_03,1062,2.124,16,42
replica_03,1063,2.126,15,36
replica_03,1064,2.128,16,38
replica_03,1065,2.13,18,36
replica_03,1066,2.132,13,44
replica_03,1067,2.134,14,40
replica_03,1068,2.136,16,41
replica_03,1069,2.138,14,42
replica_03,1070,2.14,16,42
replica_03,1071,2.142,16,42
replica_03,1072,2.144,15,38
replica_03,1073,2.146,20,38
replica_03,1074,2.148,20,39
replica_03,1075,2.15,18,36
replica_03,1076,2.152,20,38
replica_03,1077,2.154,19,39
replica_03,1078,2.156,17,32
replica_03,1079,2.158,14,41
replica_03,1080,2.16,19,37
replica_03,1081,2.162,18,39
replica_03,1082,2.164,18,39
replica_03,1083,2.166,22,41
replica_03,1084,2.168,16,40
replica_03,1085,2.17,18,40
replica_03,1086,2.172,20,42
replica_03,1087,2.174,15,39
replica_03,1088,2.176,18,39
replica_03,1089,2.178,15,39
replica_03,1090,2.18,15,43
replica_03,1091,2.182,13,40
replica_03,1092,2.184,16,37
replica_03,1093,2.186,18,40
replica_03,1094,2.188,16,42
replica_03,1095,2.19,13,42
replica_03,1096,2.192,17,41
replica_03,1097,2.194,12,41
replica_03,1098,2.196,15,42
replica_03,1099,2.198,21,39
replica_03,1100,2.2,22,37
replica_03,1101,2.202,19,43
replica_03,1102,2.204,16,40
replica_03,1103,2.206,16,36
replica_03,1104,2.208,12,37
replica_03,1105,2.21,16,39
replica_03,1106,2.212,14,41
replica_03,1107,2.214,19,42
replica_03,1108,2.216,19,38
replica_03,1109,2.218,17,47
replica_03,1110,2.22,14,42
replica_03,1111,2.222,13,41
replica_03,1112,2.224,17,39
replica_03,1113,2.226,16,38
replica_03,1114,2.228,15,42
replica_03,1115,2.23,13,41
replica_03,1116,2.232,15,38
replica_03,1117,2.234,19,39
replica_03,1118,2.236,15,37
replica_03,1119,2.238,20,40
replica_03,1120,2.24,20,34
replica_03,1121,2.242,18,34
replica_03,1122,2.244,18,39
replica_03,1123,2.246,17,38
replica_03,1124,2.248,17,34
replica_03,1125,2.25,18,35
replica_03,1126,2.252,19,34
replica_03,1127,2.254,21,37
replica_03,1128,2.256,17,37
replica_03,1129,2.258,19,45
replica_03,1130,2.26,17,37
replica_03,1131,2.262,14,41
replica_03,1132,2.264,16,42
replica_03,1133,2.266,20,39
replica_03,1134,2.268,16,43
replica_03,1135,2.27,15,39
replica_03,1136,2.272,18,42
replica_03,1137,2.274,16,38
replica_03,1138,2.276,19,39
replica_03,1139,2.278,16,39
replica_03,1140,2.28,18,42
replica_03,1141,2.282,21,37
replica_03,1142,2.284,20,40
replica_03,1143,2.286,19,40
replica_03,1144,2.288,20,38
replica_03,1145,2.29,16,43
replica_03,1146,2.292,13,43
replica_03,1147,2.294,15,41
replica_03,1148,2.296,18,32
replica_03,1149,2.298,17,35
replica_03,1150,2.3,15,42
replica_03,1151,2.302,15,42
replica_03,1152,2.304,16,36
replica_03,1153,2.306,15,34
replica_03,1154,2.308,18,40
replica_03,1155,2.31,18,38
replica_03,1156,2.312,18,39
replica_03,1157,2.314,17,41
replica_03,1158,2.316,19,34
replica_03,1159,2.318,19,37
replica_03,1160,2.32,17,39
replica_03,1161,2.322,18,38
replica_03,1162,2.324,18,35
replica_03,1163,2.326,20,40
replica_03,1164,2.328,18,39
replica_03,1165,2.33,15,36
replica_03,1166,2.332,19,40
replica_03,1167,2.334,17,37
replica_03,1168,2.336,20,38
replica_03,1169,2.338,15,38
replica_03,1170,2.34,15,40
replica_03,1171,2.342,17,38
replica_03,1172,2.344,15,42
replica_03,1173,2.346,21,39
replica_03,1174,2.348,18,32
replica_03,1175,2.35,16,36
replica_03,1176,2.352,20,36
replica_03,1177,2.354,19,37
replica_03,1178,2.356,20,38
replica_03,1179,2.358,16,35
replica_03,1180,2.36,21,35
replica_03,1181,2.362,19,33
replica_03,1182,2.364,9,41
replica_03,1183,2.366,17,36
replica_03,1184,2.368,10,40
replica_03,1185,2.37,17,39
replica_03,1186,2.372,18,37
replica_03,1187,2.374,16,42
replica_03,1188,2.376,17,41
replica_03,1189,2.378,16,40
replica_03,1190,2.38,15,40
replica_03,1191,2.382,14,36
replica_03,1192,2.384,19,31
replica_03,1193,2.386,17,35
replica_03,1194,2.388,17,40
replica_03,1195,2.39,18,40
replica_03,1196,2.392,20,34
replica_03,1197,2.394,18,36
replica_03,1198,2.396,14,36
replica_03,1199,2.398,16,42
replica_03,1200,2.4,17,38
replica_03,1201,2.402,18,39
replica_03,1202,2.404,21,37
replica_03,1203,2.406,13,37
replica_03,1204,2.408,18,37
replica_03,1205,2.41,18,42
replica_03,1206,2.412,7,40
replica_03,1207,2.414,18,40
replica_03,1208,2.416,15,37
replica_03,1209,2.418,16,36
replica_03,1210,2.42,17,42
replica_03,1211,2.422,19,38
replica_03,1212,2.424,18,39
replica_03,1213,2.426,17,37
replica_03,1214,2.428,18,37
replica_03,1215,2.43,18,33
replica_03,1216,2.432,16,33
replica_03,1217,2.434,17,38
replica_03,1218,2.436,18,38
replica_03,1219,2.438,19,38
replica_03,1220,2.44,18,43
replica_03,1221,2.442,18,41
replica_03,1222,2.444,17,41
replica_03,1223,2.446,17,43
replica_03,1224,2.448,17,42
replica_03,1225,2.45,14,43
replica_03,1226,2.452,18,32
replica_03,1227,2.454,15,42
replica_03,1228,2.456,17,37
replica_03,1229,2.458,21,42
replica_03,1230,2.46,16,39
replica_03,1231,2.462,16,35
replica_03,1232,2.464,24,32
replica_03,1233,2.466,20,36
replica_03,1234,2.468,19,36
replica_03,1235,2.47,17,40
replica_03,1236,2.472,17,42
replica_03,1237,2.474,16,38
replica_03,1238,2.476,18,38
replica_03,1239,2.478,18,33
replica_03,1240,2.48,17,39
replica_03,1241,2.482,17,36
replica_03,1242,2.484,16,36
replica_03,1243,2.486,18,41
replica_03,1244,2.488,18,39
replica_03,1245,2.49,16,39
replica_03,1246,2.492,17,41
replica_03,1247,2.494,20,41
replica_03,1248,2.496,18,36
replica_03,1249,2.498,16,37
replica_03,1250,2.5,18,42
replica_03,1251,2.502,16,40
replica_03,1252,2.504,20,37
replica_03,1253,2.506,19,39
replica_03,1254,2.508,16,39
replica_03,1255,2.51,18,38
replica_03,1256,2.512,15,42
replica_03,1257,2.514,13,44
replica_03,1258,2.516,14,40
replica_03,1259,2.518,18,38
replica_03,1260,2.52,14,42
replica_03,1261,2.522,15,38
replica_03,1262,2.524,18,41
replica_03,1263,2.526,19,41
replica_03,1264,2.528,17,40
replica_03,1265,2.53,17,38
replica_03,1266,2.532,17,40
replica_03,1267,2.534,16,34
replica_03,1268,2.536,18,41
replica_03,1269,2.538,14,41
replica_03,1270,2.54,18,40
replica_03,1271,2.542,19,41
replica_03,1272,2.544,18,36
replica_03,1273,2.546,20,38
replica_03,1274,2.548,21,36
replica_03,1275,2.55,14,36
replica_03,1276,2.552,18,38
replica_03,1277,2.554,17,37
replica_03,1278,2.556,18,37
replica_03,1279,2.558,18,38
replica_03,1280,2.56,11,36
replica_03,1281,2.562,13,35
replica_03,1282,2.564,19,32
replica_03,1283,2.566,21,35
replica_03,1284,2.568,17,35
replica_03,1285,2.57,18,34
replica_03,1286,2.572,21,35
replica_03,1287,2.574,12,40
replica_03,1288,2.576,17,36
replica_03,1289,2.578,13,41
replica_03,1290,2.58,16,38
replica_03,1291,2.582,16,40
replica_03,1292,2.584,13,40
replica_03,1293,2.586,10,41
replica_03,1294,2.588,18,37
replica_03,1295,2.59,15,42
replica_03,1296,2.592,15,41
replica_03,1297,2.594,18,38
replica_03,1298,2.596,18,40
replica_03,1299,2.598,16,41
replica_03,1300,2.6,15,39
replica_03,1301,2.602,15,32
replica_03,1302,2.604,16,45
replica_03,1303,2.606,19,42
replica_03,1304,2.608,15,37
replica_03,1305,2.61,17,38
replica_03,1306,2.612,14,40
replica_03,1307,2.614,17,34
replica_03,1308,2.616,18,40
replica_03,1309,2.618,17,40
replica_03,1310,2.62,18,38
replica_03,1311,2.622,14,43
replica_03,1312,2.624,15,38
replica_03,1313,2.626,18,39
replica_03,1314,2.628,19,34
replica_03,1315,2.63,17,36
replica_03,1316,2.632,16,39
replica_03,1317,2.634,18,41
replica_03,1318,2.636,19,35
replica_03,1319,2.638,18,35
replica_03,1320,2.64,19,35
replica_03,1321,2.642,21,33
replica_03,1322,2.644,18,40
replica_03,1323,2.646,14,38
replica_03,1324,2.648,22,36
replica_03,1325,2.65,18,43
replica_03,1326,2.652,20,40
replica_03,1327,2.654,18,35
replica_03,1328,2.656,18,38
replica_03,1329,2.658,14,40
replica_03,1330,2.66,16,38
replica_03,1331,2.662,16,42
replica_03,1332,2.664,17,39
replica_03,1333,2.666,12,37
replica_03,1334,2.668,17,38
replica_03,1335,2.67,15,39
replica_03,1336,2.672,16,42
replica_03,1337,2.674,18,38
replica_03,1338,2.676,22,36
replica_03,1339,2.678,18,43
replica_03,1340,2.68,18,39
replica_03,1341,2.682,18,42
replica_03,1342,2.684,16,42
replica_03,1343,2.686,19,43
replica_03,1344,2.688,18,39
replica_03,1345,2.69,19,38
replica_03,1346,2.692,19,38
replica_03,1347,2.694,19,35
replica_03,1348,2.696,19,33
replica_03,1349,2.698,18,39
replica_03,1350,2.7,17,40
replica_03,1351,2.702,17,37
replica_03,1352,2.704,12,41
replica_03,1353,2.706,12,38
replica_03,1354,2.708,17,38
replica_03,1355,2.71,18,39
replica_03,1356,2.712,19,34
replica_03,1357,2.714,15,34
replica_03,1358,2.716,16,37
replica_03,1359,2.718,21,39
replica_03,1360,2.72,17,39
replica_03,1361,2.722,17,39
replica_03,1362,2.724,19,36
replica_03,1363,2.726,18,35
replica_03,1364,2.728,11,41
replica_03,1365,2.73,19,36
replica_03,1366,2.732,13,43
replica_03,1367,2.734,13,41
replica_03,1368,2.736,20,39
replica_03,1369,2.738,18,37
replica_03,1370,2.74,15,49
replica_03,1371,2.742,12,44
replica_03,1372,2.744,14,40
replica_03,1373,2.746,18,40
replica_03,1374,2.748,19,35
replica_03,1375,2.75,22,38
replica_03,1376,2.752,18,34
replica_03,1377,2.754,16,36
replica_03,1378,2.756,21,33
replica_03,1379,2.758,15,36
replica_03,1380,2.76,17,39
replica_03,1381,2.762,17,36
replica_03,1382,2.764,17,35
replica_03,1383,2.766,18,39
replica_03,1384,2.768,19,39
replica_03,1385,2.77,19,41
replica_03,1386,2.772,16,38
replica_03,1387,2.774,18,37
replica_03,1388,2.776,10,40
replica_03,1389,2.778,14,38
replica_03,1390,2.78,17,38
replica_03,1391,2.782,9,41
replica_03,1392,2.784,19,39
replica_03,1393,2.786,15,41
replica_03,1394,2.788,15,41
replica_03,1395,2.79,18,31
replica_03,1396,2.792,17,36
replica_03,1397,2.794,15,39
replica_03,1398,2.796,16,36
replica_03,1399,2.798,16,39
replica_03,1400,2.8,16,39
replica_03,1401,2.802,19,39
replica_03,1402,2.804,19,41
replica_03,1403,2.806,16,37
replica_03,1404,2.808,17,36
replica_03,1405,2.81,17,42
replica_03,1406,2.812,15,45
replica_03,1407,2.814,18,40
replica_03,1408,2.816,18,36
replica_03,1409,2.818,9,41
replica_03,1410,2.82,10,43
replica_03,1411,2.822,14,38
replica_03,1412,2.824,12,41
replica_03,1413,2.826,8,44
replica_03,1414,2.828,10,41
replica_03,1415,2.83,7,44
replica_03,1416,2.832,6,46
replica_03,1417,2.834,4,49
replica_03,1418,2.836,10,44
replica_03,1419,2.838,14,46
replica_03,1420,2.84,16,40
replica_03,1421,2.842,13,42
replica_03,1422,2.844,17,41
replica_03,1423,2.846,16,40
replica_03,1424,2.848,13,36
replica_03,1425,2.85,17,35
replica_03,1426,2.852,17,38
replica_03,1427,2.854,15,39
replica_03,1428,2.856,16,38
replica_03,1429,2.858,18,43
replica_03,1430,2.86,19,40
replica_03,1431,2.862,16,37
replica_03,1432,2.864,15,42
replica_03,1433,2.866,14,39
replica_03,1434,2.868,14,42
replica_03,1435,2.87,18,40
replica_03,1436,2.872,17,42
replica_03,1437,2.874,17,45
replica_03,1438,2.876,19,38
replica_03,1439,2.878,15,40
replica_03,1440,2.88,15,41
replica_03,1441,2.882,14,36
replica_03,1442,2.884,9,41
replica_03,1443,2.886,15,41
replica_03,1444,2.888,6,39
replica_03,1445,2.89,18,41
replica_03,1446,2.892,17,41
replica_03,1447,2.894,14,38
replica_03,1448,2.896,17,42
replica_03,1449,2.898,16,43
replica_03,1450,2.9,12,43
replica_03,1451,2.902,18,40
replica_03,1452,2.904,17,41
replica_03,1453,2.906,12,40
replica_03,1454,2.908,20,35
replica_03,1455,2.91,15,37
replica_03,1456,2.912,14,35
replica_03,1457,2.914,13,37
replica_03,1458,2.916,15,41
replica_03,1459,2.918,16,41
replica_03,1460,2.92,19,35
replica_03,1461,2.922,20,38
replica_03,1462,2.924,18,38
replica_03,1463,2.926,17,32
replica_03,1464,2.928,16,33
replica_03,1465,2.93,13,36
replica_03,1466,2.932,16,35
replica_03,1467,2.934,20,36
replica_03,1468,2.936,18,33
replica_03,1469,2.938,17,35
replica_03,1470,2.94,19,35
replica_03,1471,2.942,17,39
replica_03,1472,2.944,18,38
replica_03,1473,2.946,20,37
replica_03,1474,2.948,22,39
replica_03,1475,2.95,16,42
replica_03,1476,2.952,15,42
replica_03,1477,2.954,15,36
replica_03,1478,2.956,15,38
replica_03,1479,2.958,15,36
replica_03,1480,2.96,12,40
replica_03,1481,2.962,16,39
replica_03,1482,2.964,9,38
replica_03,1483,2.966,12,39
replica_03,1484,2.968,14,37
replica_03,1485,2.97,11,37
replica_03,1486,2.972,16,39
replica_03,1487,2.974,16,44
replica_03,1488,2.976,17,35
replica_03,1489,2.978,18,38
replica_03,1490,2.98,15,42
replica_03,1491,2.982,16,38
replica_03,1492,2.984,19,41
replica_03,1493,2.986,18,40
replica_03,1494,2.988,20,38
replica_03,1495,2.99,14,37
replica_03,1496,2.992,14,39
replica_03,1497,2.994,13,38
replica_03,1498,2.996,18,35
replica_03,1499,2.998,20,35
replica_03,1500,3.0,18,41
replica_03,1501,3.002,19,39
replica_03,1502,3.004,22,35
replica_03,1503,3.006,18,37
replica_03,1504,3.008,19,40
replica_03,1505,3.01,17,37
replica_03,1506,3.012,18,39
replica_03,1507,3.014,22,36
replica_03,1508,3.016,20,35
replica_03,1509,3.018,20,42
replica_03,1510,3.02,19,42
replica_03,1511,3.022,18,34
replica_03,1512,3.024,16,38
replica_03,1513,3.026,18,37
replica_03,1514,3.028,19,39
replica_03,1515,3.03,16,38
replica_03,1516,3.032,16,41
replica_03,1517,3.034,20,31
replica_03,1518,3.036,13,39
replica_03,1519,3.038,14,41
replica_03,1520,3.04,19,35
replica_03,1521,3.042,15,40
replica_03,1522,3.044,13,38
replica_03,1523,3.046,16,39
replica_03,1524,3.048,17,38
replica_03,1525,3.05,17,38
replica_03,1526,3.052,19,41
replica_03,1527,3.054,18,36
replica_03,1528,3.056,16,37
replica_03,1529,3.058,17,42
replica_03,1530,3.06,17,42
replica_03,1531,3.062,23,34
replica_03,1532,3.064,19,37
replica_03,1533,3.066,19,38
replica_03,1534,3.068,21,35
replica_03,1535,3.07,21,37
replica_03,1536,3.072,11,33
replica_03,1537,3.074,18,39
replica_03,1538,3.076,16,41
replica_03,1539,3.078,14,40
replica_03,1540,3.08,17,37
replica_03,1541,3.082,18,42
replica_03,1542,3.084,18,34
replica_03,1543,3.086,18,38
replica_03,1544,3.088,19,40
replica_03,1545,3.09,19,39
replica_03,1546,3.092,13,42
replica_03,1547,3.094,18,38
replica_03,1548,3.096,16,39
replica_03,1549,3.098,15,40
replica_03,1550,3.1,16,38
replica_03,1551,3.102,15,42
replica_03,1552,3.104,18,38
replica_03,1553,3.106,14,37
replica_03,1554,3.108,16,35
replica_03,1555,3.11,16,37
replica_03,1556,3.112,19,35
replica_03,1557,3.114,18,38
replica_03,1558,3.116,18,38
replica_03,1559,3.118,18,39
replica_03,1560,3.12,18,40
replica_03,1561,3.122,20,42
replica_03,1562,3.124,18,39
replica_03,1563,3.126,18,38
replica_03,1564,3.128,16,35
replica_03,1565,3.13,16,35
replica_03,1566,3.132,17,41
replica_03,1567,3.134,17,36
replica_03,1568,3.136,23,35
replica_03,1569,3.138,18,42
replica_03,1570,3.14,12,42
replica_03,1571,3.142,22,34
replica_03,1572,3.144,21,36
replica_03,1573,3.146,17,39
replica_03,1574,3.148,15,41
replica_03,1575,3.15,16,43
replica_03,1576,3.152,18,40
replica_03,1577,3.154,15,41
replica_03,1578,3.156,16,38
replica_03,1579,3.158,15,38
replica_03,1580,3.16,20,38
replica_03,1581,3.162,18,39
replica_03,1582,3.164,17,39
replica_03,1583,3.166,18,40
replica_03,1584,3.168,16,39
replica_03,1585,3.17,17,41
replica_03,1586,3.172,16,39
replica_03,1587,3.174,18,40
replica_03,1588,3.176,16,39
replica_03,1589,3.178,15,38
replica_03,1590,3.18,18,37
replica_03,1591,3.182,18,42
replica_03,1592,3.184,14,39
replica_03,1593,3.186,16,39
replica_03,1594,3.188,17,41
replica_03,1595,3.19,20,33
replica_03,1596,3.192,20,34
replica_03,1597,3.194,8,38
replica_03,1598,3.196,19,42
replica_03,1599,3.198,20,34
replica_03,1600,3.2,17,37
replica_03,1601,3.202,16,39
replica_03,1602,3.204,21,36
replica_03,1603,3.206,17,36
replica_03,1604,3.208,15,37
replica_03,1605,3.21,18,39
replica_03,1606,3.212,16,39
replica_03,1607,3.214,20,37
replica_03,1608,3.216,18,37
replica_03,1609,3.218,18,38
replica_03,1610,3.22,18,40
replica_03,1611,3.222,14,39
replica_03,1612,3.224,17,39
replica_03,1613,3.226,15,41
replica_03,1614,3.228,17,36
replica_03,1615,3.23,14,43
replica_03,1616,3.232,17,38
replica_03,1617,3.234,18,42
replica_03,1618,3.236,17,35
replica_03,1619,3.238,10,41
replica_03,1620,3.24,15,37
replica_03,1621,3.242,19,43
replica_03,1622,3.244,16,41
replica_03,1623,3.246,15,39
replica_03,1624,3.248,18,39
replica_03,1625,3.25,15,37
replica_03,1626,3.252,16,38
replica_03,1627,3.254,16,32
replica_03,1628,3.256,19,36
replica_03,1629,3.258,19,36
replica_03,1630,3.26,17,39
replica_03,1631,3.262,12,40
replica_03,1632,3.264,15,44
replica_03,1633,3.266,17,39
replica_03,1634,3.268,14,42
replica_03,1635,3.27,16,39
replica_03,1636,3.272,16,39
replica_03,1637,3.274,13,39
replica_03,1638,3.276,18,41
replica_03,1639,3.278,16,43
replica_03,1640,3.28,15,39
replica_03,1641,3.282,16,38
replica_03,1642,3.284,16,33
replica_03,1643,3.286,14,43
replica_03,1644,3.288,16,37
replica_03,1645,3.29,13,40
replica_03,1646,3.292,12,46
replica_03,1647,3.294,17,44
replica_03,1648,3.296,15,40
replica_03,1649,3.298,9,37
replica_03,1650,3.3,16,41
replica_03,1651,3.302,14,41
replica_03,1652,3.304,19,37
replica_03,1653,3.306,15,40
replica_03,1654,3.308,16,41
replica_03,1655,3.31,16,39
replica_03,1656,3.312,16,38
replica_03,1657,3.314,16,39
replica_03,1658,3.316,13,39
replica_03,1659,3.318,15,40
replica_03,1660,3.32,15,44
replica_03,1661,3.322,18,42
replica_03,1662,3.324,18,37
replica_03,1663,3.326,17,37
replica_03,1664,3.328,17,37
replica_03,1665,3.33,15,41
replica_03,1666,3.332,16,37
replica_03,1667,3.334,19,36
replica_03,1668,3.336,16,38
replica_03,1669,3.338,18,41
replica_03,1670,3.34,17,38
replica_03,1671,3.342,16,40
replica_03,1672,3.344,17,43
replica_03,1673,3.346,15,42
replica_03,1674,3.348,18,36
replica_03,1675,3.35,18,39
replica_03,1676,3.352,15,42
replica_03,1677,3.354,18,38
replica_03,1678,3.356,16,37
replica_03,1679,3.358,18,39
replica_03,1680,3.36,15,34
replica_03,1681,3.362,15,42
replica_03,1682,3.364,20,36
replica_03,1683,3.366,14,48
replica_03,1684,3.368,15,42
replica_03,1685,3.37,20,40
replica_03,1686,3.372,19,36
replica_03,1687,3.374,19,39
replica_03,1688,3.376,18,38
replica_03,1689,3.378,16,36
replica_03,1690,3.38,20,35
replica_03,1691,3.382,19,38
replica_03,1692,3.384,15,38
replica_03,1693,3.386,20,32
replica_03,1694,3.388,19,34
replica_03,1695,3.39,17,35
replica_03,1696,3.392,22,35
replica_03,1697,3.394,21,39
replica_03,1698,3.396,21,35
replica_03,1699,3.398,18,28
replica_03,1700,3.4,21,28
replica_03,1701,3.402,23,29
replica_03,1702,3.404,25,30
replica_03,1703,3.406,22,29
replica_03,1704,3.408,22,30
replica_03,1705,3.41,19,30
replica_03,1706,3.412,20,30
replica_03,1707,3.414,24,35
replica_03,1708,3.416,26,28
replica_03,1709,3.418,29,26
replica_03,1710,3.42,27,29
replica_03,1711,3.422,26,35
replica_03,1712,3.424,24,29
replica_03,1713,3.426,26,35
replica_03,1714,3.428,26,29
replica_03,1715,3.43,22,30
replica_03,1716,3.432,23,32
replica_03,1717,3.434,23,32
replica_03,1718,3.436,17,29
replica_03,1719,3.438,20,30
replica_03,1720,3.44,22,35
replica_03,1721,3.442,20,32
replica_03,1722,3.444,19,31
replica_03,1723,3.446,21,31
replica_03,1724,3.448,17,30
replica_03,1725,3.45,22,29
replica_03,1726,3.452,17,31
replica_03,1727,3.454,20,36
replica_03,1728,3.456,17,32
replica_03,1729,3.458,18,33
replica_03,1730,3.46,16,38
replica_03,1731,3.462,19,34
replica_03,1732,3.464,19,30
replica_03,1733,3.466,20,34
replica_03,1734,3.468,21,32
replica_03,1735,3.47,20,30
replica_03,1736,3.472,16,30
replica_03,1737,3.474,18,32
replica_03,1738,3.476,21,32
replica_03,1739,3.478,16,30
replica_03,1740,3.48,11,40
replica_03,1741,3.482,17,38
replica_03,1742,3.484,18,34
replica_03,1743,3.486,21,32
replica_03,1744,3.488,23,36
replica_03,1745,3.49,27,27
replica_03,1746,3.492,25,37
replica_03,1747,3.494,20,32
replica_03,1748,3.496,22,37
replica_03,1749,3.498,27,30
replica_03,1750,3.5,27,31
replica_03,1751,3.502,28,32
replica_03,1752,3.504,20,34
replica_03,1753,3.506,26,29
replica_03,1754,3.508,21,31
replica_03,1755,3.51,26,31
replica_03,1756,3.512,26,31
replica_03,1757,3.514,25,32
replica_03,1758,3.516,21,33
replica_03,1759,3.518,24,29
replica_03,1760,3.52,25,30
replica_03,1761,3.522,21,28
replica_03,1762,3.524,26,32
replica_03,1763,3.526,24,32
replica_03,1764,3.528,30,32
replica_03,1765,3.53,28,29
replica_03,1766,3.532,26,28
replica_03,1767,3.534,27,29
replica_03,1768,3.536,27,27
replica_03,1769,3.538,25,33
replica_03,1770,3.54,22,33
replica_03,1771,3.542,21,33
replica_03,1772,3.544,25,31
replica_03,1773,3.546,25,29
replica_03,1774,3.548,22,30
replica_03,1775,3.55,19,31
replica_03,1776,3.552,22,34
replica_03,1777,3.554,24,29
replica_03,1778,3.556,27,33
replica_03,1779,3.558,28,30
replica_03,1780,3.56,28,31
replica_03,1781,3.562,21,33
replica_03,1782,3.564,25,29
replica_03,1783,3.566,25,27
replica_03,1784,3.568,21,29
replica_03,1785,3.57,20,28
replica_03,1786,3.572,16,33
replica_03,1787,3.574,28,29
replica_03,1788,3.576,28,32
replica_03,1789,3.578,22,30
replica_03,1790,3.58,18,30
replica_03,1791,3.582,23,32
replica_03,1792,3.584,25,29
replica_03,1793,3.586,24,29
replica_03,1794,3.588,27,32
replica_03,1795,3.59,26,31
replica_03,1796,3.592,23,31
replica_03,1797,3.594,26,31
replica_03,1798,3.596,25,27
replica_03,1799,3.598,25,27
replica_03,1800,3.6,23,30
replica_03,1801,3.602,28,23
replica_03,1802,3.604,23,32
replica_03,1803,3.606,20,30
replica_03,1804,3.608,20,31
replica_03,1805,3.61,20,26
replica_03,1806,3.612,26,29
replica_03,1807,3.614,22,30
replica_03,1808,3.616,16,33
replica_03,1809,3.618,21,31
replica_03,1810,3.62,18,37
replica_03,1811,3.622,22,33
replica_03,1812,3.624,26,35
replica_03,1813,3.626,26,31
replica_03,1814,3.628,22,28
replica_03,1815,3.63,20,38
replica_03,1816,3.632,25,32
replica_03,1817,3.634,26,32
replica_03,1818,3.636,27,30
replica_03,1819,3.638,24,29
replica_03,1820,3.64,26,32
replica_03,1821,3.642,22,27
replica_03,1822,3.644,26,27
replica_03,1823,3.646,25,30
replica_03,1824,3.648,27,28
replica_03,1825,3.65,25,31
replica_03,1826,3.652,23,35
replica_03,1827,3.654,21,30
replica_03,1828,3.656,23,36
replica_03,1829,3.658,25,26
replica_03,1830,3.66,28,29
replica_03,1831,3.662,27,32
replica_03,1832,3.664,25,27
replica_03,1833,3.666,24,30
replica_03,1834,3.668,24,27
replica_03,1835,3.67,22,30
replica_03,1836,3.672,26,27
replica_03,1837,3.674,20,26
replica_03,1838,3.676,24,31
replica_03,1839,3.678,25,30
replica_03,1840,3.68,25,30
replica_03,1841,3.682,19,33
replica_03,1842,3.684,21,30
replica_03,1843,3.686,23,32
replica_03,1844,3.688,15,30
replica_03,1845,3.69,25,33
replica_03,1846,3.692,26,26
replica_03,1847,3.694,27,26
replica_03,1848,3.696,22,29
replica_03,1849,3.698,25,25
replica_03,1850,3.7,19,29
replica_03,1851,3.702,23,35
replica_03,1852,3.704,24,31
replica_03,1853,3.706,23,29
replica_03,1854,3.708,20,30
replica_03,1855,3.71,28,30
replica_03,1856,3.712,19,33
replica_03,1857,3.714,21,33
replica_03,1858,3.716,27,33
replica_03,1859,3.718,22,34
replica_03,1860,3.72,24,30
replica_03,1861,3.722,17,30
replica_03,1862,3.724,22,33
replica_03,1863,3.726,27,30
replica_03,1864,3.728,27,31
replica_03,1865,3.73,20,33
replica_03,1866,3.732,24,33
replica_03,1867,3.734,20,37
replica_03,1868,3.736,23,32
replica_03,1869,3.738,20,33
replica_03,1870,3.74,16,33
replica_03,1871,3.742,28,32
replica_03,1872,3.744,23,32
replica_03,1873,3.746,24,34
replica_03,1874,3.748,22,32
replica_03,1875,3.75,16,35
replica_03,1876,3.752,16,33
replica_03,1877,3.754,17,32
replica_03,1878,3.756,21,35
replica_03,1879,3.758,16,35
replica_03,1880,3.76,19,32
replica_03,1881,3.762,19,36
replica_03,1882,3.764,22,30
replica_03,1883,3.766,24,30
replica_03,1884,3.768,28,27
replica_03,1885,3.77,28,31
replica_03,1886,3.772,23,30
replica_03,1887,3.774,21,28
replica_03,1888,3.776,23,31
replica_03,1889,3.778,24,28
replica_03,1890,3.78,20,32
replica_03,1891,3.782,16,32
replica_03,1892,3.784,24,29
replica_03,1893,3.786,24,30
replica_03,1894,3.788,26,27
replica_03,1895,3.79,26,24
replica_03,1896,3.792,21,32
replica_03,1897,3.794,17,34
replica_03,1898,3.796,21,33
replica_03,1899,3.798,19,34
replica_03,1900,3.8,16,33
replica_03,1901,3.802,12,35
replica_03,1902,3.804,21,32
replica_03,1903,3.806,18,33
replica_03,1904,3.808,19,32
replica_03,1905,3.81,21,34
replica_03,1906,3.812,21,38
replica_03,1907,3.814,22,35
replica_03,1908,3.816,16,33
replica_03,1909,3.818,22,31
replica_03,1910,3.82,22,34
replica_03,1911,3.822,23,35
replica_03,1912,3.824,22,32
replica_03,1913,3.826,18,28
replica_03,1914,3.828,22,33
replica_03,1915,3.83,27,29
replica_03,1916,3.832,20,34
replica_03,1917,3.834,23,35
replica_03,1918,3.836,21,36
replica_03,1919,3.838,22,33
replica_03,1920,3.84,26,31
replica_03,1921,3.842,22,28
replica_03,1922,3.844,24,28
replica_03,1923,3.846,26,34
replica_03,1924,3.848,27,29
replica_03,1925,3.85,25,32
replica_03,1926,3.852,29,32
replica_03,1927,3.854,25,30
replica_03,1928,3.856,25,27
replica_03,1929,3.858,26,31
replica_03,1930,3.86,27,30
replica_03,1931,3.862,25,31
replica_03,1932,3.864,30,34
replica_03,1933,3.866,22,33
replica_03,1934,3.868,23,34
replica_03,1935,3.87,28,30
replica_03,1936,3.872,27,29
replica_03,1937,3.874,25,31
replica_03,1938,3.876,24,33
replica_03,1939,3.878,28,32
replica_03,1940,3.88,25,31
replica_03,1941,3.882,24,38
replica_03,1942,3.884,19,35
replica_03,1943,3.886,28,33
replica_03,1944,3.888,25,30
replica_03,1945,3.89,21,35
replica_03,1946,3.892,27,29
replica_03,1947,3.894,27,30
replica_03,1948,3.896,28,34
replica_03,1949,3.898,25,27
replica_03,1950,3.9,25,30
replica_03,1951,3.902,30,33
replica_03,1952,3.904,15,30
replica_03,1953,3.906,22,31
replica_03,1954,3.908,19,34
replica_03,1955,3.91,27,30
replica_03,1956,3.912,22,30
replica_03,1957,3.914,21,27
replica_03,1958,3.916,13,34
replica_03,1959,3.918,18,33
replica_03,1960,3.92,20,29
replica_03,1961,3.922,23,28
replica_03,1962,3.924,22,30
replica_03,1963,3.926,25,37
replica_03,1964,3.928,18,34
replica_03,1965,3.93,24,32
replica_03,1966,3.932,22,35
replica_03,1967,3.934,26,29
replica_03,1968,3.936,19,28
replica_03,1969,3.938,24,33
replica_03,1970,3.94,26,27
replica_03,1971,3.942,17,37
replica_03,1972,3.944,11,34
replica_03,1973,3.946,18,30
replica_03,1974,3.948,13,37
replica_03,1975,3.95,13,34
replica_03,1976,3.952,12,35
replica_03,1977,3.954,24,34
replica_03,1978,3.956,26,27
replica_03,1979,3.958,25,31
replica_03,1980,3.96,23,34
replica_03,1981,3.962,28,30
replica_03,1982,3.964,25,31
replica_03,1983,3.966,24,29
replica_03,1984,3.968,24,29
replica_03,1985,3.97,25,30
replica_03,1986,3.972,26,33
replica_03,1987,3.974,19,28
replica_03,1988,3.976,24,31
replica_03,1989,3.978,23,30
replica_03,1990,3.98,26,35
replica_03,1991,3.982,23,29
replica_03,1992,3.984,21,30
replica_03,1993,3.986,25,30
replica_03,1994,3.988,27,27
replica_03,1995,3.99,22,30
replica_03,1996,3.992,24,33
replica_03,1997,3.994,24,28
replica_03,1998,3.996,25,31
replica_03,1999,3.998,24,29
replica_03,2000,4.0,22,34
replica_03,2001,4.002,23,33
replica_03,2002,4.004,25,33
replica_03,2003,4.006,27,28
replica_03,2004,4.008,25,29
replica_03,2005,4.01,25,28
replica_03,2006,4.012,30,31
replica_03,2007,4.014,25,27
replica_03,2008,4.016,22,28
replica_03,2009,4.018,22,28
replica_03,2010,4.02,28,25
replica_03,2011,4.022,31,32
replica_03,2012,4.024,23,34
replica_03,2013,4.026,24,30
replica_03,2014,4.028,23,31
replica_03,2015,4.03,23,35
replica_03,2016,4.032,24,29
replica_03,2017,4.034,26,31
replica_03,2018,4.036,23,28
replica_03,2019,4.038,23,33
replica_03,2020,4.04,24,34
replica_03,2021,4.042,24,34
replica_03,2022,4.044,23,33
replica_03,2023,4.046,24,28
replica_03,2024,4.048,17,33
replica_03,2025,4.05,24,34
replica_03,2026,4.052,28,32
replica_03,2027,4.054,18,32
replica_03,2028,4.056,19,28
replica_03,2029,4.058,17,32
replica_03,2030,4.06,20,31
replica_03,2031,4.062,23,31
replica_03,2032,4.064,24,31
replica_03,2033,4.066,24,29
replica_03,2034,4.068,25,36
replica_03,2035,4.07,25,28
replica_03,2036,4.072,24,31
replica_03,2037,4.074,19,33
replica_03,2038,4.076,28,30
replica_03,2039,4.078,24,35
replica_03,2040,4.08,20,30
replica_03,2041,4.082,24,30
replica_03,2042,4.084,18,34
replica_03,2043,4.086,21,29
replica_03,2044,4.088,29,30
replica_03,2045,4.09,20,29
replica_03,2046,4.092,21,34
replica_03,2047,4.094,28,35
replica_03,2048,4.096,26,30
replica_03,2049,4.098,26,33
replica_03,2050,4.1,27,31
replica_03,2051,4.102,28,32
replica_03,2052,4.104,26,31
replica_03,2053,4.106,25,30
replica_03,2054,4.108,19,35
replica_03,2055,4.11,25,31
replica_03,2056,4.112,25,35
replica_03,2057,4.114,27,32
replica_03,2058,4.116,31,32
replica_03,2059,4.118,27,29
replica_03,2060,4.12,21,26
replica_03,2061,4.122,24,28
replica_03,2062,4.124,17,34
replica_03,2063,4.126,20,30
replica_03,2064,4.128,25,25
replica_03,2065,4.13,23,28
replica_03,2066,4.132,15,31
replica_03,2067,4.134,16,39
replica_03,2068,4.136,19,36
replica_03,2069,4.138,20,36
replica_03,2070,4.14,21,36
replica_03,2071,4.142,21,32
replica_03,2072,4.144,21,35
replica_03,2073,4.146,19,33
replica_03,2074,4.148,21,30
replica_03,2075,4.15,23,28
replica_03,2076,4.152,26,31
replica_03,2077,4.154,25,32
replica_03,2078,4.156,21,36
replica_03,2079,4.158,23,29
replica_03,2080,4.16,27,32
replica_03,2081,4.162,20,32
replica_03,2082,4.164,27,29
replica_03,2083,4.166,19,31
replica_03,2084,4.168,23,34
replica_03,2085,4.17,25,31
replica_03,2086,4.172,19,33
replica_03,2087,4.174,19,38
replica_03,2088,4.176,23,27
replica_03,2089,4.178,19,31
replica_03,2090,4.18,14,35
replica_03,2091,4.182,12,36
replica_03,2092,4.184,16,40
replica_03,2093,4.186,13,36
replica_03,2094,4.188,19,34
replica_03,2095,4.19,13,36
replica_03,2096,4.192,10,39
replica_03,2097,4.194,16,38
replica_03,2098,4.196,20,35
replica_03,2099,4.198,19,36
replica_03,2100,4.2,17,33
replica_03,2101,4.202,17,37
replica_03,2102,4.204,18,33
replica_03,2103,4.206,18,34
replica_03,2104,4.208,20,33
replica_03,2105,4.21,20,29
replica_03,2106,4.212,21,29
replica_03,2107,4.214,17,31
replica_03,2108,4.216,19,33
replica_03,2109,4.218,19,36
replica_03,2110,4.22,17,36
replica_03,2111,4.222,17,33
replica_03,2112,4.224,18,35
replica_03,2113,4.226,19,35
replica_03,2114,4.228,22,35
replica_03,2115,4.23,19,38
replica_03,2116,4.232,19,34
replica_03,2117,4.234,18,34
replica_03,2118,4.236,17,37
replica_03,2119,4.238,15,39
replica_03,2120,4.24,17,32
replica_03,2121,4.242,21,32
replica_03,2122,4.244,17,35
replica_03,2123,4.246,22,35
replica_03,2124,4.248,18,36
replica_03,2125,4.25,19,32
replica_03,2126,4.252,18,36
replica_03,2127,4.254,17,37
replica_03,2128,4.256,16,35
replica_03,2129,4.258,15,36
replica_03,2130,4.26,17,37
replica_03,2131,4.262,13,36
replica_03,2132,4.264,13,37
replica_03,2133,4.266,14,37
replica_03,2134,4.268,14,35
replica_03,2135,4.27,21,37
replica_03,2136,4.272,17,38
replica_03,2137,4.274,17,31
replica_03,2138,4.276,19,30
replica_03,2139,4.278,16,31
replica_03,2140,4.28,29,32
replica_03,2141,4.282,21,36
replica_03,2142,4.284,26,33
replica_03,2143,4.286,25,32
replica_03,2144,4.288,25,30
replica_03,2145,4.29,17,38
replica_03,2146,4.292,14,33
replica_03,2147,4.294,27,29
replica_03,2148,4.296,20,31
replica_03,2149,4.298,19,27
replica_03,2150,4.3,18,35
replica_03,2151,4.302,16,32
replica_03,2152,4.304,19,33
replica_03,2153,4.306,22,34
replica_03,2154,4.308,13,33
replica_03,2155,4.31,21,33
replica_03,2156,4.312,15,30
replica_03,2157,4.314,17,30
replica_03,2158,4.316,20,36
replica_03,2159,4.318,20,34
replica_03,2160,4.32,19,34
replica_03,2161,4.322,19,34
replica_03,2162,4.324,14,31
replica_03,2163,4.326,15,38
replica_03,2164,4.328,17,30
replica_03,2165,4.33,20,35
replica_03,2166,4.332,20,35
replica_03,2167,4.334,19,31
replica_03,2168,4.336,25,32
replica_03,2169,4.338,23,33
replica_03,2170,4.34,16,29
replica_03,2171,4.342,23,31
replica_03,2172,4.344,18,36
replica_03,2173,4.346,23,32
replica_03,2174,4.348,20,32
replica_03,2175,4.35,17,33
replica_03,2176,4.352,22,31
replica_03,2177,4.354,21,34
replica_03,2178,4.356,20,33
replica_03,2179,4.358,22,33
replica_03,2180,4.36,21,34
replica_03,2181,4.362,21,32
replica_03,2182,4.364,21,39
replica_03,2183,4.366,15,36
replica_03,2184,4.368,13,34
replica_03,2185,4.37,19,33
replica_03,2186,4.372,16,34
replica_03,2187,4.374,13,38
replica_03,2188,4.376,14,36
replica_03,2189,4.378,16,33
replica_03,2190,4.38,29,34
replica_03,2191,4.382,19,32
replica_03,2192,4.384,19,35
replica_03,2193,4.386,16,33
replica_03,2194,4.388,21,36
replica_03,2195,4.39,23,32
replica_03,2196,4.392,20,32
replica_03,2197,4.394,23,33
replica_03,2198,4.396,24,32
replica_03,2199,4.398,23,35
replica_03,2200,4.4,19,29
replica_03,2201,4.402,23,35
replica_03,2202,4.404,22,31
replica_03,2203,4.406,20,33
replica_03,2204,4.408,20,30
replica_03,2205,4.41,13,37
replica_03,2206,4.412,19,32
replica_03,2207,4.414,12,38
replica_03,2208,4.416,17,33
replica_03,2209,4.418,16,37
replica_03,2210,4.42,15,36
replica_03,2211,4.422,18,35
replica_03,2212,4.424,16,34
replica_03,2213,4.426,14,36
replica_03,2214,4.428,18,37
replica_03,2215,4.43,15,36
replica_03,2216,4.432,17,35
replica_03,2217,4.434,13,36
replica_03,2218,4.436,19,38
replica_03,2219,4.438,17,31
replica_03,2220,4.44,12,35
replica_03,2221,4.442,15,36
replica_03,2222,4.444,18,37
replica_03,2223,4.446,17,39
replica_03,2224,4.448,16,34
replica_03,2225,4.45,18,35
replica_03,2226,4.452,18,34
replica_03,2227,4.454,20,35
replica_03,2228,4.456,19,36
replica_03,2229,4.458,17,34
replica_03,2230,4.46,17,30
replica_03,2231,4.462,17,33
replica_03,2232,4.464,22,33
replica_03,2233,4.466,19,37
replica_03,2234,4.468,14,38
replica_03,2235,4.47,13,37
replica_03,2236,4.472,21,36
replica_03,2237,4.474,20,33
replica_03,2238,4.476,18,39
replica_03,2239,4.478,14,35
replica_03,2240,4.48,15,33
replica_03,2241,4.482,18,40
replica_03,2242,4.484,19,34
replica_03,2243,4.486,16,37
replica_03,2244,4.488,18,41
replica_03,2245,4.49,21,33
replica_03,2246,4.492,17,35
replica_03,2247,4.494,16,32
replica_03,2248,4.496,18,35
replica_03,2249,4.498,21,34
replica_03,2250,4.5,16,36
replica_03,2251,4.502,15,35
replica_03,2252,4.504,16,28
replica_03,2253,4.506,22,37
replica_03,2254,4.508,20,35
replica_03,2255,4.51,19,35
replica_03,2256,4.512,17,36
replica_03,2257,4.514,17,36
replica_03,2258,4.516,17,37
replica_03,2259,4.518,18,36
replica_03,2260,4.52,19,32
replica_03,2261,4.522,15,34
replica_03,2262,4.524,17,33
replica_03,2263,4.526,18,32
replica_03,2264,4.528,24,36
replica_03,2265,4.53,13,39
replica_03,2266,4.532,11,35
replica_03,2267,4.534,15,33
replica_03,2268,4.536,17,35
replica_03,2269,4.538,20,35
replica_03,2270,4.54,16,39
replica_03,2271,4.542,15,38
replica_03,2272,4.544,16,36
replica_03,2273,4.546,12,36
replica_03,2274,4.548,21,30
replica_03,2275,4.55,19,35
replica_03,2276,4.552,16,35
replica_03,2277,4.554,22,29
replica_03,2278,4.556,19,35
replica_03,2279,4.558,15,38
replica_03,2280,4.56,18,34
replica_03,2281,4.562,15,39
replica_03,2282,4.564,17,36
replica_03,2283,4.566,13,37
replica_03,2284,4.568,19,33
replica_03,2285,4.57,18,34
replica_03,2286,4.572,17,32
replica_03,2287,4.574,19,39
replica_03,2288,4.576,21,35
replica_03,2289,4.578,19,36
replica_03,2290,4.58,21,34
replica_03,2291,4.582,21,31
replica_03,2292,4.584,19,33
replica_03,2293,4.586,21,33
replica_03,2294,4.588,18,34
replica_03,2295,4.59,21,35
replica_03,2296,4.592,18,33
replica_03,2297,4.594,19,34
replica_03,2298,4.596,17,38
replica_03,2299,4.598,15,33
replica_03,2300,4.6,18,33
replica_03,2301,4.602,15,36
replica_03,2302,4.604,17,40
replica_03,2303,4.606,17,35
replica_03,2304,4.608,18,37
replica_03,2305,4.61,15,34
replica_03,2306,4.612,17,37
replica_03,2307,4.614,16,34
replica_03,2308,4.616,15,32
replica_03,2309,4.618,16,34
replica_03,2310,4.62,10,40
replica_03,2311,4.622,18,34
replica_03,2312,4.624,15,29
replica_03,2313,4.626,18,34
replica_03,2314,4.628,22,32
replica_03,2315,4.63,16,36
replica_03,2316,4.632,22,35
replica_03,2317,4.634,17,39
replica_03,2318,4.636,15,38
replica_03,2319,4.638,21,35
replica_03,2320,4.64,14,35
replica_03,2321,4.642,14,35
replica_03,2322,4.644,19,35
replica_03,2323,4.646,19,31
replica_03,2324,4.648,18,36
replica_03,2325,4.65,17,37
replica_03,2326,4.652,16,37
replica_03,2327,4.654,15,36
replica_03,2328,4.656,16,34
replica_03,2329,4.658,16,37
replica_03,2330,4.66,18,32
replica_03,2331,4.662,19,31
replica_03,2332,4.664,19,32
replica_03,2333,4.666,19,33
replica_03,2334,4.668,19,34
replica_03,2335,4.67,18,33
replica_03,2336,4.672,19,31
replica_03,2337,4.674,16,39
replica_03,2338,4.676,18,37
replica_03,2339,4.678,18,35
replica_03,2340,4.68,12,35
replica_03,2341,4.682,19,35
replica_03,2342,4.684,16,39
replica_03,2343,4.686,15,35
replica_03,2344,4.688,20,34
replica_03,2345,4.69,19,35
replica_03,2346,4.692,21,33
replica_03,2347,4.694,17,36
replica_03,2348,4.696,18,38
replica_03,2349,4.698,18,36
replica_03,2350,4.7,16,37
replica_03,2351,4.702,20,36
replica_03,2352,4.704,16,36
replica_03,2353,4.706,15,37
replica_03,2354,4.708,18,37
replica_03,2355,4.71,18,30
replica_03,2356,4.712,18,36
replica_03,2357,4.714,15,34
replica_03,2358,4.716,18,33
replica_03,2359,4.718,18,34
replica_03,2360,4.72,19,34
replica_03,2361,4.722,18,38
replica_03,2362,4.724,21,36
replica_03,2363,4.726,22,35
replica_03,2364,4.728,19,30
replica_03,2365,4.73,21,33
replica_03,2366,4.732,19,33
replica_03,2367,4.734,17,38
replica_03,2368,4.736,19,35
replica_03,2369,4.738,19,38
replica_03,2370,4.74,17,35
replica_03,2371,4.742,15,32
replica_03,2372,4.744,16,39
replica_03,2373,4.746,18,37
replica_03,2374,4.748,15,35
replica_03,2375,4.75,18,42
replica_03,2376,4.752,21,40
replica_03,2377,4.754,21,35
replica_03,2378,4.756,22,37
replica_03,2379,4.758,18,36
replica_03,2380,4.76,17,33
replica_03,2381,4.762,20,36
replica_03,2382,4.764,21,38
replica_03,2383,4.766,19,34
replica_03,2384,4.768,16,37
replica_03,2385,4.77,17,41
replica_03,2386,4.772,15,45
replica_03,2387,4.774,17,38
replica_03,2388,4.776,16,40
replica_03,2389,4.778,21,37
replica_03,2390,4.78,16,44
replica_03,2391,4.782,19,41
replica_03,2392,4.784,16,40
replica_03,2393,4.786,16,37
replica_03,2394,4.788,17,40
replica_03,2395,4.79,14,41
replica_03,2396,4.792,18,34
replica_03,2397,4.794,19,35
replica_03,2398,4.796,19,44
replica_03,2399,4.798,16,43
replica_03,2400,4.8,17,41
replica_03,2401,4.802,19,43
replica_03,2402,4.804,11,42
replica_03,2403,4.806,16,43
replica_03,2404,4.808,10,41
replica_03,2405,4.81,17,38
replica_03,2406,4.812,20,39
replica_03,2407,4.814,17,36
replica_03,2408,4.816,15,39
replica_03,2409,4.818,12,40
replica_03,2410,4.82,15,41
replica_03,2411,4.822,12,44
replica_03,2412,4.824,16,45
replica_03,2413,4.826,17,42
replica_03,2414,4.828,14,41
replica_03,2415,4.83,16,41
replica_03,2416,4.832,16,39
replica_03,2417,4.834,13,44
replica_03,2418,4.836,15,40
replica_03,2419,4.838,18,39
replica_03,2420,4.84,21,37
replica_03,2421,4.842,18,42
replica_03,2422,4.844,17,42
replica_03,2423,4.846,17,39
replica_03,2424,4.848,17,35
replica_03,2425,4.85,16,40
replica_03,2426,4.852,16,38
replica_03,2427,4.854,16,39
replica_03,2428,4.856,15,38
replica_03,2429,4.858,13,37
replica_03,2430,4.86,16,41
replica_03,2431,4.862,17,40
replica_03,2432,4.864,19,40
replica_03,2433,4.866,15,35
replica_03,2434,4.868,15,39
replica_03,2435,4.87,16,40
replica_03,2436,4.872,17,49
replica_03,2437,4.874,16,41
replica_03,2438,4.876,16,42
replica_03,2439,4.878,14,45
replica_03,2440,4.88,17,41
replica_03,2441,4.882,19,35
replica_03,2442,4.884,19,39
replica_03,2443,4.886,17,35
replica_03,2444,4.888,19,38
replica_03,2445,4.89,16,41
replica_03,2446,4.892,18,39
replica_03,2447,4.894,17,38
replica_03,2448,4.896,18,37
replica_03,2449,4.898,17,38
replica_03,2450,4.9,17,39
replica_03,2451,4.902,18,39
replica_03,2452,4.904,17,38
replica_03,2453,4.906,17,39
replica_03,2454,4.908,18,36
replica_03,2455,4.91,20,38
replica_03,2456,4.912,15,37
replica_03,2457,4.914,9,40
replica_03,2458,4.916,15,42
replica_03,2459,4.918,15,38
replica_03,2460,4.92,13,43
replica_03,2461,4.922,16,40
replica_03,2462,4.924,15,43
replica_03,2463,4.926,13,38
replica_03,2464,4.928,16,39
replica_03,2465,4.93,18,40
replica_03,2466,4.932,22,40
replica_03,2467,4.934,20,36
replica_03,2468,4.936,22,34
replica_03,2469,4.938,21,37
replica_03,2470,4.94,14,34
replica_03,2471,4.942,18,37
replica_03,2472,4.944,18,40
replica_03,2473,4.946,20,38
replica_03,2474,4.948,20,37
replica_03,2475,4.95,19,37
replica_03,2476,4.952,17,35
replica_03,2477,4.954,17,38
replica_03,2478,4.956,17,38
replica_03,2479,4.958,15,41
replica_03,2480,4.96,19,37
replica_03,2481,4.962,20,39
replica_03,2482,4.964,19,33
replica_03,2483,4.966,18,39
replica_03,2484,4.968,19,38
replica_03,2485,4.97,17,41
replica_03,2486,4.972,21,33
replica_03,2487,4.974,14,40
replica_03,2488,4.976,18,38
replica_03,2489,4.978,18,36
replica_03,2490,4.98,15,35
replica_03,2491,4.982,19,36
replica_03,2492,4.984,18,42
replica_03,2493,4.986,18,34
replica_03,2494,4.988,14,40
replica_03,2495,4.99,18,40
replica_03,2496,4.992,18,38
replica_03,2497,4.994,16,42
replica_03,2498,4.996,18,39
replica_03,2499,4.998,18,41
replica_03,2500,5.0,18,41
replica_03,2501,5.002,17,40
replica_03,2502,5.004,19,44
replica_03,2503,5.006,20,37
replica_03,2504,5.008,17,44
replica_03,2505,5.01,16,40
replica_03,2506,5.012,12,43
replica_03,2507,5.014,12,41
replica_03,2508,5.016,20,37
replica_03,2509,5.018,20,38
replica_03,2510,5.02,16,40
replica_03,2511,5.022,17,40
replica_03,2512,5.024,16,45
replica_03,2513,5.026,15,38
replica_03,2514,5.028,18,40
replica_03,2515,5.03,17,39
replica_03,2516,5.032,16,41
replica_03,2517,5.034,17,36
replica_03,2518,5.036,17,36
replica_03,2519,5.038,18,36
replica_03,2520,5.04,20,42
replica_03,2521,5.042,17,38
replica_03,2522,5.044,15,33
replica_03,2523,5.046,14,37
replica_03,2524,5.048,19,38
replica_03,2525,5.05,14,38
replica_03,2526,5.052,14,39
replica_03,2527,5.054,16,36
replica_03,2528,5.056,17,38
replica_03,2529,5.058,18,38
replica_03,2530,5.06,21,43
replica_03,2531,5.062,15,38
replica_03,2532,5.064,19,38
replica_03,2533,5.066,19,40
replica_03,2534,5.068,15,35
replica_03,2535,5.07,17,39
replica_03,2536,5.072,17,42
replica_03,2537,5.074,14,40
replica_03,2538,5.076,13,40
replica_03,2539,5.078,17,39
replica_03,2540,5.08,14,41
replica_03,2541,5.082,11,44
replica_03,2542,5.084,15,40
replica_03,2543,5.086,16,46
replica_03,2544,5.088,15,43
replica_03,2545,5.09,14,46
replica_03,2546,5.092,14,42
replica_03,2547,5.094,11,43
replica_03,2548,5.096,14,47
replica_03,2549,5.098,11,44
replica_03,2550,5.1,18,39
replica_03,2551,5.102,15,47
replica_03,2552,5.104,16,44
replica_03,2553,5.106,17,41
replica_03,2554,5.108,14,44
replica_03,2555,5.11,15,38
replica_03,2556,5.112,17,45
replica_03,2557,5.114,12,51
replica_03,2558,5.116,13,43
replica_03,2559,5.118,18,45
replica_03,2560,5.12,17,41
replica_03,2561,5.122,18,43
replica_03,2562,5.124,14,42
replica_03,2563,5.126,20,40
replica_03,2564,5.128,19,35
replica_03,2565,5.13,18,38
replica_03,2566,5.132,19,37
replica_03,2567,5.134,12,41
replica_03,2568,5.136,14,44
replica_03,2569,5.138,15,45
replica_03,2570,5.14,14,42
replica_03,2571,5.142,21,42
replica_03,2572,5.144,17,45
replica_03,2573,5.146,15,46
replica_03,2574,5.148,11,40
replica_03,2575,5.15,16,44
replica_03,2576,5.152,14,44
replica_03,2577,5.154,17,46
replica_03,2578,5.156,13,46
replica_03,2579,5.158,15,44
replica_03,2580,5.16,17,41
replica_03,2581,5.162,14,44
replica_03,2582,5.164,14,40
replica_03,2583,5.166,16,42
replica_03,2584,5.168,17,41
replica_03,2585,5.17,16,40
replica_03,2586,5.172,17,42
replica_03,2587,5.174,17,38
replica_03,2588,5.176,13,43
replica_03,2589,5.178,16,41
replica_03,2590,5.18,17,42
replica_03,2591,5.182,18,41
replica_03,2592,5.184,19,43
replica_03,2593,5.186,18,40
replica_03,2594,5.188,13,43
replica_03,2595,5.19,18,36
replica_03,2596,5.192,16,41
replica_03,2597,5.194,16,42
replica_03,2598,5.196,20,35
replica_03,2599,5.198,9,39
replica_03,2600,5.2,14,35
replica_03,2601,5.202,17,39
replica_03,2602,5.204,19,35
replica_03,2603,5.206,20,35
replica_03,2604,5.208,20,40
replica_03,2605,5.21,15,40
replica_03,2606,5.212,18,39
replica_03,2607,5.214,17,41
replica_03,2608,5.216,19,41
replica_03,2609,5.218,21,43
replica_03,2610,5.22,19,33
replica_03,2611,5.222,19,34
replica_03,2612,5.224,19,35
replica_03,2613,5.226,18,39
replica_03,2614,5.228,19,38
replica_03,2615,5.23,15,37
replica_03,2616,5.232,19,45
replica_03,2617,5.234,17,38
replica_03,2618,5.236,16,41
replica_03,2619,5.238,14,45
replica_03,2620,5.24,19,42
replica_03,2621,5.242,13,37
replica_03,2622,5.244,13,46
replica_03,2623,5.246,16,43
replica_03,2624,5.248,15,38
replica_03,2625,5.25,15,43
replica_03,2626,5.252,21,42
replica_03,2627,5.254,16,42
replica_03,2628,5.256,13,40
replica_03,2629,5.258,17,37
replica_03,2630,5.26,16,39
replica_03,2631,5.262,13,40
replica_03,2632,5.264,14,43
replica_03,2633,5.266,14,45
replica_03,2634,5.268,15,39
replica_03,2635,5.27,16,40
replica_03,2636,5.272,13,39
replica_03,2637,5.274,8,44
replica_03,2638,5.276,13,45
replica_03,2639,5.278,16,38
replica_03,2640,5.28,18,39
replica_03,2641,5.282,19,39
replica_03,2642,5.284,17,40
replica_03,2643,5.286,19,39
replica_03,2644,5.288,15,46
replica_03,2645,5.29,14,38
replica_03,2646,5.292,16,38
replica_03,2647,5.294,16,41
replica_03,2648,5.296,18,42
replica_03,2649,5.298,21,42
replica_03,2650,5.3,19,39
replica_03,2651,5.302,18,41
replica_03,2652,5.304,20,45
replica_03,2653,5.306,15,39
replica_03,2654,5.308,17,39
replica_03,2655,5.31,17,42
replica_03,2656,5.312,16,41
replica_03,2657,5.314,19,44
replica_03,2658,5.316,17,38
replica_03,2659,5.318,18,41
replica_03,2660,5.32,16,45
replica_03,2661,5.322,15,40
replica_03,2662,5.324,16,40
replica_03,2663,5.326,13,43
replica_03,2664,5.328,15,38
replica_03,2665,5.33,16,45
replica_03,2666,5.332,15,43
replica_03,2667,5.334,7,43
replica_03,2668,5.336,15,41
replica_03,2669,5.338,13,43
replica_03,2670,5.34,11,46
replica_03,2671,5.342,13,41
replica_03,2672,5.344,15,42
replica_03,2673,5.346,11,41
replica_03,2674,5.348,13,42
replica_03,2675,5.35,12,41
replica_03,2676,5.352,15,39
replica_03,2677,5.354,16,40
replica_03,2678,5.356,12,42
replica_03,2679,5.358,15,41
replica_03,2680,5.36,18,38
replica_03,2681,5.362,14,37
replica_03,2682,5.364,16,42
replica_03,2683,5.366,15,40
replica_03,2684,5.368,19,35
replica_03,2685,5.37,19,37
replica_03,2686,5.372,16,41
replica_03,2687,5.374,17,39
replica_03,2688,5.376,17,38
replica_03,2689,5.378,18,39
replica_03,2690,5.38,17,42
replica_03,2691,5.382,21,36
replica_03,2692,5.384,18,37
replica_03,2693,5.386,19,35
replica_03,2694,5.388,18,35
replica_03,2695,5.39,19,37
replica_03,2696,5.392,13,44
replica_03,2697,5.394,13,41
replica_03,2698,5.396,19,38
replica_03,2699,5.398,18,39
replica_03,2700,5.4,15,39
replica_03,2701,5.402,16,37
replica_03,2702,5.404,19,40
replica_03,2703,5.406,18,43
replica_03,2704,5.408,18,38
replica_03,2705,5.41,18,39
replica_03,2706,5.412,18,41
replica_03,2707,5.414,21,42
replica_03,2708,5.416,13,42
replica_03,2709,5.418,14,40
replica_03,2710,5.42,16,42
replica_03,2711,5.422,16,39
replica_03,2712,5.424,17,37
replica_03,2713,5.426,15,44
replica_03,2714,5.428,19,39
replica_03,2715,5.43,17,38
replica_03,2716,5.432,16,37
replica_03,2717,5.434,14,40
replica_03,2718,5.436,13,40
replica_03,2719,5.438,16,41
replica_03,2720,5.44,18,45
replica_03,2721,5.442,16,36
replica_03,2722,5.444,16,43
replica_03,2723,5.446,18,40
replica_03,2724,5.448,18,40
replica_03,2725,5.45,17,41
replica_03,2726,5.452,17,43
replica_03,2727,5.454,18,36
replica_03,2728,5.456,19,40
replica_03,2729,5.458,15,42
replica_03,2730,5.46,16,34
replica_03,2731,5.462,19,38
replica_03,2732,5.464,14,38
replica_03,2733,5.466,15,39
replica_03,2734,5.468,13,38
replica_03,2735,5.47,15,41
replica_03,2736,5.472,14,40
replica_03,2737,5.474,14,34
replica_03,2738,5.476,19,41
replica_03,2739,5.478,15,46
replica_03,2740,5.48,16,41
replica_03,2741,5.482,16,44
replica_03,2742,5.484,16,37
replica_03,2743,5.486,15,39
replica_03,2744,5.488,15,43
replica_03,2745,5.49,19,45
replica_03,2746,5.492,22,45
replica_03,2747,5.494,22,39
replica_03,2748,5.496,18,43
replica_03,2749,5.498,13,44
replica_03,2750,5.5,17,40
replica_03,2751,5.502,15,44
replica_03,2752,5.504,14,40
replica_03,2753,5.506,16,39
replica_03,2754,5.508,13,41
replica_03,2755,5.51,7,40
replica_03,2756,5.512,13,46
replica_03,2757,5.514,9,46
replica_03,2758,5.516,13,44
replica_03,2759,5.518,17,46
replica_03,2760,5.52,17,39
replica_03,2761,5.522,15,43
replica_03,2762,5.524,15,37
replica_03,2763,5.526,17,45
replica_03,2764,5.528,13,43
replica_03,2765,5.53,16,41
replica_03,2766,5.532,20,39
replica_03,2767,5.534,14,44
replica_03,2768,5.536,14,44
replica_03,2769,5.538,16,40
replica_03,2770,5.54,15,36
replica_03,2771,5.542,14,42
replica_03,2772,5.544,16,40
replica_03,2773,5.546,14,45
replica_03,2774,5.548,16,44
replica_03,2775,5.55,20,46
replica_03,2776,5.552,21,41
replica_03,2777,5.554,17,43
replica_03,2778,5.556,17,40
replica_03,2779,5.558,17,36
replica_03,2780,5.56,15,45
replica_03,2781,5.562,20,39
replica_03,2782,5.564,18,42
replica_03,2783,5.566,17,41
replica_03,2784,5.568,17,41
replica_03,2785,5.57,15,41
replica_03,2786,5.572,19,39
replica_03,2787,5.574,13,45
replica_03,2788,5.576,19,38
replica_03,2789,5.578,20,41
replica_03,2790,5.58,19,43
replica_03,2791,5.582,19,40
replica_03,2792,5.584,18,37
replica_03,2793,5.586,19,39
replica_03,2794,5.588,16,41
replica_03,2795,5.59,15,43
replica_03,2796,5.592,19,43
replica_03,2797,5.594,19,44
replica_03,2798,5.596,18,43
replica_03,2799,5.598,10,39
replica_03,2800,5.6,18,40
replica_03,2801,5.602,17,43
replica_03,2802,5.604,13,38
replica_03,2803,5.606,17,40
replica_03,2804,5.608,17,46
replica_03,2805,5.61,16,46
replica_03,2806,5.612,18,43
replica_03,2807,5.614,14,46
replica_03,2808,5.616,17,43
replica_03,2809,5.618,18,42
replica_03,2810,5.62,17,38
replica_03,2811,5.622,20,43
replica_03,2812,5.624,18,35
replica_03,2813,5.626,12,41
replica_03,2814,5.628,20,43
replica_03,2815,5.63,15,38
replica_03,2816,5.632,16,39
replica_03,2817,5.634,14,41
replica_03,2818,5.636,17,41
replica_03,2819,5.638,13,42
replica_03,2820,5.64,17,40
replica_03,2821,5.642,16,36
replica_03,2822,5.644,18,41
replica_03,2823,5.646,18,38
replica_03,2824,5.648,20,42
replica_03,2825,5.65,16,39
replica_03,2826,5.652,19,38
replica_03,2827,5.654,15,43
replica_03,2828,5.656,22,42
replica_03,2829,5.658,21,43
replica_03,2830,5.66,18,37
replica_03,2831,5.662,19,37
replica_03,2832,5.664,18,42
replica_03,2833,5.666,20,42
replica_03,2834,5.668,14,39
replica_03,2835,5.67,14,41
replica_03,2836,5.672,18,30
replica_03,2837,5.674,14,40
replica_03,2838,5.676,19,35
replica_03,2839,5.678,19,35
replica_03,2840,5.68,19,42
replica_03,2841,5.682,20,39
replica_03,2842,5.684,18,38
replica_03,2843,5.686,17,38
replica_03,2844,5.688,16,39
replica_03,2845,5.69,18,37
replica_03,2846,5.692,16,41
replica_03,2847,5.694,14,41
replica_03,2848,5.696,15,36
replica_03,2849,5.698,21,34
replica_03,2850,5.7,19,35
replica_03,2851,5.702,19,35
replica_03,2852,5.704,18,33
replica_03,2853,5.706,15,37
replica_03,2854,5.708,16,43
replica_03,2855,5.71,20,38
replica_03,2856,5.712,18,35
replica_03,2857,5.714,17,39
replica_03,2858,5.716,16,39
replica_03,2859,5.718,19,37
replica_03,2860,5.72,18,38
replica_03,2861,5.722,17,40
replica_03,2862,5.724,17,43
replica_03,2863,5.726,14,40
replica_03,2864,5.728,15,43
replica_03,2865,5.73,16,34
replica_03,2866,5.732,13,36
replica_03,2867,5.734,15,41
replica_03,2868,5.736,15,40
replica_03,2869,5.738,18,34
replica_03,2870,5.74,18,37
replica_03,2871,5.742,13,37
replica_03,2872,5.744,19,38
replica_03,2873,5.746,17,38
replica_03,2874,5.748,18,37
replica_03,2875,5.75,17,42
replica_03,2876,5.752,17,38
replica_03,2877,5.754,19,32
replica_03,2878,5.756,17,36
replica_03,2879,5.758,20,44
replica_03,2880,5.76,15,44
replica_03,2881,5.762,19,42
replica_03,2882,5.764,17,41
replica_03,2883,5.766,17,36
replica_03,2884,5.768,18,36
replica_03,2885,5.77,18,37
replica_03,2886,5.772,17,41
replica_03,2887,5.774,16,41
replica_03,2888,5.776,17,35
replica_03,2889,5.778,17,35
replica_03,2890,5.78,13,38
replica_03,2891,5.782,15,37
replica_03,2892,5.784,18,37
replica_03,2893,5.786,17,40
replica_03,2894,5.788,18,32
replica_03,2895,5.79,19,38
replica_03,2896,5.792,16,43
replica_03,2897,5.794,15,42
replica_03,2898,5.796,14,46
replica_03,2899,5.798,15,43
replica_03,2900,5.8,14,41
replica_03,2901,5.802,8,42
replica_03,2902,5.804,18,39
replica_03,2903,5.806,18,41
replica_03,2904,5.808,14,41
replica_03,2905,5.81,15,39
replica_03,2906,5.812,13,42
replica_03,2907,5.814,19,36
replica_03,2908,5.816,15,37
replica_03,2909,5.818,16,42
replica_03,2910,5.82,17,39
replica_03,2911,5.822,16,38
replica_03,2912,5.824,17,43
replica_03,2913,5.826,18,42
replica_03,2914,5.828,15,38
replica_03,2915,5.83,17,41
replica_03,2916,5.832,17,42
replica_03,2917,5.834,18,36
replica_03,2918,5.836,14,38
replica_03,2919,5.838,12,39
replica_03,2920,5.84,17,34
replica_03,2921,5.842,15,41
replica_03,2922,5.844,18,33
replica_03,2923,5.846,16,37
replica_03,2924,5.848,16,42
replica_03,2925,5.85,16,37
replica_03,2926,5.852,17,40
replica_03,2927,5.854,16,36
replica_03,2928,5.856,16,39
replica_03,2929,5.858,10,40
replica_03,2930,5.86,13,37
replica_03,2931,5.862,11,39
replica_03,2932,5.864,18,40
replica_03,2933,5.866,17,38
replica_03,2934,5.868,14,42
replica_03,2935,5.87,13,39
replica_03,2936,5.872,14,36
replica_03,2937,5.874,17,39
replica_03,2938,5.876,22,36
replica_03,2939,5.878,14,39
replica_03,2940,5.88,16,40
replica_03,2941,5.882,14,37
replica_03,2942,5.884,19,37
replica_03,2943,5.886,12,39
replica_03,2944,5.888,16,38
replica_03,2945,5.89,10,43
replica_03,2946,5.892,17,39
replica_03,2947,5.894,13,44
replica_03,2948,5.896,16,38
replica_03,2949,5.898,18,38
replica_03,2950,5.9,12,44
replica_03,2951,5.902,16,37
replica_03,2952,5.904,19,34
replica_03,2953,5.906,16,43
replica_03,2954,5.908,19,32
replica_03,2955,5.91,14,40
replica_03,2956,5.912,17,40
replica_03,2957,5.914,14,41
replica_03,2958,5.916,15,36
replica_03,2959,5.918,16,38
replica_03,2960,5.92,13,43
replica_03,2961,5.922,14,42
replica_03,2962,5.924,10,46
replica_03,2963,5.926,14,44
replica_03,2964,5.928,20,38
replica_03,2965,5.93,18,38
replica_03,2966,5.932,18,36
replica_03,2967,5.934,18,38
replica_03,2968,5.936,12,42
replica_03,2969,5.938,16,40
replica_03,2970,5.94,17,40
replica_03,2971,5.942,16,42
replica_03,2972,5.944,18,36
replica_03,2973,5.946,16,35
replica_03,2974,5.948,16,34
replica_03,2975,5.95,20,39
replica_03,2976,5.952,14,35
replica_03,2977,5.954,16,39
replica_03,2978,5.956,17,38
replica_03,2979,5.958,16,37
replica_03,2980,5.96,13,33
replica_03,2981,5.962,17,35
replica_03,2982,5.964,18,36
replica_03,2983,5.966,17,33
replica_03,2984,5.968,17,40
replica_03,2985,5.97,15,38
replica_03,2986,5.972,17,37
replica_03,2987,5.974,18,38
replica_03,2988,5.976,16,37
replica_03,2989,5.978,19,37
replica_03,2990,5.98,19,33
replica_03,2991,5.982,15,39
replica_03,2992,5.984,15,43
replica_03,2993,5.986,19,38
replica_03,2994,5.988,15,38
replica_03,2995,5.99,19,40
replica_03,2996,5.992,17,41
replica_03,2997,5.994,17,40
replica_03,2998,5.996,19,38
replica_03,2999,5.998,21,37
replica_03,3000,6.0,17,36
replica_03,3001,6.002,16,37
replica_03,3002,6.004,17,41
replica_03,3003,6.006,17,33
replica_03,3004,6.008,15,41
replica_03,3005,6.01,16,47
replica_03,3006,6.012,18,41
replica_03,3007,6.014,17,47
replica_03,3008,6.016,17,45
replica_03,3009,6.018,17,46
replica_03,3010,6.02,13,46
replica_03,3011,6.022,9,43
replica_03,3012,6.024,20,41
replica_03,3013,6.026,11,50
replica_03,3014,6.028,14,41
replica_03,3015,6.03,14,46
replica_03,3016,6.032,18,38
replica_03,3017,6.034,15,40
replica_03,3018,6.036,16,43
replica_03,3019,6.038,16,37
replica_03,3020,6.04,17,40
replica_03,3021,6.042,16,40
replica_03,3022,6.044,14,38
replica_03,3023,6.046,3,43
replica_03,3024,6.048,8,41
replica_03,3025,6.05,12,42
replica_03,3026,6.052,16,34
replica_03,3027,6.054,16,42
replica_03,3028,6.056,18,37
replica_03,3029,6.058,17,38
replica_03,3030,6.06,15,41
replica_03,3031,6.062,17,34
replica_03,3032,6.064,17,39
replica_03,3033,6.066,17,39
replica_03,3034,6.068,14,41
replica_03,3035,6.07,12,40
replica_03,3036,6.072,14,36
replica_03,3037,6.074,16,40
replica_03,3038,6.076,18,42
replica_03,3039,6.078,16,41
replica_03,3040,6.08,20,41
replica_03,3041,6.082,17,36
replica_03,3042,6.084,20,37
replica_03,3043,6.086,20,35
replica_03,3044,6.088,20,38
replica_03,3045,6.09,21,37
replica_03,3046,6.092,18,39
replica_03,3047,6.094,22,39
replica_03,3048,6.096,19,35
replica_03,3049,6.098,21,39
replica_03,3050,6.1,15,38
replica_03,3051,6.102,20,36
replica_03,3052,6.104,21,36
replica_03,3053,6.106,15,38
replica_03,3054,6.108,18,39
replica_03,3055,6.11,19,43
replica_03,3056,6.112,18,36
replica_03,3057,6.114,17,42
replica_03,3058,6.116,15,46
replica_03,3059,6.118,15,39
replica_03,3060,6.12,15,39
replica_03,3061,6.122,15,45
replica_03,3062,6.124,15,41
replica_03,3063,6.126,17,47
replica_03,3064,6.128,19,40
replica_03,3065,6.13,10,40
replica_03,3066,6.132,18,40
replica_03,3067,6.134,17,36
replica_03,3068,6.136,16,38
replica_03,3069,6.138,14,39
replica_03,3070,6.14,15,42
replica_03,3071,6.142,16,38
replica_03,3072,6.144,17,33
replica_03,3073,6.146,14,42
replica_03,3074,6.148,14,37
replica_03,3075,6.15,14,38
replica_03,3076,6.152,14,40
replica_03,3077,6.154,8,42
replica_03,3078,6.156,17,38
replica_03,3079,6.158,15,39
replica_03,3080,6.16,15,39
replica_03,3081,6.162,14,37
replica_03,3082,6.164,17,35
replica_03,3083,6.166,16,39
replica_03,3084,6.168,17,39
replica_03,3085,6.17,19,36
replica_03,3086,6.172,19,39
replica_03,3087,6.174,20,40
replica_03,3088,6.176,15,40
replica_03,3089,6.178,19,39
replica_03,3090,6.18,17,41
replica_03,3091,6.182,20,42
replica_03,3092,6.184,19,42
replica_03,3093,6.186,10,43
replica_03,3094,6.188,14,42
replica_03,3095,6.19,16,35
replica_03,3096,6.192,13,41
replica_03,3097,6.194,18,41
replica_03,3098,6.196,17,38
replica_03,3099,6.198,24,36
replica_03,3100,6.2,24,38
replica_03,3101,6.202,19,38
replica_03,3102,6.204,20,41
replica_03,3103,6.206,19,42
replica_03,3104,6.208,15,44
replica_03,3105,6.21,14,41
replica_03,3106,6.212,12,39
replica_03,3107,6.214,12,43
replica_03,3108,6.216,21,43
replica_03,3109,6.218,18,45
replica_03,3110,6.22,14,47
replica_03,3111,6.222,15,42
replica_03,3112,6.224,15,45
replica_03,3113,6.226,15,41
replica_03,3114,6.228,17,38
replica_03,3115,6.23,17,39
replica_03,3116,6.232,16,43
replica_03,3117,6.234,15,37
replica_03,3118,6.236,21,39
replica_03,3119,6.238,20,40
replica_03,3120,6.24,18,34
replica_03,3121,6.242,19,35
replica_03,3122,6.244,16,38
replica_03,3123,6.246,19,36
replica_03,3124,6.248,20,39
replica_03,3125,6.25,18,32
replica_03,3126,6.252,24,40
replica_03,3127,6.254,19,37
replica_03,3128,6.256,18,39
replica_03,3129,6.258,20,38
replica_03,3130,6.26,18,43
replica_03,3131,6.262,19,34
replica_03,3132,6.264,21,41
replica_03,3133,6.266,19,38
replica_03,3134,6.268,11,36
replica_03,3135,6.27,7,42
replica_03,3136,6.272,14,39
replica_03,3137,6.274,12,38
replica_03,3138,6.276,9,41
replica_03,3139,6.278,13,39
replica_03,3140,6.28,11,46
replica_03,3141,6.282,16,39
replica_03,3142,6.284,14,38
replica_03,3143,6.286,16,40
replica_03,3144,6.288,16,39
replica_03,3145,6.29,16,39
replica_03,3146,6.292,16,38
replica_03,3147,6.294,15,39
replica_03,3148,6.296,16,38
replica_03,3149,6.298,18,34
replica_03,3150,6.3,20,35
replica_03,3151,6.302,14,37
replica_03,3152,6.304,15,39
replica_03,3153,6.306,23,36
replica_03,3154,6.308,21,35
replica_03,3155,6.31,22,35
replica_03,3156,6.312,21,37
replica_03,3157,6.314,12,36
replica_03,3158,6.316,21,40
replica_03,3159,6.318,21,39
replica_03,3160,6.32,21,34
replica_03,3161,6.322,16,32
replica_03,3162,6.324,14,38
replica_03,3163,6.326,18,33
replica_03,3164,6.328,20,35
replica_03,3165,6.33,23,35
replica_03,3166,6.332,22,37
replica_03,3167,6.334,17,37
replica_03,3168,6.336,22,30
replica_03,3169,6.338,17,40
replica_03,3170,6.34,18,37
replica_03,3171,6.342,11,41
replica_03,3172,6.344,16,43
replica_03,3173,6.346,22,32
replica_03,3174,6.348,18,37
replica_03,3175,6.35,15,40
replica_03,3176,6.352,19,36
replica_03,3177,6.354,22,36
replica_03,3178,6.356,12,37
replica_03,3179,6.358,22,37
replica_03,3180,6.36,11,40
replica_03,3181,6.362,17,34
replica_03,3182,6.364,16,35
replica_03,3183,6.366,15,39
replica_03,3184,6.368,13,42
replica_03,3185,6.37,14,45
replica_03,3186,6.372,15,35
replica_03,3187,6.374,14,39
replica_03,3188,6.376,14,42
replica_03,3189,6.378,13,46
replica_03,3190,6.38,14,37
replica_03,3191,6.382,15,40
replica_03,3192,6.384,16,41
replica_03,3193,6.386,19,38
replica_03,3194,6.388,23,34
replica_03,3195,6.39,18,38
replica_03,3196,6.392,18,37
replica_03,3197,6.394,20,37
replica_03,3198,6.396,19,35
replica_03,3199,6.398,20,40
replica_03,3200,6.4,16,38
replica_03,3201,6.402,16,37
replica_03,3202,6.404,16,42
replica_03,3203,6.406,15,35
replica_03,3204,6.408,17,40
replica_03,3205,6.41,18,43
replica_03,3206,6.412,18,38
replica_03,3207,6.414,15,37
replica_03,3208,6.416,17,36
replica_03,3209,6.418,14,38
replica_03,3210,6.42,17,35
replica_03,3211,6.422,22,37
replica_03,3212,6.424,22,36
replica_03,3213,6.426,13,35
replica_03,3214,6.428,15,36
replica_03,3215,6.43,14,36
replica_03,3216,6.432,19,40
replica_03,3217,6.434,19,41
replica_03,3218,6.436,21,38
replica_03,3219,6.438,17,35
replica_03,3220,6.44,18,36
replica_03,3221,6.442,20,35
replica_03,3222,6.444,19,36
replica_03,3223,6.446,25,34
replica_03,3224,6.448,21,36
replica_03,3225,6.45,16,40
replica_03,3226,6.452,15,36
replica_03,3227,6.454,18,34
replica_03,3228,6.456,20,37
replica_03,3229,6.458,22,38
replica_03,3230,6.46,20,35
replica_03,3231,6.462,24,35
replica_03,3232,6.464,17,38
replica_03,3233,6.466,22,37
replica_03,3234,6.468,17,36
replica_03,3235,6.47,19,31
replica_03,3236,6.472,23,37
replica_03,3237,6.474,20,39
replica_03,3238,6.476,20,35
replica_03,3239,6.478,19,37
replica_03,3240,6.48,15,37
replica_03,3241,6.482,18,39
replica_03,3242,6.484,16,39
replica_03,3243,6.486,13,37
replica_03,3244,6.488,8,41
replica_03,3245,6.49,13,42
replica_03,3246,6.492,21,32
replica_03,3247,6.494,18,33
replica_03,3248,6.496,18,34
replica_03,3249,6.498,20,35
replica_03,3250,6.5,13,37
replica_03,3251,6.502,13,41
replica_03,3252,6.504,12,37
replica_03,3253,6.506,9,37
replica_03,3254,6.508,13,34
replica_03,3255,6.51,13,38
replica_03,3256,6.512,20,35
replica_03,3257,6.514,15,36
replica_03,3258,6.516,10,39
replica_03,3259,6.518,13,39
replica_03,3260,6.52,19,39
replica_03,3261,6.522,16,40
replica_03,3262,6.524,15,41
replica_03,3263,6.526,20,37
replica_03,3264,6.528,17,38
replica_03,3265,6.53,20,39
replica_03,3266,6.532,14,36
replica_03,3267,6.534,23,37
replica_03,3268,6.536,19,31
replica_03,3269,6.538,19,37
replica_03,3270,6.54,20,32
replica_03,3271,6.542,22,37
replica_03,3272,6.544,20,42
replica_03,3273,6.546,17,35
replica_03,3274,6.548,15,39
replica_03,3275,6.55,22,38
replica_03,3276,6.552,19,36
replica_03,3277,6.554,15,39
replica_03,3278,6.556,20,36
replica_03,3279,6.558,17,37
replica_03,3280,6.56,20,35
replica_03,3281,6.562,23,40
replica_03,3282,6.564,15,37
replica_03,3283,6.566,17,37
replica_03,3284,6.568,16,40
replica_03,3285,6.57,18,35
replica_03,3286,6.572,19,34
replica_03,3287,6.574,25,36
replica_03,3288,6.576,18,36
replica_03,3289,6.578,14,43
replica_03,3290,6.58,16,38
replica_03,3291,6.582,18,38
replica_03,3292,6.584,18,36
replica_03,3293,6.586,19,42
replica_03,3294,6.588,17,34
replica_03,3295,6.59,20,37
replica_03,3296,6.592,17,38
replica_03,3297,6.594,12,35
replica_03,3298,6.596,24,33
replica_03,3299,6.598,24,34
replica_03,3300,6.6,16,40
replica_03,3301,6.602,14,38
replica_03,3302,6.604,18,34
replica_03,3303,6.606,13,36
replica_03,3304,6.608,20,36
replica_03,3305,6.61,13,38
replica_03,3306,6.612,18,35
replica_03,3307,6.614,19,34
replica_03,3308,6.616,21,33
replica_03,3309,6.618,19,40
replica_03,3310,6.62,16,38
replica_03,3311,6.622,15,36
replica_03,3312,6.624,19,37
replica_03,3313,6.626,21,36
replica_03,3314,6.628,19,35
replica_03,3315,6.63,9,37
replica_03,3316,6.632,13,37
replica_03,3317,6.634,14,36
replica_03,3318,6.636,17,36
replica_03,3319,6.638,18,41
replica_03,3320,6.64,17,40
replica_03,3321,6.642,19,35
replica_03,3322,6.644,15,37
replica_03,3323,6.646,11,36
replica_03,3324,6.648,16,35
replica_03,3325,6.65,19,35
replica_03,3326,6.652,21,34
replica_03,3327,6.654,20,32
replica_03,3328,6.656,21,37
replica_03,3329,6.658,21,38
replica_03,3330,6.66,16,39
replica_03,3331,6.662,18,30
replica_03,3332,6.664,16,37
replica_03,3333,6.666,19,35
replica_03,3334,6.668,16,37
replica_03,3335,6.67,16,33
replica_03,3336,6.672,20,34
replica_03,3337,6.674,18,37
replica_03,3338,6.676,13,37
replica_03,3339,6.678,21,32
replica_03,3340,6.68,12,38
replica_03,3341,6.682,21,38
replica_03,3342,6.684,24,37
replica_03,3343,6.686,16,34
replica_03,3344,6.688,20,31
replica_03,3345,6.69,18,33
replica_03,3346,6.692,21,34
replica_03,3347,6.694,21,40
replica_03,3348,6.696,19,38
replica_03,3349,6.698,18,35
replica_03,3350,6.7,14,35
replica_03,3351,6.702,24,36
replica_03,3352,6.704,19,38
replica_03,3353,6.706,18,38
replica_03,3354,6.708,20,32
replica_03,3355,6.71,22,37
replica_03,3356,6.712,21,32
replica_03,3357,6.714,22,35
replica_03,3358,6.716,15,30
replica_03,3359,6.718,19,34
replica_03,3360,6.72,19,39
replica_03,3361,6.722,21,38
replica_03,3362,6.724,14,39
replica_03,3363,6.726,23,35
replica_03,3364,6.728,15,33
replica_03,3365,6.73,16,39
replica_03,3366,6.732,15,36
replica_03,3367,6.734,17,40
replica_03,3368,6.736,20,37
replica_03,3369,6.738,20,40
replica_03,3370,6.74,18,41
replica_03,3371,6.742,16,39
replica_03,3372,6.744,11,45
replica_03,3373,6.746,6,50
replica_03,3374,6.748,16,45
replica_03,3375,6.75,17,38
replica_03,3376,6.752,16,36
replica_03,3377,6.754,19,37
replica_03,3378,6.756,15,34
replica_03,3379,6.758,18,37
replica_03,3380,6.76,16,40
replica_03,3381,6.762,20,39
replica_03,3382,6.764,15,41
replica_03,3383,6.766,14,36
replica_03,3384,6.768,17,36
replica_03,3385,6.77,17,39
replica_03,3386,6.772,20,35
replica_03,3387,6.774,16,37
replica_03,3388,6.776,17,33
replica_03,3389,6.778,20,32
replica_03,3390,6.78,7,39
replica_03,3391,6.782,19,37
replica_03,3392,6.784,12,40
replica_03,3393,6.786,15,40
replica_03,3394,6.788,16,35
replica_03,3395,6.79,23,30
replica_03,3396,6.792,14,39
replica_03,3397,6.794,18,36
replica_03,3398,6.796,18,37
replica_03,3399,6.798,23,35
replica_03,3400,6.8,16,36
replica_03,3401,6.802,18,33
replica_03,3402,6.804,16,33
replica_03,3403,6.806,20,35
replica_03,3404,6.808,17,37
replica_03,3405,6.81,19,40
replica_03,3406,6.812,17,38
replica_03,3407,6.814,11,39
replica_03,3408,6.816,20,35
replica_03,3409,6.818,22,40
replica_03,3410,6.82,19,43
replica_03,3411,6.822,12,44
replica_03,3412,6.824,13,37
replica_03,3413,6.826,19,37
replica_03,3414,6.828,16,40
replica_03,3415,6.83,19,40
replica_03,3416,6.832,18,41
replica_03,3417,6.834,17,40
replica_03,3418,6.836,17,36
replica_03,3419,6.838,16,41
replica_03,3420,6.84,18,38
replica_03,3421,6.842,15,39
replica_03,3422,6.844,13,44
replica_03,3423,6.846,16,40
replica_03,3424,6.848,12,40
replica_03,3425,6.85,14,38
replica_03,3426,6.852,9,39
replica_03,3427,6.854,10,39
replica_03,3428,6.856,15,38
replica_03,3429,6.858,23,40
replica_03,3430,6.86,19,40
replica_03,3431,6.862,16,32
replica_03,3432,6.864,18,38
replica_03,3433,6.866,18,32
replica_03,3434,6.868,19,34
replica_03,3435,6.87,18,34
replica_03,3436,6.872,15,40
replica_03,3437,6.874,11,37
replica_03,3438,6.876,12,38
replica_03,3439,6.878,11,40
replica_03,3440,6.88,18,37
replica_03,3441,6.882,20,36
replica_03,3442,6.884,23,39
replica_03,3443,6.886,19,39
replica_03,3444,6.888,22,34
replica_03,3445,6.89,23,39
replica_03,3446,6.892,16,41
replica_03,3447,6.894,17,32
replica_03,3448,6.896,16,38
replica_03,3449,6.898,18,38
replica_03,3450,6.9,22,33
replica_03,3451,6.902,21,34
replica_03,3452,6.904,16,39
replica_03,3453,6.906,20,33
replica_03,3454,6.908,14,36
replica_03,3455,6.91,19,32
replica_03,3456,6.912,18,38
replica_03,3457,6.914,19,36
replica_03,3458,6.916,19,40
replica_03,3459,6.918,21,38
replica_03,3460,6.92,19,38
replica_03,3461,6.922,19,35
replica_03,3462,6.924,24,38
replica_03,3463,6.926,20,36
replica_03,3464,6.928,18,40
replica_03,3465,6.93,15,36
replica_03,3466,6.932,15,40
replica_03,3467,6.934,20,37
replica_03,3468,6.936,20,40
replica_03,3469,6.938,20,38
replica_03,3470,6.94,20,34
replica_03,3471,6.942,19,35
replica_03,3472,6.944,17,36
replica_03,3473,6.946,18,38
replica_03,3474,6.948,12,39
replica_03,3475,6.95,17,39
replica_03,3476,6.952,11,37
replica_03,3477,6.954,20,32
replica_03,3478,6.956,12,38
replica_03,3479,6.958,11,42
replica_03,3480,6.96,14,39
replica_03,3481,6.962,17,37
replica_03,3482,6.964,11,41
replica_03,3483,6.966,12,39
replica_03,3484,6.968,12,39
replica_03,3485,6.97,14,36
replica_03,3486,6.972,17,38
replica_03,3487,6.974,11,39
replica_03,3488,6.976,19,34
replica_03,3489,6.978,13,43
replica_03,3490,6.98,21,36
replica_03,3491,6.982,18,33
replica_03,3492,6.984,23,37
replica_03,3493,6.986,14,35
replica_03,3494,6.988,14,35
replica_03,3495,6.99,17,32
replica_03,3496,6.992,18,34
replica_03,3497,6.994,14,33
replica_03,3498,6.996,15,38
replica_03,3499,6.998,14,33
replica_03,3500,7.0,24,36
replica_03,3501,7.002,19,38
replica_03,3502,7.004,9,33
replica_03,3503,7.006,15,37
replica_03,3504,7.008,14,28
replica_03,3505,7.01,17,29
replica_03,3506,7.012,15,33
replica_03,3507,7.014,14,33
replica_03,3508,7.016,12,31
replica_03,3509,7.018,16,34
replica_03,3510,7.02,11,36
replica_03,3511,7.022,14,36
replica_03,3512,7.024,12,32
replica_03,3513,7.026,16,28
replica_03,3514,7.028,15,31
replica_03,3515,7.03,14,31
replica_03,3516,7.032,19,34
replica_03,3517,7.034,15,35
replica_03,3518,7.036,16,36
replica_03,3519,7.038,18,37
replica_03,3520,7.04,17,35
replica_03,3521,7.042,15,33
replica_03,3522,7.044,16,35
replica_03,3523,7.046,18,35
replica_03,3524,7.048,15,35
replica_03,3525,7.05,17,34
replica_03,3526,7.052,20,30
replica_03,3527,7.054,15,40
replica_03,3528,7.056,14,40
replica_03,3529,7.058,15,38
replica_03,3530,7.06,19,36
replica_03,3531,7.062,18,38
replica_03,3532,7.064,18,38
replica_03,3533,7.066,21,33
replica_03,3534,7.068,19,36
replica_03,3535,7.07,19,38
replica_03,3536,7.072,22,28
replica_03,3537,7.074,17,34
replica_03,3538,7.076,16,36
replica_03,3539,7.078,15,31
replica_03,3540,7.08,16,33
replica_03,3541,7.082,18,32
replica_03,3542,7.084,17,35
replica_03,3543,7.086,20,32
replica_03,3544,7.088,20,34
replica_03,3545,7.09,21,29
replica_03,3546,7.092,20,35
replica_03,3547,7.094,20,30
replica_03,3548,7.096,20,38
replica_03,3549,7.098,18,31
replica_03,3550,7.1,18,35
replica_03,3551,7.102,13,35
replica_03,3552,7.104,21,29
replica_03,3553,7.106,18,36
replica_03,3554,7.108,18,30
replica_03,3555,7.11,20,28
replica_03,3556,7.112,20,30
replica_03,3557,7.114,18,29
replica_03,3558,7.116,22,34
replica_03,3559,7.118,17,29
replica_03,3560,7.12,16,30
replica_03,3561,7.122,21,35
replica_03,3562,7.124,20,33
replica_03,3563,7.126,20,39
replica_03,3564,7.128,22,32
replica_03,3565,7.13,24,33
replica_03,3566,7.132,21,31
replica_03,3567,7.134,20,33
replica_03,3568,7.136,19,31
replica_03,3569,7.138,21,26
replica_03,3570,7.14,19,29
replica_03,3571,7.142,20,34
replica_03,3572,7.144,18,30
replica_03,3573,7.146,14,36
replica_03,3574,7.148,20,29
replica_03,3575,7.15,16,34
replica_03,3576,7.152,21,34
replica_03,3577,7.154,18,31
replica_03,3578,7.156,18,31
replica_03,3579,7.158,19,29
replica_03,3580,7.16,21,27
replica_03,3581,7.162,23,36
replica_03,3582,7.164,22,32
replica_03,3583,7.166,20,33
replica_03,3584,7.168,19,32
replica_03,3585,7.17,23,29
replica_03,3586,7.172,20,34
replica_03,3587,7.174,22,35
replica_03,3588,7.176,22,30
replica_03,3589,7.178,22,33
replica_03,3590,7.18,21,29
replica_03,3591,7.182,17,33
replica_03,3592,7.184,23,35
replica_03,3593,7.186,20,32
replica_03,3594,7.188,24,33
replica_03,3595,7.19,17,39
replica_03,3596,7.192,20,30
replica_03,3597,7.194,21,31
replica_03,3598,7.196,17,34
replica_03,3599,7.198,21,33
replica_03,3600,7.2,16,35
replica_03,3601,7.202,20,36
replica_03,3602,7.204,18,34
replica_03,3603,7.206,17,31
replica_03,3604,7.208,17,30
replica_03,3605,7.21,19,32
replica_03,3606,7.212,22,35
replica_03,3607,7.214,25,35
replica_03,3608,7.216,22,34
replica_03,3609,7.218,22,35
replica_03,3610,7.22,19,35
replica_03,3611,7.222,21,33
replica_03,3612,7.224,20,33
replica_03,3613,7.226,19,31
replica_03,3614,7.228,17,32
replica_03,3615,7.23,19,35
replica_03,3616,7.232,21,33
replica_03,3617,7.234,20,33
replica_03,3618,7.236,18,36
replica_03,3619,7.238,18,31
replica_03,3620,7.24,15,34
replica_03,3621,7.242,14,35
replica_03,3622,7.244,19,33
replica_03,3623,7.246,15,33
replica_03,3624,7.248,20,29
replica_03,3625,7.25,21,30
replica_03,3626,7.252,19,28
replica_03,3627,7.254,18,29
replica_03,3628,7.256,15,38
replica_03,3629,7.258,19,31
replica_03,3630,7.26,19,39
replica_03,3631,7.262,19,33
replica_03,3632,7.264,20,37
replica_03,3633,7.266,19,32
replica_03,3634,7.268,19,39
replica_03,3635,7.27,18,36
replica_03,3636,7.272,15,35
replica_03,3637,7.274,14,34
replica_03,3638,7.276,21,35
replica_03,3639,7.278,20,33
replica_03,3640,7.28,22,33
replica_03,3641,7.282,18,39
replica_03,3642,7.284,18,29
replica_03,3643,7.286,14,35
replica_03,3644,7.288,15,28
replica_03,3645,7.29,14,34
replica_03,3646,7.292,13,35
replica_03,3647,7.294,16,30
replica_03,3648,7.296,17,38
replica_03,3649,7.298,14,32
replica_03,3650,7.3,18,33
replica_03,3651,7.302,19,37
replica_03,3652,7.304,19,37
replica_03,3653,7.306,19,30
replica_03,3654,7.308,19,31
replica_03,3655,7.31,22,28
replica_03,3656,7.312,21,32
replica_03,3657,7.314,21,34
replica_03,3658,7.316,17,32
replica_03,3659,7.318,20,30
replica_03,3660,7.32,21,32
replica_03,3661,7.322,20,33
replica_03,3662,7.324,22,29
replica_03,3663,7.326,16,32
replica_03,3664,7.328,26,32
replica_03,3665,7.33,27,31
replica_03,3666,7.332,25,32
replica_03,3667,7.334,19,35
replica_03,3668,7.336,17,32
replica_03,3669,7.338,24,37
replica_03,3670,7.34,18,33
replica_03,3671,7.342,13,33
replica_03,3672,7.344,26,33
replica_03,3673,7.346,12,32
replica_03,3674,7.348,18,31
replica_03,3675,7.35,20,34
replica_03,3676,7.352,17,33
replica_03,3677,7.354,14,34
replica_03,3678,7.356,18,33
replica_03,3679,7.358,17,34
replica_03,3680,7.36,15,39
replica_03,3681,7.362,14,36
replica_03,3682,7.364,16,39
replica_03,3683,7.366,17,32
replica_03,3684,7.368,13,34
replica_03,3685,7.37,20,35
replica_03,3686,7.372,17,38
replica_03,3687,7.374,16,37
replica_03,3688,7.376,17,33
replica_03,3689,7.378,19,32
replica_03,3690,7.38,18,38
replica_03,3691,7.382,21,32
replica_03,3692,7.384,22,33
replica_03,3693,7.386,19,40
replica_03,3694,7.388,17,43
replica_03,3695,7.39,21,32
replica_03,3696,7.392,20,37
replica_03,3697,7.394,18,31
replica_03,3698,7.396,21,28
replica_03,3699,7.398,14,34
replica_03,3700,7.4,20,31
replica_03,3701,7.402,15,36
replica_03,3702,7.404,19,33
replica_03,3703,7.406,17,33
replica_03,3704,7.408,18,34
replica_03,3705,7.41,15,34
replica_03,3706,7.412,22,34
replica_03,3707,7.414,21,30
replica_03,3708,7.416,20,32
replica_03,3709,7.418,17,32
replica_03,3710,7.42,20,32
replica_03,3711,7.422,20,31
replica_03,3712,7.424,22,34
replica_03,3713,7.426,16,32
replica_03,3714,7.428,18,34
replica_03,3715,7.43,18,32
replica_03,3716,7.432,19,30
replica_03,3717,7.434,17,30
replica_03,3718,7.436,20,32
replica_03,3719,7.438,16,33
replica_03,3720,7.44,18,34
replica_03,3721,7.442,18,32
replica_03,3722,7.444,16,34
replica_03,3723,7.446,19,35
replica_03,3724,7.448,19,33
replica_03,3725,7.45,16,34
replica_03,3726,7.452,17,34
replica_03,3727,7.454,14,37
replica_03,3728,7.456,22,34
replica_03,3729,7.458,15,37
replica_03,3730,7.46,21,37
replica_03,3731,7.462,15,37
replica_03,3732,7.464,18,38
replica_03,3733,7.466,20,32
replica_03,3734,7.468,19,30
replica_03,3735,7.47,13,36
replica_03,3736,7.472,17,31
replica_03,3737,7.474,21,29
replica_03,3738,7.476,22,36
replica_03,3739,7.478,17,31
replica_03,3740,7.48,21,33
replica_03,3741,7.482,18,34
replica_03,3742,7.484,21,30
replica_03,3743,7.486,18,34
replica_03,3744,7.488,19,35
replica_03,3745,7.49,21,32
replica_03,3746,7.492,19,34
replica_03,3747,7.494,19,34
replica_03,3748,7.496,18,33
replica_03,3749,7.498,17,34
replica_03,3750,7.5,22,36
replica_03,3751,7.502,18,30
replica_03,3752,7.504,14,39
replica_03,3753,7.506,14,41
replica_03,3754,7.508,9,43
replica_03,3755,7.51,16,44
replica_03,3756,7.512,15,40
replica_03,3757,7.514,15,41
replica_03,3758,7.516,18,33
replica_03,3759,7.518,18,34
replica_03,3760,7.52,20,32
replica_03,3761,7.522,18,33
replica_03,3762,7.524,19,36
replica_03,3763,7.526,18,34
replica_03,3764,7.528,22,34
replica_03,3765,7.53,20,35
replica_03,3766,7.532,20,35
replica_03,3767,7.534,21,29
replica_03,3768,7.536,22,31
replica_03,3769,7.538,19,32
replica_03,3770,7.54,21,35
replica_03,3771,7.542,18,34
replica_03,3772,7.544,16,37
replica_03,3773,7.546,18,31
replica_03,3774,7.548,16,33
replica_03,3775,7.55,17,29
replica_03,3776,7.552,16,36
replica_03,3777,7.554,18,31
replica_03,3778,7.556,19,35
replica_03,3779,7.558,16,37
replica_03,3780,7.56,17,36
replica_03,3781,7.562,21,32
replica_03,3782,7.564,19,32
replica_03,3783,7.566,19,36
replica_03,3784,7.568,15,36
replica_03,3785,7.57,17,40
replica_03,3786,7.572,18,33
replica_03,3787,7.574,13,37
replica_03,3788,7.576,19,35
replica_03,3789,7.578,19,33
replica_03,3790,7.58,15,33
replica_03,3791,7.582,20,31
replica_03,3792,7.584,19,31
replica_03,3793,7.586,23,33
replica_03,3794,7.588,22,33
replica_03,3795,7.59,16,29
replica_03,3796,7.592,18,34
replica_03,3797,7.594,15,35
replica_03,3798,7.596,21,33
replica_03,3799,7.598,18,35
replica_03,3800,7.6,21,35
replica_03,3801,7.602,15,35
replica_03,3802,7.604,19,36
replica_03,3803,7.606,19,37
replica_03,3804,7.608,22,34
replica_03,3805,7.61,14,36
replica_03,3806,7.612,15,34
replica_03,3807,7.614,19,34
replica_03,3808,7.616,16,34
replica_03,3809,7.618,21,32
replica_03,3810,7.62,15,36
replica_03,3811,7.622,19,36
replica_03,3812,7.624,16,32
replica_03,3813,7.626,21,29
replica_03,3814,7.628,24,34
replica_03,3815,7.63,20,32
replica_03,3816,7.632,21,32
replica_03,3817,7.634,21,34
replica_03,3818,7.636,21,32
replica_03,3819,7.638,18,27
replica_03,3820,7.64,19,28
replica_03,3821,7.642,16,28
replica_03,3822,7.644,18,35
replica_03,3823,7.646,21,34
replica_03,3824,7.648,21,34
replica_03,3825,7.65,21,31
replica_03,3826,7.652,20,34
replica_03,3827,7.654,20,30
replica_03,3828,7.656,19,30
replica_03,3829,7.658,22,36
replica_03,3830,7.66,17,36
replica_03,3831,7.662,15,36
replica_03,3832,7.664,19,36
replica_03,3833,7.666,18,33
replica_03,3834,7.668,17,33
replica_03,3835,7.67,20,37
replica_03,3836,7.672,19,32
replica_03,3837,7.674,18,36
replica_03,3838,7.676,15,32
replica_03,3839,7.678,21,33
replica_03,3840,7.68,16,37
replica_03,3841,7.682,19,31
replica_03,3842,7.684,19,32
replica_03,3843,7.686,16,40
replica_03,3844,7.688,20,34
replica_03,3845,7.69,18,37
replica_03,3846,7.692,15,33
replica_03,3847,7.694,20,28
replica_03,3848,7.696,17,35
replica_03,3849,7.698,19,36
replica_03,3850,7.7,20,40
replica_03,3851,7.702,19,30
replica_03,3852,7.704,23,33
replica_03,3853,7.706,22,36
replica_03,3854,7.708,21,34
replica_03,3855,7.71,19,32
replica_03,3856,7.712,21,34
replica_03,3857,7.714,22,32
replica_03,3858,7.716,19,31
replica_03,3859,7.718,18,28
replica_03,3860,7.72,19,31
replica_03,3861,7.722,19,36
replica_03,3862,7.724,20,38
replica_03,3863,7.726,16,34
replica_03,3864,7.728,16,33
replica_03,3865,7.73,17,37
replica_03,3866,7.732,15,37
replica_03,3867,7.734,18,35
replica_03,3868,7.736,19,34
replica_03,3869,7.738,18,32
replica_03,3870,7.74,14,33
replica_03,3871,7.742,14,30
replica_03,3872,7.744,10,38
replica_03,3873,7.746,18,41
replica_03,3874,7.748,18,33
replica_03,3875,7.75,20,36
replica_03,3876,7.752,18,40
replica_03,3877,7.754,16,33
replica_03,3878,7.756,21,33
replica_03,3879,7.758,16,34
replica_03,3880,7.76,20,33
replica_03,3881,7.762,19,31
replica_03,3882,7.764,15,35
replica_03,3883,7.766,18,32
replica_03,3884,7.768,20,33
replica_03,3885,7.77,13,35
replica_03,3886,7.772,16,31
replica_03,3887,7.774,14,35
replica_03,3888,7.776,17,35
replica_03,3889,7.778,20,34
replica_03,3890,7.78,18,34
replica_03,3891,7.782,20,33
replica_03,3892,7.784,20,30
replica_03,3893,7.786,22,32
replica_03,3894,7.788,20,30
replica_03,3895,7.79,20,32
replica_03,3896,7.792,21,32
replica_03,3897,7.794,17,35
replica_03,3898,7.796,13,38
replica_03,3899,7.798,21,36
replica_03,3900,7.8,15,35
replica_03,3901,7.802,20,31
replica_03,3902,7.804,18,36
replica_03,3903,7.806,18,33
replica_03,3904,7.808,16,37
replica_03,3905,7.81,19,35
replica_03,3906,7.812,21,35
replica_03,3907,7.814,17,33
replica_03,3908,7.816,15,31
replica_03,3909,7.818,16,33
replica_03,3910,7.82,15,32
replica_03,3911,7.822,17,37
replica_03,3912,7.824,11,35
replica_03,3913,7.826,16,35
replica_03,3914,7.828,13,34
replica_03,3915,7.83,21,37
replica_03,3916,7.832,17,32
replica_03,3917,7.834,17,34
replica_03,3918,7.836,18,29
replica_03,3919,7.838,18,30
replica_03,3920,7.84,19,33
replica_03,3921,7.842,12,32
replica_03,3922,7.844,17,31
replica_03,3923,7.846,13,35
replica_03,3924,7.848,15,32
replica_03,3925,7.85,16,36
replica_03,3926,7.852,18,33
replica_03,3927,7.854,19,35
replica_03,3928,7.856,19,31
replica_03,3929,7.858,15,28
replica_03,3930,7.86,19,33
replica_03,3931,7.862,19,38
replica_03,3932,7.864,22,36
replica_03,3933,7.866,17,33
replica_03,3934,7.868,19,34
replica_03,3935,7.87,16,36
replica_03,3936,7.872,10,36
replica_03,3937,7.874,21,34
replica_03,3938,7.876,20,35
replica_03,3939,7.878,14,33
replica_03,3940,7.88,18,34
replica_03,3941,7.882,22,32
replica_03,3942,7.884,21,32
replica_03,3943,7.886,16,31
replica_03,3944,7.888,26,29
replica_03,3945,7.89,17,31
replica_03,3946,7.892,13,34
replica_03,3947,7.894,19,32
replica_03,3948,7.896,19,31
replica_03,3949,7.898,21,28
replica_03,3950,7.9,18,35
replica_03,3951,7.902,20,34
replica_03,3952,7.904,21,31
replica_03,3953,7.906,19,32
replica_03,3954,7.908,20,30
replica_03,3955,7.91,20,31
replica_03,3956,7.912,19,32
replica_03,3957,7.914,18,31
replica_03,3958,7.916,19,36
replica_03,3959,7.918,17,33
replica_03,3960,7.92,20,28
replica_03,3961,7.922,20,31
replica_03,3962,7.924,19,29
replica_03,3963,7.926,20,34
replica_03,3964,7.928,17,33
replica_03,3965,7.93,21,33
replica_03,3966,7.932,19,33
replica_03,3967,7.934,19,31
replica_03,3968,7.936,19,33
replica_03,3969,7.938,18,38
replica_03,3970,7.94,20,34
replica_03,3971,7.942,21,36
replica_03,3972,7.944,19,28
replica_03,3973,7.946,21,30
replica_03,3974,7.948,23,32
replica_03,3975,7.95,19,35
replica_03,3976,7.952,22,29
replica_03,3977,7.954,18,32
replica_03,3978,7.956,21,33
replica_03,3979,7.958,20,32
replica_03,3980,7.96,19,30
replica_03,3981,7.962,9,34
replica_03,3982,7.964,12,32
replica_03,3983,7.966,17,34
replica_03,3984,7.968,13,35
replica_03,3985,7.97,6,35
replica_03,3986,7.972,11,35
replica_03,3987,7.974,12,35
replica_03,3988,7.976,10,35
replica_03,3989,7.978,15,38
replica_03,3990,7.98,15,36
replica_03,3991,7.982,16,37
replica_03,3992,7.984,20,37
replica_03,3993,7.986,17,28
replica_03,3994,7.988,20,35
replica_03,3995,7.99,15,34
replica_03,3996,7.992,17,33
replica_03,3997,7.994,14,32
replica_03,3998,7.996,19,29
replica_03,3999,7.998,18,34
replica_03,4000,8.0,14,35
replica_03,4001,8.002,14,32
replica_03,4002,8.004,18,32
replica_03,4003,8.006,18,31
replica_03,4004,8.008,17,33
replica_03,4005,8.01,19,35
replica_03,4006,8.012,16,34
replica_03,4007,8.014,19,27
replica_03,4008,8.016,18,31
replica_03,4009,8.018,19,32
replica_03,4010,8.02,19,31
replica_03,4011,8.022,15,32
replica_03,4012,8.024,13,33
replica_03,4013,8.026,21,32
replica_03,4014,8.028,18,35
replica_03,4015,8.03,21,34
replica_03,4016,8.032,16,37
replica_03,4017,8.034,15,33
replica_03,4018,8.036,16,38
replica_03,4019,8.038,19,34
replica_03,4020,8.04,16,36
replica_03,4021,8.042,13,35
replica_03,4022,8.044,19,35
replica_03,4023,8.046,22,34
replica_03,4024,8.048,15,34
replica_03,4025,8.05,17,41
replica_03,4026,8.052,14,42
replica_03,4027,8.054,20,33
replica_03,4028,8.056,17,39
replica_03,4029,8.058,19,36
replica_03,4030,8.06,19,35
replica_03,4031,8.062,18,38
replica_03,4032,8.064,19,36
replica_03,4033,8.066,16,37
replica_03,4034,8.068,20,37
replica_03,4035,8.07,19,43
replica_03,4036,8.072,21,40
replica_03,4037,8.074,21,39
replica_03,4038,8.076,20,38
replica_03,4039,8.078,19,35
replica_03,4040,8.08,17,38
replica_03,4041,8.082,14,37
replica_03,4042,8.084,17,33
replica_03,4043,8.086,14,41
replica_03,4044,8.088,15,39
replica_03,4045,8.09,16,40
replica_03,4046,8.092,16,41
replica_03,4047,8.094,16,38
replica_03,4048,8.096,12,39
replica_03,4049,8.098,16,41
replica_03,4050,8.1,19,43
replica_03,4051,8.102,20,38
replica_03,4052,8.104,18,41
replica_03,4053,8.106,19,44
replica_03,4054,8.108,17,34
replica_03,4055,8.11,17,45
replica_03,4056,8.112,9,44
replica_03,4057,8.114,18,39
replica_03,4058,8.116,15,36
replica_03,4059,8.118,17,40
replica_03,4060,8.12,17,42
replica_03,4061,8.122,19,40
replica_03,4062,8.124,13,37
replica_03,4063,8.126,17,45
replica_03,4064,8.128,16,42
replica_03,4065,8.13,19,40
replica_03,4066,8.132,19,44
replica_03,4067,8.134,17,42
replica_03,4068,8.136,13,42
replica_03,4069,8.138,15,40
replica_03,4070,8.14,11,40
replica_03,4071,8.142,16,40
replica_03,4072,8.144,14,45
replica_03,4073,8.146,16,44
replica_03,4074,8.148,20,39
replica_03,4075,8.15,20,41
replica_03,4076,8.152,16,39
replica_03,4077,8.154,18,42
replica_03,4078,8.156,20,42
replica_03,4079,8.158,12,45
replica_03,4080,8.16,19,43
replica_03,4081,8.162,17,44
replica_03,4082,8.164,22,38
replica_03,4083,8.166,19,42
replica_03,4084,8.168,18,39
replica_03,4085,8.17,17,41
replica_03,4086,8.172,15,47
replica_03,4087,8.174,20,44
replica_03,4088,8.176,15,39
replica_03,4089,8.178,18,41
replica_03,4090,8.18,15,40
replica_03,4091,8.182,14,44
replica_03,4092,8.184,15,43
replica_03,4093,8.186,17,43
replica_03,4094,8.188,17,35
replica_03,4095,8.19,16,39
replica_03,4096,8.192,13,38
replica_03,4097,8.194,15,42
replica_03,4098,8.196,18,42
replica_03,4099,8.198,18,39
replica_03,4100,8.2,18,36
replica_03,4101,8.202,12,45
replica_03,4102,8.204,18,37
replica_03,4103,8.206,16,36
replica_03,4104,8.208,15,42
replica_03,4105,8.21,20,40
replica_03,4106,8.212,14,41
replica_03,4107,8.214,21,41
replica_03,4108,8.216,15,39
replica_03,4109,8.218,15,41
replica_03,4110,8.22,21,37
replica_03,4111,8.222,18,38
replica_03,4112,8.224,21,37
replica_03,4113,8.226,21,39
replica_03,4114,8.228,20,35
replica_03,4115,8.23,17,44
replica_03,4116,8.232,17,41
replica_03,4117,8.234,18,41
replica_03,4118,8.236,19,38
replica_03,4119,8.238,20,39
replica_03,4120,8.24,15,41
replica_03,4121,8.242,12,40
replica_03,4122,8.244,16,42
replica_03,4123,8.246,12,41
replica_03,4124,8.248,12,42
replica_03,4125,8.25,16,44
replica_03,4126,8.252,19,38
replica_03,4127,8.254,16,42
replica_03,4128,8.256,16,44
replica_03,4129,8.258,13,43
replica_03,4130,8.26,18,45
replica_03,4131,8.262,18,44
replica_03,4132,8.264,19,42
replica_03,4133,8.266,18,43
replica_03,4134,8.268,19,39
replica_03,4135,8.27,21,45
replica_03,4136,8.272,18,45
replica_03,4137,8.274,17,42
replica_03,4138,8.276,13,43
replica_03,4139,8.278,19,41
replica_03,4140,8.28,17,41
replica_03,4141,8.282,15,42
replica_03,4142,8.284,17,44
replica_03,4143,8.286,16,42
replica_03,4144,8.288,16,44
replica_03,4145,8.29,20,43
replica_03,4146,8.292,19,44
replica_03,4147,8.294,15,39
replica_03,4148,8.296,20,39
replica_03,4149,8.298,15,39
replica_03,4150,8.3,19,37
replica_03,4151,8.302,17,44
replica_03,4152,8.304,18,38
replica_03,4153,8.306,21,37
replica_03,4154,8.308,19,39
replica_03,4155,8.31,20,39
replica_03,4156,8.312,20,42
replica_03,4157,8.314,18,39
replica_03,4158,8.316,18,44
replica_03,4159,8.318,18,41
replica_03,4160,8.32,19,39
replica_03,4161,8.322,18,37
replica_03,4162,8.324,15,40
replica_03,4163,8.326,15,43
replica_03,4164,8.328,13,44
replica_03,4165,8.33,18,42
replica_03,4166,8.332,18,40
replica_03,4167,8.334,17,39
replica_03,4168,8.336,16,42
replica_03,4169,8.338,14,41
replica_03,4170,8.34,19,43
replica_03,4171,8.342,16,43
replica_03,4172,8.344,16,41
replica_03,4173,8.346,16,49
replica_03,4174,8.348,19,38
replica_03,4175,8.35,16,44
replica_03,4176,8.352,15,43
replica_03,4177,8.354,17,39
replica_03,4178,8.356,16,39
replica_03,4179,8.358,17,41
replica_03,4180,8.36,15,42
replica_03,4181,8.362,9,43
replica_03,4182,8.364,14,44
replica_03,4183,8.366,16,41
replica_03,4184,8.368,15,47
replica_03,4185,8.37,15,41
replica_03,4186,8.372,10,44
replica_03,4187,8.374,15,37
replica_03,4188,8.376,12,40
replica_03,4189,8.378,16,46
replica_03,4190,8.38,19,43
replica_03,4191,8.382,14,40
replica_03,4192,8.384,18,43
replica_03,4193,8.386,16,43
replica_03,4194,8.388,19,41
replica_03,4195,8.39,15,41
replica_03,4196,8.392,18,34
replica_03,4197,8.394,15,40
replica_03,4198,8.396,15,41
replica_03,4199,8.398,15,40
replica_03,4200,8.4,18,43
replica_03,4201,8.402,20,37
replica_03,4202,8.404,15,37
replica_03,4203,8.406,14,40
replica_03,4204,8.408,16,42
replica_03,4205,8.41,15,44
replica_03,4206,8.412,15,41
replica_03,4207,8.414,13,43
replica_03,4208,8.416,12,40
replica_03,4209,8.418,15,42
replica_03,4210,8.42,12,39
replica_03,4211,8.422,14,39
replica_03,4212,8.424,20,41
replica_03,4213,8.426,18,41
replica_03,4214,8.428,15,42
replica_03,4215,8.43,16,43
replica_03,4216,8.432,14,39
replica_03,4217,8.434,15,44
replica_03,4218,8.436,15,44
replica_03,4219,8.438,12,44
replica_03,4220,8.44,16,42
replica_03,4221,8.442,21,42
replica_03,4222,8.444,20,37
replica_03,4223,8.446,18,42
replica_03,4224,8.448,9,42
replica_03,4225,8.45,17,40
replica_03,4226,8.452,14,38
replica_03,4227,8.454,19,44
replica_03,4228,8.456,18,43
replica_03,4229,8.458,15,44
replica_03,4230,8.46,15,41
replica_03,4231,8.462,19,40
replica_03,4232,8.464,14,47
replica_03,4233,8.466,17,42
replica_03,4234,8.468,16,40
replica_03,4235,8.47,16,39
replica_03,4236,8.472,16,39
replica_03,4237,8.474,19,42
replica_03,4238,8.476,19,40
replica_03,4239,8.478,20,43
replica_03,4240,8.48,14,39
replica_03,4241,8.482,19,41
replica_03,4242,8.484,19,41
replica_03,4243,8.486,16,41
replica_03,4244,8.488,13,40
replica_03,4245,8.49,15,41
replica_03,4246,8.492,19,36
replica_03,4247,8.494,18,38
replica_03,4248,8.496,18,32
replica_03,4249,8.498,14,41
replica_03,4250,8.5,16,42
replica_03,4251,8.502,24,40
replica_03,4252,8.504,17,39
replica_03,4253,8.506,17,45
replica_03,4254,8.508,9,41
replica_03,4255,8.51,14,40
replica_03,4256,8.512,17,37
replica_03,4257,8.514,17,40
replica_03,4258,8.516,17,40
replica_03,4259,8.518,8,40
replica_03,4260,8.52,9,44
replica_03,4261,8.522,16,42
replica_03,4262,8.524,17,34
replica_03,4263,8.526,15,34
replica_03,4264,8.528,18,37
replica_03,4265,8.53,17,32
replica_03,4266,8.532,18,36
replica_03,4267,8.534,21,37
replica_03,4268,8.536,22,32
replica_03,4269,8.538,18,33
replica_03,4270,8.54,11,37
replica_03,4271,8.542,20,30
replica_03,4272,8.544,16,32
replica_03,4273,8.546,19,31
replica_03,4274,8.548,20,31
replica_03,4275,8.55,17,33
replica_03,4276,8.552,17,35
replica_03,4277,8.554,21,33
replica_03,4278,8.556,16,29
replica_03,4279,8.558,15,34
replica_03,4280,8.56,22,27
replica_03,4281,8.562,18,32
replica_03,4282,8.564,15,29
replica_03,4283,8.566,18,33
replica_03,4284,8.568,16,32
replica_03,4285,8.57,16,32
replica_03,4286,8.572,20,39
replica_03,4287,8.574,18,38
replica_03,4288,8.576,19,31
replica_03,4289,8.578,15,35
replica_03,4290,8.58,20,36
replica_03,4291,8.582,14,36
replica_03,4292,8.584,18,34
replica_03,4293,8.586,20,33
replica_03,4294,8.588,20,36
replica_03,4295,8.59,19,33
replica_03,4296,8.592,22,33
replica_03,4297,8.594,22,34
replica_03,4298,8.596,22,30
replica_03,4299,8.598,16,33
replica_03,4300,8.6,18,30
replica_03,4301,8.602,21,30
replica_03,4302,8.604,20,35
replica_03,4303,8.606,21,34
replica_03,4304,8.608,19,32
replica_03,4305,8.61,21,31
replica_03,4306,8.612,20,30
replica_03,4307,8.614,20,31
replica_03,4308,8.616,18,34
replica_03,4309,8.618,19,41
replica_03,4310,8.62,16,35
replica_03,4311,8.622,15,37
replica_03,4312,8.624,15,38
replica_03,4313,8.626,14,36
replica_03,4314,8.628,16,35
replica_03,4315,8.63,17,28
replica_03,4316,8.632,20,27
replica_03,4317,8.634,17,32
replica_03,4318,8.636,20,30
replica_03,4319,8.638,19,33
replica_03,4320,8.64,18,34
replica_03,4321,8.642,19,24
replica_03,4322,8.644,16,30
replica_03,4323,8.646,20,31
replica_03,4324,8.648,22,34
replica_03,4325,8.65,18,36
replica_03,4326,8.652,18,34
replica_03,4327,8.654,22,35
replica_03,4328,8.656,20,33
replica_03,4329,8.658,19,36
replica_03,4330,8.66,22,39
replica_03,4331,8.662,20,34
replica_03,4332,8.664,18,34
replica_03,4333,8.666,18,32
replica_03,4334,8.668,17,30
replica_03,4335,8.67,21,33
replica_03,4336,8.672,20,31
replica_03,4337,8.674,22,36
replica_03,4338,8.676,16,37
replica_03,4339,8.678,14,39
replica_03,4340,8.68,18,38
replica_03,4341,8.682,16,31
replica_03,4342,8.684,22,30
replica_03,4343,8.686,20,35
replica_03,4344,8.688,20,36
replica_03,4345,8.69,18,37
replica_03,4346,8.692,19,35
replica_03,4347,8.694,21,30
replica_03,4348,8.696,10,39
replica_03,4349,8.698,17,38
replica_03,4350,8.7,19,30
replica_03,4351,8.702,18,36
replica_03,4352,8.704,20,35
replica_03,4353,8.706,19,33
replica_03,4354,8.708,17,36
replica_03,4355,8.71,20,34
replica_03,4356,8.712,17,37
replica_03,4357,8.714,15,33
replica_03,4358,8.716,21,35
replica_03,4359,8.718,22,34
replica_03,4360,8.72,18,30
replica_03,4361,8.722,12,30
replica_03,4362,8.724,13,34
replica_03,4363,8.726,8,39
replica_03,4364,8.728,17,34
replica_03,4365,8.73,16,32
replica_03,4366,8.732,17,35
replica_03,4367,8.734,19,33
replica_03,4368,8.736,22,31
replica_03,4369,8.738,19,33
replica_03,4370,8.74,19,32
replica_03,4371,8.742,19,35
replica_03,4372,8.744,21,30
replica_03,4373,8.746,17,31
replica_03,4374,8.748,18,31
replica_03,4375,8.75,16,34
replica_03,4376,8.752,20,31
replica_03,4377,8.754,22,31
replica_03,4378,8.756,17,37
replica_03,4379,8.758,15,32
replica_03,4380,8.76,20,34
replica_03,4381,8.762,22,34
replica_03,4382,8.764,19,36
replica_03,4383,8.766,23,34
replica_03,4384,8.768,18,31
replica_03,4385,8.77,22,32
replica_03,4386,8.772,22,28
replica_03,4387,8.774,22,31
replica_03,4388,8.776,15,34
replica_03,4389,8.778,15,33
replica_03,4390,8.78,20,29
replica_03,4391,8.782,21,30
replica_03,4392,8.784,20,31
replica_03,4393,8.786,20,31
replica_03,4394,8.788,21,32
replica_03,4395,8.79,20,34
replica_03,4396,8.792,22,31
replica_03,4397,8.794,20,34
replica_03,4398,8.796,23,33
replica_03,4399,8.798,19,33
replica_03,4400,8.8,17,34
replica_03,4401,8.802,16,31
replica_03,4402,8.804,21,31
replica_03,4403,8.806,16,36
replica_03,4404,8.808,18,35
replica_03,4405,8.81,18,34
replica_03,4406,8.812,15,41
replica_03,4407,8.814,20,32
replica_03,4408,8.816,18,31
replica_03,4409,8.818,20,32
replica_03,4410,8.82,19,34
replica_03,4411,8.822,22,30
replica_03,4412,8.824,21,28
replica_03,4413,8.826,16,35
replica_03,4414,8.828,20,27
replica_03,4415,8.83,21,30
replica_03,4416,8.832,20,30
replica_03,4417,8.834,21,35
replica_03,4418,8.836,20,34
replica_03,4419,8.838,20,31
replica_03,4420,8.84,19,29
replica_03,4421,8.842,23,30
replica_03,4422,8.844,20,31
replica_03,4423,8.846,19,35
replica_03,4424,8.848,18,28
replica_03,4425,8.85,18,30
replica_03,4426,8.852,28,32
replica_03,4427,8.854,22,28
replica_03,4428,8.856,22,32
replica_03,4429,8.858,21,31
replica_03,4430,8.86,19,35
replica_03,4431,8.862,22,33
replica_03,4432,8.864,22,28
replica_03,4433,8.866,25,31
replica_03,4434,8.868,19,32
replica_03,4435,8.87,16,31
replica_03,4436,8.872,19,33
replica_03,4437,8.874,21,32
replica_03,4438,8.876,17,31
replica_03,4439,8.878,22,33
replica_03,4440,8.88,22,35
replica_03,4441,8.882,18,30
replica_03,4442,8.884,19,30
replica_03,4443,8.886,17,34
replica_03,4444,8.888,18,33
replica_03,4445,8.89,21,31
replica_03,4446,8.892,20,31
replica_03,4447,8.894,19,35
replica_03,4448,8.896,21,33
replica_03,4449,8.898,16,33
replica_03,4450,8.9,22,32
replica_03,4451,8.902,21,34
replica_03,4452,8.904,20,31
replica_03,4453,8.906,19,31
replica_03,4454,8.908,20,33
replica_03,4455,8.91,20,30
replica_03,4456,8.912,18,33
replica_03,4457,8.914,16,31
replica_03,4458,8.916,18,31
replica_03,4459,8.918,24,27
replica_03,4460,8.92,20,32
replica_03,4461,8.922,20,31
replica_03,4462,8.924,25,29
replica_03,4463,8.926,23,29
replica_03,4464,8.928,24,34
replica_03,4465,8.93,19,30
replica_03,4466,8.932,18,30
replica_03,4467,8.934,20,36
replica_03,4468,8.936,16,34
replica_03,4469,8.938,17,34
replica_03,4470,8.94,15,37
replica_03,4471,8.942,17,39
replica_03,4472,8.944,19,36
replica_03,4473,8.946,18,33
replica_03,4474,8.948,16,33
replica_03,4475,8.95,19,33
replica_03,4476,8.952,18,31
replica_03,4477,8.954,19,33
replica_03,4478,8.956,15,34
replica_03,4479,8.958,13,33
replica_03,4480,8.96,18,32
replica_03,4481,8.962,23,29
replica_03,4482,8.964,17,31
replica_03,4483,8.966,21,31
replica_03,4484,8.968,22,32
replica_03,4485,8.97,24,29
replica_03,4486,8.972,21,34
replica_03,4487,8.974,20,37
replica_03,4488,8.976,23,34
replica_03,4489,8.978,22,31
replica_03,4490,8.98,23,30
replica_03,4491,8.982,26,25
replica_03,4492,8.984,30,24
replica_03,4493,8.986,31,26
replica_03,4494,8.988,25,29
replica_03,4495,8.99,24,32
replica_03,4496,8.992,23,35
replica_03,4497,8.994,21,32
replica_03,4498,8.996,25,30
replica_03,4499,8.998,25,29
replica_03,4500,9.0,19,30
replica_03,4501,9.002,25,29
replica_03,4502,9.004,28,24
replica_03,4503,9.006,25,28
replica_03,4504,9.008,18,32
replica_03,4505,9.01,24,27
replica_03,4506,9.012,23,29
replica_03,4507,9.014,23,31
replica_03,4508,9.016,18,34
replica_03,4509,9.018,18,35
replica_03,4510,9.02,14,34
replica_03,4511,9.022,16,30
replica_03,4512,9.024,26,29
replica_03,4513,9.026,21,35
replica_03,4514,9.028,20,27
replica_03,4515,9.03,24,30
replica_03,4516,9.032,19,29
replica_03,4517,9.034,21,36
replica_03,4518,9.036,24,28
replica_03,4519,9.038,20,32
replica_03,4520,9.04,20,27
replica_03,4521,9.042,23,32
replica_03,4522,9.044,22,29
replica_03,4523,9.046,18,35
replica_03,4524,9.048,21,32
replica_03,4525,9.05,22,31
replica_03,4526,9.052,18,31
replica_03,4527,9.054,20,36
replica_03,4528,9.056,20,31
replica_03,4529,9.058,21,33
replica_03,4530,9.06,22,37
replica_03,4531,9.062,21,29
replica_03,4532,9.064,22,29
replica_03,4533,9.066,23,31
replica_03,4534,9.068,23,31
replica_03,4535,9.07,23,28
replica_03,4536,9.072,24,28
replica_03,4537,9.074,19,30
replica_03,4538,9.076,21,26
replica_03,4539,9.078,14,32
replica_03,4540,9.08,23,27
replica_03,4541,9.082,20,31
replica_03,4542,9.084,23,28
replica_03,4543,9.086,21,33
replica_03,4544,9.088,20,33
replica_03,4545,9.09,18,33
replica_03,4546,9.092,18,31
replica_03,4547,9.094,16,31
replica_03,4548,9.096,18,36
replica_03,4549,9.098,18,35
replica_03,4550,9.1,16,29
replica_03,4551,9.102,22,30
replica_03,4552,9.104,24,31
replica_03,4553,9.106,18,28
replica_03,4554,9.108,24,29
replica_03,4555,9.11,19,33
replica_03,4556,9.112,24,29
replica_03,4557,9.114,19,32
replica_03,4558,9.116,27,31
replica_03,4559,9.118,23,28
replica_03,4560,9.12,16,29
replica_03,4561,9.122,32,24
replica_03,4562,9.124,27,25
replica_03,4563,9.126,21,28
replica_03,4564,9.128,20,25
replica_03,4565,9.13,17,29
replica_03,4566,9.132,21,29
replica_03,4567,9.134,20,27
replica_03,4568,9.136,25,33
replica_03,4569,9.138,21,28
replica_03,4570,9.14,26,25
replica_03,4571,9.142,18,26
replica_03,4572,9.144,24,26
replica_03,4573,9.146,24,28
replica_03,4574,9.148,21,31
replica_03,4575,9.15,28,29
replica_03,4576,9.152,27,28
replica_03,4577,9.154,28,31
replica_03,4578,9.156,25,23
replica_03,4579,9.158,26,22
replica_03,4580,9.16,30,29
replica_03,4581,9.162,31,24
replica_03,4582,9.164,31,24
replica_03,4583,9.166,27,28
replica_03,4584,9.168,22,31
replica_03,4585,9.17,22,29
replica_03,4586,9.172,26,23
replica_03,4587,9.174,23,26
replica_03,4588,9.176,18,36
replica_03,4589,9.178,15,37
replica_03,4590,9.18,22,29
replica_03,4591,9.182,22,30
replica_03,4592,9.184,26,30
replica_03,4593,9.186,28,31
replica_03,4594,9.188,24,28
replica_03,4595,9.19,29,31
replica_03,4596,9.192,28,32
replica_03,4597,9.194,26,30
replica_03,4598,9.196,30,27
replica_03,4599,9.198,31,28
replica_03,4600,9.2,31,27
replica_03,4601,9.202,24,22
replica_03,4602,9.204,21,27
replica_03,4603,9.206,26,25
replica_03,4604,9.208,30,26
replica_03,4605,9.21,29,28
replica_03,4606,9.212,23,31
replica_03,4607,9.214,29,28
replica_03,4608,9.216,26,33
replica_03,4609,9.218,28,28
replica_03,4610,9.22,28,29
replica_03,4611,9.222,29,29
replica_03,4612,9.224,18,30
replica_03,4613,9.226,26,30
replica_03,4614,9.228,28,32
replica_03,4615,9.23,21,30
replica_03,4616,9.232,27,29
replica_03,4617,9.234,25,28
replica_03,4618,9.236,25,27
replica_03,4619,9.238,32,28
replica_03,4620,9.24,27,30
replica_03,4621,9.242,27,25
replica_03,4622,9.244,31,23
replica_03,4623,9.246,29,25
replica_03,4624,9.248,29,28
replica_03,4625,9.25,30,28
replica_03,4626,9.252,28,29
replica_03,4627,9.254,31,26
replica_03,4628,9.256,31,27
replica_03,4629,9.258,29,27
replica_03,4630,9.26,25,26
replica_03,4631,9.262,32,25
replica_03,4632,9.264,28,30
replica_03,4633,9.266,25,31
replica_03,4634,9.268,31,27
replica_03,4635,9.27,29,31
replica_03,4636,9.272,32,27
replica_03,4637,9.274,31,29
replica_03,4638,9.276,31,26
replica_03,4639,9.278,31,30
replica_03,4640,9.28,26,33
replica_03,4641,9.282,28,29
replica_03,4642,9.284,28,30
replica_03,4643,9.286,32,26
replica_03,4644,9.288,28,27
replica_03,4645,9.29,27,28
replica_03,4646,9.292,28,35
replica_03,4647,9.294,22,32
replica_03,4648,9.296,23,35
replica_03,4649,9.298,27,32
replica_03,4650,9.3,27,28
replica_03,4651,9.302,25,26
replica_03,4652,9.304,25,32
replica_03,4653,9.306,23,36
replica_03,4654,9.308,25,27
replica_03,4655,9.31,23,26
replica_03,4656,9.312,30,28
replica_03,4657,9.314,33,29
replica_03,4658,9.316,27,24
replica_03,4659,9.318,25,29
replica_03,4660,9.32,27,27
replica_03,4661,9.322,25,28
replica_03,4662,9.324,22,32
replica_03,4663,9.326,20,33
replica_03,4664,9.328,27,32
replica_03,4665,9.33,23,31
replica_03,4666,9.332,25,25
replica_03,4667,9.334,28,30
replica_03,4668,9.336,24,27
replica_03,4669,9.338,23,33
replica_03,4670,9.34,24,29
replica_03,4671,9.342,28,28
replica_03,4672,9.344,24,29
replica_03,4673,9.346,29,28
replica_03,4674,9.348,31,27
replica_03,4675,9.35,31,25
replica_03,4676,9.352,33,28
replica_03,4677,9.354,30,26
replica_03,4678,9.356,30,23
replica_03,4679,9.358,30,26
replica_03,4680,9.36,28,28
replica_03,4681,9.362,27,21
replica_03,4682,9.364,27,31
replica_03,4683,9.366,34,28
replica_03,4684,9.368,25,29
replica_03,4685,9.37,32,28
replica_03,4686,9.372,29,29
replica_03,4687,9.374,33,28
replica_03,4688,9.376,28,29
replica_03,4689,9.378,24,27
replica_03,4690,9.38,28,30
replica_03,4691,9.382,26,29
replica_03,4692,9.384,23,29
replica_03,4693,9.386,29,26
replica_03,4694,9.388,29,28
replica_03,4695,9.39,32,28
replica_03,4696,9.392,28,25
replica_03,4697,9.394,31,26
replica_03,4698,9.396,30,30
replica_03,4699,9.398,31,26
replica_03,4700,9.4,31,30
replica_03,4701,9.402,26,30
replica_03,4702,9.404,27,27
replica_03,4703,9.406,30,26
replica_03,4704,9.408,27,29
replica_03,4705,9.41,28,26
replica_03,4706,9.412,28,29
replica_03,4707,9.414,24,29
replica_03,4708,9.416,25,30
replica_03,4709,9.418,26,25
replica_03,4710,9.42,23,30
replica_03,4711,9.422,29,26
replica_03,4712,9.424,31,27
replica_03,4713,9.426,27,29
replica_03,4714,9.428,27,29
replica_03,4715,9.43,30,29
replica_03,4716,9.432,33,28
replica_03,4717,9.434,32,29
replica_03,4718,9.436,26,32
replica_03,4719,9.438,27,30
replica_03,4720,9.44,30,25
replica_03,4721,9.442,30,29
replica_03,4722,9.444,26,29
replica_03,4723,9.446,32,30
replica_03,4724,9.448,17,35
replica_03,4725,9.45,26,31
replica_03,4726,9.452,28,23
replica_03,4727,9.454,30,29
replica_03,4728,9.456,32,24
replica_03,4729,9.458,24,29
replica_03,4730,9.46,27,27
replica_03,4731,9.462,28,29
replica_03,4732,9.464,27,28
replica_03,4733,9.466,26,26
replica_03,4734,9.468,25,26
replica_03,4735,9.47,26,29
replica_03,4736,9.472,30,32
replica_03,4737,9.474,19,30
replica_03,4738,9.476,22,30
replica_03,4739,9.478,16,29
replica_03,4740,9.48,26,25
replica_03,4741,9.482,25,28
replica_03,4742,9.484,23,27
replica_03,4743,9.486,28,30
replica_03,4744,9.488,26,28
replica_03,4745,9.49,27,28
replica_03,4746,9.492,28,31
replica_03,4747,9.494,29,28
replica_03,4748,9.496,23,30
replica_03,4749,9.498,26,33
replica_03,4750,9.5,29,24
replica_03,4751,9.502,25,29
replica_03,4752,9.504,27,26
replica_03,4753,9.506,27,28
replica_03,4754,9.508,24,29
replica_03,4755,9.51,31,28
replica_03,4756,9.512,24,28
replica_03,4757,9.514,23,30
replica_03,4758,9.516,23,31
replica_03,4759,9.518,24,32
replica_03,4760,9.52,27,27
replica_03,4761,9.522,27,28
replica_03,4762,9.524,28,29
replica_03,4763,9.526,22,30
replica_03,4764,9.528,24,29
replica_03,4765,9.53,26,27
replica_03,4766,9.532,24,28
replica_03,4767,9.534,24,28
replica_03,4768,9.536,25,28
replica_03,4769,9.538,28,31
replica_03,4770,9.54,27,32
replica_03,4771,9.542,28,26
replica_03,4772,9.544,23,28
replica_03,4773,9.546,23,29
replica_03,4774,9.548,25,30
replica_03,4775,9.55,27,29
replica_03,4776,9.552,18,33
replica_03,4777,9.554,22,30
replica_03,4778,9.556,25,27
replica_03,4779,9.558,28,29
replica_03,4780,9.56,29,29
replica_03,4781,9.562,29,27
replica_03,4782,9.564,30,28
replica_03,4783,9.566,27,26
replica_03,4784,9.568,29,28
replica_03,4785,9.57,27,32
replica_03,4786,9.572,24,26
replica_03,4787,9.574,29,28
replica_03,4788,9.576,20,30
replica_03,4789,9.578,23,33
replica_03,4790,9.58,20,32
replica_03,4791,9.582,20,34
replica_03,4792,9.584,16,33
replica_03,4793,9.586,26,31
replica_03,4794,9.588,21,31
replica_03,4795,9.59,26,34
replica_03,4796,9.592,24,32
replica_03,4797,9.594,23,32
replica_03,4798,9.596,25,29
replica_03,4799,9.598,31,24
replica_03,4800,9.6,27,29
replica_03,4801,9.602,26,26
replica_03,4802,9.604,28,25
replica_03,4803,9.606,30,24
replica_03,4804,9.608,26,25
replica_03,4805,9.61,27,24
replica_03,4806,9.612,26,29
replica_03,4807,9.614,24,32
replica_03,4808,9.616,15,34
replica_03,4809,9.618,15,32
replica_03,4810,9.62,18,34
replica_03,4811,9.622,30,29
replica_03,4812,9.624,26,28
replica_03,4813,9.626,27,30
replica_03,4814,9.628,26,28
replica_03,4815,9.63,28,26
replica_03,4816,9.632,24,28
replica_03,4817,9.634,23,29
replica_03,4818,9.636,25,30
replica_03,4819,9.638,35,22
replica_03,4820,9.64,30,26
replica_03,4821,9.642,27,27
replica_03,4822,9.644,24,29
replica_03,4823,9.646,29,24
replica_03,4824,9.648,29,25
replica_03,4825,9.65,26,23
replica_03,4826,9.652,29,26
replica_03,4827,9.654,27,29
replica_03,4828,9.656,32,28
replica_03,4829,9.658,28,23
replica_03,4830,9.66,29,23
replica_03,4831,9.662,28,25
replica_03,4832,9.664,24,26
replica_03,4833,9.666,28,28
replica_03,4834,9.668,29,26
replica_03,4835,9.67,29,32
replica_03,4836,9.672,30,29
replica_03,4837,9.674,28,27
replica_03,4838,9.676,29,27
replica_03,4839,9.678,28,29
replica_03,4840,9.68,32,31
replica_03,4841,9.682,29,27
replica_03,4842,9.684,29,24
replica_03,4843,9.686,25,24
replica_03,4844,9.688,31,30
replica_03,4845,9.69,32,27
replica_03,4846,9.692,32,21
replica_03,4847,9.694,29,24
replica_03,4848,9.696,29,27
replica_03,4849,9.698,32,26
replica_03,4850,9.7,31,24
replica_03,4851,9.702,31,24
replica_03,4852,9.704,29,26
replica_03,4853,9.706,29,28
replica_03,4854,9.708,24,28
replica_03,4855,9.71,29,29
replica_03,4856,9.712,29,30
replica_03,4857,9.714,28,27
replica_03,4858,9.716,25,31
replica_03,4859,9.718,28,24
replica_03,4860,9.72,25,27
replica_03,4861,9.722,27,28
replica_03,4862,9.724,28,24
replica_03,4863,9.726,26,25
replica_03,4864,9.728,24,33
replica_03,4865,9.73,26,28
replica_03,4866,9.732,24,31
replica_03,4867,9.734,25,29
replica_03,4868,9.736,24,31
replica_03,4869,9.738,22,33
replica_03,4870,9.74,27,33
replica_03,4871,9.742,20,31
replica_03,4872,9.744,19,31
replica_03,4873,9.746,22,28
replica_03,4874,9.748,26,29
replica_03,4875,9.75,19,32
replica_03,4876,9.752,19,31
replica_03,4877,9.754,22,30
replica_03,4878,9.756,21,30
replica_03,4879,9.758,23,25
replica_03,4880,9.76,22,37
replica_03,4881,9.762,20,29
replica_03,4882,9.764,20,25
replica_03,4883,9.766,27,27
replica_03,4884,9.768,19,34
replica_03,4885,9.77,20,32
replica_03,4886,9.772,21,29
replica_03,4887,9.774,18,35
replica_03,4888,9.776,25,30
replica_03,4889,9.778,22,28
replica_03,4890,9.78,22,26
replica_03,4891,9.782,20,27
replica_03,4892,9.784,25,32
replica_03,4893,9.786,17,34
replica_03,4894,9.788,19,33
replica_03,4895,9.79,18,31
replica_03,4896,9.792,23,33
replica_03,4897,9.794,17,32
replica_03,4898,9.796,16,35
replica_03,4899,9.798,15,33
replica_03,4900,9.8,20,32
replica_03,4901,9.802,19,29
replica_03,4902,9.804,21,35
replica_03,4903,9.806,22,31
replica_03,4904,9.808,17,36
replica_03,4905,9.81,20,38
replica_03,4906,9.812,18,33
replica_03,4907,9.814,18,34
replica_03,4908,9.816,16,34
replica_03,4909,9.818,20,29
replica_03,4910,9.82,18,37
replica_03,4911,9.822,18,35
replica_03,4912,9.824,18,35
replica_03,4913,9.826,10,31
replica_03,4914,9.828,18,33
replica_03,4915,9.83,23,34
replica_03,4916,9.832,18,33
replica_03,4917,9.834,21,34
replica_03,4918,9.836,19,33
replica_03,4919,9.838,16,37
replica_03,4920,9.84,18,37
replica_03,4921,9.842,19,34
replica_03,4922,9.844,20,31
replica_03,4923,9.846,18,31
replica_03,4924,9.848,15,33
replica_03,4925,9.85,18,32
replica_03,4926,9.852,22,29
replica_03,4927,9.854,21,33
replica_03,4928,9.856,17,29
replica_03,4929,9.858,22,34
replica_03,4930,9.86,17,30
replica_03,4931,9.862,27,27
replica_03,4932,9.864,30,26
replica_03,4933,9.866,23,26
replica_03,4934,9.868,20,30
replica_03,4935,9.87,21,33
replica_03,4936,9.872,22,31
replica_03,4937,9.874,19,33
replica_03,4938,9.876,21,31
replica_03,4939,9.878,23,25
replica_03,4940,9.88,21,31
replica_03,4941,9.882,19,27
replica_03,4942,9.884,19,34
replica_03,4943,9.886,21,30
replica_03,4944,9.888,21,32
replica_03,4945,9.89,24,28
replica_03,4946,9.892,24,27
replica_03,4947,9.894,25,29
replica_03,4948,9.896,26,29
replica_03,4949,9.898,23,34
replica_03,4950,9.9,26,25
replica_03,4951,9.902,25,31
replica_03,4952,9.904,27,28
replica_03,4953,9.906,26,32
replica_03,4954,9.908,24,33
replica_03,4955,9.91,29,29
replica_03,4956,9.912,25,30
replica_03,4957,9.914,26,28
replica_03,4958,9.916,19,32
replica_03,4959,9.918,26,30
replica_03,4960,9.92,27,32
replica_03,4961,9.922,23,27
replica_03,4962,9.924,18,30
replica_03,4963,9.926,21,31
replica_03,4964,9.928,24,29
replica_03,4965,9.93,23,30
replica_03,4966,9.932,20,31
replica_03,4967,9.934,26,24
replica_03,4968,9.936,31,27
replica_03,4969,9.938,21,29
replica_03,4970,9.94,31,25
replica_03,4971,9.942,28,29
replica_03,4972,9.944,24,27
replica_03,4973,9.946,21,26
replica_03,4974,9.948,21,28
replica_03,4975,9.95,16,27
replica_03,4976,9.952,23,28
replica_03,4977,9.954,20,32
replica_03,4978,9.956,21,32
replica_03,4979,9.958,19,34
replica_03,4980,9.96,17,28
replica_03,4981,9.962,20,30
replica_03,4982,9.964,20,28
replica_03,4983,9.966,18,30
replica_03,4984,9.968,13,31
replica_03,4985,9.97,20,31
replica_03,4986,9.972,23,26
replica_03,4987,9.974,22,28
replica_03,4988,9.976,20,31
replica_03,4989,9.978,26,28
replica_03,4990,9.98,27,28
replica_03,4991,9.982,20,31
replica_03,4992,9.984,24,28
replica_03,4993,9.986,24,28
replica_03,4994,9.988,23,27
replica_03,4995,9.99,20,29
replica_03,4996,9.992,19,26
replica_03,4997,9.994,22,25
replica_03,4998,9.996,23,29
replica_03,4999,9.998,16,30
replica_03,5000,10.0,21,29
