#Frame   PFOASelfImage PFOASelfImage[A1] PFOASelfImage[A2]
       1       43.9442               384               391
       2       43.4006               384               391
       3       43.0526               384               391
       4       43.7170               384               391
       5       43.7110               383               391
       6       43.4925               384               390
       7       43.0937               384               391
       8       43.4558               384               391
       9       43.6583               384               391
      10       42.8032               388               391
      11       42.2908               388               391
      12       43.3323               384               391
      13       43.3835               384               391
      14       43.1174               388               391
      15       43.0421               388               391
      16       43.2655               387               391
      17       43.4439               384               391
      18       43.1024               384               391
      19       43.5395               384               391
      20       43.1463               388               390
      21       44.2478               384               391
      22       43.3773               383               391
      23       43.8097               383               391
      24       43.4890               383               391
      25       43.3500               388               390
      26       43.1698               388               391
      27       43.4804               386               387
      28       43.7177               383               391
      29       43.9912               384               390
      30       43.4220               384               390
      31       43.2930               383               391
      32       42.9401               384               391
      33       43.1516               389               391
      34       42.6362               389               391
      35       41.7266               389               391
      36       42.8648               389               391
      37       43.2672               388               391
      38       43.7317               383               391
      39       43.3339               384               391
      40       43.3228               383               390
      41       43.2439               384               390
      42       43.6333               383               391
      43       43.0755               384               391
      44       43.6076               384               390
      45       43.0237               383               391
      46       42.8204               387               391
      47       43.4972               384               391
      48       44.0860               383               391
      49       43.4378               384               391
      50       43.1776               389               391
      51       43.8677               383               391
      52       43.8856               384               391
      53       44.5842               383               391
      54       43.2176               389               391
      55       43.7989               383               390
      56       43.6371               384               391
      57       43.0528               384               390
      58       43.4274               384               391
      59       43.1907               384               391
      60       43.2507               384               391
      61       43.0711               384               391
      62       43.3418               384               391
      63       43.0118               388               391
      64       43.3933               384               391
      65       43.6368               384               391
      66       43.6794               384               391
      67       42.2234               388               391
      68       42.4679               384               391
      69       42.1008               388               390
      70       42.4900               388               391
      71       42.5495               388               391
      72       42.6259               388               390
      73       42.6222               389               391
      74       43.4153               383               391
      75       42.3850               387               391
      76       42.5856               383               391
      77       43.1332               384               391
      78       43.3853               383               390
      79       43.1350               388               391
      80       43.4262               383               390
      81       43.8059               383               391
      82       43.2975               387               391
      83       43.6853               383               390
      84       43.2796               383               386
      85       43.0106               389               390
      86       43.5344               383               386
      87       42.2143               388               391
      88       41.8933               386               388
      89       41.6972               386               388
      90       41.5294               388               390
      91       42.8906               388               390
      92       42.7021               388               390
      93       42.7858               388               390
      94       40.8910               388               390
      95       41.6634               388               390
      96       41.8161               388               390
      97       42.4381               388               391
      98       41.5592               388               390
      99       42.2569               388               390
     100       42.3417               388               390
     101       42.2287               388               391
     102       42.4268               388               391
     103       41.7156               388               390
     104       42.7286               388               391
     105       42.2573               388               390
     106       42.8394               388               390
     107       42.0299               388               391
     108       41.9142               388               391
     109       42.2638               388               391
     110       42.6337               388               391
     111       43.0281               388               390
     112       43.7618               389               390
     113       42.1985               386               388
     114       42.5376               386               388
     115       42.4423               386               388
     116       42.4258               388               390
     117       42.8417               386               388
     118       43.1025               386               388
     119       44.4093               386               388
     120       44.5469               383               390
     121       43.1483               383               391
     122       42.8648               388               390
     123       44.2077               388               390
     124       43.4946               388               390
     125       43.3500               388               390
     126       43.6478               388               390
     127       42.5114               388               390
     128       42.8450               388               390
     129       42.8620               388               390
     130       42.8257               388               390
     131       42.1432               388               390
     132       42.2003               388               390
     133       41.7517               388               390
     134       41.7896               388               390
     135       41.9138               388               390
     136       41.9548               388               391
     137       41.2997               388               390
     138       41.7176               388               390
     139       41.3055               388               390
     140       41.5950               388               390
     141       41.8903               388               390
     142       43.0893               384               390
     143       42.6428               388               390
     144       42.3597               388               390
     145       41.5693               388               390
     146       41.9866               388               390
     147       41.8814               388               390
     148       41.6060               388               390
     149       41.9959               387               390
     150       42.4668               387               391
     151       41.9874               387               390
     152       42.0116               387               390
     153       42.6818               387               390
     154       41.6010               388               390
     155       42.2574               388               390
     156       41.8511               388               390
     157       42.3087               387               390
     158       41.6488               388               390
     159       42.0082               387               390
     160       42.3292               387               391
     161       42.5487               387               390
     162       42.5478               387               391
     163       42.5443               389               390
     164       42.3900               388               391
     165       43.0934               388               391
     166       43.1729               388               391
     167       43.6431               388               391
     168       43.4352               388               391
     169       43.1933               389               391
     170       43.3230               389               391
     171       43.7505               389               391
     172       43.6317               389               391
     173       43.9818               389               391
     174       44.0867               389               391
     175       44.1126               389               391
     176       43.6426               389               391
     177       43.7847               389               390
     178       43.8783               389               390
     179       44.5619               389               391
     180       44.0541               389               391
     181       44.7065               380               390
     182       45.0026               389               391
     183       44.1969               389               391
     184       44.1073               389               390
     185       43.3018               389               391
     186       43.8365               388               391
     187       43.3711               389               391
     188       44.1082               389               390
     189       43.4012               389               391
     190       43.5310               389               391
     191       42.9461               389               391
     192       43.5205               389               390
     193       43.2217               387               390
     194       43.7058               387               391
     195       43.3754               389               391
     196       43.9618               389               391
     197       43.8472               389               391
     198       43.7750               389               391
     199       44.2976               389               391
     200       43.8985               387               391
     201       44.5769               386               387
     202       44.3704               386               387
     203       44.8043               387               391
     204       43.9915               387               390
     205       44.5964               387               390
     206       45.0558               387               390
     207       45.7505               387               390
     208       45.3443               387               391
     209       44.7604               387               390
     210       45.2232               387               391
     211       44.1979               387               391
     212       43.7495               387               390
     213       43.7865               387               390
     214       45.3993               380               386
     215       45.2586               380               386
     216       45.5878               386               387
     217       45.6201               385               387
     218       46.3079               385               389
     219       46.0803               386               389
     220       46.0959               386               389
     221       45.9177               387               391
     222       45.5903               387               391
     223       44.3278               387               391
     224       44.7000               380               390
     225       44.4674               387               391
     226       44.6614               387               391
     227       43.5584               387               391
     228       43.5550               387               390
     229       43.2641               387               390
     230       44.0337               387               390
     231       42.1689               388               390
     232       43.1418               386               388
     233       42.3939               388               390
     234       43.0943               387               390
     235       43.4090               386               387
     236       44.3094               387               390
     237       44.1625               386               387
     238       43.5019               388               390
     239       43.9351               388               391
     240       43.8171               386               387
     241       43.4347               388               390
     242       43.8189               389               390
     243       45.3488               389               391
     244       45.0461               389               391
     245       45.3537               389               390
     246       44.6272               389               391
     247       44.1208               389               391
     248       45.4425               389               390
     249       44.0395               389               390
     250       44.1046               389               390
     251       42.9485               387               390
     252       43.1778               386               387
     253       43.8096               389               390
     254       42.1550               386               388
     255       42.2846               388               391
     256       42.4034               386               388
     257       43.0241               386               388
     258       43.3439               386               388
     259       44.3953               386               389
     260       43.9071               386               387
     261       44.0745               386               387
     262       43.7343               386               389
     263       42.6950               386               388
     264       43.1143               386               388
     265       41.8395               388               390
     266       41.6903               388               390
     267       42.4155               388               390
     268       42.4611               388               390
     269       42.1522               388               390
     270       42.5632               388               390
     271       41.8754               388               390
     272       42.1722               388               390
     273       41.2085               388               390
     274       42.1080               388               390
     275       41.3598               388               390
     276       41.2249               388               390
     277       42.6906               388               390
     278       42.7112               386               387
     279       42.9162               389               390
     280       43.0380               387               390
     281       42.8340               387               390
     282       44.3073               386               389
     283       43.5210               389               391
     284       43.8982               389               391
     285       43.2985               386               387
     286       43.6600               386               389
     287       44.3820               386               389
     288       43.1503               386               387
     289       42.7668               386               387
     290       43.5348               386               388
     291       42.7863               386               388
     292       43.4756               386               389
     293       42.6260               386               388
     294       43.2748               386               388
     295       43.6470               386               387
     296       44.0196               386               387
     297       44.8644               386               387
     298       44.9370               386               388
     299       44.4868               386               388
     300       43.0530               387               390
     301       42.6358               386               388
     302       42.9137               386               388
     303       43.7862               386               387
     304       43.2923               386               387
     305       44.2631               386               388
     306       44.5907               386               389
     307       46.6396               382               389
     308       45.8567               386               389
     309       45.3238               386               389
     310       45.0255               386               389
     311       46.1750               382               389
     312       45.6515               386               388
     313       45.5495               386               389
     314       45.0499               386               389
     315       45.7109               386               389
     316       46.1835               386               389
     317       47.2720               382               389
     318       47.6168               382               391
     319       46.8548               380               391
     320       46.6514               382               391
     321       47.0949               382               391
     322       46.9207               382               391
     323       46.7349               382               391
     324       46.8904               382               391
     325       46.9745               382               389
     326       46.8356               382               389
     327       46.0915               382               388
     328       45.7159               381               388
     329       46.2210               382               388
     330       46.6768               382               388
     331       46.1098               382               389
     332       47.3570               382               391
     333       47.2394               375               386
     334       46.3078               381               383
     335       45.4168               386               388
     336       45.6725               382               388
     337       45.3358               386               388
     338       45.2303               382               388
     339       46.0263               381               388
     340       45.2275               386               388
     341       45.2608               386               388
     342       45.4480               381               388
     343       46.9453               382               391
     344       46.5624               381               383
     345       46.0356               383               386
     346       46.2546               382               388
     347       46.7228               381               383
     348       46.0860               383               386
     349       45.2415               386               388
     350       44.8528               386               388
     351       45.2302               381               388
     352       46.3683               382               389
     353       44.9981               381               388
     354       45.4865               381               388
     355       46.5403               382               383
     356       46.5042               382               383
     357       47.3543               375               382
     358       46.8333               382               389
     359       46.9657               382               383
     360       44.9385               381               389
     361       44.3541               381               388
     362       44.6157               381               389
     363       45.1493               381               388
     364       45.0529               381               389
     365       45.8658               382               389
     366       46.2175               381               389
     367       46.4790               382               389
     368       46.1303               386               389
     369       46.8765               375               386
     370       46.6912               386               389
     371       46.8154               375               386
     372       46.5815               375               386
     373       47.4455               377               385
     374       47.4139               378               386
     375       47.2438               386               389
     376       47.2834               386               389
     377       46.5434               375               386
     378       47.5230               375               382
     379       47.3465               377               386
     380       47.0324               375               386
     381       47.0801               375               386
     382       45.3299               386               388
     383       46.2470               386               389
     384       45.0954               386               389
     385       44.5290               386               389
     386       44.5532               386               389
     387       45.6304               386               388
     388       45.0287               386               389
     389       44.4712               386               388
     390       44.9852               386               389
     391       44.1524               386               388
     392       44.3124               386               389
     393       44.6763               386               388
     394       45.3097               386               388
     395       44.4723               386               389
     396       45.4924               386               388
     397       44.0961               386               388
     398       43.7858               386               388
     399       44.4869               386               387
     400       45.6277               385               388
     401       44.9352               386               388
     402       44.4921               386               389
     403       44.1884               386               388
     404       45.1373               386               389
     405       45.6055               386               389
     406       44.6214               386               389
     407       45.4335               386               389
     408       44.1086               386               388
     409       44.5283               386               389
     410       44.7747               386               389
     411       44.2886               386               388
     412       44.9912               386               389
     413       44.3600               386               388
     414       43.7862               386               389
     415       44.6078               386               389
     416       45.4477               389               391
     417       46.7083               378               391
     418       45.8608               389               391
     419       45.1077               386               389
     420       44.7643               389               391
     421       46.8517               386               388
     422       46.2080               386               388
     423       46.2874               386               389
     424       44.5977               386               388
     425       45.3117               386               388
     426       45.1503               386               388
     427       45.0810               386               389
     428       45.4722               385               389
     429       46.7171               385               389
     430       46.9104               378               391
     431       47.2784               382               391
     432       46.5437               384               391
     433       45.3783               384               391
     434       44.6214               384               391
     435       44.9393               384               391
     436       46.9777               377               384
     437       46.7970               377               384
     438       46.8913               377               384
     439       45.4968               384               385
     440       46.2444               384               390
     441       46.5390               379               390
     442       46.6659               379               390
     443       46.0585               384               390
     444       45.9882               384               390
     445       46.3224               377               384
     446       45.0831               384               390
     447       46.3231               377               384
     448       46.4712               384               390
     449       47.2353               377               384
     450       45.9117               377               384
     451       46.8138               377               384
     452       46.9974               384               390
     453       44.8594               384               390
     454       46.1415               377               384
     455       45.3615               384               390
     456       44.7671               384               390
     457       45.0566               384               390
     458       45.6829               384               390
     459       47.5282               377               383
     460       47.1303               375               383
     461       46.5617               377               384
     462       46.7342               384               390
     463       46.7084               377               384
     464       45.3698               384               385
     465       47.5190               377               384
     466       47.3231               377               384
     467       46.5987               384               390
     468       45.9829               384               390
     469       45.8416               384               390
     470       44.2381               384               390
     471       44.1120               384               390
     472       44.4179               384               390
     473       46.7150               377               384
     474       46.9360               380               385
     475       46.9296               380               385
     476       47.1476               380               385
     477       47.3553               378               385
     478       46.9344               378               385
     479       45.3625               388               390
     480       45.7034               380               390
     481       46.6387               380               390
     482       46.6792               380               390
     483       47.1992               378               390
     484       46.9112               378               390
     485       46.7675               382               390
     486       47.1612               382               390
     487       47.0946               389               390
     488       46.5938               389               390
     489       46.9360               378               390
     490       45.8130               389               390
     491       46.8199               378               390
     492       46.3863               378               390
     493       47.0073               378               390
     494       46.6214               389               390
     495       46.5091               378               390
     496       46.7997               378               390
     497       47.0778               382               390
     498       47.2282               387               391
     499       46.5871               384               390
     500       47.4112               382               390
     501       47.3570               382               390
     502       46.8807               387               390
     503       47.2176               388               391
     504       47.2050               382               390
     505       47.0517               382               390
     506       45.1746               387               390
     507       45.8591               387               390
     508       46.3817               387               390
     509       45.7199               387               390
     510       45.6413               380               390
     511       44.6605               389               390
     512       45.9526               380               390
     513       45.5191               380               391
     514       45.8177               380               391
     515       44.9427               389               390
     516       45.4344               380               390
     517       46.6543               380               390
     518       47.0964               382               390
     519       46.9194               378               390
     520       46.8464               378               390
     521       47.1243               378               390
     522       45.8695               388               390
     523       46.0941               380               390
     524       47.0511               378               390
     525       46.9207               378               390
     526       46.4734               386               388
     527       46.4618               378               386
     528       46.2426               386               388
     529       46.6460               378               391
     530       44.9796               383               390
     531       45.5199               383               390
     532       45.6726               383               385
     533       44.2720               388               390
     534       44.3631               386               388
     535       44.5719               386               388
     536       43.9310               385               388
     537       44.0434               385               388
     538       43.8039               385               388
     539       43.7407               385               387
     540       44.6275               385               388
     541       43.6278               385               388
     542       44.7745               385               388
     543       44.6111               385               389
     544       44.4624               385               389
     545       45.1456               385               389
     546       45.4127               385               389
     547       44.3732               385               389
     548       44.7731               385               389
     549       44.6269               385               388
     550       44.7512               385               389
     551       45.7224               385               389
     552       45.1789               385               389
     553       44.7761               385               389
     554       45.2746               385               388
     555       46.1342               382               389
     556       45.6108               385               389
     557       45.7249               385               387
     558       44.8700               385               387
     559       45.5368               385               387
     560       45.5242               385               387
     561       44.3288               385               387
     562       43.9307               385               389
     563       43.7384               385               387
     564       42.9062               385               389
     565       43.9217               385               387
     566       43.6714               385               389
     567       44.5198               382               388
     568       44.8137               382               388
     569       45.7838               386               387
     570       44.9669               382               387
     571       47.2686               383               386
     572       47.0818               375               386
     573       46.7956               375               386
     574       46.4825               375               386
     575       47.5517               375               386
     576       47.2996               385               387
     577       47.3732               375               386
     578       47.3388               375               388
     579       47.4233               375               388
     580       47.8404               375               388
     581       47.4018               375               386
     582       46.7143               375               386
     583       46.8051               375               386
     584       46.9435               375               386
     585       46.6752               375               386
     586       47.5405               382               383
     587       47.7387               378               386
     588       47.5334               378               386
     589       47.3997               382               390
     590       46.7049               388               391
     591       46.7933               388               391
     592       46.7748               388               390
     593       46.6258               388               390
     594       47.4082               382               391
     595       47.5788               378               388
     596       47.6325               378               382
     597       47.1162               382               391
     598       47.1046               382               391
     599       47.6440               378               382
     600       45.6578               383               386
     601       46.4377               383               386
     602       46.3265               383               386
     603       44.8212               383               386
     604       44.5578               383               386
     605       44.7355               383               386
     606       44.4874               383               386
     607       44.7419               383               386
     608       44.2774               383               386
     609       45.0765               383               386
     610       46.1383               383               386
     611       45.4789               383               386
     612       44.8048               383               386
     613       44.7357               383               386
     614       46.6604               383               386
     615       46.2346               383               386
     616       45.4460               383               386
     617       44.0106               383               386
     618       44.5180               383               386
     619       45.3938               383               386
     620       43.7358               386               389
     621       43.9674               383               386
     622       43.5085               383               386
     623       44.2239               383               386
     624       44.4482               383               386
     625       44.7437               383               386
     626       43.9980               386               389
     627       43.8277               386               389
     628       44.3058               383               386
     629       43.9180               383               386
     630       43.4215               386               389
     631       44.4683               383               386
     632       43.8634               386               389
     633       43.2327               386               389
     634       43.3337               389               390
     635       43.9398               383               390
     636       44.1293               389               390
     637       43.5013               389               390
     638       43.7814               389               390
     639       43.3248               389               390
     640       43.5807               389               390
     641       43.6697               383               390
     642       44.2313               384               390
     643       44.1298               384               390
     644       44.8909               384               390
     645       44.0221               388               390
     646       44.6866               388               391
     647       43.6906               388               391
     648       43.7977               388               391
     649       43.9890               388               391
     650       44.0633               388               391
     651       45.2889               384               390
     652       46.2807               388               391
     653       46.2739               375               388
     654       46.4148               377               388
     655       46.7334               375               388
     656       46.2058               377               388
     657       46.4840               377               387
     658       44.6658               387               391
     659       45.1172               388               391
     660       45.5063               388               391
     661       44.6421               388               391
     662       44.9530               377               388
     663       45.1716               377               388
     664       45.0127               388               391
     665       45.7605               377               388
     666       45.3433               377               387
     667       46.1678               377               388
     668       45.9898               388               391
     669       45.9856               377               388
     670       46.0936               377               387
     671       46.0540               377               387
     672       46.8207               377               387
     673       46.4819               377               388
     674       47.0129               375               388
     675       46.9407               375               387
     676       47.0777               375               387
     677       47.1163               377               390
     678       47.1797               376               387
     679       47.1556               377               390
     680       46.4798               376               390
     681       46.5344               376               390
     682       45.8379               376               390
     683       46.8346               376               390
     684       45.3359               384               390
     685       45.0746               384               390
     686       46.6721               376               390
     687       47.0870               375               389
     688       47.3453               377               390
     689       47.0245               377               390
     690       47.1876               387               391
     691       47.1450               376               389
     692       47.2130               375               389
     693       47.3724               375               386
     694       46.2052               375               386
     695       46.7311               375               386
     696       46.6539               375               386
     697       47.0748               375               386
     698       46.8800               375               386
     699       46.8457               375               388
     700       47.0034               377               389
     701       47.3296               375               388
     702       46.6727               375               386
     703       46.9824               375               386
     704       47.2815               375               386
     705       46.7663               387               391
     706       46.2302               375               386
     707       46.0502               375               386
     708       46.6404               375               386
     709       46.3208               375               386
     710       46.5162               375               386
     711       47.3529               375               386
     712       47.0659               375               386
     713       47.3507               375               386
     714       46.8444               375               386
     715       46.3417               375               386
     716       47.4304               383               386
     717       46.4842               383               386
     718       46.5353               375               386
     719       46.3721               375               386
     720       46.5027               383               386
     721       46.0026               383               386
     722       47.7400               378               386
     723       47.3188               380               382
     724       46.9917               382               383
     725       45.5744               383               386
     726       45.4720               383               386
     727       44.9904               383               386
     728       46.7302               386               388
     729       46.9107               383               386
     730       47.1835               375               386
     731       47.3279               375               389
     732       47.4294               375               386
     733       47.0070               375               386
     734       46.4769               375               386
     735       46.4872               375               386
     736       46.4127               375               386
     737       46.0268               375               386
     738       46.3765               375               386
     739       45.9108               375               386
     740       45.0604               383               390
     741       45.3799               383               386
     742       46.5891               375               386
     743       47.4979               375               389
     744       46.0924               375               386
     745       46.1886               384               390
     746       45.9019               375               386
     747       46.8842               386               388
     748       45.4507               380               386
     749       45.2145               386               388
     750       46.2998               380               386
     751       45.7448               383               386
     752       47.0633               375               390
     753       47.1030               375               389
     754       47.2374               377               391
     755       45.9448               375               390
     756       47.0182               375               386
     757       46.8688               375               386
     758       47.2432               375               389
     759       46.7286               375               386
     760       47.1939               375               386
     761       47.1000               375               386
     762       46.2948               377               389
     763       45.5052               377               389
     764       45.7762               377               389
     765       46.2402               377               388
     766       46.4184               377               389
     767       46.4791               377               389
     768       46.8870               377               388
     769       47.5499               382               391
     770       47.5769               387               390
     771       47.5443               387               391
     772       47.8363               382               390
     773       47.0786               382               391
     774       46.9885               376               391
     775       47.6786               382               390
     776       47.7395               378               389
     777       47.2690               382               391
     778       45.8369               389               391
     779       45.1343               389               391
     780       44.9327               389               391
     781       44.3328               389               391
     782       44.0374               389               391
     783       44.2060               389               391
     784       46.3033               389               391
     785       47.0203               378               389
     786       47.1697               378               389
     787       47.1023               387               391
     788       45.5728               389               391
     789       46.1863               389               391
     790       46.9163               384               391
     791       45.9720               389               391
     792       45.8911               389               391
     793       47.3423               382               391
     794       46.8969               384               391
     795       47.2937               384               390
     796       46.8611               376               390
     797       47.4366               376               391
     798       46.6885               375               390
     799       46.8443               382               391
     800       46.0929               376               391
     801       46.6244               376               391
     802       45.2258               387               391
     803       46.1766               387               391
     804       44.3730               387               391
     805       44.1641               387               391
     806       45.8035               387               391
     807       45.7966               387               391
     808       45.0685               388               391
     809       45.2138               387               391
     810       45.8681               384               391
     811       44.5461               388               391
     812       43.9402               388               391
     813       45.2406               388               391
     814       45.4561               388               391
     815       45.9294               377               388
     816       46.0624               388               391
     817       45.3710               388               391
     818       46.6376               375               388
     819       45.7938               377               387
     820       46.3692               377               387
     821       46.8619               377               387
     822       46.8849               375               387
     823       47.0560               389               391
     824       46.7773               375               388
     825       47.2861               375               387
     826       46.0588               377               387
     827       46.0238               377               387
     828       46.2709               377               388
     829       46.2230               377               387
     830       45.6970               387               391
     831       46.9768               377               383
     832       45.6628               383               385
     833       46.0262               377               383
     834       46.4611               377               387
     835       46.4171               377               383
     836       46.2034               383               385
     837       47.4350               377               383
     838       46.3448               377               383
     839       46.8170               377               383
     840       47.1240               377               383
     841       47.4059               377               379
     842       47.5754               377               383
     843       46.4973               377               383
     844       46.6760               389               391
     845       47.2516               379               391
     846       46.7802               379               391
     847       46.7976               389               391
     848       47.6335               382               391
     849       47.6729               382               384
     850       47.6610               388               390
     851       47.5989               375               386
     852       47.0126               388               390
     853       47.2994               388               390
     854       47.2498               375               389
     855       46.5614               383               391
     856       45.3280               383               391
     857       46.1679               377               383
     858       46.8970               377               389
     859       47.1194               377               383
     860       47.4899               377               379
     861       47.0047               388               390
     862       47.8584               388               391
     863       47.3279               388               390
     864       46.6131               378               389
     865       46.8473               375               389
     866       45.7748               389               391
     867       47.1058               389               391
     868       47.1454               378               389
     869       46.9235               389               391
     870       47.6574               389               391
     871       45.5388               389               391
     872       45.1520               389               391
     873       44.5069               389               391
     874       44.5719               389               391
     875       44.4935               389               391
     876       43.9491               388               391
     877       43.5958               383               391
     878       43.8342               383               391
     879       44.7366               383               391
     880       44.5132               383               391
     881       44.2024               383               391
     882       44.9004               383               385
     883       46.3753               377               383
     884       47.3059               377               379
     885       46.0009               383               391
     886       44.9264               383               385
     887       44.1180               383               385
     888       45.0699               383               385
     889       44.3060               383               385
     890       45.4053               383               385
     891       45.5860               383               385
     892       45.8087               383               385
     893       45.7977               377               383
     894       46.1258               389               391
     895       44.4563               389               391
     896       45.5903               389               391
     897       44.0448               388               391
     898       46.6804               377               383
     899       45.9412               377               383
     900       47.5506               375               386
     901       47.6107               382               384
     902       47.6391               382               391
     903       46.9159               378               389
     904       46.6084               389               391
     905       46.4527               389               390
     906       46.1801               389               391
     907       46.1706               389               391
     908       46.9239               389               391
     909       46.4120               377               389
     910       46.0312               377               389
     911       45.4909               389               391
     912       46.1321               383               385
     913       45.8072               383               385
     914       46.1015               383               385
     915       45.5000               383               385
     916       44.8076               383               385
     917       44.3831               383               385
     918       44.3680               383               385
     919       44.7099               383               385
     920       44.6481               383               385
     921       44.5294               383               385
     922       43.9368               383               385
     923       44.1342               383               391
     924       46.1222               383               391
     925       46.9015               387               391
     926       47.5056               382               391
     927       46.8155               375               387
     928       46.6999               382               391
     929       46.4205               387               391
     930       45.7747               387               391
     931       45.7579               387               391
     932       43.4593               387               391
     933       45.5442               387               391
     934       47.4321               377               387
     935       46.5309               387               391
     936       45.5429               387               391
     937       45.9844               383               391
     938       45.8025               387               391
     939       46.4079               387               391
     940       45.9122               383               391
     941       44.5552               389               391
     942       45.4314               383               391
     943       46.6082               377               383
     944       47.5913               375               379
     945       47.6607               387               391
     946       47.5084               377               379
     947       47.1002               379               391
     948       47.7265               377               379
     949       46.9647               377               383
     950       46.9329               377               383
     951       47.5174               377               379
     952       47.2975               387               391
     953       47.8293               375               379
     954       47.7096               379               391
     955       47.7094               375               379
     956       47.1221               377               383
     957       47.2704               375               386
     958       47.6031               375               387
     959       47.6369               378               386
     960       47.1286               375               386
     961       47.5839               377               381
     962       46.9785               375               386
     963       47.0456               377               387
     964       47.6466               375               387
     965       47.4419               377               379
     966       46.5767               387               391
     967       45.6513               387               391
     968       44.8694               387               391
     969       46.2353               387               391
     970       47.0749               387               391
     971       46.8671               387               391
     972       46.4874               387               390
     973       46.2359               387               390
     974       46.0619               387               390
     975       45.8472               387               390
     976       46.1340               387               390
     977       45.2924               387               390
     978       44.6001               383               390
     979       43.9796               387               390
     980       45.7087               387               390
     981       44.0117               387               390
     982       44.8512               387               390
     983       43.6221               387               390
     984       44.5850               387               391
     985       43.9681               387               390
     986       43.9033               387               391
     987       43.1096               389               390
     988       44.1889               389               390
     989       43.6186               383               390
     990       43.8039               383               390
     991       43.3051               387               390
     992       42.1793               389               390
     993       42.6063               387               390
     994       43.0693               383               390
     995       45.1865               389               390
     996       45.0464               387               390
     997       44.5966               387               390
     998       43.7527               387               390
     999       42.7126               389               390
    1000       43.3523               387               390
    1001       43.3572               387               390
    1002       43.7824               387               390
    1003       44.6055               389               390
    1004       44.8650               383               390
    1005       44.0101               383               390
    1006       43.9490               389               390
    1007       43.0281               389               390
    1008       43.5295               387               390
    1009       42.8452               389               390
    1010       43.4181               387               390
    1011       42.9590               389               390
    1012       43.4408               387               390
    1013       43.0100               387               390
    1014       43.0392               387               390
    1015       43.0863               387               390
    1016       43.1903               387               390
    1017       42.0252               389               390
    1018       41.7591               389               391
    1019       41.4666               389               390
    1020       41.7482               389               391
    1021       41.5625               389               390
    1022       42.0141               386               389
    1023       41.9403               386               389
    1024       41.9603               386               389
    1025       41.7682               389               391
    1026       42.3063               386               389
    1027       42.0823               389               391
    1028       41.8178               389               390
    1029       41.4486               389               391
    1030       41.3910               389               390
    1031       41.7036               389               390
    1032       41.5096               389               390
    1033       41.9341               389               390
    1034       41.9083               389               391
    1035       41.7190               389               391
    1036       41.9716               389               391
    1037       41.3943               389               390
    1038       41.7362               389               390
    1039       42.2881               389               390
    1040       43.0491               389               390
    1041       43.5144               389               390
    1042       43.9815               383               390
    1043       43.5671               389               390
    1044       42.8695               389               390
    1045       44.7554               383               390
    1046       44.2197               383               385
    1047       43.6847               383               390
    1048       44.3535               383               390
    1049       43.5272               389               390
    1050       43.3960               385               389
    1051       45.2225               385               387
    1052       43.8131               389               390
    1053       45.4524               383               385
    1054       44.2795               383               385
    1055       44.9258               383               385
    1056       45.1947               383               390
    1057       46.2894               377               383
    1058       46.1152               377               383
    1059       46.3890               383               390
    1060       45.5321               383               385
    1061       47.0555               377               383
    1062       45.7884               377               383
    1063       45.2116               383               385
    1064       45.2293               383               390
    1065       44.6186               389               390
    1066       45.2508               383               385
    1067       44.5510               383               385
    1068       43.9274               383               385
    1069       43.2182               385               389
    1070       43.9058               383               385
    1071       42.5843               385               389
    1072       43.6053               383               390
    1073       41.5313               389               390
    1074       43.0827               389               390
    1075       44.2867               387               390
    1076       45.1022               387               390
    1077       45.0766               387               390
    1078       46.0848               387               390
    1079       45.8627               387               390
    1080       46.5738               387               390
    1081       46.4496               387               390
    1082       45.6641               383               390
    1083       46.6007               377               383
    1084       46.9885               377               383
    1085       47.1603               377               379
    1086       46.2949               377               383
    1087       46.2352               377               383
    1088       46.0784               377               383
    1089       46.8389               377               383
    1090       47.6876               375               379
    1091       47.6151               377               379
    1092       47.6620               389               390
    1093       46.8755               377               383
    1094       47.7292               375               383
    1095       47.6241               380               385
    1096       47.3536               377               383
    1097       47.6634               375               379
    1098       47.5486               377               379
    1099       45.7800               383               390
    1100       46.2368               383               390
    1101       46.9137               380               390
    1102       46.3611               383               390
    1103       47.1926               380               390
    1104       46.5289               380               390
    1105       46.8143               377               383
    1106       45.7456               383               390
    1107       45.6052               383               385
    1108       45.7699               383               385
    1109       45.4197               385               387
    1110       45.5130               383               385
    1111       44.6541               383               390
    1112       43.7241               385               387
    1113       43.6911               385               387
    1114       44.1293               385               387
    1115       44.4796               385               387
    1116       44.4034               385               387
    1117       44.1313               383               385
    1118       43.7664               385               387
    1119       43.7240               385               387
    1120       45.1388               385               387
    1121       45.7435               385               387
    1122       45.1665               385               387
    1123       44.9150               385               387
    1124       45.9968               385               387
    1125       44.6626               385               387
    1126       44.3727               385               387
    1127       44.0381               385               387
    1128       45.1197               385               387
    1129       43.9489               385               387
    1130       44.4902               385               387
    1131       44.7722               385               387
    1132       45.0925               385               387
    1133       45.6244               382               387
    1134       45.4468               376               387
    1135       45.6251               382               387
    1136       45.7518               376               387
    1137       45.9876               376               387
    1138       46.2733               376               387
    1139       45.5868               376               387
    1140       45.6115               382               387
    1141       45.8537               376               387
    1142       45.3849               376               387
    1143       45.2945               382               387
    1144       45.2525               382               387
    1145       45.4187               382               387
    1146       45.7002               382               387
    1147       45.6019               382               387
    1148       45.8561               376               387
    1149       45.8098               376               387
    1150       46.4717               376               387
    1151       46.4655               376               391
    1152       46.8887               376               387
    1153       46.5754               376               387
    1154       46.4473               376               391
    1155       45.9687               376               387
    1156       46.4684               376               391
    1157       46.4524               376               391
    1158       46.3806               376               387
    1159       46.5084               376               391
    1160       45.6653               376               391
    1161       45.7695               376               391
    1162       45.6165               376               391
    1163       45.9755               376               391
    1164       45.5021               376               391
    1165       45.4791               376               391
    1166       46.7095               376               391
    1167       46.3075               376               391
    1168       47.0816               376               391
    1169       46.0584               376               387
    1170       45.6262               376               387
    1171       45.3367               382               387
    1172       45.0105               386               387
    1173       45.2728               386               387
    1174       44.5684               386               387
    1175       44.6143               385               387
    1176       43.7972               386               387
    1177       43.4639               385               387
    1178       43.4252               385               387
    1179       43.5837               385               387
    1180       43.3982               385               387
    1181       44.2508               386               387
    1182       43.5487               386               387
    1183       43.3876               385               387
    1184       43.4345               385               387
    1185       43.3541               385               387
    1186       43.8996               385               387
    1187       45.1591               382               387
    1188       45.9901               384               385
    1189       45.0124               384               386
    1190       46.0316               386               387
    1191       44.9103               386               387
    1192       45.6681               384               386
    1193       45.3997               386               387
    1194       44.6154               386               387
    1195       44.5363               386               387
    1196       44.5531               386               387
    1197       45.0954               386               389
    1198       44.9936               386               389
    1199       44.9956               386               387
    1200       45.3271               386               387
    1201       44.7379               386               387
    1202       44.8581               385               387
    1203       45.2801               385               387
    1204       44.8589               385               387
    1205       44.7496               385               387
    1206       45.0732               376               387
    1207       44.6327               385               387
    1208       45.0431               386               387
    1209       43.6736               386               387
    1210       43.9549               385               387
    1211       45.1714               386               387
    1212       44.0203               386               387
    1213       44.2224               385               387
    1214       44.4754               385               387
    1215       44.3710               385               387
    1216       44.7554               382               387
    1217       44.9792               385               387
    1218       44.1397               385               387
    1219       45.1263               386               387
    1220       44.3402               385               387
    1221       45.2965               385               387
    1222       44.5771               382               387
    1223       44.1613               385               387
    1224       44.4741               385               387
    1225       44.5242               385               387
    1226       44.4309               385               387
    1227       45.6115               376               387
    1228       45.4579               376               387
    1229       45.7177               376               387
    1230       45.9349               376               387
    1231       45.3451               376               387
    1232       45.1141               377               387
    1233       45.5981               376               387
    1234       45.1489               385               387
    1235       45.5991               376               387
    1236       45.8250               376               387
    1237       45.8567               376               387
    1238       45.4265               385               387
    1239       45.0989               382               387
    1240       45.9656               376               387
    1241       45.1716               376               387
    1242       44.6536               385               387
    1243       44.7296               382               387
    1244       45.7109               385               387
    1245       45.4502               376               387
    1246       45.5184               376               387
    1247       45.7944               376               387
    1248       46.7044               376               387
    1249       45.9289               376               387
    1250       46.2021               376               387
    1251       45.9827               376               387
    1252       45.5204               376               387
    1253       45.8838               376               387
    1254       46.3244               376               387
    1255       47.1097               375               391
    1256       46.4887               376               387
    1257       45.4811               382               387
    1258       46.1568               376               387
    1259       46.0540               376               387
    1260       46.3943               376               387
    1261       45.5964               376               391
    1262       46.1004               376               387
    1263       45.9909               376               391
    1264       46.0295               376               391
    1265       45.8753               376               391
    1266       45.7206               376               391
    1267       45.8897               376               391
    1268       46.1183               376               391
    1269       46.1737               376               391
    1270       45.9095               376               391
    1271       45.6454               376               391
    1272       46.0287               376               391
    1273       45.8169               376               391
    1274       45.0416               376               391
    1275       45.6601               376               391
    1276       46.4857               376               391
    1277       46.1310               376               391
    1278       46.2039               376               387
    1279       46.0590               376               391
    1280       46.3201               376               387
    1281       46.0573               376               391
    1282       45.7831               376               391
    1283       45.4383               376               391
    1284       46.1183               376               391
    1285       46.3842               376               391
    1286       45.3466               376               391
    1287       45.9492               376               391
    1288       46.1838               376               391
    1289       46.2418               376               391
    1290       45.8355               376               391
    1291       46.2507               376               391
    1292       45.3975               376               391
    1293       45.5717               376               391
    1294       45.8753               376               391
    1295       46.4699               376               391
    1296       46.6369               376               391
    1297       46.3479               376               391
    1298       45.5139               376               391
    1299       45.7420               376               391
    1300       45.7903               376               391
    1301       46.2042               376               391
    1302       46.5628               376               391
    1303       45.7165               376               391
    1304       46.1015               376               391
    1305       47.1567               376               391
    1306       46.8989               376               391
    1307       47.0322               375               391
    1308       47.3410               376               391
    1309       47.0816               376               391
    1310       46.8690               376               391
    1311       47.2426               376               384
    1312       47.1266               375               383
    1313       46.7373               377               383
    1314       46.9573               377               383
    1315       46.9243               377               383
    1316       46.9626               375               383
    1317       46.9860               376               383
    1318       47.3677               377               383
    1319       46.8638               377               383
    1320       46.4257               377               383
    1321       46.8380               377               383
    1322       46.8792               377               383
    1323       46.3027               377               383
    1324       46.3990               377               383
    1325       46.5768               377               383
    1326       46.5351               376               387
    1327       46.3772               377               383
    1328       46.4449               377               383
    1329       46.5586               377               383
    1330       46.7943               377               383
    1331       46.8894               383               385
    1332       46.5944               377               383
    1333       47.1172               375               383
    1334       47.1808               377               383
    1335       46.8228               376               383
    1336       46.1539               377               383
    1337       46.8540               377               383
    1338       47.0769               377               383
    1339       46.7719               375               391
    1340       47.6799               375               383
    1341       47.5806               375               383
    1342       47.3196               375               383
    1343       47.0070               376               383
    1344       46.4862               376               387
    1345       46.7583               377               383
    1346       46.4367               377               383
    1347       46.1993               377               383
    1348       46.4862               377               383
    1349       46.1843               377               383
    1350       45.4050               383               385
    1351       46.7028               377               383
    1352       46.7157               377               383
    1353       45.9629               377               383
    1354       45.1283               383               390
    1355       46.4599               377               383
    1356       45.8850               377               383
    1357       45.8821               377               383
    1358       46.8002               377               383
    1359       46.3310               377               383
    1360       46.4193               377               383
    1361       46.8185               377               383
    1362       46.3170               377               383
    1363       46.6280               377               383
    1364       45.4850               383               385
    1365       45.1545               383               385
    1366       45.7783               383               385
    1367       45.6547               377               383
    1368       45.7810               377               383
    1369       46.6526               376               383
    1370       47.0749               377               383
    1371       46.2600               377               383
    1372       46.7286               377               383
    1373       46.6295               377               383
    1374       46.2130               383               385
    1375       45.6214               383               385
    1376       46.1868               377               383
    1377       46.3577               377               383
    1378       45.3825               383               385
    1379       44.7461               383               385
    1380       45.4612               385               387
    1381       45.7349               383               385
    1382       46.0086               383               385
    1383       45.6472               383               385
    1384       45.5949               383               385
    1385       45.5700               377               383
    1386       45.6810               377               383
    1387       44.7913               383               385
    1388       45.1185               383               390
    1389       45.4753               383               385
    1390       45.4532               383               385
    1391       46.1765               377               383
    1392       45.7012               383               385
    1393       45.6067               383               390
    1394       45.1686               383               390
    1395       45.2668               383               390
    1396       45.4627               383               385
    1397       44.7882               383               385
    1398       46.0414               377               387
    1399       45.6953               383               385
    1400       45.4073               383               385
    1401       45.6670               383               385
    1402       46.0830               383               385
    1403       46.6760               377               383
    1404       46.5302               377               383
    1405       46.3715               377               383
    1406       46.3466               377               383
    1407       45.4391               383               385
    1408       45.8967               377               383
    1409       45.8909               385               387
    1410       46.1550               377               383
    1411       46.0377               383               385
    1412       45.0988               385               387
    1413       45.5966               383               385
    1414       45.8179               377               383
    1415       46.1695               377               383
    1416       44.9325               383               385
    1417       44.7198               383               390
    1418       45.0915               383               390
    1419       44.5000               385               387
    1420       44.8437               385               388
    1421       44.6267               385               387
    1422       45.8180               383               385
    1423       44.7762               385               387
    1424       45.8795               376               387
    1425       45.4250               385               387
    1426       46.6593               376               383
    1427       45.4940               383               385
    1428       44.9136               385               387
    1429       46.0950               383               385
    1430       46.0947               377               383
    1431       46.8145               376               383
    1432       46.1006               377               383
    1433       45.8118               383               385
    1434       46.1704               377               383
    1435       45.8014               377               383
    1436       45.0797               383               385
    1437       44.5748               385               387
    1438       44.5115               385               387
    1439       45.1765               385               387
    1440       44.5586               385               387
    1441       43.7046               385               387
    1442       43.7273               385               387
    1443       43.6052               385               387
    1444       43.6380               385               387
    1445       43.1159               385               387
    1446       43.8754               385               387
    1447       44.9853               385               387
    1448       45.0325               385               387
    1449       45.2205               385               387
    1450       45.9997               376               387
    1451       46.7913               376               387
    1452       45.7324               376               387
    1453       45.7885               376               387
    1454       46.0257               376               387
    1455       45.6147               385               387
    1456       46.7385               376               383
    1457       47.1131               376               387
    1458       46.8741               376               387
    1459       45.6279               376               387
    1460       46.0275               376               387
    1461       45.8206               376               387
    1462       46.0866               376               387
    1463       46.3310               376               387
    1464       46.8462               376               383
    1465       46.9847               376               383
    1466       46.5234               376               387
    1467       46.8525               376               391
    1468       46.7269               376               391
    1469       45.9985               376               391
    1470       46.7254               376               391
    1471       45.9132               376               391
    1472       46.2843               375               391
    1473       46.6660               375               391
    1474       46.2701               375               391
    1475       46.2559               376               391
    1476       46.4037               375               391
    1477       46.1725               376               391
    1478       46.4964               376               391
    1479       46.5513               376               391
    1480       47.1332               376               391
    1481       46.5421               376               391
    1482       46.3211               375               391
    1483       47.5736               376               381
    1484       46.7047               376               384
    1485       46.0915               376               391
    1486       46.3338               376               387
    1487       45.8349               376               387
    1488       47.0288               376               391
    1489       46.3357               376               387
    1490       46.0419               376               391
    1491       46.9816               376               391
    1492       47.0039               376               391
    1493       46.6135               376               391
    1494       46.9214               376               391
    1495       46.5026               376               391
    1496       46.0361               376               387
    1497       46.3298               376               387
    1498       47.1257               376               391
    1499       46.7064               376               387
    1500       46.7679               376               387
    1501       46.7372               376               387
    1502       46.2089               383               385
    1503       46.0155               377               383
    1504       47.0470               376               383
    1505       46.8647               376               383
    1506       47.2609               375               383
    1507       46.4934               377               383
    1508       47.2779               375               383
    1509       47.1041               376               383
    1510       46.1926               376               387
    1511       46.2801               377               383
    1512       47.4595               375               381
    1513       46.8981               377               383
    1514       46.3492               377               383
    1515       46.0138               377               383
    1516       46.3797               385               387
    1517       45.9140               383               385
    1518       45.9764               377               383
    1519       46.6331               376               383
    1520       46.5128               376               387
    1521       45.9744               377               383
    1522       46.0223               377               383
    1523       46.8708               377               383
    1524       46.9236               376               383
    1525       47.2120               376               384
    1526       47.0932               377               391
    1527       45.9138               376               387
    1528       45.5933               385               387
    1529       46.0690               376               387
    1530       46.3884               376               387
    1531       46.5414               377               383
    1532       47.0059               377               383
    1533       47.0198               375               383
    1534       47.3493               377               383
    1535       46.8538               376               383
    1536       47.3627               376               381
    1537       46.6490               376               387
    1538       47.1889               377               383
    1539       47.0151               375               383
    1540       46.6826               377               383
    1541       47.1592               375               384
    1542       47.2052               375               383
    1543       47.0082               377               383
    1544       45.8913               383               385
    1545       46.1486               377               383
    1546       45.6281               383               390
    1547       44.8790               383               390
    1548       44.7472               383               385
    1549       44.6920               383               385
    1550       44.2634               383               385
    1551       44.0204               385               388
    1552       43.5803               383               390
    1553       44.1179               383               385
    1554       43.7360               383               390
    1555       43.9002               383               390
    1556       44.8851               383               390
    1557       44.4351               379               390
    1558       45.5288               379               390
    1559       44.5183               379               390
    1560       45.2865               375               391
    1561       45.7407               375               391
    1562       45.8205               375               391
    1563       45.4344               375               391
    1564       45.8832               376               391
    1565       46.1450               376               391
    1566       45.8458               376               391
    1567       45.7924               376               391
    1568       46.5516               375               391
    1569       46.3223               376               391
    1570       45.8237               376               391
    1571       45.5787               376               391
    1572       46.0052               376               391
    1573       46.0831               376               391
    1574       45.9391               376               391
    1575       45.1235               379               390
    1576       44.9346               379               391
    1577       45.6734               379               390
    1578       44.9431               379               391
    1579       45.6762               376               391
    1580       46.4917               376               390
    1581       46.0755               376               391
    1582       46.5964               376               391
    1583       46.6161               376               391
    1584       46.7415               376               387
    1585       45.6897               376               387
    1586       46.5652               376               391
    1587       46.2803               376               387
    1588       46.5117               376               387
    1589       46.9323               382               390
    1590       47.0074               380               390
    1591       47.2597               380               387
    1592       46.9957               380               390
    1593       46.9226               380               390
    1594       46.6736               382               389
    1595       46.8177               382               389
    1596       45.8591               386               389
    1597       46.3528               386               389
    1598       46.9889               382               389
    1599       46.4102               386               389
    1600       47.0133               380               389
    1601       45.6894               382               389
    1602       46.9019               380               389
    1603       47.0962               380               389
    1604       46.8126               380               389
    1605       45.4786               386               389
    1606       46.7510               382               389
    1607       46.3818               382               389
    1608       45.4118               386               389
    1609       44.2144               386               387
    1610       45.2164               382               387
    1611       44.5564               386               387
    1612       44.3067               386               387
    1613       44.5813               386               387
    1614       44.6002               386               387
    1615       44.3588               386               387
    1616       45.0114               382               387
    1617       45.6462               386               389
    1618       45.9891               382               387
    1619       47.1570               380               389
    1620       46.9593               380               389
    1621       47.1901               380               389
    1622       47.1522               380               389
    1623       46.8045               386               389
    1624       46.2744               386               389
    1625       46.5154               386               389
    1626       46.8509               382               389
    1627       46.4663               386               389
    1628       46.5611               386               389
    1629       47.3999               380               389
    1630       47.1495               380               389
    1631       47.1966               380               389
    1632       46.7092               380               389
    1633       46.7633               383               390
    1634       47.0849               377               383
    1635       46.8582               377               383
    1636       47.6630               375               380
    1637       47.3156               377               383
    1638       47.4855               380               390
    1639       47.2589               380               389
    1640       47.3806               385               388
    1641       46.5727               375               386
    1642       47.2104               375               386
    1643       47.2108               375               383
    1644       46.1754               377               383
    1645       47.3923               385               387
    1646       47.4842               375               383
    1647       47.2128               375               383
    1648       46.9966               377               383
    1649       47.2594               377               383
    1650       47.0836               377               383
    1651       46.8225               377               383
    1652       46.7191               375               391
    1653       46.5692               375               391
    1654       47.2540               381               388
    1655       47.5824               385               387
    1656       47.3901               375               383
    1657       47.4146               385               387
    1658       46.4099               386               389
    1659       46.3643               386               389
    1660       44.9102               386               389
    1661       46.8975               386               389
    1662       47.0299               380               389
    1663       46.9675               386               389
    1664       46.8863               386               389
    1665       46.1774               382               387
    1666       45.8106               382               387
    1667       46.0711               376               387
    1668       46.3920               376               387
    1669       46.3581               376               387
    1670       45.6936               376               387
    1671       46.7334               376               387
    1672       46.1113               376               387
    1673       45.9996               376               387
    1674       46.1783               376               387
    1675       45.6777               376               387
    1676       45.5978               376               387
    1677       45.4040               376               391
    1678       46.0175               376               391
    1679       46.0741               376               391
    1680       45.8473               376               391
    1681       46.4729               376               391
    1682       47.0460               382               390
    1683       47.1377               382               390
    1684       46.7098               380               390
    1685       46.4277               388               390
    1686       46.8703               388               390
    1687       46.3738               388               390
    1688       45.6236               388               390
    1689       46.1985               388               390
    1690       45.0593               388               390
    1691       45.8256               388               390
    1692       45.9515               388               390
    1693       46.2027               380               390
    1694       46.2926               388               390
    1695       45.5333               379               390
    1696       46.5918               379               390
    1697       47.3497               386               387
    1698       46.2430               385               388
    1699       46.5135               386               387
    1700       46.6372               380               385
    1701       46.3388               386               387
    1702       47.7567               386               387
    1703       47.0073               380               385
    1704       47.0465               385               388
    1705       47.0584               385               388
    1706       47.7107               375               380
    1707       47.5958               385               388
    1708       47.7806               385               391
    1709       45.9545               382               388
    1710       46.4898               382               388
    1711       47.1875               382               388
    1712       46.9036               385               388
    1713       47.4933               380               385
    1714       47.2176               380               385
    1715       46.8733               380               390
    1716       46.0591               380               385
    1717       46.6610               380               385
    1718       46.0422               380               385
    1719       46.2608               379               390
    1720       46.3153               380               385
    1721       46.8829               386               387
    1722       46.6395               386               387
    1723       46.3385               386               387
    1724       46.6874               380               385
    1725       46.1313               376               385
    1726       46.5326               386               387
    1727       46.4710               380               385
    1728       46.6015               380               385
    1729       46.4526               386               389
    1730       46.2683               382               388
    1731       45.8502               382               388
    1732       45.3529               377               389
    1733       46.0288               377               388
    1734       46.0062               385               388
    1735       45.7631               377               388
    1736       45.5328               377               388
    1737       45.7187               377               388
    1738       46.3349               375               391
    1739       47.0480               375               391
    1740       46.9554               375               391
    1741       46.0992               376               391
    1742       46.3522               375               391
    1743       46.2730               376               391
    1744       46.1581               376               391
    1745       46.4823               376               391
    1746       46.4145               375               391
    1747       46.6155               375               391
    1748       46.1441               375               391
    1749       46.6636               375               391
    1750       45.8762               375               391
    1751       46.2014               375               391
    1752       46.2280               376               390
    1753       46.1407               376               391
    1754       46.2950               376               390
    1755       46.0372               376               390
    1756       46.7908               375               390
    1757       46.6082               375               390
    1758       46.6670               375               390
    1759       47.1301               375               390
    1760       46.8203               375               386
    1761       46.8128               375               386
    1762       47.1223               375               388
    1763       46.9206               375               386
    1764       47.1514               375               388
    1765       47.3310               375               388
    1766       47.1298               375               386
    1767       46.7312               375               388
    1768       46.9718               375               388
    1769       46.6203               375               388
    1770       46.2898               376               390
    1771       46.5359               376               387
    1772       46.0176               376               387
    1773       46.2378               376               387
    1774       46.5385               375               390
    1775       46.1262               375               390
    1776       45.9220               375               390
    1777       45.4579               375               390
    1778       45.3959               375               390
    1779       45.6677               375               390
    1780       45.7066               379               386
    1781       45.7118               375               390
    1782       45.0065               375               390
    1783       45.5353               375               390
    1784       45.4243               375               390
    1785       45.2908               375               390
    1786       44.8540               375               390
    1787       45.2268               375               390
    1788       45.3300               375               390
    1789       46.0296               375               390
    1790       45.7275               375               390
    1791       45.8746               375               390
    1792       46.3086               376               390
    1793       45.8119               375               390
    1794       45.4083               375               390
    1795       45.9688               375               390
    1796       46.2706               375               390
    1797       45.7139               375               390
    1798       45.7491               375               390
    1799       45.9042               375               386
    1800       45.8006               375               386
    1801       46.4470               375               386
    1802       46.0572               375               386
    1803       46.0205               375               386
    1804       46.6196               375               386
    1805       46.3915               375               386
    1806       46.1347               375               386
    1807       46.4816               375               386
    1808       45.6218               375               386
    1809       46.2032               375               390
    1810       45.4453               375               390
    1811       45.2730               375               390
    1812       45.8741               375               386
    1813       45.5579               375               386
    1814       45.5129               375               386
    1815       45.6799               375               386
    1816       46.0880               375               386
    1817       46.7936               375               381
    1818       46.7519               375               386
    1819       45.6973               375               390
    1820       46.6935               375               390
    1821       46.1121               376               390
    1822       46.5990               375               390
    1823       46.5857               375               390
    1824       46.2256               375               390
    1825       46.6387               375               386
    1826       46.5557               375               386
    1827       46.0257               375               386
    1828       46.1391               384               386
    1829       45.7067               375               386
    1830       46.0067               375               386
    1831       46.4884               384               386
    1832       47.1666               375               386
    1833       46.4231               375               386
    1834       46.9600               375               386
    1835       46.4556               375               386
    1836       46.2788               375               386
    1837       45.9269               375               386
    1838       46.6393               384               386
    1839       46.3870               375               386
    1840       45.6356               384               386
    1841       45.3716               384               386
    1842       45.5778               375               386
    1843       47.4910               375               386
    1844       47.0964               375               386
    1845       47.2295               375               386
    1846       46.8407               375               386
    1847       46.4834               375               388
    1848       47.3855               375               381
    1849       46.5852               375               388
    1850       46.1989               375               388
    1851       46.5922               375               388
    1852       47.2673               375               383
    1853       46.4480               375               388
    1854       47.1042               375               390
    1855       46.9547               375               388
    1856       46.6114               375               386
    1857       47.0944               375               386
    1858       47.3313               375               381
    1859       46.8016               375               390
    1860       47.2005               375               390
    1861       46.7958               375               390
    1862       46.4380               375               390
    1863       47.5567               375               386
    1864       46.4474               375               386
    1865       46.7594               375               386
    1866       46.5792               375               390
    1867       46.5696               375               386
    1868       46.0258               375               390
    1869       46.6890               375               390
    1870       46.8826               375               390
    1871       45.7760               375               390
    1872       46.1750               375               390
    1873       46.7666               375               386
    1874       46.9783               375               388
    1875       46.5687               375               386
    1876       46.3063               375               390
    1877       47.0639               375               386
    1878       46.9424               386               387
    1879       47.2275               375               388
    1880       46.5379               375               390
    1881       46.9401               376               390
    1882       46.9015               375               381
    1883       46.6551               376               387
    1884       46.2510               376               390
    1885       45.5543               376               390
    1886       45.6260               375               390
    1887       45.4335               375               390
    1888       45.9852               375               386
    1889       45.8824               375               386
    1890       45.4453               375               386
    1891       46.0868               375               386
    1892       45.8323               375               390
    1893       45.2338               375               390
    1894       45.4756               375               390
    1895       44.9075               375               390
    1896       44.6473               375               390
    1897       44.7065               379               390
    1898       45.5771               375               390
    1899       45.0255               375               390
    1900       45.4974               375               390
    1901       45.1853               375               390
    1902       44.6542               375               390
    1903       45.5311               375               390
    1904       45.3591               375               386
    1905       45.3047               375               386
    1906       45.1757               375               390
    1907       45.6479               375               386
    1908       44.6301               375               390
    1909       44.7388               379               390
    1910       44.8374               375               390
    1911       45.1027               375               390
    1912       44.8751               375               390
    1913       45.1727               375               390
    1914       44.9140               379               390
    1915       44.7847               379               390
    1916       44.9274               375               390
    1917       44.9490               379               390
    1918       44.9844               375               390
    1919       44.8522               379               390
    1920       45.3376               379               390
    1921       44.6457               375               390
    1922       45.4033               375               390
    1923       45.4521               376               390
    1924       45.3991               375               390
    1925       44.9715               375               390
    1926       45.1965               375               390
    1927       44.9466               376               390
    1928       45.2282               376               390
    1929       45.4012               376               390
    1930       44.9431               376               390
    1931       44.9173               376               390
    1932       45.4805               379               390
    1933       44.8649               375               390
    1934       45.1307               375               390
    1935       45.6711               376               390
    1936       45.7954               375               390
    1937       44.9797               375               390
    1938       45.0540               375               390
    1939       45.1475               375               390
    1940       45.2049               375               390
    1941       45.2574               376               390
    1942       45.4011               376               390
    1943       45.1941               375               390
    1944       45.5165               375               390
    1945       46.1394               375               390
    1946       45.8135               375               390
    1947       45.0039               375               390
    1948       45.7297               375               390
    1949       45.7557               375               390
    1950       45.7034               376               390
    1951       44.9826               376               390
    1952       45.2132               376               390
    1953       45.7449               375               390
    1954       45.8256               376               390
    1955       46.0701               376               390
    1956       46.4102               376               389
    1957       46.0470               376               390
    1958       46.0095               376               390
    1959       45.5398               376               390
    1960       46.0736               376               390
    1961       45.6409               376               390
    1962       45.7535               376               390
    1963       46.4034               376               390
    1964       46.3745               376               390
    1965       46.4231               375               390
    1966       46.4831               376               390
    1967       46.8468               375               390
    1968       46.0778               376               390
    1969       46.2684               376               390
    1970       45.7946               375               390
    1971       46.2716               375               390
    1972       46.4891               375               390
    1973       46.2271               375               390
    1974       45.9425               376               390
    1975       45.7849               375               390
    1976       45.8810               376               390
    1977       45.7404               375               390
    1978       45.2988               375               390
    1979       45.3676               376               390
    1980       45.6927               376               390
    1981       45.9197               376               390
    1982       45.8899               376               390
    1983       45.6675               376               390
    1984       45.7995               376               390
    1985       45.5832               376               390
    1986       45.8917               376               390
    1987       45.8151               376               390
    1988       45.5685               376               390
    1989       45.8626               376               390
    1990       46.3218               376               390
    1991       46.1348               376               390
    1992       45.4100               376               390
    1993       46.0928               376               390
    1994       45.4911               376               390
    1995       45.4951               376               390
    1996       45.3665               376               390
    1997       45.0408               379               390
    1998       45.5547               376               390
    1999       45.6474               376               390
    2000       45.0240               376               390
    2001       45.1542               376               390
    2002       45.3514               376               390
    2003       45.3490               376               390
    2004       45.4795               376               390
    2005       46.5161               376               391
    2006       45.4046               379               390
    2007       46.4558               376               390
    2008       45.6543               376               390
    2009       47.1775               376               390
    2010       46.5781               376               391
    2011       45.2513               376               390
    2012       45.3292               376               390
    2013       45.7100               376               390
    2014       46.3875               376               391
    2015       46.1491               376               390
    2016       46.4613               376               390
    2017       45.6378               376               390
    2018       45.1754               376               390
    2019       45.5279               376               390
    2020       45.4676               376               390
    2021       45.6643               376               390
    2022       46.0166               376               390
    2023       45.3242               376               390
    2024       45.8227               376               390
    2025       45.6248               376               390
    2026       46.6861               376               390
    2027       47.2400               382               390
    2028       46.9707               376               391
    2029       47.3866               382               390
    2030       45.5154               376               390
    2031       45.5337               379               391
    2032       45.6349               387               391
    2033       44.2291               387               391
    2034       44.9285               387               391
    2035       45.3574               379               391
    2036       45.4139               376               390
    2037       45.2194               376               390
    2038       45.3160               376               390
    2039       45.3321               376               390
    2040       45.1499               376               390
    2041       45.1741               379               390
    2042       45.1709               379               390
    2043       44.9932               379               390
    2044       45.3287               379               390
    2045       45.3318               379               390
    2046       45.1009               376               390
    2047       45.1506               376               390
    2048       45.5004               376               390
    2049       46.1828               376               390
    2050       45.7054               376               390
    2051       45.7908               376               390
    2052       45.6666               376               390
    2053       45.2869               376               390
    2054       45.3050               376               390
    2055       45.4731               379               390
    2056       45.4657               376               390
    2057       45.3810               376               390
    2058       45.4225               379               390
    2059       45.0463               379               390
    2060       45.0859               379               390
    2061       44.9260               379               390
    2062       45.0625               376               390
    2063       45.2964               376               390
    2064       45.2375               379               390
    2065       45.3135               379               390
    2066       45.5374               379               390
    2067       44.9373               379               390
    2068       45.8151               375               386
    2069       45.2885               379               390
    2070       45.5879               379               390
    2071       45.6322               379               386
    2072       44.8519               379               390
    2073       44.1993               379               390
    2074       43.7030               388               390
    2075       43.9148               379               390
    2076       44.2960               379               390
    2077       44.2248               379               390
    2078       45.2854               379               390
    2079       45.0355               379               390
    2080       45.2187               379               390
    2081       44.8244               379               390
    2082       44.9024               388               390
    2083       43.7592               388               390
    2084       44.2187               379               390
    2085       44.0038               379               391
    2086       44.4450               379               391
    2087       44.0621               388               390
    2088       44.5029               379               390
    2089       43.9167               388               391
    2090       43.3221               388               391
    2091       44.2582               379               390
    2092       44.5193               379               390
    2093       44.6638               379               390
    2094       44.5602               379               391
    2095       44.8807               379               390
    2096       44.3883               379               391
    2097       44.5076               379               390
    2098       44.5143               379               390
    2099       44.1735               379               391
    2100       44.7639               379               391
    2101       44.3617               379               391
    2102       44.2907               379               390
    2103       44.1330               379               391
    2104       42.6880               388               390
    2105       44.2908               375               390
    2106       44.4108               379               390
    2107       44.2696               379               390
    2108       44.0949               388               391
    2109       44.4970               379               391
    2110       43.9674               388               391
    2111       44.1570               379               391
    2112       44.2545               388               391
    2113       44.4796               388               391
    2114       44.1220               379               391
    2115       43.9483               379               391
    2116       45.0166               379               390
    2117       45.0721               379               391
    2118       45.3504               379               390
    2119       44.9949               379               391
    2120       45.2805               379               390
    2121       45.0425               379               390
    2122       44.8412               376               390
    2123       45.8427               379               390
    2124       45.7993               376               390
    2125       46.0373               376               390
    2126       44.8739               379               390
    2127       43.6599               379               390
    2128       44.1183               388               390
    2129       43.5978               388               390
    2130       44.4567               379               390
    2131       44.9095               379               390
    2132       43.8085               379               390
    2133       45.0709               384               391
    2134       44.6965               384               391
    2135       45.2673               375               390
    2136       45.6189               376               390
    2137       45.9002               376               390
    2138       45.0541               379               390
    2139       45.2411               379               390
    2140       45.8967               376               390
    2141       45.3080               376               390
    2142       45.5475               379               390
    2143       44.9839               379               390
    2144       45.5150               379               390
    2145       44.8889               379               390
    2146       44.9928               379               390
    2147       46.0103               379               390
    2148       44.8825               379               390
    2149       45.0549               379               390
    2150       44.5295               379               390
    2151       45.0718               389               390
    2152       45.0730               389               390
    2153       43.9402               386               389
    2154       42.9156               389               390
    2155       42.8540               389               390
    2156       43.1198               386               389
    2157       43.1350               386               389
    2158       43.0968               389               390
    2159       43.8695               389               390
    2160       44.0510               389               390
    2161       44.5577               379               391
    2162       44.5485               379               390
    2163       44.4024               379               391
    2164       44.1691               389               390
    2165       44.2229               379               391
    2166       44.0474               379               391
    2167       44.4531               379               391
    2168       44.7512               379               390
    2169       44.3470               379               391
    2170       43.8861               379               391
    2171       43.6180               389               390
    2172       43.7780               389               390
    2173       43.8874               389               391
    2174       43.2441               389               391
    2175       42.3601               389               391
    2176       43.8625               379               391
    2177       44.0182               389               391
    2178       44.1847               389               390
    2179       44.3376               379               390
    2180       44.2469               389               391
    2181       43.1292               389               391
    2182       44.4864               379               391
    2183       44.9230               379               391
    2184       45.3734               379               391
    2185       44.5397               379               391
    2186       44.1249               379               391
    2187       43.7210               389               391
    2188       44.5392               379               391
    2189       44.6019               389               391
    2190       44.6063               379               391
    2191       44.1787               379               391
    2192       44.9232               379               391
    2193       45.0392               376               391
    2194       44.9252               379               391
    2195       45.0971               379               391
    2196       43.4352               389               391
    2197       43.7096               389               391
    2198       43.7581               379               391
    2199       44.3319               379               391
    2200       44.3917               379               390
    2201       44.5883               379               390
    2202       44.1097               379               391
    2203       43.6737               389               391
    2204       43.9065               379               391
    2205       44.1516               379               391
    2206       44.7021               379               391
    2207       44.1584               379               391
    2208       44.7720               379               391
    2209       45.0812               375               391
    2210       45.1124               379               391
    2211       44.5436               379               391
    2212       44.9056               379               390
    2213       45.0765               379               391
    2214       44.8601               379               390
    2215       44.4029               379               391
    2216       45.8142               379               390
    2217       44.2118               379               391
    2218       44.8429               379               391
    2219       45.2611               375               391
    2220       45.1285               376               391
    2221       45.5818               375               386
    2222       45.0023               375               391
    2223       45.9045               375               386
    2224       45.5891               375               391
    2225       46.1178               375               391
    2226       46.8578               375               391
    2227       46.5844               375               391
    2228       46.1962               375               391
    2229       45.5302               375               391
    2230       45.7494               375               391
    2231       46.4547               375               391
    2232       46.4316               375               388
    2233       46.7814               375               386
    2234       46.5170               375               388
    2235       46.6064               375               388
    2236       46.3891               375               388
    2237       47.3431               385               387
    2238       46.8245               375               386
    2239       47.0410               375               386
    2240       46.2778               375               386
    2241       46.6861               375               386
    2242       46.7511               384               386
    2243       47.2175               384               386
    2244       46.4210               375               386
    2245       46.2949               384               386
    2246       46.0685               375               386
    2247       46.0014               375               391
    2248       46.2856               375               386
    2249       46.7520               375               386
    2250       46.4493               375               388
    2251       47.1120               375               388
    2252       45.3436               386               389
    2253       45.9446               375               386
    2254       46.1106               375               391
    2255       45.7447               375               386
    2256       44.4961               389               391
    2257       44.2821               389               391
    2258       44.2164               386               389
    2259       43.2486               389               391
    2260       44.5430               375               391
    2261       45.2211               375               386
    2262       45.0301               375               386
    2263       45.1371               386               389
    2264       45.1288               386               389
    2265       44.4312               389               391
    2266       44.8384               379               386
    2267       44.7622               389               390
    2268       45.1998               379               390
    2269       45.1771               379               391
    2270       44.8158               379               391
    2271       44.5953               379               391
    2272       44.3015               379               390
    2273       44.3103               389               391
    2274       44.0416               389               391
    2275       44.3738               386               389
    2276       44.3953               389               390
    2277       45.3872               379               386
    2278       44.3460               386               389
    2279       44.4211               386               389
    2280       44.6144               386               389
    2281       44.8833               379               391
    2282       45.3466               375               391
    2283       45.0474               379               391
    2284       44.9741               379               391
    2285       44.5022               379               391
    2286       45.8381               389               391
    2287       44.6158               389               391
    2288       44.7153               379               391
    2289       45.2241               375               391
    2290       45.2128               375               386
    2291       44.5692               389               391
    2292       44.7518               389               391
    2293       44.6240               379               391
    2294       44.6019               384               391
    2295       44.8910               384               386
    2296       45.2016               381               384
    2297       45.2395               384               386
    2298       44.2550               386               387
    2299       44.2113               386               387
    2300       43.5519               386               387
    2301       44.2499               384               386
    2302       43.9231               386               387
    2303       43.7068               386               387
    2304       43.9268               386               387
    2305       43.5756               386               387
    2306       43.8950               387               390
    2307       43.0237               386               387
    2308       43.2481               386               387
    2309       43.0247               386               387
    2310       44.2362               386               387
    2311       42.9235               386               387
    2312       43.5368               386               387
    2313       43.1580               387               391
    2314       43.1175               387               390
    2315       43.4752               387               391
    2316       42.9179               387               390
    2317       43.0857               387               390
    2318       43.2105               387               390
    2319       43.2300               387               390
    2320       43.0272               387               390
    2321       42.9729               387               390
    2322       43.2261               387               390
    2323       43.3251               387               390
    2324       43.3535               386               387
    2325       43.2482               387               390
    2326       43.0671               387               390
    2327       42.7910               386               387
    2328       42.8008               386               387
    2329       42.7953               387               390
    2330       43.5761               387               391
    2331       42.6205               387               390
    2332       43.2830               387               390
    2333       43.4731               387               391
    2334       43.1056               387               391
    2335       43.8502               387               390
    2336       43.3686               387               391
    2337       43.2544               387               391
    2338       42.9703               387               391
    2339       42.1620               387               391
    2340       42.7874               387               391
    2341       42.6634               387               391
    2342       43.3026               387               391
    2343       42.6514               389               390
    2344       41.8405               387               390
    2345       43.0685               387               391
    2346       42.6981               387               391
    2347       43.0754               387               391
    2348       42.8320               387               390
    2349       41.7173               388               391
    2350       42.2283               388               391
    2351       41.9060               388               390
    2352       42.1495               388               391
    2353       42.4409               388               391
    2354       42.8919               388               390
    2355       42.4658               388               390
    2356       41.7886               388               390
    2357       42.1007               388               391
    2358       42.2088               388               390
    2359       42.3980               388               390
    2360       41.9385               388               391
    2361       42.4289               388               390
    2362       42.7977               388               391
    2363       42.6427               388               390
    2364       42.8610               388               390
    2365       42.4347               388               390
    2366       41.9506               388               391
    2367       41.7946               388               391
    2368       41.9513               388               391
    2369       42.1665               388               391
    2370       42.7603               388               391
    2371       42.1856               388               390
    2372       41.9144               388               390
    2373       42.2500               386               387
    2374       41.8255               387               390
    2375       42.1554               387               390
    2376       41.7795               387               391
    2377       42.4378               387               390
    2378       42.3729               387               391
    2379       42.3970               387               390
    2380       41.5322               387               391
    2381       42.5582               387               391
    2382       42.4376               387               391
    2383       42.2289               386               387
    2384       42.4730               386               387
    2385       41.9066               386               387
    2386       41.5592               387               390
    2387       41.8026               387               390
    2388       42.0306               387               390
    2389       41.0215               387               391
    2390       41.1437               387               391
    2391       41.4235               387               391
    2392       41.3702               387               390
    2393       41.6951               387               390
    2394       41.5809               387               391
    2395       41.7448               387               391
    2396       41.9434               387               391
    2397       42.1140               389               391
    2398       42.5036               389               390
    2399       42.9283               389               391
    2400       42.5754               389               390
    2401       41.6659               389               390
    2402       42.3786               389               390
    2403       42.3883               389               390
    2404       42.5130               389               390
    2405       42.3660               389               390
    2406       42.6168               389               390
    2407       41.8456               386               389
    2408       42.2275               386               389
    2409       41.9250               386               389
    2410       41.5792               389               390
    2411       42.0943               386               389
    2412       42.0459               385               389
    2413       42.4304               386               389
    2414       41.6641               389               391
    2415       41.3549               389               390
    2416       41.8547               389               391
    2417       41.7878               389               391
    2418       42.0041               389               391
    2419       42.2925               386               389
    2420       42.1761               386               389
    2421       42.5428               386               389
    2422       42.6334               386               389
    2423       42.0415               389               390
    2424       42.5937               386               389
    2425       42.1533               386               389
    2426       41.9137               386               389
    2427       42.1362               386               389
    2428       42.0564               386               389
    2429       41.9216               386               387
    2430       42.0056               386               389
    2431       41.8268               386               389
    2432       42.2684               386               389
    2433       42.5292               386               389
    2434       42.0782               386               389
    2435       42.1824               386               389
    2436       41.8756               386               389
    2437       41.9778               389               391
    2438       41.6222               389               391
    2439       41.6918               389               391
    2440       41.2775               389               391
    2441       41.6913               389               390
    2442       41.4889               389               391
    2443       41.9493               389               390
    2444       42.1713               389               391
    2445       42.2489               389               390
    2446       41.5272               389               391
    2447       41.2249               389               391
    2448       41.8446               389               391
    2449       42.4476               389               391
    2450       42.2036               388               391
    2451       41.9311               389               391
    2452       42.1207               389               391
    2453       41.8180               389               390
    2454       41.2130               389               391
    2455       42.8888               386               389
    2456       42.8236               389               390
    2457       41.9921               389               390
    2458       42.4371               389               390
    2459       42.9828               389               390
    2460       42.8141               389               391
    2461       42.2615               389               391
    2462       41.6655               389               390
    2463       42.0715               389               391
    2464       42.3507               389               391
    2465       42.1169               389               391
    2466       42.0871               389               390
    2467       41.9742               389               390
    2468       42.5270               389               391
    2469       41.8924               389               391
    2470       42.7531               389               390
    2471       43.4756               389               390
    2472       42.8351               387               390
    2473       42.3570               387               391
    2474       42.1470               387               391
    2475       43.5345               387               390
    2476       43.2253               389               390
    2477       42.8917               387               391
    2478       43.7539               387               390
    2479       43.0259               387               390
    2480       43.6428               389               391
    2481       42.8709               387               390
    2482       43.8599               389               390
    2483       44.1393               387               391
    2484       42.9590               389               391
    2485       42.7458               389               391
    2486       42.9376               387               390
    2487       42.8323               387               391
    2488       43.6672               384               391
    2489       43.5013               383               391
    2490       43.0305               387               391
    2491       43.2035               387               391
    2492       43.2179               387               391
    2493       42.9017               386               387
    2494       44.2348               383               391
    2495       44.8016               383               390
    2496       45.2362               383               390
    2497       43.6179               383               391
    2498       43.9449               387               390
    2499       44.5529               384               391
    2500       43.6703               384               391
    2501       43.3565               387               391
    2502       43.7077               389               391
    2503       43.1601               389               391
    2504       41.9808               389               391
    2505       41.2517               387               391
    2506       40.8413               387               391
    2507       40.5835               387               391
    2508       40.8006               387               391
    2509       41.4682               387               390
    2510       42.0538               387               390
    2511       41.6510               387               390
    2512       42.0546               387               391
    2513       41.2772               387               391
    2514       41.7955               387               391
    2515       42.3460               386               387
    2516       41.6843               387               390
    2517       42.3187               387               390
    2518       42.9363               387               390
    2519       42.3072               389               391
    2520       41.7409               387               391
    2521       41.2273               387               391
    2522       41.4803               387               391
    2523       41.5004               387               391
    2524       41.5922               387               391
    2525       40.8869               387               391
    2526       42.2379               387               391
    2527       41.2925               387               391
    2528       41.2445               387               391
    2529       41.4760               387               391
    2530       41.0866               387               391
    2531       41.5238               387               391
    2532       41.1324               387               391
    2533       43.2504               389               391
    2534       44.2347               387               391
    2535       44.6804               384               390
    2536       44.3022               389               391
    2537       44.4501               389               391
    2538       44.8342               384               391
    2539       45.6619               384               391
    2540       43.6433               387               391
    2541       43.2358               387               391
    2542       43.4510               387               391
    2543       42.3660               387               391
    2544       44.1030               387               391
    2545       42.6031               389               391
    2546       44.8329               387               391
    2547       44.9110               389               391
    2548       44.5417               384               391
    2549       44.7573               384               391
    2550       44.4275               384               391
    2551       43.7874               389               391
    2552       44.4193               389               391
    2553       44.5063               387               391
    2554       43.2808               387               391
    2555       43.1967               388               391
    2556       43.0866               388               391
    2557       43.9516               387               391
    2558       44.8820               384               390
    2559       44.3029               387               390
    2560       44.6383               387               391
    2561       43.3959               387               391
    2562       45.1321               387               391
    2563       46.2851               387               391
    2564       45.6324               387               391
    2565       45.1595               387               391
    2566       43.7787               387               391
    2567       44.5650               388               391
    2568       44.0531               388               391
    2569       44.5120               384               390
    2570       44.8196               387               391
    2571       44.5598               388               390
    2572       44.3758               388               391
    2573       44.3799               384               391
    2574       44.3763               388               390
    2575       45.7018               384               391
    2576       45.7519               384               391
    2577       45.8109               384               391
    2578       45.5656               387               391
    2579       46.3707               377               388
    2580       46.0972               384               391
    2581       46.5622               384               391
    2582       46.4674               387               391
    2583       48.1094               377               384
    2584       47.8741               380               381
    2585       47.4263               378               384
    2586       46.6444               375               388
    2587       46.6569               375               388
    2588       46.9197               384               391
    2589       47.5719               382               391
    2590       46.9958               378               384
    2591       44.9814               387               391
    2592       47.2365               387               390
    2593       47.0753               382               391
    2594       47.3048               382               391
    2595       47.5512               382               391
    2596       47.7289               388               391
    2597       46.4360               383               386
    2598       45.4044               383               386
    2599       43.5475               386               388
    2600       43.0218               386               388
    2601       43.7312               386               389
    2602       43.0443               386               389
    2603       42.1398               386               388
    2604       42.7960               386               389
    2605       42.1195               386               388
    2606       42.1202               386               389
    2607       42.5701               386               389
    2608       43.9301               383               391
    2609       44.2340               383               391
    2610       45.0367               375               391
    2611       45.3317               375               391
    2612       44.7212               375               391
    2613       44.1791               383               391
    2614       43.7842               389               391
    2615       44.1433               383               391
    2616       43.7649               383               391
    2617       43.9451               383               390
    2618       44.8626               389               390
    2619       43.9251               384               386
    2620       44.5828               384               386
    2621       43.3292               386               389
    2622       43.2546               386               389
    2623       43.9204               386               389
    2624       42.9733               386               389
    2625       43.4642               389               390
    2626       43.1542               388               390
    2627       43.4195               381               388
    2628       44.1747               381               388
    2629       44.5479               388               390
    2630       42.7810               386               388
    2631       43.4007               388               390
    2632       41.9160               387               390
    2633       43.2524               388               390
    2634       42.8454               388               390
    2635       43.0798               388               390
    2636       42.4908               388               390
    2637       43.1566               388               390
    2638       43.6605               388               390
    2639       44.0364               381               388
    2640       44.1107               381               388
    2641       43.1755               388               390
    2642       43.6966               388               390
    2643       44.0936               381               388
    2644       44.8874               388               390
    2645       43.7921               388               390
    2646       44.6068               388               390
    2647       44.3740               388               390
    2648       43.5877               388               390
    2649       43.6702               381               388
    2650       43.8329               388               390
    2651       44.0930               381               388
    2652       44.7862               381               388
    2653       42.9058               388               390
    2654       43.1085               388               390
    2655       42.8233               388               390
    2656       43.3682               388               390
    2657       42.8466               388               390
    2658       43.2530               387               390
    2659       43.0224               387               390
    2660       42.3196               388               390
    2661       42.8971               387               390
    2662       43.4057               388               390
    2663       43.7856               387               390
    2664       43.9959               388               390
    2665       44.2183               388               390
    2666       43.9428               388               390
    2667       43.4730               388               390
    2668       43.0229               388               390
    2669       43.8709               388               390
    2670       43.0512               388               390
    2671       43.0953               387               390
    2672       43.6348               388               390
    2673       43.6854               388               390
    2674       43.7618               381               388
    2675       43.9570               381               388
    2676       43.4403               381               388
    2677       43.7609               381               388
    2678       45.1011               381               388
    2679       44.6538               388               390
    2680       44.8330               388               390
    2681       44.4108               381               387
    2682       43.6261               388               390
    2683       42.8582               387               390
    2684       42.3497               388               390
    2685       42.4440               388               390
    2686       43.3111               388               390
    2687       42.8186               388               390
    2688       43.2616               388               390
    2689       42.8526               388               390
    2690       43.4866               388               390
    2691       42.6862               388               390
    2692       42.8125               388               390
    2693       42.8664               386               388
    2694       42.3807               388               390
    2695       42.6700               388               390
    2696       43.8903               381               388
    2697       43.6259               381               388
    2698       43.7932               388               390
    2699       43.2629               386               388
    2700       42.9253               387               390
    2701       42.5464               387               390
    2702       45.0157               387               390
    2703       44.2317               381               389
    2704       44.1223               388               390
    2705       44.6170               388               390
    2706       44.8598               381               388
    2707       43.8205               388               390
    2708       43.8541               388               390
    2709       43.5672               386               388
    2710       43.7101               381               388
    2711       43.8380               388               390
    2712       44.0223               388               391
    2713       43.2045               386               388
    2714       43.2609               388               391
    2715       42.8300               387               391
    2716       43.4087               387               391
    2717       43.4275               388               391
    2718       42.9622               388               391
    2719       43.1042               388               391
    2720       43.0311               387               391
    2721       43.1012               388               391
    2722       43.7547               381               388
    2723       43.5750               388               391
    2724       44.0545               381               388
    2725       43.6070               381               388
    2726       44.5117               381               388
    2727       44.5166               381               388
    2728       45.0827               381               388
    2729       45.3759               381               388
    2730       44.2034               381               389
    2731       44.0035               381               389
    2732       45.4208               381               388
    2733       45.0047               382               389
    2734       45.3965               382               388
    2735       44.4525               382               389
    2736       44.0587               382               389
    2737       43.3908               386               389
    2738       43.2546               386               389
    2739       43.9958               382               389
    2740       43.3421               386               389
    2741       44.0103               386               389
    2742       43.0152               386               389
    2743       42.8072               386               389
    2744       42.3695               386               389
    2745       42.7042               386               389
    2746       42.0563               386               389
    2747       42.3870               386               389
    2748       43.0822               386               389
    2749       44.5774               386               389
    2750       44.1077               382               389
    2751       43.5448               386               389
    2752       45.8126               382               389
    2753       44.9554               382               389
    2754       46.0296               382               389
    2755       45.8326               382               389
    2756       45.7183               382               389
    2757       44.6085               382               389
    2758       45.3583               382               388
    2759       46.0573               382               389
    2760       46.7297               382               384
    2761       46.6618               382               384
    2762       46.7273               382               387
    2763       45.6616               382               387
    2764       45.7531               382               387
    2765       45.7701               382               389
    2766       46.4522               382               389
    2767       46.6462               386               388
    2768       45.9278               382               389
    2769       45.7557               381               389
    2770       46.7931               382               384
    2771       46.5444               378               389
    2772       45.9518               378               387
    2773       46.6878               386               388
    2774       45.1194               382               389
    2775       46.1803               382               384
    2776       45.7593               381               389
    2777       45.0650               382               387
    2778       46.0965               382               387
    2779       46.9432               382               387
    2780       45.8763               382               387
    2781       45.2169               382               387
    2782       45.1426               382               387
    2783       46.1277               382               387
    2784       46.4740               376               387
    2785       46.6076               382               390
    2786       46.6753               382               390
    2787       46.6990               386               388
    2788       46.9422               382               390
    2789       46.6352               382               390
    2790       46.2997               382               384
    2791       47.0434               386               387
    2792       45.9484               382               387
    2793       44.7186               382               387
    2794       45.3315               382               389
    2795       45.9517               382               387
    2796       45.4313               382               387
    2797       45.2633               382               389
    2798       43.8506               382               387
    2799       44.7889               382               387
    2800       44.2950               382               387
    2801       44.8796               382               387
    2802       45.8061               382               387
    2803       45.5530               382               387
    2804       45.6222               382               387
    2805       46.6692               386               388
    2806       46.7533               386               388
    2807       45.0777               382               387
    2808       45.0895               382               387
    2809       45.2230               382               387
    2810       44.5796               386               387
    2811       44.6786               382               387
    2812       44.0336               382               387
    2813       44.1135               386               387
    2814       44.8797               382               387
    2815       45.0634               382               387
    2816       45.1831               382               389
    2817       44.3931               382               387
    2818       44.2936               381               389
    2819       44.1702               381               389
    2820       44.6936               381               389
    2821       46.0110               381               389
    2822       45.4783               381               389
    2823       46.1923               381               389
    2824       45.8337               381               389
    2825       45.3948               381               389
    2826       44.8704               381               389
    2827       45.2414               379               391
    2828       45.8892               379               391
    2829       46.4807               379               381
    2830       46.5103               381               389
    2831       44.9801               381               389
    2832       46.1503               379               381
    2833       46.8773               379               381
    2834       44.8894               381               389
    2835       45.3309               381               389
    2836       44.7267               381               389
    2837       44.9531               381               389
    2838       46.2820               381               389
    2839       46.1233               381               389
    2840       46.1945               379               381
    2841       46.8112               379               381
    2842       45.9302               381               389
    2843       46.9963               386               388
    2844       46.6707               386               387
    2845       46.4779               378               384
    2846       46.6549               381               384
    2847       44.8156               382               387
    2848       44.9344               382               387
    2849       45.6010               382               388
    2850       46.9084               386               389
    2851       46.5751               388               391
    2852       46.6418               387               391
    2853       46.3954               387               391
    2854       46.4761               382               387
    2855       46.6527               382               384
    2856       45.9209               381               387
    2857       46.4934               382               388
    2858       46.5766               389               391
    2859       45.6765               382               388
    2860       46.1263               382               387
    2861       46.0356               382               387
    2862       44.4664               382               388
    2863       42.8813               386               388
    2864       43.7500               386               387
    2865       43.3563               386               388
    2866       44.7678               382               388
    2867       45.0942               382               387
    2868       44.6193               382               388
    2869       44.3726               386               388
    2870       43.9871               382               388
    2871       45.5021               382               388
    2872       46.2128               382               387
    2873       46.8170               381               390
    2874       46.3030               379               381
    2875       46.0737               379               381
    2876       46.9998               379               381
    2877       46.7293               379               391
    2878       46.9865               381               387
    2879       47.0225               379               381
    2880       46.9730               379               381
    2881       47.5355               379               381
    2882       47.5799               378               385
    2883       47.2976               386               388
    2884       47.3961               378               385
    2885       47.4852               378               385
    2886       47.4665               378               385
    2887       47.5191               378               387
    2888       46.9926               375               391
    2889       46.4715               375               391
    2890       46.3017               375               391
    2891       46.0618               375               391
    2892       46.1551               375               391
    2893       46.3181               375               391
    2894       46.7182               375               390
    2895       46.8897               375               391
    2896       47.3032               375               390
    2897       47.0259               375               391
    2898       46.3474               375               391
    2899       46.4521               375               390
    2900       46.3018               375               391
    2901       46.0796               375               390
    2902       46.5295               375               390
    2903       46.1619               375               391
    2904       46.0105               375               390
    2905       46.2701               375               390
    2906       45.7959               375               390
    2907       46.2173               375               391
    2908       46.7421               375               391
    2909       46.5312               375               390
    2910       46.3779               386               388
    2911       46.3856               386               388
    2912       46.1288               386               388
    2913       47.0023               386               388
    2914       46.7621               386               388
    2915       46.6025               386               388
    2916       46.3907               386               388
    2917       46.6687               386               388
    2918       46.9035               386               388
    2919       46.8936               386               388
    2920       46.8688               386               389
    2921       46.8103               376               388
    2922       46.8928               386               388
    2923       46.3497               386               388
    2924       47.5438               386               389
    2925       47.7676               386               388
    2926       47.0331               386               388
    2927       46.5613               386               388
    2928       47.5523               378               387
    2929       47.7653               378               387
    2930       46.9780               378               387
    2931       46.5998               378               387
    2932       46.0389               378               388
    2933       45.8280               378               388
    2934       45.7546               378               388
    2935       44.7334               381               388
    2936       44.6926               378               388
    2937       45.7011               381               389
    2938       46.2397               381               389
    2939       45.7156               382               388
    2940       45.8935               382               387
    2941       45.9717               382               389
    2942       45.3666               382               388
    2943       45.5196               382               388
    2944       45.3036               382               389
    2945       46.2660               382               387
    2946       46.8535               382               388
    2947       46.4807               382               390
    2948       46.0404               382               389
    2949       46.5676               382               388
    2950       47.3708               376               387
    2951       46.6387               380               388
    2952       47.1270               379               388
    2953       45.9557               382               388
    2954       46.1761               382               387
    2955       45.8802               382               388
    2956       46.1329               382               388
    2957       46.2086               382               388
    2958       46.7363               382               390
    2959       45.3723               382               388
    2960       45.3763               382               388
    2961       45.8421               382               388
    2962       46.6615               382               390
    2963       46.8081               380               388
    2964       46.7502               380               387
    2965       46.9562               382               390
    2966       46.7831               380               388
    2967       46.1348               382               388
    2968       45.9778               382               388
    2969       44.7490               382               388
    2970       46.2962               382               387
    2971       46.4376               382               390
    2972       46.4416               382               387
    2973       46.0801               382               387
    2974       46.4464               380               390
    2975       46.6838               380               388
    2976       46.2817               380               390
    2977       46.6977               382               390
    2978       46.7195               382               390
    2979       46.4436               382               390
    2980       46.9310               382               390
    2981       46.6320               382               389
    2982       46.6851               378               387
    2983       46.8209               382               387
    2984       46.9500               382               390
    2985       46.1819               380               390
    2986       46.9468               382               390
    2987       46.6925               380               390
    2988       46.7602               380               388
    2989       46.0177               382               389
    2990       46.0900               382               387
    2991       46.3342               382               388
    2992       46.0340               382               388
    2993       45.3639               382               388
    2994       44.4976               382               388
    2995       45.6830               382               388
    2996       45.2945               382               388
    2997       46.2811               382               388
    2998       46.9229               378               387
    2999       46.1470               380               390
    3000       46.7853               382               390
    3001       46.0418               382               387
    3002       46.3105               382               388
    3003       46.4658               382               387
    3004       46.6392               382               387
    3005       46.8328               382               390
    3006       46.9970               380               389
    3007       46.7417               380               387
    3008       46.7552               380               387
    3009       46.5574               380               390
    3010       46.3846               382               387
    3011       46.3491               382               388
    3012       46.6337               382               390
    3013       46.3894               380               390
    3014       45.9654               380               390
    3015       46.3372               380               390
    3016       45.8000               380               390
    3017       45.8854               380               390
    3018       45.9006               380               390
    3019       46.1007               380               390
    3020       45.7052               380               390
    3021       46.7928               378               390
    3022       46.6989               380               390
    3023       46.3044               378               390
    3024       46.6928               378               390
    3025       46.6442               380               390
    3026       46.6922               380               388
    3027       45.5741               380               390
    3028       46.4623               380               391
    3029       45.8683               380               390
    3030       45.5607               380               390
    3031       45.6020               383               390
    3032       45.6669               380               390
    3033       45.6204               380               390
    3034       45.7994               380               390
    3035       45.6906               380               391
    3036       45.7313               380               390
    3037       45.5446               380               390
    3038       45.7100               380               390
    3039       44.7936               389               390
    3040       45.3892               387               390
    3041       44.9823               389               391
    3042       45.6412               380               390
    3043       45.0898               389               391
    3044       46.0820               380               391
    3045       46.1447               380               391
    3046       46.5623               380               391
    3047       46.3251               380               391
    3048       46.3203               380               391
    3049       46.5031               379               391
    3050       46.5077               380               391
    3051       47.2661               376               391
    3052       46.4196               382               388
    3053       46.8160               376               388
    3054       47.4808               382               390
    3055       46.9270               376               390
    3056       46.4081               376               390
    3057       47.5954               376               390
    3058       47.3042               382               391
    3059       46.8155               376               390
    3060       47.0956               376               390
    3061       46.8578               376               391
    3062       47.1168               382               391
    3063       47.2137               376               391
    3064       46.9216               376               390
    3065       46.9779               376               390
    3066       46.4248               379               390
    3067       46.2879               376               390
    3068       46.4258               376               390
    3069       46.2394               379               390
    3070       46.3697               379               390
    3071       47.6307               379               383
    3072       47.4377               376               383
    3073       47.7702               376               383
    3074       46.8270               376               390
    3075       47.4359               376               389
    3076       47.0332               376               389
    3077       46.2205               376               391
    3078       47.3844               376               387
    3079       47.1546               376               390
    3080       47.1107               376               387
    3081       47.1685               382               387
    3082       45.9915               382               387
    3083       46.3209               376               387
    3084       46.3012               382               387
    3085       46.6932               376               387
    3086       46.9818               376               387
    3087       47.0308               376               390
    3088       46.4314               382               387
    3089       47.1847               382               390
    3090       46.5652               376               391
    3091       47.3385               382               390
    3092       47.1698               376               390
    3093       46.4951               376               391
    3094       46.7870               376               390
    3095       46.8986               380               390
    3096       46.2717               380               391
    3097       46.5181               380               390
    3098       45.9720               380               390
    3099       45.8331               380               390
    3100       46.0149               380               390
    3101       45.7166               380               391
    3102       45.9152               380               390
    3103       45.7994               379               390
    3104       44.9460               387               390
    3105       45.4983               380               390
    3106       46.3780               376               390
    3107       45.5514               380               391
    3108       46.4104               380               391
    3109       45.6659               380               391
    3110       45.5219               380               391
    3111       44.9941               387               391
    3112       44.5499               387               391
    3113       45.1385               387               391
    3114       44.6462               387               390
    3115       43.7835               387               390
    3116       44.6746               387               390
    3117       45.3322               380               390
    3118       45.3469               376               390
    3119       44.9374               380               390
    3120       44.9135               379               390
    3121       45.1716               380               390
    3122       45.4049               380               390
    3123       45.8802               380               390
    3124       46.0984               380               391
    3125       46.9125               376               390
    3126       46.8040               376               390
    3127       46.6147               379               390
    3128       46.6914               376               391
    3129       46.3452               380               390
    3130       47.0603               382               390
    3131       46.0729               382               389
    3132       46.5971               380               391
    3133       46.5469               382               391
    3134       47.0231               382               390
    3135       46.8566               382               391
    3136       46.6452               382               391
    3137       46.8941               382               390
    3138       46.7898               382               391
    3139       46.1548               380               391
    3140       46.0365               380               391
    3141       46.3680               380               391
    3142       46.1966               380               391
    3143       46.6270               380               391
    3144       46.1179               380               391
    3145       46.6284               386               387
    3146       47.0936               388               390
    3147       46.7688               386               387
    3148       46.6677               386               387
    3149       46.6072               382               391
    3150       46.6184               386               387
    3151       46.4256               386               387
    3152       46.4125               386               387
    3153       46.2463               386               387
    3154       46.2496               386               387
    3155       46.6624               376               391
    3156       46.3995               386               387
    3157       46.5544               386               387
    3158       46.1810               380               391
    3159       46.3361               376               391
    3160       46.8439               380               391
    3161       46.4926               380               391
    3162       46.0073               380               391
    3163       45.2954               388               391
    3164       46.2475               380               391
    3165       46.4049               386               387
    3166       45.0492               388               391
    3167       44.5372               388               391
    3168       43.9913               388               391
    3169       44.2544               388               390
    3170       45.3918               388               391
    3171       44.2001               389               390
    3172       43.8217               389               390
    3173       44.6689               389               391
    3174       44.8529               389               391
    3175       44.9331               389               391
    3176       44.7503               389               390
    3177       45.2321               389               391
    3178       45.8573               380               391
    3179       45.5036               380               391
    3180       46.4355               386               389
    3181       45.7387               380               391
    3182       45.9619               380               390
    3183       45.4367               380               390
    3184       46.1032               380               390
    3185       45.8694               380               391
    3186       45.9367               389               391
    3187       44.8307               389               390
    3188       45.2632               389               391
    3189       45.8412               389               391
    3190       45.9696               380               391
    3191       45.6883               380               391
    3192       45.8195               389               391
    3193       46.4737               386               387
    3194       46.5774               389               391
    3195       46.2296               380               391
    3196       46.1100               386               389
    3197       46.7131               386               389
    3198       46.6693               386               387
    3199       46.5935               386               387
    3200       46.5107               388               391
    3201       46.5617               386               387
    3202       46.5661               386               387
    3203       46.3679               386               387
    3204       46.6114               386               387
    3205       46.3818               386               387
    3206       46.6240               378               391
    3207       46.7778               386               388
    3208       46.3044               386               387
    3209       46.4082               388               390
    3210       46.6416               386               389
    3211       46.5294               386               387
    3212       46.6358               386               389
    3213       46.4156               386               389
    3214       46.5138               386               387
    3215       46.5881               386               387
    3216       46.6128               386               387
    3217       46.3777               386               388
    3218       46.2495               386               388
    3219       46.3138               386               388
    3220       46.3217               386               388
    3221       46.2897               386               388
    3222       46.5647               388               390
    3223       46.8734               386               388
    3224       46.8084               386               388
    3225       47.2021               386               388
    3226       47.2153               381               387
    3227       47.3970               375               381
    3228       46.5666               381               384
    3229       46.9178               381               384
    3230       46.8684               381               384
    3231       47.2583               375               382
    3232       47.8097               375               381
    3233       47.5808               375               378
    3234       47.3950               375               381
    3235       47.5398               375               378
    3236       47.1264               378               385
    3237       46.3833               385               389
    3238       46.5855               389               391
    3239       47.0795               378               391
    3240       47.2309               389               391
    3241       47.2988               381               391
    3242       47.4327               382               384
    3243       47.3596               386               388
    3244       47.3005               375               389
    3245       46.7294               375               389
    3246       46.4067               385               389
    3247       46.6915               375               389
    3248       47.0661               375               381
    3249       47.1548               386               388
    3250       47.0931               375               389
    3251       47.4908               375               381
    3252       46.7762               386               388
    3253       47.5599               375               389
    3254       46.9687               375               381
    3255       46.9307               375               389
    3256       47.6502               375               381
    3257       47.3308               379               381
    3258       47.6442               386               388
    3259       46.6410               386               388
    3260       46.8878               385               389
    3261       46.9058               378               390
    3262       46.6563               386               388
    3263       47.3070               378               391
    3264       47.0287               383               385
    3265       46.5768               383               385
    3266       46.6136               383               385
    3267       46.9195               385               389
    3268       47.7359               383               385
    3269       47.3832               378               385
    3270       47.3836               378               385
    3271       46.6025               383               391
    3272       47.1358               389               391
    3273       46.6244               386               388
    3274       46.1793               383               391
    3275       46.4316               386               388
    3276       46.9553               383               385
    3277       46.4958               386               388
    3278       46.4373               386               388
    3279       46.8071               386               388
    3280       46.7760               386               388
    3281       46.6909               386               388
    3282       46.5089               386               388
    3283       46.6147               381               387
    3284       46.4304               381               387
    3285       46.8558               378               391
    3286       47.4379               386               388
    3287       46.8480               386               388
    3288       46.6103               386               388
    3289       46.3281               386               388
    3290       46.6157               386               388
    3291       46.4804               386               388
    3292       46.5162               382               391
    3293       46.3403               386               388
    3294       46.2379               387               390
    3295       46.3860               386               387
    3296       46.5011               386               387
    3297       46.4776               386               387
    3298       46.4017               376               388
    3299       46.2374               376               388
    3300       46.2342               376               388
    3301       46.3798               386               387
    3302       46.9462               382               391
    3303       46.8192               386               387
    3304       45.9947               376               388
    3305       46.6624               382               384
    3306       46.6396               382               384
    3307       46.7181               381               384
    3308       46.6783               381               384
    3309       45.6132               382               387
    3310       46.5543               382               387
    3311       46.4771               386               389
    3312       46.4292               386               388
    3313       46.8104               386               389
    3314       46.3029               382               388
    3315       46.6406               386               388
    3316       46.4886               376               391
    3317       46.4425               376               391
    3318       45.8055               376               390
    3319       46.2307               376               391
    3320       46.0248               380               391
    3321       46.5327               379               391
    3322       46.4873               379               391
    3323       47.4360               379               390
    3324       47.4438               377               379
    3325       47.4256               382               391
    3326       47.5632               382               391
    3327       46.7166               379               390
    3328       45.7667               387               390
    3329       46.2541               377               387
    3330       45.7298               383               390
    3331       46.0276               377               383
    3332       46.5556               377               383
    3333       46.3849               377               383
    3334       46.1041               377               383
    3335       45.8094               377               387
    3336       46.6278               377               383
    3337       46.9480               377               383
    3338       46.9544               377               383
    3339       46.8700               377               383
    3340       46.3711               377               383
    3341       47.3002               377               383
    3342       46.4216               377               383
    3343       46.8035               377               383
    3344       47.4135               375               382
    3345       46.4116               377               383
    3346       47.3662               377               379
    3347       46.7844               377               383
    3348       46.8949               377               383
    3349       47.0808               377               383
    3350       47.5848               377               379
    3351       46.1380               377               387
    3352       46.7037               377               387
    3353       46.8054               377               383
    3354       46.5141               377               387
    3355       46.7408               377               383
    3356       47.3828               377               379
    3357       47.5883               377               379
    3358       47.1370               377               383
    3359       47.0693               377               389
    3360       47.4286               377               379
    3361       47.3046               377               379
    3362       47.4101               377               386
    3363       47.2571               375               382
    3364       47.4376               377               382
    3365       47.4895               375               386
    3366       47.3411               377               386
    3367       47.2200               375               386
    3368       47.0161               375               386
    3369       46.8892               375               389
    3370       46.3372               375               386
    3371       47.0060               375               386
    3372       47.5268               375               386
    3373       47.2302               375               386
    3374       46.5988               375               386
    3375       46.8225               375               386
    3376       47.4339               377               386
    3377       47.5111               377               386
    3378       47.2310               377               386
    3379       47.1207               375               386
    3380       46.9802               375               386
    3381       46.6210               375               386
    3382       46.6810               382               387
    3383       45.8232               382               387
    3384       46.9964               382               387
    3385       46.5868               381               387
    3386       45.7166               381               389
    3387       46.2101               378               389
    3388       45.9018               378               389
    3389       45.3753               378               388
    3390       44.9714               378               388
    3391       44.1571               381               388
    3392       44.2663               381               388
    3393       44.1096               381               388
    3394       44.7807               381               389
    3395       43.7132               381               388
    3396       44.3316               381               388
    3397       45.0465               381               388
    3398       46.2967               377               389
    3399       46.0809               378               389
    3400       46.8214               378               391
    3401       45.9060               378               389
    3402       46.3506               378               389
    3403       46.7291               378               385
    3404       46.0318               384               386
    3405       46.8914               378               385
    3406       46.5624               375               386
    3407       47.0674               375               386
    3408       46.5024               375               386
    3409       46.9734               378               385
    3410       46.8676               378               389
    3411       46.7421               378               391
    3412       45.9673               384               386
    3413       46.3304               384               391
    3414       46.2360               378               391
    3415       45.4153               384               386
    3416       45.3069               384               386
    3417       44.9266               384               386
    3418       43.8664               384               390
    3419       45.2209               384               386
    3420       45.6768               384               386
    3421       45.1730               384               386
    3422       46.8353               375               386
    3423       46.6747               375               386
    3424       47.3699               377               386
    3425       47.1859               377               386
    3426       47.1653               378               386
    3427       46.4038               375               386
    3428       46.4821               375               386
    3429       46.8678               375               386
    3430       47.0111               377               386
    3431       47.3933               377               386
    3432       47.1055               375               386
    3433       47.5140               377               386
    3434       47.0160               375               386
    3435       47.2423               375               386
    3436       46.9230               388               390
    3437       46.9655               375               389
    3438       46.6813               375               386
    3439       46.8261               386               387
    3440       46.9245               375               386
    3441       46.4228               386               387
    3442       47.4635               375               386
    3443       46.9413               375               386
    3444       46.3311               375               386
    3445       47.3596               375               386
    3446       47.1625               375               386
    3447       47.5238               377               386
    3448       46.5617               375               386
    3449       47.1856               375               386
    3450       47.0036               375               386
    3451       45.8685               375               386
    3452       44.5655               384               386
    3453       44.6919               384               386
    3454       44.4685               383               391
    3455       43.7552               383               385
    3456       44.2675               383               385
    3457       44.3214               383               385
    3458       44.5632               384               385
    3459       44.4972               383               386
    3460       44.2024               383               386
    3461       43.2938               386               388
    3462       42.8650               386               388
    3463       42.2497               388               390
    3464       42.9517               387               391
    3465       41.4851               388               390
    3466       42.5342               388               390
    3467       42.8413               388               390
    3468       42.2420               386               388
    3469       42.0050               388               390
    3470       42.0178               388               390
    3471       41.9395               388               390
    3472       42.4987               388               390
    3473       44.0920               388               390
    3474       43.7635               387               391
    3475       43.8353               388               390
    3476       44.7376               387               390
    3477       43.6763               387               390
    3478       45.5885               387               390
    3479       46.9116               389               390
    3480       47.6485               378               389
    3481       46.8059               378               389
    3482       46.7710               378               387
    3483       47.2505               380               387
    3484       47.2015               389               390
    3485       46.9107               389               390
    3486       46.6680               389               390
    3487       47.3687               380               389
    3488       46.3492               377               389
    3489       46.4482               389               391
    3490       47.3906               377               389
    3491       46.8063               388               391
    3492       45.8432               383               390
    3493       46.6229               377               383
    3494       46.6103               377               389
    3495       46.0599               377               383
    3496       46.6056               380               391
    3497       46.3501               379               391
    3498       45.8453               389               391
    3499       45.8026               389               391
    3500       46.3717               375               389
    3501       46.2106               389               391
    3502       46.3337               377               389
    3503       46.9970               377               387
    3504       45.6196               383               391
    3505       45.3550               387               391
    3506       45.9597               383               391
    3507       46.4998               379               391
    3508       45.4349               383               391
    3509       45.8678               389               391
    3510       43.6623               387               391
    3511       42.4563               387               391
    3512       45.3477               389               391
    3513       43.7219               389               391
    3514       46.6143               383               391
    3515       45.1817               387               391
    3516       44.9968               383               391
    3517       44.5612               387               391
    3518       45.2127               383               391
    3519       44.6399               387               391
    3520       44.1884               387               391
    3521       44.4348               389               391
    3522       43.8208               389               391
    3523       43.3216               389               391
    3524       43.8475               387               391
    3525       43.7519               389               391
    3526       44.1705               387               391
    3527       44.4723               383               391
    3528       45.3521               383               385
    3529       45.1598               389               391
    3530       44.1015               383               391
    3531       43.8830               383               391
    3532       44.8566               383               391
    3533       43.7279               383               391
    3534       43.8451               383               391
    3535       44.2289               383               391
    3536       43.3103               383               391
    3537       43.5397               389               391
    3538       43.2076               389               391
    3539       43.9093               387               391
    3540       43.9326               389               391
    3541       43.5546               389               391
    3542       43.1711               389               391
    3543       45.7289               389               391
    3544       45.6753               387               391
    3545       44.6330               387               391
    3546       44.6393               383               390
    3547       45.1566               383               390
    3548       44.3386               387               390
    3549       44.5872               383               385
    3550       43.8731               383               390
    3551       43.6337               383               385
    3552       44.0631               385               387
    3553       44.6430               383               390
    3554       45.5466               383               385
    3555       47.2398               377               383
    3556       46.3946               377               383
    3557       46.4206               383               390
    3558       46.7841               377               383
    3559       47.0493               383               390
    3560       46.2096               383               385
    3561       44.2107               383               385
    3562       44.5589               383               385
    3563       44.3762               383               385
    3564       45.4190               385               387
    3565       46.3950               377               387
    3566       45.3373               383               385
    3567       45.7277               377               383
    3568       45.4597               383               390
    3569       46.5145               377               383
    3570       46.3252               377               383
    3571       44.9722               383               385
    3572       44.9325               383               385
    3573       45.2398               384               386
    3574       45.7599               384               386
    3575       45.0934               384               386
    3576       44.2096               384               386
    3577       44.6991               384               386
    3578       44.7994               384               386
    3579       44.9366               384               386
    3580       45.3524               384               386
    3581       44.8768               384               386
    3582       44.4458               384               386
    3583       45.0918               384               386
    3584       44.8418               384               386
    3585       45.0618               384               385
    3586       44.5699               383               385
    3587       45.6574               383               385
    3588       46.3461               377               383
    3589       47.1610               377               383
    3590       47.5940               386               389
    3591       47.3661               377               379
    3592       47.0867               377               383
    3593       47.3263               377               379
    3594       46.3091               377               383
    3595       47.1203               379               390
    3596       45.3063               387               390
    3597       45.3968               387               390
    3598       45.5096               387               390
    3599       46.1314               383               390
    3600       47.1916               377               387
    3601       47.2635               377               383
    3602       46.3188               377               383
    3603       46.1813               387               390
    3604       46.1281               387               390
    3605       44.9852               387               390
    3606       45.3796               387               390
    3607       44.7295               387               390
    3608       45.2242               387               390
    3609       45.1277               389               390
    3610       45.4404               387               390
    3611       46.2515               387               390
    3612       46.3171               377               383
    3613       46.5142               377               383
    3614       46.5351               387               390
    3615       45.7991               387               391
    3616       46.9506               387               390
    3617       45.9146               388               390
    3618       45.0702               388               390
    3619       45.8106               388               390
    3620       47.3688               388               390
    3621       46.8642               387               390
    3622       46.1452               388               390
    3623       46.2203               388               390
    3624       45.9759               388               390
    3625       46.8454               382               391
    3626       45.9408               388               390
    3627       44.7417               387               390
    3628       45.8070               387               390
    3629       46.3311               387               390
    3630       45.5485               387               391
    3631       45.2494               387               391
    3632       44.8153               387               390
    3633       45.3090               387               391
    3634       44.7912               388               390
    3635       44.8275               387               390
    3636       44.9498               388               390
    3637       44.2082               387               390
    3638       45.5752               387               390
    3639       46.2856               376               390
    3640       44.7271               387               390
    3641       45.0407               388               390
    3642       44.5788               387               390
    3643       45.8137               387               390
    3644       45.5600               387               390
    3645       45.8680               388               391
    3646       45.3772               388               390
    3647       45.2860               388               390
    3648       46.6834               387               390
    3649       45.9480               388               390
    3650       46.5784               387               391
    3651       46.2069               387               390
    3652       46.9176               378               387
    3653       47.3790               389               390
    3654       45.9421               387               390
    3655       46.4310               387               391
    3656       46.8312               387               391
    3657       47.2992               378               387
    3658       46.5827               387               391
    3659       47.0261               384               386
    3660       47.8746               382               391
    3661       47.3642               382               391
    3662       47.7874               385               390
    3663       47.6971               378               382
    3664       47.6228               382               391
    3665       47.5506               375               386
    3666       47.8069               382               391
    3667       47.3617               377               379
    3668       47.6260               375               387
    3669       47.8014               375               379
    3670       47.8374               375               379
    3671       47.7389               377               381
    3672       47.2846               381               388
    3673       47.3138               375               386
    3674       46.9256               375               386
    3675       46.8167               386               388
    3676       46.2493               388               390
    3677       47.2998               380               388
    3678       47.1833               380               388
    3679       45.3737               389               390
    3680       45.1138               388               390
    3681       45.0820               388               390
    3682       46.4533               388               390
    3683       47.5417               387               391
    3684       46.8824               375               386
    3685       45.7734               384               386
    3686       46.1571               384               386
    3687       45.5462               384               386
    3688       45.1630               384               386
    3689       46.7044               388               390
    3690       45.7568               388               390
    3691       44.9952               388               390
    3692       45.6647               386               388
    3693       44.7548               388               390
    3694       45.5467               386               388
    3695       46.3192               375               386
    3696       45.5745               384               386
    3697       45.9708               375               386
    3698       47.0411               384               386
    3699       46.5243               384               386
    3700       46.3215               384               386
    3701       47.3749               375               386
    3702       47.0714               384               386
    3703       48.0049               375               379
    3704       47.8289               375               386
    3705       46.3789               375               386
    3706       46.1957               384               386
    3707       46.8048               389               391
    3708       47.4674               375               381
    3709       47.3661               389               391
    3710       47.1473               389               391
    3711       47.4429               389               391
    3712       47.4338               389               391
    3713       47.4006               389               391
    3714       47.4052               375               386
    3715       47.0895               389               391
    3716       47.4032               389               391
    3717       47.5248               377               379
    3718       47.4912               389               390
    3719       47.3112               382               384
    3720       47.4897               389               390
    3721       47.6278               375               379
    3722       47.5709               379               391
    3723       47.3278               389               390
    3724       47.8411               375               379
    3725       47.3085               375               386
    3726       47.2838               389               391
    3727       47.4292               377               383
    3728       47.3913               389               391
    3729       47.2892               377               379
    3730       47.7720               375               379
    3731       47.5485               389               391
    3732       47.4890               375               387
    3733       46.6217               387               391
    3734       47.2036               378               387
    3735       46.4559               377               383
    3736       45.8721               383               391
    3737       46.3337               383               391
    3738       45.6997               383               391
    3739       46.0858               387               391
    3740       45.7937               387               391
    3741       47.1992               387               391
    3742       47.3780               375               387
    3743       47.4390               377               379
    3744       47.5987               375               387
    3745       47.9241               389               391
    3746       46.6245               387               391
    3747       47.3899               375               381
    3748       47.3835               389               391
    3749       47.7537               375               379
    3750       47.4270               389               391
    3751       47.2518               377               379
    3752       47.2157               377               387
    3753       47.5413               375               381
    3754       47.5239               377               379
    3755       46.3891               387               391
    3756       45.5726               387               391
    3757       46.2715               387               391
    3758       45.8977               387               391
    3759       45.1685               387               391
    3760       44.7475               383               391
    3761       45.7750               383               391
    3762       46.5421               377               383
    3763       44.9242               383               391
    3764       45.4477               383               391
    3765       44.8120               383               391
    3766       44.0459               383               391
    3767       43.8764               383               391
    3768       44.2548               383               391
    3769       45.3805               383               391
    3770       44.2314               383               391
    3771       44.5497               383               391
    3772       44.9809               383               391
    3773       45.3192               383               391
    3774       44.0794               383               391
    3775       44.4880               389               391
    3776       45.3137               383               391
    3777       45.5907               383               391
    3778       44.9283               389               391
    3779       44.8880               383               391
    3780       45.0879               383               391
    3781       44.4468               383               391
    3782       44.8272               383               391
    3783       44.8322               383               385
    3784       45.8697               377               383
    3785       45.5062               383               385
    3786       45.7806               377               383
    3787       44.6035               383               391
    3788       44.5312               383               391
    3789       45.3401               383               385
    3790       45.1525               383               391
    3791       44.9108               383               391
    3792       44.9909               383               391
    3793       44.2773               383               391
    3794       44.5867               383               385
    3795       43.4086               388               391
    3796       43.2216               388               391
    3797       43.3883               388               391
    3798       44.2838               388               391
    3799       44.1073               383               391
    3800       43.9121               388               391
    3801       44.5009               383               391
    3802       44.4161               383               391
    3803       43.6773               388               391
    3804       43.0671               388               391
    3805       43.9083               389               391
    3806       44.6092               389               391
    3807       44.5836               389               391
    3808       43.9530               389               391
    3809       44.3881               388               391
    3810       44.8098               389               391
    3811       43.4336               389               391
    3812       43.8202               389               391
    3813       43.6484               388               391
    3814       43.1480               388               391
    3815       43.8663               383               391
    3816       44.3685               389               391
    3817       44.5876               388               391
    3818       43.1608               388               391
    3819       43.7870               389               391
    3820       43.0155               388               391
    3821       43.7281               383               391
    3822       44.9832               389               391
    3823       44.8606               383               391
    3824       43.5945               389               391
    3825       43.3788               388               391
    3826       43.1461               389               391
    3827       43.1232               388               391
    3828       43.0801               388               391
    3829       43.5013               389               391
    3830       43.8288               389               391
    3831       42.9202               388               391
    3832       43.1978               388               391
    3833       42.7199               388               391
    3834       42.6643               388               391
    3835       44.4874               389               391
    3836       43.2913               389               391
    3837       45.1562               383               391
    3838       44.9563               383               391
    3839       44.0105               383               391
    3840       43.7711               383               385
    3841       42.8006               388               391
    3842       42.5092               388               391
    3843       41.7435               388               391
    3844       42.7029               388               391
    3845       42.7888               388               391
    3846       43.4646               389               391
    3847       42.3903               388               391
    3848       42.5533               388               391
    3849       43.7247               388               391
    3850       42.9224               388               391
    3851       42.6006               388               391
    3852       42.8097               388               391
    3853       42.6427               388               391
    3854       41.6698               388               391
    3855       42.2785               388               391
    3856       42.5935               388               390
    3857       43.0928               389               391
    3858       42.1289               388               391
    3859       42.2896               388               391
    3860       42.6822               388               391
    3861       43.7833               388               391
    3862       43.0030               388               391
    3863       44.2903               383               391
    3864       44.3132               383               391
    3865       44.0785               383               385
    3866       43.9319               383               385
    3867       44.2836               383               385
    3868       43.6113               385               389
    3869       43.2026               385               389
    3870       43.6917               385               389
    3871       43.4912               385               389
    3872       44.7197               385               389
    3873       45.6773               383               385
    3874       46.4198               383               385
    3875       46.1271               377               383
    3876       46.1474               383               385
    3877       45.5488               383               385
    3878       46.8600               377               383
    3879       46.5441               377               383
    3880       46.4511               388               391
    3881       46.2528               377               383
    3882       46.6643               377               383
    3883       45.7874               382               383
    3884       45.5365               382               383
    3885       45.9658               382               383
    3886       45.5909               382               383
    3887       46.1591               382               383
    3888       45.9893               382               383
    3889       45.9152               382               383
    3890       46.1690               382               383
    3891       46.9913               376               390
    3892       46.1688               382               383
    3893       46.9844               376               383
    3894       46.8550               382               383
    3895       46.9043               382               390
    3896       47.3944               380               382
    3897       47.3683               382               384
    3898       46.7985               382               384
    3899       46.8462               380               382
    3900       47.0291               382               390
    3901       47.2989               380               382
    3902       46.8614               382               383
    3903       46.4359               382               384
    3904       47.3503               380               382
    3905       46.8852               380               382
    3906       46.6728               382               383
    3907       46.7604               377               383
    3908       46.1506               388               390
    3909       47.0498               388               390
    3910       47.0101               380               385
    3911       47.3996               380               385
    3912       47.7928               385               391
    3913       47.3310               377               383
    3914       47.4020               380               385
    3915       47.0464               388               390
    3916       46.4307               389               391
    3917       45.6880               389               391
    3918       46.4716               387               391
    3919       47.3284               376               391
    3920       47.6359               380               389
    3921       47.6165               376               383
    3922       46.7074               377               383
    3923       46.8948               377               391
    3924       47.0421               377               391
    3925       46.5948               388               390
    3926       46.6787               388               390
    3927       46.6611               388               390
    3928       47.0345               388               390
    3929       46.6398               388               390
    3930       46.4668               388               390
    3931       46.6053               388               390
    3932       46.4916               388               391
    3933       46.3638               388               390
    3934       45.4631               383               385
    3935       45.2881               384               386
    3936       46.5987               388               390
    3937       46.5818               388               390
    3938       46.0915               388               390
    3939       45.6182               384               386
    3940       44.2311               384               386
    3941       44.6166               386               388
    3942       44.3473               384               386
    3943       44.4592               384               386
    3944       44.6588               386               388
    3945       44.7912               384               386
    3946       43.7642               384               386
    3947       44.4931               384               386
    3948       44.0780               384               386
    3949       43.5831               386               388
    3950       43.9096               386               388
    3951       43.8616               386               388
    3952       43.9293               386               388
    3953       44.3496               384               386
    3954       44.4683               384               386
    3955       44.4574               384               386
    3956       44.6284               383               385
    3957       44.1842               384               385
    3958       45.3383               384               386
    3959       43.9274               384               386
    3960       44.5034               383               386
    3961       44.3618               384               386
    3962       44.1273               383               385
    3963       44.4442               384               386
    3964       43.7942               384               386
    3965       43.7797               383               385
    3966       44.6314               383               385
    3967       44.6146               384               385
    3968       44.0021               384               385
    3969       43.7121               384               385
    3970       43.7465               384               385
    3971       44.1435               384               385
    3972       43.7122               385               388
    3973       44.0050               384               386
    3974       43.4505               386               388
    3975       43.9570               384               386
    3976       43.1105               386               388
    3977       43.9991               386               388
    3978       43.7413               384               386
    3979       43.5104               386               388
    3980       44.0157               384               385
    3981       43.9463               384               386
    3982       44.3431               384               385
    3983       43.8946               384               385
    3984       44.1783               384               386
    3985       43.9281               383               385
    3986       44.0563               383               385
    3987       44.4734               383               385
    3988       43.8166               383               385
    3989       43.9666               383               385
    3990       43.5447               383               385
    3991       42.5322               386               388
    3992       43.1342               384               391
    3993       43.1558               388               391
    3994       42.8175               385               388
    3995       42.8465               385               388
    3996       43.4616               383               385
    3997       44.2415               383               385
    3998       44.5842               385               388
    3999       43.4367               383               391
    4000       42.4930               383               391
    4001       43.9185               385               388
    4002       44.3273               383               385
    4003       45.1653               383               385
    4004       44.7513               383               391
    4005       44.4064               383               385
    4006       44.3433               383               385
    4007       44.3419               383               385
    4008       44.1800               383               391
    4009       44.2599               383               391
    4010       44.0845               383               385
    4011       43.9895               383               385
    4012       44.6623               383               391
    4013       44.3778               383               391
    4014       43.9900               388               391
    4015       44.3296               383               391
    4016       43.5585               388               391
    4017       43.6221               388               391
    4018       43.6986               388               391
    4019       43.1886               388               391
    4020       44.3232               389               391
    4021       43.8349               388               391
    4022       43.9655               388               391
    4023       44.6981               389               391
    4024       44.5864               383               385
    4025       44.8110               383               391
    4026       44.8598               383               391
    4027       44.1402               383               391
    4028       43.9402               383               391
    4029       44.9402               388               391
    4030       44.3877               383               391
    4031       44.2001               383               391
    4032       44.6360               383               391
    4033       45.1340               383               385
    4034       44.5184               383               385
    4035       44.7008               383               385
    4036       45.0228               383               385
    4037       44.3440               383               385
    4038       44.0826               383               385
    4039       44.0635               383               385
    4040       44.4344               383               385
    4041       45.6963               389               391
    4042       47.2053               379               391
    4043       47.1135               379               391
    4044       47.3088               388               390
    4045       47.6223               375               389
    4046       46.9741               388               390
    4047       47.2852               375               386
    4048       46.9658               375               386
    4049       47.2544               375               386
    4050       47.2028               375               386
    4051       46.4868               384               386
    4052       47.2496               375               386
    4053       47.1157               376               390
    4054       46.3380               389               390
    4055       43.5794               389               391
    4056       41.8101               388               391
    4057       41.6222               388               391
    4058       42.5182               388               391
    4059       42.9938               388               391
    4060       42.8699               388               391
    4061       43.1299               388               391
    4062       43.3119               388               391
    4063       42.5509               388               390
    4064       42.9448               388               391
    4065       43.2755               388               391
    4066       43.5999               388               391
    4067       44.0094               389               391
    4068       44.2816               389               391
    4069       45.1055               389               391
    4070       46.1542               389               391
    4071       47.3630               378               389
    4072       47.0996               388               391
    4073       47.1387               389               390
    4074       46.7975               388               390
    4075       47.2907               380               389
    4076       47.4826               380               389
    4077       47.8339               376               380
    4078       47.7780               380               389
    4079       47.6750               376               380
    4080       47.6482               383               389
    4081       47.4382               387               391
    4082       47.0214               389               390
    4083       46.9660               389               390
    4084       47.1606               389               390
    4085       47.7570               383               389
    4086       47.0549               387               391
    4087       47.5368               387               391
    4088       47.4637               387               391
    4089       47.2331               387               391
    4090       47.4272               382               384
    4091       47.4195               387               390
    4092       47.3348               387               390
    4093       46.5772               387               391
    4094       46.6866               387               391
    4095       47.1657               381               387
    4096       45.7659               382               387
    4097       46.6042               382               387
    4098       46.5128               384               386
    4099       45.2011               386               387
    4100       45.3879               384               386
    4101       47.1563               382               384
    4102       46.4030               384               386
    4103       47.0034               375               386
    4104       46.5851               384               386
    4105       46.6115               384               386
    4106       47.2194               375               386
    4107       47.4874               378               388
    4108       46.9988               377               388
    4109       46.9553               379               391
    4110       46.9156               388               391
    4111       46.0603               388               391
    4112       47.5726               387               391
    4113       47.4714               375               386
    4114       47.6635               387               391
    4115       47.2914               379               391
    4116       47.6528               375               388
    4117       47.3913               382               391
    4118       47.5467               382               391
    4119       46.8978               378               388
    4120       47.7266               375               379
    4121       47.8574               384               388
    4122       47.6310               382               391
    4123       47.3952               375               386
    4124       47.8838               375               379
    4125       46.8583               388               391
    4126       47.5723               379               391
    4127       47.2376               379               391
    4128       47.1285               388               391
    4129       47.3243               375               388
    4130       47.6840               375               379
    4131       47.0827               375               386
    4132       47.5542               375               386
    4133       47.0330               388               391
    4134       47.6381               375               388
    4135       46.9467               388               391
    4136       47.6912               382               384
    4137       47.5062               387               391
    4138       47.7890               375               382
    4139       48.0365               375               382
    4140       47.8362               375               379
    4141       47.2712               380               388
    4142       47.4137               387               391
    4143       47.7010               378               386
    4144       47.8488               387               391
    4145       47.1136               375               388
    4146       47.3808               375               388
    4147       47.3851               382               391
    4148       47.4535               375               388
    4149       47.5884               387               391
    4150       46.2783               377               388
    4151       47.7003               387               391
    4152       47.6955               375               379
    4153       47.1985               375               386
    4154       47.5640               387               390
    4155       47.5606               387               391
    4156       46.4536               388               391
    4157       46.8592               388               391
    4158       47.2396               387               391
    4159       47.5553               375               388
    4160       47.3106               382               391
    4161       47.0890               388               391
    4162       46.3094               388               391
    4163       46.9434               379               391
    4164       47.3389               375               388
    4165       47.5005               387               391
    4166       46.3691               388               391
    4167       47.0899               382               391
    4168       45.9313               388               391
    4169       45.6531               388               391
    4170       45.7569               388               391
    4171       45.6142               388               391
    4172       45.2492               388               391
    4173       45.2332               388               391
    4174       45.1470               388               391
    4175       45.4079               388               391
    4176       45.6615               388               390
    4177       47.0845               376               390
    4178       45.0706               388               390
    4179       45.7309               389               390
    4180       45.9054               389               390
    4181       47.0941               389               390
    4182       47.1383               389               390
    4183       46.8249               389               390
    4184       47.3754               380               389
    4185       47.3957               389               390
    4186       47.6235               387               390
    4187       47.5161               382               390
    4188       46.9279               389               390
    4189       47.2017               389               390
    4190       47.5361               380               389
    4191       47.0933               387               391
    4192       47.4408               380               385
    4193       45.9866               383               385
    4194       45.9178               377               383
    4195       46.3017               377               383
    4196       46.2418               383               385
    4197       47.7329               380               388
    4198       47.2685               375               386
    4199       47.3290               375               386
    4200       46.8480               375               386
    4201       47.9944               375               379
    4202       47.0788               384               386
    4203       47.0782               375               388
    4204       46.3494               388               391
    4205       47.4894               379               391
    4206       47.4557               375               388
    4207       47.9522               375               388
    4208       47.5106               387               391
    4209       47.2031               375               386
    4210       47.4900               387               391
    4211       47.7621               375               388
    4212       47.7010               384               388
    4213       46.9437               387               391
    4214       47.1631               387               390
    4215       47.7340               375               382
    4216       47.5854               386               391
    4217       47.3697               386               387
    4218       47.8592               386               387
    4219       47.4553               387               391
    4220       47.2023               382               391
    4221       47.2420               378               388
    4222       47.4671               382               391
    4223       47.3017               382               384
    4224       47.2907               387               391
    4225       47.3720               387               391
    4226       47.5669               387               391
    4227       46.9965               387               391
    4228       46.7794               387               391
    4229       46.5497               387               391
    4230       47.1558               387               391
    4231       47.4384               387               390
    4232       47.2762               387               390
    4233       47.1483               375               386
    4234       46.9287               387               390
    4235       47.5747               387               390
    4236       46.5700               387               390
    4237       47.0223               375               386
    4238       46.2508               386               389
    4239       46.7089               375               386
    4240       46.0257               386               389
    4241       46.1597               375               386
    4242       45.5420               384               386
    4243       45.0083               384               386
    4244       45.1236               384               386
    4245       45.0800               384               386
    4246       45.2078               384               386
    4247       45.2036               384               386
    4248       45.5209               386               389
    4249       44.9994               384               386
    4250       45.9330               384               386
    4251       46.1167               375               386
    4252       45.4960               384               386
    4253       45.1702               384               386
    4254       45.3291               384               386
    4255       46.2923               384               386
    4256       45.5786               384               386
    4257       44.7151               384               386
    4258       45.2049               384               386
    4259       44.6073               384               386
    4260       43.7794               386               387
    4261       45.4813               384               386
    4262       45.6738               375               386
    4263       46.8266               375               386
    4264       47.1303               375               386
    4265       47.4162               387               390
    4266       47.1450               387               391
    4267       47.1421               387               390
    4268       46.5331               375               386
    4269       46.2774               389               391
    4270       46.7769               389               391
    4271       45.8583               389               391
    4272       46.9695               375               391
    4273       47.4202               375               381
    4274       47.4092               387               390
    4275       47.0491               387               391
    4276       46.9223               387               391
    4277       46.2329               375               386
    4278       47.0583               387               390
    4279       47.4109               375               388
    4280       47.3442               387               390
    4281       47.6782               375               379
    4282       46.6126               375               388
    4283       47.2667               377               383
    4284       46.9543               377               383
    4285       46.8686               377               383
    4286       47.4214               377               379
    4287       47.6101               375               383
    4288       47.6500               375               379
    4289       47.1436               384               386
    4290       47.5668               378               386
    4291       47.2669               375               386
    4292       46.7974               384               386
    4293       46.5357               384               386
    4294       47.4056               382               384
    4295       45.8522               384               386
    4296       47.4565               382               384
    4297       47.3915               375               386
    4298       47.4687               375               388
    4299       47.6178               375               388
    4300       47.2043               375               386
    4301       46.4775               375               386
    4302       47.3722               387               390
    4303       47.3937               387               390
    4304       47.3947               387               390
    4305       47.2019               387               391
    4306       46.2796               388               390
    4307       46.8363               377               388
    4308       47.6000               375               388
    4309       47.6766               387               391
    4310       46.9579               388               390
    4311       47.6793               382               390
    4312       47.2526               375               388
    4313       47.2745               375               388
    4314       46.6723               375               388
    4315       47.3008               380               389
    4316       47.0015               380               389
    4317       47.1127               380               389
    4318       47.0819               380               389
    4319       46.6916               388               390
    4320       46.1047               388               390
    4321       46.7338               388               390
    4322       47.3675               378               388
    4323       47.4323               387               391
    4324       47.3193               375               388
    4325       47.5558               387               390
    4326       47.4100               387               390
    4327       47.4673               382               390
    4328       46.9523               382               390
    4329       47.1492               378               388
    4330       45.7810               388               390
    4331       46.2520               388               390
    4332       47.0924               378               388
    4333       46.0792               388               390
    4334       46.5920               388               391
    4335       46.3387               388               391
    4336       46.2110               388               391
    4337       46.7168               388               390
    4338       47.1703               378               388
    4339       46.5819               388               390
    4340       46.8623               378               389
    4341       47.3716               378               388
    4342       46.5894               388               390
    4343       47.5067               387               390
    4344       46.8562               388               390
    4345       46.3396               388               390
    4346       46.3860               388               390
    4347       47.4899               378               388
    4348       46.7524               388               390
    4349       47.5565               375               388
    4350       47.0200               388               390
    4351       46.9934               377               388
    4352       47.3175               379               390
    4353       47.5673               379               390
    4354       47.3067               378               388
    4355       47.4320               387               390
    4356       47.3793               387               391
    4357       47.3426               388               390
    4358       47.5417               378               386
    4359       47.1757               378               388
    4360       45.5346               388               390
    4361       46.9210               377               388
    4362       46.5210               388               390
    4363       47.0618               377               383
    4364       46.6084               383               390
    4365       47.3457               377               383
    4366       47.0676               377               383
    4367       47.1576               377               383
    4368       46.8210               377               383
    4369       46.9130               377               383
    4370       47.4705               377               383
    4371       47.6677               375               383
    4372       47.3482               375               386
    4373       47.5877               375               383
    4374       47.7826               375               379
    4375       47.6850               375               386
    4376       47.3648               377               379
    4377       47.4753               375               388
    4378       46.3682               383               391
    4379       47.2298               379               391
    4380       46.7491               377               383
    4381       47.0804               379               391
    4382       47.4210               377               379
    4383       47.7746               386               391
    4384       47.6542               387               391
    4385       47.6054               378               388
    4386       47.5160               378               388
    4387       47.5137               387               391
    4388       46.6575               378               388
    4389       46.6903               378               388
    4390       46.7999               378               388
    4391       47.0407               388               391
    4392       45.5905               388               391
    4393       45.5194               388               391
    4394       45.4722               388               390
    4395       46.2695               388               391
    4396       47.4951               380               388
    4397       46.1703               388               391
    4398       45.2437               388               391
    4399       45.8507               388               391
    4400       45.8155               388               391
    4401       45.3971               388               391
    4402       46.4372               388               390
    4403       45.8290               388               390
    4404       46.1586               388               391
    4405       46.9984               388               390
    4406       47.2578               378               388
    4407       47.4670               387               391
    4408       47.5576               384               388
    4409       46.9917               382               391
    4410       47.3396               382               384
    4411       47.5796               375               388
    4412       46.9310               387               391
    4413       46.7349               382               384
    4414       46.1373               384               385
    4415       47.7204               382               391
    4416       47.6996               375               388
    4417       47.3564               382               391
    4418       47.7749               375               388
    4419       47.1788               387               391
    4420       47.3717               375               388
    4421       47.3693               375               388
    4422       47.7458               378               382
    4423       47.2184               382               384
    4424       47.1867               380               382
    4425       47.2332               380               382
    4426       47.0936               378               388
    4427       46.6720               388               391
    4428       45.5803               388               391
    4429       47.3994               378               388
    4430       47.4427               387               391
    4431       45.7520               384               386
    4432       46.0724               384               386
    4433       46.3141               384               385
    4434       45.5665               383               385
    4435       46.1468               383               385
    4436       46.0607               384               385
    4437       46.5605               382               384
    4438       46.4762               382               383
    4439       47.7156               384               388
    4440       47.6242               380               388
    4441       47.0095               388               390
    4442       47.0326               388               390
    4443       46.7973               388               390
    4444       47.6775               378               382
    4445       47.4778               384               388
    4446       47.1852               380               382
    4447       47.5476               378               386
    4448       46.7094               384               386
    4449       47.4602               378               386
    4450       47.1807               384               386
    4451       47.0369               375               386
    4452       47.3149               375               386
    4453       47.5008               378               388
    4454       47.6089               378               388
    4455       47.1318               388               391
    4456       47.3917               388               391
    4457       46.7849               379               391
    4458       46.7824               388               391
    4459       47.3953               382               391
    4460       47.2151               379               391
    4461       46.4589               377               383
    4462       47.4582               379               391
    4463       47.4343               375               388
    4464       47.7656               386               391
    4465       46.8373               388               391
    4466       46.5853               388               391
    4467       46.8299               388               391
    4468       46.3756               378               388
    4469       47.3335               375               388
    4470       47.7168               379               391
    4471       47.0212               375               388
    4472       47.4050               375               386
    4473       46.7869               384               386
    4474       47.6192               380               382
    4475       46.5853               382               384
    4476       47.6220               384               385
    4477       47.7803               384               388
    4478       47.6376               382               384
    4479       47.4999               387               391
    4480       47.0408               388               390
    4481       47.3321               382               390
    4482       47.4951               387               391
    4483       47.6313               384               388
    4484       47.7996               387               391
    4485       47.2739               387               391
    4486       46.6895               384               386
    4487       47.4812               387               391
    4488       46.6073               382               383
    4489       45.6015               382               383
    4490       46.1422               382               383
    4491       46.7415               382               388
    4492       47.3774               382               390
    4493       46.2876               377               383
    4494       46.0417               382               383
    4495       47.2830               380               382
    4496       45.7421               382               383
    4497       47.2644               382               390
    4498       47.0849               382               383
    4499       47.0013               382               390
    4500       46.4244               382               383
    4501       47.1660               387               391
    4502       47.2672               387               391
    4503       47.1647               382               383
    4504       46.7529               382               383
    4505       47.0880               382               384
    4506       46.6344               384               385
    4507       45.4536               384               385
    4508       46.2993               382               384
    4509       45.3508               384               386
    4510       45.6179               384               386
    4511       46.1228               384               385
    4512       45.7758               383               385
    4513       45.1340               383               385
    4514       45.6954               377               383
    4515       45.9508               377               383
    4516       45.8936               382               383
    4517       46.1103               377               383
    4518       46.0756               383               385
    4519       43.9391               383               385
    4520       44.7307               383               386
    4521       44.3222               383               386
    4522       43.1944               386               387
    4523       43.7696               383               386
    4524       44.6044               383               385
    4525       46.2567               383               385
    4526       46.4215               383               385
    4527       46.2471               383               385
    4528       45.7654               377               387
    4529       47.3675               387               390
    4530       45.5743               377               387
    4531       45.3838               377               388
    4532       46.9895               382               388
    4533       46.8565               377               383
    4534       46.8421               383               385
    4535       46.8954               387               391
    4536       46.5737               387               391
    4537       47.3127               387               391
    4538       47.3209               387               391
    4539       47.4913               376               390
    4540       47.5377               376               380
    4541       47.4663               376               390
    4542       46.1660               386               389
    4543       46.0012               389               390
    4544       46.5873               375               386
    4545       46.4976               384               386
    4546       47.0642               382               384
    4547       47.8853               383               389
    4548       47.0099               389               390
    4549       47.1133               377               390
    4550       47.1990               377               390
    4551       47.4211               375               381
    4552       47.4976               381               389
    4553       47.3140               381               389
    4554       47.2604               389               390
    4555       47.3972               380               389
    4556       46.2599               389               390
    4557       46.2748               389               390
    4558       46.0930               377               390
    4559       46.2583               376               391
    4560       46.3841               376               390
    4561       46.3743               376               390
    4562       45.8976               379               390
    4563       44.6247               379               390
    4564       45.2905               379               390
    4565       44.7582               379               391
    4566       44.8318               379               390
    4567       46.0360               389               391
    4568       45.9231               376               390
    4569       45.0671               389               391
    4570       44.9907               389               391
    4571       44.6611               389               390
    4572       43.4849               389               391
    4573       45.2465               389               390
    4574       44.3919               389               391
    4575       45.1320               389               391
    4576       45.9394               388               391
    4577       44.3866               388               391
    4578       44.2396               388               390
    4579       45.3271               388               390
    4580       44.6021               387               391
    4581       45.8497               389               391
    4582       45.4688               389               390
    4583       46.1419               389               390
    4584       46.6757               389               390
    4585       47.4177               388               391
    4586       47.3806               388               391
    4587       47.4748               380               387
    4588       47.3206               380               385
    4589       47.0064               389               390
    4590       47.5589               378               389
    4591       46.6901               389               390
    4592       47.3349               388               391
    4593       47.1689               388               391
    4594       47.1969               380               387
    4595       46.7236               378               387
    4596       46.9676               378               388
    4597       46.3280               378               388
    4598       46.8940               378               387
    4599       47.0190               388               390
    4600       46.6172               387               390
    4601       45.7942               387               390
    4602       47.3157               389               390
    4603       46.7136               387               390
    4604       47.3323               380               387
    4605       45.5856               387               390
    4606       45.1417               387               390
    4607       45.5439               387               390
    4608       46.7453               387               390
    4609       46.8874               387               390
    4610       45.8116               387               390
    4611       46.4711               387               390
    4612       46.7260               387               390
    4613       46.5764               387               390
    4614       46.6797               387               390
    4615       46.5350               387               390
    4616       45.9688               387               390
    4617       45.8806               387               390
    4618       46.1729               389               390
    4619       45.8032               387               390
    4620       46.0946               387               390
    4621       46.5494               387               390
    4622       46.7026               387               390
    4623       47.5022               387               390
    4624       47.7863               382               390
    4625       46.7821               389               390
    4626       45.7695               389               391
    4627       45.3441               389               390
    4628       46.9791               378               389
    4629       47.0703               389               390
    4630       46.5106               387               390
    4631       47.3339               378               389
    4632       47.1215               389               391
    4633       46.6370               389               391
    4634       46.9355               387               390
    4635       46.3058               387               390
    4636       46.7577               389               390
    4637       46.7633               387               390
    4638       46.3359               389               390
    4639       44.5796               389               390
    4640       46.3992               389               391
    4641       45.9372               389               391
    4642       46.3021               387               391
    4643       45.6155               389               391
    4644       47.2768               376               391
    4645       45.4609               389               391
    4646       46.1095               387               391
    4647       46.4561               381               387
    4648       45.1913               387               391
    4649       44.7646               387               391
    4650       44.0756               387               391
    4651       44.3935               387               391
    4652       45.7985               387               391
    4653       47.3676               375               386
    4654       46.2346               387               391
    4655       45.5991               387               391
    4656       45.7969               387               391
    4657       45.8864               387               391
    4658       45.2961               389               391
    4659       45.2125               387               391
    4660       44.7485               387               391
    4661       44.8438               387               391
    4662       45.3829               387               391
    4663       44.7200               387               391
    4664       45.3348               387               391
    4665       45.4345               387               391
    4666       45.1563               387               391
    4667       45.8300               387               391
    4668       46.0678               389               391
    4669       45.5963               389               391
    4670       45.8288               387               391
    4671       46.7779               387               391
    4672       46.8288               389               391
    4673       46.0324               389               391
    4674       45.4362               387               391
    4675       45.8415               387               391
    4676       46.5416               389               391
    4677       45.7395               389               391
    4678       44.3063               387               391
    4679       45.1642               387               391
    4680       45.4368               387               391
    4681       45.4181               389               391
    4682       44.5653               387               391
    4683       44.6267               389               391
    4684       45.9596               389               391
    4685       45.1849               389               391
    4686       47.0667               389               391
    4687       46.3494               377               388
    4688       45.8825               389               391
    4689       46.4291               378               389
    4690       46.0769               378               387
    4691       46.6082               378               387
    4692       46.8185               378               389
    4693       46.5306               378               387
    4694       46.6602               378               389
    4695       47.1337               378               389
    4696       47.0913               389               391
    4697       47.4116               375               389
    4698       46.7791               377               389
    4699       46.9231               377               383
    4700       46.9957               377               389
    4701       46.8695               377               383
    4702       46.6015               377               389
    4703       46.3219               377               383
    4704       45.7999               377               383
    4705       46.5180               377               389
    4706       46.7221               377               389
    4707       46.4233               378               389
    4708       45.6009               378               389
    4709       46.5564               378               388
    4710       46.6125               378               389
    4711       46.7184               378               389
    4712       46.0255               378               387
    4713       46.3947               378               389
    4714       46.0732               378               389
    4715       45.8562               378               389
    4716       46.3703               378               389
    4717       46.3592               378               389
    4718       46.9203               378               389
    4719       46.1123               378               389
    4720       46.7660               378               385
    4721       46.8120               378               389
    4722       46.7733               378               389
    4723       46.7907               378               385
    4724       46.0923               384               386
    4725       46.5782               378               386
    4726       46.8349               378               385
    4727       46.6619               378               386
    4728       46.6360               378               389
    4729       46.9884               378               386
    4730       46.7747               378               391
    4731       46.8415               378               385
    4732       46.8240               378               385
    4733       46.7531               378               386
    4734       46.3457               378               389
    4735       46.4716               378               389
    4736       46.7996               378               390
    4737       46.7350               378               389
    4738       46.6308               378               389
    4739       46.9631               378               385
    4740       47.0232               378               385
    4741       47.0367               378               385
    4742       46.7286               378               385
    4743       46.7397               378               386
    4744       46.9581               378               386
    4745       46.8987               375               386
    4746       46.8809               378               385
    4747       47.0389               377               386
    4748       47.4334               377               389
    4749       47.3639               377               389
    4750       46.9619               377               383
    4751       47.2923               377               386
    4752       47.0824               378               386
    4753       47.4175               377               385
    4754       47.6040               377               386
    4755       46.9627               375               386
    4756       46.9213               375               386
    4757       47.1314               375               386
    4758       47.5575               377               386
    4759       47.0832               375               386
    4760       47.4462               377               386
    4761       47.3961               377               386
    4762       46.9898               378               386
    4763       47.0905               375               389
    4764       46.7383               375               386
    4765       46.8311               375               386
    4766       46.5150               375               386
    4767       46.4012               375               386
    4768       46.5791               375               386
    4769       46.6689               375               386
    4770       46.7384               375               386
    4771       47.2275               375               386
    4772       47.4637               377               386
    4773       47.3301               375               386
    4774       46.8131               375               386
    4775       47.1904               375               382
    4776       46.7169               386               387
    4777       47.2626               377               386
    4778       46.7895               386               387
    4779       47.2381               375               386
    4780       47.1295               375               386
    4781       47.1585               382               387
    4782       46.0401               375               386
    4783       47.0578               375               386
    4784       46.7268               375               386
    4785       47.4903               375               386
    4786       47.5344               377               386
    4787       47.0433               375               386
    4788       46.5096               375               386
    4789       46.9382               375               386
    4790       46.9240               375               386
    4791       46.9226               377               386
    4792       47.2290               377               386
    4793       47.5241               377               386
    4794       47.3790               375               386
    4795       46.9353               375               386
    4796       47.6362               375               382
    4797       47.5235               382               387
    4798       46.3035               375               386
    4799       46.5141               375               386
    4800       46.9767               375               386
    4801       46.5925               386               387
    4802       46.1841               375               386
    4803       47.0584               375               386
    4804       47.1371               375               386
    4805       46.8232               378               385
    4806       46.8882               378               385
    4807       46.9804               378               385
    4808       47.0080               378               386
    4809       47.3258               378               389
    4810       47.1198               377               386
    4811       46.9008               375               386
    4812       47.1172               375               386
    4813       47.5587               377               386
    4814       47.2798               375               386
    4815       47.4697               377               386
    4816       46.3437               375               386
    4817       46.3378               384               386
    4818       45.6334               384               386
    4819       45.8454               375               386
    4820       45.8939               375               386
    4821       46.3013               375               386
    4822       46.3225               384               386
    4823       46.2937               384               386
    4824       46.5787               384               386
    4825       45.1209               384               386
    4826       46.0835               384               386
    4827       45.5661               375               386
    4828       45.3499               384               386
    4829       45.1510               384               386
    4830       45.4720               375               386
    4831       45.7666               375               386
    4832       44.8884               384               386
    4833       46.2025               375               386
    4834       45.6880               384               386
    4835       46.3496               375               386
    4836       46.8100               378               386
    4837       45.9747               384               386
    4838       45.3587               384               386
    4839       46.7090               378               386
    4840       45.3370               384               386
    4841       45.7357               375               386
    4842       45.5766               380               386
    4843       45.1034               384               386
    4844       45.0861               384               386
    4845       44.8961               384               386
    4846       45.1651               384               386
    4847       43.8186               386               388
    4848       44.0647               384               391
    4849       44.1627               384               391
    4850       44.0920               384               391
    4851       45.1200               384               391
    4852       44.4905               384               391
    4853       44.4172               384               386
    4854       44.7032               384               391
    4855       44.3558               384               386
    4856       44.4258               384               391
    4857       44.1090               384               391
    4858       43.4091               384               391
    4859       43.5848               383               391
    4860       43.4285               384               391
    4861       43.7056               384               391
    4862       44.4067               384               386
    4863       43.9965               384               391
    4864       44.5244               384               391
    4865       43.7415               384               391
    4866       44.2895               384               386
    4867       44.0142               384               391
    4868       43.7041               384               386
    4869       44.7778               383               386
    4870       44.0985               383               386
    4871       43.7796               384               386
    4872       44.2660               384               386
    4873       44.1332               384               386
    4874       43.6268               386               389
    4875       43.3785               386               389
    4876       43.0207               386               389
    4877       43.5173               386               389
    4878       43.4828               386               389
    4879       43.7049               386               389
    4880       43.6669               386               389
    4881       43.4355               386               389
    4882       43.3784               386               389
    4883       43.7206               386               389
    4884       43.2924               386               389
    4885       43.6478               386               389
    4886       45.2641               386               388
    4887       44.5167               386               389
    4888       45.1850               386               388
    4889       45.0757               386               388
    4890       45.1061               386               388
    4891       45.0077               386               389
    4892       45.3494               386               388
    4893       44.7800               381               389
    4894       44.7481               381               389
    4895       43.9292               381               389
    4896       44.7945               381               389
    4897       45.0426               381               389
    4898       44.9724               381               389
    4899       44.8733               381               389
    4900       44.4992               381               389
    4901       44.2118               386               389
    4902       44.5969               381               388
    4903       45.2210               381               388
    4904       44.4072               386               389
    4905       42.7817               389               391
    4906       43.7074               381               389
    4907       43.4907               381               389
    4908       43.7926               381               389
    4909       44.0679               381               389
    4910       43.9256               381               389
    4911       45.6966               381               387
    4912       46.0956               378               387
    4913       45.3379               378               387
    4914       43.2714               381               389
    4915       43.8673               381               389
    4916       44.4501               381               387
    4917       44.2468               381               389
    4918       43.6598               381               389
    4919       43.6952               389               391
    4920       43.8424               381               389
    4921       43.6208               381               389
    4922       44.0511               381               387
    4923       43.2665               381               389
    4924       43.5618               387               391
    4925       43.6488               387               391
    4926       43.1464               389               391
    4927       44.1766               387               391
    4928       44.3929               387               391
    4929       43.5399               389               391
    4930       43.7793               381               389
    4931       43.2652               388               391
    4932       43.0524               381               388
    4933       44.4367               381               388
    4934       44.5506               388               391
    4935       44.5016               389               391
    4936       43.0835               388               391
    4937       42.7327               388               391
    4938       43.3022               381               388
    4939       44.2711               381               388
    4940       44.1713               388               391
    4941       45.2147               387               391
    4942       45.2896               378               387
    4943       44.5737               381               387
    4944       44.7396               381               387
    4945       45.0294               381               387
    4946       44.1738               381               387
    4947       44.9947               381               387
    4948       45.5270               378               387
    4949       45.7666               381               389
    4950       45.8830               381               389
    4951       45.0720               386               389
    4952       45.4232               386               389
    4953       45.0120               386               387
    4954       44.0031               386               389
    4955       44.2598               386               387
    4956       44.1073               386               389
    4957       43.6645               386               387
    4958       44.4178               386               387
    4959       45.4223               386               389
    4960       45.5043               386               389
    4961       45.1730               386               389
    4962       45.2471               384               386
    4963       45.4062               384               386
    4964       44.8656               386               389
    4965       44.3504               386               387
    4966       44.2478               384               386
    4967       44.7928               381               384
    4968       44.5631               384               386
    4969       44.5711               384               386
    4970       43.6603               386               387
    4971       42.7595               387               391
    4972       42.5310               387               391
    4973       43.2656               386               387
    4974       44.2890               386               387
    4975       44.7701               384               386
    4976       44.6880               384               386
    4977       44.6773               384               386
    4978       45.9224               375               386
    4979       44.8689               384               386
    4980       44.3249               384               386
    4981       44.5170               384               386
    4982       45.5077               384               386
    4983       45.3083               386               389
    4984       43.5579               386               387
    4985       44.6343               384               386
    4986       44.3890               384               386
    4987       44.7789               384               386
    4988       44.5659               384               386
    4989       44.4927               384               386
    4990       44.1752               384               386
    4991       44.5580               386               387
    4992       44.2971               386               387
    4993       44.1570               381               387
    4994       43.9010               381               387
    4995       44.9246               381               387
    4996       44.3165               386               387
    4997       44.7011               386               387
    4998       44.8123               386               389
    4999       44.2592               386               387
    5000       44.0608               386               387
