#Frame   PFOAPolymer
       1       3.147
       2       2.796
       3       2.991
       4       3.069
       5       2.822
       6       3.040
       7       2.943
       8       3.096
       9       2.754
      10       3.268
      11       2.846
      12       2.915
      13       3.283
      14       2.817
      15       2.793
      16       2.937
      17       3.033
      18       2.836
      19       3.033
      20       3.127
      21       3.016
      22       2.963
      23       3.079
      24       2.946
      25       3.175
      26       3.075
      27       2.879
      28       3.071
      29       3.034
      30       2.862
      31       3.149
      32       2.906
      33       3.087
      34       2.858
      35       3.186
      36       2.858
      37       3.047
      38       2.985
      39       3.133
      40       3.019
      41       3.167
      42       3.000
      43       2.735
      44       2.893
      45       2.920
      46       2.852
      47       2.782
      48       3.152
      49       2.783
      50       2.741
      51       2.986
      52       2.960
      53       3.088
      54       2.856
      55       3.133
      56       2.917
      57       2.937
      58       3.166
      59       3.069
      60       2.917
      61       2.963
      62       3.001
      63       3.154
      64       3.016
      65       3.037
      66       2.864
      67       2.980
      68       3.125
      69       3.149
      70       2.923
      71       2.933
      72       3.076
      73       2.901
      74       3.020
      75       3.128
      76       2.995
      77       3.324
      78       3.042
      79       3.099
      80       2.904
      81       2.894
      82       3.113
      83       2.881
      84       2.937
      85       3.155
      86       3.184
      87       2.820
      88       3.118
      89       2.818
      90       3.115
      91       2.951
      92       2.994
      93       2.955
      94       2.997
      95       3.084
      96       2.959
      97       2.967
      98       3.142
      99       2.788
     100       2.914
     101       2.943
     102       3.087
     103       2.884
     104       2.826
     105       2.853
     106       2.891
     107       2.981
     108       2.845
     109       3.089
     110       2.998
     111       3.028
     112       3.035
     113       2.837
     114       2.965
     115       3.016
     116       2.975
     117       3.425
     118       2.790
     119       3.190
     120       3.245
     121       3.071
     122       3.044
     123       2.812
     124       2.949
     125       2.891
     126       2.853
     127       2.716
     128       2.983
     129       2.906
     130       2.876
     131       3.102
     132       3.030
     133       3.026
     134       3.015
     135       2.884
     136       3.073
     137       2.700
     138       2.900
     139       3.038
     140       2.895
     141       3.066
     142       2.686
     143       3.100
     144       3.052
     145       2.876
     146       2.883
     147       2.946
     148       2.763
     149       2.988
     150       2.915
     151       2.983
     152       2.923
     153       3.152
     154       2.745
     155       3.035
     156       2.844
     157       3.225
     158       2.895
     159       2.976
     160       3.008
     161       3.135
     162       2.895
     163       2.986
     164       2.993
     165       3.018
     166       3.022
     167       2.868
     168       2.934
     169       3.106
     170       3.020
     171       2.786
     172       3.015
     173       2.943
     174       3.006
     175       2.986
     176       2.934
     177       3.016
     178       2.922
     179       3.275
     180       3.025
     181       3.088
     182       3.065
     183       2.926
     184       3.025
     185       2.611
     186       3.129
     187       3.038
     188       3.055
     189       2.886
     190       3.123
     191       2.991
     192       3.226
     193       3.154
     194       3.000
     195       2.898
     196       3.161
     197       2.957
     198       2.849
     199       2.962
     200       2.927
     201       2.847
     202       2.785
     203       3.074
     204       2.734
     205       2.943
     206       3.036
     207       2.924
     208       3.107
     209       3.090
     210       2.960
     211       2.883
     212       2.924
     213       2.952
     214       2.775
     215       3.062
     216       3.043
     217       3.027
     218       3.079
     219       3.080
     220       2.919
     221       2.998
     222       3.248
     223       3.124
     224       3.028
     225       3.139
     226       2.710
     227       3.129
     228       2.904
     229       2.832
     230       3.100
     231       2.998
     232       2.753
     233       2.939
     234       2.704
     235       3.257
     236       3.305
     237       3.054
     238       3.148
     239       2.815
     240       2.894
     241       3.161
     242       3.195
     243       3.110
     244       3.103
     245       3.018
     246       2.942
     247       3.215
     248       2.913
     249       2.972
     250       3.138
     251       3.220
     252       3.001
     253       3.038
     254       2.985
     255       3.168
     256       3.121
     257       2.994
     258       2.904
     259       3.211
     260       3.058
     261       2.745
     262       2.874
     263       3.004
     264       2.833
     265       3.001
     266       2.955
     267       2.812
     268       2.937
     269       3.015
     270       2.813
     271       2.851
     272       2.898
     273       3.060
     274       2.877
     275       2.853
     276       2.923
     277       3.093
     278       3.008
     279       3.000
     280       3.136
     281       3.180
     282       2.951
     283       2.943
     284       3.051
     285       3.217
     286       2.954
     287       3.122
     288       2.965
     289       3.196
     290       3.002
     291       3.151
     292       2.951
     293       3.007
     294       2.902
     295       2.958
     296       2.962
     297       3.059
     298       3.171
     299       2.947
     300       3.075
     301       3.015
     302       2.724
     303       3.095
     304       2.861
     305       2.754
     306       3.048
     307       3.054
     308       2.917
     309       3.160
     310       3.041
     311       3.202
     312       2.758
     313       2.796
     314       3.036
     315       3.151
     316       3.115
     317       3.018
     318       2.888
     319       3.136
     320       3.058
     321       2.895
     322       2.997
     323       2.946
     324       2.704
     325       3.080
     326       2.709
     327       2.874
     328       2.706
     329       3.068
     330       2.749
     331       3.048
     332       2.805
     333       2.987
     334       2.739
     335       3.103
     336       2.811
     337       3.166
     338       3.054
     339       3.007
     340       2.815
     341       2.984
     342       2.827
     343       2.972
     344       3.122
     345       2.812
     346       3.076
     347       2.803
     348       2.910
     349       2.711
     350       2.879
     351       2.809
     352       2.941
     353       2.791
     354       2.885
     355       2.919
     356       2.809
     357       3.151
     358       3.073
     359       3.007
     360       3.279
     361       2.863
     362       3.165
     363       2.830
     364       3.003
     365       2.996
     366       3.024
     367       2.950
     368       2.903
     369       2.919
     370       2.926
     371       3.035
     372       2.900
     373       3.017
     374       3.193
     375       3.073
     376       3.029
     377       2.912
     378       2.940
     379       2.864
     380       2.900
     381       3.098
     382       3.110
     383       3.019
     384       2.911
     385       2.889
     386       2.869
     387       3.208
     388       3.050
     389       3.102
     390       2.872
     391       2.987
     392       3.012
     393       3.079
     394       2.827
     395       2.891
     396       2.944
     397       2.861
     398       3.010
     399       3.001
     400       2.862
     401       3.088
     402       3.056
     403       3.034
     404       2.887
     405       2.898
     406       3.045
     407       2.964
     408       2.964
     409       2.829
     410       3.223
     411       3.000
     412       2.965
     413       3.184
     414       2.857
     415       3.024
     416       3.139
     417       3.028
     418       3.111
     419       2.902
     420       3.251
     421       3.049
     422       3.040
     423       2.791
     424       3.105
     425       2.742
     426       2.814
     427       3.074
     428       2.794
     429       2.983
     430       2.923
     431       2.773
     432       2.995
     433       3.119
     434       3.189
     435       2.825
     436       3.157
     437       2.918
     438       3.174
     439       3.049
     440       2.950
     441       3.047
     442       2.896
     443       3.095
     444       2.866
     445       2.970
     446       2.777
     447       2.753
     448       2.966
     449       2.925
     450       3.049
     451       2.894
     452       2.699
     453       3.399
     454       3.027
     455       2.979
     456       3.022
     457       2.904
     458       2.967
     459       2.922
     460       2.848
     461       2.761
     462       3.142
     463       2.975
     464       2.882
     465       3.051
     466       2.763
     467       2.875
     468       3.025
     469       2.971
     470       2.953
     471       2.805
     472       3.120
     473       2.914
     474       2.892
     475       2.942
     476       2.916
     477       3.038
     478       2.828
     479       3.014
     480       3.030
     481       2.937
     482       2.793
     483       2.797
     484       2.920
     485       2.926
     486       2.904
     487       3.037
     488       2.861
     489       2.706
     490       2.890
     491       3.091
     492       2.889
     493       2.875
     494       3.185
     495       2.854
     496       2.937
     497       3.003
     498       3.071
     499       2.963
     500       3.025
     501       3.025
     502       2.846
     503       2.935
     504       3.024
     505       2.820
     506       3.110
     507       2.995
     508       2.998
     509       2.855
     510       3.112
     511       2.892
     512       2.886
     513       2.981
     514       2.879
     515       2.858
     516       3.025
     517       3.016
     518       2.837
     519       3.015
     520       2.956
     521       2.865
     522       2.733
     523       2.887
     524       2.930
     525       2.783
     526       3.096
     527       2.656
     528       3.056
     529       2.865
     530       3.145
     531       3.054
     532       3.178
     533       2.798
     534       2.748
     535       3.057
     536       2.757
     537       3.152
     538       3.140
     539       3.035
     540       2.954
     541       3.041
     542       3.020
     543       2.960
     544       3.233
     545       2.833
     546       3.194
     547       2.999
     548       2.994
     549       3.016
     550       2.913
     551       3.075
     552       3.026
     553       3.227
     554       2.948
     555       2.914
     556       3.020
     557       3.071
     558       2.917
     559       2.897
     560       3.088
     561       3.019
     562       2.928
     563       3.058
     564       2.955
     565       3.053
     566       2.961
     567       2.987
     568       2.762
     569       3.319
     570       3.128
     571       3.111
     572       3.049
     573       2.983
     574       3.301
     575       2.968
     576       3.014
     577       2.990
     578       2.870
     579       2.901
     580       2.959
     581       2.773
     582       2.994
     583       3.009
     584       3.064
     585       3.009
     586       2.863
     587       2.794
     588       3.020
     589       2.943
     590       3.025
     591       3.109
     592       3.005
     593       2.984
     594       3.099
     595       2.981
     596       2.843
     597       3.097
     598       2.659
     599       2.932
     600       2.910
     601       3.077
     602       2.979
     603       2.852
     604       3.017
     605       2.921
     606       3.021
     607       3.141
     608       2.973
     609       3.083
     610       3.028
     611       3.134
     612       2.863
     613       3.026
     614       2.926
     615       3.107
     616       3.061
     617       2.791
     618       2.991
     619       2.760
     620       3.047
     621       3.127
     622       3.158
     623       2.881
     624       2.784
     625       3.090
     626       3.009
     627       2.987
     628       2.895
     629       2.913
     630       3.000
     631       2.987
     632       2.741
     633       2.922
     634       2.939
     635       3.057
     636       2.848
     637       2.809
     638       3.152
     639       3.094
     640       2.942
     641       2.910
     642       3.038
     643       3.118
     644       3.174
     645       3.025
     646       2.911
     647       2.993
     648       3.029
     649       2.978
     650       2.959
     651       2.822
     652       2.926
     653       2.847
     654       2.787
     655       3.030
     656       2.899
     657       3.001
     658       2.887
     659       2.829
     660       2.946
     661       2.843
     662       2.879
     663       2.980
     664       2.947
     665       2.893
     666       2.918
     667       2.945
     668       2.894
     669       2.914
     670       2.952
     671       2.903
     672       2.784
     673       2.893
     674       2.708
     675       2.832
     676       2.955
     677       3.046
     678       2.847
     679       2.889
     680       3.023
     681       2.924
     682       3.142
     683       2.983
     684       2.804
     685       2.937
     686       2.965
     687       3.003
     688       2.996
     689       2.994
     690       2.955
     691       3.232
     692       2.975
     693       3.158
     694       2.826
     695       2.917
     696       3.071
     697       3.029
     698       3.048
     699       2.893
     700       2.899
     701       3.052
     702       3.008
     703       3.048
     704       3.056
     705       3.003
     706       2.918
     707       3.037
     708       2.975
     709       3.041
     710       2.961
     711       2.866
     712       2.870
     713       3.017
     714       2.852
     715       2.829
     716       3.070
     717       3.011
     718       2.907
     719       2.968
     720       2.790
     721       2.797
     722       3.093
     723       2.855
     724       2.924
     725       3.157
     726       2.927
     727       2.987
     728       2.935
     729       3.013
     730       3.010
     731       2.941
     732       2.986
     733       3.022
     734       2.957
     735       3.025
     736       2.992
     737       2.910
     738       2.980
     739       2.912
     740       2.909
     741       2.878
     742       2.992
     743       3.057
     744       2.717
     745       2.864
     746       3.095
     747       2.884
     748       2.879
     749       2.865
     750       3.156
     751       2.833
     752       3.113
     753       2.868
     754       3.055
     755       2.986
     756       2.847
     757       2.954
     758       3.128
     759       2.820
     760       2.829
     761       2.970
     762       3.061
     763       2.893
     764       2.855
     765       3.110
     766       2.850
     767       2.944
     768       3.306
     769       2.974
     770       2.998
     771       3.112
     772       2.803
     773       3.215
     774       2.791
     775       3.009
     776       2.773
     777       2.815
     778       2.939
     779       2.955
     780       2.832
     781       3.198
     782       2.960
     783       3.095
     784       2.753
     785       2.849
     786       2.914
     787       2.786
     788       2.967
     789       3.018
     790       2.971
     791       2.951
     792       2.837
     793       2.835
     794       2.923
     795       2.974
     796       2.963
     797       2.857
     798       2.897
     799       3.103
     800       2.958
     801       2.781
     802       2.954
     803       2.956
     804       2.950
     805       2.970
     806       3.155
     807       2.792
     808       2.912
     809       2.946
     810       3.195
     811       3.075
     812       2.869
     813       3.027
     814       2.890
     815       3.126
     816       2.930
     817       3.021
     818       2.851
     819       2.849
     820       2.952
     821       3.082
     822       2.872
     823       2.909
     824       3.006
     825       2.749
     826       2.745
     827       3.052
     828       2.963
     829       2.945
     830       2.978
     831       3.070
     832       2.910
     833       3.014
     834       2.977
     835       3.074
     836       2.746
     837       3.058
     838       2.899
     839       3.096
     840       3.027
     841       2.807
     842       2.954
     843       3.062
     844       2.847
     845       2.932
     846       2.939
     847       2.939
     848       2.874
     849       2.992
     850       2.838
     851       2.903
     852       2.846
     853       2.958
     854       2.896
     855       2.707
     856       2.987
     857       2.907
     858       2.977
     859       2.852
     860       2.866
     861       3.026
     862       2.955
     863       3.055
     864       2.978
     865       3.111
     866       3.217
     867       2.899
     868       2.955
     869       3.125
     870       3.078
     871       3.040
     872       3.249
     873       3.017
     874       2.867
     875       2.994
     876       2.802
     877       2.977
     878       2.903
     879       3.056
     880       2.921
     881       2.904
     882       2.739
     883       3.163
     884       2.722
     885       2.960
     886       3.039
     887       2.916
     888       2.896
     889       2.907
     890       3.114
     891       2.878
     892       2.900
     893       2.826
     894       2.777
     895       3.098
     896       2.891
     897       2.857
     898       2.977
     899       3.190
     900       2.879
     901       2.881
     902       2.709
     903       2.775
     904       2.971
     905       3.093
     906       2.817
     907       3.002
     908       2.899
     909       2.844
     910       2.935
     911       2.830
     912       2.995
     913       2.785
     914       2.925
     915       2.965
     916       2.943
     917       3.041
     918       2.975
     919       3.057
     920       2.993
     921       3.098
     922       2.983
     923       3.163
     924       2.983
     925       3.113
     926       3.022
     927       2.874
     928       3.150
     929       3.007
     930       3.068
     931       2.995
     932       3.171
     933       3.040
     934       2.896
     935       2.921
     936       2.982
     937       2.980
     938       3.005
     939       3.089
     940       2.904
     941       2.989
     942       2.902
     943       2.865
     944       2.725
     945       2.947
     946       3.118
     947       2.939
     948       2.916
     949       2.866
     950       2.928
     951       2.995
     952       2.982
     953       2.866
     954       2.886
     955       2.973
     956       3.140
     957       2.917
     958       3.173
     959       2.979
     960       2.907
     961       2.971
     962       3.155
     963       2.940
     964       2.981
     965       3.099
     966       2.871
     967       3.036
     968       2.833
     969       2.912
     970       3.251
     971       2.955
     972       3.054
     973       3.091
     974       2.995
     975       3.015
     976       2.933
     977       3.008
     978       2.901
     979       2.976
     980       2.947
     981       2.837
     982       3.017
     983       3.002
     984       2.967
     985       3.097
     986       3.166
     987       2.801
     988       2.925
     989       2.933
     990       2.831
     991       2.845
     992       2.879
     993       2.984
     994       2.752
     995       3.089
     996       2.987
     997       3.218
     998       3.002
     999       3.072
    1000       3.073
    1001       2.937
    1002       3.009
    1003       2.885
    1004       2.861
    1005       3.086
    1006       3.001
    1007       3.021
    1008       2.980
    1009       2.910
    1010       3.163
    1011       2.900
    1012       2.933
    1013       2.983
    1014       2.941
    1015       3.048
    1016       3.074
    1017       3.196
    1018       3.107
    1019       3.206
    1020       2.933
    1021       3.012
    1022       2.785
    1023       3.030
    1024       2.903
    1025       3.068
    1026       3.037
    1027       2.995
    1028       3.335
    1029       2.993
    1030       3.220
    1031       3.077
    1032       2.925
    1033       2.917
    1034       3.065
    1035       2.922
    1036       3.072
    1037       2.888
    1038       3.068
    1039       3.264
    1040       3.007
    1041       2.993
    1042       3.062
    1043       3.022
    1044       3.120
    1045       2.965
    1046       2.941
    1047       3.286
    1048       2.930
    1049       3.156
    1050       3.092
    1051       2.971
    1052       2.833
    1053       2.914
    1054       2.871
    1055       3.019
    1056       3.088
    1057       3.242
    1058       2.892
    1059       2.849
    1060       2.916
    1061       2.995
    1062       2.882
    1063       2.930
    1064       2.908
    1065       2.854
    1066       2.975
    1067       3.082
    1068       2.978
    1069       3.023
    1070       3.203
    1071       3.018
    1072       3.062
    1073       3.323
    1074       3.205
    1075       2.892
    1076       3.195
    1077       3.516
    1078       3.345
    1079       3.218
    1080       3.237
    1081       3.416
    1082       3.381
    1083       3.116
    1084       3.464
    1085       2.751
    1086       3.154
    1087       3.199
    1088       3.304
    1089       2.963
    1090       2.989
    1091       3.438
    1092       3.219
    1093       3.063
    1094       3.149
    1095       3.080
    1096       2.949
    1097       3.166
    1098       3.318
    1099       3.391
    1100       3.147
    1101       3.131
    1102       3.103
    1103       2.956
    1104       2.809
    1105       3.008
    1106       2.972
    1107       3.123
    1108       2.962
    1109       3.068
    1110       2.992
    1111       2.876
    1112       2.672
    1113       2.779
    1114       3.057
    1115       3.174
    1116       3.259
    1117       3.171
    1118       2.918
    1119       3.190
    1120       3.080
    1121       2.832
    1122       3.221
    1123       2.976
    1124       3.030
    1125       3.008
    1126       3.083
    1127       3.138
    1128       3.163
    1129       2.948
    1130       3.147
    1131       3.122
    1132       2.817
    1133       3.323
    1134       3.145
    1135       2.845
    1136       2.901
    1137       2.901
    1138       2.791
    1139       3.065
    1140       2.927
    1141       2.992
    1142       2.969
    1143       3.110
    1144       3.050
    1145       2.994
    1146       2.990
    1147       2.819
    1148       3.290
    1149       3.027
    1150       2.868
    1151       3.030
    1152       3.231
    1153       2.848
    1154       2.771
    1155       2.763
    1156       2.926
    1157       3.062
    1158       2.767
    1159       2.925
    1160       2.978
    1161       2.765
    1162       3.100
    1163       3.100
    1164       2.940
    1165       2.999
    1166       3.027
    1167       2.978
    1168       3.169
    1169       3.106
    1170       3.035
    1171       2.810
    1172       2.986
    1173       2.877
    1174       3.160
    1175       2.763
    1176       3.105
    1177       3.235
    1178       2.846
    1179       3.141
    1180       3.082
    1181       2.991
    1182       3.058
    1183       2.982
    1184       3.004
    1185       2.938
    1186       3.044
    1187       3.159
    1188       3.137
    1189       3.164
    1190       2.868
    1191       2.790
    1192       2.939
    1193       3.201
    1194       3.139
    1195       3.203
    1196       3.118
    1197       2.968
    1198       3.054
    1199       2.776
    1200       3.065
    1201       3.048
    1202       3.153
    1203       2.778
    1204       3.108
    1205       2.889
    1206       3.216
    1207       3.091
    1208       3.164
    1209       2.879
    1210       3.048
    1211       3.094
    1212       3.365
    1213       2.960
    1214       3.270
    1215       2.915
    1216       3.286
    1217       3.050
    1218       2.990
    1219       3.064
    1220       3.116
    1221       2.991
    1222       3.074
    1223       3.062
    1224       3.248
    1225       2.959
    1226       3.010
    1227       3.023
    1228       2.897
    1229       3.005
    1230       2.964
    1231       2.824
    1232       3.153
    1233       3.022
    1234       3.035
    1235       3.131
    1236       3.069
    1237       3.081
    1238       3.096
    1239       3.033
    1240       2.705
    1241       3.081
    1242       3.049
    1243       3.013
    1244       3.098
    1245       3.087
    1246       2.708
    1247       2.812
    1248       3.059
    1249       3.093
    1250       2.998
    1251       2.938
    1252       2.969
    1253       3.128
    1254       2.913
    1255       3.082
    1256       3.165
    1257       2.684
    1258       2.995
    1259       2.985
    1260       3.045
    1261       2.880
    1262       2.885
    1263       3.163
    1264       2.972
    1265       2.769
    1266       2.872
    1267       2.817
    1268       3.064
    1269       2.948
    1270       3.001
    1271       3.148
    1272       2.892
    1273       2.840
    1274       3.023
    1275       2.992
    1276       2.808
    1277       2.832
    1278       3.139
    1279       2.812
    1280       3.105
    1281       3.038
    1282       2.987
    1283       3.150
    1284       2.826
    1285       2.783
    1286       2.734
    1287       2.965
    1288       2.909
    1289       3.031
    1290       2.902
    1291       2.974
    1292       3.065
    1293       2.957
    1294       3.145
    1295       3.028
    1296       3.176
    1297       3.014
    1298       2.976
    1299       2.926
    1300       3.115
    1301       2.752
    1302       3.105
    1303       3.048
    1304       3.057
    1305       3.001
    1306       2.877
    1307       3.083
    1308       2.893
    1309       3.033
    1310       3.169
    1311       2.885
    1312       2.779
    1313       3.012
    1314       3.091
    1315       2.974
    1316       3.041
    1317       2.758
    1318       3.009
    1319       2.995
    1320       2.990
    1321       2.817
    1322       3.013
    1323       3.203
    1324       2.922
    1325       2.950
    1326       3.172
    1327       2.948
    1328       2.997
    1329       3.045
    1330       3.191
    1331       2.939
    1332       2.777
    1333       2.884
    1334       2.926
    1335       2.641
    1336       3.016
    1337       3.163
    1338       2.889
    1339       2.814
    1340       3.062
    1341       3.155
    1342       3.511
    1343       2.867
    1344       3.300
    1345       3.233
    1346       3.247
    1347       3.172
    1348       3.230
    1349       3.064
    1350       3.006
    1351       3.047
    1352       3.335
    1353       2.942
    1354       2.827
    1355       2.971
    1356       3.283
    1357       3.003
    1358       2.941
    1359       2.991
    1360       2.958
    1361       3.056
    1362       3.369
    1363       3.217
    1364       3.162
    1365       3.168
    1366       3.089
    1367       2.947
    1368       3.112
    1369       3.076
    1370       2.868
    1371       2.976
    1372       2.911
    1373       2.896
    1374       2.969
    1375       2.912
    1376       3.050
    1377       3.096
    1378       3.030
    1379       3.061
    1380       2.828
    1381       2.833
    1382       3.006
    1383       3.058
    1384       3.008
    1385       2.845
    1386       3.195
    1387       3.152
    1388       2.869
    1389       2.909
    1390       2.935
    1391       2.824
    1392       3.176
    1393       3.039
    1394       3.255
    1395       3.192
    1396       3.132
    1397       3.126
    1398       3.061
    1399       2.791
    1400       2.877
    1401       2.793
    1402       2.908
    1403       3.014
    1404       3.134
    1405       3.121
    1406       3.067
    1407       2.736
    1408       3.182
    1409       2.893
    1410       3.114
    1411       2.904
    1412       2.758
    1413       3.109
    1414       3.009
    1415       3.008
    1416       2.862
    1417       3.271
    1418       3.188
    1419       3.209
    1420       3.276
    1421       2.978
    1422       2.926
    1423       3.041
    1424       3.149
    1425       3.029
    1426       3.044
    1427       3.166
    1428       2.941
    1429       3.042
    1430       2.803
    1431       2.700
    1432       2.862
    1433       3.147
    1434       2.759
    1435       3.098
    1436       3.042
    1437       3.036
    1438       3.047
    1439       3.028
    1440       3.066
    1441       3.097
    1442       2.940
    1443       3.125
    1444       3.096
    1445       2.885
    1446       2.855
    1447       3.114
    1448       3.020
    1449       3.169
    1450       3.176
    1451       3.033
    1452       3.033
    1453       3.129
    1454       3.120
    1455       3.093
    1456       2.846
    1457       3.061
    1458       3.061
    1459       2.958
    1460       2.916
    1461       2.969
    1462       2.779
    1463       2.747
    1464       2.954
    1465       3.071
    1466       2.868
    1467       2.926
    1468       3.225
    1469       2.793
    1470       3.145
    1471       3.057
    1472       2.999
    1473       3.111
    1474       3.025
    1475       2.926
    1476       3.070
    1477       3.026
    1478       3.049
    1479       3.129
    1480       2.822
    1481       2.814
    1482       3.036
    1483       3.003
    1484       3.076
    1485       3.011
    1486       3.106
    1487       2.899
    1488       2.987
    1489       2.998
    1490       2.914
    1491       3.026
    1492       2.818
    1493       3.060
    1494       2.961
    1495       3.066
    1496       3.042
    1497       3.027
    1498       2.912
    1499       3.025
    1500       2.930
    1501       3.062
    1502       2.811
    1503       2.900
    1504       2.863
    1505       3.037
    1506       2.939
    1507       2.824
    1508       2.866
    1509       3.003
    1510       2.858
    1511       2.961
    1512       3.007
    1513       2.901
    1514       3.153
    1515       3.242
    1516       3.209
    1517       3.270
    1518       3.281
    1519       2.990
    1520       2.868
    1521       3.106
    1522       3.044
    1523       3.045
    1524       3.118
    1525       3.086
    1526       2.864
    1527       3.170
    1528       3.117
    1529       2.838
    1530       3.129
    1531       3.104
    1532       2.907
    1533       2.862
    1534       3.148
    1535       2.993
    1536       2.903
    1537       2.902
    1538       2.844
    1539       3.084
    1540       2.910
    1541       3.047
    1542       2.986
    1543       2.927
    1544       3.163
    1545       3.271
    1546       2.798
    1547       2.842
    1548       2.993
    1549       3.086
    1550       2.974
    1551       2.945
    1552       3.199
    1553       3.048
    1554       3.035
    1555       3.083
    1556       2.811
    1557       2.910
    1558       2.830
    1559       2.841
    1560       2.959
    1561       3.116
    1562       3.061
    1563       2.843
    1564       3.216
    1565       2.991
    1566       3.048
    1567       2.901
    1568       3.117
    1569       2.930
    1570       2.852
    1571       3.003
    1572       2.861
    1573       3.061
    1574       3.151
    1575       2.724
    1576       2.879
    1577       2.854
    1578       3.069
    1579       3.023
    1580       2.917
    1581       3.000
    1582       3.009
    1583       3.101
    1584       3.119
    1585       3.132
    1586       2.942
    1587       2.917
    1588       2.918
    1589       2.833
    1590       2.955
    1591       2.979
    1592       2.909
    1593       2.825
    1594       3.034
    1595       2.948
    1596       2.939
    1597       3.067
    1598       2.983
    1599       2.915
    1600       3.063
    1601       3.332
    1602       3.316
    1603       3.074
    1604       2.863
    1605       2.976
    1606       2.809
    1607       2.921
    1608       2.786
    1609       2.932
    1610       2.943
    1611       3.228
    1612       3.102
    1613       2.932
    1614       2.948
    1615       2.967
    1616       2.812
    1617       3.064
    1618       3.112
    1619       2.905
    1620       2.883
    1621       2.961
    1622       3.117
    1623       2.924
    1624       2.985
    1625       2.990
    1626       2.826
    1627       3.148
    1628       2.874
    1629       2.813
    1630       3.121
    1631       3.107
    1632       3.176
    1633       2.855
    1634       2.838
    1635       2.963
    1636       2.987
    1637       2.876
    1638       2.965
    1639       3.024
    1640       2.776
    1641       3.190
    1642       3.013
    1643       3.350
    1644       3.118
    1645       2.877
    1646       2.952
    1647       3.294
    1648       2.960
    1649       2.984
    1650       2.902
    1651       3.081
    1652       3.169
    1653       3.049
    1654       2.957
    1655       3.045
    1656       3.038
    1657       2.813
    1658       2.878
    1659       2.905
    1660       3.473
    1661       3.035
    1662       2.891
    1663       3.124
    1664       2.993
    1665       2.949
    1666       3.165
    1667       2.994
    1668       2.844
    1669       2.953
    1670       2.836
    1671       2.929
    1672       3.062
    1673       3.045
    1674       2.843
    1675       3.088
    1676       3.089
    1677       2.954
    1678       2.777
    1679       2.759
    1680       3.054
    1681       2.968
    1682       3.118
    1683       2.872
    1684       2.843
    1685       2.794
    1686       3.201
    1687       2.797
    1688       2.816
    1689       2.936
    1690       2.864
    1691       2.932
    1692       3.133
    1693       2.804
    1694       2.651
    1695       2.887
    1696       2.960
    1697       3.054
    1698       2.987
    1699       2.905
    1700       3.004
    1701       3.129
    1702       3.065
    1703       3.000
    1704       2.866
    1705       3.189
    1706       2.954
    1707       2.888
    1708       3.139
    1709       2.813
    1710       2.820
    1711       2.941
    1712       2.980
    1713       2.949
    1714       3.026
    1715       2.983
    1716       2.931
    1717       3.020
    1718       2.889
    1719       3.187
    1720       2.839
    1721       3.106
    1722       3.183
    1723       2.992
    1724       3.211
    1725       2.978
    1726       2.926
    1727       3.227
    1728       2.986
    1729       3.258
    1730       3.027
    1731       3.139
    1732       2.888
    1733       3.244
    1734       3.167
    1735       2.946
    1736       3.020
    1737       2.823
    1738       2.869
    1739       3.112
    1740       2.822
    1741       3.003
    1742       3.086
    1743       2.971
    1744       2.984
    1745       2.915
    1746       2.693
    1747       2.877
    1748       3.028
    1749       3.021
    1750       2.994
    1751       3.039
    1752       3.143
    1753       3.070
    1754       2.946
    1755       2.799
    1756       2.879
    1757       2.891
    1758       3.120
    1759       3.166
    1760       3.137
    1761       2.970
    1762       2.890
    1763       2.770
    1764       3.045
    1765       2.991
    1766       2.887
    1767       2.905
    1768       2.902
    1769       2.955
    1770       2.925
    1771       3.193
    1772       2.995
    1773       3.108
    1774       3.086
    1775       2.988
    1776       2.871
    1777       2.933
    1778       2.940
    1779       2.951
    1780       2.900
    1781       2.993
    1782       2.950
    1783       2.808
    1784       3.031
    1785       2.927
    1786       2.947
    1787       3.027
    1788       3.023
    1789       2.739
    1790       3.086
    1791       3.086
    1792       2.957
    1793       2.931
    1794       3.025
    1795       3.003
    1796       2.915
    1797       3.068
    1798       3.182
    1799       2.814
    1800       2.786
    1801       2.980
    1802       3.180
    1803       3.081
    1804       3.017
    1805       3.067
    1806       3.063
    1807       2.984
    1808       3.049
    1809       2.889
    1810       3.102
    1811       2.750
    1812       2.923
    1813       2.942
    1814       3.108
    1815       3.055
    1816       2.929
    1817       2.938
    1818       3.198
    1819       3.062
    1820       3.031
    1821       2.877
    1822       3.242
    1823       3.021
    1824       2.898
    1825       2.802
    1826       3.072
    1827       3.188
    1828       2.912
    1829       2.913
    1830       2.839
    1831       2.933
    1832       2.860
    1833       2.984
    1834       2.846
    1835       2.950
    1836       2.930
    1837       3.066
    1838       2.833
    1839       3.091
    1840       2.818
    1841       3.036
    1842       3.443
    1843       3.169
    1844       3.123
    1845       3.170
    1846       2.848
    1847       3.082
    1848       3.188
    1849       2.946
    1850       2.864
    1851       3.040
    1852       3.298
    1853       2.949
    1854       2.884
    1855       3.015
    1856       2.889
    1857       3.007
    1858       3.103
    1859       3.007
    1860       3.126
    1861       2.889
    1862       2.967
    1863       3.082
    1864       3.064
    1865       2.988
    1866       3.195
    1867       3.090
    1868       3.052
    1869       2.958
    1870       2.936
    1871       2.866
    1872       3.156
    1873       2.662
    1874       2.660
    1875       2.975
    1876       3.074
    1877       2.977
    1878       2.976
    1879       3.055
    1880       2.921
    1881       2.970
    1882       2.970
    1883       2.913
    1884       3.294
    1885       3.125
    1886       2.921
    1887       2.953
    1888       3.019
    1889       3.131
    1890       3.179
    1891       3.204
    1892       2.948
    1893       3.124
    1894       2.831
    1895       2.922
    1896       2.895
    1897       2.862
    1898       2.936
    1899       3.283
    1900       3.213
    1901       2.906
    1902       2.941
    1903       2.918
    1904       2.959
    1905       2.983
    1906       3.190
    1907       2.893
    1908       2.745
    1909       2.957
    1910       2.904
    1911       2.936
    1912       3.157
    1913       2.995
    1914       3.010
    1915       2.985
    1916       2.803
    1917       3.125
    1918       2.946
    1919       2.837
    1920       3.040
    1921       2.828
    1922       3.262
    1923       3.053
    1924       2.924
    1925       2.869
    1926       2.919
    1927       2.914
    1928       3.060
    1929       3.064
    1930       2.920
    1931       3.038
    1932       3.017
    1933       3.110
    1934       2.798
    1935       2.997
    1936       3.043
    1937       2.825
    1938       3.203
    1939       3.048
    1940       2.950
    1941       2.844
    1942       2.987
    1943       3.202
    1944       3.057
    1945       2.810
    1946       2.829
    1947       3.045
    1948       3.001
    1949       2.782
    1950       2.856
    1951       2.950
    1952       2.945
    1953       3.162
    1954       2.891
    1955       3.175
    1956       3.017
    1957       3.113
    1958       2.854
    1959       2.949
    1960       2.710
    1961       2.988
    1962       3.022
    1963       3.064
    1964       3.111
    1965       3.101
    1966       2.759
    1967       3.086
    1968       3.020
    1969       3.029
    1970       2.861
    1971       2.940
    1972       2.912
    1973       2.959
    1974       3.097
    1975       2.862
    1976       2.979
    1977       2.713
    1978       2.893
    1979       2.840
    1980       2.957
    1981       2.868
    1982       3.124
    1983       2.857
    1984       2.930
    1985       2.970
    1986       2.935
    1987       3.122
    1988       3.174
    1989       3.044
    1990       2.924
    1991       2.978
    1992       2.955
    1993       2.837
    1994       2.911
    1995       2.915
    1996       2.825
    1997       3.002
    1998       2.994
    1999       3.118
    2000       3.008
    2001       2.919
    2002       2.946
    2003       2.919
    2004       3.093
    2005       3.011
    2006       2.801
    2007       2.952
    2008       2.752
    2009       3.039
    2010       3.163
    2011       3.005
    2012       3.061
    2013       2.952
    2014       2.959
    2015       2.904
    2016       3.105
    2017       2.793
    2018       3.063
    2019       2.927
    2020       2.996
    2021       3.069
    2022       2.926
    2023       2.903
    2024       2.968
    2025       3.086
    2026       2.890
    2027       3.076
    2028       2.863
    2029       3.043
    2030       2.998
    2031       2.656
    2032       2.899
    2033       3.305
    2034       2.857
    2035       2.978
    2036       2.883
    2037       2.961
    2038       2.991
    2039       3.090
    2040       3.120
    2041       3.038
    2042       2.843
    2043       2.853
    2044       2.933
    2045       3.209
    2046       3.191
    2047       2.967
    2048       2.915
    2049       3.067
    2050       2.724
    2051       2.852
    2052       2.878
    2053       2.890
    2054       2.846
    2055       3.137
    2056       2.813
    2057       2.744
    2058       3.010
    2059       2.845
    2060       2.958
    2061       2.909
    2062       3.095
    2063       3.039
    2064       3.203
    2065       2.964
    2066       2.980
    2067       2.932
    2068       3.002
    2069       3.175
    2070       2.957
    2071       2.973
    2072       2.967
    2073       3.021
    2074       2.645
    2075       3.006
    2076       3.120
    2077       2.937
    2078       2.893
    2079       2.924
    2080       2.886
    2081       2.970
    2082       2.707
    2083       3.321
    2084       3.039
    2085       3.011
    2086       2.918
    2087       2.932
    2088       3.108
    2089       3.053
    2090       2.971
    2091       2.810
    2092       2.971
    2093       3.004
    2094       2.895
    2095       2.878
    2096       3.007
    2097       3.010
    2098       2.976
    2099       3.057
    2100       3.080
    2101       3.005
    2102       2.805
    2103       3.168
    2104       2.751
    2105       3.074
    2106       2.881
    2107       3.097
    2108       3.005
    2109       3.064
    2110       2.814
    2111       3.051
    2112       3.043
    2113       2.967
    2114       3.101
    2115       3.001
    2116       3.139
    2117       2.847
    2118       3.003
    2119       2.981
    2120       3.134
    2121       3.043
    2122       3.030
    2123       3.070
    2124       2.839
    2125       2.800
    2126       2.923
    2127       3.020
    2128       3.138
    2129       3.112
    2130       3.090
    2131       3.022
    2132       3.039
    2133       3.035
    2134       2.879
    2135       2.980
    2136       2.896
    2137       2.963
    2138       2.893
    2139       3.063
    2140       2.945
    2141       3.223
    2142       2.942
    2143       3.002
    2144       3.197
    2145       2.782
    2146       3.057
    2147       3.167
    2148       3.297
    2149       2.961
    2150       3.206
    2151       2.887
    2152       2.844
    2153       2.916
    2154       2.943
    2155       2.942
    2156       2.972
    2157       2.818
    2158       2.969
    2159       2.831
    2160       2.791
    2161       2.960
    2162       2.966
    2163       3.024
    2164       2.970
    2165       2.899
    2166       3.168
    2167       2.962
    2168       3.024
    2169       3.246
    2170       2.716
    2171       3.142
    2172       2.773
    2173       2.839
    2174       2.915
    2175       2.894
    2176       2.749
    2177       3.034
    2178       3.064
    2179       2.975
    2180       3.135
    2181       2.893
    2182       2.740
    2183       2.996
    2184       2.976
    2185       2.927
    2186       2.908
    2187       2.865
    2188       2.975
    2189       2.891
    2190       3.025
    2191       3.012
    2192       3.046
    2193       2.964
    2194       3.138
    2195       2.977
    2196       3.094
    2197       2.917
    2198       2.925
    2199       3.092
    2200       2.890
    2201       2.723
    2202       3.024
    2203       2.998
    2204       3.008
    2205       2.840
    2206       3.154
    2207       3.009
    2208       2.931
    2209       3.138
    2210       3.016
    2211       2.943
    2212       3.167
    2213       3.152
    2214       2.977
    2215       3.183
    2216       3.153
    2217       3.252
    2218       2.892
    2219       2.966
    2220       3.104
    2221       3.279
    2222       3.048
    2223       3.252
    2224       3.004
    2225       3.117
    2226       2.977
    2227       3.127
    2228       3.149
    2229       2.873
    2230       2.982
    2231       2.865
    2232       2.935
    2233       3.011
    2234       3.057
    2235       3.008
    2236       2.826
    2237       2.945
    2238       2.987
    2239       3.071
    2240       3.076
    2241       3.065
    2242       2.960
    2243       3.183
    2244       3.155
    2245       2.962
    2246       2.968
    2247       2.928
    2248       3.342
    2249       2.977
    2250       2.924
    2251       3.205
    2252       3.228
    2253       3.153
    2254       3.002
    2255       3.089
    2256       3.273
    2257       3.204
    2258       3.079
    2259       2.963
    2260       2.993
    2261       2.919
    2262       3.067
    2263       3.030
    2264       3.052
    2265       2.886
    2266       3.064
    2267       3.108
    2268       2.956
    2269       2.924
    2270       3.030
    2271       3.089
    2272       2.868
    2273       3.113
    2274       3.010
    2275       3.452
    2276       3.155
    2277       2.942
    2278       2.950
    2279       3.240
    2280       2.856
    2281       3.039
    2282       3.091
    2283       2.913
    2284       3.019
    2285       2.890
    2286       2.774
    2287       3.125
    2288       2.968
    2289       2.844
    2290       3.226
    2291       3.140
    2292       3.020
    2293       3.006
    2294       3.099
    2295       3.246
    2296       3.080
    2297       3.238
    2298       3.079
    2299       3.128
    2300       2.747
    2301       3.076
    2302       2.838
    2303       3.110
    2304       2.803
    2305       3.047
    2306       2.711
    2307       2.967
    2308       2.889
    2309       3.044
    2310       2.786
    2311       3.055
    2312       2.840
    2313       3.090
    2314       3.094
    2315       3.208
    2316       3.078
    2317       2.997
    2318       3.018
    2319       2.919
    2320       2.769
    2321       2.856
    2322       2.619
    2323       3.021
    2324       2.890
    2325       2.966
    2326       3.000
    2327       2.922
    2328       3.068
    2329       3.241
    2330       2.712
    2331       3.075
    2332       2.713
    2333       2.974
    2334       2.889
    2335       3.054
    2336       3.004
    2337       2.870
    2338       2.856
    2339       3.030
    2340       3.147
    2341       2.874
    2342       3.021
    2343       2.828
    2344       3.095
    2345       3.288
    2346       3.146
    2347       2.848
    2348       3.073
    2349       3.043
    2350       3.148
    2351       3.173
    2352       3.160
    2353       2.970
    2354       3.096
    2355       2.890
    2356       3.073
    2357       2.880
    2358       2.980
    2359       2.982
    2360       2.920
    2361       2.904
    2362       2.971
    2363       3.031
    2364       2.805
    2365       2.787
    2366       3.087
    2367       2.966
    2368       3.025
    2369       2.883
    2370       3.008
    2371       3.080
    2372       3.063
    2373       2.993
    2374       3.004
    2375       3.101
    2376       2.962
    2377       3.025
    2378       3.053
    2379       3.068
    2380       3.034
    2381       3.000
    2382       2.960
    2383       3.329
    2384       3.135
    2385       2.822
    2386       2.920
    2387       3.198
    2388       3.132
    2389       2.902
    2390       2.964
    2391       2.979
    2392       2.997
    2393       2.927
    2394       2.783
    2395       2.994
    2396       2.926
    2397       3.003
    2398       2.999
    2399       3.219
    2400       3.038
    2401       2.927
    2402       2.915
    2403       3.044
    2404       3.096
    2405       2.945
    2406       3.082
    2407       2.811
    2408       2.947
    2409       3.055
    2410       3.106
    2411       3.201
    2412       3.204
    2413       3.001
    2414       2.905
    2415       2.961
    2416       2.973
    2417       2.862
    2418       2.686
    2419       2.865
    2420       3.392
    2421       3.166
    2422       3.188
    2423       2.889
    2424       3.178
    2425       2.792
    2426       2.806
    2427       3.073
    2428       3.274
    2429       3.058
    2430       3.181
    2431       3.054
    2432       2.975
    2433       3.030
    2434       3.016
    2435       3.095
    2436       2.891
    2437       3.276
    2438       2.941
    2439       2.982
    2440       3.045
    2441       2.941
    2442       2.955
    2443       3.013
    2444       2.955
    2445       2.923
    2446       3.011
    2447       2.892
    2448       3.193
    2449       2.926
    2450       2.751
    2451       2.843
    2452       3.006
    2453       3.030
    2454       2.927
    2455       2.984
    2456       2.935
    2457       3.209
    2458       2.875
    2459       2.769
    2460       3.162
    2461       3.017
    2462       2.862
    2463       3.214
    2464       2.905
    2465       3.036
    2466       3.101
    2467       3.014
    2468       3.040
    2469       2.860
    2470       3.303
    2471       2.919
    2472       3.228
    2473       3.128
    2474       3.207
    2475       3.016
    2476       2.974
    2477       2.885
    2478       3.104
    2479       2.947
    2480       2.901
    2481       3.075
    2482       3.087
    2483       3.068
    2484       2.957
    2485       2.913
    2486       2.998
    2487       3.123
    2488       3.158
    2489       2.798
    2490       3.103
    2491       3.047
    2492       2.782
    2493       2.884
    2494       2.869
    2495       2.997
    2496       2.814
    2497       2.872
    2498       3.038
    2499       3.014
    2500       2.860
    2501       2.903
    2502       3.222
    2503       3.243
    2504       3.182
    2505       3.101
    2506       2.990
    2507       3.270
    2508       2.940
    2509       3.071
    2510       2.742
    2511       3.140
    2512       3.053
    2513       3.088
    2514       3.126
    2515       3.220
    2516       3.253
    2517       3.028
    2518       2.947
    2519       2.847
    2520       3.166
    2521       3.147
    2522       3.070
    2523       3.250
    2524       3.097
    2525       3.158
    2526       3.037
    2527       3.255
    2528       3.249
    2529       3.070
    2530       3.191
    2531       3.167
    2532       3.341
    2533       3.128
    2534       3.203
    2535       3.159
    2536       3.138
    2537       2.989
    2538       2.942
    2539       3.010
    2540       2.880
    2541       3.000
    2542       3.285
    2543       3.228
    2544       3.006
    2545       3.227
    2546       2.958
    2547       3.080
    2548       2.896
    2549       3.084
    2550       2.898
    2551       2.945
    2552       3.089
    2553       3.143
    2554       3.187
    2555       2.762
    2556       3.212
    2557       3.149
    2558       3.209
    2559       3.262
    2560       2.952
    2561       2.916
    2562       3.097
    2563       3.198
    2564       3.072
    2565       3.087
    2566       3.071
    2567       3.087
    2568       3.116
    2569       2.892
    2570       3.159
    2571       2.982
    2572       3.474
    2573       3.397
    2574       2.807
    2575       3.011
    2576       3.125
    2577       3.009
    2578       3.100
    2579       3.305
    2580       2.890
    2581       3.309
    2582       3.155
    2583       2.922
    2584       3.101
    2585       3.017
    2586       3.161
    2587       3.287
    2588       3.281
    2589       3.237
    2590       3.246
    2591       2.852
    2592       3.369
    2593       3.161
    2594       3.291
    2595       2.866
    2596       3.018
    2597       2.867
    2598       2.970
    2599       2.986
    2600       2.727
    2601       3.083
    2602       2.992
    2603       3.275
    2604       3.160
    2605       3.165
    2606       3.326
    2607       2.822
    2608       3.195
    2609       2.866
    2610       3.311
    2611       2.945
    2612       3.215
    2613       2.734
    2614       3.152
    2615       3.116
    2616       3.123
    2617       2.779
    2618       2.849
    2619       3.179
    2620       2.889
    2621       2.988
    2622       3.106
    2623       3.008
    2624       3.277
    2625       3.206
    2626       3.030
    2627       2.672
    2628       2.887
    2629       2.884
    2630       2.859
    2631       3.391
    2632       3.400
    2633       3.026
    2634       3.032
    2635       2.992
    2636       3.021
    2637       2.912
    2638       3.049
    2639       2.991
    2640       3.047
    2641       3.077
    2642       3.031
    2643       3.301
    2644       3.210
    2645       2.781
    2646       2.972
    2647       2.916
    2648       2.895
    2649       3.150
    2650       3.013
    2651       3.069
    2652       3.085
    2653       3.498
    2654       3.099
    2655       2.981
    2656       3.200
    2657       3.211
    2658       3.184
    2659       2.880
    2660       3.162
    2661       3.265
    2662       3.340
    2663       3.040
    2664       3.039
    2665       3.289
    2666       3.024
    2667       3.246
    2668       3.034
    2669       2.887
    2670       3.381
    2671       3.073
    2672       2.993
    2673       3.189
    2674       3.365
    2675       2.824
    2676       3.223
    2677       3.447
    2678       2.960
    2679       2.950
    2680       3.157
    2681       3.219
    2682       3.048
    2683       3.224
    2684       2.888
    2685       3.160
    2686       2.959
    2687       2.905
    2688       2.951
    2689       3.176
    2690       2.867
    2691       3.133
    2692       3.160
    2693       2.955
    2694       3.022
    2695       2.988
    2696       2.997
    2697       2.827
    2698       2.908
    2699       3.229
    2700       3.154
    2701       3.094
    2702       2.967
    2703       3.215
    2704       3.035
    2705       2.994
    2706       2.788
    2707       3.113
    2708       2.990
    2709       2.882
    2710       2.869
    2711       2.875
    2712       3.077
    2713       2.961
    2714       3.110
    2715       3.170
    2716       3.012
    2717       3.020
    2718       3.391
    2719       3.167
    2720       3.024
    2721       2.968
    2722       3.119
    2723       3.195
    2724       2.893
    2725       3.104
    2726       3.005
    2727       2.886
    2728       3.171
    2729       2.926
    2730       3.109
    2731       2.685
    2732       2.850
    2733       2.869
    2734       3.147
    2735       3.135
    2736       3.134
    2737       3.175
    2738       3.042
    2739       3.035
    2740       3.241
    2741       2.950
    2742       2.924
    2743       3.147
    2744       2.839
    2745       3.083
    2746       3.406
    2747       3.013
    2748       3.021
    2749       2.989
    2750       3.042
    2751       2.866
    2752       2.946
    2753       3.056
    2754       2.945
    2755       2.992
    2756       3.069
    2757       3.017
    2758       2.888
    2759       2.951
    2760       2.992
    2761       2.983
    2762       3.197
    2763       2.990
    2764       2.968
    2765       2.966
    2766       2.824
    2767       3.126
    2768       3.139
    2769       2.972
    2770       3.266
    2771       2.918
    2772       3.338
    2773       3.035
    2774       2.950
    2775       2.893
    2776       2.844
    2777       2.988
    2778       3.120
    2779       3.133
    2780       3.060
    2781       3.104
    2782       3.008
    2783       3.065
    2784       3.018
    2785       2.921
    2786       2.775
    2787       2.922
    2788       2.885
    2789       2.959
    2790       2.935
    2791       3.010
    2792       2.960
    2793       2.896
    2794       2.921
    2795       2.822
    2796       3.168
    2797       3.462
    2798       3.163
    2799       3.175
    2800       2.974
    2801       3.178
    2802       3.078
    2803       3.139
    2804       3.011
    2805       3.239
    2806       3.007
    2807       2.952
    2808       3.205
    2809       3.086
    2810       3.164
    2811       3.013
    2812       3.094
    2813       2.952
    2814       3.097
    2815       3.249
    2816       3.176
    2817       3.165
    2818       2.965
    2819       3.017
    2820       3.109
    2821       2.844
    2822       3.073
    2823       3.071
    2824       2.782
    2825       3.139
    2826       2.789
    2827       2.972
    2828       3.138
    2829       2.965
    2830       2.897
    2831       2.845
    2832       3.169
    2833       3.507
    2834       3.093
    2835       3.162
    2836       2.937
    2837       3.248
    2838       3.089
    2839       2.939
    2840       3.029
    2841       2.794
    2842       2.968
    2843       2.947
    2844       3.089
    2845       3.007
    2846       2.816
    2847       2.797
    2848       2.876
    2849       2.806
    2850       3.109
    2851       2.746
    2852       2.923
    2853       2.856
    2854       3.059
    2855       3.193
    2856       2.892
    2857       3.170
    2858       3.381
    2859       3.106
    2860       2.875
    2861       3.221
    2862       2.900
    2863       3.084
    2864       2.921
    2865       3.067
    2866       2.943
    2867       2.870
    2868       3.068
    2869       2.891
    2870       2.899
    2871       2.867
    2872       3.034
    2873       3.043
    2874       3.104
    2875       3.266
    2876       2.951
    2877       2.935
    2878       2.872
    2879       3.004
    2880       2.984
    2881       2.987
    2882       3.032
    2883       3.083
    2884       2.779
    2885       3.068
    2886       2.914
    2887       2.753
    2888       3.030
    2889       2.983
    2890       2.922
    2891       2.944
    2892       2.939
    2893       2.851
    2894       2.919
    2895       3.020
    2896       3.129
    2897       2.852
    2898       3.082
    2899       3.034
    2900       2.832
    2901       3.015
    2902       3.019
    2903       2.978
    2904       2.834
    2905       3.024
    2906       2.959
    2907       2.814
    2908       2.917
    2909       2.966
    2910       2.931
    2911       3.101
    2912       3.212
    2913       2.979
    2914       3.115
    2915       2.906
    2916       2.877
    2917       2.834
    2918       2.938
    2919       3.052
    2920       2.994
    2921       3.032
    2922       3.076
    2923       3.216
    2924       3.123
    2925       3.300
    2926       3.247
    2927       2.899
    2928       3.035
    2929       3.155
    2930       3.159
    2931       3.159
    2932       3.269
    2933       3.104
    2934       2.954
    2935       3.113
    2936       3.058
    2937       3.186
    2938       2.795
    2939       2.945
    2940       3.031
    2941       3.038
    2942       2.983
    2943       3.027
    2944       3.115
    2945       2.866
    2946       3.056
    2947       3.060
    2948       3.054
    2949       3.230
    2950       3.174
    2951       3.196
    2952       2.982
    2953       3.031
    2954       3.089
    2955       3.069
    2956       2.828
    2957       3.084
    2958       3.021
    2959       2.982
    2960       3.213
    2961       3.037
    2962       2.882
    2963       2.990
    2964       2.868
    2965       3.205
    2966       3.051
    2967       3.075
    2968       2.964
    2969       2.864
    2970       3.049
    2971       3.159
    2972       3.047
    2973       2.879
    2974       3.083
    2975       3.046
    2976       3.150
    2977       3.193
    2978       3.179
    2979       3.142
    2980       2.945
    2981       3.069
    2982       2.954
    2983       3.035
    2984       2.967
    2985       3.020
    2986       2.925
    2987       3.063
    2988       2.988
    2989       2.999
    2990       2.916
    2991       3.079
    2992       3.072
    2993       3.007
    2994       3.113
    2995       2.975
    2996       3.063
    2997       3.101
    2998       2.894
    2999       3.202
    3000       3.158
    3001       3.275
    3002       2.858
    3003       3.068
    3004       2.992
    3005       2.869
    3006       2.942
    3007       3.162
    3008       3.106
    3009       2.955
    3010       3.127
    3011       2.735
    3012       2.849
    3013       3.163
    3014       2.948
    3015       2.877
    3016       2.907
    3017       2.834
    3018       3.257
    3019       2.873
    3020       2.813
    3021       2.881
    3022       3.039
    3023       2.888
    3024       3.138
    3025       2.976
    3026       3.042
    3027       2.780
    3028       3.053
    3029       3.085
    3030       3.046
    3031       3.206
    3032       2.992
    3033       2.998
    3034       2.889
    3035       3.031
    3036       3.032
    3037       2.829
    3038       2.835
    3039       2.827
    3040       3.217
    3041       3.028
    3042       2.977
    3043       3.008
    3044       2.949
    3045       3.013
    3046       2.983
    3047       2.933
    3048       3.004
    3049       3.091
    3050       3.067
    3051       3.140
    3052       2.920
    3053       3.139
    3054       3.077
    3055       3.036
    3056       2.950
    3057       2.976
    3058       2.955
    3059       3.379
    3060       3.097
    3061       2.826
    3062       2.994
    3063       2.947
    3064       3.049
    3065       2.998
    3066       3.089
    3067       2.986
    3068       2.867
    3069       2.829
    3070       2.916
    3071       2.860
    3072       2.934
    3073       3.202
    3074       3.193
    3075       3.546
    3076       3.208
    3077       3.027
    3078       3.164
    3079       3.148
    3080       2.791
    3081       3.169
    3082       3.028
    3083       3.100
    3084       3.016
    3085       3.053
    3086       2.958
    3087       3.102
    3088       2.902
    3089       2.953
    3090       3.042
    3091       3.171
    3092       3.037
    3093       3.051
    3094       2.905
    3095       2.924
    3096       3.039
    3097       3.200
    3098       3.179
    3099       2.918
    3100       3.035
    3101       2.963
    3102       3.239
    3103       3.078
    3104       3.086
    3105       3.081
    3106       2.816
    3107       3.215
    3108       3.067
    3109       2.928
    3110       2.811
    3111       3.108
    3112       2.876
    3113       3.211
    3114       3.074
    3115       3.186
    3116       2.949
    3117       2.988
    3118       3.060
    3119       2.841
    3120       3.060
    3121       3.015
    3122       3.037
    3123       3.368
    3124       3.228
    3125       2.955
    3126       3.076
    3127       3.123
    3128       3.134
    3129       2.840
    3130       3.043
    3131       2.847
    3132       3.146
    3133       2.950
    3134       3.274
    3135       3.139
    3136       3.151
    3137       3.091
    3138       3.132
    3139       3.001
    3140       3.242
    3141       2.850
    3142       3.082
    3143       3.036
    3144       2.940
    3145       3.101
    3146       3.193
    3147       2.992
    3148       3.188
    3149       2.945
    3150       3.071
    3151       3.140
    3152       3.094
    3153       3.224
    3154       3.007
    3155       3.239
    3156       3.347
    3157       3.009
    3158       3.250
    3159       3.057
    3160       2.882
    3161       2.909
    3162       2.956
    3163       3.026
    3164       3.051
    3165       3.119
    3166       3.139
    3167       3.025
    3168       2.892
    3169       2.956
    3170       2.964
    3171       3.241
    3172       3.008
    3173       3.169
    3174       3.180
    3175       3.010
    3176       3.051
    3177       3.112
    3178       2.960
    3179       3.086
    3180       3.027
    3181       2.911
    3182       2.965
    3183       3.194
    3184       2.879
    3185       3.190
    3186       3.023
    3187       2.883
    3188       3.135
    3189       3.276
    3190       3.251
    3191       2.780
    3192       3.089
    3193       2.821
    3194       2.759
    3195       3.057
    3196       3.320
    3197       3.017
    3198       2.957
    3199       3.207
    3200       2.880
    3201       3.009
    3202       3.025
    3203       3.132
    3204       2.930
    3205       2.865
    3206       3.079
    3207       2.969
    3208       2.720
    3209       3.099
    3210       3.249
    3211       3.192
    3212       3.101
    3213       3.074
    3214       3.164
    3215       2.938
    3216       3.126
    3217       3.010
    3218       3.139
    3219       2.935
    3220       3.065
    3221       3.068
    3222       3.156
    3223       2.813
    3224       3.107
    3225       3.018
    3226       3.266
    3227       2.916
    3228       3.270
    3229       3.281
    3230       2.966
    3231       3.229
    3232       3.316
    3233       2.798
    3234       3.184
    3235       2.990
    3236       3.041
    3237       3.072
    3238       2.879
    3239       3.081
    3240       3.146
    3241       2.890
    3242       3.115
    3243       2.852
    3244       3.063
    3245       2.789
    3246       2.953
    3247       3.029
    3248       3.008
    3249       3.026
    3250       3.119
    3251       3.214
    3252       2.905
    3253       2.912
    3254       3.270
    3255       3.069
    3256       3.086
    3257       3.345
    3258       3.323
    3259       2.926
    3260       2.831
    3261       3.294
    3262       3.160
    3263       3.148
    3264       2.783
    3265       2.949
    3266       3.224
    3267       2.747
    3268       2.946
    3269       3.261
    3270       3.412
    3271       3.004
    3272       3.243
    3273       3.152
    3274       3.429
    3275       3.018
    3276       3.084
    3277       3.465
    3278       3.209
    3279       3.032
    3280       3.131
    3281       3.099
    3282       3.325
    3283       3.179
    3284       3.053
    3285       3.400
    3286       3.149
    3287       3.249
    3288       3.377
    3289       3.267
    3290       2.907
    3291       2.970
    3292       3.020
    3293       2.999
    3294       3.111
    3295       3.076
    3296       3.113
    3297       3.285
    3298       3.163
    3299       3.131
    3300       3.139
    3301       3.139
    3302       3.006
    3303       3.247
    3304       3.267
    3305       3.421
    3306       2.975
    3307       3.264
    3308       3.207
    3309       3.440
    3310       3.096
    3311       3.272
    3312       3.099
    3313       2.996
    3314       3.072
    3315       3.118
    3316       3.212
    3317       3.168
    3318       3.166
    3319       3.009
    3320       3.016
    3321       3.166
    3322       2.960
    3323       3.381
    3324       3.226
    3325       3.146
    3326       3.427
    3327       3.166
    3328       2.687
    3329       2.927
    3330       2.770
    3331       3.153
    3332       3.231
    3333       2.952
    3334       3.028
    3335       3.165
    3336       2.891
    3337       3.028
    3338       3.026
    3339       3.084
    3340       3.182
    3341       3.041
    3342       3.159
    3343       3.108
    3344       3.030
    3345       3.072
    3346       3.052
    3347       2.786
    3348       3.061
    3349       3.024
    3350       2.892
    3351       2.924
    3352       3.019
    3353       3.140
    3354       3.203
    3355       2.942
    3356       2.999
    3357       3.104
    3358       2.965
    3359       2.954
    3360       2.865
    3361       3.061
    3362       3.063
    3363       3.006
    3364       3.217
    3365       2.898
    3366       3.112
    3367       2.791
    3368       3.205
    3369       2.766
    3370       2.818
    3371       3.208
    3372       2.749
    3373       3.030
    3374       2.941
    3375       2.862
    3376       2.881
    3377       2.953
    3378       2.782
    3379       2.923
    3380       2.910
    3381       3.157
    3382       2.816
    3383       3.214
    3384       3.163
    3385       3.413
    3386       2.977
    3387       2.883
    3388       3.244
    3389       3.345
    3390       2.952
    3391       2.902
    3392       3.242
    3393       3.272
    3394       3.355
    3395       2.856
    3396       3.460
    3397       3.221
    3398       3.438
    3399       3.282
    3400       3.366
    3401       3.247
    3402       3.279
    3403       3.441
    3404       3.143
    3405       3.308
    3406       3.082
    3407       3.239
    3408       3.187
    3409       2.873
    3410       2.986
    3411       3.176
    3412       3.116
    3413       3.090
    3414       3.049
    3415       3.232
    3416       3.093
    3417       3.313
    3418       2.843
    3419       3.018
    3420       3.042
    3421       2.987
    3422       2.772
    3423       2.992
    3424       3.130
    3425       2.809
    3426       3.236
    3427       3.020
    3428       2.771
    3429       3.075
    3430       2.985
    3431       2.906
    3432       2.920
    3433       3.007
    3434       3.137
    3435       3.295
    3436       2.810
    3437       3.132
    3438       2.973
    3439       2.829
    3440       2.995
    3441       2.844
    3442       3.091
    3443       2.950
    3444       3.112
    3445       2.968
    3446       3.203
    3447       2.945
    3448       3.107
    3449       3.071
    3450       3.039
    3451       2.798
    3452       3.139
    3453       3.162
    3454       2.707
    3455       2.878
    3456       2.952
    3457       3.108
    3458       2.920
    3459       3.280
    3460       3.086
    3461       3.396
    3462       3.124
    3463       3.175
    3464       3.087
    3465       3.375
    3466       3.039
    3467       3.123
    3468       2.909
    3469       2.990
    3470       3.158
    3471       3.150
    3472       3.113
    3473       3.027
    3474       3.139
    3475       3.139
    3476       3.358
    3477       2.847
    3478       3.118
    3479       3.048
    3480       2.976
    3481       3.106
    3482       3.116
    3483       2.995
    3484       3.032
    3485       3.033
    3486       3.098
    3487       2.860
    3488       3.162
    3489       3.020
    3490       2.882
    3491       2.850
    3492       2.849
    3493       2.889
    3494       2.805
    3495       2.779
    3496       3.008
    3497       3.033
    3498       3.125
    3499       3.123
    3500       3.152
    3501       2.913
    3502       3.041
    3503       2.745
    3504       3.005
    3505       3.214
    3506       3.138
    3507       2.756
    3508       2.964
    3509       3.021
    3510       2.846
    3511       3.062
    3512       2.969
    3513       2.731
    3514       3.060
    3515       2.898
    3516       2.911
    3517       2.938
    3518       2.994
    3519       3.011
    3520       2.788
    3521       2.975
    3522       3.083
    3523       3.057
    3524       3.013
    3525       2.972
    3526       2.942
    3527       2.720
    3528       3.102
    3529       3.033
    3530       2.918
    3531       2.950
    3532       3.133
    3533       3.222
    3534       3.107
    3535       2.995
    3536       2.882
    3537       2.970
    3538       3.070
    3539       2.949
    3540       2.988
    3541       2.910
    3542       2.948
    3543       2.946
    3544       2.958
    3545       2.990
    3546       3.062
    3547       3.139
    3548       3.166
    3549       3.097
    3550       3.226
    3551       2.869
    3552       3.162
    3553       3.175
    3554       3.375
    3555       3.163
    3556       3.010
    3557       3.136
    3558       2.727
    3559       3.012
    3560       2.943
    3561       2.970
    3562       3.176
    3563       2.750
    3564       2.970
    3565       3.312
    3566       2.760
    3567       3.000
    3568       2.756
    3569       2.971
    3570       3.019
    3571       3.091
    3572       2.956
    3573       3.083
    3574       3.004
    3575       2.948
    3576       2.778
    3577       2.915
    3578       2.915
    3579       2.990
    3580       2.964
    3581       2.954
    3582       3.019
    3583       3.146
    3584       3.021
    3585       2.989
    3586       2.763
    3587       3.074
    3588       3.227
    3589       2.864
    3590       2.976
    3591       3.250
    3592       3.075
    3593       3.133
    3594       2.826
    3595       2.973
    3596       3.143
    3597       3.176
    3598       3.021
    3599       2.965
    3600       2.999
    3601       3.008
    3602       2.873
    3603       2.967
    3604       2.993
    3605       3.064
    3606       3.123
    3607       2.884
    3608       2.878
    3609       2.947
    3610       3.123
    3611       2.782
    3612       3.094
    3613       3.022
    3614       3.302
    3615       3.232
    3616       3.153
    3617       3.335
    3618       3.397
    3619       3.197
    3620       3.197
    3621       3.097
    3622       2.823
    3623       3.021
    3624       2.859
    3625       3.095
    3626       2.844
    3627       3.050
    3628       2.959
    3629       3.342
    3630       3.144
    3631       2.946
    3632       3.312
    3633       2.956
    3634       3.166
    3635       3.054
    3636       3.030
    3637       3.371
    3638       2.979
    3639       3.011
    3640       2.974
    3641       2.835
    3642       3.228
    3643       3.232
    3644       2.888
    3645       3.034
    3646       3.153
    3647       2.913
    3648       3.163
    3649       3.275
    3650       3.092
    3651       3.333
    3652       3.004
    3653       2.866
    3654       3.186
    3655       2.912
    3656       2.963
    3657       2.905
    3658       2.855
    3659       3.368
    3660       3.028
    3661       3.120
    3662       2.976
    3663       2.882
    3664       2.920
    3665       2.933
    3666       2.985
    3667       2.902
    3668       3.008
    3669       2.897
    3670       2.976
    3671       2.948
    3672       2.951
    3673       3.192
    3674       3.003
    3675       3.075
    3676       2.854
    3677       2.945
    3678       2.972
    3679       2.873
    3680       3.076
    3681       2.981
    3682       2.908
    3683       2.826
    3684       3.011
    3685       2.914
    3686       2.968
    3687       2.998
    3688       3.030
    3689       3.082
    3690       2.878
    3691       3.099
    3692       3.120
    3693       2.975
    3694       2.691
    3695       2.915
    3696       3.045
    3697       2.952
    3698       3.014
    3699       3.024
    3700       2.954
    3701       3.120
    3702       2.969
    3703       2.763
    3704       2.991
    3705       3.013
    3706       2.954
    3707       3.455
    3708       2.821
    3709       3.131
    3710       3.022
    3711       3.096
    3712       3.144
    3713       3.225
    3714       3.110
    3715       3.015
    3716       3.001
    3717       3.005
    3718       3.037
    3719       2.947
    3720       3.167
    3721       2.920
    3722       2.851
    3723       2.908
    3724       3.065
    3725       3.068
    3726       3.051
    3727       2.797
    3728       3.050
    3729       3.180
    3730       3.126
    3731       3.052
    3732       3.323
    3733       3.327
    3734       3.199
    3735       2.985
    3736       3.096
    3737       3.060
    3738       2.985
    3739       3.157
    3740       3.026
    3741       3.153
    3742       3.086
    3743       3.206
    3744       3.107
    3745       2.950
    3746       2.794
    3747       3.139
    3748       2.856
    3749       3.017
    3750       3.084
    3751       3.004
    3752       3.095
    3753       3.082
    3754       3.050
    3755       2.884
    3756       3.071
    3757       3.416
    3758       2.912
    3759       3.213
    3760       3.171
    3761       3.335
    3762       2.681
    3763       3.212
    3764       3.076
    3765       2.876
    3766       2.979
    3767       2.931
    3768       2.806
    3769       3.051
    3770       3.198
    3771       2.793
    3772       3.150
    3773       3.045
    3774       3.154
    3775       3.346
    3776       3.145
    3777       3.215
    3778       3.313
    3779       3.250
    3780       3.145
    3781       3.058
    3782       2.768
    3783       2.988
    3784       2.915
    3785       3.060
    3786       3.116
    3787       3.147
    3788       2.830
    3789       3.065
    3790       3.082
    3791       3.096
    3792       3.106
    3793       2.866
    3794       3.153
    3795       2.855
    3796       2.989
    3797       3.065
    3798       3.017
    3799       2.964
    3800       3.051
    3801       2.989
    3802       2.751
    3803       3.072
    3804       3.035
    3805       2.974
    3806       3.214
    3807       3.144
    3808       3.129
    3809       3.120
    3810       3.049
    3811       3.078
    3812       2.961
    3813       3.170
    3814       3.038
    3815       3.125
    3816       3.289
    3817       2.937
    3818       2.869
    3819       3.105
    3820       3.198
    3821       2.988
    3822       2.878
    3823       2.757
    3824       2.952
    3825       3.264
    3826       3.070
    3827       2.930
    3828       2.877
    3829       3.251
    3830       3.321
    3831       3.073
    3832       3.087
    3833       2.916
    3834       2.993
    3835       2.984
    3836       2.894
    3837       2.861
    3838       3.186
    3839       2.873
    3840       2.901
    3841       3.108
    3842       3.009
    3843       2.896
    3844       3.087
    3845       2.975
    3846       2.962
    3847       2.903
    3848       2.996
    3849       2.966
    3850       2.785
    3851       2.882
    3852       3.154
    3853       2.971
    3854       3.117
    3855       3.068
    3856       2.940
    3857       3.366
    3858       2.978
    3859       2.808
    3860       3.079
    3861       3.132
    3862       3.091
    3863       2.860
    3864       3.045
    3865       3.107
    3866       3.144
    3867       3.237
    3868       2.916
    3869       2.861
    3870       2.934
    3871       3.048
    3872       3.226
    3873       3.239
    3874       3.230
    3875       3.063
    3876       3.027
    3877       2.941
    3878       3.081
    3879       3.379
    3880       3.153
    3881       3.145
    3882       3.051
    3883       2.943
    3884       2.970
    3885       2.832
    3886       2.948
    3887       2.985
    3888       2.988
    3889       3.061
    3890       3.077
    3891       3.128
    3892       2.849
    3893       2.911
    3894       2.798
    3895       2.951
    3896       3.149
    3897       2.923
    3898       3.255
    3899       3.030
    3900       3.719
    3901       3.222
    3902       3.061
    3903       3.094
    3904       2.839
    3905       3.111
    3906       2.998
    3907       2.967
    3908       3.066
    3909       3.265
    3910       2.957
    3911       3.015
    3912       3.023
    3913       2.920
    3914       2.792
    3915       3.107
    3916       3.098
    3917       3.049
    3918       2.736
    3919       2.857
    3920       3.001
    3921       3.041
    3922       2.965
    3923       3.132
    3924       2.963
    3925       2.953
    3926       3.193
    3927       3.154
    3928       3.098
    3929       3.287
    3930       3.093
    3931       2.962
    3932       3.117
    3933       2.903
    3934       3.083
    3935       3.091
    3936       3.042
    3937       2.975
    3938       2.966
    3939       3.124
    3940       3.023
    3941       3.009
    3942       3.026
    3943       2.876
    3944       3.046
    3945       2.879
    3946       2.666
    3947       3.021
    3948       3.199
    3949       3.007
    3950       2.886
    3951       3.000
    3952       2.910
    3953       3.066
    3954       2.909
    3955       2.943
    3956       2.942
    3957       3.064
    3958       2.968
    3959       2.811
    3960       3.003
    3961       3.053
    3962       2.824
    3963       2.842
    3964       2.961
    3965       3.177
    3966       2.888
    3967       3.008
    3968       2.958
    3969       3.159
    3970       2.902
    3971       3.050
    3972       2.855
    3973       2.845
    3974       3.065
    3975       3.232
    3976       3.043
    3977       2.882
    3978       2.890
    3979       3.051
    3980       3.152
    3981       3.022
    3982       3.052
    3983       3.053
    3984       3.115
    3985       3.020
    3986       3.059
    3987       2.988
    3988       2.801
    3989       2.960
    3990       2.994
    3991       2.882
    3992       2.873
    3993       3.051
    3994       3.124
    3995       2.935
    3996       3.046
    3997       3.148
    3998       3.166
    3999       2.879
    4000       2.953
    4001       2.672
    4002       2.868
    4003       2.970
    4004       2.914
    4005       3.061
    4006       2.973
    4007       3.079
    4008       2.979
    4009       3.187
    4010       2.685
    4011       2.746
    4012       2.823
    4013       3.115
    4014       2.902
    4015       3.020
    4016       2.906
    4017       2.830
    4018       3.173
    4019       2.867
    4020       3.277
    4021       2.987
    4022       2.781
    4023       2.934
    4024       2.964
    4025       3.104
    4026       3.047
    4027       2.989
    4028       3.181
    4029       2.955
    4030       3.405
    4031       3.327
    4032       3.250
    4033       2.977
    4034       3.056
    4035       2.957
    4036       2.762
    4037       2.931
    4038       3.062
    4039       2.935
    4040       3.217
    4041       2.923
    4042       2.817
    4043       2.951
    4044       2.887
    4045       3.107
    4046       2.997
    4047       2.986
    4048       2.888
    4049       2.914
    4050       2.801
    4051       3.057
    4052       3.071
    4053       2.797
    4054       3.101
    4055       2.897
    4056       2.939
    4057       3.091
    4058       3.170
    4059       2.756
    4060       3.250
    4061       2.977
    4062       3.003
    4063       3.170
    4064       2.965
    4065       3.066
    4066       3.211
    4067       3.492
    4068       3.134
    4069       2.942
    4070       3.174
    4071       3.186
    4072       3.070
    4073       3.012
    4074       3.141
    4075       3.059
    4076       2.864
    4077       2.890
    4078       3.076
    4079       2.857
    4080       2.986
    4081       3.101
    4082       3.098
    4083       3.038
    4084       3.035
    4085       2.944
    4086       2.975
    4087       2.951
    4088       3.086
    4089       2.788
    4090       3.078
    4091       2.874
    4092       2.990
    4093       3.189
    4094       2.929
    4095       3.090
    4096       3.090
    4097       3.031
    4098       3.145
    4099       3.016
    4100       2.965
    4101       3.255
    4102       2.866
    4103       3.024
    4104       2.873
    4105       2.964
    4106       2.915
    4107       3.162
    4108       3.115
    4109       3.198
    4110       3.041
    4111       2.878
    4112       3.259
    4113       2.887
    4114       3.302
    4115       3.214
    4116       3.113
    4117       2.910
    4118       3.330
    4119       2.986
    4120       2.995
    4121       3.222
    4122       3.020
    4123       3.114
    4124       3.057
    4125       3.006
    4126       2.997
    4127       3.005
    4128       2.952
    4129       3.009
    4130       3.009
    4131       3.309
    4132       3.334
    4133       3.124
    4134       3.198
    4135       2.947
    4136       2.991
    4137       2.940
    4138       3.210
    4139       2.986
    4140       3.031
    4141       3.098
    4142       3.088
    4143       2.894
    4144       2.997
    4145       2.870
    4146       2.941
    4147       3.052
    4148       2.976
    4149       3.013
    4150       3.054
    4151       3.105
    4152       2.959
    4153       2.856
    4154       2.978
    4155       2.917
    4156       2.954
    4157       2.978
    4158       2.726
    4159       2.962
    4160       3.369
    4161       2.980
    4162       3.167
    4163       2.847
    4164       3.240
    4165       2.972
    4166       3.143
    4167       2.792
    4168       2.825
    4169       3.025
    4170       2.988
    4171       3.041
    4172       3.027
    4173       3.113
    4174       3.065
    4175       2.875
    4176       2.959
    4177       2.793
    4178       2.953
    4179       2.985
    4180       3.006
    4181       3.061
    4182       3.071
    4183       2.971
    4184       3.211
    4185       3.055
    4186       2.907
    4187       2.713
    4188       2.896
    4189       2.970
    4190       3.028
    4191       3.170
    4192       3.099
    4193       3.139
    4194       3.136
    4195       2.804
    4196       3.198
    4197       2.970
    4198       2.980
    4199       2.897
    4200       3.115
    4201       3.083
    4202       2.899
    4203       2.914
    4204       3.251
    4205       3.316
    4206       3.070
    4207       2.819
    4208       2.978
    4209       2.984
    4210       3.208
    4211       3.126
    4212       2.890
    4213       2.989
    4214       3.056
    4215       2.678
    4216       2.899
    4217       3.030
    4218       2.985
    4219       3.113
    4220       2.970
    4221       3.309
    4222       2.892
    4223       3.130
    4224       2.919
    4225       2.984
    4226       3.081
    4227       2.867
    4228       3.209
    4229       3.265
    4230       2.984
    4231       3.140
    4232       3.112
    4233       2.922
    4234       2.892
    4235       2.703
    4236       2.982
    4237       2.885
    4238       2.937
    4239       2.835
    4240       2.718
    4241       3.170
    4242       2.931
    4243       2.915
    4244       2.908
    4245       3.111
    4246       2.979
    4247       3.023
    4248       2.939
    4249       2.934
    4250       2.809
    4251       3.001
    4252       2.922
    4253       2.927
    4254       3.115
    4255       3.076
    4256       3.070
    4257       2.928
    4258       3.009
    4259       2.898
    4260       2.874
    4261       2.853
    4262       2.874
    4263       3.066
    4264       2.946
    4265       3.148
    4266       3.359
    4267       2.871
    4268       2.975
    4269       3.032
    4270       3.009
    4271       3.006
    4272       3.062
    4273       2.984
    4274       3.186
    4275       3.042
    4276       2.915
    4277       3.027
    4278       2.867
    4279       3.031
    4280       3.175
    4281       3.204
    4282       3.323
    4283       3.015
    4284       3.078
    4285       2.975
    4286       3.100
    4287       3.194
    4288       2.965
    4289       3.192
    4290       3.116
    4291       2.991
    4292       2.939
    4293       2.903
    4294       2.937
    4295       3.127
    4296       2.929
    4297       3.132
    4298       3.127
    4299       2.822
    4300       2.934
    4301       2.920
    4302       3.030
    4303       2.937
    4304       3.135
    4305       3.009
    4306       2.959
    4307       3.145
    4308       2.980
    4309       2.913
    4310       2.955
    4311       2.833
    4312       2.945
    4313       3.146
    4314       3.035
    4315       3.232
    4316       2.976
    4317       3.242
    4318       2.863
    4319       2.953
    4320       2.805
    4321       2.784
    4322       2.848
    4323       3.070
    4324       3.055
    4325       3.149
    4326       3.027
    4327       3.096
    4328       3.119
    4329       2.920
    4330       3.096
    4331       3.071
    4332       3.028
    4333       2.986
    4334       3.062
    4335       3.019
    4336       3.186
    4337       2.985
    4338       3.246
    4339       3.137
    4340       3.101
    4341       2.884
    4342       3.306
    4343       3.302
    4344       3.220
    4345       3.086
    4346       2.856
    4347       3.126
    4348       3.115
    4349       3.186
    4350       3.006
    4351       2.827
    4352       3.170
    4353       3.174
    4354       3.145
    4355       3.075
    4356       3.097
    4357       3.140
    4358       3.006
    4359       2.940
    4360       3.006
    4361       2.998
    4362       2.869
    4363       3.122
    4364       2.761
    4365       3.194
    4366       3.161
    4367       3.255
    4368       2.952
    4369       3.181
    4370       3.075
    4371       2.996
    4372       2.959
    4373       2.822
    4374       2.898
    4375       2.986
    4376       3.178
    4377       2.927
    4378       3.126
    4379       3.120
    4380       2.884
    4381       3.191
    4382       3.192
    4383       2.968
    4384       3.201
    4385       3.302
    4386       3.001
    4387       2.973
    4388       3.012
    4389       2.950
    4390       2.987
    4391       3.082
    4392       2.958
    4393       3.140
    4394       3.107
    4395       3.097
    4396       2.876
    4397       2.965
    4398       3.088
    4399       2.956
    4400       3.122
    4401       2.966
    4402       3.041
    4403       3.137
    4404       3.244
    4405       3.221
    4406       3.172
    4407       3.046
    4408       2.926
    4409       2.902
    4410       3.046
    4411       3.018
    4412       2.987
    4413       3.210
    4414       2.803
    4415       3.063
    4416       2.997
    4417       3.277
    4418       2.998
    4419       3.092
    4420       3.255
    4421       3.223
    4422       3.016
    4423       3.137
    4424       3.023
    4425       2.804
    4426       2.994
    4427       3.080
    4428       3.193
    4429       3.192
    4430       2.803
    4431       3.126
    4432       2.986
    4433       2.929
    4434       2.927
    4435       2.863
    4436       2.844
    4437       3.045
    4438       3.003
    4439       3.205
    4440       2.973
    4441       3.137
    4442       3.068
    4443       3.042
    4444       3.065
    4445       2.929
    4446       2.909
    4447       3.170
    4448       2.730
    4449       3.195
    4450       2.956
    4451       2.934
    4452       2.837
    4453       3.056
    4454       2.970
    4455       2.781
    4456       2.944
    4457       3.118
    4458       2.864
    4459       2.997
    4460       2.936
    4461       2.948
    4462       2.926
    4463       2.974
    4464       3.005
    4465       3.176
    4466       2.786
    4467       2.630
    4468       3.048
    4469       2.899
    4470       3.055
    4471       3.055
    4472       2.933
    4473       2.942
    4474       3.302
    4475       2.950
    4476       2.880
    4477       2.819
    4478       3.155
    4479       2.909
    4480       2.844
    4481       3.064
    4482       3.150
    4483       3.163
    4484       2.850
    4485       3.080
    4486       2.777
    4487       2.920
    4488       3.085
    4489       2.818
    4490       2.954
    4491       2.881
    4492       2.930
    4493       3.035
    4494       2.858
    4495       2.984
    4496       2.866
    4497       2.980
    4498       2.972
    4499       3.008
    4500       3.102
    4501       2.965
    4502       3.012
    4503       3.057
    4504       2.912
    4505       2.902
    4506       3.219
    4507       2.960
    4508       3.254
    4509       3.425
    4510       3.115
    4511       3.072
    4512       2.838
    4513       2.914
    4514       2.935
    4515       2.882
    4516       2.956
    4517       2.985
    4518       3.077
    4519       3.348
    4520       3.168
    4521       3.283
    4522       2.903
    4523       3.025
    4524       2.896
    4525       3.173
    4526       3.085
    4527       3.244
    4528       3.048
    4529       3.259
    4530       3.208
    4531       2.962
    4532       3.142
    4533       2.989
    4534       3.016
    4535       3.282
    4536       2.983
    4537       3.236
    4538       3.104
    4539       2.967
    4540       3.086
    4541       2.998
    4542       3.066
    4543       3.068
    4544       3.003
    4545       2.934
    4546       2.888
    4547       2.891
    4548       3.079
    4549       3.074
    4550       2.948
    4551       2.977
    4552       3.018
    4553       3.031
    4554       3.012
    4555       3.145
    4556       2.977
    4557       3.104
    4558       3.062
    4559       2.836
    4560       2.841
    4561       3.022
    4562       3.109
    4563       3.201
    4564       2.889
    4565       2.906
    4566       3.068
    4567       2.991
    4568       3.083
    4569       3.014
    4570       3.220
    4571       2.906
    4572       3.007
    4573       3.101
    4574       3.056
    4575       3.295
    4576       3.232
    4577       3.185
    4578       3.096
    4579       2.841
    4580       3.005
    4581       2.850
    4582       2.735
    4583       2.939
    4584       3.362
    4585       3.009
    4586       3.061
    4587       2.902
    4588       2.886
    4589       3.195
    4590       3.390
    4591       3.148
    4592       2.768
    4593       2.975
    4594       3.081
    4595       3.013
    4596       3.122
    4597       3.155
    4598       2.860
    4599       3.081
    4600       3.085
    4601       2.901
    4602       3.005
    4603       2.840
    4604       3.146
    4605       3.384
    4606       3.252
    4607       3.104
    4608       2.904
    4609       2.925
    4610       2.976
    4611       3.170
    4612       3.041
    4613       2.972
    4614       3.030
    4615       2.826
    4616       3.048
    4617       3.047
    4618       3.089
    4619       3.139
    4620       2.981
    4621       3.324
    4622       3.286
    4623       3.077
    4624       2.968
    4625       3.130
    4626       2.769
    4627       3.110
    4628       3.018
    4629       2.882
    4630       2.911
    4631       3.031
    4632       3.266
    4633       3.128
    4634       3.091
    4635       2.822
    4636       2.892
    4637       2.880
    4638       2.863
    4639       2.944
    4640       3.220
    4641       3.007
    4642       3.126
    4643       3.133
    4644       2.837
    4645       2.986
    4646       3.000
    4647       3.171
    4648       3.011
    4649       2.892
    4650       2.833
    4651       2.931
    4652       3.029
    4653       3.135
    4654       3.033
    4655       3.014
    4656       2.893
    4657       3.052
    4658       3.015
    4659       3.132
    4660       3.095
    4661       3.184
    4662       2.970
    4663       2.990
    4664       3.142
    4665       2.946
    4666       3.070
    4667       2.807
    4668       3.088
    4669       2.891
    4670       3.282
    4671       3.061
    4672       3.008
    4673       3.039
    4674       3.136
    4675       3.138
    4676       2.892
    4677       2.797
    4678       3.028
    4679       3.140
    4680       3.119
    4681       2.890
    4682       3.035
    4683       3.015
    4684       3.013
    4685       3.079
    4686       2.818
    4687       3.056
    4688       3.365
    4689       3.024
    4690       3.068
    4691       2.968
    4692       2.838
    4693       2.701
    4694       3.137
    4695       2.792
    4696       3.011
    4697       3.087
    4698       2.934
    4699       3.161
    4700       3.175
    4701       3.201
    4702       2.959
    4703       3.016
    4704       3.119
    4705       3.375
    4706       2.993
    4707       2.782
    4708       2.925
    4709       2.850
    4710       2.998
    4711       2.784
    4712       2.950
    4713       3.007
    4714       3.209
    4715       3.354
    4716       2.977
    4717       2.913
    4718       3.011
    4719       3.238
    4720       3.038
    4721       3.038
    4722       2.891
    4723       3.134
    4724       3.196
    4725       3.172
    4726       2.958
    4727       2.835
    4728       3.071
    4729       2.756
    4730       3.062
    4731       2.984
    4732       2.988
    4733       2.933
    4734       3.232
    4735       3.036
    4736       2.863
    4737       3.014
    4738       3.159
    4739       2.982
    4740       3.153
    4741       3.208
    4742       3.046
    4743       2.986
    4744       3.120
    4745       2.879
    4746       2.928
    4747       3.094
    4748       2.941
    4749       3.081
    4750       3.213
    4751       2.991
    4752       3.228
    4753       3.228
    4754       3.116
    4755       3.038
    4756       3.096
    4757       3.145
    4758       2.810
    4759       3.168
    4760       3.410
    4761       3.105
    4762       3.153
    4763       2.894
    4764       3.024
    4765       3.113
    4766       3.010
    4767       2.963
    4768       3.131
    4769       2.921
    4770       2.976
    4771       3.068
    4772       2.976
    4773       2.929
    4774       2.803
    4775       2.835
    4776       2.790
    4777       3.082
    4778       2.936
    4779       2.922
    4780       3.025
    4781       3.141
    4782       3.132
    4783       3.064
    4784       3.063
    4785       3.199
    4786       2.954
    4787       2.955
    4788       2.928
    4789       3.075
    4790       3.130
    4791       2.979
    4792       3.139
    4793       2.929
    4794       3.039
    4795       3.088
    4796       3.211
    4797       3.083
    4798       2.988
    4799       3.316
    4800       3.002
    4801       2.928
    4802       2.873
    4803       3.093
    4804       3.069
    4805       2.928
    4806       2.961
    4807       3.082
    4808       3.097
    4809       2.975
    4810       2.843
    4811       3.049
    4812       2.891
    4813       3.195
    4814       3.062
    4815       3.326
    4816       3.269
    4817       3.139
    4818       2.803
    4819       3.039
    4820       2.898
    4821       3.265
    4822       3.109
    4823       2.641
    4824       3.139
    4825       3.305
    4826       3.092
    4827       3.248
    4828       3.323
    4829       3.124
    4830       3.109
    4831       3.151
    4832       3.378
    4833       3.095
    4834       3.113
    4835       3.063
    4836       3.049
    4837       2.915
    4838       2.925
    4839       2.935
    4840       2.986
    4841       3.050
    4842       3.221
    4843       3.175
    4844       3.031
    4845       3.359
    4846       2.973
    4847       3.112
    4848       2.890
    4849       3.000
    4850       3.323
    4851       3.100
    4852       3.106
    4853       2.784
    4854       3.237
    4855       2.982
    4856       3.116
    4857       3.167
    4858       2.997
    4859       3.344
    4860       3.035
    4861       3.070
    4862       3.077
    4863       2.975
    4864       3.208
    4865       3.163
    4866       3.366
    4867       3.338
    4868       3.186
    4869       3.146
    4870       3.056
    4871       2.995
    4872       3.037
    4873       2.735
    4874       2.953
    4875       2.737
    4876       3.022
    4877       2.962
    4878       3.231
    4879       3.267
    4880       3.020
    4881       2.810
    4882       2.934
    4883       2.815
    4884       2.948
    4885       2.829
    4886       2.750
    4887       2.886
    4888       3.312
    4889       3.130
    4890       3.090
    4891       3.110
    4892       3.176
    4893       3.016
    4894       3.598
    4895       3.100
    4896       3.141
    4897       2.943
    4898       3.014
    4899       3.197
    4900       2.905
    4901       2.752
    4902       3.417
    4903       3.261
    4904       3.148
    4905       3.218
    4906       3.093
    4907       2.844
    4908       2.728
    4909       3.119
    4910       2.784
    4911       3.224
    4912       2.943
    4913       3.227
    4914       3.039
    4915       3.173
    4916       3.164
    4917       2.673
    4918       3.389
    4919       2.909
    4920       2.892
    4921       3.034
    4922       2.975
    4923       2.980
    4924       3.106
    4925       2.900
    4926       3.116
    4927       3.002
    4928       2.912
    4929       2.912
    4930       3.105
    4931       3.002
    4932       3.051
    4933       2.947
    4934       2.993
    4935       2.823
    4936       3.192
    4937       2.834
    4938       3.173
    4939       3.037
    4940       3.006
    4941       2.808
    4942       2.886
    4943       3.129
    4944       3.090
    4945       3.166
    4946       3.002
    4947       3.029
    4948       3.251
    4949       2.997
    4950       2.725
    4951       3.030
    4952       3.008
    4953       3.032
    4954       3.159
    4955       3.018
    4956       3.084
    4957       3.012
    4958       3.126
    4959       3.045
    4960       3.032
    4961       2.878
    4962       3.066
    4963       3.018
    4964       3.115
    4965       3.527
    4966       3.005
    4967       2.892
    4968       2.872
    4969       2.946
    4970       2.828
    4971       2.954
    4972       3.078
    4973       2.887
    4974       2.693
    4975       2.914
    4976       3.003
    4977       2.861
    4978       2.896
    4979       3.053
    4980       3.141
    4981       2.759
    4982       2.909
    4983       3.079
    4984       2.728
    4985       3.019
    4986       3.214
    4987       2.913
    4988       3.129
    4989       3.294
    4990       3.173
    4991       2.883
    4992       3.038
    4993       2.934
    4994       3.081
    4995       2.986
    4996       3.012
    4997       2.790
    4998       3.022
    4999       2.860
    5000       3.060
