#Frame   PolymerSelfImage PolymerSelfImage[A1] PolymerSelfImage[A2]
       1          23.2929                   11                  154
       2          22.8196                   11                  154
       3          22.0619                   11                  154
       4          22.1204                   11                  154
       5          20.9692                   11                  154
       6          21.0495                   11                  153
       7          22.5315                   11                  153
       8          22.5982                   11                  154
       9          21.1424                   11                  153
      10          21.8537                   11                  154
      11          23.1964                   11                  154
      12          23.2476                   11                  154
      13          23.2639                   11                  127
      14          22.5328                   11                  153
      15          23.1276                   11                  153
      16          21.3531                   11                  153
      17          21.6735                   11                  154
      18          22.8607                   11                  154
      19          23.3935                   11                  154
      20          22.9352                   11                  154
      21          22.2574                   11                  154
      22          22.0356                   11                  152
      23          23.3309                   11                  154
      24          22.0464                   11                  154
      25          23.3695                   11                  154
      26          23.0264                   11                  152
      27          22.7361                   11                  154
      28          23.0011                   11                  154
      29          24.6525                   11                  154
      30          23.5707                   11                  152
      31          24.7849                   11                  152
      32          24.7510                   11                  154
      33          24.0351                   11                  154
      34          24.2746                   11                  154
      35          24.3001                   11                  152
      36          25.1409                   11                  152
      37          23.9104                   11                  152
      38          23.4334                   11                  152
      39          24.0884                   11                  152
      40          22.6226                   11                  154
      41          22.4626                   10                  152
      42          22.1984                   11                  154
      43          22.2484                   11                  152
      44          22.2438                   11                  154
      45          22.5846                   11                  152
      46          23.2889                   11                  154
      47          21.5399                   11                  154
      48          20.6992                   11                  152
      49          20.4591                   11                  154
      50          20.6404                   11                  154
      51          21.1453                   11                  154
      52          21.8311                   11                  152
      53          22.7167                   11                  152
      54          21.4587                   11                  152
      55          21.4932                   10                  152
      56          22.9643                   10                  152
      57          22.5822                   10                  152
      58          24.3017                   10                  126
      59          24.5626                   10                  152
      60          23.4050                   10                  126
      61          23.7083                   10                  126
      62          23.0456                   10                  126
      63          24.0596                   10                  126
      64          24.5492                   10                  126
      65          24.8398                   10                  127
      66          25.2143                   10                  114
      67          24.6543                   10                  114
      68          24.3342                   10                  114
      69          24.2634                   10                  114
      70          24.9048                   10                  114
      71          26.0863                   10                  114
      72          25.0628                   10                  115
      73          24.7146                   10                  114
      74          24.9992                   10                  127
      75          25.2998                   10                  115
      76          24.5503                   10                  114
      77          25.4747                   10                  127
      78          25.0357                   10                  114
      79          26.1579                   10                  126
      80          24.4488                   10                  126
      81          24.7547                   10                  126
      82          24.5567                   10                  126
      83          24.5778                   10                  126
      84          24.9862                   10                  114
      85          23.9653                   10                  127
      86          24.4765                   10                  114
      87          23.4745                   10                  115
      88          23.5275                   10                  114
      89          24.0457                   10                  114
      90          24.7574                    9                  126
      91          25.3279                   10                  114
      92          25.9503                   10                  114
      93          26.3932                   10                  114
      94          26.4968                   10                  114
      95          25.0956                    9                  114
      96          23.8506                   10                  113
      97          24.0992                   10                  154
      98          24.1975                   10                  126
      99          24.0672                   10                  114
     100          24.8531                   10                  153
     101          23.7263                   10                  153
     102          24.2931                   10                  154
     103          23.4231                   10                  154
     104          22.9000                   10                  153
     105          24.4156                    9                  126
     106          21.9373                   10                  154
     107          22.7959                   10                  154
     108          24.6865                   10                  113
     109          25.0414                   10                  113
     110          25.5482                   10                  113
     111          25.7149                   10                  113
     112          25.3756                   10                  113
     113          25.0593                   10                  113
     114          25.8973                   10                  153
     115          25.1835                   10                  113
     116          25.5155                   10                  113
     117          26.4414                   10                  113
     118          28.0416                   10                  113
     119          27.7697                   10                  113
     120          27.5506                   10                  114
     121          26.7121                   10                  114
     122          28.1707                    9                  114
     123          27.1187                   10                  114
     124          28.1062                   10                  114
     125          27.6109                   12                  153
     126          27.7469                   10                  114
     127          27.8968                    9                  113
     128          26.7953                    9                  113
     129          27.6956                    9                  113
     130          27.7311                    9                  113
     131          27.5571                    9                  113
     132          26.9774                   10                  113
     133          27.5506                   12                  113
     134          27.9492                    9                  113
     135          26.5701                   10                  113
     136          27.3054                   10                  113
     137          27.2165                   61                  153
     138          26.8160                   61                  153
     139          27.3678                   12                  153
     140          26.8484                    1                  153
     141          27.8417                   61                  153
     142          27.5513                   61                  153
     143          29.4784                   61                  153
     144          29.7895                   12                  113
     145          28.9723                    9                  113
     146          28.1964                   10                  126
     147          28.2027                    9                  127
     148          26.6132                    9                  154
     149          27.4287                    9                  153
     150          25.0135                    9                  153
     151          26.4278                   10                  153
     152          24.4466                   10                  153
     153          23.1976                    9                  153
     154          24.8078                   10                  153
     155          25.6052                    9                  126
     156          25.2678                    9                  126
     157          25.1275                   10                  126
     158          25.0192                   10                  126
     159          24.5497                   10                  126
     160          24.9619                   10                  126
     161          24.0021                    9                  128
     162          24.4772                    9                  126
     163          24.3838                   10                  126
     164          25.9422                   10                  126
     165          25.9120                    9                  126
     166          27.6098                   10                  115
     167          26.5523                    9                  115
     168          26.0876                    9                  115
     169          25.3494                   10                  153
     170          26.0698                   10                  115
     171          25.0613                   10                  126
     172          26.0643                   10                  126
     173          27.1163                   10                  126
     174          27.8847                   10                  115
     175          28.1857                    9                  115
     176          29.1619                   10                  115
     177          29.7956                   10                  115
     178          28.7609                    9                  115
     179          29.3848                   61                  126
     180          28.8856                   61                  126
     181          28.7824                   61                  126
     182          28.8976                    9                  115
     183          28.8285                   61                  126
     184          28.7164                   61                  126
     185          28.3149                   61                  126
     186          28.0710                   61                  153
     187          27.9604                   10                  126
     188          27.5079                   10                  115
     189          29.1656                   10                  115
     190          26.9790                   10                  115
     191          27.9090                   10                  126
     192          28.2638                   10                  115
     193          28.2511                   10                  115
     194          27.4674                   10                  115
     195          25.4957                   10                  115
     196          26.0329                   10                  126
     197          27.4302                   10                  126
     198          25.6955                   10                  126
     199          24.9846                   10                  126
     200          24.5745                   10                  126
     201          26.2144                   10                  126
     202          25.9760                   10                  126
     203          26.4050                   10                  126
     204          29.1380                    7                  126
     205          28.4482                   10                  115
     206          28.2668                   24                  140
     207          28.4990                   10                  115
     208          28.6522                    7                  126
     209          27.7850                   10                  115
     210          27.4063                   10                  115
     211          25.3563                   10                  115
     212          25.2473                   10                  126
     213          26.0535                   10                  126
     214          26.3048                   10                  115
     215          27.2827                   10                  115
     216          27.2543                   10                  115
     217          25.2936                   10                  153
     218          25.9960                   10                  153
     219          27.5820                   63                  153
     220          27.0712                   24                  140
     221          27.1698                   24                  140
     222          28.1908                   24                  140
     223          27.6435                   24                  140
     224          26.8033                   24                  140
     225          27.5445                   24                  140
     226          27.6403                   24                  140
     227          27.1242                   10                  115
     228          27.2287                   10                  115
     229          27.3563                   10                  115
     230          28.2758                   63                  153
     231          26.2558                   10                  126
     232          27.7258                   10                  115
     233          26.8763                   24                  140
     234          27.0064                   24                  140
     235          27.6910                   24                  140
     236          27.9913                   22                  140
     237          28.5288                   23                  140
     238          27.8829                   24                  140
     239          28.2665                   22                  140
     240          27.3098                   24                  140
     241          26.3708                   24                  140
     242          27.3823                   22                  140
     243          28.4659                   22                  140
     244          28.9089                   10                  115
     245          27.9364                   10                  127
     246          28.1012                   10                  115
     247          28.2890                   10                  115
     248          28.9598                   10                  115
     249          28.1031                   10                  115
     250          27.8143                   10                  115
     251          28.3996                   10                  115
     252          28.8240                   10                  127
     253          27.2502                   10                  115
     254          27.8479                   10                  115
     255          27.4204                   10                  115
     256          27.7361                   10                  115
     257          26.9543                   10                  115
     258          27.3104                   10                  115
     259          28.1694                   10                  115
     260          27.5853                   10                  127
     261          28.5421                   10                  127
     262          28.8836                   36                  140
     263          28.5195                   63                  152
     264          29.3658                   10                  127
     265          28.9021                   10                  115
     266          28.4363                   10                  115
     267          28.9085                   10                  115
     268          29.4411                   10                  115
     269          28.4735                   10                  115
     270          28.7548                   23                  115
     271          29.1392                    9                  115
     272          29.1243                   23                  115
     273          28.0598                   23                  115
     274          29.3975                   24                  115
     275          28.6820                   24                  115
     276          28.5390                   24                  115
     277          27.9664                   24                  115
     278          29.0649                   63                  115
     279          29.3923                   63                  115
     280          28.3407                   23                  115
     281          29.0537                   11                  115
     282          29.1794                   23                  115
     283          30.1416                   23                  115
     284          29.7008                   63                  115
     285          30.0397                   63                  115
     286          29.8306                   63                  115
     287          30.0957                   63                  115
     288          30.2638                   63                  115
     289          30.1698                   63                  115
     290          29.2027                   24                  141
     291          29.6742                   63                  115
     292          29.3959                   63                  115
     293          28.4087                   24                  141
     294          28.8203                   24                  141
     295          28.8134                   24                  141
     296          29.4553                   24                  141
     297          28.5816                   22                  141
     298          29.4161                   61                  115
     299          28.5741                   24                  141
     300          28.5861                   24                  141
     301          27.5805                   24                  141
     302          28.1713                   22                  141
     303          29.5862                   24                  141
     304          28.5177                   24                  141
     305          29.5244                   24                  141
     306          29.1766                   24                  141
     307          30.3436                   24                  141
     308          29.0572                   24                  154
     309          28.6865                   24                  154
     310          28.0625                   24                  141
     311          27.7928                   24                  141
     312          28.5228                   24                  141
     313          26.1711                   24                  141
     314          26.6082                   24                  141
     315          26.6946                   24                  141
     316          26.9234                   24                  141
     317          28.3307                   24                  141
     318          27.0990                   22                  141
     319          27.2781                   24                  141
     320          26.9404                   24                  141
     321          26.7323                   24                  141
     322          25.9604                   24                  141
     323          26.6947                   24                  141
     324          26.1375                   24                  141
     325          28.6634                   22                  141
     326          28.6852                   24                  141
     327          27.8086                   24                  141
     328          28.3492                   24                  141
     329          27.5554                   24                  141
     330          27.4398                   22                  141
     331          27.7046                   22                  141
     332          29.1967                    9                  113
     333          29.0372                   22                  141
     334          28.5423                    9                  113
     335          28.8387                   22                  141
     336          27.9277                   24                  141
     337          27.8569                    9                  113
     338          28.6007                   24                  141
     339          27.3262                    9                  113
     340          27.1508                    9                  113
     341          26.3814                    9                  113
     342          27.5751                    9                  113
     343          26.9279                    9                  113
     344          28.5131                   61                  113
     345          28.4029                    9                  113
     346          27.6560                   62                  113
     347          26.3804                    9                  113
     348          26.6857                    9                  113
     349          27.0303                    9                  113
     350          27.1773                    9                  113
     351          27.7290                    9                  113
     352          26.7244                    9                  113
     353          28.6617                    9                  113
     354          27.5546                    9                  113
     355          27.9633                    9                  113
     356          27.6217                    9                  113
     357          27.8276                   22                  152
     358          27.7439                   22                  154
     359          28.2143                   22                  154
     360          28.0167                   22                  153
     361          27.1431                   24                  153
     362          27.9205                   24                  153
     363          29.1218                   24                  139
     364          29.4166                   24                  153
     365          29.5675                   24                  139
     366          29.4209                   22                  139
     367          29.2016                   24                  137
     368          29.2394                   24                  153
     369          28.0209                   22                  153
     370          27.2775                   24                  153
     371          28.7795                   22                  153
     372          25.9629                   24                  139
     373          27.0299                   24                  139
     374          26.6609                   24                  139
     375          26.5070                   22                  139
     376          26.6863                   22                  139
     377          27.8123                   22                  139
     378          26.1284                   24                  139
     379          26.2660                   24                  139
     380          26.2458                   24                  139
     381          27.3072                   24                  153
     382          27.0938                   24                  153
     383          26.6741                   24                  139
     384          28.4471                   24                  139
     385          27.8558                   24                  139
     386          27.7423                   24                  139
     387          27.8601                   22                  153
     388          27.6664                   22                  154
     389          27.3498                   24                  153
     390          27.9390                   24                  139
     391          28.2120                   24                  139
     392          27.8057                    9                  115
     393          28.0120                    9                  115
     394          27.7276                    9                  115
     395          27.2820                    9                  115
     396          27.1182                   24                  153
     397          27.7873                   24                  139
     398          28.4229                   24                  139
     399          28.4727                    9                  115
     400          26.6130                   24                  154
     401          27.2603                   24                  153
     402          27.9464                   24                  154
     403          27.0989                   24                  153
     404          28.0809                   24                  139
     405          28.1084                   24                  137
     406          26.7306                   24                  139
     407          27.0552                   24                  139
     408          25.8739                   24                  139
     409          26.9477                   24                  139
     410          29.0151                   22                  153
     411          28.3487                   24                  139
     412          28.7185                   24                  139
     413          29.5792                   62                  115
     414          28.9815                   62                  115
     415          29.1344                   62                  115
     416          28.7714                    9                  115
     417          28.5601                    9                  115
     418          28.8188                    9                  115
     419          27.9556                   22                  154
     420          28.2383                   22                  154
     421          29.4883                   62                  115
     422          28.6965                   22                  154
     423          27.9280                   22                  139
     424          29.4568                   22                  154
     425          29.1314                   22                  139
     426          28.9561                   22                  139
     427          29.2227                   22                  139
     428          28.4479                   22                  139
     429          28.4837                   22                  152
     430          29.9980                   22                  152
     431          29.4693                   22                  139
     432          28.0927                   22                  139
     433          28.6025                   22                  139
     434          29.6735                   22                  152
     435          28.7269                   22                  152
     436          28.5291                   22                  152
     437          28.9228                   22                  152
     438          28.6182                   22                  152
     439          28.5948                   22                  154
     440          28.5672                   22                  152
     441          27.1814                   22                  152
     442          27.1936                   22                  152
     443          27.1189                   22                  153
     444          27.7805                   22                  152
     445          27.7354                   22                  153
     446          27.6234                   22                  152
     447          29.9875                   22                  153
     448          30.0562                   22                  153
     449          30.3766                   22                  139
     450          31.0848                   62                  115
     451          29.9594                   62                  115
     452          30.3947                   22                  139
     453          28.7702                   22                  139
     454          28.7792                   22                  139
     455          29.7920                   22                  139
     456          29.4817                   22                  139
     457          30.4220                   22                  139
     458          30.5584                   63                  115
     459          28.9516                   22                  139
     460          29.5163                   63                  126
     461          30.1764                   22                  139
     462          29.5519                   22                  139
     463          30.7310                   61                  115
     464          30.3975                   63                  115
     465          30.0527                   22                  139
     466          29.1823                   22                  154
     467          30.1848                   22                  154
     468          30.5505                   63                  115
     469          31.5474                   63                  115
     470          31.2163                   63                  115
     471          30.1598                   63                  115
     472          30.4570                   22                  152
     473          28.6743                   22                  152
     474          28.3279                   22                  152
     475          27.9273                   22                  152
     476          29.2101                   22                  152
     477          29.9163                   22                  152
     478          28.7085                   22                  152
     479          28.6163                   22                  152
     480          29.1206                   63                  115
     481          29.6491                   10                  115
     482          28.7640                   22                  152
     483          28.2767                   22                  152
     484          28.6726                   22                  152
     485          28.1785                   22                  152
     486          27.9233                   22                  152
     487          28.6746                   22                  154
     488          28.9057                   22                  152
     489          28.5548                   10                  115
     490          28.1735                   10                  115
     491          29.1804                   10                  115
     492          28.4880                   22                  152
     493          29.0472                   22                  152
     494          28.3485                   22                  152
     495          28.9926                   10                  115
     496          28.5748                   10                  115
     497          28.6369                   10                  115
     498          28.4519                   10                  115
     499          29.1356                   10                  115
     500          27.5681                   10                  115
     501          28.0973                   10                  115
     502          27.0938                   10                  115
     503          28.1178                   10                  115
     504          27.4126                   10                  115
     505          27.6922                   10                  115
     506          28.1807                   11                  113
     507          28.5006                   11                  114
     508          29.3454                   63                  114
     509          29.4333                   11                  114
     510          29.4102                   11                  114
     511          28.8918                   11                  114
     512          28.5679                   11                  114
     513          28.7963                   11                  114
     514          29.6748                   22                  152
     515          28.4748                   22                  152
     516          29.3465                   22                  152
     517          29.3082                   11                  114
     518          29.4772                   22                  154
     519          29.0647                   11                  114
     520          28.0310                   11                  114
     521          28.4723                   11                  114
     522          29.8342                   11                  114
     523          29.4807                   11                  114
     524          28.1680                   22                  152
     525          27.9766                   11                  114
     526          27.2572                   11                  114
     527          29.1574                   22                  152
     528          28.2687                   11                  114
     529          28.6519                   11                  114
     530          29.6112                   22                  152
     531          28.9113                   22                  152
     532          29.0954                   11                  114
     533          28.1788                   11                  114
     534          27.6360                   22                  152
     535          28.6545                   11                  114
     536          28.7564                   11                  114
     537          29.3265                   11                  114
     538          29.5983                   11                  114
     539          29.5834                   11                  114
     540          28.8518                   11                  114
     541          30.1236                   11                  114
     542          29.6355                   11                  114
     543          30.5016                   11                  127
     544          30.3990                   11                  115
     545          30.6216                   11                  127
     546          31.5070                   11                  115
     547          29.8204                   62                  115
     548          29.3140                   63                  153
     549          29.3161                   62                  153
     550          30.0777                   62                  153
     551          29.3626                   62                  153
     552          28.6205                   62                  153
     553          27.9637                   62                  153
     554          30.3413                   62                  153
     555          29.3492                   62                  153
     556          29.7566                   63                  153
     557          30.1984                   63                  153
     558          30.3874                   11                  127
     559          30.0261                   62                  127
     560          30.0300                   63                  127
     561          29.4969                   62                  127
     562          30.3555                   11                  127
     563          30.4712                   11                  127
     564          30.0177                   11                  127
     565          30.6859                   11                  127
     566          30.6747                   11                  127
     567          30.8478                   11                  127
     568          30.4128                   62                  153
     569          29.2472                   11                  127
     570          29.3439                   11                  153
     571          28.3637                   11                  153
     572          27.6838                   11                  153
     573          26.5067                   11                  153
     574          25.3562                   11                  153
     575          25.5022                   11                  153
     576          25.9465                   11                  153
     577          25.5459                   11                  153
     578          25.1654                   11                  153
     579          25.8677                   10                  153
     580          26.1410                   10                  153
     581          26.5891                   10                  153
     582          25.6508                   10                  153
     583          25.7268                   10                  153
     584          26.0657                   10                  153
     585          26.1926                   10                  153
     586          26.6771                   10                  153
     587          27.1816                   10                  153
     588          26.3406                   10                  153
     589          26.2811                   61                  153
     590          25.9430                   61                  153
     591          25.8024                   10                  153
     592          25.5625                   61                  153
     593          27.1035                   61                  153
     594          25.9915                   10                  127
     595          26.9339                   10                  127
     596          25.8452                   10                  127
     597          26.2216                   10                  127
     598          25.8638                   10                  127
     599          26.0405                   10                  127
     600          25.8996                   10                  127
     601          26.7129                    9                  127
     602          26.7101                    9                  127
     603          27.0697                   10                  150
     604          27.5741                   10                  127
     605          25.4152                    9                  127
     606          24.4260                   10                  154
     607          23.3030                   10                  127
     608          25.2994                    9                  128
     609          25.3607                   10                  127
     610          25.4656                   10                  127
     611          25.6562                   10                  127
     612          26.2616                   10                  154
     613          25.5178                   10                  127
     614          25.0489                   10                  128
     615          25.5232                   10                  127
     616          24.7939                   10                  127
     617          23.9361                   10                  127
     618          24.3728                   10                  127
     619          23.2495                   10                  127
     620          23.5088                   10                  127
     621          24.6623                   10                  127
     622          24.4009                   10                  127
     623          24.1539                   10                  127
     624          25.5423                   10                  127
     625          26.5976                   10                  127
     626          25.9969                   10                  128
     627          26.3585                   10                  152
     628          25.4237                   10                  154
     629          26.1350                   10                  128
     630          25.5192                   10                  128
     631          24.9571                   10                  152
     632          25.0052                   10                  128
     633          25.8247                   10                  128
     634          27.7385                   10                  152
     635          27.3961                   10                  128
     636          26.5709                   10                  128
     637          27.2776                   10                  128
     638          27.2270                   10                  154
     639          26.8126                   10                  128
     640          28.3410                   10                  128
     641          27.2825                   61                  154
     642          28.6441                    9                  128
     643          28.4469                   10                  128
     644          28.7033                   10                  128
     645          28.4154                   10                  128
     646          26.9286                   10                  152
     647          26.8573                   10                  154
     648          28.3510                   10                  152
     649          28.7859                   10                  152
     650          27.9276                   10                  154
     651          27.2162                   10                  154
     652          28.0373                   62                  154
     653          27.4640                   61                  154
     654          27.3123                   61                  154
     655          26.2540                   61                  154
     656          27.4959                   61                  154
     657          28.4446                   61                  154
     658          29.8731                   61                  154
     659          29.8234                   62                  154
     660          28.5729                   61                  154
     661          27.4324                   24                  141
     662          26.5473                   61                  154
     663          27.6394                   24                  141
     664          27.6068                    9                  154
     665          28.0096                    9                  154
     666          28.3676                   61                  154
     667          29.2540                   61                  154
     668          28.9521                   61                  154
     669          28.0705                   61                  154
     670          29.0854                   61                  154
     671          28.7254                    9                  154
     672          29.2512                   61                  152
     673          29.6488                    9                  128
     674          29.8999                    9                  128
     675          29.5176                   61                  153
     676          28.5456                   61                  153
     677          29.6285                   61                  154
     678          29.7780                   61                  153
     679          29.1234                   61                  153
     680          28.1378                   61                  154
     681          27.6289                   61                  154
     682          27.6081                   61                  154
     683          27.9500                   61                  154
     684          27.9746                   61                  154
     685          28.1707                   61                  154
     686          29.1333                   61                  154
     687          29.0537                   61                  154
     688          30.8410                   24                  141
     689          29.1168                   61                  152
     690          29.0900                    9                  128
     691          28.4797                   61                  154
     692          28.9173                   61                  154
     693          29.3593                   61                  154
     694          28.4150                   61                  154
     695          28.8022                    9                  127
     696          29.9028                   61                  153
     697          30.1509                   61                  153
     698          29.5217                   61                  154
     699          28.6247                   61                  154
     700          28.5277                   61                  154
     701          28.8020                   61                  154
     702          28.6589                   61                  154
     703          29.6379                   24                  141
     704          29.0767                   61                  154
     705          28.3092                   61                  154
     706          28.6871                   61                  154
     707          28.9177                   61                  154
     708          26.8874                   61                  154
     709          27.8164                   61                  154
     710          27.3378                    9                  154
     711          28.0757                    9                  154
     712          28.3995                   61                  154
     713          27.9618                   61                  154
     714          27.0034                   61                  154
     715          27.5749                   61                  154
     716          28.8309                   61                  154
     717          28.8371                   61                  154
     718          29.1814                   61                  154
     719          28.5190                   61                  154
     720          28.1518                   61                  154
     721          27.7244                   61                  154
     722          27.8888                   61                  154
     723          27.4689                   61                  154
     724          27.5369                   61                  154
     725          26.7602                   61                  154
     726          27.4541                   61                  154
     727          27.0353                   61                  154
     728          26.9959                   61                  154
     729          28.7017                   61                  154
     730          28.4756                   61                  154
     731          29.1471                   61                  154
     732          29.3743                   24                  141
     733          29.5480                   24                  141
     734          29.5762                   75                  154
     735          30.6602                   75                  154
     736          30.5869                   75                  154
     737          29.7547                   75                  154
     738          30.6078                  100                  154
     739          30.5976                  100                  154
     740          30.0769                   75                  154
     741          30.6248                   75                  154
     742          30.2018                  100                  154
     743          30.6170                  100                  154
     744          29.6241                   75                  154
     745          30.3182                   75                  154
     746          31.4821                   75                  154
     747          31.5391                   75                  154
     748          30.5569                   75                  154
     749          30.3812                   75                  154
     750          30.7297                   75                  154
     751          29.5464                   75                  154
     752          28.8667                   75                  154
     753          28.7751                   75                  154
     754          29.1317                   75                  154
     755          29.8844                   75                  154
     756          30.3267                   75                  154
     757          29.8610                   61                  154
     758          30.6695                   61                  154
     759          28.7702                   61                  154
     760          27.8965                   61                  154
     761          27.5396                   61                  154
     762          27.1937                   61                  154
     763          27.8097                   61                  154
     764          28.1848                   61                  152
     765          27.3350                   61                  154
     766          26.6900                   61                  154
     767          27.8494                   61                  152
     768          25.1650                   61                  154
     769          26.0949                   61                  154
     770          25.2399                   61                  154
     771          26.4003                   61                  154
     772          27.1514                   61                  154
     773          26.8670                   61                  154
     774          26.3953                   61                  154
     775          26.9314                   61                  154
     776          26.9842                   61                  154
     777          26.5525                    9                  154
     778          26.9858                    9                  154
     779          26.4375                    9                  154
     780          26.2760                    9                  154
     781          25.7143                    9                  154
     782          26.5881                    9                  154
     783          26.8752                    9                  154
     784          26.4543                    9                  154
     785          25.6867                    9                  154
     786          24.4504                    9                  154
     787          26.5974                   61                  154
     788          25.2437                   61                  154
     789          25.9950                   61                  154
     790          26.1932                   61                  154
     791          26.2845                    9                  153
     792          26.6146                   61                  154
     793          26.2127                   61                  154
     794          26.7135                   61                  154
     795          26.0947                   61                  154
     796          26.5235                   61                  154
     797          26.7685                   61                  154
     798          25.8279                    9                  154
     799          25.5207                   61                  154
     800          25.1703                   61                  154
     801          24.2293                   23                  154
     802          24.7376                   23                  154
     803          25.7260                   10                  154
     804          25.0700                    9                  154
     805          25.4839                    9                  154
     806          24.2250                    9                  154
     807          22.5646                    9                  154
     808          21.8453                    9                  154
     809          21.2611                    9                  154
     810          22.2746                   11                  154
     811          21.3067                    9                  154
     812          21.1953                    9                  154
     813          21.8065                    9                  153
     814          23.6073                    9                  154
     815          23.4418                    9                  153
     816          21.4824                    9                  154
     817          20.4452                    9                  154
     818          22.0784                    9                  154
     819          22.3486                    9                  154
     820          21.4551                    9                  154
     821          21.3253                    9                  154
     822          21.7610                    9                  154
     823          21.1838                    9                  154
     824          20.4466                    9                  154
     825          21.8309                    9                  154
     826          22.0273                    9                  154
     827          23.5924                    9                  154
     828          22.3702                    9                  154
     829          22.6722                    9                  153
     830          23.7876                    9                  154
     831          24.4685                    9                  154
     832          23.5147                    9                  154
     833          23.8973                    9                  154
     834          23.5056                   10                  154
     835          23.5931                    9                  154
     836          24.3048                    9                  154
     837          22.3243                    9                  154
     838          22.3037                    9                  154
     839          22.8003                   10                  154
     840          22.0210                    9                  154
     841          21.8410                    9                  154
     842          22.9924                    9                  154
     843          23.2901                    9                  154
     844          23.4236                    9                  154
     845          23.1072                    9                  154
     846          21.4377                    9                  154
     847          21.0471                    9                  154
     848          19.9978                    9                  154
     849          20.4437                    9                  154
     850          20.5698                    9                  154
     851          20.6617                    9                  154
     852          20.7615                    9                  154
     853          21.0304                    9                  154
     854          21.9051                    9                  154
     855          20.9436                    9                  154
     856          21.6633                    9                  153
     857          21.1967                    9                  154
     858          22.2561                    9                  153
     859          21.4650                    9                  154
     860          20.9959                    9                  154
     861          20.8040                    9                  154
     862          20.3682                    9                  154
     863          20.8041                    9                  154
     864          21.0181                    9                  154
     865          21.0145                    9                  154
     866          22.1900                    9                  154
     867          21.6256                    9                  154
     868          20.9855                    9                  154
     869          22.0535                    9                  154
     870          23.2789                    9                  154
     871          23.2663                   22                  154
     872          22.5420                   22                  154
     873          22.8903                   22                  154
     874          21.8776                    9                  154
     875          22.9548                    9                  154
     876          22.1237                   11                  154
     877          22.3094                   11                  154
     878          23.0205                   11                  154
     879          21.3121                   11                  154
     880          21.0878                    9                  154
     881          20.7934                    9                  154
     882          20.0304                    9                  154
     883          21.4212                    9                  154
     884          22.2547                    9                  154
     885          22.9834                   11                  154
     886          23.1702                    9                  154
     887          23.2214                   11                  154
     888          22.7049                    9                  153
     889          21.4400                    9                  153
     890          21.8708                    9                  153
     891          22.2921                    9                  153
     892          23.8088                    9                  153
     893          21.3954                    9                  153
     894          21.5098                    9                  153
     895          21.9630                    9                  153
     896          21.9908                    9                  153
     897          21.6178                    9                  153
     898          21.6993                    9                  153
     899          22.0015                    9                  153
     900          22.2306                    9                  153
     901          21.4543                    9                  153
     902          22.4635                    9                  152
     903          21.7523                    9                  152
     904          21.3796                    9                  153
     905          21.3131                    9                  153
     906          22.2368                    9                  153
     907          21.2778                    9                  153
     908          22.2389                    9                  152
     909          21.9277                    9                  153
     910          20.8296                    9                  153
     911          19.7557                    9                  153
     912          20.0403                    9                  153
     913          18.6143                    9                  153
     914          18.9064                    9                  153
     915          19.3356                   11                  153
     916          20.3715                   11                  153
     917          20.1227                    9                  153
     918          20.3373                    9                  153
     919          19.4490                    9                  153
     920          19.7389                    9                  153
     921          20.9139                    9                  153
     922          21.9389                    9                  153
     923          20.8942                    9                  153
     924          21.4225                   11                  152
     925          22.0485                   11                  152
     926          21.8296                    9                  153
     927          21.6431                    9                  153
     928          22.0308                    9                  152
     929          21.1085                   11                  153
     930          21.2724                    9                  152
     931          20.9886                    9                  152
     932          21.4692                    9                  152
     933          19.6307                    9                  153
     934          19.9123                    9                  153
     935          20.1290                    9                  153
     936          20.0616                    9                  153
     937          19.8372                    9                  153
     938          19.9635                    9                  153
     939          19.7729                    9                  153
     940          20.1190                    9                  152
     941          21.0949                   11                  153
     942          21.3172                    9                  153
     943          19.8892                    9                  153
     944          20.3997                    9                  153
     945          21.3168                    9                  153
     946          21.6548                   11                  153
     947          21.4606                    9                  153
     948          23.4345                    9                  154
     949          21.9580                    9                  154
     950          22.1692                    9                  153
     951          22.1621                    9                  153
     952          22.1439                    9                  153
     953          22.8382                    9                  154
     954          22.5112                    9                  153
     955          22.6703                    9                  153
     956          22.3725                    9                  153
     957          22.7224                    9                  153
     958          22.3262                    9                  153
     959          22.8667                    9                  153
     960          22.7973                    9                  153
     961          25.1868                    9                  153
     962          26.5373                    9                  153
     963          26.3158                    9                  153
     964          26.0604                    9                  153
     965          26.0386                   11                  153
     966          27.6911                    9                  153
     967          26.2908                    9                  153
     968          25.7129                   11                  153
     969          26.8701                    9                  154
     970          25.5308                    9                  153
     971          25.8722                    9                  153
     972          24.4437                    9                  153
     973          24.3738                    9                  153
     974          25.1194                    9                  153
     975          24.4394                    9                  154
     976          24.6640                    9                  153
     977          23.4201                    9                  153
     978          24.1938                    9                  154
     979          24.8796                    9                  153
     980          24.9577                    9                  153
     981          25.0627                    9                  153
     982          24.9938                    9                  153
     983          23.2863                    9                  153
     984          24.6840                    9                  153
     985          25.6852                    9                  150
     986          24.7401                    9                  153
     987          26.9748                    9                  150
     988          25.7836                    9                  150
     989          27.8763                    9                  150
     990          26.4472                    9                  150
     991          26.5559                    9                  126
     992          27.1138                    9                  150
     993          25.5418                    9                  127
     994          25.9392                    9                  128
     995          25.5856                    9                  128
     996          26.1354                    9                  128
     997          24.7983                    9                  127
     998          25.4244                    9                  128
     999          23.9777                    9                  127
    1000          24.1261                    9                  128
    1001          24.4405                   11                  128
    1002          25.5268                    9                  148
    1003          24.4482                    9                  128
    1004          24.8343                    9                  128
    1005          25.9545                    9                  128
    1006          25.0880                    9                  128
    1007          23.4912                    9                  127
    1008          23.6361                    9                  148
    1009          23.9297                    9                  128
    1010          23.6861                    9                  128
    1011          23.9493                    9                  128
    1012          24.8440                    9                  128
    1013          26.6560                    9                  128
    1014          25.4907                    9                  148
    1015          23.4215                    9                  152
    1016          22.5140                    9                  152
    1017          23.3886                    9                  148
    1018          22.1513                    9                  152
    1019          23.4507                   11                  152
    1020          24.1104                    9                  152
    1021          21.6382                    9                  152
    1022          23.7540                    9                  152
    1023          22.9414                    9                  154
    1024          22.6758                    9                  152
    1025          23.7130                   11                  152
    1026          22.0758                    9                  152
    1027          22.0637                    9                  152
    1028          22.7210                    9                  152
    1029          23.5893                    9                  154
    1030          23.7117                    9                  152
    1031          22.9712                    9                  152
    1032          24.9707                    9                  152
    1033          22.1798                    9                  152
    1034          22.1150                    9                  154
    1035          21.0359                    9                  152
    1036          21.2601                    9                  152
    1037          21.3789                    9                  152
    1038          21.4521                    9                  152
    1039          21.9435                   11                  152
    1040          21.2313                   11                  154
    1041          21.4217                    9                  154
    1042          23.0217                    9                  154
    1043          23.2805                    9                  152
    1044          21.1687                    9                  152
    1045          21.1612                    9                  154
    1046          23.2088                    9                  152
    1047          23.4832                    9                  154
    1048          23.1311                    7                  154
    1049          23.1139                   11                  152
    1050          22.4632                   11                  152
    1051          22.2972                   11                  152
    1052          22.4685                   12                  152
    1053          23.0687                   11                  152
    1054          22.5184                   11                  152
    1055          23.1181                   12                  152
    1056          23.0817                    9                  152
    1057          22.4448                    9                  154
    1058          22.1688                    9                  154
    1059          20.2552                   11                  154
    1060          19.6860                    9                  154
    1061          18.7473                    9                  154
    1062          19.4387                    9                  152
    1063          19.9534                   11                  154
    1064          19.9150                   11                  154
    1065          20.2269                   11                  154
    1066          20.7413                   11                  154
    1067          22.1577                   11                  152
    1068          21.4299                   11                  152
    1069          20.6129                   11                  152
    1070          21.2577                   11                  154
    1071          22.8723                   12                  154
    1072          22.8491                   11                  154
    1073          21.9636                    9                  154
    1074          20.4115                    9                  154
    1075          19.9461                    9                  154
    1076          19.1358                    9                  154
    1077          18.8875                    9                  154
    1078          18.8667                    9                  154
    1079          19.2916                    9                  154
    1080          19.7474                    9                  154
    1081          18.5417                    9                  154
    1082          18.9785                    9                  154
    1083          19.2142                    9                  154
    1084          19.1106                    9                  154
    1085          18.3227                    9                  154
    1086          19.6085                    9                  154
    1087          20.2512                    9                  154
    1088          19.8118                    9                  154
    1089          19.1360                    9                  154
    1090          19.2910                    9                  154
    1091          20.3800                    9                  154
    1092          20.5238                    9                  154
    1093          19.5937                    9                  154
    1094          19.0682                    9                  154
    1095          18.8761                    9                  154
    1096          19.4702                    9                  154
    1097          19.9735                    9                  154
    1098          20.4166                    9                  154
    1099          20.7525                    9                  154
    1100          19.5463                    9                  154
    1101          20.6336                    9                  154
    1102          19.8375                    9                  154
    1103          19.6435                    9                  154
    1104          21.1842                    9                  154
    1105          22.3606                    9                  154
    1106          21.6473                    9                  154
    1107          22.1278                    9                  154
    1108          21.6342                    9                  154
    1109          21.2177                    9                  154
    1110          21.0450                    9                  154
    1111          20.8436                    9                  154
    1112          20.3099                    9                  154
    1113          20.9985                    9                  154
    1114          21.8950                    9                  154
    1115          22.2953                    9                  152
    1116          23.5851                    9                  154
    1117          23.9035                    9                  154
    1118          23.0617                    9                  154
    1119          23.5455                    9                  126
    1120          24.6491                    9                  127
    1121          24.9749                    9                  126
    1122          24.9607                    9                  126
    1123          24.1961                    9                  126
    1124          24.2250                    9                  126
    1125          25.2374                    9                  126
    1126          25.1087                    9                  126
    1127          25.1279                    9                  126
    1128          24.7630                    9                  126
    1129          26.6186                    9                  126
    1130          26.1351                    9                  126
    1131          26.3298                    9                  126
    1132          24.2785                    9                  154
    1133          25.0232                    9                  153
    1134          24.5648                    9                  154
    1135          25.0908                    9                  154
    1136          24.1345                    9                  154
    1137          23.7899                    9                  154
    1138          24.7160                    9                  154
    1139          23.4619                    9                  154
    1140          23.8529                   11                  154
    1141          24.3719                   11                  154
    1142          24.7895                   62                  154
    1143          25.1435                   11                  154
    1144          24.0656                   11                  154
    1145          23.6064                   11                  154
    1146          23.1349                   10                  154
    1147          22.7675                    9                  154
    1148          24.7401                   10                  154
    1149          23.5830                   10                  154
    1150          24.7930                   11                  154
    1151          24.7367                   10                  154
    1152          25.5615                   62                  154
    1153          24.4937                   62                  154
    1154          24.2215                   10                  154
    1155          23.7545                    9                  154
    1156          23.8751                   10                  154
    1157          23.8861                   10                  154
    1158          22.1133                    9                  154
    1159          22.6000                   11                  154
    1160          23.9131                   10                  154
    1161          24.3251                   62                  154
    1162          23.4113                   10                  154
    1163          23.3505                   10                  154
    1164          23.0111                   10                  154
    1165          23.8882                   11                  154
    1166          24.1895                   62                  154
    1167          24.1578                   62                  154
    1168          24.7169                   62                  154
    1169          24.4441                   11                  154
    1170          24.0407                   62                  154
    1171          24.4316                   10                  154
    1172          24.1506                   10                  154
    1173          23.9379                   10                  154
    1174          24.2359                   10                  152
    1175          25.4585                   11                  152
    1176          25.8111                   62                  152
    1177          25.9981                   62                  153
    1178          26.5493                   62                  152
    1179          27.2547                   62                  152
    1180          26.7753                   50                  152
    1181          26.0108                   50                  152
    1182          26.4634                   50                  152
    1183          26.3336                   50                  152
    1184          26.2236                   62                  152
    1185          25.5131                   49                  152
    1186          25.9602                   62                  152
    1187          27.6460                   62                  152
    1188          25.0166                   62                  152
    1189          26.0783                   50                  152
    1190          26.4259                   62                  152
    1191          25.7800                   50                  152
    1192          24.9264                   50                  152
    1193          26.3240                   62                  152
    1194          25.8413                   62                  152
    1195          25.6254                   50                  152
    1196          26.0587                   49                  152
    1197          25.3509                   50                  152
    1198          27.6016                   62                  152
    1199          26.2357                   62                  152
    1200          25.5659                   62                  152
    1201          25.6113                   62                  152
    1202          26.7757                   62                  152
    1203          26.4307                   62                  152
    1204          26.2947                   62                  152
    1205          25.7509                   62                  152
    1206          26.0048                   62                  152
    1207          26.1855                   62                  152
    1208          26.3905                   62                  152
    1209          26.1885                   62                  152
    1210          27.0201                   62                  152
    1211          26.6874                   62                  152
    1212          27.3255                   23                  141
    1213          27.0153                   23                  141
    1214          26.0131                   23                  141
    1215          27.0610                   23                  141
    1216          25.4523                   23                  141
    1217          26.5900                   23                  141
    1218          25.7818                   23                  141
    1219          25.6658                   23                  141
    1220          24.7500                   23                  141
    1221          25.3310                   23                  141
    1222          24.5554                   23                  141
    1223          25.6766                   23                  141
    1224          25.8684                   23                  141
    1225          26.2439                   62                  152
    1226          26.0455                   23                  141
    1227          26.8933                   22                  141
    1228          25.4384                   23                  141
    1229          24.3835                   23                  141
    1230          24.6287                   23                  141
    1231          25.2545                   23                  141
    1232          25.1114                   23                  141
    1233          25.5220                   23                  141
    1234          24.7984                   23                  141
    1235          26.1563                   23                  141
    1236          26.2476                   23                  141
    1237          25.3922                   23                  141
    1238          24.8051                   23                  141
    1239          25.2205                   23                  141
    1240          25.9726                   23                  141
    1241          26.0822                   23                  141
    1242          26.3595                   23                  141
    1243          25.7566                   23                  141
    1244          26.5056                   23                  141
    1245          26.5754                   23                  141
    1246          27.2469                   62                  153
    1247          26.7784                   62                  153
    1248          27.7550                   22                  141
    1249          26.5592                   62                  153
    1250          26.1590                   62                  153
    1251          25.7151                   62                  153
    1252          26.4312                   62                  153
    1253          26.5496                   62                  153
    1254          26.4475                   62                  153
    1255          25.9463                   62                  153
    1256          26.3440                   62                  153
    1257          26.1633                   62                  153
    1258          25.8321                   62                  153
    1259          26.5174                   62                  153
    1260          25.9981                   62                  153
    1261          25.2809                   62                  153
    1262          24.1935                   62                  153
    1263          24.6794                   62                  153
    1264          24.7252                   62                  153
    1265          25.2710                   62                  153
    1266          25.1658                   62                  153
    1267          25.3400                   62                  153
    1268          25.3187                   62                  153
    1269          24.5758                   62                  153
    1270          25.1370                   63                  153
    1271          25.7172                   62                  153
    1272          27.2480                   62                  153
    1273          26.2644                   62                  153
    1274          25.3081                   62                  153
    1275          23.8396                   62                  153
    1276          25.3835                   62                  154
    1277          24.8409                   62                  153
    1278          24.4914                   62                  153
    1279          26.6718                   63                  153
    1280          25.7894                   62                  153
    1281          25.5712                   62                  153
    1282          26.3242                   62                  153
    1283          26.1700                   62                  153
    1284          24.4632                   63                  153
    1285          24.4276                   62                  153
    1286          24.8555                   62                  153
    1287          26.0477                   62                  153
    1288          26.5288                   63                  153
    1289          26.2959                   63                  153
    1290          26.2029                   62                  153
    1291          26.0576                   62                  153
    1292          25.5082                   62                  153
    1293          26.0010                   62                  153
    1294          25.8783                   62                  152
    1295          25.6111                   62                  152
    1296          25.4493                   62                  152
    1297          25.9000                   62                  152
    1298          25.4848                   62                  152
    1299          25.9531                   62                  152
    1300          26.1036                   63                  152
    1301          24.8091                   62                  152
    1302          24.4345                   62                  152
    1303          24.6554                   62                  152
    1304          24.4900                   63                  152
    1305          23.9221                   62                  152
    1306          24.0774                   62                  152
    1307          24.8492                   62                  152
    1308          24.5363                   62                  152
    1309          25.3615                   62                  152
    1310          26.1200                   62                  152
    1311          26.4536                   62                  152
    1312          26.3155                   62                  153
    1313          25.6190                   62                  152
    1314          27.4861                   62                  152
    1315          26.9626                   62                  152
    1316          26.9213                   62                  152
    1317          27.0673                   62                  152
    1318          26.9583                   11                  153
    1319          25.8796                   11                  152
    1320          27.0785                   62                  152
    1321          28.2995                   62                  152
    1322          29.0669                   63                  152
    1323          28.9057                   62                  152
    1324          28.1736                   62                  152
    1325          28.7500                   11                  150
    1326          28.4463                   10                  150
    1327          29.5245                   62                  152
    1328          31.0538                   62                  150
    1329          31.0635                   10                  127
    1330          31.0294                   10                  126
    1331          30.1876                   63                  150
    1332          28.5755                   63                  152
    1333          28.1122                   63                  152
    1334          28.1252                   63                  152
    1335          28.4899                    9                  152
    1336          26.7038                   62                  152
    1337          29.8125                   62                  152
    1338          30.4702                   62                  155
    1339          31.6308                   62                  155
    1340          31.3362                   10                  127
    1341          31.1245                   10                  128
    1342          30.6433                   10                  128
    1343          30.4781                   10                  127
    1344          30.2991                    9                  128
    1345          30.2344                   10                  126
    1346          29.5059                    9                  127
    1347          29.9745                   10                  127
    1348          29.5362                   10                  127
    1349          29.8155                   10                  128
    1350          29.7918                   10                  127
    1351          28.0710                   10                  127
    1352          29.1209                   10                  128
    1353          28.9468                   11                  127
    1354          30.5344                   11                  127
    1355          29.9137                    9                  128
    1356          30.1800                   10                  128
    1357          30.2825                    9                  128
    1358          29.2823                    9                  128
    1359          28.4501                   10                  127
    1360          28.3802                    9                  127
    1361          27.8865                   10                  127
    1362          28.0650                    9                  128
    1363          28.9651                   10                  128
    1364          27.9740                   10                  127
    1365          28.4809                   10                  127
    1366          27.4597                   11                  127
    1367          28.8430                   10                  127
    1368          29.6269                   10                  128
    1369          28.6396                    9                  150
    1370          29.0237                   10                  128
    1371          28.9035                    9                  128
    1372          29.2326                   10                  127
    1373          28.9534                   10                  128
    1374          28.9680                   10                  128
    1375          27.9638                    9                  128
    1376          27.4669                    9                  128
    1377          27.0312                    9                  128
    1378          25.6952                    9                  127
    1379          27.0237                    9                  128
    1380          26.1092                    9                  127
    1381          25.4751                    9                  127
    1382          25.3627                    9                  127
    1383          24.8196                    9                  128
    1384          25.7756                    9                  128
    1385          25.5939                    9                  127
    1386          27.5951                    9                  127
    1387          26.4851                    9                  127
    1388          27.1982                    9                  128
    1389          27.1048                    9                  128
    1390          26.9090                    9                  150
    1391          27.1637                    9                  128
    1392          26.9776                    9                  128
    1393          26.7242                    9                  128
    1394          26.6148                    9                  128
    1395          27.0691                    9                  150
    1396          26.9118                    9                  127
    1397          27.3359                    9                  127
    1398          27.7679                    9                  127
    1399          29.1406                    9                  127
    1400          29.4861                    9                  127
    1401          30.9114                    9                  127
    1402          30.3248                    9                  127
    1403          29.8006                    9                  127
    1404          29.6172                    9                  127
    1405          30.4303                    9                  127
    1406          29.5127                    9                  127
    1407          29.6667                   62                  153
    1408          30.7337                   62                  148
    1409          29.5721                   62                  153
    1410          29.8684                   62                  153
    1411          29.5555                   62                  152
    1412          29.4311                   62                  152
    1413          27.6499                   62                  153
    1414          29.7667                   62                  152
    1415          29.2416                   62                  153
    1416          28.9818                    9                  128
    1417          28.3677                    9                  127
    1418          28.5310                    9                  127
    1419          28.6459                    9                  127
    1420          28.6276                    9                  127
    1421          27.4733                    9                  127
    1422          27.5093                    9                  127
    1423          29.0906                    9                  127
    1424          29.5862                   62                  128
    1425          29.6269                   62                  127
    1426          29.6875                   62                  127
    1427          30.5166                   62                  128
    1428          29.3982                   11                  127
    1429          28.6915                   11                  127
    1430          29.2993                   11                  127
    1431          28.3073                   11                  127
    1432          27.9554                   11                  128
    1433          28.8507                   11                  128
    1434          27.7874                   11                  128
    1435          27.5950                   11                  128
    1436          27.3993                   11                  128
    1437          27.2468                   11                  128
    1438          28.6649                   11                  128
    1439          27.3756                   11                  127
    1440          26.8037                   11                  127
    1441          27.5718                   11                  127
    1442          27.7581                   11                  127
    1443          28.7496                   11                  128
    1444          27.7310                   11                  127
    1445          27.8088                   62                  152
    1446          28.1831                   62                  153
    1447          29.0530                   62                  153
    1448          29.0535                   62                  153
    1449          28.0908                   62                  153
    1450          28.2583                   63                  153
    1451          27.9242                   11                  153
    1452          27.5805                   11                  153
    1453          26.9663                   11                  152
    1454          26.9207                   63                  153
    1455          27.5530                   63                  153
    1456          28.0265                   63                  153
    1457          29.7072                   63                  153
    1458          30.3158                   11                  128
    1459          30.6418                   63                  128
    1460          31.1396                   11                  128
    1461          31.9427                   11                  126
    1462          31.6937                   11                  126
    1463          29.7038                   11                  128
    1464          30.2050                   10                  128
    1465          30.6819                   11                  128
    1466          30.8654                   11                  128
    1467          32.0589                   11                  128
    1468          30.9570                   63                  148
    1469          31.7801                   63                  148
    1470          31.1835                   11                  127
    1471          31.1026                   63                  150
    1472          31.2646                   63                  127
    1473          31.6091                   11                  127
    1474          31.2294                   11                  127
    1475          31.5624                   11                  127
    1476          31.7327                   11                  127
    1477          31.2846                   11                  126
    1478          31.9044                   11                  127
    1479          32.0380                   63                  126
    1480          31.3050                   11                  126
    1481          31.6901                   63                  150
    1482          31.0692                   63                  150
    1483          29.9424                   63                  152
    1484          29.2011                   63                  152
    1485          29.4390                   63                  152
    1486          29.1627                   63                  152
    1487          30.3436                   63                  150
    1488          30.4111                   11                  128
    1489          30.2067                   11                  126
    1490          30.6821                   63                  155
    1491          30.0740                   63                  155
    1492          29.7455                   11                  155
    1493          30.1680                   11                  126
    1494          29.8808                   11                  127
    1495          29.1812                   11                  128
    1496          28.4824                   11                  127
    1497          29.0510                   11                  128
    1498          29.5191                   11                  155
    1499          28.8862                   11                  141
    1500          29.2689                   11                  148
    1501          30.0618                   11                  147
    1502          30.1966                   11                  126
    1503          29.9414                   11                  156
    1504          29.1751                   11                  156
    1505          29.6203                   11                  150
    1506          30.3192                   11                  150
    1507          28.3945                   11                  150
    1508          29.5178                   11                  150
    1509          29.7276                   11                  147
    1510          29.0530                   11                  148
    1511          28.8211                   11                  148
    1512          28.4565                   11                  148
    1513          27.9534                   11                  153
    1514          26.2207                   11                  153
    1515          27.1204                   11                  148
    1516          25.2218                   11                  127
    1517          25.1977                   11                  127
    1518          24.4671                   11                  148
    1519          25.9522                   11                  127
    1520          27.0164                   11                  128
    1521          27.1367                   11                  150
    1522          26.7616                   11                  127
    1523          26.9454                   11                  148
    1524          27.4490                   11                  127
    1525          26.7307                   11                  150
    1526          26.2725                   11                  150
    1527          25.7681                   11                  150
    1528          24.8622                   11                  154
    1529          24.1507                   11                  152
    1530          27.7183                   11                  150
    1531          28.6251                   11                  150
    1532          29.1798                   11                  128
    1533          28.8672                   11                  128
    1534          32.1611                   63                  155
    1535          32.0612                   63                  155
    1536          31.4503                   11                  141
    1537          29.6817                   11                  127
    1538          30.1260                   11                  127
    1539          29.9562                   63                  150
    1540          30.2642                   11                  155
    1541          30.9421                   11                  128
    1542          30.5731                   11                  127
    1543          29.3715                   11                  127
    1544          29.6243                   11                  127
    1545          29.8808                   11                  127
    1546          29.7692                   63                  154
    1547          29.8328                   11                  127
    1548          28.2005                   11                  154
    1549          27.3482                   63                  154
    1550          27.8846                   63                  154
    1551          28.2874                   63                  154
    1552          28.0621                   63                  153
    1553          27.8096                   63                  153
    1554          27.1070                   63                  153
    1555          27.1253                   63                  154
    1556          28.1820                   63                  154
    1557          28.1565                   11                  153
    1558          29.1083                   63                  154
    1559          28.5387                   11                  154
    1560          29.0015                   11                  127
    1561          28.7080                   63                  154
    1562          26.9023                   63                  153
    1563          27.7303                   11                  153
    1564          28.7808                   11                  154
    1565          30.1890                   11                  150
    1566          29.6235                   63                  150
    1567          29.4761                   63                  150
    1568          29.2622                   63                  154
    1569          29.4473                   63                  154
    1570          29.5800                   63                  150
    1571          29.8433                   63                  150
    1572          29.3272                   63                  150
    1573          29.4044                   63                  154
    1574          29.7955                   63                  154
    1575          28.9162                   63                  154
    1576          28.4460                   63                  154
    1577          27.2765                   63                  152
    1578          28.7370                   63                  152
    1579          27.1718                   61                  154
    1580          27.7340                   63                  152
    1581          26.8681                   63                  154
    1582          26.5228                   63                  153
    1583          26.0168                   63                  154
    1584          25.8057                   63                  154
    1585          25.7811                   63                  154
    1586          26.2230                   63                  154
    1587          26.6620                   63                  154
    1588          26.5181                   63                  154
    1589          27.6367                   63                  154
    1590          26.7356                   63                  154
    1591          27.5000                   63                  154
    1592          27.5876                   63                  152
    1593          27.3325                   63                  154
    1594          26.5747                   63                  154
    1595          26.5187                   63                  153
    1596          25.1578                   63                  154
    1597          25.0634                   63                  152
    1598          25.8256                   63                  152
    1599          27.2115                   63                  152
    1600          25.0052                   63                  154
    1601          26.6539                   63                  154
    1602          26.7479                   63                  154
    1603          26.7752                   63                  154
    1604          25.2901                   63                  154
    1605          25.8264                   63                  154
    1606          24.5028                   63                  154
    1607          25.7087                   63                  154
    1608          25.9685                   63                  154
    1609          26.3866                   63                  152
    1610          26.3242                   63                  152
    1611          26.7689                   63                  154
    1612          26.6908                   63                  154
    1613          26.2446                   63                  154
    1614          26.5345                   63                  154
    1615          25.9451                   63                  154
    1616          25.3070                   11                  154
    1617          25.7056                   63                  154
    1618          27.1433                   63                  154
    1619          27.1642                   63                  154
    1620          26.5672                   63                  154
    1621          27.5620                   11                  154
    1622          27.2668                   63                  154
    1623          26.2591                   11                  154
    1624          26.1751                   63                  154
    1625          26.0256                   63                  154
    1626          27.4906                   63                  154
    1627          27.5791                   61                  154
    1628          27.4643                   61                  154
    1629          27.6995                   61                  154
    1630          28.8966                   61                  154
    1631          30.0835                   61                  153
    1632          27.9084                   61                  153
    1633          28.4040                   61                  154
    1634          28.3251                   61                  154
    1635          28.9985                   61                  153
    1636          29.0364                   61                  153
    1637          29.1409                   61                  153
    1638          28.7310                   61                  153
    1639          28.4100                   61                  154
    1640          28.5319                   61                  153
    1641          29.4619                   61                  153
    1642          28.8329                   62                  153
    1643          29.0541                   62                  154
    1644          28.0383                   62                  153
    1645          29.2707                   62                  153
    1646          27.8444                   62                  153
    1647          27.9174                   62                  153
    1648          27.9722                   62                  154
    1649          26.9970                   62                  154
    1650          28.0166                   62                  154
    1651          26.7344                   62                  154
    1652          26.6738                   62                  154
    1653          27.9042                   62                  154
    1654          28.0143                   62                  154
    1655          28.9569                   62                  153
    1656          28.0846                   62                  154
    1657          26.7530                   62                  153
    1658          27.6077                   62                  154
    1659          27.6018                   62                  153
    1660          27.4435                   62                  154
    1661          28.4953                   62                  153
    1662          27.8152                   62                  153
    1663          29.3369                   62                  153
    1664          27.5487                   62                  154
    1665          29.3689                   62                  154
    1666          28.6301                   62                  153
    1667          28.0881                   11                  154
    1668          28.2473                   11                  154
    1669          28.2754                   11                  154
    1670          28.3979                   62                  153
    1671          29.1308                   22                  154
    1672          25.9737                   23                  154
    1673          25.7201                   22                  154
    1674          27.2084                   22                  154
    1675          27.8408                   22                  154
    1676          26.1557                   22                  152
    1677          26.0198                   22                  152
    1678          24.8994                   22                  154
    1679          24.5066                   22                  152
    1680          25.3869                   23                  152
    1681          25.4550                   23                  152
    1682          24.6745                   23                  152
    1683          23.9722                   22                  152
    1684          24.6829                   23                  152
    1685          24.1325                   23                  152
    1686          25.5598                   23                  154
    1687          26.2538                   22                  154
    1688          26.3244                   23                  152
    1689          27.1978                   22                  152
    1690          27.7025                   22                  154
    1691          28.7924                   22                  154
    1692          28.1141                   22                  154
    1693          26.5681                   23                  152
    1694          28.5544                   23                  152
    1695          25.1411                   22                  154
    1696          27.1111                   22                  154
    1697          28.0839                   22                  152
    1698          26.2352                   22                  152
    1699          27.2921                   22                  154
    1700          27.9224                   23                  152
    1701          27.8899                   23                  152
    1702          26.7630                   23                  152
    1703          27.7618                   23                  152
    1704          26.2536                   23                  152
    1705          26.4940                   22                  152
    1706          28.8148                   22                  152
    1707          28.3745                   22                  152
    1708          28.0019                   22                  152
    1709          28.0616                   22                  152
    1710          28.8250                   75                  152
    1711          29.0630                   75                  152
    1712          29.1208                   75                  152
    1713          29.6396                   75                  152
    1714          29.8086                   75                  152
    1715          30.0262                   22                  127
    1716          29.9348                   22                  127
    1717          28.9268                   22                  127
    1718          29.7002                   22                  127
    1719          29.8026                   23                  127
    1720          29.4984                   23                  127
    1721          30.9442                   22                  139
    1722          29.8171                   22                  139
    1723          29.8234                   22                  126
    1724          30.0116                   11                  139
    1725          30.8695                   23                  127
    1726          29.9175                   22                  127
    1727          31.6063                   11                  139
    1728          30.2128                   11                  139
    1729          30.4664                   22                  127
    1730          30.5521                   22                  139
    1731          31.0901                   23                  139
    1732          31.3305                   22                  139
    1733          32.1567                   11                  139
    1734          31.3800                   22                  139
    1735          31.7016                   11                  139
    1736          31.1560                   11                  139
    1737          30.7399                   11                  139
    1738          31.7720                   11                  139
    1739          31.5642                   11                  139
    1740          31.7923                   22                  139
    1741          33.0335                   22                  141
    1742          31.3055                   22                  127
    1743          30.0325                   23                  139
    1744          30.8859                   22                  139
    1745          32.3268                   50                  152
    1746          31.3917                   22                  139
    1747          29.5534                   22                  139
    1748          28.5091                    9                  139
    1749          30.3794                   22                  139
    1750          29.6220                    9                  139
    1751          29.6134                    9                  150
    1752          30.7124                   22                  126
    1753          30.7613                   22                  126
    1754          30.8092                   22                  126
    1755          29.2070                    9                  155
    1756          28.9536                    9                  155
    1757          28.1626                    9                  155
    1758          28.2149                    9                  155
    1759          28.4063                    9                  154
    1760          28.4151                    9                  154
    1761          28.6827                    9                  154
    1762          27.0272                    9                  154
    1763          26.0782                    9                  154
    1764          25.3989                    9                  154
    1765          24.3813                    9                  154
    1766          24.4988                    9                  154
    1767          24.5880                    9                  154
    1768          24.5872                    9                  154
    1769          25.7657                    9                  154
    1770          26.3419                    9                  139
    1771          27.6615                    9                  139
    1772          26.7795                    9                  154
    1773          26.4682                    9                  154
    1774          27.7591                    9                  154
    1775          27.3565                    9                  152
    1776          26.8717                    9                  154
    1777          26.9322                    9                  154
    1778          28.3372                    9                  155
    1779          27.5749                    9                  154
    1780          28.3440                    9                  155
    1781          28.2672                    9                  154
    1782          27.0226                    9                  154
    1783          29.3776                    9                  155
    1784          28.3440                    9                  154
    1785          26.4171                    9                  154
    1786          24.9257                    9                  154
    1787          25.7753                    9                  154
    1788          25.8789                    9                  153
    1789          25.4387                    9                  152
    1790          24.8032                    9                  152
    1791          27.3458                    9                  153
    1792          26.5899                    9                  153
    1793          27.5057                    9                  153
    1794          28.3254                   10                  153
    1795          27.7601                   10                  152
    1796          27.6421                   10                  153
    1797          28.0319                   10                  153
    1798          27.7556                   10                  153
    1799          28.4004                    9                  152
    1800          28.0676                    9                  152
    1801          28.6754                   11                  153
    1802          29.1689                   11                  154
    1803          28.5514                   11                  152
    1804          28.8018                   11                  152
    1805          28.7994                   11                  152
    1806          27.3311                   11                  153
    1807          28.1499                   10                  153
    1808          27.0922                   11                  153
    1809          27.0095                   11                  152
    1810          26.2538                    9                  152
    1811          25.3126                    9                  152
    1812          28.2011                    9                  154
    1813          27.9196                    9                  154
    1814          29.3842                    9                  153
    1815          28.8627                    9                  153
    1816          30.0159                   11                  153
    1817          28.9360                    9                  153
    1818          29.8883                    9                  153
    1819          30.1660                   10                  153
    1820          30.9619                   10                  154
    1821          31.3135                   10                  153
    1822          28.9113                   10                  153
    1823          28.9138                   10                  154
    1824          28.4992                   10                  153
    1825          27.4299                   10                  154
    1826          29.3523                   10                  154
    1827          28.7027                   10                  154
    1828          29.2167                    9                  154
    1829          31.3377                    9                  127
    1830          29.7265                    9                  127
    1831          29.7633                    9                  154
    1832          29.1655                    9                  154
    1833          30.1507                    9                  154
    1834          26.9879                    9                  154
    1835          26.0849                    9                  154
    1836          27.1045                    9                  152
    1837          26.9240                    9                  154
    1838          26.9453                    9                  154
    1839          26.7585                    9                  154
    1840          27.4429                    9                  154
    1841          28.0018                   10                  154
    1842          28.2636                    9                  154
    1843          27.6769                   10                  154
    1844          27.3728                    9                  154
    1845          26.8633                    9                  154
    1846          27.8682                    9                  152
    1847          26.7396                    9                  154
    1848          24.3730                    9                  154
    1849          25.2683                    9                  152
    1850          24.5647                    9                  152
    1851          24.2256                    9                  154
    1852          25.1966                    9                  154
    1853          25.4903                    9                  152
    1854          25.5301                    9                  154
    1855          25.7739                    9                  154
    1856          26.4385                    9                  152
    1857          27.1449                    9                  152
    1858          27.7127                    9                  154
    1859          27.7232                    9                  154
    1860          28.0804                    9                  154
    1861          29.0001                   10                  150
    1862          28.5816                    9                  150
    1863          29.0471                    9                  150
    1864          28.9734                    9                  150
    1865          29.4534                    9                  150
    1866          28.9366                    9                  150
    1867          29.5036                    9                  150
    1868          29.4254                    9                  152
    1869          29.7043                    9                  150
    1870          30.8106                    9                  150
    1871          30.6828                    9                  150
    1872          31.9276                   10                  140
    1873          30.2767                    9                  140
    1874          31.0394                    9                  127
    1875          30.7630                    9                  127
    1876          30.4174                    9                  127
    1877          30.8678                    9                  127
    1878          30.4913                    9                  127
    1879          30.1821                    9                  127
    1880          31.2775                   10                  127
    1881          31.1695                   10                  127
    1882          31.3626                    9                  126
    1883          31.6805                   10                  128
    1884          32.2759                   10                  128
    1885          32.1184                   10                  128
    1886          31.2257                    9                  128
    1887          30.8141                   10                  128
    1888          30.6354                   10                  128
    1889          31.8797                   10                  128
    1890          31.2471                   23                  152
    1891          31.1901                   10                  128
    1892          31.9084                   10                  128
    1893          31.1009                   10                  128
    1894          30.6861                   10                  128
    1895          31.3861                   11                  128
    1896          32.3682                   11                  128
    1897          31.3056                   10                  128
    1898          31.0290                   10                  126
    1899          32.1895                    9                  126
    1900          31.7333                    9                  126
    1901          31.4332                    9                  155
    1902          31.1634                    9                  150
    1903          31.6983                    9                  150
    1904          30.3366                    9                  154
    1905          30.2835                   62                  152
    1906          33.2034                   11                  154
    1907          31.4413                   11                  154
    1908          32.0815                   62                  154
    1909          31.5538                   11                  154
    1910          30.6369                   11                  154
    1911          32.1957                   11                  154
    1912          31.4675                   10                  127
    1913          30.8105                   10                  127
    1914          31.8828                   10                  127
    1915          31.0628                   10                  126
    1916          32.0169                   11                  154
    1917          32.5970                  101                  152
    1918          32.1800                   62                  154
    1919          32.2245                    9                  154
    1920          31.4660                   11                  127
    1921          31.7657                   11                  154
    1922          31.5984                   11                  127
    1923          30.4974                   11                  127
    1924          32.2572                   11                  127
    1925          32.3849                    9                  126
    1926          31.9535                    9                  127
    1927          31.6427                    9                  127
    1928          32.7795                   11                  127
    1929          31.6475                    9                  154
    1930          32.0071                    9                  154
    1931          30.2133                    9                  154
    1932          31.2703                   74                  152
    1933          30.5522                    9                  154
    1934          29.4759                    9                  154
    1935          30.3027                   11                  154
    1936          31.8145                   11                  154
    1937          30.9128                   11                  154
    1938          32.3287                   74                  154
    1939          31.9826                  102                  152
    1940          31.7952                   11                  154
    1941          31.4620                   11                  127
    1942          32.4996                    9                  152
    1943          32.3154                   74                  154
    1944          31.5048                   74                  154
    1945          31.2011                   11                  127
    1946          31.6120                   11                  127
    1947          30.5818                   11                  127
    1948          30.6213                   11                  127
    1949          32.5146                   23                  153
    1950          31.7569                   23                  153
    1951          31.4821                   74                  127
    1952          31.6147                   74                  152
    1953          31.9517                   74                  127
    1954          31.9178                   74                  127
    1955          32.0631                    1                  127
    1956          31.0844                   74                  154
    1957          30.8903                   74                  154
    1958          31.6925                   74                  154
    1959          29.6459                   74                  154
    1960          30.5633                   74                  154
    1961          31.0410                   74                  127
    1962          31.9832                   74                  154
    1963          30.6720                   74                  154
    1964          32.0145                   23                  152
    1965          30.6316                   24                  152
    1966          30.0832                   24                  152
    1967          30.3364                   23                  153
    1968          30.4959                   23                  152
    1969          27.7064                   24                  152
    1970          27.8710                   24                  152
    1971          28.9210                   23                  152
    1972          29.5208                   24                  152
    1973          29.1112                   24                  152
    1974          28.9315                   24                  152
    1975          29.2357                   24                  152
    1976          28.4137                   24                  152
    1977          30.0323                   24                  152
    1978          28.8818                   24                  152
    1979          28.9382                   24                  152
    1980          30.7445                   24                  153
    1981          28.7290                   24                  152
    1982          27.4670                   24                  152
    1983          28.6553                   24                  152
    1984          30.0010                   63                  128
    1985          30.4601                   63                  128
    1986          30.8902                   63                  128
    1987          28.8522                   24                  152
    1988          28.9330                   63                  128
    1989          28.9697                   24                  152
    1990          29.0319                   63                  128
    1991          29.2291                   24                  152
    1992          29.8673                   24                  152
    1993          28.5193                   24                  153
    1994          28.4287                   24                  152
    1995          27.5366                   24                  152
    1996          26.5092                   24                  152
    1997          26.8106                   24                  152
    1998          26.7800                   24                  152
    1999          28.0049                   24                  152
    2000          27.3917                   24                  152
    2001          26.8536                   24                  152
    2002          27.2243                   24                  152
    2003          26.8005                   24                  152
    2004          25.9900                   24                  152
    2005          26.7998                   24                  152
    2006          27.2272                   24                  152
    2007          26.6996                   24                  152
    2008          26.4665                   24                  152
    2009          26.1969                   24                  152
    2010          25.8233                   24                  152
    2011          26.0243                   24                  152
    2012          26.0820                   24                  152
    2013          27.0331                   24                  152
    2014          27.4819                   24                  152
    2015          26.5737                   24                  152
    2016          26.2841                   24                  152
    2017          28.0518                   24                  152
    2018          26.9576                   24                  152
    2019          26.6630                   24                  152
    2020          28.6194                   24                  152
    2021          28.4849                   24                  152
    2022          28.3674                   24                  152
    2023          28.2731                   24                  152
    2024          30.1048                   23                  153
    2025          29.3209                   24                  152
    2026          30.4970                   24                  152
    2027          30.4209                   24                  153
    2028          29.5484                   24                  154
    2029          30.1251                   24                  153
    2030          30.3680                   24                  153
    2031          31.0852                   24                  153
    2032          30.5253                   74                  152
    2033          30.3246                   24                  153
    2034          31.2082                   24                  153
    2035          29.9953                   24                  153
    2036          28.4147                   24                  152
    2037          28.6990                   24                  152
    2038          28.1721                   24                  153
    2039          28.3645                   24                  152
    2040          27.7665                   24                  152
    2041          28.3259                   24                  152
    2042          29.3160                   24                  152
    2043          29.3174                   24                  153
    2044          29.8140                   24                  153
    2045          28.6828                   24                  152
    2046          28.7800                   24                  153
    2047          28.2440                   24                  153
    2048          27.9968                   24                  153
    2049          28.6779                   24                  152
    2050          29.4919                   24                  153
    2051          27.7827                   24                  152
    2052          27.8352                   24                  152
    2053          27.3940                   24                  153
    2054          27.4141                   24                  152
    2055          26.1281                   24                  152
    2056          26.1156                   24                  152
    2057          25.7678                   24                  152
    2058          25.8666                   24                  152
    2059          25.8901                   24                  152
    2060          26.1116                   24                  152
    2061          26.2231                   24                  152
    2062          25.6632                   24                  152
    2063          25.1314                   24                  152
    2064          25.4593                   24                  152
    2065          25.1014                   22                  152
    2066          25.8055                   24                  152
    2067          24.3735                   24                  152
    2068          24.9786                   22                  152
    2069          25.5237                   22                  152
    2070          25.6731                   22                  152
    2071          25.4896                   24                  152
    2072          25.2349                   22                  152
    2073          25.7342                   22                  152
    2074          27.9646                   22                  152
    2075          27.5659                   22                  152
    2076          27.6942                   22                  152
    2077          25.8225                   24                  152
    2078          24.4545                   24                  152
    2079          24.2631                   22                  152
    2080          24.4806                   24                  152
    2081          25.0765                   24                  152
    2082          24.8213                   24                  152
    2083          24.8279                   24                  152
    2084          25.2177                   22                  152
    2085          25.5359                   24                  152
    2086          24.7711                   22                  152
    2087          26.2883                   22                  152
    2088          25.8266                   22                  152
    2089          27.0677                   22                  152
    2090          26.3991                   22                  152
    2091          26.8204                   22                  152
    2092          28.2816                   22                  152
    2093          27.1172                   22                  152
    2094          27.1951                   22                  152
    2095          25.9660                   22                  152
    2096          27.3224                   22                  152
    2097          27.7941                   22                  153
    2098          27.4455                   22                  152
    2099          26.5659                   22                  152
    2100          26.1014                   22                  152
    2101          26.5699                   22                  152
    2102          26.3788                   22                  152
    2103          26.4572                   22                  152
    2104          26.8281                   24                  152
    2105          27.0165                   22                  152
    2106          27.7302                   22                  152
    2107          29.4378                   22                  152
    2108          28.5984                   22                  152
    2109          28.8659                   22                  152
    2110          28.0491                   22                  152
    2111          27.7532                    9                  152
    2112          26.2644                   11                  152
    2113          27.6760                    9                  152
    2114          27.5081                   22                  152
    2115          27.5018                    9                  152
    2116          28.7745                    9                  152
    2117          27.9094                   22                  152
    2118          27.3985                   22                  152
    2119          27.1106                   11                  152
    2120          27.1422                   11                  152
    2121          26.7234                   10                  152
    2122          27.3517                   11                  152
    2123          26.6884                   11                  152
    2124          27.2551                   11                  152
    2125          26.4484                   11                  152
    2126          26.0533                   11                  152
    2127          25.6978                   11                  152
    2128          26.3912                   11                  152
    2129          27.1974                   10                  152
    2130          27.4176                   11                  152
    2131          25.9079                   11                  152
    2132          26.1988                   10                  152
    2133          26.1973                   11                  152
    2134          26.0946                   11                  152
    2135          26.8468                   23                  152
    2136          27.0647                   23                  152
    2137          27.6147                   23                  152
    2138          26.8959                   22                  152
    2139          26.3297                   23                  152
    2140          26.7250                   24                  152
    2141          25.9433                   22                  152
    2142          26.9350                   22                  152
    2143          26.5438                   22                  152
    2144          26.5279                   22                  152
    2145          25.2014                   11                  152
    2146          27.0417                   22                  152
    2147          26.2665                   22                  152
    2148          26.1642                   22                  152
    2149          25.2965                   22                  152
    2150          25.5554                   22                  152
    2151          26.8362                   22                  152
    2152          26.5906                   22                  152
    2153          26.4233                   22                  154
    2154          26.5227                   22                  152
    2155          26.2016                   22                  152
    2156          25.7723                   22                  152
    2157          25.3836                   22                  152
    2158          25.4445                   24                  152
    2159          25.6327                   22                  152
    2160          26.7856                   22                  152
    2161          26.8749                   22                  152
    2162          26.6817                   22                  152
    2163          26.4759                   22                  152
    2164          25.9664                   24                  152
    2165          26.6716                   22                  152
    2166          26.8435                   22                  152
    2167          25.5173                   22                  152
    2168          26.5823                   22                  152
    2169          27.3156                   22                  152
    2170          26.9196                   22                  152
    2171          25.7154                   22                  152
    2172          24.7112                   22                  152
    2173          25.4422                   24                  152
    2174          25.1360                   22                  152
    2175          25.5734                   24                  152
    2176          24.9318                   22                  152
    2177          25.0478                   22                  152
    2178          25.1448                   22                  152
    2179          26.1859                   22                  152
    2180          26.5520                   22                  152
    2181          25.4646                   24                  152
    2182          26.6038                   22                  152
    2183          27.2552                   22                  152
    2184          26.5002                   22                  152
    2185          28.0042                   22                  152
    2186          26.7629                   22                  152
    2187          27.3883                   22                  152
    2188          27.8395                   11                  152
    2189          27.5987                   11                  152
    2190          28.3190                   11                  152
    2191          27.7129                   22                  152
    2192          28.3753                   11                  152
    2193          28.5490                   22                  152
    2194          27.1113                   22                  152
    2195          28.5800                   22                  152
    2196          28.3148                   22                  152
    2197          28.6323                   11                  152
    2198          28.2572                   22                  152
    2199          26.7124                   11                  152
    2200          27.9475                   11                  152
    2201          25.8715                   11                  152
    2202          27.9579                   11                  152
    2203          26.3887                   11                  152
    2204          26.9843                   11                  152
    2205          27.3596                   23                  152
    2206          26.8882                   23                  152
    2207          27.6423                   22                  152
    2208          26.7702                   24                  152
    2209          26.1072                   24                  152
    2210          26.9873                   22                  152
    2211          26.7489                   22                  152
    2212          27.6380                   22                  152
    2213          26.2722                   24                  152
    2214          27.1247                   24                  152
    2215          25.5932                   24                  152
    2216          27.0040                   24                  152
    2217          27.4094                   24                  152
    2218          27.6170                   24                  152
    2219          27.9832                   24                  152
    2220          26.9294                   24                  152
    2221          27.8003                   24                  152
    2222          29.1257                   24                  152
    2223          28.9627                   24                  152
    2224          27.9686                   24                  152
    2225          27.4023                   24                  152
    2226          25.8605                   24                  152
    2227          26.6640                   24                  152
    2228          25.9230                   24                  152
    2229          25.6720                   24                  152
    2230          26.5892                   24                  152
    2231          28.1585                   24                  152
    2232          25.4774                   24                  152
    2233          26.1366                   24                  152
    2234          25.8837                   24                  152
    2235          25.1942                   24                  152
    2236          24.1492                   24                  152
    2237          25.4146                   24                  152
    2238          26.7025                   24                  152
    2239          26.0707                   24                  152
    2240          26.2390                   23                  152
    2241          26.7881                   24                  152
    2242          25.9641                   10                  152
    2243          25.3945                   23                  152
    2244          25.8883                   24                  152
    2245          26.2679                   24                  152
    2246          25.7335                   24                  152
    2247          25.7231                   24                  152
    2248          27.4785                   23                  152
    2249          28.2500                   10                  152
    2250          27.0488                   24                  152
    2251          26.5197                   23                  152
    2252          26.6699                   22                  152
    2253          26.1533                   23                  152
    2254          26.8401                   23                  152
    2255          26.6070                   23                  152
    2256          26.4985                   23                  152
    2257          26.9274                   23                  152
    2258          26.0118                   23                  152
    2259          27.4650                   23                  152
    2260          28.1551                   22                  152
    2261          26.8838                   23                  152
    2262          26.4795                   22                  152
    2263          26.9942                   22                  152
    2264          28.0148                   11                  152
    2265          27.3042                   23                  152
    2266          27.3714                   10                  152
    2267          26.8404                   22                  152
    2268          26.8346                   22                  152
    2269          26.7671                   22                  152
    2270          27.8111                   11                  154
    2271          26.8340                   22                  152
    2272          28.3574                   23                  152
    2273          27.8350                   23                  152
    2274          28.4532                   23                  154
    2275          28.0349                   23                  152
    2276          28.0381                   23                  152
    2277          27.9684                   22                  152
    2278          27.5392                   22                  152
    2279          28.8723                   23                  152
    2280          28.8233                   23                  154
    2281          26.3670                   22                  152
    2282          24.7236                   23                  152
    2283          24.7067                   24                  152
    2284          25.4465                   23                  152
    2285          25.6932                   23                  152
    2286          25.1280                   23                  152
    2287          26.8396                   24                  152
    2288          26.4355                   23                  152
    2289          26.5139                   24                  152
    2290          26.9987                   23                  152
    2291          27.9440                   23                  152
    2292          27.4999                   23                  152
    2293          28.4903                   24                  152
    2294          28.3004                   23                  152
    2295          29.7078                   22                  152
    2296          29.6843                   24                  152
    2297          28.7870                   24                  152
    2298          30.0788                   24                  153
    2299          29.5986                   24                  152
    2300          30.2877                   24                  152
    2301          30.4318                   24                  153
    2302          29.7785                   24                  153
    2303          30.0894                   24                  153
    2304          30.2665                   24                  153
    2305          30.6062                   24                  153
    2306          31.1651                   24                  153
    2307          32.6165                  100                  152
    2308          31.8823                   24                  153
    2309          31.0103                   24                  153
    2310          31.4442                   24                  153
    2311          31.9468                   24                  153
    2312          31.2545                   24                  153
    2313          31.1591                   24                  153
    2314          29.9514                   24                  153
    2315          29.0301                   24                  154
    2316          28.9184                   24                  153
    2317          29.7872                   24                  153
    2318          29.2310                   24                  153
    2319          30.4448                   22                  154
    2320          29.5706                   22                  153
    2321          29.9600                   22                  153
    2322          29.7903                   22                  153
    2323          30.6067                   22                  153
    2324          29.7332                   22                  153
    2325          28.9948                   22                  153
    2326          28.2096                   22                  153
    2327          27.5193                   22                  153
    2328          28.9475                   22                  153
    2329          29.4167                   22                  153
    2330          31.8583                   22                  153
    2331          31.9931                   22                  154
    2332          30.8634                   22                  154
    2333          31.0259                   22                  154
    2334          31.4530                   22                  154
    2335          31.2496                   22                  154
    2336          31.7872                   22                  154
    2337          31.2585                   22                  154
    2338          31.1053                   24                  154
    2339          29.5584                   23                  154
    2340          28.3570                   23                  154
    2341          29.1236                   23                  154
    2342          27.7006                   22                  154
    2343          28.5348                   24                  154
    2344          28.8164                   23                  154
    2345          28.6065                   22                  154
    2346          29.8853                   22                  154
    2347          30.6945                   10                  154
    2348          30.7570                   22                  154
    2349          31.1393                   22                  154
    2350          31.3369                   10                  153
    2351          30.3749                   22                  154
    2352          30.7187                   11                  153
    2353          29.6595                   22                  154
    2354          29.6440                   22                  154
    2355          29.6012                   22                  154
    2356          29.8311                   22                  154
    2357          29.6274                   22                  154
    2358          30.6948                   22                  154
    2359          30.2098                   22                  154
    2360          30.7782                   22                  154
    2361          30.1934                   22                  154
    2362          30.7291                   22                  154
    2363          28.7105                   22                  153
    2364          28.6721                   22                  153
    2365          28.2201                   22                  153
    2366          29.0212                   22                  153
    2367          28.5027                   22                  153
    2368          29.0581                   22                  154
    2369          28.8984                   22                  153
    2370          29.0513                   22                  153
    2371          30.2612                   22                  153
    2372          28.6244                   22                  153
    2373          28.1836                   23                  154
    2374          26.3837                   22                  152
    2375          26.6835                   22                  152
    2376          26.4874                   23                  152
    2377          25.5264                   22                  152
    2378          25.7542                   22                  152
    2379          26.5460                   22                  152
    2380          27.6444                   22                  152
    2381          27.5884                   22                  154
    2382          26.4519                   22                  152
    2383          26.9421                   22                  152
    2384          27.4163                   22                  152
    2385          26.7915                   11                  152
    2386          26.8895                   11                  152
    2387          27.1051                   22                  152
    2388          28.1801                   22                  152
    2389          27.7826                   22                  152
    2390          28.3526                   22                  152
    2391          28.9481                   22                  152
    2392          28.6672                   11                  152
    2393          27.2016                   23                  153
    2394          28.0997                   22                  153
    2395          28.9049                   23                  153
    2396          29.1130                   22                  153
    2397          28.0919                   22                  153
    2398          29.7259                   22                  152
    2399          29.7300                   22                  152
    2400          30.3371                   22                  152
    2401          31.4051                   22                  152
    2402          30.0162                   22                  153
    2403          28.5374                   24                  152
    2404          29.2057                   22                  152
    2405          27.3584                   24                  152
    2406          27.4521                   24                  154
    2407          29.1221                   22                  152
    2408          28.3493                   11                  152
    2409          28.3463                   22                  154
    2410          29.0050                   22                  152
    2411          28.4611                   22                  154
    2412          28.0136                   22                  154
    2413          27.7898                   22                  152
    2414          25.9080                   22                  154
    2415          26.5324                   24                  154
    2416          27.2537                   22                  154
    2417          28.7714                   22                  154
    2418          29.1532                   22                  154
    2419          29.6212                   22                  154
    2420          28.6837                   22                  154
    2421          27.8904                   11                  154
    2422          29.1766                   22                  154
    2423          27.8292                   22                  154
    2424          29.5779                   11                  152
    2425          28.4854                   11                  152
    2426          30.3053                    9                  152
    2427          28.9566                    9                  152
    2428          29.0833                    9                  152
    2429          29.6569                    9                  152
    2430          29.4451                    9                  152
    2431          29.9290                    9                  152
    2432          30.3794                    9                  152
    2433          30.4996                    9                  152
    2434          31.2883                    9                  152
    2435          30.5636                    9                  152
    2436          32.6512                   22                  152
    2437          32.8409                   22                  153
    2438          30.9447                   22                  154
    2439          28.6308                    9                  152
    2440          29.6811                    9                  152
    2441          29.6845                   22                  154
    2442          30.0064                    9                  152
    2443          28.3206                    9                  152
    2444          30.0830                   22                  154
    2445          30.2956                    9                  152
    2446          31.2031                   24                  152
    2447          31.7876                   23                   75
    2448          31.4979                    9                  152
    2449          32.3696                    9                  152
    2450          30.8791                    9                  152
    2451          31.6734                    9                  152
    2452          32.2381                    9                  152
    2453          30.5483                    9                  152
    2454          31.0604                    9                  152
    2455          30.5918                    9                  152
    2456          28.3166                    9                  152
    2457          27.6920                   11                  152
    2458          27.0986                    9                  152
    2459          26.3871                    9                  152
    2460          27.1046                   11                  152
    2461          25.7845                   11                  152
    2462          26.0081                   11                  152
    2463          26.6069                   11                  152
    2464          27.7730                   11                  152
    2465          29.2118                    9                  153
    2466          29.8801                    9                  152
    2467          30.0313                    9                  152
    2468          30.3196                    9                  152
    2469          30.9805                    9                  152
    2470          30.7575                    9                  152
    2471          30.0092                    9                  153
    2472          29.8202                    9                  152
    2473          30.0482                    9                  152
    2474          29.8622                   10                  152
    2475          30.1467                   10                  152
    2476          29.5951                    9                  152
    2477          29.1798                    9                  152
    2478          29.9109                   10                  152
    2479          29.3743                   10                  152
    2480          29.8739                   10                  153
    2481          27.1083                    9                  152
    2482          27.7407                    9                  152
    2483          28.4551                   10                  152
    2484          29.0673                   10                  152
    2485          27.8563                   10                  152
    2486          28.4810                   24                  154
    2487          28.4003                   24                  154
    2488          26.1099                   24                  154
    2489          27.6385                   24                  154
    2490          28.8410                   24                  152
    2491          31.4015                   24                  152
    2492          32.0411                   24                  152
    2493          29.6611                   24                  152
    2494          29.8792                   24                  152
    2495          30.1707                   23                  153
    2496          30.0846                   24                  152
    2497          30.3023                    9                  152
    2498          29.7733                   24                  152
    2499          29.6652                    9                  152
    2500          29.1584                   24                  154
    2501          30.3455                   24                  152
    2502          29.9472                    9                  152
    2503          28.9979                    9                  152
    2504          30.3902                    9                  152
    2505          30.6874                    9                  152
    2506          31.0338                    9                  152
    2507          30.3141                   22                  153
    2508          31.7798                   11                  152
    2509          30.7084                   24                  153
    2510          31.5550                   11                  152
    2511          30.1322                    9                  152
    2512          31.8141                   11                  155
    2513          29.0834                    9                  152
    2514          28.7771                    9                  152
    2515          30.0306                    9                  152
    2516          28.7839                    9                  152
    2517          30.1531                    9                  152
    2518          30.1597                   11                  152
    2519          28.9853                    9                  152
    2520          27.6945                    9                  152
    2521          27.3478                    9                  154
    2522          25.8531                    9                  154
    2523          27.5535                    9                  154
    2524          26.9058                    9                  154
    2525          26.1622                    9                  152
    2526          24.5465                   11                  154
    2527          26.0342                    9                  152
    2528          26.7376                   11                  152
    2529          26.6829                    9                  152
    2530          25.9984                    9                  154
    2531          27.5416                    9                  152
    2532          28.1878                    9                  153
    2533          28.5380                    9                  152
    2534          29.4987                    9                  152
    2535          29.3456                    9                  153
    2536          30.2106                    9                  153
    2537          30.0251                   11                  152
    2538          29.4445                    9                  152
    2539          28.9717                    9                  152
    2540          29.6083                   11                  152
    2541          30.7406                   11                  152
    2542          29.5193                   11                  153
    2543          28.9130                   11                  153
    2544          29.2370                   11                  153
    2545          30.4502                   11                  153
    2546          30.5381                    9                  153
    2547          30.6729                    9                  152
    2548          29.9532                   11                  153
    2549          29.2769                   11                  152
    2550          30.4249                   11                  153
    2551          30.1758                   11                  153
    2552          29.9897                   11                  152
    2553          28.3704                   11                  152
    2554          29.2833                   11                  153
    2555          30.5005                   11                  152
    2556          30.4964                   10                  152
    2557          29.9577                   10                  152
    2558          31.2003                   10                  152
    2559          29.5687                   10                  152
    2560          30.1580                   10                  152
    2561          30.6801                   10                  152
    2562          29.4937                   10                  152
    2563          28.5001                   10                  152
    2564          29.6333                   10                  152
    2565          28.1981                   10                  153
    2566          28.6745                   10                  152
    2567          30.7136                   10                  152
    2568          29.6676                   10                  152
    2569          29.4124                   10                  152
    2570          28.7690                   10                  152
    2571          29.0276                   10                  152
    2572          30.4211                   10                  152
    2573          30.1391                   10                  153
    2574          30.3380                   10                  153
    2575          31.0713                   10                  152
    2576          29.8735                   10                  152
    2577          29.5778                   10                  152
    2578          29.7097                   10                  152
    2579          29.7998                   10                  153
    2580          29.3289                   10                  153
    2581          29.5217                   11                  153
    2582          30.1134                   10                  153
    2583          32.1442                   10                  152
    2584          33.1102                   23                   61
    2585          31.2857                   10                  153
    2586          31.3498                   10                  153
    2587          30.1697                   10                  153
    2588          31.0354                   10                  153
    2589          30.7370                   10                  153
    2590          30.7276                   10                  153
    2591          30.5513                   10                  153
    2592          31.1667                   11                  153
    2593          31.0411                   10                  153
    2594          31.5365                   10                  153
    2595          29.9038                   10                  153
    2596          30.5836                   10                  153
    2597          30.1902                   10                  153
    2598          30.7455                   10                  153
    2599          30.9568                   10                  153
    2600          29.7472                   10                  153
    2601          31.0927                   10                  153
    2602          30.4097                   10                  153
    2603          30.8895                   11                  153
    2604          31.7083                   10                  153
    2605          31.5609                   10                  153
    2606          31.1327                   10                  153
    2607          31.0891                    9                  153
    2608          31.5840                   11                  153
    2609          30.7091                   10                  153
    2610          29.0237                   10                  153
    2611          29.4559                   10                  152
    2612          28.6134                   10                  152
    2613          31.3470                   10                  152
    2614          30.2966                   10                  153
    2615          29.4214                   10                  152
    2616          30.3465                   10                  152
    2617          30.4418                   10                  152
    2618          30.8501                   10                  152
    2619          30.8006                   10                  152
    2620          30.5917                   10                  153
    2621          29.0795                   10                  152
    2622          28.8526                   10                  154
    2623          29.5358                   11                  153
    2624          29.5965                   10                  153
    2625          28.7128                   10                  154
    2626          28.5083                   10                  154
    2627          29.0394                   11                  154
    2628          29.3763                   11                  154
    2629          29.8812                   11                  154
    2630          29.6698                   10                  152
    2631          29.4154                   10                  154
    2632          29.4167                   10                  153
    2633          30.7176                   10                  153
    2634          31.1721                   11                  152
    2635          31.4091                   11                  153
    2636          30.7291                   11                  152
    2637          29.3471                   11                  154
    2638          31.4640                   11                  154
    2639          31.3345                   11                  154
    2640          30.6438                   11                  154
    2641          29.8308                    9                  154
    2642          29.1824                   11                  154
    2643          29.7031                   11                  154
    2644          31.0105                   11                  153
    2645          30.1557                   11                  154
    2646          30.1959                   11                  154
    2647          31.6043                   11                  154
    2648          33.0742                   23                  113
    2649          33.4976                   11                  153
    2650          31.6031                   11                  153
    2651          32.0595                   11                  154
    2652          31.6081                   11                  153
    2653          32.4128                   11                  153
    2654          33.3752                   11                  153
    2655          33.5965                   11                  153
    2656          33.4232                   11                  153
    2657          34.0662                   11                  153
    2658          32.7944                   37                  113
    2659          32.3745                   37                  152
    2660          32.5717                   37                  113
    2661          32.2043                   23                  114
    2662          33.0248                   11                  154
    2663          33.8118                    9                  153
    2664          33.7325                   37                  100
    2665          32.9867                   11                  154
    2666          32.2840                    9                  153
    2667          30.8451                   11                  154
    2668          31.6172                    9                  154
    2669          31.0908                    9                  154
    2670          30.7968                   11                  154
    2671          31.2279                    9                  154
    2672          32.0186                    9                  154
    2673          32.1779                   11                  154
    2674          33.9104                   37                  113
    2675          32.0973                    9                  154
    2676          31.1302                    9                  154
    2677          30.8410                    9                  154
    2678          31.7503                    9                  154
    2679          31.4071                    9                  154
    2680          30.8915                    9                  154
    2681          31.3889                    9                  154
    2682          30.0599                   10                  154
    2683          30.1370                    9                  154
    2684          31.5421                    9                  154
    2685          30.4577                    9                  154
    2686          32.3102                    9                  154
    2687          31.4899                    9                  154
    2688          31.2441                    9                  154
    2689          31.4633                    9                  154
    2690          32.3820                    9                  154
    2691          30.2181                    9                  154
    2692          31.8215                    9                  154
    2693          31.5118                    9                  154
    2694          31.6178                    9                  154
    2695          31.5886                    9                  154
    2696          30.3911                    9                  154
    2697          31.5578                   10                  154
    2698          30.0681                    9                  154
    2699          29.7484                   11                  154
    2700          29.6198                   11                  154
    2701          29.1794                   11                  154
    2702          30.7423                   11                  154
    2703          31.0635                   11                  154
    2704          32.3167                   11                  154
    2705          31.5213                    9                  154
    2706          31.8551                    9                  154
    2707          31.2280                    9                  154
    2708          31.1401                   11                  154
    2709          33.7213                   22                   63
    2710          32.7158                    9                  154
    2711          33.2051                   11                  154
    2712          33.7259                   11                  154
    2713          32.9076                   11                  154
    2714          33.3882                   11                  154
    2715          33.0369                   11                  152
    2716          33.2565                   11                  154
    2717          33.0901                   11                  152
    2718          33.3406                   11                  152
    2719          33.7220                   23                   62
    2720          34.1729                   23                   62
    2721          35.8946                   23                   57
    2722          35.4778                   37                  144
    2723          35.0438                   37                  144
    2724          34.4855                   24                  128
    2725          34.6593                   37                  145
    2726          33.4455                   23                  100
    2727          33.4356                   24                  144
    2728          33.5339                   37                  145
    2729          32.1704                   37                  153
    2730          32.3915                   37                  145
    2731          32.1470                   23                  145
    2732          31.9661                   23                  145
    2733          32.1259                   24                  145
    2734          31.9441                   23                  145
    2735          31.9023                   24                  145
    2736          32.3513                   24                  145
    2737          30.3376                   23                  127
    2738          32.4686                   23                  145
    2739          31.9363                   23                  127
    2740          32.9031                   24                  144
    2741          32.9410                   23                  144
    2742          32.7920                   23                  144
    2743          33.3458                   37                  153
    2744          31.8538                   37                  153
    2745          32.3551                   37                  153
    2746          31.3602                   37                  153
    2747          31.0610                   23                  147
    2748          33.1467                   37                  153
    2749          33.7341                   37                  145
    2750          33.2709                   23                  127
    2751          33.2873                   24                  144
    2752          33.6621                   23                  127
    2753          33.5537                  126                  154
    2754          32.6365                   23                  127
    2755          32.5600                   23                  127
    2756          33.2302                   37                  144
    2757          32.7055                   37                  145
    2758          32.0308                   37                  145
    2759          32.7318                   23                  127
    2760          32.9823                   24                  144
    2761          32.7798                   24                  127
    2762          33.2163                   24                  127
    2763          33.1294                   24                  127
    2764          31.9086                   24                  127
    2765          32.8354                   24                  127
    2766          32.3625                   24                  127
    2767          32.0981                   24                  127
    2768          32.8542                   24                  127
    2769          31.5040                   24                  127
    2770          32.2556                   24                  127
    2771          31.2733                   23                  126
    2772          31.4896                   23                  126
    2773          31.3179                   24                  126
    2774          33.0241                   23                  126
    2775          31.8431                   23                  126
    2776          31.8911                   23                  126
    2777          32.2943                   24                  126
    2778          32.2091                   37                  152
    2779          29.9003                   37                  153
    2780          29.7180                   37                  153
    2781          31.5055                   37                  153
    2782          30.9997                   24                  145
    2783          31.6213                   24                  145
    2784          31.2776                   24                  145
    2785          31.6486                   24                  145
    2786          31.5025                   22                  145
    2787          31.1112                   22                  145
    2788          31.8720                   24                  144
    2789          32.7379                   24                  145
    2790          31.8050                   24                  145
    2791          32.4717                   24                  145
    2792          32.7198                   24                  145
    2793          33.2217                   24                  145
    2794          33.0775                   24                  145
    2795          32.1565                   23                  144
    2796          32.9230                   24                  144
    2797          33.0684                   24                  144
    2798          32.2096                   24                  145
    2799          32.5845                   24                  144
    2800          33.2827                   24                  144
    2801          33.1028                   24                  144
    2802          33.4178                   63                  114
    2803          32.6381                   24                  153
    2804          32.0149                   24                  145
    2805          32.1552                   23                  145
    2806          31.2475                   23                  147
    2807          31.3935                   24                  153
    2808          32.2310                   23                  147
    2809          32.3147                   63                  114
    2810          32.9210                   63                  114
    2811          31.8555                   63                  114
    2812          31.5157                   63                  114
    2813          30.8835                   63                  114
    2814          31.8033                   63                  114
    2815          32.3512                   63                  128
    2816          32.6476                   63                  128
    2817          32.4048                   63                  128
    2818          33.3801                   62                  128
    2819          32.0641                   62                  128
    2820          30.9857                   23                  145
    2821          30.9526                   24                  152
    2822          31.5509                   23                  145
    2823          31.7998                   23                  145
    2824          31.9315                   23                  145
    2825          31.6199                   23                  102
    2826          32.0683                   23                  145
    2827          32.1151                   23                  102
    2828          32.3253                   23                  102
    2829          32.2627                   23                  102
    2830          31.7382                   23                  152
    2831          30.2219                   23                  152
    2832          29.8252                   23                  152
    2833          30.9889                   23                  102
    2834          32.3069                   23                  102
    2835          31.7772                   23                  152
    2836          31.9739                   23                  152
    2837          32.4643                   22                  147
    2838          32.1997                   23                  144
    2839          32.1101                   22                  144
    2840          31.6983                   23                  102
    2841          31.4176                   22                  102
    2842          31.5392                   23                  102
    2843          31.1657                   23                  102
    2844          31.1468                   23                  102
    2845          29.2212                   22                  102
    2846          30.7583                   22                  102
    2847          29.6188                   23                  102
    2848          30.3451                   23                  102
    2849          30.1663                   22                  102
    2850          30.8651                   22                  102
    2851          31.0706                   22                  102
    2852          30.3065                   24                  101
    2853          30.4021                   24                  102
    2854          29.8793                   24                  101
    2855          29.9372                   24                  102
    2856          30.1763                   24                  101
    2857          29.8755                   50                  128
    2858          29.7993                   50                  128
    2859          29.6542                   24                  102
    2860          30.4828                   24                  102
    2861          29.6629                   50                  128
    2862          29.2568                   50                  128
    2863          29.6052                   50                  128
    2864          30.7862                   24                  102
    2865          29.4647                   24                  102
    2866          29.9479                   24                  102
    2867          29.8244                   50                  127
    2868          30.1438                   50                  126
    2869          29.7452                   50                  126
    2870          28.8513                   50                  126
    2871          29.1580                   50                  126
    2872          29.1235                   50                  126
    2873          28.7095                   50                  126
    2874          28.2723                   50                  126
    2875          28.9857                   50                  126
    2876          28.2764                   50                  126
    2877          28.4551                   50                  126
    2878          29.1307                   50                  126
    2879          29.9546                   50                  126
    2880          28.1878                   50                  115
    2881          29.1856                   49                  115
    2882          29.5912                   49                  115
    2883          28.8392                   49                  115
    2884          28.5332                   49                  115
    2885          28.7785                   49                  115
    2886          29.2337                   49                  115
    2887          28.5734                   49                  115
    2888          28.8054                   49                  126
    2889          28.2159                   49                  115
    2890          27.6592                   49                  115
    2891          28.4582                   49                  115
    2892          28.5762                   48                  115
    2893          28.4711                   48                  115
    2894          27.9137                   48                  126
    2895          28.8272                   48                  115
    2896          29.3332                   48                  113
    2897          28.4356                   48                  115
    2898          28.4629                   48                  114
    2899          28.7051                   48                  114
    2900          28.9747                   48                  115
    2901          28.5070                   48                  126
    2902          28.0582                   48                  114
    2903          27.9966                   48                  114
    2904          27.9432                   48                  114
    2905          26.4741                   48                  114
    2906          26.6722                   48                  114
    2907          27.8769                   48                  114
    2908          28.6061                   48                  114
    2909          27.6997                   48                  114
    2910          28.2837                   48                  114
    2911          28.1059                   48                  114
    2912          27.3002                   48                  114
    2913          27.7925                   48                  114
    2914          28.3330                   48                  114
    2915          27.7145                   48                  114
    2916          27.0207                   48                  115
    2917          27.4692                   48                  114
    2918          27.7158                   48                  114
    2919          29.2860                   48                  114
    2920          28.3627                   48                  114
    2921          28.5916                   48                  114
    2922          28.5816                   48                  114
    2923          27.5917                   48                  114
    2924          26.7643                   48                  114
    2925          26.6483                   48                  115
    2926          27.0376                   48                  115
    2927          27.4816                   48                  113
    2928          27.9203                   48                  113
    2929          27.8529                   48                  115
    2930          28.3462                   48                  113
    2931          28.7736                   48                  113
    2932          27.5461                   48                  113
    2933          28.2036                   48                  113
    2934          28.1096                   48                  115
    2935          28.2190                   48                  115
    2936          28.8390                   48                  115
    2937          28.9891                   48                  113
    2938          27.7227                   48                  113
    2939          28.1134                   48                  113
    2940          27.4543                   48                  113
    2941          27.9612                   48                  113
    2942          28.5735                   48                  113
    2943          28.9630                   50                  113
    2944          29.7574                   50                  113
    2945          28.7482                   50                  113
    2946          29.5576                   50                  113
    2947          29.4407                   50                  113
    2948          29.9422                   50                  113
    2949          30.6958                   50                  113
    2950          30.7725                   50                  113
    2951          30.1730                   50                  113
    2952          30.2133                   50                  113
    2953          30.3722                   50                  113
    2954          30.4300                   50                  113
    2955          29.6409                   49                  114
    2956          29.0214                   49                  113
    2957          28.7790                   50                  113
    2958          29.4970                   50                  113
    2959          29.7305                   50                  113
    2960          28.9746                   50                  113
    2961          29.3798                   50                  113
    2962          28.2848                   50                  113
    2963          29.0181                   50                  113
    2964          30.2866                   50                  113
    2965          29.8560                   50                  113
    2966          28.6744                   50                  113
    2967          29.2485                   50                  113
    2968          29.6643                   50                  114
    2969          29.1698                   50                  113
    2970          29.4389                   50                  113
    2971          29.3120                   50                  113
    2972          30.2140                   50                  113
    2973          29.4907                   50                  113
    2974          28.4377                   50                  113
    2975          28.7269                   50                  113
    2976          29.9506                   50                  114
    2977          30.8354                   50                  114
    2978          30.4884                   50                  114
    2979          29.2523                   50                  114
    2980          29.2952                   50                  114
    2981          28.7735                   50                  114
    2982          29.2090                   50                  114
    2983          28.9704                   50                  114
    2984          30.8076                   50                  113
    2985          30.2203                   50                  114
    2986          29.4500                   50                  113
    2987          30.6991                   50                  113
    2988          29.1666                   50                  114
    2989          29.3455                   50                  113
    2990          28.2786                   50                  113
    2991          27.7968                   50                  114
    2992          29.2248                   50                  114
    2993          30.4479                   50                  113
    2994          29.6734                   50                  113
    2995          28.8720                   50                  113
    2996          30.3143                   50                  114
    2997          29.2306                   50                  113
    2998          29.5372                   50                  113
    2999          29.9727                   50                  114
    3000          29.6956                   50                  114
    3001          29.7793                   50                  113
    3002          29.2066                   50                  113
    3003          30.3803                   50                  113
    3004          30.8958                   50                  114
    3005          31.7864                   50                  113
    3006          31.4897                   50                  113
    3007          31.4941                   48                  113
    3008          30.6808                   50                  114
    3009          31.0617                   50                  113
    3010          29.8274                   50                  113
    3011          29.8109                   50                  113
    3012          28.8533                   50                  113
    3013          28.8006                   50                  113
    3014          30.7833                   50                  113
    3015          30.5733                   50                  113
    3016          31.1874                   50                  113
    3017          29.3664                   50                  113
    3018          29.6227                   50                  113
    3019          29.2690                   50                  113
    3020          29.6424                   50                  113
    3021          30.8466                   50                  113
    3022          30.9946                   50                  113
    3023          29.9110                   24                  153
    3024          31.3502                   24                  150
    3025          32.4273                   24                  153
    3026          31.9096                   24                  153
    3027          31.8439                   24                  153
    3028          31.5425                   48                  114
    3029          30.7422                   50                  114
    3030          30.6076                   50                  114
    3031          32.3925                   24                  150
    3032          30.9300                   24                  153
    3033          30.2994                   24                  153
    3034          28.8899                   24                  153
    3035          30.0002                   24                  153
    3036          29.4527                   24                  153
    3037          29.4704                   24                  153
    3038          28.3800                   24                  153
    3039          28.0131                   24                  153
    3040          28.0390                   24                  153
    3041          28.4658                   24                  153
    3042          28.6161                   24                  153
    3043          28.4458                   24                  153
    3044          29.4444                   24                  153
    3045          29.6155                   23                  153
    3046          29.3902                   23                  153
    3047          29.9350                   23                  153
    3048          28.5384                   23                  153
    3049          30.0879                   23                  153
    3050          30.3387                   23                  153
    3051          29.6567                   23                  101
    3052          29.4849                   23                  101
    3053          29.0980                   23                  100
    3054          29.7455                   23                  101
    3055          30.3822                   23                  101
    3056          30.7054                   23                  101
    3057          30.8620                   23                  101
    3058          31.0111                   23                  101
    3059          30.2284                   24                  100
    3060          31.1465                   24                  154
    3061          29.7122                   23                  100
    3062          30.1773                   23                  154
    3063          29.5905                   23                  101
    3064          30.0687                   23                  100
    3065          30.5195                   24                  100
    3066          31.1415                   23                  100
    3067          31.5529                   24                  100
    3068          30.6733                   37                  154
    3069          30.6420                   37                  154
    3070          31.5709                   23                  100
    3071          31.7521                   37                  154
    3072          30.0372                   23                  101
    3073          30.3092                   23                  101
    3074          30.8146                   23                  101
    3075          31.3243                   23                  100
    3076          30.7241                   24                  101
    3077          30.5050                   23                  101
    3078          29.9222                   23                  100
    3079          30.4355                   24                  100
    3080          31.0269                   23                  154
    3081          30.0905                   23                  101
    3082          30.7650                   23                  101
    3083          31.2323                   24                  101
    3084          30.8280                   24                  100
    3085          30.4672                   23                  101
    3086          30.8059                   24                  101
    3087          31.8485                   24                  101
    3088          31.5329                   24                  101
    3089          31.1720                   24                  101
    3090          31.2234                   23                  101
    3091          30.1362                   23                  115
    3092          31.7026                   23                  115
    3093          31.5633                  114                  152
    3094          31.0558                   24                  101
    3095          30.5439                   24                  101
    3096          31.1277                   23                  101
    3097          30.7411                   24                  101
    3098          30.3945                   24                  101
    3099          30.9230                   24                  101
    3100          30.9265                   24                  101
    3101          30.5151                   23                  101
    3102          30.4687                   23                  101
    3103          30.4973                   23                  154
    3104          29.5836                   23                  154
    3105          29.8957                   23                  154
    3106          29.9918                   24                  154
    3107          29.1037                   23                  154
    3108          30.5859                   24                  154
    3109          30.2118                   23                  154
    3110          29.0432                   23                  153
    3111          29.0059                   23                  153
    3112          28.7121                   23                  153
    3113          28.4170                   23                  154
    3114          28.4696                   23                  154
    3115          29.6357                   23                  154
    3116          29.6895                   23                  154
    3117          30.9940                   23                  154
    3118          30.4009                   23                  153
    3119          30.2635                   23                  152
    3120          30.5576                   23                  153
    3121          29.8598                   23                  153
    3122          29.8875                   23                  152
    3123          30.1455                   23                  153
    3124          31.5070                   23                  153
    3125          32.2463                   23                  150
    3126          32.9150                   23                  150
    3127          33.0831                   23                  148
    3128          32.8192                   23                  148
    3129          32.8437                   50                  102
    3130          33.4569                   50                  102
    3131          31.5822                   50                  102
    3132          32.2972                   50                  102
    3133          32.9218                   50                  100
    3134          32.8805                   50                  102
    3135          32.8628                   50                  102
    3136          32.4609                   50                  114
    3137          31.6962                   61                  152
    3138          32.2613                   61                  153
    3139          32.6216                   50                  114
    3140          33.1151                   61                  152
    3141          32.6578                   61                  152
    3142          32.2582                   50                  102
    3143          33.2582                   61                  152
    3144          33.6277                   61                  152
    3145          31.9092                   61                  152
    3146          32.5112                   50                  114
    3147          33.2731                   48                  114
    3148          32.1019                   50                  114
    3149          32.5770                   50                  114
    3150          33.0924                   61                  154
    3151          33.1591                   61                  154
    3152          33.2979                   50                  100
    3153          31.8896                   50                  100
    3154          32.9373                   50                  102
    3155          33.4895                    9                  127
    3156          32.2940                    9                  126
    3157          33.3561                   11                  127
    3158          33.2495                    9                  126
    3159          32.1594                   50                  102
    3160          33.3232                   50                  102
    3161          32.9887                   50                  102
    3162          31.9769                   50                  100
    3163          32.9888                    9                  126
    3164          34.1747                   50                  102
    3165          33.4876                   48                  114
    3166          33.7092                   61                  154
    3167          34.2588                   50                  102
    3168          34.0754                   50                  102
    3169          33.8554                   50                  102
    3170          32.6612                   50                  102
    3171          34.3833                   50                  102
    3172          34.6991                   61                  152
    3173          34.6633                   50                  102
    3174          34.2965                   61                  128
    3175          34.3671                   50                  102
    3176          33.2873                   50                  102
    3177          32.6809                   50                  100
    3178          33.4894                   50                  102
    3179          32.9000                   49                  100
    3180          31.5553                   49                  100
    3181          32.7748                   49                  102
    3182          33.3948                   49                  102
    3183          33.0435                   49                  100
    3184          34.4947                   49                  102
    3185          33.9593                   49                  102
    3186          34.1035                   24                  100
    3187          33.2163                   35                  153
    3188          33.2038                   24                  100
    3189          32.6418                   24                  100
    3190          33.2806                   24                  100
    3191          31.7069                   49                  114
    3192          32.3534                   49                  115
    3193          32.7033                   49                  115
    3194          32.2686                   35                  154
    3195          31.4652                   35                  154
    3196          32.1595                   49                  114
    3197          30.7064                   49                  114
    3198          30.8659                   49                  114
    3199          29.7225                   49                  114
    3200          31.0462                   49                  114
    3201          30.9892                   49                  114
    3202          30.9205                   24                  100
    3203          30.4456                   24                  100
    3204          30.1917                   24                  100
    3205          29.7746                   49                  114
    3206          30.2490                   49                  114
    3207          28.7552                   49                  114
    3208          30.2716                   49                  114
    3209          30.3929                   49                  115
    3210          30.2188                   49                  114
    3211          30.2864                   49                  114
    3212          29.8499                   49                  114
    3213          30.4193                   49                  114
    3214          29.5745                   49                  114
    3215          30.0789                   49                  114
    3216          29.7125                   49                  114
    3217          30.1658                   49                  114
    3218          30.6541                   49                  114
    3219          29.9534                   22                  100
    3220          29.9300                   22                  100
    3221          29.3373                   22                  100
    3222          29.6946                   22                  100
    3223          29.8074                   22                  100
    3224          29.2382                   22                  100
    3225          30.7021                   22                  100
    3226          30.3994                   22                  100
    3227          28.2911                   22                  100
    3228          29.9256                   22                  100
    3229          30.0707                   22                  100
    3230          29.2116                   22                  100
    3231          29.9239                   22                  100
    3232          30.8348                   22                  100
    3233          31.3871                   22                  100
    3234          31.8641                   22                  101
    3235          31.5006                   22                  100
    3236          31.7697                   22                  101
    3237          31.1579                   49                  114
    3238          31.5185                   50                  114
    3239          31.9526                   49                  114
    3240          31.2211                   49                  115
    3241          30.2838                   22                  154
    3242          29.7766                   22                  154
    3243          29.4662                   22                  154
    3244          29.6981                   49                  114
    3245          30.0222                   22                  152
    3246          29.7467                   22                  154
    3247          28.8711                   22                  154
    3248          27.8471                   22                  154
    3249          28.3745                   22                  154
    3250          28.2463                   22                  152
    3251          28.5975                   22                  152
    3252          30.3213                   22                  154
    3253          29.7522                   22                  154
    3254          28.3649                   22                  154
    3255          28.0645                   22                  154
    3256          27.0439                   22                  154
    3257          27.7324                   22                  154
    3258          28.0341                   22                  154
    3259          28.1110                   22                  154
    3260          27.8484                   22                  152
    3261          26.3544                   22                  154
    3262          26.3271                   22                  154
    3263          26.9031                   22                  154
    3264          27.5757                   22                  154
    3265          27.6834                   22                  154
    3266          28.2468                   22                  154
    3267          29.5142                   24                  154
    3268          30.7199                   24                  154
    3269          30.3861                   24                  152
    3270          30.5293                   24                  101
    3271          29.8795                   24                  101
    3272          30.0114                   24                  101
    3273          30.8072                   24                  154
    3274          32.0731                   24                  154
    3275          32.0161                   24                  100
    3276          31.6968                   24                  150
    3277          32.0863                   24                  150
    3278          31.6733                   24                  101
    3279          32.3673                   24                  101
    3280          32.7072                   24                  150
    3281          31.4452                   24                  150
    3282          29.7213                   24                  154
    3283          29.8195                   24                  154
    3284          29.4242                   24                  154
    3285          29.8990                   24                  154
    3286          30.5556                   24                  150
    3287          28.4826                   24                  154
    3288          29.7791                   24                  152
    3289          29.1753                   24                  154
    3290          29.6528                   24                  152
    3291          29.1257                   24                  152
    3292          30.6154                   24                  154
    3293          30.4520                   24                  152
    3294          30.2881                   24                  152
    3295          32.0006                   24                  154
    3296          31.8809                   24                  154
    3297          31.1684                   24                  154
    3298          31.6245                   24                  154
    3299          32.8249                   49                  100
    3300          31.5613                   49                  100
    3301          31.7351                   49                  102
    3302          32.0571                   24                  154
    3303          31.4445                   49                  100
    3304          32.7048                   24                  150
    3305          30.9940                   49                  100
    3306          30.4223                   49                  100
    3307          30.2320                   49                  100
    3308          29.4423                   24                  154
    3309          28.5712                   24                  153
    3310          27.7728                   24                  153
    3311          28.2984                   24                  154
    3312          26.4086                   24                  153
    3313          25.6891                   24                  153
    3314          25.8626                   24                  153
    3315          26.2245                   24                  153
    3316          26.5854                   24                  153
    3317          25.4041                   24                  153
    3318          25.5429                   24                  154
    3319          25.3946                   24                  153
    3320          25.9630                   24                  153
    3321          26.0894                   24                  153
    3322          26.1360                   24                  153
    3323          26.3010                   24                  153
    3324          26.8157                   24                  153
    3325          27.1380                   24                  153
    3326          25.3806                   24                  153
    3327          25.3304                   24                  153
    3328          25.0911                   24                  153
    3329          26.9870                   24                  153
    3330          27.0585                   23                  153
    3331          27.2421                   24                  153
    3332          26.7103                   24                  153
    3333          26.4299                   24                  153
    3334          25.4973                   24                  153
    3335          25.5357                   24                  153
    3336          24.8203                   24                  153
    3337          26.1401                   24                  153
    3338          24.6548                   24                  153
    3339          24.7057                   24                  153
    3340          25.0414                   24                  153
    3341          24.7205                   24                  153
    3342          25.4434                   24                  153
    3343          26.0884                   24                  153
    3344          26.1014                   24                  153
    3345          25.4736                   24                  153
    3346          24.6482                   24                  153
    3347          25.1469                   24                  153
    3348          24.7940                   24                  153
    3349          25.7306                   24                  153
    3350          25.0150                   24                  153
    3351          24.4102                   24                  153
    3352          24.3276                   24                  153
    3353          24.3506                   24                  153
    3354          23.7873                   24                  153
    3355          22.3903                   24                  154
    3356          23.4227                   24                  154
    3357          23.7170                   24                  154
    3358          24.7582                   24                  154
    3359          25.0181                   24                  154
    3360          24.0023                   24                  153
    3361          23.7117                   24                  154
    3362          24.4278                   24                  154
    3363          24.2826                   23                  154
    3364          24.3712                   24                  154
    3365          24.3479                   24                  154
    3366          24.8085                   24                  154
    3367          24.1964                   24                  154
    3368          25.6641                   24                  154
    3369          25.5593                   24                  154
    3370          24.9047                   24                  154
    3371          27.0570                   24                  154
    3372          26.6863                   24                  154
    3373          27.5134                   24                  154
    3374          26.4045                   24                  154
    3375          26.5968                   24                  154
    3376          24.9643                   24                  154
    3377          24.6489                   24                  154
    3378          24.8803                   24                  153
    3379          26.5576                   24                  154
    3380          25.3187                   24                  154
    3381          25.3935                   24                  154
    3382          26.3054                   24                  154
    3383          25.7052                   24                  153
    3384          26.2016                   24                  153
    3385          26.3537                   24                  154
    3386          25.7714                   24                  154
    3387          26.1312                   24                  154
    3388          24.3946                   24                  154
    3389          24.5076                   24                  154
    3390          25.2152                   24                  153
    3391          26.5965                   24                  153
    3392          27.1856                   24                  153
    3393          29.3325                   24                  153
    3394          28.3784                   24                  153
    3395          28.7046                   24                  153
    3396          25.3597                   24                  153
    3397          24.5990                   24                  154
    3398          23.7915                   24                  154
    3399          23.1662                   24                  154
    3400          22.6902                   24                  154
    3401          23.5456                   24                  154
    3402          23.3066                   24                  154
    3403          24.3566                   24                  154
    3404          24.7019                   24                  154
    3405          24.2787                   24                  154
    3406          24.0572                   24                  154
    3407          25.2363                   22                  154
    3408          25.3538                   22                  154
    3409          25.9149                   22                  154
    3410          24.8275                   24                  154
    3411          24.0447                   22                  154
    3412          23.7961                   24                  154
    3413          24.3460                   24                  154
    3414          24.1015                   24                  154
    3415          23.7535                   24                  154
    3416          23.9572                   24                  154
    3417          24.5135                   23                  154
    3418          24.9668                   24                  154
    3419          24.7125                   23                  154
    3420          25.6912                   23                  153
    3421          25.9058                   23                  153
    3422          29.1187                   23                  153
    3423          27.6879                   24                  153
    3424          26.9000                   23                  153
    3425          27.5288                   24                  153
    3426          27.5946                   24                  154
    3427          26.6697                   24                  152
    3428          24.9122                   23                  152
    3429          24.5425                   23                  152
    3430          25.3049                   24                  152
    3431          25.2796                   11                  152
    3432          26.5592                   23                  152
    3433          25.6754                   24                  152
    3434          27.0575                   24                  154
    3435          25.4088                   24                  152
    3436          24.3165                   24                  154
    3437          25.9515                   24                  154
    3438          25.7265                   23                  152
    3439          24.7723                   24                  152
    3440          25.1552                   24                  152
    3441          25.1172                   23                  154
    3442          26.0500                   24                  152
    3443          26.9708                   24                  154
    3444          28.4373                   24                  154
    3445          27.0786                   24                  154
    3446          27.4457                   23                  152
    3447          27.8477                   11                  152
    3448          28.1266                   24                  152
    3449          28.9505                   23                  152
    3450          29.2163                   23                  150
    3451          28.9172                   22                  150
    3452          28.3018                   24                  152
    3453          28.7644                   22                  152
    3454          27.9263                   23                  152
    3455          28.7401                   22                  152
    3456          27.7495                   10                  152
    3457          28.7823                   11                  152
    3458          28.5253                   11                  152
    3459          28.2160                   10                  152
    3460          25.8623                   22                  154
    3461          25.4999                   22                  152
    3462          25.9441                   23                  154
    3463          25.7696                   11                  152
    3464          27.1216                   11                  152
    3465          28.7816                   10                  152
    3466          28.7733                   10                  152
    3467          25.7856                   23                  154
    3468          26.2169                   23                  152
    3469          24.7611                   23                  152
    3470          24.8894                   23                  152
    3471          25.5279                   24                  152
    3472          25.2586                   23                  152
    3473          24.9562                   24                  152
    3474          23.7595                   23                  152
    3475          24.0545                   23                  152
    3476          24.3696                   23                  154
    3477          23.4355                   23                  152
    3478          23.8015                   23                  152
    3479          25.0315                   23                  154
    3480          24.6187                   23                  152
    3481          25.2511                   23                  152
    3482          25.6210                   24                  152
    3483          25.9594                   24                  154
    3484          24.9896                   23                  152
    3485          24.9608                   23                  154
    3486          24.8590                   24                  152
    3487          23.3095                   23                  152
    3488          22.9816                   23                  152
    3489          24.0059                   23                  152
    3490          24.2131                   23                  152
    3491          23.1470                   23                  152
    3492          23.9029                   24                  152
    3493          23.0699                   24                  152
    3494          24.1601                   24                  152
    3495          22.4077                   24                  152
    3496          21.9579                   24                  152
    3497          22.3938                   24                  152
    3498          22.7887                   24                  152
    3499          22.6578                   24                  152
    3500          21.6757                   24                  152
    3501          21.4835                   24                  152
    3502          21.7782                   24                  152
    3503          20.9036                   24                  152
    3504          21.5046                   24                  152
    3505          21.8972                   24                  152
    3506          22.0743                   24                  152
    3507          22.5968                   24                  152
    3508          22.2343                   24                  152
    3509          23.2971                   22                  152
    3510          24.1382                   24                  152
    3511          24.8990                   24                  152
    3512          24.1051                   22                  152
    3513          24.4000                   22                  152
    3514          25.0420                   22                  152
    3515          23.5546                   24                  152
    3516          23.1063                   24                  152
    3517          23.4480                   22                  152
    3518          24.7429                   24                  152
    3519          24.9603                   24                  152
    3520          23.9560                   24                  152
    3521          23.7902                   24                  152
    3522          23.9137                   24                  152
    3523          23.2457                   24                  152
    3524          24.2418                   24                  152
    3525          24.1955                   24                  152
    3526          24.8221                   24                  152
    3527          24.2427                   24                  152
    3528          25.3768                   24                  152
    3529          23.9910                   24                  152
    3530          23.2272                   24                  152
    3531          22.9740                   24                  152
    3532          23.4337                   22                  152
    3533          23.1345                   24                  152
    3534          23.1721                   24                  152
    3535          21.3021                   24                  152
    3536          22.2285                   24                  152
    3537          21.4603                   24                  152
    3538          22.5587                   24                  152
    3539          22.4985                   24                  152
    3540          22.4333                   24                  152
    3541          21.9096                   24                  152
    3542          21.4074                   24                  152
    3543          22.2443                   24                  152
    3544          23.2229                   24                  152
    3545          22.3746                   24                  152
    3546          22.3827                   24                  152
    3547          21.5788                   24                  152
    3548          22.3261                   24                  152
    3549          24.7967                   22                  152
    3550          24.0910                   24                  152
    3551          24.5601                   24                  152
    3552          23.6435                   24                  152
    3553          23.5673                   24                  152
    3554          23.0858                   24                  152
    3555          24.4102                   24                  152
    3556          23.2125                   22                  152
    3557          23.4659                   24                  152
    3558          23.5802                   22                  152
    3559          23.8616                   22                  152
    3560          23.1696                   22                  152
    3561          22.7334                   22                  152
    3562          23.6681                   22                  152
    3563          23.4573                   24                  152
    3564          22.7836                   24                  152
    3565          24.2349                   24                  152
    3566          24.7212                   24                  152
    3567          25.4087                   24                  152
    3568          25.1734                   24                  152
    3569          25.0959                   24                  152
    3570          23.5692                   24                  152
    3571          24.7554                   24                  152
    3572          24.6131                   22                  152
    3573          25.1624                   24                  152
    3574          25.7062                   22                  152
    3575          26.0176                   22                  153
    3576          26.2560                   22                  152
    3577          26.0542                   22                  152
    3578          25.9560                   22                  152
    3579          24.9019                   24                  152
    3580          24.4953                   24                  152
    3581          25.8499                   24                  152
    3582          24.3458                   24                  152
    3583          26.0271                   23                  152
    3584          25.3339                   23                  152
    3585          25.3504                   23                  152
    3586          25.6771                   23                  152
    3587          25.5257                   24                  152
    3588          25.2101                   24                  152
    3589          25.6381                   23                  152
    3590          24.0448                   23                  152
    3591          25.6731                   23                  152
    3592          26.7706                   23                  152
    3593          25.7554                   23                  152
    3594          25.7077                   24                  152
    3595          25.7919                   23                  152
    3596          27.2188                   24                  152
    3597          26.3491                   23                  152
    3598          26.7496                   23                  152
    3599          26.3928                   22                  152
    3600          26.4916                   22                  152
    3601          26.7618                   22                  152
    3602          26.3720                   22                  152
    3603          25.9564                   23                  152
    3604          25.4824                   24                  152
    3605          25.5241                   22                  152
    3606          24.8675                   22                  152
    3607          26.0740                   11                  152
    3608          24.8857                   22                  152
    3609          26.1755                   22                  152
    3610          24.8188                   22                  152
    3611          25.5235                   22                  152
    3612          25.0719                   22                  152
    3613          25.7397                   22                  152
    3614          25.3091                   22                  152
    3615          25.3380                   23                  152
    3616          25.6944                   22                  152
    3617          27.1339                   22                  152
    3618          27.5074                   22                  152
    3619          26.8967                   11                  152
    3620          27.6256                    9                  152
    3621          28.5181                    9                  152
    3622          28.1692                    9                  152
    3623          28.1680                    9                  152
    3624          28.1905                    9                  153
    3625          28.8461                    9                  153
    3626          27.0881                    9                  153
    3627          27.9612                    9                  153
    3628          27.0212                    9                  153
    3629          27.5689                    9                  153
    3630          27.6121                    9                  152
    3631          26.4476                    9                  152
    3632          26.5437                    9                  152
    3633          25.0914                    9                  152
    3634          26.3201                    9                  152
    3635          25.5609                   11                  152
    3636          24.8526                    9                  152
    3637          25.4818                    9                  152
    3638          24.8928                    9                  152
    3639          26.5611                    9                  152
    3640          26.0608                    9                  152
    3641          26.4377                    9                  152
    3642          25.9265                    9                  152
    3643          26.6130                    9                  152
    3644          26.0425                    9                  152
    3645          25.0340                    9                  152
    3646          26.5216                    9                  152
    3647          26.5540                    9                  152
    3648          26.5949                    9                  154
    3649          25.2580                    9                  152
    3650          26.9569                    9                  152
    3651          25.8338                   11                  152
    3652          26.5091                    9                  153
    3653          25.7024                    9                  152
    3654          24.8276                    9                  152
    3655          23.9403                    9                  152
    3656          24.8369                    9                  152
    3657          24.2777                    9                  152
    3658          24.4501                    9                  152
    3659          24.8461                    9                  153
    3660          23.5994                    9                  152
    3661          23.6207                    9                  152
    3662          24.2035                    9                  152
    3663          24.8284                    9                  154
    3664          24.9272                    9                  154
    3665          26.0639                    9                  154
    3666          26.6562                    9                  154
    3667          26.4926                    9                  152
    3668          26.5904                    9                  152
    3669          28.4786                   10                  152
    3670          26.8463                    9                  152
    3671          27.2660                    9                  152
    3672          27.5298                    9                  152
    3673          26.7648                   11                  152
    3674          26.1773                    9                  152
    3675          26.0261                    9                  152
    3676          27.1737                    9                  152
    3677          26.8395                    9                  152
    3678          24.8930                    9                  152
    3679          27.4930                    9                  152
    3680          26.6894                    9                  152
    3681          27.9725                    9                  152
    3682          25.5274                    9                  152
    3683          26.0960                    9                  152
    3684          25.7951                    9                  152
    3685          26.0266                    9                  152
    3686          26.9215                    9                  152
    3687          26.1800                    9                  152
    3688          26.9741                    9                  154
    3689          26.2379                    9                  152
    3690          25.0978                    9                  152
    3691          25.5646                    9                  152
    3692          24.0092                    9                  152
    3693          24.2238                    9                  152
    3694          22.5983                    9                  152
    3695          23.0144                    9                  152
    3696          23.6609                    9                  152
    3697          24.2040                    9                  152
    3698          23.8564                   11                  152
    3699          23.4107                   22                  152
    3700          24.3398                   22                  152
    3701          25.1951                   22                  154
    3702          24.9525                   22                  152
    3703          24.8160                   22                  153
    3704          25.5417                   22                  152
    3705          26.6164                   23                  153
    3706          25.4309                   22                  153
    3707          25.8870                   23                  152
    3708          24.0429                   23                  154
    3709          25.2216                   23                  152
    3710          24.3472                   22                  152
    3711          23.9304                   23                  152
    3712          23.8152                   23                  152
    3713          23.6125                   23                  154
    3714          24.2415                   23                  154
    3715          24.1239                   23                  154
    3716          24.2841                   23                  152
    3717          26.3773                   23                  154
    3718          26.1666                   23                  154
    3719          25.4215                   23                  152
    3720          26.3074                   23                  154
    3721          26.1787                   23                  154
    3722          26.4951                   23                  152
    3723          25.4629                   23                  154
    3724          25.9450                   23                  153
    3725          27.0654                   23                  153
    3726          26.8724                   23                  153
    3727          27.5521                   23                  153
    3728          25.9609                   23                  153
    3729          27.3138                   23                  152
    3730          28.5090                   23                  153
    3731          26.1617                   23                  152
    3732          25.6399                   23                  152
    3733          25.5146                   23                  152
    3734          24.2272                   22                  152
    3735          25.1198                   22                  153
    3736          23.6254                   23                  153
    3737          24.4844                   23                  152
    3738          25.1388                   23                  153
    3739          23.3310                   23                  152
    3740          23.9176                   23                  152
    3741          23.5515                   23                  153
    3742          25.2323                   24                  153
    3743          25.3025                   23                  153
    3744          25.1591                   22                  152
    3745          24.9732                   22                  152
    3746          24.1435                   22                  152
    3747          25.8284                   23                  152
    3748          25.8390                   22                  152
    3749          26.4347                   22                  152
    3750          26.5052                   23                  152
    3751          26.4802                   23                  154
    3752          27.0545                   10                  152
    3753          25.6102                   11                  154
    3754          25.8294                   22                  152
    3755          26.3183                   10                  152
    3756          26.4849                   23                  152
    3757          26.6782                   10                  152
    3758          25.8211                   24                  154
    3759          26.1336                   24                  154
    3760          25.0930                   24                  154
    3761          25.6559                   24                  154
    3762          25.2291                   24                  154
    3763          25.9022                   24                  154
    3764          25.5907                   23                  154
    3765          25.1831                   23                  152
    3766          24.8920                   23                  152
    3767          24.5609                   23                  152
    3768          24.7326                   23                  152
    3769          25.1768                   23                  152
    3770          27.4247                   11                  152
    3771          27.1331                   11                  154
    3772          29.0444                   11                  152
    3773          30.2291                   23                  154
    3774          28.4721                   10                  152
    3775          27.5732                   10                  152
    3776          26.5495                   10                  152
    3777          26.2433                   11                  152
    3778          27.4355                   10                  153
    3779          27.7038                   11                  152
    3780          26.0716                   11                  152
    3781          28.7342                   11                  152
    3782          27.9269                   11                  153
    3783          30.0530                   10                  152
    3784          29.8667                   11                  152
    3785          31.0557                   11                  152
    3786          28.2902                   11                  152
    3787          27.0247                   11                  152
    3788          26.4279                   11                  152
    3789          27.2045                   11                  152
    3790          27.6323                   11                  152
    3791          26.7008                   11                  152
    3792          27.0594                   11                  152
    3793          26.2272                   10                  152
    3794          25.9714                   10                  152
    3795          26.4219                   10                  152
    3796          26.6641                   10                  152
    3797          26.8481                   10                  152
    3798          25.7183                   10                  152
    3799          27.0287                   24                  152
    3800          27.4554                   24                  154
    3801          28.2122                   20                  152
    3802          27.3459                   10                  152
    3803          25.5300                   20                  152
    3804          26.1183                   20                  152
    3805          25.9108                   24                  152
    3806          25.1130                   24                  152
    3807          25.8139                   24                  152
    3808          27.2376                   20                  152
    3809          25.7697                   24                  152
    3810          26.4906                   24                  152
    3811          27.3698                   24                  152
    3812          27.4547                   20                  152
    3813          27.2049                   24                  152
    3814          26.8986                   24                  152
    3815          26.8933                   24                  152
    3816          26.3382                   24                  152
    3817          27.4549                   24                  152
    3818          27.8566                   24                  152
    3819          26.1752                   24                  152
    3820          26.8959                   24                  152
    3821          27.7638                   24                  152
    3822          28.4859                   24                  152
    3823          29.0236                   24                  152
    3824          29.7158                   24                  152
    3825          29.1771                   24                  152
    3826          29.3365                   24                  152
    3827          28.8077                   24                  152
    3828          29.1581                   24                  152
    3829          27.6991                   24                  152
    3830          26.7531                   24                  152
    3831          27.5142                   24                  152
    3832          27.4983                   24                  152
    3833          28.3834                   24                  152
    3834          28.7030                   24                  152
    3835          27.9667                   24                  154
    3836          28.5473                   24                  152
    3837          29.3707                   24                  152
    3838          28.8903                   24                  154
    3839          28.6122                   24                  154
    3840          29.2765                   24                  152
    3841          28.6235                   24                  152
    3842          29.7096                   24                  152
    3843          28.1844                   24                  152
    3844          28.4979                   24                  152
    3845          27.0998                   24                  152
    3846          28.1039                   24                  152
    3847          25.4478                   24                  152
    3848          26.1674                   24                  152
    3849          27.4343                   24                  152
    3850          26.7053                   24                  152
    3851          26.7272                   23                  154
    3852          25.8655                   23                  152
    3853          25.7232                   23                  152
    3854          25.6254                   23                  152
    3855          25.7661                   23                  152
    3856          25.3552                   23                  152
    3857          24.5186                   23                  152
    3858          24.0311                   23                  152
    3859          24.3683                   23                  152
    3860          23.6087                   23                  152
    3861          24.5177                   23                  152
    3862          25.1236                   23                  152
    3863          24.8801                   23                  152
    3864          26.4732                   23                  152
    3865          26.2452                   23                  152
    3866          26.3428                   23                  152
    3867          26.3053                   23                  152
    3868          27.6312                   23                  152
    3869          27.7155                   23                  152
    3870          27.2876                   23                  152
    3871          28.3394                   23                  152
    3872          28.9229                   23                  152
    3873          29.2167                   23                  152
    3874          27.9920                   23                  152
    3875          27.7585                   23                  152
    3876          27.6630                   23                  152
    3877          28.3868                   23                  152
    3878          28.2120                   23                  152
    3879          28.8600                   23                  152
    3880          29.5149                   23                  152
    3881          31.0681                   23                  152
    3882          32.3591                   23                  152
    3883          31.2891                   23                  152
    3884          32.0707                   23                  152
    3885          32.4397                   23                  152
    3886          33.1483                   23                  152
    3887          33.3805                   37                   61
    3888          33.9373                   37                   61
    3889          34.8937                   11                  100
    3890          34.1397                   37                   61
    3891          33.8713                   12                  114
    3892          32.5275                   10                  114
    3893          32.7947                   10                  114
    3894          32.4419                   10                  115
    3895          32.2562                   12                  115
    3896          33.0838                   12                  115
    3897          32.5271                   37                   63
    3898          32.8492                   37                   61
    3899          32.8890                   37                   61
    3900          32.8983                   37                   63
    3901          32.9971                   11                  115
    3902          31.3233                   11                  115
    3903          31.8179                    7                  115
    3904          33.4459                   37                   61
    3905          32.0489                    7                  115
    3906          32.1374                   11                  115
    3907          32.1799                   37                   63
    3908          32.0874                   37                   63
    3909          32.9854                   37                   63
    3910          33.9766                   37                   63
    3911          33.8742                   37                   63
    3912          34.0224                   37                   63
    3913          33.8147                   37                   63
    3914          33.8735                   37                   61
    3915          33.8452                   37                   63
    3916          33.5790                   37                   63
    3917          33.3698                   37                   61
    3918          34.1504                   74                  152
    3919          32.5613                   74                  152
    3920          32.2490                   74                  152
    3921          33.9600                   74                  152
    3922          34.0998                   37                   63
    3923          34.0071                   37                   63
    3924          34.6780                   37                   63
    3925          34.2371                   62                  152
    3926          34.5770                   74                  152
    3927          34.1730                   63                  153
    3928          34.3936                   63                  153
    3929          33.8814                   11                  153
    3930          33.8435                   63                  154
    3931          33.0647                    9                  154
    3932          32.8612                    9                  152
    3933          32.7409                   10                  154
    3934          33.9353                  113                  152
    3935          33.9367                   11                   37
    3936          33.7055                  113                  153
    3937          33.3983                  113                  153
    3938          32.4794                  113                  152
    3939          31.9512                  113                  152
    3940          33.1530                  113                  152
    3941          34.8155                    9                  152
    3942          34.0422                  113                  152
    3943          33.9641                   11                  154
    3944          33.3931                    9                  154
    3945          34.0087                    9                  154
    3946          33.8314                    9                  154
    3947          34.4874                    9                  154
    3948          34.1305                    9                   37
    3949          33.5777                    9                   37
    3950          33.2687                   24                  154
    3951          33.3434                   10                  152
    3952          33.2753                    9                  152
    3953          33.3604                    9                  154
    3954          32.2515                   11                  152
    3955          32.2733                   22                  154
    3956          33.5483                    9                   37
    3957          33.6157                    9                   37
    3958          33.8885                    9                  154
    3959          32.8957                    9                  154
    3960          34.3995                   11                  154
    3961          34.0979                  113                  152
    3962          33.0610                    9                  154
    3963          32.5266                   10                  152
    3964          32.0958                   24                  154
    3965          31.6029                    9                  152
    3966          29.7717                   24                  154
    3967          30.5316                   24                  154
    3968          32.2278                   22                  154
    3969          30.8547                   22                  153
    3970          31.0173                   24                  154
    3971          32.3792                   24                  153
    3972          31.0826                   22                  154
    3973          31.5971                   22                  152
    3974          31.2555                   24                  153
    3975          31.6463                   22                  153
    3976          29.6350                   24                  152
    3977          32.3131                    9                  100
    3978          31.5224                   24                  153
    3979          31.2994                   22                  153
    3980          31.5520                   24                  153
    3981          30.0286                   24                  153
    3982          29.1174                   24                  153
    3983          29.5595                   22                  153
    3984          30.4531                   24                  153
    3985          28.9559                   24                  153
    3986          27.3308                   24                  153
    3987          27.0584                   24                  153
    3988          27.6279                   24                  153
    3989          28.7680                   24                  153
    3990          27.5966                   24                  153
    3991          27.7081                   24                  153
    3992          27.0278                   24                  153
    3993          27.2083                   24                  153
    3994          28.3883                   24                  154
    3995          25.8351                   24                  153
    3996          26.7132                   24                  153
    3997          26.0264                   24                  153
    3998          24.2265                   24                  153
    3999          24.7078                   24                  153
    4000          23.9042                   24                  153
    4001          24.1156                   24                  153
    4002          24.6956                   24                  153
    4003          24.0814                   24                  153
    4004          24.6092                   24                  153
    4005          25.8150                   24                  153
    4006          24.7507                   24                  153
    4007          23.8218                   24                  153
    4008          24.8019                   24                  153
    4009          25.0338                   24                  153
    4010          25.4557                   24                  153
    4011          24.8707                   24                  153
    4012          25.2597                   24                  153
    4013          26.7287                   24                  153
    4014          28.0555                   11                  153
    4015          27.2749                   22                  153
    4016          25.4026                   24                  153
    4017          25.6882                   24                  153
    4018          25.2296                   11                  153
    4019          25.3431                   11                  153
    4020          26.6771                   11                  154
    4021          26.2815                   11                  153
    4022          27.5565                   20                  153
    4023          27.9275                   24                  153
    4024          26.8899                   24                  153
    4025          25.4639                   24                  154
    4026          25.1578                   20                  153
    4027          25.0514                   22                  153
    4028          25.4481                   22                  153
    4029          25.5519                   20                  153
    4030          24.9083                   22                  153
    4031          25.6573                   20                  153
    4032          24.3381                   22                  153
    4033          24.0626                   22                  153
    4034          24.2294                   22                  153
    4035          23.4785                   22                  153
    4036          24.9401                   22                  153
    4037          24.8532                   22                  153
    4038          27.1041                   22                  153
    4039          27.7427                   22                  153
    4040          27.8583                   22                  154
    4041          28.0101                   22                  154
    4042          27.0548                   22                  154
    4043          26.7821                   22                  153
    4044          27.0800                   22                  154
    4045          27.4089                   22                  153
    4046          26.3260                   22                  153
    4047          26.3391                   22                  153
    4048          27.1907                   22                  153
    4049          26.3822                   22                  153
    4050          26.4479                   22                  153
    4051          26.7549                   22                  153
    4052          27.6181                   20                  153
    4053          27.4311                   22                  153
    4054          27.8745                   22                  153
    4055          27.0245                   20                  153
    4056          27.6996                   20                  153
    4057          26.9276                   11                  153
    4058          27.7833                    9                  153
    4059          27.1872                    9                  153
    4060          25.7903                   11                  153
    4061          25.2070                   11                  153
    4062          24.8920                   11                  153
    4063          25.2673                   11                  153
    4064          25.8884                   22                  153
    4065          27.5057                   11                  153
    4066          26.4622                   11                  153
    4067          27.2318                   11                  153
    4068          27.2471                   20                  153
    4069          25.4581                   22                  153
    4070          24.7921                   22                  153
    4071          26.2008                   22                  153
    4072          24.3194                   22                  153
    4073          26.3750                   22                  153
    4074          24.8979                   11                  153
    4075          24.8670                   20                  154
    4076          25.5559                   11                  154
    4077          24.2080                   11                  154
    4078          25.5326                   11                  154
    4079          25.7036                   11                  154
    4080          25.6597                   22                  154
    4081          25.9222                    9                  154
    4082          23.9869                    9                  154
    4083          24.4195                    9                  154
    4084          24.8567                   11                  154
    4085          24.0610                   11                  154
    4086          24.3353                   24                  154
    4087          24.3226                   20                  154
    4088          24.7210                   20                  154
    4089          25.3613                   20                  154
    4090          24.9533                   24                  154
    4091          25.5595                   24                  154
    4092          23.9574                   24                  154
    4093          23.2449                   24                  154
    4094          24.7154                   24                  154
    4095          24.4215                   24                  154
    4096          24.1002                   24                  154
    4097          24.5017                   24                  154
    4098          24.5631                   24                  154
    4099          24.5248                   24                  154
    4100          26.6095                   24                  154
    4101          26.5956                   24                  154
    4102          25.0431                   24                  154
    4103          27.4098                   20                  154
    4104          26.0722                   24                  154
    4105          26.3903                   20                  154
    4106          25.0678                   24                  154
    4107          25.3802                   24                  154
    4108          26.1406                   24                  154
    4109          25.9251                   24                  154
    4110          26.1748                   24                  154
    4111          25.5600                   24                  154
    4112          24.6460                   22                  154
    4113          23.8884                   22                  154
    4114          24.0160                   22                  154
    4115          25.2512                   22                  154
    4116          24.2794                   24                  154
    4117          23.4096                   24                  154
    4118          24.5829                   22                  154
    4119          22.5663                   22                  154
    4120          22.0880                   24                  154
    4121          23.1874                   24                  154
    4122          22.5472                   24                  154
    4123          23.1832                   24                  154
    4124          23.5990                   24                  154
    4125          23.4934                   24                  154
    4126          23.3987                   24                  154
    4127          23.6801                   22                  154
    4128          22.3876                   24                  154
    4129          23.0308                   24                  154
    4130          23.5320                   24                  154
    4131          23.0479                   22                  154
    4132          23.1061                   24                  154
    4133          22.7285                   24                  154
    4134          23.0275                   24                  154
    4135          23.8908                   24                  154
    4136          24.5579                   24                  154
    4137          23.8019                   24                  154
    4138          23.8558                   22                  154
    4139          23.8319                   22                  154
    4140          23.9245                   24                  154
    4141          24.1948                   22                  154
    4142          24.2128                   24                  154
    4143          22.3956                   24                  154
    4144          23.0222                   24                  154
    4145          23.2874                   24                  154
    4146          23.3946                   24                  154
    4147          23.7692                   22                  154
    4148          24.4561                   22                  154
    4149          23.6599                   24                  154
    4150          24.7965                   22                  154
    4151          25.1415                   22                  154
    4152          24.9366                   22                  154
    4153          23.6263                   22                  154
    4154          23.8201                   24                  154
    4155          23.4447                   22                  154
    4156          23.8262                   22                  154
    4157          23.4692                   24                  154
    4158          23.8361                   22                  154
    4159          23.3251                   22                  154
    4160          24.2876                   22                  154
    4161          24.3150                   22                  154
    4162          23.2357                   22                  154
    4163          21.6604                   24                  154
    4164          21.6804                   24                  154
    4165          23.0107                   24                  154
    4166          23.4130                   24                  154
    4167          24.0786                   24                  154
    4168          23.4789                   24                  154
    4169          23.1816                   24                  154
    4170          22.6458                   24                  154
    4171          23.6944                   24                  154
    4172          22.9659                   24                  154
    4173          25.5833                   22                  154
    4174          25.8415                   22                  154
    4175          25.4018                   24                  154
    4176          25.5412                   24                  154
    4177          25.8352                   22                  154
    4178          25.9916                   24                  154
    4179          27.2314                   22                  154
    4180          24.6569                   24                  154
    4181          24.3007                   24                  154
    4182          25.5729                   24                  154
    4183          24.9576                   24                  154
    4184          25.4932                   24                  154
    4185          25.4355                   24                  154
    4186          26.3043                   24                  154
    4187          25.9987                   24                  154
    4188          25.1178                   24                  154
    4189          26.7371                   24                  154
    4190          26.3325                   24                  154
    4191          26.5074                   24                  154
    4192          27.7626                   22                  154
    4193          28.2304                   22                  154
    4194          27.2915                   24                  154
    4195          26.4830                   24                  154
    4196          26.4767                   24                  154
    4197          25.8259                   24                  154
    4198          26.9484                   24                  154
    4199          26.0130                   24                  154
    4200          26.0623                   24                  154
    4201          26.5416                   24                  154
    4202          27.5825                   24                  154
    4203          27.1188                   24                  154
    4204          27.0489                   24                  154
    4205          25.9828                   24                  154
    4206          26.0005                   24                  154
    4207          25.2928                   24                  154
    4208          25.4775                   24                  154
    4209          24.0034                   24                  154
    4210          24.1341                   24                  154
    4211          23.4350                   24                  154
    4212          23.8326                   24                  154
    4213          23.7112                   24                  154
    4214          24.8968                   24                  154
    4215          23.5180                   24                  154
    4216          22.7911                   24                  154
    4217          22.6557                   24                  154
    4218          23.2090                   24                  154
    4219          24.0428                   24                  154
    4220          24.3095                   24                  154
    4221          24.3357                   24                  154
    4222          26.4138                   24                  154
    4223          25.0700                   24                  154
    4224          24.0836                   24                  154
    4225          22.9281                   24                  154
    4226          23.6873                   24                  154
    4227          25.0134                   24                  154
    4228          26.3660                   24                  154
    4229          27.2201                   24                  153
    4230          28.5416                   24                  153
    4231          28.1069                   24                  153
    4232          29.1886                   24                  153
    4233          27.5434                   24                  153
    4234          28.2346                   24                  153
    4235          28.9575                   24                  153
    4236          29.1377                   24                  153
    4237          30.0566                   11                  113
    4238          29.4254                   35                  153
    4239          30.2674                   35                  153
    4240          30.2826                   35                  153
    4241          30.3558                   24                  153
    4242          29.9979                   11                  127
    4243          30.7253                   11                  127
    4244          30.3645                   35                  153
    4245          30.3284                   11                  127
    4246          30.9389                   11                  127
    4247          30.7811                   11                  127
    4248          30.2834                   11                  127
    4249          31.3011                   11                  127
    4250          30.7869                   11                  127
    4251          29.5109                   35                  153
    4252          30.8628                   11                  127
    4253          30.8650                   11                  127
    4254          30.5669                   35                  153
    4255          30.6282                   11                  127
    4256          30.4727                   11                  115
    4257          30.7138                   24                  153
    4258          30.5564                   11                  115
    4259          30.2829                   11                  115
    4260          30.3994                   11                  115
    4261          30.3376                   11                  115
    4262          28.8798                   11                  115
    4263          29.4029                   11                  127
    4264          29.5537                   11                  115
    4265          29.8652                   11                  115
    4266          29.6752                   11                  115
    4267          30.4678                   11                  128
    4268          29.4624                   11                  128
    4269          30.0149                   11                  127
    4270          28.8286                   11                  127
    4271          28.8290                   11                  127
    4272          29.0218                   11                  127
    4273          28.7686                   11                  127
    4274          29.8311                   11                  127
    4275          29.2929                   11                  127
    4276          30.2652                   11                  127
    4277          30.6844                   11                  115
    4278          30.4253                   11                  127
    4279          30.8588                   11                  127
    4280          30.8251                   11                  115
    4281          30.8653                   11                  115
    4282          31.1353                   11                  115
    4283          31.3120                   11                  115
    4284          30.9689                   11                  115
    4285          30.7920                   11                  115
    4286          30.5430                   11                  115
    4287          30.6646                   11                  127
    4288          30.2913                   11                  127
    4289          29.2414                   11                  127
    4290          30.1972                   11                  127
    4291          30.9060                  100                  154
    4292          30.5265                   24                  153
    4293          30.3526                   24                  153
    4294          30.4683                   24                  153
    4295          30.0996                   22                  153
    4296          30.1395                   11                  115
    4297          29.6738                   24                  153
    4298          31.0225                   22                  153
    4299          30.6096                   24                  153
    4300          30.5728                   24                  153
    4301          32.0270                   11                  115
    4302          31.8578                   11                  115
    4303          31.2097                   35                  153
    4304          31.6036                   11                  114
    4305          30.6963                   35                  153
    4306          31.6795                   22                  152
    4307          32.5794                   35                  153
    4308          32.1895                   11                  115
    4309          31.5568                   35                  152
    4310          31.1648                   11                  115
    4311          32.3464                   24                  153
    4312          31.5026                   24                  153
    4313          31.7045                   24                  153
    4314          33.0768                   11                  115
    4315          31.3933                   11                  127
    4316          31.8341                   11                  127
    4317          33.1767                   11                  127
    4318          31.7366                   11                  128
    4319          32.0505                   11                  127
    4320          31.2004                   11                  115
    4321          31.5527                   11                  127
    4322          33.0535                   11                  115
    4323          32.5630                   11                  126
    4324          32.7036                  100                  154
    4325          32.4316                  100                  154
    4326          32.1534                   24                  153
    4327          32.3386                   24                  153
    4328          30.4341                   11                  115
    4329          30.5181                   35                  152
    4330          29.7880                   35                  152
    4331          29.8848                   35                  152
    4332          29.0052                   35                  152
    4333          29.1162                   35                  152
    4334          28.4837                   35                  152
    4335          29.5801                   35                  152
    4336          28.4353                   35                  152
    4337          29.3401                   35                  152
    4338          29.2200                   35                  152
    4339          30.3893                   35                  152
    4340          29.5576                   35                  152
    4341          30.5810                   35                  152
    4342          28.9728                   24                  152
    4343          29.0539                   24                  152
    4344          28.7692                   22                  152
    4345          28.8134                   24                  152
    4346          28.7048                   22                  152
    4347          29.0862                   24                  152
    4348          28.2248                   23                  152
    4349          27.4901                   23                  152
    4350          27.3958                   23                  152
    4351          27.4226                   23                  152
    4352          27.1496                   23                  152
    4353          27.8205                   23                  152
    4354          27.8806                   24                  152
    4355          27.7092                   24                  152
    4356          28.5606                   24                  154
    4357          28.1340                   24                  154
    4358          26.0696                   35                  152
    4359          27.3945                   35                  152
    4360          26.4219                   35                  152
    4361          27.7133                   35                  154
    4362          26.3041                   35                  152
    4363          26.3372                   35                  152
    4364          26.9733                   35                  152
    4365          28.0726                   24                  152
    4366          28.9063                   23                  154
    4367          29.3451                   23                  152
    4368          28.2419                   23                  152
    4369          25.3554                   23                  152
    4370          25.1281                   23                  152
    4371          25.3873                   23                  152
    4372          25.3645                   24                  152
    4373          25.5067                   23                  152
    4374          26.0869                   23                  152
    4375          25.7082                   23                  152
    4376          28.4370                   24                  152
    4377          28.3891                   24                  152
    4378          28.8526                   23                  152
    4379          26.9695                   35                  152
    4380          28.4525                   35                  152
    4381          29.0951                   35                  152
    4382          28.4209                   37                  153
    4383          28.9711                   35                  153
    4384          27.8217                   35                  153
    4385          29.1227                   35                  153
    4386          30.0145                   35                  153
    4387          28.8229                   35                  153
    4388          28.9010                   35                  153
    4389          28.7073                   35                  153
    4390          28.2519                   23                  153
    4391          29.5398                   23                  153
    4392          28.2164                   35                  153
    4393          27.9042                   35                  153
    4394          28.6841                   35                  152
    4395          29.2843                   35                  154
    4396          30.5336                   35                  154
    4397          31.7423                   35                  154
    4398          31.3775                   35                  154
    4399          31.4550                   35                  154
    4400          31.6784                   23                  150
    4401          31.6310                   35                  150
    4402          32.1262                   35                  154
    4403          32.5800                   35                  154
    4404          30.0591                   35                  153
    4405          30.7123                   35                  153
    4406          29.8759                   35                  153
    4407          31.3988                   35                  153
    4408          31.4993                   10                  127
    4409          31.5208                   10                  127
    4410          32.6895                   10                  115
    4411          32.1226                   10                  115
    4412          31.3458                   23                  100
    4413          31.1469                   23                  101
    4414          32.8448                   23                  100
    4415          32.2756                   35                  153
    4416          31.8776                   10                  115
    4417          32.2597                   23                  101
    4418          32.4914                   23                  101
    4419          32.6872                   23                  101
    4420          32.1658                   10                  115
    4421          33.0037                   10                  115
    4422          33.9853                   10                  115
    4423          33.3344                  100                  152
    4424          33.1854                   10                  115
    4425          32.6702                  100                  152
    4426          33.7022                  100                  154
    4427          32.8891                  102                  152
    4428          33.2828                   24                  100
    4429          33.4967                  102                  152
    4430          33.5648                  100                  154
    4431          34.1022                  100                  154
    4432          34.8976                  102                  154
    4433          34.5068                   23                  154
    4434          34.0827                   10                  127
    4435          33.7801                   23                  152
    4436          33.2978                   23                  152
    4437          33.1063                   24                  100
    4438          34.0167                   24                  100
    4439          33.9095                   24                  100
    4440          32.8132                   24                  100
    4441          32.5809                   23                  154
    4442          31.6869                   22                  154
    4443          31.8259                   23                  154
    4444          31.7793                   23                  154
    4445          30.2302                   22                  154
    4446          29.5373                   23                  154
    4447          31.5197                   23                  154
    4448          32.8069                   24                  100
    4449          31.4424                   23                  154
    4450          31.4803                   23                  154
    4451          31.8923                   23                  154
    4452          32.5381                   23                  154
    4453          32.3109                   23                  154
    4454          30.8801                   23                  154
    4455          31.6843                   24                  154
    4456          32.5435                   24                  154
    4457          31.5220                   23                  152
    4458          30.5877                   24                  154
    4459          29.0739                   24                  154
    4460          30.4119                   24                  154
    4461          31.2518                   24                  154
    4462          29.8067                   24                  154
    4463          30.9285                   24                  154
    4464          30.4104                   23                  154
    4465          29.6762                   23                  152
    4466          29.9079                   24                  152
    4467          29.8795                   23                  152
    4468          28.6661                   24                  152
    4469          29.5588                   23                  154
    4470          29.5095                   24                  154
    4471          28.2450                   24                  152
    4472          29.8528                   24                  154
    4473          28.4235                   23                  154
    4474          27.4097                   24                  154
    4475          27.8632                   24                  152
    4476          27.4725                   24                  152
    4477          27.9973                   23                  152
    4478          27.4304                   24                  152
    4479          29.7531                   24                  152
    4480          28.9705                   23                  152
    4481          27.4463                   24                  154
    4482          28.4805                   23                  154
    4483          29.3076                   24                  154
    4484          28.6265                   24                  154
    4485          30.1815                   23                  154
    4486          29.4782                   23                  154
    4487          31.4080                   23                  154
    4488          30.8132                   24                  154
    4489          29.8247                   24                  154
    4490          29.7405                   24                  154
    4491          30.8916                   24                  154
    4492          30.3047                   24                  154
    4493          30.4652                   24                  154
    4494          30.1832                   24                  154
    4495          30.0549                   24                  154
    4496          30.4562                   24                  154
    4497          30.0166                   24                  154
    4498          30.7006                   23                  154
    4499          30.8037                   24                  154
    4500          30.3373                   24                  140
    4501          31.5574                   24                  156
    4502          31.6432                   24                  140
    4503          32.1391                   24                  140
    4504          32.4473                   24                  140
    4505          32.8018                   24                  140
    4506          33.2155                   61                  152
    4507          33.0685                   10                  127
    4508          34.2799                   23                  139
    4509          33.9087                   10                  127
    4510          32.9337                   10                  127
    4511          31.9281                   10                  127
    4512          32.6390                   10                  127
    4513          31.7235                   24                  154
    4514          32.3597                   24                  140
    4515          32.2276                   24                  140
    4516          32.6016                   24                  140
    4517          31.9366                   24                  140
    4518          32.0923                   10                  127
    4519          32.4194                   10                  127
    4520          32.6173                   10                  127
    4521          32.2203                   10                  127
    4522          32.6826                   61                  152
    4523          31.5064                   10                  152
    4524          30.7982                   63                  152
    4525          31.5177                   61                  152
    4526          30.9946                   24                  139
    4527          31.4159                   24                  139
    4528          31.5494                   23                  139
    4529          31.6800                   23                  139
    4530          31.7420                   23                  141
    4531          31.6868                   24                  139
    4532          32.3175                   24                  139
    4533          32.2951                   24                  139
    4534          30.9734                   24                  139
    4535          32.1134                   24                  140
    4536          31.3069                   24                  141
    4537          32.2174                   24                  139
    4538          31.8069                   24                  139
    4539          32.0198                   24                  139
    4540          31.7304                   24                  141
    4541          31.3067                   24                  139
    4542          30.6664                   24                  139
    4543          33.0730                   23                  141
    4544          33.7914                   23                  141
    4545          32.9972                   23                  141
    4546          32.8036                   24                  141
    4547          32.9187                   24                  141
    4548          33.6901                   24                  139
    4549          33.6714                   49                  100
    4550          32.7274                   24                  140
    4551          32.4601                   23                  140
    4552          31.4089                   23                  141
    4553          31.4551                   23                  141
    4554          31.2015                   23                  141
    4555          31.6987                   23                  141
    4556          30.8936                   23                  139
    4557          32.1708                   23                  139
    4558          31.8276                   24                  140
    4559          33.2992                   24                  139
    4560          32.4094                   23                  141
    4561          32.2142                   23                  139
    4562          31.9009                   24                  141
    4563          31.3392                   23                  141
    4564          32.5797                   24                  141
    4565          33.3000                   23                  141
    4566          32.9877                   23                  141
    4567          33.1113                   23                  141
    4568          31.5637                   23                  141
    4569          31.6792                   23                  141
    4570          31.7775                   23                  141
    4571          31.8302                   23                  141
    4572          30.8335                   23                  141
    4573          29.7337                   23                  141
    4574          30.4753                   23                  141
    4575          30.4320                   23                  141
    4576          29.7594                   24                  141
    4577          30.1197                   24                  141
    4578          29.6699                   24                  141
    4579          28.1010                   24                  139
    4580          29.2247                   24                  140
    4581          30.2793                   24                  141
    4582          29.7386                   24                  139
    4583          29.1919                   24                  153
    4584          29.9764                   24                  153
    4585          30.4672                   23                  153
    4586          30.5980                   23                  153
    4587          31.2691                   24                  153
    4588          31.3411                   24                  139
    4589          31.4543                   24                  140
    4590          30.5140                   24                  140
    4591          29.8175                   24                  140
    4592          29.7474                   24                  140
    4593          29.0344                   24                  139
    4594          29.6316                   24                  140
    4595          29.2046                   24                  140
    4596          29.2104                   24                  140
    4597          29.8047                   24                  140
    4598          28.9998                   24                  139
    4599          29.0035                   24                  140
    4600          30.3188                   24                  140
    4601          30.6907                   24                  140
    4602          30.1939                   24                  140
    4603          29.4507                   24                  141
    4604          28.6648                   24                  139
    4605          28.6950                   24                  140
    4606          28.6978                   24                  141
    4607          27.9705                   24                  140
    4608          28.2452                   24                  140
    4609          28.4454                   24                  140
    4610          28.7365                   24                  152
    4611          28.5161                   24                  153
    4612          29.1125                   24                  141
    4613          28.2004                   24                  139
    4614          28.8552                   24                  140
    4615          28.0345                   24                  139
    4616          28.9796                   24                  140
    4617          29.0084                   24                  140
    4618          28.6995                   24                  140
    4619          27.2374                   24                  153
    4620          25.6461                   24                  153
    4621          26.6604                   24                  153
    4622          27.1489                   24                  153
    4623          26.2066                   24                  153
    4624          27.0937                   24                  153
    4625          26.6930                   24                  153
    4626          26.8494                   24                  153
    4627          28.2472                   24                  152
    4628          28.1046                   24                  152
    4629          26.2851                   24                  153
    4630          26.5638                   24                  153
    4631          26.9360                   24                  153
    4632          27.3058                   24                  153
    4633          26.1139                   24                  153
    4634          26.7060                   24                  153
    4635          28.2625                   24                  153
    4636          26.8340                   24                  153
    4637          25.4913                   24                  153
    4638          26.0953                   24                  153
    4639          26.6885                   24                  153
    4640          28.5365                   24                  153
    4641          29.2763                   23                  153
    4642          28.5854                   24                  141
    4643          27.6590                   24                  141
    4644          28.6919                   24                  141
    4645          29.3871                   24                  141
    4646          30.2012                   24                  153
    4647          28.4406                   24                  153
    4648          28.2925                   24                  141
    4649          27.5406                   24                  153
    4650          27.5259                   24                  153
    4651          28.6870                   24                  139
    4652          28.7924                   24                  139
    4653          28.6267                   24                  141
    4654          28.5497                   24                  139
    4655          28.6406                   24                  141
    4656          29.0605                   24                  141
    4657          29.3173                   24                  141
    4658          28.9395                   24                  139
    4659          29.6789                   24                  139
    4660          29.3288                   24                  141
    4661          28.7574                   24                  141
    4662          29.3221                   24                  141
    4663          29.1716                   24                  141
    4664          29.3657                   24                  141
    4665          29.4407                   24                  141
    4666          30.4668                   24                  141
    4667          30.9529                   23                  139
    4668          30.5510                   24                  141
    4669          30.8826                   24                  141
    4670          30.1201                   24                  141
    4671          30.6060                   24                  141
    4672          31.1033                   23                  140
    4673          31.1246                   23                  140
    4674          32.1986                   24                  141
    4675          32.4609                   23                  141
    4676          32.1198                   23                  153
    4677          32.6859                   23                  139
    4678          30.9408                   23                  140
    4679          31.2908                   23                  152
    4680          32.2114                   23                  153
    4681          32.0191                   23                  153
    4682          31.5549                   23                  141
    4683          31.1459                   23                  141
    4684          30.8458                   23                  141
    4685          29.3227                   48                  154
    4686          30.0245                   48                  154
    4687          30.0628                   48                  154
    4688          28.5497                   48                  154
    4689          30.8218                   48                  154
    4690          31.0344                   48                  154
    4691          31.2676                   24                  140
    4692          32.2637                   23                  141
    4693          31.4653                   48                  152
    4694          31.7350                   24                  140
    4695          33.0496                   24                  141
    4696          33.1295                   24                  140
    4697          32.7107                   24                  153
    4698          31.1129                   23                  153
    4699          31.3101                   23                  153
    4700          32.0163                   23                  153
    4701          31.4131                   23                  153
    4702          32.2898                   22                  140
    4703          33.1633                   22                  141
    4704          33.5906                   23                  153
    4705          33.8541                   23                  141
    4706          32.9118                   22                  140
    4707          33.1914                   22                  140
    4708          32.6414                   22                  141
    4709          33.5246                    9                  139
    4710          32.7145                   22                  141
    4711          32.8702                   22                  140
    4712          31.8767                   23                  141
    4713          31.6370                   23                  141
    4714          32.1943                   23                  141
    4715          32.2462                   23                  140
    4716          31.1393                   22                  141
    4717          32.5185                   23                  141
    4718          32.8232                   23                  140
    4719          33.2366                   35                  141
    4720          32.7642                   23                  140
    4721          33.7415                   24                  100
    4722          34.0732                   23                  100
    4723          34.5085                   24                  100
    4724          33.5863                   37                  141
    4725          33.7949                   48                  153
    4726          33.5864                   37                  155
    4727          33.9829                   37                  150
    4728          33.5152                   37                  150
    4729          33.2179                   37                  150
    4730          34.4044                   37                  150
    4731          33.6977                   23                  139
    4732          33.2181                   22                  141
    4733          33.5245                   37                  150
    4734          33.4341                   37                  141
    4735          33.4701                   23                  141
    4736          34.1593                   22                  141
    4737          32.9502                   22                  139
    4738          33.8765                   22                  140
    4739          34.6389                   24                  100
    4740          33.4990                   23                  140
    4741          32.9418                   23                  140
    4742          31.8526                   22                  140
    4743          31.7236                   23                  140
    4744          33.5399                   23                  140
    4745          32.7131                   23                  139
    4746          33.6091                   50                  153
    4747          33.0683                   48                  153
    4748          32.3084                   48                  153
    4749          33.0954                   48                  154
    4750          33.1431                   48                  153
    4751          32.6617                   48                  154
    4752          32.7452                   48                  152
    4753          30.8561                   48                  152
    4754          32.0102                   48                  154
    4755          32.7917                   50                  152
    4756          32.5668                   37                  152
    4757          33.2167                   36                  154
    4758          33.8910                   48                  154
    4759          32.8528                  115                  152
    4760          32.7247                  115                  152
    4761          33.7387                  115                  152
    4762          33.1155                  115                  154
    4763          32.9380                   23                  101
    4764          32.4216                   23                  100
    4765          31.7602                  115                  152
    4766          32.2791                   48                  153
    4767          31.6260                  115                  152
    4768          32.0183                  115                  152
    4769          31.1837                  115                  152
    4770          29.7149                  115                  152
    4771          30.7941                  115                  152
    4772          31.4439                  115                  152
    4773          31.6422                  115                  152
    4774          31.3363                  115                  152
    4775          29.7982                  115                  152
    4776          30.0747                  115                  152
    4777          31.1627                   23                  114
    4778          31.1749                  115                  152
    4779          30.5412                   22                  114
    4780          30.3887                   22                  115
    4781          29.9317                  115                  152
    4782          29.8907                  115                  152
    4783          30.2834                  114                  152
    4784          30.0135                  115                  152
    4785          30.2717                  115                  152
    4786          31.2949                  115                  152
    4787          30.0805                  115                  152
    4788          30.4389                  115                  152
    4789          31.2842                  115                  152
    4790          29.9884                  115                  152
    4791          30.5470                  115                  152
    4792          31.3480                  115                  152
    4793          31.1489                   22                  101
    4794          31.0075                  115                  152
    4795          30.3966                  115                  152
    4796          30.7115                  115                  152
    4797          31.4273                  115                  152
    4798          30.7279                  115                  152
    4799          30.3435                  115                  152
    4800          31.1188                  115                  152
    4801          30.8456                  115                  152
    4802          31.9819                  114                  152
    4803          32.0404                  115                  152
    4804          32.2027                  115                  152
    4805          30.9423                  114                  152
    4806          31.9914                  114                  152
    4807          32.1180                  114                  152
    4808          31.8653                  114                  152
    4809          31.9975                  114                  152
    4810          31.9268                  114                  152
    4811          31.5791                  115                  152
    4812          30.9967                  115                  152
    4813          31.1689                  115                  152
    4814          31.2607                  114                  152
    4815          32.0896                  114                  152
    4816          30.5665                  115                  152
    4817          31.0467                  114                  152
    4818          31.9280                  115                  153
    4819          33.2061                  115                  152
    4820          32.4735                  114                  152
    4821          32.6558                  114                  152
    4822          32.2110                  114                  152
    4823          31.8427                  114                  152
    4824          32.0929                  115                  152
    4825          30.7907                  115                  152
    4826          31.9303                  114                  152
    4827          32.6193                  114                  152
    4828          32.0550                  115                  152
    4829          32.5064                    9                  154
    4830          32.6424                  115                  152
    4831          32.8865                  114                  152
    4832          32.0484                    9                  154
    4833          30.7424                   23                  154
    4834          31.4903                    9                  154
    4835          31.0491                   24                  154
    4836          31.6356                    9                  154
    4837          31.2210                   23                  153
    4838          32.0695                   23                  153
    4839          33.4466                   12                  154
    4840          33.2072                   12                  154
    4841          32.6039                   23                  154
    4842          32.6052                   23                  154
    4843          33.1159                   23                  145
    4844          32.0621                    9                  154
    4845          32.7367                   12                  154
    4846          33.1106                   23                  145
    4847          33.7136                    9                  154
    4848          32.9999                  113                  153
    4849          32.6257                  115                  152
    4850          32.1079                  115                  152
    4851          32.5128                  115                  152
    4852          32.6391                  115                  152
    4853          32.5333                  115                  152
    4854          32.6624                  113                  152
    4855          32.6149                  115                  152
    4856          32.1423                  113                  152
    4857          32.0217                  113                  152
    4858          31.9433                  113                  152
    4859          31.3842                  113                  152
    4860          33.7331                  113                  152
    4861          32.4369                  114                  152
    4862          33.2673                  114                  152
    4863          31.1471                    9                  154
    4864          31.3629                   12                  154
    4865          31.9979                    9                  153
    4866          32.1630                   12                  154
    4867          31.6999                   12                  154
    4868          30.9412                   23                  153
    4869          31.5086                   22                  153
    4870          32.0084                   23                  154
    4871          31.5059                   23                  152
    4872          32.0337                   24                  152
    4873          29.7606                   23                  154
    4874          30.9636                   23                  154
    4875          30.0830                   23                  154
    4876          30.4233                   23                  152
    4877          29.0394                   23                  154
    4878          30.4813                   23                  152
    4879          27.6742                   23                  154
    4880          29.6226                   22                  154
    4881          29.4375                   23                  154
    4882          29.5501                   23                  152
    4883          28.9823                   23                  152
    4884          28.4796                   23                  152
    4885          29.1258                   23                  154
    4886          30.5080                   23                  154
    4887          29.5807                   23                  154
    4888          31.4051                    9                  154
    4889          31.3524                   23                  154
    4890          31.1953                   23                  154
    4891          29.6524                   23                  152
    4892          29.0951                   23                  152
    4893          30.4360                   23                  152
    4894          30.5595                   23                  154
    4895          30.4637                   61                  114
    4896          29.9204                   23                  154
    4897          29.6240                   24                  154
    4898          29.8271                   23                  154
    4899          29.2203                   22                  154
    4900          29.4555                   22                  154
    4901          29.7389                   22                  154
    4902          29.3006                   23                  152
    4903          29.2669                   61                  114
    4904          29.4325                   24                  154
    4905          30.1521                   61                  114
    4906          30.3302                   22                  154
    4907          30.6658                   23                  154
    4908          31.0973                   24                  154
    4909          30.0278                    9                  154
    4910          30.8995                   23                  154
    4911          30.7719                   24                  152
    4912          30.5005                   61                  113
    4913          30.7400                   24                  154
    4914          30.1134                   61                  113
    4915          30.2274                   24                  154
    4916          30.1219                   24                  154
    4917          29.5736                   61                  113
    4918          29.4743                   61                  113
    4919          30.2869                   61                  113
    4920          30.2987                   61                  113
    4921          28.9735                   61                  113
    4922          30.2897                   61                  113
    4923          30.5850                   61                  113
    4924          30.2597                   63                  113
    4925          31.1948                   61                  113
    4926          31.1319                   61                  113
    4927          32.2269                   63                  113
    4928          31.5385                   63                  113
    4929          31.0064                   61                  113
    4930          30.2607                   61                  113
    4931          30.7227                   61                  113
    4932          31.3576                   61                  113
    4933          31.0170                   63                  113
    4934          30.2153                   24                  153
    4935          29.6499                   61                  113
    4936          29.5708                   22                  154
    4937          30.0589                   22                  154
    4938          30.0333                   61                  113
    4939          30.0013                   61                  113
    4940          28.9785                   61                  113
    4941          29.7059                   61                  113
    4942          29.0601                   61                  113
    4943          29.5231                   63                  113
    4944          29.5345                   61                  113
    4945          29.1038                   24                  154
    4946          27.4564                   22                  154
    4947          27.5519                   22                  154
    4948          27.7755                   23                  153
    4949          28.5911                   22                  153
    4950          28.9620                   24                  153
    4951          28.9818                   22                  153
    4952          27.5556                   24                  153
    4953          27.1947                   23                  153
    4954          28.3280                   22                  153
    4955          28.9234                   22                  153
    4956          29.5027                   24                  153
    4957          28.7620                   23                  153
    4958          28.4583                   23                  153
    4959          28.6985                   24                  153
    4960          28.2912                   24                  154
    4961          28.0200                   24                  154
    4962          27.5255                    9                  154
    4963          26.2489                    9                  154
    4964          26.6777                    9                  154
    4965          27.1583                    9                  154
    4966          26.5216                    9                  154
    4967          27.4790                    9                  154
    4968          25.9946                    9                  154
    4969          26.8615                   24                  153
    4970          27.1426                   24                  153
    4971          26.0360                   22                  154
    4972          27.5261                   24                  154
    4973          26.7232                   23                  154
    4974          26.5071                   24                  154
    4975          27.1255                   23                  154
    4976          26.6137                   10                  154
    4977          26.7422                   23                  154
    4978          26.1963                   10                  154
    4979          25.0909                    9                  154
    4980          26.2919                    9                  154
    4981          25.2897                   24                  154
    4982          25.0888                   24                  154
    4983          25.5457                   24                  154
    4984          26.1413                   24                  154
    4985          25.1315                   24                  154
    4986          25.6591                   23                  154
    4987          25.2500                   23                  154
    4988          24.8854                   23                  154
    4989          25.4453                   24                  154
    4990          25.2152                   24                  154
    4991          24.7758                   23                  154
    4992          25.7560                   24                  154
    4993          25.4604                   23                  154
    4994          23.4432                   24                  154
    4995          24.1798                   24                  154
    4996          23.5033                   23                  154
    4997          23.4338                   23                  154
    4998          24.6974                   23                  154
    4999          23.9107                   24                  154
    5000          24.1763                   24                  154
