#Frame a_A b_A c_A alpha beta gamma
0 51.252190 55.732655 57.046204 90.000000 90.000000 90.000000
1 51.133423 55.603508 56.914009 90.000000 90.000000 90.000000
2 51.235310 55.714302 57.027412 90.000000 90.000000 90.000000
3 51.316925 55.803051 57.118256 90.000000 90.000000 90.000000
4 51.190403 55.665466 56.977432 90.000000 90.000000 90.000000
5 51.157646 55.629848 56.940971 90.000000 90.000000 90.000000
6 51.010761 55.470119 56.777481 90.000000 90.000000 90.000000
7 51.143299 55.614246 56.925003 90.000000 90.000000 90.000000
8 51.194790 55.670242 56.982315 90.000000 90.000000 90.000000
9 51.159042 55.631367 56.942524 90.000000 90.000000 90.000000
10 51.242992 55.722656 57.035965 90.000000 90.000000 90.000000
11 51.144039 55.615051 56.925823 90.000000 90.000000 90.000000
12 51.222656 55.700542 57.013332 90.000000 90.000000 90.000000
13 51.083969 55.549732 56.858967 90.000000 90.000000 90.000000
14 51.277435 55.760109 57.074299 90.000000 90.000000 90.000000
15 51.226048 55.704227 57.017105 90.000000 90.000000 90.000000
16 51.228546 55.706947 57.019886 90.000000 90.000000 90.000000
17 51.046524 55.509010 56.817287 90.000000 90.000000 90.000000
18 51.175354 55.649105 56.960682 90.000000 90.000000 90.000000
19 51.216194 55.693512 57.006138 90.000000 90.000000 90.000000
20 51.239414 55.718765 57.031982 90.000000 90.000000 90.000000
21 51.063305 55.527260 56.835968 90.000000 90.000000 90.000000
22 51.237667 55.716866 57.030037 90.000000 90.000000 90.000000
23 51.152966 55.624760 56.935760 90.000000 90.000000 90.000000
24 51.205910 55.682331 56.994694 90.000000 90.000000 90.000000
25 51.331478 55.818878 57.134453 90.000000 90.000000 90.000000
26 51.215549 55.692814 57.005421 90.000000 90.000000 90.000000
27 51.160824 55.633305 56.944508 90.000000 90.000000 90.000000
28 51.231754 55.710434 57.023457 90.000000 90.000000 90.000000
29 51.206261 55.682713 56.995079 90.000000 90.000000 90.000000
30 51.161415 55.633945 56.945164 90.000000 90.000000 90.000000
31 51.327286 55.814320 57.129791 90.000000 90.000000 90.000000
32 51.149956 55.621487 56.932411 90.000000 90.000000 90.000000
33 51.264305 55.745834 57.059689 90.000000 90.000000 90.000000
34 51.164646 55.637459 56.948761 90.000000 90.000000 90.000000
35 51.069427 55.533916 56.842781 90.000000 90.000000 90.000000
36 51.037617 55.499325 56.807373 90.000000 90.000000 90.000000
37 51.131523 55.601440 56.911896 90.000000 90.000000 90.000000
38 51.174389 55.648056 56.959606 90.000000 90.000000 90.000000
39 51.265961 55.747631 57.061531 90.000000 90.000000 90.000000
40 51.260460 55.741650 57.055408 90.000000 90.000000 90.000000
41 51.119869 55.588768 56.898926 90.000000 90.000000 90.000000
42 51.121803 55.590870 56.901073 90.000000 90.000000 90.000000
43 51.242020 55.721600 57.034885 90.000000 90.000000 90.000000
44 51.232452 55.711193 57.024235 90.000000 90.000000 90.000000
45 51.131001 55.600872 56.911312 90.000000 90.000000 90.000000
46 51.228497 55.706890 57.019829 90.000000 90.000000 90.000000
47 51.297070 55.781460 57.096157 90.000000 90.000000 90.000000
48 51.135006 55.605228 56.915771 90.000000 90.000000 90.000000
49 51.119129 55.587963 56.898102 90.000000 90.000000 90.000000
50 51.238949 55.718258 57.031467 90.000000 90.000000 90.000000
51 51.340496 55.828686 57.144493 90.000000 90.000000 90.000000
52 51.156666 55.628784 56.939880 90.000000 90.000000 90.000000
53 51.096813 55.563698 56.873260 90.000000 90.000000 90.000000
54 51.177036 55.650936 56.962555 90.000000 90.000000 90.000000
55 51.226238 55.704437 57.017319 90.000000 90.000000 90.000000
56 51.156796 55.628925 56.940025 90.000000 90.000000 90.000000
57 51.202621 55.678753 56.991032 90.000000 90.000000 90.000000
58 51.168621 55.641781 56.953186 90.000000 90.000000 90.000000
59 51.221378 55.699150 57.011906 90.000000 90.000000 90.000000
60 51.081375 55.546909 56.856075 90.000000 90.000000 90.000000
61 51.261082 55.742325 57.056099 90.000000 90.000000 90.000000
62 51.221214 55.698975 57.011726 90.000000 90.000000 90.000000
63 51.210186 55.686981 56.999451 90.000000 90.000000 90.000000
64 51.162766 55.635414 56.946671 90.000000 90.000000 90.000000
65 51.335114 55.822830 57.138500 90.000000 90.000000 90.000000
66 51.285133 55.768482 57.082870 90.000000 90.000000 90.000000
67 51.067699 55.532040 56.840858 90.000000 90.000000 90.000000
68 51.174911 55.648624 56.960190 90.000000 90.000000 90.000000
69 51.140808 55.611538 56.922230 90.000000 90.000000 90.000000
70 51.120914 55.589905 56.900085 90.000000 90.000000 90.000000
71 51.307121 55.792389 57.107342 90.000000 90.000000 90.000000
72 51.159554 55.631924 56.943096 90.000000 90.000000 90.000000
73 51.107265 55.575062 56.884895 90.000000 90.000000 90.000000
74 51.235653 55.714676 57.027798 90.000000 90.000000 90.000000
75 51.198956 55.674767 56.986950 90.000000 90.000000 90.000000
76 51.155018 55.626987 56.938042 90.000000 90.000000 90.000000
77 51.113094 55.581402 56.891384 90.000000 90.000000 90.000000
78 51.183338 55.657787 56.969566 90.000000 90.000000 90.000000
79 51.204315 55.680599 56.992916 90.000000 90.000000 90.000000
80 51.216702 55.694065 57.006702 90.000000 90.000000 90.000000
81 51.343689 55.832153 57.148045 90.000000 90.000000 90.000000
82 51.198193 55.673939 56.986103 90.000000 90.000000 90.000000
83 51.179420 55.653522 56.965206 90.000000 90.000000 90.000000
84 51.239864 55.719254 57.032482 90.000000 90.000000 90.000000
85 51.181637 55.655937 56.967674 90.000000 90.000000 90.000000
86 51.050667 55.513519 56.821899 90.000000 90.000000 90.000000
87 51.141041 55.611790 56.922489 90.000000 90.000000 90.000000
88 51.188347 55.663235 56.975143 90.000000 90.000000 90.000000
89 51.233109 55.711906 57.024963 90.000000 90.000000 90.000000
90 51.234921 55.713879 57.026981 90.000000 90.000000 90.000000
91 51.171371 55.644775 56.956249 90.000000 90.000000 90.000000
92 51.115871 55.584419 56.894474 90.000000 90.000000 90.000000
93 51.194553 55.669983 56.982052 90.000000 90.000000 90.000000
94 51.260990 55.742229 57.056000 90.000000 90.000000 90.000000
95 51.199131 55.674961 56.987148 90.000000 90.000000 90.000000
96 51.108681 55.576599 56.886467 90.000000 90.000000 90.000000
97 51.161819 55.634384 56.945614 90.000000 90.000000 90.000000
98 51.211754 55.688686 57.001194 90.000000 90.000000 90.000000
99 51.166695 55.639687 56.951042 90.000000 90.000000 90.000000
100 51.155758 55.627796 56.938869 90.000000 90.000000 90.000000
101 51.252850 55.733376 57.046936 90.000000 90.000000 90.000000
102 51.204308 55.680588 56.992908 90.000000 90.000000 90.000000
103 51.072849 55.537640 56.846588 90.000000 90.000000 90.000000
104 51.128567 55.598225 56.908604 90.000000 90.000000 90.000000
105 51.190205 55.665253 56.977211 90.000000 90.000000 90.000000
106 51.221542 55.699329 57.012093 90.000000 90.000000 90.000000
107 51.080933 55.546429 56.855587 90.000000 90.000000 90.000000
108 51.206223 55.682671 56.995037 90.000000 90.000000 90.000000
109 51.286789 55.770283 57.084717 90.000000 90.000000 90.000000
110 51.273994 55.756371 57.070473 90.000000 90.000000 90.000000
111 51.182693 55.657085 56.968853 90.000000 90.000000 90.000000
112 51.123356 55.592560 56.902802 90.000000 90.000000 90.000000
113 51.115913 55.584465 56.894520 90.000000 90.000000 90.000000
114 51.265476 55.747105 57.060989 90.000000 90.000000 90.000000
115 51.211987 55.688938 57.001453 90.000000 90.000000 90.000000
116 51.202835 55.678989 56.991268 90.000000 90.000000 90.000000
117 51.179775 55.653908 56.965599 90.000000 90.000000 90.000000
118 51.114803 55.583260 56.893288 90.000000 90.000000 90.000000
119 51.178837 55.652889 56.964554 90.000000 90.000000 90.000000
120 51.124153 55.593430 56.903694 90.000000 90.000000 90.000000
121 51.108738 55.576664 56.886536 90.000000 90.000000 90.000000
122 51.188953 55.663895 56.975819 90.000000 90.000000 90.000000
123 51.239624 55.718990 57.032215 90.000000 90.000000 90.000000
124 51.169167 55.642376 56.953793 90.000000 90.000000 90.000000
125 51.149303 55.620773 56.931683 90.000000 90.000000 90.000000
126 51.091022 55.557404 56.866817 90.000000 90.000000 90.000000
127 51.169846 55.643112 56.954548 90.000000 90.000000 90.000000
128 51.273632 55.755974 57.070072 90.000000 90.000000 90.000000
129 51.238556 55.717834 57.031029 90.000000 90.000000 90.000000
130 51.179958 55.654110 56.965805 90.000000 90.000000 90.000000
131 51.123230 55.592422 56.902664 90.000000 90.000000 90.000000
132 51.176395 55.650238 56.961842 90.000000 90.000000 90.000000
133 51.330486 55.817799 57.133350 90.000000 90.000000 90.000000
134 51.284054 55.767307 57.081669 90.000000 90.000000 90.000000
135 51.305790 55.790943 57.105862 90.000000 90.000000 90.000000
136 51.208755 55.685425 56.997860 90.000000 90.000000 90.000000
137 51.191570 55.666737 56.978729 90.000000 90.000000 90.000000
138 51.183811 55.658298 56.970093 90.000000 90.000000 90.000000
139 51.246780 55.726776 57.040180 90.000000 90.000000 90.000000
140 51.217369 55.694794 57.007446 90.000000 90.000000 90.000000
141 51.214127 55.691265 57.003838 90.000000 90.000000 90.000000
142 51.154770 55.626720 56.937771 90.000000 90.000000 90.000000
143 51.119526 55.588394 56.898540 90.000000 90.000000 90.000000
144 51.244450 55.724239 57.037590 90.000000 90.000000 90.000000
145 51.154308 55.626217 56.937256 90.000000 90.000000 90.000000
146 51.098919 55.565987 56.875607 90.000000 90.000000 90.000000
147 51.128120 55.597740 56.908108 90.000000 90.000000 90.000000
148 51.105293 55.572918 56.882698 90.000000 90.000000 90.000000
149 51.196121 55.671688 56.983795 90.000000 90.000000 90.000000
150 51.106339 55.574055 56.883862 90.000000 90.000000 90.000000
151 51.143921 55.614922 56.925694 90.000000 90.000000 90.000000
152 51.257839 55.738800 57.052490 90.000000 90.000000 90.000000
153 51.228916 55.707348 57.020298 90.000000 90.000000 90.000000
154 51.203938 55.680183 56.992493 90.000000 90.000000 90.000000
155 51.103371 55.570827 56.880562 90.000000 90.000000 90.000000
156 51.278355 55.761108 57.075325 90.000000 90.000000 90.000000
157 51.161411 55.633942 56.945160 90.000000 90.000000 90.000000
158 51.154751 55.626701 56.937748 90.000000 90.000000 90.000000
159 51.142021 55.612858 56.923580 90.000000 90.000000 90.000000
160 51.163193 55.635880 56.947144 90.000000 90.000000 90.000000
161 51.126400 55.595871 56.906193 90.000000 90.000000 90.000000
162 51.179337 55.653435 56.965115 90.000000 90.000000 90.000000
163 51.103760 55.571251 56.880989 90.000000 90.000000 90.000000
164 51.096493 55.563347 56.872902 90.000000 90.000000 90.000000
165 51.280766 55.763729 57.078007 90.000000 90.000000 90.000000
166 51.266705 55.748440 57.062359 90.000000 90.000000 90.000000
167 51.238899 55.718204 57.031410 90.000000 90.000000 90.000000
168 51.193531 55.668869 56.980911 90.000000 90.000000 90.000000
169 51.103264 55.570709 56.880440 90.000000 90.000000 90.000000
170 51.247780 55.727863 57.041294 90.000000 90.000000 90.000000
171 51.176670 55.650536 56.962147 90.000000 90.000000 90.000000
172 51.206230 55.682682 56.995049 90.000000 90.000000 90.000000
173 51.205631 55.682026 56.994381 90.000000 90.000000 90.000000
174 51.182716 55.657112 56.968876 90.000000 90.000000 90.000000
175 51.125751 55.595165 56.905472 90.000000 90.000000 90.000000
176 51.170715 55.644062 56.955517 90.000000 90.000000 90.000000
177 51.162178 55.634777 56.946014 90.000000 90.000000 90.000000
178 51.042458 55.504589 56.812759 90.000000 90.000000 90.000000
179 51.158161 55.630409 56.941547 90.000000 90.000000 90.000000
180 51.077473 55.542667 56.851734 90.000000 90.000000 90.000000
181 51.205193 55.681553 56.993893 90.000000 90.000000 90.000000
182 51.156071 55.628136 56.939220 90.000000 90.000000 90.000000
183 51.032307 55.493553 56.801464 90.000000 90.000000 90.000000
184 51.037655 55.499367 56.807411 90.000000 90.000000 90.000000
185 51.104309 55.571846 56.881603 90.000000 90.000000 90.000000
186 51.167564 55.640633 56.952011 90.000000 90.000000 90.000000
187 51.191784 55.666973 56.978970 90.000000 90.000000 90.000000
188 51.267502 55.749310 57.063248 90.000000 90.000000 90.000000
189 51.193836 55.669201 56.981251 90.000000 90.000000 90.000000
190 51.213558 55.690647 57.003204 90.000000 90.000000 90.000000
191 51.210438 55.687256 56.999733 90.000000 90.000000 90.000000
192 51.219887 55.697529 57.010250 90.000000 90.000000 90.000000
193 51.205883 55.682304 56.994663 90.000000 90.000000 90.000000
194 51.194988 55.670452 56.982533 90.000000 90.000000 90.000000
195 51.089516 55.555763 56.865139 90.000000 90.000000 90.000000
196 51.187450 55.662258 56.974144 90.000000 90.000000 90.000000
197 51.123268 55.592464 56.902706 90.000000 90.000000 90.000000
198 51.166496 55.639473 56.950821 90.000000 90.000000 90.000000
199 51.221432 55.699207 57.011967 90.000000 90.000000 90.000000
200 51.244961 55.724796 57.038155 90.000000 90.000000 90.000000
201 51.172928 55.646465 56.957981 90.000000 90.000000 90.000000
202 51.042789 55.504951 56.813129 90.000000 90.000000 90.000000
203 51.209476 55.686211 56.998661 90.000000 90.000000 90.000000
204 51.012924 55.472473 56.779888 90.000000 90.000000 90.000000
205 51.196896 55.672531 56.984657 90.000000 90.000000 90.000000
206 51.186306 55.661015 56.972874 90.000000 90.000000 90.000000
207 51.298615 55.783138 57.097878 90.000000 90.000000 90.000000
208 51.230228 55.708775 57.021759 90.000000 90.000000 90.000000
209 51.170795 55.644146 56.955605 90.000000 90.000000 90.000000
210 51.213707 55.690807 57.003368 90.000000 90.000000 90.000000
211 51.233284 55.712097 57.025162 90.000000 90.000000 90.000000
212 51.123505 55.592720 56.902969 90.000000 90.000000 90.000000
213 51.096092 55.562912 56.872456 90.000000 90.000000 90.000000
214 51.119152 55.587990 56.898125 90.000000 90.000000 90.000000
215 51.133728 55.603840 56.914349 90.000000 90.000000 90.000000
216 51.149021 55.620472 56.931374 90.000000 90.000000 90.000000
217 51.142662 55.613552 56.924290 90.000000 90.000000 90.000000
218 51.290661 55.774494 57.089024 90.000000 90.000000 90.000000
219 51.193958 55.669334 56.981388 90.000000 90.000000 90.000000
220 51.161816 55.634380 56.945610 90.000000 90.000000 90.000000
221 51.300518 55.785210 57.099995 90.000000 90.000000 90.000000
222 51.195251 55.670738 56.982826 90.000000 90.000000 90.000000
223 51.200665 55.676628 56.988853 90.000000 90.000000 90.000000
224 51.172367 55.645855 56.957355 90.000000 90.000000 90.000000
225 51.203468 55.679676 56.991974 90.000000 90.000000 90.000000
226 51.118591 55.587379 56.897499 90.000000 90.000000 90.000000
227 51.231945 55.710644 57.023670 90.000000 90.000000 90.000000
228 51.196274 55.671852 56.983963 90.000000 90.000000 90.000000
229 51.363842 55.854069 57.170475 90.000000 90.000000 90.000000
230 51.169441 55.642673 56.954098 90.000000 90.000000 90.000000
231 51.190384 55.665447 56.977409 90.000000 90.000000 90.000000
232 51.113064 55.581367 56.891350 90.000000 90.000000 90.000000
233 51.175499 55.649261 56.960842 90.000000 90.000000 90.000000
234 51.217648 55.695095 57.007755 90.000000 90.000000 90.000000
235 51.321064 55.807552 57.122864 90.000000 90.000000 90.000000
236 51.158581 55.630863 56.942009 90.000000 90.000000 90.000000
237 51.209621 55.686367 56.998821 90.000000 90.000000 90.000000
238 51.110973 55.579094 56.889023 90.000000 90.000000 90.000000
239 51.126686 55.596184 56.906513 90.000000 90.000000 90.000000
240 51.187134 55.661915 56.973793 90.000000 90.000000 90.000000
241 51.147305 55.618603 56.929462 90.000000 90.000000 90.000000
242 51.214931 55.692142 57.004734 90.000000 90.000000 90.000000
243 51.197159 55.672817 56.984951 90.000000 90.000000 90.000000
244 51.124271 55.593555 56.903824 90.000000 90.000000 90.000000
245 51.102253 55.569614 56.879314 90.000000 90.000000 90.000000
246 51.136997 55.607395 56.917988 90.000000 90.000000 90.000000
247 51.152821 55.624599 56.935600 90.000000 90.000000 90.000000
248 51.253620 55.734211 57.047794 90.000000 90.000000 90.000000
249 51.162834 55.635490 56.946747 90.000000 90.000000 90.000000
250 51.255543 55.736301 57.049934 90.000000 90.000000 90.000000
251 51.295242 55.779476 57.094124 90.000000 90.000000 90.000000
252 51.200764 55.676735 56.988964 90.000000 90.000000 90.000000
253 51.125950 55.595379 56.905689 90.000000 90.000000 90.000000
254 51.172127 55.645596 56.957088 90.000000 90.000000 90.000000
255 51.219540 55.697151 57.009861 90.000000 90.000000 90.000000
256 51.045662 55.508076 56.816326 90.000000 90.000000 90.000000
257 51.273041 55.755333 57.069412 90.000000 90.000000 90.000000
258 51.260120 55.741283 57.055031 90.000000 90.000000 90.000000
259 51.186249 55.660954 56.972809 90.000000 90.000000 90.000000
260 51.127052 55.596581 56.906918 90.000000 90.000000 90.000000
261 51.202957 55.679119 56.991402 90.000000 90.000000 90.000000
262 51.151657 55.623337 56.934307 90.000000 90.000000 90.000000
263 51.149487 55.620972 56.931889 90.000000 90.000000 90.000000
264 51.252804 55.733326 57.046886 90.000000 90.000000 90.000000
265 51.325039 55.811874 57.127289 90.000000 90.000000 90.000000
266 51.221794 55.699604 57.012371 90.000000 90.000000 90.000000
267 51.253288 55.733849 57.047424 90.000000 90.000000 90.000000
268 51.272129 55.754341 57.068398 90.000000 90.000000 90.000000
269 51.234348 55.713257 57.026344 90.000000 90.000000 90.000000
270 51.255875 55.736664 57.050304 90.000000 90.000000 90.000000
271 51.171146 55.644527 56.955997 90.000000 90.000000 90.000000
272 51.162376 55.634991 56.946236 90.000000 90.000000 90.000000
273 51.263050 55.744465 57.058289 90.000000 90.000000 90.000000
274 51.145309 55.616436 56.927242 90.000000 90.000000 90.000000
275 51.091457 55.557873 56.867302 90.000000 90.000000 90.000000
276 51.094349 55.561020 56.870518 90.000000 90.000000 90.000000
277 51.212002 55.688953 57.001469 90.000000 90.000000 90.000000
278 51.326729 55.813713 57.129169 90.000000 90.000000 90.000000
279 51.184246 55.658772 56.970577 90.000000 90.000000 90.000000
280 51.197098 55.672749 56.984882 90.000000 90.000000 90.000000
281 51.198330 55.674088 56.986252 90.000000 90.000000 90.000000
282 51.269608 55.751598 57.065590 90.000000 90.000000 90.000000
283 51.125080 55.594433 56.904724 90.000000 90.000000 90.000000
284 51.192062 55.667274 56.979279 90.000000 90.000000 90.000000
285 51.252201 55.732670 57.046215 90.000000 90.000000 90.000000
286 51.323345 55.810032 57.125401 90.000000 90.000000 90.000000
287 51.211391 55.688290 57.000790 90.000000 90.000000 90.000000
288 51.189995 55.665024 56.976978 90.000000 90.000000 90.000000
289 51.109985 55.578022 56.887924 90.000000 90.000000 90.000000
290 51.134846 55.605053 56.915592 90.000000 90.000000 90.000000
291 51.233063 55.711861 57.024914 90.000000 90.000000 90.000000
292 51.229771 55.708275 57.021248 90.000000 90.000000 90.000000
293 51.168865 55.642048 56.953457 90.000000 90.000000 90.000000
294 51.386585 55.878799 57.195793 90.000000 90.000000 90.000000
295 51.189568 55.664562 56.976501 90.000000 90.000000 90.000000
296 51.147232 55.618523 56.929379 90.000000 90.000000 90.000000
297 51.247486 55.727543 57.040970 90.000000 90.000000 90.000000
298 51.240898 55.720375 57.033634 90.000000 90.000000 90.000000
299 51.155651 55.627678 56.938751 90.000000 90.000000 90.000000
300 51.096249 55.563084 56.872631 90.000000 90.000000 90.000000
301 51.229206 55.707661 57.020618 90.000000 90.000000 90.000000
302 51.202145 55.678238 56.990501 90.000000 90.000000 90.000000
303 51.080475 55.545933 56.855076 90.000000 90.000000 90.000000
304 51.152168 55.623890 56.934872 90.000000 90.000000 90.000000
305 51.195747 55.671280 56.983376 90.000000 90.000000 90.000000
306 51.247440 55.727493 57.040916 90.000000 90.000000 90.000000
307 51.193188 55.668495 56.980530 90.000000 90.000000 90.000000
308 51.089088 55.555298 56.864662 90.000000 90.000000 90.000000
309 51.112900 55.581192 56.891167 90.000000 90.000000 90.000000
310 51.320210 55.806622 57.121914 90.000000 90.000000 90.000000
311 51.047993 55.510609 56.818920 90.000000 90.000000 90.000000
312 51.161098 55.633602 56.944813 90.000000 90.000000 90.000000
313 51.247398 55.727448 57.040871 90.000000 90.000000 90.000000
314 51.236256 55.715328 57.028469 90.000000 90.000000 90.000000
315 51.211712 55.688641 57.001152 90.000000 90.000000 90.000000
316 51.273788 55.756145 57.070244 90.000000 90.000000 90.000000
317 51.256245 55.737068 57.050716 90.000000 90.000000 90.000000
318 51.151062 55.622688 56.933640 90.000000 90.000000 90.000000
319 51.185390 55.660019 56.971851 90.000000 90.000000 90.000000
320 51.143295 55.614243 56.924999 90.000000 90.000000 90.000000
321 51.171848 55.645290 56.956779 90.000000 90.000000 90.000000
322 51.124413 55.593708 56.903980 90.000000 90.000000 90.000000
323 51.212143 55.689110 57.001629 90.000000 90.000000 90.000000
324 51.112301 55.580540 56.890499 90.000000 90.000000 90.000000
325 51.339470 55.827564 57.143349 90.000000 90.000000 90.000000
326 51.246403 55.726364 57.039761 90.000000 90.000000 90.000000
327 51.295288 55.779522 57.094173 90.000000 90.000000 90.000000
328 51.196178 55.671749 56.983860 90.000000 90.000000 90.000000
329 51.185814 55.660480 56.972324 90.000000 90.000000 90.000000
330 51.101891 55.569218 56.878910 90.000000 90.000000 90.000000
331 51.146915 55.618179 56.929028 90.000000 90.000000 90.000000
332 51.250023 55.730301 57.043793 90.000000 90.000000 90.000000
333 51.323242 55.809921 57.125286 90.000000 90.000000 90.000000
334 51.282043 55.765121 57.079433 90.000000 90.000000 90.000000
335 51.265568 55.747204 57.061092 90.000000 90.000000 90.000000
336 51.194145 55.669540 56.981598 90.000000 90.000000 90.000000
337 51.173435 55.647018 56.958546 90.000000 90.000000 90.000000
338 51.321655 55.808197 57.123524 90.000000 90.000000 90.000000
339 51.176048 55.649857 56.961452 90.000000 90.000000 90.000000
340 51.179005 55.653072 56.964745 90.000000 90.000000 90.000000
341 51.268471 55.750362 57.064327 90.000000 90.000000 90.000000
342 51.163795 55.636536 56.947815 90.000000 90.000000 90.000000
343 51.293289 55.777348 57.091949 90.000000 90.000000 90.000000
344 51.253292 55.733856 57.047432 90.000000 90.000000 90.000000
345 51.271362 55.753506 57.067543 90.000000 90.000000 90.000000
346 51.185486 55.660122 56.971958 90.000000 90.000000 90.000000
347 51.200161 55.676083 56.988293 90.000000 90.000000 90.000000
348 51.151134 55.622765 56.933720 90.000000 90.000000 90.000000
349 51.157249 55.629417 56.940529 90.000000 90.000000 90.000000
350 51.244713 55.724525 57.037880 90.000000 90.000000 90.000000
351 51.033318 55.494648 56.802586 90.000000 90.000000 90.000000
352 51.304863 55.789932 57.104828 90.000000 90.000000 90.000000
353 51.109188 55.577152 56.887035 90.000000 90.000000 90.000000
354 51.230293 55.708847 57.021832 90.000000 90.000000 90.000000
355 51.166031 55.638966 56.950302 90.000000 90.000000 90.000000
356 51.164238 55.637016 56.948307 90.000000 90.000000 90.000000
357 51.123417 55.592625 56.902870 90.000000 90.000000 90.000000
358 51.253311 55.733875 57.047451 90.000000 90.000000 90.000000
359 51.288509 55.772148 57.086628 90.000000 90.000000 90.000000
360 51.137165 55.607574 56.918171 90.000000 90.000000 90.000000
361 51.225002 55.703091 57.015942 90.000000 90.000000 90.000000
362 51.149792 55.621304 56.932228 90.000000 90.000000 90.000000
363 51.307648 55.792961 57.107929 90.000000 90.000000 90.000000
364 51.260731 55.741943 57.055710 90.000000 90.000000 90.000000
365 51.187180 55.661961 56.973843 90.000000 90.000000 90.000000
366 51.267673 55.749493 57.063438 90.000000 90.000000 90.000000
367 51.117249 55.585918 56.896008 90.000000 90.000000 90.000000
368 51.249096 55.729290 57.042759 90.000000 90.000000 90.000000
369 51.255669 55.736439 57.050076 90.000000 90.000000 90.000000
370 51.262756 55.744148 57.057964 90.000000 90.000000 90.000000
371 51.063999 55.528011 56.836735 90.000000 90.000000 90.000000
372 51.325294 55.812149 57.127571 90.000000 90.000000 90.000000
373 51.317036 55.803169 57.118378 90.000000 90.000000 90.000000
374 51.280651 55.763607 57.077885 90.000000 90.000000 90.000000
375 51.185196 55.659805 56.971634 90.000000 90.000000 90.000000
376 51.215370 55.692619 57.005219 90.000000 90.000000 90.000000
377 51.294342 55.778496 57.093121 90.000000 90.000000 90.000000
378 51.130688 55.600533 56.910965 90.000000 90.000000 90.000000
379 51.181950 55.656277 56.968025 90.000000 90.000000 90.000000
380 51.171474 55.644886 56.956360 90.000000 90.000000 90.000000
381 51.267311 55.749100 57.063030 90.000000 90.000000 90.000000
382 51.155918 55.627968 56.939045 90.000000 90.000000 90.000000
383 51.122303 55.591415 56.901634 90.000000 90.000000 90.000000
384 51.102390 55.569759 56.879467 90.000000 90.000000 90.000000
385 51.184807 55.659386 56.971203 90.000000 90.000000 90.000000
386 51.166508 55.639484 56.950836 90.000000 90.000000 90.000000
387 51.076019 55.541084 56.850117 90.000000 90.000000 90.000000
388 51.136742 55.607117 56.917702 90.000000 90.000000 90.000000
389 51.189072 55.664021 56.975948 90.000000 90.000000 90.000000
390 51.129307 55.599033 56.909431 90.000000 90.000000 90.000000
391 51.173122 55.646675 56.958195 90.000000 90.000000 90.000000
392 51.070477 55.535061 56.843948 90.000000 90.000000 90.000000
393 51.173630 55.647228 56.958759 90.000000 90.000000 90.000000
394 51.150509 55.622086 56.933025 90.000000 90.000000 90.000000
395 51.224972 55.703060 57.015911 90.000000 90.000000 90.000000
396 51.124706 55.594028 56.904308 90.000000 90.000000 90.000000
397 51.102936 55.570354 56.880074 90.000000 90.000000 90.000000
398 51.254032 55.734657 57.048252 90.000000 90.000000 90.000000
399 51.163757 55.636494 56.947773 90.000000 90.000000 90.000000
400 51.333385 55.820950 57.136578 90.000000 90.000000 90.000000
401 51.206539 55.683014 56.995388 90.000000 90.000000 90.000000
402 51.115253 55.583748 56.893784 90.000000 90.000000 90.000000
403 51.217018 55.694412 57.007053 90.000000 90.000000 90.000000
404 51.251480 55.731884 57.045410 90.000000 90.000000 90.000000
405 51.089977 55.556267 56.865654 90.000000 90.000000 90.000000
406 51.220104 55.697769 57.010490 90.000000 90.000000 90.000000
407 51.089405 55.555641 56.865017 90.000000 90.000000 90.000000
408 51.218254 55.695755 57.008430 90.000000 90.000000 90.000000
409 51.213337 55.690407 57.002956 90.000000 90.000000 90.000000
410 51.186619 55.661354 56.973217 90.000000 90.000000 90.000000
411 51.218193 55.695690 57.008362 90.000000 90.000000 90.000000
412 51.239700 55.719078 57.032303 90.000000 90.000000 90.000000
413 51.144939 55.616032 56.926830 90.000000 90.000000 90.000000
414 51.105289 55.572914 56.882694 90.000000 90.000000 90.000000
415 51.233242 55.712051 57.025112 90.000000 90.000000 90.000000
416 51.235287 55.714275 57.027390 90.000000 90.000000 90.000000
417 51.123230 55.592422 56.902660 90.000000 90.000000 90.000000
418 51.130623 55.600460 56.910892 90.000000 90.000000 90.000000
419 51.125561 55.594955 56.905258 90.000000 90.000000 90.000000
420 51.166893 55.639904 56.951263 90.000000 90.000000 90.000000
421 51.208675 55.685337 56.997768 90.000000 90.000000 90.000000
422 51.125740 55.595150 56.905457 90.000000 90.000000 90.000000
423 51.153366 55.625195 56.936207 90.000000 90.000000 90.000000
424 51.205982 55.682407 56.994770 90.000000 90.000000 90.000000
425 51.138065 55.608559 56.919178 90.000000 90.000000 90.000000
426 51.168789 55.641964 56.953373 90.000000 90.000000 90.000000
427 51.056316 55.519657 56.828186 90.000000 90.000000 90.000000
428 51.098053 55.565048 56.874641 90.000000 90.000000 90.000000
429 51.256596 55.737446 57.051105 90.000000 90.000000 90.000000
430 51.188908 55.663841 56.975765 90.000000 90.000000 90.000000
431 51.236084 55.715145 57.028278 90.000000 90.000000 90.000000
432 51.175865 55.649658 56.961246 90.000000 90.000000 90.000000
433 51.285637 55.769028 57.083431 90.000000 90.000000 90.000000
434 51.282215 55.765308 57.079620 90.000000 90.000000 90.000000
435 51.161503 55.634041 56.945263 90.000000 90.000000 90.000000
436 51.225525 55.703659 57.016521 90.000000 90.000000 90.000000
437 51.195843 55.671387 56.983486 90.000000 90.000000 90.000000
438 51.094025 55.560665 56.870155 90.000000 90.000000 90.000000
439 51.213280 55.690346 57.002892 90.000000 90.000000 90.000000
440 51.180088 55.654251 56.965950 90.000000 90.000000 90.000000
441 51.224007 55.702011 57.014835 90.000000 90.000000 90.000000
442 51.226414 55.704628 57.017513 90.000000 90.000000 90.000000
443 51.351498 55.840645 57.156734 90.000000 90.000000 90.000000
444 51.255642 55.736408 57.050045 90.000000 90.000000 90.000000
445 51.140827 55.611557 56.922249 90.000000 90.000000 90.000000
446 51.313725 55.799568 57.114693 90.000000 90.000000 90.000000
447 51.219944 55.697590 57.010311 90.000000 90.000000 90.000000
448 51.254055 55.734684 57.048279 90.000000 90.000000 90.000000
449 51.157051 55.629204 56.940311 90.000000 90.000000 90.000000
450 51.130035 55.599823 56.910240 90.000000 90.000000 90.000000
451 51.238991 55.718304 57.031513 90.000000 90.000000 90.000000
452 51.147675 55.619007 56.929874 90.000000 90.000000 90.000000
453 51.205425 55.681801 56.994148 90.000000 90.000000 90.000000
454 51.198704 55.674496 56.986671 90.000000 90.000000 90.000000
455 51.013508 55.473110 56.780537 90.000000 90.000000 90.000000
456 51.122761 55.591911 56.902142 90.000000 90.000000 90.000000
457 51.233662 55.712509 57.025581 90.000000 90.000000 90.000000
458 51.266842 55.748589 57.062511 90.000000 90.000000 90.000000
459 51.228447 55.706837 57.019775 90.000000 90.000000 90.000000
460 51.228230 55.706604 57.019535 90.000000 90.000000 90.000000
461 51.206055 55.682487 56.994854 90.000000 90.000000 90.000000
462 51.173523 55.647114 56.958645 90.000000 90.000000 90.000000
463 51.115822 55.584366 56.894417 90.000000 90.000000 90.000000
464 51.262840 55.744240 57.058056 90.000000 90.000000 90.000000
465 51.292473 55.776463 57.091038 90.000000 90.000000 90.000000
466 51.219872 55.697514 57.010231 90.000000 90.000000 90.000000
467 51.210342 55.687149 56.999622 90.000000 90.000000 90.000000
468 51.298141 55.782623 57.097347 90.000000 90.000000 90.000000
469 51.144417 55.615459 56.926243 90.000000 90.000000 90.000000
470 51.231297 55.709938 57.022949 90.000000 90.000000 90.000000
471 51.197937 55.673660 56.985817 90.000000 90.000000 90.000000
472 51.157307 55.629478 56.940590 90.000000 90.000000 90.000000
473 51.070690 55.535290 56.844185 90.000000 90.000000 90.000000
474 51.214935 55.692146 57.004734 90.000000 90.000000 90.000000
475 51.323139 55.809807 57.125172 90.000000 90.000000 90.000000
476 51.141171 55.611931 56.922634 90.000000 90.000000 90.000000
477 51.189701 55.664703 56.976646 90.000000 90.000000 90.000000
478 51.196537 55.672138 56.984257 90.000000 90.000000 90.000000
479 51.149815 55.621334 56.932255 90.000000 90.000000 90.000000
480 51.163113 55.635792 56.947056 90.000000 90.000000 90.000000
481 51.279789 55.762669 57.076923 90.000000 90.000000 90.000000
482 51.263580 55.745045 57.058880 90.000000 90.000000 90.000000
483 51.223335 55.701279 57.014088 90.000000 90.000000 90.000000
484 51.087990 55.554100 56.863438 90.000000 90.000000 90.000000
485 51.207813 55.684399 56.996807 90.000000 90.000000 90.000000
486 51.230896 55.709503 57.022503 90.000000 90.000000 90.000000
487 51.154839 55.626797 56.937847 90.000000 90.000000 90.000000
488 51.246353 55.726311 57.039707 90.000000 90.000000 90.000000
489 51.086056 55.551998 56.861286 90.000000 90.000000 90.000000
490 51.132179 55.602154 56.912624 90.000000 90.000000 90.000000
491 50.990776 55.448391 56.755238 90.000000 90.000000 90.000000
492 51.138920 55.609486 56.920128 90.000000 90.000000 90.000000
493 51.205551 55.681942 56.994289 90.000000 90.000000 90.000000
494 51.248436 55.728577 57.042027 90.000000 90.000000 90.000000
495 51.256016 55.736816 57.050461 90.000000 90.000000 90.000000
496 51.231506 55.710167 57.023182 90.000000 90.000000 90.000000
497 51.137970 55.608448 56.919067 90.000000 90.000000 90.000000
498 51.190922 55.666031 56.978008 90.000000 90.000000 90.000000
499 51.213642 55.690739 57.003296 90.000000 90.000000 90.000000
500 51.395832 55.888859 57.206085 90.000000 90.000000 90.000000
501 51.259857 55.740997 57.054737 90.000000 90.000000 90.000000
502 51.234039 55.712921 57.026001 90.000000 90.000000 90.000000
503 51.241634 55.721176 57.034451 90.000000 90.000000 90.000000
504 51.203735 55.679970 56.992271 90.000000 90.000000 90.000000
505 51.106853 55.574615 56.884434 90.000000 90.000000 90.000000
506 51.214832 55.692036 57.004623 90.000000 90.000000 90.000000
507 51.165802 55.638718 56.950050 90.000000 90.000000 90.000000
508 51.262882 55.744286 57.058105 90.000000 90.000000 90.000000
509 51.260792 55.742012 57.055779 90.000000 90.000000 90.000000
510 51.125652 55.595055 56.905357 90.000000 90.000000 90.000000
511 51.201923 55.677994 56.990253 90.000000 90.000000 90.000000
512 51.187637 55.662464 56.974354 90.000000 90.000000 90.000000
513 51.159008 55.631332 56.942490 90.000000 90.000000 90.000000
514 51.094955 55.561676 56.871193 90.000000 90.000000 90.000000
515 51.183773 55.658260 56.970051 90.000000 90.000000 90.000000
516 51.331276 55.818657 57.134232 90.000000 90.000000 90.000000
517 51.236744 55.715858 57.029011 90.000000 90.000000 90.000000
518 51.242233 55.721828 57.035118 90.000000 90.000000 90.000000
519 51.072365 55.537113 56.846050 90.000000 90.000000 90.000000
520 51.294365 55.778519 57.093147 90.000000 90.000000 90.000000
521 51.210716 55.687557 57.000038 90.000000 90.000000 90.000000
522 51.074078 55.538975 56.847958 90.000000 90.000000 90.000000
523 51.251904 55.732342 57.045883 90.000000 90.000000 90.000000
524 51.177567 55.651512 56.963146 90.000000 90.000000 90.000000
525 51.289646 55.773388 57.087894 90.000000 90.000000 90.000000
526 51.117828 55.586552 56.896652 90.000000 90.000000 90.000000
527 51.229950 55.708473 57.021450 90.000000 90.000000 90.000000
528 51.154087 55.625980 56.937012 90.000000 90.000000 90.000000
529 51.198959 55.674774 56.986954 90.000000 90.000000 90.000000
530 51.251423 55.731823 57.045349 90.000000 90.000000 90.000000
531 51.197052 55.672699 56.984833 90.000000 90.000000 90.000000
532 51.143875 55.614872 56.925644 90.000000 90.000000 90.000000
533 51.245667 55.725563 57.038940 90.000000 90.000000 90.000000
534 51.213070 55.690117 57.002663 90.000000 90.000000 90.000000
535 51.241436 55.720963 57.034233 90.000000 90.000000 90.000000
536 51.264427 55.745964 57.059822 90.000000 90.000000 90.000000
537 51.243095 55.722767 57.036079 90.000000 90.000000 90.000000
538 51.217514 55.694950 57.007607 90.000000 90.000000 90.000000
539 51.261444 55.742722 57.056503 90.000000 90.000000 90.000000
540 51.105064 55.572666 56.882442 90.000000 90.000000 90.000000
541 51.212284 55.689262 57.001785 90.000000 90.000000 90.000000
542 51.020164 55.480350 56.787949 90.000000 90.000000 90.000000
543 51.160278 55.632710 56.943897 90.000000 90.000000 90.000000
544 51.210712 55.687553 57.000034 90.000000 90.000000 90.000000
545 51.148907 55.620342 56.931240 90.000000 90.000000 90.000000
546 51.179909 55.654057 56.965752 90.000000 90.000000 90.000000
547 51.266411 55.748119 57.062031 90.000000 90.000000 90.000000
548 51.342411 55.830765 57.146626 90.000000 90.000000 90.000000
549 51.192818 55.668095 56.980122 90.000000 90.000000 90.000000
550 51.197723 55.673431 56.985580 90.000000 90.000000 90.000000
551 51.178837 55.652889 56.964558 90.000000 90.000000 90.000000
552 51.148972 55.620415 56.931316 90.000000 90.000000 90.000000
553 51.306091 55.791267 57.106197 90.000000 90.000000 90.000000
554 51.193207 55.668518 56.980553 90.000000 90.000000 90.000000
555 51.271034 55.753151 57.067177 90.000000 90.000000 90.000000
556 51.173252 55.646820 56.958344 90.000000 90.000000 90.000000
557 51.309868 55.795376 57.110397 90.000000 90.000000 90.000000
558 51.300144 55.784801 57.099579 90.000000 90.000000 90.000000
559 51.233715 55.712566 57.025639 90.000000 90.000000 90.000000
560 51.165020 55.637863 56.949177 90.000000 90.000000 90.000000
561 51.204384 55.680672 56.992992 90.000000 90.000000 90.000000
562 51.159603 55.631977 56.943150 90.000000 90.000000 90.000000
563 51.072586 55.537350 56.846294 90.000000 90.000000 90.000000
564 51.181320 55.655594 56.967323 90.000000 90.000000 90.000000
565 51.163361 55.636063 56.947330 90.000000 90.000000 90.000000
566 51.220390 55.698074 57.010807 90.000000 90.000000 90.000000
567 51.273666 55.756008 57.070107 90.000000 90.000000 90.000000
568 51.277634 55.760323 57.074520 90.000000 90.000000 90.000000
569 51.187328 55.662125 56.974007 90.000000 90.000000 90.000000
570 51.166073 55.639011 56.950352 90.000000 90.000000 90.000000
571 51.082230 55.547840 56.857029 90.000000 90.000000 90.000000
572 51.159519 55.631882 56.943054 90.000000 90.000000 90.000000
573 51.198833 55.674637 56.986816 90.000000 90.000000 90.000000
574 51.172058 55.645519 56.957012 90.000000 90.000000 90.000000
575 51.052296 55.515285 56.823708 90.000000 90.000000 90.000000
576 51.227886 55.706230 57.019150 90.000000 90.000000 90.000000
577 51.142021 55.612858 56.923580 90.000000 90.000000 90.000000
578 51.187454 55.662262 56.974148 90.000000 90.000000 90.000000
579 51.107124 55.574909 56.884739 90.000000 90.000000 90.000000
580 51.270306 55.752357 57.066368 90.000000 90.000000 90.000000
581 51.238407 55.717667 57.030861 90.000000 90.000000 90.000000
582 51.203987 55.680237 56.992550 90.000000 90.000000 90.000000
583 51.244400 55.724186 57.037533 90.000000 90.000000 90.000000
584 51.252029 55.732483 57.046024 90.000000 90.000000 90.000000
585 51.270172 55.752213 57.066219 90.000000 90.000000 90.000000
586 51.337898 55.825859 57.141602 90.000000 90.000000 90.000000
587 51.228317 55.706696 57.019630 90.000000 90.000000 90.000000
588 51.223881 55.701874 57.014694 90.000000 90.000000 90.000000
589 51.086044 55.551987 56.861275 90.000000 90.000000 90.000000
590 51.170670 55.644012 56.955467 90.000000 90.000000 90.000000
591 51.094738 55.561443 56.870953 90.000000 90.000000 90.000000
592 51.253036 55.733578 57.047146 90.000000 90.000000 90.000000
593 51.194073 55.669456 56.981514 90.000000 90.000000 90.000000
594 51.201874 55.677940 56.990196 90.000000 90.000000 90.000000
595 51.185268 55.659885 56.971718 90.000000 90.000000 90.000000
596 51.281639 55.764679 57.078979 90.000000 90.000000 90.000000
597 51.156708 55.628830 56.939926 90.000000 90.000000 90.000000
598 51.093201 55.559769 56.869240 90.000000 90.000000 90.000000
599 51.261246 55.742504 57.056282 90.000000 90.000000 90.000000
600 51.165592 55.638489 56.949818 90.000000 90.000000 90.000000
601 51.253803 55.734409 57.047997 90.000000 90.000000 90.000000
602 51.240208 55.719627 57.032867 90.000000 90.000000 90.000000
603 51.274750 55.757187 57.071312 90.000000 90.000000 90.000000
604 51.230255 55.708805 57.021790 90.000000 90.000000 90.000000
605 51.191048 55.666172 56.978149 90.000000 90.000000 90.000000
606 51.265251 55.746861 57.060741 90.000000 90.000000 90.000000
607 51.092560 55.559071 56.868523 90.000000 90.000000 90.000000
608 51.197334 55.673004 56.985146 90.000000 90.000000 90.000000
609 51.322453 55.809063 57.124409 90.000000 90.000000 90.000000
610 51.215736 55.693016 57.005627 90.000000 90.000000 90.000000
611 51.256138 55.736954 57.050598 90.000000 90.000000 90.000000
612 51.304745 55.789806 57.104698 90.000000 90.000000 90.000000
613 51.194183 55.669579 56.981640 90.000000 90.000000 90.000000
614 51.267548 55.749355 57.063297 90.000000 90.000000 90.000000
615 51.192207 55.667431 56.979439 90.000000 90.000000 90.000000
616 51.310406 55.795963 57.111000 90.000000 90.000000 90.000000
617 51.129280 55.599003 56.909397 90.000000 90.000000 90.000000
618 51.238953 55.718262 57.031467 90.000000 90.000000 90.000000
619 51.161945 55.634525 56.945759 90.000000 90.000000 90.000000
620 51.152752 55.624523 56.935524 90.000000 90.000000 90.000000
621 51.255684 55.736454 57.050091 90.000000 90.000000 90.000000
622 51.376247 55.867561 57.184284 90.000000 90.000000 90.000000
623 51.317165 55.803310 57.118523 90.000000 90.000000 90.000000
624 51.308678 55.794083 57.109074 90.000000 90.000000 90.000000
625 51.146503 55.617729 56.928566 90.000000 90.000000 90.000000
626 51.136929 55.607319 56.917912 90.000000 90.000000 90.000000
627 51.191616 55.666786 56.978783 90.000000 90.000000 90.000000
628 51.229294 55.707760 57.020721 90.000000 90.000000 90.000000
629 51.199429 55.675285 56.987480 90.000000 90.000000 90.000000
630 51.210545 55.687370 56.999847 90.000000 90.000000 90.000000
631 51.282166 55.765251 57.079567 90.000000 90.000000 90.000000
632 51.148880 55.620316 56.931213 90.000000 90.000000 90.000000
633 51.206520 55.682995 56.995369 90.000000 90.000000 90.000000
634 51.195724 55.671253 56.983353 90.000000 90.000000 90.000000
635 51.151653 55.623333 56.934303 90.000000 90.000000 90.000000
636 51.181744 55.656052 56.967793 90.000000 90.000000 90.000000
637 51.142040 55.612877 56.923599 90.000000 90.000000 90.000000
638 51.178326 55.652336 56.963989 90.000000 90.000000 90.000000
639 51.141605 55.612408 56.923119 90.000000 90.000000 90.000000
640 51.184246 55.658772 56.970577 90.000000 90.000000 90.000000
641 51.262138 55.743473 57.057274 90.000000 90.000000 90.000000
642 51.236427 55.715519 57.028660 90.000000 90.000000 90.000000
643 51.185001 55.659595 56.971416 90.000000 90.000000 90.000000
644 51.172150 55.645622 56.957115 90.000000 90.000000 90.000000
645 51.254082 55.734711 57.048306 90.000000 90.000000 90.000000
646 51.170139 55.643433 56.954876 90.000000 90.000000 90.000000
647 51.128365 55.598003 56.908379 90.000000 90.000000 90.000000
648 51.131001 55.600876 56.911316 90.000000 90.000000 90.000000
649 51.278900 55.761703 57.075932 90.000000 90.000000 90.000000
650 51.168877 55.642059 56.953472 90.000000 90.000000 90.000000
651 51.239285 55.718624 57.031837 90.000000 90.000000 90.000000
652 51.123745 55.592983 56.903236 90.000000 90.000000 90.000000
653 51.118523 55.587307 56.897427 90.000000 90.000000 90.000000
654 51.189503 55.664490 56.976429 90.000000 90.000000 90.000000
655 51.150646 55.622234 56.933178 90.000000 90.000000 90.000000
656 51.220364 55.698048 57.010780 90.000000 90.000000 90.000000
657 51.206497 55.682972 56.995346 90.000000 90.000000 90.000000
658 51.202202 55.678299 56.990562 90.000000 90.000000 90.000000
659 51.149628 55.621128 56.932045 90.000000 90.000000 90.000000
660 51.156193 55.628265 56.939350 90.000000 90.000000 90.000000
661 51.099735 55.566875 56.876514 90.000000 90.000000 90.000000
662 51.143700 55.614685 56.925449 90.000000 90.000000 90.000000
663 51.202019 55.678101 56.990360 90.000000 90.000000 90.000000
664 51.282253 55.765350 57.079666 90.000000 90.000000 90.000000
665 51.162502 55.635128 56.946377 90.000000 90.000000 90.000000
666 51.261345 55.742611 57.056393 90.000000 90.000000 90.000000
667 51.320507 55.806946 57.122242 90.000000 90.000000 90.000000
668 51.074787 55.539745 56.848743 90.000000 90.000000 90.000000
669 51.231812 55.710499 57.023521 90.000000 90.000000 90.000000
670 51.104568 55.572128 56.881893 90.000000 90.000000 90.000000
671 51.181755 55.656063 56.967804 90.000000 90.000000 90.000000
672 51.288147 55.771759 57.086224 90.000000 90.000000 90.000000
673 51.223892 55.701885 57.014706 90.000000 90.000000 90.000000
674 51.052631 55.515652 56.824081 90.000000 90.000000 90.000000
675 51.214508 55.691681 57.004261 90.000000 90.000000 90.000000
676 51.111961 55.580166 56.890118 90.000000 90.000000 90.000000
677 51.246517 55.726490 57.039890 90.000000 90.000000 90.000000
678 51.188488 55.663383 56.975300 90.000000 90.000000 90.000000
679 51.275135 55.757607 57.071743 90.000000 90.000000 90.000000
680 51.101845 55.569168 56.878860 90.000000 90.000000 90.000000
681 51.183296 55.657742 56.969524 90.000000 90.000000 90.000000
682 51.153831 55.625698 56.936722 90.000000 90.000000 90.000000
683 51.145386 55.616516 56.927326 90.000000 90.000000 90.000000
684 51.216461 55.693802 57.006432 90.000000 90.000000 90.000000
685 51.217228 55.694641 57.007290 90.000000 90.000000 90.000000
686 51.138367 55.608883 56.919510 90.000000 90.000000 90.000000
687 51.356934 55.846558 57.162788 90.000000 90.000000 90.000000
688 51.217159 55.694561 57.007210 90.000000 90.000000 90.000000
689 51.148041 55.619404 56.930283 90.000000 90.000000 90.000000
690 51.140343 55.611031 56.921711 90.000000 90.000000 90.000000
691 51.244350 55.724133 57.037479 90.000000 90.000000 90.000000
692 51.340481 55.828663 57.144474 90.000000 90.000000 90.000000
693 51.091343 55.557747 56.867172 90.000000 90.000000 90.000000
694 51.176304 55.650139 56.961739 90.000000 90.000000 90.000000
695 51.130142 55.599941 56.910358 90.000000 90.000000 90.000000
696 51.146854 55.618114 56.928959 90.000000 90.000000 90.000000
697 51.176235 55.650063 56.961662 90.000000 90.000000 90.000000
698 51.040909 55.502903 56.811035 90.000000 90.000000 90.000000
699 51.196285 55.671864 56.983974 90.000000 90.000000 90.000000
700 51.241314 55.720829 57.034096 90.000000 90.000000 90.000000
701 51.121696 55.590755 56.900955 90.000000 90.000000 90.000000
702 51.243351 55.723045 57.036366 90.000000 90.000000 90.000000
703 51.194824 55.670277 56.982353 90.000000 90.000000 90.000000
704 51.034660 55.496109 56.804081 90.000000 90.000000 90.000000
705 51.254009 55.734634 57.048229 90.000000 90.000000 90.000000
706 51.183735 55.658218 56.970009 90.000000 90.000000 90.000000
707 51.188854 55.663784 56.975708 90.000000 90.000000 90.000000
708 51.265182 55.746784 57.060661 90.000000 90.000000 90.000000
709 51.209145 55.685848 56.998291 90.000000 90.000000 90.000000
710 51.224228 55.702251 57.015079 90.000000 90.000000 90.000000
711 51.244938 55.724770 57.038132 90.000000 90.000000 90.000000
712 51.253288 55.733849 57.047424 90.000000 90.000000 90.000000
713 51.110203 55.578259 56.888165 90.000000 90.000000 90.000000
714 51.203014 55.679184 56.991467 90.000000 90.000000 90.000000
715 51.187057 55.661827 56.973705 90.000000 90.000000 90.000000
716 51.202213 55.678314 56.990578 90.000000 90.000000 90.000000
717 51.169884 55.643158 56.954594 90.000000 90.000000 90.000000
718 51.163380 55.636086 56.947353 90.000000 90.000000 90.000000
719 51.188602 55.663513 56.975430 90.000000 90.000000 90.000000
720 51.140217 55.610897 56.921574 90.000000 90.000000 90.000000
721 51.326870 55.813866 57.129326 90.000000 90.000000 90.000000
722 51.155678 55.627708 56.938782 90.000000 90.000000 90.000000
723 51.177773 55.651733 56.963371 90.000000 90.000000 90.000000
724 51.108837 55.576775 56.886646 90.000000 90.000000 90.000000
725 51.192104 55.667316 56.979324 90.000000 90.000000 90.000000
726 51.265747 55.747398 57.061295 90.000000 90.000000 90.000000
727 51.193287 55.668606 56.980640 90.000000 90.000000 90.000000
728 51.271236 55.753368 57.067402 90.000000 90.000000 90.000000
729 51.101097 55.568356 56.878029 90.000000 90.000000 90.000000
730 51.214474 55.691643 57.004223 90.000000 90.000000 90.000000
731 51.198185 55.673931 56.986092 90.000000 90.000000 90.000000
732 51.232914 55.711697 57.024746 90.000000 90.000000 90.000000
733 51.251869 55.732307 57.045845 90.000000 90.000000 90.000000
734 51.174644 55.648331 56.959888 90.000000 90.000000 90.000000
735 51.169796 55.643059 56.954494 90.000000 90.000000 90.000000
736 51.132248 55.602226 56.912701 90.000000 90.000000 90.000000
737 51.191322 55.666466 56.978451 90.000000 90.000000 90.000000
738 51.245949 55.725872 57.039257 90.000000 90.000000 90.000000
739 51.175606 55.649376 56.960960 90.000000 90.000000 90.000000
740 51.220364 55.698048 57.010777 90.000000 90.000000 90.000000
741 51.206436 55.682903 56.995277 90.000000 90.000000 90.000000
742 51.225845 55.704010 57.016880 90.000000 90.000000 90.000000
743 51.152149 55.623871 56.934853 90.000000 90.000000 90.000000
744 51.259758 55.740883 57.054623 90.000000 90.000000 90.000000
745 51.199043 55.674866 56.987049 90.000000 90.000000 90.000000
746 51.277939 55.760658 57.074863 90.000000 90.000000 90.000000
747 51.198460 55.674229 56.986397 90.000000 90.000000 90.000000
748 51.356007 55.845551 57.161755 90.000000 90.000000 90.000000
749 51.225029 55.703121 57.015972 90.000000 90.000000 90.000000
750 51.146240 55.617443 56.928276 90.000000 90.000000 90.000000
751 51.194221 55.669621 56.981682 90.000000 90.000000 90.000000
752 51.111980 55.580189 56.890141 90.000000 90.000000 90.000000
753 51.160042 55.632454 56.943638 90.000000 90.000000 90.000000
754 51.156670 55.628788 56.939884 90.000000 90.000000 90.000000
755 51.311623 55.797283 57.112354 90.000000 90.000000 90.000000
756 51.166924 55.639938 56.951298 90.000000 90.000000 90.000000
757 51.291382 55.775272 57.089825 90.000000 90.000000 90.000000
758 51.261139 55.742390 57.056164 90.000000 90.000000 90.000000
759 51.177605 55.651550 56.963184 90.000000 90.000000 90.000000
760 51.206276 55.682728 56.995098 90.000000 90.000000 90.000000
761 51.132645 55.602661 56.913143 90.000000 90.000000 90.000000
762 51.239342 55.718685 57.031898 90.000000 90.000000 90.000000
763 51.322407 55.809013 57.124359 90.000000 90.000000 90.000000
764 51.184990 55.659580 56.971405 90.000000 90.000000 90.000000
765 51.347633 55.836445 57.152435 90.000000 90.000000 90.000000
766 51.311741 55.797413 57.112484 90.000000 90.000000 90.000000
767 51.182896 55.657307 56.969074 90.000000 90.000000 90.000000
768 51.372772 55.863781 57.180420 90.000000 90.000000 90.000000
769 51.055424 55.518692 56.827194 90.000000 90.000000 90.000000
770 51.211361 55.688259 57.000759 90.000000 90.000000 90.000000
771 51.203949 55.680199 56.992508 90.000000 90.000000 90.000000
772 51.228416 55.706802 57.019741 90.000000 90.000000 90.000000
773 51.121742 55.590809 56.901009 90.000000 90.000000 90.000000
774 51.247223 55.727257 57.040676 90.000000 90.000000 90.000000
775 51.250843 55.731190 57.044704 90.000000 90.000000 90.000000
776 51.137516 55.607960 56.918564 90.000000 90.000000 90.000000
777 51.157303 55.629475 56.940586 90.000000 90.000000 90.000000
778 51.157310 55.629482 56.940598 90.000000 90.000000 90.000000
779 51.215748 55.693031 57.005642 90.000000 90.000000 90.000000
780 51.248970 55.729156 57.042618 90.000000 90.000000 90.000000
781 51.066628 55.530876 56.839664 90.000000 90.000000 90.000000
782 51.011024 55.470409 56.777775 90.000000 90.000000 90.000000
783 51.080997 55.546501 56.855659 90.000000 90.000000 90.000000
784 51.071499 55.536171 56.845085 90.000000 90.000000 90.000000
785 51.070240 55.534801 56.843685 90.000000 90.000000 90.000000
786 51.121738 55.590801 56.901005 90.000000 90.000000 90.000000
787 51.145424 55.616558 56.927368 90.000000 90.000000 90.000000
788 51.176315 55.650150 56.961754 90.000000 90.000000 90.000000
789 51.187698 55.662525 56.974419 90.000000 90.000000 90.000000
790 51.232708 55.711472 57.024521 90.000000 90.000000 90.000000
791 51.261547 55.742832 57.056618 90.000000 90.000000 90.000000
792 51.170288 55.643593 56.955040 90.000000 90.000000 90.000000
793 51.139660 55.610291 56.920952 90.000000 90.000000 90.000000
794 51.199005 55.674824 56.987007 90.000000 90.000000 90.000000
795 51.160591 55.633049 56.944248 90.000000 90.000000 90.000000
796 51.247612 55.727676 57.041107 90.000000 90.000000 90.000000
797 51.243217 55.722897 57.036213 90.000000 90.000000 90.000000
798 51.096333 55.563175 56.872726 90.000000 90.000000 90.000000
799 51.204739 55.681057 56.993385 90.000000 90.000000 90.000000
800 51.206364 55.682823 56.995193 90.000000 90.000000 90.000000
801 51.215786 55.693069 57.005684 90.000000 90.000000 90.000000
802 51.226990 55.705254 57.018154 90.000000 90.000000 90.000000
803 51.212036 55.688992 57.001511 90.000000 90.000000 90.000000
804 51.217442 55.694870 57.007526 90.000000 90.000000 90.000000
805 51.157711 55.629921 56.941044 90.000000 90.000000 90.000000
806 51.220028 55.697681 57.010406 90.000000 90.000000 90.000000
807 51.189762 55.664772 56.976719 90.000000 90.000000 90.000000
808 51.226032 55.704212 57.017090 90.000000 90.000000 90.000000
809 51.119740 55.588631 56.898781 90.000000 90.000000 90.000000
810 51.193893 55.669266 56.981316 90.000000 90.000000 90.000000
811 51.121487 55.590527 56.900723 90.000000 90.000000 90.000000
812 51.039913 55.501823 56.809929 90.000000 90.000000 90.000000
813 51.073673 55.538532 56.847504 90.000000 90.000000 90.000000
814 51.122681 55.591824 56.902054 90.000000 90.000000 90.000000
815 51.144257 55.615288 56.926067 90.000000 90.000000 90.000000
816 51.173599 55.647198 56.958729 90.000000 90.000000 90.000000
817 51.150082 55.621624 56.932552 90.000000 90.000000 90.000000
818 51.232796 55.711567 57.024616 90.000000 90.000000 90.000000
819 51.091713 55.558147 56.867580 90.000000 90.000000 90.000000
820 51.138988 55.609562 56.920204 90.000000 90.000000 90.000000
821 51.204250 55.680523 56.992844 90.000000 90.000000 90.000000
822 51.108295 55.576183 56.886040 90.000000 90.000000 90.000000
823 51.230850 55.709450 57.022449 90.000000 90.000000 90.000000
824 51.274010 55.756382 57.070488 90.000000 90.000000 90.000000
825 51.303246 55.788177 57.103031 90.000000 90.000000 90.000000
826 51.134525 55.604706 56.915234 90.000000 90.000000 90.000000
827 51.251862 55.732296 57.045834 90.000000 90.000000 90.000000
828 51.236675 55.715786 57.028934 90.000000 90.000000 90.000000
829 51.227219 55.705502 57.018410 90.000000 90.000000 90.000000
830 51.214870 55.692078 57.004665 90.000000 90.000000 90.000000
831 51.176323 55.650154 56.961758 90.000000 90.000000 90.000000
832 51.155506 55.627522 56.938591 90.000000 90.000000 90.000000
833 51.313293 55.799103 57.114212 90.000000 90.000000 90.000000
834 51.223610 55.701580 57.014393 90.000000 90.000000 90.000000
835 51.193420 55.668751 56.980789 90.000000 90.000000 90.000000
836 51.241417 55.720943 57.034214 90.000000 90.000000 90.000000
837 51.128281 55.597912 56.908283 90.000000 90.000000 90.000000
838 51.221760 55.699566 57.012333 90.000000 90.000000 90.000000
839 51.175228 55.648968 56.960541 90.000000 90.000000 90.000000
840 51.183331 55.657776 56.969559 90.000000 90.000000 90.000000
841 51.239929 55.719326 57.032555 90.000000 90.000000 90.000000
842 51.183125 55.657555 56.969330 90.000000 90.000000 90.000000
843 51.229778 55.708286 57.021255 90.000000 90.000000 90.000000
844 51.176136 55.649952 56.961548 90.000000 90.000000 90.000000
845 51.179417 55.653522 56.965202 90.000000 90.000000 90.000000
846 51.223915 55.701912 57.014732 90.000000 90.000000 90.000000
847 51.170155 55.643448 56.954891 90.000000 90.000000 90.000000
848 51.246933 55.726940 57.040352 90.000000 90.000000 90.000000
849 51.162189 55.634789 56.946030 90.000000 90.000000 90.000000
850 51.149326 55.620800 56.931709 90.000000 90.000000 90.000000
851 51.174782 55.648479 56.960045 90.000000 90.000000 90.000000
852 51.184578 55.659134 56.970947 90.000000 90.000000 90.000000
853 51.100838 55.568073 56.877739 90.000000 90.000000 90.000000
854 51.101559 55.568859 56.878544 90.000000 90.000000 90.000000
855 51.097416 55.564354 56.873932 90.000000 90.000000 90.000000
856 51.228397 55.706783 57.019722 90.000000 90.000000 90.000000
857 51.188183 55.663052 56.974960 90.000000 90.000000 90.000000
858 51.196579 55.672184 56.984306 90.000000 90.000000 90.000000
859 51.204632 55.680943 56.993271 90.000000 90.000000 90.000000
860 51.205101 55.681450 56.993790 90.000000 90.000000 90.000000
861 51.202080 55.678165 56.990429 90.000000 90.000000 90.000000
862 51.253208 55.733765 57.047337 90.000000 90.000000 90.000000
863 51.170631 55.643970 56.955425 90.000000 90.000000 90.000000
864 51.341534 55.829811 57.145645 90.000000 90.000000 90.000000
865 51.176495 55.650345 56.961948 90.000000 90.000000 90.000000
866 51.049423 55.512165 56.820515 90.000000 90.000000 90.000000
867 51.119289 55.588139 56.898277 90.000000 90.000000 90.000000
868 51.319885 55.806267 57.121548 90.000000 90.000000 90.000000
869 51.373455 55.864521 57.181175 90.000000 90.000000 90.000000
870 51.163410 55.636116 56.947388 90.000000 90.000000 90.000000
871 51.234570 55.713497 57.026592 90.000000 90.000000 90.000000
872 51.192921 55.668205 56.980232 90.000000 90.000000 90.000000
873 51.105370 55.573002 56.882786 90.000000 90.000000 90.000000
874 51.177345 55.651268 56.962894 90.000000 90.000000 90.000000
875 51.140541 55.611248 56.921932 90.000000 90.000000 90.000000
876 51.140915 55.611652 56.922344 90.000000 90.000000 90.000000
877 51.111195 55.579334 56.889267 90.000000 90.000000 90.000000
878 51.153175 55.624985 56.935993 90.000000 90.000000 90.000000
879 51.177162 55.651070 56.962692 90.000000 90.000000 90.000000
880 51.220192 55.697861 57.010586 90.000000 90.000000 90.000000
881 51.133282 55.603352 56.913849 90.000000 90.000000 90.000000
882 51.209427 55.686157 56.998604 90.000000 90.000000 90.000000
883 51.181026 55.655273 56.966995 90.000000 90.000000 90.000000
884 51.147617 55.618942 56.929810 90.000000 90.000000 90.000000
885 51.224789 55.702858 57.015701 90.000000 90.000000 90.000000
886 51.155743 55.627777 56.938854 90.000000 90.000000 90.000000
887 51.144302 55.615337 56.926117 90.000000 90.000000 90.000000
888 51.207741 55.684322 56.996727 90.000000 90.000000 90.000000
889 51.209290 55.686008 56.998455 90.000000 90.000000 90.000000
890 51.153389 55.625217 56.936230 90.000000 90.000000 90.000000
891 51.218388 55.695900 57.008579 90.000000 90.000000 90.000000
892 51.227367 55.705662 57.018574 90.000000 90.000000 90.000000
893 51.075996 55.541061 56.850090 90.000000 90.000000 90.000000
894 51.107796 55.575638 56.885483 90.000000 90.000000 90.000000
895 51.143471 55.614433 56.925190 90.000000 90.000000 90.000000
896 51.270290 55.752342 57.066349 90.000000 90.000000 90.000000
897 51.219574 55.697189 57.009899 90.000000 90.000000 90.000000
898 51.027756 55.488602 56.796394 90.000000 90.000000 90.000000
899 51.171265 55.644657 56.956127 90.000000 90.000000 90.000000
900 51.089451 55.555691 56.865067 90.000000 90.000000 90.000000
901 51.254215 55.734859 57.048454 90.000000 90.000000 90.000000
902 51.156799 55.628929 56.940029 90.000000 90.000000 90.000000
903 51.153091 55.624893 56.935898 90.000000 90.000000 90.000000
904 51.112419 55.580666 56.890629 90.000000 90.000000 90.000000
905 51.184223 55.658745 56.970551 90.000000 90.000000 90.000000
906 51.270893 55.752995 57.067020 90.000000 90.000000 90.000000
907 51.345642 55.834278 57.150219 90.000000 90.000000 90.000000
908 51.210239 55.687042 56.999512 90.000000 90.000000 90.000000
909 51.286865 55.770363 57.084797 90.000000 90.000000 90.000000
910 51.104870 55.572456 56.882225 90.000000 90.000000 90.000000
911 51.191662 55.666840 56.978832 90.000000 90.000000 90.000000
912 51.178726 55.652775 56.964436 90.000000 90.000000 90.000000
913 51.062336 55.526207 56.834885 90.000000 90.000000 90.000000
914 51.070637 55.535233 56.844124 90.000000 90.000000 90.000000
915 51.113289 55.581615 56.891602 90.000000 90.000000 90.000000
916 51.227177 55.705460 57.018364 90.000000 90.000000 90.000000
917 51.219521 55.697132 57.009838 90.000000 90.000000 90.000000
918 51.107529 55.575352 56.885189 90.000000 90.000000 90.000000
919 51.181190 55.655453 56.967178 90.000000 90.000000 90.000000
920 51.236275 55.715351 57.028488 90.000000 90.000000 90.000000
921 51.267307 55.749096 57.063030 90.000000 90.000000 90.000000
922 51.172935 55.646473 56.957989 90.000000 90.000000 90.000000
923 51.190945 55.666058 56.978035 90.000000 90.000000 90.000000
924 51.212357 55.689342 57.001865 90.000000 90.000000 90.000000
925 51.208450 55.685093 56.997517 90.000000 90.000000 90.000000
926 51.275116 55.757587 57.071720 90.000000 90.000000 90.000000
927 51.206001 55.682430 56.994793 90.000000 90.000000 90.000000
928 51.244774 55.724590 57.037949 90.000000 90.000000 90.000000
929 51.177216 55.651127 56.962753 90.000000 90.000000 90.000000
930 51.185867 55.660534 56.972382 90.000000 90.000000 90.000000
931 51.196667 55.672279 56.984402 90.000000 90.000000 90.000000
932 51.238461 55.717728 57.030922 90.000000 90.000000 90.000000
933 51.156845 55.628979 56.940079 90.000000 90.000000 90.000000
934 51.230717 55.709309 57.022301 90.000000 90.000000 90.000000
935 51.210213 55.687008 56.999477 90.000000 90.000000 90.000000
936 51.263496 55.744949 57.058784 90.000000 90.000000 90.000000
937 51.160748 55.633221 56.944424 90.000000 90.000000 90.000000
938 51.139370 55.609974 56.920628 90.000000 90.000000 90.000000
939 51.082413 55.548038 56.857235 90.000000 90.000000 90.000000
940 51.202526 55.678654 56.990925 90.000000 90.000000 90.000000
941 51.194798 55.670250 56.982323 90.000000 90.000000 90.000000
942 51.124340 55.593632 56.903900 90.000000 90.000000 90.000000
943 51.170799 55.644154 56.955612 90.000000 90.000000 90.000000
944 51.194492 55.669914 56.981983 90.000000 90.000000 90.000000
945 51.118702 55.587498 56.897621 90.000000 90.000000 90.000000
946 51.220528 55.698227 57.010960 90.000000 90.000000 90.000000
947 51.264542 55.746086 57.059948 90.000000 90.000000 90.000000
948 51.137432 55.607864 56.918472 90.000000 90.000000 90.000000
949 51.228802 55.707222 57.020168 90.000000 90.000000 90.000000
950 51.041191 55.503216 56.811352 90.000000 90.000000 90.000000
951 51.142334 55.613197 56.923927 90.000000 90.000000 90.000000
952 51.311150 55.796772 57.111828 90.000000 90.000000 90.000000
953 51.258453 55.739468 57.053173 90.000000 90.000000 90.000000
954 51.248188 55.728302 57.041748 90.000000 90.000000 90.000000
955 51.228771 55.707191 57.020138 90.000000 90.000000 90.000000
956 51.186829 55.661579 56.973450 90.000000 90.000000 90.000000
957 51.153130 55.624939 56.935944 90.000000 90.000000 90.000000
958 51.148582 55.619991 56.930882 90.000000 90.000000 90.000000
959 51.264088 55.745594 57.059444 90.000000 90.000000 90.000000
960 51.087669 55.553753 56.863083 90.000000 90.000000 90.000000
961 51.210865 55.687717 57.000206 90.000000 90.000000 90.000000
962 51.115227 55.583717 56.893753 90.000000 90.000000 90.000000
963 51.274212 55.756603 57.070713 90.000000 90.000000 90.000000
964 51.123959 55.593216 56.903473 90.000000 90.000000 90.000000
965 51.269077 55.751019 57.064999 90.000000 90.000000 90.000000
966 51.230446 55.709011 57.021999 90.000000 90.000000 90.000000
967 51.169853 55.643124 56.954559 90.000000 90.000000 90.000000
968 51.103523 55.570992 56.880730 90.000000 90.000000 90.000000
969 51.297070 55.781460 57.096157 90.000000 90.000000 90.000000
970 51.052322 55.515316 56.823738 90.000000 90.000000 90.000000
971 51.202003 55.678082 56.990341 90.000000 90.000000 90.000000
972 51.231174 55.709805 57.022812 90.000000 90.000000 90.000000
973 51.203629 55.679848 56.992149 90.000000 90.000000 90.000000
974 51.140713 55.611435 56.922123 90.000000 90.000000 90.000000
975 51.227753 55.706085 57.019005 90.000000 90.000000 90.000000
976 51.143833 55.614826 56.925594 90.000000 90.000000 90.000000
977 51.165810 55.638725 56.950058 90.000000 90.000000 90.000000
978 51.128590 55.598251 56.908630 90.000000 90.000000 90.000000
979 51.234768 55.713711 57.026810 90.000000 90.000000 90.000000
980 51.146053 55.617241 56.928066 90.000000 90.000000 90.000000
981 51.189640 55.664639 56.976582 90.000000 90.000000 90.000000
982 51.060047 55.523716 56.832336 90.000000 90.000000 90.000000
983 51.219978 55.697628 57.010349 90.000000 90.000000 90.000000
984 51.304691 55.789745 57.104637 90.000000 90.000000 90.000000
985 51.080147 55.545574 56.854710 90.000000 90.000000 90.000000
986 51.277134 55.759781 57.073967 90.000000 90.000000 90.000000
987 51.207981 55.684586 56.996998 90.000000 90.000000 90.000000
988 51.166355 55.639317 56.950665 90.000000 90.000000 90.000000
989 51.199600 55.675472 56.987667 90.000000 90.000000 90.000000
990 51.170898 55.644260 56.955723 90.000000 90.000000 90.000000
991 51.090019 55.556309 56.865696 90.000000 90.000000 90.000000
992 51.144325 55.615364 56.926144 90.000000 90.000000 90.000000
993 51.233364 55.712185 57.025249 90.000000 90.000000 90.000000
994 51.137413 55.607845 56.918453 90.000000 90.000000 90.000000
995 51.143616 55.614594 56.925358 90.000000 90.000000 90.000000
996 51.261406 55.742680 57.056461 90.000000 90.000000 90.000000
997 51.319775 55.806149 57.121426 90.000000 90.000000 90.000000
998 51.189117 55.664070 56.975998 90.000000 90.000000 90.000000
999 51.202877 55.679031 56.991314 90.000000 90.000000 90.000000
1000 51.183651 55.658127 56.969917 90.000000 90.000000 90.000000
1001 51.269993 55.752014 57.066017 90.000000 90.000000 90.000000
1002 51.161781 55.634346 56.945572 90.000000 90.000000 90.000000
1003 51.212940 55.689976 57.002518 90.000000 90.000000 90.000000
1004 51.253944 55.734562 57.048153 90.000000 90.000000 90.000000
1005 51.188568 55.663475 56.975388 90.000000 90.000000 90.000000
1006 51.337952 55.825916 57.141663 90.000000 90.000000 90.000000
1007 51.211212 55.688099 57.000595 90.000000 90.000000 90.000000
1008 51.257511 55.738441 57.052124 90.000000 90.000000 90.000000
1009 51.132862 55.602898 56.913387 90.000000 90.000000 90.000000
1010 51.130848 55.600708 56.911144 90.000000 90.000000 90.000000
1011 51.229179 55.707634 57.020592 90.000000 90.000000 90.000000
1012 51.202133 55.678223 56.990486 90.000000 90.000000 90.000000
1013 51.200962 55.676949 56.989182 90.000000 90.000000 90.000000
1014 51.051189 55.514088 56.822479 90.000000 90.000000 90.000000
1015 51.099586 55.566711 56.876347 90.000000 90.000000 90.000000
1016 51.348324 55.837193 57.153202 90.000000 90.000000 90.000000
1017 51.272385 55.754616 57.068680 90.000000 90.000000 90.000000
1018 51.198318 55.674076 56.986240 90.000000 90.000000 90.000000
1019 51.121628 55.590683 56.900883 90.000000 90.000000 90.000000
1020 51.198048 55.673782 56.985943 90.000000 90.000000 90.000000
1021 51.193867 55.669235 56.981285 90.000000 90.000000 90.000000
1022 51.177582 55.651527 56.963161 90.000000 90.000000 90.000000
1023 51.139744 55.610378 56.921043 90.000000 90.000000 90.000000
1024 51.086617 55.552608 56.861912 90.000000 90.000000 90.000000
1025 51.187935 55.662785 56.974682 90.000000 90.000000 90.000000
1026 51.240772 55.720242 57.033493 90.000000 90.000000 90.000000
1027 51.164154 55.636925 56.948215 90.000000 90.000000 90.000000
1028 51.162941 55.635605 56.946865 90.000000 90.000000 90.000000
1029 51.182930 55.657341 56.969112 90.000000 90.000000 90.000000
1030 51.224083 55.702091 57.014919 90.000000 90.000000 90.000000
1031 51.165295 55.638165 56.949486 90.000000 90.000000 90.000000
1032 51.157272 55.629444 56.940556 90.000000 90.000000 90.000000
1033 51.223171 55.701103 57.013905 90.000000 90.000000 90.000000
1034 51.253277 55.733837 57.047413 90.000000 90.000000 90.000000
1035 51.134342 55.604507 56.915031 90.000000 90.000000 90.000000
1036 51.307648 55.792961 57.107929 90.000000 90.000000 90.000000
1037 51.111401 55.579559 56.889496 90.000000 90.000000 90.000000
1038 51.222603 55.700485 57.013271 90.000000 90.000000 90.000000
1039 51.255722 55.736500 57.050137 90.000000 90.000000 90.000000
1040 51.227180 55.705460 57.018364 90.000000 90.000000 90.000000
1041 51.396725 55.889824 57.207077 90.000000 90.000000 90.000000
1042 51.315239 55.801216 57.116379 90.000000 90.000000 90.000000
1043 51.079391 55.544750 56.853870 90.000000 90.000000 90.000000
1044 51.157452 55.629635 56.940754 90.000000 90.000000 90.000000
1045 51.283966 55.767208 57.081570 90.000000 90.000000 90.000000
1046 51.289444 55.773167 57.087666 90.000000 90.000000 90.000000
1047 51.160133 55.632553 56.943741 90.000000 90.000000 90.000000
1048 51.136822 55.607204 56.917793 90.000000 90.000000 90.000000
1049 51.276775 55.759392 57.073566 90.000000 90.000000 90.000000
1050 51.188637 55.663548 56.975464 90.000000 90.000000 90.000000
1051 51.151695 55.623375 56.934345 90.000000 90.000000 90.000000
1052 51.143169 55.614105 56.924858 90.000000 90.000000 90.000000
1053 51.189499 55.664486 56.976425 90.000000 90.000000 90.000000
1054 51.181362 55.655636 56.967369 90.000000 90.000000 90.000000
1055 51.344872 55.833439 57.149361 90.000000 90.000000 90.000000
1056 51.222828 55.700729 57.013523 90.000000 90.000000 90.000000
1057 51.215557 55.692822 57.005428 90.000000 90.000000 90.000000
1058 51.120537 55.589497 56.899666 90.000000 90.000000 90.000000
1059 51.205521 55.681908 56.994259 90.000000 90.000000 90.000000
1060 51.230537 55.709110 57.022102 90.000000 90.000000 90.000000
1061 51.193581 55.668922 56.980968 90.000000 90.000000 90.000000
1062 51.178860 55.652920 56.964584 90.000000 90.000000 90.000000
1063 51.166355 55.639320 56.950665 90.000000 90.000000 90.000000
1064 51.066372 55.530594 56.839375 90.000000 90.000000 90.000000
1065 51.174107 55.647747 56.959293 90.000000 90.000000 90.000000
1066 51.239071 55.718391 57.031601 90.000000 90.000000 90.000000
1067 51.140625 55.611340 56.922028 90.000000 90.000000 90.000000
1068 51.112461 55.580711 56.890678 90.000000 90.000000 90.000000
1069 51.185921 55.660591 56.972439 90.000000 90.000000 90.000000
1070 51.132187 55.602161 56.912632 90.000000 90.000000 90.000000
1071 51.200508 55.676456 56.988678 90.000000 90.000000 90.000000
1072 51.172832 55.646358 56.957870 90.000000 90.000000 90.000000
1073 51.296539 55.780880 57.095566 90.000000 90.000000 90.000000
1074 51.175396 55.649151 56.960728 90.000000 90.000000 90.000000
1075 51.172737 55.646259 56.957767 90.000000 90.000000 90.000000
1076 51.081989 55.547577 56.856762 90.000000 90.000000 90.000000
1077 51.215462 55.692719 57.005322 90.000000 90.000000 90.000000
1078 51.224030 55.702034 57.014858 90.000000 90.000000 90.000000
1079 51.280090 55.762997 57.077255 90.000000 90.000000 90.000000
1080 51.248055 55.728161 57.041599 90.000000 90.000000 90.000000
1081 51.239395 55.718742 57.031960 90.000000 90.000000 90.000000
1082 51.183022 55.657444 56.969215 90.000000 90.000000 90.000000
1083 51.029781 55.490807 56.798653 90.000000 90.000000 90.000000
1084 51.097317 55.564243 56.873821 90.000000 90.000000 90.000000
1085 51.223576 55.701542 57.014355 90.000000 90.000000 90.000000
1086 51.252487 55.732983 57.046535 90.000000 90.000000 90.000000
1087 51.270081 55.752110 57.066113 90.000000 90.000000 90.000000
1088 51.083176 55.548870 56.858082 90.000000 90.000000 90.000000
1089 51.089462 55.555702 56.865078 90.000000 90.000000 90.000000
1090 51.188824 55.663750 56.975670 90.000000 90.000000 90.000000
1091 51.166725 55.639721 56.951077 90.000000 90.000000 90.000000
1092 51.162560 55.635193 56.946442 90.000000 90.000000 90.000000
1093 51.319721 55.806091 57.121368 90.000000 90.000000 90.000000
1094 51.174580 55.648262 56.959820 90.000000 90.000000 90.000000
1095 51.261532 55.742817 57.056602 90.000000 90.000000 90.000000
1096 51.355175 55.844646 57.160831 90.000000 90.000000 90.000000
1097 51.255241 55.735977 57.049599 90.000000 90.000000 90.000000
1098 51.200775 55.676746 56.988976 90.000000 90.000000 90.000000
1099 51.230637 55.709221 57.022213 90.000000 90.000000 90.000000
1100 51.274254 55.756649 57.070763 90.000000 90.000000 90.000000
1101 51.080711 55.546188 56.855339 90.000000 90.000000 90.000000
1102 51.068024 55.532391 56.841217 90.000000 90.000000 90.000000
1103 51.181156 55.655411 56.967136 90.000000 90.000000 90.000000
1104 51.276672 55.759277 57.073452 90.000000 90.000000 90.000000
1105 51.229088 55.707535 57.020489 90.000000 90.000000 90.000000
1106 51.262856 55.744255 57.058075 90.000000 90.000000 90.000000
1107 51.149128 55.620586 56.931492 90.000000 90.000000 90.000000
1108 51.133675 55.603779 56.914288 90.000000 90.000000 90.000000
1109 51.132267 55.602253 56.912724 90.000000 90.000000 90.000000
1110 51.188549 55.663456 56.975368 90.000000 90.000000 90.000000
1111 51.261845 55.743156 57.056950 90.000000 90.000000 90.000000
1112 51.171062 55.644436 56.955902 90.000000 90.000000 90.000000
1113 51.239864 55.719254 57.032482 90.000000 90.000000 90.000000
1114 51.178677 55.652718 56.964378 90.000000 90.000000 90.000000
1115 51.184376 55.658916 56.970722 90.000000 90.000000 90.000000
1116 51.018848 55.478916 56.786480 90.000000 90.000000 90.000000
1117 51.250629 55.730961 57.044464 90.000000 90.000000 90.000000
1118 51.136490 55.606842 56.917423 90.000000 90.000000 90.000000
1119 51.164074 55.636837 56.948124 90.000000 90.000000 90.000000
1120 51.115837 55.584381 56.894436 90.000000 90.000000 90.000000
1121 51.257568 55.738506 57.052189 90.000000 90.000000 90.000000
1122 51.250500 55.730820 57.044323 90.000000 90.000000 90.000000
1123 51.154961 55.626926 56.937981 90.000000 90.000000 90.000000
1124 51.248013 55.728115 57.041553 90.000000 90.000000 90.000000
1125 51.114491 55.582920 56.892937 90.000000 90.000000 90.000000
1126 51.218338 55.695847 57.008526 90.000000 90.000000 90.000000
1127 51.152313 55.624050 56.935036 90.000000 90.000000 90.000000
1128 51.042877 55.505047 56.813229 90.000000 90.000000 90.000000
1129 51.128319 55.597958 56.908329 90.000000 90.000000 90.000000
1130 51.245682 55.725578 57.038960 90.000000 90.000000 90.000000
1131 51.232327 55.711056 57.024094 90.000000 90.000000 90.000000
1132 51.146721 55.617970 56.928810 90.000000 90.000000 90.000000
1133 51.008389 55.467541 56.774837 90.000000 90.000000 90.000000
1134 51.108997 55.576946 56.886822 90.000000 90.000000 90.000000
1135 51.145473 55.616611 56.927422 90.000000 90.000000 90.000000
1136 51.118252 55.587009 56.897121 90.000000 90.000000 90.000000
1137 51.243935 55.723679 57.037014 90.000000 90.000000 90.000000
1138 51.071308 55.535961 56.844872 90.000000 90.000000 90.000000
1139 51.209225 55.685936 56.998383 90.000000 90.000000 90.000000
1140 51.330685 55.818012 57.133572 90.000000 90.000000 90.000000
1141 51.217583 55.695023 57.007683 90.000000 90.000000 90.000000
1142 51.323341 55.810028 57.125397 90.000000 90.000000 90.000000
1143 51.283508 55.766716 57.081062 90.000000 90.000000 90.000000
1144 51.242195 55.721790 57.035080 90.000000 90.000000 90.000000
1145 51.083931 55.549690 56.858925 90.000000 90.000000 90.000000
1146 51.094833 55.561546 56.871059 90.000000 90.000000 90.000000
1147 51.212757 55.689777 57.002312 90.000000 90.000000 90.000000
1148 51.156982 55.629128 56.940235 90.000000 90.000000 90.000000
1149 51.277115 55.759762 57.073948 90.000000 90.000000 90.000000
1150 51.134262 55.604416 56.914940 90.000000 90.000000 90.000000
1151 51.266064 55.747742 57.061642 90.000000 90.000000 90.000000
1152 51.197758 55.673466 56.985619 90.000000 90.000000 90.000000
1153 51.189079 55.664032 56.975960 90.000000 90.000000 90.000000
1154 51.124218 55.593498 56.903763 90.000000 90.000000 90.000000
1155 51.181271 55.655537 56.967266 90.000000 90.000000 90.000000
1156 51.228905 55.707336 57.020283 90.000000 90.000000 90.000000
1157 51.187252 55.662045 56.973927 90.000000 90.000000 90.000000
1158 51.272568 55.754814 57.068882 90.000000 90.000000 90.000000
1159 51.077759 55.542976 56.852051 90.000000 90.000000 90.000000
1160 51.172245 55.645725 56.957222 90.000000 90.000000 90.000000
1161 51.120766 55.589745 56.899921 90.000000 90.000000 90.000000
1162 51.173225 55.646790 56.958313 90.000000 90.000000 90.000000
1163 51.139484 55.610096 56.920753 90.000000 90.000000 90.000000
1164 51.109043 55.576996 56.886871 90.000000 90.000000 90.000000
1165 51.161491 55.634029 56.945251 90.000000 90.000000 90.000000
1166 51.199284 55.675125 56.987316 90.000000 90.000000 90.000000
1167 51.269833 55.751842 57.065842 90.000000 90.000000 90.000000
1168 51.277218 55.759872 57.074062 90.000000 90.000000 90.000000
1169 51.162575 55.635204 56.946453 90.000000 90.000000 90.000000
1170 51.181461 55.655743 56.967476 90.000000 90.000000 90.000000
1171 51.169563 55.642807 56.954235 90.000000 90.000000 90.000000
1172 51.119946 55.588848 56.899006 90.000000 90.000000 90.000000
1173 51.238415 55.717678 57.030872 90.000000 90.000000 90.000000
1174 51.229702 55.708206 57.021175 90.000000 90.000000 90.000000
1175 51.312134 55.797840 57.112923 90.000000 90.000000 90.000000
1176 51.186089 55.660778 56.972630 90.000000 90.000000 90.000000
1177 51.137238 55.607658 56.918255 90.000000 90.000000 90.000000
1178 51.116585 55.585197 56.895267 90.000000 90.000000 90.000000
1179 51.167507 55.640568 56.951946 90.000000 90.000000 90.000000
1180 51.185413 55.660042 56.971878 90.000000 90.000000 90.000000
1181 51.237152 55.716305 57.029465 90.000000 90.000000 90.000000
1182 51.185452 55.660088 56.971920 90.000000 90.000000 90.000000
1183 51.159126 55.631458 56.942619 90.000000 90.000000 90.000000
1184 51.137661 55.608116 56.918728 90.000000 90.000000 90.000000
1185 51.131378 55.601284 56.911732 90.000000 90.000000 90.000000
1186 51.294762 55.778950 57.093590 90.000000 90.000000 90.000000
1187 51.135239 55.605480 56.916027 90.000000 90.000000 90.000000
1188 51.087196 55.553238 56.862556 90.000000 90.000000 90.000000
1189 51.366486 55.856945 57.173420 90.000000 90.000000 90.000000
1190 51.228119 55.706482 57.019409 90.000000 90.000000 90.000000
1191 51.082447 55.548077 56.857273 90.000000 90.000000 90.000000
1192 51.185986 55.660664 56.972511 90.000000 90.000000 90.000000
1193 51.084061 55.549828 56.859066 90.000000 90.000000 90.000000
1194 51.169064 55.642265 56.953682 90.000000 90.000000 90.000000
1195 51.227379 55.705677 57.018589 90.000000 90.000000 90.000000
1196 51.209267 55.685982 56.998428 90.000000 90.000000 90.000000
1197 51.268692 55.750599 57.064568 90.000000 90.000000 90.000000
1198 51.261795 55.743099 57.056892 90.000000 90.000000 90.000000
1199 51.151173 55.622810 56.933765 90.000000 90.000000 90.000000
1200 51.141651 55.612453 56.923168 90.000000 90.000000 90.000000
1201 51.333160 55.820705 57.136326 90.000000 90.000000 90.000000
1202 51.194767 55.670216 56.982288 90.000000 90.000000 90.000000
1203 51.144386 55.615429 56.926212 90.000000 90.000000 90.000000
1204 51.172379 55.645866 56.957367 90.000000 90.000000 90.000000
1205 51.205406 55.681782 56.994129 90.000000 90.000000 90.000000
1206 51.190800 55.665897 56.977871 90.000000 90.000000 90.000000
1207 51.225643 55.703793 57.016655 90.000000 90.000000 90.000000
1208 51.195652 55.671173 56.983273 90.000000 90.000000 90.000000
1209 51.278290 55.761036 57.075253 90.000000 90.000000 90.000000
1210 51.180771 55.654995 56.966709 90.000000 90.000000 90.000000
1211 51.147942 55.619297 56.930172 90.000000 90.000000 90.000000
1212 51.241573 55.721111 57.034386 90.000000 90.000000 90.000000
1213 51.213398 55.690472 57.003025 90.000000 90.000000 90.000000
1214 51.160198 55.632622 56.943813 90.000000 90.000000 90.000000
1215 51.123528 55.592747 56.902996 90.000000 90.000000 90.000000
1216 51.167034 55.640057 56.951420 90.000000 90.000000 90.000000
1217 51.068375 55.532772 56.841606 90.000000 90.000000 90.000000
1218 51.085659 55.551567 56.860844 90.000000 90.000000 90.000000
1219 51.171661 55.645088 56.956570 90.000000 90.000000 90.000000
1220 51.182167 55.656513 56.968266 90.000000 90.000000 90.000000
1221 51.125309 55.594681 56.904976 90.000000 90.000000 90.000000
1222 51.200462 55.676407 56.988628 90.000000 90.000000 90.000000
1223 51.121891 55.590965 56.901173 90.000000 90.000000 90.000000
1224 51.081093 55.546600 56.855762 90.000000 90.000000 90.000000
1225 51.165138 55.637997 56.949310 90.000000 90.000000 90.000000
1226 51.288406 55.772038 57.086514 90.000000 90.000000 90.000000
1227 51.218468 55.695988 57.008671 90.000000 90.000000 90.000000
1228 51.165184 55.638046 56.949364 90.000000 90.000000 90.000000
1229 51.088066 55.554184 56.863522 90.000000 90.000000 90.000000
1230 51.229092 55.707539 57.020493 90.000000 90.000000 90.000000
1231 51.201939 55.678013 56.990269 90.000000 90.000000 90.000000
1232 51.388607 55.881001 57.198044 90.000000 90.000000 90.000000
1233 51.257301 55.738216 57.051891 90.000000 90.000000 90.000000
1234 51.113148 55.581459 56.891441 90.000000 90.000000 90.000000
1235 51.237545 55.716732 57.029903 90.000000 90.000000 90.000000
1236 51.214096 55.691235 57.003803 90.000000 90.000000 90.000000
1237 51.279232 55.762062 57.076302 90.000000 90.000000 90.000000
1238 51.252106 55.732567 57.046108 90.000000 90.000000 90.000000
1239 51.206627 55.683109 56.995487 90.000000 90.000000 90.000000
1240 51.117115 55.585773 56.895855 90.000000 90.000000 90.000000
1241 51.140270 55.610954 56.921631 90.000000 90.000000 90.000000
1242 51.282799 55.765942 57.080273 90.000000 90.000000 90.000000
1243 51.286156 55.769592 57.084007 90.000000 90.000000 90.000000
1244 51.181877 55.656197 56.967941 90.000000 90.000000 90.000000
1245 51.188347 55.663231 56.975140 90.000000 90.000000 90.000000
1246 51.164524 55.637325 56.948624 90.000000 90.000000 90.000000
1247 51.340454 55.828636 57.144447 90.000000 90.000000 90.000000
1248 51.189453 55.664436 56.976372 90.000000 90.000000 90.000000
1249 51.104969 55.572563 56.882336 90.000000 90.000000 90.000000
1250 51.259598 55.740711 57.054447 90.000000 90.000000 90.000000
1251 51.228527 55.706928 57.019867 90.000000 90.000000 90.000000
1252 51.264114 55.745625 57.059475 90.000000 90.000000 90.000000
1253 51.389923 55.882431 57.199509 90.000000 90.000000 90.000000
1254 51.102909 55.570328 56.880047 90.000000 90.000000 90.000000
1255 51.250156 55.730446 57.043938 90.000000 90.000000 90.000000
1256 51.177841 55.651810 56.963451 90.000000 90.000000 90.000000
1257 51.218391 55.695904 57.008583 90.000000 90.000000 90.000000
1258 51.371502 55.862400 57.179005 90.000000 90.000000 90.000000
1259 51.102638 55.570034 56.879745 90.000000 90.000000 90.000000
1260 51.154221 55.626122 56.937157 90.000000 90.000000 90.000000
1261 50.997955 55.456200 56.763229 90.000000 90.000000 90.000000
1262 51.260910 55.742138 57.055908 90.000000 90.000000 90.000000
1263 51.277508 55.760189 57.074383 90.000000 90.000000 90.000000
1264 51.254509 55.735180 57.048786 90.000000 90.000000 90.000000
1265 51.232952 55.711739 57.024792 90.000000 90.000000 90.000000
1266 51.257839 55.738800 57.052490 90.000000 90.000000 90.000000
1267 51.212357 55.689342 57.001865 90.000000 90.000000 90.000000
1268 51.170750 55.644096 56.955555 90.000000 90.000000 90.000000
1269 51.081608 55.547165 56.856339 90.000000 90.000000 90.000000
1270 51.075150 55.540138 56.849148 90.000000 90.000000 90.000000
1271 51.094685 55.561382 56.870892 90.000000 90.000000 90.000000
1272 51.145329 55.616451 56.927258 90.000000 90.000000 90.000000
1273 51.091148 55.557537 56.866959 90.000000 90.000000 90.000000
1274 51.153816 55.625683 56.936707 90.000000 90.000000 90.000000
1275 51.212307 55.689285 57.001812 90.000000 90.000000 90.000000
1276 51.109974 55.578007 56.887909 90.000000 90.000000 90.000000
1277 51.104042 55.571556 56.881306 90.000000 90.000000 90.000000
1278 51.290714 55.774551 57.089085 90.000000 90.000000 90.000000
1279 51.122402 55.591522 56.901745 90.000000 90.000000 90.000000
1280 51.142815 55.613720 56.924461 90.000000 90.000000 90.000000
1281 51.073475 55.538319 56.847282 90.000000 90.000000 90.000000
1282 51.189384 55.664364 56.976299 90.000000 90.000000 90.000000
1283 51.148373 55.619766 56.930649 90.000000 90.000000 90.000000
1284 51.256607 55.737461 57.051121 90.000000 90.000000 90.000000
1285 51.053062 55.516121 56.824566 90.000000 90.000000 90.000000
1286 51.217667 55.695114 57.007778 90.000000 90.000000 90.000000
1287 51.162437 55.635059 56.946304 90.000000 90.000000 90.000000
1288 51.301125 55.785870 57.100670 90.000000 90.000000 90.000000
1289 51.089432 55.555672 56.865044 90.000000 90.000000 90.000000
1290 51.185665 55.660316 56.972157 90.000000 90.000000 90.000000
1291 51.054611 55.517807 56.826290 90.000000 90.000000 90.000000
1292 51.169365 55.642593 56.954014 90.000000 90.000000 90.000000
1293 51.207401 55.683956 56.996353 90.000000 90.000000 90.000000
1294 51.338821 55.826862 57.142628 90.000000 90.000000 90.000000
1295 51.225159 55.703262 57.016117 90.000000 90.000000 90.000000
1296 51.136982 55.607376 56.917969 90.000000 90.000000 90.000000
1297 51.093868 55.560493 56.869984 90.000000 90.000000 90.000000
1298 51.175682 55.649460 56.961048 90.000000 90.000000 90.000000
1299 51.135105 55.605339 56.915882 90.000000 90.000000 90.000000
1300 51.196751 55.672371 56.984493 90.000000 90.000000 90.000000
1301 51.194656 55.670094 56.982166 90.000000 90.000000 90.000000
1302 51.201138 55.677143 56.989380 90.000000 90.000000 90.000000
1303 51.190804 55.665901 56.977875 90.000000 90.000000 90.000000
1304 51.276001 55.758549 57.072708 90.000000 90.000000 90.000000
1305 51.025597 55.486256 56.793995 90.000000 90.000000 90.000000
1306 51.090569 55.556904 56.866306 90.000000 90.000000 90.000000
1307 51.240398 55.719833 57.033077 90.000000 90.000000 90.000000
1308 51.182491 55.656868 56.968628 90.000000 90.000000 90.000000
1309 51.163204 55.635891 56.947159 90.000000 90.000000 90.000000
1310 51.343147 55.831566 57.147442 90.000000 90.000000 90.000000
1311 51.199120 55.674950 56.987133 90.000000 90.000000 90.000000
1312 51.191093 55.666218 56.978199 90.000000 90.000000 90.000000
1313 51.155743 55.627777 56.938854 90.000000 90.000000 90.000000
1314 51.209751 55.686508 56.998966 90.000000 90.000000 90.000000
1315 51.181042 55.655289 56.967010 90.000000 90.000000 90.000000
1316 51.242111 55.721695 57.034981 90.000000 90.000000 90.000000
1317 51.273232 55.755539 57.069626 90.000000 90.000000 90.000000
1318 51.346512 55.835224 57.151188 90.000000 90.000000 90.000000
1319 51.188454 55.663349 56.975262 90.000000 90.000000 90.000000
1320 51.172520 55.646023 56.957527 90.000000 90.000000 90.000000
1321 51.184105 55.658619 56.970421 90.000000 90.000000 90.000000
1322 51.245178 55.725029 57.038395 90.000000 90.000000 90.000000
1323 51.207161 55.683693 56.996082 90.000000 90.000000 90.000000
1324 51.154263 55.626167 56.937202 90.000000 90.000000 90.000000
1325 51.177715 55.651672 56.963306 90.000000 90.000000 90.000000
1326 51.193352 55.668674 56.980713 90.000000 90.000000 90.000000
1327 51.251038 55.731403 57.044918 90.000000 90.000000 90.000000
1328 51.139084 55.609665 56.920311 90.000000 90.000000 90.000000
1329 51.149860 55.621384 56.932304 90.000000 90.000000 90.000000
1330 51.145775 55.616940 56.927757 90.000000 90.000000 90.000000
1331 51.225933 55.704105 57.016975 90.000000 90.000000 90.000000
1332 51.172791 55.646317 56.957825 90.000000 90.000000 90.000000
1333 51.254852 55.735550 57.049164 90.000000 90.000000 90.000000
1334 51.076744 55.541874 56.850925 90.000000 90.000000 90.000000
1335 51.214878 55.692081 57.004669 90.000000 90.000000 90.000000
1336 51.191605 55.666775 56.978767 90.000000 90.000000 90.000000
1337 51.117939 55.586666 56.896774 90.000000 90.000000 90.000000
1338 51.205849 55.682266 56.994621 90.000000 90.000000 90.000000
1339 51.320557 55.806999 57.122295 90.000000 90.000000 90.000000
1340 51.290131 55.773914 57.088432 90.000000 90.000000 90.000000
1341 51.325005 55.811840 57.127251 90.000000 90.000000 90.000000
1342 51.122284 55.591396 56.901611 90.000000 90.000000 90.000000
1343 51.063183 55.527126 56.835827 90.000000 90.000000 90.000000
1344 51.136120 55.606438 56.917011 90.000000 90.000000 90.000000
1345 51.136997 55.607395 56.917988 90.000000 90.000000 90.000000
1346 51.316395 55.802475 57.117664 90.000000 90.000000 90.000000
1347 51.255146 55.735870 57.049492 90.000000 90.000000 90.000000
1348 51.147148 55.618435 56.929287 90.000000 90.000000 90.000000
1349 51.155701 55.627731 56.938805 90.000000 90.000000 90.000000
1350 51.228226 55.706596 57.019527 90.000000 90.000000 90.000000
1351 51.131283 55.601177 56.911625 90.000000 90.000000 90.000000
1352 51.133152 55.603214 56.913708 90.000000 90.000000 90.000000
1353 51.201546 55.677586 56.989834 90.000000 90.000000 90.000000
1354 51.116581 55.585194 56.895264 90.000000 90.000000 90.000000
1355 50.966141 55.421600 56.727814 90.000000 90.000000 90.000000
1356 51.150368 55.621933 56.932869 90.000000 90.000000 90.000000
1357 51.250614 55.730942 57.044445 90.000000 90.000000 90.000000
1358 51.154701 55.626644 56.937691 90.000000 90.000000 90.000000
1359 51.261173 55.742428 57.056202 90.000000 90.000000 90.000000
1360 51.198399 55.674164 56.986332 90.000000 90.000000 90.000000
1361 51.117512 55.586205 56.896301 90.000000 90.000000 90.000000
1362 51.155983 55.628040 56.939121 90.000000 90.000000 90.000000
1363 51.139294 55.609894 56.920544 90.000000 90.000000 90.000000
1364 51.139339 55.609943 56.920597 90.000000 90.000000 90.000000
1365 51.188099 55.662964 56.974869 90.000000 90.000000 90.000000
1366 51.211475 55.688381 57.000885 90.000000 90.000000 90.000000
1367 51.127102 55.596630 56.906971 90.000000 90.000000 90.000000
1368 51.101643 55.568951 56.878639 90.000000 90.000000 90.000000
1369 51.123119 55.592300 56.902538 90.000000 90.000000 90.000000
1370 51.107525 55.575348 56.885185 90.000000 90.000000 90.000000
1371 51.141399 55.612183 56.922890 90.000000 90.000000 90.000000
1372 51.148296 55.619678 56.930561 90.000000 90.000000 90.000000
1373 51.171837 55.645279 56.956768 90.000000 90.000000 90.000000
1374 51.131676 55.601608 56.912064 90.000000 90.000000 90.000000
1375 51.223694 55.701672 57.014488 90.000000 90.000000 90.000000
1376 51.097141 55.564053 56.873627 90.000000 90.000000 90.000000
1377 51.194828 55.670280 56.982357 90.000000 90.000000 90.000000
1378 51.113369 55.581699 56.891689 90.000000 90.000000 90.000000
1379 51.167088 55.640114 56.951477 90.000000 90.000000 90.000000
1380 51.199657 55.675533 56.987732 90.000000 90.000000 90.000000
1381 51.172203 55.645679 56.957176 90.000000 90.000000 90.000000
1382 51.198212 55.673958 56.986122 90.000000 90.000000 90.000000
1383 51.200256 55.676186 56.988400 90.000000 90.000000 90.000000
1384 51.189796 55.664810 56.976753 90.000000 90.000000 90.000000
1385 51.341450 55.829720 57.145554 90.000000 90.000000 90.000000
1386 51.199646 55.675518 56.987717 90.000000 90.000000 90.000000
1387 51.161438 55.633972 56.945190 90.000000 90.000000 90.000000
1388 51.184483 55.659031 56.970844 90.000000 90.000000 90.000000
1389 51.141895 55.612720 56.923439 90.000000 90.000000 90.000000
1390 51.164925 55.637764 56.949070 90.000000 90.000000 90.000000
1391 51.150837 55.622444 56.933395 90.000000 90.000000 90.000000
1392 51.192020 55.667225 56.979229 90.000000 90.000000 90.000000
1393 51.274078 55.756458 57.070564 90.000000 90.000000 90.000000
1394 51.309853 55.795361 57.110382 90.000000 90.000000 90.000000
1395 51.159168 55.631504 56.942665 90.000000 90.000000 90.000000
1396 51.179470 55.653580 56.965263 90.000000 90.000000 90.000000
1397 51.233173 55.711975 57.025036 90.000000 90.000000 90.000000
1398 51.281090 55.764084 57.078373 90.000000 90.000000 90.000000
1399 51.122242 55.591347 56.901566 90.000000 90.000000 90.000000
1400 51.265343 55.746956 57.060841 90.000000 90.000000 90.000000
1401 51.229580 55.708073 57.021038 90.000000 90.000000 90.000000
1402 51.303928 55.788918 57.103790 90.000000 90.000000 90.000000
1403 51.149326 55.620800 56.931713 90.000000 90.000000 90.000000
1404 51.150822 55.622425 56.933372 90.000000 90.000000 90.000000
1405 51.215557 55.692822 57.005432 90.000000 90.000000 90.000000
1406 51.293129 55.777176 57.091770 90.000000 90.000000 90.000000
1407 51.203926 55.680172 56.992481 90.000000 90.000000 90.000000
1408 51.075836 55.540890 56.849915 90.000000 90.000000 90.000000
1409 51.175968 55.649773 56.961365 90.000000 90.000000 90.000000
1410 51.337975 55.825939 57.141685 90.000000 90.000000 90.000000
1411 51.118450 55.587227 56.897343 90.000000 90.000000 90.000000
1412 51.275219 55.757702 57.071835 90.000000 90.000000 90.000000
1413 51.143761 55.614750 56.925518 90.000000 90.000000 90.000000
1414 51.200542 55.676491 56.988716 90.000000 90.000000 90.000000
1415 51.240387 55.719822 57.033066 90.000000 90.000000 90.000000
1416 51.303001 55.787910 57.102757 90.000000 90.000000 90.000000
1417 51.127670 55.597252 56.907608 90.000000 90.000000 90.000000
1418 51.207508 55.684071 56.996471 90.000000 90.000000 90.000000
1419 51.241371 55.720890 57.034161 90.000000 90.000000 90.000000
1420 51.117062 55.585716 56.895798 90.000000 90.000000 90.000000
1421 51.174229 55.647881 56.959431 90.000000 90.000000 90.000000
1422 51.068172 55.532555 56.841385 90.000000 90.000000 90.000000
1423 51.158932 55.631245 56.942402 90.000000 90.000000 90.000000
1424 51.288925 55.772606 57.087093 90.000000 90.000000 90.000000
1425 51.179462 55.653568 56.965252 90.000000 90.000000 90.000000
1426 51.141525 55.612316 56.923027 90.000000 90.000000 90.000000
1427 51.079971 55.545383 56.854515 90.000000 90.000000 90.000000
1428 51.105686 55.573345 56.883137 90.000000 90.000000 90.000000
1429 51.325584 55.812469 57.127895 90.000000 90.000000 90.000000
1430 51.156773 55.628899 56.939999 90.000000 90.000000 90.000000
1431 51.035706 55.497246 56.805244 90.000000 90.000000 90.000000
1432 51.217213 55.694622 57.007271 90.000000 90.000000 90.000000
1433 51.220013 55.697666 57.010387 90.000000 90.000000 90.000000
1434 51.221500 55.699284 57.012043 90.000000 90.000000 90.000000
1435 51.194862 55.670315 56.982391 90.000000 90.000000 90.000000
1436 51.251987 55.732437 57.045979 90.000000 90.000000 90.000000
1437 51.295925 55.780216 57.094883 90.000000 90.000000 90.000000
1438 51.135250 55.605495 56.916046 90.000000 90.000000 90.000000
1439 51.170300 55.643608 56.955055 90.000000 90.000000 90.000000
1440 51.180126 55.654293 56.965992 90.000000 90.000000 90.000000
1441 51.214294 55.691452 57.004025 90.000000 90.000000 90.000000
1442 51.134769 55.604973 56.915508 90.000000 90.000000 90.000000
1443 51.106213 55.573917 56.883724 90.000000 90.000000 90.000000
1444 51.199844 55.675735 56.987942 90.000000 90.000000 90.000000
1445 51.207119 55.683643 56.996037 90.000000 90.000000 90.000000
1446 51.162720 55.635365 56.946617 90.000000 90.000000 90.000000
1447 51.134346 55.604511 56.915035 90.000000 90.000000 90.000000
1448 51.306919 55.792168 57.107117 90.000000 90.000000 90.000000
1449 51.297409 55.781826 57.096531 90.000000 90.000000 90.000000
1450 51.191174 55.666306 56.978291 90.000000 90.000000 90.000000
1451 51.175934 55.649734 56.961327 90.000000 90.000000 90.000000
1452 51.201759 55.677814 56.990070 90.000000 90.000000 90.000000
1453 51.144569 55.615627 56.926414 90.000000 90.000000 90.000000
1454 51.255714 55.736492 57.050129 90.000000 90.000000 90.000000
1455 51.085789 55.551708 56.860992 90.000000 90.000000 90.000000
1456 51.133724 55.603836 56.914345 90.000000 90.000000 90.000000
1457 51.266571 55.748299 57.062210 90.000000 90.000000 90.000000
1458 51.129223 55.598938 56.909332 90.000000 90.000000 90.000000
1459 51.192547 55.667801 56.979816 90.000000 90.000000 90.000000
1460 51.217297 55.694710 57.007362 90.000000 90.000000 90.000000
1461 51.240410 55.719845 57.033089 90.000000 90.000000 90.000000
1462 51.137741 55.608204 56.918816 90.000000 90.000000 90.000000
1463 51.109367 55.577347 56.887234 90.000000 90.000000 90.000000
1464 51.293568 55.777649 57.092258 90.000000 90.000000 90.000000
1465 51.179001 55.653069 56.964737 90.000000 90.000000 90.000000
1466 51.259747 55.740875 57.054615 90.000000 90.000000 90.000000
1467 51.158813 55.631119 56.942272 90.000000 90.000000 90.000000
1468 51.146824 55.618080 56.928925 90.000000 90.000000 90.000000
1469 51.187572 55.662392 56.974281 90.000000 90.000000 90.000000
1470 51.192627 55.667885 56.979904 90.000000 90.000000 90.000000
1471 51.113316 55.581642 56.891628 90.000000 90.000000 90.000000
1472 51.281685 55.764729 57.079029 90.000000 90.000000 90.000000
1473 51.260601 55.741806 57.055565 90.000000 90.000000 90.000000
1474 51.090271 55.556583 56.865978 90.000000 90.000000 90.000000
1475 51.103691 55.571175 56.880913 90.000000 90.000000 90.000000
1476 51.140850 55.611584 56.922276 90.000000 90.000000 90.000000
1477 51.313065 55.798855 57.113960 90.000000 90.000000 90.000000
1478 51.236305 55.715385 57.028522 90.000000 90.000000 90.000000
1479 51.271175 55.753300 57.067333 90.000000 90.000000 90.000000
1480 51.092384 55.558880 56.868332 90.000000 90.000000 90.000000
1481 51.209553 55.686295 56.998749 90.000000 90.000000 90.000000
1482 51.316261 55.802330 57.117519 90.000000 90.000000 90.000000
1483 51.185066 55.659664 56.971489 90.000000 90.000000 90.000000
1484 51.163399 55.636101 56.947372 90.000000 90.000000 90.000000
1485 51.146210 55.617413 56.928242 90.000000 90.000000 90.000000
1486 51.165272 55.638142 56.949459 90.000000 90.000000 90.000000
1487 51.221012 55.698753 57.011497 90.000000 90.000000 90.000000
1488 51.179905 55.654053 56.965748 90.000000 90.000000 90.000000
1489 51.229076 55.707523 57.020477 90.000000 90.000000 90.000000
1490 51.209206 55.685913 56.998360 90.000000 90.000000 90.000000
1491 51.133743 55.603855 56.914364 90.000000 90.000000 90.000000
1492 51.216366 55.693699 57.006325 90.000000 90.000000 90.000000
1493 51.247116 55.727139 57.040554 90.000000 90.000000 90.000000
1494 51.068295 55.532684 56.841515 90.000000 90.000000 90.000000
1495 51.186581 55.661312 56.973179 90.000000 90.000000 90.000000
1496 51.173122 55.646675 56.958195 90.000000 90.000000 90.000000
1497 51.115173 55.583660 56.893696 90.000000 90.000000 90.000000
1498 51.163502 55.636215 56.947487 90.000000 90.000000 90.000000
1499 51.228607 55.707012 57.019951 90.000000 90.000000 90.000000
1500 51.216969 55.694359 57.007000 90.000000 90.000000 90.000000
1501 51.262505 55.743870 57.057682 90.000000 90.000000 90.000000
1502 51.177998 55.651978 56.963623 90.000000 90.000000 90.000000
1503 51.277222 55.759876 57.074062 90.000000 90.000000 90.000000
1504 51.203991 55.680244 56.992554 90.000000 90.000000 90.000000
1505 51.272484 55.754723 57.068790 90.000000 90.000000 90.000000
1506 51.170242 55.643543 56.954990 90.000000 90.000000 90.000000
1507 51.195877 55.671421 56.983524 90.000000 90.000000 90.000000
1508 51.232327 55.711056 57.024094 90.000000 90.000000 90.000000
1509 51.172821 55.646351 56.957863 90.000000 90.000000 90.000000
1510 51.077259 55.542435 56.851498 90.000000 90.000000 90.000000
1511 51.195034 55.670506 56.982586 90.000000 90.000000 90.000000
1512 51.215668 55.692944 57.005554 90.000000 90.000000 90.000000
1513 51.266552 55.748272 57.062187 90.000000 90.000000 90.000000
1514 51.247059 55.727077 57.040493 90.000000 90.000000 90.000000
1515 51.191013 55.666130 56.978107 90.000000 90.000000 90.000000
1516 51.338364 55.826363 57.142117 90.000000 90.000000 90.000000
1517 51.181725 55.656033 56.967770 90.000000 90.000000 90.000000
1518 51.090500 55.556831 56.866234 90.000000 90.000000 90.000000
1519 51.268452 55.750340 57.064301 90.000000 90.000000 90.000000
1520 51.119217 55.588062 56.898197 90.000000 90.000000 90.000000
1521 51.129421 55.599155 56.909554 90.000000 90.000000 90.000000
1522 51.246895 55.726898 57.040310 90.000000 90.000000 90.000000
1523 51.184299 55.658833 56.970638 90.000000 90.000000 90.000000
1524 51.255291 55.736031 57.049656 90.000000 90.000000 90.000000
1525 51.211758 55.688690 57.001202 90.000000 90.000000 90.000000
1526 51.162220 55.634823 56.946060 90.000000 90.000000 90.000000
1527 51.133026 55.603077 56.913567 90.000000 90.000000 90.000000
1528 51.184151 55.658669 56.970470 90.000000 90.000000 90.000000
1529 51.177696 55.651653 56.963291 90.000000 90.000000 90.000000
1530 51.144817 55.615898 56.926693 90.000000 90.000000 90.000000
1531 51.235615 55.714634 57.027752 90.000000 90.000000 90.000000
1532 51.124611 55.593922 56.904198 90.000000 90.000000 90.000000
1533 51.311504 55.797153 57.112221 90.000000 90.000000 90.000000
1534 51.118317 55.587078 56.897194 90.000000 90.000000 90.000000
1535 51.292950 55.776981 57.091572 90.000000 90.000000 90.000000
1536 51.230663 55.709248 57.022243 90.000000 90.000000 90.000000
1537 51.175755 55.649540 56.961128 90.000000 90.000000 90.000000
1538 51.123238 55.592430 56.902672 90.000000 90.000000 90.000000
1539 51.213333 55.690403 57.002953 90.000000 90.000000 90.000000
1540 51.182297 55.656654 56.968410 90.000000 90.000000 90.000000
1541 51.209045 55.685741 56.998180 90.000000 90.000000 90.000000
1542 51.215546 55.692806 57.005413 90.000000 90.000000 90.000000
1543 51.207623 55.684193 56.996597 90.000000 90.000000 90.000000
1544 51.193130 55.668434 56.980465 90.000000 90.000000 90.000000
1545 51.172646 55.646160 56.957668 90.000000 90.000000 90.000000
1546 51.289787 55.773540 57.088051 90.000000 90.000000 90.000000
1547 51.108936 55.576878 56.886753 90.000000 90.000000 90.000000
1548 51.215313 55.692554 57.005157 90.000000 90.000000 90.000000
1549 51.220791 55.698513 57.011253 90.000000 90.000000 90.000000
1550 51.107849 55.575699 56.885544 90.000000 90.000000 90.000000
1551 51.152744 55.624519 56.935516 90.000000 90.000000 90.000000
1552 51.363956 55.854195 57.170605 90.000000 90.000000 90.000000
1553 51.206867 55.683372 56.995754 90.000000 90.000000 90.000000
1554 51.187691 55.662518 56.974411 90.000000 90.000000 90.000000
1555 51.153606 55.625454 56.936474 90.000000 90.000000 90.000000
1556 51.193264 55.668579 56.980614 90.000000 90.000000 90.000000
1557 51.152534 55.624287 56.935280 90.000000 90.000000 90.000000
1558 51.207718 55.684296 56.996700 90.000000 90.000000 90.000000
1559 51.199322 55.675167 56.987358 90.000000 90.000000 90.000000
1560 51.241844 55.721409 57.034687 90.000000 90.000000 90.000000
1561 51.150238 55.621792 56.932724 90.000000 90.000000 90.000000
1562 51.205189 55.681545 56.993889 90.000000 90.000000 90.000000
1563 51.216637 55.693993 57.006630 90.000000 90.000000 90.000000
1564 51.256817 55.737690 57.051353 90.000000 90.000000 90.000000
1565 51.354382 55.843784 57.159946 90.000000 90.000000 90.000000
1566 51.186584 55.661316 56.973179 90.000000 90.000000 90.000000
1567 51.240211 55.719631 57.032871 90.000000 90.000000 90.000000
1568 51.170078 55.643368 56.954807 90.000000 90.000000 90.000000
1569 51.080864 55.546356 56.855511 90.000000 90.000000 90.000000
1570 51.132141 55.602116 56.912582 90.000000 90.000000 90.000000
1571 51.180813 55.655041 56.966759 90.000000 90.000000 90.000000
1572 51.176327 55.650162 56.961761 90.000000 90.000000 90.000000
1573 51.177155 55.651062 56.962685 90.000000 90.000000 90.000000
1574 51.272121 55.754330 57.068386 90.000000 90.000000 90.000000
1575 51.199108 55.674934 56.987118 90.000000 90.000000 90.000000
1576 51.122078 55.591171 56.901382 90.000000 90.000000 90.000000
1577 51.238125 55.717361 57.030548 90.000000 90.000000 90.000000
1578 51.084488 55.550293 56.859539 90.000000 90.000000 90.000000
1579 51.281494 55.764523 57.078819 90.000000 90.000000 90.000000
1580 51.243198 55.722878 57.036194 90.000000 90.000000 90.000000
1581 51.187473 55.662285 56.974171 90.000000 90.000000 90.000000
1582 51.189175 55.664135 56.976063 90.000000 90.000000 90.000000
1583 51.280453 55.763390 57.077663 90.000000 90.000000 90.000000
1584 51.224545 55.702595 57.015430 90.000000 90.000000 90.000000
1585 51.244579 55.724380 57.037731 90.000000 90.000000 90.000000
1586 51.150791 55.622395 56.933338 90.000000 90.000000 90.000000
1587 51.245090 55.724937 57.038300 90.000000 90.000000 90.000000
1588 51.092892 55.559433 56.868896 90.000000 90.000000 90.000000
1589 51.251472 55.731876 57.045403 90.000000 90.000000 90.000000
1590 51.300468 55.785156 57.099941 90.000000 90.000000 90.000000
1591 51.213219 55.690277 57.002827 90.000000 90.000000 90.000000
1592 51.162643 55.635281 56.946533 90.000000 90.000000 90.000000
1593 51.191284 55.666428 56.978413 90.000000 90.000000 90.000000
1594 51.141819 55.612637 56.923355 90.000000 90.000000 90.000000
1595 51.218204 55.695702 57.008377 90.000000 90.000000 90.000000
1596 51.281837 55.764896 57.079205 90.000000 90.000000 90.000000
1597 51.229725 55.708229 57.021198 90.000000 90.000000 90.000000
1598 51.167313 55.640358 56.951729 90.000000 90.000000 90.000000
1599 51.154560 55.626492 56.937534 90.000000 90.000000 90.000000
1600 51.079590 55.544968 56.854092 90.000000 90.000000 90.000000
1601 51.158749 55.631046 56.942196 90.000000 90.000000 90.000000
1602 51.177528 55.651466 56.963100 90.000000 90.000000 90.000000
1603 51.188545 55.663448 56.975361 90.000000 90.000000 90.000000
1604 51.104042 55.571560 56.881310 90.000000 90.000000 90.000000
1605 51.024296 55.484840 56.792549 90.000000 90.000000 90.000000
1606 51.144630 55.615696 56.926483 90.000000 90.000000 90.000000
1607 51.228951 55.707386 57.020336 90.000000 90.000000 90.000000
1608 51.277153 55.759804 57.073990 90.000000 90.000000 90.000000
1609 51.215118 55.692345 57.004944 90.000000 90.000000 90.000000
1610 51.216682 55.694046 57.006683 90.000000 90.000000 90.000000
1611 51.158970 55.631287 56.942444 90.000000 90.000000 90.000000
1612 51.282642 55.765770 57.080097 90.000000 90.000000 90.000000
1613 51.138844 55.609402 56.920044 90.000000 90.000000 90.000000
1614 51.311535 55.797192 57.112259 90.000000 90.000000 90.000000
1615 51.295914 55.780201 57.094868 90.000000 90.000000 90.000000
1616 51.176338 55.650173 56.961777 90.000000 90.000000 90.000000
1617 51.145748 55.616909 56.927727 90.000000 90.000000 90.000000
1618 51.252632 55.733139 57.046696 90.000000 90.000000 90.000000
1619 51.123306 55.592506 56.902748 90.000000 90.000000 90.000000
1620 51.226768 55.705013 57.017910 90.000000 90.000000 90.000000
1621 51.225861 55.704025 57.016895 90.000000 90.000000 90.000000
1622 51.189854 55.664871 56.976818 90.000000 90.000000 90.000000
1623 51.156590 55.628696 56.939793 90.000000 90.000000 90.000000
1624 51.142120 55.612965 56.923691 90.000000 90.000000 90.000000
1625 51.223228 55.701164 57.013969 90.000000 90.000000 90.000000
1626 51.236099 55.715160 57.028294 90.000000 90.000000 90.000000
1627 51.292347 55.776325 57.090900 90.000000 90.000000 90.000000
1628 51.274193 55.756584 57.070694 90.000000 90.000000 90.000000
1629 51.293045 55.777081 57.091675 90.000000 90.000000 90.000000
1630 51.222805 55.700706 57.013496 90.000000 90.000000 90.000000
1631 51.132725 55.602749 56.913235 90.000000 90.000000 90.000000
1632 51.128323 55.597961 56.908333 90.000000 90.000000 90.000000
1633 51.239525 55.718884 57.032104 90.000000 90.000000 90.000000
1634 51.170315 55.643623 56.955070 90.000000 90.000000 90.000000
1635 51.242077 55.721661 57.034946 90.000000 90.000000 90.000000
1636 51.241493 55.721024 57.034298 90.000000 90.000000 90.000000
1637 51.277733 55.760433 57.074631 90.000000 90.000000 90.000000
1638 51.145809 55.616978 56.927795 90.000000 90.000000 90.000000
1639 51.269981 55.752007 57.066006 90.000000 90.000000 90.000000
1640 51.126820 55.596325 56.906658 90.000000 90.000000 90.000000
1641 51.055435 55.518700 56.827202 90.000000 90.000000 90.000000
1642 51.105282 55.572906 56.882687 90.000000 90.000000 90.000000
1643 51.114826 55.583286 56.893311 90.000000 90.000000 90.000000
1644 51.218983 55.696545 57.009239 90.000000 90.000000 90.000000
1645 51.219395 55.696995 57.009697 90.000000 90.000000 90.000000
1646 51.166660 55.639652 56.951004 90.000000 90.000000 90.000000
1647 51.199589 55.675457 56.987656 90.000000 90.000000 90.000000
1648 51.165218 55.638084 56.949402 90.000000 90.000000 90.000000
1649 51.162502 55.635128 56.946373 90.000000 90.000000 90.000000
1650 51.163235 55.635925 56.947193 90.000000 90.000000 90.000000
1651 51.129349 55.599079 56.909477 90.000000 90.000000 90.000000
1652 51.136051 55.606365 56.916935 90.000000 90.000000 90.000000
1653 51.170406 55.643723 56.955173 90.000000 90.000000 90.000000
1654 51.221123 55.698872 57.011623 90.000000 90.000000 90.000000
1655 51.206379 55.682842 56.995213 90.000000 90.000000 90.000000
1656 51.237682 55.716881 57.030056 90.000000 90.000000 90.000000
1657 51.094273 55.560936 56.870434 90.000000 90.000000 90.000000
1658 51.161392 55.633923 56.945141 90.000000 90.000000 90.000000
1659 51.177349 55.651276 56.962902 90.000000 90.000000 90.000000
1660 51.200920 55.676903 56.989136 90.000000 90.000000 90.000000
1661 51.257122 55.738022 57.051693 90.000000 90.000000 90.000000
1662 51.181061 55.655308 56.967030 90.000000 90.000000 90.000000
1663 51.194801 55.670250 56.982327 90.000000 90.000000 90.000000
1664 51.248878 55.729053 57.042515 90.000000 90.000000 90.000000
1665 51.226910 55.705166 57.018063 90.000000 90.000000 90.000000
1666 51.298767 55.783306 57.098045 90.000000 90.000000 90.000000
1667 51.144520 55.615574 56.926361 90.000000 90.000000 90.000000
1668 51.080303 55.545742 56.854885 90.000000 90.000000 90.000000
1669 50.999466 55.457840 56.764908 90.000000 90.000000 90.000000
1670 51.143570 55.614540 56.925304 90.000000 90.000000 90.000000
1671 51.126556 55.596043 56.906368 90.000000 90.000000 90.000000
1672 51.145653 55.616806 56.927620 90.000000 90.000000 90.000000
1673 51.270950 55.753056 57.067081 90.000000 90.000000 90.000000
1674 51.153454 55.625290 56.936306 90.000000 90.000000 90.000000
1675 51.114609 55.583046 56.893066 90.000000 90.000000 90.000000
1676 51.264156 55.745670 57.059525 90.000000 90.000000 90.000000
1677 51.242214 55.721809 57.035099 90.000000 90.000000 90.000000
1678 51.223160 55.701088 57.013893 90.000000 90.000000 90.000000
1679 51.180931 55.655170 56.966888 90.000000 90.000000 90.000000
1680 51.202541 55.678665 56.990940 90.000000 90.000000 90.000000
1681 51.268204 55.750072 57.064030 90.000000 90.000000 90.000000
1682 51.138962 55.609531 56.920177 90.000000 90.000000 90.000000
1683 51.177837 55.651806 56.963444 90.000000 90.000000 90.000000
1684 51.158218 55.630470 56.941608 90.000000 90.000000 90.000000
1685 51.210201 55.687000 56.999470 90.000000 90.000000 90.000000
1686 51.123352 55.592556 56.902802 90.000000 90.000000 90.000000
1687 51.233688 55.712536 57.025608 90.000000 90.000000 90.000000
1688 51.185944 55.660618 56.972466 90.000000 90.000000 90.000000
1689 51.168674 55.641842 56.953247 90.000000 90.000000 90.000000
1690 51.142761 55.613659 56.924400 90.000000 90.000000 90.000000
1691 51.111603 55.579781 56.889725 90.000000 90.000000 90.000000
1692 51.086964 55.552986 56.862297 90.000000 90.000000 90.000000
1693 51.149021 55.620468 56.931370 90.000000 90.000000 90.000000
1694 51.194054 55.669437 56.981495 90.000000 90.000000 90.000000
1695 51.063591 55.527573 56.836285 90.000000 90.000000 90.000000
1696 51.140022 55.610683 56.921356 90.000000 90.000000 90.000000
1697 51.213680 55.690781 57.003342 90.000000 90.000000 90.000000
1698 51.177311 55.651230 56.962856 90.000000 90.000000 90.000000
1699 51.258373 55.739380 57.053085 90.000000 90.000000 90.000000
1700 51.228336 55.706715 57.019650 90.000000 90.000000 90.000000
1701 51.174725 55.648422 56.959980 90.000000 90.000000 90.000000
1702 51.258194 55.739185 57.052887 90.000000 90.000000 90.000000
1703 51.220787 55.698509 57.011250 90.000000 90.000000 90.000000
1704 51.200493 55.676441 56.988663 90.000000 90.000000 90.000000
1705 51.231079 55.709702 57.022705 90.000000 90.000000 90.000000
1706 51.204159 55.680428 56.992744 90.000000 90.000000 90.000000
1707 51.181942 55.656269 56.968014 90.000000 90.000000 90.000000
1708 51.153862 55.625732 56.936760 90.000000 90.000000 90.000000
1709 51.212181 55.689152 57.001671 90.000000 90.000000 90.000000
1710 51.088024 55.554142 56.863480 90.000000 90.000000 90.000000
1711 51.159397 55.631752 56.942917 90.000000 90.000000 90.000000
1712 51.226257 55.704456 57.017338 90.000000 90.000000 90.000000
1713 51.073566 55.538418 56.847385 90.000000 90.000000 90.000000
1714 51.255749 55.736530 57.050167 90.000000 90.000000 90.000000
1715 51.125656 55.595062 56.905365 90.000000 90.000000 90.000000
1716 51.171150 55.644531 56.956001 90.000000 90.000000 90.000000
1717 51.131020 55.600895 56.911335 90.000000 90.000000 90.000000
1718 51.159348 55.631699 56.942867 90.000000 90.000000 90.000000
1719 51.182102 55.656445 56.968193 90.000000 90.000000 90.000000
1720 51.229095 55.707542 57.020496 90.000000 90.000000 90.000000
1721 51.311787 55.797462 57.112537 90.000000 90.000000 90.000000
1722 51.188370 55.663258 56.975166 90.000000 90.000000 90.000000
1723 51.259163 55.740238 57.053963 90.000000 90.000000 90.000000
1724 51.164078 55.636841 56.948128 90.000000 90.000000 90.000000
1725 51.161694 55.634251 56.945477 90.000000 90.000000 90.000000
1726 51.185692 55.660347 56.972187 90.000000 90.000000 90.000000
1727 51.195675 55.671200 56.983295 90.000000 90.000000 90.000000
1728 51.121834 55.590904 56.901112 90.000000 90.000000 90.000000
1729 51.161350 55.633877 56.945095 90.000000 90.000000 90.000000
1730 51.092884 55.559422 56.868885 90.000000 90.000000 90.000000
1731 51.158119 55.630363 56.941498 90.000000 90.000000 90.000000
1732 51.161598 55.634148 56.945370 90.000000 90.000000 90.000000
1733 51.139950 55.610603 56.921272 90.000000 90.000000 90.000000
1734 51.218449 55.695965 57.008648 90.000000 90.000000 90.000000
1735 51.252869 55.733395 57.046955 90.000000 90.000000 90.000000
1736 51.095436 55.562199 56.871727 90.000000 90.000000 90.000000
1737 51.104885 55.572472 56.882244 90.000000 90.000000 90.000000
1738 51.247307 55.727348 57.040771 90.000000 90.000000 90.000000
1739 51.152042 55.623753 56.934734 90.000000 90.000000 90.000000
1740 51.274479 55.756893 57.071011 90.000000 90.000000 90.000000
1741 51.191139 55.666267 56.978249 90.000000 90.000000 90.000000
1742 51.301525 55.786304 57.101116 90.000000 90.000000 90.000000
1743 51.223362 55.701309 57.014114 90.000000 90.000000 90.000000
1744 51.223293 55.701233 57.014038 90.000000 90.000000 90.000000
1745 51.308273 55.793640 57.108624 90.000000 90.000000 90.000000
1746 51.111301 55.579453 56.889385 90.000000 90.000000 90.000000
1747 51.141083 55.611835 56.922535 90.000000 90.000000 90.000000
1748 51.241421 55.720947 57.034218 90.000000 90.000000 90.000000
1749 51.207447 55.684002 56.996403 90.000000 90.000000 90.000000
1750 51.124462 55.593761 56.904034 90.000000 90.000000 90.000000
1751 51.075089 55.540070 56.849079 90.000000 90.000000 90.000000
1752 51.231476 55.710133 57.023148 90.000000 90.000000 90.000000
1753 51.126930 55.596447 56.906784 90.000000 90.000000 90.000000
1754 51.242603 55.722229 57.035530 90.000000 90.000000 90.000000
1755 51.081455 55.546997 56.856167 90.000000 90.000000 90.000000
1756 51.103985 55.571495 56.881245 90.000000 90.000000 90.000000
1757 51.093876 55.560505 56.869991 90.000000 90.000000 90.000000
1758 51.239830 55.719215 57.032448 90.000000 90.000000 90.000000
1759 51.335686 55.823452 57.139141 90.000000 90.000000 90.000000
1760 51.151661 55.623337 56.934307 90.000000 90.000000 90.000000
1761 51.199196 55.675030 56.987217 90.000000 90.000000 90.000000
1762 51.192848 55.668125 56.980152 90.000000 90.000000 90.000000
1763 51.206482 55.682953 56.995327 90.000000 90.000000 90.000000
1764 51.342720 55.831100 57.146965 90.000000 90.000000 90.000000
1765 51.251938 55.732380 57.045921 90.000000 90.000000 90.000000
1766 51.194607 55.670040 56.982113 90.000000 90.000000 90.000000
1767 51.143063 55.613987 56.924736 90.000000 90.000000 90.000000
1768 51.229267 55.707733 57.020691 90.000000 90.000000 90.000000
1769 51.106354 55.574074 56.883881 90.000000 90.000000 90.000000
1770 51.273788 55.756142 57.070240 90.000000 90.000000 90.000000
1771 51.144356 55.615398 56.926178 90.000000 90.000000 90.000000
1772 51.328506 55.815647 57.131145 90.000000 90.000000 90.000000
1773 51.278667 55.761448 57.075672 90.000000 90.000000 90.000000
1774 51.189133 55.664089 56.976017 90.000000 90.000000 90.000000
1775 51.239967 55.719364 57.032597 90.000000 90.000000 90.000000
1776 51.186901 55.661659 56.973534 90.000000 90.000000 90.000000
1777 51.209900 55.686668 56.999130 90.000000 90.000000 90.000000
1778 51.217506 55.694942 57.007599 90.000000 90.000000 90.000000
1779 51.235207 55.714188 57.027298 90.000000 90.000000 90.000000
1780 51.273422 55.755745 57.069836 90.000000 90.000000 90.000000
1781 51.160896 55.633381 56.944588 90.000000 90.000000 90.000000
1782 51.205902 55.682323 56.994682 90.000000 90.000000 90.000000
1783 51.112759 55.581039 56.891010 90.000000 90.000000 90.000000
1784 50.995098 55.453091 56.760048 90.000000 90.000000 90.000000
1785 51.204380 55.680668 56.992989 90.000000 90.000000 90.000000
1786 51.134155 55.604301 56.914825 90.000000 90.000000 90.000000
1787 51.203896 55.680138 56.992447 90.000000 90.000000 90.000000
1788 51.223499 55.701458 57.014267 90.000000 90.000000 90.000000
1789 51.263947 55.745438 57.059288 90.000000 90.000000 90.000000
1790 51.260372 55.741554 57.055309 90.000000 90.000000 90.000000
1791 51.251438 55.731842 57.045368 90.000000 90.000000 90.000000
1792 51.153599 55.625446 56.936466 90.000000 90.000000 90.000000
1793 51.141930 55.612759 56.923477 90.000000 90.000000 90.000000
1794 51.126026 55.595463 56.905777 90.000000 90.000000 90.000000
1795 51.095707 55.562492 56.872028 90.000000 90.000000 90.000000
1796 51.152393 55.624138 56.935127 90.000000 90.000000 90.000000
1797 51.088657 55.554829 56.864185 90.000000 90.000000 90.000000
1798 51.115234 55.583729 56.893764 90.000000 90.000000 90.000000
1799 51.224007 55.702011 57.014832 90.000000 90.000000 90.000000
1800 51.264618 55.746170 57.060036 90.000000 90.000000 90.000000
1801 51.127544 55.597115 56.907467 90.000000 90.000000 90.000000
1802 51.158840 55.631145 56.942299 90.000000 90.000000 90.000000
1803 51.247665 55.727737 57.041168 90.000000 90.000000 90.000000
1804 51.318230 55.804470 57.119709 90.000000 90.000000 90.000000
1805 51.253773 55.734375 57.047962 90.000000 90.000000 90.000000
1806 51.214489 55.691658 57.004238 90.000000 90.000000 90.000000
1807 51.287560 55.771118 57.085571 90.000000 90.000000 90.000000
1808 51.182842 55.657246 56.969013 90.000000 90.000000 90.000000
1809 51.210926 55.687786 57.000275 90.000000 90.000000 90.000000
1810 51.252926 55.733456 57.047020 90.000000 90.000000 90.000000
1811 51.173237 55.646801 56.958324 90.000000 90.000000 90.000000
1812 51.185558 55.660198 56.972038 90.000000 90.000000 90.000000
1813 51.271461 55.753616 57.067654 90.000000 90.000000 90.000000
1814 51.087227 55.553272 56.862591 90.000000 90.000000 90.000000
1815 51.105030 55.572636 56.882408 90.000000 90.000000 90.000000
1816 51.151276 55.622921 56.933880 90.000000 90.000000 90.000000
1817 51.243553 55.723267 57.036591 90.000000 90.000000 90.000000
1818 51.085159 55.551025 56.860291 90.000000 90.000000 90.000000
1819 51.274181 55.756569 57.070679 90.000000 90.000000 90.000000
1820 51.258221 55.739216 57.052917 90.000000 90.000000 90.000000
1821 51.235546 55.714558 57.027676 90.000000 90.000000 90.000000
1822 51.270386 55.752441 57.066456 90.000000 90.000000 90.000000
1823 51.046429 55.508911 56.817181 90.000000 90.000000 90.000000
1824 51.125057 55.594410 56.904697 90.000000 90.000000 90.000000
1825 51.182747 55.657143 56.968906 90.000000 90.000000 90.000000
1826 51.157421 55.629604 56.940720 90.000000 90.000000 90.000000
1827 51.368809 55.859470 57.176006 90.000000 90.000000 90.000000
1828 51.158768 55.631065 56.942219 90.000000 90.000000 90.000000
1829 51.138573 55.609108 56.919743 90.000000 90.000000 90.000000
1830 51.122204 55.591309 56.901524 90.000000 90.000000 90.000000
1831 51.200413 55.676353 56.988575 90.000000 90.000000 90.000000
1832 51.258984 55.740044 57.053764 90.000000 90.000000 90.000000
1833 51.132687 55.602707 56.913193 90.000000 90.000000 90.000000
1834 51.182919 55.657330 56.969101 90.000000 90.000000 90.000000
1835 51.233406 55.712231 57.025295 90.000000 90.000000 90.000000
1836 51.298302 55.782799 57.097527 90.000000 90.000000 90.000000
1837 51.351944 55.841129 57.157234 90.000000 90.000000 90.000000
1838 51.250648 55.730984 57.044487 90.000000 90.000000 90.000000
1839 51.166000 55.638931 56.950272 90.000000 90.000000 90.000000
1840 51.176380 55.650223 56.961826 90.000000 90.000000 90.000000
1841 51.187946 55.662800 56.974697 90.000000 90.000000 90.000000
1842 51.204891 55.681225 56.993557 90.000000 90.000000 90.000000
1843 51.224686 55.702747 57.015591 90.000000 90.000000 90.000000
1844 51.167908 55.641006 56.952393 90.000000 90.000000 90.000000
1845 51.213219 55.690277 57.002823 90.000000 90.000000 90.000000
1846 51.226604 55.704838 57.017727 90.000000 90.000000 90.000000
1847 51.196583 55.672188 56.984310 90.000000 90.000000 90.000000
1848 51.084179 55.549957 56.859200 90.000000 90.000000 90.000000
1849 51.113647 55.582001 56.891994 90.000000 90.000000 90.000000
1850 51.169399 55.642628 56.954052 90.000000 90.000000 90.000000
1851 51.186584 55.661316 56.973179 90.000000 90.000000 90.000000
1852 51.211323 55.688217 57.000717 90.000000 90.000000 90.000000
1853 51.171745 55.645176 56.956661 90.000000 90.000000 90.000000
1854 51.114418 55.582840 56.892857 90.000000 90.000000 90.000000
1855 51.133659 55.603764 56.914272 90.000000 90.000000 90.000000
1856 51.163513 55.636227 56.947498 90.000000 90.000000 90.000000
1857 51.236382 55.715466 57.028606 90.000000 90.000000 90.000000
1858 51.227745 55.706074 57.018993 90.000000 90.000000 90.000000
1859 51.235447 55.714447 57.027565 90.000000 90.000000 90.000000
1860 51.407124 55.901134 57.218651 90.000000 90.000000 90.000000
1861 51.254730 55.735416 57.049030 90.000000 90.000000 90.000000
1862 51.162544 55.635174 56.946423 90.000000 90.000000 90.000000
1863 51.089943 55.556225 56.865612 90.000000 90.000000 90.000000
1864 51.237743 55.716949 57.030125 90.000000 90.000000 90.000000
1865 51.237797 55.717003 57.030182 90.000000 90.000000 90.000000
1866 51.188332 55.663216 56.975124 90.000000 90.000000 90.000000
1867 51.185925 55.660599 56.972446 90.000000 90.000000 90.000000
1868 51.156166 55.628239 56.939327 90.000000 90.000000 90.000000
1869 51.163597 55.636318 56.947594 90.000000 90.000000 90.000000
1870 51.088760 55.554939 56.864296 90.000000 90.000000 90.000000
1871 51.189701 55.664703 56.976646 90.000000 90.000000 90.000000
1872 51.084869 55.550709 56.859966 90.000000 90.000000 90.000000
1873 51.102741 55.570145 56.879860 90.000000 90.000000 90.000000
1874 51.133957 55.604088 56.914600 90.000000 90.000000 90.000000
1875 51.179539 55.653656 56.965340 90.000000 90.000000 90.000000
1876 51.219906 55.697548 57.010265 90.000000 90.000000 90.000000
1877 51.173145 55.646702 56.958221 90.000000 90.000000 90.000000
1878 51.194561 55.669991 56.982059 90.000000 90.000000 90.000000
1879 51.206558 55.683033 56.995411 90.000000 90.000000 90.000000
1880 51.127094 55.596626 56.906967 90.000000 90.000000 90.000000
1881 51.213135 55.690186 57.002731 90.000000 90.000000 90.000000
1882 51.135674 55.605953 56.916512 90.000000 90.000000 90.000000
1883 51.166870 55.639881 56.951241 90.000000 90.000000 90.000000
1884 51.288498 55.772137 57.086613 90.000000 90.000000 90.000000
1885 51.131741 55.601681 56.912140 90.000000 90.000000 90.000000
1886 51.086304 55.552265 56.861561 90.000000 90.000000 90.000000
1887 51.192795 55.668072 56.980095 90.000000 90.000000 90.000000
1888 51.195415 55.670918 56.983009 90.000000 90.000000 90.000000
1889 51.214165 55.691307 57.003880 90.000000 90.000000 90.000000
1890 51.278229 55.760971 57.075184 90.000000 90.000000 90.000000
1891 51.209728 55.686485 56.998943 90.000000 90.000000 90.000000
1892 51.176174 55.649998 56.961594 90.000000 90.000000 90.000000
1893 51.312496 55.798237 57.113327 90.000000 90.000000 90.000000
1894 51.225647 55.703793 57.016659 90.000000 90.000000 90.000000
1895 51.278225 55.760971 57.075184 90.000000 90.000000 90.000000
1896 51.238964 55.718273 57.031479 90.000000 90.000000 90.000000
1897 51.226143 55.704334 57.017212 90.000000 90.000000 90.000000
1898 51.100521 55.567726 56.877384 90.000000 90.000000 90.000000
1899 51.381264 55.873016 57.189869 90.000000 90.000000 90.000000
1900 51.321564 55.808098 57.123421 90.000000 90.000000 90.000000
1901 51.241474 55.721004 57.034275 90.000000 90.000000 90.000000
1902 51.245853 55.725765 57.039150 90.000000 90.000000 90.000000
1903 51.178680 55.652721 56.964382 90.000000 90.000000 90.000000
1904 51.175835 55.649624 56.961216 90.000000 90.000000 90.000000
1905 51.196728 55.672344 56.984470 90.000000 90.000000 90.000000
1906 51.247269 55.727306 57.040726 90.000000 90.000000 90.000000
1907 51.260315 55.741489 57.055244 90.000000 90.000000 90.000000
1908 51.226135 55.704323 57.017204 90.000000 90.000000 90.000000
1909 51.118599 55.587387 56.897507 90.000000 90.000000 90.000000
1910 51.136120 55.606438 56.917011 90.000000 90.000000 90.000000
1911 51.116859 55.585495 56.895573 90.000000 90.000000 90.000000
1912 51.121864 55.590939 56.901146 90.000000 90.000000 90.000000
1913 51.183662 55.658138 56.969929 90.000000 90.000000 90.000000
1914 51.207943 55.684540 56.996952 90.000000 90.000000 90.000000
1915 51.250427 55.730740 57.044239 90.000000 90.000000 90.000000
1916 51.184772 55.659348 56.971165 90.000000 90.000000 90.000000
1917 51.193909 55.669281 56.981331 90.000000 90.000000 90.000000
1918 51.221291 55.699055 57.011810 90.000000 90.000000 90.000000
1919 51.169044 55.642242 56.953659 90.000000 90.000000 90.000000
1920 51.129635 55.599388 56.909794 90.000000 90.000000 90.000000
1921 51.190865 55.665974 56.977947 90.000000 90.000000 90.000000
1922 51.313393 55.799210 57.114323 90.000000 90.000000 90.000000
1923 51.123333 55.592537 56.902779 90.000000 90.000000 90.000000
1924 51.132900 55.602940 56.913425 90.000000 90.000000 90.000000
1925 51.206512 55.682983 56.995361 90.000000 90.000000 90.000000
1926 51.180241 55.654419 56.966122 90.000000 90.000000 90.000000
1927 51.315258 55.801239 57.116402 90.000000 90.000000 90.000000
1928 51.231449 55.710102 57.023117 90.000000 90.000000 90.000000
1929 51.104828 55.572414 56.882183 90.000000 90.000000 90.000000
1930 51.248283 55.728409 57.041855 90.000000 90.000000 90.000000
1931 51.293903 55.778019 57.092632 90.000000 90.000000 90.000000
1932 51.089752 55.556019 56.865402 90.000000 90.000000 90.000000
1933 51.127319 55.596870 56.907219 90.000000 90.000000 90.000000
1934 51.183060 55.657482 56.969257 90.000000 90.000000 90.000000
1935 51.161324 55.633846 56.945065 90.000000 90.000000 90.000000
1936 51.119213 55.588058 56.898193 90.000000 90.000000 90.000000
1937 51.128513 55.598167 56.908543 90.000000 90.000000 90.000000
1938 51.140656 55.611374 56.922062 90.000000 90.000000 90.000000
1939 51.161583 55.634129 56.945354 90.000000 90.000000 90.000000
1940 51.105904 55.573582 56.883377 90.000000 90.000000 90.000000
1941 51.246922 55.726929 57.040337 90.000000 90.000000 90.000000
1942 51.152988 55.624783 56.935787 90.000000 90.000000 90.000000
1943 51.292175 55.776134 57.090706 90.000000 90.000000 90.000000
1944 51.135670 55.605949 56.916512 90.000000 90.000000 90.000000
1945 51.238426 55.717693 57.030884 90.000000 90.000000 90.000000
1946 51.224289 55.702316 57.015148 90.000000 90.000000 90.000000
1947 51.128571 55.598228 56.908607 90.000000 90.000000 90.000000
1948 51.167679 55.640759 56.952141 90.000000 90.000000 90.000000
1949 51.204697 55.681011 56.993343 90.000000 90.000000 90.000000
1950 51.127182 55.596718 56.907063 90.000000 90.000000 90.000000
1951 51.116680 55.585300 56.895374 90.000000 90.000000 90.000000
1952 51.179157 55.653240 56.964912 90.000000 90.000000 90.000000
1953 51.233524 55.712360 57.025425 90.000000 90.000000 90.000000
1954 51.156719 55.628841 56.939941 90.000000 90.000000 90.000000
1955 51.267921 55.749763 57.063713 90.000000 90.000000 90.000000
1956 51.083046 55.548725 56.857937 90.000000 90.000000 90.000000
1957 51.250519 55.730839 57.044342 90.000000 90.000000 90.000000
1958 51.143211 55.614151 56.924904 90.000000 90.000000 90.000000
1959 51.373947 55.865055 57.181721 90.000000 90.000000 90.000000
1960 51.115791 55.584335 56.894382 90.000000 90.000000 90.000000
1961 51.107986 55.575848 56.885696 90.000000 90.000000 90.000000
1962 51.293991 55.778114 57.092731 90.000000 90.000000 90.000000
1963 51.050323 55.513145 56.821518 90.000000 90.000000 90.000000
1964 51.239311 55.718655 57.031868 90.000000 90.000000 90.000000
1965 51.280983 55.763966 57.078251 90.000000 90.000000 90.000000
1966 51.113758 55.582123 56.892120 90.000000 90.000000 90.000000
1967 51.193043 55.668339 56.980370 90.000000 90.000000 90.000000
1968 51.176777 55.650654 56.962265 90.000000 90.000000 90.000000
1969 51.169502 55.642738 56.954166 90.000000 90.000000 90.000000
1970 51.177322 55.651245 56.962872 90.000000 90.000000 90.000000
1971 51.171524 55.644939 56.956421 90.000000 90.000000 90.000000
1972 51.157871 55.630093 56.941219 90.000000 90.000000 90.000000
1973 51.302532 55.787399 57.102234 90.000000 90.000000 90.000000
1974 51.192646 55.667908 56.979927 90.000000 90.000000 90.000000
1975 51.156601 55.628712 56.939808 90.000000 90.000000 90.000000
1976 51.143875 55.614876 56.925644 90.000000 90.000000 90.000000
1977 51.086952 55.552975 56.862286 90.000000 90.000000 90.000000
1978 51.057140 55.520557 56.829105 90.000000 90.000000 90.000000
1979 51.223354 55.701302 57.014107 90.000000 90.000000 90.000000
1980 51.248444 55.728584 57.042034 90.000000 90.000000 90.000000
1981 51.184036 55.658546 56.970345 90.000000 90.000000 90.000000
1982 51.157192 55.629356 56.940468 90.000000 90.000000 90.000000
1983 51.170139 55.643433 56.954876 90.000000 90.000000 90.000000
1984 51.244122 55.723885 57.037224 90.000000 90.000000 90.000000
1985 51.228077 55.706436 57.019363 90.000000 90.000000 90.000000
1986 51.093933 55.560566 56.870056 90.000000 90.000000 90.000000
1987 51.185574 55.660217 56.972057 90.000000 90.000000 90.000000
1988 51.172226 55.645702 56.957195 90.000000 90.000000 90.000000
1989 51.220081 55.697742 57.010464 90.000000 90.000000 90.000000
1990 51.182880 55.657288 56.969059 90.000000 90.000000 90.000000
1991 51.096504 55.563358 56.872917 90.000000 90.000000 90.000000
1992 51.170513 55.643841 56.955296 90.000000 90.000000 90.000000
1993 51.175339 55.649090 56.960663 90.000000 90.000000 90.000000
1994 51.148808 55.620235 56.931129 90.000000 90.000000 90.000000
1995 51.176399 55.650242 56.961845 90.000000 90.000000 90.000000
1996 51.174587 55.648273 56.959827 90.000000 90.000000 90.000000
1997 51.294224 55.778366 57.092987 90.000000 90.000000 90.000000
1998 51.113300 55.581623 56.891613 90.000000 90.000000 90.000000
1999 51.182854 55.657257 56.969028 90.000000 90.000000 90.000000
2000 51.185680 55.660332 56.972176 90.000000 90.000000 90.000000
2001 51.177555 55.651497 56.963131 90.000000 90.000000 90.000000
2002 51.159096 55.631428 56.942585 90.000000 90.000000 90.000000
2003 51.212593 55.689598 57.002129 90.000000 90.000000 90.000000
2004 51.277412 55.760082 57.074276 90.000000 90.000000 90.000000
2005 51.148071 55.619434 56.930313 90.000000 90.000000 90.000000
2006 51.260098 55.741253 57.055004 90.000000 90.000000 90.000000
2007 51.163418 55.636124 56.947395 90.000000 90.000000 90.000000
2008 51.140671 55.611389 56.922077 90.000000 90.000000 90.000000
2009 51.221699 55.699501 57.012264 90.000000 90.000000 90.000000
2010 51.141628 55.612431 56.923141 90.000000 90.000000 90.000000
2011 51.175880 55.649677 56.961266 90.000000 90.000000 90.000000
2012 51.176426 55.650269 56.961872 90.000000 90.000000 90.000000
2013 51.243763 55.723492 57.036823 90.000000 90.000000 90.000000
2014 51.204510 55.680809 56.993134 90.000000 90.000000 90.000000
2015 51.206242 55.682690 56.995060 90.000000 90.000000 90.000000
2016 51.076195 55.541279 56.850311 90.000000 90.000000 90.000000
2017 51.147709 55.619041 56.929909 90.000000 90.000000 90.000000
2018 51.192207 55.667431 56.979439 90.000000 90.000000 90.000000
2019 51.212273 55.689247 57.001770 90.000000 90.000000 90.000000
2020 51.242176 55.721767 57.035057 90.000000 90.000000 90.000000
2021 51.346928 55.835674 57.151649 90.000000 90.000000 90.000000
2022 51.158615 55.630901 56.942051 90.000000 90.000000 90.000000
2023 51.303425 55.788372 57.103230 90.000000 90.000000 90.000000
2024 51.215431 55.692684 57.005291 90.000000 90.000000 90.000000
2025 51.290260 55.774055 57.088577 90.000000 90.000000 90.000000
2026 51.278946 55.761749 57.075981 90.000000 90.000000 90.000000
2027 51.088783 55.554966 56.864323 90.000000 90.000000 90.000000
2028 51.141071 55.611828 56.922523 90.000000 90.000000 90.000000
2029 51.101429 55.568718 56.878399 90.000000 90.000000 90.000000
2030 51.261795 55.743103 57.056896 90.000000 90.000000 90.000000
2031 51.216438 55.693779 57.006409 90.000000 90.000000 90.000000
2032 51.188953 55.663895 56.975819 90.000000 90.000000 90.000000
2033 51.170952 55.644318 56.955780 90.000000 90.000000 90.000000
2034 51.314377 55.800278 57.115417 90.000000 90.000000 90.000000
2035 51.174770 55.648472 56.960033 90.000000 90.000000 90.000000
2036 51.177467 55.651402 56.963032 90.000000 90.000000 90.000000
2037 51.182667 55.657055 56.968819 90.000000 90.000000 90.000000
2038 51.251606 55.732021 57.045551 90.000000 90.000000 90.000000
2039 51.190121 55.665161 56.977116 90.000000 90.000000 90.000000
2040 51.100361 55.567554 56.877209 90.000000 90.000000 90.000000
2041 51.127346 55.596897 56.907242 90.000000 90.000000 90.000000
2042 51.260872 55.742096 57.055866 90.000000 90.000000 90.000000
2043 51.216408 55.693745 57.006374 90.000000 90.000000 90.000000
2044 51.166775 55.639774 56.951130 90.000000 90.000000 90.000000
2045 51.086044 55.551987 56.861275 90.000000 90.000000 90.000000
2046 51.145893 55.617065 56.927887 90.000000 90.000000 90.000000
2047 51.158913 55.631226 56.942383 90.000000 90.000000 90.000000
2048 51.150784 55.622387 56.933334 90.000000 90.000000 90.000000
2049 51.146229 55.617432 56.928261 90.000000 90.000000 90.000000
2050 51.261059 55.742302 57.056076 90.000000 90.000000 90.000000
2051 51.141380 55.612160 56.922867 90.000000 90.000000 90.000000
2052 51.165146 55.638000 56.949318 90.000000 90.000000 90.000000
2053 51.105995 55.573681 56.883480 90.000000 90.000000 90.000000
2054 51.215530 55.692791 57.005398 90.000000 90.000000 90.000000
2055 51.237164 55.716316 57.029476 90.000000 90.000000 90.000000
2056 51.341152 55.829395 57.145222 90.000000 90.000000 90.000000
2057 51.144897 55.615986 56.926781 90.000000 90.000000 90.000000
2058 51.174400 55.648064 56.959618 90.000000 90.000000 90.000000
2059 51.152527 55.624283 56.935272 90.000000 90.000000 90.000000
2060 51.235596 55.714611 57.027733 90.000000 90.000000 90.000000
2061 51.222374 55.700233 57.013016 90.000000 90.000000 90.000000
2062 51.223522 55.701485 57.014294 90.000000 90.000000 90.000000
2063 51.222168 55.700012 57.012787 90.000000 90.000000 90.000000
2064 51.238422 55.717686 57.030880 90.000000 90.000000 90.000000
2065 51.291073 55.774940 57.089481 90.000000 90.000000 90.000000
2066 51.137775 55.608238 56.918854 90.000000 90.000000 90.000000
2067 51.198406 55.674171 56.986340 90.000000 90.000000 90.000000
2068 51.155148 55.627132 56.938190 90.000000 90.000000 90.000000
2069 51.241653 55.721199 57.034473 90.000000 90.000000 90.000000
2070 51.277660 55.760353 57.074551 90.000000 90.000000 90.000000
2071 51.020306 55.480499 56.788105 90.000000 90.000000 90.000000
2072 51.215725 55.693005 57.005615 90.000000 90.000000 90.000000
2073 51.192894 55.668179 56.980206 90.000000 90.000000 90.000000
2074 51.208904 55.685589 56.998024 90.000000 90.000000 90.000000
2075 51.194736 55.670181 56.982254 90.000000 90.000000 90.000000
2076 51.167408 55.640465 56.951836 90.000000 90.000000 90.000000
2077 51.168999 55.642193 56.953606 90.000000 90.000000 90.000000
2078 51.118835 55.587646 56.897774 90.000000 90.000000 90.000000
2079 51.188324 55.663208 56.975117 90.000000 90.000000 90.000000
2080 51.261795 55.743103 57.056896 90.000000 90.000000 90.000000
2081 51.138508 55.609039 56.919670 90.000000 90.000000 90.000000
2082 51.169346 55.642570 56.953995 90.000000 90.000000 90.000000
2083 51.255539 55.736298 57.049927 90.000000 90.000000 90.000000
2084 51.216278 55.693604 57.006229 90.000000 90.000000 90.000000
2085 51.231564 55.710228 57.023247 90.000000 90.000000 90.000000
2086 51.288021 55.771622 57.086086 90.000000 90.000000 90.000000
2087 51.197823 55.673534 56.985687 90.000000 90.000000 90.000000
2088 51.200314 55.676243 56.988461 90.000000 90.000000 90.000000
2089 51.177555 55.651497 56.963131 90.000000 90.000000 90.000000
2090 51.174282 55.647938 56.959488 90.000000 90.000000 90.000000
2091 51.227737 55.706066 57.018986 90.000000 90.000000 90.000000
2092 51.097572 55.564526 56.874107 90.000000 90.000000 90.000000
2093 51.182022 55.656353 56.968102 90.000000 90.000000 90.000000
2094 51.223263 55.701202 57.014004 90.000000 90.000000 90.000000
2095 51.201897 55.677967 56.990223 90.000000 90.000000 90.000000
2096 51.190063 55.665100 56.977055 90.000000 90.000000 90.000000
2097 51.153057 55.624855 56.935860 90.000000 90.000000 90.000000
2098 51.221085 55.698830 57.011581 90.000000 90.000000 90.000000
2099 51.213879 55.690998 57.003563 90.000000 90.000000 90.000000
2100 51.112221 55.580452 56.890411 90.000000 90.000000 90.000000
2101 51.236755 55.715874 57.029022 90.000000 90.000000 90.000000
2102 51.073006 55.537807 56.846764 90.000000 90.000000 90.000000
2103 51.187458 55.662266 56.974155 90.000000 90.000000 90.000000
2104 51.117657 55.586361 56.896461 90.000000 90.000000 90.000000
2105 51.177212 55.651123 56.962749 90.000000 90.000000 90.000000
2106 51.060516 55.524227 56.832863 90.000000 90.000000 90.000000
2107 51.135933 55.606239 56.916805 90.000000 90.000000 90.000000
2108 51.271202 55.753334 57.067364 90.000000 90.000000 90.000000
2109 51.225479 55.703609 57.016472 90.000000 90.000000 90.000000
2110 51.216290 55.693619 57.006245 90.000000 90.000000 90.000000
2111 51.204788 55.681110 56.993443 90.000000 90.000000 90.000000
2112 51.215374 55.692623 57.005226 90.000000 90.000000 90.000000
2113 51.098850 55.565914 56.875526 90.000000 90.000000 90.000000
2114 51.192898 55.668182 56.980209 90.000000 90.000000 90.000000
2115 51.156673 55.628792 56.939888 90.000000 90.000000 90.000000
2116 51.236282 55.715359 57.028500 90.000000 90.000000 90.000000
2117 51.256611 55.737465 57.051125 90.000000 90.000000 90.000000
2118 51.265640 55.747280 57.061172 90.000000 90.000000 90.000000
2119 51.416039 55.910828 57.228573 90.000000 90.000000 90.000000
2120 51.234509 55.713428 57.026524 90.000000 90.000000 90.000000
2121 51.103683 55.571167 56.880909 90.000000 90.000000 90.000000
2122 51.184902 55.659489 56.971310 90.000000 90.000000 90.000000
2123 51.196949 55.672585 56.984715 90.000000 90.000000 90.000000
2124 51.125999 55.595436 56.905746 90.000000 90.000000 90.000000
2125 51.140141 55.610813 56.921486 90.000000 90.000000 90.000000
2126 51.069614 55.534119 56.842987 90.000000 90.000000 90.000000
2127 51.101479 55.568768 56.878452 90.000000 90.000000 90.000000
2128 51.147690 55.619019 56.929886 90.000000 90.000000 90.000000
2129 51.201168 55.677177 56.989414 90.000000 90.000000 90.000000
2130 51.267906 55.749748 57.063698 90.000000 90.000000 90.000000
2131 51.198067 55.673801 56.985958 90.000000 90.000000 90.000000
2132 51.134506 55.604683 56.915215 90.000000 90.000000 90.000000
2133 51.230461 55.709030 57.022018 90.000000 90.000000 90.000000
2134 51.185406 55.660034 56.971870 90.000000 90.000000 90.000000
2135 51.136467 55.606815 56.917397 90.000000 90.000000 90.000000
2136 51.271893 55.754082 57.068130 90.000000 90.000000 90.000000
2137 51.170429 55.643749 56.955196 90.000000 90.000000 90.000000
2138 51.074860 55.539825 56.848827 90.000000 90.000000 90.000000
2139 51.126068 55.595512 56.905823 90.000000 90.000000 90.000000
2140 51.199257 55.675095 56.987286 90.000000 90.000000 90.000000
2141 51.258354 55.739361 57.053066 90.000000 90.000000 90.000000
2142 51.249947 55.730217 57.043705 90.000000 90.000000 90.000000
2143 51.273140 55.755436 57.069519 90.000000 90.000000 90.000000
2144 51.195763 55.671295 56.983395 90.000000 90.000000 90.000000
2145 51.291260 55.775143 57.089691 90.000000 90.000000 90.000000
2146 51.267017 55.748779 57.062706 90.000000 90.000000 90.000000
2147 51.256653 55.737511 57.051170 90.000000 90.000000 90.000000
2148 51.211739 55.688671 57.001179 90.000000 90.000000 90.000000
2149 51.204853 55.681183 56.993515 90.000000 90.000000 90.000000
2150 51.233849 55.712711 57.025787 90.000000 90.000000 90.000000
2151 51.260731 55.741943 57.055710 90.000000 90.000000 90.000000
2152 51.210480 55.687302 56.999775 90.000000 90.000000 90.000000
2153 51.152550 55.624306 56.935299 90.000000 90.000000 90.000000
2154 51.124226 55.593506 56.903774 90.000000 90.000000 90.000000
2155 51.201309 55.677326 56.989571 90.000000 90.000000 90.000000
2156 51.144993 55.616089 56.926888 90.000000 90.000000 90.000000
2157 51.128445 55.598091 56.908466 90.000000 90.000000 90.000000
2158 51.157990 55.630222 56.941353 90.000000 90.000000 90.000000
2159 51.255108 55.735828 57.049450 90.000000 90.000000 90.000000
2160 51.273613 55.755951 57.070045 90.000000 90.000000 90.000000
2161 51.148125 55.619492 56.930370 90.000000 90.000000 90.000000
2162 51.187973 55.662827 56.974728 90.000000 90.000000 90.000000
2163 51.234276 55.713177 57.026260 90.000000 90.000000 90.000000
2164 51.299313 55.783901 57.098652 90.000000 90.000000 90.000000
2165 51.215363 55.692608 57.005211 90.000000 90.000000 90.000000
2166 51.215923 55.693218 57.005836 90.000000 90.000000 90.000000
2167 51.209110 55.685810 56.998253 90.000000 90.000000 90.000000
2168 51.184925 55.659512 56.971333 90.000000 90.000000 90.000000
2169 51.354420 55.843826 57.159992 90.000000 90.000000 90.000000
2170 51.316261 55.802330 57.117519 90.000000 90.000000 90.000000
2171 51.269146 55.751095 57.065075 90.000000 90.000000 90.000000
2172 51.213547 55.690636 57.003189 90.000000 90.000000 90.000000
2173 51.157017 55.629166 56.940269 90.000000 90.000000 90.000000
2174 51.189846 55.664860 56.976810 90.000000 90.000000 90.000000
2175 51.322380 55.808983 57.124329 90.000000 90.000000 90.000000
2176 51.201584 55.677628 56.989876 90.000000 90.000000 90.000000
2177 51.200546 55.676498 56.988720 90.000000 90.000000 90.000000
2178 51.181782 55.656097 56.967838 90.000000 90.000000 90.000000
2179 51.269295 55.751259 57.065243 90.000000 90.000000 90.000000
2180 51.172703 55.646221 56.957729 90.000000 90.000000 90.000000
2181 51.293835 55.777943 57.092556 90.000000 90.000000 90.000000
2182 51.232056 55.710762 57.023792 90.000000 90.000000 90.000000
2183 51.297478 55.781902 57.096611 90.000000 90.000000 90.000000
2184 51.305504 55.790634 57.105545 90.000000 90.000000 90.000000
2185 51.223225 55.701157 57.013962 90.000000 90.000000 90.000000
2186 51.194820 55.670273 56.982349 90.000000 90.000000 90.000000
2187 51.216106 55.693420 57.006039 90.000000 90.000000 90.000000
2188 51.086529 55.552513 56.861816 90.000000 90.000000 90.000000
2189 51.274349 55.756752 57.070866 90.000000 90.000000 90.000000
2190 51.335918 55.823704 57.139393 90.000000 90.000000 90.000000
2191 51.218433 55.695950 57.008633 90.000000 90.000000 90.000000
2192 51.105824 55.573494 56.883289 90.000000 90.000000 90.000000
2193 51.167187 55.640224 56.951591 90.000000 90.000000 90.000000
2194 51.245983 55.725906 57.039291 90.000000 90.000000 90.000000
2195 51.065006 55.529110 56.837860 90.000000 90.000000 90.000000
2196 51.227146 55.705425 57.018330 90.000000 90.000000 90.000000
2197 51.126354 55.595821 56.906143 90.000000 90.000000 90.000000
2198 51.235275 55.714264 57.027378 90.000000 90.000000 90.000000
2199 51.117344 55.586021 56.896111 90.000000 90.000000 90.000000
2200 51.165840 55.638760 56.950092 90.000000 90.000000 90.000000
2201 51.192997 55.668289 56.980320 90.000000 90.000000 90.000000
2202 51.097256 55.564178 56.873753 90.000000 90.000000 90.000000
2203 51.132721 55.602745 56.913227 90.000000 90.000000 90.000000
2204 51.180965 55.655205 56.966927 90.000000 90.000000 90.000000
2205 51.222870 55.700771 57.013565 90.000000 90.000000 90.000000
2206 51.166573 55.639553 56.950905 90.000000 90.000000 90.000000
2207 51.195595 55.671116 56.983212 90.000000 90.000000 90.000000
2208 51.024220 55.484760 56.792461 90.000000 90.000000 90.000000
2209 51.125874 55.595299 56.905605 90.000000 90.000000 90.000000
2210 51.174309 55.647964 56.959515 90.000000 90.000000 90.000000
2211 51.131233 55.601124 56.911572 90.000000 90.000000 90.000000
2212 51.206791 55.683289 56.995670 90.000000 90.000000 90.000000
2213 51.234390 55.713303 57.026394 90.000000 90.000000 90.000000
2214 51.051441 55.514359 56.822758 90.000000 90.000000 90.000000
2215 51.308376 55.793755 57.108742 90.000000 90.000000 90.000000
2216 51.313686 55.799526 57.114651 90.000000 90.000000 90.000000
2217 51.253944 55.734562 57.048153 90.000000 90.000000 90.000000
2218 51.214184 55.691326 57.003899 90.000000 90.000000 90.000000
2219 51.192558 55.667812 56.979832 90.000000 90.000000 90.000000
2220 51.237713 55.716915 57.030090 90.000000 90.000000 90.000000
2221 51.237820 55.717030 57.030209 90.000000 90.000000 90.000000
2222 51.213722 55.690826 57.003384 90.000000 90.000000 90.000000
2223 51.220909 55.698643 57.011387 90.000000 90.000000 90.000000
2224 51.198463 55.674236 56.986404 90.000000 90.000000 90.000000
2225 51.133121 55.603180 56.913673 90.000000 90.000000 90.000000
2226 51.121544 55.590591 56.900787 90.000000 90.000000 90.000000
2227 51.194248 55.669647 56.981709 90.000000 90.000000 90.000000
2228 51.010052 55.469349 56.776691 90.000000 90.000000 90.000000
2229 51.152523 55.624275 56.935268 90.000000 90.000000 90.000000
2230 51.308208 55.793571 57.108555 90.000000 90.000000 90.000000
2231 51.251713 55.732140 57.045673 90.000000 90.000000 90.000000
2232 51.094578 55.561268 56.870773 90.000000 90.000000 90.000000
2233 51.122192 55.591297 56.901512 90.000000 90.000000 90.000000
2234 51.251610 55.732025 57.045555 90.000000 90.000000 90.000000
2235 51.093582 55.560184 56.869663 90.000000 90.000000 90.000000
2236 51.219395 55.696995 57.009701 90.000000 90.000000 90.000000
2237 51.195831 55.671371 56.983475 90.000000 90.000000 90.000000
2238 51.200962 55.676949 56.989182 90.000000 90.000000 90.000000
2239 51.128067 55.597683 56.908047 90.000000 90.000000 90.000000
2240 51.214497 55.691669 57.004250 90.000000 90.000000 90.000000
2241 51.255959 55.736755 57.050400 90.000000 90.000000 90.000000
2242 51.186275 55.660980 56.972836 90.000000 90.000000 90.000000
2243 51.166470 55.639442 56.950790 90.000000 90.000000 90.000000
2244 51.308990 55.794422 57.109425 90.000000 90.000000 90.000000
2245 51.300156 55.784817 57.099590 90.000000 90.000000 90.000000
2246 51.260574 55.741776 57.055538 90.000000 90.000000 90.000000
2247 51.290661 55.774490 57.089020 90.000000 90.000000 90.000000
2248 51.221413 55.699188 57.011948 90.000000 90.000000 90.000000
2249 51.030109 55.491161 56.799015 90.000000 90.000000 90.000000
2250 51.139595 55.610218 56.920879 90.000000 90.000000 90.000000
2251 51.151966 55.623669 56.934647 90.000000 90.000000 90.000000
2252 51.246475 55.726440 57.039841 90.000000 90.000000 90.000000
2253 51.274857 55.757305 57.071430 90.000000 90.000000 90.000000
2254 51.173744 55.647354 56.958889 90.000000 90.000000 90.000000
2255 51.101688 55.568996 56.878689 90.000000 90.000000 90.000000
2256 51.257778 55.738735 57.052425 90.000000 90.000000 90.000000
2257 51.204769 55.681091 56.993423 90.000000 90.000000 90.000000
2258 51.095570 55.562347 56.871880 90.000000 90.000000 90.000000
2259 51.170071 55.643360 56.954803 90.000000 90.000000 90.000000
2260 51.226048 55.704231 57.017105 90.000000 90.000000 90.000000
2261 51.120399 55.589344 56.899513 90.000000 90.000000 90.000000
2262 51.195889 55.671432 56.983536 90.000000 90.000000 90.000000
2263 51.249115 55.729317 57.042782 90.000000 90.000000 90.000000
2264 51.365513 55.855888 57.172337 90.000000 90.000000 90.000000
2265 51.165310 55.638180 56.949501 90.000000 90.000000 90.000000
2266 51.171795 55.645233 56.956718 90.000000 90.000000 90.000000
2267 51.194477 55.669899 56.981964 90.000000 90.000000 90.000000
2268 51.166874 55.639881 56.951241 90.000000 90.000000 90.000000
2269 51.112919 55.581207 56.891186 90.000000 90.000000 90.000000
2270 51.171188 55.644573 56.956043 90.000000 90.000000 90.000000
2271 51.127956 55.597561 56.907925 90.000000 90.000000 90.000000
2272 51.230133 55.708672 57.021648 90.000000 90.000000 90.000000
2273 51.284374 55.767654 57.082027 90.000000 90.000000 90.000000
2274 51.291489 55.775394 57.089947 90.000000 90.000000 90.000000
2275 51.312698 55.798454 57.113552 90.000000 90.000000 90.000000
2276 51.260902 55.742130 57.055901 90.000000 90.000000 90.000000
2277 51.186031 55.660713 56.972565 90.000000 90.000000 90.000000
2278 51.228710 55.707123 57.020069 90.000000 90.000000 90.000000
2279 51.142479 55.613354 56.924088 90.000000 90.000000 90.000000
2280 51.300129 55.784786 57.099560 90.000000 90.000000 90.000000
2281 51.147675 55.619003 56.929871 90.000000 90.000000 90.000000
2282 51.194305 55.669712 56.981777 90.000000 90.000000 90.000000
2283 51.131584 55.601509 56.911964 90.000000 90.000000 90.000000
2284 51.241432 55.720959 57.034229 90.000000 90.000000 90.000000
2285 51.238117 55.717358 57.030540 90.000000 90.000000 90.000000
2286 51.208839 55.685516 56.997952 90.000000 90.000000 90.000000
2287 51.158772 55.631073 56.942226 90.000000 90.000000 90.000000
2288 51.096989 55.563889 56.873455 90.000000 90.000000 90.000000
2289 51.191181 55.666317 56.978298 90.000000 90.000000 90.000000
2290 51.218777 55.696323 57.009014 90.000000 90.000000 90.000000
2291 51.200165 55.676083 56.988297 90.000000 90.000000 90.000000
2292 51.244232 55.724003 57.037346 90.000000 90.000000 90.000000
2293 51.248329 55.728458 57.041908 90.000000 90.000000 90.000000
2294 51.255005 55.735718 57.049335 90.000000 90.000000 90.000000
2295 51.189003 55.663948 56.975872 90.000000 90.000000 90.000000
2296 51.255466 55.736221 57.049850 90.000000 90.000000 90.000000
2297 51.265564 55.747200 57.061089 90.000000 90.000000 90.000000
2298 51.147579 55.618900 56.929768 90.000000 90.000000 90.000000
2299 51.141434 55.612217 56.922924 90.000000 90.000000 90.000000
2300 51.245525 55.725407 57.038784 90.000000 90.000000 90.000000
2301 51.107994 55.575855 56.885704 90.000000 90.000000 90.000000
2302 51.188515 55.663414 56.975330 90.000000 90.000000 90.000000
2303 51.187466 55.662273 56.974163 90.000000 90.000000 90.000000
2304 51.174229 55.647881 56.959427 90.000000 90.000000 90.000000
2305 51.173214 55.646778 56.958298 90.000000 90.000000 90.000000
2306 51.327442 55.814487 57.129963 90.000000 90.000000 90.000000
2307 51.282494 55.765614 57.079933 90.000000 90.000000 90.000000
2308 51.097523 55.564468 56.874050 90.000000 90.000000 90.000000
2309 51.335964 55.823757 57.139450 90.000000 90.000000 90.000000
2310 51.255116 55.735836 57.049458 90.000000 90.000000 90.000000
2311 51.134510 55.604687 56.915218 90.000000 90.000000 90.000000
2312 51.119965 55.588871 56.899029 90.000000 90.000000 90.000000
2313 51.202774 55.678921 56.991203 90.000000 90.000000 90.000000
2314 51.143948 55.614952 56.925724 90.000000 90.000000 90.000000
2315 51.185379 55.660004 56.971840 90.000000 90.000000 90.000000
2316 51.098751 55.565804 56.875416 90.000000 90.000000 90.000000
2317 51.218231 55.695728 57.008404 90.000000 90.000000 90.000000
2318 51.212132 55.689095 57.001614 90.000000 90.000000 90.000000
2319 51.102955 55.570374 56.880096 90.000000 90.000000 90.000000
2320 51.177559 55.651501 56.963135 90.000000 90.000000 90.000000
2321 51.228367 55.706753 57.019688 90.000000 90.000000 90.000000
2322 51.291859 55.775795 57.090359 90.000000 90.000000 90.000000
2323 51.148705 55.620125 56.931019 90.000000 90.000000 90.000000
2324 51.114517 55.582947 56.892967 90.000000 90.000000 90.000000
2325 51.311447 55.797096 57.112160 90.000000 90.000000 90.000000
2326 51.184731 55.659302 56.971119 90.000000 90.000000 90.000000
2327 51.225170 55.703274 57.016129 90.000000 90.000000 90.000000
2328 51.243759 55.723488 57.036816 90.000000 90.000000 90.000000
2329 51.118431 55.587204 56.897324 90.000000 90.000000 90.000000
2330 51.160248 55.632679 56.943867 90.000000 90.000000 90.000000
2331 51.198738 55.674534 56.986710 90.000000 90.000000 90.000000
2332 51.270847 55.752945 57.066967 90.000000 90.000000 90.000000
2333 51.178875 55.652931 56.964600 90.000000 90.000000 90.000000
2334 51.283421 55.766617 57.080963 90.000000 90.000000 90.000000
2335 51.229828 55.708340 57.021313 90.000000 90.000000 90.000000
2336 51.224834 55.702911 57.015755 90.000000 90.000000 90.000000
2337 51.078716 55.544018 56.853119 90.000000 90.000000 90.000000
2338 51.097786 55.564754 56.874344 90.000000 90.000000 90.000000
2339 51.213383 55.690456 57.003010 90.000000 90.000000 90.000000
2340 51.245193 55.725048 57.038414 90.000000 90.000000 90.000000
2341 51.191753 55.666939 56.978935 90.000000 90.000000 90.000000
2342 51.156250 55.628330 56.939415 90.000000 90.000000 90.000000
2343 51.291607 55.775520 57.090076 90.000000 90.000000 90.000000
2344 51.270988 55.753101 57.067127 90.000000 90.000000 90.000000
2345 51.193077 55.668377 56.980408 90.000000 90.000000 90.000000
2346 51.136169 55.606495 56.917065 90.000000 90.000000 90.000000
2347 51.213696 55.690800 57.003357 90.000000 90.000000 90.000000
2348 51.245575 55.725460 57.038837 90.000000 90.000000 90.000000
2349 51.173027 55.646576 56.958092 90.000000 90.000000 90.000000
2350 51.115360 55.583862 56.893902 90.000000 90.000000 90.000000
2351 51.153305 55.625130 56.936142 90.000000 90.000000 90.000000
2352 51.175812 55.649605 56.961193 90.000000 90.000000 90.000000
2353 51.195999 55.671555 56.983662 90.000000 90.000000 90.000000
2354 51.073254 55.538078 56.847038 90.000000 90.000000 90.000000
2355 51.259533 55.740643 57.054379 90.000000 90.000000 90.000000
2356 51.199474 55.675335 56.987530 90.000000 90.000000 90.000000
2357 51.257641 55.738586 57.052273 90.000000 90.000000 90.000000
2358 51.229881 55.708397 57.021370 90.000000 90.000000 90.000000
2359 51.291142 55.775013 57.089558 90.000000 90.000000 90.000000
2360 51.193420 55.668751 56.980789 90.000000 90.000000 90.000000
2361 51.187122 55.661900 56.973778 90.000000 90.000000 90.000000
2362 51.102718 55.570118 56.879833 90.000000 90.000000 90.000000
2363 51.111427 55.579590 56.889526 90.000000 90.000000 90.000000
2364 51.098122 55.565121 56.874718 90.000000 90.000000 90.000000
2365 51.209335 55.686054 56.998505 90.000000 90.000000 90.000000
2366 51.094398 55.561069 56.870575 90.000000 90.000000 90.000000
2367 51.094860 55.561573 56.871090 90.000000 90.000000 90.000000
2368 51.199333 55.675179 56.987370 90.000000 90.000000 90.000000
2369 51.265839 55.747501 57.061398 90.000000 90.000000 90.000000
2370 51.109173 55.577137 56.887016 90.000000 90.000000 90.000000
2371 51.110470 55.578548 56.888462 90.000000 90.000000 90.000000
2372 51.228867 55.707294 57.020241 90.000000 90.000000 90.000000
2373 51.253788 55.734394 57.047981 90.000000 90.000000 90.000000
2374 51.223919 55.701916 57.014736 90.000000 90.000000 90.000000
2375 51.249584 55.729824 57.043301 90.000000 90.000000 90.000000
2376 51.253765 55.734371 57.047955 90.000000 90.000000 90.000000
2377 51.348049 55.836895 57.152897 90.000000 90.000000 90.000000
2378 51.366997 55.857502 57.173988 90.000000 90.000000 90.000000
2379 51.237659 55.716858 57.030029 90.000000 90.000000 90.000000
2380 51.084526 55.550335 56.859585 90.000000 90.000000 90.000000
2381 51.251755 55.732182 57.045719 90.000000 90.000000 90.000000
2382 51.215176 55.692406 57.005001 90.000000 90.000000 90.000000
2383 51.152790 55.624569 56.935566 90.000000 90.000000 90.000000
2384 51.104118 55.571640 56.881390 90.000000 90.000000 90.000000
2385 51.133373 55.603451 56.913952 90.000000 90.000000 90.000000
2386 51.199638 55.675514 56.987713 90.000000 90.000000 90.000000
2387 51.206066 55.682503 56.994865 90.000000 90.000000 90.000000
2388 51.196602 55.672211 56.984329 90.000000 90.000000 90.000000
2389 51.089748 55.556015 56.865398 90.000000 90.000000 90.000000
2390 51.138039 55.608524 56.919144 90.000000 90.000000 90.000000
2391 51.330662 55.817986 57.133545 90.000000 90.000000 90.000000
2392 51.173279 55.646847 56.958370 90.000000 90.000000 90.000000
2393 51.188145 55.663010 56.974915 90.000000 90.000000 90.000000
2394 51.207268 55.683807 56.996204 90.000000 90.000000 90.000000
2395 51.093510 55.560104 56.869583 90.000000 90.000000 90.000000
2396 51.125542 55.594936 56.905239 90.000000 90.000000 90.000000
2397 51.262760 55.744148 57.057968 90.000000 90.000000 90.000000
2398 51.223667 55.701641 57.014454 90.000000 90.000000 90.000000
2399 51.154335 55.626247 56.937286 90.000000 90.000000 90.000000
2400 51.236671 55.715782 57.028931 90.000000 90.000000 90.000000
2401 51.227028 55.705296 57.018196 90.000000 90.000000 90.000000
2402 51.195488 55.670998 56.983089 90.000000 90.000000 90.000000
2403 51.211815 55.688751 57.001263 90.000000 90.000000 90.000000
2404 51.106861 55.574623 56.884445 90.000000 90.000000 90.000000
2405 51.171799 55.645237 56.956722 90.000000 90.000000 90.000000
2406 51.201103 55.677105 56.989338 90.000000 90.000000 90.000000
2407 51.280617 55.763569 57.077847 90.000000 90.000000 90.000000
2408 51.116222 55.584805 56.894863 90.000000 90.000000 90.000000
2409 51.211220 55.688107 57.000599 90.000000 90.000000 90.000000
2410 51.264179 55.745693 57.059547 90.000000 90.000000 90.000000
2411 51.340527 55.828716 57.144524 90.000000 90.000000 90.000000
2412 51.284935 55.768265 57.082649 90.000000 90.000000 90.000000
2413 51.252567 55.733067 57.046619 90.000000 90.000000 90.000000
2414 51.123608 55.592834 56.903088 90.000000 90.000000 90.000000
2415 51.143646 55.614624 56.925388 90.000000 90.000000 90.000000
2416 51.249878 55.730145 57.043633 90.000000 90.000000 90.000000
2417 51.228157 55.706524 57.019455 90.000000 90.000000 90.000000
2418 51.173729 55.647335 56.958870 90.000000 90.000000 90.000000
2419 51.222691 55.700577 57.013367 90.000000 90.000000 90.000000
2420 51.356380 55.845955 57.162170 90.000000 90.000000 90.000000
2421 51.102352 55.569721 56.879425 90.000000 90.000000 90.000000
2422 51.209198 55.685909 56.998352 90.000000 90.000000 90.000000
2423 51.307369 55.792660 57.107620 90.000000 90.000000 90.000000
2424 51.191257 55.666397 56.978382 90.000000 90.000000 90.000000
2425 51.204258 55.680534 56.992851 90.000000 90.000000 90.000000
2426 51.127647 55.597229 56.907581 90.000000 90.000000 90.000000
2427 51.148685 55.620106 56.930996 90.000000 90.000000 90.000000
2428 51.103447 55.570911 56.880646 90.000000 90.000000 90.000000
2429 51.246132 55.726067 57.039459 90.000000 90.000000 90.000000
2430 51.133129 55.603191 56.913685 90.000000 90.000000 90.000000
2431 51.224731 55.702797 57.015640 90.000000 90.000000 90.000000
2432 51.294834 55.779030 57.093666 90.000000 90.000000 90.000000
2433 51.237610 55.716805 57.029976 90.000000 90.000000 90.000000
2434 51.062649 55.526546 56.835236 90.000000 90.000000 90.000000
2435 51.105236 55.572857 56.882637 90.000000 90.000000 90.000000
2436 51.167545 55.640610 56.951988 90.000000 90.000000 90.000000
2437 51.265205 55.746811 57.060688 90.000000 90.000000 90.000000
2438 51.182190 55.656536 56.968288 90.000000 90.000000 90.000000
2439 51.198559 55.674339 56.986511 90.000000 90.000000 90.000000
2440 51.356476 55.846062 57.162281 90.000000 90.000000 90.000000
2441 51.098248 55.565258 56.874859 90.000000 90.000000 90.000000
2442 51.222855 55.700756 57.013550 90.000000 90.000000 90.000000
2443 51.320911 55.807384 57.122692 90.000000 90.000000 90.000000
2444 51.253883 55.734497 57.048084 90.000000 90.000000 90.000000
2445 51.161076 55.633579 56.944790 90.000000 90.000000 90.000000
2446 51.185272 55.659889 56.971718 90.000000 90.000000 90.000000
2447 51.183754 55.658237 56.970028 90.000000 90.000000 90.000000
2448 51.267529 55.749336 57.063274 90.000000 90.000000 90.000000
2449 51.186684 55.661423 56.973289 90.000000 90.000000 90.000000
2450 51.139748 55.610386 56.921051 90.000000 90.000000 90.000000
2451 51.144154 55.615177 56.925953 90.000000 90.000000 90.000000
2452 51.258350 55.739357 57.053062 90.000000 90.000000 90.000000
2453 51.199619 55.675491 56.987690 90.000000 90.000000 90.000000
2454 51.197079 55.672726 56.984859 90.000000 90.000000 90.000000
2455 51.173397 55.646976 56.958504 90.000000 90.000000 90.000000
2456 51.217033 55.694424 57.007069 90.000000 90.000000 90.000000
2457 51.166439 55.639408 56.950760 90.000000 90.000000 90.000000
2458 51.211388 55.688290 57.000790 90.000000 90.000000 90.000000
2459 51.091019 55.557400 56.866814 90.000000 90.000000 90.000000
2460 51.150482 55.622055 56.932995 90.000000 90.000000 90.000000
2461 51.214256 55.691406 57.003979 90.000000 90.000000 90.000000
2462 51.217865 55.695332 57.007996 90.000000 90.000000 90.000000
2463 51.103092 55.570526 56.880249 90.000000 90.000000 90.000000
2464 51.197056 55.672703 56.984833 90.000000 90.000000 90.000000
2465 51.192440 55.667683 56.979698 90.000000 90.000000 90.000000
2466 51.184765 55.659336 56.971153 90.000000 90.000000 90.000000
2467 51.224720 55.702785 57.015629 90.000000 90.000000 90.000000
2468 51.230850 55.709454 57.022453 90.000000 90.000000 90.000000
2469 51.259933 55.741077 57.054821 90.000000 90.000000 90.000000
2470 51.207615 55.684185 56.996586 90.000000 90.000000 90.000000
2471 51.125092 55.594448 56.904736 90.000000 90.000000 90.000000
2472 51.124771 55.594097 56.904377 90.000000 90.000000 90.000000
2473 51.204300 55.680580 56.992901 90.000000 90.000000 90.000000
2474 51.219913 55.697556 57.010277 90.000000 90.000000 90.000000
2475 51.079823 55.545219 56.854347 90.000000 90.000000 90.000000
2476 51.322975 55.809631 57.124989 90.000000 90.000000 90.000000
2477 51.143414 55.614372 56.925129 90.000000 90.000000 90.000000
2478 51.136131 55.606449 56.917023 90.000000 90.000000 90.000000
2479 51.200439 55.676384 56.988602 90.000000 90.000000 90.000000
2480 51.257332 55.738247 57.051926 90.000000 90.000000 90.000000
2481 51.240685 55.720146 57.033398 90.000000 90.000000 90.000000
2482 51.166588 55.639568 56.950920 90.000000 90.000000 90.000000
2483 51.250721 55.731060 57.044571 90.000000 90.000000 90.000000
2484 51.225597 55.703739 57.016605 90.000000 90.000000 90.000000
2485 51.186646 55.661381 56.973248 90.000000 90.000000 90.000000
2486 51.192162 55.667381 56.979389 90.000000 90.000000 90.000000
2487 51.196827 55.672451 56.984581 90.000000 90.000000 90.000000
2488 51.054089 55.517239 56.825706 90.000000 90.000000 90.000000
2489 51.112122 55.580341 56.890297 90.000000 90.000000 90.000000
2490 51.285152 55.768501 57.082893 90.000000 90.000000 90.000000
2491 51.327435 55.814480 57.129955 90.000000 90.000000 90.000000
2492 51.143784 55.614777 56.925541 90.000000 90.000000 90.000000
2493 51.213169 55.690224 57.002769 90.000000 90.000000 90.000000
2494 51.238857 55.718159 57.031361 90.000000 90.000000 90.000000
2495 51.192955 55.668247 56.980274 90.000000 90.000000 90.000000
2496 51.214619 55.691799 57.004383 90.000000 90.000000 90.000000
2497 51.234566 55.713490 57.026585 90.000000 90.000000 90.000000
2498 51.359539 55.849388 57.165688 90.000000 90.000000 90.000000
2499 51.148373 55.619766 56.930649 90.000000 90.000000 90.000000
2500 51.255466 55.736217 57.049847 90.000000 90.000000 90.000000
2501 51.203342 55.679539 56.991833 90.000000 90.000000 90.000000
2502 51.184658 55.659222 56.971035 90.000000 90.000000 90.000000
2503 51.189812 55.664825 56.976772 90.000000 90.000000 90.000000
2504 51.154175 55.626072 56.937107 90.000000 90.000000 90.000000
2505 51.147346 55.618649 56.929508 90.000000 90.000000 90.000000
2506 51.181446 55.655727 56.967461 90.000000 90.000000 90.000000
2507 51.188469 55.663368 56.975281 90.000000 90.000000 90.000000
2508 51.233246 55.712059 57.025120 90.000000 90.000000 90.000000
2509 51.210907 55.687763 57.000252 90.000000 90.000000 90.000000
2510 51.067978 55.532341 56.841167 90.000000 90.000000 90.000000
2511 51.186871 55.661629 56.973499 90.000000 90.000000 90.000000
2512 51.153812 55.625679 56.936703 90.000000 90.000000 90.000000
2513 51.276554 55.759151 57.073322 90.000000 90.000000 90.000000
2514 51.357578 55.847260 57.163506 90.000000 90.000000 90.000000
2515 51.246269 55.726219 57.039612 90.000000 90.000000 90.000000
2516 51.136703 55.607075 56.917664 90.000000 90.000000 90.000000
2517 51.158188 55.630436 56.941574 90.000000 90.000000 90.000000
2518 51.159576 55.631947 56.943119 90.000000 90.000000 90.000000
2519 51.170712 55.644054 56.955513 90.000000 90.000000 90.000000
2520 51.127876 55.597473 56.907833 90.000000 90.000000 90.000000
2521 51.231350 55.709995 57.023010 90.000000 90.000000 90.000000
2522 51.264366 55.745895 57.059753 90.000000 90.000000 90.000000
2523 51.307743 55.793064 57.108036 90.000000 90.000000 90.000000
2524 51.173923 55.647549 56.959091 90.000000 90.000000 90.000000
2525 51.213131 55.690186 57.002728 90.000000 90.000000 90.000000
2526 51.082935 55.548607 56.857815 90.000000 90.000000 90.000000
2527 51.090298 55.556614 56.866009 90.000000 90.000000 90.000000
2528 51.130081 55.599873 56.910290 90.000000 90.000000 90.000000
2529 51.124470 55.593773 56.904045 90.000000 90.000000 90.000000
2530 51.043251 55.505451 56.813644 90.000000 90.000000 90.000000
2531 51.112156 55.580383 56.890339 90.000000 90.000000 90.000000
2532 51.143841 55.614834 56.925602 90.000000 90.000000 90.000000
2533 51.146317 55.617531 56.928360 90.000000 90.000000 90.000000
2534 51.265839 55.747501 57.061398 90.000000 90.000000 90.000000
2535 51.188457 55.663353 56.975266 90.000000 90.000000 90.000000
2536 51.291706 55.775627 57.090183 90.000000 90.000000 90.000000
2537 51.172310 55.645794 56.957294 90.000000 90.000000 90.000000
2538 51.204967 55.681309 56.993641 90.000000 90.000000 90.000000
2539 51.156116 55.628185 56.939266 90.000000 90.000000 90.000000
2540 51.168987 55.642181 56.953594 90.000000 90.000000 90.000000
2541 51.141594 55.612392 56.923103 90.000000 90.000000 90.000000
2542 51.095707 55.562492 56.872028 90.000000 90.000000 90.000000
2543 51.211178 55.688061 57.000557 90.000000 90.000000 90.000000
2544 51.076405 55.541504 56.850544 90.000000 90.000000 90.000000
2545 51.088116 55.554241 56.863583 90.000000 90.000000 90.000000
2546 51.271896 55.754086 57.068138 90.000000 90.000000 90.000000
2547 51.014023 55.473671 56.781113 90.000000 90.000000 90.000000
2548 51.303230 55.788158 57.103012 90.000000 90.000000 90.000000
2549 51.306957 55.792213 57.107162 90.000000 90.000000 90.000000
2550 51.268669 55.750576 57.064545 90.000000 90.000000 90.000000
2551 51.191185 55.666321 56.978302 90.000000 90.000000 90.000000
2552 51.252396 55.732880 57.046429 90.000000 90.000000 90.000000
2553 51.247581 55.727646 57.041073 90.000000 90.000000 90.000000
2554 51.246967 55.726978 57.040390 90.000000 90.000000 90.000000
2555 51.157894 55.630119 56.941250 90.000000 90.000000 90.000000
2556 51.113457 55.581795 56.891785 90.000000 90.000000 90.000000
2557 51.264469 55.746010 57.059872 90.000000 90.000000 90.000000
2558 51.032085 55.493313 56.801216 90.000000 90.000000 90.000000
2559 51.148880 55.620316 56.931213 90.000000 90.000000 90.000000
2560 51.152599 55.624359 56.935352 90.000000 90.000000 90.000000
2561 51.196663 55.672276 56.984398 90.000000 90.000000 90.000000
2562 51.194183 55.669579 56.981640 90.000000 90.000000 90.000000
2563 51.127647 55.597225 56.907581 90.000000 90.000000 90.000000
2564 51.162800 55.635452 56.946705 90.000000 90.000000 90.000000
2565 51.139767 55.610409 56.921070 90.000000 90.000000 90.000000
2566 51.194782 55.670231 56.982307 90.000000 90.000000 90.000000
2567 51.180557 55.654762 56.966473 90.000000 90.000000 90.000000
2568 51.182056 55.656395 56.968143 90.000000 90.000000 90.000000
2569 51.144123 55.615143 56.925919 90.000000 90.000000 90.000000
2570 51.224113 55.702126 57.014950 90.000000 90.000000 90.000000
2571 51.232319 55.711048 57.024082 90.000000 90.000000 90.000000
2572 51.095215 55.561958 56.871483 90.000000 90.000000 90.000000
2573 51.216137 55.693451 57.006073 90.000000 90.000000 90.000000
2574 51.254200 55.734840 57.048439 90.000000 90.000000 90.000000
2575 51.160736 55.633209 56.944412 90.000000 90.000000 90.000000
2576 51.143242 55.614182 56.924938 90.000000 90.000000 90.000000
2577 51.255119 55.735844 57.049465 90.000000 90.000000 90.000000
2578 51.142941 55.613857 56.924603 90.000000 90.000000 90.000000
2579 51.148739 55.620163 56.931057 90.000000 90.000000 90.000000
2580 51.169067 55.642269 56.953686 90.000000 90.000000 90.000000
2581 51.341042 55.829273 57.145100 90.000000 90.000000 90.000000
2582 51.314064 55.799938 57.115070 90.000000 90.000000 90.000000
2583 51.195637 55.671162 56.983257 90.000000 90.000000 90.000000
2584 51.189236 55.664200 56.976131 90.000000 90.000000 90.000000
2585 51.168068 55.641182 56.952572 90.000000 90.000000 90.000000
2586 51.270588 55.752663 57.066681 90.000000 90.000000 90.000000
2587 51.184055 55.658566 56.970364 90.000000 90.000000 90.000000
2588 51.165882 55.638805 56.950138 90.000000 90.000000 90.000000
2589 51.116798 55.585430 56.895508 90.000000 90.000000 90.000000
2590 51.124485 55.593788 56.904060 90.000000 90.000000 90.000000
2591 51.225857 55.704021 57.016891 90.000000 90.000000 90.000000
2592 51.094738 55.561440 56.870949 90.000000 90.000000 90.000000
2593 51.116554 55.585167 56.895237 90.000000 90.000000 90.000000
2594 51.061138 55.524902 56.833553 90.000000 90.000000 90.000000
2595 51.201923 55.677998 56.990253 90.000000 90.000000 90.000000
2596 51.203773 55.680008 56.992313 90.000000 90.000000 90.000000
2597 51.325253 55.812103 57.127522 90.000000 90.000000 90.000000
2598 51.218220 55.695717 57.008392 90.000000 90.000000 90.000000
2599 51.024281 55.484825 56.792530 90.000000 90.000000 90.000000
2600 51.186131 55.660820 56.972675 90.000000 90.000000 90.000000
2601 51.147423 55.618732 56.929592 90.000000 90.000000 90.000000
2602 51.224377 55.702412 57.015244 90.000000 90.000000 90.000000
2603 51.197918 55.673641 56.985794 90.000000 90.000000 90.000000
2604 51.258270 55.739269 57.052971 90.000000 90.000000 90.000000
2605 51.115463 55.583977 56.894020 90.000000 90.000000 90.000000
2606 51.237892 55.717110 57.030289 90.000000 90.000000 90.000000
2607 51.203484 55.679691 56.991989 90.000000 90.000000 90.000000
2608 51.199192 55.675026 56.987213 90.000000 90.000000 90.000000
2609 51.128044 55.597660 56.908024 90.000000 90.000000 90.000000
2610 51.138638 55.609177 56.919815 90.000000 90.000000 90.000000
2611 51.143528 55.614494 56.925255 90.000000 90.000000 90.000000
2612 51.277836 55.760544 57.074749 90.000000 90.000000 90.000000
2613 51.043602 55.505833 56.814034 90.000000 90.000000 90.000000
2614 51.232010 55.710712 57.023739 90.000000 90.000000 90.000000
2615 51.262764 55.744156 57.057972 90.000000 90.000000 90.000000
2616 51.245907 55.725822 57.039207 90.000000 90.000000 90.000000
2617 51.235100 55.714073 57.027180 90.000000 90.000000 90.000000
2618 51.198204 55.673954 56.986115 90.000000 90.000000 90.000000
2619 51.216457 55.693802 57.006432 90.000000 90.000000 90.000000
2620 51.186203 55.660900 56.972755 90.000000 90.000000 90.000000
2621 51.233620 55.712463 57.025532 90.000000 90.000000 90.000000
2622 51.090679 55.557026 56.866432 90.000000 90.000000 90.000000
2623 51.218609 55.696140 57.008823 90.000000 90.000000 90.000000
2624 51.162601 55.635239 56.946487 90.000000 90.000000 90.000000
2625 51.122849 55.592007 56.902237 90.000000 90.000000 90.000000
2626 51.211803 55.688740 57.001251 90.000000 90.000000 90.000000
2627 51.220814 55.698540 57.011280 90.000000 90.000000 90.000000
2628 51.212463 55.689457 57.001984 90.000000 90.000000 90.000000
2629 51.220539 55.698238 57.010975 90.000000 90.000000 90.000000
2630 51.235233 55.714218 57.027328 90.000000 90.000000 90.000000
2631 51.196869 55.672501 56.984631 90.000000 90.000000 90.000000
2632 51.304329 55.789352 57.104237 90.000000 90.000000 90.000000
2633 51.207264 55.683804 56.996197 90.000000 90.000000 90.000000
2634 51.184666 55.659229 56.971046 90.000000 90.000000 90.000000
2635 51.216686 55.694046 57.006683 90.000000 90.000000 90.000000
2636 51.061058 55.524815 56.833462 90.000000 90.000000 90.000000
2637 51.304176 55.789188 57.104065 90.000000 90.000000 90.000000
2638 51.105083 55.572689 56.882465 90.000000 90.000000 90.000000
2639 51.216618 55.693974 57.006611 90.000000 90.000000 90.000000
2640 51.261871 55.743183 57.056980 90.000000 90.000000 90.000000
2641 51.088821 55.555004 56.864365 90.000000 90.000000 90.000000
2642 51.014793 55.474506 56.781971 90.000000 90.000000 90.000000
2643 51.132156 55.602131 56.912601 90.000000 90.000000 90.000000
2644 51.134136 55.604286 56.914806 90.000000 90.000000 90.000000
2645 51.229927 55.708447 57.021423 90.000000 90.000000 90.000000
2646 51.205017 55.681362 56.993698 90.000000 90.000000 90.000000
2647 51.143997 55.615005 56.925777 90.000000 90.000000 90.000000
2648 51.121521 55.590565 56.900764 90.000000 90.000000 90.000000
2649 51.199883 55.675774 56.987980 90.000000 90.000000 90.000000
2650 51.182980 55.657394 56.969166 90.000000 90.000000 90.000000
2651 51.176060 55.649872 56.961468 90.000000 90.000000 90.000000
2652 51.105492 55.573135 56.882919 90.000000 90.000000 90.000000
2653 51.214859 55.692062 57.004650 90.000000 90.000000 90.000000
2654 51.163223 55.635914 56.947178 90.000000 90.000000 90.000000
2655 51.163849 55.636589 56.947872 90.000000 90.000000 90.000000
2656 51.178379 55.652393 56.964046 90.000000 90.000000 90.000000
2657 51.145512 55.616650 56.927464 90.000000 90.000000 90.000000
2658 51.153728 55.625591 56.936611 90.000000 90.000000 90.000000
2659 51.142044 55.612885 56.923607 90.000000 90.000000 90.000000
2660 51.105549 55.573196 56.882984 90.000000 90.000000 90.000000
2661 51.101913 55.569241 56.878937 90.000000 90.000000 90.000000
2662 51.197159 55.672817 56.984951 90.000000 90.000000 90.000000
2663 51.158577 55.630863 56.942009 90.000000 90.000000 90.000000
2664 51.109814 55.577831 56.887730 90.000000 90.000000 90.000000
2665 51.056973 55.520374 56.828918 90.000000 90.000000 90.000000
2666 51.142326 55.613190 56.923920 90.000000 90.000000 90.000000
2667 51.157692 55.629898 56.941021 90.000000 90.000000 90.000000
2668 51.295021 55.779232 57.093876 90.000000 90.000000 90.000000
2669 51.221916 55.699734 57.012505 90.000000 90.000000 90.000000
2670 51.141781 55.612598 56.923313 90.000000 90.000000 90.000000
2671 51.205563 55.681953 56.994305 90.000000 90.000000 90.000000
2672 51.134930 55.605145 56.915684 90.000000 90.000000 90.000000
2673 51.163742 55.636478 56.947754 90.000000 90.000000 90.000000
2674 51.172951 55.646492 56.958004 90.000000 90.000000 90.000000
2675 51.225761 55.703915 57.016785 90.000000 90.000000 90.000000
2676 51.197792 55.673504 56.985653 90.000000 90.000000 90.000000
2677 51.290974 55.774830 57.089371 90.000000 90.000000 90.000000
2678 51.126183 55.595634 56.905952 90.000000 90.000000 90.000000
2679 51.165260 55.638126 56.949444 90.000000 90.000000 90.000000
2680 51.210835 55.687687 57.000172 90.000000 90.000000 90.000000
2681 51.143448 55.614407 56.925167 90.000000 90.000000 90.000000
2682 51.152603 55.624363 56.935356 90.000000 90.000000 90.000000
2683 51.166397 55.639362 56.950710 90.000000 90.000000 90.000000
2684 51.213982 55.691109 57.003674 90.000000 90.000000 90.000000
2685 51.173050 55.646595 56.958115 90.000000 90.000000 90.000000
2686 51.106564 55.574299 56.884113 90.000000 90.000000 90.000000
2687 51.258961 55.740017 57.053738 90.000000 90.000000 90.000000
2688 51.102337 55.569706 56.879410 90.000000 90.000000 90.000000
2689 51.159302 55.631649 56.942814 90.000000 90.000000 90.000000
2690 51.106121 55.573818 56.883621 90.000000 90.000000 90.000000
2691 51.208092 55.684704 56.997120 90.000000 90.000000 90.000000
2692 51.157867 55.630089 56.941219 90.000000 90.000000 90.000000
2693 51.166405 55.639374 56.950722 90.000000 90.000000 90.000000
2694 51.291912 55.775848 57.090412 90.000000 90.000000 90.000000
2695 51.238491 55.717762 57.030956 90.000000 90.000000 90.000000
2696 51.216099 55.693413 57.006031 90.000000 90.000000 90.000000
2697 51.222309 55.700165 57.012943 90.000000 90.000000 90.000000
2698 51.204472 55.680767 56.993088 90.000000 90.000000 90.000000
2699 51.241734 55.721283 57.034561 90.000000 90.000000 90.000000
2700 51.166855 55.639862 56.951221 90.000000 90.000000 90.000000
2701 51.214874 55.692078 57.004669 90.000000 90.000000 90.000000
2702 51.073372 55.538208 56.847172 90.000000 90.000000 90.000000
2703 51.213009 55.690052 57.002594 90.000000 90.000000 90.000000
2704 51.098637 55.565681 56.875290 90.000000 90.000000 90.000000
2705 51.192131 55.667347 56.979355 90.000000 90.000000 90.000000
2706 51.187424 55.662228 56.974113 90.000000 90.000000 90.000000
2707 51.285679 55.769073 57.083477 90.000000 90.000000 90.000000
2708 51.251450 55.731850 57.045380 90.000000 90.000000 90.000000
2709 51.220715 55.698429 57.011169 90.000000 90.000000 90.000000
2710 51.235813 55.714848 57.027973 90.000000 90.000000 90.000000
2711 51.214314 55.691471 57.004047 90.000000 90.000000 90.000000
2712 51.178852 55.652908 56.964573 90.000000 90.000000 90.000000
2713 51.234444 55.713356 57.026447 90.000000 90.000000 90.000000
2714 51.209377 55.686104 56.998550 90.000000 90.000000 90.000000
2715 51.351425 55.840569 57.156658 90.000000 90.000000 90.000000
2716 51.094185 55.560841 56.870335 90.000000 90.000000 90.000000
2717 51.157982 55.630215 56.941345 90.000000 90.000000 90.000000
2718 51.159485 55.631847 56.943016 90.000000 90.000000 90.000000
2719 51.157784 55.629997 56.941124 90.000000 90.000000 90.000000
2720 51.034798 55.496258 56.804234 90.000000 90.000000 90.000000
2721 51.139317 55.609917 56.920570 90.000000 90.000000 90.000000
2722 51.065136 55.529247 56.838001 90.000000 90.000000 90.000000
2723 51.244442 55.724232 57.037582 90.000000 90.000000 90.000000
2724 51.152725 55.624496 56.935493 90.000000 90.000000 90.000000
2725 51.035866 55.497421 56.805420 90.000000 90.000000 90.000000
2726 51.203217 55.679401 56.991695 90.000000 90.000000 90.000000
2727 51.301331 55.786095 57.100899 90.000000 90.000000 90.000000
2728 51.243652 55.723373 57.036701 90.000000 90.000000 90.000000
2729 51.104836 55.572422 56.882191 90.000000 90.000000 90.000000
2730 51.152313 55.624050 56.935036 90.000000 90.000000 90.000000
2731 51.175449 55.649208 56.960789 90.000000 90.000000 90.000000
2732 51.112698 55.580971 56.890942 90.000000 90.000000 90.000000
2733 51.151188 55.622826 56.933784 90.000000 90.000000 90.000000
2734 51.147709 55.619041 56.929913 90.000000 90.000000 90.000000
2735 51.226772 55.705017 57.017914 90.000000 90.000000 90.000000
2736 51.110878 55.578991 56.888912 90.000000 90.000000 90.000000
2737 51.205338 55.681705 56.994053 90.000000 90.000000 90.000000
2738 51.038868 55.500687 56.808765 90.000000 90.000000 90.000000
2739 51.143116 55.614048 56.924801 90.000000 90.000000 90.000000
2740 51.179382 55.653484 56.965164 90.000000 90.000000 90.000000
2741 51.202698 55.678837 56.991116 90.000000 90.000000 90.000000
2742 51.205032 55.681377 56.993713 90.000000 90.000000 90.000000
2743 51.082890 55.548557 56.857765 90.000000 90.000000 90.000000
2744 51.182415 55.656780 56.968540 90.000000 90.000000 90.000000
2745 51.218029 55.695507 57.008179 90.000000 90.000000 90.000000
2746 51.115704 55.584240 56.894287 90.000000 90.000000 90.000000
2747 51.219429 55.697033 57.009739 90.000000 90.000000 90.000000
2748 51.334763 55.822449 57.138111 90.000000 90.000000 90.000000
2749 51.182446 55.656815 56.968571 90.000000 90.000000 90.000000
2750 51.182800 55.657200 56.968967 90.000000 90.000000 90.000000
2751 51.161617 55.634167 56.945389 90.000000 90.000000 90.000000
2752 51.130280 55.600090 56.910511 90.000000 90.000000 90.000000
2753 51.241829 55.721390 57.034668 90.000000 90.000000 90.000000
2754 51.281013 55.764004 57.078285 90.000000 90.000000 90.000000
2755 51.182716 55.657112 56.968876 90.000000 90.000000 90.000000
2756 51.218880 55.696434 57.009129 90.000000 90.000000 90.000000
2757 51.140846 55.611580 56.922272 90.000000 90.000000 90.000000
2758 51.176968 55.650860 56.962479 90.000000 90.000000 90.000000
2759 51.295139 55.779358 57.094006 90.000000 90.000000 90.000000
2760 51.221615 55.699409 57.012173 90.000000 90.000000 90.000000
2761 51.211517 55.688427 57.000931 90.000000 90.000000 90.000000
2762 51.233257 55.712070 57.025131 90.000000 90.000000 90.000000
2763 51.165955 55.638882 56.950218 90.000000 90.000000 90.000000
2764 51.214401 55.691566 57.004143 90.000000 90.000000 90.000000
2765 51.272247 55.754467 57.068527 90.000000 90.000000 90.000000
2766 51.277889 55.760601 57.074806 90.000000 90.000000 90.000000
2767 51.159439 55.631798 56.942966 90.000000 90.000000 90.000000
2768 51.296196 55.780510 57.095184 90.000000 90.000000 90.000000
2769 51.201340 55.677361 56.989601 90.000000 90.000000 90.000000
2770 51.191875 55.667068 56.979069 90.000000 90.000000 90.000000
2771 51.189133 55.664085 56.976017 90.000000 90.000000 90.000000
2772 51.233070 55.711864 57.024921 90.000000 90.000000 90.000000
2773 51.118744 55.587547 56.897671 90.000000 90.000000 90.000000
2774 51.081448 55.546986 56.856155 90.000000 90.000000 90.000000
2775 51.286396 55.769852 57.084274 90.000000 90.000000 90.000000
2776 51.112625 55.580891 56.890858 90.000000 90.000000 90.000000
2777 51.252228 55.732700 57.046246 90.000000 90.000000 90.000000
2778 51.152523 55.624275 56.935268 90.000000 90.000000 90.000000
2779 51.226711 55.704948 57.017841 90.000000 90.000000 90.000000
2780 51.175674 55.649452 56.961037 90.000000 90.000000 90.000000
2781 51.190414 55.665482 56.977444 90.000000 90.000000 90.000000
2782 51.208939 55.685623 56.998062 90.000000 90.000000 90.000000
2783 51.204754 55.681072 56.993404 90.000000 90.000000 90.000000
2784 51.120602 55.589565 56.899738 90.000000 90.000000 90.000000
2785 51.073433 55.538273 56.847237 90.000000 90.000000 90.000000
2786 51.199680 55.675556 56.987759 90.000000 90.000000 90.000000
2787 51.266518 55.748238 57.062149 90.000000 90.000000 90.000000
2788 51.183353 55.657803 56.969585 90.000000 90.000000 90.000000
2789 51.189907 55.664928 56.976879 90.000000 90.000000 90.000000
2790 51.284031 55.767284 57.081646 90.000000 90.000000 90.000000
2791 51.178047 55.652031 56.963676 90.000000 90.000000 90.000000
2792 51.189308 55.664280 56.976212 90.000000 90.000000 90.000000
2793 51.246780 55.726772 57.040180 90.000000 90.000000 90.000000
2794 51.360580 55.850521 57.166847 90.000000 90.000000 90.000000
2795 51.183674 55.658150 56.969940 90.000000 90.000000 90.000000
2796 51.221508 55.699291 57.012051 90.000000 90.000000 90.000000
2797 51.146599 55.617836 56.928677 90.000000 90.000000 90.000000
2798 51.135448 55.605709 56.916264 90.000000 90.000000 90.000000
2799 51.120388 55.589333 56.899498 90.000000 90.000000 90.000000
2800 51.229374 55.707844 57.020805 90.000000 90.000000 90.000000
2801 51.070496 55.535080 56.843967 90.000000 90.000000 90.000000
2802 51.216427 55.693768 57.006397 90.000000 90.000000 90.000000
2803 51.069355 55.533840 56.842701 90.000000 90.000000 90.000000
2804 51.209538 55.686275 56.998730 90.000000 90.000000 90.000000
2805 51.217709 55.695164 57.007824 90.000000 90.000000 90.000000
2806 51.256359 55.737190 57.050842 90.000000 90.000000 90.000000
2807 51.185066 55.659664 56.971493 90.000000 90.000000 90.000000
2808 51.150799 55.622402 56.933350 90.000000 90.000000 90.000000
2809 51.262280 55.743629 57.057434 90.000000 90.000000 90.000000
2810 51.132381 55.602375 56.912853 90.000000 90.000000 90.000000
2811 51.067287 55.531590 56.840397 90.000000 90.000000 90.000000
2812 51.246460 55.726425 57.039825 90.000000 90.000000 90.000000
2813 51.240639 55.720097 57.033344 90.000000 90.000000 90.000000
2814 51.188053 55.662914 56.974815 90.000000 90.000000 90.000000
2815 51.209648 55.686398 56.998852 90.000000 90.000000 90.000000
2816 51.117352 55.586029 56.896118 90.000000 90.000000 90.000000
2817 51.228733 55.707150 57.020096 90.000000 90.000000 90.000000
2818 51.213917 55.691036 57.003601 90.000000 90.000000 90.000000
2819 51.290108 55.773891 57.088409 90.000000 90.000000 90.000000
2820 51.168312 55.641445 56.952843 90.000000 90.000000 90.000000
2821 51.220173 55.697842 57.010567 90.000000 90.000000 90.000000
2822 51.370152 55.860928 57.177498 90.000000 90.000000 90.000000
2823 51.113132 55.581444 56.891426 90.000000 90.000000 90.000000
2824 51.207401 55.683952 56.996349 90.000000 90.000000 90.000000
2825 51.259033 55.740101 57.053822 90.000000 90.000000 90.000000
2826 51.128410 55.598057 56.908432 90.000000 90.000000 90.000000
2827 51.142982 55.613903 56.924652 90.000000 90.000000 90.000000
2828 51.206318 55.682774 56.995144 90.000000 90.000000 90.000000
2829 51.196461 55.672054 56.984173 90.000000 90.000000 90.000000
2830 51.262131 55.743465 57.057266 90.000000 90.000000 90.000000
2831 51.177509 55.651447 56.963078 90.000000 90.000000 90.000000
2832 51.076962 55.542110 56.851166 90.000000 90.000000 90.000000
2833 51.293915 55.778027 57.092644 90.000000 90.000000 90.000000
2834 51.229710 55.708214 57.021183 90.000000 90.000000 90.000000
2835 51.201710 55.677765 56.990017 90.000000 90.000000 90.000000
2836 51.157619 55.629818 56.940941 90.000000 90.000000 90.000000
2837 51.152576 55.624336 56.935329 90.000000 90.000000 90.000000
2838 51.243767 55.723495 57.036827 90.000000 90.000000 90.000000
2839 51.237484 55.716667 57.029835 90.000000 90.000000 90.000000
2840 51.238457 55.717724 57.030918 90.000000 90.000000 90.000000
2841 51.245640 55.725533 57.038910 90.000000 90.000000 90.000000
2842 51.238350 55.717606 57.030796 90.000000 90.000000 90.000000
2843 51.230614 55.709194 57.022186 90.000000 90.000000 90.000000
2844 51.079662 55.545048 56.854172 90.000000 90.000000 90.000000
2845 51.237991 55.717216 57.030399 90.000000 90.000000 90.000000
2846 51.154156 55.626053 56.937088 90.000000 90.000000 90.000000
2847 51.190887 55.665997 56.977970 90.000000 90.000000 90.000000
2848 51.253822 55.734432 57.048019 90.000000 90.000000 90.000000
2849 51.269127 55.751072 57.065052 90.000000 90.000000 90.000000
2850 51.161812 55.634380 56.945610 90.000000 90.000000 90.000000
2851 51.141552 55.612350 56.923058 90.000000 90.000000 90.000000
2852 51.105251 55.572872 56.882652 90.000000 90.000000 90.000000
2853 51.075497 55.540516 56.849533 90.000000 90.000000 90.000000
2854 51.067848 55.532200 56.841022 90.000000 90.000000 90.000000
2855 51.194187 55.669582 56.981644 90.000000 90.000000 90.000000
2856 51.395901 55.888931 57.206161 90.000000 90.000000 90.000000
2857 51.093361 55.559944 56.869419 90.000000 90.000000 90.000000
2858 51.123375 55.592579 56.902824 90.000000 90.000000 90.000000
2859 51.210793 55.687641 57.000126 90.000000 90.000000 90.000000
2860 51.170227 55.643528 56.954971 90.000000 90.000000 90.000000
2861 51.135117 55.605350 56.915894 90.000000 90.000000 90.000000
2862 51.272511 55.754753 57.068821 90.000000 90.000000 90.000000
2863 51.176327 55.650162 56.961761 90.000000 90.000000 90.000000
2864 51.124779 55.594105 56.904388 90.000000 90.000000 90.000000
2865 51.310326 55.795876 57.110912 90.000000 90.000000 90.000000
2866 51.213688 55.690788 57.003349 90.000000 90.000000 90.000000
2867 51.289631 55.773373 57.087879 90.000000 90.000000 90.000000
2868 51.283054 55.766220 57.080555 90.000000 90.000000 90.000000
2869 51.160664 55.633129 56.944328 90.000000 90.000000 90.000000
2870 51.104755 55.572334 56.882099 90.000000 90.000000 90.000000
2871 51.105709 55.573372 56.883163 90.000000 90.000000 90.000000
2872 51.073387 55.538223 56.847183 90.000000 90.000000 90.000000
2873 51.190258 55.665314 56.977272 90.000000 90.000000 90.000000
2874 51.192375 55.667614 56.979626 90.000000 90.000000 90.000000
2875 51.124966 55.594311 56.904598 90.000000 90.000000 90.000000
2876 51.220482 55.698177 57.010910 90.000000 90.000000 90.000000
2877 51.125988 55.595425 56.905735 90.000000 90.000000 90.000000
2878 51.260094 55.741253 57.055000 90.000000 90.000000 90.000000
2879 51.235435 55.714439 57.027557 90.000000 90.000000 90.000000
2880 51.285446 55.768818 57.083218 90.000000 90.000000 90.000000
2881 51.204765 55.681087 56.993420 90.000000 90.000000 90.000000
2882 51.123081 55.592262 56.902500 90.000000 90.000000 90.000000
2883 51.084167 55.549946 56.859184 90.000000 90.000000 90.000000
2884 51.303162 55.788082 57.102936 90.000000 90.000000 90.000000
2885 51.264492 55.746033 57.059895 90.000000 90.000000 90.000000
2886 51.157669 55.629871 56.940994 90.000000 90.000000 90.000000
2887 51.258514 55.739532 57.053242 90.000000 90.000000 90.000000
2888 51.313156 55.798954 57.114063 90.000000 90.000000 90.000000
2889 51.188892 55.663826 56.975750 90.000000 90.000000 90.000000
2890 51.010033 55.469330 56.776669 90.000000 90.000000 90.000000
2891 51.081951 55.547539 56.856720 90.000000 90.000000 90.000000
2892 51.191566 55.666733 56.978725 90.000000 90.000000 90.000000
2893 51.175823 55.649612 56.961201 90.000000 90.000000 90.000000
2894 51.207962 55.684563 56.996975 90.000000 90.000000 90.000000
2895 51.235012 55.713978 57.027081 90.000000 90.000000 90.000000
2896 51.206913 55.683422 56.995808 90.000000 90.000000 90.000000
2897 51.204315 55.680595 56.992916 90.000000 90.000000 90.000000
2898 51.120678 55.589649 56.899822 90.000000 90.000000 90.000000
2899 51.124512 55.593819 56.904091 90.000000 90.000000 90.000000
2900 51.109631 55.577637 56.887527 90.000000 90.000000 90.000000
2901 51.089977 55.556263 56.865650 90.000000 90.000000 90.000000
2902 51.183830 55.658321 56.970116 90.000000 90.000000 90.000000
2903 51.149239 55.620705 56.931610 90.000000 90.000000 90.000000
2904 51.101711 55.569027 56.878716 90.000000 90.000000 90.000000
2905 51.116127 55.584698 56.894756 90.000000 90.000000 90.000000
2906 51.201004 55.676998 56.989231 90.000000 90.000000 90.000000
2907 51.192062 55.667274 56.979279 90.000000 90.000000 90.000000
2908 51.200783 55.676758 56.988983 90.000000 90.000000 90.000000
2909 51.167660 55.640736 56.952118 90.000000 90.000000 90.000000
2910 51.251621 55.732037 57.045570 90.000000 90.000000 90.000000
2911 51.150337 55.621902 56.932835 90.000000 90.000000 90.000000
2912 51.194290 55.669693 56.981754 90.000000 90.000000 90.000000
2913 51.075939 55.540997 56.850025 90.000000 90.000000 90.000000
2914 51.167252 55.640293 56.951664 90.000000 90.000000 90.000000
2915 51.202473 55.678593 56.990864 90.000000 90.000000 90.000000
2916 51.270298 55.752350 57.066360 90.000000 90.000000 90.000000
2917 51.106110 55.573803 56.883606 90.000000 90.000000 90.000000
2918 51.312893 55.798668 57.113770 90.000000 90.000000 90.000000
2919 51.204815 55.681137 56.993469 90.000000 90.000000 90.000000
2920 51.238632 55.717915 57.031113 90.000000 90.000000 90.000000
2921 51.112194 55.580425 56.890381 90.000000 90.000000 90.000000
2922 51.109287 55.577263 56.887146 90.000000 90.000000 90.000000
2923 51.242317 55.721924 57.035213 90.000000 90.000000 90.000000
2924 51.225113 55.703213 57.016068 90.000000 90.000000 90.000000
2925 51.167271 55.640316 56.951683 90.000000 90.000000 90.000000
2926 51.157665 55.629868 56.940990 90.000000 90.000000 90.000000
2927 51.015026 55.474762 56.782227 90.000000 90.000000 90.000000
2928 51.182270 55.656624 56.968376 90.000000 90.000000 90.000000
2929 51.272591 55.754841 57.068909 90.000000 90.000000 90.000000
2930 51.156509 55.628613 56.939709 90.000000 90.000000 90.000000
2931 51.143116 55.614044 56.924797 90.000000 90.000000 90.000000
2932 51.164745 55.637566 56.948872 90.000000 90.000000 90.000000
2933 51.255043 55.735760 57.049377 90.000000 90.000000 90.000000
2934 51.254391 55.735046 57.048649 90.000000 90.000000 90.000000
2935 51.202744 55.678890 56.991169 90.000000 90.000000 90.000000
2936 51.293789 55.777893 57.092503 90.000000 90.000000 90.000000
2937 51.207458 55.684013 56.996414 90.000000 90.000000 90.000000
2938 51.168022 55.641132 56.952522 90.000000 90.000000 90.000000
2939 51.177486 55.651424 56.963055 90.000000 90.000000 90.000000
2940 51.164433 55.637230 56.948524 90.000000 90.000000 90.000000
2941 51.225853 55.704018 57.016888 90.000000 90.000000 90.000000
2942 51.243469 55.723175 57.036495 90.000000 90.000000 90.000000
2943 51.210793 55.687637 57.000122 90.000000 90.000000 90.000000
2944 51.122200 55.591305 56.901520 90.000000 90.000000 90.000000
2945 51.274704 55.757141 57.071262 90.000000 90.000000 90.000000
2946 51.159275 55.631618 56.942783 90.000000 90.000000 90.000000
2947 51.081364 55.546898 56.856068 90.000000 90.000000 90.000000
2948 51.137787 55.608253 56.918865 90.000000 90.000000 90.000000
2949 51.239395 55.718742 57.031960 90.000000 90.000000 90.000000
2950 51.154579 55.626511 56.937557 90.000000 90.000000 90.000000
2951 51.043262 55.505466 56.813656 90.000000 90.000000 90.000000
2952 51.128986 55.598682 56.909073 90.000000 90.000000 90.000000
2953 51.165947 55.638874 56.950211 90.000000 90.000000 90.000000
2954 51.148201 55.619579 56.930458 90.000000 90.000000 90.000000
2955 51.189941 55.664967 56.976917 90.000000 90.000000 90.000000
2956 51.211815 55.688751 57.001263 90.000000 90.000000 90.000000
2957 51.280201 55.763119 57.077381 90.000000 90.000000 90.000000
2958 51.123890 55.593140 56.903400 90.000000 90.000000 90.000000
2959 51.177017 55.650909 56.962532 90.000000 90.000000 90.000000
2960 51.144928 55.616016 56.926815 90.000000 90.000000 90.000000
2961 51.102112 55.569458 56.879158 90.000000 90.000000 90.000000
2962 51.200840 55.676819 56.989048 90.000000 90.000000 90.000000
2963 51.274250 55.756645 57.070755 90.000000 90.000000 90.000000
2964 51.354462 55.843868 57.160034 90.000000 90.000000 90.000000
2965 51.263847 55.745335 57.059181 90.000000 90.000000 90.000000
2966 51.108959 55.576908 56.886784 90.000000 90.000000 90.000000
2967 51.117558 55.586254 56.896351 90.000000 90.000000 90.000000
2968 51.067699 55.532036 56.840855 90.000000 90.000000 90.000000
2969 51.115692 55.584225 56.894272 90.000000 90.000000 90.000000
2970 51.040085 55.502010 56.810120 90.000000 90.000000 90.000000
2971 51.033817 55.495193 56.803143 90.000000 90.000000 90.000000
2972 51.195042 55.670513 56.982594 90.000000 90.000000 90.000000
2973 51.069031 55.533485 56.842335 90.000000 90.000000 90.000000
2974 51.234314 55.713219 57.026306 90.000000 90.000000 90.000000
2975 51.145988 55.617172 56.927998 90.000000 90.000000 90.000000
2976 51.129692 55.599449 56.909855 90.000000 90.000000 90.000000
2977 51.279339 55.762180 57.076420 90.000000 90.000000 90.000000
2978 51.098366 55.565384 56.874989 90.000000 90.000000 90.000000
2979 51.282707 55.765842 57.080173 90.000000 90.000000 90.000000
2980 51.235447 55.714451 57.027569 90.000000 90.000000 90.000000
2981 51.269192 55.751144 57.065125 90.000000 90.000000 90.000000
2982 51.265633 55.747276 57.061165 90.000000 90.000000 90.000000
2983 51.210991 55.687859 57.000347 90.000000 90.000000 90.000000
2984 51.081642 55.547199 56.856373 90.000000 90.000000 90.000000
2985 51.282742 55.765881 57.080208 90.000000 90.000000 90.000000
2986 51.300686 55.785393 57.100182 90.000000 90.000000 90.000000
2987 51.159081 55.631409 56.942566 90.000000 90.000000 90.000000
2988 51.246250 55.726200 57.039593 90.000000 90.000000 90.000000
2989 51.088703 55.554878 56.864235 90.000000 90.000000 90.000000
2990 51.138042 55.608532 56.919151 90.000000 90.000000 90.000000
2991 51.182930 55.657341 56.969112 90.000000 90.000000 90.000000
2992 51.210922 55.687782 57.000271 90.000000 90.000000 90.000000
2993 51.161076 55.633575 56.944786 90.000000 90.000000 90.000000
2994 51.230003 55.708530 57.021507 90.000000 90.000000 90.000000
2995 51.115665 55.584194 56.894241 90.000000 90.000000 90.000000
2996 51.254185 55.734825 57.048424 90.000000 90.000000 90.000000
2997 51.250027 55.730305 57.043797 90.000000 90.000000 90.000000
2998 51.133244 55.603310 56.913807 90.000000 90.000000 90.000000
2999 51.254070 55.734699 57.048294 90.000000 90.000000 90.000000
3000 51.159897 55.632298 56.943478 90.000000 90.000000 90.000000
3001 51.264801 55.746368 57.060238 90.000000 90.000000 90.000000
3002 51.184158 55.658680 56.970482 90.000000 90.000000 90.000000
3003 51.128094 55.597713 56.908077 90.000000 90.000000 90.000000
3004 51.243942 55.723690 57.037025 90.000000 90.000000 90.000000
3005 51.166260 55.639214 56.950558 90.000000 90.000000 90.000000
3006 51.084431 55.550232 56.859478 90.000000 90.000000 90.000000
3007 51.162964 55.635632 56.946892 90.000000 90.000000 90.000000
3008 51.260014 55.741165 57.054909 90.000000 90.000000 90.000000
3009 51.065662 55.529823 56.838589 90.000000 90.000000 90.000000
3010 51.134701 55.604897 56.915432 90.000000 90.000000 90.000000
3011 51.153778 55.625641 56.936665 90.000000 90.000000 90.000000
3012 51.163540 55.636257 56.947529 90.000000 90.000000 90.000000
3013 51.236641 55.715752 57.028896 90.000000 90.000000 90.000000
3014 51.215645 55.692917 57.005527 90.000000 90.000000 90.000000
3015 51.190056 55.665089 56.977043 90.000000 90.000000 90.000000
3016 51.235210 55.714191 57.027302 90.000000 90.000000 90.000000
3017 51.196598 55.672207 56.984325 90.000000 90.000000 90.000000
3018 51.118565 55.587349 56.897472 90.000000 90.000000 90.000000
3019 51.179287 55.653378 56.965057 90.000000 90.000000 90.000000
3020 51.225315 55.703434 57.016293 90.000000 90.000000 90.000000
3021 51.172951 55.646492 56.958008 90.000000 90.000000 90.000000
3022 51.138050 55.608540 56.919163 90.000000 90.000000 90.000000
3023 51.189526 55.664513 56.976452 90.000000 90.000000 90.000000
3024 51.212631 55.689640 57.002171 90.000000 90.000000 90.000000
3025 51.248352 55.728485 57.041931 90.000000 90.000000 90.000000
3026 51.194691 55.670132 56.982201 90.000000 90.000000 90.000000
3027 51.161442 55.633976 56.945194 90.000000 90.000000 90.000000
3028 51.108963 55.576908 56.886784 90.000000 90.000000 90.000000
3029 51.167027 55.640049 56.951412 90.000000 90.000000 90.000000
3030 51.267139 55.748913 57.062840 90.000000 90.000000 90.000000
3031 51.237850 55.717064 57.030243 90.000000 90.000000 90.000000
3032 51.251850 55.732288 57.045826 90.000000 90.000000 90.000000
3033 51.204994 55.681335 56.993671 90.000000 90.000000 90.000000
3034 51.274101 55.756485 57.070591 90.000000 90.000000 90.000000
3035 51.181782 55.656097 56.967838 90.000000 90.000000 90.000000
3036 51.322403 55.809010 57.124355 90.000000 90.000000 90.000000
3037 51.297779 55.782230 57.096947 90.000000 90.000000 90.000000
3038 51.126129 55.595573 56.905891 90.000000 90.000000 90.000000
3039 51.263100 55.744518 57.058346 90.000000 90.000000 90.000000
3040 51.278667 55.761452 57.075676 90.000000 90.000000 90.000000
3041 51.154961 55.626930 56.937984 90.000000 90.000000 90.000000
3042 51.121525 55.590569 56.900764 90.000000 90.000000 90.000000
3043 51.145111 55.616219 56.927021 90.000000 90.000000 90.000000
3044 51.320244 55.806660 57.121948 90.000000 90.000000 90.000000
3045 51.336540 55.824379 57.140087 90.000000 90.000000 90.000000
3046 51.170052 55.643337 56.954781 90.000000 90.000000 90.000000
3047 51.212490 55.689487 57.002014 90.000000 90.000000 90.000000
3048 51.090599 55.556942 56.866344 90.000000 90.000000 90.000000
3049 51.172588 55.646099 56.957603 90.000000 90.000000 90.000000
3050 51.180725 55.654942 56.966660 90.000000 90.000000 90.000000
3051 51.089668 55.555927 56.865311 90.000000 90.000000 90.000000
3052 51.138443 55.608967 56.919598 90.000000 90.000000 90.000000
3053 51.316856 55.802975 57.118179 90.000000 90.000000 90.000000
3054 51.170872 55.644230 56.955692 90.000000 90.000000 90.000000
3055 51.227268 55.705555 57.018463 90.000000 90.000000 90.000000
3056 51.350304 55.839348 57.155411 90.000000 90.000000 90.000000
3057 51.170105 55.643394 56.954838 90.000000 90.000000 90.000000
3058 51.234833 55.713783 57.026886 90.000000 90.000000 90.000000
3059 51.183727 55.658211 56.970001 90.000000 90.000000 90.000000
3060 51.150574 55.622154 56.933098 90.000000 90.000000 90.000000
3061 51.214989 55.692200 57.004795 90.000000 90.000000 90.000000
3062 51.195160 55.670643 56.982727 90.000000 90.000000 90.000000
3063 51.208179 55.684799 56.997215 90.000000 90.000000 90.000000
3064 51.090290 55.556602 56.865997 90.000000 90.000000 90.000000
3065 51.143795 55.614788 56.925556 90.000000 90.000000 90.000000
3066 51.157597 55.629791 56.940914 90.000000 90.000000 90.000000
3067 51.344513 55.833054 57.148964 90.000000 90.000000 90.000000
3068 51.168602 55.641758 56.953163 90.000000 90.000000 90.000000
3069 51.094429 55.561108 56.870609 90.000000 90.000000 90.000000
3070 51.122311 55.591427 56.901642 90.000000 90.000000 90.000000
3071 51.091759 55.558201 56.867634 90.000000 90.000000 90.000000
3072 51.278126 55.760860 57.075069 90.000000 90.000000 90.000000
3073 51.246487 55.726456 57.039856 90.000000 90.000000 90.000000
3074 51.296902 55.781277 57.095966 90.000000 90.000000 90.000000
3075 51.199486 55.675343 56.987537 90.000000 90.000000 90.000000
3076 51.163818 55.636562 56.947842 90.000000 90.000000 90.000000
3077 51.216858 55.694237 57.006878 90.000000 90.000000 90.000000
3078 51.290039 55.773815 57.088333 90.000000 90.000000 90.000000
3079 51.209103 55.685802 56.998245 90.000000 90.000000 90.000000
3080 51.217861 55.695328 57.007992 90.000000 90.000000 90.000000
3081 51.205788 55.682198 56.994553 90.000000 90.000000 90.000000
3082 51.162300 55.634911 56.946152 90.000000 90.000000 90.000000
3083 51.237659 55.716854 57.030029 90.000000 90.000000 90.000000
3084 51.261036 55.742279 57.056049 90.000000 90.000000 90.000000
3085 51.222218 55.700066 57.012844 90.000000 90.000000 90.000000
3086 51.134296 55.604458 56.914982 90.000000 90.000000 90.000000
3087 51.308578 55.793976 57.108967 90.000000 90.000000 90.000000
3088 51.193668 55.669022 56.981068 90.000000 90.000000 90.000000
3089 51.205036 55.681381 56.993717 90.000000 90.000000 90.000000
3090 51.212276 55.689251 57.001774 90.000000 90.000000 90.000000
3091 51.240429 55.719868 57.033112 90.000000 90.000000 90.000000
3092 51.160156 55.632580 56.943768 90.000000 90.000000 90.000000
3093 51.109474 55.577465 56.887352 90.000000 90.000000 90.000000
3094 51.189240 55.664204 56.976139 90.000000 90.000000 90.000000
3095 51.143024 55.613949 56.924698 90.000000 90.000000 90.000000
3096 51.195339 55.670834 56.982925 90.000000 90.000000 90.000000
3097 51.236881 55.716011 57.029163 90.000000 90.000000 90.000000
3098 51.222267 55.700119 57.012897 90.000000 90.000000 90.000000
3099 51.278275 55.761021 57.075237 90.000000 90.000000 90.000000
3100 51.266651 55.748383 57.062298 90.000000 90.000000 90.000000
3101 51.173996 55.647629 56.959171 90.000000 90.000000 90.000000
3102 51.274303 55.756702 57.070816 90.000000 90.000000 90.000000
3103 51.298523 55.783039 57.097771 90.000000 90.000000 90.000000
3104 51.129562 55.599308 56.909710 90.000000 90.000000 90.000000
3105 51.319439 55.805786 57.121056 90.000000 90.000000 90.000000
3106 51.191589 55.666756 56.978748 90.000000 90.000000 90.000000
3107 51.149956 55.621487 56.932411 90.000000 90.000000 90.000000
3108 51.276234 55.758804 57.072968 90.000000 90.000000 90.000000
3109 51.224037 55.702042 57.014866 90.000000 90.000000 90.000000
3110 51.188446 55.663338 56.975250 90.000000 90.000000 90.000000
3111 51.047565 55.510143 56.818443 90.000000 90.000000 90.000000
3112 51.171108 55.644489 56.955956 90.000000 90.000000 90.000000
3113 51.269180 55.751133 57.065113 90.000000 90.000000 90.000000
3114 51.222553 55.700428 57.013214 90.000000 90.000000 90.000000
3115 51.286751 55.770241 57.084671 90.000000 90.000000 90.000000
3116 51.197830 55.673546 56.985699 90.000000 90.000000 90.000000
3117 51.001835 55.460415 56.767544 90.000000 90.000000 90.000000
3118 51.210140 55.686932 56.999397 90.000000 90.000000 90.000000
3119 51.091450 55.557865 56.867290 90.000000 90.000000 90.000000
3120 51.132416 55.602413 56.912888 90.000000 90.000000 90.000000
3121 51.143089 55.614017 56.924767 90.000000 90.000000 90.000000
3122 51.084576 55.550392 56.859642 90.000000 90.000000 90.000000
3123 51.159012 55.631332 56.942490 90.000000 90.000000 90.000000
3124 51.213390 55.690464 57.003017 90.000000 90.000000 90.000000
3125 51.182705 55.657097 56.968861 90.000000 90.000000 90.000000
3126 51.317024 55.803158 57.118366 90.000000 90.000000 90.000000
3127 51.284794 55.768112 57.082493 90.000000 90.000000 90.000000
3128 51.169899 55.643173 56.954609 90.000000 90.000000 90.000000
3129 51.256500 55.737343 57.050999 90.000000 90.000000 90.000000
3130 51.181087 55.655338 56.967064 90.000000 90.000000 90.000000
3131 51.213406 55.690483 57.003036 90.000000 90.000000 90.000000
3132 51.165348 55.638222 56.949543 90.000000 90.000000 90.000000
3133 51.210129 55.686916 56.999386 90.000000 90.000000 90.000000
3134 51.180759 55.654980 56.966694 90.000000 90.000000 90.000000
3135 51.164547 55.637352 56.948650 90.000000 90.000000 90.000000
3136 51.009216 55.468445 56.775761 90.000000 90.000000 90.000000
3137 51.127739 55.597328 56.907684 90.000000 90.000000 90.000000
3138 51.059677 55.523312 56.831924 90.000000 90.000000 90.000000
3139 51.200275 55.676205 56.988419 90.000000 90.000000 90.000000
3140 51.155773 55.627811 56.938889 90.000000 90.000000 90.000000
3141 51.224190 55.702209 57.015038 90.000000 90.000000 90.000000
3142 51.097965 55.564953 56.874546 90.000000 90.000000 90.000000
3143 51.060719 55.524448 56.833084 90.000000 90.000000 90.000000
3144 51.133915 55.604042 56.914558 90.000000 90.000000 90.000000
3145 51.202759 55.678905 56.991184 90.000000 90.000000 90.000000
3146 51.178341 55.652351 56.964005 90.000000 90.000000 90.000000
3147 51.254959 55.735668 57.049286 90.000000 90.000000 90.000000
3148 51.170033 55.643314 56.954754 90.000000 90.000000 90.000000
3149 51.125378 55.594761 56.905056 90.000000 90.000000 90.000000
3150 51.173847 55.647469 56.959003 90.000000 90.000000 90.000000
3151 51.253609 55.734203 57.047783 90.000000 90.000000 90.000000
3152 51.231190 55.709824 57.022831 90.000000 90.000000 90.000000
3153 51.274311 55.756710 57.070824 90.000000 90.000000 90.000000
3154 51.179741 55.653873 56.965565 90.000000 90.000000 90.000000
3155 51.134125 55.604267 56.914787 90.000000 90.000000 90.000000
3156 51.130188 55.599987 56.910408 90.000000 90.000000 90.000000
3157 51.140598 55.611309 56.921997 90.000000 90.000000 90.000000
3158 51.273594 55.755932 57.070026 90.000000 90.000000 90.000000
3159 51.251652 55.732071 57.045605 90.000000 90.000000 90.000000
3160 51.166859 55.639866 56.951225 90.000000 90.000000 90.000000
3161 51.205269 55.681633 56.993977 90.000000 90.000000 90.000000
3162 51.218250 55.695747 57.008423 90.000000 90.000000 90.000000
3163 51.091511 55.557930 56.867359 90.000000 90.000000 90.000000
3164 51.207718 55.684296 56.996704 90.000000 90.000000 90.000000
3165 51.144089 55.615105 56.925880 90.000000 90.000000 90.000000
3166 51.138557 55.609089 56.919724 90.000000 90.000000 90.000000
3167 51.263794 55.745277 57.059120 90.000000 90.000000 90.000000
3168 51.249664 55.729912 57.043392 90.000000 90.000000 90.000000
3169 51.198643 55.674427 56.986603 90.000000 90.000000 90.000000
3170 51.183964 55.658466 56.970261 90.000000 90.000000 90.000000
3171 51.104469 55.572021 56.881783 90.000000 90.000000 90.000000
3172 51.143902 55.614902 56.925671 90.000000 90.000000 90.000000
3173 51.161179 55.633690 56.944904 90.000000 90.000000 90.000000
3174 51.153610 55.625462 56.936481 90.000000 90.000000 90.000000
3175 51.277149 55.759800 57.073986 90.000000 90.000000 90.000000
3176 51.193901 55.669273 56.981327 90.000000 90.000000 90.000000
3177 51.122055 55.591145 56.901356 90.000000 90.000000 90.000000
3178 51.166386 55.639351 56.950699 90.000000 90.000000 90.000000
3179 51.161980 55.634563 56.945797 90.000000 90.000000 90.000000
3180 51.205688 55.682091 56.994446 90.000000 90.000000 90.000000
3181 51.247501 55.727558 57.040985 90.000000 90.000000 90.000000
3182 51.114666 55.583111 56.893135 90.000000 90.000000 90.000000
3183 51.220776 55.698494 57.011234 90.000000 90.000000 90.000000
3184 51.154465 55.626389 56.937431 90.000000 90.000000 90.000000
3185 51.166504 55.639481 56.950829 90.000000 90.000000 90.000000
3186 51.084106 55.549881 56.859119 90.000000 90.000000 90.000000
3187 51.213718 55.690819 57.003380 90.000000 90.000000 90.000000
3188 51.305264 55.790371 57.105278 90.000000 90.000000 90.000000
3189 51.362419 55.852524 57.168892 90.000000 90.000000 90.000000
3190 51.296753 55.781116 57.095806 90.000000 90.000000 90.000000
3191 51.235935 55.714981 57.028111 90.000000 90.000000 90.000000
3192 51.165848 55.638767 56.950100 90.000000 90.000000 90.000000
3193 51.129456 55.599194 56.909595 90.000000 90.000000 90.000000
3194 51.109737 55.577751 56.887650 90.000000 90.000000 90.000000
3195 51.060619 55.524342 56.832977 90.000000 90.000000 90.000000
3196 51.232655 55.711414 57.024460 90.000000 90.000000 90.000000
3197 51.062603 55.526493 56.835182 90.000000 90.000000 90.000000
3198 51.137211 55.607628 56.918228 90.000000 90.000000 90.000000
3199 51.183571 55.658039 56.969826 90.000000 90.000000 90.000000
3200 51.298840 55.783386 57.098129 90.000000 90.000000 90.000000
3201 51.263584 55.745045 57.058884 90.000000 90.000000 90.000000
3202 51.134075 55.604214 56.914734 90.000000 90.000000 90.000000
3203 51.264664 55.746220 57.060085 90.000000 90.000000 90.000000
3204 51.240681 55.720142 57.033394 90.000000 90.000000 90.000000
3205 51.124996 55.594341 56.904629 90.000000 90.000000 90.000000
3206 51.187798 55.662636 56.974529 90.000000 90.000000 90.000000
3207 51.202660 55.678799 56.991074 90.000000 90.000000 90.000000
3208 51.147495 55.618813 56.929676 90.000000 90.000000 90.000000
3209 51.259686 55.740807 57.054543 90.000000 90.000000 90.000000
3210 51.263531 55.744991 57.058826 90.000000 90.000000 90.000000
3211 51.188721 55.663639 56.975555 90.000000 90.000000 90.000000
3212 51.174339 55.647999 56.959549 90.000000 90.000000 90.000000
3213 51.080601 55.546066 56.855217 90.000000 90.000000 90.000000
3214 51.197689 55.673393 56.985542 90.000000 90.000000 90.000000
3215 51.216793 55.694164 57.006802 90.000000 90.000000 90.000000
3216 51.249962 55.730232 57.043720 90.000000 90.000000 90.000000
3217 51.195263 55.670753 56.982841 90.000000 90.000000 90.000000
3218 51.068924 55.533367 56.842216 90.000000 90.000000 90.000000
3219 51.140823 55.611553 56.922245 90.000000 90.000000 90.000000
3220 51.085842 55.551769 56.861050 90.000000 90.000000 90.000000
3221 51.242271 55.721870 57.035164 90.000000 90.000000 90.000000
3222 51.032383 55.493633 56.801544 90.000000 90.000000 90.000000
3223 51.281975 55.765045 57.079353 90.000000 90.000000 90.000000
3224 51.191067 55.666191 56.978168 90.000000 90.000000 90.000000
3225 51.201199 55.677208 56.989445 90.000000 90.000000 90.000000
3226 51.166828 55.639832 56.951191 90.000000 90.000000 90.000000
3227 51.230000 55.708527 57.021503 90.000000 90.000000 90.000000
3228 51.129475 55.599213 56.909615 90.000000 90.000000 90.000000
3229 51.164669 55.637486 56.948788 90.000000 90.000000 90.000000
3230 51.168968 55.642159 56.953571 90.000000 90.000000 90.000000
3231 51.360809 55.850773 57.167103 90.000000 90.000000 90.000000
3232 51.183235 55.657677 56.969456 90.000000 90.000000 90.000000
3233 51.077755 55.542973 56.852047 90.000000 90.000000 90.000000
3234 51.122379 55.591499 56.901718 90.000000 90.000000 90.000000
3235 51.188225 55.663101 56.975006 90.000000 90.000000 90.000000
3236 51.259441 55.740540 57.054272 90.000000 90.000000 90.000000
3237 51.125057 55.594410 56.904697 90.000000 90.000000 90.000000
3238 51.176727 55.650597 56.962208 90.000000 90.000000 90.000000
3239 51.381912 55.873722 57.190590 90.000000 90.000000 90.000000
3240 51.256016 55.736820 57.050461 90.000000 90.000000 90.000000
3241 51.191902 55.667099 56.979099 90.000000 90.000000 90.000000
3242 51.168781 55.641956 56.953365 90.000000 90.000000 90.000000
3243 51.056755 55.520138 56.828674 90.000000 90.000000 90.000000
3244 51.197227 55.672890 56.985027 90.000000 90.000000 90.000000
3245 51.102661 55.570057 56.879768 90.000000 90.000000 90.000000
3246 51.062778 55.526688 56.835381 90.000000 90.000000 90.000000
3247 51.150719 55.622314 56.933262 90.000000 90.000000 90.000000
3248 51.202610 55.678741 56.991016 90.000000 90.000000 90.000000
3249 51.253868 55.734482 57.048073 90.000000 90.000000 90.000000
3250 51.269730 55.751732 57.065727 90.000000 90.000000 90.000000
3251 51.189262 55.664230 56.976162 90.000000 90.000000 90.000000
3252 51.277252 55.759911 57.074100 90.000000 90.000000 90.000000
3253 51.093174 55.559742 56.869213 90.000000 90.000000 90.000000
3254 51.141762 55.612576 56.923294 90.000000 90.000000 90.000000
3255 51.270096 55.752129 57.066132 90.000000 90.000000 90.000000
3256 51.235851 55.714890 57.028015 90.000000 90.000000 90.000000
3257 51.310284 55.795826 57.110863 90.000000 90.000000 90.000000
3258 51.169724 55.642982 56.954414 90.000000 90.000000 90.000000
3259 51.150177 55.621727 56.932659 90.000000 90.000000 90.000000
3260 51.169796 55.643063 56.954494 90.000000 90.000000 90.000000
3261 51.121357 55.590389 56.900581 90.000000 90.000000 90.000000
3262 51.243248 55.722931 57.036247 90.000000 90.000000 90.000000
3263 51.134262 55.604420 56.914944 90.000000 90.000000 90.000000
3264 51.196564 55.672169 56.984291 90.000000 90.000000 90.000000
3265 51.275311 55.757797 57.071934 90.000000 90.000000 90.000000
3266 51.202633 55.678764 56.991043 90.000000 90.000000 90.000000
3267 51.335911 55.823696 57.139389 90.000000 90.000000 90.000000
3268 51.054298 55.517464 56.825939 90.000000 90.000000 90.000000
3269 51.187363 55.662159 56.974045 90.000000 90.000000 90.000000
3270 51.079102 55.544437 56.853546 90.000000 90.000000 90.000000
3271 51.251869 55.732307 57.045845 90.000000 90.000000 90.000000
3272 51.264294 55.745815 57.059673 90.000000 90.000000 90.000000
3273 51.111221 55.579365 56.889297 90.000000 90.000000 90.000000
3274 51.141857 55.612679 56.923397 90.000000 90.000000 90.000000
3275 51.198746 55.674541 56.986717 90.000000 90.000000 90.000000
3276 51.208790 55.685459 56.997894 90.000000 90.000000 90.000000
3277 51.211197 55.688084 57.000576 90.000000 90.000000 90.000000
3278 51.194756 55.670200 56.982277 90.000000 90.000000 90.000000
3279 51.081562 55.547115 56.856285 90.000000 90.000000 90.000000
3280 51.171379 55.644779 56.956257 90.000000 90.000000 90.000000
3281 51.121109 55.590115 56.900303 90.000000 90.000000 90.000000
3282 51.116322 55.584911 56.894974 90.000000 90.000000 90.000000
3283 51.247528 55.727589 57.041016 90.000000 90.000000 90.000000
3284 51.177052 55.650948 56.962570 90.000000 90.000000 90.000000
3285 51.253799 55.734406 57.047993 90.000000 90.000000 90.000000
3286 51.357449 55.847118 57.163361 90.000000 90.000000 90.000000
3287 51.170673 55.644012 56.955471 90.000000 90.000000 90.000000
3288 51.207771 55.684353 56.996761 90.000000 90.000000 90.000000
3289 51.089157 55.555370 56.864738 90.000000 90.000000 90.000000
3290 51.131161 55.601048 56.911491 90.000000 90.000000 90.000000
3291 51.097363 55.564293 56.873871 90.000000 90.000000 90.000000
3292 51.042068 55.504166 56.812325 90.000000 90.000000 90.000000
3293 51.191971 55.667175 56.979176 90.000000 90.000000 90.000000
3294 51.292221 55.776188 57.090759 90.000000 90.000000 90.000000
3295 51.186604 55.661335 56.973202 90.000000 90.000000 90.000000
3296 51.171829 55.645271 56.956760 90.000000 90.000000 90.000000
3297 51.238167 55.717407 57.030594 90.000000 90.000000 90.000000
3298 51.215179 55.692410 57.005009 90.000000 90.000000 90.000000
3299 51.212898 55.689930 57.002472 90.000000 90.000000 90.000000
3300 51.245544 55.725430 57.038807 90.000000 90.000000 90.000000
3301 51.215939 55.693237 57.005856 90.000000 90.000000 90.000000
3302 51.190952 55.666065 56.978043 90.000000 90.000000 90.000000
3303 51.140774 55.611500 56.922192 90.000000 90.000000 90.000000
3304 51.137913 55.608391 56.919006 90.000000 90.000000 90.000000
3305 51.195049 55.670521 56.982605 90.000000 90.000000 90.000000
3306 51.181808 55.656120 56.967861 90.000000 90.000000 90.000000
3307 51.167801 55.640892 56.952274 90.000000 90.000000 90.000000
3308 51.105625 55.573280 56.883068 90.000000 90.000000 90.000000
3309 51.126785 55.596291 56.906620 90.000000 90.000000 90.000000
3310 51.187607 55.662430 56.974319 90.000000 90.000000 90.000000
3311 51.245316 55.725182 57.038551 90.000000 90.000000 90.000000
3312 51.254826 55.735519 57.049133 90.000000 90.000000 90.000000
3313 51.181995 55.656326 56.968075 90.000000 90.000000 90.000000
3314 51.231552 55.710217 57.023235 90.000000 90.000000 90.000000
3315 51.179409 55.653511 56.965191 90.000000 90.000000 90.000000
3316 51.123943 55.593197 56.903458 90.000000 90.000000 90.000000
3317 51.146011 55.617195 56.928020 90.000000 90.000000 90.000000
3318 51.254467 55.735134 57.048737 90.000000 90.000000 90.000000
3319 51.146370 55.617588 56.928421 90.000000 90.000000 90.000000
3320 51.167217 55.640255 56.951622 90.000000 90.000000 90.000000
3321 51.224354 55.702385 57.015221 90.000000 90.000000 90.000000
3322 51.204132 55.680401 56.992714 90.000000 90.000000 90.000000
3323 51.188076 55.662937 56.974842 90.000000 90.000000 90.000000
3324 51.299793 55.784424 57.099190 90.000000 90.000000 90.000000
3325 51.199390 55.675243 56.987434 90.000000 90.000000 90.000000
3326 51.233494 55.712326 57.025394 90.000000 90.000000 90.000000
3327 51.104122 55.571648 56.881397 90.000000 90.000000 90.000000
3328 51.099518 55.566639 56.876270 90.000000 90.000000 90.000000
3329 51.113045 55.581348 56.891327 90.000000 90.000000 90.000000
3330 51.021885 55.482220 56.789860 90.000000 90.000000 90.000000
3331 51.166824 55.639828 56.951187 90.000000 90.000000 90.000000
3332 51.191231 55.666370 56.978352 90.000000 90.000000 90.000000
3333 51.198593 55.674374 56.986546 90.000000 90.000000 90.000000
3334 51.242470 55.722088 57.035385 90.000000 90.000000 90.000000
3335 51.200500 55.676449 56.988670 90.000000 90.000000 90.000000
3336 51.211414 55.688316 57.000816 90.000000 90.000000 90.000000
3337 51.082256 55.547871 56.857059 90.000000 90.000000 90.000000
3338 51.250507 55.730827 57.044331 90.000000 90.000000 90.000000
3339 51.285599 55.768986 57.083389 90.000000 90.000000 90.000000
3340 51.188560 55.663464 56.975380 90.000000 90.000000 90.000000
3341 51.129200 55.598915 56.909309 90.000000 90.000000 90.000000
3342 51.204079 55.680340 56.992653 90.000000 90.000000 90.000000
3343 51.265934 55.747601 57.061501 90.000000 90.000000 90.000000
3344 51.169464 55.642696 56.954124 90.000000 90.000000 90.000000
3345 51.241886 55.721451 57.034733 90.000000 90.000000 90.000000
3346 51.233688 55.712540 57.025612 90.000000 90.000000 90.000000
3347 51.170315 55.643623 56.955070 90.000000 90.000000 90.000000
3348 51.121052 55.590057 56.900242 90.000000 90.000000 90.000000
3349 51.186916 55.661678 56.973553 90.000000 90.000000 90.000000
3350 51.103596 55.571072 56.880810 90.000000 90.000000 90.000000
3351 51.175705 55.649483 56.961071 90.000000 90.000000 90.000000
3352 51.264374 55.745907 57.059765 90.000000 90.000000 90.000000
3353 51.206524 55.683002 56.995377 90.000000 90.000000 90.000000
3354 51.065723 55.529888 56.838654 90.000000 90.000000 90.000000
3355 51.127415 55.596973 56.907322 90.000000 90.000000 90.000000
3356 51.193317 55.668636 56.980675 90.000000 90.000000 90.000000
3357 51.132023 55.601986 56.912453 90.000000 90.000000 90.000000
3358 51.315868 55.801903 57.117081 90.000000 90.000000 90.000000
3359 51.088333 55.554474 56.863819 90.000000 90.000000 90.000000
3360 51.197224 55.672886 56.985023 90.000000 90.000000 90.000000
3361 51.218052 55.695534 57.008205 90.000000 90.000000 90.000000
3362 51.168446 55.641594 56.952991 90.000000 90.000000 90.000000
3363 51.131332 55.601234 56.911686 90.000000 90.000000 90.000000
3364 51.266590 55.748314 57.062229 90.000000 90.000000 90.000000
3365 51.255707 55.736481 57.050114 90.000000 90.000000 90.000000
3366 51.217602 55.695045 57.007706 90.000000 90.000000 90.000000
3367 51.208363 55.684998 56.997421 90.000000 90.000000 90.000000
3368 51.082012 55.547600 56.856785 90.000000 90.000000 90.000000
3369 51.197754 55.673462 56.985611 90.000000 90.000000 90.000000
3370 51.222321 55.700176 57.012955 90.000000 90.000000 90.000000
3371 51.351791 55.840965 57.157063 90.000000 90.000000 90.000000
3372 51.259869 55.741009 57.054749 90.000000 90.000000 90.000000
3373 51.160946 55.633434 56.944645 90.000000 90.000000 90.000000
3374 51.173058 55.646606 56.958126 90.000000 90.000000 90.000000
3375 51.173973 55.647602 56.959145 90.000000 90.000000 90.000000
3376 51.211338 55.688232 57.000732 90.000000 90.000000 90.000000
3377 51.229225 55.707684 57.020641 90.000000 90.000000 90.000000
3378 51.148407 55.619801 56.930687 90.000000 90.000000 90.000000
3379 51.235878 55.714916 57.028046 90.000000 90.000000 90.000000
3380 51.091290 55.557690 56.867111 90.000000 90.000000 90.000000
3381 51.340702 55.828907 57.144722 90.000000 90.000000 90.000000
3382 51.136395 55.606739 56.917316 90.000000 90.000000 90.000000
3383 51.350758 55.839840 57.155910 90.000000 90.000000 90.000000
3384 51.102596 55.569988 56.879700 90.000000 90.000000 90.000000
3385 51.179958 55.654110 56.965805 90.000000 90.000000 90.000000
3386 51.277878 55.760593 57.074795 90.000000 90.000000 90.000000
3387 51.189716 55.664722 56.976669 90.000000 90.000000 90.000000
3388 51.246078 55.726013 57.039402 90.000000 90.000000 90.000000
3389 51.271748 55.753925 57.067974 90.000000 90.000000 90.000000
3390 51.160728 55.633198 56.944401 90.000000 90.000000 90.000000
3391 51.224277 55.702305 57.015137 90.000000 90.000000 90.000000
3392 51.186211 55.660908 56.972763 90.000000 90.000000 90.000000
3393 51.151726 55.623409 56.934380 90.000000 90.000000 90.000000
3394 51.171215 55.644604 56.956074 90.000000 90.000000 90.000000
3395 51.206436 55.682903 56.995277 90.000000 90.000000 90.000000
3396 51.159237 55.631580 56.942741 90.000000 90.000000 90.000000
3397 51.300934 55.785660 57.100456 90.000000 90.000000 90.000000
3398 51.253689 55.734287 57.047871 90.000000 90.000000 90.000000
3399 51.173378 55.646954 56.958481 90.000000 90.000000 90.000000
3400 51.198769 55.674564 56.986744 90.000000 90.000000 90.000000
3401 51.267475 55.749279 57.063217 90.000000 90.000000 90.000000
3402 51.207497 55.684055 56.996456 90.000000 90.000000 90.000000
3403 51.182499 55.656872 56.968632 90.000000 90.000000 90.000000
3404 51.179382 55.653488 56.965168 90.000000 90.000000 90.000000
3405 51.137295 55.607716 56.918316 90.000000 90.000000 90.000000
3406 51.277985 55.760704 57.074913 90.000000 90.000000 90.000000
3407 51.153164 55.624973 56.935982 90.000000 90.000000 90.000000
3408 51.279850 55.762733 57.076988 90.000000 90.000000 90.000000
3409 51.265774 55.747429 57.061325 90.000000 90.000000 90.000000
3410 51.255280 55.736015 57.049641 90.000000 90.000000 90.000000
3411 51.307850 55.793182 57.108154 90.000000 90.000000 90.000000
3412 51.236813 55.715935 57.029083 90.000000 90.000000 90.000000
3413 51.218807 55.696358 57.009048 90.000000 90.000000 90.000000
3414 51.210987 55.687851 57.000343 90.000000 90.000000 90.000000
3415 51.165192 55.638054 56.949368 90.000000 90.000000 90.000000
3416 51.231071 55.709694 57.022697 90.000000 90.000000 90.000000
3417 51.155853 55.627895 56.938972 90.000000 90.000000 90.000000
3418 51.177711 55.651669 56.963306 90.000000 90.000000 90.000000
3419 51.211235 55.688122 57.000618 90.000000 90.000000 90.000000
3420 51.186905 55.661667 56.973537 90.000000 90.000000 90.000000
3421 51.160767 55.633240 56.944443 90.000000 90.000000 90.000000
3422 51.180111 55.654278 56.965977 90.000000 90.000000 90.000000
3423 51.212120 55.689083 57.001602 90.000000 90.000000 90.000000
3424 51.096115 55.562939 56.872482 90.000000 90.000000 90.000000
3425 51.103348 55.570801 56.880531 90.000000 90.000000 90.000000
3426 51.084778 55.550610 56.859867 90.000000 90.000000 90.000000
3427 51.118435 55.587208 56.897327 90.000000 90.000000 90.000000
3428 51.216492 55.693840 57.006470 90.000000 90.000000 90.000000
3429 51.079384 55.544746 56.853863 90.000000 90.000000 90.000000
3430 51.099754 55.566895 56.876534 90.000000 90.000000 90.000000
3431 51.169327 55.642548 56.953972 90.000000 90.000000 90.000000
3432 51.175613 55.649384 56.960968 90.000000 90.000000 90.000000
3433 51.228848 55.707272 57.020218 90.000000 90.000000 90.000000
3434 51.233246 55.712055 57.025116 90.000000 90.000000 90.000000
3435 51.226902 55.705158 57.018055 90.000000 90.000000 90.000000
3436 51.231560 55.710224 57.023239 90.000000 90.000000 90.000000
3437 51.221821 55.699635 57.012402 90.000000 90.000000 90.000000
3438 51.104626 55.572189 56.881954 90.000000 90.000000 90.000000
3439 51.168789 55.641964 56.953373 90.000000 90.000000 90.000000
3440 51.220234 55.697906 57.010632 90.000000 90.000000 90.000000
3441 51.161819 55.634384 56.945614 90.000000 90.000000 90.000000
3442 51.058201 55.521709 56.830284 90.000000 90.000000 90.000000
3443 51.185738 55.660393 56.972237 90.000000 90.000000 90.000000
3444 51.267368 55.749161 57.063095 90.000000 90.000000 90.000000
3445 51.281712 55.764759 57.079063 90.000000 90.000000 90.000000
3446 51.287479 55.771030 57.085484 90.000000 90.000000 90.000000
3447 51.160473 55.632923 56.944118 90.000000 90.000000 90.000000
3448 51.234222 55.713120 57.026203 90.000000 90.000000 90.000000
3449 51.208298 55.684929 56.997349 90.000000 90.000000 90.000000
3450 51.151947 55.623653 56.934628 90.000000 90.000000 90.000000
3451 51.266151 55.747837 57.061741 90.000000 90.000000 90.000000
3452 51.242661 55.722298 57.035599 90.000000 90.000000 90.000000
3453 51.177963 55.651943 56.963585 90.000000 90.000000 90.000000
3454 51.055984 55.519299 56.827816 90.000000 90.000000 90.000000
3455 51.261829 55.743141 57.056934 90.000000 90.000000 90.000000
3456 51.124863 55.594200 56.904484 90.000000 90.000000 90.000000
3457 51.324230 55.810993 57.126385 90.000000 90.000000 90.000000
3458 51.229740 55.708241 57.021214 90.000000 90.000000 90.000000
3459 51.222153 55.699993 57.012772 90.000000 90.000000 90.000000
3460 51.261089 55.742336 57.056110 90.000000 90.000000 90.000000
3461 51.167316 55.640362 56.951733 90.000000 90.000000 90.000000
3462 51.160172 55.632595 56.943783 90.000000 90.000000 90.000000
3463 51.140511 55.611214 56.921898 90.000000 90.000000 90.000000
3464 51.143246 55.614189 56.924942 90.000000 90.000000 90.000000
3465 51.243366 55.723064 57.036381 90.000000 90.000000 90.000000
3466 51.078777 55.544083 56.853188 90.000000 90.000000 90.000000
3467 51.136295 55.606628 56.917206 90.000000 90.000000 90.000000
3468 51.242252 55.721848 57.035141 90.000000 90.000000 90.000000
3469 51.328339 55.815460 57.130959 90.000000 90.000000 90.000000
3470 51.199768 55.675652 56.987854 90.000000 90.000000 90.000000
3471 51.148315 55.619701 56.930584 90.000000 90.000000 90.000000
3472 51.225384 55.703510 57.016369 90.000000 90.000000 90.000000
3473 51.235939 55.714985 57.028114 90.000000 90.000000 90.000000
3474 51.171833 55.645275 56.956760 90.000000 90.000000 90.000000
3475 51.291248 55.775131 57.089680 90.000000 90.000000 90.000000
3476 51.115849 55.584396 56.894447 90.000000 90.000000 90.000000
3477 51.304413 55.789444 57.104328 90.000000 90.000000 90.000000
3478 51.138428 55.608948 56.919579 90.000000 90.000000 90.000000
3479 51.284245 55.767513 57.081879 90.000000 90.000000 90.000000
3480 51.111813 55.580009 56.889957 90.000000 90.000000 90.000000
3481 51.150761 55.622360 56.933304 90.000000 90.000000 90.000000
3482 51.256493 55.737339 57.050995 90.000000 90.000000 90.000000
3483 51.241814 55.721371 57.034653 90.000000 90.000000 90.000000
3484 51.293171 55.777218 57.091816 90.000000 90.000000 90.000000
3485 51.263653 55.745121 57.058960 90.000000 90.000000 90.000000
3486 51.165730 55.638638 56.949970 90.000000 90.000000 90.000000
3487 51.172134 55.645603 56.957096 90.000000 90.000000 90.000000
3488 51.072636 55.537407 56.846352 90.000000 90.000000 90.000000
3489 51.147377 55.618683 56.929543 90.000000 90.000000 90.000000
3490 51.155712 55.627747 56.938820 90.000000 90.000000 90.000000
3491 51.160625 55.633087 56.944286 90.000000 90.000000 90.000000
3492 51.060959 55.524708 56.833351 90.000000 90.000000 90.000000
3493 51.238365 55.717621 57.030815 90.000000 90.000000 90.000000
3494 51.046619 55.509117 56.817394 90.000000 90.000000 90.000000
3495 51.198360 55.674122 56.986290 90.000000 90.000000 90.000000
3496 51.112026 55.580238 56.890194 90.000000 90.000000 90.000000
3497 51.209522 55.686260 56.998711 90.000000 90.000000 90.000000
3498 51.219978 55.697632 57.010349 90.000000 90.000000 90.000000
3499 51.233913 55.712780 57.025860 90.000000 90.000000 90.000000
3500 51.171356 55.644756 56.956230 90.000000 90.000000 90.000000
3501 51.155220 55.627213 56.938271 90.000000 90.000000 90.000000
3502 51.223469 55.701424 57.014233 90.000000 90.000000 90.000000
3503 51.270596 55.752670 57.066689 90.000000 90.000000 90.000000
3504 51.110092 55.578136 56.888042 90.000000 90.000000 90.000000
3505 51.137108 55.607513 56.918110 90.000000 90.000000 90.000000
3506 51.234962 55.713921 57.027027 90.000000 90.000000 90.000000
3507 50.938965 55.392052 56.697571 90.000000 90.000000 90.000000
3508 51.099300 55.566402 56.876030 90.000000 90.000000 90.000000
3509 51.068363 55.532761 56.841595 90.000000 90.000000 90.000000
3510 51.213295 55.690361 57.002911 90.000000 90.000000 90.000000
3511 51.166229 55.639179 56.950523 90.000000 90.000000 90.000000
3512 51.312225 55.797939 57.113026 90.000000 90.000000 90.000000
3513 51.333920 55.821533 57.137173 90.000000 90.000000 90.000000
3514 51.235165 55.714142 57.027252 90.000000 90.000000 90.000000
3515 51.180855 55.655087 56.966805 90.000000 90.000000 90.000000
3516 51.177319 55.651241 56.962868 90.000000 90.000000 90.000000
3517 51.164604 55.637413 56.948715 90.000000 90.000000 90.000000
3518 51.155376 55.627377 56.938442 90.000000 90.000000 90.000000
3519 51.328701 55.815857 57.131367 90.000000 90.000000 90.000000
3520 51.178726 55.652771 56.964436 90.000000 90.000000 90.000000
3521 51.299625 55.784237 57.098999 90.000000 90.000000 90.000000
3522 51.131035 55.600910 56.911350 90.000000 90.000000 90.000000
3523 51.177296 55.651215 56.962841 90.000000 90.000000 90.000000
3524 51.190659 55.665749 56.977715 90.000000 90.000000 90.000000
3525 51.160332 55.632767 56.943958 90.000000 90.000000 90.000000
3526 51.172550 55.646053 56.957558 90.000000 90.000000 90.000000
3527 51.196194 55.671764 56.983875 90.000000 90.000000 90.000000
3528 51.211681 55.688606 57.001114 90.000000 90.000000 90.000000
3529 51.216946 55.694328 57.006973 90.000000 90.000000 90.000000
3530 51.209194 55.685905 56.998348 90.000000 90.000000 90.000000
3531 51.218647 55.696182 57.008869 90.000000 90.000000 90.000000
3532 51.257336 55.738251 57.051929 90.000000 90.000000 90.000000
3533 51.240971 55.720455 57.033714 90.000000 90.000000 90.000000
3534 51.274284 55.756680 57.070793 90.000000 90.000000 90.000000
3535 51.185852 55.660519 56.972366 90.000000 90.000000 90.000000
3536 51.142036 55.612873 56.923595 90.000000 90.000000 90.000000
3537 51.175697 55.649479 56.961063 90.000000 90.000000 90.000000
3538 51.087227 55.553272 56.862591 90.000000 90.000000 90.000000
3539 51.229885 55.708401 57.021374 90.000000 90.000000 90.000000
3540 51.148003 55.619362 56.930237 90.000000 90.000000 90.000000
3541 51.031384 55.492550 56.800434 90.000000 90.000000 90.000000
3542 51.122314 55.591427 56.901646 90.000000 90.000000 90.000000
3543 51.196152 55.671722 56.983829 90.000000 90.000000 90.000000
3544 51.136944 55.607334 56.917927 90.000000 90.000000 90.000000
3545 51.189091 55.664043 56.975971 90.000000 90.000000 90.000000
3546 51.144619 55.615681 56.926468 90.000000 90.000000 90.000000
3547 51.264011 55.745514 57.059361 90.000000 90.000000 90.000000
3548 51.127750 55.597340 56.907696 90.000000 90.000000 90.000000
3549 51.127609 55.597183 56.907539 90.000000 90.000000 90.000000
3550 51.271904 55.754093 57.068146 90.000000 90.000000 90.000000
3551 51.199837 55.675724 56.987930 90.000000 90.000000 90.000000
3552 51.170509 55.643837 56.955288 90.000000 90.000000 90.000000
3553 51.150768 55.622368 56.933315 90.000000 90.000000 90.000000
3554 51.225189 55.703297 57.016151 90.000000 90.000000 90.000000
3555 51.304943 55.790020 57.104919 90.000000 90.000000 90.000000
3556 51.153080 55.624882 56.935890 90.000000 90.000000 90.000000
3557 51.228878 55.707310 57.020256 90.000000 90.000000 90.000000
3558 51.275784 55.758312 57.072460 90.000000 90.000000 90.000000
3559 51.107685 55.575520 56.885361 90.000000 90.000000 90.000000
3560 51.216915 55.694298 57.006943 90.000000 90.000000 90.000000
3561 51.122715 55.591866 56.902092 90.000000 90.000000 90.000000
3562 51.260063 55.741219 57.054966 90.000000 90.000000 90.000000
3563 51.221722 55.699528 57.012291 90.000000 90.000000 90.000000
3564 51.116398 55.584995 56.895061 90.000000 90.000000 90.000000
3565 51.187061 55.661835 56.973709 90.000000 90.000000 90.000000
3566 51.100937 55.568180 56.877850 90.000000 90.000000 90.000000
3567 51.217686 55.695137 57.007797 90.000000 90.000000 90.000000
3568 51.114101 55.582497 56.892506 90.000000 90.000000 90.000000
3569 51.055065 55.518299 56.826794 90.000000 90.000000 90.000000
3570 51.160412 55.632854 56.944050 90.000000 90.000000 90.000000
3571 51.264240 55.745758 57.059612 90.000000 90.000000 90.000000
3572 51.245018 55.724857 57.038219 90.000000 90.000000 90.000000
3573 51.172184 55.645657 56.957153 90.000000 90.000000 90.000000
3574 51.138191 55.608692 56.919315 90.000000 90.000000 90.000000
3575 51.093750 55.560368 56.869854 90.000000 90.000000 90.000000
3576 51.232220 55.710941 57.023975 90.000000 90.000000 90.000000
3577 51.280563 55.763512 57.077785 90.000000 90.000000 90.000000
3578 51.241142 55.720642 57.033905 90.000000 90.000000 90.000000
3579 51.307045 55.792309 57.107258 90.000000 90.000000 90.000000
3580 51.286037 55.769463 57.083878 90.000000 90.000000 90.000000
3581 51.220554 55.698257 57.010990 90.000000 90.000000 90.000000
3582 51.130444 55.600269 56.910694 90.000000 90.000000 90.000000
3583 51.147045 55.618320 56.929173 90.000000 90.000000 90.000000
3584 51.252323 55.732803 57.046352 90.000000 90.000000 90.000000
3585 51.188492 55.663391 56.975304 90.000000 90.000000 90.000000
3586 51.166439 55.639408 56.950756 90.000000 90.000000 90.000000
3587 51.196743 55.672363 56.984486 90.000000 90.000000 90.000000
3588 51.117210 55.585876 56.895962 90.000000 90.000000 90.000000
3589 51.079174 55.544514 56.853626 90.000000 90.000000 90.000000
3590 51.134743 55.604942 56.915478 90.000000 90.000000 90.000000
3591 51.197693 55.673397 56.985546 90.000000 90.000000 90.000000
3592 51.065777 55.529949 56.838715 90.000000 90.000000 90.000000
3593 51.206615 55.683098 56.995476 90.000000 90.000000 90.000000
3594 51.158943 55.631260 56.942417 90.000000 90.000000 90.000000
3595 51.250221 55.730515 57.044010 90.000000 90.000000 90.000000
3596 51.209183 55.685890 56.998333 90.000000 90.000000 90.000000
3597 51.247753 55.727833 57.041267 90.000000 90.000000 90.000000
3598 51.250641 55.730972 57.044479 90.000000 90.000000 90.000000
3599 51.283459 55.766659 57.081005 90.000000 90.000000 90.000000
3600 51.205379 55.681755 56.994099 90.000000 90.000000 90.000000
3601 51.166454 55.639427 56.950775 90.000000 90.000000 90.000000
3602 51.154175 55.626072 56.937107 90.000000 90.000000 90.000000
3603 51.166706 55.639698 56.951054 90.000000 90.000000 90.000000
3604 51.045681 55.508095 56.816349 90.000000 90.000000 90.000000
3605 51.160538 55.632992 56.944187 90.000000 90.000000 90.000000
3606 51.300602 55.785297 57.100086 90.000000 90.000000 90.000000
3607 51.243351 55.723045 57.036362 90.000000 90.000000 90.000000
3608 51.202888 55.679043 56.991325 90.000000 90.000000 90.000000
3609 51.108639 55.576557 56.886421 90.000000 90.000000 90.000000
3610 51.288387 55.772018 57.086494 90.000000 90.000000 90.000000
3611 51.181053 55.655300 56.967026 90.000000 90.000000 90.000000
3612 51.211086 55.687958 57.000450 90.000000 90.000000 90.000000
3613 51.252827 55.733349 57.046909 90.000000 90.000000 90.000000
3614 51.164955 55.637794 56.949104 90.000000 90.000000 90.000000
3615 51.176567 55.650425 56.962032 90.000000 90.000000 90.000000
3616 51.171978 55.645435 56.956924 90.000000 90.000000 90.000000
3617 51.185528 55.660168 56.972004 90.000000 90.000000 90.000000
3618 51.104256 55.571789 56.881542 90.000000 90.000000 90.000000
3619 51.160431 55.632877 56.944073 90.000000 90.000000 90.000000
3620 51.244904 55.724731 57.038094 90.000000 90.000000 90.000000
3621 51.162159 55.634754 56.945992 90.000000 90.000000 90.000000
3622 51.212540 55.689541 57.002071 90.000000 90.000000 90.000000
3623 51.268513 55.750404 57.064369 90.000000 90.000000 90.000000
3624 51.271046 55.753162 57.067192 90.000000 90.000000 90.000000
3625 51.240360 55.719791 57.033035 90.000000 90.000000 90.000000
3626 51.156719 55.628838 56.939938 90.000000 90.000000 90.000000
3627 51.212250 55.689228 57.001747 90.000000 90.000000 90.000000
3628 51.293449 55.777523 57.092125 90.000000 90.000000 90.000000
3629 51.264328 55.745853 57.059711 90.000000 90.000000 90.000000
3630 51.275047 55.757511 57.071644 90.000000 90.000000 90.000000
3631 51.221870 55.699684 57.012455 90.000000 90.000000 90.000000
3632 51.265400 55.747021 57.060905 90.000000 90.000000 90.000000
3633 51.154907 55.626869 56.937920 90.000000 90.000000 90.000000
3634 51.336250 55.824066 57.139767 90.000000 90.000000 90.000000
3635 51.239098 55.718418 57.031628 90.000000 90.000000 90.000000
3636 51.183865 55.658360 56.970154 90.000000 90.000000 90.000000
3637 51.150082 55.621624 56.932552 90.000000 90.000000 90.000000
3638 51.141922 55.612751 56.923470 90.000000 90.000000 90.000000
3639 51.139191 55.609779 56.920429 90.000000 90.000000 90.000000
3640 51.153019 55.624817 56.935822 90.000000 90.000000 90.000000
3641 51.176430 55.650272 56.961876 90.000000 90.000000 90.000000
3642 51.210583 55.687412 56.999889 90.000000 90.000000 90.000000
3643 51.200554 55.676506 56.988731 90.000000 90.000000 90.000000
3644 51.142300 55.613159 56.923889 90.000000 90.000000 90.000000
3645 51.233788 55.712646 57.025719 90.000000 90.000000 90.000000
3646 51.213184 55.690243 57.002789 90.000000 90.000000 90.000000
3647 51.259857 55.740993 57.054733 90.000000 90.000000 90.000000
3648 51.192070 55.667282 56.979286 90.000000 90.000000 90.000000
3649 51.272423 55.754662 57.068726 90.000000 90.000000 90.000000
3650 51.110950 55.579067 56.888996 90.000000 90.000000 90.000000
3651 51.179276 55.653366 56.965046 90.000000 90.000000 90.000000
3652 51.147243 55.618534 56.929390 90.000000 90.000000 90.000000
3653 51.194172 55.669567 56.981625 90.000000 90.000000 90.000000
3654 51.223282 55.701221 57.014027 90.000000 90.000000 90.000000
3655 51.336670 55.824520 57.140232 90.000000 90.000000 90.000000
3656 51.244625 55.724430 57.037781 90.000000 90.000000 90.000000
3657 51.204674 55.680988 56.993317 90.000000 90.000000 90.000000
3658 51.199673 55.675549 56.987747 90.000000 90.000000 90.000000
3659 51.231888 55.710579 57.023605 90.000000 90.000000 90.000000
3660 51.231216 55.709850 57.022858 90.000000 90.000000 90.000000
3661 51.252903 55.733433 57.046993 90.000000 90.000000 90.000000
3662 51.163921 55.636673 56.947956 90.000000 90.000000 90.000000
3663 51.158157 55.630405 56.941540 90.000000 90.000000 90.000000
3664 51.211319 55.688213 57.000710 90.000000 90.000000 90.000000
3665 51.203556 55.679771 56.992073 90.000000 90.000000 90.000000
3666 51.156311 55.628399 56.939487 90.000000 90.000000 90.000000
3667 51.131641 55.601570 56.912025 90.000000 90.000000 90.000000
3668 51.263466 55.744919 57.058754 90.000000 90.000000 90.000000
3669 51.273689 55.756039 57.070133 90.000000 90.000000 90.000000
3670 51.189980 55.665009 56.976959 90.000000 90.000000 90.000000
3671 51.200123 55.676037 56.988247 90.000000 90.000000 90.000000
3672 51.150631 55.622223 56.933163 90.000000 90.000000 90.000000
3673 51.129150 55.598862 56.909256 90.000000 90.000000 90.000000
3674 51.274094 55.756474 57.070583 90.000000 90.000000 90.000000
3675 51.188023 55.662880 56.974781 90.000000 90.000000 90.000000
3676 51.229660 55.708157 57.021126 90.000000 90.000000 90.000000
3677 51.144272 55.615303 56.926086 90.000000 90.000000 90.000000
3678 51.138027 55.608513 56.919136 90.000000 90.000000 90.000000
3679 51.296349 55.780674 57.095352 90.000000 90.000000 90.000000
3680 51.211273 55.688164 57.000664 90.000000 90.000000 90.000000
3681 51.046555 55.509045 56.817322 90.000000 90.000000 90.000000
3682 51.190144 55.665184 56.977139 90.000000 90.000000 90.000000
3683 51.163475 55.636185 56.947460 90.000000 90.000000 90.000000
3684 51.224979 55.703068 57.015919 90.000000 90.000000 90.000000
3685 51.164921 55.637756 56.949066 90.000000 90.000000 90.000000
3686 51.160496 55.632950 56.944145 90.000000 90.000000 90.000000
3687 51.163704 55.636433 56.947712 90.000000 90.000000 90.000000
3688 51.267612 55.749428 57.063370 90.000000 90.000000 90.000000
3689 51.155697 55.627728 56.938801 90.000000 90.000000 90.000000
3690 51.290966 55.774822 57.089363 90.000000 90.000000 90.000000
3691 51.136166 55.606491 56.917065 90.000000 90.000000 90.000000
3692 51.185581 55.660225 56.972065 90.000000 90.000000 90.000000
3693 51.158077 55.630318 56.941452 90.000000 90.000000 90.000000
3694 51.144245 55.615276 56.926056 90.000000 90.000000 90.000000
3695 51.090492 55.556824 56.866226 90.000000 90.000000 90.000000
3696 51.168419 55.641563 56.952961 90.000000 90.000000 90.000000
3697 51.190166 55.665211 56.977165 90.000000 90.000000 90.000000
3698 51.289867 55.773628 57.088139 90.000000 90.000000 90.000000
3699 51.233143 55.711945 57.025002 90.000000 90.000000 90.000000
3700 51.200939 55.676926 56.989155 90.000000 90.000000 90.000000
3701 51.220600 55.698303 57.011040 90.000000 90.000000 90.000000
3702 51.304913 55.789989 57.104885 90.000000 90.000000 90.000000
3703 51.257725 55.738678 57.052364 90.000000 90.000000 90.000000
3704 51.200939 55.676926 56.989155 90.000000 90.000000 90.000000
3705 51.158363 55.630627 56.941769 90.000000 90.000000 90.000000
3706 51.058369 55.521893 56.830471 90.000000 90.000000 90.000000
3707 51.107525 55.575344 56.885181 90.000000 90.000000 90.000000
3708 51.131550 55.601471 56.911926 90.000000 90.000000 90.000000
3709 51.175961 55.649765 56.961357 90.000000 90.000000 90.000000
3710 51.250359 55.730667 57.044167 90.000000 90.000000 90.000000
3711 51.262085 55.743416 57.057217 90.000000 90.000000 90.000000
3712 51.169628 55.642876 56.954304 90.000000 90.000000 90.000000
3713 51.149410 55.620892 56.931801 90.000000 90.000000 90.000000
3714 51.082664 55.548313 56.857513 90.000000 90.000000 90.000000
3715 51.204159 55.680424 56.992741 90.000000 90.000000 90.000000
3716 51.165932 55.638859 56.950191 90.000000 90.000000 90.000000
3717 51.130344 55.600163 56.910583 90.000000 90.000000 90.000000
3718 51.204586 55.680893 56.993217 90.000000 90.000000 90.000000
3719 51.212639 55.689648 57.002178 90.000000 90.000000 90.000000
3720 51.118851 55.587662 56.897789 90.000000 90.000000 90.000000
3721 51.182007 55.656338 56.968082 90.000000 90.000000 90.000000
3722 51.138966 55.609535 56.920181 90.000000 90.000000 90.000000
3723 51.156498 55.628601 56.939693 90.000000 90.000000 90.000000
3724 51.203690 55.679916 56.992218 90.000000 90.000000 90.000000
3725 51.163544 55.636261 56.947533 90.000000 90.000000 90.000000
3726 51.211792 55.688728 57.001240 90.000000 90.000000 90.000000
3727 51.182976 55.657394 56.969166 90.000000 90.000000 90.000000
3728 51.130318 55.600128 56.910553 90.000000 90.000000 90.000000
3729 51.253365 55.733932 57.047508 90.000000 90.000000 90.000000
3730 51.231438 55.710091 57.023102 90.000000 90.000000 90.000000
3731 51.177765 55.651726 56.963364 90.000000 90.000000 90.000000
3732 51.145679 55.616833 56.927650 90.000000 90.000000 90.000000
3733 51.094357 55.561024 56.870525 90.000000 90.000000 90.000000
3734 51.139488 55.610104 56.920761 90.000000 90.000000 90.000000
3735 51.172337 55.645821 56.957321 90.000000 90.000000 90.000000
3736 51.271965 55.754162 57.068214 90.000000 90.000000 90.000000
3737 51.214901 55.692108 57.004700 90.000000 90.000000 90.000000
3738 51.148266 55.619648 56.930531 90.000000 90.000000 90.000000
3739 51.091553 55.557976 56.867405 90.000000 90.000000 90.000000
3740 51.145260 55.616379 56.927185 90.000000 90.000000 90.000000
3741 51.165604 55.638504 56.949829 90.000000 90.000000 90.000000
3742 51.063015 55.526943 56.835644 90.000000 90.000000 90.000000
3743 51.096630 55.563499 56.873058 90.000000 90.000000 90.000000
3744 51.290627 55.774452 57.088982 90.000000 90.000000 90.000000
3745 51.247871 55.727962 57.041397 90.000000 90.000000 90.000000
3746 51.232231 55.710957 57.023991 90.000000 90.000000 90.000000
3747 51.161091 55.633595 56.944805 90.000000 90.000000 90.000000
3748 51.318047 55.804272 57.119503 90.000000 90.000000 90.000000
3749 51.329193 55.816395 57.131912 90.000000 90.000000 90.000000
3750 51.125538 55.594933 56.905235 90.000000 90.000000 90.000000
3751 51.078636 55.543930 56.853031 90.000000 90.000000 90.000000
3752 51.096085 55.562904 56.872448 90.000000 90.000000 90.000000
3753 51.165489 55.638378 56.949699 90.000000 90.000000 90.000000
3754 51.066799 55.531059 56.839851 90.000000 90.000000 90.000000
3755 51.158985 55.631306 56.942463 90.000000 90.000000 90.000000
3756 51.228680 55.707092 57.020035 90.000000 90.000000 90.000000
3757 51.165985 55.638916 56.950253 90.000000 90.000000 90.000000
3758 51.261665 55.742962 57.056751 90.000000 90.000000 90.000000
3759 51.192375 55.667614 56.979626 90.000000 90.000000 90.000000
3760 51.154503 55.626431 56.937473 90.000000 90.000000 90.000000
3761 51.219997 55.697647 57.010368 90.000000 90.000000 90.000000
3762 51.267998 55.749847 57.063797 90.000000 90.000000 90.000000
3763 51.211975 55.688927 57.001442 90.000000 90.000000 90.000000
3764 51.309856 55.795364 57.110386 90.000000 90.000000 90.000000
3765 51.160599 55.633060 56.944256 90.000000 90.000000 90.000000
3766 51.117065 55.585720 56.895802 90.000000 90.000000 90.000000
3767 51.126930 55.596447 56.906784 90.000000 90.000000 90.000000
3768 51.103020 55.570446 56.880169 90.000000 90.000000 90.000000
3769 51.283108 55.766277 57.080616 90.000000 90.000000 90.000000
3770 51.127918 55.597523 56.907883 90.000000 90.000000 90.000000
3771 51.263050 55.744465 57.058292 90.000000 90.000000 90.000000
3772 51.154018 55.625904 56.936932 90.000000 90.000000 90.000000
3773 51.197670 55.673374 56.985523 90.000000 90.000000 90.000000
3774 51.256126 55.736938 57.050583 90.000000 90.000000 90.000000
3775 51.275642 55.758160 57.072308 90.000000 90.000000 90.000000
3776 51.168739 55.641911 56.953316 90.000000 90.000000 90.000000
3777 51.236099 55.715160 57.028294 90.000000 90.000000 90.000000
3778 51.257607 55.738548 57.052235 90.000000 90.000000 90.000000
3779 51.360695 55.850651 57.166977 90.000000 90.000000 90.000000
3780 51.140404 55.611099 56.921780 90.000000 90.000000 90.000000
3781 51.172153 55.645622 56.957115 90.000000 90.000000 90.000000
3782 51.250050 55.730331 57.043819 90.000000 90.000000 90.000000
3783 51.224453 55.702496 57.015327 90.000000 90.000000 90.000000
3784 51.146778 55.618027 56.928871 90.000000 90.000000 90.000000
3785 51.164558 55.637367 56.948666 90.000000 90.000000 90.000000
3786 51.105042 55.572643 56.882416 90.000000 90.000000 90.000000
3787 51.203491 55.679703 56.992001 90.000000 90.000000 90.000000
3788 51.153419 55.625252 56.936268 90.000000 90.000000 90.000000
3789 51.210041 55.686821 56.999287 90.000000 90.000000 90.000000
3790 51.113968 55.582352 56.892353 90.000000 90.000000 90.000000
3791 51.247406 55.727455 57.040878 90.000000 90.000000 90.000000
3792 51.237144 55.716293 57.029457 90.000000 90.000000 90.000000
3793 51.252335 55.732815 57.046364 90.000000 90.000000 90.000000
3794 51.201340 55.677361 56.989601 90.000000 90.000000 90.000000
3795 51.222656 55.700542 57.013329 90.000000 90.000000 90.000000
3796 51.125702 55.595112 56.905418 90.000000 90.000000 90.000000
3797 51.219852 55.697491 57.010208 90.000000 90.000000 90.000000
3798 51.295818 55.780102 57.094765 90.000000 90.000000 90.000000
3799 51.135414 55.605671 56.916225 90.000000 90.000000 90.000000
3800 51.241722 55.721275 57.034554 90.000000 90.000000 90.000000
3801 51.183964 55.658466 56.970264 90.000000 90.000000 90.000000
3802 51.201515 55.677551 56.989799 90.000000 90.000000 90.000000
3803 51.137402 55.607834 56.918438 90.000000 90.000000 90.000000
3804 51.289680 55.773426 57.087933 90.000000 90.000000 90.000000
3805 51.287640 55.771206 57.085659 90.000000 90.000000 90.000000
3806 51.262974 55.744385 57.058208 90.000000 90.000000 90.000000
3807 51.133865 55.603989 56.914505 90.000000 90.000000 90.000000
3808 51.152302 55.624035 56.935020 90.000000 90.000000 90.000000
3809 51.176208 55.650036 56.961632 90.000000 90.000000 90.000000
3810 51.162926 55.635590 56.946846 90.000000 90.000000 90.000000
3811 51.178894 55.652954 56.964619 90.000000 90.000000 90.000000
3812 51.242779 55.722420 57.035725 90.000000 90.000000 90.000000
3813 51.262962 55.744373 57.058193 90.000000 90.000000 90.000000
3814 51.275589 55.758102 57.072247 90.000000 90.000000 90.000000
3815 51.181583 55.655876 56.967613 90.000000 90.000000 90.000000
3816 51.267185 55.748962 57.062893 90.000000 90.000000 90.000000
3817 51.104763 55.572342 56.882107 90.000000 90.000000 90.000000
3818 51.238079 55.717312 57.030495 90.000000 90.000000 90.000000
3819 51.158150 55.630398 56.941532 90.000000 90.000000 90.000000
3820 51.263996 55.745495 57.059345 90.000000 90.000000 90.000000
3821 51.230194 55.708736 57.021721 90.000000 90.000000 90.000000
3822 51.232922 55.711704 57.024754 90.000000 90.000000 90.000000
3823 51.250652 55.730988 57.044495 90.000000 90.000000 90.000000
3824 51.229504 55.707985 57.020950 90.000000 90.000000 90.000000
3825 50.975540 55.431820 56.738277 90.000000 90.000000 90.000000
3826 51.288071 55.771675 57.086143 90.000000 90.000000 90.000000
3827 51.190914 55.666023 56.977997 90.000000 90.000000 90.000000
3828 51.325100 55.811939 57.127354 90.000000 90.000000 90.000000
3829 51.127148 55.596684 56.907024 90.000000 90.000000 90.000000
3830 51.260185 55.741352 57.055103 90.000000 90.000000 90.000000
3831 51.223572 55.701534 57.014347 90.000000 90.000000 90.000000
3832 51.242508 55.722130 57.035427 90.000000 90.000000 90.000000
3833 51.178501 55.652523 56.964184 90.000000 90.000000 90.000000
3834 51.169922 55.643196 56.954636 90.000000 90.000000 90.000000
3835 51.120354 55.589294 56.899464 90.000000 90.000000 90.000000
3836 51.206753 55.683247 56.995628 90.000000 90.000000 90.000000
3837 51.228867 55.707294 57.020245 90.000000 90.000000 90.000000
3838 51.164978 55.637821 56.949131 90.000000 90.000000 90.000000
3839 51.204205 55.680477 56.992794 90.000000 90.000000 90.000000
3840 51.281273 55.764282 57.078571 90.000000 90.000000 90.000000
3841 51.263020 55.744434 57.058258 90.000000 90.000000 90.000000
3842 51.230492 55.709061 57.022049 90.000000 90.000000 90.000000
3843 51.290146 55.773930 57.088448 90.000000 90.000000 90.000000
3844 51.162075 55.634663 56.945900 90.000000 90.000000 90.000000
3845 51.150047 55.621586 56.932514 90.000000 90.000000 90.000000
3846 51.132847 55.602882 56.913368 90.000000 90.000000 90.000000
3847 51.212883 55.689915 57.002453 90.000000 90.000000 90.000000
3848 51.268398 55.750282 57.064243 90.000000 90.000000 90.000000
3849 51.075317 55.540325 56.849335 90.000000 90.000000 90.000000
3850 51.153595 55.625443 56.936462 90.000000 90.000000 90.000000
3851 51.172764 55.646286 56.957798 90.000000 90.000000 90.000000
3852 51.175293 55.649036 56.960609 90.000000 90.000000 90.000000
3853 51.215309 55.692554 57.005154 90.000000 90.000000 90.000000
3854 51.251286 55.731670 57.045193 90.000000 90.000000 90.000000
3855 51.200577 55.676533 56.988754 90.000000 90.000000 90.000000
3856 51.220901 55.698635 57.011379 90.000000 90.000000 90.000000
3857 51.160610 55.633072 56.944271 90.000000 90.000000 90.000000
3858 51.189892 55.664909 56.976860 90.000000 90.000000 90.000000
3859 51.285904 55.769318 57.083729 90.000000 90.000000 90.000000
3860 51.283276 55.766460 57.080803 90.000000 90.000000 90.000000
3861 51.184158 55.658676 56.970478 90.000000 90.000000 90.000000
3862 51.170490 55.643814 56.955265 90.000000 90.000000 90.000000
3863 51.217228 55.694641 57.007290 90.000000 90.000000 90.000000
3864 51.263111 55.744534 57.058357 90.000000 90.000000 90.000000
3865 51.097240 55.564159 56.873734 90.000000 90.000000 90.000000
3866 51.183334 55.657780 56.969563 90.000000 90.000000 90.000000
3867 51.295658 55.779922 57.094585 90.000000 90.000000 90.000000
3868 51.134941 55.605156 56.915699 90.000000 90.000000 90.000000
3869 51.243031 55.722694 57.036007 90.000000 90.000000 90.000000
3870 51.301384 55.786152 57.100960 90.000000 90.000000 90.000000
3871 51.213276 55.690338 57.002888 90.000000 90.000000 90.000000
3872 51.190674 55.665764 56.977734 90.000000 90.000000 90.000000
3873 51.335865 55.823647 57.139336 90.000000 90.000000 90.000000
3874 51.183453 55.657909 56.969696 90.000000 90.000000 90.000000
3875 51.173260 55.646828 56.958351 90.000000 90.000000 90.000000
3876 51.231865 55.710556 57.023579 90.000000 90.000000 90.000000
3877 51.150249 55.621803 56.932739 90.000000 90.000000 90.000000
3878 51.121319 55.590343 56.900536 90.000000 90.000000 90.000000
3879 51.170303 55.643612 56.955059 90.000000 90.000000 90.000000
3880 51.165657 55.638561 56.949886 90.000000 90.000000 90.000000
3881 51.246208 55.726151 57.039543 90.000000 90.000000 90.000000
3882 51.161026 55.633522 56.944733 90.000000 90.000000 90.000000
3883 51.226505 55.704727 57.017612 90.000000 90.000000 90.000000
3884 51.128403 55.598049 56.908421 90.000000 90.000000 90.000000
3885 51.206093 55.682529 56.994892 90.000000 90.000000 90.000000
3886 51.146423 55.617645 56.928482 90.000000 90.000000 90.000000
3887 51.098671 55.565720 56.875328 90.000000 90.000000 90.000000
3888 51.120895 55.589886 56.900066 90.000000 90.000000 90.000000
3889 51.137207 55.607624 56.918221 90.000000 90.000000 90.000000
3890 51.143105 55.614033 56.924782 90.000000 90.000000 90.000000
3891 51.117214 55.585884 56.895969 90.000000 90.000000 90.000000
3892 51.084057 55.549824 56.859062 90.000000 90.000000 90.000000
3893 51.278137 55.760876 57.075085 90.000000 90.000000 90.000000
3894 51.203251 55.679440 56.991734 90.000000 90.000000 90.000000
3895 51.086334 55.552303 56.861599 90.000000 90.000000 90.000000
3896 51.218418 55.695930 57.008610 90.000000 90.000000 90.000000
3897 51.195030 55.670502 56.982582 90.000000 90.000000 90.000000
3898 51.243187 55.722870 57.036182 90.000000 90.000000 90.000000
3899 51.150539 55.622120 56.933060 90.000000 90.000000 90.000000
3900 51.280407 55.763340 57.077610 90.000000 90.000000 90.000000
3901 51.180073 55.654232 56.965931 90.000000 90.000000 90.000000
3902 51.119247 55.588093 56.898232 90.000000 90.000000 90.000000
3903 51.165741 55.638649 56.949982 90.000000 90.000000 90.000000
3904 51.248005 55.728107 57.041546 90.000000 90.000000 90.000000
3905 51.169659 55.642910 56.954338 90.000000 90.000000 90.000000
3906 51.169304 55.642525 56.953949 90.000000 90.000000 90.000000
3907 51.085373 55.551258 56.860527 90.000000 90.000000 90.000000
3908 51.257999 55.738976 57.052670 90.000000 90.000000 90.000000
3909 50.965931 55.421371 56.727581 90.000000 90.000000 90.000000
3910 51.155582 55.627602 56.938671 90.000000 90.000000 90.000000
3911 51.297001 55.781387 57.096081 90.000000 90.000000 90.000000
3912 51.310410 55.795967 57.111004 90.000000 90.000000 90.000000
3913 51.199612 55.675484 56.987682 90.000000 90.000000 90.000000
3914 51.294312 55.778461 57.093086 90.000000 90.000000 90.000000
3915 51.105808 55.573479 56.883274 90.000000 90.000000 90.000000
3916 51.214497 55.691666 57.004246 90.000000 90.000000 90.000000
3917 51.305485 55.790611 57.105522 90.000000 90.000000 90.000000
3918 51.174480 55.648151 56.959705 90.000000 90.000000 90.000000
3919 51.081608 55.547161 56.856335 90.000000 90.000000 90.000000
3920 51.145691 55.616848 56.927662 90.000000 90.000000 90.000000
3921 51.114952 55.583420 56.893448 90.000000 90.000000 90.000000
3922 51.270954 55.753063 57.067089 90.000000 90.000000 90.000000
3923 51.342918 55.831318 57.147190 90.000000 90.000000 90.000000
3924 51.165764 55.638676 56.950005 90.000000 90.000000 90.000000
3925 51.304470 55.789505 57.104393 90.000000 90.000000 90.000000
3926 51.259468 55.740570 57.054302 90.000000 90.000000 90.000000
3927 51.212231 55.689205 57.001728 90.000000 90.000000 90.000000
3928 51.222061 55.699894 57.012665 90.000000 90.000000 90.000000
3929 51.145378 55.616508 56.927315 90.000000 90.000000 90.000000
3930 51.159286 55.631630 56.942795 90.000000 90.000000 90.000000
3931 51.201191 55.677200 56.989437 90.000000 90.000000 90.000000
3932 51.248314 55.728443 57.041889 90.000000 90.000000 90.000000
3933 51.167408 55.640461 56.951836 90.000000 90.000000 90.000000
3934 51.127892 55.597492 56.907852 90.000000 90.000000 90.000000
3935 51.208565 55.685215 56.997646 90.000000 90.000000 90.000000
3936 51.224632 55.702690 57.015530 90.000000 90.000000 90.000000
3937 51.203911 55.680157 56.992466 90.000000 90.000000 90.000000
3938 51.346912 55.835659 57.151634 90.000000 90.000000 90.000000
3939 51.199959 55.675861 56.988068 90.000000 90.000000 90.000000
3940 51.240505 55.719952 57.033195 90.000000 90.000000 90.000000
3941 51.109669 55.577675 56.887569 90.000000 90.000000 90.000000
3942 51.223091 55.701012 57.013813 90.000000 90.000000 90.000000
3943 51.206779 55.683277 56.995659 90.000000 90.000000 90.000000
3944 51.314930 55.800880 57.116035 90.000000 90.000000 90.000000
3945 51.145195 55.616310 56.927113 90.000000 90.000000 90.000000
3946 51.088490 55.554646 56.863998 90.000000 90.000000 90.000000
3947 51.337883 55.825844 57.141586 90.000000 90.000000 90.000000
3948 51.119404 55.588261 56.898403 90.000000 90.000000 90.000000
3949 51.246269 55.726219 57.039616 90.000000 90.000000 90.000000
3950 51.277897 55.760609 57.074814 90.000000 90.000000 90.000000
3951 51.188820 55.663746 56.975666 90.000000 90.000000 90.000000
3952 51.187321 55.662117 56.973999 90.000000 90.000000 90.000000
3953 51.018982 55.479061 56.786629 90.000000 90.000000 90.000000
3954 51.170250 55.643551 56.954998 90.000000 90.000000 90.000000
3955 51.123608 55.592834 56.903084 90.000000 90.000000 90.000000
3956 51.089043 55.555248 56.864613 90.000000 90.000000 90.000000
3957 51.250309 55.730610 57.044109 90.000000 90.000000 90.000000
3958 51.279270 55.762104 57.076344 90.000000 90.000000 90.000000
3959 51.184872 55.659454 56.971275 90.000000 90.000000 90.000000
3960 51.218277 55.695782 57.008457 90.000000 90.000000 90.000000
3961 51.256519 55.737366 57.051022 90.000000 90.000000 90.000000
3962 51.195686 55.671215 56.983315 90.000000 90.000000 90.000000
3963 51.234341 55.713245 57.026333 90.000000 90.000000 90.000000
3964 51.025402 55.486046 56.793777 90.000000 90.000000 90.000000
3965 51.166164 55.639114 56.950455 90.000000 90.000000 90.000000
3966 51.280407 55.763340 57.077610 90.000000 90.000000 90.000000
3967 51.107761 55.575600 56.885445 90.000000 90.000000 90.000000
3968 51.062855 55.526772 56.835464 90.000000 90.000000 90.000000
3969 51.243324 55.723015 57.036335 90.000000 90.000000 90.000000
3970 51.207718 55.684299 56.996704 90.000000 90.000000 90.000000
3971 51.214436 55.691605 57.004181 90.000000 90.000000 90.000000
3972 51.269722 55.751724 57.065720 90.000000 90.000000 90.000000
3973 51.203747 55.679981 56.992283 90.000000 90.000000 90.000000
3974 51.212055 55.689014 57.001534 90.000000 90.000000 90.000000
3975 51.120304 55.589241 56.899406 90.000000 90.000000 90.000000
3976 51.170052 55.643337 56.954781 90.000000 90.000000 90.000000
3977 51.106998 55.574772 56.884598 90.000000 90.000000 90.000000
3978 51.223408 55.701359 57.014164 90.000000 90.000000 90.000000
3979 51.207989 55.684589 56.997005 90.000000 90.000000 90.000000
3980 51.161400 55.633930 56.945148 90.000000 90.000000 90.000000
3981 51.162174 55.634769 56.946011 90.000000 90.000000 90.000000
3982 51.202538 55.678665 56.990936 90.000000 90.000000 90.000000
3983 51.210781 55.687630 57.000114 90.000000 90.000000 90.000000
3984 51.284477 55.767765 57.082138 90.000000 90.000000 90.000000
3985 51.042912 55.505081 56.813267 90.000000 90.000000 90.000000
3986 51.256977 55.737862 57.051529 90.000000 90.000000 90.000000
3987 51.158794 55.631096 56.942249 90.000000 90.000000 90.000000
3988 51.242981 55.722641 57.035954 90.000000 90.000000 90.000000
3989 51.168446 55.641590 56.952991 90.000000 90.000000 90.000000
3990 51.155460 55.627468 56.938538 90.000000 90.000000 90.000000
3991 51.256050 55.736855 57.050499 90.000000 90.000000 90.000000
3992 51.247017 55.727032 57.040443 90.000000 90.000000 90.000000
3993 51.204063 55.680321 56.992634 90.000000 90.000000 90.000000
3994 51.177097 55.650997 56.962620 90.000000 90.000000 90.000000
3995 51.097775 55.564743 56.874332 90.000000 90.000000 90.000000
3996 51.268040 55.749893 57.063843 90.000000 90.000000 90.000000
3997 51.288567 55.772213 57.086693 90.000000 90.000000 90.000000
3998 51.199970 55.675873 56.988079 90.000000 90.000000 90.000000
3999 51.144154 55.615177 56.925953 90.000000 90.000000 90.000000
4000 51.269077 55.751019 57.064999 90.000000 90.000000 90.000000
4001 51.199265 55.675106 56.987297 90.000000 90.000000 90.000000
4002 51.178162 55.652157 56.963806 90.000000 90.000000 90.000000
4003 51.323521 55.810223 57.125599 90.000000 90.000000 90.000000
4004 51.191917 55.667114 56.979115 90.000000 90.000000 90.000000
4005 51.245529 55.725414 57.038788 90.000000 90.000000 90.000000
4006 51.175945 55.649746 56.961338 90.000000 90.000000 90.000000
4007 51.179203 55.653290 56.964966 90.000000 90.000000 90.000000
4008 51.222828 55.700729 57.013523 90.000000 90.000000 90.000000
4009 51.226925 55.705185 57.018082 90.000000 90.000000 90.000000
4010 51.200012 55.675919 56.988125 90.000000 90.000000 90.000000
4011 51.222622 55.700504 57.013290 90.000000 90.000000 90.000000
4012 51.285912 55.769325 57.083736 90.000000 90.000000 90.000000
4013 51.324436 55.811218 57.126617 90.000000 90.000000 90.000000
4014 51.177414 55.651344 56.962971 90.000000 90.000000 90.000000
4015 51.161205 55.633720 56.944935 90.000000 90.000000 90.000000
4016 51.190346 55.665405 56.977367 90.000000 90.000000 90.000000
4017 51.082249 55.547855 56.857048 90.000000 90.000000 90.000000
4018 51.242130 55.721718 57.035004 90.000000 90.000000 90.000000
4019 51.272778 55.755043 57.069115 90.000000 90.000000 90.000000
4020 51.227100 55.705376 57.018276 90.000000 90.000000 90.000000
4021 51.212223 55.689194 57.001717 90.000000 90.000000 90.000000
4022 51.188934 55.663872 56.975796 90.000000 90.000000 90.000000
4023 51.271732 55.753906 57.067955 90.000000 90.000000 90.000000
4024 51.132809 55.602840 56.913326 90.000000 90.000000 90.000000
4025 51.167828 55.640923 56.952305 90.000000 90.000000 90.000000
4026 51.320164 55.806572 57.121861 90.000000 90.000000 90.000000
4027 51.326595 55.813568 57.129021 90.000000 90.000000 90.000000
4028 51.197830 55.673542 56.985695 90.000000 90.000000 90.000000
4029 51.167240 55.640282 56.951653 90.000000 90.000000 90.000000
4030 51.170349 55.643661 56.955112 90.000000 90.000000 90.000000
4031 51.166298 55.639256 56.950600 90.000000 90.000000 90.000000
4032 51.242760 55.722401 57.035706 90.000000 90.000000 90.000000
4033 51.279217 55.762047 57.076286 90.000000 90.000000 90.000000
4034 51.281975 55.765045 57.079357 90.000000 90.000000 90.000000
4035 51.167332 55.640377 56.951748 90.000000 90.000000 90.000000
4036 51.280014 55.762917 57.077175 90.000000 90.000000 90.000000
4037 51.287281 55.770817 57.085262 90.000000 90.000000 90.000000
4038 51.224449 55.702488 57.015324 90.000000 90.000000 90.000000
4039 51.234837 55.713783 57.026886 90.000000 90.000000 90.000000
4040 51.278160 55.760895 57.075108 90.000000 90.000000 90.000000
4041 51.248280 55.728405 57.041851 90.000000 90.000000 90.000000
4042 51.143787 55.614777 56.925545 90.000000 90.000000 90.000000
4043 51.180668 55.654884 56.966599 90.000000 90.000000 90.000000
4044 51.163502 55.636215 56.947487 90.000000 90.000000 90.000000
4045 51.268261 55.750130 57.064087 90.000000 90.000000 90.000000
4046 51.177906 55.651878 56.963524 90.000000 90.000000 90.000000
4047 51.197945 55.673668 56.985825 90.000000 90.000000 90.000000
4048 51.069740 55.534260 56.843128 90.000000 90.000000 90.000000
4049 51.155739 55.627777 56.938850 90.000000 90.000000 90.000000
4050 51.201046 55.677044 56.989277 90.000000 90.000000 90.000000
4051 51.214005 55.691132 57.003700 90.000000 90.000000 90.000000
4052 51.172729 55.646248 56.957760 90.000000 90.000000 90.000000
4053 51.176319 55.650154 56.961754 90.000000 90.000000 90.000000
4054 51.123566 55.592789 56.903038 90.000000 90.000000 90.000000
4055 51.218224 55.695721 57.008396 90.000000 90.000000 90.000000
4056 51.093803 55.560425 56.869911 90.000000 90.000000 90.000000
4057 51.212997 55.690037 57.002579 90.000000 90.000000 90.000000
4058 51.103180 55.570621 56.880348 90.000000 90.000000 90.000000
4059 51.096909 55.563801 56.873367 90.000000 90.000000 90.000000
4060 51.173809 55.647427 56.958961 90.000000 90.000000 90.000000
4061 51.280857 55.763832 57.078110 90.000000 90.000000 90.000000
4062 51.321224 55.807724 57.123039 90.000000 90.000000 90.000000
4063 51.263817 55.745296 57.059143 90.000000 90.000000 90.000000
4064 51.127777 55.597370 56.907726 90.000000 90.000000 90.000000
4065 51.208820 55.685493 56.997929 90.000000 90.000000 90.000000
4066 51.108543 55.576450 56.886314 90.000000 90.000000 90.000000
4067 51.144783 55.615860 56.926655 90.000000 90.000000 90.000000
4068 51.138252 55.608761 56.919384 90.000000 90.000000 90.000000
4069 51.120483 55.589436 56.899605 90.000000 90.000000 90.000000
4070 51.277016 55.759655 57.073837 90.000000 90.000000 90.000000
4071 51.208744 55.685413 56.997845 90.000000 90.000000 90.000000
4072 51.210587 55.687416 56.999893 90.000000 90.000000 90.000000
4073 51.210155 55.686951 56.999420 90.000000 90.000000 90.000000
4074 51.230846 55.709450 57.022446 90.000000 90.000000 90.000000
4075 51.135628 55.605904 56.916462 90.000000 90.000000 90.000000
4076 51.300697 55.785404 57.100193 90.000000 90.000000 90.000000
4077 51.248684 55.728848 57.042301 90.000000 90.000000 90.000000
4078 51.107567 55.575390 56.885231 90.000000 90.000000 90.000000
4079 51.166290 55.639248 56.950592 90.000000 90.000000 90.000000
4080 51.192223 55.667446 56.979458 90.000000 90.000000 90.000000
4081 51.175228 55.648968 56.960541 90.000000 90.000000 90.000000
4082 51.239796 55.719177 57.032406 90.000000 90.000000 90.000000
4083 51.220497 55.698193 57.010925 90.000000 90.000000 90.000000
4084 51.294628 55.778805 57.093441 90.000000 90.000000 90.000000
4085 51.155781 55.627819 56.938892 90.000000 90.000000 90.000000
4086 51.277306 55.759968 57.074158 90.000000 90.000000 90.000000
4087 51.281055 55.764046 57.078331 90.000000 90.000000 90.000000
4088 51.219105 55.696682 57.009380 90.000000 90.000000 90.000000
4089 51.195301 55.670792 56.982880 90.000000 90.000000 90.000000
4090 51.208157 55.684772 56.997189 90.000000 90.000000 90.000000
4091 51.229546 55.708035 57.021000 90.000000 90.000000 90.000000
4092 51.147495 55.618813 56.929672 90.000000 90.000000 90.000000
4093 51.152561 55.624317 56.935310 90.000000 90.000000 90.000000
4094 51.283443 55.766644 57.080990 90.000000 90.000000 90.000000
4095 51.260437 55.741623 57.055382 90.000000 90.000000 90.000000
4096 51.233166 55.711971 57.025028 90.000000 90.000000 90.000000
4097 51.174767 55.648464 56.960026 90.000000 90.000000 90.000000
4098 51.093678 55.560287 56.869770 90.000000 90.000000 90.000000
4099 51.219788 55.697418 57.010136 90.000000 90.000000 90.000000
4100 51.176449 55.650291 56.961899 90.000000 90.000000 90.000000
4101 51.309212 55.794662 57.109673 90.000000 90.000000 90.000000
4102 51.165833 55.638752 56.950085 90.000000 90.000000 90.000000
4103 51.182533 55.656910 56.968670 90.000000 90.000000 90.000000
4104 51.171379 55.644779 56.956257 90.000000 90.000000 90.000000
4105 51.281971 55.765041 57.079353 90.000000 90.000000 90.000000
4106 51.224842 55.702919 57.015762 90.000000 90.000000 90.000000
4107 51.175961 55.649761 56.961353 90.000000 90.000000 90.000000
4108 51.050911 55.513783 56.822170 90.000000 90.000000 90.000000
4109 51.216869 55.694248 57.006889 90.000000 90.000000 90.000000
4110 51.157272 55.629440 56.940552 90.000000 90.000000 90.000000
4111 51.101768 55.569088 56.878777 90.000000 90.000000 90.000000
4112 51.141319 55.612091 56.922798 90.000000 90.000000 90.000000
4113 51.127705 55.597290 56.907646 90.000000 90.000000 90.000000
4114 51.260689 55.741898 57.055664 90.000000 90.000000 90.000000
4115 51.265350 55.746967 57.060852 90.000000 90.000000 90.000000
4116 51.203236 55.679420 56.991714 90.000000 90.000000 90.000000
4117 51.102798 55.570206 56.879921 90.000000 90.000000 90.000000
4118 51.121147 55.590160 56.900345 90.000000 90.000000 90.000000
4119 51.099312 55.566414 56.876041 90.000000 90.000000 90.000000
4120 51.184219 55.658745 56.970551 90.000000 90.000000 90.000000
4121 51.154324 55.626236 56.937275 90.000000 90.000000 90.000000
4122 51.292847 55.776867 57.091457 90.000000 90.000000 90.000000
4123 51.169815 55.643082 56.954517 90.000000 90.000000 90.000000
4124 51.161854 55.634422 56.945652 90.000000 90.000000 90.000000
4125 51.192741 55.668015 56.980034 90.000000 90.000000 90.000000
4126 51.186729 55.661472 56.973343 90.000000 90.000000 90.000000
4127 51.315327 55.801315 57.116478 90.000000 90.000000 90.000000
4128 51.229534 55.708019 57.020985 90.000000 90.000000 90.000000
4129 51.195435 55.670940 56.983032 90.000000 90.000000 90.000000
4130 51.174820 55.648525 56.960087 90.000000 90.000000 90.000000
4131 51.230446 55.709011 57.021999 90.000000 90.000000 90.000000
4132 51.217243 55.694656 57.007305 90.000000 90.000000 90.000000
4133 51.306202 55.791393 57.106323 90.000000 90.000000 90.000000
4134 51.173794 55.647408 56.958942 90.000000 90.000000 90.000000
4135 51.130619 55.600460 56.910889 90.000000 90.000000 90.000000
4136 51.312641 55.798393 57.113487 90.000000 90.000000 90.000000
4137 51.302406 55.787262 57.102093 90.000000 90.000000 90.000000
4138 51.376842 55.868206 57.184948 90.000000 90.000000 90.000000
4139 51.328140 55.815247 57.130737 90.000000 90.000000 90.000000
4140 51.238842 55.718143 57.031349 90.000000 90.000000 90.000000
4141 51.382641 55.874512 57.191402 90.000000 90.000000 90.000000
4142 51.209728 55.686485 56.998943 90.000000 90.000000 90.000000
4143 51.254208 55.734852 57.048450 90.000000 90.000000 90.000000
4144 51.091549 55.557972 56.867401 90.000000 90.000000 90.000000
4145 51.184376 55.658913 56.970722 90.000000 90.000000 90.000000
4146 51.313965 55.799831 57.114960 90.000000 90.000000 90.000000
4147 51.289581 55.773315 57.087822 90.000000 90.000000 90.000000
4148 51.145615 55.616768 56.927582 90.000000 90.000000 90.000000
4149 51.078869 55.544186 56.853291 90.000000 90.000000 90.000000
4150 51.173008 55.646553 56.958069 90.000000 90.000000 90.000000
4151 51.142185 55.613037 56.923763 90.000000 90.000000 90.000000
4152 51.060738 55.524467 56.833107 90.000000 90.000000 90.000000
4153 51.255939 55.736736 57.050377 90.000000 90.000000 90.000000
4154 51.263008 55.744423 57.058247 90.000000 90.000000 90.000000
4155 51.114536 55.582970 56.892990 90.000000 90.000000 90.000000
4156 51.056469 55.519829 56.828358 90.000000 90.000000 90.000000
4157 51.213482 55.690567 57.003120 90.000000 90.000000 90.000000
4158 51.151493 55.623158 56.934120 90.000000 90.000000 90.000000
4159 51.178726 55.652771 56.964436 90.000000 90.000000 90.000000
4160 51.168362 55.641499 56.952896 90.000000 90.000000 90.000000
4161 51.159866 55.632259 56.943439 90.000000 90.000000 90.000000
4162 51.130829 55.600685 56.911121 90.000000 90.000000 90.000000
4163 51.182781 55.657181 56.968948 90.000000 90.000000 90.000000
4164 51.203690 55.679916 56.992218 90.000000 90.000000 90.000000
4165 51.114140 55.582539 56.892548 90.000000 90.000000 90.000000
4166 51.276100 55.758656 57.072815 90.000000 90.000000 90.000000
4167 51.188957 55.663898 56.975822 90.000000 90.000000 90.000000
4168 51.187111 55.661888 56.973766 90.000000 90.000000 90.000000
4169 51.219597 55.697216 57.009926 90.000000 90.000000 90.000000
4170 51.190018 55.665051 56.977001 90.000000 90.000000 90.000000
4171 51.183994 55.658501 56.970299 90.000000 90.000000 90.000000
4172 51.218372 55.695881 57.008560 90.000000 90.000000 90.000000
4173 51.254715 55.735401 57.049011 90.000000 90.000000 90.000000
4174 51.313038 55.798824 57.113930 90.000000 90.000000 90.000000
4175 51.285225 55.768581 57.082973 90.000000 90.000000 90.000000
4176 51.120731 55.589703 56.899879 90.000000 90.000000 90.000000
4177 51.146889 55.618153 56.929001 90.000000 90.000000 90.000000
4178 51.239750 55.719131 57.032360 90.000000 90.000000 90.000000
4179 51.242359 55.721966 57.035259 90.000000 90.000000 90.000000
4180 51.178818 55.652870 56.964535 90.000000 90.000000 90.000000
4181 51.204086 55.680347 56.992661 90.000000 90.000000 90.000000
4182 51.141621 55.612423 56.923134 90.000000 90.000000 90.000000
4183 51.289238 55.772945 57.087440 90.000000 90.000000 90.000000
4184 51.159771 55.632160 56.943336 90.000000 90.000000 90.000000
4185 51.279831 55.762714 57.076969 90.000000 90.000000 90.000000
4186 51.193165 55.668472 56.980507 90.000000 90.000000 90.000000
4187 51.223698 55.701672 57.014488 90.000000 90.000000 90.000000
4188 51.192448 55.667694 56.979706 90.000000 90.000000 90.000000
4189 51.132767 55.602795 56.913277 90.000000 90.000000 90.000000
4190 51.235474 55.714481 57.027599 90.000000 90.000000 90.000000
4191 51.249096 55.729294 57.042759 90.000000 90.000000 90.000000
4192 51.338531 55.826550 57.142307 90.000000 90.000000 90.000000
4193 51.290787 55.774628 57.089165 90.000000 90.000000 90.000000
4194 51.275471 55.757973 57.072113 90.000000 90.000000 90.000000
4195 51.172131 55.645599 56.957092 90.000000 90.000000 90.000000
4196 51.164188 55.636959 56.948250 90.000000 90.000000 90.000000
4197 51.243828 55.723564 57.036896 90.000000 90.000000 90.000000
4198 51.146107 55.617302 56.928127 90.000000 90.000000 90.000000
4199 51.191219 55.666355 56.978340 90.000000 90.000000 90.000000
4200 51.301140 55.785889 57.100689 90.000000 90.000000 90.000000
4201 51.188183 55.663055 56.974960 90.000000 90.000000 90.000000
4202 51.230701 55.709290 57.022285 90.000000 90.000000 90.000000
4203 51.145061 55.616165 56.926964 90.000000 90.000000 90.000000
4204 51.255985 55.736786 57.050426 90.000000 90.000000 90.000000
4205 51.104660 55.572231 56.881996 90.000000 90.000000 90.000000
4206 51.189610 55.664604 56.976547 90.000000 90.000000 90.000000
4207 51.197315 55.672985 56.985123 90.000000 90.000000 90.000000
4208 51.094112 55.560760 56.870255 90.000000 90.000000 90.000000
4209 51.200714 55.676678 56.988907 90.000000 90.000000 90.000000
4210 51.225021 55.703114 57.015961 90.000000 90.000000 90.000000
4211 51.202515 55.678638 56.990913 90.000000 90.000000 90.000000
4212 51.270523 55.752594 57.066608 90.000000 90.000000 90.000000
4213 51.256092 55.736900 57.050545 90.000000 90.000000 90.000000
4214 51.282108 55.765190 57.079506 90.000000 90.000000 90.000000
4215 51.151665 55.623341 56.934311 90.000000 90.000000 90.000000
4216 51.138371 55.608891 56.919518 90.000000 90.000000 90.000000
4217 51.255096 55.735821 57.049438 90.000000 90.000000 90.000000
4218 51.239140 55.718464 57.031677 90.000000 90.000000 90.000000
4219 51.140797 55.611523 56.922215 90.000000 90.000000 90.000000
4220 51.203163 55.679344 56.991634 90.000000 90.000000 90.000000
4221 51.158661 55.630951 56.942101 90.000000 90.000000 90.000000
4222 51.229603 55.708096 57.021065 90.000000 90.000000 90.000000
4223 51.095097 55.561832 56.871353 90.000000 90.000000 90.000000
4224 51.228806 55.707230 57.020176 90.000000 90.000000 90.000000
4225 51.294830 55.779026 57.093666 90.000000 90.000000 90.000000
4226 51.177563 55.651505 56.963139 90.000000 90.000000 90.000000
4227 51.215714 55.692989 57.005600 90.000000 90.000000 90.000000
4228 51.285133 55.768478 57.082870 90.000000 90.000000 90.000000
4229 51.267410 55.749207 57.063145 90.000000 90.000000 90.000000
4230 51.283760 55.766987 57.081345 90.000000 90.000000 90.000000
4231 51.256588 55.737438 57.051098 90.000000 90.000000 90.000000
4232 51.044659 55.506981 56.815208 90.000000 90.000000 90.000000
4233 51.110928 55.579044 56.888969 90.000000 90.000000 90.000000
4234 51.211800 55.688736 57.001247 90.000000 90.000000 90.000000
4235 51.055157 55.518398 56.826897 90.000000 90.000000 90.000000
4236 51.250904 55.731258 57.044769 90.000000 90.000000 90.000000
4237 51.126579 55.596066 56.906395 90.000000 90.000000 90.000000
4238 51.280273 55.763195 57.077461 90.000000 90.000000 90.000000
4239 51.230232 55.708778 57.021759 90.000000 90.000000 90.000000
4240 51.285183 55.768536 57.082928 90.000000 90.000000 90.000000
4241 51.207718 55.684296 56.996704 90.000000 90.000000 90.000000
4242 51.142048 55.612885 56.923607 90.000000 90.000000 90.000000
4243 51.134342 55.604507 56.915035 90.000000 90.000000 90.000000
4244 51.181736 55.656044 56.967785 90.000000 90.000000 90.000000
4245 51.261497 55.742779 57.056564 90.000000 90.000000 90.000000
4246 51.235332 55.714325 57.027439 90.000000 90.000000 90.000000
4247 51.137840 55.608311 56.918926 90.000000 90.000000 90.000000
4248 51.294170 55.778305 57.092926 90.000000 90.000000 90.000000
4249 51.262615 55.743992 57.057804 90.000000 90.000000 90.000000
4250 51.169651 55.642902 56.954334 90.000000 90.000000 90.000000
4251 51.115963 55.584518 56.894573 90.000000 90.000000 90.000000
4252 51.213020 55.690063 57.002605 90.000000 90.000000 90.000000
4253 51.196445 55.672039 56.984158 90.000000 90.000000 90.000000
4254 51.304611 55.789661 57.104549 90.000000 90.000000 90.000000
4255 51.151047 55.622673 56.933628 90.000000 90.000000 90.000000
4256 51.263004 55.744415 57.058239 90.000000 90.000000 90.000000
4257 51.214718 55.691910 57.004494 90.000000 90.000000 90.000000
4258 51.193539 55.668880 56.980923 90.000000 90.000000 90.000000
4259 51.104607 55.572170 56.881935 90.000000 90.000000 90.000000
4260 51.292614 55.776615 57.091198 90.000000 90.000000 90.000000
4261 51.178101 55.652092 56.963737 90.000000 90.000000 90.000000
4262 51.269375 55.751343 57.065331 90.000000 90.000000 90.000000
4263 51.099026 55.566101 56.875721 90.000000 90.000000 90.000000
4264 51.183403 55.657856 56.969639 90.000000 90.000000 90.000000
4265 51.226643 55.704876 57.017765 90.000000 90.000000 90.000000
4266 51.168499 55.641651 56.953053 90.000000 90.000000 90.000000
4267 51.267021 55.748783 57.062710 90.000000 90.000000 90.000000
4268 51.264099 55.745609 57.059460 90.000000 90.000000 90.000000
4269 51.235252 55.714237 57.027348 90.000000 90.000000 90.000000
4270 51.191341 55.666489 56.978474 90.000000 90.000000 90.000000
4271 51.070831 55.535446 56.844341 90.000000 90.000000 90.000000
4272 51.051918 55.514877 56.823288 90.000000 90.000000 90.000000
4273 51.228718 55.707134 57.020081 90.000000 90.000000 90.000000
4274 51.137020 55.607418 56.918011 90.000000 90.000000 90.000000
4275 51.127140 55.596672 56.907013 90.000000 90.000000 90.000000
4276 51.256943 55.737827 57.051495 90.000000 90.000000 90.000000
4277 51.194782 55.670231 56.982307 90.000000 90.000000 90.000000
4278 51.161964 55.634544 56.945778 90.000000 90.000000 90.000000
4279 51.197147 55.672802 56.984936 90.000000 90.000000 90.000000
4280 51.132523 55.602528 56.913006 90.000000 90.000000 90.000000
4281 51.061050 55.524807 56.833454 90.000000 90.000000 90.000000
4282 51.137276 55.607697 56.918297 90.000000 90.000000 90.000000
4283 51.267647 55.749462 57.063404 90.000000 90.000000 90.000000
4284 51.112976 55.581272 56.891251 90.000000 90.000000 90.000000
4285 51.086029 55.551968 56.861256 90.000000 90.000000 90.000000
4286 51.242413 55.722023 57.035320 90.000000 90.000000 90.000000
4287 51.121750 55.590813 56.901016 90.000000 90.000000 90.000000
4288 51.112064 55.580280 56.890236 90.000000 90.000000 90.000000
4289 51.245655 55.725552 57.038929 90.000000 90.000000 90.000000
4290 51.167667 55.640747 56.952126 90.000000 90.000000 90.000000
4291 51.021294 55.481575 56.789204 90.000000 90.000000 90.000000
4292 51.110100 55.578148 56.888050 90.000000 90.000000 90.000000
4293 51.251766 55.732197 57.045731 90.000000 90.000000 90.000000
4294 51.072208 55.536942 56.845875 90.000000 90.000000 90.000000
4295 51.157169 55.629330 56.940441 90.000000 90.000000 90.000000
4296 51.128689 55.598362 56.908741 90.000000 90.000000 90.000000
4297 51.130142 55.599941 56.910358 90.000000 90.000000 90.000000
4298 51.143978 55.614983 56.925758 90.000000 90.000000 90.000000
4299 51.156349 55.628437 56.939529 90.000000 90.000000 90.000000
4300 51.134243 55.604401 56.914925 90.000000 90.000000 90.000000
4301 51.126637 55.596130 56.906456 90.000000 90.000000 90.000000
4302 51.222393 55.700256 57.013039 90.000000 90.000000 90.000000
4303 51.120377 55.589321 56.899487 90.000000 90.000000 90.000000
4304 51.213505 55.690590 57.003143 90.000000 90.000000 90.000000
4305 51.193821 55.669186 56.981236 90.000000 90.000000 90.000000
4306 51.301941 55.786758 57.101578 90.000000 90.000000 90.000000
4307 51.182178 55.656525 56.968277 90.000000 90.000000 90.000000
4308 51.387283 55.879562 57.196568 90.000000 90.000000 90.000000
4309 51.056046 55.519363 56.827885 90.000000 90.000000 90.000000
4310 51.237778 55.716984 57.030163 90.000000 90.000000 90.000000
4311 51.191269 55.666412 56.978394 90.000000 90.000000 90.000000
4312 51.179886 55.654030 56.965725 90.000000 90.000000 90.000000
4313 51.182762 55.657162 56.968925 90.000000 90.000000 90.000000
4314 51.186214 55.660912 56.972767 90.000000 90.000000 90.000000
4315 51.257977 55.738949 57.052643 90.000000 90.000000 90.000000
4316 51.199078 55.674900 56.987083 90.000000 90.000000 90.000000
4317 51.142056 55.612896 56.923618 90.000000 90.000000 90.000000
4318 51.190922 55.666035 56.978008 90.000000 90.000000 90.000000
4319 51.123581 55.592804 56.903053 90.000000 90.000000 90.000000
4320 51.127964 55.597572 56.907936 90.000000 90.000000 90.000000
4321 51.352818 55.842083 57.158207 90.000000 90.000000 90.000000
4322 51.132740 55.602768 56.913250 90.000000 90.000000 90.000000
4323 51.111366 55.579525 56.889462 90.000000 90.000000 90.000000
4324 51.173885 55.647507 56.959045 90.000000 90.000000 90.000000
4325 51.221523 55.699310 57.012070 90.000000 90.000000 90.000000
4326 51.260399 55.741585 57.055340 90.000000 90.000000 90.000000
4327 51.174610 55.648293 56.959850 90.000000 90.000000 90.000000
4328 51.099972 55.567131 56.876774 90.000000 90.000000 90.000000
4329 51.134411 55.604584 56.915112 90.000000 90.000000 90.000000
4330 51.300819 55.785538 57.100330 90.000000 90.000000 90.000000
4331 51.194523 55.669949 56.982018 90.000000 90.000000 90.000000
4332 51.333649 55.821236 57.136871 90.000000 90.000000 90.000000
4333 51.237129 55.716282 57.029442 90.000000 90.000000 90.000000
4334 51.231644 55.710316 57.023335 90.000000 90.000000 90.000000
4335 51.303516 55.788467 57.103329 90.000000 90.000000 90.000000
4336 51.166248 55.639202 56.950542 90.000000 90.000000 90.000000
4337 51.149834 55.621353 56.932274 90.000000 90.000000 90.000000
4338 51.181423 55.655704 56.967438 90.000000 90.000000 90.000000
4339 51.207462 55.684021 56.996422 90.000000 90.000000 90.000000
4340 51.130276 55.600082 56.910503 90.000000 90.000000 90.000000
4341 51.172241 55.645721 56.957218 90.000000 90.000000 90.000000
4342 51.229462 55.707939 57.020905 90.000000 90.000000 90.000000
4343 51.217823 55.695286 57.007954 90.000000 90.000000 90.000000
4344 51.270370 55.752430 57.066441 90.000000 90.000000 90.000000
4345 51.303936 55.788925 57.103798 90.000000 90.000000 90.000000
4346 51.201408 55.677437 56.989681 90.000000 90.000000 90.000000
4347 51.102692 55.570087 56.879803 90.000000 90.000000 90.000000
4348 51.175205 55.648941 56.960514 90.000000 90.000000 90.000000
4349 51.275436 55.757935 57.072079 90.000000 90.000000 90.000000
4350 51.301548 55.786331 57.101143 90.000000 90.000000 90.000000
4351 51.124886 55.594223 56.904507 90.000000 90.000000 90.000000
4352 51.187775 55.662609 56.974503 90.000000 90.000000 90.000000
4353 51.293247 55.777302 57.091900 90.000000 90.000000 90.000000
4354 51.203007 55.679173 56.991459 90.000000 90.000000 90.000000
4355 51.141933 55.612762 56.923481 90.000000 90.000000 90.000000
4356 51.275181 55.757660 57.071793 90.000000 90.000000 90.000000
4357 51.244865 55.724693 57.038052 90.000000 90.000000 90.000000
4358 51.188801 55.663727 56.975647 90.000000 90.000000 90.000000
4359 51.224037 55.702045 57.014870 90.000000 90.000000 90.000000
4360 51.104614 55.572178 56.881943 90.000000 90.000000 90.000000
4361 51.237709 55.716911 57.030083 90.000000 90.000000 90.000000
4362 51.123505 55.592720 56.902969 90.000000 90.000000 90.000000
4363 51.113873 55.582249 56.892250 90.000000 90.000000 90.000000
4364 51.116982 55.585625 56.895706 90.000000 90.000000 90.000000
4365 51.113941 55.582325 56.892326 90.000000 90.000000 90.000000
4366 51.198666 55.674454 56.986629 90.000000 90.000000 90.000000
4367 51.237770 55.716976 57.030151 90.000000 90.000000 90.000000
4368 51.202816 55.678967 56.991245 90.000000 90.000000 90.000000
4369 51.280979 55.763966 57.078247 90.000000 90.000000 90.000000
4370 51.235863 55.714901 57.028027 90.000000 90.000000 90.000000
4371 51.124763 55.594090 56.904369 90.000000 90.000000 90.000000
4372 51.218151 55.695644 57.008316 90.000000 90.000000 90.000000
4373 51.284760 55.768074 57.082455 90.000000 90.000000 90.000000
4374 51.198826 55.674625 56.986805 90.000000 90.000000 90.000000
4375 51.217819 55.695282 57.007946 90.000000 90.000000 90.000000
4376 51.171169 55.644554 56.956024 90.000000 90.000000 90.000000
4377 51.277321 55.759987 57.074177 90.000000 90.000000 90.000000
4378 51.259045 55.740108 57.053829 90.000000 90.000000 90.000000
4379 51.219742 55.697369 57.010086 90.000000 90.000000 90.000000
4380 51.184147 55.658665 56.970467 90.000000 90.000000 90.000000
4381 51.247524 55.727585 57.041012 90.000000 90.000000 90.000000
4382 51.196617 55.672226 56.984348 90.000000 90.000000 90.000000
4383 51.187046 55.661819 56.973694 90.000000 90.000000 90.000000
4384 51.212498 55.689495 57.002022 90.000000 90.000000 90.000000
4385 51.216026 55.693329 57.005947 90.000000 90.000000 90.000000
4386 51.171234 55.644627 56.956097 90.000000 90.000000 90.000000
4387 51.159863 55.632259 56.943439 90.000000 90.000000 90.000000
4388 51.063358 55.527321 56.836025 90.000000 90.000000 90.000000
4389 51.102989 55.570412 56.880135 90.000000 90.000000 90.000000
4390 51.112007 55.580219 56.890171 90.000000 90.000000 90.000000
4391 51.181965 55.656292 56.968040 90.000000 90.000000 90.000000
4392 51.211456 55.688362 57.000862 90.000000 90.000000 90.000000
4393 51.218510 55.696030 57.008713 90.000000 90.000000 90.000000
4394 51.194271 55.669678 56.981739 90.000000 90.000000 90.000000
4395 51.110054 55.578098 56.888000 90.000000 90.000000 90.000000
4396 51.231331 55.709976 57.022987 90.000000 90.000000 90.000000
4397 51.124092 55.593361 56.903625 90.000000 90.000000 90.000000
4398 51.295074 55.779293 57.093937 90.000000 90.000000 90.000000
4399 51.166950 55.639965 56.951328 90.000000 90.000000 90.000000
4400 51.218475 55.695995 57.008678 90.000000 90.000000 90.000000
4401 51.161362 55.633888 56.945107 90.000000 90.000000 90.000000
4402 51.149235 55.620701 56.931610 90.000000 90.000000 90.000000
4403 51.153416 55.625244 56.936260 90.000000 90.000000 90.000000
4404 51.234001 55.712879 57.025959 90.000000 90.000000 90.000000
4405 51.213463 55.690544 57.003098 90.000000 90.000000 90.000000
4406 51.138577 55.609108 56.919743 90.000000 90.000000 90.000000
4407 51.122330 55.591442 56.901661 90.000000 90.000000 90.000000
4408 51.075455 55.540474 56.849491 90.000000 90.000000 90.000000
4409 51.164753 55.637577 56.948883 90.000000 90.000000 90.000000
4410 51.155495 55.627506 56.938576 90.000000 90.000000 90.000000
4411 51.155712 55.627743 56.938816 90.000000 90.000000 90.000000
4412 51.201550 55.677589 56.989838 90.000000 90.000000 90.000000
4413 51.215355 55.692604 57.005207 90.000000 90.000000 90.000000
4414 51.342178 55.830509 57.146362 90.000000 90.000000 90.000000
4415 51.134296 55.604454 56.914978 90.000000 90.000000 90.000000
4416 51.181427 55.655708 56.967442 90.000000 90.000000 90.000000
4417 51.142670 55.613560 56.924301 90.000000 90.000000 90.000000
4418 51.208412 55.685051 56.997475 90.000000 90.000000 90.000000
4419 51.110481 55.578556 56.888474 90.000000 90.000000 90.000000
4420 51.281315 55.764328 57.078621 90.000000 90.000000 90.000000
4421 51.224506 55.702553 57.015388 90.000000 90.000000 90.000000
4422 51.128952 55.598644 56.909035 90.000000 90.000000 90.000000
4423 51.138184 55.608685 56.919308 90.000000 90.000000 90.000000
4424 51.079700 55.545090 56.854214 90.000000 90.000000 90.000000
4425 51.160275 55.632710 56.943897 90.000000 90.000000 90.000000
4426 51.094852 55.561565 56.871078 90.000000 90.000000 90.000000
4427 51.133163 55.603226 56.913723 90.000000 90.000000 90.000000
4428 51.217136 55.694538 57.007187 90.000000 90.000000 90.000000
4429 51.090099 55.556396 56.865788 90.000000 90.000000 90.000000
4430 51.213333 55.690403 57.002953 90.000000 90.000000 90.000000
4431 51.182323 55.656685 56.968441 90.000000 90.000000 90.000000
4432 51.290268 55.774063 57.088585 90.000000 90.000000 90.000000
4433 51.148174 55.619549 56.930431 90.000000 90.000000 90.000000
4434 51.213219 55.690277 57.002827 90.000000 90.000000 90.000000
4435 51.120869 55.589855 56.900036 90.000000 90.000000 90.000000
4436 51.192417 55.667656 56.979671 90.000000 90.000000 90.000000
4437 51.190575 55.665657 56.977623 90.000000 90.000000 90.000000
4438 51.252277 55.732754 57.046303 90.000000 90.000000 90.000000
4439 51.260818 55.742039 57.055805 90.000000 90.000000 90.000000
4440 51.219864 55.697506 57.010223 90.000000 90.000000 90.000000
4441 51.210796 55.687645 57.000130 90.000000 90.000000 90.000000
4442 51.117035 55.585686 56.895767 90.000000 90.000000 90.000000
4443 51.223492 55.701450 57.014259 90.000000 90.000000 90.000000
4444 51.148220 55.619598 56.930477 90.000000 90.000000 90.000000
4445 51.192120 55.667336 56.979343 90.000000 90.000000 90.000000
4446 51.244148 55.723911 57.037251 90.000000 90.000000 90.000000
4447 51.108273 55.576157 56.886017 90.000000 90.000000 90.000000
4448 51.141869 55.612690 56.923409 90.000000 90.000000 90.000000
4449 51.158623 55.630913 56.942059 90.000000 90.000000 90.000000
4450 51.202816 55.678967 56.991245 90.000000 90.000000 90.000000
4451 51.129475 55.599213 56.909615 90.000000 90.000000 90.000000
4452 51.181324 55.655594 56.967323 90.000000 90.000000 90.000000
4453 51.313831 55.799686 57.114811 90.000000 90.000000 90.000000
4454 51.031986 55.493202 56.801105 90.000000 90.000000 90.000000
4455 51.174732 55.648430 56.959988 90.000000 90.000000 90.000000
4456 51.142647 55.613537 56.924278 90.000000 90.000000 90.000000
4457 51.321232 55.807735 57.123051 90.000000 90.000000 90.000000
4458 51.069527 55.534023 56.842888 90.000000 90.000000 90.000000
4459 51.179340 55.653439 56.965118 90.000000 90.000000 90.000000
4460 51.165684 55.638588 56.949917 90.000000 90.000000 90.000000
4461 51.250084 55.730366 57.043858 90.000000 90.000000 90.000000
4462 51.201298 55.677315 56.989559 90.000000 90.000000 90.000000
4463 51.284531 55.767826 57.082203 90.000000 90.000000 90.000000
4464 51.142006 55.612839 56.923561 90.000000 90.000000 90.000000
4465 51.131180 55.601070 56.911514 90.000000 90.000000 90.000000
4466 51.136505 55.606857 56.917439 90.000000 90.000000 90.000000
4467 51.105511 55.573154 56.882942 90.000000 90.000000 90.000000
4468 51.301655 55.786446 57.101257 90.000000 90.000000 90.000000
4469 51.129292 55.599014 56.909412 90.000000 90.000000 90.000000
4470 51.215782 55.693066 57.005676 90.000000 90.000000 90.000000
4471 51.271690 55.753860 57.067905 90.000000 90.000000 90.000000
4472 51.207726 55.684303 56.996712 90.000000 90.000000 90.000000
4473 51.194370 55.669781 56.981846 90.000000 90.000000 90.000000
4474 51.140968 55.611710 56.922405 90.000000 90.000000 90.000000
4475 51.154202 55.626102 56.937138 90.000000 90.000000 90.000000
4476 51.280041 55.762943 57.077206 90.000000 90.000000 90.000000
4477 51.160336 55.632771 56.943962 90.000000 90.000000 90.000000
4478 51.269012 55.750950 57.064926 90.000000 90.000000 90.000000
4479 51.247307 55.727348 57.040768 90.000000 90.000000 90.000000
4480 51.147430 55.618740 56.929600 90.000000 90.000000 90.000000
4481 51.186718 55.661461 56.973328 90.000000 90.000000 90.000000
4482 51.118900 55.587715 56.897846 90.000000 90.000000 90.000000
4483 51.161480 55.634018 56.945240 90.000000 90.000000 90.000000
4484 51.163101 55.635780 56.947044 90.000000 90.000000 90.000000
4485 51.124065 55.593334 56.903595 90.000000 90.000000 90.000000
4486 51.212257 55.689236 57.001759 90.000000 90.000000 90.000000
4487 51.144535 55.615593 56.926380 90.000000 90.000000 90.000000
4488 51.144482 55.615532 56.926319 90.000000 90.000000 90.000000
4489 51.197956 55.673683 56.985840 90.000000 90.000000 90.000000
4490 51.137661 55.608116 56.918728 90.000000 90.000000 90.000000
4491 51.256672 55.737534 57.051193 90.000000 90.000000 90.000000
4492 51.337086 55.824974 57.140694 90.000000 90.000000 90.000000
4493 51.112957 55.581253 56.891232 90.000000 90.000000 90.000000
4494 51.189198 55.664158 56.976089 90.000000 90.000000 90.000000
4495 51.111813 55.580006 56.889954 90.000000 90.000000 90.000000
4496 51.184517 55.659069 56.970879 90.000000 90.000000 90.000000
4497 51.273682 55.756031 57.070126 90.000000 90.000000 90.000000
4498 51.068054 55.532425 56.841251 90.000000 90.000000 90.000000
4499 51.170654 55.643993 56.955448 90.000000 90.000000 90.000000
4500 51.140808 55.611542 56.922230 90.000000 90.000000 90.000000
4501 51.182449 55.656818 56.968578 90.000000 90.000000 90.000000
4502 51.224724 55.702789 57.015633 90.000000 90.000000 90.000000
4503 51.189957 55.664982 56.976933 90.000000 90.000000 90.000000
4504 51.076096 55.541168 56.850201 90.000000 90.000000 90.000000
4505 51.178619 55.652653 56.964314 90.000000 90.000000 90.000000
4506 51.212543 55.689545 57.002075 90.000000 90.000000 90.000000
4507 51.244507 55.724300 57.037651 90.000000 90.000000 90.000000
4508 51.352173 55.841381 57.157486 90.000000 90.000000 90.000000
4509 51.255173 55.735901 57.049522 90.000000 90.000000 90.000000
4510 51.246395 55.726357 57.039753 90.000000 90.000000 90.000000
4511 51.137707 55.608166 56.918777 90.000000 90.000000 90.000000
4512 51.152954 55.624748 56.935749 90.000000 90.000000 90.000000
4513 51.198586 55.674370 56.986542 90.000000 90.000000 90.000000
4514 51.212540 55.689541 57.002071 90.000000 90.000000 90.000000
4515 51.183670 55.658146 56.969936 90.000000 90.000000 90.000000
4516 51.301434 55.786205 57.101013 90.000000 90.000000 90.000000
4517 51.228107 55.706467 57.019398 90.000000 90.000000 90.000000
4518 51.220669 55.698380 57.011116 90.000000 90.000000 90.000000
4519 51.186092 55.660782 56.972633 90.000000 90.000000 90.000000
4520 51.076698 55.541821 56.850872 90.000000 90.000000 90.000000
4521 51.134487 55.604664 56.915192 90.000000 90.000000 90.000000
4522 51.265114 55.746712 57.060589 90.000000 90.000000 90.000000
4523 51.290119 55.773903 57.088421 90.000000 90.000000 90.000000
4524 51.241684 55.721233 57.034512 90.000000 90.000000 90.000000
4525 51.238800 55.718094 57.031300 90.000000 90.000000 90.000000
4526 51.279602 55.762463 57.076714 90.000000 90.000000 90.000000
4527 51.253757 55.734360 57.047947 90.000000 90.000000 90.000000
4528 51.198254 55.674007 56.986172 90.000000 90.000000 90.000000
4529 51.088512 55.554672 56.864021 90.000000 90.000000 90.000000
4530 51.276981 55.759617 57.073799 90.000000 90.000000 90.000000
4531 51.297367 55.781784 57.096489 90.000000 90.000000 90.000000
4532 51.331024 55.818382 57.133949 90.000000 90.000000 90.000000
4533 51.269997 55.752018 57.066021 90.000000 90.000000 90.000000
4534 51.280045 55.762947 57.077206 90.000000 90.000000 90.000000
4535 51.020340 55.480537 56.788143 90.000000 90.000000 90.000000
4536 51.218410 55.695927 57.008606 90.000000 90.000000 90.000000
4537 51.253319 55.733887 57.047462 90.000000 90.000000 90.000000
4538 51.232368 55.711102 57.024139 90.000000 90.000000 90.000000
4539 51.224964 55.703049 57.015900 90.000000 90.000000 90.000000
4540 51.326408 55.813366 57.128811 90.000000 90.000000 90.000000
4541 51.208969 55.685658 56.998096 90.000000 90.000000 90.000000
4542 51.332176 55.819637 57.135231 90.000000 90.000000 90.000000
4543 51.246216 55.726162 57.039555 90.000000 90.000000 90.000000
4544 51.287624 55.771187 57.085640 90.000000 90.000000 90.000000
4545 51.196686 55.672302 56.984425 90.000000 90.000000 90.000000
4546 51.300888 55.785614 57.100407 90.000000 90.000000 90.000000
4547 51.119564 55.588436 56.898582 90.000000 90.000000 90.000000
4548 51.125221 55.594589 56.904881 90.000000 90.000000 90.000000
4549 51.196911 55.672546 56.984673 90.000000 90.000000 90.000000
4550 51.156227 55.628307 56.939392 90.000000 90.000000 90.000000
4551 51.325714 55.812607 57.128040 90.000000 90.000000 90.000000
4552 51.215172 55.692402 57.004997 90.000000 90.000000 90.000000
4553 51.019146 55.479240 56.786812 90.000000 90.000000 90.000000
4554 51.214405 55.691570 57.004147 90.000000 90.000000 90.000000
4555 51.221931 55.699753 57.012524 90.000000 90.000000 90.000000
4556 51.198036 55.673771 56.985928 90.000000 90.000000 90.000000
4557 51.023754 55.484253 56.791943 90.000000 90.000000 90.000000
4558 51.040497 55.502457 56.810577 90.000000 90.000000 90.000000
4559 51.243416 55.723118 57.036438 90.000000 90.000000 90.000000
4560 51.244759 55.724575 57.037933 90.000000 90.000000 90.000000
4561 51.098839 55.565903 56.875515 90.000000 90.000000 90.000000
4562 51.118309 55.587074 56.897186 90.000000 90.000000 90.000000
4563 51.245018 55.724857 57.038219 90.000000 90.000000 90.000000
4564 51.236221 55.715290 57.028427 90.000000 90.000000 90.000000
4565 51.260620 55.741825 57.055588 90.000000 90.000000 90.000000
4566 51.268669 55.750576 57.064545 90.000000 90.000000 90.000000
4567 51.160957 55.633450 56.944656 90.000000 90.000000 90.000000
4568 51.216782 55.694153 57.006794 90.000000 90.000000 90.000000
4569 51.244774 55.724590 57.037949 90.000000 90.000000 90.000000
4570 51.373287 55.864342 57.180992 90.000000 90.000000 90.000000
4571 51.090996 55.557369 56.866787 90.000000 90.000000 90.000000
4572 51.219742 55.697372 57.010086 90.000000 90.000000 90.000000
4573 51.208618 55.685276 56.997707 90.000000 90.000000 90.000000
4574 51.126747 55.596249 56.906578 90.000000 90.000000 90.000000
4575 51.179867 55.654011 56.965702 90.000000 90.000000 90.000000
4576 51.180786 55.655010 56.966728 90.000000 90.000000 90.000000
4577 51.127567 55.597141 56.907494 90.000000 90.000000 90.000000
4578 51.238728 55.718018 57.031219 90.000000 90.000000 90.000000
4579 51.248924 55.729107 57.042568 90.000000 90.000000 90.000000
4580 51.201271 55.677288 56.989529 90.000000 90.000000 90.000000
4581 51.208473 55.685116 56.997543 90.000000 90.000000 90.000000
4582 51.235931 55.714977 57.028107 90.000000 90.000000 90.000000
4583 51.199295 55.675137 56.987328 90.000000 90.000000 90.000000
4584 51.215355 55.692600 57.005203 90.000000 90.000000 90.000000
4585 51.081089 55.546600 56.855759 90.000000 90.000000 90.000000
4586 51.298321 55.782818 57.097546 90.000000 90.000000 90.000000
4587 51.198902 55.674713 56.986893 90.000000 90.000000 90.000000
4588 51.246090 55.726025 57.039413 90.000000 90.000000 90.000000
4589 51.227123 55.705399 57.018303 90.000000 90.000000 90.000000
4590 51.143829 55.614822 56.925591 90.000000 90.000000 90.000000
4591 51.205742 55.682148 56.994503 90.000000 90.000000 90.000000
4592 51.096657 55.563530 56.873089 90.000000 90.000000 90.000000
4593 51.107197 55.574989 56.884819 90.000000 90.000000 90.000000
4594 51.265530 55.747162 57.061050 90.000000 90.000000 90.000000
4595 51.242737 55.722378 57.035679 90.000000 90.000000 90.000000
4596 51.179379 55.653481 56.965160 90.000000 90.000000 90.000000
4597 51.158188 55.630440 56.941574 90.000000 90.000000 90.000000
4598 51.241360 55.720882 57.034149 90.000000 90.000000 90.000000
4599 51.230396 55.708958 57.021946 90.000000 90.000000 90.000000
4600 51.159344 55.631691 56.942860 90.000000 90.000000 90.000000
4601 51.290810 55.774654 57.089188 90.000000 90.000000 90.000000
4602 51.150669 55.622261 56.933205 90.000000 90.000000 90.000000
4603 51.130760 55.600609 56.911045 90.000000 90.000000 90.000000
4604 51.158871 55.631180 56.942337 90.000000 90.000000 90.000000
4605 51.105030 55.572632 56.882408 90.000000 90.000000 90.000000
4606 51.139481 55.610092 56.920750 90.000000 90.000000 90.000000
4607 51.072433 55.537186 56.846123 90.000000 90.000000 90.000000
4608 51.150597 55.622181 56.933121 90.000000 90.000000 90.000000
4609 51.227539 55.705853 57.018768 90.000000 90.000000 90.000000
4610 51.164139 55.636906 56.948196 90.000000 90.000000 90.000000
4611 51.227608 55.705925 57.018841 90.000000 90.000000 90.000000
4612 51.143860 55.614857 56.925625 90.000000 90.000000 90.000000
4613 51.160179 55.632603 56.943790 90.000000 90.000000 90.000000
4614 51.282207 55.765301 57.079617 90.000000 90.000000 90.000000
4615 51.150837 55.622444 56.933392 90.000000 90.000000 90.000000
4616 51.185162 55.659767 56.971596 90.000000 90.000000 90.000000
4617 51.061832 55.525658 56.834328 90.000000 90.000000 90.000000
4618 51.278576 55.761349 57.075573 90.000000 90.000000 90.000000
4619 51.267723 55.749546 57.063492 90.000000 90.000000 90.000000
4620 51.118420 55.587189 56.897308 90.000000 90.000000 90.000000
4621 51.276581 55.759178 57.073349 90.000000 90.000000 90.000000
4622 51.244926 55.724758 57.038120 90.000000 90.000000 90.000000
4623 51.283428 55.766628 57.080975 90.000000 90.000000 90.000000
4624 51.175896 55.649693 56.961285 90.000000 90.000000 90.000000
4625 51.240402 55.719837 57.033081 90.000000 90.000000 90.000000
4626 51.322102 55.808681 57.124020 90.000000 90.000000 90.000000
4627 51.221786 55.699596 57.012363 90.000000 90.000000 90.000000
4628 51.189983 55.665012 56.976963 90.000000 90.000000 90.000000
4629 51.313805 55.799660 57.114784 90.000000 90.000000 90.000000
4630 51.314720 55.800655 57.115803 90.000000 90.000000 90.000000
4631 51.260574 55.741772 57.055534 90.000000 90.000000 90.000000
4632 51.200809 55.676785 56.989014 90.000000 90.000000 90.000000
4633 51.214314 55.691471 57.004047 90.000000 90.000000 90.000000
4634 51.275444 55.757942 57.072083 90.000000 90.000000 90.000000
4635 51.241531 55.721066 57.034340 90.000000 90.000000 90.000000
4636 51.200291 55.676220 56.988438 90.000000 90.000000 90.000000
4637 51.144749 55.615826 56.926617 90.000000 90.000000 90.000000
4638 51.158585 55.630871 56.942017 90.000000 90.000000 90.000000
4639 51.170837 55.644192 56.955650 90.000000 90.000000 90.000000
4640 51.146801 55.618053 56.928898 90.000000 90.000000 90.000000
4641 51.173359 55.646935 56.958462 90.000000 90.000000 90.000000
4642 51.050289 55.513103 56.821476 90.000000 90.000000 90.000000
4643 51.222260 55.700111 57.012890 90.000000 90.000000 90.000000
4644 51.185612 55.660259 56.972099 90.000000 90.000000 90.000000
4645 51.103855 55.571354 56.881096 90.000000 90.000000 90.000000
4646 51.204330 55.680611 56.992931 90.000000 90.000000 90.000000
4647 51.150799 55.622402 56.933350 90.000000 90.000000 90.000000
4648 51.215572 55.692841 57.005447 90.000000 90.000000 90.000000
4649 51.092800 55.559334 56.868793 90.000000 90.000000 90.000000
4650 51.189503 55.664490 56.976429 90.000000 90.000000 90.000000
4651 51.152378 55.624119 56.935104 90.000000 90.000000 90.000000
4652 51.186878 55.661636 56.973507 90.000000 90.000000 90.000000
4653 51.197887 55.673607 56.985760 90.000000 90.000000 90.000000
4654 51.131207 55.601097 56.911541 90.000000 90.000000 90.000000
4655 51.216351 55.693684 57.006313 90.000000 90.000000 90.000000
4656 51.243298 55.722988 57.036304 90.000000 90.000000 90.000000
4657 51.096043 55.562859 56.872402 90.000000 90.000000 90.000000
4658 51.178677 55.652718 56.964382 90.000000 90.000000 90.000000
4659 51.169804 55.643066 56.954502 90.000000 90.000000 90.000000
4660 51.155563 55.627583 56.938652 90.000000 90.000000 90.000000
4661 51.118500 55.587276 56.897396 90.000000 90.000000 90.000000
4662 51.116631 55.585247 56.895317 90.000000 90.000000 90.000000
4663 51.170677 55.644020 56.955475 90.000000 90.000000 90.000000
4664 51.273262 55.755569 57.069656 90.000000 90.000000 90.000000
4665 51.165382 55.638260 56.949581 90.000000 90.000000 90.000000
4666 51.157948 55.630173 56.941303 90.000000 90.000000 90.000000
4667 51.198689 55.674477 56.986652 90.000000 90.000000 90.000000
4668 51.339077 55.827141 57.142914 90.000000 90.000000 90.000000
4669 51.206711 55.683201 56.995579 90.000000 90.000000 90.000000
4670 51.291286 55.775173 57.089722 90.000000 90.000000 90.000000
4671 51.232246 55.710972 57.024006 90.000000 90.000000 90.000000
4672 51.146641 55.617882 56.928722 90.000000 90.000000 90.000000
4673 51.085495 55.551388 56.860661 90.000000 90.000000 90.000000
4674 51.241062 55.720558 57.033817 90.000000 90.000000 90.000000
4675 51.220318 55.697998 57.010727 90.000000 90.000000 90.000000
4676 51.210705 55.687546 57.000027 90.000000 90.000000 90.000000
4677 51.146481 55.617706 56.928543 90.000000 90.000000 90.000000
4678 51.150311 55.621872 56.932808 90.000000 90.000000 90.000000
4679 51.177757 55.651714 56.963352 90.000000 90.000000 90.000000
4680 51.180737 55.654961 56.966675 90.000000 90.000000 90.000000
4681 51.171097 55.644474 56.955944 90.000000 90.000000 90.000000
4682 51.053066 55.516125 56.824566 90.000000 90.000000 90.000000
4683 51.219429 55.697029 57.009735 90.000000 90.000000 90.000000
4684 51.180340 55.654526 56.966228 90.000000 90.000000 90.000000
4685 51.171246 55.644638 56.956108 90.000000 90.000000 90.000000
4686 51.255653 55.736423 57.050056 90.000000 90.000000 90.000000
4687 51.167225 55.640263 56.951633 90.000000 90.000000 90.000000
4688 51.071529 55.536201 56.845116 90.000000 90.000000 90.000000
4689 51.142231 55.613087 56.923813 90.000000 90.000000 90.000000
4690 51.192883 55.668167 56.980190 90.000000 90.000000 90.000000
4691 51.184525 55.659077 56.970890 90.000000 90.000000 90.000000
4692 51.228680 55.707092 57.020035 90.000000 90.000000 90.000000
4693 51.197067 55.672714 56.984848 90.000000 90.000000 90.000000
4694 51.148563 55.619972 56.930862 90.000000 90.000000 90.000000
4695 51.198227 55.673977 56.986141 90.000000 90.000000 90.000000
4696 51.198677 55.674465 56.986641 90.000000 90.000000 90.000000
4697 51.237442 55.716621 57.029789 90.000000 90.000000 90.000000
4698 51.096622 55.563492 56.873051 90.000000 90.000000 90.000000
4699 51.291542 55.775452 57.090004 90.000000 90.000000 90.000000
4700 51.323772 55.810497 57.125877 90.000000 90.000000 90.000000
4701 51.188526 55.663425 56.975342 90.000000 90.000000 90.000000
4702 51.047565 55.510143 56.818443 90.000000 90.000000 90.000000
4703 51.175896 55.649696 56.961285 90.000000 90.000000 90.000000
4704 51.248432 55.728569 57.042019 90.000000 90.000000 90.000000
4705 51.239616 55.718983 57.032207 90.000000 90.000000 90.000000
4706 51.205090 55.681438 56.993774 90.000000 90.000000 90.000000
4707 51.208309 55.684940 56.997360 90.000000 90.000000 90.000000
4708 51.213520 55.690605 57.003159 90.000000 90.000000 90.000000
4709 51.259155 55.740234 57.053955 90.000000 90.000000 90.000000
4710 51.281376 55.764393 57.078690 90.000000 90.000000 90.000000
4711 51.195011 55.670479 56.982559 90.000000 90.000000 90.000000
4712 51.240482 55.719925 57.033173 90.000000 90.000000 90.000000
4713 51.230892 55.709496 57.022495 90.000000 90.000000 90.000000
4714 51.236565 55.715668 57.028812 90.000000 90.000000 90.000000
4715 51.118645 55.587437 56.897560 90.000000 90.000000 90.000000
4716 51.222187 55.700031 57.012806 90.000000 90.000000 90.000000
4717 51.185089 55.659687 56.971516 90.000000 90.000000 90.000000
4718 51.207413 55.683964 56.996361 90.000000 90.000000 90.000000
4719 51.133942 55.604073 56.914589 90.000000 90.000000 90.000000
4720 51.199570 55.675438 56.987637 90.000000 90.000000 90.000000
4721 51.190605 55.665691 56.977657 90.000000 90.000000 90.000000
4722 51.128448 55.598099 56.908474 90.000000 90.000000 90.000000
4723 51.187927 55.662777 56.974678 90.000000 90.000000 90.000000
4724 51.110428 55.578499 56.888412 90.000000 90.000000 90.000000
4725 51.184959 55.659550 56.971375 90.000000 90.000000 90.000000
4726 51.153164 55.624973 56.935982 90.000000 90.000000 90.000000
4727 51.248753 55.728920 57.042377 90.000000 90.000000 90.000000
4728 51.174030 55.647667 56.959209 90.000000 90.000000 90.000000
4729 51.208973 55.685665 56.998100 90.000000 90.000000 90.000000
4730 51.214916 55.692123 57.004715 90.000000 90.000000 90.000000
4731 51.087406 55.553471 56.862793 90.000000 90.000000 90.000000
4732 51.130852 55.600712 56.911148 90.000000 90.000000 90.000000
4733 51.138680 55.609222 56.919861 90.000000 90.000000 90.000000
4734 51.181595 55.655891 56.967628 90.000000 90.000000 90.000000
4735 51.137745 55.608208 56.918819 90.000000 90.000000 90.000000
4736 51.094608 55.561302 56.870808 90.000000 90.000000 90.000000
4737 51.109310 55.577286 56.887169 90.000000 90.000000 90.000000
4738 51.210350 55.687157 56.999630 90.000000 90.000000 90.000000
4739 51.165287 55.638157 56.949474 90.000000 90.000000 90.000000
4740 51.182762 55.657162 56.968925 90.000000 90.000000 90.000000
4741 51.073639 55.538494 56.847466 90.000000 90.000000 90.000000
4742 51.235786 55.714817 57.027943 90.000000 90.000000 90.000000
4743 51.224030 55.702034 57.014858 90.000000 90.000000 90.000000
4744 51.235676 55.714699 57.027821 90.000000 90.000000 90.000000
4745 51.255543 55.736301 57.049934 90.000000 90.000000 90.000000
4746 51.199276 55.675117 56.987305 90.000000 90.000000 90.000000
4747 51.237320 55.716488 57.029652 90.000000 90.000000 90.000000
4748 51.175446 55.649204 56.960785 90.000000 90.000000 90.000000
4749 51.240562 55.720016 57.033264 90.000000 90.000000 90.000000
4750 51.091293 55.557693 56.867119 90.000000 90.000000 90.000000
4751 51.180458 55.654655 56.966362 90.000000 90.000000 90.000000
4752 51.195503 55.671013 56.983109 90.000000 90.000000 90.000000
4753 51.196014 55.671570 56.983677 90.000000 90.000000 90.000000
4754 51.263653 55.745121 57.058964 90.000000 90.000000 90.000000
4755 51.144127 55.615147 56.925922 90.000000 90.000000 90.000000
4756 51.214867 55.692070 57.004662 90.000000 90.000000 90.000000
4757 51.248604 55.728756 57.042210 90.000000 90.000000 90.000000
4758 51.165310 55.638184 56.949501 90.000000 90.000000 90.000000
4759 51.314369 55.800274 57.115414 90.000000 90.000000 90.000000
4760 51.178318 55.652325 56.963978 90.000000 90.000000 90.000000
4761 51.245941 55.725861 57.039246 90.000000 90.000000 90.000000
4762 51.193390 55.668716 56.980759 90.000000 90.000000 90.000000
4763 51.176693 55.650558 56.962170 90.000000 90.000000 90.000000
4764 51.201118 55.677120 56.989357 90.000000 90.000000 90.000000
4765 51.132027 55.601990 56.912457 90.000000 90.000000 90.000000
4766 51.226986 55.705250 57.018147 90.000000 90.000000 90.000000
4767 51.289490 55.773216 57.087719 90.000000 90.000000 90.000000
4768 51.178825 55.652878 56.964546 90.000000 90.000000 90.000000
4769 51.140430 55.611126 56.921810 90.000000 90.000000 90.000000
4770 51.268307 55.750183 57.064144 90.000000 90.000000 90.000000
4771 51.289658 55.773399 57.087906 90.000000 90.000000 90.000000
4772 51.179016 55.653084 56.964756 90.000000 90.000000 90.000000
4773 51.210167 55.686958 56.999428 90.000000 90.000000 90.000000
4774 51.166950 55.639965 56.951328 90.000000 90.000000 90.000000
4775 51.166653 55.639641 56.950996 90.000000 90.000000 90.000000
4776 51.229637 55.708130 57.021099 90.000000 90.000000 90.000000
4777 51.253567 55.734154 57.047737 90.000000 90.000000 90.000000
4778 51.189003 55.663948 56.975872 90.000000 90.000000 90.000000
4779 51.106838 55.574600 56.884418 90.000000 90.000000 90.000000
4780 51.007122 55.466164 56.773430 90.000000 90.000000 90.000000
4781 51.220951 55.698685 57.011433 90.000000 90.000000 90.000000
4782 51.154434 55.626354 56.937397 90.000000 90.000000 90.000000
4783 51.088806 55.554993 56.864349 90.000000 90.000000 90.000000
4784 51.270340 55.752396 57.066406 90.000000 90.000000 90.000000
4785 51.174644 55.648335 56.959892 90.000000 90.000000 90.000000
4786 51.170391 55.643707 56.955158 90.000000 90.000000 90.000000
4787 51.218452 55.695969 57.008648 90.000000 90.000000 90.000000
4788 51.261238 55.742496 57.056274 90.000000 90.000000 90.000000
4789 51.178341 55.652351 56.964005 90.000000 90.000000 90.000000
4790 51.035000 55.496479 56.804459 90.000000 90.000000 90.000000
4791 51.303333 55.788269 57.103127 90.000000 90.000000 90.000000
4792 51.253651 55.734245 57.047829 90.000000 90.000000 90.000000
4793 51.330788 55.818127 57.133686 90.000000 90.000000 90.000000
4794 51.202427 55.678543 56.990814 90.000000 90.000000 90.000000
4795 51.224480 55.702522 57.015358 90.000000 90.000000 90.000000
4796 51.156834 55.628963 56.940063 90.000000 90.000000 90.000000
4797 51.171745 55.645180 56.956665 90.000000 90.000000 90.000000
4798 51.171318 55.644718 56.956192 90.000000 90.000000 90.000000
4799 51.204704 55.681023 56.993351 90.000000 90.000000 90.000000
4800 51.166542 55.639523 56.950871 90.000000 90.000000 90.000000
4801 51.097637 55.564590 56.874176 90.000000 90.000000 90.000000
4802 51.178471 55.652493 56.964149 90.000000 90.000000 90.000000
4803 51.178719 55.652763 56.964428 90.000000 90.000000 90.000000
4804 51.219475 55.697079 57.009789 90.000000 90.000000 90.000000
4805 51.111435 55.579597 56.889538 90.000000 90.000000 90.000000
4806 51.238949 55.718258 57.031464 90.000000 90.000000 90.000000
4807 51.193516 55.668854 56.980896 90.000000 90.000000 90.000000
4808 51.164696 55.637516 56.948818 90.000000 90.000000 90.000000
4809 51.232483 55.711227 57.024269 90.000000 90.000000 90.000000
4810 51.098087 55.565083 56.874680 90.000000 90.000000 90.000000
4811 51.208652 55.685314 56.997746 90.000000 90.000000 90.000000
4812 51.190586 55.665665 56.977634 90.000000 90.000000 90.000000
4813 51.205647 55.682041 56.994396 90.000000 90.000000 90.000000
4814 51.248608 55.728764 57.042217 90.000000 90.000000 90.000000
4815 51.180859 55.655090 56.966808 90.000000 90.000000 90.000000
4816 51.197552 55.673244 56.985390 90.000000 90.000000 90.000000
4817 51.099720 55.566856 56.876495 90.000000 90.000000 90.000000
4818 51.196651 55.672260 56.984383 90.000000 90.000000 90.000000
4819 51.178566 55.652599 56.964256 90.000000 90.000000 90.000000
4820 51.256603 55.737457 57.051117 90.000000 90.000000 90.000000
4821 51.313164 55.798958 57.114067 90.000000 90.000000 90.000000
4822 51.313068 55.798855 57.113960 90.000000 90.000000 90.000000
4823 51.251530 55.731937 57.045467 90.000000 90.000000 90.000000
4824 51.189228 55.664192 56.976124 90.000000 90.000000 90.000000
4825 51.149933 55.621460 56.932388 90.000000 90.000000 90.000000
4826 51.100182 55.567360 56.877010 90.000000 90.000000 90.000000
4827 51.129555 55.599300 56.909702 90.000000 90.000000 90.000000
4828 51.164310 55.637093 56.948387 90.000000 90.000000 90.000000
4829 51.158157 55.630402 56.941540 90.000000 90.000000 90.000000
4830 51.149044 55.620491 56.931396 90.000000 90.000000 90.000000
4831 51.210468 55.687286 56.999763 90.000000 90.000000 90.000000
4832 51.256416 55.737255 57.050907 90.000000 90.000000 90.000000
4833 51.179188 55.653271 56.964947 90.000000 90.000000 90.000000
4834 51.031540 55.492718 56.800610 90.000000 90.000000 90.000000
4835 51.246941 55.726952 57.040359 90.000000 90.000000 90.000000
4836 51.226074 55.704258 57.017136 90.000000 90.000000 90.000000
4837 51.172333 55.645817 56.957317 90.000000 90.000000 90.000000
4838 51.213806 55.690918 57.003479 90.000000 90.000000 90.000000
4839 51.184574 55.659130 56.970943 90.000000 90.000000 90.000000
4840 51.171642 55.645065 56.956547 90.000000 90.000000 90.000000
4841 51.186047 55.660732 56.972584 90.000000 90.000000 90.000000
4842 51.255367 55.736115 57.049740 90.000000 90.000000 90.000000
4843 51.211628 55.688549 57.001057 90.000000 90.000000 90.000000
4844 51.191395 55.666546 56.978535 90.000000 90.000000 90.000000
4845 51.227283 55.705574 57.018478 90.000000 90.000000 90.000000
4846 51.246716 55.726704 57.040108 90.000000 90.000000 90.000000
4847 51.108524 55.576431 56.886295 90.000000 90.000000 90.000000
4848 51.202682 55.678822 56.991100 90.000000 90.000000 90.000000
4849 51.347591 55.836399 57.152390 90.000000 90.000000 90.000000
4850 51.260803 55.742023 57.055790 90.000000 90.000000 90.000000
4851 51.261059 55.742302 57.056072 90.000000 90.000000 90.000000
4852 51.112514 55.580772 56.890736 90.000000 90.000000 90.000000
4853 51.268578 55.750477 57.064442 90.000000 90.000000 90.000000
4854 51.194523 55.669949 56.982018 90.000000 90.000000 90.000000
4855 51.159721 55.632103 56.943279 90.000000 90.000000 90.000000
4856 51.229343 55.707813 57.020775 90.000000 90.000000 90.000000
4857 51.257477 55.738407 57.052086 90.000000 90.000000 90.000000
4858 51.174458 55.648129 56.959682 90.000000 90.000000 90.000000
4859 51.280846 55.763821 57.078098 90.000000 90.000000 90.000000
4860 51.089855 55.556129 56.865517 90.000000 90.000000 90.000000
4861 51.188099 55.662960 56.974865 90.000000 90.000000 90.000000
4862 51.178764 55.652813 56.964478 90.000000 90.000000 90.000000
4863 51.147835 55.619183 56.930054 90.000000 90.000000 90.000000
4864 51.229675 55.708172 57.021141 90.000000 90.000000 90.000000
4865 51.220158 55.697823 57.010548 90.000000 90.000000 90.000000
4866 51.244068 55.723827 57.037163 90.000000 90.000000 90.000000
4867 51.113129 55.581440 56.891422 90.000000 90.000000 90.000000
4868 51.148739 55.620163 56.931057 90.000000 90.000000 90.000000
4869 51.284145 55.767406 57.081772 90.000000 90.000000 90.000000
4870 51.141773 55.612587 56.923302 90.000000 90.000000 90.000000
4871 51.113209 55.581528 56.891510 90.000000 90.000000 90.000000
4872 51.129654 55.599411 56.909817 90.000000 90.000000 90.000000
4873 51.234280 55.713181 57.026268 90.000000 90.000000 90.000000
4874 51.211147 55.688026 57.000519 90.000000 90.000000 90.000000
4875 51.125832 55.595253 56.905560 90.000000 90.000000 90.000000
4876 51.149521 55.621014 56.931927 90.000000 90.000000 90.000000
4877 51.164616 55.637428 56.948730 90.000000 90.000000 90.000000
4878 51.033703 55.495068 56.803017 90.000000 90.000000 90.000000
4879 51.182064 55.656399 56.968147 90.000000 90.000000 90.000000
4880 51.268009 55.749859 57.063808 90.000000 90.000000 90.000000
4881 51.264069 55.745575 57.059425 90.000000 90.000000 90.000000
4882 51.267048 55.748814 57.062740 90.000000 90.000000 90.000000
4883 51.263424 55.744873 57.058708 90.000000 90.000000 90.000000
4884 51.224083 55.702095 57.014919 90.000000 90.000000 90.000000
4885 51.286606 55.770081 57.084507 90.000000 90.000000 90.000000
4886 51.212433 55.689423 57.001949 90.000000 90.000000 90.000000
4887 51.202263 55.678368 56.990631 90.000000 90.000000 90.000000
4888 51.156353 55.628445 56.939533 90.000000 90.000000 90.000000
4889 51.217964 55.695438 57.008106 90.000000 90.000000 90.000000
4890 51.111759 55.579948 56.889896 90.000000 90.000000 90.000000
4891 51.148727 55.620152 56.931046 90.000000 90.000000 90.000000
4892 51.138752 55.609303 56.919941 90.000000 90.000000 90.000000
4893 51.158779 55.631081 56.942234 90.000000 90.000000 90.000000
4894 51.150700 55.622295 56.933239 90.000000 90.000000 90.000000
4895 51.228630 55.707039 57.019981 90.000000 90.000000 90.000000
4896 51.145973 55.617153 56.927979 90.000000 90.000000 90.000000
4897 51.209587 55.686329 56.998783 90.000000 90.000000 90.000000
4898 51.228802 55.707222 57.020168 90.000000 90.000000 90.000000
4899 51.154072 55.625961 56.936993 90.000000 90.000000 90.000000
4900 51.121296 55.590321 56.900509 90.000000 90.000000 90.000000
4901 51.233498 55.712330 57.025398 90.000000 90.000000 90.000000
4902 51.171814 55.645252 56.956741 90.000000 90.000000 90.000000
4903 51.243828 55.723564 57.036896 90.000000 90.000000 90.000000
4904 51.163631 55.636360 56.947636 90.000000 90.000000 90.000000
4905 51.166847 55.639854 56.951214 90.000000 90.000000 90.000000
4906 51.126236 55.595692 56.906010 90.000000 90.000000 90.000000
4907 51.211048 55.687920 57.000412 90.000000 90.000000 90.000000
4908 51.114071 55.582462 56.892471 90.000000 90.000000 90.000000
4909 51.192394 55.667633 56.979645 90.000000 90.000000 90.000000
4910 51.248997 55.729187 57.042648 90.000000 90.000000 90.000000
4911 51.087311 55.553364 56.862686 90.000000 90.000000 90.000000
4912 51.234871 55.713821 57.026924 90.000000 90.000000 90.000000
4913 51.148281 55.619663 56.930546 90.000000 90.000000 90.000000
4914 51.254139 55.734776 57.048370 90.000000 90.000000 90.000000
4915 51.173271 55.646839 56.958363 90.000000 90.000000 90.000000
4916 51.231922 55.710617 57.023643 90.000000 90.000000 90.000000
4917 51.113663 55.582020 56.892014 90.000000 90.000000 90.000000
4918 51.184513 55.659061 56.970875 90.000000 90.000000 90.000000
4919 51.142223 55.613079 56.923805 90.000000 90.000000 90.000000
4920 51.289913 55.773678 57.088192 90.000000 90.000000 90.000000
4921 51.134972 55.605190 56.915733 90.000000 90.000000 90.000000
4922 51.210789 55.687637 57.000122 90.000000 90.000000 90.000000
4923 51.211689 55.688618 57.001125 90.000000 90.000000 90.000000
4924 51.248291 55.728416 57.041862 90.000000 90.000000 90.000000
4925 51.270756 55.752846 57.066868 90.000000 90.000000 90.000000
4926 51.199696 55.675575 56.987774 90.000000 90.000000 90.000000
4927 51.159328 55.631676 56.942844 90.000000 90.000000 90.000000
4928 51.181122 55.655373 56.967098 90.000000 90.000000 90.000000
4929 51.275452 55.757950 57.072094 90.000000 90.000000 90.000000
4930 51.117397 55.586082 56.896172 90.000000 90.000000 90.000000
4931 51.140324 55.611012 56.921688 90.000000 90.000000 90.000000
4932 51.172985 55.646526 56.958042 90.000000 90.000000 90.000000
4933 51.254604 55.735283 57.048889 90.000000 90.000000 90.000000
4934 51.188679 55.663593 56.975510 90.000000 90.000000 90.000000
4935 51.082298 55.547913 56.857105 90.000000 90.000000 90.000000
4936 51.233398 55.712223 57.025288 90.000000 90.000000 90.000000
4937 51.248653 55.728809 57.042263 90.000000 90.000000 90.000000
4938 51.196720 55.672337 56.984459 90.000000 90.000000 90.000000
4939 51.168240 55.641365 56.952759 90.000000 90.000000 90.000000
4940 51.203083 55.679256 56.991543 90.000000 90.000000 90.000000
4941 51.137764 55.608227 56.918839 90.000000 90.000000 90.000000
4942 51.153793 55.625656 56.936680 90.000000 90.000000 90.000000
4943 51.168152 55.641270 56.952663 90.000000 90.000000 90.000000
4944 51.172165 55.645638 56.957130 90.000000 90.000000 90.000000
4945 51.146633 55.617874 56.928715 90.000000 90.000000 90.000000
4946 51.133892 55.604015 56.914532 90.000000 90.000000 90.000000
4947 51.051941 55.514900 56.823315 90.000000 90.000000 90.000000
4948 51.115540 55.584061 56.894104 90.000000 90.000000 90.000000
4949 51.152405 55.624149 56.935139 90.000000 90.000000 90.000000
4950 51.213615 55.690708 57.003265 90.000000 90.000000 90.000000
4951 51.209114 55.685814 56.998257 90.000000 90.000000 90.000000
4952 51.236790 55.715912 57.029064 90.000000 90.000000 90.000000
4953 51.183552 55.658020 56.969807 90.000000 90.000000 90.000000
4954 51.126263 55.595722 56.906040 90.000000 90.000000 90.000000
4955 51.160660 55.633125 56.944324 90.000000 90.000000 90.000000
4956 51.137062 55.607464 56.918056 90.000000 90.000000 90.000000
4957 51.172665 55.646179 56.957687 90.000000 90.000000 90.000000
4958 51.182064 55.656399 56.968147 90.000000 90.000000 90.000000
4959 51.188435 55.663326 56.975239 90.000000 90.000000 90.000000
4960 51.115891 55.584442 56.894497 90.000000 90.000000 90.000000
4961 51.287540 55.771099 57.085552 90.000000 90.000000 90.000000
4962 51.332214 55.819679 57.135277 90.000000 90.000000 90.000000
4963 51.195587 55.671108 56.983204 90.000000 90.000000 90.000000
4964 51.276394 55.758980 57.073143 90.000000 90.000000 90.000000
4965 51.135273 55.605518 56.916069 90.000000 90.000000 90.000000
4966 51.273491 55.755817 57.069908 90.000000 90.000000 90.000000
4967 51.153618 55.625469 56.936489 90.000000 90.000000 90.000000
4968 51.154758 55.626709 56.937759 90.000000 90.000000 90.000000
4969 51.113480 55.581821 56.891811 90.000000 90.000000 90.000000
4970 51.119217 55.588058 56.898197 90.000000 90.000000 90.000000
4971 51.133011 55.603062 56.913551 90.000000 90.000000 90.000000
4972 51.091164 55.557552 56.866974 90.000000 90.000000 90.000000
4973 51.194530 55.669956 56.982025 90.000000 90.000000 90.000000
4974 51.244808 55.724632 57.037987 90.000000 90.000000 90.000000
4975 51.156296 55.628380 56.939468 90.000000 90.000000 90.000000
4976 51.211517 55.688427 57.000931 90.000000 90.000000 90.000000
4977 51.202969 55.679134 56.991417 90.000000 90.000000 90.000000
4978 51.172142 55.645615 56.957108 90.000000 90.000000 90.000000
4979 51.226643 55.704876 57.017769 90.000000 90.000000 90.000000
4980 51.154060 55.625950 56.936981 90.000000 90.000000 90.000000
4981 51.253708 55.734310 57.047894 90.000000 90.000000 90.000000
4982 51.212902 55.689934 57.002476 90.000000 90.000000 90.000000
4983 51.194443 55.669861 56.981926 90.000000 90.000000 90.000000
4984 51.178406 55.652424 56.964077 90.000000 90.000000 90.000000
4985 51.176693 55.650558 56.962170 90.000000 90.000000 90.000000
4986 51.140656 55.611374 56.922058 90.000000 90.000000 90.000000
4987 51.123486 55.592701 56.902950 90.000000 90.000000 90.000000
4988 51.228104 55.706463 57.019394 90.000000 90.000000 90.000000
4989 51.225586 55.703728 57.016590 90.000000 90.000000 90.000000
4990 51.149525 55.621017 56.931931 90.000000 90.000000 90.000000
4991 51.126709 55.596207 56.906536 90.000000 90.000000 90.000000
4992 51.171597 55.645020 56.956497 90.000000 90.000000 90.000000
4993 51.244839 55.724663 57.038017 90.000000 90.000000 90.000000
4994 51.230782 55.709373 57.022373 90.000000 90.000000 90.000000
4995 51.217419 55.694847 57.007504 90.000000 90.000000 90.000000
4996 51.173370 55.646946 56.958473 90.000000 90.000000 90.000000
4997 51.221516 55.699299 57.012058 90.000000 90.000000 90.000000
4998 51.262760 55.744152 57.057968 90.000000 90.000000 90.000000
4999 51.226040 55.704220 57.017097 90.000000 90.000000 90.000000
