Charm++: standalone mode (not using charmrun)
Charm++> Running in Multicore mode: 8 threads (PEs)
Charm++> Using recursive bisection (scheme 3) for topology aware partitions
Converse/Charm++ Commit ID: 
CharmLB> Load balancer assumes all CPUs are same.
Charm++> cpu affinity enabled. 
Charm++> Running on 1 hosts (1 sockets x 8 cores x 2 PUs = 16-way SMP)
Charm++> cpu topology info is gathered in 0.000 seconds.
Info: Built with CUDA version 11080
Pe 0 physical rank 0 will use CUDA device of pe 4
Pe 6 physical rank 6 will use CUDA device of pe 4
Pe 4 physical rank 4 binding to CUDA device 0 on tamburello: 'NVIDIA GeForce RTX 4050 Laptop GPU'  Mem: 6140MB  Rev: 8.9  PCI: 0:1:0
Pe 3 physical rank 3 will use CUDA device of pe 4
Pe 2 physical rank 2 will use CUDA device of pe 4
Pe 5 physical rank 5 will use CUDA device of pe 4
Pe 7 physical rank 7 will use CUDA device of pe 4
Pe 1 physical rank 1 will use CUDA device of pe 4
CharmLB> Load balancing instrumentation for communication is off.
Info: NAMD Git-2025-12-04 for Linux-x86_64-multicore-CUDA
Info: 
Info: Please visit http://www.ks.uiuc.edu/Research/namd/
Info: for updates, documentation, and support information.
Info: 
Info: Please cite Phillips et al., J. Chem. Phys. 153:044130 (2020) doi:10.1063/5.0014475
Info: in all publications reporting results obtained with NAMD.
Info: 
Info: Based on Charm++/Converse 80000 for multicore-linux-x86_64-gcc
Info: Built Thu Dec 4 09:52:36 CST 2025 by dhardy on athine.ks.uiuc.edu
Info: Source code at Git commit ID b856a9378ca44bcf5aa708d4b681af4ceb86d8ca
Info: 1 NAMD  Git-2025-12-04  Linux-x86_64-multicore-CUDA  8    tamburello  zwa
Info: Running on 8 processors, 1 nodes, 1 physical nodes.
Info: CPU topology information available.
Info: Charm++/Converse parallel runtime startup completed at 0.145237 s
CkLoopLib is used in SMP with simple dynamic scheduling (converse-level notification)
Info: 0 MB of memory in use based on /proc/self/stat
Info: Configuration file is replica_02/06_prod_1ns.conf
Info: Changed directory to replica_02
TCL: Suspending until startup complete.
Info: EXTENDED SYSTEM FILE   05_prod_1ns/prod_05.xsc
Warning: Always using force tables for GPU nonbonded kernel due to unsupported config parameters.
Info: SIMULATION PARAMETERS:
Info: TIMESTEP               2
Info: NUMBER OF STEPS        2750000
Info: STEPS PER CYCLE        10
Info: PERIODIC CELL BASIS 1  51.1484 0 0
Info: PERIODIC CELL BASIS 2  0 55.6198 0
Info: PERIODIC CELL BASIS 3  0 0 56.9306
Info: PERIODIC CELL CENTER   0 0 0
Info: WRAPPING ALL CLUSTERS AROUND PERIODIC BOUNDARIES ON OUTPUT.
Info: LOAD BALANCER  Centralized
Info: LOAD BALANCING STRATEGY  New Load Balancers -- DEFAULT
Info: LDB PERIOD             2000 steps
Info: FIRST LDB TIMESTEP     50
Info: LAST LDB TIMESTEP     -1
Info: LDB BACKGROUND SCALING 1
Info: HOM BACKGROUND SCALING 1
Info: PME BACKGROUND SCALING 1
Info: MIN ATOMS PER PATCH    40
Info: EMPTY PATCH LOAD       40 ATOMS
Info: VELOCITY FILE          05_prod_1ns/prod_05.vel
Info: CENTER OF MASS MOVING INITIALLY? NO
Info: DIELECTRIC             1
Info: EXCLUDE                SCALED ONE-FOUR
Info: 1-4 ELECTROSTATICS SCALED BY 0.833333
Info: MODIFIED 1-4 VDW PARAMETERS WILL BE USED
Info: DCD FILENAME           06_prod_1ns/prod_06.dcd
Info: DCD FREQUENCY          1000
Info: DCD FIRST STEP         2751000
Info: DCD FILE WILL CONTAIN UNIT CELL DATA
Info: XST FILENAME           06_prod_1ns/prod_06.xst
Info: XST FREQUENCY          5000
Info: NO VELOCITY DCD OUTPUT
Info: NO FORCE DCD OUTPUT
Info: OUTPUT FILENAME        06_prod_1ns/prod_06
Info: BINARY OUTPUT FILES WILL BE USED
Info: RESTART FILENAME       06_prod_1ns/prod_06.restart
Info: RESTART FREQUENCY      5000
Info: BINARY RESTART FILES WILL BE USED
Info: NAMD will save positions and velocities to 06_prod_1ns/prod_06.crash.csv when  atoms are moving too fast.
Info: CUTOFF                 9
Info: PAIRLIST DISTANCE      11
Info: PAIRLIST SHRINK RATE   0.01
Info: PAIRLIST GROW RATE     0.01
Info: PAIRLIST TRIGGER       0.3
Info: PAIRLISTS PER CYCLE    2
Info: PAIRLISTS ENABLED
Info: MARGIN                 0.405
Info: HYDROGEN GROUP CUTOFF  2.5
Info: PATCH DIMENSION        13.905
Info: ENERGY OUTPUT STEPS    500
Info: ENERGY EVALUATION STEPS    500
Info: OUTPUT ENERGY PRECISION 4
Info: CROSSTERM ENERGY INCLUDED IN DIHEDRAL
Info: TIMING OUTPUT STEPS    5000
Info: LANGEVIN DYNAMICS ACTIVE
Info: LANGEVIN TEMPERATURE   310.15
Info: LANGEVIN USING BBK INTEGRATOR
Info: LANGEVIN DAMPING COEFFICIENT IS 1 INVERSE PS
Info: LANGEVIN DYNAMICS APPLIED TO HYDROGENS
Info: LANGEVIN PISTON PRESSURE CONTROL ACTIVE
Info:        TARGET PRESSURE IS 1.01325 BAR
Info:     OSCILLATION PERIOD IS 100 FS
Info:             DECAY TIME IS 50 FS
Info:     PISTON TEMPERATURE IS 310.15 K
Info:       PRESSURE CONTROL IS GROUP-BASED
Info:    INITIAL STRAIN RATE IS 0.000115393 0.000115393 0.000115393
Info:       CELL FLUCTUATION IS ISOTROPIC
Info: PARTICLE MESH EWALD (PME) ACTIVE
Info: PME TOLERANCE               1e-06
Info: PME EWALD COEFFICIENT       0.348832
Info: PME INTERPOLATION ORDER     4
Info: PME GRID DIMENSIONS         54 56 60
Info: PME MAXIMUM GRID SPACING    1
Info: PME CALCULATION WILL BE PERFORMED ON GPU
Info: FULL ELECTROSTATIC EVALUATION FREQUENCY      2
Info: USING VERLET I (r-RESPA) MTS SCHEME.
Info: C1 SPLITTING OF LONG RANGE ELECTROSTATICS
Info: PLACING ATOMS IN PATCHES BY HYDROGEN GROUPS
Info: RIGID BONDS TO HYDROGEN : ALL
Info:         ERROR TOLERANCE : 1e-08
Info:          MAX ITERATIONS : 100
Info: RIGID WATER USING SETTLE ALGORITHM
Info: RANDOM NUMBER SEED     202609346
Info: USE HYDROGEN BONDS?    NO
Info: Using AMBER format force field!
Info: AMBER PARM FILE        ../inputs/pVBTMA12_PFOA_assoc.prmtop
Info: AMBER COORDINATE FILE  ../inputs/pVBTMA12_PFOA_assoc.inpcrd
Info: Exclusions will be read from PARM file!
Info: SCNB (VDW SCALING)     2
Info: USING ARITHMETIC MEAN TO COMBINE L-J SIGMA PARAMETERS
Info: BINARY COORDINATES     05_prod_1ns/prod_05.coor
Info: FIRST TIMESTEP         2750000
Info: === Start reading AMBER parm7 format file ../inputs/pVBTMA12_PFOA_assoc.prmtop ===
Info: Complete reading ATOM_NAME with 15937 fields.
Info: Complete reading CHARGE with 15937 fields.
Info: Complete reading ATOMIC_NUMBER with 15937 fields.
Info: Complete reading MASS with 15937 fields.
Info: Complete reading ATOM_TYPE_INDEX with 15937 fields.
Info: Complete reading NUMBER_EXCLUDED_ATOMS with 15937 fields.
Info: Complete reading NONBONDED_PARM_INDEX with 144 fields.
Info: Complete reading RESIDUE_LABEL with 5214 fields.
Info: Complete reading RESIDUE_POINTER with 5214 fields.
Info: Complete reading BOND_FORCE_CONSTANT with 12 fields.
Info: Complete reading BOND_EQUIL_VALUE with 12 fields.
Info: Complete reading ANGLE_FORCE_CONSTANT with 19 fields.
Info: Complete reading ANGLE_EQUIL_VALUE with 19 fields.
Info: Complete reading DIHEDRAL_FORCE_CONSTANT with 19 fields.
Info: Complete reading DIHEDRAL_PERIODICITY with 19 fields.
Info: Complete reading DIHEDRAL_PHASE with 19 fields.
Info: Complete reading SCEE_SCALE_FACTOR with 19 fields.
Info: Complete reading SCNB_SCALE_FACTOR with 19 fields.
Info: Complete reading LENNARD_JONES_ACOEF with 78 fields.
Info: Complete reading LENNARD_JONES_BCOEF with 78 fields.
Info: Complete reading BONDS_INC_HYDROGEN with 47121 fields.
Info: Complete reading BONDS_WITHOUT_HYDROGEN with 573 fields.
Info: Complete reading ANGLES_INC_HYDROGEN with 1884 fields.
Info: Complete reading ANGLES_WITHOUT_HYDROGEN with 1176 fields.
Info: Complete reading DIHEDRALS_INC_HYDROGEN with 4370 fields.
Info: Complete reading DIHEDRALS_WITHOUT_HYDROGEN with 1980 fields.
Info: Complete reading EXCLUDED_ATOMS_LIST with 23045 fields.
Info: Complete reading HBOND_ACOEF with 0 fields.
Info: Complete reading HBOND_BCOEF with 0 fields.
Info: Complete reading AMBER_ATOM_TYPE with 15937 fields.
Info: Complete reading TREE_CHAIN_CLASSIFICATION with 15937 fields.
Info: Complete reading ATOMS_PER_MOLECULE with 5214 fields.
Info: Complete reading BOX_DIMENSIONS with 4 fields.
Info: Complete reading RADIUS_SET with 1 fields.
Info: Complete reading RADII with 15937 fields.
Info: Complete reading SCREEN with 15937 fields.
Info: === Finish reading AMBER parm7 format file. ===
Warning: Found 5163 H-H bonds.
Info: SUMMARY OF PARAMETERS:
Info: 12 BONDS
Info: 19 ANGLES
Info:   19 HARMONIC
Info:   0 COSINE-BASED
Info: 19 DIHEDRAL
Info: 0 IMPROPER
Info: 0 CROSSTERM
Info: 0 VDW
Info: 78 VDW_PAIRS
Info: 0 NBTHOLE_PAIRS
Info: TIME FOR READING PDB FILE: 3.714e-06
Info: 
Info: LONG-RANGE LJ: APPLYING ANALYTICAL CORRECTIONS TO ENERGY AND PRESSURE
Info: LONG-RANGE LJ: AVERAGE A AND B COEFFICIENTS 566405 AND 559.433
Info: ****************************
Info: STRUCTURE SUMMARY:
Info: 15937 ATOMS
Info: 15898 BONDS
Info: 765 ANGLES
Info: 1270 DIHEDRALS
Info: 0 IMPROPERS
Info: 0 CROSSTERMS
Info: 17758 EXCLUSIONS
Info: 15707 RIGID BONDS
Info: 32104 DEGREES OF FREEDOM
Info: 5393 HYDROGEN GROUPS
Info: 4 ATOMS IN LARGEST HYDROGEN GROUP
Info: 5393 MIGRATION GROUPS
Info: 4 ATOMS IN LARGEST MIGRATION GROUP
Info: TOTAL MASS = 97047.3 amu
Info: TOTAL CHARGE = -5.9735e-06 e
Info: MASS DENSITY = 0.995029 g/cm^3
Info: ATOM DENSITY = 0.098401 atoms/A^3
Info: *****************************
Info: Reading from binary file 05_prod_1ns/prod_05.coor
Info: 
Info: Entering startup at 0.350379 s, 0 MB of memory in use
Info: Startup phase 0 took 0.000244326 s, 0 MB of memory in use
Info: ADDED 0 IMPLICIT EXCLUSIONS
Info: Startup phase 1 took 0.00238284 s, 0 MB of memory in use
Info: NONBONDED TABLE R-SQUARED SPACING: 0.0625
Info: NONBONDED TABLE SIZE: 705 POINTS
Info: INCONSISTENCY IN FAST TABLE ENERGY VS FORCE: 0.000290481 AT 0.251946
Info: INCONSISTENCY IN SCOR TABLE ENERGY VS FORCE: 0.000238233 AT 8.9687
Info: ABSOLUTE IMPRECISION IN VDWA TABLE ENERGY: 1.21169e-27 AT 8.99653
Info: ABSOLUTE IMPRECISION IN VDWA TABLE FORCE: 2.57484e-27 AT 8.99653
Info: INCONSISTENCY IN VDWA TABLE ENERGY VS FORCE: 0.0040507 AT 0.251946
Info: INCONSISTENCY IN VDWB TABLE ENERGY VS FORCE: 0.00150189 AT 0.251946
Info: Startup phase 2 took 0.00179896 s, 0 MB of memory in use
Info: Startup phase 3 took 0.000324149 s, 0 MB of memory in use
Info: Startup phase 4 took 0.000323442 s, 0 MB of memory in use
Info: Startup phase 5 took 0.000225757 s, 0 MB of memory in use
Info: PATCH GRID IS 3 (PERIODIC) BY 3 (PERIODIC) BY 4 (PERIODIC)
Info: PATCH GRID IS 1-AWAY BY 1-AWAY BY 1-AWAY
Info: Reading from binary file 05_prod_1ns/prod_05.vel
Info: REMOVING COM VELOCITY -0.0811232 -0.0377762 0.0497228
Info: LARGEST PATCH (12) HAS 484 ATOMS
Info: TORUS A SIZE 1 USING 0
Info: TORUS B SIZE 1 USING 0
Info: TORUS C SIZE 1 USING 0
Info: TORUS MINIMAL MESH SIZE IS 1 BY 1 BY 1
Info: Placed 100% of base nodes on same physical node as patch
Info: Startup phase 6 took 0.00720963 s, 0 MB of memory in use
Info: Use 3D box decompostion in PME FFT.
Info: PME using 1 x 1 x 1 pencil grid for FFT and reciprocal sum.
Info: Startup phase 7 took 0.000528375 s, 0 MB of memory in use
Info: Updated CUDA force table with 4096 elements.
Info: Updated CUDA LJ table with 12 x 12 elements.
Info: Startup phase 8 took 0.00476941 s, 0 MB of memory in use
Info: Startup phase 9 took 0.000252846 s, 0 MB of memory in use
Info: Startup phase 10 took 0.000192336 s, 0 MB of memory in use
Info: Startup phase 11 took 0.00421115 s, 0 MB of memory in use
LDB: Central LB being created...
Info: Startup phase 12 took 0.00687415 s, 0 MB of memory in use
Info: Startup phase 13 took 0.000232007 s, 0 MB of memory in use
Info: Startup phase 14 took 0.000229988 s, 0 MB of memory in use
Info: Startup phase 15 took 0.000260707 s, 0 MB of memory in use
Info: CREATING 820 COMPUTE OBJECTS
Info: Found 391 unique exclusion lists needing 17336 bytes
Info: useSync: 0 useProxySync: 0
Info: Startup phase 16 took 0.017289 s, 0 MB of memory in use
Info: Startup phase 17 took 0.000976846 s, 0 MB of memory in use
Info: Startup phase 18 took 0.000318734 s, 0 MB of memory in use
Info: Finished startup at 0.399024 s, 0 MB of memory in use

TCL: Running for 500000 steps
ETITLE:      TS           BOND          ANGLE          DIHED          IMPRP               ELECT            VDW       BOUNDARY           MISC        KINETIC               TOTAL           TEMP      POTENTIAL         TOTAL3        TEMPAVG            PRESSURE      GPRESSURE         VOLUME       PRESSAVG      GPRESSAVG

ENERGY: 2750000        76.9151       190.3072       164.5453         0.0000         -59896.6546      7112.1677         0.0000         0.0000      9963.4886         -42389.2307       312.3508    -52352.7193    -42365.7959       312.3508           -148.7380       -58.2377    161959.7573      -148.7380       -58.2377

OPENING EXTENDED SYSTEM TRAJECTORY FILE
LDB: ============= START OF LOAD BALANCING ============== 0.4538
LDB: ============== END OF LOAD BALANCING =============== 0.454156
Info: useSync: 0 useProxySync: 0
LDB: =============== DONE WITH MIGRATION ================ 0.454517
LDB: ============= START OF LOAD BALANCING ============== 0.539241
LDB: Partitioning computes with target load 0.000000
LDB: Increased migratable compute count from 0 to 0
LDB: Largest unpartitionable compute is 0.000000
LDB: ============== END OF LOAD BALANCING =============== 0.540078
Info: useSync: 0 useProxySync: 0
LDB: =============== DONE WITH MIGRATION ================ 0.540614
Info: Initial time: 8 CPUs 0.00242326 s/step 0.0140235 days/ns 0 MB memory
LDB: ============= START OF LOAD BALANCING ============== 0.561779
LDB: ============== END OF LOAD BALANCING =============== 0.562133
Info: useSync: 0 useProxySync: 0
LDB: =============== DONE WITH MIGRATION ================ 0.562594
LDB: ============= START OF LOAD BALANCING ============== 0.648085
LDB: TIME 0.648461 LOAD: AVG 0.0223553 MAX 0.0373963  PROXIES: TOTAL 120 MAXPE 17 MAXPATCH 5 None MEM: 0 MB
LDB: TIME 0.648698 LOAD: AVG 0.0223553 MAX 0.0373963  PROXIES: TOTAL 120 MAXPE 17 MAXPATCH 5 TorusLB MEM: 0 MB
LDB: Reverting to original mapping
LDB: ============== END OF LOAD BALANCING =============== 0.64912
Info: useSync: 0 useProxySync: 0
LDB: =============== DONE WITH MIGRATION ================ 0.649715
Info: Initial time: 8 CPUs 0.00213815 s/step 0.0123736 days/ns 0 MB memory
LDB: ============= START OF LOAD BALANCING ============== 0.757649
LDB: TIME 0.758117 LOAD: AVG 0.02704 MAX 0.0447532  PROXIES: TOTAL 120 MAXPE 17 MAXPATCH 5 None MEM: 0 MB
LDB: TIME 0.758347 LOAD: AVG 0.02704 MAX 0.0447532  PROXIES: TOTAL 120 MAXPE 17 MAXPATCH 5 RefineTorusLB MEM: 0 MB
LDB: TIME 0.758575 LOAD: AVG 0.02704 MAX 0.0447532  PROXIES: TOTAL 120 MAXPE 17 MAXPATCH 5 RefineTorusLB MEM: 0 MB
LDB: ============== END OF LOAD BALANCING =============== 0.758853
Info: useSync: 0 useProxySync: 0
LDB: =============== DONE WITH MIGRATION ================ 0.759375
Info: Initial time: 8 CPUs 0.00212991 s/step 0.0123259 days/ns 0 MB memory
LDB: ============= START OF LOAD BALANCING ============== 0.866654
LDB: TIME 0.867041 LOAD: AVG 0.027598 MAX 0.0465792  PROXIES: TOTAL 120 MAXPE 17 MAXPATCH 5 None MEM: 0 MB
LDB: TIME 0.867299 LOAD: AVG 0.027598 MAX 0.0465792  PROXIES: TOTAL 120 MAXPE 17 MAXPATCH 5 RefineTorusLB MEM: 0 MB
LDB: TIME 0.867545 LOAD: AVG 0.027598 MAX 0.0465792  PROXIES: TOTAL 120 MAXPE 17 MAXPATCH 5 RefineTorusLB MEM: 0 MB
LDB: Reverting to original mapping
LDB: ============== END OF LOAD BALANCING =============== 0.868026
Info: useSync: 0 useProxySync: 0
LDB: =============== DONE WITH MIGRATION ================ 0.868616
Info: Benchmark time: 8 CPUs 0.00213347 s/step 0.0123464 days/ns 0 MB memory
Info: Benchmark time: 8 CPUs 0.00198888 s/step 0.0115097 days/ns 0 MB memory
Info: Benchmark time: 8 CPUs 0.0019068 s/step 0.0110347 days/ns 0 MB memory
Info: Benchmark time: 8 CPUs 0.00197443 s/step 0.0114261 days/ns 0 MB memory
Info: Benchmark time: 8 CPUs 0.00191189 s/step 0.0110642 days/ns 0 MB memory
Info: Benchmark time: 8 CPUs 0.00191886 s/step 0.0111045 days/ns 0 MB memory
ENERGY: 2750500        66.6221       213.6383       146.3178         0.0000         -60316.8977      7548.1303         0.0000         0.0000      9823.6985         -42518.4907       307.9685    -52342.1892    -42493.1990       313.2083            379.0232       463.3494    163003.8662        -8.3678        -8.1754

ENERGY: 2751000        75.6382       196.8872       144.8440         0.0000         -60171.9701      7269.0178         0.0000         0.0000      9895.5732         -42590.0097       310.2217    -52485.5830    -42566.5873       311.0522           -168.6052       -62.1817    162979.1944         2.0922         2.4187

OPENING COORDINATE DCD FILE
WRITING COORDINATES TO DCD FILE 06_prod_1ns/prod_06.dcd AT STEP 2751000
The last position output (seq=2751000) takes 0.021 seconds, 0.000 MB of memory in use
ENERGY: 2751500        70.4734       197.9048       145.2861         0.0000         -60212.2204      7318.6206         0.0000         0.0000      9840.9358         -42638.9995       308.5089    -52479.9354    -42616.9294       310.8920           -108.2771       -29.5524    163435.2551        -3.6047        -3.5985

ENERGY: 2752000        62.9475       195.2855       152.4325         0.0000         -60226.8185      7280.0328         0.0000         0.0000      9707.8474         -42828.2728       304.3366    -52536.1202    -42809.3620       309.0072            -97.7747       -14.3760    162482.4916        -5.2251        -6.4098

WRITING COORDINATES TO DCD FILE 06_prod_1ns/prod_06.dcd AT STEP 2752000
The last position output (seq=2752000) takes 0.004 seconds, 0.000 MB of memory in use
LDB: ============= START OF LOAD BALANCING ============== 4.6771
LDB: ============== END OF LOAD BALANCING =============== 4.67745
Info: useSync: 0 useProxySync: 0
LDB: =============== DONE WITH MIGRATION ================ 4.67787
LDB: ============= START OF LOAD BALANCING ============== 4.77435
LDB: TIME 4.77475 LOAD: AVG 0.0263242 MAX 0.043017  PROXIES: TOTAL 120 MAXPE 17 MAXPATCH 5 None MEM: 0 MB
LDB: TIME 4.77498 LOAD: AVG 0.0263242 MAX 0.043017  PROXIES: TOTAL 120 MAXPE 17 MAXPATCH 5 RefineTorusLB MEM: 0 MB
LDB: TIME 4.77517 LOAD: AVG 0.0263242 MAX 0.043017  PROXIES: TOTAL 120 MAXPE 17 MAXPATCH 5 RefineTorusLB MEM: 0 MB
LDB: Reverting to original mapping
LDB: ============== END OF LOAD BALANCING =============== 4.77554
Info: useSync: 0 useProxySync: 0
LDB: =============== DONE WITH MIGRATION ================ 4.77606
ENERGY: 2752500        75.4353       197.0708       143.5787         0.0000         -60483.1890      7536.8430         0.0000         0.0000      9833.0575         -42697.2038       308.2619    -52530.2613    -42673.5021       308.6534            315.9960       350.5018    162915.6927         0.4824         0.5973

WRITING COORDINATES TO DCD FILE 06_prod_1ns/prod_06.dcd AT STEP 2753000
The last position output (seq=2753000) takes 0.004 seconds, 0.000 MB of memory in use
ENERGY: 2753000        68.1728       189.6083       140.2522         0.0000         -60332.1029      7258.8885         0.0000         0.0000      9837.5883         -42837.5927       308.4039    -52675.1810    -42811.3133       308.5144           -241.2036      -127.9938    162304.6702         5.4742         5.6248

ENERGY: 2753500        67.0826       183.7575       151.3994         0.0000         -60426.4996      7322.8935         0.0000         0.0000     10015.5241         -42685.8425       313.9821    -52701.3666    -42663.5419       310.3152           -267.5592      -185.4781    163287.7831        19.1425        19.1939

ENERGY: 2754000        85.6367       193.6118       153.6715         0.0000         -60435.2932      7425.6697         0.0000         0.0000      9902.7949         -42673.9086       310.4481    -52576.7035    -42651.2052       310.0813           -114.1000        -2.8933    162353.7105        -2.5398        -2.3457

WRITING COORDINATES TO DCD FILE 06_prod_1ns/prod_06.dcd AT STEP 2754000
The last position output (seq=2754000) takes 0.004 seconds, 0.000 MB of memory in use
LDB: ============= START OF LOAD BALANCING ============== 8.52775
LDB: ============== END OF LOAD BALANCING =============== 8.52812
Info: useSync: 0 useProxySync: 0
LDB: =============== DONE WITH MIGRATION ================ 8.52856
LDB: ============= START OF LOAD BALANCING ============== 8.62411
LDB: TIME 8.62459 LOAD: AVG 0.0276757 MAX 0.0448297  PROXIES: TOTAL 120 MAXPE 17 MAXPATCH 5 None MEM: 0 MB
LDB: TIME 8.62487 LOAD: AVG 0.0276757 MAX 0.0448297  PROXIES: TOTAL 120 MAXPE 17 MAXPATCH 5 RefineTorusLB MEM: 0 MB
LDB: TIME 8.62513 LOAD: AVG 0.0276757 MAX 0.0448297  PROXIES: TOTAL 120 MAXPE 17 MAXPATCH 5 RefineTorusLB MEM: 0 MB
LDB: ============== END OF LOAD BALANCING =============== 8.62538
Info: useSync: 0 useProxySync: 0
LDB: =============== DONE WITH MIGRATION ================ 8.62599
ENERGY: 2754500        80.7779       196.0933       148.2625         0.0000         -60071.8082      7194.0329         0.0000         0.0000      9805.4035         -42647.2380       307.3949    -52452.6415    -42626.3408       311.2615           -254.9881      -164.6043    161978.2990        -5.9908        -5.7308

TIMING: 2755000  CPU: 9.89765, 0.00197166/step  Wall: 9.78702, 0.00194944/step, 0.268048 hours remaining, 0.000000 MB of memory in use.
PERFORMANCE: 2755000  averaging 88.641 ns/day, 0.00194944 sec/step with standard deviation 0
ETITLE:      TS           BOND          ANGLE          DIHED          IMPRP               ELECT            VDW       BOUNDARY           MISC        KINETIC               TOTAL           TEMP      POTENTIAL         TOTAL3        TEMPAVG            PRESSURE      GPRESSURE         VOLUME       PRESSAVG      GPRESSAVG

ENERGY: 2755000        60.0913       207.9883       141.5829         0.0000         -60159.5330      7276.2155         0.0000         0.0000      9863.6141         -42610.0409       309.2198    -52473.6551    -42583.6711       310.4612            -97.5335       -16.9339    162014.8669        -3.0028        -4.0196

WRITING EXTENDED SYSTEM TO RESTART FILE AT STEP 2755000
WRITING COORDINATES TO DCD FILE 06_prod_1ns/prod_06.dcd AT STEP 2755000
WRITING COORDINATES TO RESTART FILE AT STEP 2755000
FINISHED WRITING RESTART COORDINATES
The last position output (seq=2755000) takes 0.030 seconds, 0.000 MB of memory in use
WRITING VELOCITIES TO RESTART FILE AT STEP 2755000
FINISHED WRITING RESTART VELOCITIES
The last velocity output (seq=2755000) takes 0.029 seconds, 0.000 MB of memory in use
ENERGY: 2755500        63.9019       185.1057       149.2684         0.0000         -60203.2020      7229.0901         0.0000         0.0000      9882.6997         -42693.1361       309.8181    -52575.8358    -42669.9055       311.4736           -165.4244       -62.9279    162420.2684         2.9344         3.7349

ENERGY: 2756000        66.8203       191.9343       154.3083         0.0000         -60433.6813      7382.3993         0.0000         0.0000     10025.8126         -42612.4065       314.3047    -52638.2191    -42588.4147       310.6170             66.8401       135.7396    161950.0185         6.2772         6.2423

WRITING COORDINATES TO DCD FILE 06_prod_1ns/prod_06.dcd AT STEP 2756000
The last position output (seq=2756000) takes 0.003 seconds, 0.000 MB of memory in use
LDB: ============= START OF LOAD BALANCING ============== 12.4841
LDB: ============== END OF LOAD BALANCING =============== 12.4844
Info: useSync: 0 useProxySync: 0
LDB: =============== DONE WITH MIGRATION ================ 12.4847
LDB: ============= START OF LOAD BALANCING ============== 12.5826
LDB: TIME 12.5832 LOAD: AVG 0.0270643 MAX 0.0459301  PROXIES: TOTAL 120 MAXPE 17 MAXPATCH 5 None MEM: 0 MB
LDB: TIME 12.5835 LOAD: AVG 0.0270643 MAX 0.0459301  PROXIES: TOTAL 120 MAXPE 17 MAXPATCH 5 RefineTorusLB MEM: 0 MB
LDB: TIME 12.5837 LOAD: AVG 0.0270643 MAX 0.0459301  PROXIES: TOTAL 120 MAXPE 17 MAXPATCH 5 RefineTorusLB MEM: 0 MB
LDB: Reverting to original mapping
LDB: ============== END OF LOAD BALANCING =============== 12.5842
Info: useSync: 0 useProxySync: 0
LDB: =============== DONE WITH MIGRATION ================ 12.5848
ENERGY: 2756500        69.7722       205.1727       144.5384         0.0000         -60438.1495      7470.9913         0.0000         0.0000      9829.3152         -42718.3596       308.1446    -52547.6749    -42698.7885       309.4502            -28.6385        77.2348    163069.8103         8.1650         6.8977

WRITING COORDINATES TO DCD FILE 06_prod_1ns/prod_06.dcd AT STEP 2757000
The last position output (seq=2757000) takes 0.004 seconds, 0.000 MB of memory in use
ENERGY: 2757000        78.6676       187.2627       154.8319         0.0000         -60315.8402      7453.6909         0.0000         0.0000      9749.9997         -42691.3874       305.6580    -52441.3871    -42672.8556       309.3083            193.6810       314.2178    162274.1124        -1.9940        -1.4952

ENERGY: 2757500        75.5546       194.1159       141.1277         0.0000         -60332.4493      7393.2189         0.0000         0.0000      9961.8718         -42566.5604       312.3001    -52528.4322    -42544.1096       310.1664             -5.3046        99.6894    162403.3399         2.6582         2.7281

ENERGY: 2758000        72.3001       195.7284       144.7733         0.0000         -60021.4633      7169.5587         0.0000         0.0000      9896.0310         -42543.0717       310.2361    -52439.1028    -42525.2387       311.3017           -273.4798      -158.6949    162340.9506        -0.8852        -1.1417

WRITING COORDINATES TO DCD FILE 06_prod_1ns/prod_06.dcd AT STEP 2758000
The last position output (seq=2758000) takes 0.004 seconds, 0.000 MB of memory in use
LDB: ============= START OF LOAD BALANCING ============== 16.3598
LDB: ============== END OF LOAD BALANCING =============== 16.3601
Info: useSync: 0 useProxySync: 0
LDB: =============== DONE WITH MIGRATION ================ 16.3606
LDB: ============= START OF LOAD BALANCING ============== 16.4591
LDB: TIME 16.4596 LOAD: AVG 0.0267378 MAX 0.0420715  PROXIES: TOTAL 120 MAXPE 17 MAXPATCH 5 None MEM: 0 MB
LDB: TIME 16.4598 LOAD: AVG 0.0267378 MAX 0.0420715  PROXIES: TOTAL 120 MAXPE 17 MAXPATCH 5 RefineTorusLB MEM: 0 MB
LDB: TIME 16.46 LOAD: AVG 0.0267378 MAX 0.0420715  PROXIES: TOTAL 120 MAXPE 17 MAXPATCH 5 RefineTorusLB MEM: 0 MB
LDB: ============== END OF LOAD BALANCING =============== 16.4602
Info: useSync: 0 useProxySync: 0
LDB: =============== DONE WITH MIGRATION ================ 16.4607
ENERGY: 2758500        67.0462       180.9542       149.5434         0.0000         -60131.0411      7262.5366         0.0000         0.0000      9801.3994         -42669.5615       307.2694    -52470.9608    -42643.8133       311.4740            -86.8719        -1.3511    162699.6391         4.4351         5.4431

ENERGY: 2759000        82.8032       200.8353       148.3018         0.0000         -60142.7753      7275.2157         0.0000         0.0000      9865.7876         -42569.8317       309.2879    -52435.6193    -42544.8826       310.3433           -149.2041       -51.8712    162767.3481         1.5427         1.8321

WRITING COORDINATES TO DCD FILE 06_prod_1ns/prod_06.dcd AT STEP 2759000
The last position output (seq=2759000) takes 0.003 seconds, 0.000 MB of memory in use
ENERGY: 2759500        67.3507       206.1239       152.0586         0.0000         -60211.6581      7308.8290         0.0000         0.0000      9830.3259         -42646.9699       308.1762    -52477.2958    -42623.8489       310.9830            -54.2047        20.3693    162166.6328         1.2307         0.6366

TIMING: 2760000  CPU: 19.7512, 0.00197071/step  Wall: 19.544, 0.00195139/step, 0.265605 hours remaining, 0.000000 MB of memory in use.
PERFORMANCE: 2760000  averaging 88.5967 ns/day, 0.00195041 sec/step with standard deviation 1.37765e-06
ETITLE:      TS           BOND          ANGLE          DIHED          IMPRP               ELECT            VDW       BOUNDARY           MISC        KINETIC               TOTAL           TEMP      POTENTIAL         TOTAL3        TEMPAVG            PRESSURE      GPRESSURE         VOLUME       PRESSAVG      GPRESSAVG

ENERGY: 2760000        79.0847       191.5085       151.8304         0.0000         -60129.4080      7209.4828         0.0000         0.0000      9893.9769         -42603.5248       310.1717    -52497.5016    -42588.0283       311.5625           -246.4925      -144.2974    162554.4977         5.6086         5.5840

WRITING EXTENDED SYSTEM TO RESTART FILE AT STEP 2760000
WRITING COORDINATES TO DCD FILE 06_prod_1ns/prod_06.dcd AT STEP 2760000
WRITING COORDINATES TO RESTART FILE AT STEP 2760000
FINISHED WRITING RESTART COORDINATES
The last position output (seq=2760000) takes 0.038 seconds, 0.000 MB of memory in use
WRITING VELOCITIES TO RESTART FILE AT STEP 2760000
FINISHED WRITING RESTART VELOCITIES
The last velocity output (seq=2760000) takes 0.034 seconds, 0.000 MB of memory in use
LDB: ============= START OF LOAD BALANCING ============== 20.3308
LDB: ============== END OF LOAD BALANCING =============== 20.3311
Info: useSync: 0 useProxySync: 0
LDB: =============== DONE WITH MIGRATION ================ 20.3315
LDB: ============= START OF LOAD BALANCING ============== 20.4307
LDB: TIME 20.4312 LOAD: AVG 0.0274702 MAX 0.0421408  PROXIES: TOTAL 120 MAXPE 17 MAXPATCH 5 None MEM: 0 MB
LDB: TIME 20.4315 LOAD: AVG 0.0274702 MAX 0.0421408  PROXIES: TOTAL 120 MAXPE 17 MAXPATCH 5 RefineTorusLB MEM: 0 MB
LDB: TIME 20.4317 LOAD: AVG 0.0274702 MAX 0.0421408  PROXIES: TOTAL 120 MAXPE 17 MAXPATCH 5 RefineTorusLB MEM: 0 MB
LDB: ============== END OF LOAD BALANCING =============== 20.432
Info: useSync: 0 useProxySync: 0
LDB: =============== DONE WITH MIGRATION ================ 20.4327
ENERGY: 2760500        70.3177       197.6565       147.7445         0.0000         -60684.7876      7544.6922         0.0000         0.0000      9869.5556         -42854.8211       309.4061    -52724.3767    -42833.1863       310.0075            188.4987       303.4902    160847.4025         3.2284         2.1159

ENERGY: 2761000        70.7295       195.8513       144.3859         0.0000         -60551.8625      7386.1935         0.0000         0.0000      9895.1309         -42859.5715       310.2078    -52754.7024    -42842.0681       309.1757             22.8228       123.7515    161197.2523        -5.4992        -5.1699

WRITING COORDINATES TO DCD FILE 06_prod_1ns/prod_06.dcd AT STEP 2761000
ENERGY: 2761500        85.3113       205.3006       147.8941         0.0000         -60397.9815      7252.3117         0.0000         0.0000      9864.9421         -42842.2217       309.2614    -52707.1638    -42816.2723       308.3340           -253.2976      -152.2955    161870.0450        12.2302        11.0366

WRITING COORDINATES TO DCD FILE 06_prod_1ns/prod_06.dcd AT STEP 2762000
ENERGY: 2762000        71.9926       211.0561       148.1193         0.0000         -60326.3867      7324.0032         0.0000         0.0000      9827.3109         -42743.9045       308.0817    -52571.2154    -42722.4516       308.4797            -73.6669         0.3244    162325.7349         1.6085         2.2182

LDB: ============= START OF LOAD BALANCING ============== 24.1913
LDB: ============== END OF LOAD BALANCING =============== 24.1916
Info: useSync: 0 useProxySync: 0
LDB: =============== DONE WITH MIGRATION ================ 24.1921
LDB: ============= START OF LOAD BALANCING ============== 24.2865
LDB: TIME 24.287 LOAD: AVG 0.0270877 MAX 0.0410784  PROXIES: TOTAL 120 MAXPE 17 MAXPATCH 5 None MEM: 0 MB
LDB: TIME 24.2872 LOAD: AVG 0.0270877 MAX 0.0410784  PROXIES: TOTAL 120 MAXPE 17 MAXPATCH 5 RefineTorusLB MEM: 0 MB
LDB: TIME 24.2875 LOAD: AVG 0.0270877 MAX 0.0410784  PROXIES: TOTAL 120 MAXPE 17 MAXPATCH 5 RefineTorusLB MEM: 0 MB
LDB: ============== END OF LOAD BALANCING =============== 24.2878
Info: useSync: 0 useProxySync: 0
LDB: =============== DONE WITH MIGRATION ================ 24.2885
ENERGY: 2762500        72.3846       188.9342       159.0956         0.0000         -60562.5785      7424.3728         0.0000         0.0000      9878.2638         -42839.5276       309.6791    -52717.7913    -42817.2887       308.4092            -77.6140        36.2389    161433.7393       -10.5036       -10.5292

ENERGY: 2763000        65.6033       194.5100       138.1965         0.0000         -60137.3437      7156.9656         0.0000         0.0000      9790.9205         -42791.1478       306.9409    -52582.0683    -42767.8900       309.3977           -305.5648      -235.5277    162011.4296        -5.1975        -5.3253

WRITING COORDINATES TO DCD FILE 06_prod_1ns/prod_06.dcd AT STEP 2763000
ENERGY: 2763500        67.9638       191.3374       153.9226         0.0000         -60408.5809      7448.6432         0.0000         0.0000      9953.8800         -42592.8338       312.0496    -52546.7138    -42569.5648       310.8450            247.5038       336.3398    161800.1535         6.2379         6.1155

ENERGY: 2764000        73.1262       182.8012       147.5074         0.0000         -60131.2846      7296.8613         0.0000         0.0000      9820.0860         -42610.9026       307.8552    -52430.9886    -42588.1340       309.3270            -89.3206        -1.1302    163180.4461         3.2462         3.0011

WRITING COORDINATES TO DCD FILE 06_prod_1ns/prod_06.dcd AT STEP 2764000
LDB: ============= START OF LOAD BALANCING ============== 28.0604
LDB: ============== END OF LOAD BALANCING =============== 28.0608
Info: useSync: 0 useProxySync: 0
LDB: =============== DONE WITH MIGRATION ================ 28.0611
LDB: ============= START OF LOAD BALANCING ============== 28.1568
LDB: TIME 28.1573 LOAD: AVG 0.0278121 MAX 0.0484657  PROXIES: TOTAL 120 MAXPE 17 MAXPATCH 5 None MEM: 0 MB
LDB: TIME 28.1576 LOAD: AVG 0.0278121 MAX 0.0484657  PROXIES: TOTAL 120 MAXPE 17 MAXPATCH 5 RefineTorusLB MEM: 0 MB
LDB: TIME 28.1579 LOAD: AVG 0.0278121 MAX 0.0484657  PROXIES: TOTAL 120 MAXPE 17 MAXPATCH 5 RefineTorusLB MEM: 0 MB
LDB: ============== END OF LOAD BALANCING =============== 28.1582
Info: useSync: 0 useProxySync: 0
LDB: =============== DONE WITH MIGRATION ================ 28.1591
ENERGY: 2764500        84.8751       202.5804       159.2338         0.0000         -60177.7839      7332.3614         0.0000         0.0000      9812.0129         -42586.7203       307.6021    -52398.7332    -42568.8437       311.0693           -131.3704       -42.9423    162680.6314         6.7497         6.8343

TIMING: 2765000  CPU: 29.6434, 0.00197843/step  Wall: 29.3258, 0.00195638/step, 0.263567 hours remaining, 0.000000 MB of memory in use.
PERFORMANCE: 2765000  averaging 88.5065 ns/day, 0.0019524 sec/step with standard deviation 3.57878e-06
ETITLE:      TS           BOND          ANGLE          DIHED          IMPRP               ELECT            VDW       BOUNDARY           MISC        KINETIC               TOTAL           TEMP      POTENTIAL         TOTAL3        TEMPAVG            PRESSURE      GPRESSURE         VOLUME       PRESSAVG      GPRESSAVG

ENERGY: 2765000        86.0377       190.9224       152.5081         0.0000         -60260.1614      7384.1643         0.0000         0.0000      9842.9320         -42603.5969       308.5714    -52446.5288    -42581.6989       309.6351            -68.8678        -9.6654    163955.2348        -7.7134        -8.5195

WRITING EXTENDED SYSTEM TO RESTART FILE AT STEP 2765000
WRITING COORDINATES TO DCD FILE 06_prod_1ns/prod_06.dcd AT STEP 2765000
WRITING COORDINATES TO RESTART FILE AT STEP 2765000
FINISHED WRITING RESTART COORDINATES
WRITING VELOCITIES TO RESTART FILE AT STEP 2765000
FINISHED WRITING RESTART VELOCITIES
The last velocity output (seq=2765000) takes 0.038 seconds, 0.000 MB of memory in use
ENERGY: 2765500        69.1802       197.1952       144.5494         0.0000         -60218.5900      7202.7504         0.0000         0.0000      9997.0924         -42607.8226       313.4043    -52604.9149    -42582.8608       310.7708           -301.2919      -251.2987    163090.2591         5.8060         5.8962

ENERGY: 2766000        65.6048       173.6876       147.9851         0.0000         -60310.1979      7291.3673         0.0000         0.0000      9894.5736         -42736.9794       310.1904    -52631.5531    -42712.8289       310.4777           -154.2155       -44.5267    162891.4961         0.5849        -0.4443

WRITING COORDINATES TO DCD FILE 06_prod_1ns/prod_06.dcd AT STEP 2766000
LDB: ============= START OF LOAD BALANCING ============== 32.0652
LDB: ============== END OF LOAD BALANCING =============== 32.0655
Info: useSync: 0 useProxySync: 0
LDB: =============== DONE WITH MIGRATION ================ 32.066
LDB: ============= START OF LOAD BALANCING ============== 32.1632
LDB: TIME 32.1636 LOAD: AVG 0.0271863 MAX 0.0431948  PROXIES: TOTAL 120 MAXPE 17 MAXPATCH 5 None MEM: 0 MB
LDB: TIME 32.1638 LOAD: AVG 0.0271863 MAX 0.0431948  PROXIES: TOTAL 120 MAXPE 17 MAXPATCH 5 RefineTorusLB MEM: 0 MB
LDB: TIME 32.164 LOAD: AVG 0.0271863 MAX 0.0431948  PROXIES: TOTAL 120 MAXPE 17 MAXPATCH 5 RefineTorusLB MEM: 0 MB
LDB: ============== END OF LOAD BALANCING =============== 32.1641
Info: useSync: 0 useProxySync: 0
LDB: =============== DONE WITH MIGRATION ================ 32.1647
ENERGY: 2766500        71.8425       194.9702       163.9715         0.0000         -60485.6625      7338.0985         0.0000         0.0000      9896.6926         -42820.0872       310.2568    -52716.7798    -42794.5265       308.5324           -234.3703      -154.1479    162780.3823        -6.6726        -5.7583

ENERGY: 2767000        89.4366       201.1417       147.4044         0.0000         -60659.3512      7444.9753         0.0000         0.0000      9889.2278         -42887.1653       310.0228    -52776.3931    -42863.5406       308.4880             -2.3021        69.8310    161848.9349        -2.3260        -0.5251

WRITING COORDINATES TO DCD FILE 06_prod_1ns/prod_06.dcd AT STEP 2767000
ENERGY: 2767500        76.6463       196.0280       146.7664         0.0000         -60586.9269      7484.3597         0.0000         0.0000      9746.5571         -42936.5692       305.5501    -52683.1263    -42915.3877       307.5395             91.0779       178.3728    162487.8627        -1.9483        -2.3517

ENERGY: 2768000        72.0470       187.4179       141.9456         0.0000         -60241.3897      7210.6545         0.0000         0.0000      9811.5889         -42817.7358       307.5888    -52629.3247    -42799.1070       308.1697           -133.6805       -36.2490    162053.0037        17.3850        15.5425

WRITING COORDINATES TO DCD FILE 06_prod_1ns/prod_06.dcd AT STEP 2768000
LDB: ============= START OF LOAD BALANCING ============== 35.9257
LDB: ============== END OF LOAD BALANCING =============== 35.9261
Info: useSync: 0 useProxySync: 0
LDB: =============== DONE WITH MIGRATION ================ 35.9265
LDB: ============= START OF LOAD BALANCING ============== 36.0219
LDB: TIME 36.0224 LOAD: AVG 0.0261119 MAX 0.0403722  PROXIES: TOTAL 120 MAXPE 17 MAXPATCH 5 None MEM: 0 MB
LDB: TIME 36.0227 LOAD: AVG 0.0261119 MAX 0.0403722  PROXIES: TOTAL 120 MAXPE 17 MAXPATCH 5 RefineTorusLB MEM: 0 MB
LDB: TIME 36.0229 LOAD: AVG 0.0261119 MAX 0.0403722  PROXIES: TOTAL 120 MAXPE 17 MAXPATCH 5 RefineTorusLB MEM: 0 MB
LDB: Reverting to original mapping
LDB: ============== END OF LOAD BALANCING =============== 36.0233
Info: useSync: 0 useProxySync: 0
LDB: =============== DONE WITH MIGRATION ================ 36.0239
ENERGY: 2768500        81.8719       193.9726       146.1817         0.0000         -60410.2732      7352.6695         0.0000         0.0000      9939.6932         -42695.8842       311.6049    -52635.5774    -42673.7782       308.3852            -70.6483         2.7402    162054.9121        -2.7825        -2.1097

ENERGY: 2769000        60.9482       204.1045       152.1133         0.0000         -60329.7264      7310.9727         0.0000         0.0000      9890.9929         -42710.5947       310.0781    -52601.5876    -42687.0935       309.5799           -126.4640       -26.0965    162066.2025        -8.1740        -7.7642

WRITING COORDINATES TO DCD FILE 06_prod_1ns/prod_06.dcd AT STEP 2769000
ENERGY: 2769500        75.6874       172.0764       148.1036         0.0000         -60312.2439      7317.0020         0.0000         0.0000      9997.0809         -42602.2936       313.4039    -52599.3745    -42580.3040       310.4055            -46.6933        66.9876    162276.1102        11.7684        10.7978

WRITING COORDINATES TO DCD FILE 06_prod_1ns/prod_06.dcd AT STEP 2770000
WRITING COORDINATES TO RESTART FILE AT STEP 2770000
FINISHED WRITING RESTART COORDINATES
WRITING VELOCITIES TO RESTART FILE AT STEP 2770000
FINISHED WRITING RESTART VELOCITIES
The last velocity output (seq=2770000) takes 0.034 seconds, 0.000 MB of memory in use
TIMING: 2770000  CPU: 39.5408, 0.00197948/step  Wall: 39.2201, 0.00197885/step, 0.263847 hours remaining, 0.000000 MB of memory in use.
PERFORMANCE: 2770000  averaging 88.2077 ns/day, 0.00195901 sec/step with standard deviation 1.35454e-05
ETITLE:      TS           BOND          ANGLE          DIHED          IMPRP               ELECT            VDW       BOUNDARY           MISC        KINETIC               TOTAL           TEMP      POTENTIAL         TOTAL3        TEMPAVG            PRESSURE      GPRESSURE         VOLUME       PRESSAVG      GPRESSAVG

ENERGY: 2770000        76.8208       210.3675       149.5630         0.0000         -60308.8918      7278.0198         0.0000         0.0000      9793.3265         -42800.7941       307.0163    -52594.1207    -42781.1149       309.7246           -225.8312      -186.5528    162172.0468         6.9990         5.8747

WRITING EXTENDED SYSTEM TO RESTART FILE AT STEP 2770000
LDB: ============= START OF LOAD BALANCING ============== 39.908
LDB: ============== END OF LOAD BALANCING =============== 39.9084
Info: useSync: 0 useProxySync: 0
LDB: =============== DONE WITH MIGRATION ================ 39.9087
LDB: ============= START OF LOAD BALANCING ============== 40.0057
LDB: TIME 40.0062 LOAD: AVG 0.0278225 MAX 0.0489945  PROXIES: TOTAL 120 MAXPE 17 MAXPATCH 5 None MEM: 0 MB
LDB: TIME 40.0064 LOAD: AVG 0.0278225 MAX 0.0489945  PROXIES: TOTAL 120 MAXPE 17 MAXPATCH 5 RefineTorusLB MEM: 0 MB
LDB: TIME 40.0066 LOAD: AVG 0.0278225 MAX 0.0489945  PROXIES: TOTAL 120 MAXPE 17 MAXPATCH 5 RefineTorusLB MEM: 0 MB
LDB: Reverting to original mapping
LDB: ============== END OF LOAD BALANCING =============== 40.007
Info: useSync: 0 useProxySync: 0
LDB: =============== DONE WITH MIGRATION ================ 40.0076
ENERGY: 2770500        74.4753       193.9926       149.6525         0.0000         -60320.0553      7276.2214         0.0000         0.0000      9946.9434         -42678.7700       311.8321    -52625.7134    -42657.1184       309.3400           -179.2704       -63.3207    161981.3137         3.3222         1.8040

ENERGY: 2771000        75.9894       200.9694       151.8740         0.0000         -60133.5526      7151.3525         0.0000         0.0000      9879.4926         -42673.8747       309.7176    -52553.3673    -42648.8282       309.5276           -289.3641      -181.6777    161765.1103         4.1458         4.4105

WRITING COORDINATES TO DCD FILE 06_prod_1ns/prod_06.dcd AT STEP 2771000
ENERGY: 2771500        74.2072       196.1905       152.3628         0.0000         -60111.1133      7245.0961         0.0000         0.0000     10010.0107         -42433.2460       313.8093    -52443.2567    -42407.4464       311.5833            -35.2897        51.0080    162903.5733         0.4249         0.3823

ENERGY: 2772000        80.1295       196.5275       147.8654         0.0000         -60008.0065      7300.2143         0.0000         0.0000      9846.9931         -42436.2766       308.6987    -52283.2697    -42411.1665       312.7787             11.6715        94.9308    162749.2785        -7.1015        -7.9315

WRITING COORDINATES TO DCD FILE 06_prod_1ns/prod_06.dcd AT STEP 2772000
LDB: ============= START OF LOAD BALANCING ============== 43.7937
LDB: ============== END OF LOAD BALANCING =============== 43.7941
Info: useSync: 0 useProxySync: 0
LDB: =============== DONE WITH MIGRATION ================ 43.7945
LDB: ============= START OF LOAD BALANCING ============== 43.8903
LDB: TIME 43.8907 LOAD: AVG 0.0263771 MAX 0.0392104  PROXIES: TOTAL 120 MAXPE 17 MAXPATCH 5 None MEM: 0 MB
LDB: TIME 43.891 LOAD: AVG 0.0263771 MAX 0.0392104  PROXIES: TOTAL 120 MAXPE 17 MAXPATCH 5 RefineTorusLB MEM: 0 MB
LDB: TIME 43.8912 LOAD: AVG 0.0263771 MAX 0.0392104  PROXIES: TOTAL 120 MAXPE 17 MAXPATCH 5 RefineTorusLB MEM: 0 MB
LDB: ============== END OF LOAD BALANCING =============== 43.8914
Info: useSync: 0 useProxySync: 0
LDB: =============== DONE WITH MIGRATION ================ 43.892
ENERGY: 2772500        84.2056       183.3019       144.1088         0.0000         -60280.5857      7371.1426         0.0000         0.0000     10048.7053         -42449.1214       315.0223    -52497.8267    -42430.4194       311.3663            -30.2722        67.9704    162574.0732        10.6708        10.4370

ENERGY: 2773000        72.4064       202.2084       150.7888         0.0000         -60032.2003      7128.5053         0.0000         0.0000      9955.2183         -42523.0731       312.0916    -52478.2914    -42496.7264       312.4933           -309.0984      -216.9437    163064.1159        -3.7420        -4.0071

WRITING COORDINATES TO DCD FILE 06_prod_1ns/prod_06.dcd AT STEP 2773000
ENERGY: 2773500        68.6825       199.9510       151.3744         0.0000         -60349.1743      7372.3901         0.0000         0.0000      9907.0396         -42649.7366       310.5812    -52556.7763    -42625.1941       312.2354             66.7703       147.2445    162645.3715         4.2530         3.5155

ENERGY: 2774000        72.0950       200.5813       154.7265         0.0000         -60344.0231      7426.8925         0.0000         0.0000      9877.3766         -42612.3512       309.6513    -52489.7278    -42591.7454       310.6420           -190.4785       -48.5901    163478.3863         0.0721        -0.6297

WRITING COORDINATES TO DCD FILE 06_prod_1ns/prod_06.dcd AT STEP 2774000
LDB: ============= START OF LOAD BALANCING ============== 47.6041
LDB: ============== END OF LOAD BALANCING =============== 47.6044
Info: useSync: 0 useProxySync: 0
LDB: =============== DONE WITH MIGRATION ================ 47.6048
LDB: ============= START OF LOAD BALANCING ============== 47.7012
LDB: TIME 47.7016 LOAD: AVG 0.0276213 MAX 0.0469013  PROXIES: TOTAL 120 MAXPE 17 MAXPATCH 5 None MEM: 0 MB
LDB: TIME 47.7019 LOAD: AVG 0.0276213 MAX 0.0469013  PROXIES: TOTAL 120 MAXPE 17 MAXPATCH 5 RefineTorusLB MEM: 0 MB
LDB: TIME 47.7021 LOAD: AVG 0.0276213 MAX 0.0469013  PROXIES: TOTAL 120 MAXPE 17 MAXPATCH 5 RefineTorusLB MEM: 0 MB
LDB: Reverting to original mapping
LDB: ============== END OF LOAD BALANCING =============== 47.7026
Info: useSync: 0 useProxySync: 0
LDB: =============== DONE WITH MIGRATION ================ 47.7032
ENERGY: 2774500        78.9837       191.6643       154.0635         0.0000         -60347.7234      7437.8595         0.0000         0.0000      9873.1948         -42611.9575       309.5202    -52485.1523    -42590.5587       311.6430            253.5429       340.0118    161358.0152        14.2145        14.6566

TIMING: 2775000  CPU: 49.3072, 0.00195329/step  Wall: 48.8574, 0.00192747/step, 0.254319 hours remaining, 0.000000 MB of memory in use.
PERFORMANCE: 2775000  averaging 88.4927 ns/day, 0.0019527 sec/step with standard deviation 1.83468e-05
ETITLE:      TS           BOND          ANGLE          DIHED          IMPRP               ELECT            VDW       BOUNDARY           MISC        KINETIC               TOTAL           TEMP      POTENTIAL         TOTAL3        TEMPAVG            PRESSURE      GPRESSURE         VOLUME       PRESSAVG      GPRESSAVG

ENERGY: 2775000        75.3000       186.3717       154.1269         0.0000         -60027.5163      7196.2481         0.0000         0.0000      9855.4726         -42559.9969       308.9646    -52415.4695    -42544.9121       310.7046           -282.7785      -206.7760    162202.6017        -4.8608        -3.8680

WRITING EXTENDED SYSTEM TO RESTART FILE AT STEP 2775000
WRITING COORDINATES TO DCD FILE 06_prod_1ns/prod_06.dcd AT STEP 2775000
WRITING COORDINATES TO RESTART FILE AT STEP 2775000
FINISHED WRITING RESTART COORDINATES
WRITING VELOCITIES TO RESTART FILE AT STEP 2775000
FINISHED WRITING RESTART VELOCITIES
The last velocity output (seq=2775000) takes 0.035 seconds, 0.000 MB of memory in use
ENERGY: 2775500        78.3265       200.8708       162.0748         0.0000         -60153.6588      7307.7656         0.0000         0.0000      9850.5153         -42554.1059       308.8092    -52404.6212    -42534.3738       311.0913           -102.0344       -11.6246    163321.6944         3.8332         4.3292

ENERGY: 2776000        78.5571       188.5994       160.9036         0.0000         -60397.9598      7415.5460         0.0000         0.0000     10015.0999         -42539.2538       313.9688    -52554.3537    -42517.4832       312.3593             -0.3020        77.1498    162575.6999        -1.9951        -3.0288

WRITING COORDINATES TO DCD FILE 06_prod_1ns/prod_06.dcd AT STEP 2776000
LDB: ============= START OF LOAD BALANCING ============== 51.5483
LDB: ============== END OF LOAD BALANCING =============== 51.5486
Info: useSync: 0 useProxySync: 0
LDB: =============== DONE WITH MIGRATION ================ 51.5491
LDB: ============= START OF LOAD BALANCING ============== 51.6475
LDB: TIME 51.648 LOAD: AVG 0.0283177 MAX 0.0508662  PROXIES: TOTAL 120 MAXPE 17 MAXPATCH 5 None MEM: 0 MB
LDB: TIME 51.6484 LOAD: AVG 0.0283177 MAX 0.0508662  PROXIES: TOTAL 120 MAXPE 17 MAXPATCH 5 RefineTorusLB MEM: 0 MB
LDB: TIME 51.6486 LOAD: AVG 0.0283177 MAX 0.0508662  PROXIES: TOTAL 120 MAXPE 17 MAXPATCH 5 RefineTorusLB MEM: 0 MB
LDB: Reverting to original mapping
LDB: ============== END OF LOAD BALANCING =============== 51.6491
Info: useSync: 0 useProxySync: 0
LDB: =============== DONE WITH MIGRATION ================ 51.6497
ENERGY: 2776500        78.2594       198.6877       157.5894         0.0000         -60429.2080      7483.4230         0.0000         0.0000      9906.7949         -42604.4536       310.5735    -52511.2485    -42585.1638       311.6604             95.8843       190.4831    162876.7004         3.1723         2.9035

WRITING COORDINATES TO DCD FILE 06_prod_1ns/prod_06.dcd AT STEP 2777000
ENERGY: 2777000        79.8536       185.8479       159.4081         0.0000         -60623.6134      7385.1766         0.0000         0.0000      9827.7402         -42985.5870       308.0952    -52813.3272    -42960.8379       309.5590            -51.9910        34.3336    161338.9357       -12.8019       -11.7352

ENERGY: 2777500        79.0291       210.5833       152.9804         0.0000         -60545.3467      7471.5887         0.0000         0.0000      9865.7125         -42765.4527       309.2856    -52631.1652    -42748.5829       307.8567            158.2457       258.1292    162326.8405       -15.9833       -15.3359

ENERGY: 2778000        77.9133       193.1163       160.3036         0.0000         -60492.0864      7317.8651         0.0000         0.0000      9838.0148         -42904.8733       308.4173    -52742.8881    -42881.5203       308.6894             55.7747       129.3741    161408.7070         4.8793         5.0216

WRITING COORDINATES TO DCD FILE 06_prod_1ns/prod_06.dcd AT STEP 2778000
LDB: ============= START OF LOAD BALANCING ============== 55.4527
LDB: ============== END OF LOAD BALANCING =============== 55.453
Info: useSync: 0 useProxySync: 0
LDB: =============== DONE WITH MIGRATION ================ 55.4535
LDB: ============= START OF LOAD BALANCING ============== 55.5489
LDB: TIME 55.5493 LOAD: AVG 0.0270975 MAX 0.0436638  PROXIES: TOTAL 120 MAXPE 17 MAXPATCH 5 None MEM: 0 MB
LDB: TIME 55.5495 LOAD: AVG 0.0270975 MAX 0.0436638  PROXIES: TOTAL 120 MAXPE 17 MAXPATCH 5 RefineTorusLB MEM: 0 MB
LDB: TIME 55.5497 LOAD: AVG 0.0270975 MAX 0.0436638  PROXIES: TOTAL 120 MAXPE 17 MAXPATCH 5 RefineTorusLB MEM: 0 MB
LDB: Reverting to original mapping
LDB: ============== END OF LOAD BALANCING =============== 55.55
Info: useSync: 0 useProxySync: 0
LDB: =============== DONE WITH MIGRATION ================ 55.5506
ENERGY: 2778500        86.3192       200.2452       166.8702         0.0000         -60365.9656      7258.6335         0.0000         0.0000      9902.8485         -42751.0490       310.4498    -52653.8975    -42734.1807       309.4659           -325.7643      -213.8841    162048.7832         1.1580         0.9972

ENERGY: 2779000        74.7058       200.3752       157.6478         0.0000         -60330.8205      7373.0459         0.0000         0.0000      9867.3844         -42657.6614       309.3380    -52525.0458    -42637.7588       310.3956             -4.8537        79.4761    161786.0509        -2.4155        -3.3308

WRITING COORDINATES TO DCD FILE 06_prod_1ns/prod_06.dcd AT STEP 2779000
ENERGY: 2779500        65.2601       204.9028       160.7248         0.0000         -60455.1175      7382.9982         0.0000         0.0000      9852.6077         -42788.6239       308.8748    -52641.2316    -42762.7760       310.0802             58.9959       157.9192    161936.8866        -9.9426        -9.9457

TIMING: 2780000  CPU: 59.137, 0.00196596/step  Wall: 58.609, 0.00195031/step, 0.254624 hours remaining, 0.000000 MB of memory in use.
PERFORMANCE: 2780000  averaging 88.5108 ns/day, 0.00195231 sec/step with standard deviation 1.6439e-05
ETITLE:      TS           BOND          ANGLE          DIHED          IMPRP               ELECT            VDW       BOUNDARY           MISC        KINETIC               TOTAL           TEMP      POTENTIAL         TOTAL3        TEMPAVG            PRESSURE      GPRESSURE         VOLUME       PRESSAVG      GPRESSAVG

ENERGY: 2780000        77.5565       204.8126       161.5398         0.0000         -60406.8823      7328.3585         0.0000         0.0000      9843.0274         -42791.5875       308.5744    -52634.6149    -42772.0457       308.0944           -128.3592       -11.0406    161732.8095        -4.3073        -2.5680

WRITING EXTENDED SYSTEM TO RESTART FILE AT STEP 2780000
WRITING COORDINATES TO DCD FILE 06_prod_1ns/prod_06.dcd AT STEP 2780000
WRITING COORDINATES TO RESTART FILE AT STEP 2780000
FINISHED WRITING RESTART COORDINATES
WRITING VELOCITIES TO RESTART FILE AT STEP 2780000
FINISHED WRITING RESTART VELOCITIES
LDB: ============= START OF LOAD BALANCING ============== 59.3953
LDB: ============== END OF LOAD BALANCING =============== 59.3957
Info: useSync: 0 useProxySync: 0
LDB: =============== DONE WITH MIGRATION ================ 59.3961
LDB: ============= START OF LOAD BALANCING ============== 59.4955
LDB: TIME 59.4958 LOAD: AVG 0.0273202 MAX 0.0475791  PROXIES: TOTAL 120 MAXPE 17 MAXPATCH 5 None MEM: 0 MB
LDB: TIME 59.4961 LOAD: AVG 0.0273202 MAX 0.0475791  PROXIES: TOTAL 120 MAXPE 17 MAXPATCH 5 RefineTorusLB MEM: 0 MB
LDB: TIME 59.4963 LOAD: AVG 0.0273202 MAX 0.0475791  PROXIES: TOTAL 120 MAXPE 17 MAXPATCH 5 RefineTorusLB MEM: 0 MB
LDB: ============== END OF LOAD BALANCING =============== 59.4966
Info: useSync: 0 useProxySync: 0
LDB: =============== DONE WITH MIGRATION ================ 59.4972
ENERGY: 2780500        81.5445       218.5115       154.0641         0.0000         -60328.2922      7254.9680         0.0000         0.0000      9864.3057         -42754.8985       309.2415    -52619.2042    -42734.6647       308.2496           -154.7697       -82.5754    162609.2838        -9.7895        -9.2546

ENERGY: 2781000        66.7368       195.9708       156.9322         0.0000         -60585.8004      7559.2817         0.0000         0.0000      9892.5922         -42714.2867       310.1283    -52606.8788    -42689.9418       309.2899            468.8005       539.0906    160963.2020        11.9823        11.8445

WRITING COORDINATES TO DCD FILE 06_prod_1ns/prod_06.dcd AT STEP 2781000
ENERGY: 2781500        76.4670       203.3469       146.8784         0.0000         -60343.7052      7148.7088         0.0000         0.0000      9772.9403         -42995.3638       306.3772    -52768.3042    -42974.3544       307.6005           -543.0477      -443.0525    162839.7449         0.5496         0.0979

ENERGY: 2782000        73.0336       212.7125       153.6935         0.0000         -60748.7382      7399.4807         0.0000         0.0000      9818.9527         -43090.8652       307.8197    -52909.8179    -43063.8622       305.6754           -123.7690       -34.1198    161615.9664        -2.0541        -1.1917

WRITING COORDINATES TO DCD FILE 06_prod_1ns/prod_06.dcd AT STEP 2782000
LDB: ============= START OF LOAD BALANCING ============== 63.2933
LDB: ============== END OF LOAD BALANCING =============== 63.2937
Info: useSync: 0 useProxySync: 0
LDB: =============== DONE WITH MIGRATION ================ 63.2942
LDB: ============= START OF LOAD BALANCING ============== 63.389
LDB: TIME 63.3894 LOAD: AVG 0.0268983 MAX 0.0444405  PROXIES: TOTAL 120 MAXPE 17 MAXPATCH 5 None MEM: 0 MB
LDB: TIME 63.3896 LOAD: AVG 0.0268983 MAX 0.0444405  PROXIES: TOTAL 120 MAXPE 17 MAXPATCH 5 RefineTorusLB MEM: 0 MB
LDB: TIME 63.3898 LOAD: AVG 0.0268983 MAX 0.0444405  PROXIES: TOTAL 120 MAXPE 17 MAXPATCH 5 RefineTorusLB MEM: 0 MB
LDB: Reverting to original mapping
LDB: ============== END OF LOAD BALANCING =============== 63.3903
Info: useSync: 0 useProxySync: 0
LDB: =============== DONE WITH MIGRATION ================ 63.3909
ENERGY: 2782500        72.1711       197.1363       155.6449         0.0000         -60587.4967      7451.1003         0.0000         0.0000      9787.5738         -42923.8703       306.8360    -52711.4441    -42903.0289       308.2243           -133.6413        -3.4256    162829.3474        -4.9448        -4.4282

ENERGY: 2783000        92.0036       201.0833       148.9518         0.0000         -60588.5284      7464.1196         0.0000         0.0000      9837.3075         -42845.0626       308.3951    -52682.3701    -42819.5966       308.1583             -8.6129        82.6521    161916.6918        -2.8061        -3.1861

WRITING COORDINATES TO DCD FILE 06_prod_1ns/prod_06.dcd AT STEP 2783000
ENERGY: 2783500        72.0281       184.4538       153.2875         0.0000         -60305.1427      7337.8351         0.0000         0.0000      9936.9798         -42620.5583       311.5198    -52557.5382    -42600.3201       311.1789             54.1166       146.4391    162484.3762       -13.2880       -12.5924

ENERGY: 2784000        79.1640       202.3944       152.5503         0.0000         -60268.8726      7369.9015         0.0000         0.0000      9866.9176         -42597.9448       309.3234    -52464.8625    -42579.0631       311.8692             47.1678       155.9360    161940.2286        -3.3812        -1.6722

WRITING COORDINATES TO DCD FILE 06_prod_1ns/prod_06.dcd AT STEP 2784000
LDB: ============= START OF LOAD BALANCING ============== 67.1218
LDB: ============== END OF LOAD BALANCING =============== 67.1222
Info: useSync: 0 useProxySync: 0
LDB: =============== DONE WITH MIGRATION ================ 67.1227
LDB: ============= START OF LOAD BALANCING ============== 67.22
LDB: TIME 67.2203 LOAD: AVG 0.0279801 MAX 0.0472087  PROXIES: TOTAL 120 MAXPE 17 MAXPATCH 5 None MEM: 0 MB
LDB: TIME 67.2205 LOAD: AVG 0.0279801 MAX 0.0472087  PROXIES: TOTAL 120 MAXPE 17 MAXPATCH 5 RefineTorusLB MEM: 0 MB
LDB: TIME 67.2207 LOAD: AVG 0.0279801 MAX 0.0472087  PROXIES: TOTAL 120 MAXPE 17 MAXPATCH 5 RefineTorusLB MEM: 0 MB
LDB: ============== END OF LOAD BALANCING =============== 67.221
Info: useSync: 0 useProxySync: 0
LDB: =============== DONE WITH MIGRATION ================ 67.2216
ENERGY: 2784500        76.8251       200.3625       142.3410         0.0000         -60409.3415      7533.5107         0.0000         0.0000      9813.3338         -42642.9684       307.6435    -52456.3022    -42622.0418       309.6569            277.0715       369.3361    162502.8248         0.7889         1.3542

TIMING: 2785000  CPU: 68.9777, 0.00196813/step  Wall: 68.3848, 0.00195516/step, 0.252542 hours remaining, 0.000000 MB of memory in use.
PERFORMANCE: 2785000  averaging 88.4923 ns/day, 0.00195271 sec/step with standard deviation 1.50454e-05
ETITLE:      TS           BOND          ANGLE          DIHED          IMPRP               ELECT            VDW       BOUNDARY           MISC        KINETIC               TOTAL           TEMP      POTENTIAL         TOTAL3        TEMPAVG            PRESSURE      GPRESSURE         VOLUME       PRESSAVG      GPRESSAVG

ENERGY: 2785000        71.6556       194.3835       146.0554         0.0000         -60258.9675      7379.5061         0.0000         0.0000      9915.6411         -42551.7258       310.8508    -52467.3669    -42529.5088       310.5888             27.1302        97.9365    163078.1882        -3.3842        -3.5141

WRITING EXTENDED SYSTEM TO RESTART FILE AT STEP 2785000
WRITING COORDINATES TO DCD FILE 06_prod_1ns/prod_06.dcd AT STEP 2785000
WRITING COORDINATES TO RESTART FILE AT STEP 2785000
FINISHED WRITING RESTART COORDINATES
WRITING VELOCITIES TO RESTART FILE AT STEP 2785000
FINISHED WRITING RESTART VELOCITIES
ENERGY: 2785500        74.0859       190.2845       150.7926         0.0000         -59984.6759      7067.3278         0.0000         0.0000      9933.5418         -42568.6433       311.4120    -52502.1851    -42548.0596       311.0478           -371.1363      -323.9291    163250.0172         8.9168         7.0808

WRITING COORDINATES TO DCD FILE 06_prod_1ns/prod_06.dcd AT STEP 2786000
ENERGY: 2786000        67.9649       219.2177       145.1551         0.0000         -60287.1511      7384.9945         0.0000         0.0000      9803.5864         -42666.2325       307.3380    -52469.8189    -42640.9069       310.8829             39.1560       144.7458    162340.8275        -7.1571        -6.4839

LDB: ============= START OF LOAD BALANCING ============== 71.0838
LDB: ============== END OF LOAD BALANCING =============== 71.0841
Info: useSync: 0 useProxySync: 0
LDB: =============== DONE WITH MIGRATION ================ 71.0846
LDB: ============= START OF LOAD BALANCING ============== 71.1798
LDB: TIME 71.1802 LOAD: AVG 0.0267733 MAX 0.0419876  PROXIES: TOTAL 120 MAXPE 17 MAXPATCH 5 None MEM: 0 MB
LDB: TIME 71.1805 LOAD: AVG 0.0267733 MAX 0.0419876  PROXIES: TOTAL 120 MAXPE 17 MAXPATCH 5 RefineTorusLB MEM: 0 MB
LDB: TIME 71.1808 LOAD: AVG 0.0267733 MAX 0.0419876  PROXIES: TOTAL 120 MAXPE 17 MAXPATCH 5 RefineTorusLB MEM: 0 MB
LDB: Reverting to original mapping
LDB: ============== END OF LOAD BALANCING =============== 71.1813
Info: useSync: 0 useProxySync: 0
LDB: =============== DONE WITH MIGRATION ================ 71.1819
ENERGY: 2786500        71.9907       205.0015       151.6189         0.0000         -60421.2600      7439.3458         0.0000         0.0000      9805.8339         -42747.4692       307.4084    -52553.3031    -42727.0329       310.7276             54.3813       173.0187    162046.8821        15.0884        14.9557

ENERGY: 2787000        71.9395       192.7872       150.4516         0.0000         -60135.8977      7254.7313         0.0000         0.0000      9951.8705         -42514.1175       311.9866    -52465.9880    -42490.8153       311.3483           -184.9029      -110.6999    163325.1367        -4.2235        -4.9434

WRITING COORDINATES TO DCD FILE 06_prod_1ns/prod_06.dcd AT STEP 2787000
ENERGY: 2787500        77.7910       215.4754       152.3036         0.0000         -60278.8375      7254.6903         0.0000         0.0000      9807.0206         -42771.5566       307.4456    -52578.5772    -42748.2177       311.1804           -343.1684      -228.5338    163033.6146        -9.4637        -9.8782

WRITING COORDINATES TO DCD FILE 06_prod_1ns/prod_06.dcd AT STEP 2788000
ENERGY: 2788000        84.3662       203.5902       146.8496         0.0000         -60476.9466      7378.0560         0.0000         0.0000      9987.1568         -42676.9278       313.0928    -52664.0846    -42658.1842       310.6668           -135.7586       -38.4008    162187.2499         1.4113         1.6934

LDB: ============= START OF LOAD BALANCING ============== 74.9395
LDB: ============== END OF LOAD BALANCING =============== 74.9399
Info: useSync: 0 useProxySync: 0
LDB: =============== DONE WITH MIGRATION ================ 74.9403
LDB: ============= START OF LOAD BALANCING ============== 75.0372
LDB: TIME 75.0376 LOAD: AVG 0.0273605 MAX 0.0467583  PROXIES: TOTAL 120 MAXPE 17 MAXPATCH 5 None MEM: 0 MB
LDB: TIME 75.0378 LOAD: AVG 0.0273605 MAX 0.0467583  PROXIES: TOTAL 120 MAXPE 17 MAXPATCH 5 RefineTorusLB MEM: 0 MB
LDB: TIME 75.038 LOAD: AVG 0.0273605 MAX 0.0467583  PROXIES: TOTAL 120 MAXPE 17 MAXPATCH 5 RefineTorusLB MEM: 0 MB
LDB: ============== END OF LOAD BALANCING =============== 75.0383
Info: useSync: 0 useProxySync: 0
LDB: =============== DONE WITH MIGRATION ================ 75.0389
ENERGY: 2788500        64.0643       191.6718       144.6808         0.0000         -60361.4887      7386.0084         0.0000         0.0000      9832.2551         -42742.8082       308.2367    -52575.0634    -42715.6392       309.9255            167.9248       228.6361    162489.0995        -6.7295        -6.9524

ENERGY: 2789000        75.3935       202.7816       164.5700         0.0000         -60165.5970      7153.1097         0.0000         0.0000      9939.5703         -42630.1719       311.6010    -52569.7422    -42605.1203       309.8513           -326.1507      -265.9624    162497.9696        -2.9241        -2.5101

WRITING COORDINATES TO DCD FILE 06_prod_1ns/prod_06.dcd AT STEP 2789000
ENERGY: 2789500        79.6080       189.1500       163.0595         0.0000         -60389.0188      7447.3505         0.0000         0.0000     10012.4612         -42497.3896       313.8861    -52509.8508    -42475.6232       310.6660            -96.7836         9.3620    163569.2690        -4.6082        -4.6788

TIMING: 2790000  CPU: 78.7701, 0.00195848/step  Wall: 78.1196, 0.00194697/step, 0.248779 hours remaining, 0.000000 MB of memory in use.
PERFORMANCE: 2790000  averaging 88.5248 ns/day, 0.001952 sec/step with standard deviation 1.40767e-05
ETITLE:      TS           BOND          ANGLE          DIHED          IMPRP               ELECT            VDW       BOUNDARY           MISC        KINETIC               TOTAL           TEMP      POTENTIAL         TOTAL3        TEMPAVG            PRESSURE      GPRESSURE         VOLUME       PRESSAVG      GPRESSAVG

ENERGY: 2790000        67.9939       180.5732       158.6404         0.0000         -60315.2686      7312.5710         0.0000         0.0000      9760.8863         -42834.6037       305.9993    -52595.4901    -42812.0709       309.6383            -19.8642        51.0082    162033.3122         3.9125         3.5681

WRITING EXTENDED SYSTEM TO RESTART FILE AT STEP 2790000
WRITING COORDINATES TO DCD FILE 06_prod_1ns/prod_06.dcd AT STEP 2790000
WRITING COORDINATES TO RESTART FILE AT STEP 2790000
FINISHED WRITING RESTART COORDINATES
WRITING VELOCITIES TO RESTART FILE AT STEP 2790000
FINISHED WRITING RESTART VELOCITIES
LDB: ============= START OF LOAD BALANCING ============== 78.8895
LDB: ============== END OF LOAD BALANCING =============== 78.8898
Info: useSync: 0 useProxySync: 0
LDB: =============== DONE WITH MIGRATION ================ 78.8904
LDB: ============= START OF LOAD BALANCING ============== 78.9854
LDB: TIME 78.9858 LOAD: AVG 0.0278902 MAX 0.0456845  PROXIES: TOTAL 120 MAXPE 17 MAXPATCH 5 None MEM: 0 MB
LDB: TIME 78.9861 LOAD: AVG 0.0278902 MAX 0.0456845  PROXIES: TOTAL 120 MAXPE 17 MAXPATCH 5 RefineTorusLB MEM: 0 MB
LDB: TIME 78.9863 LOAD: AVG 0.0278902 MAX 0.0456845  PROXIES: TOTAL 120 MAXPE 17 MAXPATCH 5 RefineTorusLB MEM: 0 MB
LDB: ============== END OF LOAD BALANCING =============== 78.9865
Info: useSync: 0 useProxySync: 0
LDB: =============== DONE WITH MIGRATION ================ 78.987
ENERGY: 2790500        81.7833       181.3204       156.4992         0.0000         -60454.5714      7473.9155         0.0000         0.0000      9900.2733         -42660.7798       310.3691    -52561.0531    -42637.0235       310.1850            133.8084       234.5155    162149.9928         8.4899         8.7737

WRITING COORDINATES TO DCD FILE 06_prod_1ns/prod_06.dcd AT STEP 2791000
ENERGY: 2791000        75.2496       184.1653       156.5873         0.0000         -60537.9094      7477.7048         0.0000         0.0000      9925.0754         -42719.1271       311.1466    -52644.2024    -42695.8015       309.4056            144.5749       204.5391    162155.6502         5.8690         5.5507

ENERGY: 2791500        78.9281       201.9036       160.4272         0.0000         -60240.3706      7207.0782         0.0000         0.0000      9887.2099         -42704.8235       309.9595    -52592.0334    -42686.0933       309.5011           -276.3709      -200.4074    161598.0025        -1.4161        -0.8812

ENERGY: 2792000        74.0425       208.3587       153.5509         0.0000         -60328.7302      7311.7836         0.0000         0.0000      9872.1385         -42708.8560       309.4870    -52580.9945    -42686.5006       311.1528           -127.6100        -9.7420    161895.3589         4.2268         4.5400

WRITING COORDINATES TO DCD FILE 06_prod_1ns/prod_06.dcd AT STEP 2792000
LDB: ============= START OF LOAD BALANCING ============== 82.7135
LDB: ============== END OF LOAD BALANCING =============== 82.7139
Info: useSync: 0 useProxySync: 0
LDB: =============== DONE WITH MIGRATION ================ 82.7143
LDB: ============= START OF LOAD BALANCING ============== 82.8102
LDB: TIME 82.8106 LOAD: AVG 0.0270346 MAX 0.0452904  PROXIES: TOTAL 120 MAXPE 17 MAXPATCH 5 None MEM: 0 MB
LDB: TIME 82.8109 LOAD: AVG 0.0270346 MAX 0.0452904  PROXIES: TOTAL 120 MAXPE 17 MAXPATCH 5 RefineTorusLB MEM: 0 MB
LDB: TIME 82.8111 LOAD: AVG 0.0270346 MAX 0.0452904  PROXIES: TOTAL 120 MAXPE 17 MAXPATCH 5 RefineTorusLB MEM: 0 MB
LDB: ============== END OF LOAD BALANCING =============== 82.8114
Info: useSync: 0 useProxySync: 0
LDB: =============== DONE WITH MIGRATION ================ 82.8119
ENERGY: 2792500        74.7859       191.5159       159.0605         0.0000         -60529.8156      7415.3586         0.0000         0.0000      9970.3912         -42718.7034       312.5672    -52689.0946    -42693.3507       310.8244             77.5206       166.4393    161757.2866         8.3330         9.6667

ENERGY: 2793000        81.5847       195.6340       155.2847         0.0000         -60361.1389      7221.1668         0.0000         0.0000      9925.5167         -42781.9520       311.1604    -52707.4687    -42758.4837       309.7993           -363.3699      -247.9533    161459.9549         2.2158         1.8222

WRITING COORDINATES TO DCD FILE 06_prod_1ns/prod_06.dcd AT STEP 2793000
ENERGY: 2793500        73.0255       179.2937       160.0104         0.0000         -60467.0597      7330.8543         0.0000         0.0000      9962.9526         -42760.9232       312.3340    -52723.8758    -42738.9081       309.7418           -237.1999      -172.4096    162292.8907        -2.0907        -2.6977

WRITING COORDINATES TO DCD FILE 06_prod_1ns/prod_06.dcd AT STEP 2794000
ENERGY: 2794000        74.4788       191.7686       145.6197         0.0000         -60282.5338      7295.3875         0.0000         0.0000     10014.0298         -42561.2494       313.9353    -52575.2792    -42541.8700       310.3966           -114.2925       -52.1234    162557.1075        -0.9684         0.6910

LDB: ============= START OF LOAD BALANCING ============== 86.5414
LDB: ============== END OF LOAD BALANCING =============== 86.5417
Info: useSync: 0 useProxySync: 0
LDB: =============== DONE WITH MIGRATION ================ 86.5422
LDB: ============= START OF LOAD BALANCING ============== 86.6398
LDB: TIME 86.6403 LOAD: AVG 0.0283998 MAX 0.0470651  PROXIES: TOTAL 120 MAXPE 17 MAXPATCH 5 None MEM: 0 MB
LDB: TIME 86.6406 LOAD: AVG 0.0283998 MAX 0.0470651  PROXIES: TOTAL 120 MAXPE 17 MAXPATCH 5 RefineTorusLB MEM: 0 MB
LDB: TIME 86.6408 LOAD: AVG 0.0283998 MAX 0.0470651  PROXIES: TOTAL 120 MAXPE 17 MAXPATCH 5 RefineTorusLB MEM: 0 MB
LDB: ============== END OF LOAD BALANCING =============== 86.6412
Info: useSync: 0 useProxySync: 0
LDB: =============== DONE WITH MIGRATION ================ 86.6418
ENERGY: 2794500        71.2015       173.2996       145.7015         0.0000         -60287.1046      7307.0689         0.0000         0.0000      9933.0412         -42656.7919       311.3963    -52589.8331    -42628.1718       310.4437            -41.4688        51.5643    161913.8822        -1.6832        -1.1118

TIMING: 2795000  CPU: 88.5444, 0.00195487/step  Wall: 87.8023, 0.00193653/step, 0.244755 hours remaining, 0.000000 MB of memory in use.
PERFORMANCE: 2795000  averaging 88.6028 ns/day, 0.00195028 sec/step with standard deviation 1.4141e-05
ETITLE:      TS           BOND          ANGLE          DIHED          IMPRP               ELECT            VDW       BOUNDARY           MISC        KINETIC               TOTAL           TEMP      POTENTIAL         TOTAL3        TEMPAVG            PRESSURE      GPRESSURE         VOLUME       PRESSAVG      GPRESSAVG

ENERGY: 2795000        72.2876       189.6118       151.7049         0.0000         -60332.7203      7353.9629         0.0000         0.0000      9876.8555         -42688.2977       309.6349    -52565.1531    -42668.4459       309.7074             30.0871       121.7905    161277.0632         1.2588        -0.4625

WRITING EXTENDED SYSTEM TO RESTART FILE AT STEP 2795000
WRITING COORDINATES TO DCD FILE 06_prod_1ns/prod_06.dcd AT STEP 2795000
WRITING COORDINATES TO RESTART FILE AT STEP 2795000
FINISHED WRITING RESTART COORDINATES
WRITING VELOCITIES TO RESTART FILE AT STEP 2795000
FINISHED WRITING RESTART VELOCITIES
ENERGY: 2795500        71.9820       186.5842       159.8333         0.0000         -60356.2756      7388.9907         0.0000         0.0000      9961.3588         -42587.5266       312.2841    -52548.8854    -42565.0715       309.8708             84.6721       186.9763    161943.1442        10.3374         9.4316

ENERGY: 2796000        68.8694       198.3683       148.7995         0.0000         -60717.4321      7501.4081         0.0000         0.0000      9866.7864         -42933.2004       309.3193    -52799.9868    -42909.8917       309.0462            247.0464       299.4153    161388.0323         3.2564         2.5770

WRITING COORDINATES TO DCD FILE 06_prod_1ns/prod_06.dcd AT STEP 2796000
LDB: ============= START OF LOAD BALANCING ============== 90.5012
LDB: ============== END OF LOAD BALANCING =============== 90.5015
Info: useSync: 0 useProxySync: 0
LDB: =============== DONE WITH MIGRATION ================ 90.502
LDB: ============= START OF LOAD BALANCING ============== 90.5965
LDB: TIME 90.5969 LOAD: AVG 0.0276046 MAX 0.0442571  PROXIES: TOTAL 120 MAXPE 17 MAXPATCH 5 None MEM: 0 MB
LDB: TIME 90.5972 LOAD: AVG 0.0276046 MAX 0.0442571  PROXIES: TOTAL 120 MAXPE 17 MAXPATCH 5 RefineTorusLB MEM: 0 MB
LDB: TIME 90.5974 LOAD: AVG 0.0276046 MAX 0.0442571  PROXIES: TOTAL 120 MAXPE 17 MAXPATCH 5 RefineTorusLB MEM: 0 MB
LDB: Reverting to original mapping
LDB: ============== END OF LOAD BALANCING =============== 90.5979
Info: useSync: 0 useProxySync: 0
LDB: =============== DONE WITH MIGRATION ================ 90.5985
ENERGY: 2796500        72.7596       197.3076       156.5008         0.0000         -60050.8956      7151.6289         0.0000         0.0000      9940.9153         -42531.7835       311.6432    -52472.6988    -42509.8432       310.4971           -325.6988      -213.4313    162727.9889         1.7532         1.7922

ENERGY: 2797000        62.4835       190.6311       150.8169         0.0000         -60124.3164      7323.1532         0.0000         0.0000      9816.8321         -42580.3996       307.7532    -52397.2317    -42558.6061       312.2803             13.3415        88.4404    163135.9993         3.1074         1.9240

WRITING COORDINATES TO DCD FILE 06_prod_1ns/prod_06.dcd AT STEP 2797000
ENERGY: 2797500        70.4579       198.3973       153.5904         0.0000         -60437.3771      7397.6919         0.0000         0.0000      9971.0150         -42646.2246       312.5868    -52617.2396    -42620.2273       310.0502            -53.4156        66.1784    162925.1196         2.5239         3.3105

WRITING COORDINATES TO DCD FILE 06_prod_1ns/prod_06.dcd AT STEP 2798000
ENERGY: 2798000        61.6740       215.5506       152.2265         0.0000         -60332.8681      7371.6419         0.0000         0.0000      9935.2836         -42596.4916       311.4666    -52531.7752    -42570.4563       311.4244            198.0241       286.3729    160686.8704        -6.0547        -4.4700

LDB: ============= START OF LOAD BALANCING ============== 94.3144
LDB: ============== END OF LOAD BALANCING =============== 94.3147
Info: useSync: 0 useProxySync: 0
LDB: =============== DONE WITH MIGRATION ================ 94.3152
LDB: ============= START OF LOAD BALANCING ============== 94.4105
LDB: TIME 94.4109 LOAD: AVG 0.0275705 MAX 0.0454015  PROXIES: TOTAL 120 MAXPE 17 MAXPATCH 5 None MEM: 0 MB
LDB: TIME 94.4111 LOAD: AVG 0.0275705 MAX 0.0454015  PROXIES: TOTAL 120 MAXPE 17 MAXPATCH 5 RefineTorusLB MEM: 0 MB
LDB: TIME 94.4112 LOAD: AVG 0.0275705 MAX 0.0454015  PROXIES: TOTAL 120 MAXPE 17 MAXPATCH 5 RefineTorusLB MEM: 0 MB
LDB: Reverting to original mapping
LDB: ============== END OF LOAD BALANCING =============== 94.4115
Info: useSync: 0 useProxySync: 0
LDB: =============== DONE WITH MIGRATION ================ 94.412
ENERGY: 2798500        64.8770       217.3303       146.6934         0.0000         -60135.5422      7144.0457         0.0000         0.0000      9887.0979         -42675.4980       309.9560    -52562.5958    -42655.8467       310.6663           -302.3890      -192.2528    162403.7621         9.5572         9.0598

ENERGY: 2799000        80.0975       189.2394       162.6991         0.0000         -60029.2138      7126.6629         0.0000         0.0000      9891.4706         -42579.0443       310.0931    -52470.5149    -42555.9106       310.6115           -483.5761      -409.2463    163435.2700        -0.2459         0.4732

WRITING COORDINATES TO DCD FILE 06_prod_1ns/prod_06.dcd AT STEP 2799000
ENERGY: 2799500        72.7813       198.2887       142.2262         0.0000         -60327.9433      7458.6771         0.0000         0.0000      9867.0030         -42588.9670       309.3261    -52455.9699    -42568.1870       309.4001             95.8014       191.8920    163766.3892         3.1773         2.6331

TIMING: 2800000  CPU: 98.3442, 0.00195996/step  Wall: 97.5026, 0.00194006/step, 0.242508 hours remaining, 0.000000 MB of memory in use.
PERFORMANCE: 2800000  averaging 88.6493 ns/day, 0.00194925 sec/step with standard deviation 1.3718e-05
ETITLE:      TS           BOND          ANGLE          DIHED          IMPRP               ELECT            VDW       BOUNDARY           MISC        KINETIC               TOTAL           TEMP      POTENTIAL         TOTAL3        TEMPAVG            PRESSURE      GPRESSURE         VOLUME       PRESSAVG      GPRESSAVG

ENERGY: 2800000        82.2974       183.9819       148.3950         0.0000         -60062.5432      7178.3030         0.0000         0.0000      9845.6956         -42623.8702       308.6581    -52469.5658    -42594.5019       311.0050           -386.3536      -319.2976    163470.8983        18.3112        19.5021

WRITING EXTENDED SYSTEM TO RESTART FILE AT STEP 2800000
WRITING COORDINATES TO DCD FILE 06_prod_1ns/prod_06.dcd AT STEP 2800000
WRITING COORDINATES TO RESTART FILE AT STEP 2800000
FINISHED WRITING RESTART COORDINATES
WRITING VELOCITIES TO RESTART FILE AT STEP 2800000
FINISHED WRITING RESTART VELOCITIES
LDB: ============= START OF LOAD BALANCING ============== 98.2904
LDB: ============== END OF LOAD BALANCING =============== 98.2907
Info: useSync: 0 useProxySync: 0
LDB: =============== DONE WITH MIGRATION ================ 98.2912
LDB: ============= START OF LOAD BALANCING ============== 98.3907
LDB: TIME 98.3911 LOAD: AVG 0.028107 MAX 0.0477141  PROXIES: TOTAL 120 MAXPE 17 MAXPATCH 5 None MEM: 0 MB
LDB: TIME 98.3913 LOAD: AVG 0.028107 MAX 0.0477141  PROXIES: TOTAL 120 MAXPE 17 MAXPATCH 5 RefineTorusLB MEM: 0 MB
LDB: TIME 98.3915 LOAD: AVG 0.028107 MAX 0.0477141  PROXIES: TOTAL 120 MAXPE 17 MAXPATCH 5 RefineTorusLB MEM: 0 MB
LDB: Reverting to original mapping
LDB: ============== END OF LOAD BALANCING =============== 98.3919
Info: useSync: 0 useProxySync: 0
LDB: =============== DONE WITH MIGRATION ================ 98.3924
ENERGY: 2800500        78.6436       195.3806       154.2789         0.0000         -60482.9884      7465.5164         0.0000         0.0000      9968.3448         -42620.8241       312.5031    -52589.1689    -42602.9676       309.8305             81.6585       185.8917    162520.9485         3.9512         4.4335

ENERGY: 2801000        67.9949       177.3960       149.3591         0.0000         -60000.3242      7182.2527         0.0000         0.0000      9953.1292         -42470.1924       312.0261    -52423.3215    -42444.9653       311.6730           -167.4966       -95.3968    163105.1749        -1.9953        -1.9904

WRITING COORDINATES TO DCD FILE 06_prod_1ns/prod_06.dcd AT STEP 2801000
ENERGY: 2801500        69.5198       186.7550       151.5337         0.0000         -60264.6687      7309.7834         0.0000         0.0000      9900.9450         -42646.1318       310.3901    -52547.0769    -42625.8773       311.6918           -141.6221       -54.7795    162282.5601         0.6957        -0.3502

ENERGY: 2802000        73.2106       194.0765       151.0670         0.0000         -60461.9503      7471.0927         0.0000         0.0000      9913.7741         -42658.7295       310.7923    -52572.5036    -42644.8522       311.1349             98.4789       207.1819    162366.7875        10.5655         9.9199

WRITING COORDINATES TO DCD FILE 06_prod_1ns/prod_06.dcd AT STEP 2802000
LDB: ============= START OF LOAD BALANCING ============== 102.163
LDB: ============== END OF LOAD BALANCING =============== 102.163
Info: useSync: 0 useProxySync: 0
LDB: =============== DONE WITH MIGRATION ================ 102.164
LDB: ============= START OF LOAD BALANCING ============== 102.26
LDB: TIME 102.261 LOAD: AVG 0.0277453 MAX 0.0437613  PROXIES: TOTAL 120 MAXPE 17 MAXPATCH 5 None MEM: 0 MB
LDB: TIME 102.261 LOAD: AVG 0.0277453 MAX 0.0437613  PROXIES: TOTAL 120 MAXPE 17 MAXPATCH 5 RefineTorusLB MEM: 0 MB
LDB: TIME 102.261 LOAD: AVG 0.0277453 MAX 0.0437613  PROXIES: TOTAL 120 MAXPE 17 MAXPATCH 5 RefineTorusLB MEM: 0 MB
LDB: Reverting to original mapping
LDB: ============== END OF LOAD BALANCING =============== 102.262
Info: useSync: 0 useProxySync: 0
LDB: =============== DONE WITH MIGRATION ================ 102.262
ENERGY: 2802500        71.8238       191.5373       140.4677         0.0000         -60234.3385      7287.6499         0.0000         0.0000      9885.4399         -42657.4200       309.9040    -52542.8599    -42640.3419       310.6082           -139.1688       -51.8896    162660.4453        -8.1081        -9.5575

ENERGY: 2803000        79.8180       196.2312       155.2017         0.0000         -60247.6063      7291.9482         0.0000         0.0000      9792.7889         -42731.6184       306.9995    -52524.4073    -42711.3155       309.7543           -307.5093      -187.9031    162949.9044        -5.1266        -5.4558

WRITING COORDINATES TO DCD FILE 06_prod_1ns/prod_06.dcd AT STEP 2803000
ENERGY: 2803500        74.8833       188.3121       159.8827         0.0000         -60567.9298      7385.1825         0.0000         0.0000      9916.8125         -42842.8567       310.8876    -52759.6693    -42823.0325       309.4133            -58.0629        23.1279    161577.2630        -0.9883         0.7669

ENERGY: 2804000        71.8416       194.6248       162.6934         0.0000         -60603.8806      7523.3589         0.0000         0.0000      9874.0153         -42777.3467       309.5459    -52651.3620    -42757.9465       309.8005             34.5842       110.1147    162903.9971         2.9781         3.7439

WRITING COORDINATES TO DCD FILE 06_prod_1ns/prod_06.dcd AT STEP 2804000
LDB: ============= START OF LOAD BALANCING ============== 106.028
LDB: ============== END OF LOAD BALANCING =============== 106.028
Info: useSync: 0 useProxySync: 0
LDB: =============== DONE WITH MIGRATION ================ 106.029
LDB: ============= START OF LOAD BALANCING ============== 106.126
LDB: TIME 106.127 LOAD: AVG 0.0280942 MAX 0.0489306  PROXIES: TOTAL 120 MAXPE 17 MAXPATCH 5 None MEM: 0 MB
LDB: TIME 106.127 LOAD: AVG 0.0280942 MAX 0.0489306  PROXIES: TOTAL 120 MAXPE 17 MAXPATCH 5 RefineTorusLB MEM: 0 MB
LDB: TIME 106.127 LOAD: AVG 0.0280942 MAX 0.0489306  PROXIES: TOTAL 120 MAXPE 17 MAXPATCH 5 RefineTorusLB MEM: 0 MB
LDB: ============== END OF LOAD BALANCING =============== 106.128
Info: useSync: 0 useProxySync: 0
LDB: =============== DONE WITH MIGRATION ================ 106.128
ENERGY: 2804500        66.1529       196.0533       161.0444         0.0000         -60203.3212      7356.5303         0.0000         0.0000      9823.4325         -42600.1078       307.9601    -52423.5403    -42573.3333       310.7192             59.7465       146.0599    163432.8258        -9.1852        -8.8982

TIMING: 2805000  CPU: 108.195, 0.00197009/step  Wall: 107.299, 0.00195919/step, 0.242177 hours remaining, 0.000000 MB of memory in use.
PERFORMANCE: 2805000  averaging 88.6082 ns/day, 0.00195016 sec/step with standard deviation 1.33543e-05
ETITLE:      TS           BOND          ANGLE          DIHED          IMPRP               ELECT            VDW       BOUNDARY           MISC        KINETIC               TOTAL           TEMP      POTENTIAL         TOTAL3        TEMPAVG            PRESSURE      GPRESSURE         VOLUME       PRESSAVG      GPRESSAVG

ENERGY: 2805000        75.5751       193.8693       151.3971         0.0000         -60088.6854      7245.7290         0.0000         0.0000     10057.1994         -42364.9153       315.2886    -52422.1147    -42337.6139       311.7048           -148.4769       -71.5207    162898.1484        -3.3625        -2.5982

WRITING EXTENDED SYSTEM TO RESTART FILE AT STEP 2805000
WRITING COORDINATES TO DCD FILE 06_prod_1ns/prod_06.dcd AT STEP 2805000
WRITING COORDINATES TO RESTART FILE AT STEP 2805000
FINISHED WRITING RESTART COORDINATES
WRITING VELOCITIES TO RESTART FILE AT STEP 2805000
FINISHED WRITING RESTART VELOCITIES
ENERGY: 2805500        79.0612       186.7150       152.5899         0.0000         -60245.5904      7341.8729         0.0000         0.0000      9966.4041         -42518.9473       312.4422    -52485.3514    -42490.8003       312.0858            -62.5676        46.4254    162821.3412         2.2848         2.9721

ENERGY: 2806000        66.6569       192.9287       158.0747         0.0000         -60348.0123      7353.8670         0.0000         0.0000     10027.6941         -42548.7909       314.3636    -52576.4850    -42528.6737       311.0319             87.5423       190.1967    162050.2269        -5.2934        -4.7206

WRITING COORDINATES TO DCD FILE 06_prod_1ns/prod_06.dcd AT STEP 2806000
LDB: ============= START OF LOAD BALANCING ============== 109.987
LDB: ============== END OF LOAD BALANCING =============== 109.987
Info: useSync: 0 useProxySync: 0
LDB: =============== DONE WITH MIGRATION ================ 109.988
LDB: ============= START OF LOAD BALANCING ============== 110.083
LDB: TIME 110.083 LOAD: AVG 0.0270781 MAX 0.0444167  PROXIES: TOTAL 120 MAXPE 17 MAXPATCH 5 None MEM: 0 MB
LDB: TIME 110.084 LOAD: AVG 0.0270781 MAX 0.0444167  PROXIES: TOTAL 120 MAXPE 17 MAXPATCH 5 RefineTorusLB MEM: 0 MB
LDB: TIME 110.084 LOAD: AVG 0.0270781 MAX 0.0444167  PROXIES: TOTAL 120 MAXPE 17 MAXPATCH 5 RefineTorusLB MEM: 0 MB
LDB: ============== END OF LOAD BALANCING =============== 110.084
Info: useSync: 0 useProxySync: 0
LDB: =============== DONE WITH MIGRATION ================ 110.085
ENERGY: 2806500        73.7435       188.4148       158.0701         0.0000         -60740.7815      7650.0740         0.0000         0.0000      9835.0189         -42835.4602       308.3234    -52670.4791    -42811.0447       309.3894            443.8065       549.0500    161257.9909         1.9681         2.0187

WRITING COORDINATES TO DCD FILE 06_prod_1ns/prod_06.dcd AT STEP 2807000
ENERGY: 2807000        74.2345       188.7037       155.2074         0.0000         -60344.9189      7385.7907         0.0000         0.0000      9862.6751         -42678.3074       309.1904    -52540.9824    -42652.4159       309.9439             96.7225       204.7085    161628.2962         7.7088         7.3511

ENERGY: 2807500        63.6298       180.1036       154.5089         0.0000         -60231.6970      7252.6371         0.0000         0.0000      9871.2477         -42709.5699       309.4591    -52580.8177    -42692.9104       309.2479           -160.5792       -59.6268    162441.9903         2.0966         1.9961

ENERGY: 2808000        73.2456       187.4076       148.0552         0.0000         -60034.1026      7259.9413         0.0000         0.0000      9792.8546         -42572.5983       307.0015    -52365.4530    -42546.2771       310.9350           -250.2522      -130.4304    163065.1005        -4.2714        -4.1660

WRITING COORDINATES TO DCD FILE 06_prod_1ns/prod_06.dcd AT STEP 2808000
LDB: ============= START OF LOAD BALANCING ============== 113.866
LDB: ============== END OF LOAD BALANCING =============== 113.866
Info: useSync: 0 useProxySync: 0
LDB: =============== DONE WITH MIGRATION ================ 113.867
LDB: ============= START OF LOAD BALANCING ============== 113.963
LDB: TIME 113.963 LOAD: AVG 0.0265458 MAX 0.0445277  PROXIES: TOTAL 120 MAXPE 17 MAXPATCH 5 None MEM: 0 MB
LDB: TIME 113.963 LOAD: AVG 0.0265458 MAX 0.0445277  PROXIES: TOTAL 120 MAXPE 17 MAXPATCH 5 RefineTorusLB MEM: 0 MB
LDB: TIME 113.964 LOAD: AVG 0.0265458 MAX 0.0445277  PROXIES: TOTAL 120 MAXPE 17 MAXPATCH 5 RefineTorusLB MEM: 0 MB
LDB: Reverting to original mapping
LDB: ============== END OF LOAD BALANCING =============== 113.964
Info: useSync: 0 useProxySync: 0
LDB: =============== DONE WITH MIGRATION ================ 113.965
ENERGY: 2808500        69.4237       199.3825       157.4998         0.0000         -60146.8720      7149.3502         0.0000         0.0000      9949.8621         -42621.3537       311.9236    -52571.2158    -42599.3924       310.6878           -346.5897      -258.9499    162180.2066         5.5171         5.8716

ENERGY: 2809000        72.8983       205.1275       151.4410         0.0000         -60379.9543      7281.6730         0.0000         0.0000      9901.0116         -42767.8029       310.3922    -52668.8145    -42740.2752       310.1227            -61.5327        48.3965    160857.6167       -11.0808       -10.7708

WRITING COORDINATES TO DCD FILE 06_prod_1ns/prod_06.dcd AT STEP 2809000
ENERGY: 2809500        66.0852       193.8212       150.0921         0.0000         -60618.0367      7411.7318         0.0000         0.0000      9822.9371         -42973.3693       307.9446    -52796.3065    -42953.3772       309.4145             43.7828       133.4872    162082.3021        -7.8442        -8.0626

TIMING: 2810000  CPU: 118.015, 0.00196406/step  Wall: 117.012, 0.00194274/step, 0.237446 hours remaining, 0.000000 MB of memory in use.
PERFORMANCE: 2810000  averaging 88.6363 ns/day, 0.00194954 sec/step with standard deviation 1.29118e-05
ETITLE:      TS           BOND          ANGLE          DIHED          IMPRP               ELECT            VDW       BOUNDARY           MISC        KINETIC               TOTAL           TEMP      POTENTIAL         TOTAL3        TEMPAVG            PRESSURE      GPRESSURE         VOLUME       PRESSAVG      GPRESSAVG

ENERGY: 2810000        70.5484       192.0078       147.4812         0.0000         -60579.1131      7526.1349         0.0000         0.0000      9811.3340         -42831.6067       307.5809    -52642.9408    -42806.3549       308.0745            214.3916       328.2465    161964.5669        -0.2526        -0.0709

WRITING EXTENDED SYSTEM TO RESTART FILE AT STEP 2810000
WRITING COORDINATES TO DCD FILE 06_prod_1ns/prod_06.dcd AT STEP 2810000
WRITING COORDINATES TO RESTART FILE AT STEP 2810000
FINISHED WRITING RESTART COORDINATES
WRITING VELOCITIES TO RESTART FILE AT STEP 2810000
FINISHED WRITING RESTART VELOCITIES
LDB: ============= START OF LOAD BALANCING ============== 117.797
LDB: ============== END OF LOAD BALANCING =============== 117.798
Info: useSync: 0 useProxySync: 0
LDB: =============== DONE WITH MIGRATION ================ 117.798
LDB: ============= START OF LOAD BALANCING ============== 117.896
LDB: TIME 117.897 LOAD: AVG 0.0284508 MAX 0.0478456  PROXIES: TOTAL 120 MAXPE 17 MAXPATCH 5 None MEM: 0 MB
LDB: TIME 117.899 LOAD: AVG 0.0284508 MAX 0.0478456  PROXIES: TOTAL 120 MAXPE 17 MAXPATCH 5 RefineTorusLB MEM: 0 MB
LDB: TIME 117.9 LOAD: AVG 0.0284508 MAX 0.0478456  PROXIES: TOTAL 120 MAXPE 17 MAXPATCH 5 RefineTorusLB MEM: 0 MB
LDB: Reverting to original mapping
LDB: ============== END OF LOAD BALANCING =============== 117.9
Info: useSync: 0 useProxySync: 0
LDB: =============== DONE WITH MIGRATION ================ 117.901
ENERGY: 2810500        82.8261       204.6295       148.8978         0.0000         -60629.6574      7376.5079         0.0000         0.0000      9813.5945         -43003.2017       307.6517    -52816.7961    -42982.5085       307.7362           -145.2546       -27.9899    161431.3843       -14.5674       -13.2941

ENERGY: 2811000        63.5525       182.9522       146.5523         0.0000         -60375.0365      7343.7351         0.0000         0.0000      9750.2514         -42887.9930       305.6659    -52638.2444    -42866.6727       306.5431             27.2961       120.3064    161999.9087         6.4711         5.5151

WRITING COORDINATES TO DCD FILE 06_prod_1ns/prod_06.dcd AT STEP 2811000
ENERGY: 2811500        83.9870       190.8082       148.8664         0.0000         -60243.1703      7177.6009         0.0000         0.0000      9874.9812         -42766.9266       309.5762    -52641.9078    -42740.9546       308.9649           -240.2388      -151.7095    161713.7213        -1.8828        -0.7982

WRITING COORDINATES TO DCD FILE 06_prod_1ns/prod_06.dcd AT STEP 2812000
ENERGY: 2812000        70.4628       199.5035       156.2001         0.0000         -59932.8414      7090.3321         0.0000         0.0000      9808.7256         -42607.6173       307.4991    -52416.3429    -42581.0753       311.3931           -473.8230      -381.6757    162418.9157        -6.2326        -5.9001

LDB: ============= START OF LOAD BALANCING ============== 121.63
LDB: ============== END OF LOAD BALANCING =============== 121.63
Info: useSync: 0 useProxySync: 0
LDB: =============== DONE WITH MIGRATION ================ 121.631
LDB: ============= START OF LOAD BALANCING ============== 121.726
LDB: TIME 121.727 LOAD: AVG 0.0271798 MAX 0.0502423  PROXIES: TOTAL 120 MAXPE 17 MAXPATCH 5 None MEM: 0 MB
LDB: TIME 121.727 LOAD: AVG 0.0271798 MAX 0.0502423  PROXIES: TOTAL 120 MAXPE 17 MAXPATCH 5 RefineTorusLB MEM: 0 MB
LDB: TIME 121.727 LOAD: AVG 0.0271798 MAX 0.0502423  PROXIES: TOTAL 120 MAXPE 17 MAXPATCH 5 RefineTorusLB MEM: 0 MB
LDB: Reverting to original mapping
LDB: ============== END OF LOAD BALANCING =============== 121.727
Info: useSync: 0 useProxySync: 0
LDB: =============== DONE WITH MIGRATION ================ 121.728
ENERGY: 2812500        75.5827       203.2893       154.0549         0.0000         -60273.1328      7414.0996         0.0000         0.0000      9895.4931         -42530.6132       310.2192    -52426.1062    -42508.0378       311.3584            109.1580       186.3096    161789.2951         4.2815         3.6389

ENERGY: 2813000        72.9787       211.4163       151.8745         0.0000         -59951.9974      7208.2200         0.0000         0.0000      9928.6974         -42378.8105       311.2601    -52307.5079    -42357.3362       311.5199            -26.1631        53.7301    162395.3149         5.0294         5.0909

WRITING COORDINATES TO DCD FILE 06_prod_1ns/prod_06.dcd AT STEP 2813000
ENERGY: 2813500        71.8477       183.3832       152.2217         0.0000         -59999.1096      7167.1281         0.0000         0.0000      9990.7561         -42433.7728       313.2057    -52424.5289    -42409.0227       312.2760           -181.9164       -91.7513    162155.2278         8.1953         7.1031

ENERGY: 2814000        74.9955       203.0237       152.6747         0.0000         -60238.5305      7238.1852         0.0000         0.0000      9876.4646         -42693.1869       309.6227    -52569.6514    -42674.6845       311.5213           -157.5515       -80.1774    161762.9472        -3.8590        -2.8137

WRITING COORDINATES TO DCD FILE 06_prod_1ns/prod_06.dcd AT STEP 2814000
LDB: ============= START OF LOAD BALANCING ============== 125.475
LDB: ============== END OF LOAD BALANCING =============== 125.476
Info: useSync: 0 useProxySync: 0
LDB: =============== DONE WITH MIGRATION ================ 125.476
LDB: ============= START OF LOAD BALANCING ============== 125.578
LDB: TIME 125.578 LOAD: AVG 0.0273551 MAX 0.048009  PROXIES: TOTAL 120 MAXPE 17 MAXPATCH 5 None MEM: 0 MB
LDB: TIME 125.578 LOAD: AVG 0.0273551 MAX 0.048009  PROXIES: TOTAL 120 MAXPE 17 MAXPATCH 5 RefineTorusLB MEM: 0 MB
LDB: TIME 125.578 LOAD: AVG 0.0273551 MAX 0.048009  PROXIES: TOTAL 120 MAXPE 17 MAXPATCH 5 RefineTorusLB MEM: 0 MB
LDB: ============== END OF LOAD BALANCING =============== 125.579
Info: useSync: 0 useProxySync: 0
LDB: =============== DONE WITH MIGRATION ================ 125.579
ENERGY: 2814500        68.4154       187.0218       154.8155         0.0000         -60286.3540      7327.6610         0.0000         0.0000      9845.7739         -42702.6664       308.6605    -52548.4404    -42679.0204       309.6149            -89.3432       -11.1039    162098.1489         4.2858         4.6117

TIMING: 2815000  CPU: 127.857, 0.00196839/step  Wall: 126.735, 0.00194447/step, 0.234956 hours remaining, 0.000000 MB of memory in use.
PERFORMANCE: 2815000  averaging 88.6541 ns/day, 0.00194915 sec/step with standard deviation 1.24419e-05
ETITLE:      TS           BOND          ANGLE          DIHED          IMPRP               ELECT            VDW       BOUNDARY           MISC        KINETIC               TOTAL           TEMP      POTENTIAL         TOTAL3        TEMPAVG            PRESSURE      GPRESSURE         VOLUME       PRESSAVG      GPRESSAVG

ENERGY: 2815000        73.7255       188.2350       160.3905         0.0000         -60395.4853      7286.4581         0.0000         0.0000      9857.6242         -42829.0519       309.0320    -52686.6762    -42814.6950       308.4324           -241.4562      -138.9565    162096.8216         1.2652         1.6955

WRITING EXTENDED SYSTEM TO RESTART FILE AT STEP 2815000
WRITING COORDINATES TO DCD FILE 06_prod_1ns/prod_06.dcd AT STEP 2815000
WRITING COORDINATES TO RESTART FILE AT STEP 2815000
FINISHED WRITING RESTART COORDINATES
WRITING VELOCITIES TO RESTART FILE AT STEP 2815000
FINISHED WRITING RESTART VELOCITIES
ENERGY: 2815500        84.3433       196.9700       160.1913         0.0000         -60257.1227      7187.6794         0.0000         0.0000      9971.7813         -42656.1574       312.6108    -52627.9387    -42639.3587       308.7018           -330.4947      -239.6405    162703.8437        -2.0138        -0.9856

ENERGY: 2816000        89.0378       185.1657       147.3194         0.0000         -60216.6888      7238.6284         0.0000         0.0000      9952.7981         -42603.7393       312.0157    -52556.5374    -42578.0340       310.1371           -190.4489      -138.3198    161878.0251        -8.0712        -8.4195

WRITING COORDINATES TO DCD FILE 06_prod_1ns/prod_06.dcd AT STEP 2816000
LDB: ============= START OF LOAD BALANCING ============== 129.417
LDB: ============== END OF LOAD BALANCING =============== 129.417
Info: useSync: 0 useProxySync: 0
LDB: =============== DONE WITH MIGRATION ================ 129.418
LDB: ============= START OF LOAD BALANCING ============== 129.517
LDB: TIME 129.518 LOAD: AVG 0.0272517 MAX 0.0458645  PROXIES: TOTAL 120 MAXPE 17 MAXPATCH 5 None MEM: 0 MB
LDB: TIME 129.518 LOAD: AVG 0.0272517 MAX 0.0458645  PROXIES: TOTAL 120 MAXPE 17 MAXPATCH 5 RefineTorusLB MEM: 0 MB
LDB: TIME 129.518 LOAD: AVG 0.0272517 MAX 0.0458645  PROXIES: TOTAL 120 MAXPE 17 MAXPATCH 5 RefineTorusLB MEM: 0 MB
LDB: Reverting to original mapping
LDB: ============== END OF LOAD BALANCING =============== 129.519
Info: useSync: 0 useProxySync: 0
LDB: =============== DONE WITH MIGRATION ================ 129.519
ENERGY: 2816500        71.4176       202.9347       152.5616         0.0000         -60299.0711      7356.6014         0.0000         0.0000      9900.6381         -42614.9176       310.3805    -52515.5557    -42589.8518       311.0355            -34.6341        73.7859    163027.8459        14.0092        13.0242

ENERGY: 2817000        78.1296       199.6327       146.9405         0.0000         -60427.4757      7339.5240         0.0000         0.0000      9996.5754         -42666.6734       313.3881    -52663.2489    -42642.2661       309.7690           -110.6542       -29.8320    162401.0271        13.4891        13.8357

WRITING COORDINATES TO DCD FILE 06_prod_1ns/prod_06.dcd AT STEP 2817000
ENERGY: 2817500        61.9856       204.3868       148.6116         0.0000         -60265.9479      7323.3227         0.0000         0.0000     10023.7564         -42503.8848       314.2402    -52527.6411    -42487.8446       310.6664            114.9591       187.2992    162030.2787         2.6281         2.3279

ENERGY: 2818000        62.6849       199.5035       152.8517         0.0000         -60423.4627      7389.1700         0.0000         0.0000      9978.5206         -42640.7321       312.8221    -52619.2527    -42611.7835       311.9396            -39.9662        42.7545    162265.6893        -0.4545         0.0145

WRITING COORDINATES TO DCD FILE 06_prod_1ns/prod_06.dcd AT STEP 2818000
LDB: ============= START OF LOAD BALANCING ============== 133.291
LDB: ============== END OF LOAD BALANCING =============== 133.292
Info: useSync: 0 useProxySync: 0
LDB: =============== DONE WITH MIGRATION ================ 133.292
LDB: ============= START OF LOAD BALANCING ============== 133.389
LDB: TIME 133.389 LOAD: AVG 0.026897 MAX 0.0439644  PROXIES: TOTAL 120 MAXPE 17 MAXPATCH 5 None MEM: 0 MB
LDB: TIME 133.389 LOAD: AVG 0.026897 MAX 0.0439644  PROXIES: TOTAL 120 MAXPE 17 MAXPATCH 5 RefineTorusLB MEM: 0 MB
LDB: TIME 133.389 LOAD: AVG 0.026897 MAX 0.0439644  PROXIES: TOTAL 120 MAXPE 17 MAXPATCH 5 RefineTorusLB MEM: 0 MB
LDB: ============== END OF LOAD BALANCING =============== 133.39
Info: useSync: 0 useProxySync: 0
LDB: =============== DONE WITH MIGRATION ================ 133.39
ENERGY: 2818500        77.6171       199.6810       154.4210         0.0000         -60304.8784      7371.8388         0.0000         0.0000      9927.2489         -42574.0716       311.2147    -52501.3204    -42550.2537       310.3909           -113.5049       -30.9772    162804.2161        -5.4106        -5.3763

ENERGY: 2819000        75.8778       208.1406       143.5510         0.0000         -60362.1558      7254.1905         0.0000         0.0000      9821.6667         -42858.7292       307.9048    -52680.3959    -42840.6490       309.4255           -206.3401      -117.3939    162279.9438        -2.0044        -1.7496

WRITING COORDINATES TO DCD FILE 06_prod_1ns/prod_06.dcd AT STEP 2819000
ENERGY: 2819500        64.8704       202.1134       170.5200         0.0000         -60610.9935      7540.5801         0.0000         0.0000      9839.8799         -42793.0297       308.4758    -52632.9096    -42774.3515       308.3518            249.1247       342.6205    161741.3582         1.9572         2.1032

TIMING: 2820000  CPU: 137.733, 0.0019753/step  Wall: 136.516, 0.00195632/step, 0.233672 hours remaining, 0.000000 MB of memory in use.
PERFORMANCE: 2820000  averaging 88.6308 ns/day, 0.00194966 sec/step with standard deviation 1.21066e-05
ETITLE:      TS           BOND          ANGLE          DIHED          IMPRP               ELECT            VDW       BOUNDARY           MISC        KINETIC               TOTAL           TEMP      POTENTIAL         TOTAL3        TEMPAVG            PRESSURE      GPRESSURE         VOLUME       PRESSAVG      GPRESSAVG

ENERGY: 2820000        80.3349       187.6320       152.8071         0.0000         -60429.5896      7354.7522         0.0000         0.0000      9922.7561         -42731.3074       311.0739    -52654.0635    -42703.1501       309.3845            -14.6867        57.9553    161919.3756         7.6593         8.4091

WRITING EXTENDED SYSTEM TO RESTART FILE AT STEP 2820000
WRITING COORDINATES TO DCD FILE 06_prod_1ns/prod_06.dcd AT STEP 2820000
WRITING COORDINATES TO RESTART FILE AT STEP 2820000
FINISHED WRITING RESTART COORDINATES
WRITING VELOCITIES TO RESTART FILE AT STEP 2820000
FINISHED WRITING RESTART VELOCITIES
LDB: ============= START OF LOAD BALANCING ============== 137.306
LDB: ============== END OF LOAD BALANCING =============== 137.306
Info: useSync: 0 useProxySync: 0
LDB: =============== DONE WITH MIGRATION ================ 137.307
LDB: ============= START OF LOAD BALANCING ============== 137.403
LDB: TIME 137.404 LOAD: AVG 0.0273896 MAX 0.0429702  PROXIES: TOTAL 120 MAXPE 17 MAXPATCH 5 None MEM: 0 MB
LDB: TIME 137.404 LOAD: AVG 0.0273896 MAX 0.0429702  PROXIES: TOTAL 120 MAXPE 17 MAXPATCH 5 RefineTorusLB MEM: 0 MB
LDB: TIME 137.404 LOAD: AVG 0.0273896 MAX 0.0429702  PROXIES: TOTAL 120 MAXPE 17 MAXPATCH 5 RefineTorusLB MEM: 0 MB
LDB: Reverting to original mapping
LDB: ============== END OF LOAD BALANCING =============== 137.405
Info: useSync: 0 useProxySync: 0
LDB: =============== DONE WITH MIGRATION ================ 137.405
ENERGY: 2820500        73.3983       194.8251       139.9911         0.0000         -60533.4351      7479.4292         0.0000         0.0000      9897.8827         -42747.9087       310.2941    -52645.7913    -42725.4300       309.7721             97.6076       192.4222    162424.3427         3.6252         3.1658

WRITING COORDINATES TO DCD FILE 06_prod_1ns/prod_06.dcd AT STEP 2821000
ENERGY: 2821000        69.1792       208.0245       153.9607         0.0000         -60419.9462      7325.8209         0.0000         0.0000      9776.9893         -42885.9716       306.5042    -52662.9609    -42864.3050       309.7810           -251.4470      -161.1290    162680.2997        -6.2817        -6.2753

ENERGY: 2821500        66.1797       209.0001       157.4985         0.0000         -60255.3826      7288.7711         0.0000         0.0000      9828.1780         -42705.7553       308.1089    -52533.9333    -42677.7928       309.3229           -135.4727       -53.7674    162819.4654        -1.9326        -1.1708

ENERGY: 2822000        67.7567       199.2477       144.8936         0.0000         -60289.9357      7335.4632         0.0000         0.0000      9814.6388         -42727.9356       307.6845    -52542.5744    -42706.5243       309.8148            -61.2772        56.5754    162758.4862       -10.8483       -10.8847

WRITING COORDINATES TO DCD FILE 06_prod_1ns/prod_06.dcd AT STEP 2822000
LDB: ============= START OF LOAD BALANCING ============== 141.24
LDB: ============== END OF LOAD BALANCING =============== 141.24
Info: useSync: 0 useProxySync: 0
LDB: =============== DONE WITH MIGRATION ================ 141.24
LDB: ============= START OF LOAD BALANCING ============== 141.336
LDB: TIME 141.337 LOAD: AVG 0.0280255 MAX 0.0481884  PROXIES: TOTAL 120 MAXPE 17 MAXPATCH 5 None MEM: 0 MB
LDB: TIME 141.337 LOAD: AVG 0.0280255 MAX 0.0481884  PROXIES: TOTAL 120 MAXPE 17 MAXPATCH 5 RefineTorusLB MEM: 0 MB
LDB: TIME 141.337 LOAD: AVG 0.0280255 MAX 0.0481884  PROXIES: TOTAL 120 MAXPE 17 MAXPATCH 5 RefineTorusLB MEM: 0 MB
LDB: ============== END OF LOAD BALANCING =============== 141.338
Info: useSync: 0 useProxySync: 0
LDB: =============== DONE WITH MIGRATION ================ 141.338
ENERGY: 2822500        91.3498       193.1768       156.1527         0.0000         -60157.3331      7199.6316         0.0000         0.0000      9797.7556         -42719.2666       307.1552    -52517.0221    -42698.2342       309.8377           -289.5974      -184.5485    162949.3167       -10.7422       -10.2176

ENERGY: 2823000        63.5673       210.3911       154.7852         0.0000         -60616.5853      7513.5786         0.0000         0.0000      9945.3258         -42728.9373       311.7814    -52674.2631    -42712.2087       309.2379            264.6693       343.7648    161455.3005        -4.6873        -4.3796

WRITING COORDINATES TO DCD FILE 06_prod_1ns/prod_06.dcd AT STEP 2823000
ENERGY: 2823500        80.4593       203.7886       146.2097         0.0000         -59986.1321      7198.6283         0.0000         0.0000      9862.4586         -42494.5876       309.1836    -52357.0462    -42467.0777       311.0057           -158.0970       -43.9771    162739.6041         5.2753         6.0903

ENERGY: 2824000        68.2174       179.8702       140.4257         0.0000         -60281.4037      7275.7499         0.0000         0.0000      9977.5274         -42639.6130       312.7909    -52617.1405    -42613.4972       310.1457           -270.5789      -173.7203    162604.3236         7.0732         7.7489

WRITING COORDINATES TO DCD FILE 06_prod_1ns/prod_06.dcd AT STEP 2824000
LDB: ============= START OF LOAD BALANCING ============== 145.189
LDB: ============== END OF LOAD BALANCING =============== 145.19
Info: useSync: 0 useProxySync: 0
LDB: =============== DONE WITH MIGRATION ================ 145.19
LDB: ============= START OF LOAD BALANCING ============== 145.289
LDB: TIME 145.289 LOAD: AVG 0.026895 MAX 0.042991  PROXIES: TOTAL 120 MAXPE 17 MAXPATCH 5 None MEM: 0 MB
LDB: TIME 145.29 LOAD: AVG 0.026895 MAX 0.042991  PROXIES: TOTAL 120 MAXPE 17 MAXPATCH 5 RefineTorusLB MEM: 0 MB
LDB: TIME 145.29 LOAD: AVG 0.026895 MAX 0.042991  PROXIES: TOTAL 120 MAXPE 17 MAXPATCH 5 RefineTorusLB MEM: 0 MB
LDB: ============== END OF LOAD BALANCING =============== 145.29
Info: useSync: 0 useProxySync: 0
LDB: =============== DONE WITH MIGRATION ================ 145.291
ENERGY: 2824500        71.3990       203.9261       149.0348         0.0000         -60118.9841      7160.9978         0.0000         0.0000      9901.9573         -42631.6690       310.4219    -52533.6263    -42613.0948       310.9660           -215.4425      -140.9117    162487.7570        14.9439        15.9399

TIMING: 2825000  CPU: 147.599, 0.00197304/step  Wall: 146.403, 0.00197746/step, 0.23345 hours remaining, 0.000000 MB of memory in use.
PERFORMANCE: 2825000  averaging 88.5466 ns/day, 0.00195151 sec/step with standard deviation 1.36969e-05
ETITLE:      TS           BOND          ANGLE          DIHED          IMPRP               ELECT            VDW       BOUNDARY           MISC        KINETIC               TOTAL           TEMP      POTENTIAL         TOTAL3        TEMPAVG            PRESSURE      GPRESSURE         VOLUME       PRESSAVG      GPRESSAVG

ENERGY: 2825000        71.1977       205.3543       160.0160         0.0000         -59963.5586      7131.4184         0.0000         0.0000      9908.6920         -42486.8801       310.6330    -52395.5721    -42465.1728       310.5098           -288.4746      -194.1701    162967.1243         1.5947         1.5936

WRITING EXTENDED SYSTEM TO RESTART FILE AT STEP 2825000
WRITING COORDINATES TO DCD FILE 06_prod_1ns/prod_06.dcd AT STEP 2825000
WRITING COORDINATES TO RESTART FILE AT STEP 2825000
FINISHED WRITING RESTART COORDINATES
WRITING VELOCITIES TO RESTART FILE AT STEP 2825000
FINISHED WRITING RESTART VELOCITIES
ENERGY: 2825500        63.8979       211.8233       153.2700         0.0000         -60010.9379      7103.6019         0.0000         0.0000      9838.1651         -42640.1796       308.4220    -52478.3446    -42618.3688       311.4781           -456.8943      -366.2154    162657.3166         3.4741         2.8498

ENERGY: 2826000        82.7759       218.0908       165.4487         0.0000         -60109.3434      7219.8287         0.0000         0.0000      9947.3957         -42475.8035       311.8463    -52423.1993    -42453.7024       311.4425           -297.8353      -216.5043    162077.2316        -6.5721        -7.3033

WRITING COORDINATES TO DCD FILE 06_prod_1ns/prod_06.dcd AT STEP 2826000
LDB: ============= START OF LOAD BALANCING ============== 149.047
LDB: ============== END OF LOAD BALANCING =============== 149.047
Info: useSync: 0 useProxySync: 0
LDB: =============== DONE WITH MIGRATION ================ 149.048
LDB: ============= START OF LOAD BALANCING ============== 149.14
LDB: TIME 149.141 LOAD: AVG 0.0261295 MAX 0.0406361  PROXIES: TOTAL 120 MAXPE 17 MAXPATCH 5 None MEM: 0 MB
LDB: TIME 149.141 LOAD: AVG 0.0261295 MAX 0.0406361  PROXIES: TOTAL 120 MAXPE 17 MAXPATCH 5 RefineTorusLB MEM: 0 MB
LDB: TIME 149.141 LOAD: AVG 0.0261295 MAX 0.0406361  PROXIES: TOTAL 120 MAXPE 17 MAXPATCH 5 RefineTorusLB MEM: 0 MB
LDB: Reverting to original mapping
LDB: ============== END OF LOAD BALANCING =============== 149.142
Info: useSync: 0 useProxySync: 0
LDB: =============== DONE WITH MIGRATION ================ 149.142
ENERGY: 2826500        75.2576       199.2314       153.9633         0.0000         -60289.9338      7314.8477         0.0000         0.0000      9968.8742         -42577.7596       312.5197    -52546.6338    -42560.3394       312.7689             12.4943        99.6534    161951.4947        -4.8732        -4.3486

ENERGY: 2827000        72.5121       199.2863       148.6778         0.0000         -60356.5519      7270.2091         0.0000         0.0000     10052.6335         -42613.2331       315.1455    -52665.8666    -42588.2675       311.2711           -177.6912      -112.7693    161911.0041         6.4169         7.1547

WRITING COORDINATES TO DCD FILE 06_prod_1ns/prod_06.dcd AT STEP 2827000
ENERGY: 2827500        80.2342       186.6054       149.1112         0.0000         -60229.0892      7152.0182         0.0000         0.0000      9936.5969         -42724.5233       311.5078    -52661.1202    -42700.0315       309.0741           -395.5990      -279.1734    162272.6871        10.5696        10.5395

ENERGY: 2828000        73.3398       194.9994       153.1341         0.0000         -60232.6894      7288.2879         0.0000         0.0000      9915.4271         -42607.5012       310.8441    -52522.9283    -42587.8113       309.5378           -133.2775       -60.3968    162975.9102        -7.3529        -8.3513

WRITING COORDINATES TO DCD FILE 06_prod_1ns/prod_06.dcd AT STEP 2828000
LDB: ============= START OF LOAD BALANCING ============== 152.84
LDB: ============== END OF LOAD BALANCING =============== 152.841
Info: useSync: 0 useProxySync: 0
LDB: =============== DONE WITH MIGRATION ================ 152.841
LDB: ============= START OF LOAD BALANCING ============== 152.937
LDB: TIME 152.937 LOAD: AVG 0.0268414 MAX 0.0416074  PROXIES: TOTAL 120 MAXPE 17 MAXPATCH 5 None MEM: 0 MB
LDB: TIME 152.938 LOAD: AVG 0.0268414 MAX 0.0416074  PROXIES: TOTAL 120 MAXPE 17 MAXPATCH 5 RefineTorusLB MEM: 0 MB
LDB: TIME 152.938 LOAD: AVG 0.0268414 MAX 0.0416074  PROXIES: TOTAL 120 MAXPE 17 MAXPATCH 5 RefineTorusLB MEM: 0 MB
LDB: Reverting to original mapping
LDB: ============== END OF LOAD BALANCING =============== 152.938
Info: useSync: 0 useProxySync: 0
LDB: =============== DONE WITH MIGRATION ================ 152.939
ENERGY: 2828500        79.6333       190.0316       150.5041         0.0000         -60548.0891      7521.2689         0.0000         0.0000      9919.0103         -42687.6409       310.9565    -52606.6512    -42665.6245       310.5608            203.7721       279.0556    161565.3177         4.2743         3.8543

ENERGY: 2829000        67.2201       200.1045       156.3840         0.0000         -60544.7531      7503.7491         0.0000         0.0000      9941.1237         -42676.1717       311.6497    -52617.2954    -42650.4706       309.2753            203.5635       273.4020    161908.1522         2.1013         0.8103

WRITING COORDINATES TO DCD FILE 06_prod_1ns/prod_06.dcd AT STEP 2829000
ENERGY: 2829500        75.0591       198.2253       149.8263         0.0000         -60546.9868      7477.2249         0.0000         0.0000      9960.6933         -42685.9578       312.2632    -52646.6511    -42661.0310       310.8421            134.0935       169.7141    162118.9905         7.9053         8.0398

TIMING: 2830000  CPU: 157.45, 0.00197028/step  Wall: 156.038, 0.001927/step, 0.224817 hours remaining, 0.000000 MB of memory in use.
PERFORMANCE: 2830000  averaging 88.6162 ns/day, 0.00194998 sec/step with standard deviation 1.45826e-05
ETITLE:      TS           BOND          ANGLE          DIHED          IMPRP               ELECT            VDW       BOUNDARY           MISC        KINETIC               TOTAL           TEMP      POTENTIAL         TOTAL3        TEMPAVG            PRESSURE      GPRESSURE         VOLUME       PRESSAVG      GPRESSAVG

ENERGY: 2830000        69.9379       213.7947       150.1532         0.0000         -60489.8637      7285.7791         0.0000         0.0000      9899.9510         -42870.2478       310.3590    -52770.1988    -42848.2052       309.7145           -182.3029       -92.9232    161963.2333        -7.4406        -7.8468

WRITING EXTENDED SYSTEM TO RESTART FILE AT STEP 2830000
WRITING COORDINATES TO DCD FILE 06_prod_1ns/prod_06.dcd AT STEP 2830000
WRITING COORDINATES TO RESTART FILE AT STEP 2830000
FINISHED WRITING RESTART COORDINATES
WRITING VELOCITIES TO RESTART FILE AT STEP 2830000
FINISHED WRITING RESTART VELOCITIES
LDB: ============= START OF LOAD BALANCING ============== 156.826
LDB: ============== END OF LOAD BALANCING =============== 156.827
Info: useSync: 0 useProxySync: 0
LDB: =============== DONE WITH MIGRATION ================ 156.827
LDB: ============= START OF LOAD BALANCING ============== 156.926
LDB: TIME 156.926 LOAD: AVG 0.0280108 MAX 0.0481437  PROXIES: TOTAL 120 MAXPE 17 MAXPATCH 5 None MEM: 0 MB
LDB: TIME 156.926 LOAD: AVG 0.0280108 MAX 0.0481437  PROXIES: TOTAL 120 MAXPE 17 MAXPATCH 5 RefineTorusLB MEM: 0 MB
LDB: TIME 156.927 LOAD: AVG 0.0280108 MAX 0.0481437  PROXIES: TOTAL 120 MAXPE 17 MAXPATCH 5 RefineTorusLB MEM: 0 MB
LDB: ============== END OF LOAD BALANCING =============== 156.927
Info: useSync: 0 useProxySync: 0
LDB: =============== DONE WITH MIGRATION ================ 156.928
ENERGY: 2830500        68.1181       176.1193       148.8755         0.0000         -60457.7380      7331.8087         0.0000         0.0000     10067.1188         -42665.6977       315.5996    -52732.8164    -42651.0028       309.7256           -126.2318       -47.1620    162229.8393         4.2419         4.4045

ENERGY: 2831000        75.0166       178.8160       147.7749         0.0000         -60348.9485      7428.1706         0.0000         0.0000      9719.2725         -42799.8979       304.6948    -52519.1704    -42781.7342       309.1300            165.9422       239.8668    162156.4321         0.0899         0.0276

WRITING COORDINATES TO DCD FILE 06_prod_1ns/prod_06.dcd AT STEP 2831000
ENERGY: 2831500        71.7124       205.0258       152.0673         0.0000         -60140.2569      7226.2091         0.0000         0.0000      9898.4623         -42586.7799       310.3123    -52485.2422    -42572.0408       310.3575           -204.8743      -117.3281    162729.6773        -3.6629        -2.8452

ENERGY: 2832000        84.7955       220.0157       154.8603         0.0000         -60492.2448      7475.3413         0.0000         0.0000      9939.0051         -42618.2269       311.5833    -52557.2320    -42596.5347       310.8374           -202.2192      -118.0235    163796.8837         1.9266         1.6443

WRITING COORDINATES TO DCD FILE 06_prod_1ns/prod_06.dcd AT STEP 2832000
LDB: ============= START OF LOAD BALANCING ============== 160.683
LDB: ============== END OF LOAD BALANCING =============== 160.683
Info: useSync: 0 useProxySync: 0
LDB: =============== DONE WITH MIGRATION ================ 160.683
LDB: ============= START OF LOAD BALANCING ============== 160.78
LDB: TIME 160.781 LOAD: AVG 0.027402 MAX 0.0516411  PROXIES: TOTAL 120 MAXPE 17 MAXPATCH 5 None MEM: 0 MB
LDB: TIME 160.781 LOAD: AVG 0.027402 MAX 0.0516411  PROXIES: TOTAL 120 MAXPE 17 MAXPATCH 5 RefineTorusLB MEM: 0 MB
LDB: TIME 160.781 LOAD: AVG 0.027402 MAX 0.0516411  PROXIES: TOTAL 120 MAXPE 17 MAXPATCH 5 RefineTorusLB MEM: 0 MB
LDB: Reverting to original mapping
LDB: ============== END OF LOAD BALANCING =============== 160.782
Info: useSync: 0 useProxySync: 0
LDB: =============== DONE WITH MIGRATION ================ 160.782
ENERGY: 2832500        83.7724       191.2678       144.4067         0.0000         -60141.3025      7335.5448         0.0000         0.0000     10016.9778         -42369.3330       314.0277    -52386.3109    -42346.8673       312.6152           -123.1141       -48.2574    162815.6018        17.5045        16.8178

ENERGY: 2833000        73.7265       204.3410       151.7263         0.0000         -60119.7942      7294.9132         0.0000         0.0000      9960.1024         -42434.9848       312.2447    -52395.0872    -42418.6365       313.4347           -112.7337       -42.9589    163538.8094        -5.3328        -5.9939

WRITING COORDINATES TO DCD FILE 06_prod_1ns/prod_06.dcd AT STEP 2833000
ENERGY: 2833500        77.9367       211.1215       153.5814         0.0000         -60302.7134      7306.9263         0.0000         0.0000      9901.2259         -42651.9217       310.3989    -52553.1475    -42631.9000       311.8450           -139.7322       -65.4772    162540.8928         6.7291         5.8985

ENERGY: 2834000        71.4740       197.0579       147.7749         0.0000         -60107.4923      7280.4984         0.0000         0.0000     10025.4829         -42385.2041       314.2943    -52410.6870    -42361.6475       311.6257            -69.4369        23.2807    162409.1601         0.7513         0.9964

WRITING COORDINATES TO DCD FILE 06_prod_1ns/prod_06.dcd AT STEP 2834000
LDB: ============= START OF LOAD BALANCING ============== 164.556
LDB: ============== END OF LOAD BALANCING =============== 164.556
Info: useSync: 0 useProxySync: 0
LDB: =============== DONE WITH MIGRATION ================ 164.556
LDB: ============= START OF LOAD BALANCING ============== 164.655
LDB: TIME 164.655 LOAD: AVG 0.0279282 MAX 0.0481876  PROXIES: TOTAL 120 MAXPE 17 MAXPATCH 5 None MEM: 0 MB
LDB: TIME 164.655 LOAD: AVG 0.0279282 MAX 0.0481876  PROXIES: TOTAL 120 MAXPE 17 MAXPATCH 5 RefineTorusLB MEM: 0 MB
LDB: TIME 164.656 LOAD: AVG 0.0279282 MAX 0.0481876  PROXIES: TOTAL 120 MAXPE 17 MAXPATCH 5 RefineTorusLB MEM: 0 MB
LDB: Reverting to original mapping
LDB: ============== END OF LOAD BALANCING =============== 164.656
Info: useSync: 0 useProxySync: 0
LDB: =============== DONE WITH MIGRATION ================ 164.657
ENERGY: 2834500        77.3380       200.1051       147.1180         0.0000         -60371.0605      7418.8590         0.0000         0.0000      9943.9613         -42583.6790       311.7387    -52527.6403    -42567.0499       310.7426            118.7897       203.4970    161291.5331         5.0529         5.2364

TIMING: 2835000  CPU: 167.25, 0.00196003/step  Wall: 165.813, 0.0019549/step, 0.225357 hours remaining, 0.000000 MB of memory in use.
PERFORMANCE: 2835000  averaging 88.603 ns/day, 0.00195027 sec/step with standard deviation 1.41699e-05
ETITLE:      TS           BOND          ANGLE          DIHED          IMPRP               ELECT            VDW       BOUNDARY           MISC        KINETIC               TOTAL           TEMP      POTENTIAL         TOTAL3        TEMPAVG            PRESSURE      GPRESSURE         VOLUME       PRESSAVG      GPRESSAVG

ENERGY: 2835000        81.7470       210.5987       158.9197         0.0000         -60094.1930      7189.5695         0.0000         0.0000      9836.5134         -42616.8447       308.3702    -52453.3581    -42597.2679       311.1902           -364.2375      -246.2543    162348.2353        -2.6375        -2.1714

WRITING EXTENDED SYSTEM TO RESTART FILE AT STEP 2835000
WRITING COORDINATES TO DCD FILE 06_prod_1ns/prod_06.dcd AT STEP 2835000
WRITING COORDINATES TO RESTART FILE AT STEP 2835000
FINISHED WRITING RESTART COORDINATES
WRITING VELOCITIES TO RESTART FILE AT STEP 2835000
FINISHED WRITING RESTART VELOCITIES
ENERGY: 2835500        71.0693       207.9272       144.0364         0.0000         -60191.0181      7249.0993         0.0000         0.0000      9912.4336         -42606.4522       310.7503    -52518.8858    -42586.9498       310.4057           -126.3872       -33.5964    162145.3093        -0.5268        -0.2182

ENERGY: 2836000        81.1031       190.5984       144.0379         0.0000         -60049.7693      7226.8111         0.0000         0.0000      9944.2186         -42463.0003       311.7467    -52407.2189    -42447.4382       312.4582            -43.0452        36.5818    162146.9326         3.9927         4.1020

WRITING COORDINATES TO DCD FILE 06_prod_1ns/prod_06.dcd AT STEP 2836000
LDB: ============= START OF LOAD BALANCING ============== 168.519
LDB: ============== END OF LOAD BALANCING =============== 168.519
Info: useSync: 0 useProxySync: 0
LDB: =============== DONE WITH MIGRATION ================ 168.519
LDB: ============= START OF LOAD BALANCING ============== 168.619
LDB: TIME 168.619 LOAD: AVG 0.0280388 MAX 0.044222  PROXIES: TOTAL 120 MAXPE 17 MAXPATCH 5 None MEM: 0 MB
LDB: TIME 168.619 LOAD: AVG 0.0280388 MAX 0.044222  PROXIES: TOTAL 120 MAXPE 17 MAXPATCH 5 RefineTorusLB MEM: 0 MB
LDB: TIME 168.619 LOAD: AVG 0.0280388 MAX 0.044222  PROXIES: TOTAL 120 MAXPE 17 MAXPATCH 5 RefineTorusLB MEM: 0 MB
LDB: Reverting to original mapping
LDB: ============== END OF LOAD BALANCING =============== 168.62
Info: useSync: 0 useProxySync: 0
LDB: =============== DONE WITH MIGRATION ================ 168.621
ENERGY: 2836500        71.7650       217.4402       165.2745         0.0000         -60226.1378      7398.3111         0.0000         0.0000      9948.1479         -42425.1991       311.8699    -52373.3470    -42399.2473       312.2244             30.2552       136.7768    162951.8182         1.9701         3.4713

ENERGY: 2837000        74.0036       203.4462       143.8573         0.0000         -60080.7820      7179.7943         0.0000         0.0000      9984.1872         -42495.4934       312.9997    -52479.6806    -42475.0012       313.1283           -314.4031      -238.2227    163123.5078         2.7287         2.8959

WRITING COORDINATES TO DCD FILE 06_prod_1ns/prod_06.dcd AT STEP 2837000
ENERGY: 2837500        70.3681       178.5204       155.7589         0.0000         -60561.6098      7473.7374         0.0000         0.0000      9921.0969         -42762.1281       311.0219    -52683.2250    -42744.1030       311.4332            155.2384       237.0394    162136.8836         1.4246         1.2121

ENERGY: 2838000        63.2337       196.8719       151.2275         0.0000         -60566.7702      7435.7602         0.0000         0.0000     10004.9831         -42714.6938       313.6517    -52719.6768    -42699.4787       311.4466            -27.3663        82.6389    162298.9478        12.6509        13.6652

WRITING COORDINATES TO DCD FILE 06_prod_1ns/prod_06.dcd AT STEP 2838000
LDB: ============= START OF LOAD BALANCING ============== 172.466
LDB: ============== END OF LOAD BALANCING =============== 172.467
Info: useSync: 0 useProxySync: 0
LDB: =============== DONE WITH MIGRATION ================ 172.467
LDB: ============= START OF LOAD BALANCING ============== 172.567
LDB: TIME 172.568 LOAD: AVG 0.027765 MAX 0.0458398  PROXIES: TOTAL 120 MAXPE 17 MAXPATCH 5 None MEM: 0 MB
LDB: TIME 172.568 LOAD: AVG 0.027765 MAX 0.0458398  PROXIES: TOTAL 120 MAXPE 17 MAXPATCH 5 RefineTorusLB MEM: 0 MB
LDB: TIME 172.568 LOAD: AVG 0.027765 MAX 0.0458398  PROXIES: TOTAL 120 MAXPE 17 MAXPATCH 5 RefineTorusLB MEM: 0 MB
LDB: ============== END OF LOAD BALANCING =============== 172.569
Info: useSync: 0 useProxySync: 0
LDB: =============== DONE WITH MIGRATION ================ 172.569
ENERGY: 2838500        72.7145       203.0711       155.1062         0.0000         -60445.9844      7259.0828         0.0000         0.0000      9881.7767         -42874.2331       309.7892    -52756.0097    -42855.3804       309.5603           -270.7451      -158.4634    162597.4111        -4.5238        -5.5329

ENERGY: 2839000        61.3681       191.1654       145.9967         0.0000         -60404.4701      7382.4654         0.0000         0.0000      9881.2104         -42742.2641       309.7714    -52623.4745    -42719.5543       309.2777            112.2512       189.4123    162126.1331        11.7781        11.5033

WRITING COORDINATES TO DCD FILE 06_prod_1ns/prod_06.dcd AT STEP 2839000
ENERGY: 2839500        72.9920       210.9221       142.6444         0.0000         -60527.3479      7435.8955         0.0000         0.0000      9905.9199         -42758.9740       310.5461    -52664.8939    -42739.9744       308.6829             -6.8718        66.9810    162899.2609        -6.7387        -6.1098

WRITING COORDINATES TO DCD FILE 06_prod_1ns/prod_06.dcd AT STEP 2840000
WRITING COORDINATES TO RESTART FILE AT STEP 2840000
FINISHED WRITING RESTART COORDINATES
WRITING VELOCITIES TO RESTART FILE AT STEP 2840000
FINISHED WRITING RESTART VELOCITIES
TIMING: 2840000  CPU: 177.049, 0.00195968/step  Wall: 175.821, 0.00200168/step, 0.227969 hours remaining, 0.000000 MB of memory in use.
PERFORMANCE: 2840000  averaging 88.4735 ns/day, 0.00195313 sec/step with standard deviation 1.83243e-05
ETITLE:      TS           BOND          ANGLE          DIHED          IMPRP               ELECT            VDW       BOUNDARY           MISC        KINETIC               TOTAL           TEMP      POTENTIAL         TOTAL3        TEMPAVG            PRESSURE      GPRESSURE         VOLUME       PRESSAVG      GPRESSAVG

ENERGY: 2840000        62.5178       199.5777       152.1076         0.0000         -60444.5923      7236.3785         0.0000         0.0000      9848.1087         -42945.9019       308.7337    -52794.0106    -42924.7685       308.5494           -297.4621      -196.5729    161660.0075        -7.6319        -7.0965

WRITING EXTENDED SYSTEM TO RESTART FILE AT STEP 2840000
LDB: ============= START OF LOAD BALANCING ============== 176.506
LDB: ============== END OF LOAD BALANCING =============== 176.506
Info: useSync: 0 useProxySync: 0
LDB: =============== DONE WITH MIGRATION ================ 176.507
LDB: ============= START OF LOAD BALANCING ============== 176.603
LDB: TIME 176.604 LOAD: AVG 0.0278699 MAX 0.0463078  PROXIES: TOTAL 120 MAXPE 17 MAXPATCH 5 None MEM: 0 MB
LDB: TIME 176.604 LOAD: AVG 0.0278699 MAX 0.0463078  PROXIES: TOTAL 120 MAXPE 17 MAXPATCH 5 RefineTorusLB MEM: 0 MB
LDB: TIME 176.604 LOAD: AVG 0.0278699 MAX 0.0463078  PROXIES: TOTAL 120 MAXPE 17 MAXPATCH 5 RefineTorusLB MEM: 0 MB
LDB: ============== END OF LOAD BALANCING =============== 176.604
Info: useSync: 0 useProxySync: 0
LDB: =============== DONE WITH MIGRATION ================ 176.605
ENERGY: 2840500        64.7160       191.5600       151.9141         0.0000         -60289.5554      7282.8035         0.0000         0.0000      9781.5629         -42816.9988       306.6475    -52598.5618    -42792.5701       308.7631            -55.6139        39.1806    161970.6438        -5.7004        -4.4373

ENERGY: 2841000        71.6427       188.1114       151.2557         0.0000         -60370.6414      7289.7693         0.0000         0.0000      9932.8677         -42736.9947       311.3909    -52669.8624    -42713.1232       308.8846            -92.8616        -3.1080    161732.9441        -5.7766        -6.1335

WRITING COORDINATES TO DCD FILE 06_prod_1ns/prod_06.dcd AT STEP 2841000
ENERGY: 2841500        73.6716       166.6747       148.0367         0.0000         -60266.4588      7279.3594         0.0000         0.0000      9943.9185         -42654.7979       311.7373    -52598.7164    -42633.8160       309.7163            -79.7583        49.3769    162470.5686        -2.0300        -3.0224

ENERGY: 2842000        78.2508       193.7828       154.1296         0.0000         -60478.6538      7420.7373         0.0000         0.0000      9836.8960         -42794.8573       308.3822    -52631.7533    -42771.5172       308.6048            -79.1229         9.4605    162696.9184        -8.7027        -8.6431

WRITING COORDINATES TO DCD FILE 06_prod_1ns/prod_06.dcd AT STEP 2842000
LDB: ============= START OF LOAD BALANCING ============== 180.337
LDB: ============== END OF LOAD BALANCING =============== 180.337
Info: useSync: 0 useProxySync: 0
LDB: =============== DONE WITH MIGRATION ================ 180.337
LDB: ============= START OF LOAD BALANCING ============== 180.435
LDB: TIME 180.435 LOAD: AVG 0.0269219 MAX 0.0477082  PROXIES: TOTAL 120 MAXPE 17 MAXPATCH 5 None MEM: 0 MB
LDB: TIME 180.435 LOAD: AVG 0.0269219 MAX 0.0477082  PROXIES: TOTAL 120 MAXPE 17 MAXPATCH 5 RefineTorusLB MEM: 0 MB
LDB: TIME 180.436 LOAD: AVG 0.0269219 MAX 0.0477082  PROXIES: TOTAL 120 MAXPE 17 MAXPATCH 5 RefineTorusLB MEM: 0 MB
LDB: Reverting to original mapping
LDB: ============== END OF LOAD BALANCING =============== 180.436
Info: useSync: 0 useProxySync: 0
LDB: =============== DONE WITH MIGRATION ================ 180.437
ENERGY: 2842500        93.0290       193.0063       154.0041         0.0000         -60502.3589      7331.8698         0.0000         0.0000      9814.8014         -42915.6484       307.6896    -52730.4497    -42896.9322       307.3075           -183.3028      -114.8905    162784.3080       -11.7264       -12.0414

WRITING COORDINATES TO DCD FILE 06_prod_1ns/prod_06.dcd AT STEP 2843000
ENERGY: 2843000        67.8314       200.7993       147.9955         0.0000         -60594.3622      7264.2327         0.0000         0.0000      9874.6468         -43038.8565       309.5657    -52913.5033    -43022.7012       308.2566           -283.1651      -212.3175    161450.7697         8.3160         7.5817

ENERGY: 2843500        65.4098       197.1161       157.6067         0.0000         -60568.1541      7447.8535         0.0000         0.0000      9790.3558         -42909.8123       306.9232    -52700.1681    -42887.3153       307.2050             40.7403       151.2493    161872.8258         5.9828         6.5960

ENERGY: 2844000        71.4388       191.8772       146.1042         0.0000         -60713.6766      7548.0480         0.0000         0.0000      9958.6763         -42797.5323       312.2000    -52756.2085    -42778.1204       309.1493            241.3922       326.9602    161657.6974        -7.9454        -8.7250

WRITING COORDINATES TO DCD FILE 06_prod_1ns/prod_06.dcd AT STEP 2844000
LDB: ============= START OF LOAD BALANCING ============== 184.184
LDB: ============== END OF LOAD BALANCING =============== 184.184
Info: useSync: 0 useProxySync: 0
LDB: =============== DONE WITH MIGRATION ================ 184.185
LDB: ============= START OF LOAD BALANCING ============== 184.282
LDB: TIME 184.282 LOAD: AVG 0.0284513 MAX 0.0452051  PROXIES: TOTAL 120 MAXPE 17 MAXPATCH 5 None MEM: 0 MB
LDB: TIME 184.283 LOAD: AVG 0.0284513 MAX 0.0452051  PROXIES: TOTAL 120 MAXPE 17 MAXPATCH 5 RefineTorusLB MEM: 0 MB
LDB: TIME 184.283 LOAD: AVG 0.0284513 MAX 0.0452051  PROXIES: TOTAL 120 MAXPE 17 MAXPATCH 5 RefineTorusLB MEM: 0 MB
LDB: Reverting to original mapping
LDB: ============== END OF LOAD BALANCING =============== 184.283
Info: useSync: 0 useProxySync: 0
LDB: =============== DONE WITH MIGRATION ================ 184.284
ENERGY: 2844500        64.6956       201.5042       154.7287         0.0000         -60323.3685      7331.1406         0.0000         0.0000      9954.4743         -42616.8251       312.0682    -52571.2994    -42597.9645       309.8576             46.4240       131.8642    162204.7854         1.6890         2.1694

TIMING: 2845000  CPU: 186.875, 0.00196519/step  Wall: 185.469, 0.0019296/step, 0.21708 hours remaining, 0.000000 MB of memory in use.
PERFORMANCE: 2845000  averaging 88.5296 ns/day, 0.00195189 sec/step with standard deviation 1.8608e-05
ETITLE:      TS           BOND          ANGLE          DIHED          IMPRP               ELECT            VDW       BOUNDARY           MISC        KINETIC               TOTAL           TEMP      POTENTIAL         TOTAL3        TEMPAVG            PRESSURE      GPRESSURE         VOLUME       PRESSAVG      GPRESSAVG

ENERGY: 2845000        67.2358       188.9467       149.7594         0.0000         -60548.8891      7512.0781         0.0000         0.0000      9868.9871         -42761.8820       309.3883    -52630.8691    -42738.0397       310.2748            351.5040       415.2069    161132.4755         8.7431         7.4093

WRITING EXTENDED SYSTEM TO RESTART FILE AT STEP 2845000
WRITING COORDINATES TO DCD FILE 06_prod_1ns/prod_06.dcd AT STEP 2845000
WRITING COORDINATES TO RESTART FILE AT STEP 2845000
FINISHED WRITING RESTART COORDINATES
WRITING VELOCITIES TO RESTART FILE AT STEP 2845000
FINISHED WRITING RESTART VELOCITIES
ENERGY: 2845500        71.7854       200.6934       158.3650         0.0000         -60201.5295      7272.9287         0.0000         0.0000      9914.4475         -42583.3095       310.8134    -52497.7571    -42562.2930       309.5915            -59.2457        58.1801    162372.9633        12.7865        12.3703

ENERGY: 2846000        60.9985       215.7396       155.3900         0.0000         -60036.6065      7207.1048         0.0000         0.0000      9960.2753         -42437.0983       312.2501    -52397.3736    -42413.3458       312.0997           -129.4359       -59.9634    162468.9870        -0.7152        -0.7025

WRITING COORDINATES TO DCD FILE 06_prod_1ns/prod_06.dcd AT STEP 2846000
LDB: ============= START OF LOAD BALANCING ============== 188.121
LDB: ============== END OF LOAD BALANCING =============== 188.121
Info: useSync: 0 useProxySync: 0
LDB: =============== DONE WITH MIGRATION ================ 188.122
LDB: ============= START OF LOAD BALANCING ============== 188.216
LDB: TIME 188.216 LOAD: AVG 0.0259145 MAX 0.0445386  PROXIES: TOTAL 120 MAXPE 17 MAXPATCH 5 None MEM: 0 MB
LDB: TIME 188.216 LOAD: AVG 0.0259145 MAX 0.0445386  PROXIES: TOTAL 120 MAXPE 17 MAXPATCH 5 RefineTorusLB MEM: 0 MB
LDB: TIME 188.217 LOAD: AVG 0.0259145 MAX 0.0445386  PROXIES: TOTAL 120 MAXPE 17 MAXPATCH 5 RefineTorusLB MEM: 0 MB
LDB: ============== END OF LOAD BALANCING =============== 188.217
Info: useSync: 0 useProxySync: 0
LDB: =============== DONE WITH MIGRATION ================ 188.218
ENERGY: 2846500        72.9372       211.0997       151.6890         0.0000         -60204.7366      7339.2623         0.0000         0.0000      9922.7613         -42506.9871       311.0740    -52429.7484    -42489.1062       312.3671            -96.7581         2.6448    162444.5815        -9.1741        -8.7836

ENERGY: 2847000        67.3332       201.3670       139.0283         0.0000         -60522.7184      7570.7388         0.0000         0.0000      9957.4157         -42586.8353       312.1604    -52544.2510    -42560.0198       311.3100            309.8320       404.1738    162486.5985         2.4313         2.3224

WRITING COORDINATES TO DCD FILE 06_prod_1ns/prod_06.dcd AT STEP 2847000
ENERGY: 2847500        74.9941       194.3396       150.8837         0.0000         -60060.2077      7245.0875         0.0000         0.0000      9939.3414         -42455.5614       311.5938    -52394.9027    -42436.2207       310.9408           -189.0213      -118.7064    162674.2335         0.0652         1.2877

ENERGY: 2848000        65.0482       187.8857       145.0185         0.0000         -60162.9822      7317.4424         0.0000         0.0000     10017.9503         -42429.6371       314.0582    -52447.5875    -42411.2650       311.0267            -14.8418        66.4737    163645.8043        -1.1968        -1.6493

WRITING COORDINATES TO DCD FILE 06_prod_1ns/prod_06.dcd AT STEP 2848000
LDB: ============= START OF LOAD BALANCING ============== 191.871
LDB: ============== END OF LOAD BALANCING =============== 191.872
Info: useSync: 0 useProxySync: 0
LDB: =============== DONE WITH MIGRATION ================ 191.872
LDB: ============= START OF LOAD BALANCING ============== 191.968
LDB: TIME 191.968 LOAD: AVG 0.0260551 MAX 0.0403105  PROXIES: TOTAL 120 MAXPE 17 MAXPATCH 5 None MEM: 0 MB
LDB: TIME 191.969 LOAD: AVG 0.0260551 MAX 0.0403106  PROXIES: TOTAL 120 MAXPE 17 MAXPATCH 5 RefineTorusLB MEM: 0 MB
LDB: TIME 191.969 LOAD: AVG 0.0260551 MAX 0.0403106  PROXIES: TOTAL 120 MAXPE 17 MAXPATCH 5 RefineTorusLB MEM: 0 MB
LDB: Reverting to original mapping
LDB: ============== END OF LOAD BALANCING =============== 191.969
Info: useSync: 0 useProxySync: 0
LDB: =============== DONE WITH MIGRATION ================ 191.97
ENERGY: 2848500        81.8595       201.6526       147.6845         0.0000         -59825.2945      7018.0970         0.0000         0.0000      9849.3798         -42526.6212       308.7736    -52376.0011    -42503.8121       311.0252           -418.0705      -315.9529    163342.8866         0.0874        -0.8500

ENERGY: 2849000        71.0986       185.6059       149.0485         0.0000         -60468.9796      7482.3581         0.0000         0.0000      9880.4884         -42700.3802       309.7488    -52580.8685    -42683.0957       311.4650            174.1900       249.5418    162624.1718        -6.7913        -6.1686

WRITING COORDINATES TO DCD FILE 06_prod_1ns/prod_06.dcd AT STEP 2849000
ENERGY: 2849500        79.9820       190.3504       150.2686         0.0000         -60700.2290      7445.5104         0.0000         0.0000     10005.4571         -42828.6604       313.6665    -52834.1175    -42815.9714       309.2116             22.8493       118.9135    161302.7266        -2.2183        -1.4481

TIMING: 2850000  CPU: 196.673, 0.00195963/step  Wall: 195.078, 0.00192175/step, 0.213528 hours remaining, 0.000000 MB of memory in use.
PERFORMANCE: 2850000  averaging 88.598 ns/day, 0.00195038 sec/step with standard deviation 1.93246e-05
ETITLE:      TS           BOND          ANGLE          DIHED          IMPRP               ELECT            VDW       BOUNDARY           MISC        KINETIC               TOTAL           TEMP      POTENTIAL         TOTAL3        TEMPAVG            PRESSURE      GPRESSURE         VOLUME       PRESSAVG      GPRESSAVG

ENERGY: 2850000        77.7723       217.9679       143.7238         0.0000         -60624.6320      7555.3437         0.0000         0.0000      9846.8341         -42782.9902       308.6938    -52629.8243    -42766.0728       308.2713            360.5822       423.5513    160783.8160        -1.8964        -1.5186

WRITING EXTENDED SYSTEM TO RESTART FILE AT STEP 2850000
WRITING COORDINATES TO DCD FILE 06_prod_1ns/prod_06.dcd AT STEP 2850000
WRITING COORDINATES TO RESTART FILE AT STEP 2850000
FINISHED WRITING RESTART COORDINATES
WRITING VELOCITIES TO RESTART FILE AT STEP 2850000
FINISHED WRITING RESTART VELOCITIES
LDB: ============= START OF LOAD BALANCING ============== 195.855
LDB: ============== END OF LOAD BALANCING =============== 195.855
Info: useSync: 0 useProxySync: 0
LDB: =============== DONE WITH MIGRATION ================ 195.856
LDB: ============= START OF LOAD BALANCING ============== 195.951
LDB: TIME 195.951 LOAD: AVG 0.028283 MAX 0.0483793  PROXIES: TOTAL 120 MAXPE 17 MAXPATCH 5 None MEM: 0 MB
LDB: TIME 195.952 LOAD: AVG 0.028283 MAX 0.0483793  PROXIES: TOTAL 120 MAXPE 17 MAXPATCH 5 RefineTorusLB MEM: 0 MB
LDB: TIME 195.952 LOAD: AVG 0.028283 MAX 0.0483793  PROXIES: TOTAL 120 MAXPE 17 MAXPATCH 5 RefineTorusLB MEM: 0 MB
LDB: Reverting to original mapping
LDB: ============== END OF LOAD BALANCING =============== 195.952
Info: useSync: 0 useProxySync: 0
LDB: =============== DONE WITH MIGRATION ================ 195.953
ENERGY: 2850500        60.5208       210.7700       153.1561         0.0000         -60219.5818      7235.7937         0.0000         0.0000      9945.4520         -42613.8891       311.7854    -52559.3412    -42582.9349       310.7557           -172.3129      -107.0086    162979.4627        15.1860        17.0943

ENERGY: 2851000        72.1415       194.8956       138.6661         0.0000         -60088.4913      7242.2609         0.0000         0.0000      9698.5295         -42741.9977       304.0445    -52440.5272    -42722.4983       309.9080             -8.1922        69.8393    162318.6786         6.4873         7.0431

WRITING COORDINATES TO DCD FILE 06_prod_1ns/prod_06.dcd AT STEP 2851000
ENERGY: 2851500        71.9015       211.3264       152.5697         0.0000         -60418.0332      7335.7655         0.0000         0.0000      9818.1289         -42828.3412       307.7939    -52646.4700    -42804.4702       309.7243           -154.9130       -53.2469    162572.6905         3.6352         2.4171

ENERGY: 2852000        79.5264       193.6635       151.9651         0.0000         -60192.9559      7295.2323         0.0000         0.0000      9927.1007         -42545.4679       311.2101    -52472.5687    -42523.5364       310.9519            -58.3822        32.3134    161950.7413         6.3277         6.4371

WRITING COORDINATES TO DCD FILE 06_prod_1ns/prod_06.dcd AT STEP 2852000
LDB: ============= START OF LOAD BALANCING ============== 199.707
LDB: ============== END OF LOAD BALANCING =============== 199.707
Info: useSync: 0 useProxySync: 0
LDB: =============== DONE WITH MIGRATION ================ 199.708
LDB: ============= START OF LOAD BALANCING ============== 199.804
LDB: TIME 199.805 LOAD: AVG 0.0271393 MAX 0.0471291  PROXIES: TOTAL 120 MAXPE 17 MAXPATCH 5 None MEM: 0 MB
LDB: TIME 199.805 LOAD: AVG 0.0271393 MAX 0.0471291  PROXIES: TOTAL 120 MAXPE 17 MAXPATCH 5 RefineTorusLB MEM: 0 MB
LDB: TIME 199.805 LOAD: AVG 0.0271393 MAX 0.0471291  PROXIES: TOTAL 120 MAXPE 17 MAXPATCH 5 RefineTorusLB MEM: 0 MB
LDB: Reverting to original mapping
LDB: ============== END OF LOAD BALANCING =============== 199.806
Info: useSync: 0 useProxySync: 0
LDB: =============== DONE WITH MIGRATION ================ 199.807
ENERGY: 2852500        68.2087       190.7400       142.1307         0.0000         -60336.3266      7306.3540         0.0000         0.0000      9971.6550         -42657.2381       312.6068    -52628.8931    -42630.6970       311.4008           -155.2208       -64.8246    162873.2582         4.0330         4.4153

ENERGY: 2853000        63.7627       206.2612       157.0429         0.0000         -60113.8458      7205.4342         0.0000         0.0000      9849.4883         -42631.8565       308.7770    -52481.3448    -42608.2763       310.5217           -256.7836      -169.4330    162682.8080         4.8446         6.7658

WRITING COORDINATES TO DCD FILE 06_prod_1ns/prod_06.dcd AT STEP 2853000
ENERGY: 2853500        72.6954       194.1194       146.0510         0.0000         -60381.8832      7414.0377         0.0000         0.0000      9815.9090         -42739.0705       307.7243    -52554.9796    -42720.0721       310.0683             86.8785       186.3958    162138.4299         2.9501         3.3793

ENERGY: 2854000        72.5654       191.2383       145.7111         0.0000         -60343.2799      7293.2629         0.0000         0.0000      9857.8823         -42782.6199       309.0401    -52640.5022    -42761.8624       309.4477           -133.6178       -19.8073    162430.8611        -3.6010        -3.6839

WRITING COORDINATES TO DCD FILE 06_prod_1ns/prod_06.dcd AT STEP 2854000
LDB: ============= START OF LOAD BALANCING ============== 203.614
LDB: ============== END OF LOAD BALANCING =============== 203.614
Info: useSync: 0 useProxySync: 0
LDB: =============== DONE WITH MIGRATION ================ 203.615
LDB: ============= START OF LOAD BALANCING ============== 203.716
LDB: TIME 203.717 LOAD: AVG 0.0286538 MAX 0.0488089  PROXIES: TOTAL 120 MAXPE 17 MAXPATCH 5 None MEM: 0 MB
LDB: TIME 203.717 LOAD: AVG 0.0286538 MAX 0.0488089  PROXIES: TOTAL 120 MAXPE 17 MAXPATCH 5 RefineTorusLB MEM: 0 MB
LDB: TIME 203.717 LOAD: AVG 0.0286538 MAX 0.0488089  PROXIES: TOTAL 120 MAXPE 17 MAXPATCH 5 RefineTorusLB MEM: 0 MB
LDB: Reverting to original mapping
LDB: ============== END OF LOAD BALANCING =============== 203.718
Info: useSync: 0 useProxySync: 0
LDB: =============== DONE WITH MIGRATION ================ 203.719
ENERGY: 2854500        70.6148       207.0332       153.6442         0.0000         -60487.6203      7426.3576         0.0000         0.0000      9872.0163         -42757.9542       309.4832    -52629.9705    -42734.6087       309.4215             44.7947       127.6097    162196.0975        21.3824        20.6285

TIMING: 2855000  CPU: 206.449, 0.00195528/step  Wall: 204.941, 0.00197264/step, 0.216443 hours remaining, 0.000000 MB of memory in use.
PERFORMANCE: 2855000  averaging 88.5499 ns/day, 0.00195144 sec/step with standard deviation 1.94516e-05
ETITLE:      TS           BOND          ANGLE          DIHED          IMPRP               ELECT            VDW       BOUNDARY           MISC        KINETIC               TOTAL           TEMP      POTENTIAL         TOTAL3        TEMPAVG            PRESSURE      GPRESSURE         VOLUME       PRESSAVG      GPRESSAVG

ENERGY: 2855000        67.6710       195.2476       156.6149         0.0000         -60486.3698      7343.9460         0.0000         0.0000      9963.5662         -42759.3241       312.3533    -52722.8903    -42734.0283       309.8814           -208.6806      -117.5539    163005.9551        -2.1170        -1.5625

WRITING EXTENDED SYSTEM TO RESTART FILE AT STEP 2855000
WRITING COORDINATES TO DCD FILE 06_prod_1ns/prod_06.dcd AT STEP 2855000
WRITING COORDINATES TO RESTART FILE AT STEP 2855000
FINISHED WRITING RESTART COORDINATES
WRITING VELOCITIES TO RESTART FILE AT STEP 2855000
FINISHED WRITING RESTART VELOCITIES
ENERGY: 2855500        78.5288       193.4453       151.6816         0.0000         -60414.8577      7203.1903         0.0000         0.0000      9968.3979         -42819.6139       312.5047    -52788.0118    -42802.3688       309.7010           -370.3699      -264.8130    161805.1176         5.4236         5.8353

ENERGY: 2856000        70.9949       199.0420       150.6662         0.0000         -60562.7149      7445.7293         0.0000         0.0000      9912.0659         -42784.2166       310.7388    -52696.2825    -42766.6594       309.8915            121.3952       201.5272    161647.3243        11.3348         9.4406

WRITING COORDINATES TO DCD FILE 06_prod_1ns/prod_06.dcd AT STEP 2856000
LDB: ============= START OF LOAD BALANCING ============== 207.7
LDB: ============== END OF LOAD BALANCING =============== 207.7
Info: useSync: 0 useProxySync: 0
LDB: =============== DONE WITH MIGRATION ================ 207.701
LDB: ============= START OF LOAD BALANCING ============== 207.796
LDB: TIME 207.796 LOAD: AVG 0.0276449 MAX 0.0474214  PROXIES: TOTAL 120 MAXPE 17 MAXPATCH 5 None MEM: 0 MB
LDB: TIME 207.796 LOAD: AVG 0.0276449 MAX 0.0474214  PROXIES: TOTAL 120 MAXPE 17 MAXPATCH 5 RefineTorusLB MEM: 0 MB
LDB: TIME 207.797 LOAD: AVG 0.0276449 MAX 0.0474214  PROXIES: TOTAL 120 MAXPE 17 MAXPATCH 5 RefineTorusLB MEM: 0 MB
LDB: ============== END OF LOAD BALANCING =============== 207.797
Info: useSync: 0 useProxySync: 0
LDB: =============== DONE WITH MIGRATION ================ 207.798
ENERGY: 2856500        68.3135       201.0217       148.0056         0.0000         -60150.7495      7178.6956         0.0000         0.0000      9785.8705         -42768.8426       306.7826    -52554.7131    -42750.4871       309.9201           -359.2735      -272.4643    162894.8891        -7.5677        -7.6193

ENERGY: 2857000        62.2893       212.3880       160.3443         0.0000         -60492.2935      7505.8359         0.0000         0.0000      9891.6011         -42659.8348       310.0972    -52551.4359    -42636.2099       311.3204            264.7609       323.9859    162811.6136         7.5487         8.5607

WRITING COORDINATES TO DCD FILE 06_prod_1ns/prod_06.dcd AT STEP 2857000
ENERGY: 2857500        76.8454       196.6273       149.2806         0.0000         -60191.0932      7289.0956         0.0000         0.0000      9915.3387         -42563.9057       310.8414    -52479.2443    -42540.5094       311.7713           -178.1076       -51.9823    163031.8968         9.3993        10.1152

ENERGY: 2858000        85.9894       203.6579       159.0114         0.0000         -60217.4105      7445.3561         0.0000         0.0000      9971.9599         -42351.4357       312.6164    -52323.3957    -42332.0073       312.5022            121.1894       227.2040    162483.8186        -1.4194        -1.1985

WRITING COORDINATES TO DCD FILE 06_prod_1ns/prod_06.dcd AT STEP 2858000
LDB: ============= START OF LOAD BALANCING ============== 211.521
LDB: ============== END OF LOAD BALANCING =============== 211.522
Info: useSync: 0 useProxySync: 0
LDB: =============== DONE WITH MIGRATION ================ 211.522
LDB: ============= START OF LOAD BALANCING ============== 211.617
LDB: TIME 211.617 LOAD: AVG 0.0271726 MAX 0.0400024  PROXIES: TOTAL 120 MAXPE 17 MAXPATCH 5 None MEM: 0 MB
LDB: TIME 211.618 LOAD: AVG 0.0271726 MAX 0.0400024  PROXIES: TOTAL 120 MAXPE 17 MAXPATCH 5 RefineTorusLB MEM: 0 MB
LDB: TIME 211.618 LOAD: AVG 0.0271726 MAX 0.0400024  PROXIES: TOTAL 120 MAXPE 17 MAXPATCH 5 RefineTorusLB MEM: 0 MB
LDB: Reverting to original mapping
LDB: ============== END OF LOAD BALANCING =============== 211.618
Info: useSync: 0 useProxySync: 0
LDB: =============== DONE WITH MIGRATION ================ 211.619
ENERGY: 2858500        79.2048       211.8469       149.8063         0.0000         -60359.7907      7462.7460         0.0000         0.0000     10092.5791         -42363.6076       316.3978    -52456.1868    -42342.4121       313.4001            215.6197       317.2006    161790.6389        10.2221        10.1724

ENERGY: 2859000        84.8304       186.3765       150.0438         0.0000         -60189.8987      7354.6432         0.0000         0.0000      9858.7518         -42555.2528       309.0674    -52414.0047    -42528.0593       311.7816           -102.3707       -16.4319    162442.9818         5.7216         7.6501

WRITING COORDINATES TO DCD FILE 06_prod_1ns/prod_06.dcd AT STEP 2859000
ENERGY: 2859500        72.4621       180.7909       150.2667         0.0000         -60303.0081      7364.6452         0.0000         0.0000      9963.0490         -42571.7943       312.3371    -52534.8433    -42548.2185       310.7446             96.2266       155.1136    162423.6577        -2.7944        -2.3405

TIMING: 2860000  CPU: 216.218, 0.00195379/step  Wall: 214.671, 0.00194599/step, 0.210816 hours remaining, 0.000000 MB of memory in use.
PERFORMANCE: 2860000  averaging 88.5611 ns/day, 0.00195119 sec/step with standard deviation 1.90183e-05
ETITLE:      TS           BOND          ANGLE          DIHED          IMPRP               ELECT            VDW       BOUNDARY           MISC        KINETIC               TOTAL           TEMP      POTENTIAL         TOTAL3        TEMPAVG            PRESSURE      GPRESSURE         VOLUME       PRESSAVG      GPRESSAVG

ENERGY: 2860000        68.1935       185.4302       142.7872         0.0000         -60378.6608      7417.9247         0.0000         0.0000      9856.1515         -42708.1738       308.9859    -52564.3253    -42685.1255       309.8240            168.8070       268.4248    161766.7241         7.5594         7.1017

WRITING EXTENDED SYSTEM TO RESTART FILE AT STEP 2860000
WRITING COORDINATES TO DCD FILE 06_prod_1ns/prod_06.dcd AT STEP 2860000
WRITING COORDINATES TO RESTART FILE AT STEP 2860000
FINISHED WRITING RESTART COORDINATES
WRITING VELOCITIES TO RESTART FILE AT STEP 2860000
FINISHED WRITING RESTART VELOCITIES
LDB: ============= START OF LOAD BALANCING ============== 215.438
LDB: ============== END OF LOAD BALANCING =============== 215.439
Info: useSync: 0 useProxySync: 0
LDB: =============== DONE WITH MIGRATION ================ 215.439
LDB: ============= START OF LOAD BALANCING ============== 215.536
LDB: TIME 215.537 LOAD: AVG 0.0284379 MAX 0.0466071  PROXIES: TOTAL 120 MAXPE 17 MAXPATCH 5 None MEM: 0 MB
LDB: TIME 215.537 LOAD: AVG 0.0284379 MAX 0.0466071  PROXIES: TOTAL 120 MAXPE 17 MAXPATCH 5 RefineTorusLB MEM: 0 MB
LDB: TIME 215.537 LOAD: AVG 0.0284379 MAX 0.0466071  PROXIES: TOTAL 120 MAXPE 17 MAXPATCH 5 RefineTorusLB MEM: 0 MB
LDB: ============== END OF LOAD BALANCING =============== 215.538
Info: useSync: 0 useProxySync: 0
LDB: =============== DONE WITH MIGRATION ================ 215.538
ENERGY: 2860500        64.0143       197.3023       155.0148         0.0000         -60472.4715      7549.9500         0.0000         0.0000      9836.0822         -42670.1079       308.3567    -52506.1900    -42647.6883       311.1658            325.0613       387.7727    162120.1366        -4.4476        -4.4908

ENERGY: 2861000        72.4534       202.9905       156.2377         0.0000         -60545.7455      7570.8276         0.0000         0.0000      9939.1818         -42604.0546       311.5888    -52543.2363    -42583.5962       310.7158            279.4633       361.3087    161867.2953         5.2146         4.1242

WRITING COORDINATES TO DCD FILE 06_prod_1ns/prod_06.dcd AT STEP 2861000
ENERGY: 2861500        78.8094       188.6697       144.8755         0.0000         -60036.8446      7192.6648         0.0000         0.0000      9939.0893         -42492.7359       311.5859    -52431.8252    -42465.2494       311.3821           -229.4667      -154.8634    162701.4224        -8.7858        -9.1053

ENERGY: 2862000        78.0574       202.5615       150.8422         0.0000         -60222.5944      7310.0252         0.0000         0.0000      9834.0460         -42647.0621       308.2929    -52481.1082    -42624.3581       311.4446            -85.0804        22.8841    161913.7210         0.9155         0.9020

WRITING COORDINATES TO DCD FILE 06_prod_1ns/prod_06.dcd AT STEP 2862000
LDB: ============= START OF LOAD BALANCING ============== 219.248
LDB: ============== END OF LOAD BALANCING =============== 219.249
Info: useSync: 0 useProxySync: 0
LDB: =============== DONE WITH MIGRATION ================ 219.249
LDB: ============= START OF LOAD BALANCING ============== 219.343
LDB: TIME 219.343 LOAD: AVG 0.0270974 MAX 0.0446586  PROXIES: TOTAL 120 MAXPE 17 MAXPATCH 5 None MEM: 0 MB
LDB: TIME 219.343 LOAD: AVG 0.0270974 MAX 0.0446586  PROXIES: TOTAL 120 MAXPE 17 MAXPATCH 5 RefineTorusLB MEM: 0 MB
LDB: TIME 219.344 LOAD: AVG 0.0270974 MAX 0.0446586  PROXIES: TOTAL 120 MAXPE 17 MAXPATCH 5 RefineTorusLB MEM: 0 MB
LDB: Reverting to original mapping
LDB: ============== END OF LOAD BALANCING =============== 219.344
Info: useSync: 0 useProxySync: 0
LDB: =============== DONE WITH MIGRATION ================ 219.345
ENERGY: 2862500        80.5684       193.3162       147.0251         0.0000         -60001.1149      7102.0298         0.0000         0.0000      9912.1445         -42566.0309       310.7412    -52478.1754    -42542.5817       311.0880           -411.3620      -304.4912    162466.5975        -1.1571        -0.7950

ENERGY: 2863000        79.2234       203.6310       151.8172         0.0000         -60276.3327      7323.3722         0.0000         0.0000      9868.3112         -42649.9778       309.3671    -52518.2890    -42629.5214       312.1024           -158.3437       -68.4750    163192.6831         1.1935         1.6581

WRITING COORDINATES TO DCD FILE 06_prod_1ns/prod_06.dcd AT STEP 2863000
ENERGY: 2863500        80.6884       197.3377       154.1266         0.0000         -60670.6589      7536.5734         0.0000         0.0000      9882.7009         -42819.2319       309.8182    -52701.9328    -42800.1929       309.0750            125.7699       238.7145    162507.2884         0.3815        -0.4538

WRITING COORDINATES TO DCD FILE 06_prod_1ns/prod_06.dcd AT STEP 2864000
ENERGY: 2864000        72.5602       187.6346       146.9420         0.0000         -60376.5203      7344.6504         0.0000         0.0000      9945.5585         -42679.1745       311.7887    -52624.7330    -42655.1943       310.5958             99.7166       182.7065    160966.5202        10.5143        10.4206

LDB: ============= START OF LOAD BALANCING ============== 223.061
LDB: ============== END OF LOAD BALANCING =============== 223.062
Info: useSync: 0 useProxySync: 0
LDB: =============== DONE WITH MIGRATION ================ 223.062
LDB: ============= START OF LOAD BALANCING ============== 223.156
LDB: TIME 223.156 LOAD: AVG 0.0262334 MAX 0.0367149  PROXIES: TOTAL 120 MAXPE 17 MAXPATCH 5 None MEM: 0 MB
LDB: TIME 223.157 LOAD: AVG 0.0262334 MAX 0.0367149  PROXIES: TOTAL 120 MAXPE 17 MAXPATCH 5 RefineTorusLB MEM: 0 MB
LDB: TIME 223.157 LOAD: AVG 0.0262334 MAX 0.0367149  PROXIES: TOTAL 120 MAXPE 17 MAXPATCH 5 RefineTorusLB MEM: 0 MB
LDB: ============== END OF LOAD BALANCING =============== 223.157
Info: useSync: 0 useProxySync: 0
LDB: =============== DONE WITH MIGRATION ================ 223.158
ENERGY: 2864500        79.4781       194.3108       154.3860         0.0000         -60593.6411      7601.7151         0.0000         0.0000      9847.6663         -42716.0848       308.7199    -52563.7511    -42692.7783       310.0003            283.2066       360.6605    162429.8364        -9.5723       -10.2364

TIMING: 2865000  CPU: 226.07, 0.00197048/step  Wall: 224.311, 0.00192789/step, 0.206178 hours remaining, 0.000000 MB of memory in use.
PERFORMANCE: 2865000  averaging 88.6071 ns/day, 0.00195018 sec/step with standard deviation 1.92057e-05
ETITLE:      TS           BOND          ANGLE          DIHED          IMPRP               ELECT            VDW       BOUNDARY           MISC        KINETIC               TOTAL           TEMP      POTENTIAL         TOTAL3        TEMPAVG            PRESSURE      GPRESSURE         VOLUME       PRESSAVG      GPRESSAVG

ENERGY: 2865000        73.5210       198.0138       154.9030         0.0000         -60280.5295      7224.4531         0.0000         0.0000      9942.4373         -42687.2014       311.6909    -52629.6386    -42662.2214       310.2709           -343.4314      -249.1563    162755.5410        -0.0494         0.3203

WRITING EXTENDED SYSTEM TO RESTART FILE AT STEP 2865000
WRITING COORDINATES TO DCD FILE 06_prod_1ns/prod_06.dcd AT STEP 2865000
WRITING COORDINATES TO RESTART FILE AT STEP 2865000
FINISHED WRITING RESTART COORDINATES
WRITING VELOCITIES TO RESTART FILE AT STEP 2865000
FINISHED WRITING RESTART VELOCITIES
ENERGY: 2865500        72.4892       201.7403       146.4541         0.0000         -60176.7075      7192.1097         0.0000         0.0000      9856.6720         -42707.2423       309.0022    -52563.9142    -42690.9165       310.2669           -200.6469      -133.0744    162682.6565         3.0957         2.9537

WRITING COORDINATES TO DCD FILE 06_prod_1ns/prod_06.dcd AT STEP 2866000
ENERGY: 2866000        76.6414       185.0297       153.2153         0.0000         -60308.8894      7381.9442         0.0000         0.0000      9922.5174         -42589.5416       311.0664    -52512.0590    -42573.4930       311.1399            -43.8389        64.8584    163048.8284         0.9920         1.5718

LDB: ============= START OF LOAD BALANCING ============== 227.028
LDB: ============== END OF LOAD BALANCING =============== 227.028
Info: useSync: 0 useProxySync: 0
LDB: =============== DONE WITH MIGRATION ================ 227.029
LDB: ============= START OF LOAD BALANCING ============== 227.126
LDB: TIME 227.126 LOAD: AVG 0.0275464 MAX 0.0443621  PROXIES: TOTAL 120 MAXPE 17 MAXPATCH 5 None MEM: 0 MB
LDB: TIME 227.127 LOAD: AVG 0.0275464 MAX 0.0443621  PROXIES: TOTAL 120 MAXPE 17 MAXPATCH 5 RefineTorusLB MEM: 0 MB
LDB: TIME 227.127 LOAD: AVG 0.0275464 MAX 0.0443621  PROXIES: TOTAL 120 MAXPE 17 MAXPATCH 5 RefineTorusLB MEM: 0 MB
LDB: Reverting to original mapping
LDB: ============== END OF LOAD BALANCING =============== 227.127
Info: useSync: 0 useProxySync: 0
LDB: =============== DONE WITH MIGRATION ================ 227.128
ENERGY: 2866500        84.7829       191.0069       153.8088         0.0000         -60268.4127      7381.1094         0.0000         0.0000      9978.6534         -42479.0513       312.8262    -52457.7047    -42459.0333       311.4587             61.9889       136.0664    162460.2862         7.2180         7.7571

ENERGY: 2867000        67.2323       201.9054       148.5843         0.0000         -60057.2448      7172.0361         0.0000         0.0000      9891.2243         -42576.2624       310.0854    -52467.4867    -42559.8478       310.6019           -342.0374      -253.0445    162888.0165         3.6721         3.2093

WRITING COORDINATES TO DCD FILE 06_prod_1ns/prod_06.dcd AT STEP 2867000
ENERGY: 2867500        80.3230       190.1741       155.0998         0.0000         -60220.8330      7179.0328         0.0000         0.0000      9977.2676         -42638.9357       312.7828    -52616.2033    -42607.6192       310.3095           -184.7323       -86.0905    161944.2454         1.3187         1.1295

ENERGY: 2868000        70.9199       188.6643       141.1185         0.0000         -60118.2657      7250.2562         0.0000         0.0000      9908.2233         -42559.0837       310.6183    -52467.3069    -42542.8151       310.0789           -123.9349        -5.8766    162785.0010       -13.9973       -14.3584

WRITING COORDINATES TO DCD FILE 06_prod_1ns/prod_06.dcd AT STEP 2868000
LDB: ============= START OF LOAD BALANCING ============== 230.909
LDB: ============== END OF LOAD BALANCING =============== 230.91
Info: useSync: 0 useProxySync: 0
LDB: =============== DONE WITH MIGRATION ================ 230.91
LDB: ============= START OF LOAD BALANCING ============== 231.009
LDB: TIME 231.01 LOAD: AVG 0.0285183 MAX 0.0507618  PROXIES: TOTAL 120 MAXPE 17 MAXPATCH 5 None MEM: 0 MB
LDB: TIME 231.01 LOAD: AVG 0.0285183 MAX 0.0507618  PROXIES: TOTAL 120 MAXPE 17 MAXPATCH 5 RefineTorusLB MEM: 0 MB
LDB: TIME 231.01 LOAD: AVG 0.0285183 MAX 0.0507618  PROXIES: TOTAL 120 MAXPE 17 MAXPATCH 5 RefineTorusLB MEM: 0 MB
LDB: Reverting to original mapping
LDB: ============== END OF LOAD BALANCING =============== 231.011
Info: useSync: 0 useProxySync: 0
LDB: =============== DONE WITH MIGRATION ================ 231.011
ENERGY: 2868500        66.0058       208.1295       143.9966         0.0000         -60045.3884      7369.5776         0.0000         0.0000      9968.2640         -42289.4148       312.5005    -52257.6789    -42268.1904       312.4898             93.7974       195.1822    163015.5394         5.4362         6.0452

ENERGY: 2869000        72.2875       188.2160       145.4251         0.0000         -60150.2890      7230.9101         0.0000         0.0000      9944.0274         -42569.4229       311.7407    -52513.4503    -42543.3535       312.2089           -186.6788       -88.7228    162433.5877        -7.4784        -6.8677

WRITING COORDINATES TO DCD FILE 06_prod_1ns/prod_06.dcd AT STEP 2869000
ENERGY: 2869500        61.7003       183.4394       138.5421         0.0000         -60486.2543      7408.2405         0.0000         0.0000      9877.2999         -42817.0321       309.6489    -52694.3320    -42793.7052       308.8516             48.6560       167.7460    162363.8282        -7.5512        -7.4097

TIMING: 2870000  CPU: 235.897, 0.00196539/step  Wall: 234.17, 0.00197185/step, 0.20814 hours remaining, 0.000000 MB of memory in use.
PERFORMANCE: 2870000  averaging 88.5661 ns/day, 0.00195108 sec/step with standard deviation 1.92973e-05
ETITLE:      TS           BOND          ANGLE          DIHED          IMPRP               ELECT            VDW       BOUNDARY           MISC        KINETIC               TOTAL           TEMP      POTENTIAL         TOTAL3        TEMPAVG            PRESSURE      GPRESSURE         VOLUME       PRESSAVG      GPRESSAVG

ENERGY: 2870000        74.8276       181.1156       160.3984         0.0000         -59967.7842      7094.9539         0.0000         0.0000      9966.1220         -42490.3667       312.4334    -52456.4887    -42465.7446       310.5150           -380.0847      -295.7571    162607.3742         1.9877         2.4580

WRITING EXTENDED SYSTEM TO RESTART FILE AT STEP 2870000
WRITING COORDINATES TO DCD FILE 06_prod_1ns/prod_06.dcd AT STEP 2870000
WRITING COORDINATES TO RESTART FILE AT STEP 2870000
FINISHED WRITING RESTART COORDINATES
WRITING VELOCITIES TO RESTART FILE AT STEP 2870000
FINISHED WRITING RESTART VELOCITIES
LDB: ============= START OF LOAD BALANCING ============== 234.98
LDB: ============== END OF LOAD BALANCING =============== 234.98
Info: useSync: 0 useProxySync: 0
LDB: =============== DONE WITH MIGRATION ================ 234.981
LDB: ============= START OF LOAD BALANCING ============== 235.086
LDB: TIME 235.087 LOAD: AVG 0.0317747 MAX 0.0493218  PROXIES: TOTAL 120 MAXPE 17 MAXPATCH 5 None MEM: 0 MB
LDB: TIME 235.087 LOAD: AVG 0.0317747 MAX 0.0493218  PROXIES: TOTAL 120 MAXPE 17 MAXPATCH 5 RefineTorusLB MEM: 0 MB
LDB: TIME 235.087 LOAD: AVG 0.0317747 MAX 0.0493218  PROXIES: TOTAL 120 MAXPE 17 MAXPATCH 5 RefineTorusLB MEM: 0 MB
LDB: ============== END OF LOAD BALANCING =============== 235.088
Info: useSync: 0 useProxySync: 0
LDB: =============== DONE WITH MIGRATION ================ 235.088
ENERGY: 2870500        75.0664       181.6222       150.6868         0.0000         -60439.2251      7452.9614         0.0000         0.0000     10079.5643         -42499.3241       315.9897    -52578.8883    -42476.4474       313.3336             64.1588       162.7200    162840.3758         3.5708         2.9445

ENERGY: 2871000        73.5140       202.6650       146.2097         0.0000         -60203.1189      7315.6473         0.0000         0.0000     10023.5370         -42441.5459       314.2333    -52465.0829    -42416.5075       312.3404            -71.8743        30.6283    162319.3872        -2.4928        -2.2583

WRITING COORDINATES TO DCD FILE 06_prod_1ns/prod_06.dcd AT STEP 2871000
ENERGY: 2871500        65.1491       202.6551       153.5965         0.0000         -60316.9682      7333.6348         0.0000         0.0000      9878.9398         -42682.9929       309.7003    -52561.9327    -42665.2578       311.5456             -5.2949        91.6884    162638.6062         7.7443         8.6406

ENERGY: 2872000        80.0569       184.6445       148.0836         0.0000         -60342.6686      7261.2105         0.0000         0.0000      9775.6148         -42893.0583       306.4611    -52668.6732    -42865.6642       309.9847           -259.7115      -161.6099    162770.8925        -5.1995        -5.2897

WRITING COORDINATES TO DCD FILE 06_prod_1ns/prod_06.dcd AT STEP 2872000
LDB: ============= START OF LOAD BALANCING ============== 239.086
LDB: ============== END OF LOAD BALANCING =============== 239.087
Info: useSync: 0 useProxySync: 0
LDB: =============== DONE WITH MIGRATION ================ 239.087
LDB: ============= START OF LOAD BALANCING ============== 239.184
LDB: TIME 239.185 LOAD: AVG 0.0277141 MAX 0.042193  PROXIES: TOTAL 120 MAXPE 17 MAXPATCH 5 None MEM: 0 MB
LDB: TIME 239.185 LOAD: AVG 0.0277141 MAX 0.042193  PROXIES: TOTAL 120 MAXPE 17 MAXPATCH 5 RefineTorusLB MEM: 0 MB
LDB: TIME 239.185 LOAD: AVG 0.0277141 MAX 0.042193  PROXIES: TOTAL 120 MAXPE 17 MAXPATCH 5 RefineTorusLB MEM: 0 MB
LDB: ============== END OF LOAD BALANCING =============== 239.186
Info: useSync: 0 useProxySync: 0
LDB: =============== DONE WITH MIGRATION ================ 239.186
ENERGY: 2872500        81.1729       181.8415       146.1869         0.0000         -60465.4370      7366.4220         0.0000         0.0000      9884.9196         -42804.8941       309.8877    -52689.8137    -42784.4148       307.8786           -188.9732      -119.8459    163717.9115         2.1198         1.8319

ENERGY: 2873000        67.3058       202.0771       153.7363         0.0000         -60803.5925      7521.7377         0.0000         0.0000      9965.6774         -42893.0581       312.4194    -52858.7355    -42870.2568       308.9085            264.3131       363.7255    161412.3141        15.2989        14.2333

WRITING COORDINATES TO DCD FILE 06_prod_1ns/prod_06.dcd AT STEP 2873000
ENERGY: 2873500        73.7804       201.6104       144.5234         0.0000         -60530.8671      7267.4427         0.0000         0.0000      9824.5182         -43018.9921       307.9942    -52843.5103    -42999.8744       306.7981           -291.9910      -196.5679    161613.1076        12.1738        12.3039

ENERGY: 2874000        78.5872       182.6011       150.8332         0.0000         -60403.8147      7389.6696         0.0000         0.0000      9741.4075         -42860.7161       305.3887    -52602.1236    -42837.0141       306.6238            -75.3429         2.8914    162627.8565         1.4206         2.6341

WRITING COORDINATES TO DCD FILE 06_prod_1ns/prod_06.dcd AT STEP 2874000
LDB: ============= START OF LOAD BALANCING ============== 243.013
LDB: ============== END OF LOAD BALANCING =============== 243.013
Info: useSync: 0 useProxySync: 0
LDB: =============== DONE WITH MIGRATION ================ 243.014
LDB: ============= START OF LOAD BALANCING ============== 243.11
LDB: TIME 243.11 LOAD: AVG 0.027533 MAX 0.0479645  PROXIES: TOTAL 120 MAXPE 17 MAXPATCH 5 None MEM: 0 MB
LDB: TIME 243.11 LOAD: AVG 0.027533 MAX 0.0479645  PROXIES: TOTAL 120 MAXPE 17 MAXPATCH 5 RefineTorusLB MEM: 0 MB
LDB: TIME 243.111 LOAD: AVG 0.027533 MAX 0.0479645  PROXIES: TOTAL 120 MAXPE 17 MAXPATCH 5 RefineTorusLB MEM: 0 MB
LDB: Reverting to original mapping
LDB: ============== END OF LOAD BALANCING =============== 243.111
Info: useSync: 0 useProxySync: 0
LDB: =============== DONE WITH MIGRATION ================ 243.112
ENERGY: 2874500        73.1292       208.9834       150.3525         0.0000         -60535.9578      7410.9360         0.0000         0.0000      9887.7391         -42804.8175       309.9761    -52692.5566    -42789.9656       309.1989             64.2294       172.9696    161210.0854        -3.9626        -4.0706

TIMING: 2875000  CPU: 245.841, 0.00198863/step  Wall: 244.278, 0.00202156/step, 0.210579 hours remaining, 0.000000 MB of memory in use.
PERFORMANCE: 2875000  averaging 88.4383 ns/day, 0.0019539 sec/step with standard deviation 2.35699e-05
ETITLE:      TS           BOND          ANGLE          DIHED          IMPRP               ELECT            VDW       BOUNDARY           MISC        KINETIC               TOTAL           TEMP      POTENTIAL         TOTAL3        TEMPAVG            PRESSURE      GPRESSURE         VOLUME       PRESSAVG      GPRESSAVG

ENERGY: 2875000        75.8069       185.7384       156.4107         0.0000         -60421.3857      7354.7352         0.0000         0.0000      9904.6162         -42744.0782       310.5052    -52648.6945    -42721.5721       310.0928              2.5495        53.0188    162094.9567         3.2062         3.9656

WRITING EXTENDED SYSTEM TO RESTART FILE AT STEP 2875000
WRITING COORDINATES TO DCD FILE 06_prod_1ns/prod_06.dcd AT STEP 2875000
WRITING COORDINATES TO RESTART FILE AT STEP 2875000
FINISHED WRITING RESTART COORDINATES
WRITING VELOCITIES TO RESTART FILE AT STEP 2875000
FINISHED WRITING RESTART VELOCITIES
ENERGY: 2875500        80.6366       189.0780       148.5143         0.0000         -60302.9932      7418.3927         0.0000         0.0000      9914.4864         -42551.8852       310.8146    -52466.3716    -42532.5298       309.1169            118.3603       192.2930    161449.5302         9.7449        10.3778

ENERGY: 2876000        65.3987       199.7020       153.6824         0.0000         -60559.0652      7476.9610         0.0000         0.0000     10017.8107         -42645.5104       314.0538    -52663.3211    -42623.1007       310.7353            111.8685       213.4435    161717.3950        10.5392        11.2046

WRITING COORDINATES TO DCD FILE 06_prod_1ns/prod_06.dcd AT STEP 2876000
LDB: ============= START OF LOAD BALANCING ============== 246.988
LDB: ============== END OF LOAD BALANCING =============== 246.989
Info: useSync: 0 useProxySync: 0
LDB: =============== DONE WITH MIGRATION ================ 246.989
LDB: ============= START OF LOAD BALANCING ============== 247.083
LDB: TIME 247.083 LOAD: AVG 0.0260022 MAX 0.0381856  PROXIES: TOTAL 120 MAXPE 17 MAXPATCH 5 None MEM: 0 MB
LDB: TIME 247.084 LOAD: AVG 0.0260022 MAX 0.0381856  PROXIES: TOTAL 120 MAXPE 17 MAXPATCH 5 RefineTorusLB MEM: 0 MB
LDB: TIME 247.084 LOAD: AVG 0.0260022 MAX 0.0381856  PROXIES: TOTAL 120 MAXPE 17 MAXPATCH 5 RefineTorusLB MEM: 0 MB
LDB: ============== END OF LOAD BALANCING =============== 247.084
Info: useSync: 0 useProxySync: 0
LDB: =============== DONE WITH MIGRATION ================ 247.084
ENERGY: 2876500        70.1296       186.4284       144.5743         0.0000         -60089.3325      7260.3992         0.0000         0.0000      9878.9158         -42548.8852       309.6995    -52427.8010    -42529.2989       310.9448             29.3255       105.3058    162006.3477        12.8911        12.6550

ENERGY: 2877000        83.6504       203.7440       141.8548         0.0000         -60268.2355      7263.0041         0.0000         0.0000      9943.3628         -42632.6195       311.7199    -52575.9822    -42611.5066       311.1655           -168.2464       -73.4905    162563.0449         2.0700         2.7224

WRITING COORDINATES TO DCD FILE 06_prod_1ns/prod_06.dcd AT STEP 2877000
ENERGY: 2877500        66.2770       199.4152       149.0676         0.0000         -60227.1752      7278.4007         0.0000         0.0000     10048.3788         -42485.6359       315.0121    -52534.0147    -42464.2728       311.1767              1.2433        74.2739    161615.8053       -10.6385       -10.4027

ENERGY: 2878000        69.2592       186.0247       148.2433         0.0000         -60214.5678      7382.0020         0.0000         0.0000      9900.1509         -42528.8877       310.3652    -52429.0386    -42512.3190       311.2790             31.3850       118.5315    162648.8732        -5.5213        -4.2234

WRITING COORDINATES TO DCD FILE 06_prod_1ns/prod_06.dcd AT STEP 2878000
LDB: ============= START OF LOAD BALANCING ============== 250.774
LDB: ============== END OF LOAD BALANCING =============== 250.774
Info: useSync: 0 useProxySync: 0
LDB: =============== DONE WITH MIGRATION ================ 250.775
LDB: ============= START OF LOAD BALANCING ============== 250.868
LDB: TIME 250.869 LOAD: AVG 0.0255838 MAX 0.0375724  PROXIES: TOTAL 120 MAXPE 17 MAXPATCH 5 None MEM: 0 MB
LDB: TIME 250.869 LOAD: AVG 0.0255838 MAX 0.0375724  PROXIES: TOTAL 120 MAXPE 17 MAXPATCH 5 RefineTorusLB MEM: 0 MB
LDB: TIME 250.869 LOAD: AVG 0.0255838 MAX 0.0375724  PROXIES: TOTAL 120 MAXPE 17 MAXPATCH 5 RefineTorusLB MEM: 0 MB
LDB: Reverting to original mapping
LDB: ============== END OF LOAD BALANCING =============== 250.87
Info: useSync: 0 useProxySync: 0
LDB: =============== DONE WITH MIGRATION ================ 250.87
ENERGY: 2878500        72.8166       200.0997       148.9701         0.0000         -60399.0583      7411.4168         0.0000         0.0000      9853.4683         -42712.2868       308.9017    -52565.7551    -42691.6283       311.8539            -55.2066        26.4675    163143.9157       -13.0415       -13.7722

ENERGY: 2879000        72.0664       218.3209       149.2051         0.0000         -60432.7391      7360.6863         0.0000         0.0000      9737.0010         -42895.4594       305.2505    -52632.4604    -42873.4303       308.2529             68.1069       187.2177    162569.3207         1.5342         1.1531

WRITING COORDINATES TO DCD FILE 06_prod_1ns/prod_06.dcd AT STEP 2879000
ENERGY: 2879500        75.3588       189.3142       154.9832         0.0000         -60303.7631      7299.3016         0.0000         0.0000      9920.0868         -42664.7185       310.9902    -52584.8053    -42643.0649       308.1843           -118.1603       -48.0057    162477.1107        -2.1662        -3.3054

WRITING COORDINATES TO DCD FILE 06_prod_1ns/prod_06.dcd AT STEP 2880000
WRITING COORDINATES TO RESTART FILE AT STEP 2880000
FINISHED WRITING RESTART COORDINATES
WRITING VELOCITIES TO RESTART FILE AT STEP 2880000
FINISHED WRITING RESTART VELOCITIES
TIMING: 2880000  CPU: 255.756, 0.00198316/step  Wall: 253.924, 0.0019293/step, 0.19829 hours remaining, 0.000000 MB of memory in use.
PERFORMANCE: 2880000  averaging 88.4812 ns/day, 0.00195296 sec/step with standard deviation 2.35922e-05
ETITLE:      TS           BOND          ANGLE          DIHED          IMPRP               ELECT            VDW       BOUNDARY           MISC        KINETIC               TOTAL           TEMP      POTENTIAL         TOTAL3        TEMPAVG            PRESSURE      GPRESSURE         VOLUME       PRESSAVG      GPRESSAVG

ENERGY: 2880000        66.2289       191.7993       147.0544         0.0000         -60335.4182      7371.4596         0.0000         0.0000      9841.5292         -42717.3468       308.5275    -52558.8760    -42692.5136       308.9431            -28.1137        67.6592    162646.2656        -6.2601        -4.8675

WRITING EXTENDED SYSTEM TO RESTART FILE AT STEP 2880000
LDB: ============= START OF LOAD BALANCING ============== 254.597
LDB: ============== END OF LOAD BALANCING =============== 254.597
Info: useSync: 0 useProxySync: 0
LDB: =============== DONE WITH MIGRATION ================ 254.598
LDB: ============= START OF LOAD BALANCING ============== 254.692
LDB: TIME 254.692 LOAD: AVG 0.0259873 MAX 0.044481  PROXIES: TOTAL 120 MAXPE 17 MAXPATCH 5 None MEM: 0 MB
LDB: TIME 254.693 LOAD: AVG 0.0259873 MAX 0.044481  PROXIES: TOTAL 120 MAXPE 17 MAXPATCH 5 RefineTorusLB MEM: 0 MB
LDB: TIME 254.693 LOAD: AVG 0.0259873 MAX 0.044481  PROXIES: TOTAL 120 MAXPE 17 MAXPATCH 5 RefineTorusLB MEM: 0 MB
LDB: ============== END OF LOAD BALANCING =============== 254.693
Info: useSync: 0 useProxySync: 0
LDB: =============== DONE WITH MIGRATION ================ 254.694
ENERGY: 2880500        73.2374       195.0627       144.1428         0.0000         -60232.8079      7230.4888         0.0000         0.0000      9793.1607         -42796.7155       307.0111    -52589.8762    -42774.8871       309.0029           -218.9697      -150.1201    162794.1835        -0.8429        -1.2951

ENERGY: 2881000        76.9104       188.5889       148.7677         0.0000         -60670.3951      7612.5612         0.0000         0.0000      9940.2135         -42703.3533       311.6212    -52643.5669    -42680.3557       309.0355            332.0141       426.0319    162786.2832        18.1460        17.7481

WRITING COORDINATES TO DCD FILE 06_prod_1ns/prod_06.dcd AT STEP 2881000
ENERGY: 2881500        77.2827       174.2863       163.0748         0.0000         -60228.3893      7249.2665         0.0000         0.0000      9820.3022         -42744.1768       307.8620    -52564.4791    -42721.9010       308.6122           -217.4130      -121.5875    162179.3020        -1.1501        -1.4431

ENERGY: 2882000        65.7257       187.3582       147.9512         0.0000         -59935.0879      7093.4358         0.0000         0.0000      9908.7424         -42531.8747       310.6346    -52440.6171    -42509.0831       311.3344           -299.7083      -192.9935    162420.8888         6.0244         7.0564

WRITING COORDINATES TO DCD FILE 06_prod_1ns/prod_06.dcd AT STEP 2882000
LDB: ============= START OF LOAD BALANCING ============== 258.459
LDB: ============== END OF LOAD BALANCING =============== 258.459
Info: useSync: 0 useProxySync: 0
LDB: =============== DONE WITH MIGRATION ================ 258.46
LDB: ============= START OF LOAD BALANCING ============== 258.554
LDB: TIME 258.554 LOAD: AVG 0.0269373 MAX 0.0402872  PROXIES: TOTAL 120 MAXPE 17 MAXPATCH 5 None MEM: 0 MB
LDB: TIME 258.555 LOAD: AVG 0.0269373 MAX 0.0402872  PROXIES: TOTAL 120 MAXPE 17 MAXPATCH 5 RefineTorusLB MEM: 0 MB
LDB: TIME 258.555 LOAD: AVG 0.0269373 MAX 0.0402872  PROXIES: TOTAL 120 MAXPE 17 MAXPATCH 5 RefineTorusLB MEM: 0 MB
LDB: Reverting to original mapping
LDB: ============== END OF LOAD BALANCING =============== 258.555
Info: useSync: 0 useProxySync: 0
LDB: =============== DONE WITH MIGRATION ================ 258.556
ENERGY: 2882500        66.3722       210.1222       153.9508         0.0000         -59992.3837      7237.9252         0.0000         0.0000      9790.5791         -42533.4343       306.9302    -52324.0134    -42512.9810       311.1392           -226.9198       -96.7066    162760.0584         0.5576        -0.1673

ENERGY: 2883000        78.4797       204.3785       142.1748         0.0000         -60354.2767      7344.2290         0.0000         0.0000     10045.4999         -42539.5147       314.9218    -52585.0146    -42516.6425       311.1106           -211.6505      -121.8804    163445.7646        -4.2932        -5.0671

WRITING COORDINATES TO DCD FILE 06_prod_1ns/prod_06.dcd AT STEP 2883000
ENERGY: 2883500        60.7896       179.7065       146.9194         0.0000         -60155.5363      7223.8053         0.0000         0.0000     10009.4638         -42534.8517       313.7921    -52544.3155    -42511.4185       311.5836           -163.7051       -75.8342    163698.6722         4.5714         5.7262

ENERGY: 2884000        64.4067       208.9384       149.0269         0.0000         -60170.7468      7248.2410         0.0000         0.0000      9821.6568         -42678.4770       307.9045    -52500.1338    -42657.9098       311.3693           -226.3703      -135.1024    162519.8191        -7.9484        -8.8943

WRITING COORDINATES TO DCD FILE 06_prod_1ns/prod_06.dcd AT STEP 2884000
LDB: ============= START OF LOAD BALANCING ============== 262.325
LDB: ============== END OF LOAD BALANCING =============== 262.325
Info: useSync: 0 useProxySync: 0
LDB: =============== DONE WITH MIGRATION ================ 262.325
LDB: ============= START OF LOAD BALANCING ============== 262.42
LDB: TIME 262.42 LOAD: AVG 0.0277422 MAX 0.0437213  PROXIES: TOTAL 120 MAXPE 17 MAXPATCH 5 None MEM: 0 MB
LDB: TIME 262.421 LOAD: AVG 0.0277422 MAX 0.0437213  PROXIES: TOTAL 120 MAXPE 17 MAXPATCH 5 RefineTorusLB MEM: 0 MB
LDB: TIME 262.421 LOAD: AVG 0.0277422 MAX 0.0437213  PROXIES: TOTAL 120 MAXPE 17 MAXPATCH 5 RefineTorusLB MEM: 0 MB
LDB: ============== END OF LOAD BALANCING =============== 262.421
Info: useSync: 0 useProxySync: 0
LDB: =============== DONE WITH MIGRATION ================ 262.422
ENERGY: 2884500        73.3619       216.3290       144.0552         0.0000         -60542.1983      7425.8449         0.0000         0.0000      9669.2179         -43013.3894       303.1256    -52682.6073    -42993.3716       307.7598            -24.9226        95.4027    162012.7433        -7.8330        -6.9510

TIMING: 2885000  CPU: 265.596, 0.00196799/step  Wall: 263.587, 0.00193256/step, 0.19594 hours remaining, 0.000000 MB of memory in use.
PERFORMANCE: 2885000  averaging 88.5154 ns/day, 0.0019522 sec/step with standard deviation 2.34649e-05
ETITLE:      TS           BOND          ANGLE          DIHED          IMPRP               ELECT            VDW       BOUNDARY           MISC        KINETIC               TOTAL           TEMP      POTENTIAL         TOTAL3        TEMPAVG            PRESSURE      GPRESSURE         VOLUME       PRESSAVG      GPRESSAVG

ENERGY: 2885000        74.7230       188.3861       148.8667         0.0000         -60673.1649      7531.5227         0.0000         0.0000      9859.0789         -42870.5875       309.0776    -52729.6663    -42849.6884       307.5622            187.6223       281.0524    162304.7545        -3.3693        -4.1496

WRITING EXTENDED SYSTEM TO RESTART FILE AT STEP 2885000
WRITING COORDINATES TO DCD FILE 06_prod_1ns/prod_06.dcd AT STEP 2885000
WRITING COORDINATES TO RESTART FILE AT STEP 2885000
FINISHED WRITING RESTART COORDINATES
WRITING VELOCITIES TO RESTART FILE AT STEP 2885000
FINISHED WRITING RESTART VELOCITIES
ENERGY: 2885500        70.7108       203.4622       140.9716         0.0000         -60442.4761      7351.5408         0.0000         0.0000      9773.1229         -42902.6679       306.3830    -52675.7907    -42879.0372       309.0228            -66.6855        20.8523    162223.4129        -3.0949        -2.0313

WRITING COORDINATES TO DCD FILE 06_prod_1ns/prod_06.dcd AT STEP 2886000
ENERGY: 2886000        72.1011       205.2841       140.9515         0.0000         -60012.7707      7229.6141         0.0000         0.0000      9797.1329         -42567.6870       307.1357    -52364.8199    -42541.1281       308.7498           -151.8303       -49.4844    162609.5396        -4.1483        -5.2129

LDB: ============= START OF LOAD BALANCING ============== 266.35
LDB: ============== END OF LOAD BALANCING =============== 266.35
Info: useSync: 0 useProxySync: 0
LDB: =============== DONE WITH MIGRATION ================ 266.35
LDB: ============= START OF LOAD BALANCING ============== 266.455
LDB: TIME 266.456 LOAD: AVG 0.0298918 MAX 0.0493848  PROXIES: TOTAL 120 MAXPE 17 MAXPATCH 5 None MEM: 0 MB
LDB: TIME 266.456 LOAD: AVG 0.0298918 MAX 0.0493848  PROXIES: TOTAL 120 MAXPE 17 MAXPATCH 5 RefineTorusLB MEM: 0 MB
LDB: TIME 266.456 LOAD: AVG 0.0298918 MAX 0.0493848  PROXIES: TOTAL 120 MAXPE 17 MAXPATCH 5 RefineTorusLB MEM: 0 MB
LDB: Reverting to original mapping
LDB: ============== END OF LOAD BALANCING =============== 266.457
Info: useSync: 0 useProxySync: 0
LDB: =============== DONE WITH MIGRATION ================ 266.458
ENERGY: 2886500        76.7615       181.8667       159.0768         0.0000         -60272.3739      7336.8551         0.0000         0.0000      9887.9670         -42629.8468       309.9833    -52517.8137    -42604.8003       309.6005            -47.8308        39.0705    162245.2982         9.4121        10.3096

ENERGY: 2887000        74.4404       202.1302       148.7499         0.0000         -60308.0492      7247.8239         0.0000         0.0000      9921.3203         -42713.5845       311.0289    -52634.9048    -42701.2659       310.7642           -161.3805       -27.4046    161131.7276         7.9989         7.6054

WRITING COORDINATES TO DCD FILE 06_prod_1ns/prod_06.dcd AT STEP 2887000
ENERGY: 2887500        72.1711       213.3038       151.1847         0.0000         -60003.6324      7198.8368         0.0000         0.0000      9997.3385         -42370.7973       313.4120    -52368.1358    -42346.9592       312.0573           -213.8300      -112.9552    163382.1142         0.9992         0.1965

ENERGY: 2888000        67.8098       188.1794       155.3197         0.0000         -60104.0414      7289.3368         0.0000         0.0000      9933.5013         -42469.8945       311.4107    -52403.3958    -42449.1944       313.2832           -217.8170      -102.8068    163444.3068         9.8765         9.8668

WRITING COORDINATES TO DCD FILE 06_prod_1ns/prod_06.dcd AT STEP 2888000
LDB: ============= START OF LOAD BALANCING ============== 270.461
LDB: ============== END OF LOAD BALANCING =============== 270.461
Info: useSync: 0 useProxySync: 0
LDB: =============== DONE WITH MIGRATION ================ 270.462
LDB: ============= START OF LOAD BALANCING ============== 270.566
LDB: TIME 270.566 LOAD: AVG 0.0298875 MAX 0.0502302  PROXIES: TOTAL 120 MAXPE 17 MAXPATCH 5 None MEM: 0 MB
LDB: TIME 270.566 LOAD: AVG 0.0298875 MAX 0.0502302  PROXIES: TOTAL 120 MAXPE 17 MAXPATCH 5 RefineTorusLB MEM: 0 MB
LDB: TIME 270.567 LOAD: AVG 0.0298875 MAX 0.0502302  PROXIES: TOTAL 120 MAXPE 17 MAXPATCH 5 RefineTorusLB MEM: 0 MB
LDB: Reverting to original mapping
LDB: ============== END OF LOAD BALANCING =============== 270.567
Info: useSync: 0 useProxySync: 0
LDB: =============== DONE WITH MIGRATION ================ 270.568
ENERGY: 2888500        75.0767       186.1332       159.8219         0.0000         -60331.3961      7258.3959         0.0000         0.0000     10035.1137         -42616.8547       314.5962    -52651.9684    -42593.3370       311.0315           -105.7782       -23.6093    162448.2849        -2.2287        -1.9809

ENERGY: 2889000        74.5418       191.4439       142.6158         0.0000         -60103.5588      7166.1692         0.0000         0.0000      9897.6235         -42631.1647       310.2860    -52528.7881    -42603.2298       311.0849            -92.1748        -5.5106    161548.8641        -6.3549        -7.0538

WRITING COORDINATES TO DCD FILE 06_prod_1ns/prod_06.dcd AT STEP 2889000
ENERGY: 2889500        67.5933       213.4817       146.5201         0.0000         -60408.7460      7384.2950         0.0000         0.0000      9983.8025         -42613.0534       312.9877    -52596.8559    -42592.0765       309.9588             41.4685       117.3233    161999.1900        -0.2370        -0.8332

TIMING: 2890000  CPU: 275.473, 0.00197532/step  Wall: 273.686, 0.00201982/step, 0.201982 hours remaining, 0.000000 MB of memory in use.
PERFORMANCE: 2890000  averaging 88.4061 ns/day, 0.00195462 sec/step with standard deviation 2.63341e-05
ETITLE:      TS           BOND          ANGLE          DIHED          IMPRP               ELECT            VDW       BOUNDARY           MISC        KINETIC               TOTAL           TEMP      POTENTIAL         TOTAL3        TEMPAVG            PRESSURE      GPRESSURE         VOLUME       PRESSAVG      GPRESSAVG

ENERGY: 2890000        78.0947       192.0229       147.1832         0.0000         -60005.1147      7112.9925         0.0000         0.0000      9926.7351         -42548.0863       311.1986    -52474.8214    -42526.2071       310.3186           -435.1044      -322.6430    162608.9032         0.8839         0.5736

WRITING EXTENDED SYSTEM TO RESTART FILE AT STEP 2890000
WRITING COORDINATES TO DCD FILE 06_prod_1ns/prod_06.dcd AT STEP 2890000
WRITING COORDINATES TO RESTART FILE AT STEP 2890000
FINISHED WRITING RESTART COORDINATES
WRITING VELOCITIES TO RESTART FILE AT STEP 2890000
FINISHED WRITING RESTART VELOCITIES
LDB: ============= START OF LOAD BALANCING ============== 274.449
LDB: ============== END OF LOAD BALANCING =============== 274.449
Info: useSync: 0 useProxySync: 0
LDB: =============== DONE WITH MIGRATION ================ 274.45
LDB: ============= START OF LOAD BALANCING ============== 274.545
LDB: TIME 274.545 LOAD: AVG 0.0279386 MAX 0.0467542  PROXIES: TOTAL 120 MAXPE 17 MAXPATCH 5 None MEM: 0 MB
LDB: TIME 274.546 LOAD: AVG 0.0279386 MAX 0.0467542  PROXIES: TOTAL 120 MAXPE 17 MAXPATCH 5 RefineTorusLB MEM: 0 MB
LDB: TIME 274.546 LOAD: AVG 0.0279386 MAX 0.0467542  PROXIES: TOTAL 120 MAXPE 17 MAXPATCH 5 RefineTorusLB MEM: 0 MB
LDB: Reverting to original mapping
LDB: ============== END OF LOAD BALANCING =============== 274.546
Info: useSync: 0 useProxySync: 0
LDB: =============== DONE WITH MIGRATION ================ 274.547
ENERGY: 2890500        98.3471       207.8840       151.4525         0.0000         -60274.4066      7226.4189         0.0000         0.0000      9787.5332         -42802.7708       306.8347    -52590.3041    -42786.2130       310.0137           -396.0743      -287.2274    161929.5459         7.9520         6.9733

ENERGY: 2891000       100.9257       216.3358       155.5485         0.0000         -60342.2263      7369.7041         0.0000         0.0000      9894.2968         -42605.4153       310.1817    -52499.7121    -42587.6758       311.2422           -206.2785      -121.7789    163040.3148        -1.9388        -0.7748

WRITING COORDINATES TO DCD FILE 06_prod_1ns/prod_06.dcd AT STEP 2891000
ENERGY: 2891500        79.5221       202.5255       159.5834         0.0000         -60454.3847      7469.3686         0.0000         0.0000      9999.0744         -42544.3107       313.4664    -52543.3851    -42523.4278       311.8524            128.1128       218.1248    161466.3059         8.1230         7.2563

WRITING COORDINATES TO DCD FILE 06_prod_1ns/prod_06.dcd AT STEP 2892000
ENERGY: 2892000        95.1812       199.2391       150.8600         0.0000         -60472.0791      7385.9861         0.0000         0.0000     10104.7870         -42536.0258       316.7805    -52640.8128    -42510.4687       311.6882            -73.0296         0.9694    161394.6944        13.7320        13.8773

LDB: ============= START OF LOAD BALANCING ============== 278.251
LDB: ============== END OF LOAD BALANCING =============== 278.252
Info: useSync: 0 useProxySync: 0
LDB: =============== DONE WITH MIGRATION ================ 278.252
LDB: ============= START OF LOAD BALANCING ============== 278.348
LDB: TIME 278.348 LOAD: AVG 0.0267776 MAX 0.0452864  PROXIES: TOTAL 120 MAXPE 17 MAXPATCH 5 None MEM: 0 MB
LDB: TIME 278.348 LOAD: AVG 0.0267776 MAX 0.0452864  PROXIES: TOTAL 120 MAXPE 17 MAXPATCH 5 RefineTorusLB MEM: 0 MB
LDB: TIME 278.349 LOAD: AVG 0.0267776 MAX 0.0452864  PROXIES: TOTAL 120 MAXPE 17 MAXPATCH 5 RefineTorusLB MEM: 0 MB
LDB: Reverting to original mapping
LDB: ============== END OF LOAD BALANCING =============== 278.349
Info: useSync: 0 useProxySync: 0
LDB: =============== DONE WITH MIGRATION ================ 278.35
ENERGY: 2892500        79.4063       202.8298       153.5956         0.0000         -60173.0710      7340.4559         0.0000         0.0000      9922.9746         -42473.8087       311.0807    -52396.7833    -42444.8478       311.1778            -18.2447        78.9772    162652.0063         6.3103         6.2212

ENERGY: 2893000        61.8982       229.6088       150.0711         0.0000         -60589.6078      7541.5503         0.0000         0.0000      9989.6230         -42616.8563       313.1701    -52606.4794    -42596.8214       311.3132            380.9347       481.2895    160694.1464         2.6001         2.2465

WRITING COORDINATES TO DCD FILE 06_prod_1ns/prod_06.dcd AT STEP 2893000
ENERGY: 2893500        63.8784       217.0869       146.6345         0.0000         -60109.4908      7272.5015         0.0000         0.0000      9870.3851         -42539.0045       309.4321    -52409.3896    -42516.0283       310.7190             58.6495       156.1625    162078.1452         6.0120         6.6542

ENERGY: 2894000        79.8998       202.8090       149.8829         0.0000         -60552.9168      7413.1909         0.0000         0.0000      9691.5889         -43015.5453       303.8269    -52707.1341    -42991.7050       309.9806            -96.2977        11.9251    161805.7706        -8.2482        -8.9021

WRITING COORDINATES TO DCD FILE 06_prod_1ns/prod_06.dcd AT STEP 2894000
LDB: ============= START OF LOAD BALANCING ============== 282.054
LDB: ============== END OF LOAD BALANCING =============== 282.054
Info: useSync: 0 useProxySync: 0
LDB: =============== DONE WITH MIGRATION ================ 282.055
LDB: ============= START OF LOAD BALANCING ============== 282.146
LDB: TIME 282.147 LOAD: AVG 0.0257507 MAX 0.0407131  PROXIES: TOTAL 120 MAXPE 17 MAXPATCH 5 None MEM: 0 MB
LDB: TIME 282.147 LOAD: AVG 0.0257507 MAX 0.0407131  PROXIES: TOTAL 120 MAXPE 17 MAXPATCH 5 RefineTorusLB MEM: 0 MB
LDB: TIME 282.147 LOAD: AVG 0.0257507 MAX 0.0407131  PROXIES: TOTAL 120 MAXPE 17 MAXPATCH 5 RefineTorusLB MEM: 0 MB
LDB: ============== END OF LOAD BALANCING =============== 282.147
Info: useSync: 0 useProxySync: 0
LDB: =============== DONE WITH MIGRATION ================ 282.148
ENERGY: 2894500        68.1763       204.7334       148.8402         0.0000         -60321.4530      7317.0641         0.0000         0.0000      9959.5708         -42623.0681       312.2280    -52582.6389    -42600.8542       308.2552            -60.8015        44.3918    162271.6728        13.2891        14.3674

TIMING: 2895000  CPU: 285.264, 0.00195818/step  Wall: 283.231, 0.00190898/step, 0.188246 hours remaining, 0.000000 MB of memory in use.
PERFORMANCE: 2895000  averaging 88.4773 ns/day, 0.00195304 sec/step with standard deviation 2.7213e-05
ETITLE:      TS           BOND          ANGLE          DIHED          IMPRP               ELECT            VDW       BOUNDARY           MISC        KINETIC               TOTAL           TEMP      POTENTIAL         TOTAL3        TEMPAVG            PRESSURE      GPRESSURE         VOLUME       PRESSAVG      GPRESSAVG

ENERGY: 2895000        70.2217       201.4173       151.1445         0.0000         -60388.7468      7393.7353         0.0000         0.0000      9999.0193         -42573.2087       313.4647    -52572.2280    -42551.2102       310.1949            137.3867       224.9548    161824.5627        -2.2414        -2.3715

WRITING EXTENDED SYSTEM TO RESTART FILE AT STEP 2895000
WRITING COORDINATES TO DCD FILE 06_prod_1ns/prod_06.dcd AT STEP 2895000
WRITING COORDINATES TO RESTART FILE AT STEP 2895000
FINISHED WRITING RESTART COORDINATES
WRITING VELOCITIES TO RESTART FILE AT STEP 2895000
FINISHED WRITING RESTART VELOCITIES
ENERGY: 2895500        74.5317       182.0837       152.0061         0.0000         -60266.6668      7423.9403         0.0000         0.0000     10032.5262         -42401.5788       314.5151    -52434.1050    -42381.2138       312.7356             40.3422       136.9833    162876.8830        -0.2884         1.7652

WRITING COORDINATES TO DCD FILE 06_prod_1ns/prod_06.dcd AT STEP 2896000
ENERGY: 2896000        93.8079       187.5197       152.8005         0.0000         -60378.3572      7419.7826         0.0000         0.0000      9841.2343         -42683.2123       308.5182    -52524.4466    -42661.8642       312.4353             28.3406       123.3748    162735.7063        -4.9517        -5.6637

LDB: ============= START OF LOAD BALANCING ============== 285.819
LDB: ============== END OF LOAD BALANCING =============== 285.819
Info: useSync: 0 useProxySync: 0
LDB: =============== DONE WITH MIGRATION ================ 285.82
LDB: ============= START OF LOAD BALANCING ============== 285.911
LDB: TIME 285.912 LOAD: AVG 0.0274214 MAX 0.0433428  PROXIES: TOTAL 120 MAXPE 17 MAXPATCH 5 None MEM: 0 MB
LDB: TIME 285.912 LOAD: AVG 0.0274214 MAX 0.0433428  PROXIES: TOTAL 120 MAXPE 17 MAXPATCH 5 RefineTorusLB MEM: 0 MB
LDB: TIME 285.912 LOAD: AVG 0.0274214 MAX 0.0433428  PROXIES: TOTAL 120 MAXPE 17 MAXPATCH 5 RefineTorusLB MEM: 0 MB
LDB: Reverting to original mapping
LDB: ============== END OF LOAD BALANCING =============== 285.913
Info: useSync: 0 useProxySync: 0
LDB: =============== DONE WITH MIGRATION ================ 285.913
ENERGY: 2896500        66.2026       194.1169       140.9557         0.0000         -60319.5918      7380.6248         0.0000         0.0000      9823.8809         -42713.8108       307.9742    -52537.6917    -42693.6035       309.6066             68.4632       114.3819    162119.8282         0.2019         0.7112

ENERGY: 2897000        55.1712       181.1812       147.2506         0.0000         -60318.7199      7396.5398         0.0000         0.0000      9880.7958         -42657.7813       309.7584    -52538.5771    -42636.5416       309.3207            128.6773       224.8247    162498.4432        15.5679        16.3729

WRITING COORDINATES TO DCD FILE 06_prod_1ns/prod_06.dcd AT STEP 2897000
ENERGY: 2897500        77.9793       188.8617       141.7485         0.0000         -60408.6827      7470.9231         0.0000         0.0000      9764.9780         -42764.1920       306.1276    -52529.1700    -42745.6557       310.2055             82.7818       188.0290    162583.0963         3.2997         3.1320

WRITING COORDINATES TO DCD FILE 06_prod_1ns/prod_06.dcd AT STEP 2898000
ENERGY: 2898000        72.3622       214.6642       158.6845         0.0000         -60645.0995      7475.3058         0.0000         0.0000      9775.8905         -42948.1923       306.4697    -52724.0829    -42928.4876       309.4578             63.4080       145.3491    161918.1883        -2.0918        -2.1277

LDB: ============= START OF LOAD BALANCING ============== 289.644
LDB: ============== END OF LOAD BALANCING =============== 289.645
Info: useSync: 0 useProxySync: 0
LDB: =============== DONE WITH MIGRATION ================ 289.645
LDB: ============= START OF LOAD BALANCING ============== 289.742
LDB: TIME 289.742 LOAD: AVG 0.0284184 MAX 0.0472001  PROXIES: TOTAL 120 MAXPE 17 MAXPATCH 5 None MEM: 0 MB
LDB: TIME 289.743 LOAD: AVG 0.0284184 MAX 0.0472001  PROXIES: TOTAL 120 MAXPE 17 MAXPATCH 5 RefineTorusLB MEM: 0 MB
LDB: TIME 289.743 LOAD: AVG 0.0284184 MAX 0.0472001  PROXIES: TOTAL 120 MAXPE 17 MAXPATCH 5 RefineTorusLB MEM: 0 MB
LDB: Reverting to original mapping
LDB: ============== END OF LOAD BALANCING =============== 289.743
Info: useSync: 0 useProxySync: 0
LDB: =============== DONE WITH MIGRATION ================ 289.744
ENERGY: 2898500        74.9321       209.1161       147.3956         0.0000         -60385.2119      7419.0026         0.0000         0.0000      9792.2931         -42742.4723       306.9839    -52534.7654    -42717.9737       309.0224            115.2206       172.3232    161975.4746         4.9542         5.6512

ENERGY: 2899000        94.4604       192.5480       145.2070         0.0000         -60565.1973      7424.2253         0.0000         0.0000      9881.9839         -42826.7725       309.7957    -52708.7565    -42807.0454       308.7128            102.8019       211.9817    161704.8189        -4.4643        -4.7818

WRITING COORDINATES TO DCD FILE 06_prod_1ns/prod_06.dcd AT STEP 2899000
ENERGY: 2899500        73.9648       203.1338       147.8068         0.0000         -60326.6050      7259.5183         0.0000         0.0000      9866.8730         -42775.3083       309.3220    -52642.1813    -42753.7573       309.9955           -340.0180      -244.9277    162781.2169        -5.7687        -5.1284

TIMING: 2900000  CPU: 295.099, 0.00196709/step  Wall: 292.864, 0.00192659/step, 0.187307 hours remaining, 0.000000 MB of memory in use.
PERFORMANCE: 2900000  averaging 88.5173 ns/day, 0.00195216 sec/step with standard deviation 2.71723e-05
ETITLE:      TS           BOND          ANGLE          DIHED          IMPRP               ELECT            VDW       BOUNDARY           MISC        KINETIC               TOTAL           TEMP      POTENTIAL         TOTAL3        TEMPAVG            PRESSURE      GPRESSURE         VOLUME       PRESSAVG      GPRESSAVG

ENERGY: 2900000        75.9189       182.2261       146.6049         0.0000         -60435.9047      7472.9660         0.0000         0.0000     10050.0958         -42508.0929       315.0659    -52558.1887    -42485.6366       310.1667             87.1105       181.4478    162449.5451         0.7045         0.3527

WRITING EXTENDED SYSTEM TO RESTART FILE AT STEP 2900000
WRITING COORDINATES TO DCD FILE 06_prod_1ns/prod_06.dcd AT STEP 2900000
WRITING COORDINATES TO RESTART FILE AT STEP 2900000
FINISHED WRITING RESTART COORDINATES
WRITING VELOCITIES TO RESTART FILE AT STEP 2900000
FINISHED WRITING RESTART VELOCITIES
LDB: ============= START OF LOAD BALANCING ============== 293.638
LDB: ============== END OF LOAD BALANCING =============== 293.639
Info: useSync: 0 useProxySync: 0
LDB: =============== DONE WITH MIGRATION ================ 293.639
LDB: ============= START OF LOAD BALANCING ============== 293.738
LDB: TIME 293.739 LOAD: AVG 0.0275155 MAX 0.0477359  PROXIES: TOTAL 120 MAXPE 17 MAXPATCH 5 None MEM: 0 MB
LDB: TIME 293.739 LOAD: AVG 0.0275155 MAX 0.0477359  PROXIES: TOTAL 120 MAXPE 17 MAXPATCH 5 RefineTorusLB MEM: 0 MB
LDB: TIME 293.739 LOAD: AVG 0.0275155 MAX 0.0477359  PROXIES: TOTAL 120 MAXPE 17 MAXPATCH 5 RefineTorusLB MEM: 0 MB
LDB: Reverting to original mapping
LDB: ============== END OF LOAD BALANCING =============== 293.74
Info: useSync: 0 useProxySync: 0
LDB: =============== DONE WITH MIGRATION ================ 293.741
ENERGY: 2900500        57.1063       181.7128       146.1055         0.0000         -60278.7354      7355.7810         0.0000         0.0000      9863.8812         -42674.1487       309.2282    -52538.0299    -42652.9395       310.6249             -5.6334        60.7268    163269.6991        -0.5701        -1.5661

ENERGY: 2901000        65.8118       197.8951       150.8569         0.0000         -60267.3167      7270.0213         0.0000         0.0000      9782.1063         -42800.6252       306.6646    -52582.7315    -42774.2554       309.2112           -118.5837       -10.8651    162288.7129        -0.5957        -1.6680

WRITING COORDINATES TO DCD FILE 06_prod_1ns/prod_06.dcd AT STEP 2901000
ENERGY: 2901500        74.9984       209.9928       153.7951         0.0000         -60365.3473      7276.6175         0.0000         0.0000      9832.7798         -42817.1638       308.2532    -52649.9435    -42794.6319       309.2476            -91.3379       -25.7299    161817.2135         0.5892         0.7884

ENERGY: 2902000        64.0467       190.5885       153.4096         0.0000         -60381.6655      7302.1307         0.0000         0.0000      9807.8439         -42863.6462       307.4714    -52671.4900    -42836.4695       308.2949           -108.2650       -30.6200    162222.9061        -5.0380        -4.1067

WRITING COORDINATES TO DCD FILE 06_prod_1ns/prod_06.dcd AT STEP 2902000
LDB: ============= START OF LOAD BALANCING ============== 297.474
LDB: ============== END OF LOAD BALANCING =============== 297.475
Info: useSync: 0 useProxySync: 0
LDB: =============== DONE WITH MIGRATION ================ 297.475
LDB: ============= START OF LOAD BALANCING ============== 297.573
LDB: TIME 297.573 LOAD: AVG 0.0271961 MAX 0.0455275  PROXIES: TOTAL 120 MAXPE 17 MAXPATCH 5 None MEM: 0 MB
LDB: TIME 297.573 LOAD: AVG 0.0271961 MAX 0.0455275  PROXIES: TOTAL 120 MAXPE 17 MAXPATCH 5 RefineTorusLB MEM: 0 MB
LDB: TIME 297.574 LOAD: AVG 0.0271961 MAX 0.0455275  PROXIES: TOTAL 120 MAXPE 17 MAXPATCH 5 RefineTorusLB MEM: 0 MB
LDB: ============== END OF LOAD BALANCING =============== 297.574
Info: useSync: 0 useProxySync: 0
LDB: =============== DONE WITH MIGRATION ================ 297.575
ENERGY: 2902500        65.1824       193.5505       147.0962         0.0000         -60380.6747      7266.4900         0.0000         0.0000      9866.4187         -42841.9368       309.3077    -52708.3556    -42818.3387       308.3127           -186.7981      -102.4703    162053.9065        -2.0951        -2.0268

ENERGY: 2903000        78.6752       197.9344       153.0395         0.0000         -59957.4272      7175.6722         0.0000         0.0000      9852.0124         -42500.0936       308.8561    -52352.1060    -42476.0505       310.2030           -158.7299       -70.5759    161552.7473         1.0157         0.9017

WRITING COORDINATES TO DCD FILE 06_prod_1ns/prod_06.dcd AT STEP 2903000
ENERGY: 2903500        64.8249       189.6900       148.4347         0.0000         -60078.2490      7225.8923         0.0000         0.0000      9906.7865         -42542.6206       310.5732    -52449.4071    -42527.8027       311.1273           -207.0539      -119.8198    163648.6561         5.1762         5.6413

ENERGY: 2904000        68.4655       192.9610       153.5266         0.0000         -60176.7056      7186.3229         0.0000         0.0000      9984.9789         -42590.4508       313.0245    -52575.4297    -42566.5518       310.4960           -291.4509      -152.1902    162592.1530        -1.5735        -1.1199

WRITING COORDINATES TO DCD FILE 06_prod_1ns/prod_06.dcd AT STEP 2904000
LDB: ============= START OF LOAD BALANCING ============== 301.562
LDB: ============== END OF LOAD BALANCING =============== 301.562
Info: useSync: 0 useProxySync: 0
LDB: =============== DONE WITH MIGRATION ================ 301.563
LDB: ============= START OF LOAD BALANCING ============== 301.665
LDB: TIME 301.665 LOAD: AVG 0.0299951 MAX 0.0515661  PROXIES: TOTAL 120 MAXPE 17 MAXPATCH 5 None MEM: 0 MB
LDB: TIME 301.666 LOAD: AVG 0.0299951 MAX 0.0515661  PROXIES: TOTAL 120 MAXPE 17 MAXPATCH 5 RefineTorusLB MEM: 0 MB
LDB: TIME 301.666 LOAD: AVG 0.0299951 MAX 0.0515661  PROXIES: TOTAL 120 MAXPE 17 MAXPATCH 5 RefineTorusLB MEM: 0 MB
LDB: Reverting to original mapping
LDB: ============== END OF LOAD BALANCING =============== 301.666
Info: useSync: 0 useProxySync: 0
LDB: =============== DONE WITH MIGRATION ================ 301.667
ENERGY: 2904500        58.8192       201.4286       143.6681         0.0000         -60175.0273      7249.1617         0.0000         0.0000      9863.1686         -42658.7812       309.2058    -52521.9497    -42639.5164       310.1462           -105.9624       -37.2670    163318.1888         5.0869         5.1603

TIMING: 2905000  CPU: 304.888, 0.00195764/step  Wall: 302.905, 0.00200829/step, 0.192461 hours remaining, 0.000000 MB of memory in use.
PERFORMANCE: 2905000  averaging 88.4353 ns/day, 0.00195397 sec/step with standard deviation 2.85541e-05
ETITLE:      TS           BOND          ANGLE          DIHED          IMPRP               ELECT            VDW       BOUNDARY           MISC        KINETIC               TOTAL           TEMP      POTENTIAL         TOTAL3        TEMPAVG            PRESSURE      GPRESSURE         VOLUME       PRESSAVG      GPRESSAVG

ENERGY: 2905000        71.5075       195.7019       146.0134         0.0000         -60240.5069      7193.5237         0.0000         0.0000      9826.7810         -42806.9793       308.0651    -52633.7603    -42786.1954       308.7396           -207.4927      -137.8525    162100.8590        -4.4260        -4.2107

WRITING EXTENDED SYSTEM TO RESTART FILE AT STEP 2905000
WRITING COORDINATES TO DCD FILE 06_prod_1ns/prod_06.dcd AT STEP 2905000
WRITING COORDINATES TO RESTART FILE AT STEP 2905000
FINISHED WRITING RESTART COORDINATES
WRITING VELOCITIES TO RESTART FILE AT STEP 2905000
FINISHED WRITING RESTART VELOCITIES
ENERGY: 2905500        73.0197       192.4206       154.1728         0.0000         -60322.6516      7334.5089         0.0000         0.0000      9843.4284         -42725.1014       308.5870    -52568.5297    -42705.2177       308.4074            -93.0371        16.4743    162506.6909        10.4591         9.7107

ENERGY: 2906000        64.5985       188.6723       144.6912         0.0000         -60350.1502      7250.3428         0.0000         0.0000      9886.9291         -42814.9164       309.9507    -52701.8455    -42791.7977       308.5268            -71.1175         3.0409    162106.7906        -0.1338         0.1433

WRITING COORDINATES TO DCD FILE 06_prod_1ns/prod_06.dcd AT STEP 2906000
LDB: ============= START OF LOAD BALANCING ============== 305.587
LDB: ============== END OF LOAD BALANCING =============== 305.589
Info: useSync: 0 useProxySync: 0
LDB: =============== DONE WITH MIGRATION ================ 305.59
LDB: ============= START OF LOAD BALANCING ============== 305.686
LDB: TIME 305.686 LOAD: AVG 0.0292002 MAX 0.0471565  PROXIES: TOTAL 120 MAXPE 17 MAXPATCH 5 None MEM: 0 MB
LDB: TIME 305.687 LOAD: AVG 0.0292002 MAX 0.0471565  PROXIES: TOTAL 120 MAXPE 17 MAXPATCH 5 RefineTorusLB MEM: 0 MB
LDB: TIME 305.687 LOAD: AVG 0.0292002 MAX 0.0471565  PROXIES: TOTAL 120 MAXPE 17 MAXPATCH 5 RefineTorusLB MEM: 0 MB
LDB: Reverting to original mapping
LDB: ============== END OF LOAD BALANCING =============== 305.687
Info: useSync: 0 useProxySync: 0
LDB: =============== DONE WITH MIGRATION ================ 305.688
ENERGY: 2906500        76.7300       187.7159       154.8671         0.0000         -60128.9194      7147.5969         0.0000         0.0000      9871.3013         -42690.7083       309.4608    -52562.0096    -42668.8516       308.7917           -378.1195      -284.2602    162567.7406         5.8756         4.5430

ENERGY: 2907000        78.9987       195.8054       151.4138         0.0000         -60206.5350      7284.3131         0.0000         0.0000      9756.4793         -42739.5247       305.8612    -52496.0040    -42713.0371       309.9356            -70.0065         5.8286    162244.9555        -4.4165        -4.5443

WRITING COORDINATES TO DCD FILE 06_prod_1ns/prod_06.dcd AT STEP 2907000
ENERGY: 2907500        71.3620       201.6866       142.1086         0.0000         -60103.4255      7221.6141         0.0000         0.0000      9883.8224         -42582.8318       309.8533    -52466.6542    -42557.1648       310.6022           -200.9645       -70.9064    162822.8256        -3.7139        -3.9776

ENERGY: 2908000        69.4531       192.2395       143.9217         0.0000         -60545.3367      7461.4160         0.0000         0.0000      9932.5031         -42745.8032       311.3795    -52678.3063    -42720.8596       310.4096             29.1808       144.7558    161932.5557        -6.2072        -5.2615

WRITING COORDINATES TO DCD FILE 06_prod_1ns/prod_06.dcd AT STEP 2908000
LDB: ============= START OF LOAD BALANCING ============== 309.365
LDB: ============== END OF LOAD BALANCING =============== 309.365
Info: useSync: 0 useProxySync: 0
LDB: =============== DONE WITH MIGRATION ================ 309.366
LDB: ============= START OF LOAD BALANCING ============== 309.46
LDB: TIME 309.46 LOAD: AVG 0.0273805 MAX 0.0454155  PROXIES: TOTAL 120 MAXPE 17 MAXPATCH 5 None MEM: 0 MB
LDB: TIME 309.46 LOAD: AVG 0.0273805 MAX 0.0454155  PROXIES: TOTAL 120 MAXPE 17 MAXPATCH 5 RefineTorusLB MEM: 0 MB
LDB: TIME 309.461 LOAD: AVG 0.0273805 MAX 0.0454155  PROXIES: TOTAL 120 MAXPE 17 MAXPATCH 5 RefineTorusLB MEM: 0 MB
LDB: Reverting to original mapping
LDB: ============== END OF LOAD BALANCING =============== 309.461
Info: useSync: 0 useProxySync: 0
LDB: =============== DONE WITH MIGRATION ================ 309.462
ENERGY: 2908500        90.1135       194.4801       148.1733         0.0000         -60598.2180      7424.3008         0.0000         0.0000      9850.8292         -42890.3211       308.8190    -52741.1503    -42868.3233       307.5718            -90.4799       -20.3628    162085.3883        -7.6951        -6.7594

ENERGY: 2909000        84.0841       204.9174       155.6649         0.0000         -60215.2041      7119.3205         0.0000         0.0000      9735.6492         -42915.5681       305.2082    -52651.2173    -42894.6183       308.3572           -469.4509      -353.4884    162010.6466       -13.9842       -14.4512

WRITING COORDINATES TO DCD FILE 06_prod_1ns/prod_06.dcd AT STEP 2909000
ENERGY: 2909500        82.4394       201.2104       156.7557         0.0000         -60531.0170      7345.3367         0.0000         0.0000      9766.2414         -42979.0335       306.1672    -52745.2749    -42959.5996       307.8832           -225.2201       -99.8129    161432.8375         1.6381         1.7342

TIMING: 2910000  CPU: 314.664, 0.00195529/step  Wall: 312.492, 0.00191726/step, 0.181074 hours remaining, 0.000000 MB of memory in use.
PERFORMANCE: 2910000  averaging 88.4872 ns/day, 0.00195282 sec/step with standard deviation 2.88298e-05
ETITLE:      TS           BOND          ANGLE          DIHED          IMPRP               ELECT            VDW       BOUNDARY           MISC        KINETIC               TOTAL           TEMP      POTENTIAL         TOTAL3        TEMPAVG            PRESSURE      GPRESSURE         VOLUME       PRESSAVG      GPRESSAVG

ENERGY: 2910000        94.2119       217.9063       149.3698         0.0000         -60712.0407      7605.2982         0.0000         0.0000      9815.2411         -42830.0135       307.7033    -52645.2546    -42806.1088       307.5659            197.4714       278.9948    161899.6455         1.9356         1.2563

WRITING EXTENDED SYSTEM TO RESTART FILE AT STEP 2910000
WRITING COORDINATES TO DCD FILE 06_prod_1ns/prod_06.dcd AT STEP 2910000
WRITING COORDINATES TO RESTART FILE AT STEP 2910000
FINISHED WRITING RESTART COORDINATES
WRITING VELOCITIES TO RESTART FILE AT STEP 2910000
FINISHED WRITING RESTART VELOCITIES
LDB: ============= START OF LOAD BALANCING ============== 313.255
LDB: ============== END OF LOAD BALANCING =============== 313.255
Info: useSync: 0 useProxySync: 0
LDB: =============== DONE WITH MIGRATION ================ 313.256
LDB: ============= START OF LOAD BALANCING ============== 313.349
LDB: TIME 313.349 LOAD: AVG 0.0264036 MAX 0.0441212  PROXIES: TOTAL 120 MAXPE 17 MAXPATCH 5 None MEM: 0 MB
LDB: TIME 313.35 LOAD: AVG 0.0264036 MAX 0.0441212  PROXIES: TOTAL 120 MAXPE 17 MAXPATCH 5 RefineTorusLB MEM: 0 MB
LDB: TIME 313.35 LOAD: AVG 0.0264036 MAX 0.0441212  PROXIES: TOTAL 120 MAXPE 17 MAXPATCH 5 RefineTorusLB MEM: 0 MB
LDB: Reverting to original mapping
LDB: ============== END OF LOAD BALANCING =============== 313.35
Info: useSync: 0 useProxySync: 0
LDB: =============== DONE WITH MIGRATION ================ 313.351
ENERGY: 2910500        64.9982       213.7756       157.2739         0.0000         -60299.3614      7262.5435         0.0000         0.0000      9825.0599         -42775.7104       308.0112    -52600.7703    -42755.3517       308.6141           -354.7835      -216.4498    163352.2756        -1.2643        -1.4713

ENERGY: 2911000        85.5406       200.9737       146.9812         0.0000         -60345.2565      7312.5961         0.0000         0.0000      9823.4222         -42775.7428       307.9598    -52599.1649    -42757.6991       309.3070           -144.9505       -59.6616    161553.2995        -1.5377        -1.8693

WRITING COORDINATES TO DCD FILE 06_prod_1ns/prod_06.dcd AT STEP 2911000
ENERGY: 2911500        68.9172       192.5575       148.3878         0.0000         -60455.1968      7374.3618         0.0000         0.0000      9785.1637         -42885.8087       306.7604    -52670.9724    -42867.9128       309.1638            -30.0991        77.7594    161605.4703        -2.6230        -2.8538

ENERGY: 2912000        65.4488       194.7536       144.9901         0.0000         -60661.3337      7352.9382         0.0000         0.0000      9966.7392         -42936.4638       312.4527    -52903.2030    -42906.7877       307.3552           -120.6657       -44.7478    161518.7986        -0.1344         0.0625

WRITING COORDINATES TO DCD FILE 06_prod_1ns/prod_06.dcd AT STEP 2912000
LDB: ============= START OF LOAD BALANCING ============== 316.978
LDB: ============== END OF LOAD BALANCING =============== 316.979
Info: useSync: 0 useProxySync: 0
LDB: =============== DONE WITH MIGRATION ================ 316.979
LDB: ============= START OF LOAD BALANCING ============== 317.07
LDB: TIME 317.071 LOAD: AVG 0.0257908 MAX 0.0410479  PROXIES: TOTAL 120 MAXPE 17 MAXPATCH 5 None MEM: 0 MB
LDB: TIME 317.071 LOAD: AVG 0.0257908 MAX 0.0410479  PROXIES: TOTAL 120 MAXPE 17 MAXPATCH 5 RefineTorusLB MEM: 0 MB
LDB: TIME 317.071 LOAD: AVG 0.0257908 MAX 0.0410479  PROXIES: TOTAL 120 MAXPE 17 MAXPATCH 5 RefineTorusLB MEM: 0 MB
LDB: ============== END OF LOAD BALANCING =============== 317.071
Info: useSync: 0 useProxySync: 0
LDB: =============== DONE WITH MIGRATION ================ 317.072
ENERGY: 2912500        76.5608       195.3829       138.9469         0.0000         -60557.3866      7240.9901         0.0000         0.0000      9930.9987         -42974.5071       311.3323    -52905.5058    -42949.7395       307.3761           -385.9959      -255.1076    161257.4452        14.1340        13.3815

ENERGY: 2913000        75.1566       189.4552       142.4268         0.0000         -60598.3045      7338.4467         0.0000         0.0000      9860.1106         -42992.7087       309.1100    -52852.8193    -42964.4751       307.2241           -334.6454      -265.6714    162423.6448        -8.9340        -8.3321

WRITING COORDINATES TO DCD FILE 06_prod_1ns/prod_06.dcd AT STEP 2913000
ENERGY: 2913500        72.1855       192.7047       165.5628         0.0000         -60708.4673      7565.0211         0.0000         0.0000      9884.4888         -42828.5044       309.8742    -52712.9932    -42808.0917       307.6564            169.3366       225.9593    162278.9765        -5.1174        -4.7572

ENERGY: 2914000        74.6757       190.0302       153.2213         0.0000         -60428.1565      7353.1867         0.0000         0.0000      9831.3452         -42825.6974       308.2082    -52657.0426    -42808.7344       309.1729            -14.4311        78.8911    162056.7213        -6.3028        -5.3738

WRITING COORDINATES TO DCD FILE 06_prod_1ns/prod_06.dcd AT STEP 2914000
LDB: ============= START OF LOAD BALANCING ============== 320.701
LDB: ============== END OF LOAD BALANCING =============== 320.701
Info: useSync: 0 useProxySync: 0
LDB: =============== DONE WITH MIGRATION ================ 320.701
LDB: ============= START OF LOAD BALANCING ============== 320.799
LDB: TIME 320.8 LOAD: AVG 0.0283986 MAX 0.0481913  PROXIES: TOTAL 120 MAXPE 17 MAXPATCH 5 None MEM: 0 MB
LDB: TIME 320.8 LOAD: AVG 0.0283986 MAX 0.0481913  PROXIES: TOTAL 120 MAXPE 17 MAXPATCH 5 RefineTorusLB MEM: 0 MB
LDB: TIME 320.8 LOAD: AVG 0.0283986 MAX 0.0481913  PROXIES: TOTAL 120 MAXPE 17 MAXPATCH 5 RefineTorusLB MEM: 0 MB
LDB: ============== END OF LOAD BALANCING =============== 320.8
Info: useSync: 0 useProxySync: 0
LDB: =============== DONE WITH MIGRATION ================ 320.801
ENERGY: 2914500        81.9768       195.5479       148.8517         0.0000         -60304.4423      7253.6813         0.0000         0.0000      9879.2166         -42745.1681       309.7089    -52624.3846    -42722.4811       308.1270           -257.7319      -163.0523    162382.2594        -1.6942        -1.8041

WRITING COORDINATES TO DCD FILE 06_prod_1ns/prod_06.dcd AT STEP 2915000
WRITING COORDINATES TO RESTART FILE AT STEP 2915000
FINISHED WRITING RESTART COORDINATES
WRITING VELOCITIES TO RESTART FILE AT STEP 2915000
FINISHED WRITING RESTART VELOCITIES
TIMING: 2915000  CPU: 324.473, 0.00196184/step  Wall: 322.035, 0.00190857/step, 0.177603 hours remaining, 0.000000 MB of memory in use.
PERFORMANCE: 2915000  averaging 88.548 ns/day, 0.00195148 sec/step with standard deviation 2.94027e-05
ETITLE:      TS           BOND          ANGLE          DIHED          IMPRP               ELECT            VDW       BOUNDARY           MISC        KINETIC               TOTAL           TEMP      POTENTIAL         TOTAL3        TEMPAVG            PRESSURE      GPRESSURE         VOLUME       PRESSAVG      GPRESSAVG

ENERGY: 2915000        84.5853       173.3260       158.4614         0.0000         -60172.2513      7229.5654         0.0000         0.0000      9928.5849         -42597.7283       311.2566    -52526.3132    -42570.2541       310.8403           -285.8928      -185.3802    161593.7205        -1.3784        -0.5778

WRITING EXTENDED SYSTEM TO RESTART FILE AT STEP 2915000
ENERGY: 2915500        66.7490       188.9352       136.8172         0.0000         -60162.1454      7238.2353         0.0000         0.0000      9822.4377         -42708.9711       307.9289    -52531.4088    -42687.7443       309.4300            -93.2081       -13.2239    162217.6122         7.8238         5.9587

ENERGY: 2916000        64.1162       182.7782       140.5068         0.0000         -60378.2326      7398.2389         0.0000         0.0000      9767.8805         -42824.7119       306.2186    -52592.5924    -42801.3536       308.4330            184.9805       298.5285    161093.0701         4.9454         3.8976

WRITING COORDINATES TO DCD FILE 06_prod_1ns/prod_06.dcd AT STEP 2916000
LDB: ============= START OF LOAD BALANCING ============== 324.648
LDB: ============== END OF LOAD BALANCING =============== 324.649
Info: useSync: 0 useProxySync: 0
LDB: =============== DONE WITH MIGRATION ================ 324.649
LDB: ============= START OF LOAD BALANCING ============== 324.745
LDB: TIME 324.745 LOAD: AVG 0.0281021 MAX 0.0458971  PROXIES: TOTAL 120 MAXPE 17 MAXPATCH 5 None MEM: 0 MB
LDB: TIME 324.746 LOAD: AVG 0.0281021 MAX 0.0458971  PROXIES: TOTAL 120 MAXPE 17 MAXPATCH 5 RefineTorusLB MEM: 0 MB
LDB: TIME 324.746 LOAD: AVG 0.0281021 MAX 0.0458971  PROXIES: TOTAL 120 MAXPE 17 MAXPATCH 5 RefineTorusLB MEM: 0 MB
LDB: ============== END OF LOAD BALANCING =============== 324.746
Info: useSync: 0 useProxySync: 0
LDB: =============== DONE WITH MIGRATION ================ 324.747
ENERGY: 2916500        89.9966       195.5200       141.0048         0.0000         -60550.5134      7275.2616         0.0000         0.0000      9884.8301         -42963.9003       309.8849    -52848.7304    -42941.2121       308.6536           -414.8513      -298.4258    161955.4816         3.5436         3.4172

ENERGY: 2917000        76.8386       205.1537       143.7453         0.0000         -60518.6697      7408.8215         0.0000         0.0000      9905.7641         -42778.3464       310.5412    -52684.1105    -42752.3871       308.6721             36.3378       155.1182    161902.3317        20.8579        19.8319

WRITING COORDINATES TO DCD FILE 06_prod_1ns/prod_06.dcd AT STEP 2917000
ENERGY: 2917500        65.8631       201.4644       148.0252         0.0000         -60172.3252      7198.6452         0.0000         0.0000      9944.2689         -42614.0586       311.7483    -52558.3275    -42592.3057       310.1919           -263.5123      -159.7999    162306.5354        -0.1138         0.3211

ENERGY: 2918000        68.8931       193.1132       147.5731         0.0000         -60218.6212      7291.9271         0.0000         0.0000      9964.3878         -42552.7268       312.3790    -52517.1146    -42532.4984       309.8865           -130.4109        26.2592    162048.2925         7.1398         7.9237

WRITING COORDINATES TO DCD FILE 06_prod_1ns/prod_06.dcd AT STEP 2918000
LDB: ============= START OF LOAD BALANCING ============== 328.525
LDB: ============== END OF LOAD BALANCING =============== 328.525
Info: useSync: 0 useProxySync: 0
LDB: =============== DONE WITH MIGRATION ================ 328.525
LDB: ============= START OF LOAD BALANCING ============== 328.621
LDB: TIME 328.621 LOAD: AVG 0.0276801 MAX 0.0436753  PROXIES: TOTAL 120 MAXPE 17 MAXPATCH 5 None MEM: 0 MB
LDB: TIME 328.621 LOAD: AVG 0.0276801 MAX 0.0436753  PROXIES: TOTAL 120 MAXPE 17 MAXPATCH 5 RefineTorusLB MEM: 0 MB
LDB: TIME 328.622 LOAD: AVG 0.0276801 MAX 0.0436753  PROXIES: TOTAL 120 MAXPE 17 MAXPATCH 5 RefineTorusLB MEM: 0 MB
LDB: Reverting to original mapping
LDB: ============== END OF LOAD BALANCING =============== 328.622
Info: useSync: 0 useProxySync: 0
LDB: =============== DONE WITH MIGRATION ================ 328.623
ENERGY: 2918500        69.2736       181.3979       151.2603         0.0000         -60010.0612      7264.4465         0.0000         0.0000      9900.9711         -42442.7118       310.3909    -52343.6829    -42424.2032       311.8614           -198.3268       -89.7693    163892.8988         9.3693         9.4229

ENERGY: 2919000        69.8950       197.7288       146.3996         0.0000         -60010.5416      7277.7181         0.0000         0.0000      9854.6578         -42464.1422       308.9390    -52318.8001    -42449.5977       313.0804            -62.6929        33.8323    163356.8103         4.5662         5.1249

WRITING COORDINATES TO DCD FILE 06_prod_1ns/prod_06.dcd AT STEP 2919000
ENERGY: 2919500        77.5658       200.7016       141.8777         0.0000         -60099.6075      7265.2904         0.0000         0.0000     10012.1613         -42402.0108       313.8767    -52414.1721    -42379.8977       313.2407           -119.4320       -32.2567    162580.9474        -9.3488        -8.8041

TIMING: 2920000  CPU: 334.33, 0.00197138/step  Wall: 331.948, 0.00198278/step, 0.181754 hours remaining, 0.000000 MB of memory in use.
PERFORMANCE: 2920000  averaging 88.5063 ns/day, 0.0019524 sec/step with standard deviation 2.9447e-05
ETITLE:      TS           BOND          ANGLE          DIHED          IMPRP               ELECT            VDW       BOUNDARY           MISC        KINETIC               TOTAL           TEMP      POTENTIAL         TOTAL3        TEMPAVG            PRESSURE      GPRESSURE         VOLUME       PRESSAVG      GPRESSAVG

ENERGY: 2920000        73.2845       187.6627       138.9230         0.0000         -59975.8904      7133.6728         0.0000         0.0000      9913.3952         -42528.9521       310.7804    -52442.3473    -42506.3422       311.0760           -379.2859      -279.9380    162659.3605        -4.5265        -3.4698

WRITING EXTENDED SYSTEM TO RESTART FILE AT STEP 2920000
WRITING COORDINATES TO DCD FILE 06_prod_1ns/prod_06.dcd AT STEP 2920000
WRITING COORDINATES TO RESTART FILE AT STEP 2920000
FINISHED WRITING RESTART COORDINATES
WRITING VELOCITIES TO RESTART FILE AT STEP 2920000
FINISHED WRITING RESTART VELOCITIES
LDB: ============= START OF LOAD BALANCING ============== 332.748
LDB: ============== END OF LOAD BALANCING =============== 332.75
Info: useSync: 0 useProxySync: 0
LDB: =============== DONE WITH MIGRATION ================ 332.75
LDB: ============= START OF LOAD BALANCING ============== 332.85
LDB: TIME 332.85 LOAD: AVG 0.0280029 MAX 0.0471578  PROXIES: TOTAL 120 MAXPE 17 MAXPATCH 5 None MEM: 0 MB
LDB: TIME 332.851 LOAD: AVG 0.0280029 MAX 0.0471578  PROXIES: TOTAL 120 MAXPE 17 MAXPATCH 5 RefineTorusLB MEM: 0 MB
LDB: TIME 332.851 LOAD: AVG 0.0280029 MAX 0.0471578  PROXIES: TOTAL 120 MAXPE 17 MAXPATCH 5 RefineTorusLB MEM: 0 MB
LDB: ============== END OF LOAD BALANCING =============== 332.851
Info: useSync: 0 useProxySync: 0
LDB: =============== DONE WITH MIGRATION ================ 332.852
ENERGY: 2920500        79.1604       174.7017       144.7368         0.0000         -60103.0191      7218.3101         0.0000         0.0000      9916.7991         -42569.3110       310.8871    -52486.1101    -42545.2317       311.4032           -157.4290       -79.8530    162314.1867        -1.1580        -0.3477

ENERGY: 2921000        82.2190       191.6157       144.2869         0.0000         -60400.8506      7343.5567         0.0000         0.0000     10027.0829         -42612.0895       314.3445    -52639.1724    -42590.9838       311.8263           -178.7347       -72.4683    161897.1488         1.1280         1.4483

WRITING COORDINATES TO DCD FILE 06_prod_1ns/prod_06.dcd AT STEP 2921000
ENERGY: 2921500        80.8130       203.8854       149.0432         0.0000         -60167.6646      7206.0710         0.0000         0.0000      9914.5558         -42613.2962       310.8168    -52527.8520    -42592.3995       310.8757           -224.1614      -140.1500    162016.4892        -8.0389        -9.1715

ENERGY: 2922000        63.1236       200.2383       144.7319         0.0000         -60201.1209      7258.6750         0.0000         0.0000      9952.2511         -42582.1010       311.9985    -52534.3520    -42551.5120       311.4744           -131.3503       -27.8562    162503.6190         4.2848         4.8480

WRITING COORDINATES TO DCD FILE 06_prod_1ns/prod_06.dcd AT STEP 2922000
LDB: ============= START OF LOAD BALANCING ============== 336.608
LDB: ============== END OF LOAD BALANCING =============== 336.608
Info: useSync: 0 useProxySync: 0
LDB: =============== DONE WITH MIGRATION ================ 336.609
LDB: ============= START OF LOAD BALANCING ============== 336.705
LDB: TIME 336.706 LOAD: AVG 0.0272787 MAX 0.0463491  PROXIES: TOTAL 120 MAXPE 17 MAXPATCH 5 None MEM: 0 MB
LDB: TIME 336.706 LOAD: AVG 0.0272787 MAX 0.0463491  PROXIES: TOTAL 120 MAXPE 17 MAXPATCH 5 RefineTorusLB MEM: 0 MB
LDB: TIME 336.706 LOAD: AVG 0.0272787 MAX 0.0463491  PROXIES: TOTAL 120 MAXPE 17 MAXPATCH 5 RefineTorusLB MEM: 0 MB
LDB: Reverting to original mapping
LDB: ============== END OF LOAD BALANCING =============== 336.707
Info: useSync: 0 useProxySync: 0
LDB: =============== DONE WITH MIGRATION ================ 336.707
ENERGY: 2922500        71.6243       195.0645       149.3487         0.0000         -60457.7676      7419.3778         0.0000         0.0000     10005.1202         -42617.2322       313.6560    -52622.3523    -42599.8454       309.8921            237.0560       316.4517    161483.2297        -1.6800        -2.3763

ENERGY: 2923000        78.8236       184.3530       144.3349         0.0000         -60256.9960      7226.7367         0.0000         0.0000      9861.7396         -42761.0082       309.1610    -52622.7478    -42743.8797       311.3712           -246.0297      -157.3706    161832.0712         3.1686         2.9835

WRITING COORDINATES TO DCD FILE 06_prod_1ns/prod_06.dcd AT STEP 2923000
ENERGY: 2923500        73.2085       202.3213       143.7514         0.0000         -60245.5499      7313.6619         0.0000         0.0000      9857.1947         -42655.4121       309.0186    -52512.6068    -42639.1331       309.1522            154.3692       232.6768    160457.8420        -4.5734        -3.6998

ENERGY: 2924000        86.9646       194.6135       141.7885         0.0000         -60224.3624      7320.4739         0.0000         0.0000      9831.1588         -42649.3632       308.2024    -52480.5220    -42625.2486       310.6538            -97.3819       -25.1065    162105.7915        -6.6211        -6.6811

WRITING COORDINATES TO DCD FILE 06_prod_1ns/prod_06.dcd AT STEP 2924000
LDB: ============= START OF LOAD BALANCING ============== 340.415
LDB: ============== END OF LOAD BALANCING =============== 340.416
Info: useSync: 0 useProxySync: 0
LDB: =============== DONE WITH MIGRATION ================ 340.416
LDB: ============= START OF LOAD BALANCING ============== 340.512
LDB: TIME 340.512 LOAD: AVG 0.0267045 MAX 0.046914  PROXIES: TOTAL 120 MAXPE 17 MAXPATCH 5 None MEM: 0 MB
LDB: TIME 340.513 LOAD: AVG 0.0267045 MAX 0.046914  PROXIES: TOTAL 120 MAXPE 17 MAXPATCH 5 RefineTorusLB MEM: 0 MB
LDB: TIME 340.513 LOAD: AVG 0.0267045 MAX 0.046914  PROXIES: TOTAL 120 MAXPE 17 MAXPATCH 5 RefineTorusLB MEM: 0 MB
LDB: ============== END OF LOAD BALANCING =============== 340.513
Info: useSync: 0 useProxySync: 0
LDB: =============== DONE WITH MIGRATION ================ 340.514
ENERGY: 2924500        79.0973       199.7532       140.1510         0.0000         -60085.1514      7246.4198         0.0000         0.0000      9939.6174         -42480.1127       311.6025    -52419.7301    -42455.1157       311.5037           -203.3320      -136.2431    162999.9829         1.8892         0.6728

TIMING: 2925000  CPU: 344.181, 0.00197017/step  Wall: 341.633, 0.00193696/step, 0.174865 hours remaining, 0.000000 MB of memory in use.
PERFORMANCE: 2925000  averaging 88.5263 ns/day, 0.00195196 sec/step with standard deviation 2.91279e-05
ETITLE:      TS           BOND          ANGLE          DIHED          IMPRP               ELECT            VDW       BOUNDARY           MISC        KINETIC               TOTAL           TEMP      POTENTIAL         TOTAL3        TEMPAVG            PRESSURE      GPRESSURE         VOLUME       PRESSAVG      GPRESSAVG

ENERGY: 2925000        60.9393       187.2424       148.4153         0.0000         -60217.4010      7378.5075         0.0000         0.0000      9805.7328         -42636.5636       307.4053    -52442.2964    -42618.6126       311.8076            194.2581       264.4980    162193.3388        -0.3816        -0.3724

WRITING EXTENDED SYSTEM TO RESTART FILE AT STEP 2925000
WRITING COORDINATES TO DCD FILE 06_prod_1ns/prod_06.dcd AT STEP 2925000
WRITING COORDINATES TO RESTART FILE AT STEP 2925000
FINISHED WRITING RESTART COORDINATES
WRITING VELOCITIES TO RESTART FILE AT STEP 2925000
FINISHED WRITING RESTART VELOCITIES
ENERGY: 2925500        71.4143       180.8137       149.6662         0.0000         -60364.6828      7336.7102         0.0000         0.0000      9870.2736         -42755.8048       309.4286    -52626.0784    -42727.5873       310.4115           -120.5318        -9.0532    161984.3683        -1.9221        -2.3280

ENERGY: 2926000        77.5373       201.2505       148.1294         0.0000         -60417.3057      7436.8573         0.0000         0.0000      9994.1504         -42559.3809       313.3121    -52553.5313    -42542.6993       310.4115             52.7693       146.0485    162695.9933         7.3459         7.8572

WRITING COORDINATES TO DCD FILE 06_prod_1ns/prod_06.dcd AT STEP 2926000
LDB: ============= START OF LOAD BALANCING ============== 344.27
LDB: ============== END OF LOAD BALANCING =============== 344.27
Info: useSync: 0 useProxySync: 0
LDB: =============== DONE WITH MIGRATION ================ 344.271
LDB: ============= START OF LOAD BALANCING ============== 344.366
LDB: TIME 344.366 LOAD: AVG 0.0275012 MAX 0.0450282  PROXIES: TOTAL 120 MAXPE 17 MAXPATCH 5 None MEM: 0 MB
LDB: TIME 344.367 LOAD: AVG 0.0275012 MAX 0.0450282  PROXIES: TOTAL 120 MAXPE 17 MAXPATCH 5 RefineTorusLB MEM: 0 MB
LDB: TIME 344.367 LOAD: AVG 0.0275012 MAX 0.0450282  PROXIES: TOTAL 120 MAXPE 17 MAXPATCH 5 RefineTorusLB MEM: 0 MB
LDB: ============== END OF LOAD BALANCING =============== 344.367
Info: useSync: 0 useProxySync: 0
LDB: =============== DONE WITH MIGRATION ================ 344.368
ENERGY: 2926500        75.5023       223.0683       138.4861         0.0000         -60114.0857      7235.2317         0.0000         0.0000      9880.7565         -42561.0409       309.7572    -52441.7974    -42542.0346       312.1738            -82.2497         6.9988    162604.1236         2.9712         2.8289

ENERGY: 2927000        77.6982       190.1544       148.5920         0.0000         -60463.5992      7501.1489         0.0000         0.0000      9990.4139         -42555.5918       313.1949    -52546.0057    -42532.9766       311.4308             54.9976       178.7169    162429.6453        -6.0760        -6.5401

WRITING COORDINATES TO DCD FILE 06_prod_1ns/prod_06.dcd AT STEP 2927000
ENERGY: 2927500        77.1704       186.2523       141.9211         0.0000         -60332.0489      7321.9784         0.0000         0.0000      9793.6991         -42811.0275       307.0280    -52604.7267    -42793.2148       309.5227            -48.5095        47.5537    162241.1388        -8.0988        -8.3348

WRITING COORDINATES TO DCD FILE 06_prod_1ns/prod_06.dcd AT STEP 2928000
ENERGY: 2928000        72.2004       201.7191       147.6522         0.0000         -60199.4947      7297.2819         0.0000         0.0000      9735.3249         -42745.3162       305.1980    -52480.6411    -42727.4984       310.6808           -171.0605       -80.8332    163318.1445        -2.4701        -2.9427

LDB: ============= START OF LOAD BALANCING ============== 348.062
LDB: ============== END OF LOAD BALANCING =============== 348.062
Info: useSync: 0 useProxySync: 0
LDB: =============== DONE WITH MIGRATION ================ 348.063
LDB: ============= START OF LOAD BALANCING ============== 348.159
LDB: TIME 348.159 LOAD: AVG 0.0274385 MAX 0.0430958  PROXIES: TOTAL 120 MAXPE 17 MAXPATCH 5 None MEM: 0 MB
LDB: TIME 348.159 LOAD: AVG 0.0274385 MAX 0.0430958  PROXIES: TOTAL 120 MAXPE 17 MAXPATCH 5 RefineTorusLB MEM: 0 MB
LDB: TIME 348.159 LOAD: AVG 0.0274385 MAX 0.0430958  PROXIES: TOTAL 120 MAXPE 17 MAXPATCH 5 RefineTorusLB MEM: 0 MB
LDB: Reverting to original mapping
LDB: ============== END OF LOAD BALANCING =============== 348.16
Info: useSync: 0 useProxySync: 0
LDB: =============== DONE WITH MIGRATION ================ 348.161
ENERGY: 2928500        70.5093       178.2740       146.0923         0.0000         -60171.2430      7277.4612         0.0000         0.0000      9879.9418         -42618.9644       309.7317    -52498.9063    -42593.7214       309.6761            -18.4452        81.7097    162574.3195         0.4786         0.1663

ENERGY: 2929000        75.9358       188.1755       159.1271         0.0000         -60416.0190      7463.6190         0.0000         0.0000      9898.7812         -42630.3803       310.3223    -52529.1615    -42609.2165       310.9300            214.7760       283.9632    161749.0581         4.9630         4.4838

WRITING COORDINATES TO DCD FILE 06_prod_1ns/prod_06.dcd AT STEP 2929000
ENERGY: 2929500        67.8151       189.4061       149.0134         0.0000         -59659.8430      7064.1281         0.0000         0.0000      9937.4462         -42252.0340       311.5344    -52189.4803    -42232.2671       312.6309           -350.5721      -282.3171    163401.2951         5.5669         5.3713

TIMING: 2930000  CPU: 354.041, 0.00197199/step  Wall: 351.231, 0.00191953/step, 0.170625 hours remaining, 0.000000 MB of memory in use.
PERFORMANCE: 2930000  averaging 88.5672 ns/day, 0.00195106 sec/step with standard deviation 2.92131e-05
ETITLE:      TS           BOND          ANGLE          DIHED          IMPRP               ELECT            VDW       BOUNDARY           MISC        KINETIC               TOTAL           TEMP      POTENTIAL         TOTAL3        TEMPAVG            PRESSURE      GPRESSURE         VOLUME       PRESSAVG      GPRESSAVG

ENERGY: 2930000        82.0426       193.9242       150.3561         0.0000         -60335.9601      7373.4638         0.0000         0.0000     10052.6838         -42483.4896       315.1471    -52536.1734    -42465.3502       312.7609             29.9851       124.9789    162120.2223        15.5738        14.7731

WRITING EXTENDED SYSTEM TO RESTART FILE AT STEP 2930000
WRITING COORDINATES TO DCD FILE 06_prod_1ns/prod_06.dcd AT STEP 2930000
WRITING COORDINATES TO RESTART FILE AT STEP 2930000
FINISHED WRITING RESTART COORDINATES
WRITING VELOCITIES TO RESTART FILE AT STEP 2930000
FINISHED WRITING RESTART VELOCITIES
LDB: ============= START OF LOAD BALANCING ============== 351.998
LDB: ============== END OF LOAD BALANCING =============== 351.998
Info: useSync: 0 useProxySync: 0
LDB: =============== DONE WITH MIGRATION ================ 351.999
LDB: ============= START OF LOAD BALANCING ============== 352.096
LDB: TIME 352.096 LOAD: AVG 0.0261676 MAX 0.0405953  PROXIES: TOTAL 120 MAXPE 17 MAXPATCH 5 None MEM: 0 MB
LDB: TIME 352.096 LOAD: AVG 0.0261676 MAX 0.0405953  PROXIES: TOTAL 120 MAXPE 17 MAXPATCH 5 RefineTorusLB MEM: 0 MB
LDB: TIME 352.096 LOAD: AVG 0.0261676 MAX 0.0405953  PROXIES: TOTAL 120 MAXPE 17 MAXPATCH 5 RefineTorusLB MEM: 0 MB
LDB: ============== END OF LOAD BALANCING =============== 352.097
Info: useSync: 0 useProxySync: 0
LDB: =============== DONE WITH MIGRATION ================ 352.097
ENERGY: 2930500        68.9896       189.5041       143.1002         0.0000         -60069.6162      7138.9614         0.0000         0.0000      9923.4059         -42605.6550       311.0943    -52529.0609    -42582.9445       312.0106           -275.9161      -184.5656    162092.0293         9.0616         9.1534

ENERGY: 2931000        76.2726       188.2737       142.5361         0.0000         -60369.8944      7374.2826         0.0000         0.0000      9918.3622         -42670.1671       310.9361    -52588.5294    -42648.1387       310.7935            -71.0283        14.8102    162553.8324        -0.2874        -0.9697

WRITING COORDINATES TO DCD FILE 06_prod_1ns/prod_06.dcd AT STEP 2931000
ENERGY: 2931500        68.5392       183.5546       147.5687         0.0000         -60363.4872      7413.7180         0.0000         0.0000      9859.0198         -42691.0868       309.0758    -52550.1066    -42674.4879       309.4019            -15.0503        70.1032    162535.3009        -4.1470        -4.7059

ENERGY: 2932000        83.7850       209.7462       146.9950         0.0000         -60587.4533      7498.7612         0.0000         0.0000      9943.5746         -42704.5913       311.7265    -52648.1659    -42681.4237       309.6222             55.9430       149.4347    161912.9569         4.4215         5.8853

WRITING COORDINATES TO DCD FILE 06_prod_1ns/prod_06.dcd AT STEP 2932000
LDB: ============= START OF LOAD BALANCING ============== 355.846
LDB: ============== END OF LOAD BALANCING =============== 355.846
Info: useSync: 0 useProxySync: 0
LDB: =============== DONE WITH MIGRATION ================ 355.854
LDB: ============= START OF LOAD BALANCING ============== 355.951
LDB: TIME 355.952 LOAD: AVG 0.0266902 MAX 0.044861  PROXIES: TOTAL 120 MAXPE 17 MAXPATCH 5 None MEM: 0 MB
LDB: TIME 355.952 LOAD: AVG 0.0266902 MAX 0.044861  PROXIES: TOTAL 120 MAXPE 17 MAXPATCH 5 RefineTorusLB MEM: 0 MB
LDB: TIME 355.952 LOAD: AVG 0.0266902 MAX 0.044861  PROXIES: TOTAL 120 MAXPE 17 MAXPATCH 5 RefineTorusLB MEM: 0 MB
LDB: ============== END OF LOAD BALANCING =============== 355.953
Info: useSync: 0 useProxySync: 0
LDB: =============== DONE WITH MIGRATION ================ 355.953
ENERGY: 2932500        75.3017       189.7321       155.7633         0.0000         -60368.0467      7438.2720         0.0000         0.0000      9829.2093         -42679.7683       308.1412    -52508.9776    -42655.4016       309.7822            166.8695       214.4905    162270.4630         8.3557         8.7317

ENERGY: 2933000        87.1119       206.9887       148.3324         0.0000         -60641.5221      7593.4747         0.0000         0.0000      9715.7944         -42889.8201       304.5857    -52605.6145    -42870.3000       308.8894            244.0284       317.3684    161999.9372        -0.5643        -0.6184

WRITING COORDINATES TO DCD FILE 06_prod_1ns/prod_06.dcd AT STEP 2933000
ENERGY: 2933500        71.4717       197.9289       145.1169         0.0000         -60294.3205      7270.6293         0.0000         0.0000      9973.8905         -42635.2832       312.6769    -52609.1737    -42614.9176       310.1589            -90.5616        19.1230    162583.9952         1.9285         1.3190

ENERGY: 2934000        77.2024       211.0120       142.1663         0.0000         -60234.4433      7149.8972         0.0000         0.0000      9942.4150         -42711.7504       311.6902    -52654.1654    -42688.5536       311.8392           -353.9887      -268.3440    162131.0204         4.6036         4.1879

WRITING COORDINATES TO DCD FILE 06_prod_1ns/prod_06.dcd AT STEP 2934000
LDB: ============= START OF LOAD BALANCING ============== 359.742
LDB: ============== END OF LOAD BALANCING =============== 359.743
Info: useSync: 0 useProxySync: 0
LDB: =============== DONE WITH MIGRATION ================ 359.744
LDB: ============= START OF LOAD BALANCING ============== 359.843
LDB: TIME 359.844 LOAD: AVG 0.027634 MAX 0.0467312  PROXIES: TOTAL 120 MAXPE 17 MAXPATCH 5 None MEM: 0 MB
LDB: TIME 359.844 LOAD: AVG 0.027634 MAX 0.0467312  PROXIES: TOTAL 120 MAXPE 17 MAXPATCH 5 RefineTorusLB MEM: 0 MB
LDB: TIME 359.844 LOAD: AVG 0.027634 MAX 0.0467312  PROXIES: TOTAL 120 MAXPE 17 MAXPATCH 5 RefineTorusLB MEM: 0 MB
LDB: Reverting to original mapping
LDB: ============== END OF LOAD BALANCING =============== 359.845
Info: useSync: 0 useProxySync: 0
LDB: =============== DONE WITH MIGRATION ================ 359.845
ENERGY: 2934500        70.6708       189.1497       143.3254         0.0000         -60509.6814      7387.6638         0.0000         0.0000      9927.4939         -42791.3778       311.2224    -52718.8717    -42771.9154       310.0049            -28.7416        39.4434    162246.3873        -7.5113        -7.6744

TIMING: 2935000  CPU: 363.889, 0.00196955/step  Wall: 361.03, 0.00195976/step, 0.171479 hours remaining, 0.000000 MB of memory in use.
PERFORMANCE: 2935000  averaging 88.5565 ns/day, 0.0019513 sec/step with standard deviation 2.88399e-05
ETITLE:      TS           BOND          ANGLE          DIHED          IMPRP               ELECT            VDW       BOUNDARY           MISC        KINETIC               TOTAL           TEMP      POTENTIAL         TOTAL3        TEMPAVG            PRESSURE      GPRESSURE         VOLUME       PRESSAVG      GPRESSAVG

ENERGY: 2935000        67.1726       228.5651       153.1299         0.0000         -60616.7512      7529.2844         0.0000         0.0000      9955.8783         -42682.7208       312.1123    -52638.5991    -42662.5677       309.4406            184.5440       292.3944    162583.7909         3.3461         3.4933

WRITING EXTENDED SYSTEM TO RESTART FILE AT STEP 2935000
WRITING COORDINATES TO DCD FILE 06_prod_1ns/prod_06.dcd AT STEP 2935000
WRITING COORDINATES TO RESTART FILE AT STEP 2935000
FINISHED WRITING RESTART COORDINATES
WRITING VELOCITIES TO RESTART FILE AT STEP 2935000
FINISHED WRITING RESTART VELOCITIES
ENERGY: 2935500        88.8827       201.8976       143.8045         0.0000         -60349.1400      7373.6157         0.0000         0.0000      9915.5716         -42625.3678       310.8487    -52540.9394    -42604.5603       309.9176            -72.8988         1.8800    162584.7774        11.4842        10.8171

ENERGY: 2936000        63.8856       181.5716       161.7142         0.0000         -60471.7057      7404.9656         0.0000         0.0000     10018.8682         -42640.7006       314.0870    -52659.5688    -42620.4241       310.6961             55.3555       156.7063    162194.2678        17.6732        17.9097

WRITING COORDINATES TO DCD FILE 06_prod_1ns/prod_06.dcd AT STEP 2936000
LDB: ============= START OF LOAD BALANCING ============== 363.939
LDB: ============== END OF LOAD BALANCING =============== 363.94
Info: useSync: 0 useProxySync: 0
LDB: =============== DONE WITH MIGRATION ================ 363.94
LDB: ============= START OF LOAD BALANCING ============== 364.046
LDB: TIME 364.047 LOAD: AVG 0.029307 MAX 0.0501511  PROXIES: TOTAL 120 MAXPE 17 MAXPATCH 5 None MEM: 0 MB
LDB: TIME 364.048 LOAD: AVG 0.029307 MAX 0.0501511  PROXIES: TOTAL 120 MAXPE 17 MAXPATCH 5 RefineTorusLB MEM: 0 MB
LDB: TIME 364.048 LOAD: AVG 0.029307 MAX 0.0501511  PROXIES: TOTAL 120 MAXPE 17 MAXPATCH 5 RefineTorusLB MEM: 0 MB
LDB: Reverting to original mapping
LDB: ============== END OF LOAD BALANCING =============== 364.048
Info: useSync: 0 useProxySync: 0
LDB: =============== DONE WITH MIGRATION ================ 364.049
ENERGY: 2936500        74.8650       188.5643       157.0769         0.0000         -60153.0713      7317.6879         0.0000         0.0000      9833.4767         -42581.4006       308.2750    -52414.8773    -42567.2301       310.2695           -111.7181        -1.9596    162864.8978         0.8846         2.2570

ENERGY: 2937000        72.5615       199.0308       150.0583         0.0000         -60275.4393      7360.8858         0.0000         0.0000      9853.7949         -42639.1079       308.9120    -52492.9028    -42622.6027       310.5816             91.9740       175.8505    161562.9139       -11.6806       -12.2393

WRITING COORDINATES TO DCD FILE 06_prod_1ns/prod_06.dcd AT STEP 2937000
ENERGY: 2937500        78.7963       178.7877       157.9872         0.0000         -60330.8167      7343.9596         0.0000         0.0000     10000.6345         -42570.6513       313.5153    -52571.2858    -42545.9633       311.1357            -63.0126        35.8016    162321.8470         6.5266         6.2928

ENERGY: 2938000        82.9004       189.4169       155.7241         0.0000         -59809.6779      7093.8346         0.0000         0.0000      9771.8160         -42515.9859       306.3420    -52287.8019    -42495.5589       310.8781           -461.4310      -342.3447    163012.5352        -8.7021        -7.7192

WRITING COORDINATES TO DCD FILE 06_prod_1ns/prod_06.dcd AT STEP 2938000
LDB: ============= START OF LOAD BALANCING ============== 367.884
LDB: ============== END OF LOAD BALANCING =============== 367.884
Info: useSync: 0 useProxySync: 0
LDB: =============== DONE WITH MIGRATION ================ 367.885
LDB: ============= START OF LOAD BALANCING ============== 367.981
LDB: TIME 367.982 LOAD: AVG 0.0268597 MAX 0.0394614  PROXIES: TOTAL 120 MAXPE 17 MAXPATCH 5 None MEM: 0 MB
LDB: TIME 367.982 LOAD: AVG 0.0268597 MAX 0.0394614  PROXIES: TOTAL 120 MAXPE 17 MAXPATCH 5 RefineTorusLB MEM: 0 MB
LDB: TIME 367.982 LOAD: AVG 0.0268597 MAX 0.0394614  PROXIES: TOTAL 120 MAXPE 17 MAXPATCH 5 RefineTorusLB MEM: 0 MB
LDB: Reverting to original mapping
LDB: ============== END OF LOAD BALANCING =============== 367.983
Info: useSync: 0 useProxySync: 0
LDB: =============== DONE WITH MIGRATION ================ 367.983
ENERGY: 2938500        68.5052       206.3254       153.4884         0.0000         -60160.3236      7321.6606         0.0000         0.0000      9943.6774         -42466.6666       311.7298    -52410.3440    -42448.4442       310.8046            -70.6755        39.5536    162064.4521        10.4684        10.5563

ENERGY: 2939000        61.5801       181.5942       147.0863         0.0000         -60318.8794      7311.5966         0.0000         0.0000      9910.8041         -42706.2180       310.6992    -52617.0221    -42683.1899       311.2052             -3.6935       105.7692    161522.8393         3.3511         0.9235

WRITING COORDINATES TO DCD FILE 06_prod_1ns/prod_06.dcd AT STEP 2939000
ENERGY: 2939500        74.2387       185.3631       141.3743         0.0000         -60134.0314      7234.0425         0.0000         0.0000      9781.0591         -42717.9537       306.6318    -52499.0129    -42700.4146       308.7193           -137.2181       -43.5501    162417.3586        12.5504        12.1501

TIMING: 2940000  CPU: 373.807, 0.00198358/step  Wall: 371.052, 0.00200435/step, 0.172597 hours remaining, 0.000000 MB of memory in use.
PERFORMANCE: 2940000  averaging 88.4932 ns/day, 0.00195269 sec/step with standard deviation 2.97211e-05
ETITLE:      TS           BOND          ANGLE          DIHED          IMPRP               ELECT            VDW       BOUNDARY           MISC        KINETIC               TOTAL           TEMP      POTENTIAL         TOTAL3        TEMPAVG            PRESSURE      GPRESSURE         VOLUME       PRESSAVG      GPRESSAVG

ENERGY: 2940000        85.7713       216.3414       145.3886         0.0000         -60246.5749      7164.9082         0.0000         0.0000      9903.5819         -42730.5834       310.4728    -52634.1653    -42716.0928       309.3531           -423.4171      -337.5619    162063.5836       -10.6200        -9.4055

WRITING EXTENDED SYSTEM TO RESTART FILE AT STEP 2940000
WRITING COORDINATES TO DCD FILE 06_prod_1ns/prod_06.dcd AT STEP 2940000
WRITING COORDINATES TO RESTART FILE AT STEP 2940000
FINISHED WRITING RESTART COORDINATES
WRITING VELOCITIES TO RESTART FILE AT STEP 2940000
FINISHED WRITING RESTART VELOCITIES
LDB: ============= START OF LOAD BALANCING ============== 371.83
LDB: ============== END OF LOAD BALANCING =============== 371.831
Info: useSync: 0 useProxySync: 0
LDB: =============== DONE WITH MIGRATION ================ 371.831
LDB: ============= START OF LOAD BALANCING ============== 371.924
LDB: TIME 371.925 LOAD: AVG 0.0261317 MAX 0.0411863  PROXIES: TOTAL 120 MAXPE 17 MAXPATCH 5 None MEM: 0 MB
LDB: TIME 371.925 LOAD: AVG 0.0261317 MAX 0.0411863  PROXIES: TOTAL 120 MAXPE 17 MAXPATCH 5 RefineTorusLB MEM: 0 MB
LDB: TIME 371.925 LOAD: AVG 0.0261317 MAX 0.0411863  PROXIES: TOTAL 120 MAXPE 17 MAXPATCH 5 RefineTorusLB MEM: 0 MB
LDB: ============== END OF LOAD BALANCING =============== 371.925
Info: useSync: 0 useProxySync: 0
LDB: =============== DONE WITH MIGRATION ================ 371.926
ENERGY: 2940500        75.8784       200.8910       148.0144         0.0000         -60007.8057      7101.7586         0.0000         0.0000      9898.3868         -42582.8766       310.3099    -52481.2633    -42563.4304       309.0318           -364.0608      -243.1110    162772.9744       -18.7866       -17.5059

ENERGY: 2941000        75.9277       184.2775       147.9735         0.0000         -60244.6178      7345.1227         0.0000         0.0000      9963.5576         -42527.7587       312.3530    -52491.3164    -42507.8332       311.0633            188.2151       236.6372    161558.7076        10.7782        11.3944

WRITING COORDINATES TO DCD FILE 06_prod_1ns/prod_06.dcd AT STEP 2941000
ENERGY: 2941500        80.7395       206.9588       143.8131         0.0000         -60203.2125      7289.0916         0.0000         0.0000     10021.3915         -42461.2181       314.1661    -52482.6095    -42438.4161       311.0337           -159.9427       -81.7166    162182.2691       -21.1223       -20.9815

ENERGY: 2942000        85.8806       185.9314       152.8783         0.0000         -60167.6811      7311.4214         0.0000         0.0000      9948.6985         -42482.8709       311.8872    -52431.5694    -42459.5364       311.8728            -41.5513        45.6829    162527.7158         1.2147         1.6693

WRITING COORDINATES TO DCD FILE 06_prod_1ns/prod_06.dcd AT STEP 2942000
LDB: ============= START OF LOAD BALANCING ============== 375.625
LDB: ============== END OF LOAD BALANCING =============== 375.625
Info: useSync: 0 useProxySync: 0
LDB: =============== DONE WITH MIGRATION ================ 375.626
LDB: ============= START OF LOAD BALANCING ============== 375.72
LDB: TIME 375.72 LOAD: AVG 0.0256383 MAX 0.0410249  PROXIES: TOTAL 120 MAXPE 17 MAXPATCH 5 None MEM: 0 MB
LDB: TIME 375.72 LOAD: AVG 0.0256383 MAX 0.0410249  PROXIES: TOTAL 120 MAXPE 17 MAXPATCH 5 RefineTorusLB MEM: 0 MB
LDB: TIME 375.721 LOAD: AVG 0.0256383 MAX 0.0410249  PROXIES: TOTAL 120 MAXPE 17 MAXPATCH 5 RefineTorusLB MEM: 0 MB
LDB: ============== END OF LOAD BALANCING =============== 375.721
Info: useSync: 0 useProxySync: 0
LDB: =============== DONE WITH MIGRATION ================ 375.721
ENERGY: 2942500        80.5750       180.7037       159.0597         0.0000         -60082.5307      7215.3817         0.0000         0.0000      9949.0347         -42497.7759       311.8977    -52446.8107    -42471.8894       312.0359           -106.8815       -23.6341    162627.4402        11.8242        12.1615

ENERGY: 2943000        72.5728       210.4500       155.1226         0.0000         -60175.0529      7365.6620         0.0000         0.0000      9846.8969         -42524.3487       308.6957    -52371.2456    -42509.4969       312.9075             60.2604       173.6119    162049.9736         0.9489         0.6357

WRITING COORDINATES TO DCD FILE 06_prod_1ns/prod_06.dcd AT STEP 2943000
ENERGY: 2943500        74.8051       207.1418       148.5118         0.0000         -60663.2502      7516.5976         0.0000         0.0000      9894.3736         -42821.8203       310.1841    -52716.1939    -42793.8191       310.8384            143.7656       210.4186    161541.9959         5.9866         5.8335

ENERGY: 2944000        78.1760       203.5810       149.6379         0.0000         -60454.5531      7291.7098         0.0000         0.0000      9936.8345         -42794.6140       311.5152    -52731.4484    -42768.3833       308.6402           -251.6828      -146.9392    162131.1086       -10.4470        -9.8051

WRITING COORDINATES TO DCD FILE 06_prod_1ns/prod_06.dcd AT STEP 2944000
LDB: ============= START OF LOAD BALANCING ============== 379.402
LDB: ============== END OF LOAD BALANCING =============== 379.402
Info: useSync: 0 useProxySync: 0
LDB: =============== DONE WITH MIGRATION ================ 379.403
LDB: ============= START OF LOAD BALANCING ============== 379.496
LDB: TIME 379.496 LOAD: AVG 0.0265115 MAX 0.0404662  PROXIES: TOTAL 120 MAXPE 17 MAXPATCH 5 None MEM: 0 MB
LDB: TIME 379.497 LOAD: AVG 0.0265115 MAX 0.0404662  PROXIES: TOTAL 120 MAXPE 17 MAXPATCH 5 RefineTorusLB MEM: 0 MB
LDB: TIME 379.497 LOAD: AVG 0.0265115 MAX 0.0404662  PROXIES: TOTAL 120 MAXPE 17 MAXPATCH 5 RefineTorusLB MEM: 0 MB
LDB: Reverting to original mapping
LDB: ============== END OF LOAD BALANCING =============== 379.497
Info: useSync: 0 useProxySync: 0
LDB: =============== DONE WITH MIGRATION ================ 379.498
ENERGY: 2944500        87.4752       180.0110       147.1132         0.0000         -60483.9529      7360.5061         0.0000         0.0000      9814.7458         -42894.1015       307.6878    -52708.8473    -42867.8408       308.5026           -123.9268       -11.6198    162341.8207       -15.8299       -16.0668

TIMING: 2945000  CPU: 383.715, 0.0019816/step  Wall: 380.639, 0.00191745/step, 0.162451 hours remaining, 0.000000 MB of memory in use.
PERFORMANCE: 2945000  averaging 88.5341 ns/day, 0.00195179 sec/step with standard deviation 2.98653e-05
ETITLE:      TS           BOND          ANGLE          DIHED          IMPRP               ELECT            VDW       BOUNDARY           MISC        KINETIC               TOTAL           TEMP      POTENTIAL         TOTAL3        TEMPAVG            PRESSURE      GPRESSURE         VOLUME       PRESSAVG      GPRESSAVG

ENERGY: 2945000       100.7192       192.9974       148.0005         0.0000         -60403.5548      7288.2046         0.0000         0.0000      9941.5814         -42732.0517       311.6641    -52673.6331    -42711.6550       307.9255           -325.8784      -223.1540    163327.1027        -3.3425        -3.0003

WRITING EXTENDED SYSTEM TO RESTART FILE AT STEP 2945000
WRITING COORDINATES TO DCD FILE 06_prod_1ns/prod_06.dcd AT STEP 2945000
WRITING COORDINATES TO RESTART FILE AT STEP 2945000
FINISHED WRITING RESTART COORDINATES
WRITING VELOCITIES TO RESTART FILE AT STEP 2945000
FINISHED WRITING RESTART VELOCITIES
ENERGY: 2945500        84.7904       199.4531       155.0355         0.0000         -60177.4500      7215.7436         0.0000         0.0000      9876.7568         -42645.6706       309.6318    -52522.4274    -42626.3152       311.7588           -246.3354      -173.8286    162272.2487         0.2903        -0.0111

ENERGY: 2946000        73.9093       190.2927       160.3110         0.0000         -60434.1160      7380.4518         0.0000         0.0000      9965.2795         -42663.8717       312.4070    -52629.1512    -42641.5249       309.2206            -38.6172        71.8552    162817.3328        -1.7824        -3.2985

WRITING COORDINATES TO DCD FILE 06_prod_1ns/prod_06.dcd AT STEP 2946000
LDB: ============= START OF LOAD BALANCING ============== 383.298
LDB: ============== END OF LOAD BALANCING =============== 383.299
Info: useSync: 0 useProxySync: 0
LDB: =============== DONE WITH MIGRATION ================ 383.299
LDB: ============= START OF LOAD BALANCING ============== 383.392
LDB: TIME 383.393 LOAD: AVG 0.027215 MAX 0.0445742  PROXIES: TOTAL 120 MAXPE 17 MAXPATCH 5 None MEM: 0 MB
LDB: TIME 383.393 LOAD: AVG 0.027215 MAX 0.0445742  PROXIES: TOTAL 120 MAXPE 17 MAXPATCH 5 RefineTorusLB MEM: 0 MB
LDB: TIME 383.393 LOAD: AVG 0.027215 MAX 0.0445742  PROXIES: TOTAL 120 MAXPE 17 MAXPATCH 5 RefineTorusLB MEM: 0 MB
LDB: ============== END OF LOAD BALANCING =============== 383.394
Info: useSync: 0 useProxySync: 0
LDB: =============== DONE WITH MIGRATION ================ 383.394
ENERGY: 2946500        80.9250       198.5987       154.1970         0.0000         -60048.8176      7310.3109         0.0000         0.0000      9945.6150         -42359.1709       311.7905    -52304.7858    -42333.4920       312.1491             30.5008       119.7897    162615.3950        -4.8860        -6.0747

ENERGY: 2947000        59.9341       181.0478       156.9232         0.0000         -60037.9431      7250.0194         0.0000         0.0000      9846.6158         -42543.4027       308.6869    -52390.0185    -42518.0990       312.5419            -38.6813        45.7349    162603.9701         0.8705        -0.0799

WRITING COORDINATES TO DCD FILE 06_prod_1ns/prod_06.dcd AT STEP 2947000
ENERGY: 2947500        60.9203       185.1842       139.9194         0.0000         -60421.2884      7384.3401         0.0000         0.0000      9906.4496         -42744.4747       310.5627    -52650.9243    -42727.6112       310.5241            115.2298       210.0584    161503.8497        -0.3205        -0.8034

ENERGY: 2948000        74.1369       214.1772       139.0626         0.0000         -60267.5677      7323.4009         0.0000         0.0000      9864.3363         -42652.4538       309.2425    -52516.7902    -42634.5252       310.1916           -126.7289       -10.6232    162663.1260        -4.1339        -3.8793

WRITING COORDINATES TO DCD FILE 06_prod_1ns/prod_06.dcd AT STEP 2948000
LDB: ============= START OF LOAD BALANCING ============== 387.155
LDB: ============== END OF LOAD BALANCING =============== 387.156
Info: useSync: 0 useProxySync: 0
LDB: =============== DONE WITH MIGRATION ================ 387.156
LDB: ============= START OF LOAD BALANCING ============== 387.256
LDB: TIME 387.256 LOAD: AVG 0.0282031 MAX 0.0506735  PROXIES: TOTAL 120 MAXPE 17 MAXPATCH 5 None MEM: 0 MB
LDB: TIME 387.257 LOAD: AVG 0.0282031 MAX 0.0506735  PROXIES: TOTAL 120 MAXPE 17 MAXPATCH 5 RefineTorusLB MEM: 0 MB
LDB: TIME 387.257 LOAD: AVG 0.0282031 MAX 0.0506735  PROXIES: TOTAL 120 MAXPE 17 MAXPATCH 5 RefineTorusLB MEM: 0 MB
LDB: Reverting to original mapping
LDB: ============== END OF LOAD BALANCING =============== 387.257
Info: useSync: 0 useProxySync: 0
LDB: =============== DONE WITH MIGRATION ================ 387.258
ENERGY: 2948500        78.1791       190.6002       145.9627         0.0000         -60366.6649      7333.5332         0.0000         0.0000     10010.8230         -42607.5666       313.8347    -52618.3896    -42591.1059       311.4191           -297.2854      -178.5616    163181.4909         2.3571         1.7206

ENERGY: 2949000        76.2840       188.9670       156.7244         0.0000         -60031.5134      7147.4844         0.0000         0.0000      9959.3162         -42502.7375       312.2200    -52462.0536    -42478.7444       311.4275           -246.7211      -179.6765    162493.2288         1.3435         1.7144

WRITING COORDINATES TO DCD FILE 06_prod_1ns/prod_06.dcd AT STEP 2949000
ENERGY: 2949500        76.9492       221.3200       152.1320         0.0000         -60400.7152      7456.3204         0.0000         0.0000      9969.1707         -42524.8229       312.5290    -52493.9936    -42502.5775       312.0043            200.4290       294.6469    162098.3647         7.0769         7.2481

TIMING: 2950000  CPU: 393.567, 0.00197045/step  Wall: 390.375, 0.0019473/step, 0.162275 hours remaining, 0.000000 MB of memory in use.
PERFORMANCE: 2950000  averaging 88.5392 ns/day, 0.00195168 sec/step with standard deviation 2.94885e-05
ETITLE:      TS           BOND          ANGLE          DIHED          IMPRP               ELECT            VDW       BOUNDARY           MISC        KINETIC               TOTAL           TEMP      POTENTIAL         TOTAL3        TEMPAVG            PRESSURE      GPRESSURE         VOLUME       PRESSAVG      GPRESSAVG

ENERGY: 2950000        75.0645       203.8587       158.3181         0.0000         -60189.3159      7273.4474         0.0000         0.0000      9905.9138         -42572.7135       310.5459    -52478.6273    -42555.3560       310.7321           -108.0879       -34.8464    162848.2249         6.1784         6.8117

WRITING EXTENDED SYSTEM TO RESTART FILE AT STEP 2950000
WRITING COORDINATES TO DCD FILE 06_prod_1ns/prod_06.dcd AT STEP 2950000
WRITING COORDINATES TO RESTART FILE AT STEP 2950000
FINISHED WRITING RESTART COORDINATES
WRITING VELOCITIES TO RESTART FILE AT STEP 2950000
FINISHED WRITING RESTART VELOCITIES
LDB: ============= START OF LOAD BALANCING ============== 391.171
LDB: ============== END OF LOAD BALANCING =============== 391.172
Info: useSync: 0 useProxySync: 0
LDB: =============== DONE WITH MIGRATION ================ 391.172
LDB: ============= START OF LOAD BALANCING ============== 391.267
LDB: TIME 391.268 LOAD: AVG 0.0270989 MAX 0.0407915  PROXIES: TOTAL 120 MAXPE 17 MAXPATCH 5 None MEM: 0 MB
LDB: TIME 391.268 LOAD: AVG 0.0270989 MAX 0.0407915  PROXIES: TOTAL 120 MAXPE 17 MAXPATCH 5 RefineTorusLB MEM: 0 MB
LDB: TIME 391.268 LOAD: AVG 0.0270989 MAX 0.0407915  PROXIES: TOTAL 120 MAXPE 17 MAXPATCH 5 RefineTorusLB MEM: 0 MB
LDB: Reverting to original mapping
LDB: ============== END OF LOAD BALANCING =============== 391.269
Info: useSync: 0 useProxySync: 0
LDB: =============== DONE WITH MIGRATION ================ 391.27
ENERGY: 2950500        85.1260       195.4011       159.0668         0.0000         -60125.6138      7182.6316         0.0000         0.0000      9904.5118         -42598.8764       310.5019    -52503.3883    -42574.3931       311.3023           -420.1911      -327.1181    162690.9241         2.4738         1.7568

ENERGY: 2951000        69.9500       207.1071       153.6919         0.0000         -60364.8443      7500.8184         0.0000         0.0000      9981.6667         -42451.6102       312.9207    -52433.2768    -42428.6650       313.3746            183.4031       278.0479    162135.3914         0.8665         0.5158

WRITING COORDINATES TO DCD FILE 06_prod_1ns/prod_06.dcd AT STEP 2951000
ENERGY: 2951500        71.9669       206.8172       159.2683         0.0000         -60143.5502      7244.2541         0.0000         0.0000      9931.0835         -42530.1601       311.3349    -52461.2436    -42506.6373       311.7706           -201.3769       -89.8714    163059.8047         8.7195         9.0758

ENERGY: 2952000        73.2106       191.4863       150.4094         0.0000         -60193.9485      7227.3479         0.0000         0.0000      9937.8690         -42613.6254       311.5477    -52551.4944    -42592.5860       311.6913           -200.0697      -124.1068    162592.2918        -0.4966        -1.0273

WRITING COORDINATES TO DCD FILE 06_prod_1ns/prod_06.dcd AT STEP 2952000
LDB: ============= START OF LOAD BALANCING ============== 395.13
LDB: ============== END OF LOAD BALANCING =============== 395.13
Info: useSync: 0 useProxySync: 0
LDB: =============== DONE WITH MIGRATION ================ 395.131
LDB: ============= START OF LOAD BALANCING ============== 395.233
LDB: TIME 395.233 LOAD: AVG 0.0288519 MAX 0.042337  PROXIES: TOTAL 120 MAXPE 17 MAXPATCH 5 None MEM: 0 MB
LDB: TIME 395.234 LOAD: AVG 0.0288519 MAX 0.042337  PROXIES: TOTAL 120 MAXPE 17 MAXPATCH 5 RefineTorusLB MEM: 0 MB
LDB: TIME 395.234 LOAD: AVG 0.0288519 MAX 0.042337  PROXIES: TOTAL 120 MAXPE 17 MAXPATCH 5 RefineTorusLB MEM: 0 MB
LDB: ============== END OF LOAD BALANCING =============== 395.234
Info: useSync: 0 useProxySync: 0
LDB: =============== DONE WITH MIGRATION ================ 395.235
ENERGY: 2952500        76.3052       188.4445       149.1813         0.0000         -60406.8262      7215.5262         0.0000         0.0000      9813.2238         -42964.1453       307.6401    -52777.3691    -42941.3028       308.6168           -221.8704      -134.7883    162234.8005        -0.6016        -0.8084

WRITING COORDINATES TO DCD FILE 06_prod_1ns/prod_06.dcd AT STEP 2953000
ENERGY: 2953000        62.7609       185.7700       149.3221         0.0000         -60143.0946      7135.5403         0.0000         0.0000      9881.5693         -42728.1320       309.7827    -52609.7012    -42702.3247       309.5482           -142.2102       -80.0219    161248.3432       -13.9468       -14.1943

ENERGY: 2953500        69.2294       184.7967       147.8365         0.0000         -60247.4890      7178.6476         0.0000         0.0000      9931.8270         -42735.1518       311.3583    -52666.9788    -42714.0050       310.0899           -259.8548      -205.9680    162471.2838        -4.2405        -3.5736

ENERGY: 2954000        67.0630       186.3108       148.9365         0.0000         -60317.0803      7320.6079         0.0000         0.0000      9920.2445         -42673.9176       310.9951    -52594.1621    -42653.5998       309.2400            -23.0911        70.8260    162574.5353        -6.5713        -6.9322

WRITING COORDINATES TO DCD FILE 06_prod_1ns/prod_06.dcd AT STEP 2954000
LDB: ============= START OF LOAD BALANCING ============== 399.194
LDB: ============== END OF LOAD BALANCING =============== 399.195
Info: useSync: 0 useProxySync: 0
LDB: =============== DONE WITH MIGRATION ================ 399.195
LDB: ============= START OF LOAD BALANCING ============== 399.29
LDB: TIME 399.291 LOAD: AVG 0.0279816 MAX 0.0453153  PROXIES: TOTAL 120 MAXPE 17 MAXPATCH 5 None MEM: 0 MB
LDB: TIME 399.291 LOAD: AVG 0.0279816 MAX 0.0453153  PROXIES: TOTAL 120 MAXPE 17 MAXPATCH 5 RefineTorusLB MEM: 0 MB
LDB: TIME 399.291 LOAD: AVG 0.0279816 MAX 0.0453153  PROXIES: TOTAL 120 MAXPE 17 MAXPATCH 5 RefineTorusLB MEM: 0 MB
LDB: Reverting to original mapping
LDB: ============== END OF LOAD BALANCING =============== 399.292
Info: useSync: 0 useProxySync: 0
LDB: =============== DONE WITH MIGRATION ================ 399.293
ENERGY: 2954500        76.6416       200.6773       151.3499         0.0000         -60220.3498      7294.2016         0.0000         0.0000      9987.9248         -42509.5547       313.1169    -52497.4795    -42485.5809       311.2053           -185.5486       -69.0478    162563.6683        -1.0788        -0.7386

TIMING: 2955000  CPU: 403.392, 0.00196504/step  Wall: 400.469, 0.0020188/step, 0.165429 hours remaining, 0.000000 MB of memory in use.
PERFORMANCE: 2955000  averaging 88.465 ns/day, 0.00195331 sec/step with standard deviation 3.09468e-05
ETITLE:      TS           BOND          ANGLE          DIHED          IMPRP               ELECT            VDW       BOUNDARY           MISC        KINETIC               TOTAL           TEMP      POTENTIAL         TOTAL3        TEMPAVG            PRESSURE      GPRESSURE         VOLUME       PRESSAVG      GPRESSAVG

ENERGY: 2955000        69.8900       216.1258       154.0887         0.0000         -60280.0191      7399.5723         0.0000         0.0000      9957.4731         -42482.8692       312.1622    -52440.3423    -42454.8170       311.9761            186.9271       277.5102    161487.7507         5.2143         4.7093

WRITING EXTENDED SYSTEM TO RESTART FILE AT STEP 2955000
WRITING COORDINATES TO DCD FILE 06_prod_1ns/prod_06.dcd AT STEP 2955000
WRITING COORDINATES TO RESTART FILE AT STEP 2955000
FINISHED WRITING RESTART COORDINATES
WRITING VELOCITIES TO RESTART FILE AT STEP 2955000
FINISHED WRITING RESTART VELOCITIES
ENERGY: 2955500        73.5425       200.7525       150.2612         0.0000         -60210.7907      7309.5752         0.0000         0.0000      9854.9774         -42621.6820       308.9491    -52476.6594    -42603.8389       311.9767            -53.5838        59.4214    162208.7440         3.6815         3.2027

ENERGY: 2956000        81.9947       195.3635       153.0476         0.0000         -60063.5974      7221.0602         0.0000         0.0000      9801.4282         -42610.7032       307.2703    -52412.1314    -42587.4449       311.0184           -360.0872      -238.8558    162375.7766        10.1182        10.5177

WRITING COORDINATES TO DCD FILE 06_prod_1ns/prod_06.dcd AT STEP 2956000
LDB: ============= START OF LOAD BALANCING ============== 403.151
LDB: ============== END OF LOAD BALANCING =============== 403.151
Info: useSync: 0 useProxySync: 0
LDB: =============== DONE WITH MIGRATION ================ 403.151
LDB: ============= START OF LOAD BALANCING ============== 403.246
LDB: TIME 403.247 LOAD: AVG 0.0272253 MAX 0.0476291  PROXIES: TOTAL 120 MAXPE 17 MAXPATCH 5 None MEM: 0 MB
LDB: TIME 403.247 LOAD: AVG 0.0272253 MAX 0.0476291  PROXIES: TOTAL 120 MAXPE 17 MAXPATCH 5 RefineTorusLB MEM: 0 MB
LDB: TIME 403.247 LOAD: AVG 0.0272253 MAX 0.0476291  PROXIES: TOTAL 120 MAXPE 17 MAXPATCH 5 RefineTorusLB MEM: 0 MB
LDB: Reverting to original mapping
LDB: ============== END OF LOAD BALANCING =============== 403.248
Info: useSync: 0 useProxySync: 0
LDB: =============== DONE WITH MIGRATION ================ 403.248
ENERGY: 2956500        69.6777       194.9504       152.5693         0.0000         -60184.0722      7199.3548         0.0000         0.0000      9989.2246         -42578.2954       313.1576    -52567.5200    -42563.2073       310.1307           -159.7681       -88.8242    161488.9603       -11.3371       -11.1720

ENERGY: 2957000        69.2228       197.3827       155.2687         0.0000         -60275.3174      7293.8623         0.0000         0.0000      9872.6615         -42686.9195       309.5034    -52559.5810    -42664.8227       309.2668            -19.5658        64.7384    162330.9917        -5.5256        -5.2303

WRITING COORDINATES TO DCD FILE 06_prod_1ns/prod_06.dcd AT STEP 2957000
ENERGY: 2957500        67.4662       193.6908       152.7727         0.0000         -60461.0142      7426.2856         0.0000         0.0000      9847.3750         -42773.4239       308.7107    -52620.7989    -42753.6137       308.3497             71.3610       176.9935    162411.1989        -4.8916        -5.4725

WRITING COORDINATES TO DCD FILE 06_prod_1ns/prod_06.dcd AT STEP 2958000
ENERGY: 2958000        63.5386       200.3870       154.8308         0.0000         -60003.9375      7238.3243         0.0000         0.0000      9955.8354         -42391.0214       312.1109    -52346.8568    -42367.3822       310.6600            -88.0290        16.5034    163267.5753         9.1034         8.9356

LDB: ============= START OF LOAD BALANCING ============== 406.931
LDB: ============== END OF LOAD BALANCING =============== 406.931
Info: useSync: 0 useProxySync: 0
LDB: =============== DONE WITH MIGRATION ================ 406.932
LDB: ============= START OF LOAD BALANCING ============== 407.026
LDB: TIME 407.026 LOAD: AVG 0.0268802 MAX 0.0384439  PROXIES: TOTAL 120 MAXPE 17 MAXPATCH 5 None MEM: 0 MB
LDB: TIME 407.026 LOAD: AVG 0.0268802 MAX 0.0384439  PROXIES: TOTAL 120 MAXPE 17 MAXPATCH 5 RefineTorusLB MEM: 0 MB
LDB: TIME 407.027 LOAD: AVG 0.0268802 MAX 0.0384439  PROXIES: TOTAL 120 MAXPE 17 MAXPATCH 5 RefineTorusLB MEM: 0 MB
LDB: ============== END OF LOAD BALANCING =============== 407.027
Info: useSync: 0 useProxySync: 0
LDB: =============== DONE WITH MIGRATION ================ 407.027
ENERGY: 2958500        60.1744       181.5748       141.3819         0.0000         -60396.1494      7456.7180         0.0000         0.0000     10031.8278         -42524.4725       314.4932    -52556.3003    -42500.3569       312.5121            199.8514       282.8962    162664.0674         1.6286         1.9476

ENERGY: 2959000        78.1120       188.5902       148.0750         0.0000         -60259.4774      7319.1599         0.0000         0.0000      9938.3954         -42587.1449       311.5642    -52525.5403    -42566.2274       311.7061            -74.3888        13.4891    162940.8911         2.5919         3.2178

WRITING COORDINATES TO DCD FILE 06_prod_1ns/prod_06.dcd AT STEP 2959000
ENERGY: 2959500        75.9481       204.1599       149.0919         0.0000         -60605.3341      7470.9563         0.0000         0.0000      9891.1278         -42814.0501       310.0824    -52705.1779    -42792.7669       309.0016            -25.2531        80.7522    163167.4780         4.7369         6.8380

TIMING: 2960000  CPU: 413.22, 0.0019656/step  Wall: 410.064, 0.00191898/step, 0.154585 hours remaining, 0.000000 MB of memory in use.
PERFORMANCE: 2960000  averaging 88.5021 ns/day, 0.0019525 sec/step with standard deviation 3.10228e-05
ETITLE:      TS           BOND          ANGLE          DIHED          IMPRP               ELECT            VDW       BOUNDARY           MISC        KINETIC               TOTAL           TEMP      POTENTIAL         TOTAL3        TEMPAVG            PRESSURE      GPRESSURE         VOLUME       PRESSAVG      GPRESSAVG

ENERGY: 2960000        61.2396       184.3765       160.3166         0.0000         -60342.0768      7205.7178         0.0000         0.0000      9872.8699         -42857.5563       309.5100    -52730.4262    -42833.9684       309.0027           -478.1984      -353.1686    162647.9250         1.5840         1.2615

WRITING EXTENDED SYSTEM TO RESTART FILE AT STEP 2960000
WRITING COORDINATES TO DCD FILE 06_prod_1ns/prod_06.dcd AT STEP 2960000
WRITING COORDINATES TO RESTART FILE AT STEP 2960000
FINISHED WRITING RESTART COORDINATES
WRITING VELOCITIES TO RESTART FILE AT STEP 2960000
FINISHED WRITING RESTART VELOCITIES
LDB: ============= START OF LOAD BALANCING ============== 410.828
LDB: ============== END OF LOAD BALANCING =============== 410.828
Info: useSync: 0 useProxySync: 0
LDB: =============== DONE WITH MIGRATION ================ 410.828
LDB: ============= START OF LOAD BALANCING ============== 410.924
LDB: TIME 410.924 LOAD: AVG 0.0265384 MAX 0.0471159  PROXIES: TOTAL 120 MAXPE 17 MAXPATCH 5 None MEM: 0 MB
LDB: TIME 410.924 LOAD: AVG 0.0265384 MAX 0.0471159  PROXIES: TOTAL 120 MAXPE 17 MAXPATCH 5 RefineTorusLB MEM: 0 MB
LDB: TIME 410.925 LOAD: AVG 0.0265384 MAX 0.0471159  PROXIES: TOTAL 120 MAXPE 17 MAXPATCH 5 RefineTorusLB MEM: 0 MB
LDB: Reverting to original mapping
LDB: ============== END OF LOAD BALANCING =============== 410.925
Info: useSync: 0 useProxySync: 0
LDB: =============== DONE WITH MIGRATION ================ 410.926
ENERGY: 2960500        75.1551       194.8519       139.9820         0.0000         -60260.9888      7198.0429         0.0000         0.0000      9867.1515         -42785.8054       309.3307    -52652.9569    -42765.1235       308.4075           -303.1298      -223.0242    162550.9542        -1.8563        -2.4306

ENERGY: 2961000        73.3106       198.4090       156.2082         0.0000         -59973.3309      7117.8715         0.0000         0.0000      9946.7639         -42480.7676       311.8265    -52427.5315    -42466.0844       310.0916           -417.5741      -355.2624    162791.7957        13.4899        13.1107

WRITING COORDINATES TO DCD FILE 06_prod_1ns/prod_06.dcd AT STEP 2961000
ENERGY: 2961500        68.8333       195.4664       146.1099         0.0000         -60002.5380      7159.2612         0.0000         0.0000      9887.1890         -42545.6783       309.9589    -52432.8673    -42523.9687       312.0296           -269.0626      -183.2698    162416.9358        -6.8820        -7.4462

ENERGY: 2962000        73.6135       190.1824       144.5893         0.0000         -59936.5730      7118.8300         0.0000         0.0000      9751.6410         -42657.7169       305.7095    -52409.3578    -42640.1663       309.5383           -349.4216      -253.0490    162586.9712         1.2939         1.2668

WRITING COORDINATES TO DCD FILE 06_prod_1ns/prod_06.dcd AT STEP 2962000
LDB: ============= START OF LOAD BALANCING ============== 414.546
LDB: ============== END OF LOAD BALANCING =============== 414.546
Info: useSync: 0 useProxySync: 0
LDB: =============== DONE WITH MIGRATION ================ 414.547
LDB: ============= START OF LOAD BALANCING ============== 414.638
LDB: TIME 414.639 LOAD: AVG 0.0265387 MAX 0.0418892  PROXIES: TOTAL 120 MAXPE 17 MAXPATCH 5 None MEM: 0 MB
LDB: TIME 414.639 LOAD: AVG 0.0265387 MAX 0.0418892  PROXIES: TOTAL 120 MAXPE 17 MAXPATCH 5 RefineTorusLB MEM: 0 MB
LDB: TIME 414.639 LOAD: AVG 0.0265387 MAX 0.0418892  PROXIES: TOTAL 120 MAXPE 17 MAXPATCH 5 RefineTorusLB MEM: 0 MB
LDB: Reverting to original mapping
LDB: ============== END OF LOAD BALANCING =============== 414.64
Info: useSync: 0 useProxySync: 0
LDB: =============== DONE WITH MIGRATION ================ 414.64
ENERGY: 2962500        75.3281       201.9449       135.9510         0.0000         -60327.2017      7343.9614         0.0000         0.0000      9890.0171         -42679.9993       310.0475    -52570.0164    -42658.9889       310.7275             63.5829       171.4821    161518.0421        -3.3023        -5.0854

WRITING COORDINATES TO DCD FILE 06_prod_1ns/prod_06.dcd AT STEP 2963000
ENERGY: 2963000        66.6505       186.9816       151.1543         0.0000         -60177.6187      7244.5469         0.0000         0.0000     10028.0511         -42500.2342       314.3748    -52528.2854    -42478.4383       311.6305           -201.5865       -64.1354    162249.4490        10.9081        11.1591

ENERGY: 2963500        75.8452       191.8203       158.0699         0.0000         -59848.5638      7109.0434         0.0000         0.0000      9824.0088         -42489.7761       307.9782    -52313.7850    -42468.5875       311.3588           -445.0116      -336.5762    163558.5646         3.5573         3.4862

ENERGY: 2964000        83.3748       175.8624       152.2005         0.0000         -60160.1019      7254.0185         0.0000         0.0000      9957.9608         -42536.6849       312.1775    -52494.6457    -42511.5054       311.6663           -306.9029      -215.2390    162778.7314        20.3369        20.3730

WRITING COORDINATES TO DCD FILE 06_prod_1ns/prod_06.dcd AT STEP 2964000
LDB: ============= START OF LOAD BALANCING ============== 418.276
LDB: ============== END OF LOAD BALANCING =============== 418.276
Info: useSync: 0 useProxySync: 0
LDB: =============== DONE WITH MIGRATION ================ 418.277
LDB: ============= START OF LOAD BALANCING ============== 418.374
LDB: TIME 418.374 LOAD: AVG 0.0283173 MAX 0.0466957  PROXIES: TOTAL 120 MAXPE 17 MAXPATCH 5 None MEM: 0 MB
LDB: TIME 418.375 LOAD: AVG 0.0283173 MAX 0.0466957  PROXIES: TOTAL 120 MAXPE 17 MAXPATCH 5 RefineTorusLB MEM: 0 MB
LDB: TIME 418.375 LOAD: AVG 0.0283173 MAX 0.0466957  PROXIES: TOTAL 120 MAXPE 17 MAXPATCH 5 RefineTorusLB MEM: 0 MB
LDB: ============== END OF LOAD BALANCING =============== 418.375
Info: useSync: 0 useProxySync: 0
LDB: =============== DONE WITH MIGRATION ================ 418.376
ENERGY: 2964500        85.3147       190.7313       148.4741         0.0000         -60145.1429      7271.1312         0.0000         0.0000      9936.1716         -42513.3200       311.4945    -52449.4916    -42491.6583       311.8782           -140.2571       -63.6017    163115.2318         5.5022         3.9879

TIMING: 2965000  CPU: 423.035, 0.00196293/step  Wall: 419.553, 0.00189776/step, 0.15024 hours remaining, 0.000000 MB of memory in use.
PERFORMANCE: 2965000  averaging 88.5598 ns/day, 0.00195122 sec/step with standard deviation 3.17674e-05
ETITLE:      TS           BOND          ANGLE          DIHED          IMPRP               ELECT            VDW       BOUNDARY           MISC        KINETIC               TOTAL           TEMP      POTENTIAL         TOTAL3        TEMPAVG            PRESSURE      GPRESSURE         VOLUME       PRESSAVG      GPRESSAVG

ENERGY: 2965000        77.6265       175.7469       148.5541         0.0000         -60334.8755      7432.5902         0.0000         0.0000     10071.2477         -42429.1101       315.7290    -52500.3578    -42409.5551       311.4950             63.9862       155.1839    162539.9583        -2.3932        -1.0430

WRITING EXTENDED SYSTEM TO RESTART FILE AT STEP 2965000
WRITING COORDINATES TO DCD FILE 06_prod_1ns/prod_06.dcd AT STEP 2965000
WRITING COORDINATES TO RESTART FILE AT STEP 2965000
FINISHED WRITING RESTART COORDINATES
WRITING VELOCITIES TO RESTART FILE AT STEP 2965000
FINISHED WRITING RESTART VELOCITIES
ENERGY: 2965500        74.6754       204.5791       156.1363         0.0000         -60231.4093      7304.9441         0.0000         0.0000     10001.0044         -42490.0699       313.5269    -52491.0743    -42467.8878       311.9037           -127.8642       -72.2790    163144.4525         5.4954         4.3255

ENERGY: 2966000        71.8093       198.2746       163.9818         0.0000         -60021.7178      7327.5108         0.0000         0.0000      9885.0208         -42375.1206       309.8909    -52260.1414    -42353.7896       312.9799            -86.5098        -0.8828    163896.3089         8.9962         7.9123

WRITING COORDINATES TO DCD FILE 06_prod_1ns/prod_06.dcd AT STEP 2966000
LDB: ============= START OF LOAD BALANCING ============== 422.283
LDB: ============== END OF LOAD BALANCING =============== 422.283
Info: useSync: 0 useProxySync: 0
LDB: =============== DONE WITH MIGRATION ================ 422.284
LDB: ============= START OF LOAD BALANCING ============== 422.382
LDB: TIME 422.383 LOAD: AVG 0.0279949 MAX 0.0493491  PROXIES: TOTAL 120 MAXPE 17 MAXPATCH 5 None MEM: 0 MB
LDB: TIME 422.383 LOAD: AVG 0.0279949 MAX 0.0493491  PROXIES: TOTAL 120 MAXPE 17 MAXPATCH 5 RefineTorusLB MEM: 0 MB
LDB: TIME 422.383 LOAD: AVG 0.0279949 MAX 0.0493491  PROXIES: TOTAL 120 MAXPE 17 MAXPATCH 5 RefineTorusLB MEM: 0 MB
LDB: ============== END OF LOAD BALANCING =============== 422.383
Info: useSync: 0 useProxySync: 0
LDB: =============== DONE WITH MIGRATION ================ 422.384
ENERGY: 2966500        73.1119       189.3288       149.8745         0.0000         -60235.6304      7250.8374         0.0000         0.0000     10023.6368         -42548.8411       314.2364    -52572.4778    -42527.9640       312.2121           -208.3126      -120.0226    162899.7185        -1.8528        -2.0144

ENERGY: 2967000       118.0510       199.6785       152.0820         0.0000         -60513.3865      7366.6653         0.0000         0.0000      9934.8052         -42742.1045       311.4516    -52676.9097    -42721.9525       310.7939           -131.1483       -30.9134    161445.5506        -7.6951        -8.6076

WRITING COORDINATES TO DCD FILE 06_prod_1ns/prod_06.dcd AT STEP 2967000
ENERGY: 2967500        73.3344       210.0194       158.0558         0.0000         -60416.4666      7400.7789         0.0000         0.0000      9828.9526         -42745.3254       308.1332    -52574.2781    -42722.3984       310.5180              1.8582       110.6838    163083.7657         6.6120         6.9068

WRITING COORDINATES TO DCD FILE 06_prod_1ns/prod_06.dcd AT STEP 2968000
ENERGY: 2968000        81.4950       190.5448       157.3202         0.0000         -60522.5467      7466.1572         0.0000         0.0000      9881.4412         -42745.5882       309.7787    -52627.0294    -42727.7113       309.9037             21.6071       126.7979    162051.0564       -14.6996       -14.9497

LDB: ============= START OF LOAD BALANCING ============== 426.221
LDB: ============== END OF LOAD BALANCING =============== 426.221
Info: useSync: 0 useProxySync: 0
LDB: =============== DONE WITH MIGRATION ================ 426.222
LDB: ============= START OF LOAD BALANCING ============== 426.322
LDB: TIME 426.323 LOAD: AVG 0.0298595 MAX 0.0474372  PROXIES: TOTAL 120 MAXPE 17 MAXPATCH 5 None MEM: 0 MB
LDB: TIME 426.323 LOAD: AVG 0.0298595 MAX 0.0474372  PROXIES: TOTAL 120 MAXPE 17 MAXPATCH 5 RefineTorusLB MEM: 0 MB
LDB: TIME 426.323 LOAD: AVG 0.0298595 MAX 0.0474372  PROXIES: TOTAL 120 MAXPE 17 MAXPATCH 5 RefineTorusLB MEM: 0 MB
LDB: Reverting to original mapping
LDB: ============== END OF LOAD BALANCING =============== 426.324
Info: useSync: 0 useProxySync: 0
LDB: =============== DONE WITH MIGRATION ================ 426.325
ENERGY: 2968500        78.7708       204.7043       150.5423         0.0000         -60470.6316      7357.5895         0.0000         0.0000      9894.2554         -42784.7693       310.1804    -52679.0247    -42759.9515       309.4821            -61.5228        11.7489    162559.9975        -1.5398        -1.0851

WRITING COORDINATES TO DCD FILE 06_prod_1ns/prod_06.dcd AT STEP 2969000
ENERGY: 2969000        71.0641       191.7622       153.9771         0.0000         -60337.8814      7221.3649         0.0000         0.0000      9932.8081         -42766.9050       311.3890    -52699.7131    -42746.6691       307.7384           -284.2257      -166.4189    162065.3332        10.8315        11.3342

ENERGY: 2969500        60.7971       217.0555       157.4706         0.0000         -60653.2854      7431.8851         0.0000         0.0000      9993.3467         -42792.7305       313.2869    -52786.0771    -42763.7852       309.7789             40.1448       153.8777    161467.0992        -0.9490        -1.9496

TIMING: 2970000  CPU: 432.808, 0.00195471/step  Wall: 429.611, 0.00201167/step, 0.156463 hours remaining, 0.000000 MB of memory in use.
PERFORMANCE: 2970000  averaging 88.4975 ns/day, 0.0019526 sec/step with standard deviation 3.26915e-05
ETITLE:      TS           BOND          ANGLE          DIHED          IMPRP               ELECT            VDW       BOUNDARY           MISC        KINETIC               TOTAL           TEMP      POTENTIAL         TOTAL3        TEMPAVG            PRESSURE      GPRESSURE         VOLUME       PRESSAVG      GPRESSAVG

ENERGY: 2970000        65.4055       186.4316       149.6470         0.0000         -60220.6425      7276.8448         0.0000         0.0000      9887.8858         -42654.4278       309.9807    -52542.3137    -42625.8962       310.5935            -95.7487         6.6344    162049.1738        -4.2425        -5.6071

WRITING EXTENDED SYSTEM TO RESTART FILE AT STEP 2970000
WRITING COORDINATES TO DCD FILE 06_prod_1ns/prod_06.dcd AT STEP 2970000
WRITING COORDINATES TO RESTART FILE AT STEP 2970000
FINISHED WRITING RESTART COORDINATES
WRITING VELOCITIES TO RESTART FILE AT STEP 2970000
FINISHED WRITING RESTART VELOCITIES
LDB: ============= START OF LOAD BALANCING ============== 430.373
LDB: ============== END OF LOAD BALANCING =============== 430.374
Info: useSync: 0 useProxySync: 0
LDB: =============== DONE WITH MIGRATION ================ 430.374
LDB: ============= START OF LOAD BALANCING ============== 430.47
LDB: TIME 430.471 LOAD: AVG 0.0264556 MAX 0.0429343  PROXIES: TOTAL 120 MAXPE 17 MAXPATCH 5 None MEM: 0 MB
LDB: TIME 430.471 LOAD: AVG 0.0264556 MAX 0.0429343  PROXIES: TOTAL 120 MAXPE 17 MAXPATCH 5 RefineTorusLB MEM: 0 MB
LDB: TIME 430.471 LOAD: AVG 0.0264556 MAX 0.0429343  PROXIES: TOTAL 120 MAXPE 17 MAXPATCH 5 RefineTorusLB MEM: 0 MB
LDB: ============== END OF LOAD BALANCING =============== 430.471
Info: useSync: 0 useProxySync: 0
LDB: =============== DONE WITH MIGRATION ================ 430.472
ENERGY: 2970500        64.8412       201.4146       157.1228         0.0000         -60310.5204      7277.2621         0.0000         0.0000      9838.4280         -42771.4517       308.4302    -52609.8797    -42748.1006       308.9544           -124.0513       -41.0859    162611.3079        -4.5871        -4.4045

ENERGY: 2971000        80.6677       197.9267       149.6068         0.0000         -60751.6782      7608.2764         0.0000         0.0000      9826.5606         -42888.6399       308.0582    -52715.2005    -42868.4306       307.7480            423.1443       496.3551    160883.2327       -11.1899       -11.9047

WRITING COORDINATES TO DCD FILE 06_prod_1ns/prod_06.dcd AT STEP 2971000
ENERGY: 2971500        71.5542       199.4085       151.0116         0.0000         -60632.3486      7463.7930         0.0000         0.0000     10031.4342         -42715.1470       314.4809    -52746.5812    -42694.2099       309.5507             54.4205       169.1195    161800.3627        -6.5018        -6.0853

ENERGY: 2972000        65.9579       188.5835       146.7063         0.0000         -60308.7543      7206.1980         0.0000         0.0000      9892.0293         -42809.2792       310.1106    -52701.3085    -42784.4773       310.6746           -273.0519      -176.8831    161873.7474        -4.0201        -3.8491

WRITING COORDINATES TO DCD FILE 06_prod_1ns/prod_06.dcd AT STEP 2972000
LDB: ============= START OF LOAD BALANCING ============== 434.203
LDB: ============== END OF LOAD BALANCING =============== 434.203
Info: useSync: 0 useProxySync: 0
LDB: =============== DONE WITH MIGRATION ================ 434.203
LDB: ============= START OF LOAD BALANCING ============== 434.295
LDB: TIME 434.296 LOAD: AVG 0.026374 MAX 0.0453082  PROXIES: TOTAL 120 MAXPE 17 MAXPATCH 5 None MEM: 0 MB
LDB: TIME 434.296 LOAD: AVG 0.026374 MAX 0.0453082  PROXIES: TOTAL 120 MAXPE 17 MAXPATCH 5 RefineTorusLB MEM: 0 MB
LDB: TIME 434.296 LOAD: AVG 0.026374 MAX 0.0453082  PROXIES: TOTAL 120 MAXPE 17 MAXPATCH 5 RefineTorusLB MEM: 0 MB
LDB: ============== END OF LOAD BALANCING =============== 434.296
Info: useSync: 0 useProxySync: 0
LDB: =============== DONE WITH MIGRATION ================ 434.297
ENERGY: 2972500        59.9663       211.3125       155.7686         0.0000         -60394.1701      7403.1486         0.0000         0.0000      9697.9872         -42865.9869       304.0275    -52563.9741    -42850.1762       308.1112            141.7332       207.1163    162119.0733         8.9185         8.4154

ENERGY: 2973000        73.8704       187.2874       163.5785         0.0000         -60581.0911      7394.8864         0.0000         0.0000      9880.7704         -42880.6979       309.7577    -52761.4683    -42858.6127       308.8334             -1.3454        98.4090    161170.3187         5.5211         5.6894

WRITING COORDINATES TO DCD FILE 06_prod_1ns/prod_06.dcd AT STEP 2973000
ENERGY: 2973500        77.9116       192.7583       147.6944         0.0000         -60761.7786      7524.1964         0.0000         0.0000      9771.4907         -43047.7273       306.3318    -52819.2180    -43020.6729       308.4678            157.7362       257.3548    161246.7489         4.9916         6.5693

ENERGY: 2974000        78.3564       179.2291       143.2828         0.0000         -60561.7470      7411.5624         0.0000         0.0000      9969.1523         -42780.1640       312.5284    -52749.3162    -42764.5872       308.0728           -129.6270       -27.2678    162874.0812         4.7268         5.2643

WRITING COORDINATES TO DCD FILE 06_prod_1ns/prod_06.dcd AT STEP 2974000
LDB: ============= START OF LOAD BALANCING ============== 437.967
LDB: ============== END OF LOAD BALANCING =============== 437.968
Info: useSync: 0 useProxySync: 0
LDB: =============== DONE WITH MIGRATION ================ 437.968
LDB: ============= START OF LOAD BALANCING ============== 438.063
LDB: TIME 438.063 LOAD: AVG 0.0269209 MAX 0.0447374  PROXIES: TOTAL 120 MAXPE 17 MAXPATCH 5 None MEM: 0 MB
LDB: TIME 438.063 LOAD: AVG 0.0269209 MAX 0.0447374  PROXIES: TOTAL 120 MAXPE 17 MAXPATCH 5 RefineTorusLB MEM: 0 MB
LDB: TIME 438.063 LOAD: AVG 0.0269209 MAX 0.0447374  PROXIES: TOTAL 120 MAXPE 17 MAXPATCH 5 RefineTorusLB MEM: 0 MB
LDB: Reverting to original mapping
LDB: ============== END OF LOAD BALANCING =============== 438.064
Info: useSync: 0 useProxySync: 0
LDB: =============== DONE WITH MIGRATION ================ 438.064
ENERGY: 2974500        72.8858       220.0976       156.2012         0.0000         -60479.6831      7372.2400         0.0000         0.0000      9859.0094         -42799.2490       309.0755    -52658.2584    -42775.7145       309.0873             85.6098       159.1137    161245.1811        -7.9631        -7.1286

TIMING: 2975000  CPU: 442.618, 0.00196197/step  Wall: 439.177, 0.00191319/step, 0.146146 hours remaining, 0.000000 MB of memory in use.
PERFORMANCE: 2975000  averaging 88.5372 ns/day, 0.00195172 sec/step with standard deviation 3.28474e-05
ETITLE:      TS           BOND          ANGLE          DIHED          IMPRP               ELECT            VDW       BOUNDARY           MISC        KINETIC               TOTAL           TEMP      POTENTIAL         TOTAL3        TEMPAVG            PRESSURE      GPRESSURE         VOLUME       PRESSAVG      GPRESSAVG

ENERGY: 2975000        84.6263       195.1284       146.3172         0.0000         -60443.5200      7389.0662         0.0000         0.0000      9825.0189         -42803.3631       308.0099    -52628.3820    -42779.8321       309.5549            -47.3205        37.4732    162001.0944         7.4401         7.7915

WRITING EXTENDED SYSTEM TO RESTART FILE AT STEP 2975000
WRITING COORDINATES TO DCD FILE 06_prod_1ns/prod_06.dcd AT STEP 2975000
WRITING COORDINATES TO RESTART FILE AT STEP 2975000
FINISHED WRITING RESTART COORDINATES
WRITING VELOCITIES TO RESTART FILE AT STEP 2975000
FINISHED WRITING RESTART VELOCITIES
ENERGY: 2975500        91.4407       197.0396       151.9399         0.0000         -60187.2236      7315.2889         0.0000         0.0000      9720.8534         -42710.6611       304.7443    -52431.5145    -42690.7661       309.2920           -121.1922       -37.8185    162315.4397        -7.5101        -8.4368

ENERGY: 2976000        80.6602       205.6925       143.0023         0.0000         -60662.5441      7473.1751         0.0000         0.0000      9886.2021         -42873.8119       309.9279    -52760.0139    -42849.9137       309.4142            106.0798       182.3300    160893.3342         2.9825         2.9412

WRITING COORDINATES TO DCD FILE 06_prod_1ns/prod_06.dcd AT STEP 2976000
LDB: ============= START OF LOAD BALANCING ============== 441.784
LDB: ============== END OF LOAD BALANCING =============== 441.785
Info: useSync: 0 useProxySync: 0
LDB: =============== DONE WITH MIGRATION ================ 441.785
LDB: ============= START OF LOAD BALANCING ============== 441.88
LDB: TIME 441.88 LOAD: AVG 0.0257406 MAX 0.0463881  PROXIES: TOTAL 120 MAXPE 17 MAXPATCH 5 None MEM: 0 MB
LDB: TIME 441.881 LOAD: AVG 0.0257406 MAX 0.0463881  PROXIES: TOTAL 120 MAXPE 17 MAXPATCH 5 RefineTorusLB MEM: 0 MB
LDB: TIME 441.881 LOAD: AVG 0.0257406 MAX 0.0463881  PROXIES: TOTAL 120 MAXPE 17 MAXPATCH 5 RefineTorusLB MEM: 0 MB
LDB: Reverting to original mapping
LDB: ============== END OF LOAD BALANCING =============== 441.881
Info: useSync: 0 useProxySync: 0
LDB: =============== DONE WITH MIGRATION ================ 441.882
ENERGY: 2976500        81.3426       207.9395       155.7608         0.0000         -60140.8774      7208.7167         0.0000         0.0000      9763.3701         -42723.7477       306.0772    -52487.1178    -42704.1150       309.2841           -325.3307      -215.0391    162874.6915        -1.5350        -1.7523

ENERGY: 2977000        67.5946       202.9485       142.2121         0.0000         -60683.2915      7577.8385         0.0000         0.0000      9925.7815         -42766.9162       311.1687    -52692.6977    -42753.7502       309.5371            252.2513       347.5102    162481.3011         5.1462         6.0128

WRITING COORDINATES TO DCD FILE 06_prod_1ns/prod_06.dcd AT STEP 2977000
ENERGY: 2977500        79.2223       183.8752       146.9339         0.0000         -60360.8788      7307.2536         0.0000         0.0000     10001.2120         -42642.3818       313.5334    -52643.5938    -42620.4406       310.4752           -138.5235       -40.9500    162285.1721         4.6472         3.8719

ENERGY: 2978000        86.3369       199.7964       145.5890         0.0000         -60010.4469      7196.5512         0.0000         0.0000      9653.8175         -42728.3558       302.6428    -52382.1733    -42709.8607       310.2691           -275.5476      -162.7581    163417.1050        -2.1548        -4.1220

WRITING COORDINATES TO DCD FILE 06_prod_1ns/prod_06.dcd AT STEP 2978000
LDB: ============= START OF LOAD BALANCING ============== 445.608
LDB: ============== END OF LOAD BALANCING =============== 445.609
Info: useSync: 0 useProxySync: 0
LDB: =============== DONE WITH MIGRATION ================ 445.609
LDB: ============= START OF LOAD BALANCING ============== 445.706
LDB: TIME 445.706 LOAD: AVG 0.0272199 MAX 0.0453372  PROXIES: TOTAL 120 MAXPE 17 MAXPATCH 5 None MEM: 0 MB
LDB: TIME 445.706 LOAD: AVG 0.0272199 MAX 0.0453372  PROXIES: TOTAL 120 MAXPE 17 MAXPATCH 5 RefineTorusLB MEM: 0 MB
LDB: TIME 445.707 LOAD: AVG 0.0272199 MAX 0.0453372  PROXIES: TOTAL 120 MAXPE 17 MAXPATCH 5 RefineTorusLB MEM: 0 MB
LDB: ============== END OF LOAD BALANCING =============== 445.707
Info: useSync: 0 useProxySync: 0
LDB: =============== DONE WITH MIGRATION ================ 445.708
ENERGY: 2978500        72.3541       191.2292       148.1768         0.0000         -60277.9980      7336.1333         0.0000         0.0000      9852.0253         -42678.0792       308.8565    -52530.1045    -42659.7529       308.7424            -24.2947        73.2361    162462.8140        -7.9020        -8.0061

ENERGY: 2979000        75.9838       179.3923       141.1490         0.0000         -60329.0179      7284.4948         0.0000         0.0000      9950.9281         -42697.0699       311.9571    -52647.9979    -42674.7900       310.5477           -146.4732       -61.5087    162866.5349         3.8704         4.2612

WRITING COORDINATES TO DCD FILE 06_prod_1ns/prod_06.dcd AT STEP 2979000
ENERGY: 2979500        67.0682       177.7494       144.5054         0.0000         -60230.5241      7269.8295         0.0000         0.0000      9910.0887         -42661.2830       310.6768    -52571.3717    -42640.2023       309.6473           -162.1901       -80.4370    162720.0259         3.9506         3.2848

TIMING: 2980000  CPU: 452.478, 0.00197192/step  Wall: 448.766, 0.00191778/step, 0.143834 hours remaining, 0.000000 MB of memory in use.
PERFORMANCE: 2980000  averaging 88.5707 ns/day, 0.00195098 sec/step with standard deviation 3.28637e-05
ETITLE:      TS           BOND          ANGLE          DIHED          IMPRP               ELECT            VDW       BOUNDARY           MISC        KINETIC               TOTAL           TEMP      POTENTIAL         TOTAL3        TEMPAVG            PRESSURE      GPRESSURE         VOLUME       PRESSAVG      GPRESSAVG

ENERGY: 2980000        70.6845       203.9462       147.3481         0.0000         -60381.6598      7433.5159         0.0000         0.0000      9893.2995         -42632.8656       310.1504    -52526.1651    -42615.7179       311.0674            144.5860       222.9815    161546.5264         8.4300         7.9238

WRITING EXTENDED SYSTEM TO RESTART FILE AT STEP 2980000
WRITING COORDINATES TO DCD FILE 06_prod_1ns/prod_06.dcd AT STEP 2980000
WRITING COORDINATES TO RESTART FILE AT STEP 2980000
FINISHED WRITING RESTART COORDINATES
WRITING VELOCITIES TO RESTART FILE AT STEP 2980000
FINISHED WRITING RESTART VELOCITIES
LDB: ============= START OF LOAD BALANCING ============== 449.53
LDB: ============== END OF LOAD BALANCING =============== 449.53
Info: useSync: 0 useProxySync: 0
LDB: =============== DONE WITH MIGRATION ================ 449.531
LDB: ============= START OF LOAD BALANCING ============== 449.63
LDB: TIME 449.63 LOAD: AVG 0.027262 MAX 0.0481009  PROXIES: TOTAL 120 MAXPE 17 MAXPATCH 5 None MEM: 0 MB
LDB: TIME 449.63 LOAD: AVG 0.027262 MAX 0.0481009  PROXIES: TOTAL 120 MAXPE 17 MAXPATCH 5 RefineTorusLB MEM: 0 MB
LDB: TIME 449.63 LOAD: AVG 0.027262 MAX 0.0481009  PROXIES: TOTAL 120 MAXPE 17 MAXPATCH 5 RefineTorusLB MEM: 0 MB
LDB: ============== END OF LOAD BALANCING =============== 449.631
Info: useSync: 0 useProxySync: 0
LDB: =============== DONE WITH MIGRATION ================ 449.631
ENERGY: 2980500        73.3042       192.6021       147.3539         0.0000         -60395.0829      7246.9471         0.0000         0.0000      9923.9604         -42810.9151       311.1116    -52734.8756    -42787.4318       311.1036           -165.7613       -70.1299    161635.0404         0.8837         1.2983

ENERGY: 2981000        64.3230       194.9412       146.6940         0.0000         -60141.4256      7222.8982         0.0000         0.0000      9801.3008         -42711.2683       307.2663    -52512.5691    -42694.9867       309.4705           -132.7949       -56.0874    161997.1977         5.1829         5.7185

WRITING COORDINATES TO DCD FILE 06_prod_1ns/prod_06.dcd AT STEP 2981000
ENERGY: 2981500        66.5098       187.0463       149.8138         0.0000         -60231.1896      7342.6379         0.0000         0.0000      9960.8403         -42524.3415       312.2678    -52485.1818    -42502.1429       311.7317             53.5739       136.9391    163065.0615         0.1551        -0.2953

ENERGY: 2982000        81.7302       200.7279       147.0907         0.0000         -60342.8211      7410.5881         0.0000         0.0000      9908.7948         -42593.8894       310.6362    -52502.6842    -42573.7881       310.7337             81.9085       170.4407    162217.1032        -2.3213        -3.7027

WRITING COORDINATES TO DCD FILE 06_prod_1ns/prod_06.dcd AT STEP 2982000
LDB: ============= START OF LOAD BALANCING ============== 453.414
LDB: ============== END OF LOAD BALANCING =============== 453.414
Info: useSync: 0 useProxySync: 0
LDB: =============== DONE WITH MIGRATION ================ 453.414
LDB: ============= START OF LOAD BALANCING ============== 453.512
LDB: TIME 453.513 LOAD: AVG 0.027245 MAX 0.0438696  PROXIES: TOTAL 120 MAXPE 17 MAXPATCH 5 None MEM: 0 MB
LDB: TIME 453.513 LOAD: AVG 0.027245 MAX 0.0438696  PROXIES: TOTAL 120 MAXPE 17 MAXPATCH 5 RefineTorusLB MEM: 0 MB
LDB: TIME 453.513 LOAD: AVG 0.027245 MAX 0.0438696  PROXIES: TOTAL 120 MAXPE 17 MAXPATCH 5 RefineTorusLB MEM: 0 MB
LDB: Reverting to original mapping
LDB: ============== END OF LOAD BALANCING =============== 453.514
Info: useSync: 0 useProxySync: 0
LDB: =============== DONE WITH MIGRATION ================ 453.514
ENERGY: 2982500        85.6536       208.9192       141.0737         0.0000         -60388.9879      7242.0371         0.0000         0.0000      9757.4290         -42953.8754       305.8910    -52711.3044    -42933.2526       309.1738           -317.6337      -249.6493    162150.5184       -12.9377       -13.4121

ENERGY: 2983000        88.1391       193.8701       147.1918         0.0000         -60275.0725      7173.8321         0.0000         0.0000      9956.4643         -42715.5751       312.1306    -52672.0394    -42695.3108       308.0558           -262.5142      -180.5472    161621.1102         3.3959         2.7283

WRITING COORDINATES TO DCD FILE 06_prod_1ns/prod_06.dcd AT STEP 2983000
ENERGY: 2983500        73.1242       207.2052       141.6826         0.0000         -60179.3868      7170.2929         0.0000         0.0000      9941.8789         -42645.2031       311.6734    -52587.0819    -42623.0819       309.7818           -107.6643       -32.7325    161262.3251         5.6280         4.1082

ENERGY: 2984000        77.2166       194.0316       141.8303         0.0000         -59980.3771      7218.8081         0.0000         0.0000      9966.7093         -42381.7811       312.4518    -52348.4905    -42358.5247       311.1366             29.6390       127.9106    161986.5003        12.5622        12.7099

WRITING COORDINATES TO DCD FILE 06_prod_1ns/prod_06.dcd AT STEP 2984000
LDB: ============= START OF LOAD BALANCING ============== 457.308
LDB: ============== END OF LOAD BALANCING =============== 457.308
Info: useSync: 0 useProxySync: 0
LDB: =============== DONE WITH MIGRATION ================ 457.309
LDB: ============= START OF LOAD BALANCING ============== 457.406
LDB: TIME 457.406 LOAD: AVG 0.0284624 MAX 0.0465098  PROXIES: TOTAL 120 MAXPE 17 MAXPATCH 5 None MEM: 0 MB
LDB: TIME 457.406 LOAD: AVG 0.0284624 MAX 0.0465098  PROXIES: TOTAL 120 MAXPE 17 MAXPATCH 5 RefineTorusLB MEM: 0 MB
LDB: TIME 457.407 LOAD: AVG 0.0284624 MAX 0.0465098  PROXIES: TOTAL 120 MAXPE 17 MAXPATCH 5 RefineTorusLB MEM: 0 MB
LDB: Reverting to original mapping
LDB: ============== END OF LOAD BALANCING =============== 457.407
Info: useSync: 0 useProxySync: 0
LDB: =============== DONE WITH MIGRATION ================ 457.408
ENERGY: 2984500        77.4352       187.2121       150.2719         0.0000         -60436.0166      7514.4959         0.0000         0.0000      9954.8389         -42551.7625       312.0797    -52506.6014    -42530.8024       311.8522            293.5828       400.4795    161949.0436       -11.7428       -12.4416

TIMING: 2985000  CPU: 462.298, 0.00196412/step  Wall: 458.659, 0.00197848/step, 0.145638 hours remaining, 0.000000 MB of memory in use.
PERFORMANCE: 2985000  averaging 88.5441 ns/day, 0.00195157 sec/step with standard deviation 3.2751e-05
ETITLE:      TS           BOND          ANGLE          DIHED          IMPRP               ELECT            VDW       BOUNDARY           MISC        KINETIC               TOTAL           TEMP      POTENTIAL         TOTAL3        TEMPAVG            PRESSURE      GPRESSURE         VOLUME       PRESSAVG      GPRESSAVG

ENERGY: 2985000        66.4375       204.6811       167.7161         0.0000         -60420.5366      7266.9772         0.0000         0.0000      9840.2988         -42874.4259       308.4889    -52714.7246    -42855.9532       309.6900           -201.8663      -114.4403    161953.4491         6.3488         6.0357

WRITING EXTENDED SYSTEM TO RESTART FILE AT STEP 2985000
WRITING COORDINATES TO DCD FILE 06_prod_1ns/prod_06.dcd AT STEP 2985000
WRITING COORDINATES TO RESTART FILE AT STEP 2985000
FINISHED WRITING RESTART COORDINATES
WRITING VELOCITIES TO RESTART FILE AT STEP 2985000
FINISHED WRITING RESTART VELOCITIES
ENERGY: 2985500        76.4589       180.6525       155.0063         0.0000         -60352.8624      7440.3742         0.0000         0.0000      9937.8614         -42562.5091       311.5474    -52500.3705    -42539.7449       310.1122            187.2814       265.6016    162274.6778        -0.0445        -0.0794

ENERGY: 2986000        73.1544       208.2425       147.1666         0.0000         -60449.1140      7407.4340         0.0000         0.0000      9901.8494         -42711.2672       310.4185    -52613.1165    -42676.9438       309.7886             27.0332        79.0541    162705.6452       -18.6244       -18.4027

WRITING COORDINATES TO DCD FILE 06_prod_1ns/prod_06.dcd AT STEP 2986000
LDB: ============= START OF LOAD BALANCING ============== 461.504
LDB: ============== END OF LOAD BALANCING =============== 461.505
Info: useSync: 0 useProxySync: 0
LDB: =============== DONE WITH MIGRATION ================ 461.505
LDB: ============= START OF LOAD BALANCING ============== 461.602
LDB: TIME 461.602 LOAD: AVG 0.0268901 MAX 0.0435609  PROXIES: TOTAL 120 MAXPE 17 MAXPATCH 5 None MEM: 0 MB
LDB: TIME 461.602 LOAD: AVG 0.0268901 MAX 0.0435609  PROXIES: TOTAL 120 MAXPE 17 MAXPATCH 5 RefineTorusLB MEM: 0 MB
LDB: TIME 461.602 LOAD: AVG 0.0268901 MAX 0.0435609  PROXIES: TOTAL 120 MAXPE 17 MAXPATCH 5 RefineTorusLB MEM: 0 MB
LDB: Reverting to original mapping
LDB: ============== END OF LOAD BALANCING =============== 461.603
Info: useSync: 0 useProxySync: 0
LDB: =============== DONE WITH MIGRATION ================ 461.604
ENERGY: 2986500        80.9221       196.8196       156.1384         0.0000         -60403.5155      7355.2656         0.0000         0.0000      9906.8848         -42707.4850       310.5763    -52614.3698    -42692.8448       310.5824            -63.4085         6.8603    162310.4985         7.6739         6.4710

ENERGY: 2987000        78.3731       210.7844       152.8820         0.0000         -60500.6096      7297.9468         0.0000         0.0000      9855.1654         -42905.4578       308.9549    -52760.6232    -42875.7243       309.7665           -301.3929      -183.1848    161603.8178        10.7902        10.6470

WRITING COORDINATES TO DCD FILE 06_prod_1ns/prod_06.dcd AT STEP 2987000
ENERGY: 2987500        77.9933       195.0238       148.5515         0.0000         -60512.1425      7322.4328         0.0000         0.0000      9886.5917         -42881.5493       309.9401    -52768.1411    -42863.0830       309.2994           -190.4542      -118.7929    161897.5230        -5.4025        -6.1724

ENERGY: 2988000        76.5434       193.9417       143.2887         0.0000         -60380.6217      7392.0411         0.0000         0.0000      9814.7937         -42760.0131       307.6893    -52574.8068    -42740.3987       308.5639            -31.7837        49.2316    162501.4680        -3.1505        -2.4739

WRITING COORDINATES TO DCD FILE 06_prod_1ns/prod_06.dcd AT STEP 2988000
LDB: ============= START OF LOAD BALANCING ============== 465.379
LDB: ============== END OF LOAD BALANCING =============== 465.379
Info: useSync: 0 useProxySync: 0
LDB: =============== DONE WITH MIGRATION ================ 465.38
LDB: ============= START OF LOAD BALANCING ============== 465.477
LDB: TIME 465.477 LOAD: AVG 0.0274106 MAX 0.0478595  PROXIES: TOTAL 120 MAXPE 17 MAXPATCH 5 None MEM: 0 MB
LDB: TIME 465.478 LOAD: AVG 0.0274106 MAX 0.0478595  PROXIES: TOTAL 120 MAXPE 17 MAXPATCH 5 RefineTorusLB MEM: 0 MB
LDB: TIME 465.478 LOAD: AVG 0.0274106 MAX 0.0478595  PROXIES: TOTAL 120 MAXPE 17 MAXPATCH 5 RefineTorusLB MEM: 0 MB
LDB: Reverting to original mapping
LDB: ============== END OF LOAD BALANCING =============== 465.478
Info: useSync: 0 useProxySync: 0
LDB: =============== DONE WITH MIGRATION ================ 465.479
ENERGY: 2988500        85.2562       212.3734       145.6624         0.0000         -60421.5414      7442.9404         0.0000         0.0000      9917.2649         -42618.0441       310.9017    -52535.3090    -42597.9603       311.2201            216.0475       298.7737    161831.3514        -0.8060         0.1642

ENERGY: 2989000        71.0044       223.2044       156.0002         0.0000         -60309.2876      7392.5889         0.0000         0.0000      9928.0357         -42538.4540       311.2394    -52466.4897    -42512.8410       311.0911            251.5388       330.4815    160921.7371        -1.0594        -1.4577

WRITING COORDINATES TO DCD FILE 06_prod_1ns/prod_06.dcd AT STEP 2989000
ENERGY: 2989500        86.5089       187.1938       146.7307         0.0000         -60234.5044      7386.3991         0.0000         0.0000      9879.3257         -42548.3463       309.7124    -52427.6720    -42524.3792       310.4928            119.2358       207.9302    162081.3437        -6.6441        -7.8088

TIMING: 2990000  CPU: 472.127, 0.00196579/step  Wall: 468.47, 0.00196238/step, 0.141728 hours remaining, 0.000000 MB of memory in use.
PERFORMANCE: 2990000  averaging 88.5339 ns/day, 0.00195179 sec/step with standard deviation 3.24383e-05
ETITLE:      TS           BOND          ANGLE          DIHED          IMPRP               ELECT            VDW       BOUNDARY           MISC        KINETIC               TOTAL           TEMP      POTENTIAL         TOTAL3        TEMPAVG            PRESSURE      GPRESSURE         VOLUME       PRESSAVG      GPRESSAVG

ENERGY: 2990000        71.9019       198.4139       146.2823         0.0000         -60500.3258      7470.2227         0.0000         0.0000      9967.2854         -42646.2196       312.4699    -52613.5050    -42628.0804       310.7693            165.5808       240.3433    161909.8310        -0.8957        -1.6751

WRITING EXTENDED SYSTEM TO RESTART FILE AT STEP 2990000
WRITING COORDINATES TO DCD FILE 06_prod_1ns/prod_06.dcd AT STEP 2990000
WRITING COORDINATES TO RESTART FILE AT STEP 2990000
FINISHED WRITING RESTART COORDINATES
WRITING VELOCITIES TO RESTART FILE AT STEP 2990000
FINISHED WRITING RESTART VELOCITIES
LDB: ============= START OF LOAD BALANCING ============== 469.244
LDB: ============== END OF LOAD BALANCING =============== 469.244
Info: useSync: 0 useProxySync: 0
LDB: =============== DONE WITH MIGRATION ================ 469.245
LDB: ============= START OF LOAD BALANCING ============== 469.339
LDB: TIME 469.339 LOAD: AVG 0.0263874 MAX 0.0455649  PROXIES: TOTAL 120 MAXPE 17 MAXPATCH 5 None MEM: 0 MB
LDB: TIME 469.339 LOAD: AVG 0.0263874 MAX 0.0455649  PROXIES: TOTAL 120 MAXPE 17 MAXPATCH 5 RefineTorusLB MEM: 0 MB
LDB: TIME 469.34 LOAD: AVG 0.0263874 MAX 0.0455649  PROXIES: TOTAL 120 MAXPE 17 MAXPATCH 5 RefineTorusLB MEM: 0 MB
LDB: Reverting to original mapping
LDB: ============== END OF LOAD BALANCING =============== 469.34
Info: useSync: 0 useProxySync: 0
LDB: =============== DONE WITH MIGRATION ================ 469.341
ENERGY: 2990500        75.8778       187.8741       155.5174         0.0000         -60399.0664      7296.1250         0.0000         0.0000      9953.0991         -42730.5729       312.0251    -52683.6720    -42707.4197       308.1681           -287.6105      -184.5628    163135.7186        -7.6678        -8.0195

ENERGY: 2991000        70.4739       206.8479       148.0912         0.0000         -60268.2938      7146.0557         0.0000         0.0000     10038.7974         -42658.0277       314.7117    -52696.8251    -42637.6693       309.7156           -322.8865      -236.0291    162254.4899        -3.2396        -3.4043

WRITING COORDINATES TO DCD FILE 06_prod_1ns/prod_06.dcd AT STEP 2991000
ENERGY: 2991500        79.0434       200.2134       145.5700         0.0000         -60228.0673      7253.1340         0.0000         0.0000      9732.3775         -42817.7291       305.1056    -52550.1066    -42792.1099       309.8366           -167.5495       -80.4845    162934.4678        13.3968        13.9835

ENERGY: 2992000        75.5042       205.5738       148.9929         0.0000         -60443.4325      7340.7517         0.0000         0.0000      9932.5782         -42740.0318       311.3818    -52672.6100    -42715.3890       309.0401           -205.5340      -127.2781    162476.3402        -0.2265        -0.4921

WRITING COORDINATES TO DCD FILE 06_prod_1ns/prod_06.dcd AT STEP 2992000
LDB: ============= START OF LOAD BALANCING ============== 473
LDB: ============== END OF LOAD BALANCING =============== 473
Info: useSync: 0 useProxySync: 0
LDB: =============== DONE WITH MIGRATION ================ 473.001
LDB: ============= START OF LOAD BALANCING ============== 473.094
LDB: TIME 473.095 LOAD: AVG 0.0264761 MAX 0.0418798  PROXIES: TOTAL 120 MAXPE 17 MAXPATCH 5 None MEM: 0 MB
LDB: TIME 473.095 LOAD: AVG 0.0264761 MAX 0.0418798  PROXIES: TOTAL 120 MAXPE 17 MAXPATCH 5 RefineTorusLB MEM: 0 MB
LDB: TIME 473.095 LOAD: AVG 0.0264761 MAX 0.0418798  PROXIES: TOTAL 120 MAXPE 17 MAXPATCH 5 RefineTorusLB MEM: 0 MB
LDB: Reverting to original mapping
LDB: ============== END OF LOAD BALANCING =============== 473.096
Info: useSync: 0 useProxySync: 0
LDB: =============== DONE WITH MIGRATION ================ 473.096
ENERGY: 2992500        75.8614       206.2396       155.7406         0.0000         -60110.9926      7057.8177         0.0000         0.0000      9811.1914         -42804.1418       307.5764    -52615.3332    -42782.2752       309.2521           -431.1816      -349.6207    161774.4321         6.4719         5.8897

ENERGY: 2993000        66.1099       200.8064       147.5538         0.0000         -60372.3585      7409.1379         0.0000         0.0000      9801.5021         -42747.2485       307.2726    -52548.7505    -42727.5288       308.7609             34.7113       121.2689    162498.5849        -3.6373        -3.6322

WRITING COORDINATES TO DCD FILE 06_prod_1ns/prod_06.dcd AT STEP 2993000
ENERGY: 2993500        75.8168       189.1340       161.1230         0.0000         -60259.5861      7280.5480         0.0000         0.0000      9833.8968         -42719.0675       308.2882    -52552.9643    -42698.2728       309.3439           -291.8399      -167.7503    162808.7926        -2.5361        -3.2307

ENERGY: 2994000        66.3539       190.8623       143.9684         0.0000         -60585.6079      7443.3802         0.0000         0.0000      9996.2308         -42744.8124       313.3773    -52741.0432    -42724.5176       310.1977            122.3884       219.3092    161338.5041        -6.4118        -7.3643

WRITING COORDINATES TO DCD FILE 06_prod_1ns/prod_06.dcd AT STEP 2994000
LDB: ============= START OF LOAD BALANCING ============== 476.808
LDB: ============== END OF LOAD BALANCING =============== 476.808
Info: useSync: 0 useProxySync: 0
LDB: =============== DONE WITH MIGRATION ================ 476.809
LDB: ============= START OF LOAD BALANCING ============== 476.903
LDB: TIME 476.903 LOAD: AVG 0.0271961 MAX 0.0429223  PROXIES: TOTAL 120 MAXPE 17 MAXPATCH 5 None MEM: 0 MB
LDB: TIME 476.904 LOAD: AVG 0.0271961 MAX 0.0429223  PROXIES: TOTAL 120 MAXPE 17 MAXPATCH 5 RefineTorusLB MEM: 0 MB
LDB: TIME 476.904 LOAD: AVG 0.0271961 MAX 0.0429223  PROXIES: TOTAL 120 MAXPE 17 MAXPATCH 5 RefineTorusLB MEM: 0 MB
LDB: ============== END OF LOAD BALANCING =============== 476.904
Info: useSync: 0 useProxySync: 0
LDB: =============== DONE WITH MIGRATION ================ 476.905
ENERGY: 2994500        76.5247       189.3595       153.5009         0.0000         -60348.0616      7309.9478         0.0000         0.0000      9944.9931         -42673.7357       311.7710    -52618.7288    -42650.4459       310.1402           -111.6100       -22.5539    162874.8493         2.4189         2.1889

TIMING: 2995000  CPU: 481.996, 0.00197388/step  Wall: 478.051, 0.00191617/step, 0.135729 hours remaining, 0.000000 MB of memory in use.
PERFORMANCE: 2995000  averaging 88.5669 ns/day, 0.00195107 sec/step with standard deviation 3.24995e-05
ETITLE:      TS           BOND          ANGLE          DIHED          IMPRP               ELECT            VDW       BOUNDARY           MISC        KINETIC               TOTAL           TEMP      POTENTIAL         TOTAL3        TEMPAVG            PRESSURE      GPRESSURE         VOLUME       PRESSAVG      GPRESSAVG

ENERGY: 2995000        61.9923       189.2410       150.1442         0.0000         -60267.4484      7286.7364         0.0000         0.0000      9984.3871         -42594.9474       313.0060    -52579.3345    -42575.3267       310.4417            -54.3130        49.9695    162283.3374        18.8226        18.8867

WRITING EXTENDED SYSTEM TO RESTART FILE AT STEP 2995000
WRITING COORDINATES TO DCD FILE 06_prod_1ns/prod_06.dcd AT STEP 2995000
WRITING COORDINATES TO RESTART FILE AT STEP 2995000
FINISHED WRITING RESTART COORDINATES
WRITING VELOCITIES TO RESTART FILE AT STEP 2995000
FINISHED WRITING RESTART VELOCITIES
ENERGY: 2995500        69.6260       184.7159       157.4922         0.0000         -60586.9058      7407.3011         0.0000         0.0000     10017.4643         -42750.3063       314.0429    -52767.7706    -42726.3569       309.9559            -72.3447        38.4118    162030.8691       -12.2679       -10.9021

ENERGY: 2996000        82.9082       190.2346       147.2526         0.0000         -60102.5026      7232.0982         0.0000         0.0000      9730.5990         -42719.4100       305.0498    -52450.0090    -42698.0541       309.8386           -294.8958      -198.4385    162622.3378        -1.8154        -2.1215

WRITING COORDINATES TO DCD FILE 06_prod_1ns/prod_06.dcd AT STEP 2996000
LDB: ============= START OF LOAD BALANCING ============== 480.732
LDB: ============== END OF LOAD BALANCING =============== 480.732
Info: useSync: 0 useProxySync: 0
LDB: =============== DONE WITH MIGRATION ================ 480.732
LDB: ============= START OF LOAD BALANCING ============== 480.829
LDB: TIME 480.83 LOAD: AVG 0.0261745 MAX 0.0418618  PROXIES: TOTAL 120 MAXPE 17 MAXPATCH 5 None MEM: 0 MB
LDB: TIME 480.83 LOAD: AVG 0.0261745 MAX 0.0418618  PROXIES: TOTAL 120 MAXPE 17 MAXPATCH 5 RefineTorusLB MEM: 0 MB
LDB: TIME 480.83 LOAD: AVG 0.0261745 MAX 0.0418618  PROXIES: TOTAL 120 MAXPE 17 MAXPATCH 5 RefineTorusLB MEM: 0 MB
LDB: ============== END OF LOAD BALANCING =============== 480.831
Info: useSync: 0 useProxySync: 0
LDB: =============== DONE WITH MIGRATION ================ 480.831
ENERGY: 2996500        75.4277       204.7773       149.1256         0.0000         -60398.4626      7447.4683         0.0000         0.0000      9752.2213         -42769.4424       305.7277    -52521.6637    -42747.1080       309.3666             42.3077       125.9464    162550.2503         5.6575         5.9568

WRITING COORDINATES TO DCD FILE 06_prod_1ns/prod_06.dcd AT STEP 2997000
ENERGY: 2997000        79.0718       196.0207       145.1716         0.0000         -60370.5094      7272.3942         0.0000         0.0000      9970.8285         -42707.0226       312.5809    -52677.8511    -42682.3642       309.9446           -256.1307      -170.5380    161649.6146        -3.3682        -3.9340

ENERGY: 2997500        88.8078       191.3415       148.3178         0.0000         -60349.7214      7348.1590         0.0000         0.0000      9876.7775         -42696.3177       309.6325    -52573.0952    -42678.5711       309.8383           -115.8004       -38.1896    162267.0836        -3.8220        -3.6641

WRITING COORDINATES TO DCD FILE 06_prod_1ns/prod_06.dcd AT STEP 2998000
ENERGY: 2998000        70.2206       176.1975       155.7941         0.0000         -60303.1735      7284.0059         0.0000         0.0000      9923.6472         -42693.3083       311.1018    -52616.9555    -42676.1503       309.2255           -166.3831       -78.1537    162635.6739         0.0678         0.5457

LDB: ============= START OF LOAD BALANCING ============== 484.644
LDB: ============== END OF LOAD BALANCING =============== 484.644
Info: useSync: 0 useProxySync: 0
LDB: =============== DONE WITH MIGRATION ================ 484.645
LDB: ============= START OF LOAD BALANCING ============== 484.746
LDB: TIME 484.747 LOAD: AVG 0.0282105 MAX 0.0488232  PROXIES: TOTAL 120 MAXPE 17 MAXPATCH 5 None MEM: 0 MB
LDB: TIME 484.747 LOAD: AVG 0.0282105 MAX 0.0488232  PROXIES: TOTAL 120 MAXPE 17 MAXPATCH 5 RefineTorusLB MEM: 0 MB
LDB: TIME 484.747 LOAD: AVG 0.0282105 MAX 0.0488232  PROXIES: TOTAL 120 MAXPE 17 MAXPATCH 5 RefineTorusLB MEM: 0 MB
LDB: Reverting to original mapping
LDB: ============== END OF LOAD BALANCING =============== 484.747
Info: useSync: 0 useProxySync: 0
LDB: =============== DONE WITH MIGRATION ================ 484.748
ENERGY: 2998500        77.4994       193.7218       148.1093         0.0000         -60164.6754      7246.9110         0.0000         0.0000      9827.4100         -42671.0239       308.0848    -52498.4340    -42651.3658       310.6654           -329.8935      -244.8941    163492.9204         2.9252         3.0103

ENERGY: 2999000        72.6454       188.9240       143.6412         0.0000         -60150.9072      7201.4186         0.0000         0.0000      9872.1747         -42672.1032       309.4882    -52544.2780    -42648.7768       309.4536           -405.6184      -297.7701    163736.8124         3.6234         2.5067

WRITING COORDINATES TO DCD FILE 06_prod_1ns/prod_06.dcd AT STEP 2999000
ENERGY: 2999500        78.9888       197.6682       148.7846         0.0000         -60108.8336      7230.2802         0.0000         0.0000      9883.2954         -42569.8163       309.8368    -52453.1117    -42545.5847       310.2829           -231.8125      -130.6444    162804.5200         4.2959         4.0980

WRITING COORDINATES TO DCD FILE 06_prod_1ns/prod_06.dcd AT STEP 3000000
WRITING COORDINATES TO RESTART FILE AT STEP 3000000
FINISHED WRITING RESTART COORDINATES
WRITING VELOCITIES TO RESTART FILE AT STEP 3000000
FINISHED WRITING RESTART VELOCITIES
TIMING: 3000000  CPU: 491.894, 0.0019794/step  Wall: 487.983, 0.0019864/step, 0.137944 hours remaining, 0.000000 MB of memory in use.
PERFORMANCE: 3000000  averaging 88.5348 ns/day, 0.00195177 sec/step with standard deviation 3.25519e-05
ETITLE:      TS           BOND          ANGLE          DIHED          IMPRP               ELECT            VDW       BOUNDARY           MISC        KINETIC               TOTAL           TEMP      POTENTIAL         TOTAL3        TEMPAVG            PRESSURE      GPRESSURE         VOLUME       PRESSAVG      GPRESSAVG

ENERGY: 3000000        77.7387       192.8987       144.4725         0.0000         -60258.2391      7229.8301         0.0000         0.0000      9835.1982         -42778.1009       308.3290    -52613.2991    -42760.3204       310.9889           -160.2388      -112.2766    162283.6195         8.0511         6.3676

WRITING EXTENDED SYSTEM TO RESTART FILE AT STEP 3000000
LDB: ============= START OF LOAD BALANCING ============== 488.67
LDB: ============== END OF LOAD BALANCING =============== 488.67
Info: useSync: 0 useProxySync: 0
LDB: =============== DONE WITH MIGRATION ================ 488.671
LDB: ============= START OF LOAD BALANCING ============== 488.767
LDB: TIME 488.767 LOAD: AVG 0.0264936 MAX 0.0373252  PROXIES: TOTAL 120 MAXPE 17 MAXPATCH 5 None MEM: 0 MB
LDB: TIME 488.767 LOAD: AVG 0.0264936 MAX 0.0373252  PROXIES: TOTAL 120 MAXPE 17 MAXPATCH 5 RefineTorusLB MEM: 0 MB
LDB: TIME 488.767 LOAD: AVG 0.0264936 MAX 0.0373252  PROXIES: TOTAL 120 MAXPE 17 MAXPATCH 5 RefineTorusLB MEM: 0 MB
LDB: Reverting to original mapping
LDB: ============== END OF LOAD BALANCING =============== 488.768
Info: useSync: 0 useProxySync: 0
LDB: =============== DONE WITH MIGRATION ================ 488.768
ENERGY: 3000500        70.6644       195.4597       144.6395         0.0000         -60397.0064      7333.6659         0.0000         0.0000      9986.8009         -42665.7759       313.0817    -52652.5769    -42646.1001       308.6558            -12.7411       101.0465    161885.8801        -5.1536        -4.7777

ENERGY: 3001000        80.0487       197.9153       150.0092         0.0000         -60206.7438      7279.4354         0.0000         0.0000      9785.9790         -42713.3562       306.7860    -52499.3352    -42689.0653       309.7059           -107.9048       -26.4501    162286.9986         0.2674        -0.5763

WRITING COORDINATES TO DCD FILE 06_prod_1ns/prod_06.dcd AT STEP 3001000
ENERGY: 3001500        75.7888       192.8036       142.6865         0.0000         -60350.3905      7346.2011         0.0000         0.0000      9901.9063         -42691.0041       310.4203    -52592.9104    -42669.7220       309.4747            -85.0458        -1.3083    162041.7251         8.8219         8.2936

ENERGY: 3002000        73.5875       216.6028       145.4582         0.0000         -60466.3200      7361.7455         0.0000         0.0000      9743.7369         -42925.1890       305.4617    -52668.9259    -42900.2395       308.0718           -126.0566        -2.1792    162085.5919         7.8233         6.6798

WRITING COORDINATES TO DCD FILE 06_prod_1ns/prod_06.dcd AT STEP 3002000
LDB: ============= START OF LOAD BALANCING ============== 492.752
LDB: ============== END OF LOAD BALANCING =============== 492.752
Info: useSync: 0 useProxySync: 0
LDB: =============== DONE WITH MIGRATION ================ 492.752
LDB: ============= START OF LOAD BALANCING ============== 492.852
LDB: TIME 492.852 LOAD: AVG 0.0285182 MAX 0.0449952  PROXIES: TOTAL 120 MAXPE 17 MAXPATCH 5 None MEM: 0 MB
LDB: TIME 492.853 LOAD: AVG 0.0285182 MAX 0.0449952  PROXIES: TOTAL 120 MAXPE 17 MAXPATCH 5 RefineTorusLB MEM: 0 MB
LDB: TIME 492.854 LOAD: AVG 0.0285182 MAX 0.0449952  PROXIES: TOTAL 120 MAXPE 17 MAXPATCH 5 RefineTorusLB MEM: 0 MB
LDB: Reverting to original mapping
LDB: ============== END OF LOAD BALANCING =============== 492.854
Info: useSync: 0 useProxySync: 0
LDB: =============== DONE WITH MIGRATION ================ 492.855
ENERGY: 3002500        80.9397       209.4773       132.3952         0.0000         -60095.0392      7154.2214         0.0000         0.0000      9949.9860         -42568.0196       311.9275    -52518.0057    -42544.0133       310.4665           -235.3438      -136.1664    162457.2924         2.9245         2.6840

ENERGY: 3003000        67.0826       190.7220       141.2969         0.0000         -60421.5356      7434.5668         0.0000         0.0000     10039.7981         -42548.0691       314.7431    -52587.8672    -42524.3713       309.8421            256.4944       377.1253    161787.9327         2.6082         2.0123

WRITING COORDINATES TO DCD FILE 06_prod_1ns/prod_06.dcd AT STEP 3003000
ENERGY: 3003500        65.4793       194.9191       145.9483         0.0000         -60643.4586      7540.6690         0.0000         0.0000     10072.7399         -42623.7029       315.7758    -52696.4428    -42604.8742       310.6599            254.4869       311.8166    162390.0392         3.3706         2.9369

WRITING COORDINATES TO DCD FILE 06_prod_1ns/prod_06.dcd AT STEP 3004000
ENERGY: 3004000        69.8376       211.4431       148.7337         0.0000         -60463.5759      7487.3775         0.0000         0.0000      9923.8203         -42622.3637       311.1072    -52546.1839    -42598.1929       311.1513            120.1455       174.2114    162849.1343        10.0032         9.7325

LDB: ============= START OF LOAD BALANCING ============== 496.643
LDB: ============== END OF LOAD BALANCING =============== 496.643
Info: useSync: 0 useProxySync: 0
LDB: =============== DONE WITH MIGRATION ================ 496.644
LDB: ============= START OF LOAD BALANCING ============== 496.738
LDB: TIME 496.738 LOAD: AVG 0.0273363 MAX 0.0411858  PROXIES: TOTAL 120 MAXPE 17 MAXPATCH 5 None MEM: 0 MB
LDB: TIME 496.738 LOAD: AVG 0.0273363 MAX 0.0411858  PROXIES: TOTAL 120 MAXPE 17 MAXPATCH 5 RefineTorusLB MEM: 0 MB
LDB: TIME 496.739 LOAD: AVG 0.0273363 MAX 0.0411858  PROXIES: TOTAL 120 MAXPE 17 MAXPATCH 5 RefineTorusLB MEM: 0 MB
LDB: Reverting to original mapping
LDB: ============== END OF LOAD BALANCING =============== 496.739
Info: useSync: 0 useProxySync: 0
LDB: =============== DONE WITH MIGRATION ================ 496.74
ENERGY: 3004500        72.2560       197.1078       152.5157         0.0000         -60161.7472      7183.3737         0.0000         0.0000      9877.5581         -42678.9359       309.6569    -52556.4940    -42658.0408       310.0739           -406.7095      -280.7241    162945.5662        -4.2634        -3.3905

TIMING: 3005000  CPU: 501.746, 0.0019706/step  Wall: 497.895, 0.0019823/step, 0.134907 hours remaining, 0.000000 MB of memory in use.
PERFORMANCE: 3005000  averaging 88.5077 ns/day, 0.00195237 sec/step with standard deviation 3.25071e-05
ETITLE:      TS           BOND          ANGLE          DIHED          IMPRP               ELECT            VDW       BOUNDARY           MISC        KINETIC               TOTAL           TEMP      POTENTIAL         TOTAL3        TEMPAVG            PRESSURE      GPRESSURE         VOLUME       PRESSAVG      GPRESSAVG

ENERGY: 3005000        80.2188       196.9043       153.4410         0.0000         -59888.8428      7010.3239         0.0000         0.0000      9804.9745         -42642.9802       307.3815    -52447.9548    -42624.6260       310.6241           -596.6521      -504.9056    163223.0445         6.1609         6.2656

WRITING EXTENDED SYSTEM TO RESTART FILE AT STEP 3005000
WRITING COORDINATES TO DCD FILE 06_prod_1ns/prod_06.dcd AT STEP 3005000
WRITING COORDINATES TO RESTART FILE AT STEP 3005000
FINISHED WRITING RESTART COORDINATES
WRITING VELOCITIES TO RESTART FILE AT STEP 3005000
FINISHED WRITING RESTART VELOCITIES
ENERGY: 3005500        76.0278       190.8765       154.2150         0.0000         -60435.1346      7473.7042         0.0000         0.0000      9834.2320         -42706.0790       308.2987    -52540.3110    -42687.2556       309.9150            103.3088       199.6862    162745.4151        -1.8337        -2.7391

WRITING COORDINATES TO DCD FILE 06_prod_1ns/prod_06.dcd AT STEP 3006000
ENERGY: 3006000        87.2898       199.8068       151.7723         0.0000         -60379.4491      7259.7355         0.0000         0.0000      9955.0159         -42725.8288       312.0852    -52680.8448    -42703.8269       309.6589           -127.8634       -51.8590    162286.2219       -10.3751       -10.8401

LDB: ============= START OF LOAD BALANCING ============== 500.491
LDB: ============== END OF LOAD BALANCING =============== 500.492
Info: useSync: 0 useProxySync: 0
LDB: =============== DONE WITH MIGRATION ================ 500.492
LDB: ============= START OF LOAD BALANCING ============== 500.583
LDB: TIME 500.583 LOAD: AVG 0.0249458 MAX 0.0370728  PROXIES: TOTAL 120 MAXPE 17 MAXPATCH 5 None MEM: 0 MB
LDB: TIME 500.584 LOAD: AVG 0.0249458 MAX 0.0370728  PROXIES: TOTAL 120 MAXPE 17 MAXPATCH 5 RefineTorusLB MEM: 0 MB
LDB: TIME 500.584 LOAD: AVG 0.0249458 MAX 0.0370728  PROXIES: TOTAL 120 MAXPE 17 MAXPATCH 5 RefineTorusLB MEM: 0 MB
LDB: ============== END OF LOAD BALANCING =============== 500.584
Info: useSync: 0 useProxySync: 0
LDB: =============== DONE WITH MIGRATION ================ 500.585
ENERGY: 3006500        75.9107       204.0652       146.7335         0.0000         -60411.1041      7448.5117         0.0000         0.0000      9941.8016         -42594.0814       311.6710    -52535.8830    -42576.1991       310.4600             46.4532       135.3385    162569.6482        17.6814        16.7652

ENERGY: 3007000        77.2402       203.0360       152.3515         0.0000         -60066.2841      7081.5631         0.0000         0.0000      9989.6208         -42562.4727       313.1701    -52552.0934    -42535.0172       310.7842           -426.5866      -361.2436    162630.4586         1.3292         2.1152

WRITING COORDINATES TO DCD FILE 06_prod_1ns/prod_06.dcd AT STEP 3007000
ENERGY: 3007500        80.0171       194.1783       147.9541         0.0000         -60244.2322      7329.5122         0.0000         0.0000      9901.2524         -42591.3181       310.3998    -52492.5705    -42569.8850       310.9383           -126.6023       -17.3815    162456.3440         6.2052         6.0876

ENERGY: 3008000        77.4852       205.0615       153.8063         0.0000         -60147.9833      7279.1468         0.0000         0.0000      9933.8889         -42498.5947       311.4229    -52432.4835    -42478.6818       311.3011            -28.7210        54.9108    161888.2542         2.2724         2.9341

WRITING COORDINATES TO DCD FILE 06_prod_1ns/prod_06.dcd AT STEP 3008000
LDB: ============= START OF LOAD BALANCING ============== 504.184
LDB: ============== END OF LOAD BALANCING =============== 504.185
Info: useSync: 0 useProxySync: 0
LDB: =============== DONE WITH MIGRATION ================ 504.185
LDB: ============= START OF LOAD BALANCING ============== 504.279
LDB: TIME 504.279 LOAD: AVG 0.0264547 MAX 0.0420236  PROXIES: TOTAL 120 MAXPE 17 MAXPATCH 5 None MEM: 0 MB
LDB: TIME 504.279 LOAD: AVG 0.0264547 MAX 0.0420236  PROXIES: TOTAL 120 MAXPE 17 MAXPATCH 5 RefineTorusLB MEM: 0 MB
LDB: TIME 504.279 LOAD: AVG 0.0264547 MAX 0.0420236  PROXIES: TOTAL 120 MAXPE 17 MAXPATCH 5 RefineTorusLB MEM: 0 MB
LDB: ============== END OF LOAD BALANCING =============== 504.28
Info: useSync: 0 useProxySync: 0
LDB: =============== DONE WITH MIGRATION ================ 504.28
ENERGY: 3008500        68.1134       202.8558       150.1604         0.0000         -60273.4148      7238.7269         0.0000         0.0000     10020.9352         -42592.6231       314.1518    -52613.5583    -42571.3445       310.5574           -144.6771       -54.0915    162393.8105         1.8929         2.5678

ENERGY: 3009000        65.8565       203.6711       147.4674         0.0000         -60114.1504      7326.6449         0.0000         0.0000      9968.9527         -42401.5578       312.5221    -52370.5105    -42380.0812       311.6591             66.1325       166.4714    162231.5435         3.2621         2.3149

WRITING COORDINATES TO DCD FILE 06_prod_1ns/prod_06.dcd AT STEP 3009000
ENERGY: 3009500        62.1701       206.9909       153.3459         0.0000         -59961.4519      7134.1256         0.0000         0.0000      9915.0065         -42489.8130       310.8309    -52404.8195    -42461.0146       312.2000           -287.1702      -209.5882    162710.6758        -2.5476        -1.8574

WRITING COORDINATES TO DCD FILE 06_prod_1ns/prod_06.dcd AT STEP 3010000
WRITING COORDINATES TO RESTART FILE AT STEP 3010000
FINISHED WRITING RESTART COORDINATES
WRITING VELOCITIES TO RESTART FILE AT STEP 3010000
FINISHED WRITING RESTART VELOCITIES
TIMING: 3010000  CPU: 511.519, 0.00195456/step  Wall: 507.418, 0.00190471/step, 0.126981 hours remaining, 0.000000 MB of memory in use.
PERFORMANCE: 3010000  averaging 88.5493 ns/day, 0.00195146 sec/step with standard deviation 3.28585e-05
ETITLE:      TS           BOND          ANGLE          DIHED          IMPRP               ELECT            VDW       BOUNDARY           MISC        KINETIC               TOTAL           TEMP      POTENTIAL         TOTAL3        TEMPAVG            PRESSURE      GPRESSURE         VOLUME       PRESSAVG      GPRESSAVG

ENERGY: 3010000        74.7248       178.4341       152.3208         0.0000         -59835.8573      7146.3079         0.0000         0.0000      9914.3497         -42369.7201       310.8103    -52284.0698    -42350.1198       311.0804           -120.5214        -2.3547    163357.9335        11.1703        10.6464

WRITING EXTENDED SYSTEM TO RESTART FILE AT STEP 3010000
LDB: ============= START OF LOAD BALANCING ============== 508.12
LDB: ============== END OF LOAD BALANCING =============== 508.121
Info: useSync: 0 useProxySync: 0
LDB: =============== DONE WITH MIGRATION ================ 508.121
LDB: ============= START OF LOAD BALANCING ============== 508.217
LDB: TIME 508.218 LOAD: AVG 0.0273277 MAX 0.0474305  PROXIES: TOTAL 120 MAXPE 17 MAXPATCH 5 None MEM: 0 MB
LDB: TIME 508.218 LOAD: AVG 0.0273277 MAX 0.0474305  PROXIES: TOTAL 120 MAXPE 17 MAXPATCH 5 RefineTorusLB MEM: 0 MB
LDB: TIME 508.218 LOAD: AVG 0.0273277 MAX 0.0474305  PROXIES: TOTAL 120 MAXPE 17 MAXPATCH 5 RefineTorusLB MEM: 0 MB
LDB: ============== END OF LOAD BALANCING =============== 508.218
Info: useSync: 0 useProxySync: 0
LDB: =============== DONE WITH MIGRATION ================ 508.219
ENERGY: 3010500        65.8118       208.4833       140.5693         0.0000         -60075.7813      7269.5407         0.0000         0.0000      9930.6571         -42460.7191       311.3216    -52391.3762    -42438.3461       312.6635            -46.8298        61.4322    163083.1424         1.8440         1.5932

ENERGY: 3011000        79.9052       208.4529       149.0441         0.0000         -59970.8144      7106.7649         0.0000         0.0000     10022.9969         -42403.6504       314.2164    -52426.6473    -42382.1532       312.5274           -333.3040      -251.0386    162656.5153        -7.6902        -7.5577

WRITING COORDINATES TO DCD FILE 06_prod_1ns/prod_06.dcd AT STEP 3011000
ENERGY: 3011500        71.8259       203.5590       144.6210         0.0000         -59821.7261      7181.1061         0.0000         0.0000      9848.2980         -42372.3160       308.7397    -52220.6140    -42350.3356       313.0658           -141.3504       -21.0852    161938.9113         7.8205         8.9749

ENERGY: 3012000        63.9542       220.6937       149.3657         0.0000         -60038.7054      7291.8388         0.0000         0.0000      9935.5881         -42377.2650       311.4762    -52312.8531    -42356.4739       313.0571              4.7223       110.8827    162560.3202         9.4285         9.1389

WRITING COORDINATES TO DCD FILE 06_prod_1ns/prod_06.dcd AT STEP 3012000
LDB: ============= START OF LOAD BALANCING ============== 511.958
LDB: ============== END OF LOAD BALANCING =============== 511.959
Info: useSync: 0 useProxySync: 0
LDB: =============== DONE WITH MIGRATION ================ 511.959
LDB: ============= START OF LOAD BALANCING ============== 512.056
LDB: TIME 512.056 LOAD: AVG 0.0272628 MAX 0.0437235  PROXIES: TOTAL 120 MAXPE 17 MAXPATCH 5 None MEM: 0 MB
LDB: TIME 512.056 LOAD: AVG 0.0272628 MAX 0.0437235  PROXIES: TOTAL 120 MAXPE 17 MAXPATCH 5 RefineTorusLB MEM: 0 MB
LDB: TIME 512.057 LOAD: AVG 0.0272628 MAX 0.0437235  PROXIES: TOTAL 120 MAXPE 17 MAXPATCH 5 RefineTorusLB MEM: 0 MB
LDB: ============== END OF LOAD BALANCING =============== 512.057
Info: useSync: 0 useProxySync: 0
LDB: =============== DONE WITH MIGRATION ================ 512.057
ENERGY: 3012500        71.0703       203.1884       146.1722         0.0000         -60526.2091      7505.9228         0.0000         0.0000      9935.0615         -42664.7939       311.4597    -52599.8554    -42643.5231       311.4962             87.2521       166.1167    162551.0398         7.1770         8.1257

ENERGY: 3013000        75.9137       204.7697       147.6040         0.0000         -60296.0966      7377.7010         0.0000         0.0000      9933.5536         -42556.5545       311.4124    -52490.1082    -42537.6778       310.6402             27.5902       104.3898    162767.4597         4.4859         5.7883

WRITING COORDINATES TO DCD FILE 06_prod_1ns/prod_06.dcd AT STEP 3013000
ENERGY: 3013500        83.0144       192.6787       147.7257         0.0000         -60313.9197      7422.0416         0.0000         0.0000      9954.6102         -42513.8490       312.0725    -52468.4592    -42498.2592       310.9657            -71.0875        22.1537    162741.9027         4.8982         5.7593

ENERGY: 3014000        70.1830       201.9826       154.9742         0.0000         -60021.0772      7265.6531         0.0000         0.0000      9832.0444         -42496.2398       308.2301    -52328.2842    -42475.6886       312.2022             16.5861        97.0338    162126.8151        -1.1671        -2.2544

WRITING COORDINATES TO DCD FILE 06_prod_1ns/prod_06.dcd AT STEP 3014000
LDB: ============= START OF LOAD BALANCING ============== 515.827
LDB: ============== END OF LOAD BALANCING =============== 515.828
Info: useSync: 0 useProxySync: 0
LDB: =============== DONE WITH MIGRATION ================ 515.828
LDB: ============= START OF LOAD BALANCING ============== 515.926
LDB: TIME 515.926 LOAD: AVG 0.0281392 MAX 0.0465707  PROXIES: TOTAL 120 MAXPE 17 MAXPATCH 5 None MEM: 0 MB
LDB: TIME 515.926 LOAD: AVG 0.0281392 MAX 0.0465707  PROXIES: TOTAL 120 MAXPE 17 MAXPATCH 5 RefineTorusLB MEM: 0 MB
LDB: TIME 515.927 LOAD: AVG 0.0281392 MAX 0.0465707  PROXIES: TOTAL 120 MAXPE 17 MAXPATCH 5 RefineTorusLB MEM: 0 MB
LDB: Reverting to original mapping
LDB: ============== END OF LOAD BALANCING =============== 515.927
Info: useSync: 0 useProxySync: 0
LDB: =============== DONE WITH MIGRATION ================ 515.927
ENERGY: 3014500        81.2659       213.1937       151.6565         0.0000         -60249.7242      7335.7573         0.0000         0.0000      9919.8712         -42547.9797       310.9834    -52467.8509    -42523.8057       310.8892            -25.7798        39.9124    163199.3965        -0.2183         0.7797

TIMING: 3015000  CPU: 521.348, 0.00196565/step  Wall: 517.089, 0.00193407/step, 0.126252 hours remaining, 0.000000 MB of memory in use.
PERFORMANCE: 3015000  averaging 88.5642 ns/day, 0.00195113 sec/step with standard deviation 3.26286e-05
ETITLE:      TS           BOND          ANGLE          DIHED          IMPRP               ELECT            VDW       BOUNDARY           MISC        KINETIC               TOTAL           TEMP      POTENTIAL         TOTAL3        TEMPAVG            PRESSURE      GPRESSURE         VOLUME       PRESSAVG      GPRESSAVG

ENERGY: 3015000        89.1074       183.5609       147.3673         0.0000         -60417.7231      7517.6782         0.0000         0.0000      9914.1404         -42565.8690       310.8038    -52480.0094    -42549.8423       310.8198             86.3683       213.6149    162587.7947         3.6326         4.1314

WRITING EXTENDED SYSTEM TO RESTART FILE AT STEP 3015000
WRITING COORDINATES TO DCD FILE 06_prod_1ns/prod_06.dcd AT STEP 3015000
WRITING COORDINATES TO RESTART FILE AT STEP 3015000
FINISHED WRITING RESTART COORDINATES
WRITING VELOCITIES TO RESTART FILE AT STEP 3015000
FINISHED WRITING RESTART VELOCITIES
ENERGY: 3015500        77.2590       204.0322       149.7064         0.0000         -60593.4229      7531.6701         0.0000         0.0000     10040.5569         -42590.1982       314.7669    -52630.7551    -42567.7012       312.0776             99.6305       199.4877    163114.7239        -4.5002        -5.5375

ENERGY: 3016000        73.5790       190.7207       149.2860         0.0000         -60377.1474      7289.1779         0.0000         0.0000      9910.4745         -42763.9093       310.6889    -52674.3839    -42747.1203       309.9929           -206.2146      -145.1767    163139.3204        -1.5644        -0.6155

WRITING COORDINATES TO DCD FILE 06_prod_1ns/prod_06.dcd AT STEP 3016000
LDB: ============= START OF LOAD BALANCING ============== 519.77
LDB: ============== END OF LOAD BALANCING =============== 519.771
Info: useSync: 0 useProxySync: 0
LDB: =============== DONE WITH MIGRATION ================ 519.771
LDB: ============= START OF LOAD BALANCING ============== 519.866
LDB: TIME 519.866 LOAD: AVG 0.0263834 MAX 0.0404408  PROXIES: TOTAL 120 MAXPE 17 MAXPATCH 5 None MEM: 0 MB
LDB: TIME 519.866 LOAD: AVG 0.0263834 MAX 0.0404408  PROXIES: TOTAL 120 MAXPE 17 MAXPATCH 5 RefineTorusLB MEM: 0 MB
LDB: TIME 519.867 LOAD: AVG 0.0263834 MAX 0.0404408  PROXIES: TOTAL 120 MAXPE 17 MAXPATCH 5 RefineTorusLB MEM: 0 MB
LDB: Reverting to original mapping
LDB: ============== END OF LOAD BALANCING =============== 519.867
Info: useSync: 0 useProxySync: 0
LDB: =============== DONE WITH MIGRATION ================ 519.868
ENERGY: 3016500        89.3808       206.4070       140.5655         0.0000         -60157.8876      7115.4594         0.0000         0.0000      9727.3159         -42878.7590       304.9469    -52606.0749    -42857.3913       309.9080           -599.9939      -535.2274    162644.7551         5.5959         5.7742

ENERGY: 3017000        72.2936       203.1980       143.6675         0.0000         -60013.5801      7152.2811         0.0000         0.0000      9747.9558         -42694.1840       305.5940    -52442.1398    -42678.1535       309.0783           -343.9038      -256.9909    163193.1822         1.2319         2.7891

WRITING COORDINATES TO DCD FILE 06_prod_1ns/prod_06.dcd AT STEP 3017000
ENERGY: 3017500        69.5636       209.4983       143.5165         0.0000         -60301.3400      7344.6006         0.0000         0.0000      9915.0017         -42619.1592       310.8308    -52534.1610    -42595.6615       308.8721            -97.1796       -19.6516    163309.3976       -11.2437       -10.6973

WRITING COORDINATES TO DCD FILE 06_prod_1ns/prod_06.dcd AT STEP 3018000
ENERGY: 3018000        70.9453       191.0090       163.4665         0.0000         -60095.9287      7208.8823         0.0000         0.0000      9822.3151         -42639.3106       307.9251    -52461.6256    -42619.5615       310.5605           -229.7998      -111.0893    162064.8943         8.0288         8.3139

LDB: ============= START OF LOAD BALANCING ============== 523.604
LDB: ============== END OF LOAD BALANCING =============== 523.605
Info: useSync: 0 useProxySync: 0
LDB: =============== DONE WITH MIGRATION ================ 523.605
LDB: ============= START OF LOAD BALANCING ============== 523.703
LDB: TIME 523.703 LOAD: AVG 0.0273726 MAX 0.0450481  PROXIES: TOTAL 120 MAXPE 17 MAXPATCH 5 None MEM: 0 MB
LDB: TIME 523.704 LOAD: AVG 0.0273726 MAX 0.0450481  PROXIES: TOTAL 120 MAXPE 17 MAXPATCH 5 RefineTorusLB MEM: 0 MB
LDB: TIME 523.704 LOAD: AVG 0.0273726 MAX 0.0450481  PROXIES: TOTAL 120 MAXPE 17 MAXPATCH 5 RefineTorusLB MEM: 0 MB
LDB: Reverting to original mapping
LDB: ============== END OF LOAD BALANCING =============== 523.704
Info: useSync: 0 useProxySync: 0
LDB: =============== DONE WITH MIGRATION ================ 523.705
ENERGY: 3018500        79.3073       193.8326       143.7416         0.0000         -60139.4282      7198.6260         0.0000         0.0000      9833.2587         -42690.6620       308.2682    -52523.9206    -42667.8854       310.4936           -334.7882      -212.0476    162333.9520        -6.9745        -5.2569

ENERGY: 3019000        70.8738       196.7278       158.7144         0.0000         -60152.7637      7300.6842         0.0000         0.0000      9953.1197         -42472.6438       312.0258    -52425.7635    -42447.6020       312.5344           -141.4899       -77.5295    163368.0374         2.5770         1.6070

WRITING COORDINATES TO DCD FILE 06_prod_1ns/prod_06.dcd AT STEP 3019000
ENERGY: 3019500        63.9865       210.7903       144.2521         0.0000         -60082.1901      7201.1508         0.0000         0.0000      9823.9533         -42638.0571       307.9765    -52462.0104    -42620.7263       311.4620           -114.6506       -22.9941    161648.6687         2.8023         1.8954

TIMING: 3020000  CPU: 531.085, 0.00194754/step  Wall: 526.778, 0.00193783/step, 0.123806 hours remaining, 0.000000 MB of memory in use.
PERFORMANCE: 3020000  averaging 88.5753 ns/day, 0.00195088 sec/step with standard deviation 3.23699e-05
ETITLE:      TS           BOND          ANGLE          DIHED          IMPRP               ELECT            VDW       BOUNDARY           MISC        KINETIC               TOTAL           TEMP      POTENTIAL         TOTAL3        TEMPAVG            PRESSURE      GPRESSURE         VOLUME       PRESSAVG      GPRESSAVG

ENERGY: 3020000        82.7199       195.7697       150.4013         0.0000         -60189.4349      7170.4736         0.0000         0.0000      9865.8045         -42724.2658       309.2885    -52590.0703    -42697.8185       310.2885           -331.2237      -210.9947    162463.4173         6.7737         7.6927

WRITING EXTENDED SYSTEM TO RESTART FILE AT STEP 3020000
WRITING COORDINATES TO DCD FILE 06_prod_1ns/prod_06.dcd AT STEP 3020000
WRITING COORDINATES TO RESTART FILE AT STEP 3020000
FINISHED WRITING RESTART COORDINATES
WRITING VELOCITIES TO RESTART FILE AT STEP 3020000
FINISHED WRITING RESTART VELOCITIES
LDB: ============= START OF LOAD BALANCING ============== 527.538
LDB: ============== END OF LOAD BALANCING =============== 527.539
Info: useSync: 0 useProxySync: 0
LDB: =============== DONE WITH MIGRATION ================ 527.539
LDB: ============= START OF LOAD BALANCING ============== 527.636
LDB: TIME 527.636 LOAD: AVG 0.0272799 MAX 0.0474054  PROXIES: TOTAL 120 MAXPE 17 MAXPATCH 5 None MEM: 0 MB
LDB: TIME 527.636 LOAD: AVG 0.0272799 MAX 0.0474054  PROXIES: TOTAL 120 MAXPE 17 MAXPATCH 5 RefineTorusLB MEM: 0 MB
LDB: TIME 527.637 LOAD: AVG 0.0272799 MAX 0.0474054  PROXIES: TOTAL 120 MAXPE 17 MAXPATCH 5 RefineTorusLB MEM: 0 MB
LDB: Reverting to original mapping
LDB: ============== END OF LOAD BALANCING =============== 527.637
Info: useSync: 0 useProxySync: 0
LDB: =============== DONE WITH MIGRATION ================ 527.638
ENERGY: 3020500        77.2776       193.4914       155.8303         0.0000         -60183.1061      7176.2672         0.0000         0.0000      9983.4875         -42596.7521       312.9778    -52580.2396    -42570.5714       310.1544           -350.2636      -237.3506    162954.0094         4.7844         5.4610

ENERGY: 3021000        58.7208       203.7414       147.3898         0.0000         -60411.7029      7404.0579         0.0000         0.0000      9874.7982         -42722.9948       309.5704    -52597.7930    -42697.8243       310.1282             70.1704       149.0902    162373.3376        -3.7802        -2.3755

WRITING COORDINATES TO DCD FILE 06_prod_1ns/prod_06.dcd AT STEP 3021000
ENERGY: 3021500        76.6337       177.9186       147.3602         0.0000         -60468.4110      7382.2227         0.0000         0.0000      9884.1666         -42800.1092       309.8641    -52684.2758    -42778.7117       309.2123              4.9771        89.4890    162198.9260        -2.2873        -2.6008

ENERGY: 3022000        80.2504       192.9160       148.1471         0.0000         -60515.4082      7431.8415         0.0000         0.0000      9906.1450         -42756.1084       310.5531    -52662.2534    -42733.0819       308.2109            -28.3827        58.1904    162347.2453       -12.1445       -11.6098

WRITING COORDINATES TO DCD FILE 06_prod_1ns/prod_06.dcd AT STEP 3022000
LDB: ============= START OF LOAD BALANCING ============== 531.387
LDB: ============== END OF LOAD BALANCING =============== 531.388
Info: useSync: 0 useProxySync: 0
LDB: =============== DONE WITH MIGRATION ================ 531.388
LDB: ============= START OF LOAD BALANCING ============== 531.485
LDB: TIME 531.485 LOAD: AVG 0.027827 MAX 0.0470991  PROXIES: TOTAL 120 MAXPE 17 MAXPATCH 5 None MEM: 0 MB
LDB: TIME 531.486 LOAD: AVG 0.027827 MAX 0.0470991  PROXIES: TOTAL 120 MAXPE 17 MAXPATCH 5 RefineTorusLB MEM: 0 MB
LDB: TIME 531.486 LOAD: AVG 0.027827 MAX 0.0470991  PROXIES: TOTAL 120 MAXPE 17 MAXPATCH 5 RefineTorusLB MEM: 0 MB
LDB: Reverting to original mapping
LDB: ============== END OF LOAD BALANCING =============== 531.486
Info: useSync: 0 useProxySync: 0
LDB: =============== DONE WITH MIGRATION ================ 531.487
ENERGY: 3022500        70.1984       194.2753       158.0491         0.0000         -60025.9567      7043.7933         0.0000         0.0000      9776.9817         -42782.6589       306.5039    -52559.6406    -42754.5285       308.8244           -490.8933      -402.5932    162841.1576         9.7341         9.6037

ENERGY: 3023000        81.0041       199.5144       167.0413         0.0000         -60185.8877      7209.3441         0.0000         0.0000      9903.0496         -42625.9342       310.4561    -52528.9839    -42609.2395       310.9315           -318.2638      -209.8893    162765.6434         0.2571        -0.2635

WRITING COORDINATES TO DCD FILE 06_prod_1ns/prod_06.dcd AT STEP 3023000
ENERGY: 3023500        77.1031       176.8929       153.6181         0.0000         -60311.6025      7328.1078         0.0000         0.0000      9945.9575         -42629.9229       311.8012    -52575.8805    -42607.5007       310.8670            -60.0508        75.3500    162032.5808       -12.9441       -13.6910

ENERGY: 3024000        71.4104       183.3197       147.2267         0.0000         -60460.0755      7396.8666         0.0000         0.0000      9981.6600         -42679.5922       312.9205    -52661.2522    -42658.7426       310.2185             56.5673       137.8363    161678.4639        -3.5302        -4.3529

WRITING COORDINATES TO DCD FILE 06_prod_1ns/prod_06.dcd AT STEP 3024000
LDB: ============= START OF LOAD BALANCING ============== 535.231
LDB: ============== END OF LOAD BALANCING =============== 535.231
Info: useSync: 0 useProxySync: 0
LDB: =============== DONE WITH MIGRATION ================ 535.232
LDB: ============= START OF LOAD BALANCING ============== 535.326
LDB: TIME 535.326 LOAD: AVG 0.0280477 MAX 0.041541  PROXIES: TOTAL 120 MAXPE 17 MAXPATCH 5 None MEM: 0 MB
LDB: TIME 535.327 LOAD: AVG 0.0280477 MAX 0.041541  PROXIES: TOTAL 120 MAXPE 17 MAXPATCH 5 RefineTorusLB MEM: 0 MB
LDB: TIME 535.327 LOAD: AVG 0.0280477 MAX 0.041541  PROXIES: TOTAL 120 MAXPE 17 MAXPATCH 5 RefineTorusLB MEM: 0 MB
LDB: ============== END OF LOAD BALANCING =============== 535.327
Info: useSync: 0 useProxySync: 0
LDB: =============== DONE WITH MIGRATION ================ 535.328
ENERGY: 3024500        67.4720       205.7276       137.1280         0.0000         -60412.1089      7329.2580         0.0000         0.0000      9996.7936         -42675.7298       313.3949    -52672.5234    -42655.6820       309.1511           -214.9736      -128.9033    162042.7865        -0.2011        -0.8259

TIMING: 3025000  CPU: 540.834, 0.00194975/step  Wall: 536.472, 0.00193891/step, 0.121182 hours remaining, 0.000000 MB of memory in use.
PERFORMANCE: 3025000  averaging 88.5852 ns/day, 0.00195066 sec/step with standard deviation 3.21094e-05
ETITLE:      TS           BOND          ANGLE          DIHED          IMPRP               ELECT            VDW       BOUNDARY           MISC        KINETIC               TOTAL           TEMP      POTENTIAL         TOTAL3        TEMPAVG            PRESSURE      GPRESSURE         VOLUME       PRESSAVG      GPRESSAVG

ENERGY: 3025000        77.4438       190.9841       148.4754         0.0000         -60621.7593      7572.1728         0.0000         0.0000      9885.1853         -42747.4979       309.8961    -52632.6832    -42726.5004       310.5790            392.3732       469.6558    161324.8229         0.1962         0.4501

WRITING EXTENDED SYSTEM TO RESTART FILE AT STEP 3025000
WRITING COORDINATES TO DCD FILE 06_prod_1ns/prod_06.dcd AT STEP 3025000
WRITING COORDINATES TO RESTART FILE AT STEP 3025000
FINISHED WRITING RESTART COORDINATES
WRITING VELOCITIES TO RESTART FILE AT STEP 3025000
FINISHED WRITING RESTART VELOCITIES
ENERGY: 3025500        76.2576       188.4461       141.1273         0.0000         -60218.5264      7259.3606         0.0000         0.0000      9934.1856         -42619.1494       311.4322    -52553.3350    -42595.4357       308.8947           -177.3706      -117.9298    163200.1079         1.1786         0.8182

ENERGY: 3026000        72.2996       212.3173       148.0797         0.0000         -60133.6507      7164.4984         0.0000         0.0000      9934.7766         -42601.6791       311.4507    -52536.4557    -42580.3611       309.7486           -449.8234      -382.5529    163274.4265        -8.8753        -8.9729

WRITING COORDINATES TO DCD FILE 06_prod_1ns/prod_06.dcd AT STEP 3026000
LDB: ============= START OF LOAD BALANCING ============== 539.175
LDB: ============== END OF LOAD BALANCING =============== 539.176
Info: useSync: 0 useProxySync: 0
LDB: =============== DONE WITH MIGRATION ================ 539.176
LDB: ============= START OF LOAD BALANCING ============== 539.273
LDB: TIME 539.274 LOAD: AVG 0.0282754 MAX 0.050116  PROXIES: TOTAL 120 MAXPE 17 MAXPATCH 5 None MEM: 0 MB
LDB: TIME 539.274 LOAD: AVG 0.0282754 MAX 0.050116  PROXIES: TOTAL 120 MAXPE 17 MAXPATCH 5 RefineTorusLB MEM: 0 MB
LDB: TIME 539.274 LOAD: AVG 0.0282754 MAX 0.050116  PROXIES: TOTAL 120 MAXPE 17 MAXPATCH 5 RefineTorusLB MEM: 0 MB
LDB: ============== END OF LOAD BALANCING =============== 539.275
Info: useSync: 0 useProxySync: 0
LDB: =============== DONE WITH MIGRATION ================ 539.275
ENERGY: 3026500        80.1501       182.8373       149.2993         0.0000         -60027.0262      7153.0994         0.0000         0.0000      9802.7964         -42658.8438       307.3132    -52461.6402    -42638.8962       311.7558           -334.8377      -241.4283    163070.0047        11.0294        12.8155

ENERGY: 3027000        77.0753       203.8389       139.5363         0.0000         -59957.4978      7031.7138         0.0000         0.0000      9946.2456         -42559.0879       311.8103    -52505.3335    -42534.5631       311.2483           -389.9339      -300.2114    161620.3923         4.7852         4.9369

WRITING COORDINATES TO DCD FILE 06_prod_1ns/prod_06.dcd AT STEP 3027000
ENERGY: 3027500        65.8055       190.2116       158.2317         0.0000         -60214.1450      7229.7564         0.0000         0.0000     10001.2766         -42568.8633       313.5355    -52570.1399    -42544.0062       311.7436           -195.4499      -105.6231    163258.3311         8.1320         9.9260

ENERGY: 3028000        76.8461       190.2330       158.7081         0.0000         -60060.0880      7146.6821         0.0000         0.0000     10011.9126         -42475.7061       313.8689    -52487.6187    -42451.6525       311.5418           -340.9599      -244.2846    162948.3324         1.1958         0.4044

WRITING COORDINATES TO DCD FILE 06_prod_1ns/prod_06.dcd AT STEP 3028000
LDB: ============= START OF LOAD BALANCING ============== 543.026
LDB: ============== END OF LOAD BALANCING =============== 543.026
Info: useSync: 0 useProxySync: 0
LDB: =============== DONE WITH MIGRATION ================ 543.027
LDB: ============= START OF LOAD BALANCING ============== 543.121
LDB: TIME 543.121 LOAD: AVG 0.0270739 MAX 0.0425555  PROXIES: TOTAL 120 MAXPE 17 MAXPATCH 5 None MEM: 0 MB
LDB: TIME 543.121 LOAD: AVG 0.0270739 MAX 0.0425555  PROXIES: TOTAL 120 MAXPE 17 MAXPATCH 5 RefineTorusLB MEM: 0 MB
LDB: TIME 543.122 LOAD: AVG 0.0270739 MAX 0.0425555  PROXIES: TOTAL 120 MAXPE 17 MAXPATCH 5 RefineTorusLB MEM: 0 MB
LDB: ============== END OF LOAD BALANCING =============== 543.122
Info: useSync: 0 useProxySync: 0
LDB: =============== DONE WITH MIGRATION ================ 543.122
ENERGY: 3028500        73.2541       199.5661       154.1978         0.0000         -60213.4583      7293.6217         0.0000         0.0000      9867.9073         -42624.9112       309.3544    -52492.8185    -42604.6143       309.4856           -148.3403       -65.6324    162861.3862         9.1275         8.9578

ENERGY: 3029000        62.4316       168.0346       150.2866         0.0000         -60610.7644      7429.3908         0.0000         0.0000      9962.7644         -42837.8565       312.3281    -52800.6208    -42811.7106       308.3716            126.5265       213.8641    161999.1689         1.0551        -0.4452

WRITING COORDINATES TO DCD FILE 06_prod_1ns/prod_06.dcd AT STEP 3029000
ENERGY: 3029500        78.1199       184.1203       149.8079         0.0000         -60389.4710      7335.0397         0.0000         0.0000      9930.2201         -42712.1631       311.3079    -52642.3831    -42686.8548       308.8947           -110.3135       -32.0545    162538.1497         7.0640         7.3199

TIMING: 3030000  CPU: 550.588, 0.00195078/step  Wall: 546.176, 0.00194063/step, 0.118594 hours remaining, 0.000000 MB of memory in use.
PERFORMANCE: 3030000  averaging 88.5934 ns/day, 0.00195048 sec/step with standard deviation 3.18444e-05
ETITLE:      TS           BOND          ANGLE          DIHED          IMPRP               ELECT            VDW       BOUNDARY           MISC        KINETIC               TOTAL           TEMP      POTENTIAL         TOTAL3        TEMPAVG            PRESSURE      GPRESSURE         VOLUME       PRESSAVG      GPRESSAVG

ENERGY: 3030000        79.4967       193.2008       138.2914         0.0000         -60782.6167      7497.5342         0.0000         0.0000      9930.9258         -42943.1679       311.3300    -52874.0937    -42921.4271       308.6888             37.1646       121.3395    162705.0438        -7.3863        -7.1153

WRITING EXTENDED SYSTEM TO RESTART FILE AT STEP 3030000
WRITING COORDINATES TO DCD FILE 06_prod_1ns/prod_06.dcd AT STEP 3030000
WRITING COORDINATES TO RESTART FILE AT STEP 3030000
FINISHED WRITING RESTART COORDINATES
WRITING VELOCITIES TO RESTART FILE AT STEP 3030000
FINISHED WRITING RESTART VELOCITIES
LDB: ============= START OF LOAD BALANCING ============== 546.973
LDB: ============== END OF LOAD BALANCING =============== 546.973
Info: useSync: 0 useProxySync: 0
LDB: =============== DONE WITH MIGRATION ================ 546.974
LDB: ============= START OF LOAD BALANCING ============== 547.066
LDB: TIME 547.067 LOAD: AVG 0.027006 MAX 0.0443002  PROXIES: TOTAL 120 MAXPE 17 MAXPATCH 5 None MEM: 0 MB
LDB: TIME 547.067 LOAD: AVG 0.027006 MAX 0.0443002  PROXIES: TOTAL 120 MAXPE 17 MAXPATCH 5 RefineTorusLB MEM: 0 MB
LDB: TIME 547.067 LOAD: AVG 0.027006 MAX 0.0443002  PROXIES: TOTAL 120 MAXPE 17 MAXPATCH 5 RefineTorusLB MEM: 0 MB
LDB: Reverting to original mapping
LDB: ============== END OF LOAD BALANCING =============== 547.068
Info: useSync: 0 useProxySync: 0
LDB: =============== DONE WITH MIGRATION ================ 547.068
ENERGY: 3030500        73.8986       196.8798       150.8580         0.0000         -60366.7883      7329.3644         0.0000         0.0000      9802.0930         -42813.6945       307.2912    -52615.7875    -42794.1429       309.3276           -295.3825      -162.0894    162874.6808        14.4204        15.2993

WRITING COORDINATES TO DCD FILE 06_prod_1ns/prod_06.dcd AT STEP 3031000
ENERGY: 3031000        71.3318       222.0633       147.0564         0.0000         -60499.8653      7462.1201         0.0000         0.0000      9936.3806         -42660.9130       311.5010    -52597.2936    -42642.1579       310.4658            142.7625       234.6784    162219.2243         8.2715         9.6863

ENERGY: 3031500        73.4589       188.6565       154.6261         0.0000         -60408.8924      7380.3767         0.0000         0.0000     10075.6392         -42536.1351       315.8667    -52611.7742    -42512.5406       310.8537             19.1339       104.8037    162197.6723         4.3146         3.9487

WRITING COORDINATES TO DCD FILE 06_prod_1ns/prod_06.dcd AT STEP 3032000
ENERGY: 3032000        68.6446       197.9194       137.9794         0.0000         -60100.6938      7218.1796         0.0000         0.0000      9950.5882         -42527.3827       311.9464    -52477.9708    -42506.0551       310.9083           -209.6124      -140.4537    162359.4530        18.5049        18.2036

LDB: ============= START OF LOAD BALANCING ============== 550.812
LDB: ============== END OF LOAD BALANCING =============== 550.812
Info: useSync: 0 useProxySync: 0
LDB: =============== DONE WITH MIGRATION ================ 550.813
LDB: ============= START OF LOAD BALANCING ============== 550.907
LDB: TIME 550.908 LOAD: AVG 0.0280288 MAX 0.045088  PROXIES: TOTAL 120 MAXPE 17 MAXPATCH 5 None MEM: 0 MB
LDB: TIME 550.908 LOAD: AVG 0.0280288 MAX 0.045088  PROXIES: TOTAL 120 MAXPE 17 MAXPATCH 5 RefineTorusLB MEM: 0 MB
LDB: TIME 550.908 LOAD: AVG 0.0280288 MAX 0.045088  PROXIES: TOTAL 120 MAXPE 17 MAXPATCH 5 RefineTorusLB MEM: 0 MB
LDB: Reverting to original mapping
LDB: ============== END OF LOAD BALANCING =============== 550.909
Info: useSync: 0 useProxySync: 0
LDB: =============== DONE WITH MIGRATION ================ 550.909
ENERGY: 3032500        80.9014       181.7943       148.9767         0.0000         -60129.6833      7126.9741         0.0000         0.0000      9894.6057         -42696.4311       310.1914    -52591.0368    -42673.4051       310.1600           -413.8499      -333.1252    162542.7459        -0.2610         0.6490

ENERGY: 3033000        67.0101       202.0488       152.0881         0.0000         -60190.8644      7150.1834         0.0000         0.0000      9998.8857         -42620.6483       313.4605    -52619.5340    -42598.5493       310.5127           -372.0174      -309.3635    162535.7689        10.8394         9.9073

WRITING COORDINATES TO DCD FILE 06_prod_1ns/prod_06.dcd AT STEP 3033000
ENERGY: 3033500        73.8814       204.7784       142.9437         0.0000         -60210.8137      7247.4551         0.0000         0.0000      9816.1040         -42725.6512       307.7304    -52541.7552    -42700.1497       310.6954           -133.2606       -53.2377    161835.7488         4.7251         3.7461

WRITING COORDINATES TO DCD FILE 06_prod_1ns/prod_06.dcd AT STEP 3034000
ENERGY: 3034000        70.2452       204.1528       147.4710         0.0000         -60404.8681      7449.6963         0.0000         0.0000      9951.3023         -42582.0006       311.9688    -52533.3029    -42562.6754       310.8497            191.6310       277.0903    162495.9269         3.7548         5.2782

LDB: ============= START OF LOAD BALANCING ============== 554.694
LDB: ============== END OF LOAD BALANCING =============== 554.694
Info: useSync: 0 useProxySync: 0
LDB: =============== DONE WITH MIGRATION ================ 554.694
LDB: ============= START OF LOAD BALANCING ============== 554.79
LDB: TIME 554.79 LOAD: AVG 0.0277787 MAX 0.0455862  PROXIES: TOTAL 120 MAXPE 17 MAXPATCH 5 None MEM: 0 MB
LDB: TIME 554.79 LOAD: AVG 0.0277787 MAX 0.0455862  PROXIES: TOTAL 120 MAXPE 17 MAXPATCH 5 RefineTorusLB MEM: 0 MB
LDB: TIME 554.791 LOAD: AVG 0.0277787 MAX 0.0455862  PROXIES: TOTAL 120 MAXPE 17 MAXPATCH 5 RefineTorusLB MEM: 0 MB
LDB: Reverting to original mapping
LDB: ============== END OF LOAD BALANCING =============== 554.791
Info: useSync: 0 useProxySync: 0
LDB: =============== DONE WITH MIGRATION ================ 554.791
ENERGY: 3034500        74.2849       207.7178       148.4685         0.0000         -60314.8918      7355.9442         0.0000         0.0000     10016.3899         -42512.0865       314.0093    -52528.4764    -42489.3655       311.5521             52.0418       139.3109    162528.6780         5.6724         5.7900

TIMING: 3035000  CPU: 560.399, 0.00196229/step  Wall: 555.958, 0.00195645/step, 0.116843 hours remaining, 0.000000 MB of memory in use.
PERFORMANCE: 3035000  averaging 88.5886 ns/day, 0.00195059 sec/step with standard deviation 3.15687e-05
ETITLE:      TS           BOND          ANGLE          DIHED          IMPRP               ELECT            VDW       BOUNDARY           MISC        KINETIC               TOTAL           TEMP      POTENTIAL         TOTAL3        TEMPAVG            PRESSURE      GPRESSURE         VOLUME       PRESSAVG      GPRESSAVG

ENERGY: 3035000        73.6290       204.0641       151.6269         0.0000         -60369.2342      7346.2377         0.0000         0.0000      9877.9548         -42715.7216       309.6694    -52593.6765    -42695.9618       310.8187            119.7269       188.6775    161696.0801         7.8290         7.0707

WRITING EXTENDED SYSTEM TO RESTART FILE AT STEP 3035000
WRITING COORDINATES TO DCD FILE 06_prod_1ns/prod_06.dcd AT STEP 3035000
WRITING COORDINATES TO RESTART FILE AT STEP 3035000
FINISHED WRITING RESTART COORDINATES
WRITING VELOCITIES TO RESTART FILE AT STEP 3035000
FINISHED WRITING RESTART VELOCITIES
ENERGY: 3035500        67.3724       209.5972       147.0403         0.0000         -60583.2213      7558.0727         0.0000         0.0000      9836.2131         -42764.9256       308.3608    -52601.1387    -42744.7812       310.0666            225.8984       323.4375    161940.0165         9.4782         9.8425

ENERGY: 3036000        73.1980       182.9231       152.2928         0.0000         -60582.7562      7447.3639         0.0000         0.0000     10000.7479         -42726.2306       313.5189    -52726.9785    -42707.6743       309.9796             89.2617       184.3522    161248.9010        -2.3280        -0.8032

WRITING COORDINATES TO DCD FILE 06_prod_1ns/prod_06.dcd AT STEP 3036000
LDB: ============= START OF LOAD BALANCING ============== 558.66
LDB: ============== END OF LOAD BALANCING =============== 558.66
Info: useSync: 0 useProxySync: 0
LDB: =============== DONE WITH MIGRATION ================ 558.661
LDB: ============= START OF LOAD BALANCING ============== 558.757
LDB: TIME 558.757 LOAD: AVG 0.0270396 MAX 0.0463965  PROXIES: TOTAL 120 MAXPE 17 MAXPATCH 5 None MEM: 0 MB
LDB: TIME 558.758 LOAD: AVG 0.0270396 MAX 0.0463965  PROXIES: TOTAL 120 MAXPE 17 MAXPATCH 5 RefineTorusLB MEM: 0 MB
LDB: TIME 558.758 LOAD: AVG 0.0270396 MAX 0.0463965  PROXIES: TOTAL 120 MAXPE 17 MAXPATCH 5 RefineTorusLB MEM: 0 MB
LDB: ============== END OF LOAD BALANCING =============== 558.758
Info: useSync: 0 useProxySync: 0
LDB: =============== DONE WITH MIGRATION ================ 558.759
ENERGY: 3036500        88.0962       202.7497       150.7545         0.0000         -60348.4437      7393.3700         0.0000         0.0000      9886.5034         -42626.9700       309.9374    -52513.4734    -42605.4983       309.6445             42.1415       145.4344    161724.5959         4.1667         4.3880

ENERGY: 3037000        67.8609       218.0883       149.1238         0.0000         -60164.0226      7279.1020         0.0000         0.0000      9739.4159         -42710.4317       305.3263    -52449.8477    -42682.9723       311.8416           -168.8846       -70.3458    162447.6324         6.2301         5.0697

WRITING COORDINATES TO DCD FILE 06_prod_1ns/prod_06.dcd AT STEP 3037000
ENERGY: 3037500        66.5854       196.9872       146.2994         0.0000         -60236.2823      7119.5189         0.0000         0.0000      9838.2468         -42868.6447       308.4246    -52706.8915    -42851.6617       309.6876           -446.1580      -360.0601    162413.7650         1.2351         1.3262

ENERGY: 3038000        74.4734       191.2624       152.4003         0.0000         -59968.7173      7089.2070         0.0000         0.0000      9885.8373         -42575.5369       309.9165    -52461.3743    -42558.1923       310.8343           -468.3577      -359.0470    163084.6416         9.2195         8.6791

WRITING COORDINATES TO DCD FILE 06_prod_1ns/prod_06.dcd AT STEP 3038000
LDB: ============= START OF LOAD BALANCING ============== 562.552
LDB: ============== END OF LOAD BALANCING =============== 562.552
Info: useSync: 0 useProxySync: 0
LDB: =============== DONE WITH MIGRATION ================ 562.553
LDB: ============= START OF LOAD BALANCING ============== 562.647
LDB: TIME 562.647 LOAD: AVG 0.0267937 MAX 0.0433693  PROXIES: TOTAL 120 MAXPE 17 MAXPATCH 5 None MEM: 0 MB
LDB: TIME 562.647 LOAD: AVG 0.0267937 MAX 0.0433693  PROXIES: TOTAL 120 MAXPE 17 MAXPATCH 5 RefineTorusLB MEM: 0 MB
LDB: TIME 562.648 LOAD: AVG 0.0267937 MAX 0.0433693  PROXIES: TOTAL 120 MAXPE 17 MAXPATCH 5 RefineTorusLB MEM: 0 MB
LDB: ============== END OF LOAD BALANCING =============== 562.648
Info: useSync: 0 useProxySync: 0
LDB: =============== DONE WITH MIGRATION ================ 562.649
ENERGY: 3038500        75.7675       188.3188       144.9137         0.0000         -60400.0203      7431.5999         0.0000         0.0000      9904.2855         -42655.1350       310.4948    -52559.4205    -42637.3920       311.2329            172.9918       247.9249    161545.9035         1.8120         2.4505

ENERGY: 3039000        77.8983       175.5448       162.5565         0.0000         -60332.1400      7433.5245         0.0000         0.0000      9855.5870         -42627.0288       308.9682    -52482.6159    -42614.6547       310.1284            124.2258       227.7367    162292.2684        -2.2136        -2.8454

WRITING COORDINATES TO DCD FILE 06_prod_1ns/prod_06.dcd AT STEP 3039000
ENERGY: 3039500        73.7698       186.0543       149.8017         0.0000         -60417.1925      7350.1669         0.0000         0.0000      9843.1594         -42814.2405       308.5786    -52657.3999    -42792.2633       308.8515            153.2946       234.8175    161051.3928        -8.6576        -9.7768

TIMING: 3040000  CPU: 570.248, 0.00196963/step  Wall: 565.711, 0.00195072/step, 0.113792 hours remaining, 0.000000 MB of memory in use.
PERFORMANCE: 3040000  averaging 88.5885 ns/day, 0.00195059 sec/step with standard deviation 3.12905e-05
ETITLE:      TS           BOND          ANGLE          DIHED          IMPRP               ELECT            VDW       BOUNDARY           MISC        KINETIC               TOTAL           TEMP      POTENTIAL         TOTAL3        TEMPAVG            PRESSURE      GPRESSURE         VOLUME       PRESSAVG      GPRESSAVG

ENERGY: 3040000        68.0369       196.5143       136.2780         0.0000         -59969.5044      7012.0636         0.0000         0.0000      9843.4316         -42713.1801       308.5871    -52556.6117    -42688.5517       309.0066           -427.4202      -357.5243    162354.6289       -22.0756       -20.5410

WRITING EXTENDED SYSTEM TO RESTART FILE AT STEP 3040000
WRITING COORDINATES TO DCD FILE 06_prod_1ns/prod_06.dcd AT STEP 3040000
WRITING COORDINATES TO RESTART FILE AT STEP 3040000
FINISHED WRITING RESTART COORDINATES
WRITING VELOCITIES TO RESTART FILE AT STEP 3040000
FINISHED WRITING RESTART VELOCITIES
LDB: ============= START OF LOAD BALANCING ============== 566.476
LDB: ============== END OF LOAD BALANCING =============== 566.476
Info: useSync: 0 useProxySync: 0
LDB: =============== DONE WITH MIGRATION ================ 566.477
LDB: ============= START OF LOAD BALANCING ============== 566.572
LDB: TIME 566.572 LOAD: AVG 0.0263489 MAX 0.0432487  PROXIES: TOTAL 120 MAXPE 17 MAXPATCH 5 None MEM: 0 MB
LDB: TIME 566.573 LOAD: AVG 0.0263489 MAX 0.0432487  PROXIES: TOTAL 120 MAXPE 17 MAXPATCH 5 RefineTorusLB MEM: 0 MB
LDB: TIME 566.573 LOAD: AVG 0.0263489 MAX 0.0432487  PROXIES: TOTAL 120 MAXPE 17 MAXPATCH 5 RefineTorusLB MEM: 0 MB
LDB: Reverting to original mapping
LDB: ============== END OF LOAD BALANCING =============== 566.573
Info: useSync: 0 useProxySync: 0
LDB: =============== DONE WITH MIGRATION ================ 566.574
ENERGY: 3040500        75.2301       197.5067       142.8401         0.0000         -60425.6683      7406.0053         0.0000         0.0000      9876.6396         -42727.4466       309.6282    -52604.0862    -42705.9573       309.5011            100.6914       182.1977    161672.3648        -0.0508         1.1143

ENERGY: 3041000        68.1013       173.0223       149.1760         0.0000         -60143.3316      7191.7513         0.0000         0.0000      9854.8189         -42706.4619       308.9441    -52561.2808    -42689.4993       310.0942           -344.3338      -242.8893    163251.8557       -16.2894       -16.5855

WRITING COORDINATES TO DCD FILE 06_prod_1ns/prod_06.dcd AT STEP 3041000
ENERGY: 3041500        64.0299       189.7840       151.7061         0.0000         -60324.1114      7324.7369         0.0000         0.0000      9942.3570         -42651.4975       311.6884    -52593.8545    -42622.9754       310.7970           -150.3243       -49.2352    162276.5839       -13.7383       -14.3283

ENERGY: 3042000        88.5593       171.8178       144.1695         0.0000         -60280.6027      7282.9210         0.0000         0.0000      9838.9533         -42754.1818       308.4467    -52593.1351    -42736.7828       311.4639           -190.3514       -98.5100    162241.7858         1.6554         2.7004

WRITING COORDINATES TO DCD FILE 06_prod_1ns/prod_06.dcd AT STEP 3042000
LDB: ============= START OF LOAD BALANCING ============== 570.296
LDB: ============== END OF LOAD BALANCING =============== 570.296
Info: useSync: 0 useProxySync: 0
LDB: =============== DONE WITH MIGRATION ================ 570.297
LDB: ============= START OF LOAD BALANCING ============== 570.392
LDB: TIME 570.393 LOAD: AVG 0.0276398 MAX 0.0462133  PROXIES: TOTAL 120 MAXPE 17 MAXPATCH 5 None MEM: 0 MB
LDB: TIME 570.393 LOAD: AVG 0.0276398 MAX 0.0462133  PROXIES: TOTAL 120 MAXPE 17 MAXPATCH 5 RefineTorusLB MEM: 0 MB
LDB: TIME 570.393 LOAD: AVG 0.0276398 MAX 0.0462133  PROXIES: TOTAL 120 MAXPE 17 MAXPATCH 5 RefineTorusLB MEM: 0 MB
LDB: Reverting to original mapping
LDB: ============== END OF LOAD BALANCING =============== 570.394
Info: useSync: 0 useProxySync: 0
LDB: =============== DONE WITH MIGRATION ================ 570.394
ENERGY: 3042500        76.0767       190.5706       146.7904         0.0000         -60072.0427      7210.4460         0.0000         0.0000      9889.9933         -42558.1658       310.0468    -52448.1591    -42534.2090       310.6991           -104.4973       -30.7562    162467.3314        -5.9194        -6.5456

ENERGY: 3043000        70.5043       180.8079       161.0924         0.0000         -60018.7365      7230.1299         0.0000         0.0000      9897.3855         -42478.8164       310.2785    -52376.2019    -42454.9218       311.5889            -68.1689        27.1106    162348.9318        -4.0184        -5.1269

WRITING COORDINATES TO DCD FILE 06_prod_1ns/prod_06.dcd AT STEP 3043000
ENERGY: 3043500        69.4894       206.2346       150.2812         0.0000         -60034.9421      7121.8544         0.0000         0.0000      9942.3152         -42544.7673       311.6871    -52487.0825    -42525.5931       311.8147           -424.7547      -294.3363    162578.7044        -5.0720        -4.2465

ENERGY: 3044000        71.1944       212.8965       154.0448         0.0000         -60076.9004      7195.9283         0.0000         0.0000      9849.4707         -42593.3657       308.7764    -52442.8364    -42568.0499       310.3345           -231.9682      -169.9115    162896.3515        -7.0660        -7.1554

WRITING COORDINATES TO DCD FILE 06_prod_1ns/prod_06.dcd AT STEP 3044000
LDB: ============= START OF LOAD BALANCING ============== 574.104
LDB: ============== END OF LOAD BALANCING =============== 574.105
Info: useSync: 0 useProxySync: 0
LDB: =============== DONE WITH MIGRATION ================ 574.108
LDB: ============= START OF LOAD BALANCING ============== 574.199
LDB: TIME 574.2 LOAD: AVG 0.0266048 MAX 0.0419939  PROXIES: TOTAL 120 MAXPE 17 MAXPATCH 5 None MEM: 0 MB
LDB: TIME 574.2 LOAD: AVG 0.0266048 MAX 0.0419939  PROXIES: TOTAL 120 MAXPE 17 MAXPATCH 5 RefineTorusLB MEM: 0 MB
LDB: TIME 574.2 LOAD: AVG 0.0266048 MAX 0.0419939  PROXIES: TOTAL 120 MAXPE 17 MAXPATCH 5 RefineTorusLB MEM: 0 MB
LDB: Reverting to original mapping
LDB: ============== END OF LOAD BALANCING =============== 574.2
Info: useSync: 0 useProxySync: 0
LDB: =============== DONE WITH MIGRATION ================ 574.201
ENERGY: 3044500        71.7712       195.7264       151.3308         0.0000         -60197.5696      7333.5436         0.0000         0.0000      9918.7794         -42526.4181       310.9492    -52445.1976    -42504.7747       311.3717           -120.4996       -14.8472    162670.7491         3.3936         3.0409

TIMING: 3045000  CPU: 580.073, 0.00196516/step  Wall: 575.334, 0.00192448/step, 0.109589 hours remaining, 0.000000 MB of memory in use.
PERFORMANCE: 3045000  averaging 88.6086 ns/day, 0.00195015 sec/step with standard deviation 3.12053e-05
ETITLE:      TS           BOND          ANGLE          DIHED          IMPRP               ELECT            VDW       BOUNDARY           MISC        KINETIC               TOTAL           TEMP      POTENTIAL         TOTAL3        TEMPAVG            PRESSURE      GPRESSURE         VOLUME       PRESSAVG      GPRESSAVG

ENERGY: 3045000        75.0712       185.9703       151.1405         0.0000         -59962.9557      7194.4952         0.0000         0.0000      9851.8050         -42504.4734       308.8496    -52356.2785    -42486.8334       310.9833           -273.3904      -193.2556    163983.9668         1.0924         1.2739

WRITING EXTENDED SYSTEM TO RESTART FILE AT STEP 3045000
WRITING COORDINATES TO DCD FILE 06_prod_1ns/prod_06.dcd AT STEP 3045000
WRITING COORDINATES TO RESTART FILE AT STEP 3045000
FINISHED WRITING RESTART COORDINATES
WRITING VELOCITIES TO RESTART FILE AT STEP 3045000
FINISHED WRITING RESTART VELOCITIES
ENERGY: 3045500        75.2351       214.8918       140.9910         0.0000         -60394.1777      7492.2843         0.0000         0.0000      9944.6794         -42526.0961       311.7612    -52470.7755    -42494.8799       310.7464             74.6446       166.4520    162980.5338        -6.6534        -7.1267

ENERGY: 3046000        70.7060       205.0344       149.8566         0.0000         -60331.4248      7276.9121         0.0000         0.0000      9954.9861         -42673.9297       312.0843    -52628.9158    -42652.3429       310.8267           -139.5916       -45.2164    162295.3056        -3.8462        -2.6287

WRITING COORDINATES TO DCD FILE 06_prod_1ns/prod_06.dcd AT STEP 3046000
LDB: ============= START OF LOAD BALANCING ============== 577.998
LDB: ============== END OF LOAD BALANCING =============== 577.998
Info: useSync: 0 useProxySync: 0
LDB: =============== DONE WITH MIGRATION ================ 577.999
LDB: ============= START OF LOAD BALANCING ============== 578.096
LDB: TIME 578.096 LOAD: AVG 0.0272621 MAX 0.0465742  PROXIES: TOTAL 120 MAXPE 17 MAXPATCH 5 None MEM: 0 MB
LDB: TIME 578.096 LOAD: AVG 0.0272621 MAX 0.0465742  PROXIES: TOTAL 120 MAXPE 17 MAXPATCH 5 RefineTorusLB MEM: 0 MB
LDB: TIME 578.096 LOAD: AVG 0.0272621 MAX 0.0465742  PROXIES: TOTAL 120 MAXPE 17 MAXPATCH 5 RefineTorusLB MEM: 0 MB
LDB: ============== END OF LOAD BALANCING =============== 578.096
Info: useSync: 0 useProxySync: 0
LDB: =============== DONE WITH MIGRATION ================ 578.097
ENERGY: 3046500        75.1319       185.9621       151.1124         0.0000         -60576.0639      7376.2458         0.0000         0.0000      9833.0538         -42954.5579       308.2618    -52787.6116    -42928.6986       310.1305           -147.9565       -55.9488    162010.6067         9.5426         8.7304

ENERGY: 3047000        73.7189       204.7475       152.1850         0.0000         -60317.2540      7303.2662         0.0000         0.0000      9856.0673         -42727.2691       308.9832    -52583.3364    -42705.7707       308.8775           -226.5342      -136.2109    162655.4770         5.5299         5.0970

WRITING COORDINATES TO DCD FILE 06_prod_1ns/prod_06.dcd AT STEP 3047000
ENERGY: 3047500        80.6666       182.3832       158.9568         0.0000         -60137.2874      7111.4367         0.0000         0.0000      9790.2334         -42813.6108       306.9194    -52603.8442    -42794.3563       310.4359           -445.6084      -343.4434    162386.9798        -0.6981        -1.0407

ENERGY: 3048000        63.8720       183.3892       158.1663         0.0000         -60408.1123      7390.5819         0.0000         0.0000     10008.1404         -42603.9625       313.7506    -52612.1029    -42582.6731       310.3780            111.3742       214.8854    161942.9016        -2.4187        -2.3771

WRITING COORDINATES TO DCD FILE 06_prod_1ns/prod_06.dcd AT STEP 3048000
LDB: ============= START OF LOAD BALANCING ============== 581.867
LDB: ============== END OF LOAD BALANCING =============== 581.867
Info: useSync: 0 useProxySync: 0
LDB: =============== DONE WITH MIGRATION ================ 581.868
LDB: ============= START OF LOAD BALANCING ============== 581.965
LDB: TIME 581.966 LOAD: AVG 0.0273513 MAX 0.0505356  PROXIES: TOTAL 120 MAXPE 17 MAXPATCH 5 None MEM: 0 MB
LDB: TIME 581.966 LOAD: AVG 0.0273513 MAX 0.0505356  PROXIES: TOTAL 120 MAXPE 17 MAXPATCH 5 RefineTorusLB MEM: 0 MB
LDB: TIME 581.966 LOAD: AVG 0.0273513 MAX 0.0505356  PROXIES: TOTAL 120 MAXPE 17 MAXPATCH 5 RefineTorusLB MEM: 0 MB
LDB: Reverting to original mapping
LDB: ============== END OF LOAD BALANCING =============== 581.966
Info: useSync: 0 useProxySync: 0
LDB: =============== DONE WITH MIGRATION ================ 581.967
ENERGY: 3048500        82.3617       196.8851       151.6704         0.0000         -60411.8037      7442.0732         0.0000         0.0000      9978.3421         -42560.4712       312.8165    -52538.8133    -42542.8453       310.7391            166.4595       238.2063    162142.1886         3.8624         3.9107

ENERGY: 3049000        68.4702       207.1724       154.3794         0.0000         -60231.6593      7314.1750         0.0000         0.0000      9860.5982         -42626.8642       309.1253    -52487.4624    -42602.7720       310.8105            -61.7132        -7.1675    161837.0064        -3.1853        -3.2382

WRITING COORDINATES TO DCD FILE 06_prod_1ns/prod_06.dcd AT STEP 3049000
ENERGY: 3049500        62.9399       196.2483       150.9518         0.0000         -60301.3602      7281.1167         0.0000         0.0000      9872.5159         -42737.5876       309.4989    -52610.1035    -42721.2295       310.0961           -116.7646       -10.4571    161924.8593       -10.1442       -10.5887

TIMING: 3050000  CPU: 589.913, 0.00196801/step  Wall: 585.053, 0.00194384/step, 0.107991 hours remaining, 0.000000 MB of memory in use.
PERFORMANCE: 3050000  averaging 88.6134 ns/day, 0.00195004 sec/step with standard deviation 3.09504e-05
ETITLE:      TS           BOND          ANGLE          DIHED          IMPRP               ELECT            VDW       BOUNDARY           MISC        KINETIC               TOTAL           TEMP      POTENTIAL         TOTAL3        TEMPAVG            PRESSURE      GPRESSURE         VOLUME       PRESSAVG      GPRESSAVG

ENERGY: 3050000        70.9436       203.4550       157.5264         0.0000         -60198.6138      7306.8185         0.0000         0.0000      9822.2114         -42637.6589       307.9219    -52459.8703    -42614.8354       309.7814             30.5685       108.5310    161694.0460        -6.0617        -5.9909

WRITING EXTENDED SYSTEM TO RESTART FILE AT STEP 3050000
WRITING COORDINATES TO DCD FILE 06_prod_1ns/prod_06.dcd AT STEP 3050000
WRITING COORDINATES TO RESTART FILE AT STEP 3050000
FINISHED WRITING RESTART COORDINATES
WRITING VELOCITIES TO RESTART FILE AT STEP 3050000
FINISHED WRITING RESTART VELOCITIES
LDB: ============= START OF LOAD BALANCING ============== 585.851
LDB: ============== END OF LOAD BALANCING =============== 585.851
Info: useSync: 0 useProxySync: 0
LDB: =============== DONE WITH MIGRATION ================ 585.851
LDB: ============= START OF LOAD BALANCING ============== 585.949
LDB: TIME 585.949 LOAD: AVG 0.0266913 MAX 0.0435492  PROXIES: TOTAL 120 MAXPE 17 MAXPATCH 5 None MEM: 0 MB
LDB: TIME 585.949 LOAD: AVG 0.0266913 MAX 0.0435492  PROXIES: TOTAL 120 MAXPE 17 MAXPATCH 5 RefineTorusLB MEM: 0 MB
LDB: TIME 585.95 LOAD: AVG 0.0266913 MAX 0.0435492  PROXIES: TOTAL 120 MAXPE 17 MAXPATCH 5 RefineTorusLB MEM: 0 MB
LDB: Reverting to original mapping
LDB: ============== END OF LOAD BALANCING =============== 585.95
Info: useSync: 0 useProxySync: 0
LDB: =============== DONE WITH MIGRATION ================ 585.951
ENERGY: 3050500        73.8065       199.0047       151.9632         0.0000         -60398.2665      7300.9802         0.0000         0.0000      9898.3452         -42774.1667       310.3086    -52672.5120    -42758.2559       310.0103             -1.3380        57.3726    161951.1960        -0.4062        -0.7035

ENERGY: 3051000        73.8916       201.9143       158.5296         0.0000         -60368.9687      7290.1601         0.0000         0.0000      9903.4272         -42741.0460       310.4679    -52644.4732    -42719.5946       308.8967           -175.6818       -73.4962    162730.4203        -3.7600        -4.1522

WRITING COORDINATES TO DCD FILE 06_prod_1ns/prod_06.dcd AT STEP 3051000
ENERGY: 3051500        76.9405       207.6019       158.7646         0.0000         -60152.2592      7249.2861         0.0000         0.0000      9923.8507         -42535.8154       311.1082    -52459.6660    -42512.2310       309.5998           -110.0691       -33.4548    162741.5241         2.0682         1.3528

ENERGY: 3052000        74.5291       217.9824       150.6447         0.0000         -60325.7532      7319.9591         0.0000         0.0000      9781.2936         -42781.3443       306.6391    -52562.6379    -42756.2059       312.0473             49.2162       150.3431    161221.0846        -7.6946        -7.2045

WRITING COORDINATES TO DCD FILE 06_prod_1ns/prod_06.dcd AT STEP 3052000
LDB: ============= START OF LOAD BALANCING ============== 589.86
LDB: ============== END OF LOAD BALANCING =============== 589.861
Info: useSync: 0 useProxySync: 0
LDB: =============== DONE WITH MIGRATION ================ 589.861
LDB: ============= START OF LOAD BALANCING ============== 589.964
LDB: TIME 589.964 LOAD: AVG 0.028849 MAX 0.0457712  PROXIES: TOTAL 120 MAXPE 17 MAXPATCH 5 None MEM: 0 MB
LDB: TIME 589.965 LOAD: AVG 0.028849 MAX 0.0457712  PROXIES: TOTAL 120 MAXPE 17 MAXPATCH 5 RefineTorusLB MEM: 0 MB
LDB: TIME 589.965 LOAD: AVG 0.028849 MAX 0.0457712  PROXIES: TOTAL 120 MAXPE 17 MAXPATCH 5 RefineTorusLB MEM: 0 MB
LDB: Reverting to original mapping
LDB: ============== END OF LOAD BALANCING =============== 589.965
Info: useSync: 0 useProxySync: 0
LDB: =============== DONE WITH MIGRATION ================ 589.966
ENERGY: 3052500        74.6479       208.0641       152.8509         0.0000         -60356.1261      7296.9775         0.0000         0.0000      9627.3675         -42996.2181       301.8136    -52623.5857    -42973.7442       308.4796           -307.1488      -191.9804    162796.4726        -5.3437        -3.1434

ENERGY: 3053000        63.0640       192.3480       162.7430         0.0000         -60627.2265      7467.1285         0.0000         0.0000      9744.4166         -42997.5265       305.4830    -52741.9431    -42973.8214       307.7838           -100.7513       -14.2776    162607.1011        -2.2244        -2.2919

WRITING COORDINATES TO DCD FILE 06_prod_1ns/prod_06.dcd AT STEP 3053000
ENERGY: 3053500        64.6563       199.9417       146.1005         0.0000         -60343.4226      7279.4935         0.0000         0.0000      9763.1016         -42890.1290       306.0688    -52653.2306    -42861.3590       307.8583            -83.4122        22.6459    161546.7283        -7.6271        -6.4301

ENERGY: 3054000        72.4708       199.5583       149.1935         0.0000         -60417.1884      7268.5724         0.0000         0.0000      9931.9272         -42795.4661       311.3614    -52727.3933    -42778.3163       308.1664            -60.5540        -0.5037    161210.3035        -1.1619        -0.2534

WRITING COORDINATES TO DCD FILE 06_prod_1ns/prod_06.dcd AT STEP 3054000
LDB: ============= START OF LOAD BALANCING ============== 593.801
LDB: ============== END OF LOAD BALANCING =============== 593.801
Info: useSync: 0 useProxySync: 0
LDB: =============== DONE WITH MIGRATION ================ 593.801
LDB: ============= START OF LOAD BALANCING ============== 593.899
LDB: TIME 593.899 LOAD: AVG 0.0270779 MAX 0.0466648  PROXIES: TOTAL 120 MAXPE 17 MAXPATCH 5 None MEM: 0 MB
LDB: TIME 593.899 LOAD: AVG 0.0270779 MAX 0.0466648  PROXIES: TOTAL 120 MAXPE 17 MAXPATCH 5 RefineTorusLB MEM: 0 MB
LDB: TIME 593.9 LOAD: AVG 0.0270779 MAX 0.0466648  PROXIES: TOTAL 120 MAXPE 17 MAXPATCH 5 RefineTorusLB MEM: 0 MB
LDB: ============== END OF LOAD BALANCING =============== 593.9
Info: useSync: 0 useProxySync: 0
LDB: =============== DONE WITH MIGRATION ================ 593.901
ENERGY: 3054500        77.2493       216.1559       142.3859         0.0000         -60466.2650      7432.8510         0.0000         0.0000      9773.0964         -42824.5265       306.3821    -52597.6229    -42806.8585       309.5746            113.6468       185.7626    161880.4792        -5.5855        -5.6056

TIMING: 3055000  CPU: 599.822, 0.00198181/step  Wall: 595.048, 0.00199905/step, 0.108282 hours remaining, 0.000000 MB of memory in use.
PERFORMANCE: 3055000  averaging 88.5769 ns/day, 0.00195085 sec/step with standard deviation 3.13263e-05
ETITLE:      TS           BOND          ANGLE          DIHED          IMPRP               ELECT            VDW       BOUNDARY           MISC        KINETIC               TOTAL           TEMP      POTENTIAL         TOTAL3        TEMPAVG            PRESSURE      GPRESSURE         VOLUME       PRESSAVG      GPRESSAVG

ENERGY: 3055000        78.2360       203.7236       147.5724         0.0000         -60228.8149      7347.7477         0.0000         0.0000      9847.6087         -42603.9264       308.7180    -52451.5351    -42581.4235       309.6684            -96.1372        18.5314    162541.4798         4.1088         4.0150

WRITING EXTENDED SYSTEM TO RESTART FILE AT STEP 3055000
WRITING COORDINATES TO DCD FILE 06_prod_1ns/prod_06.dcd AT STEP 3055000
WRITING COORDINATES TO RESTART FILE AT STEP 3055000
FINISHED WRITING RESTART COORDINATES
WRITING VELOCITIES TO RESTART FILE AT STEP 3055000
FINISHED WRITING RESTART VELOCITIES
ENERGY: 3055500        77.8749       185.1827       146.3551         0.0000         -60207.3159      7288.4077         0.0000         0.0000      9840.7651         -42668.7305       308.5035    -52509.4956    -42651.0152       309.0845           -174.2514       -56.1992    162878.8179         3.4687         3.0036

ENERGY: 3056000        72.0689       193.0841       145.1989         0.0000         -60326.1663      7296.1091         0.0000         0.0000      9800.0320         -42819.6733       307.2265    -52619.7053    -42796.2371       309.7764           -172.9454      -106.7904    162619.3045         3.5283         3.9601

WRITING COORDINATES TO DCD FILE 06_prod_1ns/prod_06.dcd AT STEP 3056000
LDB: ============= START OF LOAD BALANCING ============== 597.732
LDB: ============== END OF LOAD BALANCING =============== 597.732
Info: useSync: 0 useProxySync: 0
LDB: =============== DONE WITH MIGRATION ================ 597.733
LDB: ============= START OF LOAD BALANCING ============== 597.827
LDB: TIME 597.827 LOAD: AVG 0.0258534 MAX 0.0384381  PROXIES: TOTAL 120 MAXPE 17 MAXPATCH 5 None MEM: 0 MB
LDB: TIME 597.827 LOAD: AVG 0.0258534 MAX 0.0384381  PROXIES: TOTAL 120 MAXPE 17 MAXPATCH 5 RefineTorusLB MEM: 0 MB
LDB: TIME 597.828 LOAD: AVG 0.0258534 MAX 0.0384381  PROXIES: TOTAL 120 MAXPE 17 MAXPATCH 5 RefineTorusLB MEM: 0 MB
LDB: ============== END OF LOAD BALANCING =============== 597.828
Info: useSync: 0 useProxySync: 0
LDB: =============== DONE WITH MIGRATION ================ 597.829
ENERGY: 3056500        76.0647       186.6590       153.1356         0.0000         -60084.1333      7166.3432         0.0000         0.0000      9683.6766         -42818.2543       303.5789    -52501.9308    -42797.0453       308.9701           -524.9694      -406.5696    163194.5692        -1.2096        -3.3149

ENERGY: 3057000        85.6662       202.6305       145.0341         0.0000         -60420.1865      7430.4845         0.0000         0.0000      9926.7372         -42629.6339       311.1987    -52556.3711    -42608.3401       309.9691            -77.1576        32.1894    162987.7064         8.2247         9.0412

WRITING COORDINATES TO DCD FILE 06_prod_1ns/prod_06.dcd AT STEP 3057000
ENERGY: 3057500        78.1479       202.2664       153.9231         0.0000         -60258.8852      7393.7687         0.0000         0.0000      9938.7310         -42492.0481       311.5747    -52430.7791    -42469.1277       311.0909             31.9489       114.6279    162252.1637        -4.9675        -3.9052

ENERGY: 3058000        80.0796       196.8503       144.8389         0.0000         -59908.2023      7149.3976         0.0000         0.0000      9909.8635         -42427.1724       310.6697    -52337.0359    -42401.8672       311.8516           -200.9990      -124.8717    162308.5692         3.3312         2.9636

WRITING COORDINATES TO DCD FILE 06_prod_1ns/prod_06.dcd AT STEP 3058000
LDB: ============= START OF LOAD BALANCING ============== 601.596
LDB: ============== END OF LOAD BALANCING =============== 601.596
Info: useSync: 0 useProxySync: 0
LDB: =============== DONE WITH MIGRATION ================ 601.597
LDB: ============= START OF LOAD BALANCING ============== 601.696
LDB: TIME 601.696 LOAD: AVG 0.0271548 MAX 0.0455694  PROXIES: TOTAL 120 MAXPE 17 MAXPATCH 5 None MEM: 0 MB
LDB: TIME 601.696 LOAD: AVG 0.0271548 MAX 0.0455694  PROXIES: TOTAL 120 MAXPE 17 MAXPATCH 5 RefineTorusLB MEM: 0 MB
LDB: TIME 601.697 LOAD: AVG 0.0271548 MAX 0.0455694  PROXIES: TOTAL 120 MAXPE 17 MAXPATCH 5 RefineTorusLB MEM: 0 MB
LDB: Reverting to original mapping
LDB: ============== END OF LOAD BALANCING =============== 601.697
Info: useSync: 0 useProxySync: 0
LDB: =============== DONE WITH MIGRATION ================ 601.698
ENERGY: 3058500        76.8520       185.6492       149.9327         0.0000         -60240.9033      7248.3090         0.0000         0.0000      9892.8726         -42687.2878       310.1371    -52580.1604    -42663.1641       311.3504           -137.3300       -79.7155    161811.7181         5.8765         7.2649

ENERGY: 3059000        69.3366       201.5384       152.7360         0.0000         -60382.1771      7300.2648         0.0000         0.0000      9875.7718         -42782.5295       309.6009    -52658.3013    -42760.8985       309.9285           -149.4288       -60.7052    161982.7951        -8.2985        -7.9554

WRITING COORDINATES TO DCD FILE 06_prod_1ns/prod_06.dcd AT STEP 3059000
ENERGY: 3059500        77.0226       207.8624       143.6451         0.0000         -60408.2287      7434.1589         0.0000         0.0000      9855.2165         -42690.3231       308.9566    -52545.5397    -42664.2631       309.3299             18.3096       124.9732    162444.5359         4.2405         4.1507

WRITING COORDINATES TO DCD FILE 06_prod_1ns/prod_06.dcd AT STEP 3060000
WRITING COORDINATES TO RESTART FILE AT STEP 3060000
FINISHED WRITING RESTART COORDINATES
TIMING: 3060000  CPU: 609.727, 0.00198091/step  Wall: 604.779, 0.00194617/step, 0.102715 hours remaining, 0.000000 MB of memory in use.
PERFORMANCE: 3060000  averaging 88.5803 ns/day, 0.00195077 sec/step with standard deviation 3.10742e-05
ETITLE:      TS           BOND          ANGLE          DIHED          IMPRP               ELECT            VDW       BOUNDARY           MISC        KINETIC               TOTAL           TEMP      POTENTIAL         TOTAL3        TEMPAVG            PRESSURE      GPRESSURE         VOLUME       PRESSAVG      GPRESSAVG

ENERGY: 3060000        64.9240       202.6695       150.2505         0.0000         -60381.9142      7342.9970         0.0000         0.0000      9926.0973         -42694.9760       311.1786    -52621.0732    -42673.9094       308.9232            -15.6876        73.1252    163044.2103         5.6814         6.0478

WRITING EXTENDED SYSTEM TO RESTART FILE AT STEP 3060000
WRITING VELOCITIES TO RESTART FILE AT STEP 3060000
FINISHED WRITING RESTART VELOCITIES
LDB: ============= START OF LOAD BALANCING ============== 605.487
LDB: ============== END OF LOAD BALANCING =============== 605.488
Info: useSync: 0 useProxySync: 0
LDB: =============== DONE WITH MIGRATION ================ 605.488
LDB: ============= START OF LOAD BALANCING ============== 605.584
LDB: TIME 605.585 LOAD: AVG 0.0258963 MAX 0.0398589  PROXIES: TOTAL 120 MAXPE 17 MAXPATCH 5 None MEM: 0 MB
LDB: TIME 605.585 LOAD: AVG 0.0258963 MAX 0.0398589  PROXIES: TOTAL 120 MAXPE 17 MAXPATCH 5 RefineTorusLB MEM: 0 MB
LDB: TIME 605.585 LOAD: AVG 0.0258963 MAX 0.0398589  PROXIES: TOTAL 120 MAXPE 17 MAXPATCH 5 RefineTorusLB MEM: 0 MB
LDB: ============== END OF LOAD BALANCING =============== 605.586
Info: useSync: 0 useProxySync: 0
LDB: =============== DONE WITH MIGRATION ================ 605.586
ENERGY: 3060500        70.6495       193.7648       151.6067         0.0000         -60471.2481      7380.8266         0.0000         0.0000      9913.1835         -42761.2169       310.7738    -52674.4004    -42741.9980       308.5480              5.3156        62.1755    162653.7105        -3.9533        -2.8023

WRITING COORDINATES TO DCD FILE 06_prod_1ns/prod_06.dcd AT STEP 3061000
ENERGY: 3061000        65.5375       191.5764       148.5713         0.0000         -60422.0118      7505.9049         0.0000         0.0000      9858.6205         -42651.8011       309.0633    -52510.4216    -42630.3911       309.2775            252.2677       330.4326    161807.9055       -14.6315       -14.6226

ENERGY: 3061500        57.6452       189.7388       149.1656         0.0000         -60453.0547      7387.0192         0.0000         0.0000      9823.2487         -42846.2371       307.9544    -52669.4858    -42826.7859       309.1252             36.1873       107.0567    162552.1595         7.1901         6.4627

ENERGY: 3062000        82.5375       199.2288       154.7008         0.0000         -60843.9069      7499.5403         0.0000         0.0000      9986.2921         -42921.6074       313.0657    -52907.8996    -42901.3089       308.8518             79.9813       164.4685    161190.7026         7.0054         7.5108

WRITING COORDINATES TO DCD FILE 06_prod_1ns/prod_06.dcd AT STEP 3062000
LDB: ============= START OF LOAD BALANCING ============== 609.262
LDB: ============== END OF LOAD BALANCING =============== 609.262
Info: useSync: 0 useProxySync: 0
LDB: =============== DONE WITH MIGRATION ================ 609.262
LDB: ============= START OF LOAD BALANCING ============== 609.355
LDB: TIME 609.356 LOAD: AVG 0.0267887 MAX 0.0440361  PROXIES: TOTAL 120 MAXPE 17 MAXPATCH 5 None MEM: 0 MB
LDB: TIME 609.356 LOAD: AVG 0.0267887 MAX 0.0440361  PROXIES: TOTAL 120 MAXPE 17 MAXPATCH 5 RefineTorusLB MEM: 0 MB
LDB: TIME 609.356 LOAD: AVG 0.0267887 MAX 0.0440361  PROXIES: TOTAL 120 MAXPE 17 MAXPATCH 5 RefineTorusLB MEM: 0 MB
LDB: Reverting to original mapping
LDB: ============== END OF LOAD BALANCING =============== 609.357
Info: useSync: 0 useProxySync: 0
LDB: =============== DONE WITH MIGRATION ================ 609.357
ENERGY: 3062500        71.0856       197.3003       156.8867         0.0000         -60465.3743      7375.0338         0.0000         0.0000      9702.9125         -42962.1554       304.1819    -52665.0679    -42939.3575       308.5405             74.9538       142.1880    161685.8362         3.1059         3.7181

ENERGY: 3063000        68.0663       205.6521       143.8545         0.0000         -60304.2425      7367.9491         0.0000         0.0000      9774.3669         -42744.3536       306.4220    -52518.7205    -42722.7371       308.9140           -109.0334        -0.3450    162893.2965        -3.6311        -2.8200

WRITING COORDINATES TO DCD FILE 06_prod_1ns/prod_06.dcd AT STEP 3063000
ENERGY: 3063500        84.3777       199.3575       150.4993         0.0000         -60279.1792      7282.6413         0.0000         0.0000      9874.7562         -42687.5473       309.5691    -52562.3035    -42672.2719       310.0144           -130.6490       -77.1463    162447.2019         7.1077         6.8006

ENERGY: 3064000        67.5117       218.3160       156.0384         0.0000         -60245.3659      7314.9297         0.0000         0.0000      9756.7188         -42731.8512       305.8687    -52488.5701    -42714.0940       309.6062           -124.1441       -27.2906    162837.8032         0.6683         1.6745

WRITING COORDINATES TO DCD FILE 06_prod_1ns/prod_06.dcd AT STEP 3064000
LDB: ============= START OF LOAD BALANCING ============== 613.152
LDB: ============== END OF LOAD BALANCING =============== 613.153
Info: useSync: 0 useProxySync: 0
LDB: =============== DONE WITH MIGRATION ================ 613.153
LDB: ============= START OF LOAD BALANCING ============== 613.251
LDB: TIME 613.252 LOAD: AVG 0.0276454 MAX 0.0455466  PROXIES: TOTAL 120 MAXPE 17 MAXPATCH 5 None MEM: 0 MB
LDB: TIME 613.252 LOAD: AVG 0.0276454 MAX 0.0455466  PROXIES: TOTAL 120 MAXPE 17 MAXPATCH 5 RefineTorusLB MEM: 0 MB
LDB: TIME 613.252 LOAD: AVG 0.0276454 MAX 0.0455466  PROXIES: TOTAL 120 MAXPE 17 MAXPATCH 5 RefineTorusLB MEM: 0 MB
LDB: Reverting to original mapping
LDB: ============== END OF LOAD BALANCING =============== 613.253
Info: useSync: 0 useProxySync: 0
LDB: =============== DONE WITH MIGRATION ================ 613.254
ENERGY: 3064500        98.1316       198.7556       161.5592         0.0000         -60209.1528      7079.7285         0.0000         0.0000      9993.7962         -42677.1817       313.3010    -52670.9779    -42655.5186       308.8660           -524.0867      -425.6755    162755.0973         3.6953         4.4995

TIMING: 3065000  CPU: 619.616, 0.00197781/step  Wall: 614.436, 0.0019313/step, 0.0992473 hours remaining, 0.000000 MB of memory in use.
PERFORMANCE: 3065000  averaging 88.5944 ns/day, 0.00195046 sec/step with standard deviation 3.092e-05
ETITLE:      TS           BOND          ANGLE          DIHED          IMPRP               ELECT            VDW       BOUNDARY           MISC        KINETIC               TOTAL           TEMP      POTENTIAL         TOTAL3        TEMPAVG            PRESSURE      GPRESSURE         VOLUME       PRESSAVG      GPRESSAVG

ENERGY: 3065000        64.5979       212.9885       151.0585         0.0000         -60457.6907      7457.9675         0.0000         0.0000      9915.5765         -42655.5018       310.8488    -52571.0783    -42628.3164       311.5529             54.3483       140.8635    162336.9864        10.8229        10.9443

WRITING EXTENDED SYSTEM TO RESTART FILE AT STEP 3065000
WRITING COORDINATES TO DCD FILE 06_prod_1ns/prod_06.dcd AT STEP 3065000
WRITING COORDINATES TO RESTART FILE AT STEP 3065000
FINISHED WRITING RESTART COORDINATES
WRITING VELOCITIES TO RESTART FILE AT STEP 3065000
FINISHED WRITING RESTART VELOCITIES
ENERGY: 3065500        78.4452       217.2777       149.8105         0.0000         -60389.0018      7304.0125         0.0000         0.0000      9877.6456         -42761.8103       309.6597    -52639.4559    -42740.5375       309.8451           -231.8099      -111.7170    162033.2658        -0.5539        -0.9767

ENERGY: 3066000        58.3885       192.1300       145.1264         0.0000         -60217.3452      7249.6956         0.0000         0.0000      9901.9262         -42670.0786       310.4209    -52572.0047    -42647.0230       308.6725           -115.7931       -41.4444    162542.5385         4.1330         3.4217

WRITING COORDINATES TO DCD FILE 06_prod_1ns/prod_06.dcd AT STEP 3066000
LDB: ============= START OF LOAD BALANCING ============== 617.179
LDB: ============== END OF LOAD BALANCING =============== 617.18
Info: useSync: 0 useProxySync: 0
LDB: =============== DONE WITH MIGRATION ================ 617.18
LDB: ============= START OF LOAD BALANCING ============== 617.28
LDB: TIME 617.281 LOAD: AVG 0.0270574 MAX 0.0475937  PROXIES: TOTAL 120 MAXPE 17 MAXPATCH 5 None MEM: 0 MB
LDB: TIME 617.281 LOAD: AVG 0.0270574 MAX 0.0475937  PROXIES: TOTAL 120 MAXPE 17 MAXPATCH 5 RefineTorusLB MEM: 0 MB
LDB: TIME 617.281 LOAD: AVG 0.0270574 MAX 0.0475937  PROXIES: TOTAL 120 MAXPE 17 MAXPATCH 5 RefineTorusLB MEM: 0 MB
LDB: Reverting to original mapping
LDB: ============== END OF LOAD BALANCING =============== 617.282
Info: useSync: 0 useProxySync: 0
LDB: =============== DONE WITH MIGRATION ================ 617.283
ENERGY: 3066500        78.7672       199.5452       143.1748         0.0000         -60365.5916      7352.6827         0.0000         0.0000      9988.1060         -42603.3156       313.1226    -52591.4216    -42581.8242       310.9360            -79.9571        27.9549    161807.0832        -0.3860         0.3880

ENERGY: 3067000        74.6090       193.5872       153.1934         0.0000         -60334.0175      7255.0546         0.0000         0.0000      9846.4811         -42811.0920       308.6827    -52657.5732    -42789.6600       310.5231           -229.3026      -101.8021    161665.2292         8.1624         7.6725

WRITING COORDINATES TO DCD FILE 06_prod_1ns/prod_06.dcd AT STEP 3067000
ENERGY: 3067500        78.3085       195.5399       151.0491         0.0000         -60693.1046      7511.6112         0.0000         0.0000      9930.6131         -42825.9828       311.3202    -52756.5959    -42807.5806       308.4432             84.4131       155.1139    162473.6209        -8.3592        -8.9410

ENERGY: 3068000        65.0049       180.1163       156.8036         0.0000         -60654.0786      7644.0844         0.0000         0.0000     10007.6232         -42600.4462       313.7344    -52608.0694    -42579.6861       309.9788            388.2323       487.3505    162724.3408        -4.4027        -4.8687

WRITING COORDINATES TO DCD FILE 06_prod_1ns/prod_06.dcd AT STEP 3068000
LDB: ============= START OF LOAD BALANCING ============== 621.197
LDB: ============== END OF LOAD BALANCING =============== 621.198
Info: useSync: 0 useProxySync: 0
LDB: =============== DONE WITH MIGRATION ================ 621.198
LDB: ============= START OF LOAD BALANCING ============== 621.298
LDB: TIME 621.298 LOAD: AVG 0.0295193 MAX 0.0439951  PROXIES: TOTAL 120 MAXPE 17 MAXPATCH 5 None MEM: 0 MB
LDB: TIME 621.299 LOAD: AVG 0.0295193 MAX 0.0439951  PROXIES: TOTAL 120 MAXPE 17 MAXPATCH 5 RefineTorusLB MEM: 0 MB
LDB: TIME 621.299 LOAD: AVG 0.0295193 MAX 0.0439951  PROXIES: TOTAL 120 MAXPE 17 MAXPATCH 5 RefineTorusLB MEM: 0 MB
LDB: ============== END OF LOAD BALANCING =============== 621.299
Info: useSync: 0 useProxySync: 0
LDB: =============== DONE WITH MIGRATION ================ 621.3
ENERGY: 3068500        70.8224       178.5462       151.1189         0.0000         -60141.0075      7195.4073         0.0000         0.0000      9878.8522         -42666.2605       309.6975    -52545.1127    -42641.8016       310.4528           -218.6178      -122.4004    162310.2780        -0.0213        -0.0197

ENERGY: 3069000        75.9738       201.4767       148.2542         0.0000         -60475.3701      7527.9546         0.0000         0.0000      9963.5178         -42558.1931       312.3517    -52521.7109    -42534.7623       311.7826            265.6465       346.3582    162583.1652         2.1578         2.4893

WRITING COORDINATES TO DCD FILE 06_prod_1ns/prod_06.dcd AT STEP 3069000
ENERGY: 3069500        68.9898       192.0363       151.7729         0.0000         -60228.7903      7364.2107         0.0000         0.0000     10023.7876         -42427.9930       314.2412    -52451.7806    -42405.0510       311.3207             30.3431        78.9122    163360.4129        -7.6304        -7.5281

TIMING: 3070000  CPU: 629.437, 0.00196414/step  Wall: 624.39, 0.00199088/step, 0.0995441 hours remaining, 0.000000 MB of memory in use.
PERFORMANCE: 3070000  averaging 88.5657 ns/day, 0.00195109 sec/step with standard deviation 3.1087e-05
ETITLE:      TS           BOND          ANGLE          DIHED          IMPRP               ELECT            VDW       BOUNDARY           MISC        KINETIC               TOTAL           TEMP      POTENTIAL         TOTAL3        TEMPAVG            PRESSURE      GPRESSURE         VOLUME       PRESSAVG      GPRESSAVG

ENERGY: 3070000        72.9472       185.4077       155.0376         0.0000         -60209.4011      7303.1462         0.0000         0.0000      9890.8501         -42602.0123       310.0736    -52492.8623    -42580.4026       311.0415           -146.3030       -91.8165    163309.8870         6.8908         5.9930

WRITING EXTENDED SYSTEM TO RESTART FILE AT STEP 3070000
WRITING COORDINATES TO DCD FILE 06_prod_1ns/prod_06.dcd AT STEP 3070000
WRITING COORDINATES TO RESTART FILE AT STEP 3070000
FINISHED WRITING RESTART COORDINATES
WRITING VELOCITIES TO RESTART FILE AT STEP 3070000
FINISHED WRITING RESTART VELOCITIES
LDB: ============= START OF LOAD BALANCING ============== 625.163
LDB: ============== END OF LOAD BALANCING =============== 625.164
Info: useSync: 0 useProxySync: 0
LDB: =============== DONE WITH MIGRATION ================ 625.164
LDB: ============= START OF LOAD BALANCING ============== 625.26
LDB: TIME 625.26 LOAD: AVG 0.0282198 MAX 0.0489  PROXIES: TOTAL 120 MAXPE 17 MAXPATCH 5 None MEM: 0 MB
LDB: TIME 625.26 LOAD: AVG 0.0282198 MAX 0.0489  PROXIES: TOTAL 120 MAXPE 17 MAXPATCH 5 RefineTorusLB MEM: 0 MB
LDB: TIME 625.261 LOAD: AVG 0.0282198 MAX 0.0489  PROXIES: TOTAL 120 MAXPE 17 MAXPATCH 5 RefineTorusLB MEM: 0 MB
LDB: Reverting to original mapping
LDB: ============== END OF LOAD BALANCING =============== 625.261
Info: useSync: 0 useProxySync: 0
LDB: =============== DONE WITH MIGRATION ================ 625.262
ENERGY: 3070500        57.2105       207.5391       160.7791         0.0000         -60377.7576      7330.1134         0.0000         0.0000      9867.8834         -42754.2322       309.3537    -52622.1156    -42730.9769       310.0022            -24.9434        42.8853    162627.0471        15.3926        16.1109

WRITING COORDINATES TO DCD FILE 06_prod_1ns/prod_06.dcd AT STEP 3071000
ENERGY: 3071000        60.7582       195.1679       150.5635         0.0000         -60349.0753      7397.6059         0.0000         0.0000      9857.6261         -42687.3537       309.0321    -52544.9798    -42666.9868       308.6729            158.4973       252.9749    162149.2391         7.6355         7.8629

ENERGY: 3071500        67.1885       186.8580       149.2200         0.0000         -60145.3078      7222.3720         0.0000         0.0000      9861.4083         -42658.2611       309.1507    -52519.6693    -42638.6974       308.8566           -325.7037      -227.8759    163228.9425         2.6288         3.7553

ENERGY: 3072000        61.5955       190.4768       157.2142         0.0000         -60363.0501      7487.9836         0.0000         0.0000      9957.2381         -42508.5419       312.1549    -52465.7800    -42483.8398       312.6176            134.8043       215.9915    162642.7843        15.7130        13.8028

WRITING COORDINATES TO DCD FILE 06_prod_1ns/prod_06.dcd AT STEP 3072000
LDB: ============= START OF LOAD BALANCING ============== 628.994
LDB: ============== END OF LOAD BALANCING =============== 628.994
Info: useSync: 0 useProxySync: 0
LDB: =============== DONE WITH MIGRATION ================ 628.995
LDB: ============= START OF LOAD BALANCING ============== 629.091
LDB: TIME 629.091 LOAD: AVG 0.0279334 MAX 0.0485589  PROXIES: TOTAL 120 MAXPE 17 MAXPATCH 5 None MEM: 0 MB
LDB: TIME 629.091 LOAD: AVG 0.0279334 MAX 0.0485589  PROXIES: TOTAL 120 MAXPE 17 MAXPATCH 5 RefineTorusLB MEM: 0 MB
LDB: TIME 629.092 LOAD: AVG 0.0279334 MAX 0.0485589  PROXIES: TOTAL 120 MAXPE 17 MAXPATCH 5 RefineTorusLB MEM: 0 MB
LDB: Reverting to original mapping
LDB: ============== END OF LOAD BALANCING =============== 629.092
Info: useSync: 0 useProxySync: 0
LDB: =============== DONE WITH MIGRATION ================ 629.093
ENERGY: 3072500        75.3359       206.8717       152.6401         0.0000         -60432.6311      7414.3594         0.0000         0.0000      9864.3085         -42719.1156       309.2416    -52583.4241    -42700.1381       310.5355           -160.5549       -76.1835    163386.8286         5.7484         5.9048

ENERGY: 3073000        82.0734       208.8086       139.2519         0.0000         -60184.5845      7347.1950         0.0000         0.0000      9846.9598         -42560.2958       308.6977    -52407.2556    -42534.8792       309.7400           -106.6853       -14.4762    164075.6479        -0.7138        -0.0130

WRITING COORDINATES TO DCD FILE 06_prod_1ns/prod_06.dcd AT STEP 3073000
ENERGY: 3073500        75.8690       192.0908       151.4228         0.0000         -60264.2605      7128.5743         0.0000         0.0000      9891.3356         -42824.9680       310.0889    -52716.3035    -42800.9830       309.0541           -431.3010      -351.1288    162220.6092         3.6045         4.1990

ENERGY: 3074000        72.4741       187.8829       143.8553         0.0000         -60477.9205      7393.2790         0.0000         0.0000      9867.5640         -42812.8652       309.3436    -52680.4292    -42791.7427       308.6571             53.4622       161.2579    161625.2234       -19.0632       -17.6363

WRITING COORDINATES TO DCD FILE 06_prod_1ns/prod_06.dcd AT STEP 3074000
LDB: ============= START OF LOAD BALANCING ============== 632.749
LDB: ============== END OF LOAD BALANCING =============== 632.749
Info: useSync: 0 useProxySync: 0
LDB: =============== DONE WITH MIGRATION ================ 632.75
LDB: ============= START OF LOAD BALANCING ============== 632.844
LDB: TIME 632.845 LOAD: AVG 0.026446 MAX 0.0433405  PROXIES: TOTAL 120 MAXPE 17 MAXPATCH 5 None MEM: 0 MB
LDB: TIME 632.845 LOAD: AVG 0.026446 MAX 0.0433405  PROXIES: TOTAL 120 MAXPE 17 MAXPATCH 5 RefineTorusLB MEM: 0 MB
LDB: TIME 632.845 LOAD: AVG 0.026446 MAX 0.0433405  PROXIES: TOTAL 120 MAXPE 17 MAXPATCH 5 RefineTorusLB MEM: 0 MB
LDB: ============== END OF LOAD BALANCING =============== 632.845
Info: useSync: 0 useProxySync: 0
LDB: =============== DONE WITH MIGRATION ================ 632.846
ENERGY: 3074500        71.5947       195.8981       153.6471         0.0000         -60427.6189      7426.6492         0.0000         0.0000      9776.0706         -42803.7591       306.4754    -52579.8298    -42787.4930       308.6956            -24.3626        86.8955    162672.8716        -2.0568        -1.2817

WRITING COORDINATES TO DCD FILE 06_prod_1ns/prod_06.dcd AT STEP 3075000
WRITING COORDINATES TO RESTART FILE AT STEP 3075000
FINISHED WRITING RESTART COORDINATES
WRITING VELOCITIES TO RESTART FILE AT STEP 3075000
FINISHED WRITING RESTART VELOCITIES
TIMING: 3075000  CPU: 639.27, 0.00196669/step  Wall: 634.061, 0.00193413/step, 0.0940202 hours remaining, 0.000000 MB of memory in use.
PERFORMANCE: 3075000  averaging 88.5775 ns/day, 0.00195083 sec/step with standard deviation 3.09148e-05
ETITLE:      TS           BOND          ANGLE          DIHED          IMPRP               ELECT            VDW       BOUNDARY           MISC        KINETIC               TOTAL           TEMP      POTENTIAL         TOTAL3        TEMPAVG            PRESSURE      GPRESSURE         VOLUME       PRESSAVG      GPRESSAVG

ENERGY: 3075000        72.6696       197.6007       152.6698         0.0000         -60261.0693      7377.6924         0.0000         0.0000      9688.1738         -42772.2631       303.7198    -52460.4369    -42756.8852       308.5257              8.4917        76.9803    162521.1281        -5.0313        -5.3970

WRITING EXTENDED SYSTEM TO RESTART FILE AT STEP 3075000
ENERGY: 3075500        69.9063       208.1633       152.5636         0.0000         -60256.2544      7371.9064         0.0000         0.0000      9777.3430         -42676.3718       306.5153    -52453.7148    -42657.5606       309.8696            -79.2139        21.8800    163266.6227         6.6252         5.4859

ENERGY: 3076000        75.5596       194.1051       153.3191         0.0000         -60283.1757      7275.2672         0.0000         0.0000     10013.4473         -42571.4772       313.9170    -52584.9245    -42553.3752       309.6995           -176.5683       -72.7510    163013.2451         4.7211         3.8235

WRITING COORDINATES TO DCD FILE 06_prod_1ns/prod_06.dcd AT STEP 3076000
LDB: ============= START OF LOAD BALANCING ============== 636.652
LDB: ============== END OF LOAD BALANCING =============== 636.652
Info: useSync: 0 useProxySync: 0
LDB: =============== DONE WITH MIGRATION ================ 636.653
LDB: ============= START OF LOAD BALANCING ============== 636.748
LDB: TIME 636.749 LOAD: AVG 0.0263083 MAX 0.0435356  PROXIES: TOTAL 120 MAXPE 17 MAXPATCH 5 None MEM: 0 MB
LDB: TIME 636.749 LOAD: AVG 0.0263083 MAX 0.0435356  PROXIES: TOTAL 120 MAXPE 17 MAXPATCH 5 RefineTorusLB MEM: 0 MB
LDB: TIME 636.749 LOAD: AVG 0.0263083 MAX 0.0435356  PROXIES: TOTAL 120 MAXPE 17 MAXPATCH 5 RefineTorusLB MEM: 0 MB
LDB: ============== END OF LOAD BALANCING =============== 636.749
Info: useSync: 0 useProxySync: 0
LDB: =============== DONE WITH MIGRATION ================ 636.75
ENERGY: 3076500        75.0114       194.9494       158.1402         0.0000         -60021.7426      7118.4251         0.0000         0.0000      9949.3610         -42525.8554       311.9079    -52475.2164    -42504.5918       311.7232           -356.7545      -264.9809    162635.1732         0.7191         0.9214

ENERGY: 3077000        76.4359       200.7517       163.0481         0.0000         -60388.9562      7417.4726         0.0000         0.0000      9887.9339         -42643.3140       309.9822    -52531.2479    -42623.2434       311.6615            184.9338       289.1853    161770.1971        -1.8104        -1.3078

WRITING COORDINATES TO DCD FILE 06_prod_1ns/prod_06.dcd AT STEP 3077000
ENERGY: 3077500        68.7885       209.7840       151.5401         0.0000         -60342.1070      7328.0484         0.0000         0.0000      9930.8110         -42653.1350       311.3264    -52583.9460    -42628.5496       310.5425           -209.1089       -90.6865    162836.0339         6.2815         6.1064

ENERGY: 3078000        72.8669       214.3694       158.7521         0.0000         -60263.5466      7152.2183         0.0000         0.0000      9967.7796         -42697.5602       312.4854    -52665.3399    -42669.9775       311.1812           -280.3434      -194.3914    161908.5628         5.3186         4.2634

WRITING COORDINATES TO DCD FILE 06_prod_1ns/prod_06.dcd AT STEP 3078000
LDB: ============= START OF LOAD BALANCING ============== 640.507
LDB: ============== END OF LOAD BALANCING =============== 640.508
Info: useSync: 0 useProxySync: 0
LDB: =============== DONE WITH MIGRATION ================ 640.508
LDB: ============= START OF LOAD BALANCING ============== 640.603
LDB: TIME 640.604 LOAD: AVG 0.0267908 MAX 0.040391  PROXIES: TOTAL 120 MAXPE 17 MAXPATCH 5 None MEM: 0 MB
LDB: TIME 640.604 LOAD: AVG 0.0267908 MAX 0.040391  PROXIES: TOTAL 120 MAXPE 17 MAXPATCH 5 RefineTorusLB MEM: 0 MB
LDB: TIME 640.604 LOAD: AVG 0.0267908 MAX 0.040391  PROXIES: TOTAL 120 MAXPE 17 MAXPATCH 5 RefineTorusLB MEM: 0 MB
LDB: ============== END OF LOAD BALANCING =============== 640.604
Info: useSync: 0 useProxySync: 0
LDB: =============== DONE WITH MIGRATION ================ 640.605
ENERGY: 3078500        76.1216       197.7868       148.7891         0.0000         -60414.2217      7303.8224         0.0000         0.0000      9928.2771         -42759.4247       311.2470    -52687.7017    -42738.4358       309.9724            -34.0710        43.0606    161897.5007       -15.4253       -15.4305

ENERGY: 3079000        67.1406       208.1937       143.2087         0.0000         -60398.5664      7464.9151         0.0000         0.0000      9970.8802         -42544.2281       312.5826    -52515.1083    -42519.4023       310.4510            208.6866       324.6480    162510.8138        -2.4114        -2.5421

WRITING COORDINATES TO DCD FILE 06_prod_1ns/prod_06.dcd AT STEP 3079000
ENERGY: 3079500        69.2318       190.0752       139.3599         0.0000         -60281.5524      7280.9614         0.0000         0.0000      9803.9172         -42798.0069       307.3483    -52601.9241    -42776.6619       309.3291           -350.5734      -217.6505    163900.3539        -9.9042        -9.8195

TIMING: 3080000  CPU: 649.087, 0.00196335/step  Wall: 643.668, 0.00192146/step, 0.0907355 hours remaining, 0.000000 MB of memory in use.
PERFORMANCE: 3080000  averaging 88.5977 ns/day, 0.00195039 sec/step with standard deviation 3.08885e-05
ETITLE:      TS           BOND          ANGLE          DIHED          IMPRP               ELECT            VDW       BOUNDARY           MISC        KINETIC               TOTAL           TEMP      POTENTIAL         TOTAL3        TEMPAVG            PRESSURE      GPRESSURE         VOLUME       PRESSAVG      GPRESSAVG

ENERGY: 3080000        59.5412       209.8886       145.1033         0.0000         -60215.0728      7302.7466         0.0000         0.0000      9865.0786         -42632.7145       309.2657    -52497.7931    -42621.9345       309.3505            -12.7278       102.4671    162416.9732        -2.1607        -1.8397

WRITING EXTENDED SYSTEM TO RESTART FILE AT STEP 3080000
WRITING COORDINATES TO DCD FILE 06_prod_1ns/prod_06.dcd AT STEP 3080000
WRITING COORDINATES TO RESTART FILE AT STEP 3080000
FINISHED WRITING RESTART COORDINATES
WRITING VELOCITIES TO RESTART FILE AT STEP 3080000
FINISHED WRITING RESTART VELOCITIES
LDB: ============= START OF LOAD BALANCING ============== 644.426
LDB: ============== END OF LOAD BALANCING =============== 644.427
Info: useSync: 0 useProxySync: 0
LDB: =============== DONE WITH MIGRATION ================ 644.427
LDB: ============= START OF LOAD BALANCING ============== 644.523
LDB: TIME 644.523 LOAD: AVG 0.0276712 MAX 0.0495323  PROXIES: TOTAL 120 MAXPE 17 MAXPATCH 5 None MEM: 0 MB
LDB: TIME 644.523 LOAD: AVG 0.0276712 MAX 0.0495323  PROXIES: TOTAL 120 MAXPE 17 MAXPATCH 5 RefineTorusLB MEM: 0 MB
LDB: TIME 644.524 LOAD: AVG 0.0276712 MAX 0.0495323  PROXIES: TOTAL 120 MAXPE 17 MAXPATCH 5 RefineTorusLB MEM: 0 MB
LDB: ============== END OF LOAD BALANCING =============== 644.524
Info: useSync: 0 useProxySync: 0
LDB: =============== DONE WITH MIGRATION ================ 644.524
ENERGY: 3080500        69.8023       207.7130       149.8414         0.0000         -60231.4497      7341.6038         0.0000         0.0000      9930.1862         -42532.3030       311.3068    -52462.4893    -42514.3602       310.9044            -10.1425       117.2910    161249.6949        11.5971        10.4598

ENERGY: 3081000        86.3030       192.3138       154.4276         0.0000         -60250.1863      7356.6150         0.0000         0.0000     10059.2238         -42401.3031       315.3521    -52460.5269    -42381.2003       313.2946           -122.4031       -51.4849    163042.7875        14.2643        14.2668

WRITING COORDINATES TO DCD FILE 06_prod_1ns/prod_06.dcd AT STEP 3081000
ENERGY: 3081500        83.0151       195.4595       151.1786         0.0000         -60274.0217      7378.8016         0.0000         0.0000      9884.0148         -42581.5521       309.8594    -52465.5669    -42557.6343       312.0306            -82.5017        -7.7349    163158.5637         2.8073         4.1052

ENERGY: 3082000        84.9595       194.0251       157.7209         0.0000         -60264.0776      7241.4640         0.0000         0.0000      9995.2807         -42590.6273       313.3475    -52585.9080    -42572.6552       310.7577           -276.1371      -180.1923    162236.6824        -1.2697        -1.0186

WRITING COORDINATES TO DCD FILE 06_prod_1ns/prod_06.dcd AT STEP 3082000
LDB: ============= START OF LOAD BALANCING ============== 648.281
LDB: ============== END OF LOAD BALANCING =============== 648.281
Info: useSync: 0 useProxySync: 0
LDB: =============== DONE WITH MIGRATION ================ 648.282
LDB: ============= START OF LOAD BALANCING ============== 648.378
LDB: TIME 648.379 LOAD: AVG 0.0277855 MAX 0.0492518  PROXIES: TOTAL 120 MAXPE 17 MAXPATCH 5 None MEM: 0 MB
LDB: TIME 648.379 LOAD: AVG 0.0277855 MAX 0.0492518  PROXIES: TOTAL 120 MAXPE 17 MAXPATCH 5 RefineTorusLB MEM: 0 MB
LDB: TIME 648.379 LOAD: AVG 0.0277855 MAX 0.0492518  PROXIES: TOTAL 120 MAXPE 17 MAXPATCH 5 RefineTorusLB MEM: 0 MB
LDB: Reverting to original mapping
LDB: ============== END OF LOAD BALANCING =============== 648.38
Info: useSync: 0 useProxySync: 0
LDB: =============== DONE WITH MIGRATION ================ 648.38
ENERGY: 3082500        87.8725       184.6739       149.7332         0.0000         -60408.7340      7439.1547         0.0000         0.0000      9848.9314         -42698.3683       308.7595    -52547.2997    -42673.3876       310.4518             13.5075        78.7077    162354.1292         3.5388         3.2735

ENERGY: 3083000        88.3979       182.8142       154.7195         0.0000         -60450.2092      7433.8886         0.0000         0.0000      9854.3396         -42736.0494       308.9291    -52590.3891    -42713.6615       310.3786             44.8562       134.9868    161282.3429         5.4490         5.5943

WRITING COORDINATES TO DCD FILE 06_prod_1ns/prod_06.dcd AT STEP 3083000
ENERGY: 3083500        76.1346       202.5931       146.8089         0.0000         -60249.4048      7251.6461         0.0000         0.0000      9944.5967         -42627.6254       311.7586    -52572.2221    -42606.8766       308.8866           -255.0020      -156.6167    163113.1843        -1.1208        -1.5726

ENERGY: 3084000        85.2778       192.7374       151.8698         0.0000         -60179.3586      7204.8616         0.0000         0.0000      9942.6703         -42601.9418       311.6982    -52544.6121    -42572.7393       310.6475           -231.3369      -145.8067    163346.2331         0.4564         0.3366

WRITING COORDINATES TO DCD FILE 06_prod_1ns/prod_06.dcd AT STEP 3084000
LDB: ============= START OF LOAD BALANCING ============== 652.286
LDB: ============== END OF LOAD BALANCING =============== 652.287
Info: useSync: 0 useProxySync: 0
LDB: =============== DONE WITH MIGRATION ================ 652.287
LDB: ============= START OF LOAD BALANCING ============== 652.389
LDB: TIME 652.39 LOAD: AVG 0.029362 MAX 0.0499515  PROXIES: TOTAL 120 MAXPE 17 MAXPATCH 5 None MEM: 0 MB
LDB: TIME 652.39 LOAD: AVG 0.029362 MAX 0.0499515  PROXIES: TOTAL 120 MAXPE 17 MAXPATCH 5 RefineTorusLB MEM: 0 MB
LDB: TIME 652.391 LOAD: AVG 0.029362 MAX 0.0499515  PROXIES: TOTAL 120 MAXPE 17 MAXPATCH 5 RefineTorusLB MEM: 0 MB
LDB: Reverting to original mapping
LDB: ============== END OF LOAD BALANCING =============== 652.391
Info: useSync: 0 useProxySync: 0
LDB: =============== DONE WITH MIGRATION ================ 652.392
ENERGY: 3084500        72.1358       191.6605       148.8831         0.0000         -60475.2973      7382.2027         0.0000         0.0000      9864.2429         -42816.1723       309.2395    -52680.4152    -42793.5350       309.6516            -24.3739        79.7414    162049.0907        -1.0124        -0.6262

TIMING: 3085000  CPU: 658.851, 0.00195278/step  Wall: 653.555, 0.00197734/step, 0.0906282 hours remaining, 0.000000 MB of memory in use.
PERFORMANCE: 3085000  averaging 88.5795 ns/day, 0.00195079 sec/step with standard deviation 3.08299e-05
ETITLE:      TS           BOND          ANGLE          DIHED          IMPRP               ELECT            VDW       BOUNDARY           MISC        KINETIC               TOTAL           TEMP      POTENTIAL         TOTAL3        TEMPAVG            PRESSURE      GPRESSURE         VOLUME       PRESSAVG      GPRESSAVG

ENERGY: 3085000        78.9626       201.5181       153.0665         0.0000         -60437.2468      7317.7977         0.0000         0.0000      9952.7343         -42733.1676       312.0137    -52685.9019    -42709.5797       309.1474           -220.3378      -133.0287    162733.6492        10.2931        10.2084

WRITING EXTENDED SYSTEM TO RESTART FILE AT STEP 3085000
WRITING COORDINATES TO DCD FILE 06_prod_1ns/prod_06.dcd AT STEP 3085000
WRITING COORDINATES TO RESTART FILE AT STEP 3085000
FINISHED WRITING RESTART COORDINATES
WRITING VELOCITIES TO RESTART FILE AT STEP 3085000
FINISHED WRITING RESTART VELOCITIES
ENERGY: 3085500        78.8666       178.9535       152.0342         0.0000         -60161.6590      7370.7510         0.0000         0.0000      9707.4847         -42673.5690       304.3252    -52381.0537    -42655.5729       310.0678             20.6994       123.7276    162353.1795         3.0600         3.6869

ENERGY: 3086000        79.5681       181.3351       147.2957         0.0000         -60637.8540      7455.3025         0.0000         0.0000      9958.4495         -42815.9031       312.1929    -52774.3526    -42788.4554       309.7068           -129.5187       -39.6687    162466.9646         3.7838         4.6036

WRITING COORDINATES TO DCD FILE 06_prod_1ns/prod_06.dcd AT STEP 3086000
LDB: ============= START OF LOAD BALANCING ============== 656.226
LDB: ============== END OF LOAD BALANCING =============== 656.227
Info: useSync: 0 useProxySync: 0
LDB: =============== DONE WITH MIGRATION ================ 656.227
LDB: ============= START OF LOAD BALANCING ============== 656.323
LDB: TIME 656.323 LOAD: AVG 0.0273328 MAX 0.0447545  PROXIES: TOTAL 120 MAXPE 17 MAXPATCH 5 None MEM: 0 MB
LDB: TIME 656.324 LOAD: AVG 0.0273328 MAX 0.0447545  PROXIES: TOTAL 120 MAXPE 17 MAXPATCH 5 RefineTorusLB MEM: 0 MB
LDB: TIME 656.324 LOAD: AVG 0.0273328 MAX 0.0447545  PROXIES: TOTAL 120 MAXPE 17 MAXPATCH 5 RefineTorusLB MEM: 0 MB
LDB: ============== END OF LOAD BALANCING =============== 656.324
Info: useSync: 0 useProxySync: 0
LDB: =============== DONE WITH MIGRATION ================ 656.325
ENERGY: 3086500        71.1826       186.9243       154.4654         0.0000         -60186.9192      7295.2551         0.0000         0.0000      9804.3269         -42674.7649       307.3612    -52479.0917    -42652.3102       310.0931           -195.1739      -104.6730    163674.4776         3.6099         3.6623

ENERGY: 3087000        61.7702       210.4149       144.8050         0.0000         -59954.9887      7133.5978         0.0000         0.0000      9898.9525         -42505.4483       310.3277    -52404.4008    -42480.5143       310.3545           -159.3192       -51.2865    162047.5882        -1.2783        -1.8948

WRITING COORDINATES TO DCD FILE 06_prod_1ns/prod_06.dcd AT STEP 3087000
ENERGY: 3087500        64.0254       192.2380       159.1560         0.0000         -60088.6207      7254.9526         0.0000         0.0000      9921.7179         -42496.5307       311.0413    -52418.2486    -42472.6099       312.4298             12.3168       128.3247    161908.0210         9.2104        10.5556

WRITING COORDINATES TO DCD FILE 06_prod_1ns/prod_06.dcd AT STEP 3088000
ENERGY: 3088000        79.0585       218.4720       156.3204         0.0000         -60276.2579      7343.1341         0.0000         0.0000      9941.7972         -42537.4757       311.6708    -52479.2729    -42506.8881       311.1371             -8.8957        60.7700    161999.6937       -13.5212       -12.7008

LDB: ============= START OF LOAD BALANCING ============== 660.007
LDB: ============== END OF LOAD BALANCING =============== 660.007
Info: useSync: 0 useProxySync: 0
LDB: =============== DONE WITH MIGRATION ================ 660.008
LDB: ============= START OF LOAD BALANCING ============== 660.1
LDB: TIME 660.101 LOAD: AVG 0.026397 MAX 0.0435595  PROXIES: TOTAL 120 MAXPE 17 MAXPATCH 5 None MEM: 0 MB
LDB: TIME 660.101 LOAD: AVG 0.026397 MAX 0.0435595  PROXIES: TOTAL 120 MAXPE 17 MAXPATCH 5 RefineTorusLB MEM: 0 MB
LDB: TIME 660.102 LOAD: AVG 0.026397 MAX 0.0435595  PROXIES: TOTAL 120 MAXPE 17 MAXPATCH 5 RefineTorusLB MEM: 0 MB
LDB: Reverting to original mapping
LDB: ============== END OF LOAD BALANCING =============== 660.102
Info: useSync: 0 useProxySync: 0
LDB: =============== DONE WITH MIGRATION ================ 660.102
ENERGY: 3088500        75.4671       211.6153       154.5212         0.0000         -59927.7327      7161.6178         0.0000         0.0000      9985.0706         -42339.4406       313.0274    -52324.5112    -42314.9080       312.6688           -243.3208      -132.2662    162314.3000         1.7259         1.1841

ENERGY: 3089000        79.1672       207.1987       146.2209         0.0000         -59953.9851      7205.3096         0.0000         0.0000      9911.8853         -42404.2034       310.7331    -52316.0887    -42384.6990       313.9649           -180.5629       -97.8706    162867.6110         6.8432         9.1564

WRITING COORDINATES TO DCD FILE 06_prod_1ns/prod_06.dcd AT STEP 3089000
ENERGY: 3089500        79.3688       198.1284       151.8625         0.0000         -59962.5120      7200.9272         0.0000         0.0000      9948.9280         -42383.2971       311.8944    -52332.2251    -42360.8651       312.7718           -227.7642      -155.1068    163421.6815         0.3519         0.7896

TIMING: 3090000  CPU: 668.631, 0.00195601/step  Wall: 663.05, 0.00189914/step, 0.0844062 hours remaining, 0.000000 MB of memory in use.
PERFORMANCE: 3090000  averaging 88.614 ns/day, 0.00195003 sec/step with standard deviation 3.12335e-05
ETITLE:      TS           BOND          ANGLE          DIHED          IMPRP               ELECT            VDW       BOUNDARY           MISC        KINETIC               TOTAL           TEMP      POTENTIAL         TOTAL3        TEMPAVG            PRESSURE      GPRESSURE         VOLUME       PRESSAVG      GPRESSAVG

ENERGY: 3090000        86.8558       216.0311       151.1258         0.0000         -60371.5316      7436.3811         0.0000         0.0000      9823.7915         -42657.3463       307.9714    -52481.1378    -42640.6170       310.5319              7.1728        71.3475    162807.7420         0.1558         0.6263

WRITING EXTENDED SYSTEM TO RESTART FILE AT STEP 3090000
WRITING COORDINATES TO DCD FILE 06_prod_1ns/prod_06.dcd AT STEP 3090000
WRITING COORDINATES TO RESTART FILE AT STEP 3090000
FINISHED WRITING RESTART COORDINATES
WRITING VELOCITIES TO RESTART FILE AT STEP 3090000
FINISHED WRITING RESTART VELOCITIES
LDB: ============= START OF LOAD BALANCING ============== 663.797
LDB: ============== END OF LOAD BALANCING =============== 663.797
Info: useSync: 0 useProxySync: 0
LDB: =============== DONE WITH MIGRATION ================ 663.798
LDB: ============= START OF LOAD BALANCING ============== 663.891
LDB: TIME 663.892 LOAD: AVG 0.0260834 MAX 0.0453795  PROXIES: TOTAL 120 MAXPE 17 MAXPATCH 5 None MEM: 0 MB
LDB: TIME 663.892 LOAD: AVG 0.0260834 MAX 0.0453795  PROXIES: TOTAL 120 MAXPE 17 MAXPATCH 5 RefineTorusLB MEM: 0 MB
LDB: TIME 663.892 LOAD: AVG 0.0260834 MAX 0.0453795  PROXIES: TOTAL 120 MAXPE 17 MAXPATCH 5 RefineTorusLB MEM: 0 MB
LDB: ============== END OF LOAD BALANCING =============== 663.892
Info: useSync: 0 useProxySync: 0
LDB: =============== DONE WITH MIGRATION ================ 663.893
ENERGY: 3090500        75.6777       207.3388       153.6468         0.0000         -60205.6962      7189.1598         0.0000         0.0000     10026.9580         -42552.9152       314.3406    -52579.8732    -42528.2492       310.9219           -324.3107      -220.3055    162559.6713         2.1061         1.8093

ENERGY: 3091000        75.4466       215.0873       144.2737         0.0000         -60280.9845      7368.5987         0.0000         0.0000      9903.8004         -42573.7778       310.4796    -52477.5782    -42545.5082       311.2908             12.5595       107.6706    162817.0141        10.8706        11.1604

WRITING COORDINATES TO DCD FILE 06_prod_1ns/prod_06.dcd AT STEP 3091000
ENERGY: 3091500        85.7073       201.1909       161.8580         0.0000         -60228.3890      7409.1865         0.0000         0.0000      9851.4879         -42518.9583       308.8397    -52370.4462    -42497.2983       310.5703             40.2433       151.3016    163003.9968        -2.0123        -2.2230

ENERGY: 3092000        90.0254       196.1840       149.7972         0.0000         -60243.5861      7368.2879         0.0000         0.0000      9838.0423         -42601.2492       308.4181    -52439.2915    -42583.9465       309.9430            -17.2586        70.5957    162885.4839         3.1212         2.4374

WRITING COORDINATES TO DCD FILE 06_prod_1ns/prod_06.dcd AT STEP 3092000
LDB: ============= START OF LOAD BALANCING ============== 667.623
LDB: ============== END OF LOAD BALANCING =============== 667.623
Info: useSync: 0 useProxySync: 0
LDB: =============== DONE WITH MIGRATION ================ 667.623
LDB: ============= START OF LOAD BALANCING ============== 667.717
LDB: TIME 667.718 LOAD: AVG 0.0276327 MAX 0.0447329  PROXIES: TOTAL 120 MAXPE 17 MAXPATCH 5 None MEM: 0 MB
LDB: TIME 667.718 LOAD: AVG 0.0276327 MAX 0.0447329  PROXIES: TOTAL 120 MAXPE 17 MAXPATCH 5 RefineTorusLB MEM: 0 MB
LDB: TIME 667.718 LOAD: AVG 0.0276327 MAX 0.0447329  PROXIES: TOTAL 120 MAXPE 17 MAXPATCH 5 RefineTorusLB MEM: 0 MB
LDB: Reverting to original mapping
LDB: ============== END OF LOAD BALANCING =============== 667.719
Info: useSync: 0 useProxySync: 0
LDB: =============== DONE WITH MIGRATION ================ 667.719
ENERGY: 3092500        67.8924       202.5897       148.1527         0.0000         -60335.9965      7395.5674         0.0000         0.0000      9899.4735         -42622.3208       310.3440    -52521.7943    -42603.9132       311.3679            226.3691       291.4988    161790.0093         4.6589         4.7518

ENERGY: 3093000        76.0902       189.7223       152.5059         0.0000         -60331.0215      7393.0764         0.0000         0.0000      9878.7860         -42640.8408       309.6954    -52519.6268    -42619.7009       311.2762             69.7584       143.8440    162815.9802         1.2738         1.5353

WRITING COORDINATES TO DCD FILE 06_prod_1ns/prod_06.dcd AT STEP 3093000
ENERGY: 3093500        77.4552       219.6064       149.8739         0.0000         -60703.3358      7594.2015         0.0000         0.0000      9922.5318         -42739.6669       311.0669    -52662.1988    -42724.9052       310.3422            253.5289       327.6232    162394.7067       -12.9104       -11.8222

ENERGY: 3094000        60.9197       193.0122       149.5585         0.0000         -60382.7687      7368.2015         0.0000         0.0000      9848.1955         -42762.8814       308.7364    -52611.0769    -42743.2627       309.7214            -30.9145        50.3320    162742.2509        -9.8390        -9.6428

WRITING COORDINATES TO DCD FILE 06_prod_1ns/prod_06.dcd AT STEP 3094000
LDB: ============= START OF LOAD BALANCING ============== 671.472
LDB: ============== END OF LOAD BALANCING =============== 671.473
Info: useSync: 0 useProxySync: 0
LDB: =============== DONE WITH MIGRATION ================ 671.473
LDB: ============= START OF LOAD BALANCING ============== 671.567
LDB: TIME 671.567 LOAD: AVG 0.0268967 MAX 0.0422429  PROXIES: TOTAL 120 MAXPE 17 MAXPATCH 5 None MEM: 0 MB
LDB: TIME 671.567 LOAD: AVG 0.0268967 MAX 0.0422429  PROXIES: TOTAL 120 MAXPE 17 MAXPATCH 5 RefineTorusLB MEM: 0 MB
LDB: TIME 671.567 LOAD: AVG 0.0268967 MAX 0.0422429  PROXIES: TOTAL 120 MAXPE 17 MAXPATCH 5 RefineTorusLB MEM: 0 MB
LDB: ============== END OF LOAD BALANCING =============== 671.568
Info: useSync: 0 useProxySync: 0
LDB: =============== DONE WITH MIGRATION ================ 671.568
ENERGY: 3094500        80.8087       186.9787       152.8302         0.0000         -59967.1464      7103.0592         0.0000         0.0000      9879.7828         -42563.6867       309.7267    -52443.4695    -42545.5579       309.8452           -350.0074      -262.7365    162403.8323        -0.9459        -1.6538

TIMING: 3095000  CPU: 678.405, 0.00195476/step  Wall: 672.729, 0.00193577/step, 0.0833456 hours remaining, 0.000000 MB of memory in use.
PERFORMANCE: 3095000  averaging 88.6234 ns/day, 0.00194982 sec/step with standard deviation 3.10505e-05
ETITLE:      TS           BOND          ANGLE          DIHED          IMPRP               ELECT            VDW       BOUNDARY           MISC        KINETIC               TOTAL           TEMP      POTENTIAL         TOTAL3        TEMPAVG            PRESSURE      GPRESSURE         VOLUME       PRESSAVG      GPRESSAVG

ENERGY: 3095000        84.7830       182.4175       148.3912         0.0000         -60455.1263      7421.1871         0.0000         0.0000      9961.2470         -42657.1005       312.2806    -52618.3476    -42637.7694       311.4324            105.3312       225.3340    161307.9194        -0.3702        -1.0157

WRITING EXTENDED SYSTEM TO RESTART FILE AT STEP 3095000
WRITING COORDINATES TO DCD FILE 06_prod_1ns/prod_06.dcd AT STEP 3095000
WRITING COORDINATES TO RESTART FILE AT STEP 3095000
FINISHED WRITING RESTART COORDINATES
WRITING VELOCITIES TO RESTART FILE AT STEP 3095000
FINISHED WRITING RESTART VELOCITIES
ENERGY: 3095500        76.0536       198.2622       145.9861         0.0000         -60830.2010      7625.4940         0.0000         0.0000      9907.7625         -42876.6425       310.6038    -52784.4050    -42851.3560       309.1855            298.0755       380.1820    161257.1832         9.6645         9.4020

ENERGY: 3096000        67.7160       201.0830       147.1946         0.0000         -60455.3548      7384.8482         0.0000         0.0000      9886.6425         -42767.8705       309.9417    -52654.5130    -42747.5435       308.4957            -73.9757        10.8590    162812.5726         0.3019        -0.4734

WRITING COORDINATES TO DCD FILE 06_prod_1ns/prod_06.dcd AT STEP 3096000
LDB: ============= START OF LOAD BALANCING ============== 675.475
LDB: ============== END OF LOAD BALANCING =============== 675.476
Info: useSync: 0 useProxySync: 0
LDB: =============== DONE WITH MIGRATION ================ 675.476
LDB: ============= START OF LOAD BALANCING ============== 675.574
LDB: TIME 675.575 LOAD: AVG 0.028767 MAX 0.0499658  PROXIES: TOTAL 120 MAXPE 17 MAXPATCH 5 None MEM: 0 MB
LDB: TIME 675.575 LOAD: AVG 0.028767 MAX 0.0499658  PROXIES: TOTAL 120 MAXPE 17 MAXPATCH 5 RefineTorusLB MEM: 0 MB
LDB: TIME 675.575 LOAD: AVG 0.028767 MAX 0.0499658  PROXIES: TOTAL 120 MAXPE 17 MAXPATCH 5 RefineTorusLB MEM: 0 MB
LDB: Reverting to original mapping
LDB: ============== END OF LOAD BALANCING =============== 675.576
Info: useSync: 0 useProxySync: 0
LDB: =============== DONE WITH MIGRATION ================ 675.577
ENERGY: 3096500        70.1967       201.9315       148.7831         0.0000         -60127.8734      7244.0047         0.0000         0.0000     10036.3431         -42426.6143       314.6348    -52462.9574    -42404.8090       311.2568            -51.7271        41.3251    162153.4924        -5.8513        -6.3902

ENERGY: 3097000        84.3079       201.7744       157.3170         0.0000         -60100.1530      7172.6471         0.0000         0.0000      9936.2626         -42547.8440       311.4973    -52484.1066    -42526.2527       312.6067           -380.1767      -293.8336    162014.7029         5.1139         4.2262

WRITING COORDINATES TO DCD FILE 06_prod_1ns/prod_06.dcd AT STEP 3097000
ENERGY: 3097500        70.4644       210.3803       158.7903         0.0000         -60234.7417      7312.4926         0.0000         0.0000      9942.0194         -42540.5947       311.6778    -52482.6141    -42517.1886       310.9956             89.4781       170.4193    162007.2034         7.9766         7.2965

ENERGY: 3098000        77.4729       217.5021       147.7078         0.0000         -59957.0631      7101.7517         0.0000         0.0000      9872.1543         -42540.4742       309.4875    -52412.6285    -42519.1996       311.8509           -451.6393      -343.9192    162363.9627         2.2801         0.5186

WRITING COORDINATES TO DCD FILE 06_prod_1ns/prod_06.dcd AT STEP 3098000
LDB: ============= START OF LOAD BALANCING ============== 679.406
LDB: ============== END OF LOAD BALANCING =============== 679.406
Info: useSync: 0 useProxySync: 0
LDB: =============== DONE WITH MIGRATION ================ 679.406
LDB: ============= START OF LOAD BALANCING ============== 679.501
LDB: TIME 679.502 LOAD: AVG 0.0272546 MAX 0.0418496  PROXIES: TOTAL 120 MAXPE 17 MAXPATCH 5 None MEM: 0 MB
LDB: TIME 679.502 LOAD: AVG 0.0272546 MAX 0.0418496  PROXIES: TOTAL 120 MAXPE 17 MAXPATCH 5 RefineTorusLB MEM: 0 MB
LDB: TIME 679.502 LOAD: AVG 0.0272546 MAX 0.0418496  PROXIES: TOTAL 120 MAXPE 17 MAXPATCH 5 RefineTorusLB MEM: 0 MB
LDB: ============== END OF LOAD BALANCING =============== 679.503
Info: useSync: 0 useProxySync: 0
LDB: =============== DONE WITH MIGRATION ================ 679.503
ENERGY: 3098500        76.0625       204.2658       166.6457         0.0000         -60088.6297      7317.7264         0.0000         0.0000     10009.8471         -42314.0823       313.8041    -52323.9294    -42293.1794       313.1861             20.4006       120.4155    162575.2675       -10.7592        -9.8089

ENERGY: 3099000        83.5161       196.8445       149.2409         0.0000         -60026.6944      7206.5193         0.0000         0.0000      9924.9263         -42465.6474       311.1419    -52390.5736    -42441.4519       311.3938           -348.8606      -264.4352    162963.5312         4.3968         3.2639

WRITING COORDINATES TO DCD FILE 06_prod_1ns/prod_06.dcd AT STEP 3099000
ENERGY: 3099500        73.6541       202.0116       149.9610         0.0000         -60160.3444      7414.6375         0.0000         0.0000      9946.7628         -42373.3174       311.8265    -52320.0802    -42352.4223       312.0937            109.4028       181.0899    163015.7431        -2.0909        -2.8105

TIMING: 3100000  CPU: 688.265, 0.0019721/step  Wall: 682.686, 0.0019913/step, 0.0829706 hours remaining, 0.000000 MB of memory in use.
PERFORMANCE: 3100000  averaging 88.5964 ns/day, 0.00195042 sec/step with standard deviation 3.12207e-05
ETITLE:      TS           BOND          ANGLE          DIHED          IMPRP               ELECT            VDW       BOUNDARY           MISC        KINETIC               TOTAL           TEMP      POTENTIAL         TOTAL3        TEMPAVG            PRESSURE      GPRESSURE         VOLUME       PRESSAVG      GPRESSAVG

ENERGY: 3100000        74.9513       214.4879       149.6527         0.0000         -59916.1843      7107.7045         0.0000         0.0000      9920.7671         -42448.6208       311.0115    -52369.3879    -42425.9147       313.5080           -313.4387      -248.3359    163109.5380        -1.7327        -1.2976

WRITING EXTENDED SYSTEM TO RESTART FILE AT STEP 3100000
WRITING COORDINATES TO DCD FILE 06_prod_1ns/prod_06.dcd AT STEP 3100000
WRITING COORDINATES TO RESTART FILE AT STEP 3100000
FINISHED WRITING RESTART COORDINATES
WRITING VELOCITIES TO RESTART FILE AT STEP 3100000
FINISHED WRITING RESTART VELOCITIES
LDB: ============= START OF LOAD BALANCING ============== 683.477
LDB: ============== END OF LOAD BALANCING =============== 683.477
Info: useSync: 0 useProxySync: 0
LDB: =============== DONE WITH MIGRATION ================ 683.478
LDB: ============= START OF LOAD BALANCING ============== 683.578
LDB: TIME 683.579 LOAD: AVG 0.0289961 MAX 0.0467981  PROXIES: TOTAL 120 MAXPE 17 MAXPATCH 5 None MEM: 0 MB
LDB: TIME 683.579 LOAD: AVG 0.0289961 MAX 0.0467981  PROXIES: TOTAL 120 MAXPE 17 MAXPATCH 5 RefineTorusLB MEM: 0 MB
LDB: TIME 683.579 LOAD: AVG 0.0289961 MAX 0.0467981  PROXIES: TOTAL 120 MAXPE 17 MAXPATCH 5 RefineTorusLB MEM: 0 MB
LDB: ============== END OF LOAD BALANCING =============== 683.579
Info: useSync: 0 useProxySync: 0
LDB: =============== DONE WITH MIGRATION ================ 683.58
ENERGY: 3100500        74.7338       198.0243       159.1092         0.0000         -60068.4964      7202.6671         0.0000         0.0000      9925.1508         -42508.8113       311.1490    -52433.9621    -42481.8337       311.8419            -98.7629       -12.9006    162081.9342         2.1309         1.1357

ENERGY: 3101000        78.9812       225.2067       149.4694         0.0000         -60387.0971      7422.5567         0.0000         0.0000      9860.5241         -42650.3591       309.1229    -52510.8832    -42625.4222       311.2092             54.2711       147.2503    162087.4576        -8.3423        -7.1718

WRITING COORDINATES TO DCD FILE 06_prod_1ns/prod_06.dcd AT STEP 3101000
ENERGY: 3101500        71.8565       209.9641       146.7201         0.0000         -60399.8771      7177.0632         0.0000         0.0000      9914.5616         -42879.7115       310.8170    -52794.2731    -42856.3985       309.2381           -423.5010      -339.8411    162034.7665        -0.7915        -1.5890

ENERGY: 3102000        76.8738       199.0079       146.7119         0.0000         -60656.9642      7552.6047         0.0000         0.0000      9808.3080         -42873.4580       307.4860    -52681.7660    -42848.6131       308.9604            109.4970       232.1721    161894.9806        -4.1008        -2.9104

WRITING COORDINATES TO DCD FILE 06_prod_1ns/prod_06.dcd AT STEP 3102000
LDB: ============= START OF LOAD BALANCING ============== 687.44
LDB: ============== END OF LOAD BALANCING =============== 687.44
Info: useSync: 0 useProxySync: 0
LDB: =============== DONE WITH MIGRATION ================ 687.44
LDB: ============= START OF LOAD BALANCING ============== 687.539
LDB: TIME 687.539 LOAD: AVG 0.0278601 MAX 0.0487098  PROXIES: TOTAL 120 MAXPE 17 MAXPATCH 5 None MEM: 0 MB
LDB: TIME 687.54 LOAD: AVG 0.0278601 MAX 0.0487098  PROXIES: TOTAL 120 MAXPE 17 MAXPATCH 5 RefineTorusLB MEM: 0 MB
LDB: TIME 687.54 LOAD: AVG 0.0278601 MAX 0.0487098  PROXIES: TOTAL 120 MAXPE 17 MAXPATCH 5 RefineTorusLB MEM: 0 MB
LDB: ============== END OF LOAD BALANCING =============== 687.54
Info: useSync: 0 useProxySync: 0
LDB: =============== DONE WITH MIGRATION ================ 687.541
ENERGY: 3102500        78.6361       189.8936       146.0067         0.0000         -60308.1706      7226.9779         0.0000         0.0000      9886.4439         -42780.2124       309.9355    -52666.6563    -42760.2929       308.8145           -215.1947      -160.4917    161846.6017       -11.8503       -11.3543

ENERGY: 3103000        80.3805       189.7343       147.4646         0.0000         -60320.9989      7375.4154         0.0000         0.0000      9861.6270         -42666.3771       309.1575    -52528.0041    -42641.0200       309.9520            124.4942       194.8956    161550.4600         0.0274        -0.1611

WRITING COORDINATES TO DCD FILE 06_prod_1ns/prod_06.dcd AT STEP 3103000
ENERGY: 3103500        61.7789       198.3517       146.8273         0.0000         -60303.6831      7229.8292         0.0000         0.0000      9827.7435         -42839.1525       308.0953    -52666.8960    -42815.8282       309.1178           -170.8973      -101.2337    161912.8115         0.7301         1.7115

ENERGY: 3104000        80.8923       196.6484       147.9296         0.0000         -60596.9014      7396.2154         0.0000         0.0000      9750.3796         -43024.8361       305.6700    -52775.2157    -43004.3031       306.8210             79.4368       162.1180    161268.4501        -0.4784         0.2654

WRITING COORDINATES TO DCD FILE 06_prod_1ns/prod_06.dcd AT STEP 3104000
LDB: ============= START OF LOAD BALANCING ============== 691.278
LDB: ============== END OF LOAD BALANCING =============== 691.279
Info: useSync: 0 useProxySync: 0
LDB: =============== DONE WITH MIGRATION ================ 691.279
LDB: ============= START OF LOAD BALANCING ============== 691.372
LDB: TIME 691.373 LOAD: AVG 0.0254396 MAX 0.0382687  PROXIES: TOTAL 120 MAXPE 17 MAXPATCH 5 None MEM: 0 MB
LDB: TIME 691.373 LOAD: AVG 0.0254396 MAX 0.0382687  PROXIES: TOTAL 120 MAXPE 17 MAXPATCH 5 RefineTorusLB MEM: 0 MB
LDB: TIME 691.373 LOAD: AVG 0.0254396 MAX 0.0382687  PROXIES: TOTAL 120 MAXPE 17 MAXPATCH 5 RefineTorusLB MEM: 0 MB
LDB: Reverting to original mapping
LDB: ============== END OF LOAD BALANCING =============== 691.373
Info: useSync: 0 useProxySync: 0
LDB: =============== DONE WITH MIGRATION ================ 691.374
ENERGY: 3104500       102.6272       202.8085       149.7440         0.0000         -60776.5529      7537.9042         0.0000         0.0000      9892.2940         -42891.1751       310.1189    -52783.4691    -42872.1798       308.0131             31.6383        83.7908    161403.0173        -4.4611        -3.5758

TIMING: 3105000  CPU: 698.152, 0.00197743/step  Wall: 692.453, 0.0019534/step, 0.0786785 hours remaining, 0.000000 MB of memory in use.
PERFORMANCE: 3105000  averaging 88.5945 ns/day, 0.00195046 sec/step with standard deviation 3.09989e-05
ETITLE:      TS           BOND          ANGLE          DIHED          IMPRP               ELECT            VDW       BOUNDARY           MISC        KINETIC               TOTAL           TEMP      POTENTIAL         TOTAL3        TEMPAVG            PRESSURE      GPRESSURE         VOLUME       PRESSAVG      GPRESSAVG

ENERGY: 3105000        68.9038       192.8887       152.2769         0.0000         -60515.5480      7371.6810         0.0000         0.0000      9803.2399         -42926.5575       307.3271    -52729.7975    -42909.2647       307.5819             29.2082       130.2273    161196.0230        -3.9165        -3.3053

WRITING EXTENDED SYSTEM TO RESTART FILE AT STEP 3105000
WRITING COORDINATES TO DCD FILE 06_prod_1ns/prod_06.dcd AT STEP 3105000
WRITING COORDINATES TO RESTART FILE AT STEP 3105000
FINISHED WRITING RESTART COORDINATES
WRITING VELOCITIES TO RESTART FILE AT STEP 3105000
FINISHED WRITING RESTART VELOCITIES
ENERGY: 3105500        72.9400       198.2369       145.6116         0.0000         -60180.9984      7255.5987         0.0000         0.0000      9863.7787         -42644.8325       309.2250    -52508.6112    -42614.9064       308.6096           -182.4533       -87.4351    162174.1855        -6.6159        -5.9762

ENERGY: 3106000        87.1211       196.6346       151.6336         0.0000         -60292.0605      7155.1758         0.0000         0.0000      9862.3525         -42839.1430       309.1803    -52701.4955    -42819.1578       310.1550           -467.0738      -377.4929    162395.3464       -11.2018       -11.0145

WRITING COORDINATES TO DCD FILE 06_prod_1ns/prod_06.dcd AT STEP 3106000
LDB: ============= START OF LOAD BALANCING ============== 695.065
LDB: ============== END OF LOAD BALANCING =============== 695.065
Info: useSync: 0 useProxySync: 0
LDB: =============== DONE WITH MIGRATION ================ 695.066
LDB: ============= START OF LOAD BALANCING ============== 695.158
LDB: TIME 695.159 LOAD: AVG 0.0261366 MAX 0.0415753  PROXIES: TOTAL 120 MAXPE 17 MAXPATCH 5 None MEM: 0 MB
LDB: TIME 695.159 LOAD: AVG 0.0261366 MAX 0.0415753  PROXIES: TOTAL 120 MAXPE 17 MAXPATCH 5 RefineTorusLB MEM: 0 MB
LDB: TIME 695.159 LOAD: AVG 0.0261366 MAX 0.0415753  PROXIES: TOTAL 120 MAXPE 17 MAXPATCH 5 RefineTorusLB MEM: 0 MB
LDB: Reverting to original mapping
LDB: ============== END OF LOAD BALANCING =============== 695.16
Info: useSync: 0 useProxySync: 0
LDB: =============== DONE WITH MIGRATION ================ 695.16
ENERGY: 3106500        73.6352       179.7945       149.5039         0.0000         -60526.8650      7403.9003         0.0000         0.0000      9866.4366         -42853.5945       309.3083    -52720.0311    -42833.3891       309.0666            -92.9486        11.5634    162311.7635         9.5467         9.0472

ENERGY: 3107000        66.5640       209.2368       156.9602         0.0000         -60297.9010      7294.7654         0.0000         0.0000      9870.2775         -42700.0971       309.4287    -52570.3746    -42675.4341       309.4499           -300.1779      -244.8075    164322.5215        -0.4386        -0.7393

WRITING COORDINATES TO DCD FILE 06_prod_1ns/prod_06.dcd AT STEP 3107000
ENERGY: 3107500        82.4988       185.0522       138.6930         0.0000         -60399.6581      7379.7578         0.0000         0.0000      9987.1172         -42626.5391       313.0916    -52613.6564    -42602.9416       310.1527           -134.6849       -38.3364    162936.0633         1.7169         1.6812

ENERGY: 3108000        71.6981       215.5462       147.0459         0.0000         -60196.1672      7406.4174         0.0000         0.0000      9911.1118         -42444.3478       310.7088    -52355.4596    -42419.5794       311.3834            206.8502       293.3735    161437.7435        -3.5541        -3.3130

WRITING COORDINATES TO DCD FILE 06_prod_1ns/prod_06.dcd AT STEP 3108000
LDB: ============= START OF LOAD BALANCING ============== 698.922
LDB: ============== END OF LOAD BALANCING =============== 698.922
Info: useSync: 0 useProxySync: 0
LDB: =============== DONE WITH MIGRATION ================ 698.923
LDB: ============= START OF LOAD BALANCING ============== 699.023
LDB: TIME 699.023 LOAD: AVG 0.0280985 MAX 0.0482411  PROXIES: TOTAL 120 MAXPE 17 MAXPATCH 5 None MEM: 0 MB
LDB: TIME 699.024 LOAD: AVG 0.0280985 MAX 0.0482411  PROXIES: TOTAL 120 MAXPE 17 MAXPATCH 5 RefineTorusLB MEM: 0 MB
LDB: TIME 699.024 LOAD: AVG 0.0280985 MAX 0.0482411  PROXIES: TOTAL 120 MAXPE 17 MAXPATCH 5 RefineTorusLB MEM: 0 MB
LDB: Reverting to original mapping
LDB: ============== END OF LOAD BALANCING =============== 699.024
Info: useSync: 0 useProxySync: 0
LDB: =============== DONE WITH MIGRATION ================ 699.025
ENERGY: 3108500        73.8599       188.1691       157.2067         0.0000         -60024.3242      7124.9576         0.0000         0.0000     10087.8410         -42392.2899       316.2492    -52480.1310    -42363.2559       313.7982           -334.6805      -254.4439    162555.1610        17.1564        17.3458

ENERGY: 3109000        76.5962       208.6095       147.9778         0.0000         -60410.7512      7304.7204         0.0000         0.0000      9966.8729         -42705.9745       312.4569    -52672.8474    -42685.5487       311.9001             34.3864       103.5131    161722.3905         4.0165         3.5527

WRITING COORDINATES TO DCD FILE 06_prod_1ns/prod_06.dcd AT STEP 3109000
ENERGY: 3109500        78.2483       193.8748       147.7337         0.0000         -60174.7894      7211.9310         0.0000         0.0000      9869.2621         -42673.7395       309.3969    -52543.0016    -42649.3636       308.8137           -219.6825      -127.2770    162374.5378        -4.7116        -4.7166

TIMING: 3110000  CPU: 708.024, 0.0019743/step  Wall: 702.122, 0.00193382/step, 0.0752042 hours remaining, 0.000000 MB of memory in use.
PERFORMANCE: 3110000  averaging 88.605 ns/day, 0.00195023 sec/step with standard deviation 3.08422e-05
ETITLE:      TS           BOND          ANGLE          DIHED          IMPRP               ELECT            VDW       BOUNDARY           MISC        KINETIC               TOTAL           TEMP      POTENTIAL         TOTAL3        TEMPAVG            PRESSURE      GPRESSURE         VOLUME       PRESSAVG      GPRESSAVG

ENERGY: 3110000        75.6562       192.5129       156.2257         0.0000         -60384.9375      7442.7429         0.0000         0.0000      9945.7982         -42572.0016       311.7962    -52517.7997    -42550.3699       311.2367             33.6756       107.0393    162553.4224        -5.1788        -6.2547

WRITING EXTENDED SYSTEM TO RESTART FILE AT STEP 3110000
WRITING COORDINATES TO DCD FILE 06_prod_1ns/prod_06.dcd AT STEP 3110000
WRITING COORDINATES TO RESTART FILE AT STEP 3110000
FINISHED WRITING RESTART COORDINATES
WRITING VELOCITIES TO RESTART FILE AT STEP 3110000
FINISHED WRITING RESTART VELOCITIES
LDB: ============= START OF LOAD BALANCING ============== 702.891
LDB: ============== END OF LOAD BALANCING =============== 702.892
Info: useSync: 0 useProxySync: 0
LDB: =============== DONE WITH MIGRATION ================ 702.892
LDB: ============= START OF LOAD BALANCING ============== 702.993
LDB: TIME 702.993 LOAD: AVG 0.0279564 MAX 0.0503028  PROXIES: TOTAL 120 MAXPE 17 MAXPATCH 5 None MEM: 0 MB
LDB: TIME 702.994 LOAD: AVG 0.0279564 MAX 0.0503028  PROXIES: TOTAL 120 MAXPE 17 MAXPATCH 5 RefineTorusLB MEM: 0 MB
LDB: TIME 702.994 LOAD: AVG 0.0279564 MAX 0.0503028  PROXIES: TOTAL 120 MAXPE 17 MAXPATCH 5 RefineTorusLB MEM: 0 MB
LDB: ============== END OF LOAD BALANCING =============== 702.994
Info: useSync: 0 useProxySync: 0
LDB: =============== DONE WITH MIGRATION ================ 702.995
ENERGY: 3110500        79.3536       186.4003       146.3546         0.0000         -60114.4897      7271.0184         0.0000         0.0000      9936.8078         -42494.5550       311.5144    -52431.3628    -42473.7945       311.3215           -202.2512      -148.5078    163194.0591         6.9795         6.8523

ENERGY: 3111000        66.6954       206.1824       151.9568         0.0000         -60460.9924      7465.7092         0.0000         0.0000      9991.0807         -42579.3679       313.2158    -52570.4486    -42560.4969       311.1414             83.3541       170.1141    162167.4304        -1.3223        -0.8587

WRITING COORDINATES TO DCD FILE 06_prod_1ns/prod_06.dcd AT STEP 3111000
ENERGY: 3111500        83.1819       222.9862       150.1105         0.0000         -60437.5245      7354.3272         0.0000         0.0000      9969.1963         -42657.7223       312.5298    -52626.9186    -42641.0084       311.5950            -33.6458        19.3450    162341.7284        -2.1302        -2.4409

WRITING COORDINATES TO DCD FILE 06_prod_1ns/prod_06.dcd AT STEP 3112000
ENERGY: 3112000        78.1576       198.7632       153.0701         0.0000         -60381.8088      7297.9535         0.0000         0.0000      9960.9612         -42692.9032       312.2716    -52653.8644    -42667.5747       308.7908           -204.7041       -73.8138    161833.8599         5.8383         5.1714

LDB: ============= START OF LOAD BALANCING ============== 706.787
LDB: ============== END OF LOAD BALANCING =============== 706.787
Info: useSync: 0 useProxySync: 0
LDB: =============== DONE WITH MIGRATION ================ 706.788
LDB: ============= START OF LOAD BALANCING ============== 706.885
LDB: TIME 706.885 LOAD: AVG 0.0276554 MAX 0.0437378  PROXIES: TOTAL 120 MAXPE 17 MAXPATCH 5 None MEM: 0 MB
LDB: TIME 706.886 LOAD: AVG 0.0276554 MAX 0.0437378  PROXIES: TOTAL 120 MAXPE 17 MAXPATCH 5 RefineTorusLB MEM: 0 MB
LDB: TIME 706.886 LOAD: AVG 0.0276554 MAX 0.0437378  PROXIES: TOTAL 120 MAXPE 17 MAXPATCH 5 RefineTorusLB MEM: 0 MB
LDB: Reverting to original mapping
LDB: ============== END OF LOAD BALANCING =============== 706.886
Info: useSync: 0 useProxySync: 0
LDB: =============== DONE WITH MIGRATION ================ 706.887
ENERGY: 3112500        70.8549       188.5412       145.9675         0.0000         -60252.8834      7273.2227         0.0000         0.0000      9941.7008         -42632.5964       311.6678    -52574.2971    -42606.2706       310.5735           -141.4194       -56.4074    162067.0765        -4.0780        -2.8027

ENERGY: 3113000        72.6313       188.7645       150.5685         0.0000         -60325.3945      7399.1847         0.0000         0.0000     10011.6544         -42502.5911       313.8608    -52514.2455    -42480.0040       312.2504            -69.3533         7.1161    163141.8513         5.4187         5.5600

WRITING COORDINATES TO DCD FILE 06_prod_1ns/prod_06.dcd AT STEP 3113000
ENERGY: 3113500        61.7690       208.5232       152.8375         0.0000         -60528.1455      7410.8399         0.0000         0.0000      9982.1217         -42712.0543       312.9350    -52694.1760    -42685.9212       311.4016           -125.9759       -34.0666    162970.7257         2.7022         2.0554

ENERGY: 3114000        80.3275       200.5645       146.1502         0.0000         -60292.7795      7296.7619         0.0000         0.0000      9875.9344         -42693.0409       309.6060    -52568.9753    -42671.1474       308.7753           -180.0585       -78.0040    162225.4365         3.5229         3.4375

WRITING COORDINATES TO DCD FILE 06_prod_1ns/prod_06.dcd AT STEP 3114000
LDB: ============= START OF LOAD BALANCING ============== 710.776
LDB: ============== END OF LOAD BALANCING =============== 710.776
Info: useSync: 0 useProxySync: 0
LDB: =============== DONE WITH MIGRATION ================ 710.777
LDB: ============= START OF LOAD BALANCING ============== 710.875
LDB: TIME 710.875 LOAD: AVG 0.0279183 MAX 0.0487975  PROXIES: TOTAL 120 MAXPE 17 MAXPATCH 5 None MEM: 0 MB
LDB: TIME 710.875 LOAD: AVG 0.0279183 MAX 0.0487975  PROXIES: TOTAL 120 MAXPE 17 MAXPATCH 5 RefineTorusLB MEM: 0 MB
LDB: TIME 710.876 LOAD: AVG 0.0279183 MAX 0.0487975  PROXIES: TOTAL 120 MAXPE 17 MAXPATCH 5 RefineTorusLB MEM: 0 MB
LDB: Reverting to original mapping
LDB: ============== END OF LOAD BALANCING =============== 710.876
Info: useSync: 0 useProxySync: 0
LDB: =============== DONE WITH MIGRATION ================ 710.877
ENERGY: 3114500        70.4409       213.1963       142.4615         0.0000         -60343.3673      7362.1586         0.0000         0.0000      9920.4714         -42634.6386       311.0023    -52555.1100    -42613.2520       310.0915             50.1775       128.7638    162333.3530         0.8229         1.6162

TIMING: 3115000  CPU: 717.92, 0.00197913/step  Wall: 712.073, 0.00199017/step, 0.0746316 hours remaining, 0.000000 MB of memory in use.
PERFORMANCE: 3115000  averaging 88.5802 ns/day, 0.00195078 sec/step with standard deviation 3.09821e-05
ETITLE:      TS           BOND          ANGLE          DIHED          IMPRP               ELECT            VDW       BOUNDARY           MISC        KINETIC               TOTAL           TEMP      POTENTIAL         TOTAL3        TEMPAVG            PRESSURE      GPRESSURE         VOLUME       PRESSAVG      GPRESSAVG

ENERGY: 3115000        70.5585       184.0103       161.4716         0.0000         -60411.6129      7325.4632         0.0000         0.0000      9833.5000         -42836.6094       308.2757    -52670.1093    -42813.2829       309.6151            -75.3739        -5.6488    161735.7181       -12.4892       -12.1243

WRITING EXTENDED SYSTEM TO RESTART FILE AT STEP 3115000
WRITING COORDINATES TO DCD FILE 06_prod_1ns/prod_06.dcd AT STEP 3115000
WRITING COORDINATES TO RESTART FILE AT STEP 3115000
FINISHED WRITING RESTART COORDINATES
WRITING VELOCITIES TO RESTART FILE AT STEP 3115000
FINISHED WRITING RESTART VELOCITIES
ENERGY: 3115500        66.0240       202.0978       149.3289         0.0000         -60412.3399      7355.6537         0.0000         0.0000      9881.9033         -42757.3322       309.7932    -52639.2356    -42737.1585       308.6768             23.0492       100.3341    162058.5095         2.2253         2.6730

ENERGY: 3116000        80.8793       188.7862       153.1407         0.0000         -60240.8024      7284.7937         0.0000         0.0000      9942.2267         -42590.9758       311.6843    -52533.2025    -42577.0233       310.4295           -283.2228      -191.1670    163503.0961         6.8380         7.9657

WRITING COORDINATES TO DCD FILE 06_prod_1ns/prod_06.dcd AT STEP 3116000
LDB: ============= START OF LOAD BALANCING ============== 714.794
LDB: ============== END OF LOAD BALANCING =============== 714.794
Info: useSync: 0 useProxySync: 0
LDB: =============== DONE WITH MIGRATION ================ 714.795
LDB: ============= START OF LOAD BALANCING ============== 714.892
LDB: TIME 714.892 LOAD: AVG 0.0273056 MAX 0.0421412  PROXIES: TOTAL 120 MAXPE 17 MAXPATCH 5 None MEM: 0 MB
LDB: TIME 714.892 LOAD: AVG 0.0273056 MAX 0.0421412  PROXIES: TOTAL 120 MAXPE 17 MAXPATCH 5 RefineTorusLB MEM: 0 MB
LDB: TIME 714.893 LOAD: AVG 0.0273056 MAX 0.0421412  PROXIES: TOTAL 120 MAXPE 17 MAXPATCH 5 RefineTorusLB MEM: 0 MB
LDB: ============== END OF LOAD BALANCING =============== 714.893
Info: useSync: 0 useProxySync: 0
LDB: =============== DONE WITH MIGRATION ================ 714.894
ENERGY: 3116500        76.0158       197.9199       147.7386         0.0000         -60120.7145      7209.2455         0.0000         0.0000      9780.3974         -42709.3973       306.6110    -52489.7947    -42685.5805       310.1237           -193.2429       -98.5491    161821.4413        -3.4230        -2.0373

ENERGY: 3117000        67.6957       202.2614       150.3034         0.0000         -60203.1681      7246.1847         0.0000         0.0000      9948.0997         -42588.6233       311.8684    -52536.7230    -42569.3272       308.9710           -186.3223       -95.7642    162581.0053        -2.3391        -2.3546

WRITING COORDINATES TO DCD FILE 06_prod_1ns/prod_06.dcd AT STEP 3117000
ENERGY: 3117500        64.1348       187.9657       147.7179         0.0000         -60337.2855      7428.9235         0.0000         0.0000      9985.7541         -42522.7895       313.0488    -52508.5436    -42495.6978       310.2784            138.8854       223.7783    162893.1655        -4.1139        -5.0860

ENERGY: 3118000        66.5192       203.7169       148.9874         0.0000         -60406.4388      7407.6267         0.0000         0.0000      9866.6397         -42712.9489       309.3147    -52579.5886    -42690.1222       310.1973              4.1626       103.2501    163305.3423        -2.7132        -3.5106

WRITING COORDINATES TO DCD FILE 06_prod_1ns/prod_06.dcd AT STEP 3118000
LDB: ============= START OF LOAD BALANCING ============== 718.745
LDB: ============== END OF LOAD BALANCING =============== 718.745
Info: useSync: 0 useProxySync: 0
LDB: =============== DONE WITH MIGRATION ================ 718.746
LDB: ============= START OF LOAD BALANCING ============== 718.843
LDB: TIME 718.844 LOAD: AVG 0.0287131 MAX 0.0481253  PROXIES: TOTAL 120 MAXPE 17 MAXPATCH 5 None MEM: 0 MB
LDB: TIME 718.844 LOAD: AVG 0.0287131 MAX 0.0481253  PROXIES: TOTAL 120 MAXPE 17 MAXPATCH 5 RefineTorusLB MEM: 0 MB
LDB: TIME 718.844 LOAD: AVG 0.0287131 MAX 0.0481253  PROXIES: TOTAL 120 MAXPE 17 MAXPATCH 5 RefineTorusLB MEM: 0 MB
LDB: ============== END OF LOAD BALANCING =============== 718.844
Info: useSync: 0 useProxySync: 0
LDB: =============== DONE WITH MIGRATION ================ 718.845
ENERGY: 3118500        80.7680       204.2621       150.1414         0.0000         -60471.9207      7472.7059         0.0000         0.0000      9862.2015         -42701.8417       309.1755    -52564.0433    -42677.8698       309.6880              9.1228       117.5429    162968.3452        -3.3310        -4.1634

ENERGY: 3119000        78.9960       185.0510       151.4432         0.0000         -60217.8843      7266.1403         0.0000         0.0000      9978.5031         -42557.7506       312.8215    -52536.2537    -42540.8341       309.6435           -222.4919      -145.6643    163242.5217        -2.6531        -2.3931

WRITING COORDINATES TO DCD FILE 06_prod_1ns/prod_06.dcd AT STEP 3119000
ENERGY: 3119500        71.4730       184.5303       153.4241         0.0000         -60270.0284      7305.1909         0.0000         0.0000     10061.9709         -42493.4391       315.4382    -52555.4101    -42472.4272       311.8812            -81.8861        -1.5160    163440.1396         5.4710         4.6554

TIMING: 3120000  CPU: 727.821, 0.00198039/step  Wall: 721.977, 0.00198087/step, 0.0715315 hours remaining, 0.000000 MB of memory in use.
PERFORMANCE: 3120000  averaging 88.5617 ns/day, 0.00195118 sec/step with standard deviation 3.09674e-05
ETITLE:      TS           BOND          ANGLE          DIHED          IMPRP               ELECT            VDW       BOUNDARY           MISC        KINETIC               TOTAL           TEMP      POTENTIAL         TOTAL3        TEMPAVG            PRESSURE      GPRESSURE         VOLUME       PRESSAVG      GPRESSAVG

ENERGY: 3120000        68.6919       200.1174       147.8972         0.0000         -60620.8977      7498.6930         0.0000         0.0000     10021.0902         -42684.4079       314.1566    -52705.4981    -42660.8688       311.9300             82.8513       161.7611    162076.5288        11.2104        12.2188

WRITING EXTENDED SYSTEM TO RESTART FILE AT STEP 3120000
WRITING COORDINATES TO DCD FILE 06_prod_1ns/prod_06.dcd AT STEP 3120000
WRITING COORDINATES TO RESTART FILE AT STEP 3120000
FINISHED WRITING RESTART COORDINATES
WRITING VELOCITIES TO RESTART FILE AT STEP 3120000
FINISHED WRITING RESTART VELOCITIES
LDB: ============= START OF LOAD BALANCING ============== 722.764
LDB: ============== END OF LOAD BALANCING =============== 722.765
Info: useSync: 0 useProxySync: 0
LDB: =============== DONE WITH MIGRATION ================ 722.765
LDB: ============= START OF LOAD BALANCING ============== 722.861
LDB: TIME 722.862 LOAD: AVG 0.0280934 MAX 0.0449982  PROXIES: TOTAL 120 MAXPE 17 MAXPATCH 5 None MEM: 0 MB
LDB: TIME 722.862 LOAD: AVG 0.0280934 MAX 0.0449982  PROXIES: TOTAL 120 MAXPE 17 MAXPATCH 5 RefineTorusLB MEM: 0 MB
LDB: TIME 722.862 LOAD: AVG 0.0280934 MAX 0.0449982  PROXIES: TOTAL 120 MAXPE 17 MAXPATCH 5 RefineTorusLB MEM: 0 MB
LDB: Reverting to original mapping
LDB: ============== END OF LOAD BALANCING =============== 722.863
Info: useSync: 0 useProxySync: 0
LDB: =============== DONE WITH MIGRATION ================ 722.863
ENERGY: 3120500        76.0689       182.9826       140.8983         0.0000         -60571.9808      7625.5439         0.0000         0.0000      9772.8601         -42773.6269       306.3747    -52546.4870    -42754.5436       309.1325            409.7517       491.3343    162096.5244        -0.0682        -1.4783

ENERGY: 3121000        82.1677       197.6894       158.3840         0.0000         -60266.4198      7389.5033         0.0000         0.0000      9689.8929         -42748.7824       303.7737    -52438.6753    -42725.2207       308.7326            104.1768       189.7280    161545.7636         9.7468         9.8454

WRITING COORDINATES TO DCD FILE 06_prod_1ns/prod_06.dcd AT STEP 3121000
ENERGY: 3121500        87.1453       192.9743       144.8163         0.0000         -60408.8664      7400.9475         0.0000         0.0000      9907.1607         -42675.8223       310.5850    -52582.9830    -42651.8252       310.0533           -131.3510       -45.7274    162835.2447        -4.7105        -4.6321

ENERGY: 3122000        84.8069       192.2925       150.9145         0.0000         -60003.9778      7083.6117         0.0000         0.0000      9856.8160         -42635.5362       309.0067    -52492.3522    -42611.1436       310.7570           -322.6580      -260.4332    161554.8078         3.4036         3.4135

WRITING COORDINATES TO DCD FILE 06_prod_1ns/prod_06.dcd AT STEP 3122000
LDB: ============= START OF LOAD BALANCING ============== 726.601
LDB: ============== END OF LOAD BALANCING =============== 726.602
Info: useSync: 0 useProxySync: 0
LDB: =============== DONE WITH MIGRATION ================ 726.602
LDB: ============= START OF LOAD BALANCING ============== 726.701
LDB: TIME 726.701 LOAD: AVG 0.0281144 MAX 0.0466216  PROXIES: TOTAL 120 MAXPE 17 MAXPATCH 5 None MEM: 0 MB
LDB: TIME 726.702 LOAD: AVG 0.0281144 MAX 0.0466216  PROXIES: TOTAL 120 MAXPE 17 MAXPATCH 5 RefineTorusLB MEM: 0 MB
LDB: TIME 726.702 LOAD: AVG 0.0281144 MAX 0.0466216  PROXIES: TOTAL 120 MAXPE 17 MAXPATCH 5 RefineTorusLB MEM: 0 MB
LDB: ============== END OF LOAD BALANCING =============== 726.702
Info: useSync: 0 useProxySync: 0
LDB: =============== DONE WITH MIGRATION ================ 726.703
ENERGY: 3122500        71.7632       199.0896       137.6573         0.0000         -60616.8786      7540.1202         0.0000         0.0000      9943.7492         -42724.4991       311.7320    -52668.2483    -42704.7015       310.3371            443.7539       514.2122    160635.1202        -2.5958        -2.9049

ENERGY: 3123000        81.3433       205.7664       141.5302         0.0000         -60255.5540      7271.0453         0.0000         0.0000      9944.7406         -42611.1281       311.7631    -52555.8688    -42593.6886       311.2049           -175.1791       -55.5035    161248.4638         3.7967         5.3471

WRITING COORDINATES TO DCD FILE 06_prod_1ns/prod_06.dcd AT STEP 3123000
ENERGY: 3123500        77.0291       202.8685       148.1175         0.0000         -60202.7131      7359.7731         0.0000         0.0000      9799.5052         -42615.4197       307.2100    -52414.9249    -42598.5170       311.4635             60.7219       155.9460    162455.0118        -1.8293        -1.7984

ENERGY: 3124000        70.6236       191.8767       145.4851         0.0000         -60363.5079      7367.8287         0.0000         0.0000      9909.7941         -42677.8996       310.6675    -52587.6938    -42650.9975       311.2423             54.1406       149.2303    162357.9788        -2.6442        -2.1248

WRITING COORDINATES TO DCD FILE 06_prod_1ns/prod_06.dcd AT STEP 3124000
LDB: ============= START OF LOAD BALANCING ============== 730.401
LDB: ============== END OF LOAD BALANCING =============== 730.401
Info: useSync: 0 useProxySync: 0
LDB: =============== DONE WITH MIGRATION ================ 730.402
LDB: ============= START OF LOAD BALANCING ============== 730.492
LDB: TIME 730.492 LOAD: AVG 0.0262078 MAX 0.0438852  PROXIES: TOTAL 120 MAXPE 17 MAXPATCH 5 None MEM: 0 MB
LDB: TIME 730.492 LOAD: AVG 0.0262078 MAX 0.0438852  PROXIES: TOTAL 120 MAXPE 17 MAXPATCH 5 RefineTorusLB MEM: 0 MB
LDB: TIME 730.492 LOAD: AVG 0.0262078 MAX 0.0438852  PROXIES: TOTAL 120 MAXPE 17 MAXPATCH 5 RefineTorusLB MEM: 0 MB
LDB: ============== END OF LOAD BALANCING =============== 730.493
Info: useSync: 0 useProxySync: 0
LDB: =============== DONE WITH MIGRATION ================ 730.493
ENERGY: 3124500        61.7227       207.7924       152.7171         0.0000         -60483.9412      7461.3220         0.0000         0.0000      9922.0649         -42678.3221       311.0522    -52600.3870    -42657.9883       309.3069            109.7928       223.3917    162245.7060        -3.9554        -4.7476

TIMING: 3125000  CPU: 737.668, 0.00196933/step  Wall: 731.595, 0.00192356/step, 0.0667903 hours remaining, 0.000000 MB of memory in use.
PERFORMANCE: 3125000  averaging 88.5784 ns/day, 0.00195081 sec/step with standard deviation 3.09224e-05
ETITLE:      TS           BOND          ANGLE          DIHED          IMPRP               ELECT            VDW       BOUNDARY           MISC        KINETIC               TOTAL           TEMP      POTENTIAL         TOTAL3        TEMPAVG            PRESSURE      GPRESSURE         VOLUME       PRESSAVG      GPRESSAVG

ENERGY: 3125000        58.9119       185.8624       153.6842         0.0000         -60434.4963      7379.2233         0.0000         0.0000      9841.5792         -42815.2352       308.5290    -52656.8144    -42793.6220       310.4658            -53.9753        43.5299    162378.1103         4.3506         3.7519

WRITING EXTENDED SYSTEM TO RESTART FILE AT STEP 3125000
WRITING COORDINATES TO DCD FILE 06_prod_1ns/prod_06.dcd AT STEP 3125000
WRITING COORDINATES TO RESTART FILE AT STEP 3125000
FINISHED WRITING RESTART COORDINATES
WRITING VELOCITIES TO RESTART FILE AT STEP 3125000
FINISHED WRITING RESTART VELOCITIES
ENERGY: 3125500        77.5528       189.8503       143.1594         0.0000         -59850.4799      7026.0031         0.0000         0.0000      9803.1501         -42610.7642       307.3243    -52413.9143    -42592.3547       310.3848           -465.7997      -391.8413    162736.5635         2.0488         2.7203

ENERGY: 3126000        77.7809       194.9462       145.9624         0.0000         -60442.3137      7311.7632         0.0000         0.0000     10039.7226         -42672.1383       314.7407    -52711.8609    -42654.8321       309.6768            -73.2112        -3.3649    161737.5134         2.0618         1.0525

WRITING COORDINATES TO DCD FILE 06_prod_1ns/prod_06.dcd AT STEP 3126000
LDB: ============= START OF LOAD BALANCING ============== 734.228
LDB: ============== END OF LOAD BALANCING =============== 734.228
Info: useSync: 0 useProxySync: 0
LDB: =============== DONE WITH MIGRATION ================ 734.229
LDB: ============= START OF LOAD BALANCING ============== 734.323
LDB: TIME 734.324 LOAD: AVG 0.0268629 MAX 0.0433607  PROXIES: TOTAL 120 MAXPE 17 MAXPATCH 5 None MEM: 0 MB
LDB: TIME 734.324 LOAD: AVG 0.0268629 MAX 0.0433607  PROXIES: TOTAL 120 MAXPE 17 MAXPATCH 5 RefineTorusLB MEM: 0 MB
LDB: TIME 734.324 LOAD: AVG 0.0268629 MAX 0.0433607  PROXIES: TOTAL 120 MAXPE 17 MAXPATCH 5 RefineTorusLB MEM: 0 MB
LDB: ============== END OF LOAD BALANCING =============== 734.324
Info: useSync: 0 useProxySync: 0
LDB: =============== DONE WITH MIGRATION ================ 734.325
ENERGY: 3126500        71.9841       186.8719       147.7460         0.0000         -60321.9267      7355.4850         0.0000         0.0000      9842.2679         -42717.5718       308.5506    -52559.8397    -42692.6367       309.4408             82.0780       170.6076    161395.6934        10.9927        10.9863

ENERGY: 3127000        69.0682       182.2244       155.9697         0.0000         -60239.7340      7278.2584         0.0000         0.0000      9905.5687         -42648.6447       310.5351    -52554.2133    -42627.8003       310.0992           -178.1175       -99.2276    162645.7207         0.0847         0.1679

WRITING COORDINATES TO DCD FILE 06_prod_1ns/prod_06.dcd AT STEP 3127000
ENERGY: 3127500        77.2107       179.6198       157.8445         0.0000         -60592.2027      7540.4482         0.0000         0.0000     10012.5837         -42624.4959       313.8899    -52637.0796    -42600.6507       310.7937            263.7892       376.6350    161565.2928         0.4224        -0.5027

WRITING COORDINATES TO DCD FILE 06_prod_1ns/prod_06.dcd AT STEP 3128000
ENERGY: 3128000        76.4586       194.0634       145.1390         0.0000         -60657.4348      7556.2160         0.0000         0.0000      9975.7342         -42709.8236       312.7347    -52685.5578    -42691.1200       308.9531            202.1618       321.0722    161747.2170        -6.6881        -6.6466

LDB: ============= START OF LOAD BALANCING ============== 738.043
LDB: ============== END OF LOAD BALANCING =============== 738.043
Info: useSync: 0 useProxySync: 0
LDB: =============== DONE WITH MIGRATION ================ 738.044
LDB: ============= START OF LOAD BALANCING ============== 738.14
LDB: TIME 738.14 LOAD: AVG 0.0279587 MAX 0.0435622  PROXIES: TOTAL 120 MAXPE 17 MAXPATCH 5 None MEM: 0 MB
LDB: TIME 738.141 LOAD: AVG 0.0279587 MAX 0.0435622  PROXIES: TOTAL 120 MAXPE 17 MAXPATCH 5 RefineTorusLB MEM: 0 MB
LDB: TIME 738.141 LOAD: AVG 0.0279587 MAX 0.0435622  PROXIES: TOTAL 120 MAXPE 17 MAXPATCH 5 RefineTorusLB MEM: 0 MB
LDB: ============== END OF LOAD BALANCING =============== 738.141
Info: useSync: 0 useProxySync: 0
LDB: =============== DONE WITH MIGRATION ================ 738.142
ENERGY: 3128500        78.3667       201.8085       146.2628         0.0000         -60362.0591      7346.9666         0.0000         0.0000      9974.3561         -42614.2984       312.6915    -52588.6545    -42592.1100       309.5863            -90.7072        22.9139    162274.9778         4.7451         6.3807

ENERGY: 3129000        78.1394       182.6916       153.7280         0.0000         -60275.8145      7342.4299         0.0000         0.0000      9927.1919         -42591.6337       311.2129    -52518.8256    -42567.8299       311.0323            -67.0593         9.0143    163023.3585         3.0685         2.1694

WRITING COORDINATES TO DCD FILE 06_prod_1ns/prod_06.dcd AT STEP 3129000
ENERGY: 3129500        69.3386       195.6838       149.0432         0.0000         -60210.0943      7270.8102         0.0000         0.0000      9910.9109         -42614.3075       310.7025    -52525.2184    -42595.0431       310.0977             51.6544       137.9814    161310.0981        10.0492        10.4379

TIMING: 3130000  CPU: 747.447, 0.00195569/step  Wall: 741.244, 0.00192977/step, 0.0643257 hours remaining, 0.000000 MB of memory in use.
PERFORMANCE: 3130000  averaging 88.591 ns/day, 0.00195054 sec/step with standard deviation 3.08102e-05
ETITLE:      TS           BOND          ANGLE          DIHED          IMPRP               ELECT            VDW       BOUNDARY           MISC        KINETIC               TOTAL           TEMP      POTENTIAL         TOTAL3        TEMPAVG            PRESSURE      GPRESSURE         VOLUME       PRESSAVG      GPRESSAVG

ENERGY: 3130000        73.2384       215.4377       157.8376         0.0000         -60467.8436      7478.8840         0.0000         0.0000      9954.8936         -42587.5525       312.0814    -52542.4460    -42565.3186       309.8334            114.5364       199.0564    162788.2200        -5.4044        -5.4100

WRITING EXTENDED SYSTEM TO RESTART FILE AT STEP 3130000
WRITING COORDINATES TO DCD FILE 06_prod_1ns/prod_06.dcd AT STEP 3130000
WRITING COORDINATES TO RESTART FILE AT STEP 3130000
FINISHED WRITING RESTART COORDINATES
WRITING VELOCITIES TO RESTART FILE AT STEP 3130000
FINISHED WRITING RESTART VELOCITIES
LDB: ============= START OF LOAD BALANCING ============== 742.02
LDB: ============== END OF LOAD BALANCING =============== 742.021
Info: useSync: 0 useProxySync: 0
LDB: =============== DONE WITH MIGRATION ================ 742.024
LDB: ============= START OF LOAD BALANCING ============== 742.118
LDB: TIME 742.119 LOAD: AVG 0.0290727 MAX 0.0478669  PROXIES: TOTAL 120 MAXPE 17 MAXPATCH 5 None MEM: 0 MB
LDB: TIME 742.119 LOAD: AVG 0.0290727 MAX 0.0478669  PROXIES: TOTAL 120 MAXPE 17 MAXPATCH 5 RefineTorusLB MEM: 0 MB
LDB: TIME 742.119 LOAD: AVG 0.0290727 MAX 0.0478669  PROXIES: TOTAL 120 MAXPE 17 MAXPATCH 5 RefineTorusLB MEM: 0 MB
LDB: ============== END OF LOAD BALANCING =============== 742.119
Info: useSync: 0 useProxySync: 0
LDB: =============== DONE WITH MIGRATION ================ 742.122
ENERGY: 3130500        57.1857       222.4200       159.2708         0.0000         -60186.9474      7293.2308         0.0000         0.0000      9902.7404         -42552.0997       310.4464    -52454.8401    -42527.9419       310.8942            -53.4312        57.9848    162407.4672       -11.0299       -11.2328

ENERGY: 3131000        78.5430       213.0576       152.4886         0.0000         -60435.9606      7494.5319         0.0000         0.0000      9797.3182         -42700.0213       307.1415    -52497.3395    -42677.6036       309.4992             85.8842       208.8347    163265.3521        -8.5895        -8.4707

WRITING COORDINATES TO DCD FILE 06_prod_1ns/prod_06.dcd AT STEP 3131000
ENERGY: 3131500        93.7475       189.2417       142.6461         0.0000         -60046.6670      7210.7050         0.0000         0.0000      9764.5492         -42645.7777       306.1142    -52410.3268    -42617.5249       309.8921           -326.8711      -194.7230    162416.8193         3.3209         3.1742

ENERGY: 3132000        75.8863       218.4458       146.1313         0.0000         -60435.5608      7483.3850         0.0000         0.0000      9794.4908         -42717.2215       307.0528    -52511.7123    -42697.8597       309.5022            165.5046       226.8868    162496.0456        -9.8968       -10.6197

WRITING COORDINATES TO DCD FILE 06_prod_1ns/prod_06.dcd AT STEP 3132000
LDB: ============= START OF LOAD BALANCING ============== 745.945
LDB: ============== END OF LOAD BALANCING =============== 745.945
Info: useSync: 0 useProxySync: 0
LDB: =============== DONE WITH MIGRATION ================ 745.946
LDB: ============= START OF LOAD BALANCING ============== 746.045
LDB: TIME 746.046 LOAD: AVG 0.028158 MAX 0.0467159  PROXIES: TOTAL 120 MAXPE 17 MAXPATCH 5 None MEM: 0 MB
LDB: TIME 746.046 LOAD: AVG 0.028158 MAX 0.0467159  PROXIES: TOTAL 120 MAXPE 17 MAXPATCH 5 RefineTorusLB MEM: 0 MB
LDB: TIME 746.046 LOAD: AVG 0.028158 MAX 0.0467159  PROXIES: TOTAL 120 MAXPE 17 MAXPATCH 5 RefineTorusLB MEM: 0 MB
LDB: Reverting to original mapping
LDB: ============== END OF LOAD BALANCING =============== 746.046
Info: useSync: 0 useProxySync: 0
LDB: =============== DONE WITH MIGRATION ================ 746.047
ENERGY: 3132500        73.3366       207.3313       157.0729         0.0000         -60501.6640      7482.9017         0.0000         0.0000      9963.5553         -42617.4662       312.3529    -52581.0215    -42597.5789       310.5511            198.4216       285.5073    161600.1570        -1.7934        -1.6282

ENERGY: 3133000        87.0101       213.8051       151.2574         0.0000         -60306.4122      7305.0923         0.0000         0.0000      9814.2117         -42735.0356       307.6711    -52549.2473    -42717.8104       308.8878           -116.3144        -4.8631    161719.6306         7.7715         8.6353

WRITING COORDINATES TO DCD FILE 06_prod_1ns/prod_06.dcd AT STEP 3133000
ENERGY: 3133500        72.7476       195.1145       148.4380         0.0000         -60336.6281      7341.6347         0.0000         0.0000      9803.5416         -42775.1517       307.3366    -52578.6933    -42753.3718       309.0785             -2.1550       103.3088    162007.7590         2.3909         1.7546

ENERGY: 3134000        77.7022       175.8281       151.4125         0.0000         -60412.6500      7327.6389         0.0000         0.0000      9998.9298         -42681.1384       313.4619    -52680.0682    -42657.3725       309.5669           -123.2291        -2.7873    161350.6060         7.6490         8.7998

WRITING COORDINATES TO DCD FILE 06_prod_1ns/prod_06.dcd AT STEP 3134000
LDB: ============= START OF LOAD BALANCING ============== 750.041
LDB: ============== END OF LOAD BALANCING =============== 750.042
Info: useSync: 0 useProxySync: 0
LDB: =============== DONE WITH MIGRATION ================ 750.042
LDB: ============= START OF LOAD BALANCING ============== 750.139
LDB: TIME 750.14 LOAD: AVG 0.0275732 MAX 0.0463485  PROXIES: TOTAL 120 MAXPE 17 MAXPATCH 5 None MEM: 0 MB
LDB: TIME 750.14 LOAD: AVG 0.0275732 MAX 0.0463485  PROXIES: TOTAL 120 MAXPE 17 MAXPATCH 5 RefineTorusLB MEM: 0 MB
LDB: TIME 750.14 LOAD: AVG 0.0275732 MAX 0.0463485  PROXIES: TOTAL 120 MAXPE 17 MAXPATCH 5 RefineTorusLB MEM: 0 MB
LDB: Reverting to original mapping
LDB: ============== END OF LOAD BALANCING =============== 750.141
Info: useSync: 0 useProxySync: 0
LDB: =============== DONE WITH MIGRATION ================ 750.141
ENERGY: 3134500        77.6614       191.7654       152.9817         0.0000         -60204.0111      7281.0761         0.0000         0.0000      9837.0702         -42663.4562       308.3877    -52500.5264    -42642.8964       310.5414           -178.0136       -90.7388    163070.5614         1.2474         0.7323

WRITING COORDINATES TO DCD FILE 06_prod_1ns/prod_06.dcd AT STEP 3135000
WRITING COORDINATES TO RESTART FILE AT STEP 3135000
FINISHED WRITING RESTART COORDINATES
WRITING VELOCITIES TO RESTART FILE AT STEP 3135000
FINISHED WRITING RESTART VELOCITIES
TIMING: 3135000  CPU: 757.229, 0.00195645/step  Wall: 751.373, 0.00202581/step, 0.0647134 hours remaining, 0.000000 MB of memory in use.
PERFORMANCE: 3135000  averaging 88.5466 ns/day, 0.00195151 sec/step with standard deviation 3.17862e-05
ETITLE:      TS           BOND          ANGLE          DIHED          IMPRP               ELECT            VDW       BOUNDARY           MISC        KINETIC               TOTAL           TEMP      POTENTIAL         TOTAL3        TEMPAVG            PRESSURE      GPRESSURE         VOLUME       PRESSAVG      GPRESSAVG

ENERGY: 3135000        78.7665       184.7543       149.8337         0.0000         -60089.0491      7214.6818         0.0000         0.0000     10025.8520         -42435.1608       314.3059    -52461.0129    -42414.3234       311.8542           -333.7709      -238.7417    163434.6017        -9.1312        -8.4202

WRITING EXTENDED SYSTEM TO RESTART FILE AT STEP 3135000
ENERGY: 3135500        75.9144       212.6753       145.5243         0.0000         -59868.9324      7178.2307         0.0000         0.0000      9949.5537         -42307.0340       311.9140    -52256.5877    -42282.8288       313.1447           -120.1943       -17.6688    162734.2458        -0.0170         0.4815

ENERGY: 3136000        78.9804       194.5338       139.7274         0.0000         -60169.3284      7309.4270         0.0000         0.0000      9953.9779         -42492.6818       312.0527    -52446.6597    -42471.8107       312.0988           -134.8020       -60.8795    163065.3063         5.2822         5.5502

WRITING COORDINATES TO DCD FILE 06_prod_1ns/prod_06.dcd AT STEP 3136000
LDB: ============= START OF LOAD BALANCING ============== 753.975
LDB: ============== END OF LOAD BALANCING =============== 753.975
Info: useSync: 0 useProxySync: 0
LDB: =============== DONE WITH MIGRATION ================ 753.976
LDB: ============= START OF LOAD BALANCING ============== 754.07
LDB: TIME 754.07 LOAD: AVG 0.0277128 MAX 0.0449633  PROXIES: TOTAL 120 MAXPE 17 MAXPATCH 5 None MEM: 0 MB
LDB: TIME 754.071 LOAD: AVG 0.0277128 MAX 0.0449633  PROXIES: TOTAL 120 MAXPE 17 MAXPATCH 5 RefineTorusLB MEM: 0 MB
LDB: TIME 754.071 LOAD: AVG 0.0277128 MAX 0.0449633  PROXIES: TOTAL 120 MAXPE 17 MAXPATCH 5 RefineTorusLB MEM: 0 MB
LDB: ============== END OF LOAD BALANCING =============== 754.071
Info: useSync: 0 useProxySync: 0
LDB: =============== DONE WITH MIGRATION ================ 754.072
ENERGY: 3136500        64.3055       190.9164       139.9778         0.0000         -59711.3751      6973.7128         0.0000         0.0000      9985.5965         -42356.8660       313.0439    -52342.4625    -42332.5586       311.0324           -628.4308      -523.6761    164699.6327        -5.4429        -5.0243

ENERGY: 3137000        69.1828       194.0205       140.5319         0.0000         -60328.3972      7401.4899         0.0000         0.0000     10008.6097         -42514.5623       313.7654    -52523.1721    -42494.0884       311.7497             63.2076       162.5089    162048.0714        12.5746        12.6390

WRITING COORDINATES TO DCD FILE 06_prod_1ns/prod_06.dcd AT STEP 3137000
ENERGY: 3137500        73.0324       196.5241       160.1612         0.0000         -60306.1583      7361.2639         0.0000         0.0000      9878.1806         -42636.9962       309.6765    -52515.1768    -42614.9281       310.8092            -56.1874        19.2898    162826.7213        -2.0894        -1.2954

ENERGY: 3138000        60.4222       211.6775       154.3395         0.0000         -60315.7770      7392.7498         0.0000         0.0000     10020.1524         -42476.4357       314.1272    -52496.5880    -42458.5514       311.1629            -43.5930        52.6174    163008.2743         7.2889         6.7834

WRITING COORDINATES TO DCD FILE 06_prod_1ns/prod_06.dcd AT STEP 3138000
LDB: ============= START OF LOAD BALANCING ============== 757.652
LDB: ============== END OF LOAD BALANCING =============== 757.652
Info: useSync: 0 useProxySync: 0
LDB: =============== DONE WITH MIGRATION ================ 757.653
LDB: ============= START OF LOAD BALANCING ============== 757.744
LDB: TIME 757.744 LOAD: AVG 0.0260338 MAX 0.0431117  PROXIES: TOTAL 120 MAXPE 17 MAXPATCH 5 None MEM: 0 MB
LDB: TIME 757.745 LOAD: AVG 0.0260338 MAX 0.0431117  PROXIES: TOTAL 120 MAXPE 17 MAXPATCH 5 RefineTorusLB MEM: 0 MB
LDB: TIME 757.745 LOAD: AVG 0.0260338 MAX 0.0431117  PROXIES: TOTAL 120 MAXPE 17 MAXPATCH 5 RefineTorusLB MEM: 0 MB
LDB: Reverting to original mapping
LDB: ============== END OF LOAD BALANCING =============== 757.745
Info: useSync: 0 useProxySync: 0
LDB: =============== DONE WITH MIGRATION ================ 757.746
ENERGY: 3138500        77.5744       201.3862       140.7292         0.0000         -60348.9385      7442.0566         0.0000         0.0000      9856.0614         -42631.1306       308.9830    -52487.1920    -42613.4653       310.8597             47.6119       115.5413    162886.4445        -0.4800        -1.1096

ENERGY: 3139000        64.1884       179.1586       156.6438         0.0000         -60103.9135      7248.6605         0.0000         0.0000      9765.2119         -42690.0504       306.1349    -52455.2622    -42669.8003       310.4535           -181.7727      -109.3931    163530.1593        -0.7277        -0.6027

WRITING COORDINATES TO DCD FILE 06_prod_1ns/prod_06.dcd AT STEP 3139000
ENERGY: 3139500        75.9738       196.2781       158.5674         0.0000         -60343.8004      7339.4892         0.0000         0.0000      9937.1434         -42636.3484       311.5249    -52573.4917    -42613.7930       308.9606            -18.2541        50.6147    162372.4686         7.9554         8.2497

WRITING COORDINATES TO DCD FILE 06_prod_1ns/prod_06.dcd AT STEP 3140000
WRITING COORDINATES TO RESTART FILE AT STEP 3140000
FINISHED WRITING RESTART COORDINATES
WRITING VELOCITIES TO RESTART FILE AT STEP 3140000
FINISHED WRITING RESTART VELOCITIES
TIMING: 3140000  CPU: 767.029, 0.00196008/step  Wall: 760.739, 0.00187325/step, 0.0572381 hours remaining, 0.000000 MB of memory in use.
PERFORMANCE: 3140000  averaging 88.5922 ns/day, 0.00195051 sec/step with standard deviation 3.27991e-05
ETITLE:      TS           BOND          ANGLE          DIHED          IMPRP               ELECT            VDW       BOUNDARY           MISC        KINETIC               TOTAL           TEMP      POTENTIAL         TOTAL3        TEMPAVG            PRESSURE      GPRESSURE         VOLUME       PRESSAVG      GPRESSAVG

ENERGY: 3140000        64.5065       184.3092       146.9612         0.0000         -60139.4982      7136.6496         0.0000         0.0000      9911.9141         -42695.1576       310.7340    -52607.0717    -42666.4705       310.3499           -251.8439      -154.4929    162344.9762         0.8843         0.3569

WRITING EXTENDED SYSTEM TO RESTART FILE AT STEP 3140000
LDB: ============= START OF LOAD BALANCING ============== 761.417
LDB: ============== END OF LOAD BALANCING =============== 761.418
Info: useSync: 0 useProxySync: 0
LDB: =============== DONE WITH MIGRATION ================ 761.418
LDB: ============= START OF LOAD BALANCING ============== 761.515
LDB: TIME 761.515 LOAD: AVG 0.0278598 MAX 0.0436074  PROXIES: TOTAL 120 MAXPE 17 MAXPATCH 5 None MEM: 0 MB
LDB: TIME 761.516 LOAD: AVG 0.0278598 MAX 0.0436074  PROXIES: TOTAL 120 MAXPE 17 MAXPATCH 5 RefineTorusLB MEM: 0 MB
LDB: TIME 761.516 LOAD: AVG 0.0278598 MAX 0.0436074  PROXIES: TOTAL 120 MAXPE 17 MAXPATCH 5 RefineTorusLB MEM: 0 MB
LDB: ============== END OF LOAD BALANCING =============== 761.516
Info: useSync: 0 useProxySync: 0
LDB: =============== DONE WITH MIGRATION ================ 761.517
ENERGY: 3140500        74.4221       183.1472       149.9163         0.0000         -60443.2891      7384.3088         0.0000         0.0000      9775.6504         -42875.8443       306.4622    -52651.4947    -42854.0595       309.6609            -38.3393        73.9149    161748.8658         1.5009         2.3138

ENERGY: 3141000        69.7267       188.1834       145.1780         0.0000         -60348.7976      7115.7127         0.0000         0.0000      9933.0422         -42896.9546       311.3963    -52829.9968    -42871.1862       308.2485           -325.7048      -226.1767    160649.1395        -0.0518         0.0371

WRITING COORDINATES TO DCD FILE 06_prod_1ns/prod_06.dcd AT STEP 3141000
ENERGY: 3141500        79.3582       188.3841       158.5405         0.0000         -60214.8243      7341.1134         0.0000         0.0000      9785.3877         -42662.0405       306.7674    -52447.4281    -42636.2989       309.2874             13.4128        98.0461    162942.0874         3.0448         2.6845

ENERGY: 3142000        70.5131       198.8839       150.5465         0.0000         -60623.1457      7511.9985         0.0000         0.0000      9955.6777         -42735.5259       312.1060    -52691.2036    -42714.0763       310.6597            270.3782       344.0759    161329.6196         6.9405         6.9005

WRITING COORDINATES TO DCD FILE 06_prod_1ns/prod_06.dcd AT STEP 3142000
LDB: ============= START OF LOAD BALANCING ============== 765.303
LDB: ============== END OF LOAD BALANCING =============== 765.303
Info: useSync: 0 useProxySync: 0
LDB: =============== DONE WITH MIGRATION ================ 765.303
LDB: ============= START OF LOAD BALANCING ============== 765.397
LDB: TIME 765.397 LOAD: AVG 0.0278139 MAX 0.0444456  PROXIES: TOTAL 120 MAXPE 17 MAXPATCH 5 None MEM: 0 MB
LDB: TIME 765.398 LOAD: AVG 0.0278139 MAX 0.0444456  PROXIES: TOTAL 120 MAXPE 17 MAXPATCH 5 RefineTorusLB MEM: 0 MB
LDB: TIME 765.398 LOAD: AVG 0.0278139 MAX 0.0444456  PROXIES: TOTAL 120 MAXPE 17 MAXPATCH 5 RefineTorusLB MEM: 0 MB
LDB: ============== END OF LOAD BALANCING =============== 765.398
Info: useSync: 0 useProxySync: 0
LDB: =============== DONE WITH MIGRATION ================ 765.399
ENERGY: 3142500        63.7510       205.9155       153.0205         0.0000         -60115.2092      7238.7697         0.0000         0.0000      9848.7196         -42605.0329       308.7529    -52453.7525    -42582.7421       309.8689            -78.4303       -13.9314    162288.9900         0.5076        -0.2771

ENERGY: 3143000        76.9506       194.9657       148.4374         0.0000         -60391.3644      7331.7168         0.0000         0.0000      9851.7148         -42787.5792       308.8468    -52639.2940    -42763.7579       310.5201           -163.8063       -74.9780    162370.4111        11.6899        11.6566

WRITING COORDINATES TO DCD FILE 06_prod_1ns/prod_06.dcd AT STEP 3143000
ENERGY: 3143500        76.0008       177.6194       148.0464         0.0000         -60379.3249      7309.0205         0.0000         0.0000      9893.1432         -42775.4945       310.1455    -52668.6377    -42755.6332       310.8289           -134.0108        -7.9945    161396.1517         9.3181         9.0079

ENERGY: 3144000        67.9137       183.7209       155.6898         0.0000         -59918.4258      7061.4478         0.0000         0.0000      9930.9274         -42518.7262       311.3301    -52449.6537    -42494.0397       310.6409           -340.3543      -257.6841    162220.6433         5.0018         6.5711

WRITING COORDINATES TO DCD FILE 06_prod_1ns/prod_06.dcd AT STEP 3144000
LDB: ============= START OF LOAD BALANCING ============== 769.154
LDB: ============== END OF LOAD BALANCING =============== 769.154
Info: useSync: 0 useProxySync: 0
LDB: =============== DONE WITH MIGRATION ================ 769.155
LDB: ============= START OF LOAD BALANCING ============== 769.249
LDB: TIME 769.249 LOAD: AVG 0.027468 MAX 0.0424072  PROXIES: TOTAL 120 MAXPE 17 MAXPATCH 5 None MEM: 0 MB
LDB: TIME 769.249 LOAD: AVG 0.027468 MAX 0.0424072  PROXIES: TOTAL 120 MAXPE 17 MAXPATCH 5 RefineTorusLB MEM: 0 MB
LDB: TIME 769.25 LOAD: AVG 0.027468 MAX 0.0424072  PROXIES: TOTAL 120 MAXPE 17 MAXPATCH 5 RefineTorusLB MEM: 0 MB
LDB: ============== END OF LOAD BALANCING =============== 769.25
Info: useSync: 0 useProxySync: 0
LDB: =============== DONE WITH MIGRATION ================ 769.251
ENERGY: 3144500        64.6640       207.5680       154.7388         0.0000         -60166.8771      7161.2831         0.0000         0.0000      9910.2915         -42668.3317       310.6831    -52578.6232    -42651.2493       311.2182           -194.5969      -114.4979    161746.6901        -2.7050        -3.8681

TIMING: 3145000  CPU: 776.864, 0.00196698/step  Wall: 770.415, 0.00193515/step, 0.0564419 hours remaining, 0.000000 MB of memory in use.
PERFORMANCE: 3145000  averaging 88.601 ns/day, 0.00195032 sec/step with standard deviation 3.26339e-05
ETITLE:      TS           BOND          ANGLE          DIHED          IMPRP               ELECT            VDW       BOUNDARY           MISC        KINETIC               TOTAL           TEMP      POTENTIAL         TOTAL3        TEMPAVG            PRESSURE      GPRESSURE         VOLUME       PRESSAVG      GPRESSAVG

ENERGY: 3145000        75.2597       189.9392       160.4039         0.0000         -60436.3103      7405.5440         0.0000         0.0000      9875.7230         -42729.4405       309.5994    -52605.1635    -42702.5997       310.7740            -69.4712        34.8672    162526.4725         7.2352         7.4219

WRITING EXTENDED SYSTEM TO RESTART FILE AT STEP 3145000
WRITING COORDINATES TO DCD FILE 06_prod_1ns/prod_06.dcd AT STEP 3145000
WRITING COORDINATES TO RESTART FILE AT STEP 3145000
FINISHED WRITING RESTART COORDINATES
WRITING VELOCITIES TO RESTART FILE AT STEP 3145000
FINISHED WRITING RESTART VELOCITIES
ENERGY: 3145500        61.1114       186.5571       143.0696         0.0000         -60145.0114      7289.3799         0.0000         0.0000      9947.9670         -42516.9265       311.8642    -52464.8935    -42498.1087       310.5584             74.5226       155.6440    163233.4292        -7.7149        -9.0768

ENERGY: 3146000        68.2658       189.6484       153.9588         0.0000         -60252.6363      7378.1424         0.0000         0.0000      9985.0582         -42477.5626       313.0270    -52462.6208    -42455.4065       311.0822             23.0820        78.2209    162784.1576         7.8018         7.2782

WRITING COORDINATES TO DCD FILE 06_prod_1ns/prod_06.dcd AT STEP 3146000
LDB: ============= START OF LOAD BALANCING ============== 773.083
LDB: ============== END OF LOAD BALANCING =============== 773.083
Info: useSync: 0 useProxySync: 0
LDB: =============== DONE WITH MIGRATION ================ 773.083
LDB: ============= START OF LOAD BALANCING ============== 773.179
LDB: TIME 773.179 LOAD: AVG 0.0276194 MAX 0.0446011  PROXIES: TOTAL 120 MAXPE 17 MAXPATCH 5 None MEM: 0 MB
LDB: TIME 773.18 LOAD: AVG 0.0276194 MAX 0.0446011  PROXIES: TOTAL 120 MAXPE 17 MAXPATCH 5 RefineTorusLB MEM: 0 MB
LDB: TIME 773.18 LOAD: AVG 0.0276194 MAX 0.0446011  PROXIES: TOTAL 120 MAXPE 17 MAXPATCH 5 RefineTorusLB MEM: 0 MB
LDB: ============== END OF LOAD BALANCING =============== 773.18
Info: useSync: 0 useProxySync: 0
LDB: =============== DONE WITH MIGRATION ================ 773.181
ENERGY: 3146500        71.0176       210.1275       154.4896         0.0000         -60101.9852      7245.1886         0.0000         0.0000      9891.3935         -42529.7684       310.0907    -52421.1618    -42507.1024       310.8323            -36.1225        64.2413    162578.9283         3.9176         3.3641

WRITING COORDINATES TO DCD FILE 06_prod_1ns/prod_06.dcd AT STEP 3147000
ENERGY: 3147000        82.9158       206.4567       154.0473         0.0000         -60180.5853      7219.1370         0.0000         0.0000      9914.3722         -42603.6563       310.8111    -52518.0285    -42577.8242       311.7832           -218.9140      -115.1816    162516.4735         7.0112         7.2222

ENERGY: 3147500        84.9583       212.4986       142.8417         0.0000         -60545.0038      7378.6358         0.0000         0.0000     10044.2600         -42681.8095       314.8830    -52726.0695    -42658.9557       311.1454            -33.2596        45.9916    162752.3538        -2.2489        -1.8419

ENERGY: 3148000        76.9454       180.2899       153.8702         0.0000         -60346.7499      7290.8069         0.0000         0.0000      9869.5753         -42775.2622       309.4067    -52644.8375    -42752.5430       310.2282           -322.6666      -197.8177    162491.7547         2.8082         2.0752

WRITING COORDINATES TO DCD FILE 06_prod_1ns/prod_06.dcd AT STEP 3148000
LDB: ============= START OF LOAD BALANCING ============== 776.936
LDB: ============== END OF LOAD BALANCING =============== 776.936
Info: useSync: 0 useProxySync: 0
LDB: =============== DONE WITH MIGRATION ================ 776.936
LDB: ============= START OF LOAD BALANCING ============== 777.031
LDB: TIME 777.031 LOAD: AVG 0.0269441 MAX 0.0436227  PROXIES: TOTAL 120 MAXPE 17 MAXPATCH 5 None MEM: 0 MB
LDB: TIME 777.032 LOAD: AVG 0.0269441 MAX 0.0436227  PROXIES: TOTAL 120 MAXPE 17 MAXPATCH 5 RefineTorusLB MEM: 0 MB
LDB: TIME 777.032 LOAD: AVG 0.0269441 MAX 0.0436227  PROXIES: TOTAL 120 MAXPE 17 MAXPATCH 5 RefineTorusLB MEM: 0 MB
LDB: Reverting to original mapping
LDB: ============== END OF LOAD BALANCING =============== 777.032
Info: useSync: 0 useProxySync: 0
LDB: =============== DONE WITH MIGRATION ================ 777.033
ENERGY: 3148500        85.7869       185.7504       149.1686         0.0000         -60439.5742      7427.6448         0.0000         0.0000      9820.7262         -42770.4972       307.8753    -52591.2234    -42750.4142       309.6388            -21.6670        91.6508    161644.3138        -0.7491        -0.7182

ENERGY: 3149000        67.9808       189.3096       150.9628         0.0000         -60490.6777      7349.7709         0.0000         0.0000      9883.9726         -42848.6810       309.8580    -52732.6536    -42822.9973       309.1138            -50.4349        10.1811    161696.8114        24.8749        24.0160

WRITING COORDINATES TO DCD FILE 06_prod_1ns/prod_06.dcd AT STEP 3149000
ENERGY: 3149500        64.0240       208.8042       156.3028         0.0000         -60364.7642      7366.1683         0.0000         0.0000      9913.2146         -42656.2503       310.7748    -52569.4648    -42636.7725       308.2540            -47.3503        29.2804    163514.6052         3.1996         3.1155

TIMING: 3150000  CPU: 786.63, 0.00195318/step  Wall: 780.095, 0.00193598/step, 0.0537772 hours remaining, 0.000000 MB of memory in use.
PERFORMANCE: 3150000  averaging 88.6092 ns/day, 0.00195014 sec/step with standard deviation 3.24663e-05
ETITLE:      TS           BOND          ANGLE          DIHED          IMPRP               ELECT            VDW       BOUNDARY           MISC        KINETIC               TOTAL           TEMP      POTENTIAL         TOTAL3        TEMPAVG            PRESSURE      GPRESSURE         VOLUME       PRESSAVG      GPRESSAVG

ENERGY: 3150000        69.3365       188.5895       157.1673         0.0000         -60401.0224      7245.9236         0.0000         0.0000      9958.3826         -42781.6229       312.1908    -52740.0055    -42759.6697       310.3652           -257.5593      -162.8268    161733.1926        -2.1849        -2.6267

WRITING EXTENDED SYSTEM TO RESTART FILE AT STEP 3150000
WRITING COORDINATES TO DCD FILE 06_prod_1ns/prod_06.dcd AT STEP 3150000
WRITING COORDINATES TO RESTART FILE AT STEP 3150000
FINISHED WRITING RESTART COORDINATES
WRITING VELOCITIES TO RESTART FILE AT STEP 3150000
FINISHED WRITING RESTART VELOCITIES
LDB: ============= START OF LOAD BALANCING ============== 780.882
LDB: ============== END OF LOAD BALANCING =============== 780.883
Info: useSync: 0 useProxySync: 0
LDB: =============== DONE WITH MIGRATION ================ 780.883
LDB: ============= START OF LOAD BALANCING ============== 780.981
LDB: TIME 780.982 LOAD: AVG 0.02881 MAX 0.0490582  PROXIES: TOTAL 120 MAXPE 17 MAXPATCH 5 None MEM: 0 MB
LDB: TIME 780.982 LOAD: AVG 0.02881 MAX 0.0490582  PROXIES: TOTAL 120 MAXPE 17 MAXPATCH 5 RefineTorusLB MEM: 0 MB
LDB: TIME 780.982 LOAD: AVG 0.02881 MAX 0.0490582  PROXIES: TOTAL 120 MAXPE 17 MAXPATCH 5 RefineTorusLB MEM: 0 MB
LDB: Reverting to original mapping
LDB: ============== END OF LOAD BALANCING =============== 780.983
Info: useSync: 0 useProxySync: 0
LDB: =============== DONE WITH MIGRATION ================ 780.983
ENERGY: 3150500        85.8375       177.9844       155.3588         0.0000         -60509.1044      7364.3810         0.0000         0.0000      9908.0014         -42817.5413       310.6113    -52725.5427    -42798.5623       309.6219           -203.6371      -114.4813    162189.4654         8.6567         7.9726

WRITING COORDINATES TO DCD FILE 06_prod_1ns/prod_06.dcd AT STEP 3151000
ENERGY: 3151000        75.1031       198.8540       152.1256         0.0000         -60611.7338      7625.1684         0.0000         0.0000      9934.8355         -42625.6472       311.4526    -52560.4827    -42604.3873       310.1596            400.1963       490.5689    161592.0141         5.6773         5.9369

ENERGY: 3151500        75.1117       210.5381       148.1091         0.0000         -60336.1446      7341.9352         0.0000         0.0000      9883.5441         -42676.9063       309.8446    -52560.4504    -42655.0625       310.4048           -142.1384       -57.5743    162955.8359        -4.4294        -5.0421

ENERGY: 3152000        66.1996       198.0943       150.5355         0.0000         -60192.8156      7157.8811         0.0000         0.0000      9947.9322         -42672.1729       311.8631    -52620.1051    -42649.3745       309.2723           -287.6274      -194.0678    161405.6507         0.8619        -0.0903

WRITING COORDINATES TO DCD FILE 06_prod_1ns/prod_06.dcd AT STEP 3152000
LDB: ============= START OF LOAD BALANCING ============== 784.837
LDB: ============== END OF LOAD BALANCING =============== 784.838
Info: useSync: 0 useProxySync: 0
LDB: =============== DONE WITH MIGRATION ================ 784.838
LDB: ============= START OF LOAD BALANCING ============== 784.938
LDB: TIME 784.938 LOAD: AVG 0.0278223 MAX 0.0477626  PROXIES: TOTAL 120 MAXPE 17 MAXPATCH 5 None MEM: 0 MB
LDB: TIME 784.939 LOAD: AVG 0.0278223 MAX 0.0477626  PROXIES: TOTAL 120 MAXPE 17 MAXPATCH 5 RefineTorusLB MEM: 0 MB
LDB: TIME 784.939 LOAD: AVG 0.0278223 MAX 0.0477626  PROXIES: TOTAL 120 MAXPE 17 MAXPATCH 5 RefineTorusLB MEM: 0 MB
LDB: Reverting to original mapping
LDB: ============== END OF LOAD BALANCING =============== 784.939
Info: useSync: 0 useProxySync: 0
LDB: =============== DONE WITH MIGRATION ================ 784.94
ENERGY: 3152500        87.3265       195.9143       145.4556         0.0000         -60397.9914      7337.0380         0.0000         0.0000      9906.8321         -42725.4249       310.5747    -52632.2570    -42704.0458       310.4131           -135.6957       -62.4641    162615.3839         7.7829         6.7747

ENERGY: 3153000        72.7889       198.7180       151.1608         0.0000         -60211.1915      7380.4364         0.0000         0.0000      9894.0449         -42514.0425       310.1738    -52408.0874    -42490.2175       311.2671             53.4045       170.3233    162296.8249         6.0408         6.6458

WRITING COORDINATES TO DCD FILE 06_prod_1ns/prod_06.dcd AT STEP 3153000
ENERGY: 3153500        80.8323       199.3560       150.0831         0.0000         -60251.8522      7302.5321         0.0000         0.0000      9867.9747         -42651.0740       309.3565    -52519.0487    -42628.4451       312.5687            -66.9378         6.7282    162021.7402         5.8206         6.2203

ENERGY: 3154000        87.6256       202.3710       156.2666         0.0000         -60640.6019      7345.3666         0.0000         0.0000     10075.1952         -42773.7769       315.8528    -52848.9721    -42751.3507       309.5022           -230.9643      -142.1356    161967.9685         0.5033        -0.4417

WRITING COORDINATES TO DCD FILE 06_prod_1ns/prod_06.dcd AT STEP 3154000
LDB: ============= START OF LOAD BALANCING ============== 788.681
LDB: ============== END OF LOAD BALANCING =============== 788.683
Info: useSync: 0 useProxySync: 0
LDB: =============== DONE WITH MIGRATION ================ 788.683
LDB: ============= START OF LOAD BALANCING ============== 788.779
LDB: TIME 788.78 LOAD: AVG 0.0278953 MAX 0.0493537  PROXIES: TOTAL 120 MAXPE 17 MAXPATCH 5 None MEM: 0 MB
LDB: TIME 788.78 LOAD: AVG 0.0278953 MAX 0.0493537  PROXIES: TOTAL 120 MAXPE 17 MAXPATCH 5 RefineTorusLB MEM: 0 MB
LDB: TIME 788.781 LOAD: AVG 0.0278953 MAX 0.0493537  PROXIES: TOTAL 120 MAXPE 17 MAXPATCH 5 RefineTorusLB MEM: 0 MB
LDB: Reverting to original mapping
LDB: ============== END OF LOAD BALANCING =============== 788.781
Info: useSync: 0 useProxySync: 0
LDB: =============== DONE WITH MIGRATION ================ 788.782
ENERGY: 3154500        81.9012       193.5228       146.0098         0.0000         -60414.5009      7370.5425         0.0000         0.0000      9847.2883         -42775.2362       308.7080    -52622.5245    -42755.0027       308.9093            -71.2951        22.5324    162675.3671         4.7614         4.4007

TIMING: 3155000  CPU: 796.546, 0.00198314/step  Wall: 789.944, 0.00196979/step, 0.0519806 hours remaining, 0.000000 MB of memory in use.
PERFORMANCE: 3155000  averaging 88.5981 ns/day, 0.00195038 sec/step with standard deviation 3.23366e-05
ETITLE:      TS           BOND          ANGLE          DIHED          IMPRP               ELECT            VDW       BOUNDARY           MISC        KINETIC               TOTAL           TEMP      POTENTIAL         TOTAL3        TEMPAVG            PRESSURE      GPRESSURE         VOLUME       PRESSAVG      GPRESSAVG

ENERGY: 3155000        65.7345       199.1532       154.5586         0.0000         -60418.3288      7288.6325         0.0000         0.0000      9907.6980         -42802.5519       310.6018    -52710.2499    -42780.8702       310.4706            -57.4315        19.7889    161516.9134         4.6541         4.5791

WRITING EXTENDED SYSTEM TO RESTART FILE AT STEP 3155000
WRITING COORDINATES TO DCD FILE 06_prod_1ns/prod_06.dcd AT STEP 3155000
WRITING COORDINATES TO RESTART FILE AT STEP 3155000
FINISHED WRITING RESTART COORDINATES
WRITING VELOCITIES TO RESTART FILE AT STEP 3155000
FINISHED WRITING RESTART VELOCITIES
ENERGY: 3155500        75.4208       203.5857       155.8261         0.0000         -60682.8419      7520.9308         0.0000         0.0000      9905.5545         -42821.5242       310.5346    -52727.0786    -42802.0790       309.3886             78.8237       170.2522    161468.6111        -2.7219        -3.4515

ENERGY: 3156000        87.1719       197.7122       146.8611         0.0000         -60362.0735      7146.0838         0.0000         0.0000      9999.4432         -42784.8013       313.4780    -52784.2445    -42759.5362       309.7470           -365.5182      -303.9034    161653.6189        -2.1844        -2.3862

WRITING COORDINATES TO DCD FILE 06_prod_1ns/prod_06.dcd AT STEP 3156000
LDB: ============= START OF LOAD BALANCING ============== 792.641
LDB: ============== END OF LOAD BALANCING =============== 792.641
Info: useSync: 0 useProxySync: 0
LDB: =============== DONE WITH MIGRATION ================ 792.642
LDB: ============= START OF LOAD BALANCING ============== 792.74
LDB: TIME 792.74 LOAD: AVG 0.0275139 MAX 0.0444599  PROXIES: TOTAL 120 MAXPE 17 MAXPATCH 5 None MEM: 0 MB
LDB: TIME 792.741 LOAD: AVG 0.0275139 MAX 0.0444599  PROXIES: TOTAL 120 MAXPE 17 MAXPATCH 5 RefineTorusLB MEM: 0 MB
LDB: TIME 792.741 LOAD: AVG 0.0275139 MAX 0.0444599  PROXIES: TOTAL 120 MAXPE 17 MAXPATCH 5 RefineTorusLB MEM: 0 MB
LDB: Reverting to original mapping
LDB: ============== END OF LOAD BALANCING =============== 792.741
Info: useSync: 0 useProxySync: 0
LDB: =============== DONE WITH MIGRATION ================ 792.742
ENERGY: 3156500        73.6087       201.0185       162.9930         0.0000         -59959.0824      7100.8748         0.0000         0.0000      9960.1952         -42460.3922       312.2476    -52420.5874    -42432.3290       311.0460           -325.1322      -214.7514    162854.2413        -2.3448        -0.9379

WRITING COORDINATES TO DCD FILE 06_prod_1ns/prod_06.dcd AT STEP 3157000
ENERGY: 3157000        81.1377       199.8364       151.8772         0.0000         -60159.1930      7235.2430         0.0000         0.0000     10031.4762         -42459.6224       314.4822    -52491.0986    -42437.1422       312.0378           -208.1966      -117.0937    162460.2472         4.0681         5.6558

ENERGY: 3157500        70.7500       194.0100       153.5039         0.0000         -60113.6945      7077.4381         0.0000         0.0000      9879.7020         -42738.2905       309.7242    -52617.9926    -42715.0330       311.8238           -499.9625      -404.7074    162269.2473         6.6629         5.6646

ENERGY: 3158000        73.6711       211.7722       147.0382         0.0000         -60117.8340      7142.6946         0.0000         0.0000      9847.7986         -42694.8594       308.7240    -52542.6580    -42667.7313       310.5228           -243.6666      -152.8243    162375.1413        13.6615        14.7943

WRITING COORDINATES TO DCD FILE 06_prod_1ns/prod_06.dcd AT STEP 3158000
LDB: ============= START OF LOAD BALANCING ============== 796.536
LDB: ============== END OF LOAD BALANCING =============== 796.537
Info: useSync: 0 useProxySync: 0
LDB: =============== DONE WITH MIGRATION ================ 796.537
LDB: ============= START OF LOAD BALANCING ============== 796.632
LDB: TIME 796.633 LOAD: AVG 0.0268354 MAX 0.0425831  PROXIES: TOTAL 120 MAXPE 17 MAXPATCH 5 None MEM: 0 MB
LDB: TIME 796.637 LOAD: AVG 0.0268354 MAX 0.0425831  PROXIES: TOTAL 120 MAXPE 17 MAXPATCH 5 RefineTorusLB MEM: 0 MB
LDB: TIME 796.638 LOAD: AVG 0.0268354 MAX 0.0425831  PROXIES: TOTAL 120 MAXPE 17 MAXPATCH 5 RefineTorusLB MEM: 0 MB
LDB: Reverting to original mapping
LDB: ============== END OF LOAD BALANCING =============== 796.638
Info: useSync: 0 useProxySync: 0
LDB: =============== DONE WITH MIGRATION ================ 796.639
ENERGY: 3158500        73.5627       204.2131       148.9246         0.0000         -60352.5920      7426.8974         0.0000         0.0000      9821.3858         -42677.6085       307.8960    -52498.9942    -42652.9733       309.6810             18.7472       113.9034    162533.1933         0.8073         0.8798

ENERGY: 3159000        68.1985       190.2681       152.5881         0.0000         -60388.6078      7504.9014         0.0000         0.0000      9906.1925         -42566.4592       310.5546    -52472.6517    -42540.8888       310.4326            331.4628       399.8519    162458.1316        -3.9146        -4.0814

WRITING COORDINATES TO DCD FILE 06_prod_1ns/prod_06.dcd AT STEP 3159000
ENERGY: 3159500        69.5558       175.0120       150.9959         0.0000         -60426.3853      7441.8211         0.0000         0.0000      9835.5498         -42753.4506       308.3400    -52589.0005    -42730.4604       310.6657            179.8736       270.9073    161995.6948         4.0452         4.9111

WRITING COORDINATES TO DCD FILE 06_prod_1ns/prod_06.dcd AT STEP 3160000
WRITING COORDINATES TO RESTART FILE AT STEP 3160000
FINISHED WRITING RESTART COORDINATES
WRITING VELOCITIES TO RESTART FILE AT STEP 3160000
FINISHED WRITING RESTART VELOCITIES
TIMING: 3160000  CPU: 806.413, 0.00197343/step  Wall: 799.812, 0.00197374/step, 0.0493434 hours remaining, 0.000000 MB of memory in use.
PERFORMANCE: 3160000  averaging 88.5852 ns/day, 0.00195066 sec/step with standard deviation 3.22397e-05
ETITLE:      TS           BOND          ANGLE          DIHED          IMPRP               ELECT            VDW       BOUNDARY           MISC        KINETIC               TOTAL           TEMP      POTENTIAL         TOTAL3        TEMPAVG            PRESSURE      GPRESSURE         VOLUME       PRESSAVG      GPRESSAVG

ENERGY: 3160000        76.4225       185.3719       161.0351         0.0000         -60225.2240      7166.0622         0.0000         0.0000      9917.0405         -42719.2918       310.8947    -52636.3322    -42703.1119       309.0877           -338.5466      -258.3130    162143.0332        -2.4589        -1.7864

WRITING EXTENDED SYSTEM TO RESTART FILE AT STEP 3160000
LDB: ============= START OF LOAD BALANCING ============== 800.511
LDB: ============== END OF LOAD BALANCING =============== 800.511
Info: useSync: 0 useProxySync: 0
LDB: =============== DONE WITH MIGRATION ================ 800.511
LDB: ============= START OF LOAD BALANCING ============== 800.607
LDB: TIME 800.608 LOAD: AVG 0.0283343 MAX 0.0485419  PROXIES: TOTAL 120 MAXPE 17 MAXPATCH 5 None MEM: 0 MB
LDB: TIME 800.608 LOAD: AVG 0.0283343 MAX 0.0485419  PROXIES: TOTAL 120 MAXPE 17 MAXPATCH 5 RefineTorusLB MEM: 0 MB
LDB: TIME 800.608 LOAD: AVG 0.0283343 MAX 0.0485419  PROXIES: TOTAL 120 MAXPE 17 MAXPATCH 5 RefineTorusLB MEM: 0 MB
LDB: Reverting to original mapping
LDB: ============== END OF LOAD BALANCING =============== 800.609
Info: useSync: 0 useProxySync: 0
LDB: =============== DONE WITH MIGRATION ================ 800.61
ENERGY: 3160500        68.7748       190.7210       146.5958         0.0000         -60378.5360      7372.6260         0.0000         0.0000      9962.0090         -42637.8095       312.3044    -52599.8184    -42613.9404       310.7563            -94.1569        -0.5253    163154.5822         2.1027         1.7976

ENERGY: 3161000        89.5812       198.9134       152.0798         0.0000         -60612.6401      7512.8482         0.0000         0.0000      9980.7569         -42678.4607       312.8922    -52659.2176    -42661.3479       311.2061            146.0746       222.9551    162942.5209         5.3842         4.7064

WRITING COORDINATES TO DCD FILE 06_prod_1ns/prod_06.dcd AT STEP 3161000
ENERGY: 3161500        81.5084       204.3036       146.6870         0.0000         -60583.1188      7425.0716         0.0000         0.0000      9848.4463         -42877.1019       308.7443    -52725.5482    -42855.3990       309.7339             36.7677       113.6560    161881.1414        -9.4731        -9.6653

ENERGY: 3162000        78.4742       163.3644       154.9242         0.0000         -60618.2210      7535.9101         0.0000         0.0000      9922.8211         -42762.7269       311.0759    -52685.5480    -42741.3938       310.9170             72.0394       174.5069    161978.4160         1.0116         0.0373

WRITING COORDINATES TO DCD FILE 06_prod_1ns/prod_06.dcd AT STEP 3162000
LDB: ============= START OF LOAD BALANCING ============== 804.373
LDB: ============== END OF LOAD BALANCING =============== 804.373
Info: useSync: 0 useProxySync: 0
LDB: =============== DONE WITH MIGRATION ================ 804.374
LDB: ============= START OF LOAD BALANCING ============== 804.473
LDB: TIME 804.473 LOAD: AVG 0.0280382 MAX 0.0457467  PROXIES: TOTAL 120 MAXPE 17 MAXPATCH 5 None MEM: 0 MB
LDB: TIME 804.473 LOAD: AVG 0.0280382 MAX 0.0457467  PROXIES: TOTAL 120 MAXPE 17 MAXPATCH 5 RefineTorusLB MEM: 0 MB
LDB: TIME 804.473 LOAD: AVG 0.0280382 MAX 0.0457467  PROXIES: TOTAL 120 MAXPE 17 MAXPATCH 5 RefineTorusLB MEM: 0 MB
LDB: Reverting to original mapping
LDB: ============== END OF LOAD BALANCING =============== 804.474
Info: useSync: 0 useProxySync: 0
LDB: =============== DONE WITH MIGRATION ================ 804.475
ENERGY: 3162500        65.5986       209.2417       146.3889         0.0000         -60397.2379      7417.6049         0.0000         0.0000      9794.2003         -42764.2035       307.0437    -52558.4038    -42741.7017       308.2674             91.0331       175.5747    162262.2901         4.0867         3.7693

ENERGY: 3163000        79.6453       184.9616       155.2747         0.0000         -60050.3304      7198.6621         0.0000         0.0000      9911.2995         -42520.4871       310.7147    -52431.7866    -42496.6554       310.0843           -170.1593       -80.6350    162396.3144        11.1756        12.6903

WRITING COORDINATES TO DCD FILE 06_prod_1ns/prod_06.dcd AT STEP 3163000
ENERGY: 3163500        66.0791       182.3949       148.8852         0.0000         -60278.0016      7316.3036         0.0000         0.0000      9907.4767         -42656.8622       310.5949    -52564.3388    -42637.2634       310.7218             49.1494       133.5072    161573.1471        -3.5050        -3.1519

ENERGY: 3164000        67.0446       206.2389       152.2211         0.0000         -60237.6378      7184.1051         0.0000         0.0000     10046.8575         -42581.1706       314.9644    -52628.0281    -42558.5320       309.8211             -7.1245        83.6672    161272.6312         3.3124         3.6403

WRITING COORDINATES TO DCD FILE 06_prod_1ns/prod_06.dcd AT STEP 3164000
LDB: ============= START OF LOAD BALANCING ============== 808.242
LDB: ============== END OF LOAD BALANCING =============== 808.243
Info: useSync: 0 useProxySync: 0
LDB: =============== DONE WITH MIGRATION ================ 808.243
LDB: ============= START OF LOAD BALANCING ============== 808.34
LDB: TIME 808.34 LOAD: AVG 0.0270671 MAX 0.0436482  PROXIES: TOTAL 120 MAXPE 17 MAXPATCH 5 None MEM: 0 MB
LDB: TIME 808.341 LOAD: AVG 0.0270671 MAX 0.0436482  PROXIES: TOTAL 120 MAXPE 17 MAXPATCH 5 RefineTorusLB MEM: 0 MB
LDB: TIME 808.341 LOAD: AVG 0.0270671 MAX 0.0436482  PROXIES: TOTAL 120 MAXPE 17 MAXPATCH 5 RefineTorusLB MEM: 0 MB
LDB: Reverting to original mapping
LDB: ============== END OF LOAD BALANCING =============== 808.341
Info: useSync: 0 useProxySync: 0
LDB: =============== DONE WITH MIGRATION ================ 808.341
ENERGY: 3164500        73.3704       184.6398       154.3046         0.0000         -60497.5965      7290.4042         0.0000         0.0000      9821.6454         -42973.2321       307.9041    -52794.8775    -42955.6007       309.7914            -50.2259        35.9908    160997.3148         3.9252         4.1398

WRITING COORDINATES TO DCD FILE 06_prod_1ns/prod_06.dcd AT STEP 3165000
WRITING COORDINATES TO RESTART FILE AT STEP 3165000
FINISHED WRITING RESTART COORDINATES
WRITING VELOCITIES TO RESTART FILE AT STEP 3165000
FINISHED WRITING RESTART VELOCITIES
TIMING: 3165000  CPU: 816.228, 0.00196297/step  Wall: 809.662, 0.00196991/step, 0.0465118 hours remaining, 0.000000 MB of memory in use.
PERFORMANCE: 3165000  averaging 88.5747 ns/day, 0.0019509 sec/step with standard deviation 3.21121e-05
ETITLE:      TS           BOND          ANGLE          DIHED          IMPRP               ELECT            VDW       BOUNDARY           MISC        KINETIC               TOTAL           TEMP      POTENTIAL         TOTAL3        TEMPAVG            PRESSURE      GPRESSURE         VOLUME       PRESSAVG      GPRESSAVG

ENERGY: 3165000        80.8124       206.9058       150.1326         0.0000         -60437.5339      7331.8138         0.0000         0.0000      9857.5110         -42810.3582       309.0285    -52667.8692    -42789.9696       307.3344           -194.0139      -130.7799    162139.1642        -0.2240        -0.0319

WRITING EXTENDED SYSTEM TO RESTART FILE AT STEP 3165000
ENERGY: 3165500        73.7933       194.1986       149.7483         0.0000         -60375.1290      7361.1026         0.0000         0.0000      9847.1263         -42749.1599       308.7029    -52596.2862    -42731.0607       309.1120            -55.2884        47.8227    162223.1078        -2.2940        -3.0518

ENERGY: 3166000        67.6465       212.6101       147.4011         0.0000         -60183.2246      7215.0804         0.0000         0.0000      9779.8102         -42760.6763       306.5926    -52540.4866    -42740.2706       310.2233           -210.4586      -114.4332    162474.2046         0.2213         0.7024

WRITING COORDINATES TO DCD FILE 06_prod_1ns/prod_06.dcd AT STEP 3166000
LDB: ============= START OF LOAD BALANCING ============== 812.294
LDB: ============== END OF LOAD BALANCING =============== 812.294
Info: useSync: 0 useProxySync: 0
LDB: =============== DONE WITH MIGRATION ================ 812.294
LDB: ============= START OF LOAD BALANCING ============== 812.392
LDB: TIME 812.393 LOAD: AVG 0.0272828 MAX 0.0440167  PROXIES: TOTAL 120 MAXPE 17 MAXPATCH 5 None MEM: 0 MB
LDB: TIME 812.393 LOAD: AVG 0.0272828 MAX 0.0440167  PROXIES: TOTAL 120 MAXPE 17 MAXPATCH 5 RefineTorusLB MEM: 0 MB
LDB: TIME 812.393 LOAD: AVG 0.0272828 MAX 0.0440167  PROXIES: TOTAL 120 MAXPE 17 MAXPATCH 5 RefineTorusLB MEM: 0 MB
LDB: ============== END OF LOAD BALANCING =============== 812.393
Info: useSync: 0 useProxySync: 0
LDB: =============== DONE WITH MIGRATION ================ 812.394
ENERGY: 3166500        72.2998       173.5232       153.3238         0.0000         -60390.8502      7237.5244         0.0000         0.0000      9985.0871         -42769.0918       313.0279    -52754.1789    -42745.3388       309.1347           -180.2312       -93.7551    161667.9535         2.9169         1.6763

ENERGY: 3167000        79.4102       197.0580       152.4123         0.0000         -60007.1112      7119.0557         0.0000         0.0000      9975.9569         -42483.2180       312.7417    -52459.1750    -42460.7544       309.9221           -461.2179      -379.6349    163120.7387         5.6594         4.3438

WRITING COORDINATES TO DCD FILE 06_prod_1ns/prod_06.dcd AT STEP 3167000
ENERGY: 3167500        76.4495       201.4943       150.3865         0.0000         -60098.7501      7214.1439         0.0000         0.0000      9897.0781         -42559.1978       310.2689    -52456.2759    -42540.0173       311.3484           -230.7090      -116.1945    162003.6348       -18.4797       -18.5990

ENERGY: 3168000        69.9737       187.8582       147.7079         0.0000         -60219.6191      7315.4651         0.0000         0.0000      9884.4570         -42614.1572       309.8732    -52498.6142    -42591.2919       312.0857             -2.7374        77.9587    161558.5890       -10.4986       -10.8701

WRITING COORDINATES TO DCD FILE 06_prod_1ns/prod_06.dcd AT STEP 3168000
LDB: ============= START OF LOAD BALANCING ============== 816.164
LDB: ============== END OF LOAD BALANCING =============== 816.164
Info: useSync: 0 useProxySync: 0
LDB: =============== DONE WITH MIGRATION ================ 816.165
LDB: ============= START OF LOAD BALANCING ============== 816.263
LDB: TIME 816.264 LOAD: AVG 0.0273304 MAX 0.0477902  PROXIES: TOTAL 120 MAXPE 17 MAXPATCH 5 None MEM: 0 MB
LDB: TIME 816.264 LOAD: AVG 0.0273304 MAX 0.0477902  PROXIES: TOTAL 120 MAXPE 17 MAXPATCH 5 RefineTorusLB MEM: 0 MB
LDB: TIME 816.264 LOAD: AVG 0.0273304 MAX 0.0477902  PROXIES: TOTAL 120 MAXPE 17 MAXPATCH 5 RefineTorusLB MEM: 0 MB
LDB: Reverting to original mapping
LDB: ============== END OF LOAD BALANCING =============== 816.265
Info: useSync: 0 useProxySync: 0
LDB: =============== DONE WITH MIGRATION ================ 816.265
ENERGY: 3168500        61.3840       190.3727       152.2473         0.0000         -60311.2516      7417.9270         0.0000         0.0000      9875.4773         -42613.8431       309.5917    -52489.3205    -42600.6528       309.9889            199.3411       289.8084    162054.1637         3.8153         4.8052

ENERGY: 3169000        81.0668       201.1928       154.0850         0.0000         -60217.7929      7405.4574         0.0000         0.0000      9898.9144         -42477.0764       310.3265    -52375.9908    -42456.4209       311.1139             37.2566       127.0093    163527.6342         8.4101         8.6932

WRITING COORDINATES TO DCD FILE 06_prod_1ns/prod_06.dcd AT STEP 3169000
ENERGY: 3169500        74.6099       198.2592       151.6180         0.0000         -60188.7126      7333.9236         0.0000         0.0000      9930.3906         -42499.9114       311.3132    -52430.3019    -42482.5817       310.4845             -6.8228        92.8987    162663.5237         1.8950         0.9553

TIMING: 3170000  CPU: 826.071, 0.00196861/step  Wall: 819.359, 0.00193934/step, 0.0430965 hours remaining, 0.000000 MB of memory in use.
PERFORMANCE: 3170000  averaging 88.5809 ns/day, 0.00195076 sec/step with standard deviation 3.19429e-05
ETITLE:      TS           BOND          ANGLE          DIHED          IMPRP               ELECT            VDW       BOUNDARY           MISC        KINETIC               TOTAL           TEMP      POTENTIAL         TOTAL3        TEMPAVG            PRESSURE      GPRESSURE         VOLUME       PRESSAVG      GPRESSAVG

ENERGY: 3170000        62.5240       190.7559       161.5784         0.0000         -60416.5588      7457.6305         0.0000         0.0000      9942.1905         -42601.8796       311.6831    -52544.0701    -42583.9571       310.8889            179.0658       257.4886    162496.4974         3.7145         2.7911

WRITING EXTENDED SYSTEM TO RESTART FILE AT STEP 3170000
WRITING COORDINATES TO DCD FILE 06_prod_1ns/prod_06.dcd AT STEP 3170000
WRITING COORDINATES TO RESTART FILE AT STEP 3170000
FINISHED WRITING RESTART COORDINATES
WRITING VELOCITIES TO RESTART FILE AT STEP 3170000
FINISHED WRITING RESTART VELOCITIES
LDB: ============= START OF LOAD BALANCING ============== 820.127
LDB: ============== END OF LOAD BALANCING =============== 820.127
Info: useSync: 0 useProxySync: 0
LDB: =============== DONE WITH MIGRATION ================ 820.127
LDB: ============= START OF LOAD BALANCING ============== 820.224
LDB: TIME 820.224 LOAD: AVG 0.0263852 MAX 0.0407237  PROXIES: TOTAL 120 MAXPE 17 MAXPATCH 5 None MEM: 0 MB
LDB: TIME 820.224 LOAD: AVG 0.0263852 MAX 0.0407237  PROXIES: TOTAL 120 MAXPE 17 MAXPATCH 5 RefineTorusLB MEM: 0 MB
LDB: TIME 820.224 LOAD: AVG 0.0263852 MAX 0.0407237  PROXIES: TOTAL 120 MAXPE 17 MAXPATCH 5 RefineTorusLB MEM: 0 MB
LDB: ============== END OF LOAD BALANCING =============== 820.224
Info: useSync: 0 useProxySync: 0
LDB: =============== DONE WITH MIGRATION ================ 820.225
ENERGY: 3170500        71.0514       200.5835       155.3900         0.0000         -60363.6779      7380.5376         0.0000         0.0000      9742.9454         -42813.1700       305.4369    -52556.1154    -42789.0056       309.5038            -86.4930        15.5801    162724.2865        -5.3315        -4.7656

ENERGY: 3171000        75.6694       186.9123       158.0780         0.0000         -60150.3894      7167.5765         0.0000         0.0000      9873.6747         -42688.4784       309.5352    -52562.1531    -42668.5280       309.7032           -291.5831      -208.8257    162818.6855         5.7379         6.2682

WRITING COORDINATES TO DCD FILE 06_prod_1ns/prod_06.dcd AT STEP 3171000
ENERGY: 3171500        95.7386       199.4105       158.3417         0.0000         -60125.6047      7375.1498         0.0000         0.0000      9779.4426         -42517.5215       306.5811    -52296.9641    -42495.3238       309.8200             72.5089       138.5033    162557.4500        17.3767        17.4555

ENERGY: 3172000        77.4730       188.0820       150.5900         0.0000         -60316.1710      7328.7930         0.0000         0.0000      9919.8447         -42651.3883       310.9826    -52571.2330    -42628.7184       310.8561             52.6243       109.4285    161616.3250         0.8999        -0.2268

WRITING COORDINATES TO DCD FILE 06_prod_1ns/prod_06.dcd AT STEP 3172000
LDB: ============= START OF LOAD BALANCING ============== 824.005
LDB: ============== END OF LOAD BALANCING =============== 824.005
Info: useSync: 0 useProxySync: 0
LDB: =============== DONE WITH MIGRATION ================ 824.006
LDB: ============= START OF LOAD BALANCING ============== 824.103
LDB: TIME 824.103 LOAD: AVG 0.0273056 MAX 0.0454637  PROXIES: TOTAL 120 MAXPE 17 MAXPATCH 5 None MEM: 0 MB
LDB: TIME 824.104 LOAD: AVG 0.0273056 MAX 0.0454637  PROXIES: TOTAL 120 MAXPE 17 MAXPATCH 5 RefineTorusLB MEM: 0 MB
LDB: TIME 824.104 LOAD: AVG 0.0273056 MAX 0.0454637  PROXIES: TOTAL 120 MAXPE 17 MAXPATCH 5 RefineTorusLB MEM: 0 MB
LDB: ============== END OF LOAD BALANCING =============== 824.104
Info: useSync: 0 useProxySync: 0
LDB: =============== DONE WITH MIGRATION ================ 824.105
ENERGY: 3172500        74.5377       194.4209       170.9571         0.0000         -59939.7803      7147.2557         0.0000         0.0000      9916.3715         -42436.2374       310.8737    -52352.6090    -42409.5864       312.6722           -211.2919      -132.9448    162272.6659        17.1646        16.1845

ENERGY: 3173000        78.7187       205.2222       158.9650         0.0000         -60228.9404      7323.8973         0.0000         0.0000      9904.4526         -42557.6847       310.5001    -52462.1372    -42532.6471       312.1434            -17.9849        65.2011    161588.7465       -13.0478       -13.7134

WRITING COORDINATES TO DCD FILE 06_prod_1ns/prod_06.dcd AT STEP 3173000
ENERGY: 3173500        73.5464       202.3648       157.0889         0.0000         -60534.5923      7569.1504         0.0000         0.0000     10095.3992         -42437.0426       316.4862    -52532.4418    -42413.7014       310.3984            463.2962       555.7791    160739.3422         2.6583         2.0883

ENERGY: 3174000        79.0829       200.5493       150.6578         0.0000         -60272.4463      7327.9238         0.0000         0.0000      9927.3381         -42586.8944       311.2175    -52514.2325    -42561.9566       311.8055           -168.7915       -57.5592    162853.8167         1.0366         2.1294

WRITING COORDINATES TO DCD FILE 06_prod_1ns/prod_06.dcd AT STEP 3174000
LDB: ============= START OF LOAD BALANCING ============== 827.872
LDB: ============== END OF LOAD BALANCING =============== 827.873
Info: useSync: 0 useProxySync: 0
LDB: =============== DONE WITH MIGRATION ================ 827.873
LDB: ============= START OF LOAD BALANCING ============== 827.97
LDB: TIME 827.971 LOAD: AVG 0.0267817 MAX 0.0464066  PROXIES: TOTAL 120 MAXPE 17 MAXPATCH 5 None MEM: 0 MB
LDB: TIME 827.971 LOAD: AVG 0.0267817 MAX 0.0464066  PROXIES: TOTAL 120 MAXPE 17 MAXPATCH 5 RefineTorusLB MEM: 0 MB
LDB: TIME 827.971 LOAD: AVG 0.0267817 MAX 0.0464066  PROXIES: TOTAL 120 MAXPE 17 MAXPATCH 5 RefineTorusLB MEM: 0 MB
LDB: ============== END OF LOAD BALANCING =============== 827.972
Info: useSync: 0 useProxySync: 0
LDB: =============== DONE WITH MIGRATION ================ 827.972
ENERGY: 3174500        71.6228       187.6726       158.3934         0.0000         -60143.3783      7174.3462         0.0000         0.0000      9763.5674         -42787.7759       306.0834    -52551.3433    -42773.1650       309.8274           -341.3813      -255.4495    163348.6327         1.5423         0.8729

TIMING: 3175000  CPU: 835.915, 0.00196876/step  Wall: 829.129, 0.00195404/step, 0.0407091 hours remaining, 0.000000 MB of memory in use.
PERFORMANCE: 3175000  averaging 88.5792 ns/day, 0.0019508 sec/step with standard deviation 3.17542e-05
ETITLE:      TS           BOND          ANGLE          DIHED          IMPRP               ELECT            VDW       BOUNDARY           MISC        KINETIC               TOTAL           TEMP      POTENTIAL         TOTAL3        TEMPAVG            PRESSURE      GPRESSURE         VOLUME       PRESSAVG      GPRESSAVG

ENERGY: 3175000        78.6091       185.2530       153.3127         0.0000         -60324.6344      7350.5304         0.0000         0.0000      9753.4505         -42803.4787       305.7662    -52556.9292    -42786.5488       308.9175            -97.1695        -1.6985    162689.8428        -1.4492        -2.6207

WRITING EXTENDED SYSTEM TO RESTART FILE AT STEP 3175000
WRITING COORDINATES TO DCD FILE 06_prod_1ns/prod_06.dcd AT STEP 3175000
WRITING COORDINATES TO RESTART FILE AT STEP 3175000
FINISHED WRITING RESTART COORDINATES
WRITING VELOCITIES TO RESTART FILE AT STEP 3175000
FINISHED WRITING RESTART VELOCITIES
ENERGY: 3175500        77.1815       187.1875       156.1476         0.0000         -60503.9777      7334.7263         0.0000         0.0000      9852.8360         -42895.8988       308.8819    -52748.7347    -42875.0673       309.5890           -103.8693       -24.6271    161476.2259        -2.5738        -1.9273

ENERGY: 3176000        90.8970       193.5537       151.0257         0.0000         -60322.9245      7334.1470         0.0000         0.0000      9794.8686         -42758.4325       307.0647    -52553.3012    -42740.7808       309.0563            -39.2489        41.4809    162139.3482         7.2572         7.8016

WRITING COORDINATES TO DCD FILE 06_prod_1ns/prod_06.dcd AT STEP 3176000
LDB: ============= START OF LOAD BALANCING ============== 831.833
LDB: ============== END OF LOAD BALANCING =============== 831.833
Info: useSync: 0 useProxySync: 0
LDB: =============== DONE WITH MIGRATION ================ 831.833
LDB: ============= START OF LOAD BALANCING ============== 831.932
LDB: TIME 831.932 LOAD: AVG 0.0275067 MAX 0.0429872  PROXIES: TOTAL 120 MAXPE 17 MAXPATCH 5 None MEM: 0 MB
LDB: TIME 831.932 LOAD: AVG 0.0275067 MAX 0.0429872  PROXIES: TOTAL 120 MAXPE 17 MAXPATCH 5 RefineTorusLB MEM: 0 MB
LDB: TIME 831.932 LOAD: AVG 0.0275067 MAX 0.0429872  PROXIES: TOTAL 120 MAXPE 17 MAXPATCH 5 RefineTorusLB MEM: 0 MB
LDB: ============== END OF LOAD BALANCING =============== 831.933
Info: useSync: 0 useProxySync: 0
LDB: =============== DONE WITH MIGRATION ================ 831.933
ENERGY: 3176500        62.5970       190.7840       149.2813         0.0000         -60148.9647      7272.8452         0.0000         0.0000      9901.5237         -42571.9334       310.4083    -52473.4571    -42548.4943       309.7749            -59.2026        51.1348    162073.9911         2.0124         2.8892

ENERGY: 3177000        77.6005       191.3096       152.3509         0.0000         -60107.8012      7185.9831         0.0000         0.0000      9818.3750         -42682.1820       307.8016    -52500.5570    -42666.4454       308.7087           -269.6505      -170.0609    162048.0354         6.7719         7.3760

WRITING COORDINATES TO DCD FILE 06_prod_1ns/prod_06.dcd AT STEP 3177000
ENERGY: 3177500        67.4928       191.9321       155.2600         0.0000         -60402.2218      7376.0807         0.0000         0.0000      9905.1338         -42706.3223       310.5214    -52611.4561    -42682.6747       310.1622             37.0286       113.9713    160797.6317        10.3345        11.4355

ENERGY: 3178000        73.5312       193.1714       149.7282         0.0000         -60293.2901      7233.5477         0.0000         0.0000     10013.2926         -42630.0190       313.9122    -52643.3116    -42606.4712       310.0403           -137.0951       -11.3652    160696.3361         0.1962         1.3104

WRITING COORDINATES TO DCD FILE 06_prod_1ns/prod_06.dcd AT STEP 3178000
LDB: ============= START OF LOAD BALANCING ============== 835.704
LDB: ============== END OF LOAD BALANCING =============== 835.704
Info: useSync: 0 useProxySync: 0
LDB: =============== DONE WITH MIGRATION ================ 835.704
LDB: ============= START OF LOAD BALANCING ============== 835.801
LDB: TIME 835.802 LOAD: AVG 0.0274067 MAX 0.0466878  PROXIES: TOTAL 120 MAXPE 17 MAXPATCH 5 None MEM: 0 MB
LDB: TIME 835.802 LOAD: AVG 0.0274067 MAX 0.0466878  PROXIES: TOTAL 120 MAXPE 17 MAXPATCH 5 RefineTorusLB MEM: 0 MB
LDB: TIME 835.802 LOAD: AVG 0.0274067 MAX 0.0466878  PROXIES: TOTAL 120 MAXPE 17 MAXPATCH 5 RefineTorusLB MEM: 0 MB
LDB: Reverting to original mapping
LDB: ============== END OF LOAD BALANCING =============== 835.803
Info: useSync: 0 useProxySync: 0
LDB: =============== DONE WITH MIGRATION ================ 835.803
ENERGY: 3178500        69.5978       223.8902       151.7596         0.0000         -60227.4991      7258.5516         0.0000         0.0000      9880.4995         -42643.2004       309.7492    -52523.6999    -42621.0018       311.0525           -148.9652       -53.8829    162165.4702         3.1011         5.0427

ENERGY: 3179000        84.4729       183.1646       148.4735         0.0000         -60300.9115      7407.7177         0.0000         0.0000      9865.0403         -42612.0425       309.2645    -52477.0828    -42592.8653       310.6170            246.7413       308.8009    162281.9502         3.3935         2.6100

WRITING COORDINATES TO DCD FILE 06_prod_1ns/prod_06.dcd AT STEP 3179000
ENERGY: 3179500        74.5329       188.2030       156.9890         0.0000         -60598.2058      7474.0541         0.0000         0.0000      9888.0267         -42816.4000       309.9851    -52704.4267    -42793.2737       310.4395             22.3747       105.9760    162423.4662        -1.2226        -1.5738

TIMING: 3180000  CPU: 845.757, 0.00196848/step  Wall: 838.885, 0.00195131/step, 0.0379422 hours remaining, 0.000000 MB of memory in use.
PERFORMANCE: 3180000  averaging 88.5789 ns/day, 0.0019508 sec/step with standard deviation 3.15669e-05
ETITLE:      TS           BOND          ANGLE          DIHED          IMPRP               ELECT            VDW       BOUNDARY           MISC        KINETIC               TOTAL           TEMP      POTENTIAL         TOTAL3        TEMPAVG            PRESSURE      GPRESSURE         VOLUME       PRESSAVG      GPRESSAVG

ENERGY: 3180000        81.0731       194.8034       152.3160         0.0000         -60241.8085      7220.5278         0.0000         0.0000      9838.4568         -42754.6314       308.4311    -52593.0882    -42731.7280       309.4836           -432.2811      -325.0306    163142.6069       -11.5823       -12.0232

WRITING EXTENDED SYSTEM TO RESTART FILE AT STEP 3180000
WRITING COORDINATES TO DCD FILE 06_prod_1ns/prod_06.dcd AT STEP 3180000
WRITING COORDINATES TO RESTART FILE AT STEP 3180000
FINISHED WRITING RESTART COORDINATES
WRITING VELOCITIES TO RESTART FILE AT STEP 3180000
FINISHED WRITING RESTART VELOCITIES
LDB: ============= START OF LOAD BALANCING ============== 839.66
LDB: ============== END OF LOAD BALANCING =============== 839.661
Info: useSync: 0 useProxySync: 0
LDB: =============== DONE WITH MIGRATION ================ 839.661
LDB: ============= START OF LOAD BALANCING ============== 839.756
LDB: TIME 839.757 LOAD: AVG 0.0280773 MAX 0.0459333  PROXIES: TOTAL 120 MAXPE 17 MAXPATCH 5 None MEM: 0 MB
LDB: TIME 839.757 LOAD: AVG 0.0280773 MAX 0.0459333  PROXIES: TOTAL 120 MAXPE 17 MAXPATCH 5 RefineTorusLB MEM: 0 MB
LDB: TIME 839.757 LOAD: AVG 0.0280773 MAX 0.0459333  PROXIES: TOTAL 120 MAXPE 17 MAXPATCH 5 RefineTorusLB MEM: 0 MB
LDB: ============== END OF LOAD BALANCING =============== 839.757
Info: useSync: 0 useProxySync: 0
LDB: =============== DONE WITH MIGRATION ================ 839.758
ENERGY: 3180500        70.0902       168.7457       154.1805         0.0000         -60270.6847      7266.5738         0.0000         0.0000      9865.0343         -42746.0602       309.2643    -52611.0944    -42720.4328       309.7106           -229.0829      -125.5249    162118.6066       -10.9945       -11.0293

ENERGY: 3181000        79.9748       186.8902       162.9581         0.0000         -60408.2614      7375.3339         0.0000         0.0000      9943.5588         -42659.5456       311.7260    -52603.1044    -42640.7407       309.9071            -66.3341        25.1353    162037.0704         3.7030         2.8068

WRITING COORDINATES TO DCD FILE 06_prod_1ns/prod_06.dcd AT STEP 3181000
ENERGY: 3181500        70.8867       203.3598       145.0480         0.0000         -60130.5670      7201.7590         0.0000         0.0000     10033.1143         -42476.3992       314.5336    -52509.5136    -42456.0915       311.1844           -168.1362       -41.1624    162382.6531        15.7233        16.0094

ENERGY: 3182000        77.0846       212.5807       152.4427         0.0000         -60247.5445      7298.1792         0.0000         0.0000      9876.7742         -42630.4831       309.6324    -52507.2573    -42609.3253       310.5116              4.8390        57.3702    161909.8022        -6.1376        -6.4421

WRITING COORDINATES TO DCD FILE 06_prod_1ns/prod_06.dcd AT STEP 3182000
LDB: ============= START OF LOAD BALANCING ============== 843.524
LDB: ============== END OF LOAD BALANCING =============== 843.524
Info: useSync: 0 useProxySync: 0
LDB: =============== DONE WITH MIGRATION ================ 843.524
LDB: ============= START OF LOAD BALANCING ============== 843.619
LDB: TIME 843.619 LOAD: AVG 0.0283638 MAX 0.0450298  PROXIES: TOTAL 120 MAXPE 17 MAXPATCH 5 None MEM: 0 MB
LDB: TIME 843.62 LOAD: AVG 0.0283638 MAX 0.0450298  PROXIES: TOTAL 120 MAXPE 17 MAXPATCH 5 RefineTorusLB MEM: 0 MB
LDB: TIME 843.62 LOAD: AVG 0.0283638 MAX 0.0450298  PROXIES: TOTAL 120 MAXPE 17 MAXPATCH 5 RefineTorusLB MEM: 0 MB
LDB: ============== END OF LOAD BALANCING =============== 843.62
Info: useSync: 0 useProxySync: 0
LDB: =============== DONE WITH MIGRATION ================ 843.621
ENERGY: 3182500        83.3666       191.5632       148.7342         0.0000         -60291.4309      7268.5284         0.0000         0.0000     10002.6456         -42596.5929       313.5784    -52599.2385    -42577.6435       311.4816           -200.1460       -92.0588    163682.8895        -4.6295        -4.6560

ENERGY: 3183000        71.8340       190.8315       163.5478         0.0000         -60304.8668      7270.6385         0.0000         0.0000      9959.5535         -42648.4615       312.2275    -52608.0150    -42627.0967       310.9311           -115.6328        -4.1955    162115.3167        -5.9014        -6.2609

WRITING COORDINATES TO DCD FILE 06_prod_1ns/prod_06.dcd AT STEP 3183000
ENERGY: 3183500        73.4697       211.5933       145.4290         0.0000         -60287.4052      7189.9456         0.0000         0.0000      9941.4571         -42725.5105       311.6602    -52666.9676    -42705.5693       310.1070           -276.8382      -193.1138    162536.1985        14.8853        13.6568

WRITING COORDINATES TO DCD FILE 06_prod_1ns/prod_06.dcd AT STEP 3184000
ENERGY: 3184000        71.7694       200.2221       148.1271         0.0000         -60317.2459      7439.2923         0.0000         0.0000      9902.5135         -42555.3215       310.4393    -52457.8350    -42534.8284       310.3541             -5.6212        96.1821    162975.1663        10.9903        11.9201

LDB: ============= START OF LOAD BALANCING ============== 847.386
LDB: ============== END OF LOAD BALANCING =============== 847.387
Info: useSync: 0 useProxySync: 0
LDB: =============== DONE WITH MIGRATION ================ 847.387
LDB: ============= START OF LOAD BALANCING ============== 847.482
LDB: TIME 847.483 LOAD: AVG 0.0269504 MAX 0.0424974  PROXIES: TOTAL 120 MAXPE 17 MAXPATCH 5 None MEM: 0 MB
LDB: TIME 847.483 LOAD: AVG 0.0269504 MAX 0.0424974  PROXIES: TOTAL 120 MAXPE 17 MAXPATCH 5 RefineTorusLB MEM: 0 MB
LDB: TIME 847.483 LOAD: AVG 0.0269504 MAX 0.0424974  PROXIES: TOTAL 120 MAXPE 17 MAXPATCH 5 RefineTorusLB MEM: 0 MB
LDB: Reverting to original mapping
LDB: ============== END OF LOAD BALANCING =============== 847.484
Info: useSync: 0 useProxySync: 0
LDB: =============== DONE WITH MIGRATION ================ 847.484
ENERGY: 3184500        80.5274       201.2494       158.7849         0.0000         -60073.9089      7208.5373         0.0000         0.0000      9885.2889         -42539.5209       309.8993    -52424.8098    -42517.8434       310.3983           -207.9378      -131.3864    162523.6488        -2.7582        -2.5587

TIMING: 3185000  CPU: 855.563, 0.00196113/step  Wall: 848.631, 0.00194909/step, 0.0351919 hours remaining, 0.000000 MB of memory in use.
PERFORMANCE: 3185000  averaging 88.5798 ns/day, 0.00195078 sec/step with standard deviation 3.13834e-05
ETITLE:      TS           BOND          ANGLE          DIHED          IMPRP               ELECT            VDW       BOUNDARY           MISC        KINETIC               TOTAL           TEMP      POTENTIAL         TOTAL3        TEMPAVG            PRESSURE      GPRESSURE         VOLUME       PRESSAVG      GPRESSAVG

ENERGY: 3185000        79.9210       188.9541       146.9223         0.0000         -60161.8136      7233.3161         0.0000         0.0000      9915.4604         -42597.2398       310.8452    -52512.7002    -42574.8847       310.2030           -182.8659      -100.6317    162968.9307         2.8233         2.5820

WRITING EXTENDED SYSTEM TO RESTART FILE AT STEP 3185000
WRITING COORDINATES TO DCD FILE 06_prod_1ns/prod_06.dcd AT STEP 3185000
WRITING COORDINATES TO RESTART FILE AT STEP 3185000
FINISHED WRITING RESTART COORDINATES
WRITING VELOCITIES TO RESTART FILE AT STEP 3185000
FINISHED WRITING RESTART VELOCITIES
ENERGY: 3185500        72.2505       216.2507       155.0117         0.0000         -60094.1565      7200.9982         0.0000         0.0000      9907.3183         -42542.3270       310.5899    -52449.6453    -42524.3585       310.9345           -191.5509      -118.0093    162560.8388        -6.8402        -8.3008

ENERGY: 3186000        78.0637       200.7208       157.0303         0.0000         -60482.1070      7478.9795         0.0000         0.0000      9972.3980         -42594.9148       312.6301    -52567.3128    -42572.2220       310.8692            -45.7735        61.1379    162476.8073        -2.5776        -2.4753

WRITING COORDINATES TO DCD FILE 06_prod_1ns/prod_06.dcd AT STEP 3186000
LDB: ============= START OF LOAD BALANCING ============== 851.318
LDB: ============== END OF LOAD BALANCING =============== 851.318
Info: useSync: 0 useProxySync: 0
LDB: =============== DONE WITH MIGRATION ================ 851.318
LDB: ============= START OF LOAD BALANCING ============== 851.416
LDB: TIME 851.416 LOAD: AVG 0.0280902 MAX 0.0458722  PROXIES: TOTAL 120 MAXPE 17 MAXPATCH 5 None MEM: 0 MB
LDB: TIME 851.416 LOAD: AVG 0.0280902 MAX 0.0458722  PROXIES: TOTAL 120 MAXPE 17 MAXPATCH 5 RefineTorusLB MEM: 0 MB
LDB: TIME 851.417 LOAD: AVG 0.0280902 MAX 0.0458722  PROXIES: TOTAL 120 MAXPE 17 MAXPATCH 5 RefineTorusLB MEM: 0 MB
LDB: ============== END OF LOAD BALANCING =============== 851.417
Info: useSync: 0 useProxySync: 0
LDB: =============== DONE WITH MIGRATION ================ 851.417
ENERGY: 3186500        79.2478       200.2313       142.9641         0.0000         -60294.2981      7176.3225         0.0000         0.0000     10109.6113         -42585.9211       316.9317    -52695.5324    -42562.3150       310.7645           -262.9665      -174.7316    161704.1154       -12.0138       -12.1726

ENERGY: 3187000        62.5743       202.7964       153.0271         0.0000         -60097.0554      7235.5731         0.0000         0.0000      9972.3485         -42470.7358       312.6286    -52443.0843    -42451.2517       311.6051           -221.9488      -118.2379    163345.0432        -1.0018        -1.8584

WRITING COORDINATES TO DCD FILE 06_prod_1ns/prod_06.dcd AT STEP 3187000
ENERGY: 3187500        73.3022       192.2156       152.7948         0.0000         -60272.9305      7351.4040         0.0000         0.0000      9824.7961         -42678.4177       308.0029    -52503.2139    -42652.9969       310.3570             24.0773       112.5286    161646.1009        10.1569         9.9552

ENERGY: 3188000        89.3302       204.6856       143.5868         0.0000         -60179.4931      7235.8811         0.0000         0.0000      9951.7802         -42554.2292       311.9838    -52506.0095    -42530.2722       311.3453           -205.6778      -133.5148    162521.6758         8.5769         8.6218

WRITING COORDINATES TO DCD FILE 06_prod_1ns/prod_06.dcd AT STEP 3188000
LDB: ============= START OF LOAD BALANCING ============== 855.165
LDB: ============== END OF LOAD BALANCING =============== 855.165
Info: useSync: 0 useProxySync: 0
LDB: =============== DONE WITH MIGRATION ================ 855.166
LDB: ============= START OF LOAD BALANCING ============== 855.262
LDB: TIME 855.262 LOAD: AVG 0.0268638 MAX 0.0446538  PROXIES: TOTAL 120 MAXPE 17 MAXPATCH 5 None MEM: 0 MB
LDB: TIME 855.263 LOAD: AVG 0.0268638 MAX 0.0446538  PROXIES: TOTAL 120 MAXPE 17 MAXPATCH 5 RefineTorusLB MEM: 0 MB
LDB: TIME 855.263 LOAD: AVG 0.0268638 MAX 0.0446538  PROXIES: TOTAL 120 MAXPE 17 MAXPATCH 5 RefineTorusLB MEM: 0 MB
LDB: Reverting to original mapping
LDB: ============== END OF LOAD BALANCING =============== 855.263
Info: useSync: 0 useProxySync: 0
LDB: =============== DONE WITH MIGRATION ================ 855.264
ENERGY: 3188500        76.4623       191.4944       141.3642         0.0000         -60322.5594      7337.9559         0.0000         0.0000      9927.2126         -42648.0699       311.2136    -52575.2825    -42623.8010       311.9373            -94.0727        -8.5002    162977.5373         3.8071         2.8919

ENERGY: 3189000        75.9941       200.6972       147.8987         0.0000         -60405.3218      7430.9163         0.0000         0.0000      9958.1854         -42591.6301       312.1846    -52549.8155    -42564.1198       310.5412             72.0784       168.4627    162146.4917        -0.0914        -0.2416

WRITING COORDINATES TO DCD FILE 06_prod_1ns/prod_06.dcd AT STEP 3189000
ENERGY: 3189500        68.1831       200.8036       153.4039         0.0000         -60142.1646      7222.2300         0.0000         0.0000      9861.4200         -42636.1241       309.1510    -52497.5440    -42617.2664       309.9108           -216.8491      -118.7473    162168.6278        -8.7228        -9.3773

WRITING COORDINATES TO DCD FILE 06_prod_1ns/prod_06.dcd AT STEP 3190000
WRITING COORDINATES TO RESTART FILE AT STEP 3190000
FINISHED WRITING RESTART COORDINATES
WRITING VELOCITIES TO RESTART FILE AT STEP 3190000
FINISHED WRITING RESTART VELOCITIES
TIMING: 3190000  CPU: 865.33, 0.00195351/step  Wall: 858.425, 0.0019588/step, 0.0326467 hours remaining, 0.000000 MB of memory in use.
PERFORMANCE: 3190000  averaging 88.5756 ns/day, 0.00195087 sec/step with standard deviation 3.12142e-05
ETITLE:      TS           BOND          ANGLE          DIHED          IMPRP               ELECT            VDW       BOUNDARY           MISC        KINETIC               TOTAL           TEMP      POTENTIAL         TOTAL3        TEMPAVG            PRESSURE      GPRESSURE         VOLUME       PRESSAVG      GPRESSAVG

ENERGY: 3190000        71.2032       196.2732       152.0753         0.0000         -60351.0663      7455.3588         0.0000         0.0000     10015.2732         -42460.8825       313.9743    -52476.1557    -42442.2843       312.0786            239.6869       288.4178    162236.4773         4.1090         3.7638

WRITING EXTENDED SYSTEM TO RESTART FILE AT STEP 3190000
LDB: ============= START OF LOAD BALANCING ============== 859.13
LDB: ============== END OF LOAD BALANCING =============== 859.131
Info: useSync: 0 useProxySync: 0
LDB: =============== DONE WITH MIGRATION ================ 859.131
LDB: ============= START OF LOAD BALANCING ============== 859.228
LDB: TIME 859.228 LOAD: AVG 0.0273444 MAX 0.0444281  PROXIES: TOTAL 120 MAXPE 17 MAXPATCH 5 None MEM: 0 MB
LDB: TIME 859.228 LOAD: AVG 0.0273444 MAX 0.0444281  PROXIES: TOTAL 120 MAXPE 17 MAXPATCH 5 RefineTorusLB MEM: 0 MB
LDB: TIME 859.228 LOAD: AVG 0.0273444 MAX 0.0444281  PROXIES: TOTAL 120 MAXPE 17 MAXPATCH 5 RefineTorusLB MEM: 0 MB
LDB: Reverting to original mapping
LDB: ============== END OF LOAD BALANCING =============== 859.229
Info: useSync: 0 useProxySync: 0
LDB: =============== DONE WITH MIGRATION ================ 859.229
ENERGY: 3190500        74.4527       212.0776       153.8539         0.0000         -60283.1740      7282.4773         0.0000         0.0000     10005.8160         -42554.4966       313.6778    -52560.3126    -42531.1646       311.5654           -163.2776       -66.7474    162707.0226        -5.7972        -5.7929

ENERGY: 3191000        66.6143       195.5967       148.2624         0.0000         -60385.1890      7458.5483         0.0000         0.0000      9922.2491         -42593.9183       311.0580    -52516.1674    -42565.5130       310.3757            138.1173       226.3859    162112.3651         1.7735         2.3133

WRITING COORDINATES TO DCD FILE 06_prod_1ns/prod_06.dcd AT STEP 3191000
ENERGY: 3191500        75.9829       177.1335       146.0121         0.0000         -60348.7554      7386.7674         0.0000         0.0000     10087.7865         -42475.0731       316.2475    -52562.8596    -42453.6992       311.6450             80.5946       162.1972    161977.4963         8.3582         8.6315

WRITING COORDINATES TO DCD FILE 06_prod_1ns/prod_06.dcd AT STEP 3192000
ENERGY: 3192000        73.7290       174.4976       138.4303         0.0000         -60265.9540      7282.4555         0.0000         0.0000      9921.0584         -42675.7831       311.0207    -52596.8415    -42651.9923       311.0082           -227.4544      -122.2078    162696.8708         5.7772         5.2027

LDB: ============= START OF LOAD BALANCING ============== 862.981
LDB: ============== END OF LOAD BALANCING =============== 862.981
Info: useSync: 0 useProxySync: 0
LDB: =============== DONE WITH MIGRATION ================ 862.982
LDB: ============= START OF LOAD BALANCING ============== 863.079
LDB: TIME 863.079 LOAD: AVG 0.0277515 MAX 0.0468563  PROXIES: TOTAL 120 MAXPE 17 MAXPATCH 5 None MEM: 0 MB
LDB: TIME 863.08 LOAD: AVG 0.0277515 MAX 0.0468563  PROXIES: TOTAL 120 MAXPE 17 MAXPATCH 5 RefineTorusLB MEM: 0 MB
LDB: TIME 863.08 LOAD: AVG 0.0277515 MAX 0.0468563  PROXIES: TOTAL 120 MAXPE 17 MAXPATCH 5 RefineTorusLB MEM: 0 MB
LDB: Reverting to original mapping
LDB: ============== END OF LOAD BALANCING =============== 863.08
Info: useSync: 0 useProxySync: 0
LDB: =============== DONE WITH MIGRATION ================ 863.081
ENERGY: 3192500        70.9485       208.2617       148.2495         0.0000         -60122.6744      7183.4195         0.0000         0.0000      9801.1085         -42710.6869       307.2603    -52511.7954    -42688.4100       310.6902           -355.2445      -269.7148    163374.0754        -7.9869        -8.5333

ENERGY: 3193000        83.5810       195.2333       151.7784         0.0000         -60065.9356      7184.7026         0.0000         0.0000      9812.8183         -42637.8220       307.6274    -52450.6403    -42615.0544       310.1404           -280.4559      -202.4406    162864.7880        -0.9622        -1.5568

WRITING COORDINATES TO DCD FILE 06_prod_1ns/prod_06.dcd AT STEP 3193000
ENERGY: 3193500        84.5408       188.1958       154.8705         0.0000         -60374.3914      7317.5612         0.0000         0.0000      9982.0970         -42647.1261       312.9342    -52629.2231    -42626.1248       309.4890           -143.3290       -45.8723    162069.5642        -3.4881        -3.5138

ENERGY: 3194000        76.6169       200.3424       151.6887         0.0000         -60031.2420      7121.8655         0.0000         0.0000      9918.6277         -42562.1008       310.9445    -52480.7285    -42549.5422       309.0494           -397.8860      -316.5802    162553.4127         3.3208         2.7538

WRITING COORDINATES TO DCD FILE 06_prod_1ns/prod_06.dcd AT STEP 3194000
LDB: ============= START OF LOAD BALANCING ============== 866.851
LDB: ============== END OF LOAD BALANCING =============== 866.852
Info: useSync: 0 useProxySync: 0
LDB: =============== DONE WITH MIGRATION ================ 866.852
LDB: ============= START OF LOAD BALANCING ============== 866.952
LDB: TIME 866.952 LOAD: AVG 0.027198 MAX 0.046695  PROXIES: TOTAL 120 MAXPE 17 MAXPATCH 5 None MEM: 0 MB
LDB: TIME 866.952 LOAD: AVG 0.027198 MAX 0.046695  PROXIES: TOTAL 120 MAXPE 17 MAXPATCH 5 RefineTorusLB MEM: 0 MB
LDB: TIME 866.953 LOAD: AVG 0.027198 MAX 0.046695  PROXIES: TOTAL 120 MAXPE 17 MAXPATCH 5 RefineTorusLB MEM: 0 MB
LDB: Reverting to original mapping
LDB: ============== END OF LOAD BALANCING =============== 866.953
Info: useSync: 0 useProxySync: 0
LDB: =============== DONE WITH MIGRATION ================ 866.954
ENERGY: 3194500        62.8003       189.0382       141.9305         0.0000         -60401.6217      7373.5308         0.0000         0.0000      9992.6585         -42641.6634       313.2653    -52634.3219    -42620.0438       310.3750            151.4490       222.7355    161695.8684        11.5574        10.2941

TIMING: 3195000  CPU: 875.164, 0.00196668/step  Wall: 868.118, 0.00193856/step, 0.0296169 hours remaining, 0.000000 MB of memory in use.
PERFORMANCE: 3195000  averaging 88.5819 ns/day, 0.00195074 sec/step with standard deviation 3.10638e-05
ETITLE:      TS           BOND          ANGLE          DIHED          IMPRP               ELECT            VDW       BOUNDARY           MISC        KINETIC               TOTAL           TEMP      POTENTIAL         TOTAL3        TEMPAVG            PRESSURE      GPRESSURE         VOLUME       PRESSAVG      GPRESSAVG

ENERGY: 3195000        65.8045       192.6602       143.5867         0.0000         -60335.2598      7279.1255         0.0000         0.0000      9899.6482         -42754.4345       310.3495    -52654.0827    -42734.8855       310.4554           -208.1919       -80.7150    161711.2561         4.1188         3.5450

WRITING EXTENDED SYSTEM TO RESTART FILE AT STEP 3195000
WRITING COORDINATES TO DCD FILE 06_prod_1ns/prod_06.dcd AT STEP 3195000
WRITING COORDINATES TO RESTART FILE AT STEP 3195000
FINISHED WRITING RESTART COORDINATES
WRITING VELOCITIES TO RESTART FILE AT STEP 3195000
FINISHED WRITING RESTART VELOCITIES
ENERGY: 3195500        67.9553       199.0898       157.6592         0.0000         -60128.2353      7120.1841         0.0000         0.0000      9867.5324         -42715.8145       309.3426    -52583.3469    -42688.0362       309.5597           -328.0072      -242.9637    161543.0441        -7.4847        -8.3749

ENERGY: 3196000        74.4588       213.5906       141.8594         0.0000         -59958.9331      7014.6789         0.0000         0.0000      9858.6887         -42655.6567       309.0654    -52514.3454    -42632.1000       310.0174           -582.2421      -473.4085    163162.7982         1.9997         3.6548

WRITING COORDINATES TO DCD FILE 06_prod_1ns/prod_06.dcd AT STEP 3196000
LDB: ============= START OF LOAD BALANCING ============== 870.811
LDB: ============== END OF LOAD BALANCING =============== 870.812
Info: useSync: 0 useProxySync: 0
LDB: =============== DONE WITH MIGRATION ================ 870.812
LDB: ============= START OF LOAD BALANCING ============== 870.909
LDB: TIME 870.909 LOAD: AVG 0.0273585 MAX 0.0458102  PROXIES: TOTAL 120 MAXPE 17 MAXPATCH 5 None MEM: 0 MB
LDB: TIME 870.909 LOAD: AVG 0.0273585 MAX 0.0458102  PROXIES: TOTAL 120 MAXPE 17 MAXPATCH 5 RefineTorusLB MEM: 0 MB
LDB: TIME 870.91 LOAD: AVG 0.0273585 MAX 0.0458102  PROXIES: TOTAL 120 MAXPE 17 MAXPATCH 5 RefineTorusLB MEM: 0 MB
LDB: ============== END OF LOAD BALANCING =============== 870.91
Info: useSync: 0 useProxySync: 0
LDB: =============== DONE WITH MIGRATION ================ 870.911
ENERGY: 3196500        75.7017       195.9339       154.3863         0.0000         -60197.2618      7288.2192         0.0000         0.0000     10003.3825         -42479.6382       313.6015    -52483.0207    -42453.3714       309.9227            -24.9952        99.2048    161970.5546         4.8796         4.5112

ENERGY: 3197000        84.4625       185.5927       146.7010         0.0000         -60022.3139      7090.6941         0.0000         0.0000      9845.1136         -42669.7499       308.6398    -52514.8636    -42645.8149       311.7072           -383.3315      -303.7768    162063.3333         5.0774         5.1321

WRITING COORDINATES TO DCD FILE 06_prod_1ns/prod_06.dcd AT STEP 3197000
ENERGY: 3197500        75.4969       199.2759       159.8879         0.0000         -60581.0995      7440.1405         0.0000         0.0000      9858.4511         -42847.8472       309.0580    -52706.2983    -42821.5370       308.5969             79.8259       146.1361    161803.6490       -10.3786       -10.6715

ENERGY: 3198000        82.0670       187.9253       140.6803         0.0000         -60418.0622      7241.7358         0.0000         0.0000      9960.6218         -42805.0319       312.2610    -52765.6538    -42776.6875       308.5382           -225.5780      -134.2563    161324.0520       -11.6267       -11.4005

WRITING COORDINATES TO DCD FILE 06_prod_1ns/prod_06.dcd AT STEP 3198000
LDB: ============= START OF LOAD BALANCING ============== 874.661
LDB: ============== END OF LOAD BALANCING =============== 874.661
Info: useSync: 0 useProxySync: 0
LDB: =============== DONE WITH MIGRATION ================ 874.661
LDB: ============= START OF LOAD BALANCING ============== 874.757
LDB: TIME 874.758 LOAD: AVG 0.0262369 MAX 0.0410797  PROXIES: TOTAL 120 MAXPE 17 MAXPATCH 5 None MEM: 0 MB
LDB: TIME 874.758 LOAD: AVG 0.0262369 MAX 0.0410797  PROXIES: TOTAL 120 MAXPE 17 MAXPATCH 5 RefineTorusLB MEM: 0 MB
LDB: TIME 874.758 LOAD: AVG 0.0262369 MAX 0.0410797  PROXIES: TOTAL 120 MAXPE 17 MAXPATCH 5 RefineTorusLB MEM: 0 MB
LDB: ============== END OF LOAD BALANCING =============== 874.758
Info: useSync: 0 useProxySync: 0
LDB: =============== DONE WITH MIGRATION ================ 874.759
ENERGY: 3198500        70.8532       185.7275       140.3218         0.0000         -60295.3751      7266.2219         0.0000         0.0000      9863.9925         -42768.2581       309.2317    -52632.2506    -42745.7696       309.4463           -160.4872       -83.9286    162167.8530         9.6025         9.8656

ENERGY: 3199000        68.7151       181.7300       145.7240         0.0000         -59989.4245      7036.3205         0.0000         0.0000     10036.0199         -42520.9150       314.6247    -52556.9349    -42496.7817       308.8157           -413.6559      -328.4985    161859.2058        -1.1040        -2.0456

WRITING COORDINATES TO DCD FILE 06_prod_1ns/prod_06.dcd AT STEP 3199000
ENERGY: 3199500        70.4926       230.4522       149.6406         0.0000         -60253.0789      7241.0506         0.0000         0.0000     10018.9903         -42542.4526       314.0908    -52561.4429    -42518.2132       312.4677           -135.1754       -61.9881    162976.5327         6.9417         7.5411

TIMING: 3200000  CPU: 884.961, 0.0019594/step  Wall: 877.857, 0.00194782/step, 0.0270531 hours remaining, 0.000000 MB of memory in use.
PERFORMANCE: 3200000  averaging 88.5834 ns/day, 0.0019507 sec/step with standard deviation 3.08903e-05
ETITLE:      TS           BOND          ANGLE          DIHED          IMPRP               ELECT            VDW       BOUNDARY           MISC        KINETIC               TOTAL           TEMP      POTENTIAL         TOTAL3        TEMPAVG            PRESSURE      GPRESSURE         VOLUME       PRESSAVG      GPRESSAVG

ENERGY: 3200000        69.7084       207.3225       146.6266         0.0000         -60076.1532      7141.7462         0.0000         0.0000      9858.2108         -42652.5388       309.0504    -52510.7496    -42629.9049       310.7297           -294.3875      -218.1449    162825.9430       -11.7311       -11.5572

WRITING EXTENDED SYSTEM TO RESTART FILE AT STEP 3200000
WRITING COORDINATES TO DCD FILE 06_prod_1ns/prod_06.dcd AT STEP 3200000
WRITING COORDINATES TO RESTART FILE AT STEP 3200000
FINISHED WRITING RESTART COORDINATES
WRITING VELOCITIES TO RESTART FILE AT STEP 3200000
FINISHED WRITING RESTART VELOCITIES
LDB: ============= START OF LOAD BALANCING ============== 878.62
LDB: ============== END OF LOAD BALANCING =============== 878.62
Info: useSync: 0 useProxySync: 0
LDB: =============== DONE WITH MIGRATION ================ 878.621
LDB: ============= START OF LOAD BALANCING ============== 878.718
LDB: TIME 878.719 LOAD: AVG 0.0281303 MAX 0.0468047  PROXIES: TOTAL 120 MAXPE 17 MAXPATCH 5 None MEM: 0 MB
LDB: TIME 878.719 LOAD: AVG 0.0281303 MAX 0.0468047  PROXIES: TOTAL 120 MAXPE 17 MAXPATCH 5 RefineTorusLB MEM: 0 MB
LDB: TIME 878.719 LOAD: AVG 0.0281303 MAX 0.0468047  PROXIES: TOTAL 120 MAXPE 17 MAXPATCH 5 RefineTorusLB MEM: 0 MB
LDB: ============== END OF LOAD BALANCING =============== 878.72
Info: useSync: 0 useProxySync: 0
LDB: =============== DONE WITH MIGRATION ================ 878.72
ENERGY: 3200500        68.6762       187.8469       136.9432         0.0000         -60375.7928      7273.1650         0.0000         0.0000      9926.4178         -42782.7437       311.1887    -52709.1615    -42762.7492       309.8498           -257.3036      -187.2561    162197.7271        -4.0796        -2.9748

ENERGY: 3201000        73.3183       188.2939       145.6121         0.0000         -60396.9488      7238.0941         0.0000         0.0000      9774.8534         -42976.7769       306.4372    -52751.6303    -42958.1550       307.7070           -325.1296      -255.5576    162018.7032         1.3224         1.3036

WRITING COORDINATES TO DCD FILE 06_prod_1ns/prod_06.dcd AT STEP 3201000
ENERGY: 3201500        67.6694       193.2742       148.8330         0.0000         -60359.8452      7306.0759         0.0000         0.0000      9871.7638         -42772.2290       309.4753    -52643.9927    -42752.4128       308.6816           -240.8101      -138.6733    163007.8448         5.7780         5.1681

ENERGY: 3202000        81.5497       203.3866       149.3205         0.0000         -60415.8242      7216.1852         0.0000         0.0000      9940.3395         -42825.0428       311.6251    -52765.3823    -42802.2884       308.9480           -173.6099       -96.0276    160963.3200        12.3881        11.9463

WRITING COORDINATES TO DCD FILE 06_prod_1ns/prod_06.dcd AT STEP 3202000
LDB: ============= START OF LOAD BALANCING ============== 882.472
LDB: ============== END OF LOAD BALANCING =============== 882.472
Info: useSync: 0 useProxySync: 0
LDB: =============== DONE WITH MIGRATION ================ 882.472
LDB: ============= START OF LOAD BALANCING ============== 882.572
LDB: TIME 882.572 LOAD: AVG 0.0303047 MAX 0.0507264  PROXIES: TOTAL 120 MAXPE 17 MAXPATCH 5 None MEM: 0 MB
LDB: TIME 882.572 LOAD: AVG 0.0303047 MAX 0.0507264  PROXIES: TOTAL 120 MAXPE 17 MAXPATCH 5 RefineTorusLB MEM: 0 MB
LDB: TIME 882.573 LOAD: AVG 0.0303047 MAX 0.0507264  PROXIES: TOTAL 120 MAXPE 17 MAXPATCH 5 RefineTorusLB MEM: 0 MB
LDB: ============== END OF LOAD BALANCING =============== 882.573
Info: useSync: 0 useProxySync: 0
LDB: =============== DONE WITH MIGRATION ================ 882.574
ENERGY: 3202500        73.7356       203.2343       146.6307         0.0000         -60342.5664      7291.7555         0.0000         0.0000     10044.8117         -42582.3987       314.9003    -52627.2103    -42560.5582       310.5051            -56.4485        25.6131    162520.1232        -7.1150        -7.0339

ENERGY: 3203000        71.3251       194.5140       153.3237         0.0000         -60251.5412      7258.2970         0.0000         0.0000      9976.1054         -42597.9760       312.7464    -52574.0814    -42578.3123       311.3196            -70.1662        31.5135    161775.6659        -1.7929        -1.6394

WRITING COORDINATES TO DCD FILE 06_prod_1ns/prod_06.dcd AT STEP 3203000
ENERGY: 3203500        76.8053       202.7160       152.6980         0.0000         -60282.3646      7358.1395         0.0000         0.0000      9932.2293         -42559.7766       311.3709    -52492.0058    -42536.2578       309.8177            124.9548       218.2340    161637.5771         9.9085         8.3391

ENERGY: 3204000        72.7674       196.3829       146.8755         0.0000         -60448.6661      7442.9607         0.0000         0.0000      9932.1369         -42657.5428       311.3680    -52589.6796    -42641.6409       311.6847            131.8427       198.8906    162126.7477         3.5365         3.2355

WRITING COORDINATES TO DCD FILE 06_prod_1ns/prod_06.dcd AT STEP 3204000
LDB: ============= START OF LOAD BALANCING ============== 886.339
LDB: ============== END OF LOAD BALANCING =============== 886.339
Info: useSync: 0 useProxySync: 0
LDB: =============== DONE WITH MIGRATION ================ 886.34
LDB: ============= START OF LOAD BALANCING ============== 886.434
LDB: TIME 886.435 LOAD: AVG 0.0264569 MAX 0.0413775  PROXIES: TOTAL 120 MAXPE 17 MAXPATCH 5 None MEM: 0 MB
LDB: TIME 886.435 LOAD: AVG 0.0264569 MAX 0.0413775  PROXIES: TOTAL 120 MAXPE 17 MAXPATCH 5 RefineTorusLB MEM: 0 MB
LDB: TIME 886.435 LOAD: AVG 0.0264569 MAX 0.0413775  PROXIES: TOTAL 120 MAXPE 17 MAXPATCH 5 RefineTorusLB MEM: 0 MB
LDB: Reverting to original mapping
LDB: ============== END OF LOAD BALANCING =============== 886.435
Info: useSync: 0 useProxySync: 0
LDB: =============== DONE WITH MIGRATION ================ 886.436
ENERGY: 3204500        78.2431       196.2481       144.5386         0.0000         -60028.0707      7230.4132         0.0000         0.0000      9862.0095         -42516.6182       309.1695    -52378.6277    -42494.6566       310.7592           -215.7504      -141.9542    162731.4319        -6.1327        -6.5490

TIMING: 3205000  CPU: 894.764, 0.00196078/step  Wall: 887.593, 0.00194734/step, 0.0243418 hours remaining, 0.000000 MB of memory in use.
PERFORMANCE: 3205000  averaging 88.5851 ns/day, 0.00195067 sec/step with standard deviation 3.07202e-05
ETITLE:      TS           BOND          ANGLE          DIHED          IMPRP               ELECT            VDW       BOUNDARY           MISC        KINETIC               TOTAL           TEMP      POTENTIAL         TOTAL3        TEMPAVG            PRESSURE      GPRESSURE         VOLUME       PRESSAVG      GPRESSAVG

ENERGY: 3205000        68.8253       191.9130       156.3257         0.0000         -60390.4368      7354.1425         0.0000         0.0000     10040.0099         -42579.2205       314.7497    -52619.2304    -42555.4911       311.3651             -3.8023       115.8633    161958.1328         0.2214        -1.5418

WRITING EXTENDED SYSTEM TO RESTART FILE AT STEP 3205000
WRITING COORDINATES TO DCD FILE 06_prod_1ns/prod_06.dcd AT STEP 3205000
WRITING COORDINATES TO RESTART FILE AT STEP 3205000
FINISHED WRITING RESTART COORDINATES
WRITING VELOCITIES TO RESTART FILE AT STEP 3205000
FINISHED WRITING RESTART VELOCITIES
ENERGY: 3205500        67.4440       200.6730       148.6470         0.0000         -60227.2798      7309.0142         0.0000         0.0000      9853.1733         -42648.3282       308.8925    -52501.5015    -42624.3493       310.8513              0.6811        86.4054    162611.6377        -4.6753        -3.9535

ENERGY: 3206000        72.1365       207.4980       149.0509         0.0000         -60123.4564      7231.7450         0.0000         0.0000      9979.0910         -42483.9350       312.8400    -52463.0260    -42458.4311       310.3805           -162.1294       -43.0314    162354.9445        -5.7985        -4.9982

WRITING COORDINATES TO DCD FILE 06_prod_1ns/prod_06.dcd AT STEP 3206000
LDB: ============= START OF LOAD BALANCING ============== 890.282
LDB: ============== END OF LOAD BALANCING =============== 890.283
Info: useSync: 0 useProxySync: 0
LDB: =============== DONE WITH MIGRATION ================ 890.283
LDB: ============= START OF LOAD BALANCING ============== 890.38
LDB: TIME 890.381 LOAD: AVG 0.0282909 MAX 0.0477305  PROXIES: TOTAL 120 MAXPE 17 MAXPATCH 5 None MEM: 0 MB
LDB: TIME 890.381 LOAD: AVG 0.0282909 MAX 0.0477305  PROXIES: TOTAL 120 MAXPE 17 MAXPATCH 5 RefineTorusLB MEM: 0 MB
LDB: TIME 890.381 LOAD: AVG 0.0282909 MAX 0.0477305  PROXIES: TOTAL 120 MAXPE 17 MAXPATCH 5 RefineTorusLB MEM: 0 MB
LDB: ============== END OF LOAD BALANCING =============== 890.381
Info: useSync: 0 useProxySync: 0
LDB: =============== DONE WITH MIGRATION ================ 890.382
ENERGY: 3206500        68.9639       175.4181       152.4043         0.0000         -60164.7754      7296.0813         0.0000         0.0000      9945.5894         -42526.3184       311.7897    -52471.9079    -42507.0284       311.7824           -103.3453        12.7701    163070.9709        -3.0403        -3.2269

ENERGY: 3207000        74.8332       208.2693       146.0525         0.0000         -60118.9201      7307.4476         0.0000         0.0000      9907.3205         -42474.9970       310.5900    -52382.3175    -42449.2285       310.9781             -2.5340        66.6314    162563.1551       -14.7765       -15.8382

WRITING COORDINATES TO DCD FILE 06_prod_1ns/prod_06.dcd AT STEP 3207000
ENERGY: 3207500        74.2217       194.6437       143.5433         0.0000         -60089.8748      7219.9142         0.0000         0.0000     10000.0404         -42457.5114       313.4967    -52457.5518    -42433.6581       312.2475           -119.1064       -26.4415    162157.8129        25.5244        24.5705

ENERGY: 3208000        72.0273       196.9614       142.5340         0.0000         -60282.1505      7325.1032         0.0000         0.0000      9876.6113         -42668.9133       309.6273    -52545.5246    -42656.0389       312.1454           -137.3095       -61.2878    163215.2818        -2.9563        -3.2488

WRITING COORDINATES TO DCD FILE 06_prod_1ns/prod_06.dcd AT STEP 3208000
LDB: ============= START OF LOAD BALANCING ============== 894.161
LDB: ============== END OF LOAD BALANCING =============== 894.161
Info: useSync: 0 useProxySync: 0
LDB: =============== DONE WITH MIGRATION ================ 894.162
LDB: ============= START OF LOAD BALANCING ============== 894.259
LDB: TIME 894.259 LOAD: AVG 0.0263819 MAX 0.0423011  PROXIES: TOTAL 120 MAXPE 17 MAXPATCH 5 None MEM: 0 MB
LDB: TIME 894.259 LOAD: AVG 0.0263819 MAX 0.0423011  PROXIES: TOTAL 120 MAXPE 17 MAXPATCH 5 RefineTorusLB MEM: 0 MB
LDB: TIME 894.259 LOAD: AVG 0.0263819 MAX 0.0423011  PROXIES: TOTAL 120 MAXPE 17 MAXPATCH 5 RefineTorusLB MEM: 0 MB
LDB: Reverting to original mapping
LDB: ============== END OF LOAD BALANCING =============== 894.26
Info: useSync: 0 useProxySync: 0
LDB: =============== DONE WITH MIGRATION ================ 894.261
ENERGY: 3208500        75.0890       201.7701       152.8895         0.0000         -60618.9445      7424.2219         0.0000         0.0000      9878.2502         -42886.7237       309.6786    -52764.9739    -42863.5007       309.1466            -54.5501        42.9169    161707.0922       -13.4523       -12.9676

ENERGY: 3209000        78.2145       194.4448       142.8129         0.0000         -60574.6164      7473.9543         0.0000         0.0000      9879.4621         -42805.7279       309.7166    -52685.1899    -42784.7978       309.0499            188.9468       268.4084    161727.2895         6.7945         7.3362

WRITING COORDINATES TO DCD FILE 06_prod_1ns/prod_06.dcd AT STEP 3209000
ENERGY: 3209500        71.7695       198.7149       137.4110         0.0000         -60362.8616      7401.1634         0.0000         0.0000      9801.5991         -42752.2037       307.2757    -52553.8028    -42732.2714       308.4321            117.2387       206.0292    162132.0562         1.4531         2.2873

TIMING: 3210000  CPU: 904.564, 0.00195994/step  Wall: 897.314, 0.00194416/step, 0.0216017 hours remaining, 0.000000 MB of memory in use.
PERFORMANCE: 3210000  averaging 88.5883 ns/day, 0.0019506 sec/step with standard deviation 3.05585e-05
ETITLE:      TS           BOND          ANGLE          DIHED          IMPRP               ELECT            VDW       BOUNDARY           MISC        KINETIC               TOTAL           TEMP      POTENTIAL         TOTAL3        TEMPAVG            PRESSURE      GPRESSURE         VOLUME       PRESSAVG      GPRESSAVG

ENERGY: 3210000        82.2677       197.8432       146.5561         0.0000         -60222.3018      7270.8836         0.0000         0.0000      9901.2200         -42623.5313       310.3987    -52524.7512    -42595.9173       310.1928            -53.7208        28.0153    162231.9977         3.1270         3.2546

WRITING EXTENDED SYSTEM TO RESTART FILE AT STEP 3210000
WRITING COORDINATES TO DCD FILE 06_prod_1ns/prod_06.dcd AT STEP 3210000
WRITING COORDINATES TO RESTART FILE AT STEP 3210000
FINISHED WRITING RESTART COORDINATES
WRITING VELOCITIES TO RESTART FILE AT STEP 3210000
FINISHED WRITING RESTART VELOCITIES
LDB: ============= START OF LOAD BALANCING ============== 898.075
LDB: ============== END OF LOAD BALANCING =============== 898.075
Info: useSync: 0 useProxySync: 0
LDB: =============== DONE WITH MIGRATION ================ 898.075
LDB: ============= START OF LOAD BALANCING ============== 898.171
LDB: TIME 898.172 LOAD: AVG 0.0272045 MAX 0.0463032  PROXIES: TOTAL 120 MAXPE 17 MAXPATCH 5 None MEM: 0 MB
LDB: TIME 898.172 LOAD: AVG 0.0272045 MAX 0.0463032  PROXIES: TOTAL 120 MAXPE 17 MAXPATCH 5 RefineTorusLB MEM: 0 MB
LDB: TIME 898.172 LOAD: AVG 0.0272045 MAX 0.0463032  PROXIES: TOTAL 120 MAXPE 17 MAXPATCH 5 RefineTorusLB MEM: 0 MB
LDB: ============== END OF LOAD BALANCING =============== 898.173
Info: useSync: 0 useProxySync: 0
LDB: =============== DONE WITH MIGRATION ================ 898.173
ENERGY: 3210500        72.3456       200.0841       149.0402         0.0000         -60185.9592      7328.5475         0.0000         0.0000      9893.5103         -42542.4315       310.1570    -52435.9418    -42520.6644       310.7563            -86.3403       -11.2551    162645.9700         5.9082         5.5086

ENERGY: 3211000        70.7812       187.3543       145.0094         0.0000         -60499.5195      7466.7628         0.0000         0.0000      9891.1057         -42738.5062       310.0817    -52629.6119    -42719.5597       309.2111            188.6995       268.3989    161927.0146       -12.0312       -12.1797

WRITING COORDINATES TO DCD FILE 06_prod_1ns/prod_06.dcd AT STEP 3211000
ENERGY: 3211500        82.6018       209.3974       154.2554         0.0000         -60230.4895      7360.7356         0.0000         0.0000     10033.0585         -42390.4409       314.5318    -52423.4994    -42361.8999       312.4911            -86.0334        -9.9503    162584.4210         6.7318         5.8069

WRITING COORDINATES TO DCD FILE 06_prod_1ns/prod_06.dcd AT STEP 3212000
ENERGY: 3212000        78.6487       199.4604       145.5767         0.0000         -60323.2660      7281.5478         0.0000         0.0000      9914.8760         -42703.1564       310.8268    -52618.0324    -42686.0872       310.7127            -52.3832        46.2280    161520.6987         8.3697         7.9884

LDB: ============= START OF LOAD BALANCING ============== 901.953
LDB: ============== END OF LOAD BALANCING =============== 901.954
Info: useSync: 0 useProxySync: 0
LDB: =============== DONE WITH MIGRATION ================ 901.954
LDB: ============= START OF LOAD BALANCING ============== 902.054
LDB: TIME 902.054 LOAD: AVG 0.0282623 MAX 0.0504332  PROXIES: TOTAL 120 MAXPE 17 MAXPATCH 5 None MEM: 0 MB
LDB: TIME 902.055 LOAD: AVG 0.0282623 MAX 0.0504332  PROXIES: TOTAL 120 MAXPE 17 MAXPATCH 5 RefineTorusLB MEM: 0 MB
LDB: TIME 902.055 LOAD: AVG 0.0282623 MAX 0.0504332  PROXIES: TOTAL 120 MAXPE 17 MAXPATCH 5 RefineTorusLB MEM: 0 MB
LDB: ============== END OF LOAD BALANCING =============== 902.055
Info: useSync: 0 useProxySync: 0
LDB: =============== DONE WITH MIGRATION ================ 902.056
ENERGY: 3212500        80.4364       199.6183       138.8701         0.0000         -60365.8877      7352.7932         0.0000         0.0000     10035.4855         -42558.6842       314.6079    -52594.1697    -42533.4145       309.8390            -26.9829        73.6662    161449.2410         6.6320         8.0164

ENERGY: 3213000        78.9590       218.6668       142.9626         0.0000         -60044.8359      7218.9839         0.0000         0.0000      9843.7088         -42541.5548       308.5958    -52385.2636    -42521.5294       311.3314           -126.5706       -43.7449    162458.6762        -2.5823        -3.5995

WRITING COORDINATES TO DCD FILE 06_prod_1ns/prod_06.dcd AT STEP 3213000
ENERGY: 3213500        84.0598       195.1851       140.9734         0.0000         -60167.7555      7247.2329         0.0000         0.0000      9976.6730         -42523.6311       312.7642    -52500.3041    -42496.4064       311.6572            -90.4383        -2.3347    162268.0596        -2.0469        -1.5602

ENERGY: 3214000        77.4122       198.4734       152.8866         0.0000         -60157.5945      7291.1522         0.0000         0.0000      9859.9353         -42577.7348       309.1045    -52437.6701    -42553.6408       310.3250            -73.2552         6.4399    163158.4377         7.1216         8.1565

WRITING COORDINATES TO DCD FILE 06_prod_1ns/prod_06.dcd AT STEP 3214000
LDB: ============= START OF LOAD BALANCING ============== 905.819
LDB: ============== END OF LOAD BALANCING =============== 905.819
Info: useSync: 0 useProxySync: 0
LDB: =============== DONE WITH MIGRATION ================ 905.819
LDB: ============= START OF LOAD BALANCING ============== 905.915
LDB: TIME 905.915 LOAD: AVG 0.0258092 MAX 0.0396217  PROXIES: TOTAL 120 MAXPE 17 MAXPATCH 5 None MEM: 0 MB
LDB: TIME 905.915 LOAD: AVG 0.0258092 MAX 0.0396217  PROXIES: TOTAL 120 MAXPE 17 MAXPATCH 5 RefineTorusLB MEM: 0 MB
LDB: TIME 905.916 LOAD: AVG 0.0258092 MAX 0.0396217  PROXIES: TOTAL 120 MAXPE 17 MAXPATCH 5 RefineTorusLB MEM: 0 MB
LDB: Reverting to original mapping
LDB: ============== END OF LOAD BALANCING =============== 905.916
Info: useSync: 0 useProxySync: 0
LDB: =============== DONE WITH MIGRATION ================ 905.917
ENERGY: 3214500        66.5450       208.9874       147.2615         0.0000         -60270.7716      7178.9221         0.0000         0.0000      9853.0965         -42815.9590       308.8901    -52669.0555    -42798.5499       310.8284           -334.8412      -263.1150    162418.1432         2.0355         1.9652

TIMING: 3215000  CPU: 914.414, 0.00197002/step  Wall: 907.072, 0.00195147/step, 0.0189727 hours remaining, 0.000000 MB of memory in use.
PERFORMANCE: 3215000  averaging 88.5879 ns/day, 0.00195061 sec/step with standard deviation 3.03921e-05
ETITLE:      TS           BOND          ANGLE          DIHED          IMPRP               ELECT            VDW       BOUNDARY           MISC        KINETIC               TOTAL           TEMP      POTENTIAL         TOTAL3        TEMPAVG            PRESSURE      GPRESSURE         VOLUME       PRESSAVG      GPRESSAVG

ENERGY: 3215000        71.2810       193.6468       147.1725         0.0000         -60335.3077      7357.2089         0.0000         0.0000      9852.8172         -42713.1814       308.8813    -52565.9986    -42688.3738       309.0948           -145.4830       -44.7635    163925.3612         3.7688         3.9633

WRITING EXTENDED SYSTEM TO RESTART FILE AT STEP 3215000
WRITING COORDINATES TO DCD FILE 06_prod_1ns/prod_06.dcd AT STEP 3215000
WRITING COORDINATES TO RESTART FILE AT STEP 3215000
FINISHED WRITING RESTART COORDINATES
WRITING VELOCITIES TO RESTART FILE AT STEP 3215000
FINISHED WRITING RESTART VELOCITIES
ENERGY: 3215500        76.2513       207.3508       145.2691         0.0000         -60445.1848      7366.8748         0.0000         0.0000      9914.7007         -42734.7380       310.8214    -52649.4387    -42718.9679       310.1209            -53.5251        63.9067    162793.6739         4.6184         5.8580

ENERGY: 3216000        89.3162       201.2788       133.3691         0.0000         -60230.0763      7240.4962         0.0000         0.0000      9880.2004         -42685.4155       309.7398    -52565.6159    -42657.7617       310.1226           -277.5726      -197.5172    163059.1803         9.7507         7.1319

WRITING COORDINATES TO DCD FILE 06_prod_1ns/prod_06.dcd AT STEP 3216000
LDB: ============= START OF LOAD BALANCING ============== 909.846
LDB: ============== END OF LOAD BALANCING =============== 909.846
Info: useSync: 0 useProxySync: 0
LDB: =============== DONE WITH MIGRATION ================ 909.847
LDB: ============= START OF LOAD BALANCING ============== 909.944
LDB: TIME 909.945 LOAD: AVG 0.0281999 MAX 0.049932  PROXIES: TOTAL 120 MAXPE 17 MAXPATCH 5 None MEM: 0 MB
LDB: TIME 909.945 LOAD: AVG 0.0281999 MAX 0.049932  PROXIES: TOTAL 120 MAXPE 17 MAXPATCH 5 RefineTorusLB MEM: 0 MB
LDB: TIME 909.945 LOAD: AVG 0.0281999 MAX 0.049932  PROXIES: TOTAL 120 MAXPE 17 MAXPATCH 5 RefineTorusLB MEM: 0 MB
LDB: ============== END OF LOAD BALANCING =============== 909.945
Info: useSync: 0 useProxySync: 0
LDB: =============== DONE WITH MIGRATION ================ 909.946
ENERGY: 3216500        85.3074       209.0724       153.0503         0.0000         -60339.5683      7264.4317         0.0000         0.0000      9941.8855         -42685.8210       311.6736    -52627.7065    -42667.4421       309.8516           -208.2436      -125.4479    161903.8905        -3.4080        -3.5385

ENERGY: 3217000        72.5394       198.7917       138.3820         0.0000         -60418.8918      7263.5944         0.0000         0.0000      9843.4225         -42902.1618       308.5868    -52745.5844    -42883.6057       309.9802           -237.3622      -142.5803    161585.6506        -2.9522        -1.6368

WRITING COORDINATES TO DCD FILE 06_prod_1ns/prod_06.dcd AT STEP 3217000
ENERGY: 3217500        80.1690       193.6969       146.6011         0.0000         -60231.2921      7157.2293         0.0000         0.0000      9884.5225         -42769.0734       309.8753    -52653.5958    -42746.4770       308.5635           -409.3436      -310.8725    162085.2979        17.5720        17.6760

ENERGY: 3218000        78.0065       208.5189       145.2859         0.0000         -60174.0584      7187.0851         0.0000         0.0000      9893.1132         -42662.0488       310.1446    -52555.1620    -42637.4588       311.2191           -261.5410      -148.9877    161667.2086        -0.2430        -0.3821

WRITING COORDINATES TO DCD FILE 06_prod_1ns/prod_06.dcd AT STEP 3218000
LDB: ============= START OF LOAD BALANCING ============== 913.735
LDB: ============== END OF LOAD BALANCING =============== 913.736
Info: useSync: 0 useProxySync: 0
LDB: =============== DONE WITH MIGRATION ================ 913.736
LDB: ============= START OF LOAD BALANCING ============== 913.836
LDB: TIME 913.837 LOAD: AVG 0.0278472 MAX 0.0522532  PROXIES: TOTAL 120 MAXPE 17 MAXPATCH 5 None MEM: 0 MB
LDB: TIME 913.837 LOAD: AVG 0.0278472 MAX 0.0522532  PROXIES: TOTAL 120 MAXPE 17 MAXPATCH 5 RefineTorusLB MEM: 0 MB
LDB: TIME 913.837 LOAD: AVG 0.0278472 MAX 0.0522532  PROXIES: TOTAL 120 MAXPE 17 MAXPATCH 5 RefineTorusLB MEM: 0 MB
LDB: Reverting to original mapping
LDB: ============== END OF LOAD BALANCING =============== 913.838
Info: useSync: 0 useProxySync: 0
LDB: =============== DONE WITH MIGRATION ================ 913.838
ENERGY: 3218500        89.5669       175.7344       140.3800         0.0000         -60430.1777      7429.4046         0.0000         0.0000      9965.5672         -42629.5246       312.4160    -52595.0918    -42607.1642       310.9496            -30.0992        38.6871    162915.0962         7.3370         6.7560

ENERGY: 3219000        73.6097       211.9823       141.4929         0.0000         -60425.6116      7297.4221         0.0000         0.0000      9952.2573         -42748.8473       311.9987    -52701.1046    -42726.5325       310.2894           -127.8519       -37.6311    161194.5930        -1.6274        -0.2105

WRITING COORDINATES TO DCD FILE 06_prod_1ns/prod_06.dcd AT STEP 3219000
ENERGY: 3219500        84.2126       206.5689       146.6795         0.0000         -60269.6266      7376.1153         0.0000         0.0000      9781.4523         -42674.5979       306.6441    -52456.0503    -42651.7544       309.7607           -111.8210       -14.9607    162831.2264         7.5837         8.9254

WRITING COORDINATES TO DCD FILE 06_prod_1ns/prod_06.dcd AT STEP 3220000
WRITING COORDINATES TO RESTART FILE AT STEP 3220000
FINISHED WRITING RESTART COORDINATES
WRITING VELOCITIES TO RESTART FILE AT STEP 3220000
FINISHED WRITING RESTART VELOCITIES
TIMING: 3220000  CPU: 924.302, 0.00197748/step  Wall: 917.014, 0.00198851/step, 0.0165709 hours remaining, 0.000000 MB of memory in use.
PERFORMANCE: 3220000  averaging 88.5696 ns/day, 0.00195101 sec/step with standard deviation 3.048e-05
ETITLE:      TS           BOND          ANGLE          DIHED          IMPRP               ELECT            VDW       BOUNDARY           MISC        KINETIC               TOTAL           TEMP      POTENTIAL         TOTAL3        TEMPAVG            PRESSURE      GPRESSURE         VOLUME       PRESSAVG      GPRESSAVG

ENERGY: 3220000        61.6731       207.2930       152.7067         0.0000         -60206.5720      7283.0872         0.0000         0.0000      9863.0628         -42638.7492       309.2025    -52501.8120    -42619.2859       310.7816            110.8003       185.2268    161649.4925         0.8584        -0.1800

WRITING EXTENDED SYSTEM TO RESTART FILE AT STEP 3220000
LDB: ============= START OF LOAD BALANCING ============== 917.715
LDB: ============== END OF LOAD BALANCING =============== 917.718
Info: useSync: 0 useProxySync: 0
LDB: =============== DONE WITH MIGRATION ================ 917.72
LDB: ============= START OF LOAD BALANCING ============== 917.817
LDB: TIME 917.817 LOAD: AVG 0.0293756 MAX 0.0435466  PROXIES: TOTAL 120 MAXPE 17 MAXPATCH 5 None MEM: 0 MB
LDB: TIME 917.818 LOAD: AVG 0.0293756 MAX 0.0435466  PROXIES: TOTAL 120 MAXPE 17 MAXPATCH 5 RefineTorusLB MEM: 0 MB
LDB: TIME 917.818 LOAD: AVG 0.0293756 MAX 0.0435466  PROXIES: TOTAL 120 MAXPE 17 MAXPATCH 5 RefineTorusLB MEM: 0 MB
LDB: Reverting to original mapping
LDB: ============== END OF LOAD BALANCING =============== 917.818
Info: useSync: 0 useProxySync: 0
LDB: =============== DONE WITH MIGRATION ================ 917.819
ENERGY: 3220500        71.6888       183.9234       141.0931         0.0000         -60299.3170      7401.4689         0.0000         0.0000      9845.4848         -42655.6579       308.6515    -52501.1427    -42633.5461       309.7123            250.2848       345.8152    161572.0655         3.2776         4.5550

ENERGY: 3221000        79.3755       201.9245       149.0759         0.0000         -60338.4628      7264.0968         0.0000         0.0000      9914.1261         -42729.8640       310.8033    -52643.9901    -42703.1743       310.1111           -129.7390       -30.0618    160933.2588        13.1173        11.9174

WRITING COORDINATES TO DCD FILE 06_prod_1ns/prod_06.dcd AT STEP 3221000
ENERGY: 3221500        73.5981       174.7040       142.0750         0.0000         -60143.2208      7212.9675         0.0000         0.0000      9908.2429         -42631.6333       310.6189    -52539.8762    -42616.4150       309.8460           -219.8325      -107.6926    161914.6514        -3.9406        -2.7616

ENERGY: 3222000        79.4601       189.9137       141.4430         0.0000         -60755.6495      7527.6843         0.0000         0.0000     10035.8828         -42781.2656       314.6204    -52817.1484    -42761.3803       311.1323            171.8199       267.8843    160873.9669         3.4573         4.2065

WRITING COORDINATES TO DCD FILE 06_prod_1ns/prod_06.dcd AT STEP 3222000
LDB: ============= START OF LOAD BALANCING ============== 921.6
LDB: ============== END OF LOAD BALANCING =============== 921.601
Info: useSync: 0 useProxySync: 0
LDB: =============== DONE WITH MIGRATION ================ 921.601
LDB: ============= START OF LOAD BALANCING ============== 921.699
LDB: TIME 921.699 LOAD: AVG 0.0274098 MAX 0.046114  PROXIES: TOTAL 120 MAXPE 17 MAXPATCH 5 None MEM: 0 MB
LDB: TIME 921.7 LOAD: AVG 0.0274098 MAX 0.046114  PROXIES: TOTAL 120 MAXPE 17 MAXPATCH 5 RefineTorusLB MEM: 0 MB
LDB: TIME 921.7 LOAD: AVG 0.0274098 MAX 0.046114  PROXIES: TOTAL 120 MAXPE 17 MAXPATCH 5 RefineTorusLB MEM: 0 MB
LDB: Reverting to original mapping
LDB: ============== END OF LOAD BALANCING =============== 921.7
Info: useSync: 0 useProxySync: 0
LDB: =============== DONE WITH MIGRATION ================ 921.701
ENERGY: 3222500        72.7041       196.9833       149.0646         0.0000         -60453.5369      7498.4409         0.0000         0.0000      9937.5378         -42598.8062       311.5373    -52536.3440    -42576.1397       309.3835            248.0495       332.7454    162864.9859         9.3954         9.7917

ENERGY: 3223000        77.3231       193.2914       150.2151         0.0000         -59978.6613      7161.6016         0.0000         0.0000      9843.3480         -42552.8820       308.5845    -52396.2300    -42529.8988       310.6447           -145.3496       -65.7792    162403.4814         0.9333         0.0772

WRITING COORDINATES TO DCD FILE 06_prod_1ns/prod_06.dcd AT STEP 3223000
ENERGY: 3223500        80.1926       183.8219       167.2811         0.0000         -60018.4817      7241.4698         0.0000         0.0000      9912.8749         -42432.8413       310.7641    -52345.7162    -42412.7482       312.6809           -126.0221       -32.4012    162738.4506         1.4916         1.4535

ENERGY: 3224000        68.5069       221.7306       157.1670         0.0000         -60205.4996      7242.9125         0.0000         0.0000      9980.7224         -42534.4601       312.8911    -52515.1826    -42516.2230       311.7918             -3.4262        42.4988    161207.2059        -2.0586        -2.5679

WRITING COORDINATES TO DCD FILE 06_prod_1ns/prod_06.dcd AT STEP 3224000
LDB: ============= START OF LOAD BALANCING ============== 925.481
LDB: ============== END OF LOAD BALANCING =============== 925.481
Info: useSync: 0 useProxySync: 0
LDB: =============== DONE WITH MIGRATION ================ 925.482
LDB: ============= START OF LOAD BALANCING ============== 925.579
LDB: TIME 925.58 LOAD: AVG 0.0265576 MAX 0.045763  PROXIES: TOTAL 120 MAXPE 17 MAXPATCH 5 None MEM: 0 MB
LDB: TIME 925.58 LOAD: AVG 0.0265576 MAX 0.045763  PROXIES: TOTAL 120 MAXPE 17 MAXPATCH 5 RefineTorusLB MEM: 0 MB
LDB: TIME 925.58 LOAD: AVG 0.0265576 MAX 0.045763  PROXIES: TOTAL 120 MAXPE 17 MAXPATCH 5 RefineTorusLB MEM: 0 MB
LDB: ============== END OF LOAD BALANCING =============== 925.581
Info: useSync: 0 useProxySync: 0
LDB: =============== DONE WITH MIGRATION ================ 925.581
ENERGY: 3224500        77.1874       188.5522       154.7728         0.0000         -59951.0868      7144.9658         0.0000         0.0000      9715.9506         -42669.6579       304.5906    -52385.6086    -42651.8698       311.3834           -179.0977       -89.8396    163058.4145         1.1863         0.7445

TIMING: 3225000  CPU: 934.191, 0.00197792/step  Wall: 926.758, 0.00194879/step, 0.0135332 hours remaining, 0.000000 MB of memory in use.
PERFORMANCE: 3225000  averaging 88.5706 ns/day, 0.00195099 sec/step with standard deviation 3.03183e-05
ETITLE:      TS           BOND          ANGLE          DIHED          IMPRP               ELECT            VDW       BOUNDARY           MISC        KINETIC               TOTAL           TEMP      POTENTIAL         TOTAL3        TEMPAVG            PRESSURE      GPRESSURE         VOLUME       PRESSAVG      GPRESSAVG

ENERGY: 3225000        70.4607       206.9019       146.2676         0.0000         -60574.5725      7454.7744         0.0000         0.0000      9822.1424         -42874.0255       307.9197    -52696.1679    -42848.9252       308.5089             61.0664       139.4728    162777.5270         2.9919         4.1110

WRITING EXTENDED SYSTEM TO RESTART FILE AT STEP 3225000
WRITING COORDINATES TO DCD FILE 06_prod_1ns/prod_06.dcd AT STEP 3225000
WRITING COORDINATES TO RESTART FILE AT STEP 3225000
FINISHED WRITING RESTART COORDINATES
WRITING VELOCITIES TO RESTART FILE AT STEP 3225000
FINISHED WRITING RESTART VELOCITIES
ENERGY: 3225500        67.8802       192.4898       146.2319         0.0000         -60325.0309      7340.4444         0.0000         0.0000      9841.1741         -42736.8105       308.5163    -52577.9846    -42717.9891       309.5961             86.0483       169.5428    162078.9931        -3.6668        -4.6417

ENERGY: 3226000        69.4965       191.1629       151.3545         0.0000         -60469.6035      7405.9593         0.0000         0.0000      9972.5344         -42679.0959       312.6344    -52651.6303    -42660.8316       309.0878            138.7905       247.0065    161937.1059         7.5921         6.8266

WRITING COORDINATES TO DCD FILE 06_prod_1ns/prod_06.dcd AT STEP 3226000
LDB: ============= START OF LOAD BALANCING ============== 929.455
LDB: ============== END OF LOAD BALANCING =============== 929.455
Info: useSync: 0 useProxySync: 0
LDB: =============== DONE WITH MIGRATION ================ 929.456
LDB: ============= START OF LOAD BALANCING ============== 929.555
LDB: TIME 929.556 LOAD: AVG 0.0277312 MAX 0.047062  PROXIES: TOTAL 120 MAXPE 17 MAXPATCH 5 None MEM: 0 MB
LDB: TIME 929.556 LOAD: AVG 0.0277312 MAX 0.047062  PROXIES: TOTAL 120 MAXPE 17 MAXPATCH 5 RefineTorusLB MEM: 0 MB
LDB: TIME 929.556 LOAD: AVG 0.0277312 MAX 0.047062  PROXIES: TOTAL 120 MAXPE 17 MAXPATCH 5 RefineTorusLB MEM: 0 MB
LDB: Reverting to original mapping
LDB: ============== END OF LOAD BALANCING =============== 929.557
Info: useSync: 0 useProxySync: 0
LDB: =============== DONE WITH MIGRATION ================ 929.557
ENERGY: 3226500        72.7515       199.2258       143.3842         0.0000         -60236.0453      7235.9237         0.0000         0.0000      9818.0780         -42766.6820       307.7923    -52584.7601    -42750.8696       309.5944           -155.6265       -67.3022    163208.6478        -1.0439        -1.9711

ENERGY: 3227000        71.6170       207.4662       157.0201         0.0000         -60434.2807      7478.5904         0.0000         0.0000      9845.6734         -42673.9135       308.6574    -52519.5870    -42650.4694       309.8649            203.1354       312.5904    161782.3472        -5.0510        -5.3083

WRITING COORDINATES TO DCD FILE 06_prod_1ns/prod_06.dcd AT STEP 3227000
ENERGY: 3227500        69.9532       198.1252       154.0798         0.0000         -60188.0905      7191.7484         0.0000         0.0000      9972.1415         -42602.0424       312.6221    -52574.1839    -42577.3466       309.9748           -131.1200       -60.7335    162297.5453        -1.3133        -1.8917

ENERGY: 3228000        71.6694       188.3354       147.3232         0.0000         -60156.2694      7256.4897         0.0000         0.0000     10007.8031         -42484.6486       313.7401    -52492.4518    -42459.2342       310.5366           -246.2381      -148.0178    163207.0466         9.9013         9.9180

WRITING COORDINATES TO DCD FILE 06_prod_1ns/prod_06.dcd AT STEP 3228000
LDB: ============= START OF LOAD BALANCING ============== 933.353
LDB: ============== END OF LOAD BALANCING =============== 933.354
Info: useSync: 0 useProxySync: 0
LDB: =============== DONE WITH MIGRATION ================ 933.354
LDB: ============= START OF LOAD BALANCING ============== 933.45
LDB: TIME 933.45 LOAD: AVG 0.0272887 MAX 0.045449  PROXIES: TOTAL 120 MAXPE 17 MAXPATCH 5 None MEM: 0 MB
LDB: TIME 933.451 LOAD: AVG 0.0272887 MAX 0.045449  PROXIES: TOTAL 120 MAXPE 17 MAXPATCH 5 RefineTorusLB MEM: 0 MB
LDB: TIME 933.451 LOAD: AVG 0.0272887 MAX 0.045449  PROXIES: TOTAL 120 MAXPE 17 MAXPATCH 5 RefineTorusLB MEM: 0 MB
LDB: Reverting to original mapping
LDB: ============== END OF LOAD BALANCING =============== 933.451
Info: useSync: 0 useProxySync: 0
LDB: =============== DONE WITH MIGRATION ================ 933.452
ENERGY: 3228500        72.1946       197.2460       147.2943         0.0000         -60503.9920      7406.7795         0.0000         0.0000      9894.3726         -42786.1051       310.1841    -52680.4776    -42770.3821       310.2605            148.4527       205.0855    160849.6292        -7.9595        -7.7845

ENERGY: 3229000        79.1350       182.4130       144.0316         0.0000         -60118.1892      7105.1945         0.0000         0.0000      9923.9000         -42683.5151       311.1097    -52607.4151    -42664.7736       311.1659           -265.8120      -169.3332    161485.1683         9.5106         8.5991

WRITING COORDINATES TO DCD FILE 06_prod_1ns/prod_06.dcd AT STEP 3229000
ENERGY: 3229500        87.7437       198.2449       144.3871         0.0000         -60171.7431      7302.2293         0.0000         0.0000      9874.5874         -42564.5507       309.5638    -52439.1381    -42545.9334       311.6959            -71.3273       -10.2535    162523.9970        -1.7967        -1.8328

TIMING: 3230000  CPU: 944.075, 0.00197666/step  Wall: 936.563, 0.00196106/step, 0.0108948 hours remaining, 0.000000 MB of memory in use.
PERFORMANCE: 3230000  averaging 88.5659 ns/day, 0.00195109 sec/step with standard deviation 3.01758e-05
ETITLE:      TS           BOND          ANGLE          DIHED          IMPRP               ELECT            VDW       BOUNDARY           MISC        KINETIC               TOTAL           TEMP      POTENTIAL         TOTAL3        TEMPAVG            PRESSURE      GPRESSURE         VOLUME       PRESSAVG      GPRESSAVG

ENERGY: 3230000        94.3712       203.4562       153.2612         0.0000         -60671.2686      7568.3512         0.0000         0.0000      9979.8194         -42672.0094       312.8628    -52651.8288    -42643.3738       311.0713             45.8593       150.1969    163239.2181        -2.1463        -1.5760

WRITING EXTENDED SYSTEM TO RESTART FILE AT STEP 3230000
WRITING COORDINATES TO DCD FILE 06_prod_1ns/prod_06.dcd AT STEP 3230000
WRITING COORDINATES TO RESTART FILE AT STEP 3230000
FINISHED WRITING RESTART COORDINATES
WRITING VELOCITIES TO RESTART FILE AT STEP 3230000
FINISHED WRITING RESTART VELOCITIES
LDB: ============= START OF LOAD BALANCING ============== 937.34
LDB: ============== END OF LOAD BALANCING =============== 937.34
Info: useSync: 0 useProxySync: 0
LDB: =============== DONE WITH MIGRATION ================ 937.341
LDB: ============= START OF LOAD BALANCING ============== 937.44
LDB: TIME 937.44 LOAD: AVG 0.0272345 MAX 0.0454238  PROXIES: TOTAL 120 MAXPE 17 MAXPATCH 5 None MEM: 0 MB
LDB: TIME 937.441 LOAD: AVG 0.0272345 MAX 0.0454238  PROXIES: TOTAL 120 MAXPE 17 MAXPATCH 5 RefineTorusLB MEM: 0 MB
LDB: TIME 937.441 LOAD: AVG 0.0272345 MAX 0.0454238  PROXIES: TOTAL 120 MAXPE 17 MAXPATCH 5 RefineTorusLB MEM: 0 MB
LDB: ============== END OF LOAD BALANCING =============== 937.441
Info: useSync: 0 useProxySync: 0
LDB: =============== DONE WITH MIGRATION ================ 937.441
ENERGY: 3230500        60.7821       208.6129       153.7818         0.0000         -60265.7842      7404.3663         0.0000         0.0000     10003.1913         -42435.0498       313.5955    -52438.2411    -42418.6012       311.1014             81.1830       178.5382    162196.6128        10.4956        10.5128

ENERGY: 3231000        67.2168       190.9711       159.1483         0.0000         -60236.4795      7330.9274         0.0000         0.0000      9732.4985         -42755.7175       305.1094    -52488.2160    -42734.2138       310.4904            145.2215       224.5794    162788.3170         6.4639         5.8449

WRITING COORDINATES TO DCD FILE 06_prod_1ns/prod_06.dcd AT STEP 3231000
ENERGY: 3231500        76.4172       192.4190       145.9034         0.0000         -60262.2620      7230.0276         0.0000         0.0000      9943.0040         -42674.4908       311.7086    -52617.4948    -42646.6275       309.0412           -190.7425      -118.9223    161816.3235        -4.9494        -4.8372

ENERGY: 3232000        89.0493       198.3143       150.5788         0.0000         -60109.8292      7229.2845         0.0000         0.0000     10013.7908         -42428.8115       313.9278    -52442.6023    -42412.5792       311.1303            -76.0834        12.9983    163110.1615         8.9267         7.6828

WRITING COORDINATES TO DCD FILE 06_prod_1ns/prod_06.dcd AT STEP 3232000
LDB: ============= START OF LOAD BALANCING ============== 941.217
LDB: ============== END OF LOAD BALANCING =============== 941.217
Info: useSync: 0 useProxySync: 0
LDB: =============== DONE WITH MIGRATION ================ 941.218
LDB: ============= START OF LOAD BALANCING ============== 941.314
LDB: TIME 941.315 LOAD: AVG 0.0279496 MAX 0.0465059  PROXIES: TOTAL 120 MAXPE 17 MAXPATCH 5 None MEM: 0 MB
LDB: TIME 941.315 LOAD: AVG 0.0279496 MAX 0.0465059  PROXIES: TOTAL 120 MAXPE 17 MAXPATCH 5 RefineTorusLB MEM: 0 MB
LDB: TIME 941.315 LOAD: AVG 0.0279496 MAX 0.0465059  PROXIES: TOTAL 120 MAXPE 17 MAXPATCH 5 RefineTorusLB MEM: 0 MB
LDB: Reverting to original mapping
LDB: ============== END OF LOAD BALANCING =============== 941.316
Info: useSync: 0 useProxySync: 0
LDB: =============== DONE WITH MIGRATION ================ 941.317
ENERGY: 3232500        79.8133       206.4738       148.6862         0.0000         -60335.7940      7292.3514         0.0000         0.0000      9961.2976         -42647.1717       312.2821    -52608.4693    -42619.7252       312.8799           -191.7841       -92.5916    162476.4728         1.5249         1.6674

WRITING COORDINATES TO DCD FILE 06_prod_1ns/prod_06.dcd AT STEP 3233000
ENERGY: 3233000        79.7913       191.3059       155.2136         0.0000         -60255.3631      7356.0696         0.0000         0.0000      9931.8855         -42541.0972       311.3601    -52472.9827    -42520.5284       310.4141            -54.7274        32.2693    163076.2077         2.7480         3.2085

ENERGY: 3233500        76.3896       204.2967       139.8078         0.0000         -60575.3605      7429.8983         0.0000         0.0000      9843.3845         -42881.5836       308.5856    -52724.9681    -42863.7662       309.8804             -3.9816        98.6138    162039.9229         6.2233         8.1125

ENERGY: 3234000        82.7033       191.0136       152.5052         0.0000         -60258.4366      7227.2611         0.0000         0.0000      9907.2894         -42697.6639       310.5890    -52604.9533    -42677.3935       309.7260           -279.3186      -157.7956    162555.3285         6.1413         5.7654

WRITING COORDINATES TO DCD FILE 06_prod_1ns/prod_06.dcd AT STEP 3234000
LDB: ============= START OF LOAD BALANCING ============== 945.062
LDB: ============== END OF LOAD BALANCING =============== 945.063
Info: useSync: 0 useProxySync: 0
LDB: =============== DONE WITH MIGRATION ================ 945.063
LDB: ============= START OF LOAD BALANCING ============== 945.159
LDB: TIME 945.16 LOAD: AVG 0.0267745 MAX 0.0437335  PROXIES: TOTAL 120 MAXPE 17 MAXPATCH 5 None MEM: 0 MB
LDB: TIME 945.16 LOAD: AVG 0.0267745 MAX 0.0437335  PROXIES: TOTAL 120 MAXPE 17 MAXPATCH 5 RefineTorusLB MEM: 0 MB
LDB: TIME 945.16 LOAD: AVG 0.0267745 MAX 0.0437335  PROXIES: TOTAL 120 MAXPE 17 MAXPATCH 5 RefineTorusLB MEM: 0 MB
LDB: ============== END OF LOAD BALANCING =============== 945.16
Info: useSync: 0 useProxySync: 0
LDB: =============== DONE WITH MIGRATION ================ 945.161
ENERGY: 3234500        79.8857       197.3440       160.6804         0.0000         -59983.5379      7083.6111         0.0000         0.0000      9790.6563         -42671.3604       306.9326    -52462.0167    -42642.9788       309.9589           -354.0644      -272.2331    162068.6359        -5.4593        -5.0609

TIMING: 3235000  CPU: 953.933, 0.00197164/step  Wall: 946.336, 0.00195453/step, 0.00814387 hours remaining, 0.000000 MB of memory in use.
PERFORMANCE: 3235000  averaging 88.5642 ns/day, 0.00195113 sec/step with standard deviation 3.00203e-05
ETITLE:      TS           BOND          ANGLE          DIHED          IMPRP               ELECT            VDW       BOUNDARY           MISC        KINETIC               TOTAL           TEMP      POTENTIAL         TOTAL3        TEMPAVG            PRESSURE      GPRESSURE         VOLUME       PRESSAVG      GPRESSAVG

ENERGY: 3235000        75.7397       206.8933       144.2635         0.0000         -60511.9554      7426.0243         0.0000         0.0000      9910.3814         -42748.6532       310.6859    -52659.0346    -42727.1873       309.5886             57.9014       154.9746    161326.6722        -6.3027        -5.5419

WRITING EXTENDED SYSTEM TO RESTART FILE AT STEP 3235000
WRITING COORDINATES TO DCD FILE 06_prod_1ns/prod_06.dcd AT STEP 3235000
WRITING COORDINATES TO RESTART FILE AT STEP 3235000
FINISHED WRITING RESTART COORDINATES
WRITING VELOCITIES TO RESTART FILE AT STEP 3235000
FINISHED WRITING RESTART VELOCITIES
ENERGY: 3235500        64.5754       202.3230       135.8874         0.0000         -60086.0645      7179.9540         0.0000         0.0000      9810.9916         -42692.3332       307.5701    -52503.3248    -42668.5718       309.9599           -186.9542       -87.9112    162288.2968         2.9639         3.8225

ENERGY: 3236000        75.9754       182.9937       140.6099         0.0000         -60322.6904      7377.0598         0.0000         0.0000      9885.1531         -42660.8985       309.8950    -52546.0516    -42635.7497       310.2068            105.4762       138.1641    163239.5424         0.3031         0.6324

WRITING COORDINATES TO DCD FILE 06_prod_1ns/prod_06.dcd AT STEP 3236000
LDB: ============= START OF LOAD BALANCING ============== 949.064
LDB: ============== END OF LOAD BALANCING =============== 949.065
Info: useSync: 0 useProxySync: 0
LDB: =============== DONE WITH MIGRATION ================ 949.066
LDB: ============= START OF LOAD BALANCING ============== 949.163
LDB: TIME 949.163 LOAD: AVG 0.0284674 MAX 0.0477339  PROXIES: TOTAL 120 MAXPE 17 MAXPATCH 5 None MEM: 0 MB
LDB: TIME 949.164 LOAD: AVG 0.0284674 MAX 0.0477339  PROXIES: TOTAL 120 MAXPE 17 MAXPATCH 5 RefineTorusLB MEM: 0 MB
LDB: TIME 949.164 LOAD: AVG 0.0284674 MAX 0.0477339  PROXIES: TOTAL 120 MAXPE 17 MAXPATCH 5 RefineTorusLB MEM: 0 MB
LDB: Reverting to original mapping
LDB: ============== END OF LOAD BALANCING =============== 949.165
Info: useSync: 0 useProxySync: 0
LDB: =============== DONE WITH MIGRATION ================ 949.166
ENERGY: 3236500        72.6208       189.7442       141.7487         0.0000         -60586.3432      7533.5081         0.0000         0.0000      9902.6653         -42746.0560       310.4440    -52648.7214    -42723.1066       310.1280             35.0645       149.7012    161987.4123       -10.5956        -9.6126

ENERGY: 3237000        70.0134       201.4974       146.9610         0.0000         -59839.0086      7109.9838         0.0000         0.0000      9762.3564         -42548.1966       306.0454    -52310.5530    -42524.1941       309.9483           -371.4639      -278.9502    163410.9615        10.8467        11.2446

WRITING COORDINATES TO DCD FILE 06_prod_1ns/prod_06.dcd AT STEP 3237000
ENERGY: 3237500        98.1832       189.0908       149.6956         0.0000         -60434.2334      7525.4946         0.0000         0.0000     10014.0795         -42457.6897       313.9368    -52471.7692    -42440.0800       311.8090            122.4424       254.4907    162257.3199        -3.1803        -3.3999

ENERGY: 3238000        78.6001       187.9815       154.2331         0.0000         -60235.1894      7319.3719         0.0000         0.0000      9858.0135         -42636.9894       309.0442    -52495.0028    -42613.4412       310.5234            -32.5971        40.4889    162061.4891         0.4442         1.6185

WRITING COORDINATES TO DCD FILE 06_prod_1ns/prod_06.dcd AT STEP 3238000
LDB: ============= START OF LOAD BALANCING ============== 952.952
LDB: ============== END OF LOAD BALANCING =============== 952.952
Info: useSync: 0 useProxySync: 0
LDB: =============== DONE WITH MIGRATION ================ 952.953
LDB: ============= START OF LOAD BALANCING ============== 953.049
LDB: TIME 953.05 LOAD: AVG 0.0270448 MAX 0.0443131  PROXIES: TOTAL 120 MAXPE 17 MAXPATCH 5 None MEM: 0 MB
LDB: TIME 953.05 LOAD: AVG 0.0270448 MAX 0.0443131  PROXIES: TOTAL 120 MAXPE 17 MAXPATCH 5 RefineTorusLB MEM: 0 MB
LDB: TIME 953.05 LOAD: AVG 0.0270448 MAX 0.0443131  PROXIES: TOTAL 120 MAXPE 17 MAXPATCH 5 RefineTorusLB MEM: 0 MB
LDB: ============== END OF LOAD BALANCING =============== 953.051
Info: useSync: 0 useProxySync: 0
LDB: =============== DONE WITH MIGRATION ================ 953.051
ENERGY: 3238500        90.7150       206.4594       143.9624         0.0000         -60204.2523      7304.0134         0.0000         0.0000      9986.3564         -42472.7456       313.0677    -52459.1020    -42451.0498       309.8857           -176.5948      -110.9973    163078.1833         9.6798         9.2398

ENERGY: 3239000        72.5642       193.2228       152.7028         0.0000         -59912.3796      7203.9720         0.0000         0.0000      9935.8933         -42354.0245       311.4857    -52289.9178    -42328.9109       311.0551            -72.3332        17.8165    162891.3234        -7.7571        -8.1019

WRITING COORDINATES TO DCD FILE 06_prod_1ns/prod_06.dcd AT STEP 3239000
ENERGY: 3239500        72.7114       199.6046       153.7777         0.0000         -60365.7598      7308.0123         0.0000         0.0000      9946.0573         -42685.5965       311.8044    -52631.6539    -42668.0968       311.2854           -135.2191       -42.0945    162852.6692        -3.2929        -2.2508

TIMING: 3240000  CPU: 963.807, 0.00197488/step  Wall: 956.119, 0.0019566/step, 0.00543501 hours remaining, 0.000000 MB of memory in use.
PERFORMANCE: 3240000  averaging 88.5617 ns/day, 0.00195118 sec/step with standard deviation 2.98702e-05
ETITLE:      TS           BOND          ANGLE          DIHED          IMPRP               ELECT            VDW       BOUNDARY           MISC        KINETIC               TOTAL           TEMP      POTENTIAL         TOTAL3        TEMPAVG            PRESSURE      GPRESSURE         VOLUME       PRESSAVG      GPRESSAVG

ENERGY: 3240000        67.9679       192.7073       149.5780         0.0000         -60504.5628      7444.5710         0.0000         0.0000      9811.3058         -42838.4328       307.5800    -52649.7386    -42814.1296       309.1459            220.4133       276.6859    161393.5844         3.1801         4.5651

WRITING EXTENDED SYSTEM TO RESTART FILE AT STEP 3240000
WRITING COORDINATES TO DCD FILE 06_prod_1ns/prod_06.dcd AT STEP 3240000
WRITING COORDINATES TO RESTART FILE AT STEP 3240000
FINISHED WRITING RESTART COORDINATES
WRITING VELOCITIES TO RESTART FILE AT STEP 3240000
FINISHED WRITING RESTART VELOCITIES
LDB: ============= START OF LOAD BALANCING ============== 956.888
LDB: ============== END OF LOAD BALANCING =============== 956.889
Info: useSync: 0 useProxySync: 0
LDB: =============== DONE WITH MIGRATION ================ 956.889
LDB: ============= START OF LOAD BALANCING ============== 956.986
LDB: TIME 956.987 LOAD: AVG 0.0283991 MAX 0.0480289  PROXIES: TOTAL 120 MAXPE 17 MAXPATCH 5 None MEM: 0 MB
LDB: TIME 956.987 LOAD: AVG 0.0283991 MAX 0.0480289  PROXIES: TOTAL 120 MAXPE 17 MAXPATCH 5 RefineTorusLB MEM: 0 MB
LDB: TIME 956.988 LOAD: AVG 0.0283991 MAX 0.0480289  PROXIES: TOTAL 120 MAXPE 17 MAXPATCH 5 RefineTorusLB MEM: 0 MB
LDB: Reverting to original mapping
LDB: ============== END OF LOAD BALANCING =============== 956.988
Info: useSync: 0 useProxySync: 0
LDB: =============== DONE WITH MIGRATION ================ 956.992
ENERGY: 3240500        85.6765       195.0132       155.0531         0.0000         -60708.7393      7487.2235         0.0000         0.0000     10048.2002         -42737.5729       315.0065    -52785.7731    -42715.8303       308.3132             39.4828       137.8008    161607.6947        -0.7707        -1.8086

ENERGY: 3241000        79.9688       204.2380       154.4329         0.0000         -60342.9268      7339.9151         0.0000         0.0000      9892.0005         -42672.3716       310.1097    -52564.3720    -42649.6597       310.4884            -28.7286        73.9513    161861.6417         2.0822         1.3152

WRITING COORDINATES TO DCD FILE 06_prod_1ns/prod_06.dcd AT STEP 3241000
ENERGY: 3241500        65.0098       222.6468       143.9007         0.0000         -60261.5643      7294.6263         0.0000         0.0000      9847.3742         -42688.0066       308.7107    -52535.3807    -42662.1961       310.5661           -174.4744       -91.3476    162640.9397         1.3589         1.7320

ENERGY: 3242000        68.3338       216.9863       145.7395         0.0000         -60384.8563      7137.4435         0.0000         0.0000      9895.8971         -42920.4561       310.2319    -52816.3532    -42901.9165       309.2516           -523.2513      -434.5894    162288.2336        -4.5299        -6.2001

WRITING COORDINATES TO DCD FILE 06_prod_1ns/prod_06.dcd AT STEP 3242000
LDB: ============= START OF LOAD BALANCING ============== 960.754
LDB: ============== END OF LOAD BALANCING =============== 960.755
Info: useSync: 0 useProxySync: 0
LDB: =============== DONE WITH MIGRATION ================ 960.755
LDB: ============= START OF LOAD BALANCING ============== 960.853
LDB: TIME 960.854 LOAD: AVG 0.0281402 MAX 0.0490653  PROXIES: TOTAL 120 MAXPE 17 MAXPATCH 5 None MEM: 0 MB
LDB: TIME 960.854 LOAD: AVG 0.0281402 MAX 0.0490653  PROXIES: TOTAL 120 MAXPE 17 MAXPATCH 5 RefineTorusLB MEM: 0 MB
LDB: TIME 960.854 LOAD: AVG 0.0281402 MAX 0.0490653  PROXIES: TOTAL 120 MAXPE 17 MAXPATCH 5 RefineTorusLB MEM: 0 MB
LDB: Reverting to original mapping
LDB: ============== END OF LOAD BALANCING =============== 960.855
Info: useSync: 0 useProxySync: 0
LDB: =============== DONE WITH MIGRATION ================ 960.855
ENERGY: 3242500        73.8509       193.8219       148.6969         0.0000         -60539.1109      7465.3223         0.0000         0.0000      9868.3694         -42789.0495       309.3689    -52657.4188    -42759.9626       309.2792            231.2515       316.1938    162107.8394         1.2299         1.0423

ENERGY: 3243000        73.9348       193.6408       146.6097         0.0000         -60008.9051      7230.5495         0.0000         0.0000      9804.6021         -42559.5682       307.3698    -52364.1703    -42538.0475       308.7440           -133.4167       -10.6357    162554.6704        -5.2798        -5.0130

WRITING COORDINATES TO DCD FILE 06_prod_1ns/prod_06.dcd AT STEP 3243000
ENERGY: 3243500        64.7887       188.4162       146.6262         0.0000         -59935.6620      7182.8619         0.0000         0.0000      9879.6065         -42473.3625       309.7212    -52352.9689    -42451.4599       311.8043           -143.5405       -24.7465    163051.4411        -2.3599        -2.2250

ENERGY: 3244000        72.0272       190.5252       147.1874         0.0000         -60502.5563      7468.3576         0.0000         0.0000      9840.9635         -42783.4954       308.5097    -52624.4588    -42761.8324       310.3989            154.4082       231.8750    162080.4394         6.4683         7.3370

WRITING COORDINATES TO DCD FILE 06_prod_1ns/prod_06.dcd AT STEP 3244000
LDB: ============= START OF LOAD BALANCING ============== 964.595
LDB: ============== END OF LOAD BALANCING =============== 964.595
Info: useSync: 0 useProxySync: 0
LDB: =============== DONE WITH MIGRATION ================ 964.596
LDB: ============= START OF LOAD BALANCING ============== 964.692
LDB: TIME 964.692 LOAD: AVG 0.0270966 MAX 0.0406508  PROXIES: TOTAL 120 MAXPE 17 MAXPATCH 5 None MEM: 0 MB
LDB: TIME 964.692 LOAD: AVG 0.0270966 MAX 0.0406508  PROXIES: TOTAL 120 MAXPE 17 MAXPATCH 5 RefineTorusLB MEM: 0 MB
LDB: TIME 964.692 LOAD: AVG 0.0270966 MAX 0.0406508  PROXIES: TOTAL 120 MAXPE 17 MAXPATCH 5 RefineTorusLB MEM: 0 MB
LDB: Reverting to original mapping
LDB: ============== END OF LOAD BALANCING =============== 964.693
Info: useSync: 0 useProxySync: 0
LDB: =============== DONE WITH MIGRATION ================ 964.693
ENERGY: 3244500        61.9510       198.8206       145.7688         0.0000         -60537.8799      7464.8936         0.0000         0.0000      9988.8339         -42677.6119       313.1454    -52666.4458    -42661.1432       310.4995            133.3357       245.6844    162232.8027         1.4687         0.8315

TIMING: 3245000  CPU: 973.594, 0.00195736/step  Wall: 965.844, 0.00194494/step, 0.00270131 hours remaining, 0.000000 MB of memory in use.
PERFORMANCE: 3245000  averaging 88.5646 ns/day, 0.00195112 sec/step with standard deviation 2.97241e-05
ETITLE:      TS           BOND          ANGLE          DIHED          IMPRP               ELECT            VDW       BOUNDARY           MISC        KINETIC               TOTAL           TEMP      POTENTIAL         TOTAL3        TEMPAVG            PRESSURE      GPRESSURE         VOLUME       PRESSAVG      GPRESSAVG

ENERGY: 3245000        74.6358       208.3516       143.1637         0.0000         -60503.8880      7402.3782         0.0000         0.0000      9954.8449         -42720.5138       312.0799    -52675.3588    -42698.4315       310.3909            -60.6050        13.0698    162736.4268        -1.6116        -1.9744

WRITING EXTENDED SYSTEM TO RESTART FILE AT STEP 3245000
WRITING COORDINATES TO DCD FILE 06_prod_1ns/prod_06.dcd AT STEP 3245000
WRITING COORDINATES TO RESTART FILE AT STEP 3245000
FINISHED WRITING RESTART COORDINATES
WRITING VELOCITIES TO RESTART FILE AT STEP 3245000
FINISHED WRITING RESTART VELOCITIES
ENERGY: 3245500        74.0944       198.9028       136.1653         0.0000         -60404.3270      7307.3443         0.0000         0.0000      9846.8572         -42840.9629       308.6945    -52687.8201    -42815.8160       309.0557           -174.2545       -80.5755    161910.4859        -5.0667        -4.5405

ENERGY: 3246000        63.2402       183.9885       139.3369         0.0000         -60460.3636      7386.5023         0.0000         0.0000      9903.8670         -42783.4287       310.4817    -52687.2957    -42758.6964       309.4870             42.0693       134.0217    161649.2372        -3.6053        -1.4503

WRITING COORDINATES TO DCD FILE 06_prod_1ns/prod_06.dcd AT STEP 3246000
LDB: ============= START OF LOAD BALANCING ============== 968.53
LDB: ============== END OF LOAD BALANCING =============== 968.531
Info: useSync: 0 useProxySync: 0
LDB: =============== DONE WITH MIGRATION ================ 968.531
LDB: ============= START OF LOAD BALANCING ============== 968.629
LDB: TIME 968.63 LOAD: AVG 0.0278712 MAX 0.047504  PROXIES: TOTAL 120 MAXPE 17 MAXPATCH 5 None MEM: 0 MB
LDB: TIME 968.63 LOAD: AVG 0.0278712 MAX 0.047504  PROXIES: TOTAL 120 MAXPE 17 MAXPATCH 5 RefineTorusLB MEM: 0 MB
LDB: TIME 968.63 LOAD: AVG 0.0278712 MAX 0.047504  PROXIES: TOTAL 120 MAXPE 17 MAXPATCH 5 RefineTorusLB MEM: 0 MB
LDB: ============== END OF LOAD BALANCING =============== 968.63
Info: useSync: 0 useProxySync: 0
LDB: =============== DONE WITH MIGRATION ================ 968.631
ENERGY: 3246500        70.6736       190.6070       143.6965         0.0000         -60563.8962      7342.3926         0.0000         0.0000     10057.5842         -42758.9423       315.3007    -52816.5265    -42731.1434       309.4123           -196.0026      -106.2138    162724.6043        -1.5058        -2.3243

ENERGY: 3247000        81.4997       180.9673       143.7042         0.0000         -59979.4442      7085.6818         0.0000         0.0000      9981.6282         -42505.9629       312.9195    -52487.5912    -42480.6166       310.4702           -399.5871      -329.7812    162966.9881        -2.0519        -1.8927

WRITING COORDINATES TO DCD FILE 06_prod_1ns/prod_06.dcd AT STEP 3247000
ENERGY: 3247500        85.3980       188.5065       147.9901         0.0000         -60361.5032      7387.1410         0.0000         0.0000      9868.0060         -42684.4616       309.3575    -52552.4676    -42667.6733       309.4797            -68.2500        31.4503    162796.6301         1.5765         1.7521

ENERGY: 3248000        65.7867       200.2824       144.7544         0.0000         -60074.1700      7200.5995         0.0000         0.0000      9861.6672         -42601.0798       309.1588    -52462.7470    -42576.9004       309.4417           -232.3886      -149.4518    162927.3383        -0.8927        -1.3395

WRITING COORDINATES TO DCD FILE 06_prod_1ns/prod_06.dcd AT STEP 3248000
LDB: ============= START OF LOAD BALANCING ============== 972.392
LDB: ============== END OF LOAD BALANCING =============== 972.392
Info: useSync: 0 useProxySync: 0
LDB: =============== DONE WITH MIGRATION ================ 972.393
LDB: ============= START OF LOAD BALANCING ============== 972.492
LDB: TIME 972.492 LOAD: AVG 0.0270973 MAX 0.047117  PROXIES: TOTAL 120 MAXPE 17 MAXPATCH 5 None MEM: 0 MB
LDB: TIME 972.493 LOAD: AVG 0.0270973 MAX 0.047117  PROXIES: TOTAL 120 MAXPE 17 MAXPATCH 5 RefineTorusLB MEM: 0 MB
LDB: TIME 972.493 LOAD: AVG 0.0270973 MAX 0.047117  PROXIES: TOTAL 120 MAXPE 17 MAXPATCH 5 RefineTorusLB MEM: 0 MB
LDB: ============== END OF LOAD BALANCING =============== 972.493
Info: useSync: 0 useProxySync: 0
LDB: =============== DONE WITH MIGRATION ================ 972.494
ENERGY: 3248500        74.8776       176.1494       141.9609         0.0000         -60413.0002      7382.7922         0.0000         0.0000     10032.4173         -42604.8028       314.5117    -52637.2201    -42580.9469       311.4457             62.9028       180.5080    161932.2628         0.8330         1.2255

ENERGY: 3249000        71.5157       194.6477       142.9428         0.0000         -60212.9469      7372.1347         0.0000         0.0000      9831.4550         -42600.2511       308.2116    -52431.7061    -42577.2401       311.0131             68.6720       163.0881    161816.0592         9.5070         9.1022

WRITING COORDINATES TO DCD FILE 06_prod_1ns/prod_06.dcd AT STEP 3249000
ENERGY: 3249500        81.0662       188.5661       151.8039         0.0000         -60384.6788      7405.5980         0.0000         0.0000      9846.1609         -42711.4837       308.6727    -52557.6446    -42692.2623       308.6705             -6.3193        90.8335    162616.4881        -1.9031        -1.5211

TIMING: 3250000  CPU: 983.407, 0.0019626/step  Wall: 975.587, 0.00194868/step, 0 hours remaining, 0.000000 MB of memory in use.
PERFORMANCE: 3250000  averaging 88.5657 ns/day, 0.00195109 sec/step with standard deviation 2.95746e-05
ETITLE:      TS           BOND          ANGLE          DIHED          IMPRP               ELECT            VDW       BOUNDARY           MISC        KINETIC               TOTAL           TEMP      POTENTIAL         TOTAL3        TEMPAVG            PRESSURE      GPRESSURE         VOLUME       PRESSAVG      GPRESSAVG

ENERGY: 3250000        70.2111       197.5174       148.7471         0.0000         -60434.8677      7349.0961         0.0000         0.0000      9900.8135         -42768.4825       310.3860    -52669.2960    -42746.7605       308.4462           -127.2906       -41.8102    162965.8785         9.9024         9.9834

WRITING EXTENDED SYSTEM TO RESTART FILE AT STEP 3250000
WRITING COORDINATES TO DCD FILE 06_prod_1ns/prod_06.dcd AT STEP 3250000
WRITING COORDINATES TO RESTART FILE AT STEP 3250000
FINISHED WRITING RESTART COORDINATES
WRITING VELOCITIES TO RESTART FILE AT STEP 3250000
FINISHED WRITING RESTART VELOCITIES
WRITING EXTENDED SYSTEM TO OUTPUT FILE AT STEP 3250000
CLOSING EXTENDED SYSTEM TRAJECTORY FILE
WRITING COORDINATES TO OUTPUT FILE AT STEP 3250000
CLOSING COORDINATE DCD FILE 06_prod_1ns/prod_06.dcd
WRITING VELOCITIES TO OUTPUT FILE AT STEP 3250000
====================================================

WallClock: 976.178528  CPUTime: 983.547607  Memory: 0.000000 MB
[Partition 0][Node 0] End of program
