#Frame       EndToEnd
       1      26.7362
       2      26.4526
       3      26.8684
       4      25.7717
       5      25.9275
       6      26.4326
       7      26.2635
       8      25.5295
       9      26.2495
      10      25.6718
      11      25.7298
      12      25.8249
      13      24.8966
      14      25.6836
      15      26.5152
      16      26.4695
      17      26.5887
      18      25.8883
      19      25.7286
      20      25.8229
      21      25.3240
      22      25.6237
      23      26.2553
      24      25.7367
      25      25.9607
      26      26.3543
      27      25.9337
      28      25.5046
      29      25.7487
      30      24.1527
      31      24.5727
      32      25.3628
      33      25.4744
      34      24.5204
      35      24.2636
      36      24.8943
      37      24.5420
      38      25.2101
      39      25.5229
      40      25.1009
      41      25.7698
      42      25.5369
      43      25.9804
      44      26.7894
      45      25.9537
      46      26.3596
      47      25.7888
      48      25.4002
      49      25.6783
      50      26.4032
      51      26.1214
      52      26.8845
      53      26.7664
      54      27.1033
      55      27.1667
      56      26.6962
      57      25.3990
      58      26.5404
      59      26.4092
      60      24.2090
      61      23.9761
      62      22.9558
      63      21.7751
      64      22.9868
      65      22.3371
      66      22.0892
      67      23.5674
      68      23.4077
      69      23.9887
      70      24.3478
      71      23.2119
      72      24.3708
      73      24.3506
      74      25.6698
      75      24.5778
      76      26.2618
      77      24.5967
      78      24.2623
      79      25.0004
      80      25.4434
      81      25.1949
      82      25.0772
      83      23.9016
      84      22.7479
      85      23.2496
      86      22.1489
      87      21.9999
      88      22.2175
      89      23.2878
      90      22.5431
      91      23.4758
      92      23.1425
      93      23.2342
      94      23.2469
      95      22.8915
      96      22.9285
      97      21.9458
      98      23.5310
      99      22.4226
     100      23.3037
     101      22.6550
     102      22.3025
     103      22.0193
     104      21.7699
     105      22.4226
     106      24.1460
     107      24.3174
     108      24.2990
     109      24.5356
     110      23.8255
     111      23.2603
     112      23.4864
     113      21.5566
     114      22.2131
     115      23.1312
     116      22.8341
     117      22.7464
     118      22.9492
     119      22.8035
     120      22.7498
     121      23.6048
     122      23.7228
     123      24.6736
     124      23.9418
     125      23.5990
     126      22.8845
     127      22.5366
     128      23.0549
     129      23.3802
     130      21.7480
     131      22.2505
     132      22.8483
     133      21.8479
     134      21.5655
     135      21.4821
     136      20.4067
     137      20.4792
     138      20.4614
     139      22.1208
     140      20.3518
     141      20.5884
     142      18.7778
     143      18.8858
     144      18.9293
     145      19.6169
     146      19.0406
     147      18.8195
     148      19.3598
     149      18.0590
     150      18.5465
     151      20.2790
     152      20.5691
     153      21.1977
     154      21.8868
     155      21.1188
     156      22.0238
     157      21.8362
     158      21.4474
     159      21.6865
     160      20.6161
     161      20.2190
     162      20.8406
     163      19.9284
     164      21.5945
     165      20.4818
     166      19.7858
     167      20.3293
     168      20.9702
     169      22.0214
     170      22.2374
     171      23.0047
     172      22.4439
     173      21.9943
     174      21.9355
     175      22.0303
     176      22.4990
     177      22.4787
     178      21.8670
     179      23.0438
     180      24.6565
     181      23.5067
     182      23.4359
     183      23.4030
     184      24.0360
     185      24.0095
     186      24.2582
     187      23.4066
     188      23.4349
     189      22.4082
     190      22.8538
     191      23.6210
     192      23.6152
     193      23.6851
     194      23.9219
     195      23.4794
     196      23.8841
     197      24.4152
     198      25.3718
     199      25.4119
     200      26.0990
     201      26.7485
     202      25.7607
     203      26.4038
     204      26.0607
     205      25.4946
     206      25.3947
     207      25.9055
     208      24.9311
     209      24.4112
     210      24.6891
     211      24.7533
     212      25.3284
     213      25.8128
     214      25.0658
     215      25.4238
     216      24.2030
     217      24.9219
     218      24.2802
     219      23.1587
     220      24.2928
     221      24.7597
     222      25.2607
     223      26.3469
     224      25.2102
     225      26.1515
     226      26.3887
     227      26.1341
     228      25.7814
     229      25.3431
     230      24.9165
     231      25.9414
     232      26.4426
     233      27.3724
     234      27.1777
     235      26.5428
     236      25.7731
     237      25.6218
     238      26.4618
     239      25.8606
     240      26.5730
     241      27.3012
     242      26.6059
     243      26.5604
     244      27.0376
     245      27.3431
     246      26.1868
     247      25.9129
     248      26.0506
     249      25.4091
     250      24.6077
     251      25.1873
     252      25.1930
     253      25.5571
     254      25.6571
     255      25.0394
     256      25.4731
     257      25.8126
     258      25.7459
     259      24.7229
     260      24.3780
     261      25.1129
     262      24.7371
     263      25.3092
     264      25.5878
     265      26.2612
     266      25.3555
     267      26.5820
     268      26.2429
     269      26.2529
     270      26.1736
     271      26.0318
     272      25.4934
     273      24.2894
     274      25.6965
     275      24.9864
     276      25.7709
     277      25.7366
     278      23.7248
     279      22.5901
     280      23.3325
     281      24.1147
     282      24.4954
     283      23.7576
     284      24.4581
     285      23.9920
     286      24.0227
     287      23.1421
     288      22.7423
     289      22.1884
     290      22.8536
     291      22.4223
     292      23.7273
     293      23.5486
     294      23.3466
     295      24.5040
     296      24.2197
     297      24.3369
     298      25.1081
     299      24.9588
     300      25.8530
     301      25.1113
     302      23.9604
     303      23.1168
     304      22.6022
     305      24.1903
     306      24.1532
     307      23.0395
     308      22.2358
     309      21.6474
     310      22.7099
     311      22.6436
     312      22.9918
     313      23.4281
     314      23.3103
     315      24.0784
     316      23.8609
     317      23.7337
     318      23.2360
     319      24.1626
     320      24.5086
     321      23.7829
     322      23.5563
     323      22.8950
     324      23.4625
     325      23.0309
     326      23.2457
     327      23.3256
     328      23.1207
     329      21.3822
     330      21.0402
     331      19.9521
     332      19.5489
     333      19.8067
     334      19.7124
     335      20.4579
     336      19.8513
     337      19.8845
     338      19.0982
     339      19.8182
     340      19.7171
     341      19.8433
     342      18.6907
     343      17.9674
     344      17.3269
     345      17.7600
     346      18.8758
     347      18.0757
     348      18.8426
     349      19.2819
     350      19.0206
     351      19.4970
     352      19.5005
     353      19.0757
     354      19.5404
     355      20.0348
     356      20.9058
     357      20.5179
     358      20.2267
     359      18.4651
     360      19.5477
     361      19.8701
     362      20.0601
     363      21.1937
     364      20.2981
     365      20.2123
     366      21.0269
     367      21.2357
     368      21.7030
     369      20.8922
     370      20.5924
     371      19.6829
     372      19.7328
     373      19.4060
     374      20.4271
     375      20.3532
     376      19.2799
     377      20.9573
     378      20.6243
     379      20.5552
     380      21.2186
     381      20.9881
     382      21.8319
     383      21.0579
     384      21.9309
     385      20.9022
     386      21.3632
     387      22.3821
     388      22.5596
     389      22.9773
     390      23.4322
     391      22.7014
     392      23.5021
     393      22.1127
     394      22.6191
     395      22.9398
     396      23.2020
     397      22.6691
     398      22.6717
     399      22.1720
     400      21.5070
     401      21.7213
     402      22.0360
     403      22.6703
     404      22.6528
     405      21.5213
     406      21.8440
     407      22.6085
     408      23.5904
     409      25.1214
     410      25.0853
     411      24.3780
     412      24.3081
     413      24.2291
     414      23.5490
     415      23.8934
     416      24.2688
     417      24.4090
     418      24.4192
     419      24.4720
     420      24.8145
     421      24.8670
     422      24.6607
     423      24.2643
     424      22.4681
     425      22.1025
     426      22.3764
     427      22.5999
     428      22.8609
     429      22.4784
     430      21.9055
     431      21.6532
     432      22.8582
     433      22.5133
     434      22.5534
     435      24.0013
     436      24.0612
     437      23.1094
     438      23.0847
     439      22.6319
     440      23.2816
     441      22.4486
     442      23.1339
     443      23.1167
     444      23.2375
     445      23.9203
     446      24.5099
     447      23.9842
     448      23.9335
     449      24.0851
     450      23.8038
     451      23.5250
     452      22.7763
     453      24.9264
     454      23.9640
     455      23.9379
     456      24.1473
     457      24.2887
     458      23.5827
     459      23.8670
     460      23.5454
     461      24.0736
     462      24.3179
     463      23.6837
     464      24.4545
     465      24.0649
     466      24.0328
     467      23.0157
     468      22.1906
     469      22.3569
     470      22.0452
     471      21.9061
     472      21.3837
     473      22.3110
     474      23.0048
     475      23.4197
     476      23.0818
     477      22.1645
     478      21.9839
     479      23.7518
     480      22.9022
     481      22.4524
     482      21.2768
     483      21.2507
     484      20.6391
     485      21.8308
     486      22.5609
     487      22.9643
     488      23.2361
     489      23.4145
     490      22.1794
     491      22.7012
     492      23.1585
     493      22.7261
     494      21.9167
     495      22.0637
     496      20.9593
     497      21.3711
     498      20.5338
     499      20.0077
     500      21.0414
     501      21.7921
     502      22.0643
     503      22.5828
     504      22.1642
     505      22.9928
     506      23.4297
     507      22.9539
     508      21.9172
     509      21.7002
     510      21.6891
     511      22.0405
     512      22.1250
     513      22.4720
     514      22.1544
     515      23.0529
     516      23.2125
     517      21.6721
     518      20.9139
     519      21.2239
     520      22.7205
     521      21.6156
     522      21.9648
     523      23.0190
     524      22.3759
     525      22.1986
     526      21.2380
     527      20.9865
     528      20.5674
     529      20.8693
     530      22.4918
     531      22.3396
     532      22.1704
     533      22.2423
     534      22.9793
     535      23.7249
     536      24.2055
     537      23.5336
     538      23.0452
     539      23.3246
     540      23.3343
     541      22.6657
     542      22.5685
     543      22.7062
     544      22.6609
     545      21.5016
     546      22.1116
     547      22.0990
     548      21.8437
     549      23.3114
     550      23.4487
     551      23.6290
     552      24.4864
     553      24.8857
     554      24.7791
     555      24.4461
     556      24.9506
     557      25.3328
     558      25.1444
     559      25.8825
     560      26.2097
     561      26.6056
     562      25.9445
     563      25.4652
     564      25.2262
     565      23.7064
     566      23.7570
     567      23.7371
     568      24.4619
     569      24.3675
     570      24.2917
     571      24.7161
     572      24.7021
     573      25.4743
     574      25.3340
     575      25.2207
     576      24.7707
     577      24.9770
     578      25.1800
     579      25.5823
     580      25.6046
     581      25.8729
     582      26.1145
     583      25.5052
     584      25.7174
     585      25.7109
     586      25.5453
     587      24.7936
     588      24.5826
     589      24.6200
     590      23.7356
     591      24.1829
     592      25.2378
     593      24.2009
     594      23.5213
     595      24.3104
     596      24.6912
     597      24.4315
     598      23.3213
     599      22.7728
     600      23.8726
     601      22.8407
     602      21.9504
     603      22.7986
     604      22.4027
     605      22.6933
     606      21.9288
     607      22.9020
     608      22.9215
     609      22.4609
     610      22.7451
     611      23.9200
     612      21.8977
     613      22.8413
     614      24.4832
     615      23.7363
     616      24.1231
     617      24.1380
     618      23.9974
     619      24.2712
     620      23.9753
     621      24.0360
     622      24.0482
     623      23.8692
     624      23.1040
     625      24.4105
     626      24.7466
     627      24.4127
     628      24.0464
     629      23.3337
     630      23.5945
     631      23.6323
     632      22.9313
     633      22.9485
     634      23.0281
     635      22.0370
     636      22.2308
     637      22.6790
     638      22.8505
     639      23.2596
     640      22.8142
     641      22.9654
     642      23.7975
     643      23.8693
     644      22.9952
     645      24.5878
     646      25.6256
     647      24.4639
     648      24.6338
     649      23.9516
     650      24.1776
     651      23.6602
     652      24.6323
     653      24.2212
     654      24.3099
     655      24.1651
     656      25.6242
     657      25.7657
     658      25.3906
     659      26.0301
     660      25.6886
     661      26.0006
     662      25.7038
     663      26.3248
     664      25.6817
     665      26.1320
     666      25.8789
     667      26.5460
     668      27.3741
     669      26.3242
     670      26.0907
     671      25.7459
     672      25.9836
     673      25.6325
     674      25.2812
     675      25.1669
     676      23.9611
     677      24.4593
     678      25.5786
     679      25.4764
     680      25.7128
     681      24.9256
     682      25.6027
     683      25.2776
     684      25.3606
     685      25.5297
     686      25.5857
     687      24.8869
     688      25.4471
     689      25.8972
     690      25.1750
     691      26.3160
     692      25.3411
     693      24.9196
     694      24.5099
     695      23.5012
     696      23.3887
     697      23.5565
     698      23.5876
     699      22.9958
     700      23.2819
     701      21.1697
     702      21.9560
     703      21.7618
     704      22.2966
     705      22.0712
     706      23.7742
     707      24.2773
     708      24.0773
     709      25.5741
     710      24.9313
     711      25.1064
     712      24.9617
     713      24.6834
     714      26.2118
     715      26.7150
     716      26.6971
     717      25.0854
     718      25.3793
     719      24.4637
     720      25.1300
     721      24.8329
     722      25.1710
     723      25.3671
     724      23.8797
     725      24.6098
     726      24.0459
     727      24.5745
     728      25.0375
     729      25.9361
     730      25.0445
     731      24.5903
     732      24.1655
     733      23.9553
     734      22.8025
     735      22.1965
     736      22.7108
     737      22.7562
     738      21.7338
     739      21.6328
     740      21.5546
     741      21.7174
     742      22.2795
     743      22.2225
     744      21.3822
     745      21.4403
     746      22.2385
     747      21.8729
     748      22.1595
     749      21.9535
     750      22.1784
     751      23.0473
     752      21.9530
     753      20.9124
     754      21.3684
     755      20.8295
     756      21.1713
     757      20.0654
     758      19.5307
     759      19.3016
     760      19.9378
     761      20.2075
     762      19.9762
     763      20.4067
     764      21.2631
     765      20.6584
     766      21.1536
     767      20.6436
     768      20.1280
     769      20.7457
     770      21.2655
     771      22.1637
     772      20.8663
     773      21.5412
     774      22.3349
     775      21.3314
     776      21.4853
     777      20.3447
     778      20.6114
     779      21.1119
     780      21.0590
     781      20.8584
     782      19.1997
     783      18.8524
     784      18.7954
     785      18.0027
     786      18.3020
     787      18.0208
     788      18.3186
     789      19.0619
     790      19.4420
     791      19.4950
     792      18.9197
     793      19.7826
     794      21.2760
     795      21.1978
     796      21.7069
     797      22.3423
     798      21.6970
     799      21.1904
     800      21.0102
     801      21.4326
     802      21.8089
     803      21.3316
     804      21.7651
     805      22.2027
     806      22.9226
     807      23.0594
     808      23.4641
     809      23.2484
     810      24.5996
     811      25.1317
     812      24.2743
     813      23.4923
     814      22.9675
     815      23.0009
     816      22.4222
     817      22.3596
     818      22.5405
     819      22.2402
     820      22.3427
     821      22.0960
     822      22.3537
     823      22.8937
     824      22.9780
     825      23.4600
     826      23.6298
     827      23.4137
     828      24.4835
     829      24.0945
     830      24.0283
     831      23.7684
     832      25.3374
     833      25.1144
     834      25.9907
     835      25.7664
     836      25.6696
     837      25.2103
     838      26.0134
     839      25.6729
     840      26.6785
     841      26.5942
     842      26.0235
     843      26.2590
     844      24.9836
     845      25.0915
     846      25.7072
     847      26.8242
     848      26.1738
     849      26.8058
     850      26.1015
     851      26.5345
     852      26.4293
     853      26.5118
     854      26.0157
     855      25.6937
     856      26.3266
     857      25.5222
     858      25.5935
     859      25.2335
     860      25.2750
     861      25.0974
     862      24.9034
     863      23.9520
     864      24.4544
     865      23.7844
     866      23.3441
     867      23.7381
     868      24.0270
     869      22.7949
     870      23.1108
     871      23.0884
     872      22.9615
     873      23.4307
     874      23.1820
     875      23.4690
     876      22.7295
     877      23.0245
     878      22.7361
     879      22.7175
     880      22.4880
     881      23.0082
     882      21.5043
     883      21.3106
     884      21.9285
     885      22.3037
     886      22.1807
     887      23.6617
     888      23.0111
     889      23.3777
     890      22.9166
     891      22.6839
     892      22.0153
     893      22.4063
     894      23.1375
     895      23.2719
     896      22.8056
     897      23.6430
     898      23.3729
     899      22.7658
     900      23.3546
     901      22.1883
     902      22.5281
     903      22.2498
     904      21.4478
     905      22.3586
     906      22.3224
     907      22.4589
     908      22.1964
     909      21.7520
     910      21.3388
     911      22.0234
     912      21.8009
     913      22.5999
     914      22.8585
     915      21.3337
     916      22.3413
     917      22.7194
     918      23.8206
     919      25.7278
     920      24.5148
     921      26.1221
     922      25.5177
     923      25.7524
     924      25.8820
     925      26.1503
     926      25.8959
     927      25.5062
     928      25.3177
     929      25.3361
     930      26.4372
     931      25.1628
     932      25.1290
     933      25.5186
     934      25.7145
     935      24.8732
     936      24.1023
     937      23.6545
     938      23.9046
     939      24.3908
     940      23.6619
     941      24.7729
     942      24.5473
     943      24.2829
     944      24.4506
     945      25.1127
     946      25.3889
     947      24.8690
     948      24.4928
     949      23.5201
     950      24.2438
     951      23.8349
     952      23.7284
     953      22.6488
     954      23.2411
     955      23.9395
     956      23.3074
     957      22.7415
     958      23.4032
     959      23.7065
     960      23.6698
     961      23.7042
     962      24.7153
     963      24.2471
     964      24.8354
     965      25.0472
     966      26.1799
     967      26.2293
     968      24.8787
     969      26.2305
     970      26.4507
     971      25.4937
     972      25.6798
     973      26.6429
     974      26.2709
     975      26.3309
     976      26.5291
     977      26.8128
     978      26.5934
     979      26.0108
     980      26.0017
     981      25.8523
     982      25.6717
     983      25.7053
     984      25.2210
     985      25.0723
     986      25.1031
     987      24.5515
     988      24.5447
     989      24.7051
     990      24.7264
     991      24.5064
     992      24.7037
     993      23.8706
     994      23.3558
     995      23.4848
     996      23.7436
     997      24.9347
     998      25.3878
     999      26.0526
    1000      24.6150
    1001      23.9613
    1002      24.3134
    1003      24.0238
    1004      25.3305
    1005      24.5620
    1006      25.4503
    1007      24.6030
    1008      25.4635
    1009      24.3524
    1010      24.2737
    1011      24.2503
    1012      24.1023
    1013      24.5439
    1014      24.4430
    1015      24.4704
    1016      24.2270
    1017      25.6655
    1018      26.4288
    1019      25.8329
    1020      25.9711
    1021      25.1067
    1022      25.0648
    1023      26.1799
    1024      26.3340
    1025      26.7237
    1026      25.0104
    1027      25.4795
    1028      24.9731
    1029      25.0391
    1030      24.6947
    1031      24.8523
    1032      25.1420
    1033      25.2435
    1034      25.9911
    1035      25.9659
    1036      24.8016
    1037      25.7659
    1038      25.3120
    1039      25.8759
    1040      26.5362
    1041      25.5662
    1042      25.4637
    1043      25.8924
    1044      26.8757
    1045      26.0025
    1046      25.6372
    1047      26.0087
    1048      25.3133
    1049      25.4537
    1050      25.9075
    1051      25.4355
    1052      25.9831
    1053      26.0045
    1054      26.4013
    1055      25.4449
    1056      26.8862
    1057      26.5335
    1058      26.9369
    1059      26.4243
    1060      26.3123
    1061      26.5838
    1062      27.0791
    1063      26.1135
    1064      25.7258
    1065      24.8257
    1066      24.6273
    1067      24.8554
    1068      25.7453
    1069      25.9681
    1070      25.6651
    1071      25.2849
    1072      26.2851
    1073      26.2397
    1074      26.3505
    1075      25.7553
    1076      25.8415
    1077      25.1838
    1078      25.4769
    1079      25.4696
    1080      25.5130
    1081      25.7872
    1082      24.7364
    1083      25.0066
    1084      24.7675
    1085      24.4194
    1086      25.5640
    1087      24.5401
    1088      24.7994
    1089      25.7278
    1090      25.4176
    1091      25.2097
    1092      24.7354
    1093      25.1411
    1094      26.1200
    1095      26.4326
    1096      26.1604
    1097      26.5711
    1098      26.6861
    1099      26.2790
    1100      26.8196
    1101      27.0480
    1102      25.9784
    1103      26.4797
    1104      25.9725
    1105      26.6396
    1106      25.1568
    1107      24.9622
    1108      24.9600
    1109      26.0252
    1110      25.5818
    1111      26.2380
    1112      25.7683
    1113      25.6552
    1114      24.5597
    1115      25.4706
    1116      25.4867
    1117      26.6765
    1118      26.7705
    1119      26.0812
    1120      26.4666
    1121      26.1287
    1122      26.3198
    1123      25.0131
    1124      25.2102
    1125      26.4761
    1126      26.0858
    1127      26.2165
    1128      25.5489
    1129      25.1862
    1130      25.0299
    1131      24.2230
    1132      25.4943
    1133      25.9055
    1134      25.2055
    1135      24.8309
    1136      24.4717
    1137      24.8200
    1138      24.6910
    1139      24.8081
    1140      25.6532
    1141      25.7079
    1142      26.3548
    1143      26.1857
    1144      25.6996
    1145      26.0849
    1146      26.1679
    1147      25.3848
    1148      24.2341
    1149      24.8113
    1150      25.6722
    1151      25.0849
    1152      25.0853
    1153      24.5159
    1154      24.3660
    1155      23.2647
    1156      23.6731
    1157      23.6399
    1158      23.3988
    1159      24.4939
    1160      24.5209
    1161      25.9745
    1162      25.3684
    1163      25.2149
    1164      24.7789
    1165      24.4400
    1166      23.8002
    1167      23.3543
    1168      23.2817
    1169      23.7140
    1170      22.7491
    1171      23.9149
    1172      24.7116
    1173      23.8971
    1174      23.9354
    1175      24.9539
    1176      24.8438
    1177      26.3062
    1178      26.8928
    1179      27.5267
    1180      27.0102
    1181      27.4908
    1182      26.7061
    1183      27.1759
    1184      26.7951
    1185      25.8941
    1186      26.3039
    1187      25.9681
    1188      26.4535
    1189      26.8540
    1190      27.4344
    1191      27.2234
    1192      27.7667
    1193      26.3340
    1194      26.0879
    1195      25.5312
    1196      25.7404
    1197      26.7512
    1198      26.3890
    1199      26.7190
    1200      26.4681
    1201      25.9708
    1202      26.2621
    1203      25.7760
    1204      26.4187
    1205      26.5385
    1206      26.1100
    1207      25.9974
    1208      26.2289
    1209      26.4023
    1210      25.8570
    1211      26.2257
    1212      25.7836
    1213      26.2771
    1214      25.5989
    1215      24.6015
    1216      25.4226
    1217      26.6010
    1218      27.3584
    1219      26.9113
    1220      26.4118
    1221      27.6531
    1222      27.5540
    1223      27.3743
    1224      28.0347
    1225      27.0959
    1226      27.0618
    1227      25.6589
    1228      25.8522
    1229      25.8591
    1230      24.8042
    1231      25.2743
    1232      25.3826
    1233      24.7976
    1234      26.2086
    1235      26.8149
    1236      26.5487
    1237      26.5578
    1238      27.0829
    1239      27.2519
    1240      26.8706
    1241      27.8896
    1242      27.5099
    1243      26.6368
    1244      26.1921
    1245      26.4282
    1246      26.1320
    1247      27.1171
    1248      25.9708
    1249      26.1135
    1250      26.0471
    1251      25.5360
    1252      25.2588
    1253      25.3963
    1254      24.8360
    1255      25.4537
    1256      26.0139
    1257      26.9126
    1258      26.7319
    1259      26.2658
    1260      26.4417
    1261      26.3064
    1262      25.8395
    1263      26.0739
    1264      26.9057
    1265      27.7665
    1266      27.2880
    1267      27.1887
    1268      27.9667
    1269      27.0862
    1270      26.2916
    1271      27.5780
    1272      27.1878
    1273      27.4991
    1274      26.2573
    1275      26.5383
    1276      25.6003
    1277      26.7651
    1278      26.5003
    1279      24.9632
    1280      25.7007
    1281      25.2582
    1282      26.7089
    1283      26.5072
    1284      26.5340
    1285      25.8741
    1286      26.2311
    1287      26.6507
    1288      26.6857
    1289      25.3882
    1290      24.6067
    1291      24.8065
    1292      24.6497
    1293      24.8048
    1294      25.1914
    1295      24.5020
    1296      24.2994
    1297      25.5660
    1298      25.3528
    1299      26.1186
    1300      26.1199
    1301      25.4694
    1302      26.0526
    1303      26.0031
    1304      25.2043
    1305      25.7610
    1306      25.5516
    1307      25.8612
    1308      26.1261
    1309      26.3674
    1310      26.6419
    1311      27.5920
    1312      25.9748
    1313      26.0501
    1314      26.4894
    1315      26.4387
    1316      26.1728
    1317      25.7175
    1318      26.1054
    1319      26.4214
    1320      27.1387
    1321      27.2292
    1322      27.1334
    1323      27.2836
    1324      27.7338
    1325      28.5896
    1326      27.8535
    1327      27.5092
    1328      27.2571
    1329      27.5696
    1330      26.7067
    1331      26.5662
    1332      27.6437
    1333      26.9844
    1334      27.7815
    1335      27.8661
    1336      27.8574
    1337      27.8050
    1338      27.5511
    1339      27.7350
    1340      27.4465
    1341      28.0352
    1342      28.1837
    1343      27.8843
    1344      28.1354
    1345      28.5575
    1346      27.6738
    1347      27.4471
    1348      27.6076
    1349      27.7392
    1350      28.0650
    1351      26.5953
    1352      27.3129
    1353      27.6284
    1354      27.8876
    1355      27.3533
    1356      27.2657
    1357      27.8950
    1358      27.2033
    1359      28.1586
    1360      28.1736
    1361      27.7210
    1362      27.8654
    1363      28.1246
    1364      27.7055
    1365      27.8710
    1366      27.1626
    1367      27.6792
    1368      27.8901
    1369      27.9360
    1370      27.9242
    1371      27.9664
    1372      28.5174
    1373      28.3361
    1374      28.5336
    1375      29.0456
    1376      28.0960
    1377      27.6699
    1378      28.9241
    1379      27.7676
    1380      27.9583
    1381      28.0305
    1382      27.8417
    1383      27.4914
    1384      27.3824
    1385      27.3562
    1386      27.3702
    1387      27.5742
    1388      27.3386
    1389      27.3929
    1390      27.6966
    1391      27.4248
    1392      28.5051
    1393      28.0562
    1394      27.8575
    1395      28.3398
    1396      28.0872
    1397      28.5144
    1398      27.6173
    1399      28.2695
    1400      28.4031
    1401      27.6622
    1402      27.2608
    1403      27.4546
    1404      28.4057
    1405      28.6782
    1406      28.6554
    1407      27.9743
    1408      28.3199
    1409      28.7639
    1410      28.4986
    1411      28.7595
    1412      28.5358
    1413      29.8691
    1414      28.9824
    1415      28.6700
    1416      28.7194
    1417      28.2761
    1418      27.6305
    1419      27.8956
    1420      27.7194
    1421      28.1708
    1422      28.7319
    1423      27.6601
    1424      27.1365
    1425      26.7965
    1426      26.6129
    1427      26.7537
    1428      27.0333
    1429      27.1310
    1430      28.6863
    1431      27.5667
    1432      28.5069
    1433      27.9733
    1434      27.3321
    1435      27.3080
    1436      27.3632
    1437      27.4636
    1438      26.9577
    1439      26.5894
    1440      26.5988
    1441      26.2867
    1442      26.2492
    1443      27.0382
    1444      27.8346
    1445      27.4646
    1446      28.0278
    1447      26.8906
    1448      27.7352
    1449      27.9172
    1450      28.1286
    1451      28.3182
    1452      27.6640
    1453      28.4170
    1454      28.1557
    1455      26.6113
    1456      28.7481
    1457      28.2845
    1458      27.6848
    1459      27.8001
    1460      27.4072
    1461      27.5259
    1462      27.0966
    1463      27.5089
    1464      27.4620
    1465      27.1004
    1466      27.9478
    1467      26.6724
    1468      28.1313
    1469      27.8742
    1470      27.6474
    1471      26.5861
    1472      25.7970
    1473      26.4182
    1474      26.2966
    1475      27.3818
    1476      27.4180
    1477      27.6913
    1478      27.6656
    1479      28.0133
    1480      28.6337
    1481      28.9813
    1482      28.1653
    1483      28.8867
    1484      29.2516
    1485      28.9397
    1486      29.0570
    1487      28.8521
    1488      28.2791
    1489      28.1811
    1490      28.7241
    1491      27.2351
    1492      28.3025
    1493      28.5588
    1494      27.9417
    1495      27.6644
    1496      28.2032
    1497      28.1667
    1498      28.0882
    1499      27.5516
    1500      27.3786
    1501      27.5180
    1502      27.6731
    1503      27.5370
    1504      28.2609
    1505      27.6450
    1506      27.7162
    1507      27.8121
    1508      28.6654
    1509      27.5394
    1510      27.3909
    1511      27.4399
    1512      27.5355
    1513      27.0076
    1514      27.1563
    1515      26.2221
    1516      27.2214
    1517      27.5676
    1518      27.9167
    1519      27.2075
    1520      28.2139
    1521      28.4778
    1522      28.0695
    1523      28.5869
    1524      28.7134
    1525      28.5831
    1526      29.3947
    1527      29.0535
    1528      28.9515
    1529      28.3604
    1530      28.3335
    1531      28.0882
    1532      27.7730
    1533      27.6328
    1534      27.9043
    1535      28.2805
    1536      29.0686
    1537      28.2560
    1538      27.4027
    1539      27.8356
    1540      27.5074
    1541      27.9602
    1542      27.2795
    1543      27.1790
    1544      27.0414
    1545      27.1504
    1546      27.9428
    1547      28.5719
    1548      28.1102
    1549      28.0830
    1550      27.3218
    1551      27.6828
    1552      26.7386
    1553      26.4258
    1554      26.5352
    1555      26.5518
    1556      27.3016
    1557      26.9211
    1558      27.7237
    1559      27.4487
    1560      27.6709
    1561      27.3007
    1562      26.9549
    1563      26.6292
    1564      26.3278
    1565      26.2711
    1566      26.9816
    1567      27.1870
    1568      27.5707
    1569      27.8795
    1570      27.5209
    1571      28.7182
    1572      27.7721
    1573      28.7797
    1574      28.4094
    1575      27.3262
    1576      27.6723
    1577      27.7629
    1578      27.0545
    1579      27.4428
    1580      28.0086
    1581      27.5542
    1582      27.8613
    1583      27.5940
    1584      26.5936
    1585      26.8460
    1586      26.5254
    1587      26.1928
    1588      26.7843
    1589      26.6226
    1590      27.1583
    1591      27.6338
    1592      27.8613
    1593      27.7295
    1594      27.7414
    1595      28.3538
    1596      27.4951
    1597      27.5547
    1598      27.9797
    1599      27.5692
    1600      27.7110
    1601      27.9553
    1602      27.2916
    1603      27.0873
    1604      27.3502
    1605      27.3161
    1606      27.7056
    1607      27.4477
    1608      28.0970
    1609      27.4614
    1610      27.8714
    1611      27.2838
    1612      26.7697
    1613      26.3609
    1614      27.5225
    1615      27.4346
    1616      26.7514
    1617      27.6069
    1618      26.8413
    1619      25.7362
    1620      26.5372
    1621      26.4065
    1622      26.7430
    1623      26.5691
    1624      26.7128
    1625      26.8492
    1626      26.6105
    1627      26.6366
    1628      26.5303
    1629      25.8766
    1630      26.5743
    1631      26.4130
    1632      26.8016
    1633      27.3247
    1634      28.3834
    1635      28.2993
    1636      28.2178
    1637      28.4010
    1638      28.5449
    1639      28.5463
    1640      28.9594
    1641      29.0867
    1642      29.0824
    1643      28.4928
    1644      29.1651
    1645      29.0181
    1646      28.1099
    1647      28.6161
    1648      28.3354
    1649      29.2794
    1650      28.7470
    1651      28.4130
    1652      28.4274
    1653      28.8291
    1654      28.5489
    1655      28.3073
    1656      27.8821
    1657      27.4454
    1658      28.5902
    1659      28.2354
    1660      28.8112
    1661      28.6185
    1662      28.4362
    1663      27.6863
    1664      28.3505
    1665      28.0954
    1666      28.2136
    1667      28.1509
    1668      28.1285
    1669      28.0172
    1670      27.4212
    1671      28.6926
    1672      29.0277
    1673      28.4578
    1674      28.5702
    1675      28.0646
    1676      28.6709
    1677      27.9914
    1678      27.9986
    1679      27.6281
    1680      28.0487
    1681      28.3146
    1682      28.0712
    1683      28.0044
    1684      27.7288
    1685      27.6492
    1686      27.7177
    1687      29.1554
    1688      29.1534
    1689      28.7605
    1690      29.2227
    1691      28.6592
    1692      27.7871
    1693      28.3301
    1694      28.0047
    1695      27.8106
    1696      28.3079
    1697      28.0763
    1698      27.3572
    1699      27.6130
    1700      27.7569
    1701      26.7510
    1702      26.8014
    1703      27.0286
    1704      25.6685
    1705      26.5116
    1706      26.8961
    1707      25.8478
    1708      26.3115
    1709      26.2441
    1710      27.4125
    1711      26.8644
    1712      26.8149
    1713      27.0323
    1714      26.6334
    1715      27.5708
    1716      27.4251
    1717      27.7388
    1718      28.7959
    1719      28.8196
    1720      29.7097
    1721      28.5023
    1722      28.3085
    1723      28.7660
    1724      27.8153
    1725      28.6302
    1726      28.3107
    1727      28.7151
    1728      28.1954
    1729      28.1299
    1730      28.3088
    1731      28.4000
    1732      27.8097
    1733      27.8600
    1734      26.7781
    1735      27.4296
    1736      27.0164
    1737      27.9274
    1738      26.8394
    1739      27.5189
    1740      28.0567
    1741      27.9893
    1742      28.1456
    1743      28.0213
    1744      27.8092
    1745      28.2681
    1746      27.5777
    1747      28.2826
    1748      28.3454
    1749      28.4542
    1750      27.8161
    1751      27.5585
    1752      26.9511
    1753      26.7412
    1754      26.4131
    1755      25.4258
    1756      25.9002
    1757      25.3904
    1758      25.1265
    1759      25.8415
    1760      25.9621
    1761      27.0405
    1762      26.9850
    1763      26.5393
    1764      26.5246
    1765      25.5112
    1766      25.5406
    1767      25.8323
    1768      25.2053
    1769      25.2831
    1770      25.0296
    1771      24.6580
    1772      25.7627
    1773      25.3699
    1774      26.1334
    1775      26.0147
    1776      25.4548
    1777      26.8249
    1778      26.8391
    1779      26.9907
    1780      26.0554
    1781      26.6079
    1782      26.1190
    1783      26.5548
    1784      25.9774
    1785      25.4988
    1786      25.8461
    1787      26.7592
    1788      26.5986
    1789      26.7444
    1790      27.1404
    1791      27.9021
    1792      27.6650
    1793      26.6177
    1794      25.9655
    1795      25.5546
    1796      25.4932
    1797      25.4981
    1798      26.2044
    1799      27.4644
    1800      27.3632
    1801      27.3064
    1802      27.5245
    1803      27.8564
    1804      27.7833
    1805      26.8544
    1806      26.9614
    1807      27.8314
    1808      27.3125
    1809      27.0980
    1810      26.7351
    1811      27.2659
    1812      26.9888
    1813      27.5115
    1814      27.1347
    1815      26.7583
    1816      26.6283
    1817      25.8453
    1818      26.0628
    1819      25.9903
    1820      26.3088
    1821      25.0869
    1822      25.5859
    1823      25.9236
    1824      25.2337
    1825      26.6337
    1826      26.2825
    1827      26.9803
    1828      26.6938
    1829      26.5725
    1830      27.4013
    1831      26.7708
    1832      26.7049
    1833      26.2287
    1834      26.2312
    1835      27.5719
    1836      28.5515
    1837      28.2336
    1838      28.3268
    1839      26.8234
    1840      26.7037
    1841      28.3877
    1842      27.9351
    1843      28.0983
    1844      28.3199
    1845      28.1780
    1846      27.8706
    1847      28.2189
    1848      27.2400
    1849      27.0950
    1850      27.8063
    1851      28.1036
    1852      28.3068
    1853      26.9769
    1854      27.5204
    1855      27.4064
    1856      26.8488
    1857      27.4496
    1858      26.7240
    1859      27.3320
    1860      28.3830
    1861      27.9468
    1862      28.3863
    1863      27.0638
    1864      27.0348
    1865      27.2284
    1866      27.1852
    1867      26.4832
    1868      26.2253
    1869      25.1576
    1870      26.1128
    1871      26.1805
    1872      25.6358
    1873      25.1683
    1874      25.2688
    1875      26.6505
    1876      25.6429
    1877      25.5689
    1878      25.2158
    1879      24.9073
    1880      24.8205
    1881      24.6187
    1882      25.4581
    1883      24.7696
    1884      24.8640
    1885      24.9162
    1886      25.5792
    1887      25.2741
    1888      24.8174
    1889      24.2879
    1890      24.7323
    1891      24.4284
    1892      24.2583
    1893      23.6221
    1894      24.2965
    1895      24.5946
    1896      24.4827
    1897      24.0960
    1898      23.4297
    1899      23.0938
    1900      22.5877
    1901      22.3899
    1902      22.8060
    1903      22.3882
    1904      22.8261
    1905      23.5361
    1906      23.1788
    1907      21.5610
    1908      21.3420
    1909      21.2596
    1910      21.8869
    1911      21.4678
    1912      20.8032
    1913      20.7600
    1914      21.0095
    1915      21.0815
    1916      21.8329
    1917      22.0851
    1918      22.2086
    1919      20.6366
    1920      21.9723
    1921      21.5537
    1922      21.4179
    1923      20.6174
    1924      20.5493
    1925      21.0069
    1926      22.3103
    1927      22.5332
    1928      23.3738
    1929      23.2569
    1930      22.3424
    1931      23.5377
    1932      23.3017
    1933      23.9515
    1934      23.8122
    1935      23.6433
    1936      23.1059
    1937      23.0234
    1938      22.7168
    1939      22.8747
    1940      22.6789
    1941      21.9709
    1942      21.2613
    1943      21.0582
    1944      21.9738
    1945      21.0747
    1946      22.4129
    1947      23.3632
    1948      23.4070
    1949      23.0392
    1950      23.3091
    1951      23.0717
    1952      23.5636
    1953      24.2657
    1954      23.9211
    1955      23.0870
    1956      23.5889
    1957      23.8708
    1958      23.1312
    1959      22.8733
    1960      23.3672
    1961      24.1782
    1962      24.1753
    1963      24.9635
    1964      24.9859
    1965      23.9912
    1966      24.7719
    1967      24.4988
    1968      24.6577
    1969      23.8198
    1970      24.1185
    1971      23.9165
    1972      23.3976
    1973      22.9058
    1974      23.2724
    1975      22.4782
    1976      22.5773
    1977      22.5359
    1978      22.3480
    1979      23.0637
    1980      23.6353
    1981      23.9611
    1982      23.6222
    1983      24.2873
    1984      24.8595
    1985      25.4061
    1986      25.2537
    1987      25.9300
    1988      26.6120
    1989      26.5006
    1990      27.1374
    1991      26.3693
    1992      26.7235
    1993      26.9628
    1994      26.9473
    1995      27.2195
    1996      27.4956
    1997      27.6281
    1998      27.2765
    1999      27.1655
    2000      26.9899
    2001      26.9936
    2002      26.8130
    2003      27.2598
    2004      27.0890
    2005      26.1945
    2006      25.7870
    2007      25.7656
    2008      25.7591
    2009      25.9953
    2010      26.0114
    2011      26.6025
    2012      27.2958
    2013      26.7477
    2014      26.2763
    2015      26.5713
    2016      27.4473
    2017      26.9637
    2018      27.2173
    2019      27.3991
    2020      28.0526
    2021      27.1387
    2022      27.1809
    2023      26.0873
    2024      25.9779
    2025      26.6198
    2026      26.4150
    2027      25.8276
    2028      25.9303
    2029      26.4130
    2030      26.4331
    2031      26.4850
    2032      27.3442
    2033      27.6099
    2034      27.4809
    2035      27.5201
    2036      26.7106
    2037      26.8117
    2038      26.9696
    2039      27.3214
    2040      27.1968
    2041      26.8164
    2042      26.8841
    2043      25.8931
    2044      24.8526
    2045      26.9574
    2046      26.5585
    2047      26.8875
    2048      25.6507
    2049      26.7885
    2050      27.1547
    2051      26.2427
    2052      26.9074
    2053      26.4128
    2054      27.0332
    2055      26.0197
    2056      26.8531
    2057      25.4654
    2058      26.1673
    2059      26.8691
    2060      26.6969
    2061      27.4164
    2062      28.0344
    2063      27.8829
    2064      26.9446
    2065      26.2043
    2066      26.0183
    2067      26.4842
    2068      27.2544
    2069      26.2761
    2070      26.7719
    2071      26.8992
    2072      25.6999
    2073      26.1961
    2074      25.5193
    2075      26.3323
    2076      26.0751
    2077      25.2982
    2078      25.3759
    2079      24.1369
    2080      24.4428
    2081      24.6881
    2082      24.3335
    2083      25.1751
    2084      24.8890
    2085      24.0932
    2086      24.3850
    2087      22.9050
    2088      22.8032
    2089      22.8963
    2090      23.6720
    2091      24.3140
    2092      24.7973
    2093      25.8813
    2094      25.4227
    2095      26.2158
    2096      25.5377
    2097      24.4452
    2098      24.6313
    2099      25.4576
    2100      24.8152
    2101      25.0574
    2102      24.9664
    2103      25.0031
    2104      25.4561
    2105      25.4503
    2106      25.9355
    2107      25.5252
    2108      24.8532
    2109      25.1124
    2110      24.7177
    2111      24.3910
    2112      26.4171
    2113      26.0211
    2114      25.9375
    2115      26.3051
    2116      25.4797
    2117      25.7331
    2118      26.1434
    2119      25.8253
    2120      25.2454
    2121      24.9971
    2122      25.3231
    2123      25.6714
    2124      26.6016
    2125      25.4511
    2126      26.1597
    2127      26.4068
    2128      26.2147
    2129      26.6088
    2130      27.4286
    2131      27.5440
    2132      26.7719
    2133      25.7464
    2134      26.3888
    2135      26.3962
    2136      25.9044
    2137      25.9043
    2138      25.1216
    2139      24.7580
    2140      25.3779
    2141      25.3994
    2142      25.1950
    2143      25.1796
    2144      24.9571
    2145      25.2909
    2146      25.5626
    2147      25.5804
    2148      25.9671
    2149      25.9669
    2150      25.0669
    2151      25.6532
    2152      25.4446
    2153      25.3631
    2154      24.8420
    2155      24.8871
    2156      24.1829
    2157      24.3114
    2158      24.2559
    2159      23.9765
    2160      24.4969
    2161      25.0233
    2162      24.7125
    2163      24.8272
    2164      25.1278
    2165      25.3520
    2166      25.2340
    2167      24.5962
    2168      24.7148
    2169      25.0562
    2170      25.4628
    2171      25.5714
    2172      25.0354
    2173      24.7091
    2174      25.3488
    2175      24.7911
    2176      24.6916
    2177      25.5080
    2178      24.8100
    2179      24.9736
    2180      24.6860
    2181      25.2114
    2182      25.7034
    2183      25.7820
    2184      25.5822
    2185      26.5399
    2186      26.0218
    2187      26.6838
    2188      27.5594
    2189      27.3999
    2190      26.9497
    2191      27.7344
    2192      27.8215
    2193      27.6971
    2194      28.0077
    2195      26.8576
    2196      26.6687
    2197      27.2787
    2198      27.6791
    2199      26.9414
    2200      26.9745
    2201      26.8179
    2202      26.5727
    2203      26.3995
    2204      25.7695
    2205      24.8432
    2206      24.9493
    2207      25.7063
    2208      24.6176
    2209      24.5126
    2210      23.7878
    2211      24.2071
    2212      24.6570
    2213      24.3404
    2214      23.4089
    2215      24.0766
    2216      24.8322
    2217      25.5628
    2218      24.8064
    2219      25.5176
    2220      25.0841
    2221      24.9205
    2222      25.1775
    2223      24.6770
    2224      26.4154
    2225      25.7372
    2226      25.4422
    2227      25.5185
    2228      24.8834
    2229      25.1028
    2230      25.2725
    2231      25.3941
    2232      25.8397
    2233      24.9001
    2234      25.3859
    2235      25.9518
    2236      26.5095
    2237      25.3147
    2238      25.3925
    2239      25.2205
    2240      26.0353
    2241      25.4220
    2242      25.5146
    2243      25.4418
    2244      24.9122
    2245      25.2848
    2246      25.2623
    2247      24.9323
    2248      24.9747
    2249      25.7302
    2250      26.3893
    2251      24.8384
    2252      24.2632
    2253      25.0676
    2254      23.7980
    2255      25.0297
    2256      25.8847
    2257      25.5934
    2258      25.4329
    2259      25.4519
    2260      25.0932
    2261      24.7982
    2262      25.1530
    2263      24.8089
    2264      25.8497
    2265      26.0471
    2266      25.8561
    2267      25.9492
    2268      26.3613
    2269      24.8945
    2270      25.2532
    2271      24.9352
    2272      24.8285
    2273      24.7367
    2274      23.4395
    2275      24.1599
    2276      24.4577
    2277      24.4522
    2278      24.6366
    2279      23.9475
    2280      24.9534
    2281      24.3181
    2282      23.9194
    2283      24.1293
    2284      24.2819
    2285      23.3541
    2286      24.0111
    2287      23.9067
    2288      24.6329
    2289      24.0797
    2290      24.7690
    2291      25.0644
    2292      24.5368
    2293      24.1544
    2294      25.5233
    2295      25.2565
    2296      25.1905
    2297      24.7622
    2298      24.7734
    2299      23.8353
    2300      24.4450
    2301      24.3800
    2302      24.6917
    2303      24.3121
    2304      25.0394
    2305      23.9659
    2306      23.2975
    2307      23.5339
    2308      23.6879
    2309      24.1263
    2310      24.0502
    2311      23.8802
    2312      24.6482
    2313      24.2509
    2314      23.6912
    2315      23.7776
    2316      22.8970
    2317      23.6939
    2318      23.0935
    2319      22.1669
    2320      22.4148
    2321      22.8143
    2322      23.6722
    2323      22.9034
    2324      23.3366
    2325      23.3941
    2326      23.5968
    2327      23.2738
    2328      22.4130
    2329      23.0024
    2330      22.1514
    2331      22.5127
    2332      22.4288
    2333      22.8539
    2334      23.0345
    2335      23.1172
    2336      23.9431
    2337      24.0100
    2338      24.3295
    2339      24.2530
    2340      25.1797
    2341      25.4789
    2342      23.9654
    2343      24.2600
    2344      23.5661
    2345      23.2563
    2346      23.8255
    2347      25.2053
    2348      25.4145
    2349      25.3716
    2350      25.0059
    2351      26.0112
    2352      26.0108
    2353      25.4645
    2354      25.2083
    2355      23.6001
    2356      22.9409
    2357      21.9621
    2358      21.0555
    2359      20.8011
    2360      21.2591
    2361      21.1022
    2362      22.4288
    2363      22.0169
    2364      21.9928
    2365      21.9865
    2366      22.7910
    2367      22.8550
    2368      22.4979
    2369      23.3788
    2370      22.8785
    2371      23.1339
    2372      24.6038
    2373      24.0814
    2374      24.0465
    2375      24.8682
    2376      24.0793
    2377      23.9854
    2378      23.4724
    2379      25.1723
    2380      25.1294
    2381      24.9218
    2382      24.1506
    2383      24.0324
    2384      23.5564
    2385      22.9057
    2386      22.7695
    2387      24.0633
    2388      24.0500
    2389      23.9438
    2390      23.2290
    2391      22.4993
    2392      21.7243
    2393      22.8328
    2394      21.7230
    2395      21.5203
    2396      21.3596
    2397      22.7538
    2398      22.8794
    2399      23.4396
    2400      24.2219
    2401      24.1027
    2402      23.1736
    2403      23.4505
    2404      22.9018
    2405      23.2562
    2406      23.5271
    2407      24.4541
    2408      23.9120
    2409      22.8525
    2410      22.8560
    2411      23.0686
    2412      22.3596
    2413      21.4050
    2414      22.5355
    2415      22.7576
    2416      22.7214
    2417      23.0712
    2418      22.8283
    2419      22.5779
    2420      23.1504
    2421      23.0341
    2422      23.8016
    2423      23.0661
    2424      23.3029
    2425      22.8391
    2426      21.9100
    2427      21.8955
    2428      22.0920
    2429      22.8829
    2430      21.3506
    2431      22.3176
    2432      22.1376
    2433      22.7163
    2434      23.8410
    2435      24.1710
    2436      22.7208
    2437      22.5731
    2438      23.3206
    2439      22.8770
    2440      23.3148
    2441      21.4591
    2442      21.1606
    2443      19.8253
    2444      19.9080
    2445      21.6842
    2446      21.8993
    2447      21.8745
    2448      22.4259
    2449      22.8289
    2450      21.8422
    2451      21.0927
    2452      21.8786
    2453      21.4690
    2454      21.6300
    2455      23.8809
    2456      24.4211
    2457      25.1700
    2458      24.6936
    2459      24.4086
    2460      25.0027
    2461      25.7786
    2462      25.4640
    2463      24.8126
    2464      25.1574
    2465      25.1905
    2466      25.5190
    2467      24.8969
    2468      24.3512
    2469      25.2219
    2470      26.4299
    2471      26.7833
    2472      27.1015
    2473      27.1620
    2474      26.1553
    2475      25.8027
    2476      25.5859
    2477      25.8061
    2478      25.9759
    2479      25.3371
    2480      25.3778
    2481      24.7190
    2482      24.4348
    2483      23.6837
    2484      23.9396
    2485      23.6278
    2486      22.3335
    2487      21.8728
    2488      21.3878
    2489      22.2122
    2490      22.1194
    2491      21.9397
    2492      22.7755
    2493      22.0470
    2494      21.5305
    2495      21.5858
    2496      20.5811
    2497      20.7393
    2498      20.6535
    2499      20.5903
    2500      20.2832
    2501      20.8468
    2502      21.4302
    2503      20.9272
    2504      19.8676
    2505      20.3958
    2506      20.6304
    2507      20.0579
    2508      19.7706
    2509      19.6736
    2510      19.4393
    2511      20.1864
    2512      19.9185
    2513      20.8811
    2514      21.8555
    2515      21.3131
    2516      22.3169
    2517      22.6090
    2518      23.2025
    2519      23.3609
    2520      22.0059
    2521      22.4519
    2522      23.1480
    2523      22.9037
    2524      23.4221
    2525      22.3991
    2526      21.9102
    2527      21.3076
    2528      20.4611
    2529      21.9787
    2530      22.3991
    2531      23.1653
    2532      23.0767
    2533      21.5684
    2534      21.8524
    2535      22.9036
    2536      21.8194
    2537      20.7449
    2538      20.4397
    2539      20.9414
    2540      22.0101
    2541      22.2288
    2542      22.0118
    2543      22.9968
    2544      23.5233
    2545      23.1255
    2546      23.1396
    2547      23.1779
    2548      23.8998
    2549      23.5143
    2550      23.2983
    2551      23.9275
    2552      23.9357
    2553      24.3418
    2554      23.1564
    2555      22.8307
    2556      22.0287
    2557      21.4269
    2558      21.2994
    2559      22.0366
    2560      22.8661
    2561      22.8085
    2562      22.1455
    2563      22.7186
    2564      22.6186
    2565      22.4978
    2566      22.1574
    2567      21.0281
    2568      21.8208
    2569      21.7090
    2570      21.3557
    2571      22.2258
    2572      22.9090
    2573      22.9523
    2574      22.3709
    2575      22.9363
    2576      23.2522
    2577      23.9906
    2578      23.5207
    2579      23.5743
    2580      24.0425
    2581      23.8934
    2582      23.1209
    2583      24.2214
    2584      24.7240
    2585      25.2393
    2586      25.4038
    2587      25.8910
    2588      25.8591
    2589      25.5849
    2590      26.0263
    2591      26.1313
    2592      26.2791
    2593      26.4743
    2594      26.3831
    2595      27.0726
    2596      26.9694
    2597      25.9615
    2598      25.9521
    2599      25.4441
    2600      24.6204
    2601      24.2036
    2602      24.4135
    2603      22.9767
    2604      22.6985
    2605      22.2320
    2606      23.4568
    2607      23.4537
    2608      23.6243
    2609      24.4516
    2610      24.1631
    2611      23.7955
    2612      22.8675
    2613      23.5410
    2614      23.8310
    2615      24.6838
    2616      25.0204
    2617      24.5629
    2618      24.0036
    2619      24.6310
    2620      24.7811
    2621      24.2650
    2622      24.3493
    2623      24.6573
    2624      25.0438
    2625      24.5567
    2626      24.6386
    2627      24.2079
    2628      24.0899
    2629      23.8366
    2630      24.4070
    2631      24.6976
    2632      24.9551
    2633      24.4486
    2634      24.0960
    2635      23.5482
    2636      24.0043
    2637      23.2264
    2638      24.1681
    2639      24.0834
    2640      24.6720
    2641      23.1109
    2642      22.3544
    2643      22.6446
    2644      21.9468
    2645      21.9658
    2646      22.6060
    2647      23.9432
    2648      23.0049
    2649      22.9348
    2650      22.0122
    2651      21.6107
    2652      20.8440
    2653      20.5687
    2654      20.2539
    2655      20.2694
    2656      19.6582
    2657      19.8231
    2658      21.6379
    2659      20.8045
    2660      21.3102
    2661      21.4457
    2662      20.9725
    2663      20.1196
    2664      20.2320
    2665      20.4125
    2666      20.3067
    2667      20.7398
    2668      20.2869
    2669      20.3524
    2670      21.6731
    2671      21.5396
    2672      21.5890
    2673      21.8689
    2674      21.4538
    2675      22.3382
    2676      22.9814
    2677      23.0245
    2678      22.1391
    2679      22.4836
    2680      22.0869
    2681      20.9238
    2682      22.0952
    2683      21.6765
    2684      21.9502
    2685      22.6585
    2686      22.9778
    2687      22.2947
    2688      22.1149
    2689      21.9563
    2690      22.1979
    2691      21.5927
    2692      20.2780
    2693      21.6254
    2694      22.2689
    2695      23.2691
    2696      23.0666
    2697      22.9074
    2698      22.5314
    2699      22.0223
    2700      21.5027
    2701      21.8981
    2702      22.2779
    2703      22.4197
    2704      22.4899
    2705      21.2346
    2706      21.4798
    2707      21.3158
    2708      21.1436
    2709      20.7682
    2710      20.1032
    2711      20.6830
    2712      20.5470
    2713      20.6228
    2714      20.4007
    2715      21.7248
    2716      20.7449
    2717      20.0201
    2718      19.3239
    2719      19.4038
    2720      19.4835
    2721      19.5468
    2722      20.9358
    2723      20.4172
    2724      20.8498
    2725      20.8676
    2726      21.4798
    2727      22.2707
    2728      23.0314
    2729      23.2436
    2730      22.1105
    2731      22.4656
    2732      22.8468
    2733      23.0962
    2734      23.3007
    2735      22.9632
    2736      23.3980
    2737      22.8556
    2738      22.9815
    2739      23.8037
    2740      23.4004
    2741      23.5485
    2742      23.3837
    2743      22.3963
    2744      23.5699
    2745      23.5975
    2746      23.6258
    2747      23.4719
    2748      22.8546
    2749      23.6956
    2750      23.8094
    2751      23.2937
    2752      23.7834
    2753      22.4513
    2754      23.4723
    2755      22.8753
    2756      23.8141
    2757      23.0970
    2758      23.3102
    2759      22.3609
    2760      21.6114
    2761      22.2071
    2762      21.2207
    2763      22.1018
    2764      21.8260
    2765      21.9924
    2766      21.8102
    2767      22.7759
    2768      23.7688
    2769      23.2234
    2770      22.9378
    2771      22.5725
    2772      22.7872
    2773      21.2971
    2774      21.7199
    2775      21.0011
    2776      21.4271
    2777      20.8626
    2778      21.5007
    2779      22.4142
    2780      23.4145
    2781      23.1969
    2782      22.6248
    2783      23.6238
    2784      22.2374
    2785      22.2399
    2786      22.1473
    2787      21.9566
    2788      21.2480
    2789      21.1609
    2790      20.2978
    2791      19.9434
    2792      20.5914
    2793      20.7662
    2794      19.5289
    2795      20.1412
    2796      20.6107
    2797      21.8986
    2798      21.4108
    2799      21.0297
    2800      21.4968
    2801      21.0619
    2802      21.1294
    2803      20.5367
    2804      21.5422
    2805      22.2289
    2806      21.3257
    2807      21.8044
    2808      21.3339
    2809      21.0220
    2810      21.9683
    2811      22.5303
    2812      20.9771
    2813      20.5858
    2814      20.9189
    2815      20.4214
    2816      21.3122
    2817      21.5240
    2818      21.2337
    2819      21.0691
    2820      21.4190
    2821      20.8540
    2822      20.0653
    2823      19.4131
    2824      20.2864
    2825      21.2974
    2826      20.4889
    2827      20.1771
    2828      19.8576
    2829      20.2491
    2830      20.2911
    2831      20.3254
    2832      20.5433
    2833      20.8358
    2834      19.9697
    2835      19.9418
    2836      19.2117
    2837      20.1384
    2838      20.4316
    2839      20.1571
    2840      20.0168
    2841      19.0026
    2842      18.8393
    2843      19.0114
    2844      19.1756
    2845      19.3853
    2846      19.1789
    2847      18.8642
    2848      18.8926
    2849      19.3091
    2850      18.2827
    2851      18.4464
    2852      18.3252
    2853      18.2779
    2854      18.7057
    2855      18.8121
    2856      17.7407
    2857      18.6281
    2858      18.6045
    2859      18.7839
    2860      19.6224
    2861      19.6045
    2862      19.7498
    2863      18.9622
    2864      18.9723
    2865      18.2280
    2866      18.1304
    2867      17.6678
    2868      16.6373
    2869      16.9744
    2870      16.9494
    2871      16.4651
    2872      16.2382
    2873      16.6196
    2874      17.0473
    2875      17.1530
    2876      17.3187
    2877      17.2121
    2878      17.3334
    2879      17.0157
    2880      16.9442
    2881      17.4451
    2882      17.9217
    2883      17.2728
    2884      18.3566
    2885      18.7623
    2886      18.2505
    2887      17.7843
    2888      16.7974
    2889      17.0093
    2890      17.0323
    2891      17.1687
    2892      17.2913
    2893      18.0055
    2894      18.0453
    2895      19.1218
    2896      18.8110
    2897      18.2804
    2898      19.4917
    2899      19.7136
    2900      19.0280
    2901      18.7721
    2902      18.3146
    2903      18.3158
    2904      18.4820
    2905      18.5599
    2906      18.1668
    2907      17.6323
    2908      17.5738
    2909      16.7394
    2910      16.7916
    2911      16.8642
    2912      16.9561
    2913      17.4772
    2914      17.5682
    2915      18.0019
    2916      17.7400
    2917      16.9379
    2918      16.1201
    2919      16.5554
    2920      15.8298
    2921      15.8589
    2922      17.3572
    2923      17.2533
    2924      17.2467
    2925      16.8776
    2926      16.1463
    2927      17.0560
    2928      17.0496
    2929      15.9318
    2930      16.7494
    2931      17.2116
    2932      16.1863
    2933      17.1154
    2934      16.5508
    2935      16.6611
    2936      16.0288
    2937      16.1638
    2938      17.4363
    2939      15.9157
    2940      16.7282
    2941      16.7657
    2942      17.1173
    2943      16.6787
    2944      16.9439
    2945      16.4527
    2946      16.8809
    2947      17.2981
    2948      16.6865
    2949      16.3435
    2950      16.1978
    2951      16.7648
    2952      17.0290
    2953      17.1070
    2954      16.9319
    2955      16.0317
    2956      16.7937
    2957      17.2429
    2958      16.6715
    2959      17.2362
    2960      17.3905
    2961      16.6997
    2962      17.7310
    2963      18.4112
    2964      18.4700
    2965      18.0398
    2966      17.4462
    2967      17.2291
    2968      18.4393
    2969      18.4960
    2970      17.8016
    2971      17.7651
    2972      18.5050
    2973      19.1739
    2974      18.7974
    2975      18.7765
    2976      18.7993
    2977      18.6757
    2978      18.9141
    2979      18.4096
    2980      17.6445
    2981      17.1742
    2982      17.8965
    2983      18.5562
    2984      18.5817
    2985      18.7718
    2986      19.3687
    2987      19.3710
    2988      20.0387
    2989      19.9162
    2990      19.6687
    2991      19.9124
    2992      20.0711
    2993      19.9379
    2994      19.5836
    2995      19.2814
    2996      19.2521
    2997      19.8368
    2998      19.2844
    2999      20.3937
    3000      20.2427
    3001      20.1381
    3002      21.3370
    3003      20.8065
    3004      20.6300
    3005      21.9555
    3006      21.2089
    3007      20.3988
    3008      21.6336
    3009      20.9399
    3010      21.7038
    3011      21.3470
    3012      20.8163
    3013      21.9201
    3014      22.8192
    3015      23.2265
    3016      22.1099
    3017      21.7643
    3018      22.3431
    3019      22.7412
    3020      22.2122
    3021      22.5181
    3022      22.2826
    3023      22.7622
    3024      23.1189
    3025      23.9115
    3026      23.2029
    3027      22.8409
    3028      23.9222
    3029      24.7443
    3030      25.5385
    3031      24.5108
    3032      23.7626
    3033      23.9820
    3034      23.7408
    3035      22.6685
    3036      21.5666
    3037      20.4756
    3038      20.0192
    3039      19.9876
    3040      21.0850
    3041      21.5333
    3042      21.4688
    3043      21.6350
    3044      22.4505
    3045      22.3815
    3046      22.8571
    3047      23.1302
    3048      22.8944
    3049      22.5744
    3050      22.4265
    3051      22.4303
    3052      22.4077
    3053      23.5342
    3054      23.9550
    3055      23.8634
    3056      23.7405
    3057      22.9140
    3058      23.0412
    3059      22.6999
    3060      22.4481
    3061      22.5703
    3062      22.4988
    3063      23.3058
    3064      23.4780
    3065      24.0463
    3066      22.7174
    3067      23.5796
    3068      23.3775
    3069      23.0869
    3070      23.2505
    3071      24.1289
    3072      23.3541
    3073      23.4614
    3074      23.4523
    3075      24.1277
    3076      23.8979
    3077      23.7442
    3078      22.4598
    3079      23.3782
    3080      24.3252
    3081      23.9337
    3082      24.3472
    3083      23.6522
    3084      24.0456
    3085      24.3653
    3086      25.0018
    3087      25.0572
    3088      24.0096
    3089      24.4636
    3090      24.5396
    3091      25.1943
    3092      25.9458
    3093      25.2463
    3094      24.2541
    3095      25.5870
    3096      25.5106
    3097      25.3497
    3098      25.0355
    3099      25.2543
    3100      24.7831
    3101      25.1505
    3102      26.5610
    3103      26.4604
    3104      26.4045
    3105      25.7834
    3106      26.3203
    3107      26.0736
    3108      24.9992
    3109      26.1473
    3110      25.2544
    3111      25.5539
    3112      25.5043
    3113      25.8375
    3114      25.8620
    3115      25.2417
    3116      25.6141
    3117      25.0288
    3118      24.6515
    3119      23.8692
    3120      22.9187
    3121      23.6539
    3122      23.2708
    3123      24.5850
    3124      24.1714
    3125      24.4636
    3126      22.9092
    3127      23.5031
    3128      24.8219
    3129      24.7545
    3130      23.9219
    3131      23.9817
    3132      23.9366
    3133      23.2019
    3134      22.8689
    3135      23.5813
    3136      22.9593
    3137      23.9588
    3138      23.8668
    3139      23.8354
    3140      23.6110
    3141      24.0180
    3142      23.5144
    3143      23.8667
    3144      23.6708
    3145      23.7665
    3146      24.0807
    3147      24.8386
    3148      23.9672
    3149      23.7395
    3150      22.9718
    3151      23.6429
    3152      23.7247
    3153      23.7311
    3154      23.4126
    3155      23.3656
    3156      23.1127
    3157      22.1523
    3158      22.7463
    3159      22.1514
    3160      22.8158
    3161      22.8501
    3162      22.8256
    3163      21.9061
    3164      22.2259
    3165      22.7253
    3166      21.9276
    3167      21.7858
    3168      22.2685
    3169      23.3316
    3170      22.5198
    3171      22.8551
    3172      23.0243
    3173      22.4585
    3174      22.7050
    3175      21.7936
    3176      22.4849
    3177      23.2815
    3178      23.0748
    3179      22.6737
    3180      23.1813
    3181      23.4135
    3182      23.0549
    3183      23.2903
    3184      23.1195
    3185      23.1089
    3186      23.3327
    3187      23.4914
    3188      23.0170
    3189      23.8344
    3190      22.7858
    3191      23.7413
    3192      23.9396
    3193      23.5496
    3194      23.9298
    3195      23.3342
    3196      22.9486
    3197      24.4754
    3198      24.8722
    3199      25.0327
    3200      24.2618
    3201      24.9952
    3202      23.9163
    3203      24.3455
    3204      23.9400
    3205      24.3252
    3206      24.3286
    3207      23.8201
    3208      24.7892
    3209      24.6062
    3210      25.1866
    3211      24.9524
    3212      25.1411
    3213      25.7301
    3214      26.1478
    3215      25.8534
    3216      25.7897
    3217      25.8245
    3218      25.5785
    3219      24.5950
    3220      25.0857
    3221      24.9992
    3222      26.1057
    3223      25.5843
    3224      25.8429
    3225      26.2465
    3226      26.6993
    3227      27.0455
    3228      26.5405
    3229      26.1556
    3230      25.8717
    3231      25.7093
    3232      26.4030
    3233      26.1984
    3234      26.7288
    3235      26.3976
    3236      26.4566
    3237      26.1947
    3238      26.8733
    3239      26.4551
    3240      27.0573
    3241      26.8829
    3242      27.3362
    3243      27.5183
    3244      27.0861
    3245      26.4558
    3246      27.3080
    3247      27.9828
    3248      27.8256
    3249      28.0161
    3250      27.4172
    3251      27.9616
    3252      27.7929
    3253      27.7368
    3254      26.8888
    3255      26.9626
    3256      26.7824
    3257      26.8715
    3258      27.4953
    3259      26.5173
    3260      27.2657
    3261      27.0060
    3262      26.0897
    3263      26.4537
    3264      26.5200
    3265      26.6867
    3266      27.0881
    3267      26.8771
    3268      26.0284
    3269      26.9555
    3270      26.5516
    3271      26.4759
    3272      26.3008
    3273      27.0745
    3274      26.5088
    3275      27.0095
    3276      26.7705
    3277      26.6293
    3278      27.3556
    3279      26.7735
    3280      26.8792
    3281      26.8918
    3282      27.4180
    3283      26.3394
    3284      26.4681
    3285      26.3174
    3286      25.4928
    3287      25.1365
    3288      26.1418
    3289      26.6844
    3290      26.0440
    3291      25.8419
    3292      25.4967
    3293      26.2071
    3294      26.3718
    3295      27.2239
    3296      26.2202
    3297      26.8043
    3298      26.3522
    3299      25.6986
    3300      25.5692
    3301      26.2866
    3302      25.7084
    3303      25.8872
    3304      26.0198
    3305      25.9239
    3306      25.7682
    3307      25.4920
    3308      25.7840
    3309      26.2721
    3310      25.7422
    3311      25.2892
    3312      25.3290
    3313      25.0845
    3314      25.5993
    3315      26.1092
    3316      25.6593
    3317      26.3031
    3318      25.8178
    3319      26.3006
    3320      27.4061
    3321      26.7082
    3322      27.3451
    3323      26.5922
    3324      27.3447
    3325      26.7319
    3326      26.1517
    3327      25.6550
    3328      26.7187
    3329      26.5554
    3330      25.6799
    3331      25.9028
    3332      25.9320
    3333      26.1712
    3334      26.8921
    3335      26.6295
    3336      26.4344
    3337      26.6401
    3338      25.2062
    3339      25.2167
    3340      24.1418
    3341      24.3840
    3342      25.6276
    3343      25.5305
    3344      25.2540
    3345      26.2676
    3346      25.9799
    3347      26.2918
    3348      26.9182
    3349      26.0335
    3350      25.3632
    3351      26.1945
    3352      26.3291
    3353      26.7864
    3354      25.9425
    3355      25.7162
    3356      26.5974
    3357      25.7396
    3358      24.9872
    3359      24.8233
    3360      25.9225
    3361      26.3099
    3362      25.9663
    3363      25.5172
    3364      25.8460
    3365      24.9350
    3366      24.9053
    3367      24.5989
    3368      25.9555
    3369      25.6115
    3370      25.6703
    3371      25.4836
    3372      25.6399
    3373      25.6319
    3374      26.0801
    3375      25.7809
    3376      26.1737
    3377      26.0049
    3378      27.1161
    3379      27.1849
    3380      28.1238
    3381      28.1700
    3382      27.9489
    3383      27.7796
    3384      28.0942
    3385      28.4807
    3386      27.6785
    3387      28.4679
    3388      27.7115
    3389      27.7349
    3390      28.2495
    3391      28.4198
    3392      27.9348
    3393      27.3511
    3394      27.3982
    3395      26.4617
    3396      26.7056
    3397      27.0973
    3398      26.3725
    3399      26.3298
    3400      26.1568
    3401      26.2359
    3402      26.7160
    3403      27.4786
    3404      27.5361
    3405      26.8647
    3406      26.8935
    3407      26.6819
    3408      26.1433
    3409      24.9455
    3410      25.8584
    3411      25.6479
    3412      25.5916
    3413      26.1066
    3414      25.5964
    3415      26.2511
    3416      27.1882
    3417      26.5854
    3418      27.2695
    3419      26.4730
    3420      26.0039
    3421      26.8487
    3422      26.3060
    3423      27.0210
    3424      26.4951
    3425      26.0727
    3426      25.7699
    3427      26.6051
    3428      26.0261
    3429      26.3194
    3430      26.3165
    3431      26.8421
    3432      26.4360
    3433      26.3938
    3434      27.0860
    3435      26.2892
    3436      25.6022
    3437      25.7615
    3438      26.3345
    3439      26.3128
    3440      25.0338
    3441      25.3667
    3442      26.1485
    3443      25.9573
    3444      26.1370
    3445      25.1647
    3446      25.5734
    3447      25.8902
    3448      25.1364
    3449      24.9310
    3450      24.8484
    3451      24.9897
    3452      25.6696
    3453      25.0782
    3454      24.3829
    3455      24.6112
    3456      25.8785
    3457      25.5109
    3458      25.1528
    3459      25.0084
    3460      24.8957
    3461      24.8279
    3462      24.5066
    3463      23.7905
    3464      24.4614
    3465      24.3316
    3466      24.1944
    3467      24.4661
    3468      23.8306
    3469      24.4252
    3470      23.8900
    3471      24.5776
    3472      24.0299
    3473      23.4340
    3474      24.3103
    3475      23.9240
    3476      24.2275
    3477      24.0700
    3478      24.8329
    3479      25.8902
    3480      25.5560
    3481      24.9787
    3482      24.6695
    3483      24.4237
    3484      25.0804
    3485      24.5715
    3486      24.2002
    3487      24.2533
    3488      23.7370
    3489      24.4324
    3490      23.7182
    3491      24.2870
    3492      24.4754
    3493      24.6098
    3494      23.8602
    3495      23.1898
    3496      23.5583
    3497      23.4810
    3498      23.5330
    3499      24.2507
    3500      23.0030
    3501      23.2693
    3502      22.6168
    3503      22.4195
    3504      22.9538
    3505      22.9189
    3506      22.2446
    3507      22.8763
    3508      22.7308
    3509      22.6579
    3510      22.5581
    3511      22.8238
    3512      22.2239
    3513      22.6642
    3514      24.3412
    3515      24.1138
    3516      24.5826
    3517      24.7925
    3518      24.9782
    3519      23.8047
    3520      24.0752
    3521      24.5244
    3522      24.5743
    3523      24.4602
    3524      24.1984
    3525      24.7819
    3526      24.4701
    3527      24.6225
    3528      24.4526
    3529      23.6334
    3530      23.5033
    3531      23.8289
    3532      23.7652
    3533      24.3042
    3534      23.5792
    3535      23.3467
    3536      23.9778
    3537      24.4671
    3538      24.9782
    3539      24.9668
    3540      24.9935
    3541      24.9115
    3542      25.2470
    3543      25.9497
    3544      25.6010
    3545      25.6844
    3546      26.3537
    3547      26.3364
    3548      26.1992
    3549      26.1231
    3550      25.6715
    3551      25.6093
    3552      26.7192
    3553      25.6415
    3554      25.9951
    3555      25.6588
    3556      25.9779
    3557      25.3071
    3558      25.5179
    3559      25.8612
    3560      25.9738
    3561      26.1242
    3562      26.0367
    3563      25.3973
    3564      25.7005
    3565      25.8672
    3566      27.0643
    3567      27.1151
    3568      26.5538
    3569      27.1749
    3570      26.6621
    3571      27.2305
    3572      27.6070
    3573      26.5434
    3574      26.7851
    3575      25.4565
    3576      24.8668
    3577      25.2664
    3578      25.8637
    3579      24.4756
    3580      23.3802
    3581      23.9770
    3582      24.0531
    3583      25.4284
    3584      25.2423
    3585      25.9609
    3586      25.7857
    3587      26.2039
    3588      26.5912
    3589      25.7648
    3590      26.4404
    3591      25.7306
    3592      26.3171
    3593      26.0819
    3594      25.8750
    3595      25.3426
    3596      25.4505
    3597      24.7357
    3598      24.5962
    3599      24.9287
    3600      24.8015
    3601      24.9868
    3602      25.6936
    3603      25.9141
    3604      25.5593
    3605      26.0266
    3606      26.1306
    3607      25.9484
    3608      26.3057
    3609      25.7046
    3610      26.6901
    3611      25.4900
    3612      24.9684
    3613      24.9439
    3614      24.9493
    3615      24.6097
    3616      24.9662
    3617      24.5489
    3618      24.4794
    3619      25.0713
    3620      25.7496
    3621      25.4279
    3622      25.3219
    3623      26.2343
    3624      26.7357
    3625      26.2103
    3626      24.4164
    3627      24.3278
    3628      25.2881
    3629      24.4665
    3630      24.8177
    3631      25.5972
    3632      25.8386
    3633      25.1153
    3634      25.0317
    3635      24.5620
    3636      25.4008
    3637      26.0539
    3638      27.0505
    3639      25.7226
    3640      25.8776
    3641      26.0986
    3642      26.1619
    3643      26.5448
    3644      26.6161
    3645      26.0067
    3646      26.7377
    3647      26.5818
    3648      26.8162
    3649      26.0387
    3650      25.1998
    3651      24.6896
    3652      24.5686
    3653      25.5451
    3654      25.0704
    3655      25.2967
    3656      24.6095
    3657      24.9972
    3658      23.8372
    3659      23.8540
    3660      23.8588
    3661      23.8303
    3662      23.5898
    3663      23.6087
    3664      23.0869
    3665      23.3034
    3666      24.1774
    3667      24.3933
    3668      24.4194
    3669      23.4744
    3670      24.6493
    3671      24.9026
    3672      24.7060
    3673      25.1768
    3674      25.5831
    3675      24.9917
    3676      25.4609
    3677      25.3605
    3678      25.1706
    3679      24.6743
    3680      24.5462
    3681      23.9892
    3682      24.5574
    3683      24.7733
    3684      25.0623
    3685      25.1531
    3686      24.5386
    3687      24.9008
    3688      24.8812
    3689      25.8653
    3690      25.4081
    3691      25.3041
    3692      25.7311
    3693      25.8802
    3694      26.5613
    3695      27.4136
    3696      26.2718
    3697      26.2126
    3698      25.2791
    3699      25.6969
    3700      25.0450
    3701      24.8032
    3702      23.3366
    3703      24.0348
    3704      24.4097
    3705      24.2404
    3706      24.6226
    3707      23.8408
    3708      24.6327
    3709      25.2515
    3710      25.1531
    3711      25.8403
    3712      24.7312
    3713      24.4869
    3714      25.1478
    3715      24.2256
    3716      23.3860
    3717      24.2994
    3718      24.3334
    3719      24.4231
    3720      25.0584
    3721      24.6404
    3722      24.7867
    3723      24.2471
    3724      23.9794
    3725      23.8808
    3726      24.1533
    3727      24.3632
    3728      25.2131
    3729      25.5725
    3730      25.6867
    3731      24.9898
    3732      25.7490
    3733      25.4684
    3734      25.7311
    3735      24.9550
    3736      24.4071
    3737      24.3553
    3738      22.9140
    3739      23.2060
    3740      22.9090
    3741      23.8221
    3742      24.2707
    3743      25.5051
    3744      25.5957
    3745      25.7282
    3746      26.1819
    3747      25.5948
    3748      24.8295
    3749      26.0946
    3750      24.8439
    3751      24.8146
    3752      24.7594
    3753      24.6188
    3754      23.0312
    3755      23.2425
    3756      23.2157
    3757      23.4395
    3758      23.6892
    3759      22.6157
    3760      22.8242
    3761      22.5240
    3762      22.5904
    3763      22.5807
    3764      24.5018
    3765      23.7874
    3766      23.0997
    3767      23.8992
    3768      24.4883
    3769      24.4401
    3770      25.0252
    3771      24.9072
    3772      24.6800
    3773      24.3586
    3774      25.1146
    3775      25.3224
    3776      24.4630
    3777      25.2876
    3778      26.0328
    3779      25.6586
    3780      25.2797
    3781      25.4591
    3782      25.9499
    3783      25.4341
    3784      25.4116
    3785      25.6408
    3786      24.5801
    3787      24.5113
    3788      24.0901
    3789      24.5071
    3790      24.9032
    3791      24.8323
    3792      24.2229
    3793      24.2110
    3794      24.3117
    3795      23.5268
    3796      23.9536
    3797      23.9891
    3798      24.0757
    3799      23.6187
    3800      23.9460
    3801      23.3924
    3802      24.4312
    3803      24.9778
    3804      25.5085
    3805      25.5537
    3806      25.2338
    3807      25.4888
    3808      24.7895
    3809      25.1927
    3810      24.5277
    3811      24.1260
    3812      24.3242
    3813      24.0929
    3814      24.0936
    3815      23.8663
    3816      23.6432
    3817      24.0336
    3818      24.3190
    3819      24.5480
    3820      25.4032
    3821      25.4942
    3822      24.9748
    3823      24.1371
    3824      23.8864
    3825      24.0389
    3826      23.5516
    3827      23.9414
    3828      23.4247
    3829      23.7423
    3830      23.3981
    3831      22.7105
    3832      24.3085
    3833      24.8133
    3834      24.0819
    3835      24.5094
    3836      25.1578
    3837      24.8587
    3838      24.9990
    3839      25.5514
    3840      26.4072
    3841      25.1618
    3842      25.3555
    3843      24.5377
    3844      24.2995
    3845      24.4243
    3846      24.9385
    3847      24.4573
    3848      25.8473
    3849      24.4783
    3850      22.8107
    3851      22.7701
    3852      22.5888
    3853      23.2546
    3854      22.4992
    3855      22.7858
    3856      23.6025
    3857      23.5414
    3858      22.7185
    3859      23.3272
    3860      22.0143
    3861      22.7404
    3862      22.9812
    3863      23.9378
    3864      24.6977
    3865      23.6228
    3866      23.4407
    3867      23.6826
    3868      23.2654
    3869      22.9220
    3870      22.4175
    3871      22.7976
    3872      23.1739
    3873      22.4233
    3874      23.4687
    3875      23.9998
    3876      24.7808
    3877      24.8101
    3878      25.4066
    3879      24.6512
    3880      23.7408
    3881      24.5899
    3882      25.5594
    3883      24.7754
    3884      25.0715
    3885      25.5928
    3886      25.5206
    3887      24.7207
    3888      25.0792
    3889      25.0163
    3890      25.0972
    3891      24.6736
    3892      24.3435
    3893      25.4730
    3894      25.7734
    3895      24.9852
    3896      24.8953
    3897      25.8341
    3898      25.8515
    3899      26.1100
    3900      25.0295
    3901      25.2613
    3902      25.5156
    3903      24.6641
    3904      25.3003
    3905      25.5204
    3906      25.2950
    3907      25.4766
    3908      24.8747
    3909      25.0229
    3910      25.1126
    3911      24.4070
    3912      25.8891
    3913      25.2200
    3914      25.7296
    3915      25.0701
    3916      25.1636
    3917      25.2383
    3918      25.6184
    3919      25.1332
    3920      25.6407
    3921      26.9958
    3922      26.5405
    3923      25.6818
    3924      26.4988
    3925      26.1318
    3926      25.5110
    3927      25.3145
    3928      25.1130
    3929      25.8213
    3930      24.7035
    3931      25.2525
    3932      25.9173
    3933      26.0796
    3934      24.9847
    3935      26.1977
    3936      25.8452
    3937      25.7730
    3938      25.2733
    3939      23.8898
    3940      25.1332
    3941      25.9749
    3942      25.8164
    3943      26.6616
    3944      27.1543
    3945      25.9402
    3946      26.6520
    3947      26.1460
    3948      25.8161
    3949      26.3814
    3950      25.7907
    3951      25.9359
    3952      27.0081
    3953      26.0990
    3954      26.5370
    3955      25.9267
    3956      25.8036
    3957      26.8251
    3958      27.4648
    3959      27.4370
    3960      27.6241
    3961      26.9211
    3962      26.4774
    3963      27.0410
    3964      27.2298
    3965      27.1506
    3966      25.8373
    3967      26.8023
    3968      24.9566
    3969      24.2160
    3970      25.4098
    3971      25.5336
    3972      25.5823
    3973      24.0913
    3974      24.4894
    3975      23.6543
    3976      25.4401
    3977      25.4140
    3978      26.4751
    3979      25.8004
    3980      26.3273
    3981      25.7079
    3982      25.3227
    3983      24.0653
    3984      24.4993
    3985      24.2632
    3986      24.5459
    3987      25.1739
    3988      25.9954
    3989      26.7874
    3990      27.0635
    3991      26.1983
    3992      25.4703
    3993      24.6517
    3994      24.1764
    3995      24.2252
    3996      25.4185
    3997      24.8581
    3998      24.8925
    3999      24.7620
    4000      25.2273
    4001      24.8673
    4002      25.2201
    4003      24.3979
    4004      24.3139
    4005      25.3372
    4006      24.5548
    4007      24.9126
    4008      24.5479
    4009      24.6845
    4010      25.5841
    4011      25.7065
    4012      25.4304
    4013      25.2268
    4014      25.2456
    4015      25.3396
    4016      23.8379
    4017      24.2440
    4018      24.4789
    4019      25.5280
    4020      25.0427
    4021      25.4555
    4022      24.9346
    4023      25.2056
    4024      24.7562
    4025      24.4695
    4026      25.8580
    4027      25.0902
    4028      25.7963
    4029      26.1295
    4030      26.2280
    4031      26.1522
    4032      25.8288
    4033      24.8064
    4034      24.7986
    4035      24.6236
    4036      23.7151
    4037      24.3751
    4038      24.5077
    4039      24.6873
    4040      25.3442
    4041      25.3639
    4042      24.8971
    4043      24.7655
    4044      26.0297
    4045      24.6768
    4046      25.5959
    4047      25.1105
    4048      24.6979
    4049      24.5798
    4050      24.0067
    4051      24.8666
    4052      25.3118
    4053      23.5374
    4054      24.4261
    4055      24.2299
    4056      25.1612
    4057      24.8338
    4058      25.6376
    4059      25.4242
    4060      26.5371
    4061      25.9530
    4062      25.8143
    4063      25.6697
    4064      25.4184
    4065      24.9141
    4066      25.7389
    4067      25.7771
    4068      25.1652
    4069      25.4084
    4070      25.1436
    4071      23.9660
    4072      24.8450
    4073      24.5261
    4074      25.1541
    4075      24.1682
    4076      24.6011
    4077      24.4312
    4078      24.8135
    4079      25.3763
    4080      26.2708
    4081      26.2222
    4082      26.3527
    4083      25.3973
    4084      25.6047
    4085      25.5644
    4086      26.0634
    4087      25.0653
    4088      25.6595
    4089      25.9425
    4090      26.0995
    4091      26.0102
    4092      26.0519
    4093      25.5789
    4094      26.6465
    4095      26.0708
    4096      26.4581
    4097      25.7761
    4098      25.5319
    4099      25.0125
    4100      25.2503
    4101      25.0325
    4102      25.3266
    4103      25.2100
    4104      25.0142
    4105      25.5533
    4106      25.4073
    4107      25.5831
    4108      24.2382
    4109      25.2241
    4110      24.9002
    4111      24.6910
    4112      25.0156
    4113      25.0230
    4114      25.1349
    4115      25.4256
    4116      25.2946
    4117      25.0634
    4118      24.9771
    4119      25.0571
    4120      24.7399
    4121      24.5808
    4122      24.2673
    4123      24.2139
    4124      24.1773
    4125      24.6635
    4126      24.9695
    4127      25.7921
    4128      25.3767
    4129      24.3185
    4130      24.4006
    4131      23.8693
    4132      24.5605
    4133      24.4625
    4134      25.2324
    4135      24.8243
    4136      24.4340
    4137      24.7626
    4138      24.4798
    4139      24.6538
    4140      26.0925
    4141      26.3983
    4142      26.6934
    4143      27.4077
    4144      27.2579
    4145      26.9118
    4146      27.7639
    4147      27.5774
    4148      26.6700
    4149      26.9674
    4150      25.8935
    4151      25.8666
    4152      26.7345
    4153      26.2986
    4154      27.0562
    4155      26.3913
    4156      26.3006
    4157      27.2787
    4158      27.0778
    4159      27.0332
    4160      26.2677
    4161      25.8953
    4162      26.0073
    4163      26.7362
    4164      26.5541
    4165      27.4041
    4166      26.3233
    4167      27.1734
    4168      26.9321
    4169      26.3372
    4170      26.9821
    4171      27.3660
    4172      27.8688
    4173      28.2735
    4174      27.0668
    4175      25.6213
    4176      26.6317
    4177      27.5680
    4178      26.7647
    4179      26.7643
    4180      25.7466
    4181      24.8226
    4182      25.1569
    4183      25.9737
    4184      25.3342
    4185      25.1837
    4186      26.3454
    4187      25.9163
    4188      26.0115
    4189      26.5016
    4190      26.0501
    4191      25.6410
    4192      25.5218
    4193      26.1247
    4194      26.1807
    4195      26.2334
    4196      25.6715
    4197      26.3719
    4198      26.4044
    4199      26.0010
    4200      25.9492
    4201      25.9504
    4202      24.7124
    4203      25.5825
    4204      26.0156
    4205      26.0033
    4206      26.2871
    4207      26.2641
    4208      25.9860
    4209      26.3404
    4210      26.8973
    4211      26.3720
    4212      27.2300
    4213      27.3512
    4214      27.2074
    4215      26.9811
    4216      27.5783
    4217      27.5838
    4218      27.0290
    4219      26.2061
    4220      25.7469
    4221      25.8106
    4222      25.1443
    4223      26.2511
    4224      26.4380
    4225      25.7165
    4226      25.9392
    4227      27.3805
    4228      26.7180
    4229      27.0188
    4230      27.1559
    4231      27.1085
    4232      26.8200
    4233      26.4553
    4234      25.7319
    4235      24.7811
    4236      24.6302
    4237      24.7212
    4238      24.8718
    4239      25.5364
    4240      25.6152
    4241      26.7264
    4242      25.1649
    4243      24.7309
    4244      24.6337
    4245      24.6280
    4246      25.6098
    4247      25.4290
    4248      25.4682
    4249      25.6855
    4250      25.8214
    4251      26.0221
    4252      27.3221
    4253      27.0121
    4254      26.2369
    4255      26.1308
    4256      26.2217
    4257      26.2246
    4258      26.1920
    4259      25.7826
    4260      26.1044
    4261      25.6821
    4262      26.1434
    4263      26.8716
    4264      25.9952
    4265      26.2910
    4266      25.8215
    4267      26.0598
    4268      26.4652
    4269      26.3826
    4270      25.8789
    4271      26.1263
    4272      24.7343
    4273      24.8580
    4274      25.8206
    4275      26.0870
    4276      25.0792
    4277      23.9944
    4278      23.6051
    4279      23.8855
    4280      24.2083
    4281      24.3970
    4282      23.4950
    4283      24.1877
    4284      23.5681
    4285      23.6783
    4286      23.9996
    4287      23.5855
    4288      23.3073
    4289      23.3892
    4290      23.0842
    4291      23.3307
    4292      22.8577
    4293      23.2467
    4294      24.0553
    4295      23.0962
    4296      22.5105
    4297      23.3460
    4298      23.2107
    4299      22.9219
    4300      22.9825
    4301      23.1403
    4302      23.5041
    4303      23.6383
    4304      23.5882
    4305      23.4079
    4306      24.1592
    4307      24.1377
    4308      24.2626
    4309      24.4416
    4310      23.5890
    4311      24.4780
    4312      25.6261
    4313      25.9182
    4314      25.7520
    4315      25.8700
    4316      26.3928
    4317      26.1219
    4318      25.6867
    4319      25.9537
    4320      25.2306
    4321      25.3574
    4322      25.3119
    4323      25.9384
    4324      26.0198
    4325      26.2537
    4326      25.6411
    4327      25.7270
    4328      24.8749
    4329      25.3832
    4330      25.9751
    4331      25.6037
    4332      25.5947
    4333      26.1110
    4334      25.7859
    4335      25.8266
    4336      26.7366
    4337      26.6432
    4338      25.7171
    4339      25.8969
    4340      25.8343
    4341      25.5061
    4342      25.9052
    4343      26.1276
    4344      26.0898
    4345      26.0060
    4346      26.2158
    4347      24.7615
    4348      25.1395
    4349      24.5472
    4350      24.8406
    4351      25.8713
    4352      26.1226
    4353      26.0457
    4354      25.6035
    4355      25.4282
    4356      25.1630
    4357      26.1032
    4358      26.3467
    4359      25.9431
    4360      25.0274
    4361      24.1068
    4362      24.8063
    4363      25.3964
    4364      26.3367
    4365      25.7829
    4366      26.1538
    4367      26.8902
    4368      26.6820
    4369      27.0648
    4370      27.0566
    4371      26.6592
    4372      26.0323
    4373      27.2729
    4374      27.2477
    4375      27.2156
    4376      27.7236
    4377      27.1801
    4378      26.2889
    4379      26.0756
    4380      26.3771
    4381      27.2689
    4382      27.4651
    4383      26.9938
    4384      27.5266
    4385      27.6406
    4386      27.0228
    4387      27.1299
    4388      26.2706
    4389      25.9893
    4390      26.7977
    4391      26.9961
    4392      26.5805
    4393      26.6799
    4394      26.1533
    4395      27.0840
    4396      27.2658
    4397      27.5575
    4398      28.1595
    4399      28.3517
    4400      28.2033
    4401      28.0523
    4402      27.3810
    4403      26.6345
    4404      27.3851
    4405      27.8506
    4406      26.3891
    4407      26.6442
    4408      26.3116
    4409      25.9356
    4410      26.8749
    4411      27.1553
    4412      27.3385
    4413      26.7352
    4414      25.5831
    4415      26.4520
    4416      26.3864
    4417      25.7351
    4418      26.3241
    4419      26.0721
    4420      26.9508
    4421      27.4579
    4422      26.4058
    4423      25.8966
    4424      25.8644
    4425      25.1536
    4426      26.1472
    4427      26.0018
    4428      26.3104
    4429      25.2270
    4430      25.4657
    4431      24.8057
    4432      25.6315
    4433      23.9878
    4434      23.8050
    4435      24.3446
    4436      24.7352
    4437      24.9340
    4438      25.3054
    4439      25.9910
    4440      25.4436
    4441      24.8886
    4442      24.4116
    4443      24.1954
    4444      24.1001
    4445      24.4698
    4446      24.6867
    4447      24.3336
    4448      25.3190
    4449      24.7666
    4450      24.7194
    4451      25.0865
    4452      25.4444
    4453      25.6083
    4454      25.4077
    4455      25.8429
    4456      26.4884
    4457      26.3909
    4458      26.4410
    4459      26.7533
    4460      26.1414
    4461      25.9515
    4462      26.7984
    4463      26.8688
    4464      27.3154
    4465      26.7352
    4466      27.3090
    4467      27.2375
    4468      26.8350
    4469      26.9615
    4470      26.7350
    4471      25.8387
    4472      25.6533
    4473      26.6580
    4474      27.4676
    4475      28.3225
    4476      28.6402
    4477      28.4898
    4478      27.4296
    4479      27.7939
    4480      27.3566
    4481      26.9215
    4482      26.9649
    4483      27.5529
    4484      26.8787
    4485      26.6592
    4486      26.8613
    4487      26.8301
    4488      25.8567
    4489      26.3438
    4490      26.8282
    4491      26.0130
    4492      25.0945
    4493      25.5039
    4494      26.1721
    4495      25.7171
    4496      25.8914
    4497      26.4224
    4498      25.9587
    4499      25.7029
    4500      24.9324
    4501      25.4218
    4502      25.1149
    4503      25.4423
    4504      25.6376
    4505      25.4130
    4506      24.9636
    4507      25.1921
    4508      25.0125
    4509      24.1157
    4510      25.3286
    4511      24.1429
    4512      24.3885
    4513      24.3010
    4514      24.5296
    4515      24.2971
    4516      23.3504
    4517      23.8420
    4518      23.5813
    4519      24.5603
    4520      24.9949
    4521      25.3226
    4522      25.2416
    4523      25.8998
    4524      26.2246
    4525      25.7927
    4526      25.4339
    4527      24.9660
    4528      24.9528
    4529      25.9597
    4530      24.8260
    4531      24.8144
    4532      24.6487
    4533      24.8356
    4534      24.6458
    4535      24.6029
    4536      24.6361
    4537      24.2538
    4538      24.4248
    4539      23.7168
    4540      24.6308
    4541      26.1339
    4542      25.4024
    4543      24.4994
    4544      24.0020
    4545      23.6961
    4546      23.9301
    4547      23.1941
    4548      24.0954
    4549      25.7458
    4550      26.9826
    4551      25.7481
    4552      25.4732
    4553      25.7092
    4554      25.0142
    4555      25.7900
    4556      26.2869
    4557      26.7061
    4558      25.6034
    4559      25.6685
    4560      25.8819
    4561      25.9108
    4562      26.9042
    4563      26.1438
    4564      25.7999
    4565      25.2915
    4566      24.7700
    4567      24.5827
    4568      25.0837
    4569      24.5085
    4570      23.6055
    4571      23.8341
    4572      24.3694
    4573      25.2361
    4574      24.8681
    4575      24.7343
    4576      26.0405
    4577      25.0008
    4578      25.4508
    4579      26.2865
    4580      25.3043
    4581      24.3712
    4582      24.3644
    4583      24.5791
    4584      25.0912
    4585      25.8660
    4586      24.9579
    4587      24.4573
    4588      25.0723
    4589      25.4827
    4590      25.4936
    4591      27.0442
    4592      26.0935
    4593      26.6825
    4594      26.6972
    4595      26.7889
    4596      26.3936
    4597      26.2626
    4598      25.4356
    4599      25.2698
    4600      25.4348
    4601      25.5767
    4602      26.1714
    4603      26.4770
    4604      25.9003
    4605      26.7922
    4606      26.3351
    4607      26.5432
    4608      25.3973
    4609      26.1961
    4610      26.4047
    4611      26.5507
    4612      26.0518
    4613      25.7235
    4614      26.1707
    4615      26.3812
    4616      25.9217
    4617      25.3354
    4618      25.7245
    4619      24.8297
    4620      25.2507
    4621      24.2208
    4622      24.9578
    4623      24.5589
    4624      24.5385
    4625      24.1873
    4626      24.0179
    4627      24.2298
    4628      24.2982
    4629      25.2213
    4630      25.8078
    4631      26.6318
    4632      25.8033
    4633      25.7234
    4634      25.9616
    4635      25.8111
    4636      24.5241
    4637      25.6358
    4638      26.1338
    4639      26.0623
    4640      27.0127
    4641      26.7000
    4642      26.8284
    4643      27.3371
    4644      27.2607
    4645      28.0916
    4646      27.8823
    4647      27.5386
    4648      27.1750
    4649      27.1910
    4650      27.4616
    4651      27.0207
    4652      26.8233
    4653      26.3067
    4654      25.6556
    4655      27.0993
    4656      27.0419
    4657      27.6808
    4658      26.4694
    4659      27.5708
    4660      26.5794
    4661      26.3055
    4662      25.8083
    4663      25.8882
    4664      25.4066
    4665      24.4658
    4666      25.3093
    4667      24.7940
    4668      24.8141
    4669      24.5863
    4670      23.7026
    4671      24.7909
    4672      24.9503
    4673      26.0037
    4674      26.2406
    4675      25.6537
    4676      25.8833
    4677      25.3340
    4678      27.1597
    4679      26.7103
    4680      27.3612
    4681      26.3158
    4682      26.9287
    4683      26.1528
    4684      26.1316
    4685      26.4613
    4686      26.0316
    4687      25.9885
    4688      27.0849
    4689      25.7374
    4690      25.9119
    4691      25.8030
    4692      25.0932
    4693      25.5896
    4694      25.6657
    4695      24.7652
    4696      25.7230
    4697      26.6741
    4698      25.6759
    4699      25.5239
    4700      25.4515
    4701      25.6214
    4702      24.9790
    4703      25.9647
    4704      26.2114
    4705      25.9486
    4706      25.5685
    4707      26.2864
    4708      25.3149
    4709      25.1775
    4710      25.4051
    4711      24.6365
    4712      25.6535
    4713      25.5502
    4714      25.7177
    4715      26.3550
    4716      26.4139
    4717      26.5505
    4718      26.9343
    4719      26.9412
    4720      27.9472
    4721      27.7603
    4722      26.7191
    4723      25.9793
    4724      26.2770
    4725      26.4641
    4726      26.2953
    4727      26.1209
    4728      26.5518
    4729      26.4659
    4730      26.4163
    4731      25.7990
    4732      25.4590
    4733      25.6831
    4734      25.8155
    4735      25.2414
    4736      25.1803
    4737      26.1603
    4738      26.7699
    4739      26.2640
    4740      25.6802
    4741      25.0743
    4742      25.4910
    4743      25.1220
    4744      25.3569
    4745      25.3079
    4746      25.4631
    4747      24.9069
    4748      24.9077
    4749      25.1106
    4750      25.2568
    4751      23.8992
    4752      23.8254
    4753      23.0485
    4754      23.5664
    4755      23.8683
    4756      23.4369
    4757      23.6045
    4758      23.7875
    4759      23.1547
    4760      23.7216
    4761      24.1112
    4762      23.5542
    4763      24.8597
    4764      24.3558
    4765      24.4512
    4766      25.2865
    4767      25.0337
    4768      24.7099
    4769      25.0848
    4770      25.7177
    4771      26.2380
    4772      26.6746
    4773      26.6613
    4774      26.6640
    4775      27.1010
    4776      27.5677
    4777      27.4092
    4778      27.3984
    4779      27.5590
    4780      26.7887
    4781      26.8040
    4782      27.7207
    4783      26.6667
    4784      27.1774
    4785      27.4301
    4786      26.8434
    4787      27.0573
    4788      26.5909
    4789      26.8286
    4790      28.2417
    4791      27.4616
    4792      26.9669
    4793      26.8816
    4794      26.2621
    4795      25.8912
    4796      26.3819
    4797      26.3157
    4798      26.1976
    4799      26.4390
    4800      26.8417
    4801      25.8800
    4802      25.6282
    4803      25.4263
    4804      24.7522
    4805      25.3748
    4806      25.5269
    4807      26.5469
    4808      26.0894
    4809      24.7422
    4810      24.6091
    4811      24.3992
    4812      24.9703
    4813      25.1213
    4814      25.7229
    4815      25.7773
    4816      26.7405
    4817      26.1780
    4818      26.1856
    4819      25.9490
    4820      26.4696
    4821      27.0348
    4822      25.6955
    4823      25.4542
    4824      25.9640
    4825      25.8384
    4826      27.2882
    4827      26.4212
    4828      26.0019
    4829      26.1102
    4830      25.3805
    4831      26.1354
    4832      26.1869
    4833      27.4870
    4834      26.8382
    4835      26.7037
    4836      27.0178
    4837      25.9273
    4838      25.1625
    4839      25.3042
    4840      25.1481
    4841      25.5528
    4842      26.1860
    4843      27.6699
    4844      27.3722
    4845      27.8101
    4846      27.0456
    4847      26.8820
    4848      26.4153
    4849      26.2644
    4850      26.9767
    4851      27.1037
    4852      26.4449
    4853      26.7128
    4854      27.1347
    4855      26.8453
    4856      26.6193
    4857      26.6389
    4858      27.0623
    4859      27.2342
    4860      28.3579
    4861      27.2476
    4862      28.0157
    4863      26.7634
    4864      27.3762
    4865      26.5304
    4866      26.5858
    4867      26.6830
    4868      25.9412
    4869      25.6108
    4870      25.9281
    4871      25.4578
    4872      26.5292
    4873      25.8655
    4874      25.3794
    4875      26.5020
    4876      27.2308
    4877      25.7642
    4878      27.3815
    4879      27.1272
    4880      26.6775
    4881      26.7791
    4882      26.9400
    4883      26.0196
    4884      26.9758
    4885      26.0033
    4886      25.9509
    4887      26.4926
    4888      26.4253
    4889      26.5735
    4890      26.7598
    4891      26.8160
    4892      26.5927
    4893      26.4826
    4894      26.6729
    4895      26.4009
    4896      26.9054
    4897      27.5488
    4898      28.0592
    4899      26.7603
    4900      26.6461
    4901      26.4428
    4902      26.0829
    4903      27.0488
    4904      27.5468
    4905      27.5248
    4906      27.3064
    4907      26.7488
    4908      26.1746
    4909      26.8613
    4910      25.7166
    4911      26.0595
    4912      26.1225
    4913      25.6443
    4914      26.1684
    4915      27.1024
    4916      26.9661
    4917      27.8233
    4918      27.4774
    4919      27.6486
    4920      28.0381
    4921      26.8057
    4922      27.7926
    4923      27.2412
    4924      26.5540
    4925      26.0575
    4926      26.4930
    4927      27.2582
    4928      27.7202
    4929      27.1896
    4930      26.4362
    4931      25.9452
    4932      26.2803
    4933      26.0290
    4934      26.1558
    4935      26.7486
    4936      27.5819
    4937      27.6005
    4938      27.2601
    4939      27.5777
    4940      26.5654
    4941      27.3894
    4942      27.1937
    4943      27.1786
    4944      26.9801
    4945      27.6570
    4946      26.9495
    4947      26.7206
    4948      27.3771
    4949      26.5018
    4950      24.8754
    4951      25.9883
    4952      25.4503
    4953      25.9631
    4954      26.5827
    4955      26.3792
    4956      25.2246
    4957      25.7469
    4958      26.0782
    4959      25.4344
    4960      25.7411
    4961      26.1224
    4962      26.1076
    4963      25.8931
    4964      25.9524
    4965      26.2166
    4966      25.2070
    4967      24.4207
    4968      25.1032
    4969      25.8375
    4970      26.6454
    4971      25.1060
    4972      24.7855
    4973      24.4677
    4974      25.1247
    4975      25.3165
    4976      25.8139
    4977      26.3544
    4978      26.5634
    4979      25.7471
    4980      26.3837
    4981      26.1433
    4982      25.9388
    4983      26.0753
    4984      25.5027
    4985      26.2730
    4986      26.7079
    4987      25.9925
    4988      26.3259
    4989      26.4175
    4990      27.2025
    4991      26.9543
    4992      27.0839
    4993      26.7691
    4994      27.1885
    4995      26.1547
    4996      25.4467
    4997      26.1770
    4998      25.9828
    4999      25.9526
    5000      26.4008
