#Frame   TailPolymerHeavy4A
       1                 20
       2                 19
       3                 17
       4                 18
       5                 17
       6                 20
       7                 17
       8                 18
       9                 14
      10                 16
      11                 22
      12                 13
      13                 17
      14                 21
      15                 20
      16                 18
      17                 21
      18                 22
      19                 18
      20                 18
      21                 19
      22                 21
      23                 14
      24                 20
      25                 17
      26                 18
      27                 21
      28                 18
      29                 11
      30                 23
      31                 16
      32                 22
      33                 23
      34                 17
      35                 16
      36                 27
      37                 23
      38                 25
      39                 18
      40                 21
      41                 17
      42                 22
      43                 19
      44                 21
      45                 19
      46                 20
      47                 20
      48                 20
      49                 22
      50                 18
      51                 21
      52                 18
      53                 18
      54                 16
      55                 15
      56                 13
      57                 18
      58                 18
      59                 13
      60                 16
      61                 14
      62                 17
      63                 15
      64                 14
      65                 21
      66                 12
      67                 22
      68                 16
      69                 22
      70                 15
      71                 14
      72                  9
      73                 17
      74                 20
      75                 18
      76                 19
      77                 21
      78                 18
      79                 19
      80                 14
      81                 18
      82                 16
      83                 17
      84                 21
      85                 22
      86                 20
      87                 23
      88                 19
      89                 21
      90                 23
      91                 21
      92                 18
      93                 18
      94                 16
      95                 17
      96                 19
      97                 18
      98                 20
      99                 14
     100                  9
     101                 13
     102                 17
     103                 23
     104                 15
     105                 16
     106                 17
     107                 16
     108                 18
     109                 12
     110                 17
     111                 19
     112                 16
     113                 11
     114                 16
     115                 16
     116                 17
     117                 14
     118                 14
     119                 20
     120                 13
     121                 14
     122                 15
     123                 12
     124                 17
     125                 15
     126                 18
     127                 15
     128                 18
     129                 15
     130                 15
     131                 14
     132                 10
     133                  9
     134                 16
     135                 19
     136                 15
     137                 16
     138                 16
     139                 16
     140                 15
     141                 17
     142                 15
     143                 15
     144                 15
     145                 16
     146                 18
     147                 21
     148                 14
     149                 18
     150                 13
     151                 19
     152                 12
     153                 19
     154                 18
     155                 17
     156                 18
     157                 20
     158                 18
     159                 18
     160                 19
     161                 16
     162                 21
     163                 19
     164                 17
     165                 19
     166                 19
     167                 16
     168                 18
     169                 14
     170                 17
     171                 17
     172                 17
     173                 17
     174                 16
     175                 19
     176                 14
     177                 16
     178                 15
     179                 17
     180                 18
     181                 20
     182                 16
     183                 16
     184                 14
     185                 17
     186                 17
     187                 18
     188                 18
     189                  8
     190                 17
     191                 13
     192                  7
     193                 10
     194                  9
     195                 11
     196                 13
     197                 17
     198                 17
     199                 14
     200                 17
     201                 16
     202                 18
     203                 15
     204                 17
     205                 16
     206                 17
     207                 21
     208                 14
     209                 15
     210                 21
     211                 15
     212                 18
     213                 19
     214                 18
     215                 16
     216                 20
     217                 14
     218                 15
     219                 17
     220                 20
     221                 12
     222                 13
     223                 13
     224                 18
     225                 17
     226                 16
     227                 17
     228                 13
     229                 14
     230                 13
     231                  8
     232                 15
     233                 15
     234                 17
     235                 17
     236                 17
     237                 16
     238                 19
     239                 10
     240                 14
     241                 18
     242                 16
     243                 15
     244                 16
     245                 15
     246                 17
     247                 20
     248                 12
     249                 19
     250                 14
     251                 16
     252                 15
     253                 18
     254                 12
     255                 17
     256                 19
     257                 18
     258                 13
     259                 17
     260                 15
     261                 17
     262                 19
     263                 16
     264                 17
     265                 18
     266                 16
     267                 14
     268                 18
     269                 16
     270                 15
     271                 14
     272                 15
     273                 16
     274                 12
     275                 13
     276                 15
     277                 16
     278                 15
     279                 16
     280                 14
     281                 17
     282                 19
     283                 18
     284                 11
     285                 18
     286                 16
     287                 13
     288                 16
     289                 14
     290                 16
     291                 10
     292                 11
     293                 14
     294                 15
     295                 16
     296                 14
     297                 16
     298                 16
     299                 12
     300                 17
     301                 15
     302                 13
     303                 11
     304                 18
     305                 18
     306                 19
     307                 16
     308                 15
     309                 16
     310                 15
     311                 17
     312                 19
     313                 19
     314                 20
     315                 12
     316                 15
     317                 18
     318                 18
     319                 18
     320                 16
     321                 18
     322                 17
     323                 17
     324                 15
     325                 15
     326                 13
     327                 16
     328                 12
     329                 16
     330                 13
     331                 15
     332                 15
     333                 16
     334                 17
     335                 16
     336                 14
     337                 17
     338                 19
     339                 14
     340                 13
     341                 16
     342                 15
     343                 13
     344                 16
     345                 13
     346                 12
     347                 10
     348                 14
     349                 17
     350                 17
     351                 16
     352                 18
     353                 17
     354                 19
     355                 17
     356                 16
     357                 13
     358                 10
     359                 17
     360                 17
     361                 13
     362                 14
     363                 16
     364                 22
     365                 18
     366                 17
     367                 13
     368                 15
     369                 17
     370                 16
     371                 15
     372                 16
     373                 13
     374                 15
     375                 12
     376                 19
     377                 12
     378                 18
     379                 18
     380                 16
     381                 19
     382                 19
     383                 19
     384                 17
     385                 19
     386                 20
     387                 17
     388                 18
     389                 13
     390                 14
     391                 17
     392                 16
     393                 17
     394                 16
     395                 18
     396                 14
     397                 14
     398                 13
     399                  6
     400                 14
     401                 11
     402                 13
     403                 18
     404                 18
     405                 20
     406                 13
     407                 14
     408                 17
     409                 20
     410                 10
     411                 17
     412                 12
     413                 17
     414                 15
     415                 15
     416                 15
     417                 18
     418                 14
     419                 16
     420                 17
     421                 17
     422                 17
     423                 18
     424                 13
     425                 15
     426                 13
     427                  9
     428                 13
     429                 11
     430                  9
     431                 11
     432                 14
     433                 20
     434                 17
     435                 14
     436                 17
     437                 11
     438                 18
     439                 18
     440                 13
     441                 15
     442                 14
     443                 18
     444                 17
     445                 18
     446                 17
     447                 22
     448                 19
     449                 12
     450                 21
     451                 20
     452                 19
     453                 16
     454                 16
     455                 17
     456                 14
     457                 21
     458                 21
     459                 18
     460                 17
     461                 14
     462                 18
     463                 20
     464                 15
     465                 20
     466                 18
     467                 18
     468                 18
     469                 16
     470                 16
     471                 17
     472                 14
     473                 14
     474                 19
     475                 20
     476                 17
     477                 18
     478                 18
     479                 17
     480                 18
     481                 18
     482                 16
     483                 21
     484                 21
     485                 19
     486                 15
     487                 14
     488                 15
     489                 17
     490                 12
     491                 13
     492                 14
     493                 15
     494                 14
     495                 14
     496                 13
     497                 13
     498                 14
     499                 18
     500                 16
     501                 14
     502                 19
     503                 15
     504                 17
     505                 16
     506                 15
     507                 16
     508                 17
     509                 20
     510                 16
     511                 15
     512                 14
     513                 15
     514                 16
     515                 18
     516                 11
     517                 20
     518                 23
     519                 16
     520                 18
     521                 19
     522                 19
     523                 13
     524                 18
     525                 18
     526                 16
     527                 18
     528                 15
     529                 17
     530                 11
     531                 15
     532                 15
     533                  7
     534                 15
     535                 14
     536                 14
     537                 19
     538                 20
     539                 18
     540                 14
     541                 18
     542                 14
     543                 19
     544                 13
     545                 15
     546                 17
     547                 16
     548                 20
     549                 13
     550                 16
     551                 18
     552                 20
     553                 17
     554                 17
     555                 18
     556                 20
     557                 23
     558                 21
     559                 23
     560                 17
     561                 20
     562                 19
     563                 18
     564                 19
     565                 18
     566                 16
     567                 20
     568                  9
     569                 16
     570                 14
     571                 17
     572                 18
     573                 10
     574                 15
     575                 15
     576                 16
     577                 17
     578                 19
     579                 13
     580                 17
     581                 17
     582                 15
     583                 17
     584                 14
     585                 11
     586                  8
     587                 17
     588                 18
     589                 18
     590                 17
     591                 19
     592                 19
     593                 19
     594                 17
     595                 18
     596                 21
     597                 19
     598                 18
     599                 13
     600                 15
     601                 16
     602                 18
     603                 19
     604                 16
     605                 21
     606                 15
     607                 10
     608                 15
     609                 19
     610                 12
     611                 16
     612                 19
     613                 15
     614                 20
     615                 17
     616                 21
     617                 16
     618                 20
     619                 18
     620                 15
     621                 13
     622                  6
     623                 13
     624                 11
     625                 11
     626                 16
     627                 18
     628                 14
     629                 19
     630                 19
     631                 17
     632                 20
     633                 18
     634                 18
     635                 14
     636                 16
     637                 13
     638                 19
     639                 18
     640                 12
     641                 15
     642                 14
     643                 17
     644                 16
     645                 19
     646                 18
     647                 17
     648                 19
     649                 16
     650                 20
     651                 17
     652                 20
     653                 17
     654                 17
     655                 18
     656                 15
     657                 17
     658                 18
     659                 15
     660                 18
     661                 17
     662                 21
     663                 16
     664                 16
     665                 20
     666                 21
     667                 16
     668                 15
     669                 15
     670                 19
     671                 19
     672                 15
     673                 21
     674                 16
     675                 16
     676                 19
     677                 17
     678                 18
     679                 23
     680                 21
     681                 16
     682                 13
     683                 22
     684                 20
     685                 22
     686                 23
     687                 19
     688                 22
     689                 11
     690                 20
     691                 16
     692                 14
     693                 15
     694                 17
     695                 16
     696                 17
     697                 19
     698                 17
     699                 16
     700                 13
     701                 16
     702                 15
     703                 21
     704                 17
     705                 20
     706                 18
     707                 16
     708                 17
     709                 20
     710                 17
     711                 15
     712                 18
     713                 15
     714                 18
     715                 15
     716                 12
     717                 14
     718                 16
     719                 15
     720                 16
     721                 19
     722                 18
     723                 15
     724                 13
     725                 22
     726                 20
     727                 16
     728                 22
     729                 22
     730                 18
     731                 15
     732                 17
     733                 15
     734                 20
     735                 18
     736                 17
     737                 19
     738                 21
     739                 19
     740                 17
     741                 23
     742                 21
     743                 22
     744                 21
     745                 10
     746                 14
     747                 24
     748                 22
     749                 23
     750                 20
     751                 17
     752                 16
     753                 24
     754                 22
     755                 25
     756                 20
     757                 20
     758                 21
     759                 24
     760                 22
     761                 23
     762                 16
     763                 17
     764                 21
     765                 20
     766                 20
     767                 19
     768                 17
     769                 20
     770                 21
     771                 22
     772                 20
     773                 22
     774                 20
     775                 12
     776                 17
     777                 17
     778                 27
     779                 22
     780                 18
     781                 19
     782                 20
     783                 24
     784                 22
     785                 20
     786                 23
     787                 21
     788                 21
     789                 24
     790                 23
     791                 21
     792                 17
     793                 23
     794                 18
     795                 22
     796                 23
     797                 20
     798                 18
     799                 19
     800                 18
     801                 18
     802                 22
     803                 20
     804                 23
     805                 22
     806                 19
     807                 22
     808                 23
     809                 17
     810                 19
     811                 21
     812                 21
     813                 22
     814                 20
     815                 16
     816                 20
     817                 19
     818                 17
     819                 18
     820                 18
     821                 20
     822                 20
     823                 22
     824                 18
     825                 19
     826                 15
     827                 17
     828                 18
     829                 19
     830                 18
     831                 20
     832                 19
     833                 19
     834                 21
     835                 22
     836                 15
     837                 20
     838                 21
     839                 20
     840                 24
     841                 21
     842                 20
     843                 15
     844                 17
     845                 22
     846                 16
     847                 17
     848                 19
     849                 16
     850                 21
     851                 19
     852                 18
     853                 17
     854                 18
     855                 21
     856                 16
     857                 17
     858                 20
     859                 19
     860                 18
     861                 20
     862                 15
     863                 19
     864                 19
     865                 19
     866                 22
     867                 20
     868                 20
     869                 19
     870                 21
     871                 20
     872                 16
     873                 17
     874                 18
     875                 20
     876                 16
     877                 17
     878                 16
     879                 15
     880                 12
     881                 19
     882                 20
     883                 22
     884                 23
     885                 21
     886                 22
     887                 17
     888                 22
     889                 20
     890                 18
     891                 24
     892                 18
     893                 17
     894                 19
     895                 24
     896                 19
     897                 21
     898                 14
     899                 15
     900                 17
     901                 20
     902                 12
     903                 14
     904                 12
     905                 22
     906                 20
     907                 15
     908                 16
     909                 14
     910                 18
     911                 16
     912                 19
     913                 16
     914                 21
     915                 21
     916                 21
     917                 23
     918                 21
     919                 21
     920                 22
     921                 17
     922                 18
     923                 24
     924                 23
     925                 21
     926                 23
     927                 23
     928                 21
     929                 18
     930                 17
     931                 20
     932                 16
     933                 21
     934                 23
     935                 19
     936                 20
     937                 15
     938                 19
     939                 20
     940                 19
     941                 16
     942                 19
     943                 18
     944                 21
     945                 20
     946                 22
     947                 16
     948                 14
     949                 20
     950                 17
     951                 13
     952                 19
     953                 15
     954                 18
     955                 16
     956                 18
     957                 15
     958                 16
     959                 21
     960                 15
     961                 14
     962                 14
     963                 13
     964                 21
     965                 22
     966                 16
     967                 18
     968                 19
     969                 19
     970                 20
     971                 17
     972                 18
     973                 20
     974                 18
     975                 16
     976                 19
     977                 21
     978                 23
     979                 22
     980                 18
     981                 16
     982                 19
     983                 20
     984                 20
     985                 21
     986                 19
     987                 17
     988                 19
     989                 18
     990                 14
     991                 16
     992                 23
     993                 22
     994                 19
     995                 17
     996                 23
     997                 22
     998                 18
     999                 16
    1000                 16
    1001                 19
    1002                 21
    1003                 19
    1004                 20
    1005                 17
    1006                 17
    1007                 18
    1008                 19
    1009                 15
    1010                 15
    1011                 16
    1012                 20
    1013                 17
    1014                 16
    1015                 17
    1016                 19
    1017                 18
    1018                 18
    1019                 16
    1020                 15
    1021                 16
    1022                 18
    1023                 17
    1024                 22
    1025                 15
    1026                 20
    1027                 17
    1028                 20
    1029                 19
    1030                 16
    1031                 22
    1032                 21
    1033                 16
    1034                 17
    1035                 20
    1036                 21
    1037                 21
    1038                 17
    1039                 19
    1040                 19
    1041                 18
    1042                 19
    1043                 21
    1044                 17
    1045                 15
    1046                 18
    1047                 18
    1048                 19
    1049                 18
    1050                 18
    1051                 19
    1052                 19
    1053                 14
    1054                 18
    1055                 15
    1056                 19
    1057                 18
    1058                 22
    1059                 22
    1060                 20
    1061                 14
    1062                 18
    1063                 19
    1064                 19
    1065                 21
    1066                 18
    1067                 23
    1068                 20
    1069                 20
    1070                 19
    1071                 16
    1072                 20
    1073                 24
    1074                 19
    1075                 21
    1076                 23
    1077                 26
    1078                 23
    1079                 16
    1080                 19
    1081                 22
    1082                 24
    1083                 16
    1084                 19
    1085                 15
    1086                 19
    1087                 21
    1088                 22
    1089                 26
    1090                 16
    1091                 21
    1092                 10
    1093                 19
    1094                 19
    1095                 19
    1096                 16
    1097                 14
    1098                 22
    1099                 22
    1100                 26
    1101                 21
    1102                 20
    1103                 22
    1104                 23
    1105                 13
    1106                 20
    1107                 20
    1108                 18
    1109                 20
    1110                 17
    1111                 17
    1112                 24
    1113                 22
    1114                 22
    1115                 23
    1116                 21
    1117                 24
    1118                 24
    1119                 19
    1120                 19
    1121                 17
    1122                 22
    1123                 21
    1124                 21
    1125                 15
    1126                 14
    1127                 16
    1128                 16
    1129                 19
    1130                 19
    1131                 21
    1132                 18
    1133                 18
    1134                 20
    1135                 20
    1136                 18
    1137                 18
    1138                 17
    1139                 17
    1140                 19
    1141                 17
    1142                 17
    1143                 15
    1144                 11
    1145                 19
    1146                 18
    1147                 15
    1148                 17
    1149                 18
    1150                 19
    1151                 18
    1152                 18
    1153                 17
    1154                 20
    1155                 25
    1156                 18
    1157                 15
    1158                 16
    1159                 17
    1160                 14
    1161                 16
    1162                 13
    1163                 14
    1164                 17
    1165                 18
    1166                 16
    1167                 16
    1168                 15
    1169                 15
    1170                 18
    1171                 14
    1172                 15
    1173                 12
    1174                 16
    1175                 13
    1176                 14
    1177                 10
    1178                 16
    1179                 15
    1180                 15
    1181                 13
    1182                 11
    1183                 14
    1184                 19
    1185                 17
    1186                 15
    1187                 14
    1188                 15
    1189                 16
    1190                 17
    1191                 16
    1192                 19
    1193                 17
    1194                 15
    1195                 18
    1196                 17
    1197                 15
    1198                 15
    1199                 13
    1200                 15
    1201                 15
    1202                 16
    1203                 16
    1204                 20
    1205                 19
    1206                 14
    1207                 17
    1208                 17
    1209                 19
    1210                 18
    1211                 21
    1212                 20
    1213                 20
    1214                 18
    1215                 16
    1216                 18
    1217                 21
    1218                 22
    1219                 23
    1220                 19
    1221                 20
    1222                 20
    1223                 24
    1224                 17
    1225                 18
    1226                 19
    1227                 22
    1228                 20
    1229                 20
    1230                 24
    1231                 23
    1232                 23
    1233                 23
    1234                 17
    1235                 17
    1236                 15
    1237                 16
    1238                 18
    1239                 17
    1240                 19
    1241                 17
    1242                 18
    1243                 17
    1244                 12
    1245                 20
    1246                 15
    1247                 18
    1248                 21
    1249                 17
    1250                 20
    1251                 19
    1252                 12
    1253                 21
    1254                 17
    1255                 26
    1256                 20
    1257                 20
    1258                 20
    1259                 20
    1260                 16
    1261                 19
    1262                 17
    1263                 20
    1264                 17
    1265                 17
    1266                 20
    1267                 15
    1268                 19
    1269                 16
    1270                 16
    1271                 14
    1272                 18
    1273                 16
    1274                 15
    1275                 19
    1276                 19
    1277                 17
    1278                 21
    1279                 15
    1280                 21
    1281                 19
    1282                 20
    1283                 19
    1284                 20
    1285                 18
    1286                 18
    1287                 19
    1288                 19
    1289                 17
    1290                 21
    1291                 19
    1292                 17
    1293                 15
    1294                 18
    1295                 15
    1296                 16
    1297                 14
    1298                 20
    1299                 19
    1300                 13
    1301                 19
    1302                 21
    1303                 16
    1304                 18
    1305                 19
    1306                 16
    1307                 18
    1308                 16
    1309                 15
    1310                 14
    1311                 19
    1312                 13
    1313                 15
    1314                 11
    1315                 21
    1316                 17
    1317                 18
    1318                 17
    1319                 14
    1320                 16
    1321                 15
    1322                 22
    1323                 19
    1324                 15
    1325                 19
    1326                 14
    1327                 18
    1328                 19
    1329                 13
    1330                 21
    1331                 20
    1332                 23
    1333                 17
    1334                 21
    1335                 19
    1336                 17
    1337                 19
    1338                 17
    1339                 16
    1340                 18
    1341                 16
    1342                 17
    1343                 18
    1344                 19
    1345                 15
    1346                 13
    1347                 13
    1348                 18
    1349                 21
    1350                 16
    1351                 15
    1352                 19
    1353                 18
    1354                 17
    1355                 13
    1356                 12
    1357                 19
    1358                 10
    1359                 16
    1360                 16
    1361                 19
    1362                 18
    1363                 18
    1364                 20
    1365                 17
    1366                 17
    1367                 16
    1368                 15
    1369                 21
    1370                 21
    1371                 19
    1372                 20
    1373                 18
    1374                 22
    1375                 21
    1376                 18
    1377                 18
    1378                 12
    1379                 13
    1380                 14
    1381                 18
    1382                 18
    1383                 10
    1384                 15
    1385                 16
    1386                 19
    1387                 22
    1388                 20
    1389                 13
    1390                 22
    1391                 17
    1392                 18
    1393                 16
    1394                 15
    1395                 20
    1396                 19
    1397                 14
    1398                 16
    1399                 16
    1400                 12
    1401                 15
    1402                 13
    1403                 13
    1404                 18
    1405                 14
    1406                 17
    1407                 17
    1408                 19
    1409                 18
    1410                 18
    1411                 16
    1412                 16
    1413                 17
    1414                 16
    1415                 18
    1416                 19
    1417                 17
    1418                 18
    1419                 18
    1420                 17
    1421                 19
    1422                 19
    1423                 18
    1424                 19
    1425                 16
    1426                 16
    1427                 16
    1428                 16
    1429                 15
    1430                 18
    1431                 14
    1432                 18
    1433                 20
    1434                 14
    1435                 13
    1436                 23
    1437                 19
    1438                 25
    1439                 22
    1440                 22
    1441                 18
    1442                 18
    1443                 26
    1444                 18
    1445                 28
    1446                 15
    1447                 17
    1448                 21
    1449                 20
    1450                 16
    1451                 22
    1452                 16
    1453                 18
    1454                 19
    1455                 17
    1456                 19
    1457                 20
    1458                 14
    1459                 21
    1460                 21
    1461                 23
    1462                 21
    1463                 25
    1464                 16
    1465                 20
    1466                 26
    1467                 25
    1468                 25
    1469                 21
    1470                 16
    1471                 19
    1472                 20
    1473                 20
    1474                 18
    1475                 16
    1476                 20
    1477                 16
    1478                 14
    1479                 16
    1480                 18
    1481                 17
    1482                 16
    1483                 15
    1484                 17
    1485                 14
    1486                 16
    1487                 17
    1488                 15
    1489                 14
    1490                 14
    1491                 20
    1492                 16
    1493                 19
    1494                 17
    1495                 19
    1496                 19
    1497                 14
    1498                 16
    1499                  9
    1500                 11
    1501                 15
    1502                 15
    1503                 12
    1504                 16
    1505                 16
    1506                 15
    1507                 13
    1508                 16
    1509                 17
    1510                 15
    1511                 14
    1512                 15
    1513                 14
    1514                 13
    1515                 15
    1516                 14
    1517                 14
    1518                 16
    1519                 15
    1520                 18
    1521                 15
    1522                 19
    1523                 16
    1524                 17
    1525                 14
    1526                 17
    1527                 15
    1528                 16
    1529                 16
    1530                 17
    1531                 14
    1532                 19
    1533                 14
    1534                 19
    1535                 10
    1536                 16
    1537                 15
    1538                 20
    1539                 17
    1540                 14
    1541                 21
    1542                 13
    1543                 17
    1544                 15
    1545                 18
    1546                 17
    1547                 18
    1548                 17
    1549                 12
    1550                 13
    1551                 11
    1552                 16
    1553                 16
    1554                 16
    1555                 14
    1556                  9
    1557                  7
    1558                  7
    1559                  9
    1560                 18
    1561                 14
    1562                 15
    1563                 15
    1564                 15
    1565                 13
    1566                 18
    1567                 15
    1568                 17
    1569                 14
    1570                 19
    1571                 14
    1572                 16
    1573                 18
    1574                 19
    1575                 17
    1576                 20
    1577                 18
    1578                 21
    1579                 19
    1580                 15
    1581                 17
    1582                 14
    1583                 15
    1584                 20
    1585                 21
    1586                 17
    1587                 16
    1588                 19
    1589                 17
    1590                 15
    1591                 17
    1592                 16
    1593                 18
    1594                 17
    1595                 17
    1596                 13
    1597                 17
    1598                 19
    1599                 19
    1600                 20
    1601                 18
    1602                 18
    1603                 19
    1604                 18
    1605                 21
    1606                 18
    1607                 17
    1608                 20
    1609                 16
    1610                 16
    1611                 20
    1612                 14
    1613                 18
    1614                 17
    1615                 17
    1616                 14
    1617                 17
    1618                 15
    1619                 13
    1620                 15
    1621                 17
    1622                 18
    1623                 16
    1624                 18
    1625                 18
    1626                 16
    1627                 17
    1628                 15
    1629                 14
    1630                 16
    1631                 16
    1632                 14
    1633                  8
    1634                 15
    1635                 16
    1636                 18
    1637                 18
    1638                 22
    1639                 19
    1640                 17
    1641                 20
    1642                 23
    1643                 13
    1644                 19
    1645                 18
    1646                 20
    1647                 21
    1648                 18
    1649                 19
    1650                 16
    1651                 14
    1652                 19
    1653                 18
    1654                 20
    1655                 24
    1656                 20
    1657                 21
    1658                 19
    1659                 18
    1660                 17
    1661                 15
    1662                 23
    1663                 20
    1664                 16
    1665                 16
    1666                 20
    1667                 19
    1668                 15
    1669                 19
    1670                 23
    1671                 20
    1672                 19
    1673                 17
    1674                 19
    1675                 18
    1676                 19
    1677                 15
    1678                 18
    1679                 21
    1680                 19
    1681                 20
    1682                 19
    1683                 22
    1684                 19
    1685                 19
    1686                 20
    1687                 23
    1688                 19
    1689                 20
    1690                 18
    1691                 18
    1692                 18
    1693                 14
    1694                 18
    1695                 19
    1696                 18
    1697                 12
    1698                 19
    1699                 16
    1700                 23
    1701                 20
    1702                 23
    1703                 20
    1704                 19
    1705                 19
    1706                 17
    1707                 18
    1708                 16
    1709                 16
    1710                 20
    1711                 19
    1712                 19
    1713                 19
    1714                 21
    1715                 19
    1716                 13
    1717                 17
    1718                 16
    1719                 19
    1720                 16
    1721                 16
    1722                 19
    1723                 17
    1724                 22
    1725                 20
    1726                 16
    1727                 20
    1728                 18
    1729                 19
    1730                 21
    1731                 19
    1732                 19
    1733                 20
    1734                 18
    1735                 15
    1736                 25
    1737                 20
    1738                 15
    1739                 18
    1740                 20
    1741                 16
    1742                 19
    1743                 19
    1744                 17
    1745                 15
    1746                 18
    1747                 22
    1748                 18
    1749                 15
    1750                 18
    1751                 18
    1752                 21
    1753                 20
    1754                 21
    1755                 18
    1756                 16
    1757                 13
    1758                 19
    1759                 18
    1760                 20
    1761                 18
    1762                 17
    1763                 18
    1764                 21
    1765                 24
    1766                 14
    1767                 24
    1768                 18
    1769                 20
    1770                 15
    1771                 11
    1772                 22
    1773                 25
    1774                 24
    1775                 21
    1776                 16
    1777                 18
    1778                 18
    1779                 21
    1780                 23
    1781                 23
    1782                 15
    1783                 19
    1784                 23
    1785                 24
    1786                 20
    1787                 19
    1788                 16
    1789                 18
    1790                 17
    1791                 14
    1792                 17
    1793                 17
    1794                 16
    1795                 17
    1796                 16
    1797                 18
    1798                 14
    1799                 15
    1800                 16
    1801                 13
    1802                 18
    1803                 15
    1804                 14
    1805                 19
    1806                 17
    1807                 20
    1808                 19
    1809                 22
    1810                 25
    1811                 20
    1812                 18
    1813                 21
    1814                 24
    1815                 19
    1816                 22
    1817                 18
    1818                 19
    1819                 14
    1820                 20
    1821                 18
    1822                 17
    1823                 20
    1824                 22
    1825                 18
    1826                 18
    1827                 18
    1828                 21
    1829                 22
    1830                 17
    1831                 19
    1832                 23
    1833                 22
    1834                 23
    1835                 25
    1836                 18
    1837                 21
    1838                 21
    1839                 15
    1840                 20
    1841                 21
    1842                 21
    1843                 21
    1844                 25
    1845                 21
    1846                 21
    1847                 22
    1848                 15
    1849                 17
    1850                 21
    1851                 22
    1852                 15
    1853                 23
    1854                 26
    1855                 23
    1856                 19
    1857                 17
    1858                 21
    1859                 24
    1860                 17
    1861                 18
    1862                 19
    1863                 22
    1864                 23
    1865                 19
    1866                 16
    1867                 18
    1868                 16
    1869                 23
    1870                 23
    1871                 19
    1872                 18
    1873                 13
    1874                 14
    1875                 16
    1876                 26
    1877                 19
    1878                 21
    1879                 22
    1880                 16
    1881                 19
    1882                 19
    1883                 19
    1884                 23
    1885                 21
    1886                 25
    1887                 26
    1888                 19
    1889                 15
    1890                 12
    1891                 18
    1892                 19
    1893                 23
    1894                 23
    1895                 21
    1896                 13
    1897                 11
    1898                 14
    1899                 18
    1900                 19
    1901                 24
    1902                 23
    1903                 19
    1904                 20
    1905                 18
    1906                 17
    1907                 17
    1908                 17
    1909                 21
    1910                 14
    1911                 18
    1912                 16
    1913                 17
    1914                 19
    1915                 19
    1916                 18
    1917                 18
    1918                 20
    1919                 21
    1920                 22
    1921                 19
    1922                 21
    1923                 21
    1924                 17
    1925                 23
    1926                 18
    1927                 13
    1928                 17
    1929                 16
    1930                 17
    1931                 16
    1932                 17
    1933                 25
    1934                 16
    1935                 19
    1936                 18
    1937                 21
    1938                 25
    1939                 19
    1940                 17
    1941                 17
    1942                 21
    1943                 19
    1944                 22
    1945                 24
    1946                 18
    1947                 26
    1948                 23
    1949                 22
    1950                 22
    1951                 22
    1952                 18
    1953                 21
    1954                 19
    1955                 19
    1956                 16
    1957                 18
    1958                 20
    1959                 18
    1960                 19
    1961                 15
    1962                 14
    1963                 11
    1964                 20
    1965                 14
    1966                 19
    1967                 16
    1968                 22
    1969                 22
    1970                 25
    1971                 22
    1972                 15
    1973                 20
    1974                 24
    1975                 17
    1976                 22
    1977                 19
    1978                 14
    1979                 13
    1980                 22
    1981                 19
    1982                 20
    1983                 19
    1984                 22
    1985                 19
    1986                 22
    1987                 18
    1988                 16
    1989                 20
    1990                 14
    1991                 18
    1992                 17
    1993                 17
    1994                 15
    1995                 18
    1996                 21
    1997                 14
    1998                 23
    1999                 22
    2000                 21
    2001                 22
    2002                 26
    2003                 22
    2004                 17
    2005                 20
    2006                 23
    2007                 22
    2008                 22
    2009                 21
    2010                 21
    2011                 22
    2012                 12
    2013                 23
    2014                 21
    2015                 16
    2016                 14
    2017                 12
    2018                 14
    2019                 17
    2020                 20
    2021                 17
    2022                 20
    2023                 21
    2024                 18
    2025                 17
    2026                 18
    2027                 17
    2028                 15
    2029                 18
    2030                 18
    2031                 19
    2032                 23
    2033                 21
    2034                 13
    2035                 16
    2036                 16
    2037                 18
    2038                 26
    2039                 20
    2040                 20
    2041                 23
    2042                 25
    2043                 21
    2044                 21
    2045                 22
    2046                 24
    2047                 20
    2048                 21
    2049                 24
    2050                 22
    2051                 21
    2052                 17
    2053                 19
    2054                 15
    2055                 20
    2056                 16
    2057                 21
    2058                 21
    2059                 21
    2060                 23
    2061                 19
    2062                 22
    2063                 22
    2064                 14
    2065                 12
    2066                  9
    2067                 13
    2068                  9
    2069                 12
    2070                 12
    2071                 11
    2072                 14
    2073                 13
    2074                 14
    2075                 12
    2076                 14
    2077                 11
    2078                  9
    2079                 15
    2080                 16
    2081                 16
    2082                 16
    2083                 16
    2084                 18
    2085                 16
    2086                 23
    2087                 25
    2088                 22
    2089                 21
    2090                 21
    2091                 22
    2092                 16
    2093                 19
    2094                 13
    2095                 20
    2096                 18
    2097                 18
    2098                 22
    2099                 17
    2100                 18
    2101                 20
    2102                 20
    2103                 19
    2104                 12
    2105                 20
    2106                 19
    2107                 19
    2108                 18
    2109                 25
    2110                 21
    2111                 22
    2112                 18
    2113                 23
    2114                 20
    2115                 13
    2116                 22
    2117                 23
    2118                 20
    2119                 14
    2120                 19
    2121                 19
    2122                 16
    2123                 20
    2124                 16
    2125                 24
    2126                 20
    2127                 23
    2128                 22
    2129                 19
    2130                 18
    2131                 16
    2132                 18
    2133                 19
    2134                 21
    2135                 13
    2136                 14
    2137                 18
    2138                 21
    2139                 20
    2140                 27
    2141                 23
    2142                 21
    2143                 17
    2144                 19
    2145                 20
    2146                 24
    2147                 23
    2148                 26
    2149                 19
    2150                 15
    2151                 13
    2152                 15
    2153                 20
    2154                 21
    2155                 17
    2156                 20
    2157                 16
    2158                 20
    2159                 24
    2160                 23
    2161                 21
    2162                 19
    2163                 21
    2164                 19
    2165                 15
    2166                 20
    2167                 20
    2168                 19
    2169                 19
    2170                 20
    2171                 22
    2172                 21
    2173                 19
    2174                 20
    2175                 17
    2176                 16
    2177                 20
    2178                 20
    2179                 22
    2180                 13
    2181                 20
    2182                 17
    2183                 22
    2184                 17
    2185                 17
    2186                 17
    2187                 17
    2188                 17
    2189                 15
    2190                 17
    2191                 17
    2192                 14
    2193                 17
    2194                 17
    2195                 16
    2196                 17
    2197                 18
    2198                 17
    2199                 21
    2200                 19
    2201                 14
    2202                 17
    2203                 16
    2204                 20
    2205                 22
    2206                 22
    2207                 18
    2208                 12
    2209                 15
    2210                 17
    2211                 15
    2212                 17
    2213                 17
    2214                 20
    2215                 19
    2216                 17
    2217                 12
    2218                 17
    2219                 17
    2220                 19
    2221                 19
    2222                 19
    2223                 15
    2224                 15
    2225                 19
    2226                 15
    2227                 17
    2228                 15
    2229                 16
    2230                 18
    2231                 16
    2232                 15
    2233                 13
    2234                 15
    2235                 13
    2236                 13
    2237                 16
    2238                 14
    2239                 18
    2240                 16
    2241                 18
    2242                 15
    2243                 18
    2244                 18
    2245                 20
    2246                 17
    2247                 21
    2248                 19
    2249                 22
    2250                 17
    2251                 23
    2252                 19
    2253                 19
    2254                 23
    2255                 17
    2256                 14
    2257                 18
    2258                 18
    2259                 23
    2260                 19
    2261                 17
    2262                 21
    2263                 21
    2264                 22
    2265                 20
    2266                 18
    2267                 18
    2268                 21
    2269                 15
    2270                 25
    2271                 20
    2272                 23
    2273                 18
    2274                 18
    2275                 19
    2276                 21
    2277                 27
    2278                 18
    2279                 28
    2280                 27
    2281                 26
    2282                 14
    2283                 18
    2284                 21
    2285                 25
    2286                 21
    2287                 20
    2288                 25
    2289                 27
    2290                 24
    2291                 26
    2292                 31
    2293                 26
    2294                 22
    2295                 24
    2296                 26
    2297                 23
    2298                 21
    2299                 22
    2300                 23
    2301                 23
    2302                 21
    2303                 20
    2304                 19
    2305                 19
    2306                 20
    2307                 25
    2308                 21
    2309                 26
    2310                 19
    2311                 24
    2312                 20
    2313                 22
    2314                 19
    2315                 23
    2316                 21
    2317                 21
    2318                 17
    2319                 24
    2320                 20
    2321                 18
    2322                 21
    2323                 19
    2324                 21
    2325                 26
    2326                 26
    2327                 29
    2328                 19
    2329                 24
    2330                 24
    2331                 23
    2332                 20
    2333                 17
    2334                 21
    2335                 23
    2336                 23
    2337                 23
    2338                 21
    2339                 18
    2340                 23
    2341                 20
    2342                 20
    2343                 27
    2344                 22
    2345                 22
    2346                 28
    2347                 24
    2348                 22
    2349                 22
    2350                 19
    2351                 19
    2352                 26
    2353                 20
    2354                 24
    2355                 21
    2356                 22
    2357                 19
    2358                 18
    2359                 19
    2360                 17
    2361                 25
    2362                 24
    2363                 22
    2364                 22
    2365                 19
    2366                 21
    2367                 20
    2368                 17
    2369                 20
    2370                 16
    2371                 14
    2372                 15
    2373                 18
    2374                 16
    2375                 12
    2376                 17
    2377                 16
    2378                 17
    2379                 16
    2380                 16
    2381                 18
    2382                 18
    2383                 12
    2384                 17
    2385                 19
    2386                 17
    2387                 14
    2388                 16
    2389                 17
    2390                 17
    2391                 18
    2392                 18
    2393                  9
    2394                 16
    2395                 17
    2396                 14
    2397                 15
    2398                 14
    2399                 13
    2400                 13
    2401                 15
    2402                 12
    2403                 19
    2404                 16
    2405                 16
    2406                 15
    2407                 16
    2408                 16
    2409                 20
    2410                 17
    2411                 16
    2412                 16
    2413                 16
    2414                 14
    2415                 19
    2416                 17
    2417                 20
    2418                 18
    2419                 17
    2420                 16
    2421                 18
    2422                 19
    2423                 19
    2424                 21
    2425                 19
    2426                 18
    2427                  9
    2428                 19
    2429                 18
    2430                 12
    2431                 16
    2432                 15
    2433                 13
    2434                 11
    2435                  9
    2436                 15
    2437                 14
    2438                 14
    2439                 18
    2440                 13
    2441                 18
    2442                 19
    2443                 18
    2444                 15
    2445                 13
    2446                 14
    2447                 15
    2448                 13
    2449                 14
    2450                 18
    2451                 17
    2452                 13
    2453                 16
    2454                 19
    2455                 17
    2456                 14
    2457                 12
    2458                 14
    2459                 14
    2460                 16
    2461                 14
    2462                 19
    2463                 16
    2464                 12
    2465                 19
    2466                 19
    2467                 15
    2468                 15
    2469                 12
    2470                 16
    2471                 17
    2472                 18
    2473                 14
    2474                 22
    2475                 21
    2476                 17
    2477                 19
    2478                 21
    2479                 19
    2480                 16
    2481                 14
    2482                 17
    2483                 18
    2484                 20
    2485                 20
    2486                 16
    2487                 20
    2488                 18
    2489                 18
    2490                 16
    2491                 17
    2492                 16
    2493                 18
    2494                 17
    2495                 20
    2496                 17
    2497                 14
    2498                 16
    2499                 16
    2500                 19
    2501                 15
    2502                 15
    2503                 15
    2504                 17
    2505                 15
    2506                 16
    2507                 20
    2508                 16
    2509                 15
    2510                 14
    2511                 15
    2512                 13
    2513                 13
    2514                 12
    2515                 14
    2516                 17
    2517                 17
    2518                 19
    2519                 18
    2520                 17
    2521                 18
    2522                 18
    2523                 18
    2524                 17
    2525                 13
    2526                 19
    2527                 18
    2528                 19
    2529                 19
    2530                 18
    2531                 17
    2532                 15
    2533                 19
    2534                 22
    2535                 19
    2536                 18
    2537                 17
    2538                 18
    2539                 19
    2540                 19
    2541                 16
    2542                 18
    2543                 16
    2544                 14
    2545                 16
    2546                 13
    2547                 19
    2548                 22
    2549                 19
    2550                 18
    2551                 18
    2552                 18
    2553                 19
    2554                 18
    2555                 19
    2556                 18
    2557                 18
    2558                 16
    2559                 19
    2560                 17
    2561                 17
    2562                 15
    2563                 18
    2564                 17
    2565                 17
    2566                 19
    2567                 18
    2568                 15
    2569                 18
    2570                 18
    2571                 17
    2572                 17
    2573                 17
    2574                  8
    2575                 18
    2576                 20
    2577                 17
    2578                 18
    2579                 20
    2580                 19
    2581                 18
    2582                 21
    2583                 18
    2584                 17
    2585                 18
    2586                 17
    2587                 17
    2588                 14
    2589                 15
    2590                 16
    2591                 17
    2592                 10
    2593                 16
    2594                 15
    2595                 15
    2596                 17
    2597                 15
    2598                 14
    2599                 18
    2600                 18
    2601                 18
    2602                 15
    2603                 18
    2604                 13
    2605                 17
    2606                 12
    2607                 17
    2608                 17
    2609                 15
    2610                 19
    2611                 19
    2612                 17
    2613                 17
    2614                 18
    2615                 17
    2616                 21
    2617                 19
    2618                 18
    2619                 17
    2620                 20
    2621                 18
    2622                 17
    2623                 18
    2624                 16
    2625                 15
    2626                 17
    2627                 16
    2628                 17
    2629                 18
    2630                 18
    2631                 14
    2632                 13
    2633                 12
    2634                 12
    2635                 10
    2636                 17
    2637                 13
    2638                 18
    2639                 16
    2640                 16
    2641                 17
    2642                 12
    2643                 19
    2644                 15
    2645                 14
    2646                 15
    2647                 17
    2648                 17
    2649                 19
    2650                 18
    2651                 20
    2652                 18
    2653                 19
    2654                 19
    2655                 18
    2656                 13
    2657                 16
    2658                 18
    2659                 16
    2660                 18
    2661                 19
    2662                 18
    2663                 15
    2664                 16
    2665                 19
    2666                 20
    2667                 19
    2668                 19
    2669                 21
    2670                 17
    2671                 13
    2672                 18
    2673                 17
    2674                 17
    2675                 18
    2676                 19
    2677                 12
    2678                 18
    2679                 20
    2680                 17
    2681                 22
    2682                 20
    2683                 18
    2684                 16
    2685                 19
    2686                 15
    2687                 15
    2688                 14
    2689                 19
    2690                 15
    2691                 14
    2692                 19
    2693                 15
    2694                 15
    2695                 18
    2696                 18
    2697                 19
    2698                 18
    2699                 20
    2700                 16
    2701                 22
    2702                 20
    2703                 20
    2704                 20
    2705                 17
    2706                 20
    2707                 14
    2708                 16
    2709                 17
    2710                 18
    2711                 18
    2712                 16
    2713                 18
    2714                 17
    2715                 17
    2716                 16
    2717                 18
    2718                  8
    2719                 18
    2720                 17
    2721                 18
    2722                 18
    2723                 16
    2724                 19
    2725                 16
    2726                 18
    2727                 20
    2728                 22
    2729                 18
    2730                 19
    2731                 20
    2732                 13
    2733                 17
    2734                 18
    2735                 19
    2736                 18
    2737                 16
    2738                 21
    2739                 16
    2740                 17
    2741                 13
    2742                 13
    2743                 20
    2744                 20
    2745                 22
    2746                 20
    2747                 14
    2748                 18
    2749                 16
    2750                 18
    2751                 20
    2752                 20
    2753                 20
    2754                 15
    2755                 16
    2756                 20
    2757                 17
    2758                 14
    2759                 10
    2760                 17
    2761                 15
    2762                 16
    2763                 24
    2764                 19
    2765                 17
    2766                 10
    2767                 16
    2768                 22
    2769                 17
    2770                 16
    2771                 14
    2772                 13
    2773                 16
    2774                 19
    2775                 15
    2776                 18
    2777                 15
    2778                 17
    2779                 16
    2780                 25
    2781                 14
    2782                 20
    2783                 23
    2784                 17
    2785                 16
    2786                 13
    2787                 11
    2788                 19
    2789                 17
    2790                 25
    2791                 25
    2792                 25
    2793                 26
    2794                 25
    2795                 13
    2796                 10
    2797                 15
    2798                 17
    2799                 17
    2800                 16
    2801                 17
    2802                 24
    2803                 13
    2804                 17
    2805                 14
    2806                 21
    2807                 18
    2808                 11
    2809                 12
    2810                 18
    2811                 21
    2812                 16
    2813                 19
    2814                 23
    2815                 20
    2816                 14
    2817                 13
    2818                 11
    2819                 20
    2820                 19
    2821                 13
    2822                 19
    2823                 14
    2824                 22
    2825                 23
    2826                 20
    2827                 15
    2828                 15
    2829                 18
    2830                 17
    2831                 12
    2832                 14
    2833                 15
    2834                 16
    2835                 19
    2836                 18
    2837                 22
    2838                 19
    2839                 17
    2840                 20
    2841                 11
    2842                 14
    2843                 21
    2844                 18
    2845                 22
    2846                 18
    2847                 24
    2848                 24
    2849                 22
    2850                 21
    2851                 17
    2852                 19
    2853                 21
    2854                 15
    2855                 21
    2856                 24
    2857                 22
    2858                 20
    2859                 23
    2860                 24
    2861                 23
    2862                 27
    2863                 18
    2864                 20
    2865                 26
    2866                 27
    2867                 20
    2868                 17
    2869                 16
    2870                 20
    2871                 26
    2872                 21
    2873                 22
    2874                 15
    2875                 19
    2876                 22
    2877                 21
    2878                 20
    2879                 20
    2880                 24
    2881                 15
    2882                 18
    2883                 18
    2884                 23
    2885                 16
    2886                 22
    2887                 21
    2888                 23
    2889                 21
    2890                 24
    2891                 24
    2892                 18
    2893                 19
    2894                 21
    2895                 22
    2896                 19
    2897                 21
    2898                 23
    2899                 24
    2900                 20
    2901                 24
    2902                 16
    2903                 13
    2904                 12
    2905                 11
    2906                 14
    2907                 11
    2908                 20
    2909                 14
    2910                 17
    2911                 18
    2912                 14
    2913                 14
    2914                 15
    2915                 14
    2916                 14
    2917                 21
    2918                 17
    2919                 16
    2920                 14
    2921                 11
    2922                 10
    2923                 15
    2924                 18
    2925                 20
    2926                 21
    2927                 13
    2928                 22
    2929                 17
    2930                 21
    2931                 20
    2932                 14
    2933                 22
    2934                 17
    2935                 18
    2936                 20
    2937                 11
    2938                 15
    2939                 16
    2940                 20
    2941                 18
    2942                 18
    2943                 17
    2944                 16
    2945                 17
    2946                 17
    2947                 17
    2948                 20
    2949                 20
    2950                 23
    2951                 23
    2952                 17
    2953                 15
    2954                 19
    2955                 18
    2956                 16
    2957                 22
    2958                 14
    2959                 20
    2960                 26
    2961                 19
    2962                 17
    2963                 15
    2964                 17
    2965                 16
    2966                 17
    2967                 17
    2968                 13
    2969                 11
    2970                 16
    2971                 17
    2972                 20
    2973                 17
    2974                 11
    2975                  9
    2976                 13
    2977                 13
    2978                 11
    2979                 12
    2980                 14
    2981                 15
    2982                 15
    2983                 12
    2984                 15
    2985                 15
    2986                 19
    2987                 16
    2988                 11
    2989                 14
    2990                 17
    2991                 17
    2992                 13
    2993                 18
    2994                 12
    2995                 13
    2996                 12
    2997                 14
    2998                 13
    2999                 14
    3000                 16
    3001                 15
    3002                 13
    3003                 14
    3004                 13
    3005                 14
    3006                 13
    3007                 12
    3008                 15
    3009                 13
    3010                 13
    3011                 12
    3012                 17
    3013                 14
    3014                 15
    3015                 16
    3016                 11
    3017                 18
    3018                  9
    3019                 18
    3020                 14
    3021                 11
    3022                 16
    3023                 12
    3024                 14
    3025                 10
    3026                 13
    3027                 13
    3028                  9
    3029                 12
    3030                 12
    3031                 11
    3032                  8
    3033                 13
    3034                 15
    3035                  8
    3036                 14
    3037                 14
    3038                 13
    3039                 13
    3040                 17
    3041                 22
    3042                 15
    3043                 18
    3044                 18
    3045                 15
    3046                 15
    3047                 13
    3048                 16
    3049                 12
    3050                 15
    3051                 17
    3052                 16
    3053                 11
    3054                 17
    3055                 13
    3056                 11
    3057                 12
    3058                  7
    3059                 15
    3060                 12
    3061                  7
    3062                  7
    3063                  8
    3064                  9
    3065                 11
    3066                 16
    3067                 16
    3068                 17
    3069                 13
    3070                  9
    3071                 11
    3072                 13
    3073                 13
    3074                  5
    3075                 10
    3076                 12
    3077                 10
    3078                 11
    3079                 12
    3080                 11
    3081                 13
    3082                 10
    3083                 13
    3084                 10
    3085                 15
    3086                 10
    3087                 12
    3088                 13
    3089                 12
    3090                 11
    3091                 11
    3092                 14
    3093                 16
    3094                 15
    3095                 16
    3096                 14
    3097                 13
    3098                 12
    3099                 14
    3100                 22
    3101                 15
    3102                 15
    3103                 17
    3104                 18
    3105                 16
    3106                 16
    3107                 14
    3108                 18
    3109                 13
    3110                 14
    3111                 13
    3112                 14
    3113                 12
    3114                 11
    3115                 16
    3116                 17
    3117                 10
    3118                 10
    3119                 13
    3120                  9
    3121                  9
    3122                  9
    3123                 11
    3124                 13
    3125                  8
    3126                  6
    3127                  9
    3128                 11
    3129                  8
    3130                 10
    3131                 13
    3132                 11
    3133                 13
    3134                 13
    3135                  7
    3136                 11
    3137                 12
    3138                 18
    3139                 14
    3140                 16
    3141                 13
    3142                 13
    3143                 13
    3144                 21
    3145                 10
    3146                 10
    3147                 16
    3148                 20
    3149                 18
    3150                 17
    3151                 12
    3152                 14
    3153                 17
    3154                 15
    3155                  9
    3156                 12
    3157                 12
    3158                 14
    3159                 10
    3160                 10
    3161                  9
    3162                 13
    3163                  9
    3164                 15
    3165                 10
    3166                 13
    3167                 18
    3168                 19
    3169                 12
    3170                 14
    3171                 20
    3172                 11
    3173                 18
    3174                 12
    3175                 18
    3176                 16
    3177                 12
    3178                 17
    3179                 17
    3180                 15
    3181                 13
    3182                  8
    3183                 20
    3184                 14
    3185                 13
    3186                 20
    3187                 16
    3188                 14
    3189                 17
    3190                 15
    3191                 14
    3192                 13
    3193                 14
    3194                 17
    3195                 16
    3196                 15
    3197                 13
    3198                 13
    3199                 10
    3200                 14
    3201                 12
    3202                 13
    3203                 16
    3204                 12
    3205                 17
    3206                 12
    3207                 12
    3208                 12
    3209                 12
    3210                 14
    3211                 16
    3212                 17
    3213                 12
    3214                 12
    3215                 13
    3216                 15
    3217                 13
    3218                  9
    3219                 14
    3220                 14
    3221                 13
    3222                 11
    3223                 12
    3224                 13
    3225                 16
    3226                 13
    3227                 13
    3228                 11
    3229                 16
    3230                 10
    3231                 11
    3232                 14
    3233                 12
    3234                 14
    3235                 11
    3236                 13
    3237                 10
    3238                 22
    3239                 19
    3240                 14
    3241                 12
    3242                 11
    3243                 10
    3244                 14
    3245                 11
    3246                  9
    3247                 17
    3248                 15
    3249                 13
    3250                 10
    3251                 11
    3252                 11
    3253                 12
    3254                 12
    3255                 10
    3256                 16
    3257                 10
    3258                 13
    3259                 10
    3260                 12
    3261                  8
    3262                 10
    3263                 15
    3264                 17
    3265                 14
    3266                 11
    3267                 10
    3268                 16
    3269                 15
    3270                 16
    3271                 15
    3272                 16
    3273                 15
    3274                 14
    3275                 18
    3276                 11
    3277                 14
    3278                 19
    3279                 15
    3280                 13
    3281                 13
    3282                 12
    3283                 15
    3284                 14
    3285                 14
    3286                 13
    3287                 11
    3288                 17
    3289                 12
    3290                 15
    3291                 11
    3292                 16
    3293                 12
    3294                 16
    3295                 16
    3296                 17
    3297                 16
    3298                 13
    3299                 13
    3300                 13
    3301                 14
    3302                 16
    3303                 14
    3304                 14
    3305                 18
    3306                 11
    3307                 12
    3308                 10
    3309                 11
    3310                 15
    3311                 13
    3312                 12
    3313                 19
    3314                 15
    3315                 14
    3316                  8
    3317                 14
    3318                  9
    3319                 13
    3320                 11
    3321                 15
    3322                 15
    3323                 12
    3324                 12
    3325                 15
    3326                 16
    3327                 13
    3328                 13
    3329                 13
    3330                 14
    3331                 10
    3332                 17
    3333                  9
    3334                 15
    3335                  8
    3336                 11
    3337                  7
    3338                 13
    3339                 17
    3340                 14
    3341                 15
    3342                 18
    3343                 13
    3344                 11
    3345                  8
    3346                 12
    3347                 13
    3348                 10
    3349                 10
    3350                 10
    3351                 13
    3352                 19
    3353                 13
    3354                 14
    3355                 13
    3356                 14
    3357                  9
    3358                 14
    3359                 15
    3360                 12
    3361                 15
    3362                 14
    3363                 14
    3364                 15
    3365                 15
    3366                  9
    3367                  6
    3368                 10
    3369                 14
    3370                 13
    3371                 21
    3372                 13
    3373                 12
    3374                  7
    3375                 12
    3376                 10
    3377                 15
    3378                 11
    3379                 11
    3380                 11
    3381                 10
    3382                  7
    3383                  7
    3384                  7
    3385                  5
    3386                  8
    3387                  5
    3388                 10
    3389                  9
    3390                 13
    3391                 10
    3392                 10
    3393                  8
    3394                 10
    3395                 11
    3396                 10
    3397                 12
    3398                 17
    3399                 14
    3400                 15
    3401                 14
    3402                 16
    3403                 16
    3404                 15
    3405                 13
    3406                 14
    3407                 14
    3408                 14
    3409                 14
    3410                 13
    3411                 13
    3412                 11
    3413                 13
    3414                 18
    3415                 17
    3416                 16
    3417                 24
    3418                 12
    3419                  9
    3420                 16
    3421                 17
    3422                 12
    3423                 11
    3424                 12
    3425                 11
    3426                 18
    3427                 15
    3428                 13
    3429                 22
    3430                 14
    3431                  9
    3432                 15
    3433                 10
    3434                 16
    3435                 14
    3436                 13
    3437                 18
    3438                 17
    3439                 14
    3440                 12
    3441                  9
    3442                 13
    3443                 10
    3444                 18
    3445                 15
    3446                 16
    3447                 15
    3448                 14
    3449                 13
    3450                 12
    3451                  6
    3452                 14
    3453                 17
    3454                 15
    3455                 15
    3456                 14
    3457                 17
    3458                 12
    3459                 17
    3460                 16
    3461                 13
    3462                 10
    3463                 11
    3464                 11
    3465                 11
    3466                 15
    3467                  8
    3468                 13
    3469                  9
    3470                 11
    3471                 14
    3472                 12
    3473                 13
    3474                 15
    3475                 10
    3476                  6
    3477                  7
    3478                  7
    3479                  5
    3480                 17
    3481                 16
    3482                 19
    3483                 19
    3484                 13
    3485                 13
    3486                 14
    3487                 14
    3488                 20
    3489                 17
    3490                 12
    3491                 12
    3492                 17
    3493                 14
    3494                 15
    3495                 15
    3496                 14
    3497                 18
    3498                 15
    3499                 17
    3500                 19
    3501                 15
    3502                 16
    3503                 15
    3504                 18
    3505                 15
    3506                 14
    3507                 15
    3508                 16
    3509                 19
    3510                 20
    3511                 16
    3512                 18
    3513                 11
    3514                 11
    3515                  9
    3516                 12
    3517                 10
    3518                 16
    3519                 18
    3520                 15
    3521                 18
    3522                 15
    3523                 17
    3524                 17
    3525                 13
    3526                 15
    3527                 13
    3528                 16
    3529                 19
    3530                 14
    3531                 14
    3532                 21
    3533                 14
    3534                 14
    3535                 15
    3536                 17
    3537                 14
    3538                 16
    3539                 20
    3540                 17
    3541                 21
    3542                 19
    3543                 24
    3544                 15
    3545                 17
    3546                 16
    3547                 17
    3548                 16
    3549                 17
    3550                 16
    3551                 15
    3552                 19
    3553                 19
    3554                 15
    3555                 10
    3556                 11
    3557                 17
    3558                 17
    3559                 18
    3560                 14
    3561                 21
    3562                 17
    3563                 17
    3564                 17
    3565                 20
    3566                 19
    3567                 19
    3568                 15
    3569                 21
    3570                 16
    3571                 12
    3572                 16
    3573                 13
    3574                 16
    3575                 17
    3576                 16
    3577                 21
    3578                 21
    3579                 21
    3580                 23
    3581                 23
    3582                 21
    3583                 22
    3584                 27
    3585                 26
    3586                 23
    3587                 19
    3588                 14
    3589                 18
    3590                 15
    3591                 16
    3592                 16
    3593                 16
    3594                 11
    3595                 18
    3596                 19
    3597                 20
    3598                 21
    3599                 21
    3600                 24
    3601                 19
    3602                 22
    3603                 21
    3604                 25
    3605                 18
    3606                 21
    3607                 26
    3608                 24
    3609                 27
    3610                 22
    3611                 20
    3612                 26
    3613                 18
    3614                 22
    3615                 20
    3616                 22
    3617                 23
    3618                 24
    3619                 22
    3620                 21
    3621                 20
    3622                 26
    3623                 23
    3624                 19
    3625                 19
    3626                 16
    3627                 15
    3628                 20
    3629                 22
    3630                 14
    3631                 11
    3632                 11
    3633                 21
    3634                 19
    3635                 20
    3636                 22
    3637                 20
    3638                 21
    3639                 22
    3640                 17
    3641                 17
    3642                 16
    3643                 19
    3644                 25
    3645                 19
    3646                 20
    3647                 24
    3648                 17
    3649                 20
    3650                 23
    3651                 20
    3652                 27
    3653                 20
    3654                 20
    3655                 23
    3656                 19
    3657                 22
    3658                 23
    3659                 20
    3660                 24
    3661                 25
    3662                 25
    3663                 18
    3664                 27
    3665                 25
    3666                 18
    3667                 28
    3668                 16
    3669                 23
    3670                 29
    3671                 24
    3672                 22
    3673                 26
    3674                 20
    3675                 24
    3676                 16
    3677                 20
    3678                 23
    3679                 22
    3680                 24
    3681                 23
    3682                 22
    3683                 24
    3684                 24
    3685                 18
    3686                 15
    3687                 20
    3688                 16
    3689                 21
    3690                 22
    3691                 17
    3692                 17
    3693                 18
    3694                 18
    3695                 25
    3696                 21
    3697                 20
    3698                 21
    3699                 21
    3700                 20
    3701                 20
    3702                 24
    3703                 24
    3704                 26
    3705                 28
    3706                 23
    3707                 24
    3708                 18
    3709                 22
    3710                 19
    3711                 21
    3712                 22
    3713                 20
    3714                 22
    3715                 20
    3716                 25
    3717                 16
    3718                 21
    3719                 15
    3720                 12
    3721                 17
    3722                 18
    3723                 15
    3724                 25
    3725                 26
    3726                 17
    3727                 24
    3728                 22
    3729                 15
    3730                 17
    3731                 17
    3732                 21
    3733                 20
    3734                 17
    3735                 19
    3736                 20
    3737                 21
    3738                 21
    3739                 21
    3740                 26
    3741                 21
    3742                 22
    3743                 24
    3744                 18
    3745                 14
    3746                 25
    3747                 21
    3748                 20
    3749                 22
    3750                 27
    3751                 20
    3752                 20
    3753                 23
    3754                 20
    3755                 22
    3756                 24
    3757                 17
    3758                 25
    3759                 19
    3760                 20
    3761                 25
    3762                 22
    3763                 20
    3764                 25
    3765                 22
    3766                 23
    3767                 17
    3768                 18
    3769                 22
    3770                 21
    3771                 22
    3772                 28
    3773                 19
    3774                 19
    3775                 21
    3776                 18
    3777                 17
    3778                 19
    3779                 16
    3780                 19
    3781                 26
    3782                 21
    3783                 22
    3784                 26
    3785                 14
    3786                 20
    3787                 28
    3788                 22
    3789                 22
    3790                 21
    3791                 23
    3792                 17
    3793                 16
    3794                 13
    3795                 18
    3796                 24
    3797                 15
    3798                 15
    3799                 16
    3800                 27
    3801                 15
    3802                 22
    3803                 22
    3804                 20
    3805                 20
    3806                 17
    3807                 19
    3808                 22
    3809                 21
    3810                 19
    3811                 16
    3812                 20
    3813                 22
    3814                 24
    3815                 25
    3816                 26
    3817                 26
    3818                 16
    3819                 15
    3820                 22
    3821                 22
    3822                 19
    3823                 15
    3824                 20
    3825                 20
    3826                 22
    3827                 20
    3828                 25
    3829                 23
    3830                 23
    3831                 20
    3832                 23
    3833                 24
    3834                 25
    3835                 22
    3836                 18
    3837                 22
    3838                 23
    3839                 25
    3840                 20
    3841                 21
    3842                 22
    3843                 23
    3844                 25
    3845                 23
    3846                 25
    3847                 23
    3848                 20
    3849                 24
    3850                 27
    3851                 24
    3852                 22
    3853                 21
    3854                 25
    3855                 21
    3856                 18
    3857                 21
    3858                 18
    3859                 15
    3860                 21
    3861                 19
    3862                 22
    3863                 19
    3864                 20
    3865                 19
    3866                 17
    3867                 25
    3868                 20
    3869                 20
    3870                 21
    3871                 18
    3872                 21
    3873                 21
    3874                 20
    3875                 10
    3876                 10
    3877                 10
    3878                 14
    3879                 11
    3880                 20
    3881                 14
    3882                 17
    3883                 21
    3884                 25
    3885                 20
    3886                 19
    3887                 21
    3888                 22
    3889                 20
    3890                 19
    3891                 18
    3892                 22
    3893                 18
    3894                 16
    3895                 16
    3896                 17
    3897                 23
    3898                 16
    3899                 15
    3900                 23
    3901                 17
    3902                 18
    3903                 20
    3904                 19
    3905                 20
    3906                 25
    3907                 22
    3908                 20
    3909                 21
    3910                 21
    3911                 17
    3912                 21
    3913                 14
    3914                 22
    3915                 23
    3916                 22
    3917                 16
    3918                 18
    3919                 21
    3920                 16
    3921                 15
    3922                 20
    3923                 18
    3924                 24
    3925                 23
    3926                 20
    3927                 21
    3928                 18
    3929                 19
    3930                 25
    3931                 24
    3932                 22
    3933                 25
    3934                 26
    3935                 23
    3936                 28
    3937                 24
    3938                 26
    3939                 26
    3940                 22
    3941                 16
    3942                 25
    3943                 20
    3944                 25
    3945                 25
    3946                 21
    3947                 18
    3948                 23
    3949                 19
    3950                 23
    3951                 22
    3952                 27
    3953                 23
    3954                 20
    3955                 24
    3956                 18
    3957                 22
    3958                 17
    3959                 16
    3960                 21
    3961                 21
    3962                 23
    3963                 22
    3964                 19
    3965                 22
    3966                 19
    3967                 16
    3968                 20
    3969                 24
    3970                 22
    3971                 24
    3972                 22
    3973                 22
    3974                 27
    3975                 21
    3976                 25
    3977                 20
    3978                 21
    3979                 24
    3980                 25
    3981                 23
    3982                 20
    3983                 14
    3984                 19
    3985                 22
    3986                 19
    3987                 24
    3988                 24
    3989                 18
    3990                 13
    3991                 21
    3992                 19
    3993                 17
    3994                 21
    3995                 14
    3996                 16
    3997                 21
    3998                 20
    3999                 19
    4000                 23
    4001                 25
    4002                 23
    4003                 25
    4004                 24
    4005                 28
    4006                 26
    4007                 25
    4008                 19
    4009                 25
    4010                 21
    4011                 30
    4012                 26
    4013                 26
    4014                 26
    4015                 22
    4016                 28
    4017                 24
    4018                 16
    4019                 29
    4020                 26
    4021                 28
    4022                 23
    4023                 21
    4024                 21
    4025                 21
    4026                 22
    4027                 19
    4028                 19
    4029                 24
    4030                 22
    4031                 16
    4032                 22
    4033                 22
    4034                 22
    4035                 21
    4036                 20
    4037                 21
    4038                 23
    4039                 20
    4040                 23
    4041                 16
    4042                 18
    4043                 22
    4044                 16
    4045                 19
    4046                 17
    4047                 20
    4048                 21
    4049                 25
    4050                 17
    4051                 16
    4052                 13
    4053                 17
    4054                 19
    4055                 18
    4056                 16
    4057                 21
    4058                 24
    4059                 23
    4060                 19
    4061                 16
    4062                 13
    4063                 14
    4064                 17
    4065                 25
    4066                 19
    4067                 23
    4068                 19
    4069                 15
    4070                 21
    4071                 16
    4072                 20
    4073                 18
    4074                 16
    4075                 22
    4076                 19
    4077                 21
    4078                 22
    4079                 19
    4080                 20
    4081                 18
    4082                 20
    4083                 17
    4084                 20
    4085                 17
    4086                 19
    4087                 17
    4088                 13
    4089                 16
    4090                 13
    4091                 21
    4092                 16
    4093                 19
    4094                 18
    4095                 19
    4096                 17
    4097                 18
    4098                 19
    4099                 18
    4100                 19
    4101                 18
    4102                 16
    4103                 18
    4104                 16
    4105                 17
    4106                 15
    4107                 16
    4108                 18
    4109                 11
    4110                 12
    4111                 20
    4112                 22
    4113                 18
    4114                 14
    4115                 17
    4116                 16
    4117                 16
    4118                 12
    4119                 20
    4120                 15
    4121                 20
    4122                 17
    4123                 11
    4124                 16
    4125                 17
    4126                 15
    4127                 13
    4128                 18
    4129                 14
    4130                 17
    4131                 19
    4132                 18
    4133                 24
    4134                 19
    4135                 16
    4136                 15
    4137                 19
    4138                 14
    4139                 15
    4140                 12
    4141                 17
    4142                 15
    4143                 15
    4144                 17
    4145                 14
    4146                 11
    4147                 15
    4148                 17
    4149                 11
    4150                 12
    4151                 15
    4152                 15
    4153                 15
    4154                 17
    4155                 21
    4156                 18
    4157                 10
    4158                 19
    4159                 11
    4160                 15
    4161                 14
    4162                 17
    4163                 20
    4164                 18
    4165                 14
    4166                 13
    4167                 14
    4168                 17
    4169                 18
    4170                 17
    4171                 16
    4172                 16
    4173                 15
    4174                 13
    4175                 17
    4176                 17
    4177                 17
    4178                 17
    4179                 17
    4180                 20
    4181                 20
    4182                 17
    4183                 17
    4184                 17
    4185                 18
    4186                 12
    4187                 19
    4188                 20
    4189                 20
    4190                 17
    4191                 16
    4192                 16
    4193                 16
    4194                 15
    4195                 18
    4196                 16
    4197                 15
    4198                 17
    4199                 16
    4200                 17
    4201                 17
    4202                 20
    4203                 15
    4204                 15
    4205                 14
    4206                 16
    4207                 16
    4208                 19
    4209                 16
    4210                 19
    4211                 14
    4212                 18
    4213                 19
    4214                 16
    4215                 14
    4216                 12
    4217                 15
    4218                 16
    4219                 13
    4220                 14
    4221                 15
    4222                 14
    4223                 11
    4224                 13
    4225                 16
    4226                 21
    4227                 18
    4228                 21
    4229                 18
    4230                 15
    4231                 14
    4232                 15
    4233                 11
    4234                 16
    4235                 15
    4236                 13
    4237                 14
    4238                 12
    4239                 10
    4240                 14
    4241                 10
    4242                 13
    4243                 12
    4244                 14
    4245                 14
    4246                 14
    4247                 16
    4248                 13
    4249                 16
    4250                 15
    4251                 14
    4252                 16
    4253                 14
    4254                 12
    4255                 16
    4256                 14
    4257                 16
    4258                 11
    4259                 14
    4260                 15
    4261                 12
    4262                 16
    4263                 10
    4264                 11
    4265                 10
    4266                 13
    4267                 16
    4268                 12
    4269                  9
    4270                 11
    4271                 13
    4272                 13
    4273                 10
    4274                 14
    4275                 12
    4276                 10
    4277                 10
    4278                 15
    4279                 13
    4280                  9
    4281                 13
    4282                  9
    4283                 13
    4284                  6
    4285                 10
    4286                 12
    4287                 15
    4288                 13
    4289                 11
    4290                  7
    4291                  7
    4292                 16
    4293                 10
    4294                  5
    4295                 10
    4296                  9
    4297                  7
    4298                 15
    4299                 10
    4300                 15
    4301                 13
    4302                 11
    4303                 14
    4304                 11
    4305                 12
    4306                 14
    4307                  9
    4308                 10
    4309                 11
    4310                  5
    4311                 10
    4312                 11
    4313                  9
    4314                  7
    4315                  9
    4316                 10
    4317                 11
    4318                  9
    4319                  9
    4320                 11
    4321                 16
    4322                 12
    4323                 13
    4324                 12
    4325                 14
    4326                 12
    4327                 15
    4328                 11
    4329                 13
    4330                 12
    4331                 11
    4332                 13
    4333                 13
    4334                 11
    4335                 13
    4336                  8
    4337                  6
    4338                 10
    4339                 10
    4340                  8
    4341                  4
    4342                  9
    4343                  8
    4344                  7
    4345                  8
    4346                  8
    4347                  8
    4348                 11
    4349                  5
    4350                  9
    4351                  9
    4352                  9
    4353                  9
    4354                  9
    4355                  6
    4356                  7
    4357                  5
    4358                 13
    4359                  9
    4360                 11
    4361                 11
    4362                 13
    4363                 11
    4364                 13
    4365                 13
    4366                  9
    4367                  9
    4368                 11
    4369                 11
    4370                 13
    4371                 14
    4372                 14
    4373                 14
    4374                 14
    4375                  8
    4376                 13
    4377                  8
    4378                 15
    4379                 14
    4380                 13
    4381                 15
    4382                  9
    4383                 15
    4384                 13
    4385                 14
    4386                 14
    4387                 19
    4388                  7
    4389                  8
    4390                 15
    4391                 13
    4392                  5
    4393                 11
    4394                  9
    4395                  9
    4396                  8
    4397                  8
    4398                  5
    4399                  4
    4400                  4
    4401                  7
    4402                  5
    4403                 11
    4404                  7
    4405                  8
    4406                  8
    4407                  7
    4408                 13
    4409                  8
    4410                  7
    4411                 10
    4412                  7
    4413                  9
    4414                  8
    4415                  5
    4416                  5
    4417                 13
    4418                  5
    4419                 11
    4420                  9
    4421                 10
    4422                 13
    4423                 10
    4424                 11
    4425                  7
    4426                  9
    4427                 11
    4428                  9
    4429                 14
    4430                 12
    4431                 10
    4432                  7
    4433                 10
    4434                  6
    4435                  9
    4436                  6
    4437                  3
    4438                  5
    4439                  5
    4440                  5
    4441                  7
    4442                  5
    4443                 12
    4444                 10
    4445                 12
    4446                  9
    4447                  7
    4448                  5
    4449                  6
    4450                  5
    4451                  4
    4452                  5
    4453                  2
    4454                  5
    4455                  8
    4456                  8
    4457                  9
    4458                  8
    4459                  7
    4460                  9
    4461                  7
    4462                  8
    4463                  7
    4464                  7
    4465                  5
    4466                  5
    4467                  7
    4468                  5
    4469                  3
    4470                  6
    4471                  3
    4472                  5
    4473                 10
    4474                  8
    4475                 11
    4476                  8
    4477                  9
    4478                  6
    4479                  4
    4480                  4
    4481                  2
    4482                  6
    4483                  5
    4484                  2
    4485                  4
    4486                  1
    4487                  5
    4488                  6
    4489                  4
    4490                  5
    4491                  5
    4492                  6
    4493                  4
    4494                  4
    4495                  3
    4496                  5
    4497                  5
    4498                  6
    4499                  4
    4500                 10
    4501                 10
    4502                  8
    4503                 11
    4504                  6
    4505                  9
    4506                  8
    4507                  6
    4508                 12
    4509                  5
    4510                  6
    4511                  1
    4512                  7
    4513                  8
    4514                 10
    4515                  5
    4516                  5
    4517                  9
    4518                 10
    4519                  9
    4520                  8
    4521                  7
    4522                  8
    4523                 11
    4524                  4
    4525                 10
    4526                  5
    4527                  6
    4528                  4
    4529                  5
    4530                  6
    4531                  3
    4532                  7
    4533                  6
    4534                  6
    4535                  4
    4536                 11
    4537                 12
    4538                  6
    4539                 12
    4540                  6
    4541                  5
    4542                 10
    4543                 11
    4544                 10
    4545                 10
    4546                  8
    4547                  9
    4548                  9
    4549                 11
    4550                  9
    4551                 13
    4552                 10
    4553                  8
    4554                  8
    4555                  7
    4556                  7
    4557                 10
    4558                  9
    4559                 10
    4560                  8
    4561                  7
    4562                 12
    4563                  4
    4564                  1
    4565                  4
    4566                  4
    4567                  6
    4568                  8
    4569                  5
    4570                  6
    4571                  1
    4572                  2
    4573                  5
    4574                  5
    4575                  6
    4576                  8
    4577                  9
    4578                  7
    4579                  4
    4580                  4
    4581                  4
    4582                  7
    4583                  7
    4584                  9
    4585                 12
    4586                  9
    4587                  7
    4588                 13
    4589                  9
    4590                  7
    4591                 11
    4592                 10
    4593                  8
    4594                  9
    4595                  9
    4596                  7
    4597                 15
    4598                 14
    4599                 14
    4600                 15
    4601                 16
    4602                 12
    4603                 15
    4604                 14
    4605                 13
    4606                 11
    4607                 12
    4608                 16
    4609                 15
    4610                 14
    4611                 13
    4612                 14
    4613                 15
    4614                  8
    4615                  9
    4616                  8
    4617                  7
    4618                 15
    4619                 16
    4620                 13
    4621                 16
    4622                 15
    4623                 13
    4624                 14
    4625                 15
    4626                  8
    4627                 14
    4628                 10
    4629                 12
    4630                 11
    4631                  9
    4632                 13
    4633                  8
    4634                 12
    4635                  9
    4636                 11
    4637                 10
    4638                  5
    4639                 14
    4640                  8
    4641                  5
    4642                  6
    4643                  7
    4644                  5
    4645                  9
    4646                  5
    4647                  9
    4648                  5
    4649                  4
    4650                  4
    4651                  4
    4652                  2
    4653                  5
    4654                  6
    4655                  3
    4656                  8
    4657                  5
    4658                  2
    4659                  8
    4660                 12
    4661                 10
    4662                 12
    4663                 12
    4664                 10
    4665                 11
    4666                  8
    4667                  5
    4668                  5
    4669                  5
    4670                  7
    4671                  3
    4672                  5
    4673                  9
    4674                 11
    4675                 11
    4676                 10
    4677                  6
    4678                  7
    4679                  8
    4680                  9
    4681                  8
    4682                 10
    4683                 11
    4684                  6
    4685                  8
    4686                  5
    4687                  5
    4688                  7
    4689                  7
    4690                  8
    4691                  9
    4692                  8
    4693                  7
    4694                  8
    4695                 11
    4696                  3
    4697                 11
    4698                 10
    4699                 10
    4700                  8
    4701                  7
    4702                  5
    4703                  7
    4704                  8
    4705                  7
    4706                  6
    4707                  7
    4708                  8
    4709                  6
    4710                  4
    4711                  7
    4712                  1
    4713                  5
    4714                  5
    4715                  5
    4716                  5
    4717                  2
    4718                  4
    4719                  6
    4720                  4
    4721                  5
    4722                  4
    4723                  5
    4724                  3
    4725                  5
    4726                  4
    4727                  7
    4728                  9
    4729                  5
    4730                 15
    4731                 13
    4732                 11
    4733                 14
    4734                 11
    4735                 10
    4736                 15
    4737                 11
    4738                 10
    4739                 10
    4740                 11
    4741                 13
    4742                  9
    4743                 13
    4744                 14
    4745                 15
    4746                 15
    4747                 13
    4748                 12
    4749                 16
    4750                 16
    4751                 15
    4752                 13
    4753                 10
    4754                  9
    4755                  7
    4756                 10
    4757                  6
    4758                 10
    4759                 10
    4760                  7
    4761                  9
    4762                 10
    4763                 12
    4764                 13
    4765                 15
    4766                 13
    4767                 10
    4768                 12
    4769                 15
    4770                 14
    4771                 12
    4772                 14
    4773                 12
    4774                 13
    4775                 13
    4776                 10
    4777                 11
    4778                 13
    4779                 12
    4780                  8
    4781                 10
    4782                 11
    4783                 13
    4784                  9
    4785                  9
    4786                 12
    4787                 11
    4788                  8
    4789                 11
    4790                  8
    4791                 11
    4792                 11
    4793                  8
    4794                 10
    4795                 11
    4796                 11
    4797                 11
    4798                 17
    4799                 13
    4800                 10
    4801                 13
    4802                  7
    4803                  8
    4804                  9
    4805                  6
    4806                  9
    4807                 13
    4808                 11
    4809                 11
    4810                 13
    4811                 16
    4812                 15
    4813                  8
    4814                 14
    4815                 14
    4816                 14
    4817                 16
    4818                 10
    4819                 11
    4820                 12
    4821                 14
    4822                 18
    4823                 15
    4824                  6
    4825                  5
    4826                  4
    4827                 15
    4828                  8
    4829                 11
    4830                  9
    4831                 11
    4832                  5
    4833                 15
    4834                 11
    4835                 10
    4836                  8
    4837                 10
    4838                  6
    4839                 13
    4840                 10
    4841                  9
    4842                 11
    4843                 12
    4844                 16
    4845                  7
    4846                  5
    4847                  7
    4848                 10
    4849                  8
    4850                  7
    4851                  9
    4852                 11
    4853                 10
    4854                  5
    4855                 11
    4856                 10
    4857                  7
    4858                 13
    4859                  9
    4860                  8
    4861                 12
    4862                 10
    4863                 10
    4864                  8
    4865                  8
    4866                  8
    4867                  9
    4868                 11
    4869                 13
    4870                  9
    4871                 12
    4872                  9
    4873                 11
    4874                 11
    4875                 11
    4876                 13
    4877                 18
    4878                 12
    4879                 17
    4880                 14
    4881                 13
    4882                 16
    4883                 13
    4884                  7
    4885                 14
    4886                  9
    4887                 10
    4888                  8
    4889                  7
    4890                  4
    4891                  7
    4892                  9
    4893                  6
    4894                  8
    4895                 11
    4896                  9
    4897                 11
    4898                 14
    4899                 17
    4900                 10
    4901                 12
    4902                 12
    4903                 12
    4904                 10
    4905                 11
    4906                  9
    4907                 12
    4908                 10
    4909                  9
    4910                 10
    4911                  7
    4912                  9
    4913                  7
    4914                  7
    4915                  7
    4916                  8
    4917                 10
    4918                  9
    4919                  9
    4920                 13
    4921                 10
    4922                  7
    4923                 11
    4924                 10
    4925                 17
    4926                 16
    4927                 12
    4928                 10
    4929                 15
    4930                 13
    4931                 12
    4932                  9
    4933                 10
    4934                 13
    4935                 13
    4936                 12
    4937                  8
    4938                  8
    4939                  8
    4940                  9
    4941                 11
    4942                 13
    4943                  9
    4944                 13
    4945                  7
    4946                  8
    4947                  8
    4948                 10
    4949                  8
    4950                  8
    4951                  6
    4952                 15
    4953                 14
    4954                 15
    4955                 14
    4956                 12
    4957                 15
    4958                 16
    4959                 13
    4960                 13
    4961                 15
    4962                 18
    4963                 15
    4964                 17
    4965                 15
    4966                 18
    4967                 18
    4968                 13
    4969                 14
    4970                 16
    4971                 18
    4972                 18
    4973                 14
    4974                 14
    4975                 11
    4976                 16
    4977                 12
    4978                 15
    4979                 15
    4980                 16
    4981                  9
    4982                 20
    4983                 15
    4984                 16
    4985                  8
    4986                 12
    4987                 11
    4988                 16
    4989                 11
    4990                 15
    4991                 10
    4992                 14
    4993                 13
    4994                 15
    4995                 16
    4996                 10
    4997                 10
    4998                 14
    4999                 11
    5000                  9
