#Frame   HeadSelectedN
       1         7.069
       2         7.645
       3         7.473
       4         7.483
       5         7.841
       6         8.350
       7         8.837
       8         9.163
       9         9.197
      10         9.687
      11         9.345
      12        10.027
      13         9.462
      14         9.414
      15        10.704
      16        10.648
      17         8.665
      18         8.565
      19         9.627
      20         9.077
      21         9.778
      22         9.481
      23         9.503
      24         8.917
      25         9.468
      26         9.759
      27        10.175
      28        10.348
      29         9.628
      30         8.845
      31        10.261
      32        10.083
      33        10.790
      34        10.013
      35         9.832
      36         9.744
      37         9.908
      38         9.878
      39         9.217
      40         9.878
      41        10.293
      42         9.410
      43        10.340
      44         9.061
      45        10.112
      46         9.831
      47        10.050
      48         9.615
      49         9.142
      50         9.654
      51         9.992
      52         9.867
      53         9.793
      54         9.205
      55         9.452
      56         9.513
      57         8.872
      58         9.110
      59        10.343
      60        11.042
      61        11.207
      62        11.034
      63        10.051
      64         8.350
      65         8.774
      66         9.896
      67         9.388
      68        10.959
      69        10.702
      70        10.528
      71        10.251
      72        11.144
      73        11.061
      74        10.685
      75         9.962
      76        10.111
      77         9.399
      78        10.746
      79        10.157
      80        10.692
      81        10.000
      82        10.263
      83        10.188
      84         8.511
      85         8.337
      86         8.946
      87         9.775
      88         9.226
      89        10.028
      90         9.827
      91         9.123
      92         9.386
      93         8.649
      94         9.128
      95         9.259
      96        10.102
      97         9.155
      98         8.723
      99         8.626
     100         9.133
     101         9.584
     102         8.764
     103         9.425
     104         9.608
     105        10.369
     106         8.756
     107         7.950
     108         8.226
     109         6.894
     110         6.224
     111         6.615
     112         6.917
     113         7.119
     114         5.944
     115         8.007
     116         5.736
     117         5.396
     118         5.991
     119         6.847
     120         6.037
     121         4.363
     122         5.936
     123         5.441
     124         4.800
     125         5.065
     126         4.665
     127         5.990
     128         7.067
     129         6.871
     130         6.804
     131         6.167
     132         5.570
     133         5.961
     134         6.930
     135         7.314
     136         6.756
     137         6.879
     138         7.675
     139         6.285
     140         7.850
     141         7.912
     142         7.710
     143         8.130
     144         9.102
     145         7.989
     146         7.691
     147         7.376
     148         7.789
     149         8.748
     150         6.284
     151         6.883
     152         5.029
     153         5.878
     154         6.455
     155         5.446
     156         6.054
     157         5.651
     158         5.936
     159         6.367
     160         5.518
     161         7.466
     162         6.322
     163         5.159
     164         5.871
     165         6.367
     166         4.855
     167         5.552
     168         6.645
     169         7.661
     170         8.162
     171         9.048
     172         9.768
     173         9.398
     174         9.954
     175         7.755
     176         6.826
     177         6.664
     178         7.350
     179         8.246
     180         7.479
     181         7.130
     182         7.987
     183         8.028
     184         6.740
     185         6.851
     186         7.157
     187         8.345
     188         8.075
     189        10.109
     190        10.107
     191        10.573
     192         9.735
     193         9.018
     194         9.162
     195         7.874
     196         6.978
     197         6.855
     198         7.021
     199         5.887
     200         5.328
     201         5.886
     202         5.318
     203         5.339
     204         4.735
     205         5.755
     206         6.020
     207         5.542
     208         6.565
     209         6.316
     210         6.982
     211         7.578
     212         6.840
     213         6.792
     214         7.321
     215         6.838
     216         6.299
     217         8.802
     218         8.872
     219         8.248
     220         7.431
     221         9.243
     222         8.709
     223         7.978
     224         7.277
     225         7.114
     226         7.318
     227         5.832
     228         6.306
     229         6.509
     230         6.647
     231         6.530
     232         7.141
     233         6.865
     234         5.896
     235         6.229
     236         6.982
     237         7.259
     238         6.354
     239         7.733
     240         7.274
     241         6.671
     242         6.853
     243         6.734
     244         5.575
     245         6.301
     246         6.556
     247         6.040
     248         6.756
     249         6.978
     250         6.705
     251         5.057
     252         7.092
     253         7.167
     254         6.687
     255         6.805
     256         7.104
     257         8.150
     258         8.239
     259         7.751
     260         8.418
     261         8.259
     262         8.002
     263         7.970
     264         6.939
     265         7.354
     266         6.887
     267         7.049
     268         6.544
     269         6.866
     270         8.703
     271         8.672
     272         8.620
     273         8.111
     274         8.750
     275         7.631
     276         8.313
     277         8.146
     278         8.238
     279         7.673
     280         7.680
     281         7.738
     282         7.707
     283         7.300
     284         8.404
     285         7.645
     286         7.064
     287         7.206
     288         7.624
     289         8.411
     290         8.325
     291         7.025
     292         7.132
     293         7.795
     294         7.441
     295         8.102
     296         7.615
     297         8.024
     298         7.386
     299         7.824
     300         6.942
     301         8.583
     302         8.784
     303         7.641
     304         6.364
     305         5.330
     306         6.411
     307         8.678
     308         8.134
     309         6.706
     310         7.001
     311         7.224
     312         7.372
     313         7.791
     314         7.811
     315         7.012
     316         8.398
     317         8.326
     318         8.371
     319         7.987
     320         8.990
     321         8.311
     322         9.362
     323         8.919
     324         9.094
     325         8.065
     326         8.420
     327         7.933
     328         7.794
     329         7.607
     330         7.985
     331         8.291
     332         7.280
     333         7.597
     334         7.700
     335         6.646
     336         7.802
     337         6.729
     338         7.556
     339         8.677
     340         7.427
     341         7.908
     342         8.153
     343         8.483
     344         9.191
     345         8.153
     346         8.207
     347         8.388
     348         9.770
     349         9.442
     350        10.132
     351         9.731
     352         8.812
     353         8.820
     354         9.547
     355         9.705
     356         8.758
     357         9.158
     358         9.398
     359         9.298
     360         8.822
     361         8.868
     362         8.623
     363         9.568
     364         9.256
     365         8.990
     366         9.135
     367        10.301
     368        10.933
     369        10.201
     370        10.694
     371        10.438
     372        10.761
     373        10.426
     374        10.410
     375        10.838
     376         9.633
     377         9.651
     378         8.589
     379         9.576
     380         8.974
     381         8.893
     382         9.403
     383         9.329
     384         9.597
     385        10.334
     386         9.390
     387         9.966
     388         9.204
     389         8.621
     390         7.792
     391         7.892
     392         8.545
     393         7.762
     394         8.359
     395         8.154
     396         8.591
     397         9.339
     398         8.151
     399         8.843
     400         8.096
     401         8.089
     402         8.051
     403         8.308
     404         7.928
     405         7.543
     406         8.786
     407         8.731
     408         9.099
     409         8.232
     410         8.305
     411         7.777
     412         8.221
     413         7.226
     414         7.190
     415         9.030
     416         8.300
     417         8.252
     418         7.831
     419         7.256
     420         7.532
     421         6.909
     422         6.474
     423         7.789
     424         9.025
     425         9.537
     426         8.773
     427         8.690
     428         8.961
     429         7.787
     430         8.775
     431         9.303
     432         8.267
     433         8.097
     434         8.539
     435         8.316
     436         8.720
     437         8.355
     438         9.699
     439         8.941
     440         7.545
     441         9.033
     442         7.859
     443         8.258
     444         6.798
     445         7.057
     446         7.104
     447         7.965
     448         6.461
     449         5.762
     450         7.822
     451         7.360
     452         6.468
     453         6.413
     454         6.577
     455         7.141
     456         6.643
     457         7.130
     458         7.380
     459         7.597
     460         7.954
     461         7.746
     462         8.551
     463         7.825
     464         8.712
     465         9.284
     466         9.086
     467         9.787
     468         8.521
     469         8.005
     470         8.552
     471         8.604
     472         9.726
     473         9.538
     474         9.277
     475         8.972
     476         8.348
     477        10.081
     478        10.690
     479         8.656
     480         8.321
     481         8.130
     482         8.909
     483         9.628
     484         9.929
     485         8.169
     486         8.055
     487         7.633
     488         8.463
     489         8.745
     490         8.277
     491         7.509
     492         7.471
     493         7.199
     494         5.865
     495         6.539
     496         6.935
     497         6.597
     498         7.421
     499         5.761
     500         6.127
     501         5.888
     502         7.929
     503         8.086
     504         7.618
     505         7.936
     506         8.115
     507         8.545
     508         8.234
     509         7.696
     510         8.911
     511         8.676
     512         8.494
     513         8.825
     514         8.166
     515         7.990
     516         8.953
     517         7.097
     518         8.214
     519         8.447
     520         8.674
     521         8.061
     522         7.954
     523         6.463
     524         6.322
     525         6.548
     526         6.728
     527         6.825
     528         6.588
     529         6.902
     530         6.203
     531         6.493
     532         7.472
     533         6.095
     534         5.394
     535         5.683
     536         6.368
     537         7.065
     538         6.939
     539         8.966
     540         9.313
     541         9.353
     542         8.317
     543         7.093
     544         7.158
     545         7.297
     546        10.095
     547         9.785
     548        10.461
     549        10.621
     550         8.967
     551         9.907
     552        10.314
     553         9.203
     554         8.539
     555         9.331
     556         9.080
     557         8.546
     558         8.594
     559         8.112
     560         8.060
     561         7.122
     562         7.657
     563         8.029
     564         6.484
     565         7.861
     566         7.590
     567         6.679
     568         5.857
     569         6.795
     570         5.733
     571         4.381
     572         5.714
     573         3.920
     574         3.946
     575         5.123
     576         5.318
     577         6.444
     578         5.940
     579         6.989
     580         7.174
     581         8.740
     582         9.307
     583         9.243
     584        10.162
     585         9.070
     586        10.474
     587         9.274
     588        10.524
     589         9.935
     590         9.949
     591        11.194
     592        10.689
     593        10.641
     594        10.500
     595        12.709
     596        11.720
     597        11.900
     598        10.858
     599        11.185
     600        11.291
     601        11.252
     602        11.887
     603        11.187
     604         9.562
     605        10.771
     606        10.335
     607         8.607
     608         8.062
     609         9.682
     610        10.453
     611         8.789
     612         8.366
     613         7.646
     614         7.158
     615         6.178
     616         6.808
     617         6.367
     618         6.485
     619         7.089
     620         4.849
     621         4.737
     622         4.542
     623         4.446
     624         4.312
     625         4.386
     626         4.461
     627         6.223
     628         5.944
     629         6.294
     630         4.671
     631         4.304
     632         4.673
     633         4.491
     634         5.338
     635         5.455
     636         6.210
     637         5.496
     638         6.524
     639         5.873
     640         4.800
     641         4.790
     642         4.396
     643         5.146
     644         4.488
     645         4.517
     646         5.605
     647         5.428
     648         4.482
     649         4.731
     650         5.299
     651         4.929
     652         4.617
     653         5.684
     654         4.937
     655         4.355
     656         4.381
     657         5.721
     658         6.215
     659         6.048
     660         4.700
     661         5.217
     662         6.354
     663         6.449
     664         6.610
     665         8.430
     666         8.297
     667         6.868
     668         7.193
     669         5.616
     670         6.119
     671         5.030
     672         7.029
     673         6.679
     674         6.471
     675         6.476
     676         6.222
     677         4.746
     678         4.245
     679         4.591
     680         5.207
     681         4.545
     682         4.326
     683         4.532
     684         4.679
     685         5.081
     686         4.665
     687         4.432
     688         4.597
     689         5.595
     690         5.218
     691         6.467
     692         6.709
     693         6.004
     694         6.261
     695         5.251
     696         5.323
     697         6.272
     698         6.684
     699         6.298
     700         4.464
     701         4.309
     702         4.996
     703         4.233
     704         5.219
     705         4.413
     706         4.529
     707         4.419
     708         4.199
     709         4.467
     710         4.559
     711         4.972
     712         5.352
     713         4.740
     714         4.934
     715         4.627
     716         4.923
     717         5.814
     718         5.509
     719         4.610
     720         4.441
     721         4.983
     722         5.100
     723         5.188
     724         5.833
     725         5.705
     726         5.810
     727         5.992
     728         5.556
     729         5.233
     730         7.161
     731         7.145
     732         6.304
     733         7.469
     734         7.343
     735         7.273
     736         6.766
     737         7.409
     738         8.037
     739         5.970
     740         5.098
     741         4.666
     742         6.062
     743         7.273
     744         7.193
     745         6.481
     746         6.594
     747         6.603
     748         5.886
     749         5.976
     750         5.442
     751         5.901
     752         5.264
     753         4.405
     754         5.981
     755         4.581
     756         5.498
     757         4.859
     758         5.933
     759         7.260
     760         7.970
     761         8.314
     762         9.287
     763         8.289
     764         7.822
     765         6.666
     766         6.610
     767         7.366
     768         7.293
     769         6.759
     770         7.100
     771         6.556
     772         7.572
     773         7.503
     774         7.027
     775         5.903
     776         6.221
     777         6.381
     778         6.464
     779         6.094
     780         7.152
     781         6.023
     782         6.125
     783         6.596
     784         5.989
     785         6.983
     786         6.735
     787         6.911
     788         7.041
     789         7.096
     790         6.736
     791         7.120
     792         7.134
     793         6.219
     794         6.740
     795         6.827
     796         6.138
     797         6.929
     798         7.580
     799         7.862
     800         6.774
     801         7.164
     802         7.007
     803         7.983
     804         7.218
     805         7.284
     806         4.644
     807         4.290
     808         4.287
     809         4.911
     810         5.750
     811         5.496
     812         6.788
     813         6.241
     814         5.925
     815         6.961
     816         6.785
     817         7.763
     818         7.294
     819         6.709
     820         7.854
     821         7.123
     822         7.790
     823         7.825
     824         8.984
     825         8.162
     826         6.717
     827         7.001
     828         7.422
     829         7.864
     830         9.451
     831         8.137
     832         8.231
     833         8.485
     834         6.788
     835         7.002
     836         7.342
     837         6.894
     838         6.917
     839         5.750
     840         5.408
     841         6.260
     842         6.438
     843         6.772
     844         5.980
     845         7.977
     846         7.015
     847         8.618
     848         7.572
     849         6.123
     850         6.015
     851         6.857
     852         7.111
     853         7.933
     854         6.996
     855         5.998
     856         6.273
     857         7.088
     858         7.201
     859         7.040
     860         5.948
     861         6.634
     862         6.353
     863         7.113
     864         6.788
     865         8.219
     866         6.784
     867         6.345
     868         6.473
     869         6.880
     870         7.981
     871         6.841
     872         8.663
     873         9.237
     874         7.665
     875         6.866
     876         6.799
     877         6.946
     878         8.265
     879         7.066
     880         6.930
     881         6.553
     882         7.196
     883         6.486
     884         7.638
     885         6.992
     886         6.307
     887         5.814
     888         6.407
     889         6.632
     890         6.273
     891         7.495
     892         6.848
     893         6.246
     894         7.164
     895         7.712
     896         5.906
     897         4.737
     898         6.309
     899         6.298
     900         7.121
     901         7.087
     902         6.752
     903         5.893
     904         7.555
     905         7.840
     906         7.647
     907         8.604
     908         8.128
     909         7.622
     910         7.436
     911         8.464
     912         7.517
     913         8.429
     914         8.154
     915         7.597
     916         7.431
     917         7.890
     918         7.622
     919         7.145
     920         7.187
     921         6.966
     922         9.070
     923         7.340
     924         8.379
     925         7.897
     926         7.678
     927         7.295
     928         7.124
     929         6.437
     930         6.453
     931         6.802
     932         7.991
     933         7.842
     934         7.667
     935         7.534
     936         7.162
     937         8.478
     938         6.650
     939         6.855
     940         7.135
     941         8.290
     942         9.430
     943         7.245
     944         7.403
     945         8.482
     946         7.722
     947         6.781
     948         7.164
     949         7.571
     950         6.248
     951         6.466
     952         7.472
     953         8.148
     954         8.692
     955         7.853
     956         8.286
     957        10.598
     958         9.550
     959         7.531
     960         7.199
     961         6.034
     962         6.466
     963         7.199
     964         6.542
     965         6.668
     966         7.682
     967         7.847
     968         7.974
     969         7.984
     970         7.476
     971         8.089
     972         8.187
     973         6.892
     974         7.705
     975         7.358
     976         6.728
     977         6.494
     978         7.273
     979         6.162
     980         6.786
     981         6.281
     982         6.675
     983         5.856
     984         5.228
     985         5.099
     986         4.783
     987         5.946
     988         5.857
     989         6.272
     990         5.095
     991         6.747
     992         7.616
     993         7.364
     994         7.216
     995         7.332
     996         7.767
     997         7.130
     998         7.247
     999         7.861
    1000         9.152
    1001         7.309
    1002         7.762
    1003         8.022
    1004         7.672
    1005         6.621
    1006         6.937
    1007         5.774
    1008         5.306
    1009         6.792
    1010         7.925
    1011         7.809
    1012         7.693
    1013         6.780
    1014         6.804
    1015         7.612
    1016         6.649
    1017         7.652
    1018         6.801
    1019         5.931
    1020         7.351
    1021         7.128
    1022         7.489
    1023         6.387
    1024         7.572
    1025         6.204
    1026         6.854
    1027         6.680
    1028         6.444
    1029         6.438
    1030         7.325
    1031         6.237
    1032         6.474
    1033         6.743
    1034         6.560
    1035         6.643
    1036         6.976
    1037         7.167
    1038         7.177
    1039         7.342
    1040         7.343
    1041         8.481
    1042         8.568
    1043         8.791
    1044         9.001
    1045         8.241
    1046         6.685
    1047         6.323
    1048         6.779
    1049         6.403
    1050         6.741
    1051         6.608
    1052         6.173
    1053         5.771
    1054         5.825
    1055         7.221
    1056         7.637
    1057         7.314
    1058         7.804
    1059         6.330
    1060         8.288
    1061         6.677
    1062         6.801
    1063         7.375
    1064         7.025
    1065         7.509
    1066         8.473
    1067         7.477
    1068         7.736
    1069         7.871
    1070         7.408
    1071         7.073
    1072         7.286
    1073         7.436
    1074         6.981
    1075         7.015
    1076         7.086
    1077         8.093
    1078         9.443
    1079         9.412
    1080         9.567
    1081         8.956
    1082         9.847
    1083         9.582
    1084         9.674
    1085         8.395
    1086         9.019
    1087         8.351
    1088         7.669
    1089         6.423
    1090         6.167
    1091         7.412
    1092         8.269
    1093         8.256
    1094         8.470
    1095         6.676
    1096         8.321
    1097         8.425
    1098         6.963
    1099         7.181
    1100         5.160
    1101         6.167
    1102         6.191
    1103         5.348
    1104         5.884
    1105         6.874
    1106         7.758
    1107         7.139
    1108         5.910
    1109         6.552
    1110         8.156
    1111         8.005
    1112         8.076
    1113         8.963
    1114         7.584
    1115         7.807
    1116         8.827
    1117         7.641
    1118         8.574
    1119         8.831
    1120         7.792
    1121         6.996
    1122         6.769
    1123         7.595
    1124         8.371
    1125        10.162
    1126         9.975
    1127         9.464
    1128         8.988
    1129         8.243
    1130         9.401
    1131         9.421
    1132         8.792
    1133         8.401
    1134         7.435
    1135         7.143
    1136         6.699
    1137         5.953
    1138         6.068
    1139         6.850
    1140         6.997
    1141         5.581
    1142         6.052
    1143         7.564
    1144         6.701
    1145         6.232
    1146         7.164
    1147         8.415
    1148         8.474
    1149         7.428
    1150         6.763
    1151         6.751
    1152         7.602
    1153         7.095
    1154         7.074
    1155         6.293
    1156         6.377
    1157         7.511
    1158         7.601
    1159         7.013
    1160         6.551
    1161         7.174
    1162         7.048
    1163         6.831
    1164         7.309
    1165         7.482
    1166         7.710
    1167         6.653
    1168         7.748
    1169         7.351
    1170         7.537
    1171         6.115
    1172         6.282
    1173         7.642
    1174         7.069
    1175         6.426
    1176         6.894
    1177         7.919
    1178         8.295
    1179         8.023
    1180         7.499
    1181         7.366
    1182         7.397
    1183         7.653
    1184         7.108
    1185         5.908
    1186         6.859
    1187         6.951
    1188         7.374
    1189         7.332
    1190         7.807
    1191         6.566
    1192         8.929
    1193         8.357
    1194         7.740
    1195         8.829
    1196         8.713
    1197         7.890
    1198         7.630
    1199         6.790
    1200         6.173
    1201         6.211
    1202         7.789
    1203         8.148
    1204         7.624
    1205         7.532
    1206         6.701
    1207         7.887
    1208         6.549
    1209         6.166
    1210         5.736
    1211         5.925
    1212         7.011
    1213         5.762
    1214         5.520
    1215         5.772
    1216         6.848
    1217         7.478
    1218         6.490
    1219         6.436
    1220         5.734
    1221         4.980
    1222         4.553
    1223         4.555
    1224         4.011
    1225         4.476
    1226         5.449
    1227         7.219
    1228         6.176
    1229         7.390
    1230         6.934
    1231         6.247
    1232         7.207
    1233         6.788
    1234         7.206
    1235         7.670
    1236         7.739
    1237         5.095
    1238         6.881
    1239         5.996
    1240         6.999
    1241         7.183
    1242         6.424
    1243         6.669
    1244         7.380
    1245         6.361
    1246         6.529
    1247         6.095
    1248         4.829
    1249         6.467
    1250         7.281
    1251         8.265
    1252         8.659
    1253         8.465
    1254         9.098
    1255         7.683
    1256         6.830
    1257         6.357
    1258         7.205
    1259         7.125
    1260         7.630
    1261         8.094
    1262         7.216
    1263         8.324
    1264         8.509
    1265         8.046
    1266         8.115
    1267         8.691
    1268         8.436
    1269         8.551
    1270         6.066
    1271         5.952
    1272         6.141
    1273         6.554
    1274         7.851
    1275         6.623
    1276         8.604
    1277         8.389
    1278         8.088
    1279         9.777
    1280        10.030
    1281         9.717
    1282         9.087
    1283         9.307
    1284         8.981
    1285         8.410
    1286         8.371
    1287         8.760
    1288         7.748
    1289         8.255
    1290         7.363
    1291         8.272
    1292         8.602
    1293         9.115
    1294         8.717
    1295         7.877
    1296         9.042
    1297         8.771
    1298         8.678
    1299         9.647
    1300        11.004
    1301        10.719
    1302        10.617
    1303        10.860
    1304        10.768
    1305         8.569
    1306         9.376
    1307         8.821
    1308         9.128
    1309         8.847
    1310         8.380
    1311         8.551
    1312         6.764
    1313         6.328
    1314         7.183
    1315         6.242
    1316         6.137
    1317         6.376
    1318         6.181
    1319         6.503
    1320         6.960
    1321         8.398
    1322         7.220
    1323         7.954
    1324         9.316
    1325         9.510
    1326         8.863
    1327         8.182
    1328         6.796
    1329         8.067
    1330         8.832
    1331         8.454
    1332         9.293
    1333         8.353
    1334         7.954
    1335         8.065
    1336         7.040
    1337         6.813
    1338         8.516
    1339         9.776
    1340         9.630
    1341         9.138
    1342         7.963
    1343         8.577
    1344         8.800
    1345         8.920
    1346         9.064
    1347         8.864
    1348         9.185
    1349         7.341
    1350         6.783
    1351         8.156
    1352         8.355
    1353         8.114
    1354         7.985
    1355         8.165
    1356         8.989
    1357         7.079
    1358         7.595
    1359         6.206
    1360         6.276
    1361         7.047
    1362         7.187
    1363         7.449
    1364         7.110
    1365         6.542
    1366         8.414
    1367         6.480
    1368         8.334
    1369         7.359
    1370         7.449
    1371         7.093
    1372         4.796
    1373         6.716
    1374         6.130
    1375         6.474
    1376         6.541
    1377         6.529
    1378         6.555
    1379         8.450
    1380         8.085
    1381         8.508
    1382         7.379
    1383         7.879
    1384         6.057
    1385         7.016
    1386         6.981
    1387         7.228
    1388         7.325
    1389         8.084
    1390         7.073
    1391         6.735
    1392         6.855
    1393         6.450
    1394         6.240
    1395         6.957
    1396         7.054
    1397         7.171
    1398         7.564
    1399         7.422
    1400         7.807
    1401         5.897
    1402         7.440
    1403         6.698
    1404         5.917
    1405         8.009
    1406         6.660
    1407         7.705
    1408         5.305
    1409         4.869
    1410         5.753
    1411         6.311
    1412         7.098
    1413         6.655
    1414         6.824
    1415         6.711
    1416         7.224
    1417         7.165
    1418         7.280
    1419         7.185
    1420         7.158
    1421         7.768
    1422         6.867
    1423         6.768
    1424         6.956
    1425         7.580
    1426         7.098
    1427         7.680
    1428         7.388
    1429         7.761
    1430         7.714
    1431        10.056
    1432         7.864
    1433         7.062
    1434         8.358
    1435         9.994
    1436        11.026
    1437        11.565
    1438        10.565
    1439        11.710
    1440        11.327
    1441        11.829
    1442        10.986
    1443        11.633
    1444        12.201
    1445        11.485
    1446        11.087
    1447        11.021
    1448        11.712
    1449        11.240
    1450        11.025
    1451        10.706
    1452        11.542
    1453        12.325
    1454        13.019
    1455        11.598
    1456        11.045
    1457        10.830
    1458        10.380
    1459        10.909
    1460        11.465
    1461        11.556
    1462        12.124
    1463        10.810
    1464         9.739
    1465        10.032
    1466        11.356
    1467        10.459
    1468        11.034
    1469        10.121
    1470         7.529
    1471         9.100
    1472         8.731
    1473         8.650
    1474         9.465
    1475         8.566
    1476         9.079
    1477         8.588
    1478         8.931
    1479         7.399
    1480         6.525
    1481         6.714
    1482         5.853
    1483         6.180
    1484         6.746
    1485         7.233
    1486         5.895
    1487         5.012
    1488         6.011
    1489         6.490
    1490         6.502
    1491         6.192
    1492         6.719
    1493         5.275
    1494         4.457
    1495         4.580
    1496         6.084
    1497         6.627
    1498         8.278
    1499         7.795
    1500         8.077
    1501         7.757
    1502         6.525
    1503         7.081
    1504         8.361
    1505         6.473
    1506         7.107
    1507         8.212
    1508         7.699
    1509         7.286
    1510         7.734
    1511         7.894
    1512         7.606
    1513         7.562
    1514         7.375
    1515         8.260
    1516         7.780
    1517         6.664
    1518         8.868
    1519         8.204
    1520         7.619
    1521         7.443
    1522         7.086
    1523         7.497
    1524         7.187
    1525         6.881
    1526         6.115
    1527         6.267
    1528         5.805
    1529         5.125
    1530         4.408
    1531         4.831
    1532         6.144
    1533         5.814
    1534         7.233
    1535         6.488
    1536         6.124
    1537         5.770
    1538         6.819
    1539         6.398
    1540         7.177
    1541         5.862
    1542         6.546
    1543         5.313
    1544         4.573
    1545         4.832
    1546         5.530
    1547         6.282
    1548         6.715
    1549         4.740
    1550         4.312
    1551         4.451
    1552         6.886
    1553         7.665
    1554         7.251
    1555         6.660
    1556         6.530
    1557         6.331
    1558         7.623
    1559         6.637
    1560         5.551
    1561         5.856
    1562         5.576
    1563         4.196
    1564         4.993
    1565         4.945
    1566         4.591
    1567         5.018
    1568         5.485
    1569         5.886
    1570         5.852
    1571         6.604
    1572         7.712
    1573         7.292
    1574         7.276
    1575         7.775
    1576         7.232
    1577         6.777
    1578         4.784
    1579         7.033
    1580         7.751
    1581         5.859
    1582         6.739
    1583         5.376
    1584         6.105
    1585         4.067
    1586         6.369
    1587         6.501
    1588         6.464
    1589         7.217
    1590         8.685
    1591         8.198
    1592         6.572
    1593         6.590
    1594         7.499
    1595         8.302
    1596         8.234
    1597         8.497
    1598         7.985
    1599         6.981
    1600         7.167
    1601         7.709
    1602         7.251
    1603         7.276
    1604         8.551
    1605         7.789
    1606         7.771
    1607         7.895
    1608         6.849
    1609         7.749
    1610         7.066
    1611         7.596
    1612         8.048
    1613         6.922
    1614         7.744
    1615         6.474
    1616         7.365
    1617         8.430
    1618         8.272
    1619         8.857
    1620         8.759
    1621         8.876
    1622         9.041
    1623         8.818
    1624         8.043
    1625         7.156
    1626         6.682
    1627         7.221
    1628         6.815
    1629         6.703
    1630         6.732
    1631         7.139
    1632         8.285
    1633         8.633
    1634         8.558
    1635         8.012
    1636         9.068
    1637         8.989
    1638         9.233
    1639         8.727
    1640         9.047
    1641         8.867
    1642         8.662
    1643         8.294
    1644         8.497
    1645         7.387
    1646         7.574
    1647         6.439
    1648         6.993
    1649         7.186
    1650         7.258
    1651         6.044
    1652         6.784
    1653         6.172
    1654         6.523
    1655         6.173
    1656         6.097
    1657         6.777
    1658         7.578
    1659         7.036
    1660         6.638
    1661         7.845
    1662         6.445
    1663         6.137
    1664         5.769
    1665         5.223
    1666         4.643
    1667         4.895
    1668         4.721
    1669         6.227
    1670         6.304
    1671         6.491
    1672         7.110
    1673         6.350
    1674         6.785
    1675         5.635
    1676         6.791
    1677         5.737
    1678         6.426
    1679         6.588
    1680         6.215
    1681         5.934
    1682         6.471
    1683         5.575
    1684         6.262
    1685         6.733
    1686         7.347
    1687         6.639
    1688         7.748
    1689         6.303
    1690         6.496
    1691         5.829
    1692         6.410
    1693         6.311
    1694         6.386
    1695         6.093
    1696         5.360
    1697         6.080
    1698         7.127
    1699         7.206
    1700         7.332
    1701         7.666
    1702         6.877
    1703         7.407
    1704         7.168
    1705         7.020
    1706         8.676
    1707         8.608
    1708         7.532
    1709         6.585
    1710         6.754
    1711         5.947
    1712         6.324
    1713         6.508
    1714         7.284
    1715         6.939
    1716         6.093
    1717         6.615
    1718         5.751
    1719         7.205
    1720         7.180
    1721         6.885
    1722         6.869
    1723         6.988
    1724         7.144
    1725         6.740
    1726         6.930
    1727         7.226
    1728         6.875
    1729         6.855
    1730         6.951
    1731         6.259
    1732         6.657
    1733         6.397
    1734         6.662
    1735         6.480
    1736         5.396
    1737         6.997
    1738         7.175
    1739         7.950
    1740         6.615
    1741         6.113
    1742         7.143
    1743         6.246
    1744         6.238
    1745         6.748
    1746         5.906
    1747         5.994
    1748         6.295
    1749         6.259
    1750         6.959
    1751         5.739
    1752         6.723
    1753         5.788
    1754         6.510
    1755         6.757
    1756         6.847
    1757         6.956
    1758         6.570
    1759         6.770
    1760         7.678
    1761         6.602
    1762         6.866
    1763         6.568
    1764         6.030
    1765         5.025
    1766         5.063
    1767         5.485
    1768         5.916
    1769         5.803
    1770         5.392
    1771         5.923
    1772         6.325
    1773         6.209
    1774         5.164
    1775         6.658
    1776         6.640
    1777         6.164
    1778         4.463
    1779         6.352
    1780         5.728
    1781         6.944
    1782         7.568
    1783         6.847
    1784         6.638
    1785         6.736
    1786         6.757
    1787         7.303
    1788         7.354
    1789         7.175
    1790         7.461
    1791         8.170
    1792         7.073
    1793         7.156
    1794         6.468
    1795         6.387
    1796         8.455
    1797         7.472
    1798         7.260
    1799         7.389
    1800         7.226
    1801         6.878
    1802         6.803
    1803         7.952
    1804         7.425
    1805         7.050
    1806         7.732
    1807         8.079
    1808         9.264
    1809         9.945
    1810        10.130
    1811        10.703
    1812         8.795
    1813         8.390
    1814         8.289
    1815         8.269
    1816         7.700
    1817         6.692
    1818         5.816
    1819         8.331
    1820         8.931
    1821         7.786
    1822        10.139
    1823         9.656
    1824         9.411
    1825         9.526
    1826         9.601
    1827         9.084
    1828        10.028
    1829        10.558
    1830        10.054
    1831        10.539
    1832        10.681
    1833        10.080
    1834        10.943
    1835        10.707
    1836        11.750
    1837        10.545
    1838        11.607
    1839        11.655
    1840        11.838
    1841        11.335
    1842        11.751
    1843        11.399
    1844        10.633
    1845        11.138
    1846        11.180
    1847        11.217
    1848        13.451
    1849        11.851
    1850        11.509
    1851        12.643
    1852        13.191
    1853        12.156
    1854        12.418
    1855        11.115
    1856        10.598
    1857        11.805
    1858        11.772
    1859        10.449
    1860        11.620
    1861        11.420
    1862        11.761
    1863        11.617
    1864        11.568
    1865        10.604
    1866        10.025
    1867        10.254
    1868        11.795
    1869        10.901
    1870        11.291
    1871        11.312
    1872        11.180
    1873        13.736
    1874        12.939
    1875        12.449
    1876        11.533
    1877        11.552
    1878        11.643
    1879        11.244
    1880        11.406
    1881        11.820
    1882        12.837
    1883        11.269
    1884        12.328
    1885        10.679
    1886        10.344
    1887        10.762
    1888        11.114
    1889        11.913
    1890        11.931
    1891        10.859
    1892        12.094
    1893        10.962
    1894        11.152
    1895        10.668
    1896        11.878
    1897        12.445
    1898        11.398
    1899        11.192
    1900        11.085
    1901        10.630
    1902        12.217
    1903        12.802
    1904        11.531
    1905        11.213
    1906        11.681
    1907        11.725
    1908        11.866
    1909        11.263
    1910        11.695
    1911        11.463
    1912        11.998
    1913        12.107
    1914        11.331
    1915        11.557
    1916        10.910
    1917        10.027
    1918        10.679
    1919        11.456
    1920        10.807
    1921        11.204
    1922        12.179
    1923        11.025
    1924        11.970
    1925        12.048
    1926        13.579
    1927        13.604
    1928        12.728
    1929        12.557
    1930        13.522
    1931        13.456
    1932        12.775
    1933        11.975
    1934        12.518
    1935        12.192
    1936        12.319
    1937        11.897
    1938        12.076
    1939        11.403
    1940        11.314
    1941        11.002
    1942        10.895
    1943        10.184
    1944        10.145
    1945        10.458
    1946        10.514
    1947        10.186
    1948         9.632
    1949        10.376
    1950        10.059
    1951         9.110
    1952         9.738
    1953        10.571
    1954        10.276
    1955        10.421
    1956         9.989
    1957        10.527
    1958         9.961
    1959         9.752
    1960         9.695
    1961         9.667
    1962        10.797
    1963        10.489
    1964        10.532
    1965        10.464
    1966        10.064
    1967         9.574
    1968        10.466
    1969        10.250
    1970        10.718
    1971        11.325
    1972        11.868
    1973        12.048
    1974        12.174
    1975        12.656
    1976        10.723
    1977        12.238
    1978        11.937
    1979        11.873
    1980        11.467
    1981        10.997
    1982        10.427
    1983        11.146
    1984        11.785
    1985        11.428
    1986        11.708
    1987        12.052
    1988        11.714
    1989        11.437
    1990        11.845
    1991        11.275
    1992        11.618
    1993        11.085
    1994        11.724
    1995        10.958
    1996        11.055
    1997        11.919
    1998        10.382
    1999        11.060
    2000        10.667
    2001        10.678
    2002        11.016
    2003        10.492
    2004        11.324
    2005        11.303
    2006        11.624
    2007        11.647
    2008        11.610
    2009        11.630
    2010        11.115
    2011        10.951
    2012        11.897
    2013        11.908
    2014        12.628
    2015        12.185
    2016        12.514
    2017        14.148
    2018        14.574
    2019        14.330
    2020        14.321
    2021        14.000
    2022        14.171
    2023        13.550
    2024        12.969
    2025        11.559
    2026        11.512
    2027        11.263
    2028        10.796
    2029        11.433
    2030        11.670
    2031        11.410
    2032        10.963
    2033        11.683
    2034        11.254
    2035        11.509
    2036        11.544
    2037        11.354
    2038        10.905
    2039        10.576
    2040        10.793
    2041        10.883
    2042        10.473
    2043        11.406
    2044        10.747
    2045        10.522
    2046        10.931
    2047        11.722
    2048        10.978
    2049        11.396
    2050        11.097
    2051        11.277
    2052        10.511
    2053        11.237
    2054        11.971
    2055        12.264
    2056        12.101
    2057        10.526
    2058        11.114
    2059        11.098
    2060        11.163
    2061        11.086
    2062        10.863
    2063        11.559
    2064        13.128
    2065        11.947
    2066        14.351
    2067        13.541
    2068        13.786
    2069        12.875
    2070        12.389
    2071        13.334
    2072        13.570
    2073        13.356
    2074        13.844
    2075        13.956
    2076        14.265
    2077        14.087
    2078        14.014
    2079        13.632
    2080        13.809
    2081        13.760
    2082        12.979
    2083        12.328
    2084        12.977
    2085        12.255
    2086        10.905
    2087        10.429
    2088        10.796
    2089         9.677
    2090         8.485
    2091         8.971
    2092        11.098
    2093         9.561
    2094        12.460
    2095        12.648
    2096        13.018
    2097        12.796
    2098        12.696
    2099        13.450
    2100        13.414
    2101        12.199
    2102        12.221
    2103        12.352
    2104        13.209
    2105        12.259
    2106        12.438
    2107        11.980
    2108        11.559
    2109        11.524
    2110        11.781
    2111        11.567
    2112        12.550
    2113        12.658
    2114        13.457
    2115        12.619
    2116        12.336
    2117        12.056
    2118        12.187
    2119        13.464
    2120        11.891
    2121        12.328
    2122        12.636
    2123        12.156
    2124        12.406
    2125        11.951
    2126        12.377
    2127        11.993
    2128        11.498
    2129        11.683
    2130        11.868
    2131        11.906
    2132        10.724
    2133        10.725
    2134        11.960
    2135        11.181
    2136        11.364
    2137        11.100
    2138        11.310
    2139        10.154
    2140        10.680
    2141        11.694
    2142         9.943
    2143         9.637
    2144         9.668
    2145        10.039
    2146        10.467
    2147        10.153
    2148         9.798
    2149        10.816
    2150         9.247
    2151         9.834
    2152         9.379
    2153         9.427
    2154         8.629
    2155         7.555
    2156         7.524
    2157         8.792
    2158         7.948
    2159         7.559
    2160         7.649
    2161         8.104
    2162         8.606
    2163         8.496
    2164         8.513
    2165         7.875
    2166         8.795
    2167         8.875
    2168         9.776
    2169         8.916
    2170         9.490
    2171         8.931
    2172         9.810
    2173         9.831
    2174         8.713
    2175         8.595
    2176         8.330
    2177         7.870
    2178         8.445
    2179         7.337
    2180         7.193
    2181         5.843
    2182         6.634
    2183         4.408
    2184         5.319
    2185         4.428
    2186         6.307
    2187         5.526
    2188         5.379
    2189         4.584
    2190         4.536
    2191         5.158
    2192         5.683
    2193         6.411
    2194         5.167
    2195         4.569
    2196         5.062
    2197         5.042
    2198         4.419
    2199         4.289
    2200         4.156
    2201         4.671
    2202         3.917
    2203         5.123
    2204         4.996
    2205         4.290
    2206         3.526
    2207         4.314
    2208         4.448
    2209         4.433
    2210         4.689
    2211         4.601
    2212         5.874
    2213         6.231
    2214         5.613
    2215         5.282
    2216         6.704
    2217         7.145
    2218         8.274
    2219         8.443
    2220         9.358
    2221         8.462
    2222         8.797
    2223         9.444
    2224         8.733
    2225         7.648
    2226         6.633
    2227         6.501
    2228         9.116
    2229         8.496
    2230         8.820
    2231         8.871
    2232         8.529
    2233         8.895
    2234         8.429
    2235         8.706
    2236         8.885
    2237         8.105
    2238        10.577
    2239        10.545
    2240        10.642
    2241        10.070
    2242        10.831
    2243        10.610
    2244        10.477
    2245        11.347
    2246        11.300
    2247        10.626
    2248         9.851
    2249        10.436
    2250        10.438
    2251        10.946
    2252         9.983
    2253        10.467
    2254        11.185
    2255        11.383
    2256        12.024
    2257        11.894
    2258        12.525
    2259        12.475
    2260        11.713
    2261        11.175
    2262        12.128
    2263        11.302
    2264        10.692
    2265        10.299
    2266         9.883
    2267        10.627
    2268        10.294
    2269        10.058
    2270        10.794
    2271        11.634
    2272        10.358
    2273        10.304
    2274         9.619
    2275        10.195
    2276        11.602
    2277         9.929
    2278        10.665
    2279         9.560
    2280         9.595
    2281        10.661
    2282        10.134
    2283        10.702
    2284         9.680
    2285        11.217
    2286        10.483
    2287         9.769
    2288        10.314
    2289        10.366
    2290         9.953
    2291        10.900
    2292         9.797
    2293        10.639
    2294        10.313
    2295        10.272
    2296         9.529
    2297        10.178
    2298        10.729
    2299        10.248
    2300        10.027
    2301         8.521
    2302         9.833
    2303         9.003
    2304        10.429
    2305        10.780
    2306        10.365
    2307         9.629
    2308         8.887
    2309         9.185
    2310        10.032
    2311         9.186
    2312        10.843
    2313        10.821
    2314        10.078
    2315         8.527
    2316         9.526
    2317         9.204
    2318         9.652
    2319         9.414
    2320         8.083
    2321         8.411
    2322         9.679
    2323         8.860
    2324         5.998
    2325         6.289
    2326         7.338
    2327         7.778
    2328         7.017
    2329         7.688
    2330         7.147
    2331         7.422
    2332         7.030
    2333         9.674
    2334         8.835
    2335         8.810
    2336         8.441
    2337         8.271
    2338         9.325
    2339         9.344
    2340         9.581
    2341         7.586
    2342         8.086
    2343         8.877
    2344         9.354
    2345         9.428
    2346         9.859
    2347         9.824
    2348         9.936
    2349        10.057
    2350         9.975
    2351         9.249
    2352         9.167
    2353         8.440
    2354         8.980
    2355         9.201
    2356         9.094
    2357         7.147
    2358         7.526
    2359         8.965
    2360         8.061
    2361         8.777
    2362         8.500
    2363         7.370
    2364         8.558
    2365         8.892
    2366         9.677
    2367         9.319
    2368         8.904
    2369         9.701
    2370         8.777
    2371         9.355
    2372         9.025
    2373         8.967
    2374         9.774
    2375         8.649
    2376         8.187
    2377         9.208
    2378         7.315
    2379         7.627
    2380         7.598
    2381         6.618
    2382         8.523
    2383         8.318
    2384         9.062
    2385         8.072
    2386         6.848
    2387         8.268
    2388         8.578
    2389         7.826
    2390         6.289
    2391         5.848
    2392         7.728
    2393         7.590
    2394         7.909
    2395         6.995
    2396         7.061
    2397         7.364
    2398         7.025
    2399         8.191
    2400         7.114
    2401         8.795
    2402         8.689
    2403         8.564
    2404         8.981
    2405         8.823
    2406         7.297
    2407         7.291
    2408         6.636
    2409         5.967
    2410         5.167
    2411         6.376
    2412         8.648
    2413         6.750
    2414         7.167
    2415         7.985
    2416         8.789
    2417         9.138
    2418         9.101
    2419         8.239
    2420         7.215
    2421         8.646
    2422         9.526
    2423         8.170
    2424         9.202
    2425         8.062
    2426         9.964
    2427         8.915
    2428         9.051
    2429         7.649
    2430         8.738
    2431         8.962
    2432         7.706
    2433         8.846
    2434         6.017
    2435         4.416
    2436         6.332
    2437         4.807
    2438         4.804
    2439         4.372
    2440         4.723
    2441         4.752
    2442         7.278
    2443         6.458
    2444         6.000
    2445         5.099
    2446         5.987
    2447         5.039
    2448         4.699
    2449         5.326
    2450         4.525
    2451         4.409
    2452         4.404
    2453         5.451
    2454         4.883
    2455         4.987
    2456         5.760
    2457         4.899
    2458         4.644
    2459         4.674
    2460         5.111
    2461         4.958
    2462         6.494
    2463         7.742
    2464         4.629
    2465         5.517
    2466         4.330
    2467         6.200
    2468         7.287
    2469         6.243
    2470         6.870
    2471         6.647
    2472         5.051
    2473         6.498
    2474         7.507
    2475         6.327
    2476         6.293
    2477         7.165
    2478         7.642
    2479         7.544
    2480         8.677
    2481         9.661
    2482         8.696
    2483         9.346
    2484         9.040
    2485         8.394
    2486         9.509
    2487        10.310
    2488         9.999
    2489         9.165
    2490         8.939
    2491         9.145
    2492        10.220
    2493         8.871
    2494         8.192
    2495         8.230
    2496         7.936
    2497         8.362
    2498         7.781
    2499         9.181
    2500         9.314
    2501         7.895
    2502         7.985
    2503         8.031
    2504         7.399
    2505         8.122
    2506         8.533
    2507         9.151
    2508         8.368
    2509         9.843
    2510         9.728
    2511         8.931
    2512         8.954
    2513         9.189
    2514         7.821
    2515         7.900
    2516         8.801
    2517         7.350
    2518         8.273
    2519         7.466
    2520         8.856
    2521         8.762
    2522         8.184
    2523         8.720
    2524         7.504
    2525         6.400
    2526         8.033
    2527         7.496
    2528         8.610
    2529         8.226
    2530         8.441
    2531         9.229
    2532         9.249
    2533         8.355
    2534         7.477
    2535         9.011
    2536         8.875
    2537         8.587
    2538         8.864
    2539         8.417
    2540         9.331
    2541         9.071
    2542         8.877
    2543         8.810
    2544         9.527
    2545         9.632
    2546        10.334
    2547        10.600
    2548        10.466
    2549         8.883
    2550         8.888
    2551        11.350
    2552        10.429
    2553        10.778
    2554        10.410
    2555        10.253
    2556        10.494
    2557        10.012
    2558        10.334
    2559        10.135
    2560        10.634
    2561         9.524
    2562        10.520
    2563         9.592
    2564        10.517
    2565        10.373
    2566        10.612
    2567         9.123
    2568         9.850
    2569         8.655
    2570         8.659
    2571         8.981
    2572         9.913
    2573         8.525
    2574         9.225
    2575         9.214
    2576         9.482
    2577         8.764
    2578         9.011
    2579         8.676
    2580         9.945
    2581         9.265
    2582         8.994
    2583         9.879
    2584        10.811
    2585        10.047
    2586         9.899
    2587         8.900
    2588         9.660
    2589         9.483
    2590         8.751
    2591         8.940
    2592         9.010
    2593         9.010
    2594         9.276
    2595         8.659
    2596         9.010
    2597         8.737
    2598         9.141
    2599         8.726
    2600         8.758
    2601         7.383
    2602         7.922
    2603         9.896
    2604        10.410
    2605         9.500
    2606        11.000
    2607        10.117
    2608         9.864
    2609         8.816
    2610         9.000
    2611         8.332
    2612         9.403
    2613        10.387
    2614         9.781
    2615         8.776
    2616         8.846
    2617         9.519
    2618         9.658
    2619         9.448
    2620         9.321
    2621        10.203
    2622        10.268
    2623        10.543
    2624        10.520
    2625        10.843
    2626        10.323
    2627        11.061
    2628        11.037
    2629        10.655
    2630         9.580
    2631        10.214
    2632         9.090
    2633        10.483
    2634        10.957
    2635        11.328
    2636        11.048
    2637        10.666
    2638        10.146
    2639        10.730
    2640        10.300
    2641        10.752
    2642         9.887
    2643        10.655
    2644        10.834
    2645        11.765
    2646        10.740
    2647        10.003
    2648        10.029
    2649        10.146
    2650         9.769
    2651         9.057
    2652         9.809
    2653         9.468
    2654        10.170
    2655         9.931
    2656         9.799
    2657         9.469
    2658         8.308
    2659         9.606
    2660         9.662
    2661         8.821
    2662         9.632
    2663        10.551
    2664         9.687
    2665        10.785
    2666         9.616
    2667         9.894
    2668         9.300
    2669         9.696
    2670         9.969
    2671         9.627
    2672         9.350
    2673         9.919
    2674         9.747
    2675        10.234
    2676        10.499
    2677         9.769
    2678         9.905
    2679         9.927
    2680         9.890
    2681        10.249
    2682         9.599
    2683         8.142
    2684         9.075
    2685        10.131
    2686        10.183
    2687        10.036
    2688         9.985
    2689         9.602
    2690         9.454
    2691         8.866
    2692         9.067
    2693         9.454
    2694         8.413
    2695         9.250
    2696         9.510
    2697         9.783
    2698         8.168
    2699         8.910
    2700         9.900
    2701         9.791
    2702         9.958
    2703         9.747
    2704         7.887
    2705         9.173
    2706         7.615
    2707         8.864
    2708         9.373
    2709         9.427
    2710         9.206
    2711         7.889
    2712         9.394
    2713         8.948
    2714         8.253
    2715         7.974
    2716         8.606
    2717         8.133
    2718         8.051
    2719         8.757
    2720         9.073
    2721         8.661
    2722         9.566
    2723        10.562
    2724        10.741
    2725         9.595
    2726        10.202
    2727        10.305
    2728         9.588
    2729         9.339
    2730         8.774
    2731         9.441
    2732         9.395
    2733         9.717
    2734         8.967
    2735         7.829
    2736         7.500
    2737         9.228
    2738         7.823
    2739         7.806
    2740         8.791
    2741         9.328
    2742         7.883
    2743         7.289
    2744         8.775
    2745         8.119
    2746         8.066
    2747         9.388
    2748         9.814
    2749        10.949
    2750        10.087
    2751         8.783
    2752        10.109
    2753         8.521
    2754         8.092
    2755         6.430
    2756         9.363
    2757         8.797
    2758         8.904
    2759         8.825
    2760         8.784
    2761         8.679
    2762         7.849
    2763         7.975
    2764         9.048
    2765         8.940
    2766         9.542
    2767         8.093
    2768         9.158
    2769         9.919
    2770         9.737
    2771         9.484
    2772         8.928
    2773         8.679
    2774         8.469
    2775         8.869
    2776         9.118
    2777         9.544
    2778         8.537
    2779         8.636
    2780         8.914
    2781         8.698
    2782         9.914
    2783         9.099
    2784        10.741
    2785        10.332
    2786        11.877
    2787        11.036
    2788        10.881
    2789         8.515
    2790         8.832
    2791         7.995
    2792         8.779
    2793         9.106
    2794         9.761
    2795         9.629
    2796         8.386
    2797        10.602
    2798         8.685
    2799         8.490
    2800         8.531
    2801         8.897
    2802         8.786
    2803         8.095
    2804         9.705
    2805         9.137
    2806         9.054
    2807         8.392
    2808         9.003
    2809         8.836
    2810         9.212
    2811         8.105
    2812         8.707
    2813         8.171
    2814         7.363
    2815         6.925
    2816         7.511
    2817         9.595
    2818         9.233
    2819         8.934
    2820         9.434
    2821         9.100
    2822         9.481
    2823         9.236
    2824         8.876
    2825         9.121
    2826        10.020
    2827        11.079
    2828        10.276
    2829         9.237
    2830        10.711
    2831        11.742
    2832        11.679
    2833        10.552
    2834        10.594
    2835        11.591
    2836         9.844
    2837         8.806
    2838         9.304
    2839         9.218
    2840         7.491
    2841         7.441
    2842         8.285
    2843         7.593
    2844         8.196
    2845         7.869
    2846         6.726
    2847         7.337
    2848         7.211
    2849         7.666
    2850         6.672
    2851         7.755
    2852         7.310
    2853         6.458
    2854         5.486
    2855         5.954
    2856         6.826
    2857         7.765
    2858         7.178
    2859         7.044
    2860         6.963
    2861         8.681
    2862         8.414
    2863         6.408
    2864         6.992
    2865         6.404
    2866         8.112
    2867         8.130
    2868         7.005
    2869         7.769
    2870         8.393
    2871         8.022
    2872         7.492
    2873         8.491
    2874         8.136
    2875         8.841
    2876         8.044
    2877         8.430
    2878         8.390
    2879        10.183
    2880         8.902
    2881         9.378
    2882         8.461
    2883         8.723
    2884         8.008
    2885         7.898
    2886         7.765
    2887         7.152
    2888         7.148
    2889         7.386
    2890         6.404
    2891         5.809
    2892         7.236
    2893         6.644
    2894         6.578
    2895         6.971
    2896         6.743
    2897         6.800
    2898         6.891
    2899         6.364
    2900         6.711
    2901         7.191
    2902         5.893
    2903         6.761
    2904         6.264
    2905         5.437
    2906         6.467
    2907         5.789
    2908         7.399
    2909         9.144
    2910         8.107
    2911         7.917
    2912         7.643
    2913         8.556
    2914         7.657
    2915         8.034
    2916         9.935
    2917        10.642
    2918        11.092
    2919        10.339
    2920        10.011
    2921         9.199
    2922         9.621
    2923         8.968
    2924         9.611
    2925        10.110
    2926         8.977
    2927         8.267
    2928         8.157
    2929         9.386
    2930        10.037
    2931        10.580
    2932        11.311
    2933        11.354
    2934        10.500
    2935         9.882
    2936         8.519
    2937         9.408
    2938         9.408
    2939         8.760
    2940         8.699
    2941         9.277
    2942         8.992
    2943         8.547
    2944         8.330
    2945         8.314
    2946         7.438
    2947         8.696
    2948         8.287
    2949         8.091
    2950         8.027
    2951         8.423
    2952         8.935
    2953         6.988
    2954         9.965
    2955         8.598
    2956         8.883
    2957         7.678
    2958         8.837
    2959         9.138
    2960         7.010
    2961         6.473
    2962         6.409
    2963         7.051
    2964         7.862
    2965         8.717
    2966         7.027
    2967         7.888
    2968         6.958
    2969         6.969
    2970         6.562
    2971         6.456
    2972         8.348
    2973         8.435
    2974         8.945
    2975         9.590
    2976         9.024
    2977         8.746
    2978         9.012
    2979         7.802
    2980         7.511
    2981         7.732
    2982         8.014
    2983         7.882
    2984         7.423
    2985         7.100
    2986         6.694
    2987         6.601
    2988         6.267
    2989         7.546
    2990         7.870
    2991         7.565
    2992         7.431
    2993         8.237
    2994         8.853
    2995         8.760
    2996         9.153
    2997        10.189
    2998        10.016
    2999         8.001
    3000         7.417
    3001         7.010
    3002         7.068
    3003         7.661
    3004         7.787
    3005         7.947
    3006         8.999
    3007         9.139
    3008         9.282
    3009         8.155
    3010         7.642
    3011         5.982
    3012         6.343
    3013         7.333
    3014         5.468
    3015         5.990
    3016         6.388
    3017         7.405
    3018         7.426
    3019         7.209
    3020         6.859
    3021         5.934
    3022         5.426
    3023         4.567
    3024         4.811
    3025         4.296
    3026         4.827
    3027         4.722
    3028         4.322
    3029         4.639
    3030         4.733
    3031         4.607
    3032         5.544
    3033         5.973
    3034         4.739
    3035         5.592
    3036         4.354
    3037         7.416
    3038         8.321
    3039         7.553
    3040         7.966
    3041         6.165
    3042         7.219
    3043         8.176
    3044         8.193
    3045         7.796
    3046         8.441
    3047         9.266
    3048         8.788
    3049         7.446
    3050         8.134
    3051         8.187
    3052         7.297
    3053         6.174
    3054         7.797
    3055         6.182
    3056         7.543
    3057         7.592
    3058         8.610
    3059         7.643
    3060         7.521
    3061         7.198
    3062         7.434
    3063         8.459
    3064         7.116
    3065         8.634
    3066         8.472
    3067         7.918
    3068         8.309
    3069         7.803
    3070         8.792
    3071         7.507
    3072         7.765
    3073         7.888
    3074         8.337
    3075         8.154
    3076         7.249
    3077         7.729
    3078         6.948
    3079         7.061
    3080         8.115
    3081         7.873
    3082         8.133
    3083         7.229
    3084         7.098
    3085         7.593
    3086         7.791
    3087         7.975
    3088         8.417
    3089         9.145
    3090        10.397
    3091         8.740
    3092         7.412
    3093         9.067
    3094        10.567
    3095        10.083
    3096         9.939
    3097         9.670
    3098        10.152
    3099        10.776
    3100        10.001
    3101        10.780
    3102        11.492
    3103        11.094
    3104        10.946
    3105        12.306
    3106        11.029
    3107        11.838
    3108        12.368
    3109        10.370
    3110         9.406
    3111        10.128
    3112        10.391
    3113        10.460
    3114         9.628
    3115         8.764
    3116         8.450
    3117         7.825
    3118         7.985
    3119         9.123
    3120         8.502
    3121         9.013
    3122         7.150
    3123         7.758
    3124         7.633
    3125         7.048
    3126         7.685
    3127         7.583
    3128         7.167
    3129         7.996
    3130         7.918
    3131         7.725
    3132         7.264
    3133         7.385
    3134         7.278
    3135         7.597
    3136         7.466
    3137         7.380
    3138         9.316
    3139         8.307
    3140         9.331
    3141         8.842
    3142         8.670
    3143         9.761
    3144         8.923
    3145         8.885
    3146         8.920
    3147         9.367
    3148         8.915
    3149         7.759
    3150         7.049
    3151         6.351
    3152         6.864
    3153         6.608
    3154         7.505
    3155         6.891
    3156         8.229
    3157         7.745
    3158         8.168
    3159         7.475
    3160         7.268
    3161         7.487
    3162         7.647
    3163         7.342
    3164         7.176
    3165         6.830
    3166         7.371
    3167         7.413
    3168         6.837
    3169         8.023
    3170         7.129
    3171         6.519
    3172         6.846
    3173         7.621
    3174         7.409
    3175         7.650
    3176         9.449
    3177        10.100
    3178        10.096
    3179         9.869
    3180         8.780
    3181         7.643
    3182         8.047
    3183         8.016
    3184         8.137
    3185         8.427
    3186         7.295
    3187         6.477
    3188         6.545
    3189         5.854
    3190         7.655
    3191         7.443
    3192         7.830
    3193         7.832
    3194         9.659
    3195         8.692
    3196         8.129
    3197         7.584
    3198         7.099
    3199         7.901
    3200         7.651
    3201         8.583
    3202         7.860
    3203         8.288
    3204         9.238
    3205         9.040
    3206         9.304
    3207         9.556
    3208         9.583
    3209         8.949
    3210         7.859
    3211         6.948
    3212         6.874
    3213         6.880
    3214         6.596
    3215         6.358
    3216         7.093
    3217         8.311
    3218         6.463
    3219         7.095
    3220         6.793
    3221         6.569
    3222         7.260
    3223         6.784
    3224         7.242
    3225         8.430
    3226         8.740
    3227         8.774
    3228         7.684
    3229         9.804
    3230         9.630
    3231        10.508
    3232         8.810
    3233         9.995
    3234         8.805
    3235         6.768
    3236         8.395
    3237         8.967
    3238         9.859
    3239         8.563
    3240         7.957
    3241         8.731
    3242         8.523
    3243         9.642
    3244        10.107
    3245         8.825
    3246         8.103
    3247         9.493
    3248         9.137
    3249         9.491
    3250         8.489
    3251         9.352
    3252         8.918
    3253         9.916
    3254         8.719
    3255        11.068
    3256        10.808
    3257        10.598
    3258         9.922
    3259         9.343
    3260         9.119
    3261         8.926
    3262         9.562
    3263         8.514
    3264         9.864
    3265        10.087
    3266        10.093
    3267         8.401
    3268         9.953
    3269        10.526
    3270        11.516
    3271        10.096
    3272        10.518
    3273        11.398
    3274        12.293
    3275        12.669
    3276        14.081
    3277        11.690
    3278        11.900
    3279        10.715
    3280         9.366
    3281         9.861
    3282         9.809
    3283         9.384
    3284         9.517
    3285        10.460
    3286        10.594
    3287        10.367
    3288         9.841
    3289         9.637
    3290        10.047
    3291        10.183
    3292         8.720
    3293         9.852
    3294         9.778
    3295        10.378
    3296         9.650
    3297        11.408
    3298        12.412
    3299        12.007
    3300        12.462
    3301        12.820
    3302        13.275
    3303        12.673
    3304        11.228
    3305        14.483
    3306        14.854
    3307        13.666
    3308        14.865
    3309        14.363
    3310        15.944
    3311        12.908
    3312        11.871
    3313        11.215
    3314        12.081
    3315        10.791
    3316        11.302
    3317        11.388
    3318        10.597
    3319        10.682
    3320        12.340
    3321        12.453
    3322        11.510
    3323        11.643
    3324        10.415
    3325        10.248
    3326        10.401
    3327        10.374
    3328        10.570
    3329        10.728
    3330        11.378
    3331         9.501
    3332         9.417
    3333        10.353
    3334        10.584
    3335        10.514
    3336        10.172
    3337         9.632
    3338        10.495
    3339        10.137
    3340        10.413
    3341         9.617
    3342        10.184
    3343        11.665
    3344        10.920
    3345        10.731
    3346        11.905
    3347        10.594
    3348         9.546
    3349        10.258
    3350         9.255
    3351        10.787
    3352        11.549
    3353        12.753
    3354        11.907
    3355        10.762
    3356        12.293
    3357        11.846
    3358        11.281
    3359        10.636
    3360         9.121
    3361         8.573
    3362         7.764
    3363         8.443
    3364        10.735
    3365        10.947
    3366        11.873
    3367        11.933
    3368        12.242
    3369        10.042
    3370         9.138
    3371         8.704
    3372         8.592
    3373         8.327
    3374         9.056
    3375         7.752
    3376         7.289
    3377         8.589
    3378         8.876
    3379         7.927
    3380        11.532
    3381        11.232
    3382        10.385
    3383        10.661
    3384        11.537
    3385        10.758
    3386        11.467
    3387        11.250
    3388        11.242
    3389        10.673
    3390        11.173
    3391        11.540
    3392        11.145
    3393        10.710
    3394        10.185
    3395         8.930
    3396         7.530
    3397         7.815
    3398         6.745
    3399         7.172
    3400         6.329
    3401         6.874
    3402         6.828
    3403         8.344
    3404         7.077
    3405         8.184
    3406         8.436
    3407         8.143
    3408         9.391
    3409         8.710
    3410         7.109
    3411         8.390
    3412         7.260
    3413         7.343
    3414         7.168
    3415         7.543
    3416         7.677
    3417         7.812
    3418         6.412
    3419         7.367
    3420         7.844
    3421         7.310
    3422         7.891
    3423         8.771
    3424         8.469
    3425         7.999
    3426         8.216
    3427         8.244
    3428         7.966
    3429         8.765
    3430         8.784
    3431         9.426
    3432         7.608
    3433         8.497
    3434         9.657
    3435         8.396
    3436         8.403
    3437         8.741
    3438        10.324
    3439        10.851
    3440         7.979
    3441         7.432
    3442         7.567
    3443         7.303
    3444         6.647
    3445         7.595
    3446         7.151
    3447         7.552
    3448         7.853
    3449         7.437
    3450         6.937
    3451         5.017
    3452         4.059
    3453         4.873
    3454         4.573
    3455         4.924
    3456         5.960
    3457         6.004
    3458         7.419
    3459         7.188
    3460         7.325
    3461         7.332
    3462         6.108
    3463         6.352
    3464         5.373
    3465         4.769
    3466         4.340
    3467         5.707
    3468         4.559
    3469         3.644
    3470         4.274
    3471         3.815
    3472         4.529
    3473         5.502
    3474         5.300
    3475         5.536
    3476         6.615
    3477         5.049
    3478         6.077
    3479         6.699
    3480         6.257
    3481         6.669
    3482         4.957
    3483         6.486
    3484         6.207
    3485         5.113
    3486         4.711
    3487         5.613
    3488         5.045
    3489         5.262
    3490         6.855
    3491         8.017
    3492         9.002
    3493         8.838
    3494         7.775
    3495         6.498
    3496         7.145
    3497         6.677
    3498         6.370
    3499         6.118
    3500         5.932
    3501         6.178
    3502         7.067
    3503         5.729
    3504         6.340
    3505         6.254
    3506         5.369
    3507         4.873
    3508         5.590
    3509         4.400
    3510         4.268
    3511         4.909
    3512         4.593
    3513         4.943
    3514         4.030
    3515         4.814
    3516         6.453
    3517         5.973
    3518         4.985
    3519         4.490
    3520         4.174
    3521         5.803
    3522         5.759
    3523         6.472
    3524         6.376
    3525         6.053
    3526         4.503
    3527         6.460
    3528         6.371
    3529         6.273
    3530         6.708
    3531         5.677
    3532         6.457
    3533         4.952
    3534         5.999
    3535         5.515
    3536         4.699
    3537         4.637
    3538         4.517
    3539         4.571
    3540         3.847
    3541         3.883
    3542         4.690
    3543         4.384
    3544         4.392
    3545         5.056
    3546         4.470
    3547         4.682
    3548         3.911
    3549         4.771
    3550         4.842
    3551         5.799
    3552         5.086
    3553         4.040
    3554         4.242
    3555         4.801
    3556         5.720
    3557         4.444
    3558         5.206
    3559         4.558
    3560         3.969
    3561         4.604
    3562         3.955
    3563         4.267
    3564         4.375
    3565         4.663
    3566         4.324
    3567         4.269
    3568         4.528
    3569         4.020
    3570         4.385
    3571         4.167
    3572         3.884
    3573         4.014
    3574         5.130
    3575         4.908
    3576         4.315
    3577         3.890
    3578         5.374
    3579         4.276
    3580         4.756
    3581         4.109
    3582         4.243
    3583         4.726
    3584         5.049
    3585         4.222
    3586         4.529
    3587         4.526
    3588         4.637
    3589         5.165
    3590         6.469
    3591         6.147
    3592         6.162
    3593         5.496
    3594         6.040
    3595         4.894
    3596         4.470
    3597         3.947
    3598         5.361
    3599         5.414
    3600         4.851
    3601         4.691
    3602         4.528
    3603         4.258
    3604         5.246
    3605         4.950
    3606         3.936
    3607         5.563
    3608         4.361
    3609         5.172
    3610         4.900
    3611         5.534
    3612         4.579
    3613         6.455
    3614         6.751
    3615         7.305
    3616         6.189
    3617         5.954
    3618         7.339
    3619         5.579
    3620         6.248
    3621         6.247
    3622         5.225
    3623         4.772
    3624         4.074
    3625         5.079
    3626         5.292
    3627         5.281
    3628         4.044
    3629         4.063
    3630         5.337
    3631         6.224
    3632         5.992
    3633         4.682
    3634         6.246
    3635         5.751
    3636         5.817
    3637         6.172
    3638         6.182
    3639         6.270
    3640         7.021
    3641         6.777
    3642         6.769
    3643         6.957
    3644         5.766
    3645         6.175
    3646         6.022
    3647         6.818
    3648         6.296
    3649         5.683
    3650         5.659
    3651         6.174
    3652         5.759
    3653         7.124
    3654         5.783
    3655         5.157
    3656         6.440
    3657         5.836
    3658         6.676
    3659         6.157
    3660         6.619
    3661         6.590
    3662         6.431
    3663         6.177
    3664         5.913
    3665         6.624
    3666         6.881
    3667         7.321
    3668         7.437
    3669         8.307
    3670         8.224
    3671         8.604
    3672         8.347
    3673         7.800
    3674         7.488
    3675         6.215
    3676         8.439
    3677         8.112
    3678         7.631
    3679         6.539
    3680         5.016
    3681         6.255
    3682         5.533
    3683         4.813
    3684         4.512
    3685         5.976
    3686         6.371
    3687         6.710
    3688         6.954
    3689         7.151
    3690         5.749
    3691         6.181
    3692         7.184
    3693         5.797
    3694         6.297
    3695         6.233
    3696         7.027
    3697         6.518
    3698         6.729
    3699         8.064
    3700         6.305
    3701         6.264
    3702         6.209
    3703         5.972
    3704         5.824
    3705         5.248
    3706         3.924
    3707         4.497
    3708         5.806
    3709         5.724
    3710         5.749
    3711         5.703
    3712         6.606
    3713         6.941
    3714         5.090
    3715         6.362
    3716         7.028
    3717         7.321
    3718         8.209
    3719         8.926
    3720         7.737
    3721         6.683
    3722         7.227
    3723         6.978
    3724         6.194
    3725         6.067
    3726         6.739
    3727         7.676
    3728         6.426
    3729         6.702
    3730         6.166
    3731         6.839
    3732         6.578
    3733         6.929
    3734         6.075
    3735         7.530
    3736         6.249
    3737         6.064
    3738         6.414
    3739         6.987
    3740         6.316
    3741         6.993
    3742         6.221
    3743         6.279
    3744         7.623
    3745         7.612
    3746         7.042
    3747         6.833
    3748         6.875
    3749         6.790
    3750         6.582
    3751         6.672
    3752         7.011
    3753         5.321
    3754         6.172
    3755         6.234
    3756         6.089
    3757         6.339
    3758         5.935
    3759         6.421
    3760         6.262
    3761         6.216
    3762         5.968
    3763         6.516
    3764         6.140
    3765         6.579
    3766         6.123
    3767         6.172
    3768         6.493
    3769         6.766
    3770         6.657
    3771         6.281
    3772         6.649
    3773         6.666
    3774         7.706
    3775         7.330
    3776         6.620
    3777         7.242
    3778         7.048
    3779         6.590
    3780         6.907
    3781         7.242
    3782         7.564
    3783         8.660
    3784         8.216
    3785         7.651
    3786         8.094
    3787         6.552
    3788         6.657
    3789         5.906
    3790         5.610
    3791         6.739
    3792         6.261
    3793         6.870
    3794         7.208
    3795         6.527
    3796         5.987
    3797         8.863
    3798         6.824
    3799         7.196
    3800         6.811
    3801         6.801
    3802         6.304
    3803         6.039
    3804         4.787
    3805         6.299
    3806         5.418
    3807         5.897
    3808         5.550
    3809         6.227
    3810         6.374
    3811         6.001
    3812         6.807
    3813         6.801
    3814         6.866
    3815         6.572
    3816         6.126
    3817         5.933
    3818         6.357
    3819         6.410
    3820         6.224
    3821         5.689
    3822         6.988
    3823         6.422
    3824         6.708
    3825         7.384
    3826         7.085
    3827         6.681
    3828         5.875
    3829         6.776
    3830         6.576
    3831         7.081
    3832         6.297
    3833         6.905
    3834         6.806
    3835         8.506
    3836         7.032
    3837         7.109
    3838         7.013
    3839         7.455
    3840         6.993
    3841         7.739
    3842         6.406
    3843         6.799
    3844         6.659
    3845         6.415
    3846         7.530
    3847         7.181
    3848         7.343
    3849         7.223
    3850         7.524
    3851         6.687
    3852         7.701
    3853         6.896
    3854         7.681
    3855         7.207
    3856         9.170
    3857         9.007
    3858         8.795
    3859         8.662
    3860         8.836
    3861         9.082
    3862         8.638
    3863         8.830
    3864         8.891
    3865         8.798
    3866         8.615
    3867         8.037
    3868         9.621
    3869         9.648
    3870         9.699
    3871         8.663
    3872         9.065
    3873         8.690
    3874         9.485
    3875         9.709
    3876         9.777
    3877         9.595
    3878        10.244
    3879        10.330
    3880         9.632
    3881        10.164
    3882         9.146
    3883         8.580
    3884         7.942
    3885         8.627
    3886         8.600
    3887         9.420
    3888         6.260
    3889         6.986
    3890         6.436
    3891         7.667
    3892         6.864
    3893         6.792
    3894         7.074
    3895         7.753
    3896         6.636
    3897         6.521
    3898         6.992
    3899         6.752
    3900         5.666
    3901         6.380
    3902         5.959
    3903         5.494
    3904         5.567
    3905         4.592
    3906         5.166
    3907         6.658
    3908         6.408
    3909         5.678
    3910         5.616
    3911         6.504
    3912         6.520
    3913         7.808
    3914         6.687
    3915         7.183
    3916         7.798
    3917         6.463
    3918         6.429
    3919         6.245
    3920         8.691
    3921         8.357
    3922         7.438
    3923         8.365
    3924         6.498
    3925         6.476
    3926         5.501
    3927         5.683
    3928         6.716
    3929         5.944
    3930         6.017
    3931         6.026
    3932         5.554
    3933         6.399
    3934         5.998
    3935         5.727
    3936         6.110
    3937         7.558
    3938         7.895
    3939         6.623
    3940         7.190
    3941         7.570
    3942         7.108
    3943         6.875
    3944         6.696
    3945         6.871
    3946         8.372
    3947         7.665
    3948         7.511
    3949         7.013
    3950         6.524
    3951         6.935
    3952         7.166
    3953         6.270
    3954         5.547
    3955         6.848
    3956         7.372
    3957         7.728
    3958         6.113
    3959         5.967
    3960         6.387
    3961         7.813
    3962         7.383
    3963         9.015
    3964         8.828
    3965         8.354
    3966         7.763
    3967         8.579
    3968         7.163
    3969         5.608
    3970         5.705
    3971         6.226
    3972         5.589
    3973         5.757
    3974         4.893
    3975         4.407
    3976         4.414
    3977         5.504
    3978         3.932
    3979         4.051
    3980         5.296
    3981         6.059
    3982         6.702
    3983         6.412
    3984         6.668
    3985         5.211
    3986         4.925
    3987         4.321
    3988         5.763
    3989         5.783
    3990         5.105
    3991         5.306
    3992         5.536
    3993         6.122
    3994         5.887
    3995         6.367
    3996         5.265
    3997         5.662
    3998         6.743
    3999         7.081
    4000         6.327
    4001         5.457
    4002         5.482
    4003         5.243
    4004         6.644
    4005         5.383
    4006         4.862
    4007         5.603
    4008         6.204
    4009         5.795
    4010         5.177
    4011         4.787
    4012         6.368
    4013         5.786
    4014         6.801
    4015         6.953
    4016         6.663
    4017         6.104
    4018         6.416
    4019         6.246
    4020         6.985
    4021         6.470
    4022         6.887
    4023         7.361
    4024         7.669
    4025         7.526
    4026         7.141
    4027         6.252
    4028         6.264
    4029         5.358
    4030         5.809
    4031         6.354
    4032         6.930
    4033         7.292
    4034         7.092
    4035         7.119
    4036         6.630
    4037         5.874
    4038         6.039
    4039         6.889
    4040         5.225
    4041         5.938
    4042         6.907
    4043         6.671
    4044         6.558
    4045         6.465
    4046         5.767
    4047         6.118
    4048         6.382
    4049         6.779
    4050         5.861
    4051         6.008
    4052         5.948
    4053         6.028
    4054         6.017
    4055         6.554
    4056         4.132
    4057         5.164
    4058         4.344
    4059         4.535
    4060         5.384
    4061         5.022
    4062         4.872
    4063         4.511
    4064         5.208
    4065         5.155
    4066         4.849
    4067         4.428
    4068         4.817
    4069         4.974
    4070         5.142
    4071         4.627
    4072         4.285
    4073         5.169
    4074         5.137
    4075         4.088
    4076         5.002
    4077         4.149
    4078         5.051
    4079         4.758
    4080         4.379
    4081         4.364
    4082         5.495
    4083         4.235
    4084         4.020
    4085         5.214
    4086         3.723
    4087         4.413
    4088         5.473
    4089         5.391
    4090         4.364
    4091         4.208
    4092         4.164
    4093         5.212
    4094         4.441
    4095         4.309
    4096         4.420
    4097         4.567
    4098         3.877
    4099         4.435
    4100         4.327
    4101         4.415
    4102         4.583
    4103         4.369
    4104         4.765
    4105         4.467
    4106         4.300
    4107         3.917
    4108         4.616
    4109         4.883
    4110         4.870
    4111         4.430
    4112         4.962
    4113         4.519
    4114         4.664
    4115         4.218
    4116         4.459
    4117         4.289
    4118         5.989
    4119         6.303
    4120         6.619
    4121         5.579
    4122         5.476
    4123         4.394
    4124         4.753
    4125         4.836
    4126         5.121
    4127         4.626
    4128         6.106
    4129         6.114
    4130         5.376
    4131         5.693
    4132         5.228
    4133         4.856
    4134         5.939
    4135         5.826
    4136         6.681
    4137         5.688
    4138         6.848
    4139         6.680
    4140         7.412
    4141         7.265
    4142         8.572
    4143         7.648
    4144         8.976
    4145         7.464
    4146         8.382
    4147         6.536
    4148         7.012
    4149         7.146
    4150         6.203
    4151         5.030
    4152         4.321
    4153         4.452
    4154         4.590
    4155         4.477
    4156         5.063
    4157         4.690
    4158         4.591
    4159         6.632
    4160         5.401
    4161         5.487
    4162         4.385
    4163         4.402
    4164         4.270
    4165         4.019
    4166         3.806
    4167         4.228
    4168         4.100
    4169         4.434
    4170         4.635
    4171         4.287
    4172         4.490
    4173         4.575
    4174         5.102
    4175         4.416
    4176         5.010
    4177         4.870
    4178         6.127
    4179         4.421
    4180         4.258
    4181         3.972
    4182         4.359
    4183         4.236
    4184         4.623
    4185         3.699
    4186         4.508
    4187         4.577
    4188         4.751
    4189         4.016
    4190         4.514
    4191         4.764
    4192         4.812
    4193         4.563
    4194         5.467
    4195         6.434
    4196         7.001
    4197         7.095
    4198         6.651
    4199         6.982
    4200         6.012
    4201         6.717
    4202         6.845
    4203         6.616
    4204         6.885
    4205         7.501
    4206         6.976
    4207         6.114
    4208         6.985
    4209         5.364
    4210         6.188
    4211         6.363
    4212         6.781
    4213         6.856
    4214         6.278
    4215         7.577
    4216         6.253
    4217         6.563
    4218         7.247
    4219         7.656
    4220         6.305
    4221         6.986
    4222         5.697
    4223         6.858
    4224         7.437
    4225         8.353
    4226         8.098
    4227         7.703
    4228         8.009
    4229         8.174
    4230         7.953
    4231         8.887
    4232         8.645
    4233         8.989
    4234         8.389
    4235         9.751
    4236         9.278
    4237         9.118
    4238        10.158
    4239         9.127
    4240         8.437
    4241         9.070
    4242         9.271
    4243         9.047
    4244         9.504
    4245        10.098
    4246        11.004
    4247         9.705
    4248        10.452
    4249        10.387
    4250        10.141
    4251        11.297
    4252        11.436
    4253         9.466
    4254         9.816
    4255        11.340
    4256        11.916
    4257        12.155
    4258        13.193
    4259        12.150
    4260        12.522
    4261        12.178
    4262        10.461
    4263        10.694
    4264        11.691
    4265        12.217
    4266        12.291
    4267        10.565
    4268        10.851
    4269        10.677
    4270        11.665
    4271        10.773
    4272        12.132
    4273        11.008
    4274        11.044
    4275        11.768
    4276        10.031
    4277        10.062
    4278         9.806
    4279        10.582
    4280        11.341
    4281        10.451
    4282        10.348
    4283        11.689
    4284        13.005
    4285        12.424
    4286        12.338
    4287        12.328
    4288        12.461
    4289        12.843
    4290        14.504
    4291        12.799
    4292        13.859
    4293        13.859
    4294        14.374
    4295        14.016
    4296        14.147
    4297        13.945
    4298        12.976
    4299        13.940
    4300        13.689
    4301        12.977
    4302        15.127
    4303        14.515
    4304        13.993
    4305        13.220
    4306        12.857
    4307        15.244
    4308        14.068
    4309        14.617
    4310        13.404
    4311        13.421
    4312        13.779
    4313        11.769
    4314        10.814
    4315        12.304
    4316        12.905
    4317        12.780
    4318        13.227
    4319        14.540
    4320        12.697
    4321        13.295
    4322        13.272
    4323        13.385
    4324        12.952
    4325        11.487
    4326        12.219
    4327        11.258
    4328        11.063
    4329        12.547
    4330        11.082
    4331        11.550
    4332        11.880
    4333        12.603
    4334        12.446
    4335        13.798
    4336        14.073
    4337        13.161
    4338        12.610
    4339        11.367
    4340        12.233
    4341        12.344
    4342        12.455
    4343        12.369
    4344        11.893
    4345        11.391
    4346        11.158
    4347         9.918
    4348        12.037
    4349        12.302
    4350        11.796
    4351        12.327
    4352        12.191
    4353        10.513
    4354        12.271
    4355        13.700
    4356        12.686
    4357        13.438
    4358        14.244
    4359        14.855
    4360        15.393
    4361        15.490
    4362        15.108
    4363        13.155
    4364        13.279
    4365        13.416
    4366        13.230
    4367        12.770
    4368        13.183
    4369        13.821
    4370        13.761
    4371        13.794
    4372        14.155
    4373        13.712
    4374        13.667
    4375        12.746
    4376        13.537
    4377        13.348
    4378        14.336
    4379        13.504
    4380        13.283
    4381        13.200
    4382        12.086
    4383        14.196
    4384        14.663
    4385        15.867
    4386        13.827
    4387        14.275
    4388        12.187
    4389        11.977
    4390        12.475
    4391        12.098
    4392        12.485
    4393        12.535
    4394        12.012
    4395        12.091
    4396        12.876
    4397        11.998
    4398        11.560
    4399        12.926
    4400        13.672
    4401        15.088
    4402        15.305
    4403        14.696
    4404        16.342
    4405        17.523
    4406        16.478
    4407        16.824
    4408        16.256
    4409        15.553
    4410        14.572
    4411        15.975
    4412        15.151
    4413        14.723
    4414        15.586
    4415        15.335
    4416        13.896
    4417        15.955
    4418        16.095
    4419        16.899
    4420        17.774
    4421        16.931
    4422        17.970
    4423        17.208
    4424        18.441
    4425        17.329
    4426        18.080
    4427        16.920
    4428        16.115
    4429        16.786
    4430        17.365
    4431        16.551
    4432        16.432
    4433        16.853
    4434        16.237
    4435        16.089
    4436        16.147
    4437        14.654
    4438        13.437
    4439        14.539
    4440        12.766
    4441        15.348
    4442        16.053
    4443        13.804
    4444        13.188
    4445        12.940
    4446        13.836
    4447        13.285
    4448        13.945
    4449        13.908
    4450        14.176
    4451        15.710
    4452        16.071
    4453        14.718
    4454        14.361
    4455        13.754
    4456        15.513
    4457        15.774
    4458        16.034
    4459        14.931
    4460        16.608
    4461        15.851
    4462        14.326
    4463        14.809
    4464        13.738
    4465        15.169
    4466        15.143
    4467        14.819
    4468        15.810
    4469        14.491
    4470        14.780
    4471        13.290
    4472        14.153
    4473        12.648
    4474        14.136
    4475        12.858
    4476        11.927
    4477        10.798
    4478        10.805
    4479        11.357
    4480        10.065
    4481         9.626
    4482        11.044
    4483        12.036
    4484        12.590
    4485        13.564
    4486        14.293
    4487        15.207
    4488        13.773
    4489        12.870
    4490        13.089
    4491        11.903
    4492        11.319
    4493         9.715
    4494        11.991
    4495        13.932
    4496        13.270
    4497        14.001
    4498        13.335
    4499        14.564
    4500        15.240
    4501        15.344
    4502        14.244
    4503        13.835
    4504        12.250
    4505        13.618
    4506        12.494
    4507        11.493
    4508        10.670
    4509        12.043
    4510        12.145
    4511        11.824
    4512        12.618
    4513        14.002
    4514        13.220
    4515        12.026
    4516        13.796
    4517        15.373
    4518        14.762
    4519        15.304
    4520        14.859
    4521        15.626
    4522        14.138
    4523        14.201
    4524        14.033
    4525        13.775
    4526        14.654
    4527        14.989
    4528        14.914
    4529        15.294
    4530        15.464
    4531        15.419
    4532        14.804
    4533        14.555
    4534        17.305
    4535        16.479
    4536        16.167
    4537        15.001
    4538        14.165
    4539        15.698
    4540        15.086
    4541        13.908
    4542        13.936
    4543        15.371
    4544        15.770
    4545        15.679
    4546        15.791
    4547        15.387
    4548        15.317
    4549        15.002
    4550        15.773
    4551        14.952
    4552        15.647
    4553        13.734
    4554        15.187
    4555        15.513
    4556        14.180
    4557        14.566
    4558        15.844
    4559        16.032
    4560        15.888
    4561        16.764
    4562        16.198
    4563        15.602
    4564        17.056
    4565        16.058
    4566        16.038
    4567        15.697
    4568        15.022
    4569        14.548
    4570        15.418
    4571        13.903
    4572        13.512
    4573        14.180
    4574        14.449
    4575        14.427
    4576        14.727
    4577        15.473
    4578        15.569
    4579        16.530
    4580        15.090
    4581        15.059
    4582        16.941
    4583        16.093
    4584        16.637
    4585        16.539
    4586        17.147
    4587        15.721
    4588        14.738
    4589        14.989
    4590        15.031
    4591        15.853
    4592        16.128
    4593        16.615
    4594        17.221
    4595        16.823
    4596        18.874
    4597        19.210
    4598        19.065
    4599        17.922
    4600        16.613
    4601        18.024
    4602        18.126
    4603        17.237
    4604        17.256
    4605        18.580
    4606        17.313
    4607        17.321
    4608        17.262
    4609        17.468
    4610        16.939
    4611        18.261
    4612        18.668
    4613        16.963
    4614        17.149
    4615        17.893
    4616        17.205
    4617        17.228
    4618        17.427
    4619        16.257
    4620        15.469
    4621        16.397
    4622        16.078
    4623        15.740
    4624        14.720
    4625        14.423
    4626        14.609
    4627        15.353
    4628        15.406
    4629        14.605
    4630        13.939
    4631        14.332
    4632        15.346
    4633        14.487
    4634        14.707
    4635        15.022
    4636        13.880
    4637        16.008
    4638        15.507
    4639        14.566
    4640        14.272
    4641        13.586
    4642        13.383
    4643        14.048
    4644        15.476
    4645        15.977
    4646        15.990
    4647        16.001
    4648        15.329
    4649        15.207
    4650        15.273
    4651        16.266
    4652        14.466
    4653        14.160
    4654        13.635
    4655        13.958
    4656        13.324
    4657        12.801
    4658        13.896
    4659        12.822
    4660        14.370
    4661        14.733
    4662        14.220
    4663        13.698
    4664        14.630
    4665        14.867
    4666        14.118
    4667        16.036
    4668        16.739
    4669        16.147
    4670        16.956
    4671        16.712
    4672        15.714
    4673        16.606
    4674        16.860
    4675        16.314
    4676        15.754
    4677        14.006
    4678        15.142
    4679        14.604
    4680        13.293
    4681        14.024
    4682        14.954
    4683        14.578
    4684        14.101
    4685        14.187
    4686        13.638
    4687        12.042
    4688        13.744
    4689        14.013
    4690        14.431
    4691        15.621
    4692        14.541
    4693        14.252
    4694        14.810
    4695        14.444
    4696        15.041
    4697        14.465
    4698        13.825
    4699        15.466
    4700        15.879
    4701        15.469
    4702        15.383
    4703        14.048
    4704        14.303
    4705        12.959
    4706        12.539
    4707        11.217
    4708        11.335
    4709        10.276
    4710         9.927
    4711         8.602
    4712         7.493
    4713         8.156
    4714         8.786
    4715         8.483
    4716         8.902
    4717         9.833
    4718        10.419
    4719        10.357
    4720         9.816
    4721        10.359
    4722         9.552
    4723         9.609
    4724         7.813
    4725         8.229
    4726         7.313
    4727         8.587
    4728         8.748
    4729         8.231
    4730         7.647
    4731         7.600
    4732         6.228
    4733         6.385
    4734         5.615
    4735         5.131
    4736         6.803
    4737         7.802
    4738         7.651
    4739         7.740
    4740         7.553
    4741         6.898
    4742         6.378
    4743         7.030
    4744         6.999
    4745         6.532
    4746         6.782
    4747         6.773
    4748         6.394
    4749         7.115
    4750         6.418
    4751         7.902
    4752         7.060
    4753         7.219
    4754         7.756
    4755         6.811
    4756         7.864
    4757         8.181
    4758         7.473
    4759         7.133
    4760         7.193
    4761         7.777
    4762         9.292
    4763         8.632
    4764         8.802
    4765         9.760
    4766         9.771
    4767        10.178
    4768         8.628
    4769         7.746
    4770         8.509
    4771         9.111
    4772         7.897
    4773         7.897
    4774         8.428
    4775         8.964
    4776        10.190
    4777         8.467
    4778         8.364
    4779         7.347
    4780         6.774
    4781         7.646
    4782         8.891
    4783         9.456
    4784         8.340
    4785         8.236
    4786         8.057
    4787         7.298
    4788         7.585
    4789         9.003
    4790         9.314
    4791        10.286
    4792         9.733
    4793        10.134
    4794         9.295
    4795        10.592
    4796        10.648
    4797        11.261
    4798        10.024
    4799         9.757
    4800        10.257
    4801        10.184
    4802         9.652
    4803        10.640
    4804        10.724
    4805        11.150
    4806        10.368
    4807         9.991
    4808         9.474
    4809        10.215
    4810        10.743
    4811         9.774
    4812         8.380
    4813         8.583
    4814         8.744
    4815         8.765
    4816         8.782
    4817        10.357
    4818         9.569
    4819        10.222
    4820        10.434
    4821         9.871
    4822        10.182
    4823         9.937
    4824         8.105
    4825         8.710
    4826         7.666
    4827         7.563
    4828         7.731
    4829         8.622
    4830         9.264
    4831        10.197
    4832         9.049
    4833         9.055
    4834         9.096
    4835         8.447
    4836         9.023
    4837         8.928
    4838        10.615
    4839         9.421
    4840        10.025
    4841        11.539
    4842        11.476
    4843        10.583
    4844        10.209
    4845        10.986
    4846        11.801
    4847        13.145
    4848        12.757
    4849        11.275
    4850        11.296
    4851        12.802
    4852        12.619
    4853        13.833
    4854        12.527
    4855        14.357
    4856        16.323
    4857        16.945
    4858        14.936
    4859        15.282
    4860        16.255
    4861        16.184
    4862        16.080
    4863        14.409
    4864        14.626
    4865        12.716
    4866        13.632
    4867        14.670
    4868        14.787
    4869        14.694
    4870        17.869
    4871        18.528
    4872        18.900
    4873        17.785
    4874        16.776
    4875        16.809
    4876        18.241
    4877        17.856
    4878        16.549
    4879        16.424
    4880        15.182
    4881        15.287
    4882        15.255
    4883        15.706
    4884        16.085
    4885        15.814
    4886        16.162
    4887        16.879
    4888        16.093
    4889        15.738
    4890        15.771
    4891        16.617
    4892        17.700
    4893        17.595
    4894        17.721
    4895        17.270
    4896        16.674
    4897        16.315
    4898        16.070
    4899        14.638
    4900        15.307
    4901        16.255
    4902        14.754
    4903        14.650
    4904        14.040
    4905        13.382
    4906        13.748
    4907        15.051
    4908        14.913
    4909        15.433
    4910        16.119
    4911        16.139
    4912        15.897
    4913        13.642
    4914        14.610
    4915        14.807
    4916        15.338
    4917        15.998
    4918        16.166
    4919        13.510
    4920        15.309
    4921        15.254
    4922        14.410
    4923        14.055
    4924        16.428
    4925        16.342
    4926        14.764
    4927        15.262
    4928        14.177
    4929        14.236
    4930        13.279
    4931        13.708
    4932        13.045
    4933        12.314
    4934        12.887
    4935        13.522
    4936        12.668
    4937        12.453
    4938        13.141
    4939        13.855
    4940        14.296
    4941        13.790
    4942        15.211
    4943        16.252
    4944        15.150
    4945        13.402
    4946        13.871
    4947        14.474
    4948        14.919
    4949        12.733
    4950        12.099
    4951        12.616
    4952        12.476
    4953        12.519
    4954        12.864
    4955        10.748
    4956        12.293
    4957        13.586
    4958        14.665
    4959        12.822
    4960        13.244
    4961        13.067
    4962        14.308
    4963        14.912
    4964        12.740
    4965        12.169
    4966        12.942
    4967        11.357
    4968        11.489
    4969        11.920
    4970        12.261
    4971        12.914
    4972        13.215
    4973        14.172
    4974        14.346
    4975        13.702
    4976        14.327
    4977        13.414
    4978        13.929
    4979        14.017
    4980        14.135
    4981        13.600
    4982        14.720
    4983        15.116
    4984        15.409
    4985        14.950
    4986        15.269
    4987        14.627
    4988        15.516
    4989        15.013
    4990        15.089
    4991        16.515
    4992        15.714
    4993        15.927
    4994        16.713
    4995        16.283
    4996        16.210
    4997        16.102
    4998        16.222
    4999        15.989
    5000        15.538
