#Frame   PFOASelfImage PFOASelfImage[A1] PFOASelfImage[A2]
       1       43.0129               389               391
       2       42.7336               389               391
       3       42.3308               389               391
       4       42.5282               389               391
       5       42.6844               389               391
       6       43.2035               389               391
       7       42.8393               389               391
       8       42.8247               389               391
       9       43.6811               383               391
      10       43.7223               389               391
      11       43.9395               389               390
      12       43.9170               387               391
      13       43.5539               389               391
      14       43.9962               387               390
      15       43.4395               387               391
      16       43.4423               389               391
      17       42.3328               389               390
      18       42.4910               389               391
      19       42.5296               389               391
      20       42.3702               389               391
      21       42.9768               389               391
      22       42.5749               389               391
      23       42.4763               389               391
      24       42.2157               389               391
      25       42.9730               389               391
      26       42.8673               389               391
      27       43.2416               388               391
      28       43.3018               389               391
      29       42.9762               387               391
      30       43.5049               387               391
      31       44.0534               384               391
      32       43.6406               384               391
      33       43.3691               384               391
      34       44.0288               384               391
      35       43.6679               387               391
      36       43.5928               384               391
      37       43.1779               388               391
      38       43.0956               388               391
      39       43.3378               384               391
      40       43.1291               384               391
      41       43.6444               384               391
      42       42.9696               384               391
      43       43.1397               384               391
      44       42.8319               388               391
      45       43.2414               388               391
      46       42.7524               384               391
      47       43.0019               384               391
      48       43.1898               384               391
      49       43.9312               384               391
      50       42.9186               389               391
      51       42.9226               384               391
      52       43.1765               384               391
      53       42.7884               384               391
      54       44.0849               384               391
      55       43.6809               384               391
      56       43.8679               384               391
      57       43.5442               384               391
      58       43.8645               384               391
      59       44.7264               384               391
      60       44.9036               383               391
      61       44.7281               383               391
      62       43.6865               387               391
      63       44.1876               383               391
      64       44.4381               384               391
      65       43.3409               385               387
      66       42.7285               387               391
      67       43.9066               384               391
      68       42.4851               388               391
      69       43.4668               384               391
      70       43.5101               384               391
      71       43.8128               384               391
      72       43.6193               384               391
      73       43.3485               384               391
      74       43.5028               383               391
      75       42.7318               384               391
      76       43.0130               384               391
      77       42.6887               389               391
      78       43.8926               384               391
      79       43.4743               384               391
      80       44.1311               383               391
      81       43.2886               384               391
      82       43.4649               384               391
      83       43.8801               384               391
      84       43.5486               384               391
      85       43.2579               384               391
      86       43.9479               384               391
      87       43.7876               384               391
      88       43.4896               383               391
      89       43.5676               384               391
      90       43.1199               384               391
      91       43.0194               384               391
      92       43.7240               383               391
      93       44.1194               383               391
      94       43.0514               388               391
      95       42.7966               388               391
      96       43.9865               388               391
      97       43.7078               383               391
      98       43.7561               384               391
      99       43.8127               383               391
     100       43.3726               389               391
     101       43.2766               384               391
     102       43.8014               384               391
     103       43.5292               384               391
     104       43.5579               383               391
     105       42.4716               387               390
     106       42.6789               387               390
     107       42.3748               387               391
     108       42.8651               387               391
     109       42.4660               387               391
     110       42.3375               387               390
     111       41.8490               387               390
     112       42.2558               387               391
     113       43.4391               384               391
     114       41.4910               387               391
     115       41.5725               387               390
     116       41.8499               387               390
     117       42.1893               387               390
     118       42.6696               387               390
     119       42.5022               387               391
     120       42.4746               387               390
     121       42.8606               386               387
     122       42.9135               388               391
     123       42.4720               388               390
     124       42.9672               388               391
     125       43.4946               383               391
     126       41.6526               389               391
     127       41.6154               389               391
     128       42.0536               389               390
     129       43.0407               389               391
     130       42.3514               389               390
     131       41.8474               389               391
     132       42.5428               389               391
     133       42.6902               384               390
     134       42.7339               384               391
     135       42.2760               389               390
     136       41.7062               389               390
     137       42.2704               389               391
     138       43.0171               384               391
     139       42.7604               384               391
     140       43.7095               384               390
     141       42.9540               389               390
     142       42.4789               389               390
     143       42.7524               389               391
     144       42.0597               389               390
     145       41.6285               389               390
     146       42.2836               389               390
     147       42.2926               389               391
     148       42.2614               389               391
     149       42.6235               389               390
     150       41.8536               389               391
     151       43.7656               389               391
     152       42.6649               389               391
     153       43.4705               383               390
     154       42.5133               389               390
     155       42.8963               389               390
     156       43.3770               389               390
     157       42.2768               389               390
     158       42.9364               389               390
     159       43.5596               383               390
     160       42.3694               387               390
     161       41.9925               387               390
     162       42.4615               387               391
     163       42.8465               387               391
     164       43.2681               387               390
     165       42.7477               387               390
     166       42.3536               387               391
     167       42.7353               383               391
     168       43.0748               383               391
     169       43.0027               389               391
     170       43.0397               389               390
     171       43.5898               389               390
     172       45.4952               387               390
     173       45.2407               387               390
     174       44.3570               386               389
     175       44.1276               386               389
     176       44.0676               389               390
     177       44.1243               389               390
     178       43.9225               389               391
     179       44.4088               389               391
     180       45.0466               383               391
     181       45.3304               383               391
     182       44.4940               389               391
     183       44.7170               389               391
     184       45.5558               383               391
     185       45.2260               383               391
     186       44.5152               383               391
     187       43.1487               388               391
     188       45.4407               383               391
     189       45.9890               389               391
     190       47.0796               376               391
     191       47.0099               377               391
     192       47.1768               376               390
     193       47.8448               376               380
     194       47.0082               389               391
     195       46.6021               389               391
     196       45.9328               376               391
     197       45.5750               383               391
     198       44.7334               389               391
     199       44.0239               389               391
     200       44.3579               383               391
     201       44.7517               383               391
     202       43.4144               388               391
     203       44.4164               383               391
     204       44.1671               387               391
     205       44.0439               387               391
     206       43.3102               388               391
     207       43.4154               387               391
     208       44.5118               387               391
     209       43.0751               389               391
     210       43.4639               387               391
     211       43.6277               387               391
     212       44.2793               383               391
     213       44.9188               383               391
     214       44.3135               387               391
     215       44.0936               387               391
     216       43.7910               387               391
     217       44.3846               386               389
     218       45.2652               386               387
     219       44.2515               387               391
     220       44.8648               387               391
     221       44.4857               386               387
     222       42.8487               386               389
     223       44.6385               386               388
     224       43.9722               386               387
     225       44.3790               387               391
     226       45.3879               387               391
     227       44.2792               387               391
     228       45.5197               387               391
     229       45.9466               388               391
     230       46.8015               375               391
     231       46.4635               377               391
     232       47.1884               377               384
     233       46.9860               377               390
     234       46.6539               377               390
     235       46.4217               377               390
     236       46.1594               377               390
     237       46.8254               375               390
     238       47.5301               377               390
     239       47.3905               381               389
     240       46.7962               389               390
     241       47.4841               375               383
     242       47.4499               375               386
     243       47.5369               386               387
     244       46.1741               389               391
     245       46.5551               388               391
     246       46.4276               388               391
     247       46.0056               387               391
     248       46.5492               379               387
     249       46.8522               379               387
     250       47.5165               379               389
     251       47.4254               380               391
     252       47.0545               387               390
     253       46.9677               387               391
     254       46.8271               387               390
     255       47.1964               387               390
     256       47.1209               387               390
     257       47.1897               381               389
     258       46.5607               387               390
     259       45.2061               389               391
     260       45.7564               387               391
     261       46.2608               387               391
     262       46.0637               387               390
     263       45.8691               389               391
     264       45.7458               389               391
     265       44.4593               388               391
     266       45.2614               388               391
     267       45.2713               388               391
     268       45.5673               380               391
     269       45.7711               384               391
     270       46.2780               389               390
     271       45.7858               384               386
     272       46.1392               389               391
     273       46.2319               389               390
     274       45.2099               384               386
     275       44.9758               384               391
     276       46.5146               380               391
     277       44.6774               384               391
     278       45.2624               384               391
     279       45.6251               384               391
     280       45.7631               384               391
     281       45.9343               381               384
     282       43.6625               384               386
     283       46.1099               389               390
     284       45.6498               384               386
     285       44.4695               384               386
     286       44.5999               384               391
     287       43.1541               386               388
     288       44.5402               386               389
     289       44.2729               386               389
     290       44.0255               384               386
     291       43.4547               384               386
     292       43.7328               384               386
     293       43.9520               384               386
     294       44.0238               381               388
     295       43.7266               381               388
     296       43.5586               384               391
     297       43.7216               384               391
     298       42.7572               388               391
     299       43.1037               384               391
     300       42.0409               388               391
     301       43.7837               387               391
     302       43.7563               386               388
     303       42.5240               388               391
     304       43.6208               387               391
     305       42.7427               387               391
     306       43.6730               387               391
     307       42.9055               387               391
     308       42.7544               388               391
     309       42.7130               388               391
     310       42.9683               386               388
     311       43.4545               384               391
     312       43.9062               384               391
     313       43.5367               384               386
     314       42.5820               384               391
     315       42.3895               384               391
     316       44.3833               384               386
     317       43.0945               384               391
     318       42.9653               384               391
     319       43.5193               384               386
     320       43.0519               384               386
     321       43.7804               384               386
     322       42.9825               384               386
     323       42.8537               384               391
     324       42.9263               384               386
     325       43.2516               384               386
     326       42.6007               384               386
     327       42.4647               384               386
     328       42.7632               384               386
     329       42.8936               384               386
     330       43.1600               384               386
     331       42.4283               384               386
     332       41.7949               384               391
     333       42.4715               388               391
     334       41.6982               388               391
     335       41.0121               388               391
     336       41.8257               388               391
     337       41.9074               388               391
     338       41.9271               388               391
     339       42.8306               388               391
     340       42.1981               388               391
     341       42.7008               388               391
     342       43.0065               388               391
     343       43.3086               388               391
     344       43.6554               388               391
     345       42.8450               388               391
     346       42.8140               388               391
     347       44.5825               381               384
     348       45.1126               381               388
     349       45.1257               381               387
     350       45.4491               381               387
     351       44.9171               381               387
     352       45.0606               378               388
     353       44.7887               381               387
     354       45.4399               381               388
     355       44.7757               381               389
     356       43.7773               381               389
     357       45.3149               381               389
     358       43.4883               381               388
     359       43.6601               381               388
     360       42.9412               381               388
     361       43.0041               381               388
     362       43.4115               381               388
     363       43.8457               381               388
     364       44.8478               381               388
     365       45.0719               381               388
     366       44.7837               388               391
     367       46.0391               378               388
     368       45.7004               378               389
     369       45.0020               381               388
     370       45.7987               382               389
     371       45.8995               378               387
     372       46.7549               378               390
     373       46.6624               378               389
     374       46.0069               378               387
     375       45.2330               381               388
     376       44.9077               382               388
     377       45.1138               381               388
     378       44.6895               381               388
     379       45.6970               378               389
     380       45.4170               381               388
     381       45.5375               381               389
     382       46.1328               381               389
     383       45.9841               381               389
     384       46.9469               378               388
     385       45.7000               381               388
     386       45.8370               381               389
     387       45.3739               378               388
     388       44.9534               381               388
     389       46.9845               377               389
     390       46.7343               377               389
     391       47.3299               380               389
     392       47.4975               377               383
     393       46.8962               385               387
     394       46.3142               385               387
     395       47.6572               377               383
     396       46.9282               377               383
     397       46.7634               377               389
     398       47.6803               377               385
     399       46.1465               377               389
     400       46.1500               388               390
     401       46.0516               389               390
     402       46.9477               383               390
     403       46.9243               377               383
     404       46.9016               383               390
     405       47.4141               376               387
     406       47.7085               380               385
     407       46.9351               379               389
     408       47.2438               379               387
     409       46.2385               378               387
     410       47.0574               389               391
     411       48.0049               382               390
     412       46.7669               383               391
     413       47.6643               382               390
     414       47.2732               382               387
     415       47.1729               386               387
     416       47.4301               380               389
     417       47.6932               380               385
     418       47.4900               382               391
     419       47.5214               376               390
     420       47.1307               382               387
     421       47.1613               382               388
     422       47.5459               382               391
     423       47.2220               379               382
     424       46.6749               379               385
     425       46.6613               379               385
     426       46.6957               379               387
     427       46.5977               378               387
     428       47.1034               377               387
     429       46.1568               387               391
     430       46.9054               379               387
     431       47.2398               384               391
     432       47.5791               384               386
     433       46.4857               383               391
     434       46.1738               389               390
     435       46.0144               389               390
     436       46.6123               386               388
     437       46.2754               389               390
     438       46.4255               388               391
     439       46.2359               386               387
     440       46.2811               386               387
     441       46.1897               386               387
     442       46.0596               387               391
     443       46.5281               386               387
     444       46.5874               386               387
     445       46.0829               387               390
     446       46.5041               386               387
     447       46.8720               386               387
     448       45.9840               388               391
     449       44.7251               389               390
     450       45.7984               389               390
     451       45.7108               389               391
     452       46.0079               389               391
     453       45.9639               388               391
     454       45.4336               389               391
     455       46.1022               388               391
     456       46.3588               388               390
     457       46.0148               389               391
     458       46.3750               388               391
     459       46.2439               389               390
     460       45.7310               381               388
     461       44.7851               388               391
     462       45.9783               388               391
     463       46.4882               386               389
     464       46.5528               386               389
     465       46.3958               386               389
     466       46.9741               386               389
     467       46.2270               386               389
     468       46.8686               386               389
     469       46.1039               381               388
     470       46.8830               381               388
     471       46.7026               386               389
     472       46.6529               386               389
     473       46.4245               386               389
     474       46.2134               386               387
     475       46.6949               381               389
     476       46.4985               386               387
     477       46.9150               386               387
     478       46.9582               386               387
     479       46.7594               381               389
     480       46.5167               381               389
     481       45.8758               381               389
     482       46.9662               386               387
     483       46.2236               386               387
     484       46.3438               387               391
     485       46.2595               386               387
     486       46.6128               386               387
     487       46.2199               387               391
     488       45.5508               384               386
     489       45.9805               387               390
     490       45.7918               386               389
     491       46.0676               387               390
     492       46.2234               380               386
     493       46.0179               387               391
     494       46.8135               387               390
     495       46.1243               384               391
     496       43.9959               389               391
     497       46.2618               380               391
     498       46.0444               387               390
     499       45.6530               380               391
     500       45.3481               384               391
     501       45.1940               389               391
     502       45.7769               389               391
     503       45.8129               381               389
     504       45.7750               384               386
     505       44.9565               384               386
     506       45.6300               384               386
     507       46.2261               384               386
     508       45.9804               387               390
     509       44.9947               384               386
     510       45.5342               384               386
     511       45.8391               387               390
     512       46.1140               387               390
     513       46.6577               386               387
     514       45.8193               387               390
     515       46.2292               386               387
     516       46.5865               386               387
     517       45.7830               387               391
     518       45.6618               387               391
     519       45.8101               387               391
     520       46.4375               386               387
     521       46.3196               386               387
     522       45.5733               384               390
     523       46.2549               380               390
     524       45.2188               380               390
     525       45.3971               380               390
     526       45.5328               384               390
     527       46.1492               387               391
     528       45.9490               387               391
     529       46.4409               387               390
     530       46.3512               387               391
     531       47.1285               387               391
     532       46.4674               389               391
     533       45.9682               387               391
     534       46.2429               387               391
     535       45.0671               387               390
     536       46.3095               387               390
     537       44.9836               387               391
     538       45.7740               387               390
     539       44.9241               387               390
     540       45.4106               387               391
     541       45.9189               386               387
     542       45.7937               386               387
     543       45.5004               386               387
     544       45.9288               386               387
     545       45.6777               386               387
     546       45.7078               386               387
     547       45.5028               386               387
     548       45.5584               386               387
     549       45.5820               387               391
     550       45.8440               386               387
     551       45.9556               386               387
     552       45.8378               386               387
     553       45.7594               386               387
     554       45.5857               386               387
     555       45.7441               386               387
     556       45.4407               387               390
     557       45.3019               386               387
     558       45.5192               387               391
     559       45.5333               386               387
     560       46.4230               388               390
     561       46.2225               386               387
     562       46.8355               387               391
     563       47.0511               379               388
     564       46.8989               379               382
     565       47.2347               382               391
     566       47.2777               382               391
     567       46.7679               382               387
     568       46.1665               382               387
     569       47.4603               380               382
     570       46.5587               380               382
     571       47.4565               380               382
     572       47.2807               382               391
     573       47.2530               376               387
     574       47.5231               376               387
     575       47.0786               382               391
     576       46.2353               389               391
     577       46.6173               388               391
     578       46.1493               387               390
     579       46.2305               386               387
     580       45.4116               387               390
     581       46.6964               387               390
     582       45.8527               387               390
     583       46.6305               389               390
     584       46.3433               387               390
     585       45.9131               387               390
     586       46.0821               387               390
     587       46.0353               387               390
     588       46.0896               387               391
     589       46.6644               387               390
     590       45.7463               387               391
     591       46.4629               380               381
     592       45.9388               387               390
     593       46.1058               387               390
     594       46.0331               384               386
     595       46.5368               387               391
     596       46.3526               380               390
     597       46.0109               387               391
     598       45.8614               387               391
     599       46.0552               381               384
     600       45.9981               379               386
     601       45.8651               384               390
     602       46.0569               387               391
     603       46.0099               384               391
     604       45.4704               387               391
     605       46.2754               387               390
     606       46.0397               382               389
     607       45.0016               384               386
     608       45.6915               384               386
     609       46.3430               387               390
     610       45.5759               387               390
     611       46.2799               387               390
     612       45.9775               387               390
     613       45.2086               384               386
     614       45.2922               387               391
     615       45.8622               387               391
     616       45.6921               387               391
     617       45.7078               387               391
     618       45.7017               387               391
     619       46.3174               387               391
     620       46.2352               386               387
     621       46.1207               387               390
     622       46.2799               384               386
     623       45.9674               384               386
     624       46.2161               384               386
     625       46.1235               382               384
     626       46.0684               387               390
     627       46.1005               387               390
     628       46.7267               386               387
     629       46.2689               387               390
     630       46.6391               388               390
     631       46.1178               386               387
     632       46.7542               387               390
     633       47.0151               386               387
     634       46.5623               386               387
     635       46.5919               388               390
     636       46.2457               388               390
     637       45.9485               388               390
     638       46.4361               388               390
     639       45.9383               383               390
     640       46.6754               383               390
     641       46.4578               386               388
     642       46.6671               386               388
     643       46.9419               382               390
     644       45.9849               388               390
     645       45.7969               388               390
     646       45.9063               388               390
     647       47.4127               380               382
     648       46.9611               386               388
     649       47.2625               384               386
     650       46.8621               386               388
     651       47.1882               384               386
     652       46.3809               385               388
     653       46.1337               388               391
     654       46.1611               388               390
     655       46.3406               388               390
     656       47.0860               388               390
     657       46.7236               385               388
     658       45.8272               386               388
     659       45.5417               386               388
     660       45.5747               386               388
     661       46.0875               382               387
     662       45.9476               382               389
     663       45.2702               382               387
     664       45.0688               386               387
     665       45.2794               382               387
     666       45.8331               386               389
     667       46.1950               388               391
     668       46.3076               388               391
     669       46.2028               388               390
     670       45.7914               388               390
     671       45.8063               386               388
     672       45.5658               388               391
     673       45.7910               388               391
     674       45.7439               386               388
     675       45.8432               388               391
     676       45.0393               388               390
     677       46.0307               386               388
     678       46.1074               386               388
     679       45.5818               386               388
     680       46.0458               386               388
     681       45.4543               389               390
     682       45.9000               386               388
     683       45.3101               386               388
     684       45.5182               386               388
     685       45.8263               386               388
     686       45.5400               386               388
     687       45.4278               386               388
     688       46.0537               386               388
     689       45.8179               386               388
     690       45.6418               386               388
     691       45.0576               388               390
     692       45.2888               388               390
     693       45.7934               386               388
     694       45.6637               386               388
     695       46.4252               386               388
     696       46.5319               386               387
     697       46.1620               386               388
     698       45.8415               386               388
     699       45.8217               386               388
     700       45.8628               386               388
     701       45.9626               386               388
     702       45.7403               386               388
     703       45.7283               386               388
     704       45.5524               386               388
     705       46.1324               386               388
     706       46.3828               386               388
     707       46.2746               386               388
     708       46.6047               386               388
     709       46.7586               388               390
     710       46.4898               389               390
     711       45.7694               388               390
     712       45.7458               386               388
     713       45.9978               386               388
     714       45.8501               386               388
     715       46.3814               386               388
     716       46.7208               385               387
     717       46.0250               385               387
     718       46.3935               389               390
     719       45.8502               386               389
     720       45.9090               386               389
     721       45.9234               389               390
     722       46.5128               387               390
     723       45.6459               386               389
     724       46.2703               389               390
     725       46.2136               389               390
     726       46.6941               386               388
     727       45.8162               386               389
     728       46.3228               386               389
     729       46.4996               386               389
     730       46.5989               388               390
     731       46.6101               388               390
     732       46.9086               386               388
     733       46.1992               388               390
     734       46.6475               386               389
     735       46.3094               389               390
     736       47.0737               384               385
     737       46.7979               389               390
     738       46.5153               384               385
     739       47.0997               376               385
     740       46.6517               383               385
     741       47.3149               375               385
     742       46.1824               383               385
     743       45.8422               383               385
     744       45.6342               383               385
     745       44.7986               385               387
     746       46.1971               383               385
     747       46.0725               383               386
     748       46.2822               383               385
     749       46.4103               383               385
     750       46.3208               383               385
     751       46.8898               383               386
     752       46.5755               383               385
     753       47.0209               383               385
     754       45.7927               383               385
     755       46.4781               383               386
     756       45.8349               383               385
     757       45.2834               383               385
     758       44.9455               383               385
     759       45.2351               383               385
     760       45.2389               383               385
     761       45.4075               383               386
     762       45.2388               383               385
     763       45.5372               383               385
     764       44.8333               383               385
     765       45.2631               383               385
     766       45.0621               383               385
     767       45.8850               383               385
     768       45.0999               383               386
     769       45.5125               383               386
     770       45.4227               383               385
     771       45.1641               383               386
     772       45.4753               383               386
     773       45.3621               383               385
     774       44.6367               383               386
     775       44.5604               383               386
     776       45.1946               383               386
     777       45.5521               383               385
     778       45.8278               383               386
     779       45.4336               383               385
     780       45.5093               383               386
     781       45.7198               389               390
     782       45.5107               383               385
     783       45.6466               383               385
     784       46.4108               389               391
     785       45.4601               389               390
     786       45.6859               383               386
     787       45.5964               383               386
     788       45.9709               389               390
     789       46.0876               389               390
     790       45.7500               383               385
     791       45.7467               383               386
     792       45.3215               383               385
     793       45.6342               383               386
     794       45.3502               383               386
     795       46.0325               383               386
     796       46.6092               376               386
     797       46.2618               383               386
     798       45.7237               383               386
     799       45.5454               383               386
     800       45.8431               383               386
     801       46.3426               383               386
     802       46.2902               376               386
     803       45.9690               376               386
     804       46.1418               384               386
     805       46.1105               389               390
     806       45.9640               389               390
     807       45.9933               389               390
     808       45.7979               389               390
     809       45.4297               389               390
     810       46.2754               389               390
     811       45.5448               389               390
     812       45.2868               389               391
     813       46.2794               389               391
     814       46.4273               376               386
     815       45.8757               389               391
     816       45.9630               389               391
     817       46.3445               389               391
     818       46.1451               389               391
     819       45.9017               389               391
     820       45.7187               388               391
     821       45.2109               389               390
     822       45.5039               389               390
     823       46.2222               376               386
     824       45.7855               376               386
     825       45.8650               376               386
     826       45.7675               389               390
     827       45.7753               389               391
     828       45.4554               389               390
     829       45.4525               389               390
     830       45.2177               389               390
     831       45.6461               389               390
     832       45.8983               376               386
     833       45.5892               376               386
     834       45.7522               376               386
     835       45.3084               384               385
     836       45.6991               384               385
     837       46.8433               375               385
     838       46.5239               375               385
     839       45.8641               389               390
     840       46.0877               389               390
     841       46.5285               388               390
     842       45.9167               389               390
     843       45.5935               389               390
     844       46.4713               375               385
     845       46.4770               383               385
     846       46.4328               383               391
     847       46.6068               383               391
     848       46.4111               383               391
     849       47.0116               388               390
     850       46.4846               389               390
     851       46.4855               389               390
     852       46.2071               389               390
     853       45.9600               388               390
     854       45.7458               389               390
     855       45.6624               389               390
     856       45.8240               389               390
     857       45.5418               389               390
     858       46.1968               389               390
     859       46.2587               386               389
     860       46.1596               389               390
     861       46.1171               389               390
     862       46.6225               389               390
     863       46.4281               383               385
     864       45.7482               389               390
     865       45.4642               389               390
     866       44.9419               389               390
     867       45.6891               389               391
     868       45.9461               389               391
     869       46.0906               389               391
     870       45.3758               389               390
     871       45.4427               389               390
     872       45.4751               389               390
     873       45.7064               389               390
     874       45.7373               389               390
     875       45.9490               389               390
     876       46.4292               388               390
     877       46.5281               389               390
     878       45.5281               389               390
     879       45.9796               389               390
     880       45.2001               389               390
     881       45.1141               389               390
     882       45.9908               389               391
     883       46.1870               389               390
     884       45.9082               389               390
     885       45.6935               389               390
     886       45.8445               389               391
     887       45.6451               389               391
     888       45.5612               389               390
     889       45.5298               389               391
     890       45.5450               389               391
     891       45.8466               389               390
     892       45.6976               389               390
     893       46.6612               389               390
     894       45.8849               389               390
     895       45.8988               389               391
     896       45.6170               389               391
     897       46.3354               389               390
     898       46.5184               389               391
     899       46.4741               377               384
     900       46.2121               384               385
     901       45.8852               389               390
     902       47.0352               389               391
     903       46.2136               384               385
     904       45.4212               384               385
     905       46.4134               387               391
     906       46.2474               387               391
     907       46.5823               387               391
     908       46.9588               387               390
     909       47.1394               388               390
     910       47.4579               387               391
     911       45.5381               387               390
     912       46.2848               387               390
     913       46.1986               387               390
     914       45.2987               387               390
     915       46.3192               384               385
     916       45.8679               384               385
     917       46.2495               384               385
     918       46.0535               387               391
     919       45.8235               387               391
     920       46.5732               387               391
     921       46.2414               384               385
     922       45.8641               387               391
     923       46.1757               387               391
     924       46.0969               387               391
     925       45.9311               387               391
     926       45.9872               387               391
     927       46.3973               387               390
     928       46.2788               387               390
     929       45.5728               387               390
     930       45.7445               387               391
     931       45.8617               387               391
     932       46.2789               387               391
     933       45.1845               387               391
     934       45.9545               387               391
     935       46.2605               387               391
     936       46.1678               386               387
     937       46.3949               387               390
     938       46.3566               386               387
     939       46.3531               386               387
     940       46.1927               386               387
     941       46.2945               386               387
     942       45.9044               387               390
     943       46.0806               387               391
     944       45.8575               387               390
     945       45.6655               387               391
     946       46.0880               386               387
     947       46.2744               386               387
     948       46.1106               387               390
     949       45.8766               387               390
     950       45.4078               387               391
     951       46.4415               387               391
     952       46.4958               387               391
     953       46.7663               387               391
     954       46.0771               387               391
     955       46.0684               387               391
     956       46.1970               387               391
     957       46.2965               387               391
     958       46.2545               386               389
     959       45.6997               381               388
     960       44.9382               386               388
     961       46.1142               387               390
     962       45.8386               387               390
     963       46.2287               386               387
     964       46.7138               389               391
     965       45.8050               389               391
     966       45.7676               389               391
     967       46.2691               389               391
     968       45.8715               389               391
     969       45.5879               389               391
     970       45.8632               389               391
     971       46.2683               389               391
     972       45.3368               389               391
     973       46.0062               389               391
     974       46.0727               388               391
     975       45.6757               388               391
     976       46.3362               388               390
     977       45.9117               388               391
     978       46.2630               386               388
     979       46.3361               388               390
     980       46.2028               388               391
     981       46.3967               388               390
     982       46.0534               388               390
     983       46.5319               388               391
     984       46.1353               388               391
     985       45.9718               388               391
     986       45.6952               388               391
     987       46.2269               388               391
     988       45.9596               388               391
     989       46.4185               388               390
     990       46.5397               388               390
     991       45.2811               388               390
     992       45.9074               388               390
     993       45.6223               389               390
     994       45.7368               389               390
     995       46.1696               386               389
     996       46.0159               389               391
     997       46.0510               389               391
     998       46.2886               389               391
     999       46.0356               389               391
    1000       45.5939               384               385
    1001       46.1881               386               388
    1002       46.4365               386               388
    1003       45.9333               388               390
    1004       46.6612               385               388
    1005       46.4993               386               388
    1006       45.5892               388               391
    1007       46.5504               387               390
    1008       46.4655               388               390
    1009       46.7313               388               391
    1010       46.1937               386               388
    1011       46.4199               388               390
    1012       46.6721               386               388
    1013       46.4690               386               388
    1014       46.3501               386               388
    1015       46.9041               386               388
    1016       46.6821               385               388
    1017       47.1150               386               388
    1018       47.1552               386               388
    1019       46.5700               386               388
    1020       45.6200               388               390
    1021       45.6087               388               390
    1022       45.8966               388               391
    1023       45.7688               388               390
    1024       46.0562               388               390
    1025       45.8398               388               390
    1026       45.9127               388               390
    1027       45.6895               388               390
    1028       46.6602               389               390
    1029       46.1358               389               391
    1030       45.3682               389               390
    1031       45.1651               389               391
    1032       45.9559               386               389
    1033       46.1934               389               391
    1034       45.9598               389               391
    1035       46.2124               389               390
    1036       45.7777               389               390
    1037       45.9370               389               390
    1038       46.1597               389               390
    1039       46.1919               389               390
    1040       46.5877               389               390
    1041       46.2254               383               390
    1042       46.6310               386               388
    1043       45.7755               383               390
    1044       46.1265               383               390
    1045       46.7299               386               388
    1046       45.7070               388               391
    1047       46.2734               389               391
    1048       46.1908               388               391
    1049       45.5326               388               391
    1050       46.0484               388               391
    1051       45.8537               388               391
    1052       45.7707               388               391
    1053       45.9110               388               391
    1054       46.2943               388               390
    1055       46.1973               386               388
    1056       45.8888               377               387
    1057       46.1872               386               388
    1058       46.3974               388               390
    1059       46.4968               386               388
    1060       46.5603               384               385
    1061       46.2672               377               388
    1062       46.5454               386               388
    1063       46.3239               388               391
    1064       46.8307               386               388
    1065       46.3553               384               385
    1066       46.2574               383               385
    1067       46.4929               386               388
    1068       46.2339               386               388
    1069       46.6868               384               385
    1070       46.9487               386               388
    1071       46.4255               386               388
    1072       46.6099               386               388
    1073       46.3277               386               388
    1074       46.4335               386               388
    1075       46.2837               388               390
    1076       46.2162               388               390
    1077       46.6866               386               388
    1078       46.7354               386               388
    1079       46.3624               386               388
    1080       46.6762               386               388
    1081       46.8551               383               385
    1082       47.1329               386               389
    1083       46.5281               386               388
    1084       46.4293               386               388
    1085       46.9572               386               388
    1086       46.6258               386               388
    1087       46.2593               388               391
    1088       46.1505               386               388
    1089       46.5532               386               388
    1090       46.3533               386               388
    1091       46.1934               386               388
    1092       45.9401               384               385
    1093       46.3391               386               388
    1094       46.1882               386               388
    1095       46.2636               386               388
    1096       46.5757               388               391
    1097       46.6680               386               388
    1098       45.9330               388               391
    1099       45.7916               388               391
    1100       46.1434               388               391
    1101       46.1039               388               390
    1102       46.2220               388               391
    1103       46.3304               388               391
    1104       45.9596               388               391
    1105       46.3756               388               391
    1106       46.4693               386               389
    1107       46.7848               386               389
    1108       45.9252               389               391
    1109       46.9206               386               389
    1110       46.6674               383               390
    1111       46.3892               386               388
    1112       46.6647               386               388
    1113       47.1948               386               387
    1114       46.4326               386               388
    1115       46.3621               388               390
    1116       46.8993               386               388
    1117       46.9740               386               388
    1118       46.9836               383               390
    1119       46.6196               378               383
    1120       47.2031               386               388
    1121       46.9920               386               388
    1122       47.3135               386               388
    1123       46.4529               386               388
    1124       46.1948               383               390
    1125       45.1143               383               390
    1126       44.9321               383               390
    1127       45.3603               383               390
    1128       44.7656               383               390
    1129       45.5757               384               385
    1130       45.0467               384               385
    1131       46.1694               380               390
    1132       45.1941               384               385
    1133       46.8746               375               385
    1134       47.1441               384               385
    1135       46.7873               386               387
    1136       47.2933               380               389
    1137       46.8733               381               389
    1138       46.8481               386               387
    1139       47.0436               386               387
    1140       46.7477               386               387
    1141       46.5316               386               388
    1142       47.2183               375               387
    1143       47.4151               381               390
    1144       47.2902               380               387
    1145       46.9933               388               390
    1146       46.9978               376               386
    1147       46.9335               388               390
    1148       47.6388               378               382
    1149       46.8248               383               390
    1150       46.7034               384               385
    1151       46.5957               384               386
    1152       46.6802               389               390
    1153       46.8654               382               384
    1154       46.7062               387               390
    1155       46.8653               387               390
    1156       46.5985               383               390
    1157       47.0565               387               390
    1158       46.8857               383               390
    1159       46.5463               387               390
    1160       46.8142               389               390
    1161       47.2670               383               390
    1162       47.4284               389               390
    1163       47.0370               376               386
    1164       47.3994               376               382
    1165       47.5600               382               391
    1166       47.2107               388               390
    1167       47.2753               388               390
    1168       47.0515               388               390
    1169       46.2811               382               387
    1170       46.2194               382               387
    1171       46.1578               382               387
    1172       45.5473               388               390
    1173       46.0769               382               387
    1174       45.4598               386               387
    1175       45.4618               385               387
    1176       46.5182               384               385
    1177       45.7187               385               387
    1178       46.4578               382               387
    1179       47.0520               382               387
    1180       46.3894               385               387
    1181       46.4324               385               387
    1182       46.7687               385               387
    1183       46.3270               384               386
    1184       46.2721               384               386
    1185       46.2929               384               385
    1186       45.9941               384               385
    1187       47.5433               385               387
    1188       45.9355               385               387
    1189       45.4402               386               387
    1190       45.7871               386               387
    1191       46.1419               386               387
    1192       47.4147               376               386
    1193       47.3577               376               386
    1194       47.2342               378               380
    1195       47.5616               378               383
    1196       47.7419               381               391
    1197       47.3074               377               384
    1198       46.9379               384               385
    1199       46.7899               386               387
    1200       46.3562               386               387
    1201       46.8755               386               387
    1202       46.7275               386               387
    1203       46.8476               387               390
    1204       47.2832               386               387
    1205       46.4436               386               387
    1206       46.4067               387               390
    1207       46.6243               387               390
    1208       46.3789               386               387
    1209       47.0358               386               387
    1210       46.8396               386               387
    1211       46.7891               383               390
    1212       47.1316               386               388
    1213       46.7050               386               387
    1214       46.0702               387               390
    1215       46.3405               386               387
    1216       46.2768               387               390
    1217       46.1910               387               390
    1218       47.0625               385               389
    1219       46.2725               385               389
    1220       47.0284               378               383
    1221       47.1238               386               388
    1222       47.0340               386               388
    1223       45.6743               381               383
    1224       45.4886               383               390
    1225       45.7655               383               390
    1226       47.0630               378               383
    1227       47.6785               383               389
    1228       47.2604               383               390
    1229       46.0260               378               383
    1230       47.4026               378               383
    1231       47.4187               386               388
    1232       47.5612               378               383
    1233       47.1586               378               383
    1234       46.4161               378               383
    1235       46.9824               386               387
    1236       46.6547               386               387
    1237       47.2881               386               387
    1238       47.2873               386               388
    1239       46.5115               386               387
    1240       47.3599               386               387
    1241       47.1820               387               390
    1242       46.8239               386               387
    1243       46.8554               387               390
    1244       47.0715               388               390
    1245       45.9024               387               390
    1246       46.4746               387               390
    1247       46.6959               387               390
    1248       46.5537               386               387
    1249       46.6313               385               389
    1250       46.7332               385               389
    1251       46.2191               385               389
    1252       45.3546               385               389
    1253       45.9886               385               389
    1254       44.4787               389               391
    1255       45.5046               389               391
    1256       46.0630               385               389
    1257       46.0400               385               389
    1258       46.3598               385               389
    1259       46.0075               389               391
    1260       45.7331               385               389
    1261       45.2456               389               391
    1262       45.9949               385               387
    1263       47.7064               386               387
    1264       45.3245               384               391
    1265       45.9987               384               385
    1266       45.1367               384               391
    1267       45.5734               383               385
    1268       45.0385               383               391
    1269       46.5341               384               391
    1270       46.7072               386               388
    1271       46.8784               386               387
    1272       47.1293               386               389
    1273       46.7404               386               389
    1274       47.1146               375               385
    1275       46.8241               386               389
    1276       46.9435               384               391
    1277       46.1389               383               385
    1278       46.4618               384               385
    1279       45.2990               384               391
    1280       45.7239               384               391
    1281       47.4981               378               380
    1282       47.1946               378               383
    1283       47.6183               377               380
    1284       47.4111               378               383
    1285       46.1096               388               391
    1286       46.0780               388               391
    1287       46.0728               383               391
    1288       45.0990               383               390
    1289       44.9957               383               390
    1290       45.9294               378               383
    1291       45.4333               383               391
    1292       44.8214               383               391
    1293       43.9053               383               391
    1294       44.2372               383               391
    1295       43.2833               383               391
    1296       43.3043               383               391
    1297       43.8653               383               391
    1298       43.4192               383               391
    1299       43.0813               383               391
    1300       43.2560               383               391
    1301       43.9643               383               390
    1302       44.1004               380               390
    1303       43.1839               383               391
    1304       42.9930               383               391
    1305       43.5568               383               391
    1306       44.1161               383               391
    1307       45.5026               383               391
    1308       44.7707               383               391
    1309       45.9392               380               391
    1310       45.9308               383               391
    1311       45.9156               383               391
    1312       45.9508               383               391
    1313       46.3945               383               391
    1314       46.7628               380               391
    1315       46.5056               386               388
    1316       46.5647               383               391
    1317       46.4042               383               391
    1318       46.9511               377               383
    1319       46.0570               383               385
    1320       46.3076               378               383
    1321       44.6176               383               390
    1322       44.8173               383               390
    1323       44.6356               383               391
    1324       44.7510               383               391
    1325       44.3143               387               391
    1326       43.4369               383               391
    1327       44.5542               383               391
    1328       47.2755               389               391
    1329       46.9783               379               391
    1330       45.7010               387               391
    1331       46.6111               387               391
    1332       46.5120               387               391
    1333       46.1433               387               391
    1334       46.3790               383               391
    1335       45.1481               383               391
    1336       45.6958               383               385
    1337       45.3320               383               391
    1338       45.5242               383               385
    1339       45.2152               383               391
    1340       44.9818               383               391
    1341       45.5097               383               391
    1342       45.7210               383               391
    1343       45.1297               383               390
    1344       45.7699               383               390
    1345       46.4622               383               391
    1346       44.9861               387               391
    1347       44.6810               387               391
    1348       44.5225               388               390
    1349       44.7971               383               385
    1350       45.0308               383               391
    1351       44.7980               383               391
    1352       43.5085               383               391
    1353       43.0118               388               391
    1354       43.6886               383               391
    1355       44.1907               383               390
    1356       43.6378               383               390
    1357       46.0620               378               383
    1358       46.2852               383               391
    1359       45.8141               384               391
    1360       46.0314               389               390
    1361       45.2078               384               385
    1362       44.7330               384               385
    1363       44.3728               385               388
    1364       45.4055               389               391
    1365       45.1986               384               391
    1366       44.5816               389               391
    1367       45.2714               389               391
    1368       44.9695               389               391
    1369       43.4304               385               389
    1370       43.9571               385               389
    1371       43.7775               388               391
    1372       44.8927               385               388
    1373       45.1669               385               388
    1374       44.3523               385               388
    1375       44.2060               385               389
    1376       44.4982               386               388
    1377       44.5318               385               388
    1378       45.8536               389               391
    1379       44.6482               388               391
    1380       44.3750               389               391
    1381       44.4074               385               388
    1382       43.5098               385               389
    1383       43.1768               389               391
    1384       43.1192               385               389
    1385       43.5992               385               389
    1386       44.0908               385               389
    1387       43.0515               385               389
    1388       44.6192               388               391
    1389       44.8491               386               388
    1390       45.1349               388               391
    1391       44.9907               385               388
    1392       45.9502               385               388
    1393       46.3098               385               388
    1394       46.7706               385               388
    1395       46.2252               389               390
    1396       46.3902               389               390
    1397       46.7253               389               390
    1398       46.3128               389               390
    1399       46.4572               385               388
    1400       46.3346               385               388
    1401       46.7365               389               390
    1402       45.6865               385               388
    1403       45.5086               385               388
    1404       47.0534               376               385
    1405       45.8279               385               388
    1406       45.6957               385               389
    1407       45.7506               385               388
    1408       46.4238               386               387
    1409       46.2628               377               389
    1410       45.9995               385               389
    1411       45.8561               385               389
    1412       45.5648               385               389
    1413       46.5631               386               387
    1414       46.4003               386               387
    1415       46.2233               386               387
    1416       46.4600               386               387
    1417       46.2142               386               387
    1418       45.9806               386               387
    1419       46.0772               386               387
    1420       46.7199               386               387
    1421       46.0157               387               391
    1422       46.1599               386               387
    1423       46.3522               386               387
    1424       46.5717               386               387
    1425       46.1842               386               387
    1426       46.5101               386               387
    1427       46.0231               386               387
    1428       46.6381               386               387
    1429       46.6385               386               387
    1430       46.5428               386               387
    1431       46.0074               386               387
    1432       45.8853               386               387
    1433       45.8292               386               387
    1434       46.3415               386               387
    1435       46.4011               386               387
    1436       44.7772               389               391
    1437       45.0657               389               391
    1438       45.3694               389               391
    1439       44.1322               389               391
    1440       43.9536               387               391
    1441       44.4268               389               391
    1442       44.2510               389               391
    1443       43.6429               389               391
    1444       43.4537               387               391
    1445       43.3873               387               391
    1446       43.8491               387               391
    1447       43.6748               387               391
    1448       43.5178               389               391
    1449       44.6691               389               391
    1450       44.8375               389               391
    1451       44.1466               387               391
    1452       44.5750               387               391
    1453       43.4449               389               391
    1454       42.0488               387               391
    1455       43.5211               387               391
    1456       43.5026               388               391
    1457       43.5092               388               391
    1458       44.7338               389               391
    1459       43.8751               389               391
    1460       43.7331               387               391
    1461       43.1051               389               391
    1462       42.9930               387               391
    1463       44.0620               384               391
    1464       43.8974               389               391
    1465       43.7532               384               391
    1466       43.6194               387               391
    1467       43.5235               387               391
    1468       43.6264               387               391
    1469       43.9575               387               391
    1470       44.7490               389               391
    1471       43.9329               384               391
    1472       44.3937               387               391
    1473       43.5618               384               391
    1474       43.0698               387               391
    1475       45.1313               384               391
    1476       44.2855               389               391
    1477       44.1898               389               391
    1478       44.7819               388               391
    1479       46.1942               389               391
    1480       45.4874               384               391
    1481       45.5883               387               391
    1482       45.8859               385               389
    1483       46.4520               385               389
    1484       46.5517               386               388
    1485       45.9544               385               387
    1486       46.7978               380               387
    1487       46.3903               377               387
    1488       46.2489               385               387
    1489       46.5493               385               387
    1490       46.8477               380               387
    1491       47.1400               386               388
    1492       46.5294               377               388
    1493       46.5783               377               387
    1494       46.7719               380               388
    1495       46.7130               385               387
    1496       45.2028               385               387
    1497       46.3692               377               387
    1498       47.0932               387               391
    1499       46.2641               387               391
    1500       46.1406               387               391
    1501       45.4617               387               391
    1502       46.7975               387               391
    1503       46.0200               387               391
    1504       46.1438               387               391
    1505       46.2805               389               391
    1506       45.7709               387               391
    1507       45.1140               388               391
    1508       46.5122               387               391
    1509       46.2283               386               388
    1510       46.4484               386               388
    1511       46.3368               386               388
    1512       46.5847               386               388
    1513       46.5934               383               390
    1514       45.6575               388               390
    1515       46.0278               388               390
    1516       46.2662               375               391
    1517       46.4076               386               388
    1518       44.5585               384               391
    1519       44.1290               388               390
    1520       45.4683               384               390
    1521       45.0348               384               390
    1522       46.4073               384               390
    1523       45.7392               384               391
    1524       46.1610               384               391
    1525       46.3588               386               388
    1526       46.0446               387               391
    1527       46.5352               385               389
    1528       46.5558               386               388
    1529       46.4425               386               388
    1530       46.2439               385               389
    1531       46.7024               385               389
    1532       46.7555               385               389
    1533       46.9813               383               386
    1534       46.6450               386               388
    1535       47.1362               383               386
    1536       46.6871               386               388
    1537       45.9849               388               391
    1538       45.8335               385               389
    1539       46.5701               386               388
    1540       46.5947               382               389
    1541       46.4560               379               386
    1542       45.5219               385               389
    1543       46.2758               385               389
    1544       45.8551               385               389
    1545       47.0611               383               390
    1546       46.8878               383               386
    1547       46.6821               388               390
    1548       45.1010               385               389
    1549       44.3705               386               389
    1550       43.2329               386               389
    1551       43.9286               385               389
    1552       44.3109               385               387
    1553       43.5358               385               387
    1554       43.8506               387               391
    1555       44.2392               385               389
    1556       45.1773               385               387
    1557       45.0530               385               387
    1558       44.8902               386               387
    1559       45.2931               385               387
    1560       46.2172               385               387
    1561       45.6755               385               387
    1562       47.3467               375               387
    1563       47.5115               385               390
    1564       47.6138               385               387
    1565       47.3785               380               390
    1566       47.2236               382               391
    1567       47.4312               382               387
    1568       47.1227               380               387
    1569       46.5498               385               387
    1570       47.2803               380               389
    1571       46.7202               377               389
    1572       46.9740               389               391
    1573       47.4910               381               391
    1574       47.4708               377               389
    1575       46.6131               377               388
    1576       47.2249               380               388
    1577       47.3150               385               388
    1578       47.8360               380               388
    1579       47.4341               380               381
    1580       47.4277               387               390
    1581       46.7909               380               389
    1582       46.4963               380               390
    1583       46.5682               380               390
    1584       46.8979               380               389
    1585       47.2265               380               389
    1586       46.9329               380               381
    1587       47.0453               380               381
    1588       47.2366               380               381
    1589       46.8869               380               389
    1590       47.4352               387               390
    1591       46.5033               389               391
    1592       47.0500               380               389
    1593       47.1179               380               389
    1594       47.5648               380               389
    1595       47.3394               380               382
    1596       47.2316               380               389
    1597       46.8240               389               391
    1598       47.4018               389               391
    1599       46.2954               389               391
    1600       46.8125               389               391
    1601       47.0922               389               391
    1602       47.0990               380               389
    1603       47.0061               389               391
    1604       47.2846               382               391
    1605       47.1372               382               391
    1606       47.2987               382               391
    1607       47.2227               389               391
    1608       47.1951               380               389
    1609       47.4437               380               389
    1610       46.2677               389               391
    1611       46.3515               389               391
    1612       45.6264               389               391
    1613       46.7502               389               391
    1614       47.0034               389               391
    1615       47.2178               380               389
    1616       47.6169               382               391
    1617       47.3871               382               391
    1618       46.9895               382               388
    1619       47.0615               382               391
    1620       46.9058               382               390
    1621       47.0575               382               391
    1622       45.9617               384               391
    1623       46.4182               384               391
    1624       45.6583               384               391
    1625       46.8112               388               391
    1626       47.1763               384               391
    1627       47.5434               381               391
    1628       47.5352               381               391
    1629       46.5953               384               391
    1630       45.9399               384               391
    1631       45.2614               388               391
    1632       45.4177               384               391
    1633       47.1422               384               391
    1634       45.5923               384               391
    1635       45.5809               384               391
    1636       46.5585               384               391
    1637       45.9628               389               391
    1638       45.5588               385               388
    1639       47.2113               385               388
    1640       46.9283               385               388
    1641       46.7134               385               388
    1642       46.3932               385               388
    1643       47.6634               375               385
    1644       47.3554               385               388
    1645       47.2110               385               388
    1646       47.2151               389               390
    1647       47.2352               385               388
    1648       47.3069               385               388
    1649       47.1742               385               388
    1650       46.7465               385               388
    1651       46.3813               385               388
    1652       46.9795               385               388
    1653       47.6598               379               388
    1654       47.4615               375               385
    1655       47.5612               375               385
    1656       47.7751               385               388
    1657       47.5918               385               388
    1658       46.9105               385               388
    1659       47.7288               380               388
    1660       47.0972               385               388
    1661       45.9375               385               388
    1662       46.5526               385               388
    1663       46.0429               385               388
    1664       46.5956               385               388
    1665       47.5803               385               388
    1666       46.7678               385               388
    1667       47.2330               376               385
    1668       45.9339               385               388
    1669       47.9986               381               385
    1670       46.8986               385               388
    1671       46.5480               385               388
    1672       47.3299               385               388
    1673       47.8126               381               385
    1674       46.5832               385               388
    1675       47.1096               385               388
    1676       47.7249               379               388
    1677       47.7118               385               388
    1678       47.7835               379               388
    1679       47.6359               379               388
    1680       47.9191               379               388
    1681       47.2641               388               391
    1682       47.1407               385               388
    1683       47.7702               375               391
    1684       47.4367               385               388
    1685       46.3667               388               391
    1686       47.4220               381               391
    1687       47.5812               388               391
    1688       47.7618               377               388
    1689       47.7361               381               385
    1690       47.5494               379               381
    1691       47.8865               389               390
    1692       46.7626               385               388
    1693       47.5781               375               391
    1694       47.0818               385               388
    1695       47.8086               381               385
    1696       47.5012               379               381
    1697       47.6671               379               381
    1698       47.9294               377               381
    1699       47.1693               382               387
    1700       46.4197               384               391
    1701       46.9546               388               391
    1702       45.7731               388               391
    1703       46.9257               375               391
    1704       47.2997               382               391
    1705       47.2612               382               391
    1706       47.4688               375               390
    1707       47.2573               382               390
    1708       47.1931               382               391
    1709       47.1942               389               390
    1710       47.6577               380               387
    1711       47.3756               380               387
    1712       47.5846               381               391
    1713       47.5751               389               391
    1714       47.4243               389               390
    1715       46.8904               389               390
    1716       47.3263               380               387
    1717       47.2853               389               390
    1718       47.5874               381               391
    1719       46.0667               387               391
    1720       46.5491               389               391
    1721       47.1954               380               381
    1722       47.4185               387               390
    1723       47.0316               381               384
    1724       47.3001               380               381
    1725       47.2695               380               388
    1726       47.4341               387               390
    1727       47.8005               380               381
    1728       47.4405               380               381
    1729       47.3861               380               381
    1730       46.9344               387               390
    1731       47.1173               387               390
    1732       47.4197               380               381
    1733       47.2455               387               390
    1734       47.2689               380               381
    1735       47.1245               380               389
    1736       47.2382               380               381
    1737       47.5237               387               390
    1738       46.7889               381               383
    1739       47.3247               387               390
    1740       47.2655               387               390
    1741       47.0520               387               390
    1742       47.3072               387               390
    1743       47.5183               387               390
    1744       47.3690               380               389
    1745       47.2125               380               381
    1746       47.2081               387               390
    1747       47.6273               384               388
    1748       47.7564               380               388
    1749       47.4047               380               381
    1750       47.5231               380               388
    1751       47.1098               387               390
    1752       47.2637               377               388
    1753       47.1808               387               390
    1754       47.0501               387               390
    1755       46.9009               377               388
    1756       47.1438               388               391
    1757       47.3481               387               390
    1758       47.3286               387               390
    1759       47.4324               387               390
    1760       46.8684               387               390
    1761       47.2507               387               390
    1762       47.1746               377               388
    1763       47.5422               386               387
    1764       47.6972               375               390
    1765       47.0242               384               390
    1766       45.8184               384               390
    1767       47.7345               386               387
    1768       45.8361               384               390
    1769       46.3254               384               390
    1770       45.3350               384               390
    1771       45.1148               384               390
    1772       47.2896               384               390
    1773       47.2585               387               390
    1774       47.6713               387               390
    1775       47.2678               380               389
    1776       46.7678               385               389
    1777       46.9899               387               390
    1778       47.3950               387               390
    1779       47.1232               387               390
    1780       47.2052               387               390
    1781       47.0140               387               390
    1782       47.1354               387               390
    1783       47.3882               381               384
    1784       47.1373               387               390
    1785       46.9665               387               390
    1786       47.6859               387               390
    1787       47.4524               381               391
    1788       47.4636               387               390
    1789       47.4419               380               381
    1790       47.3773               387               390
    1791       47.1442               380               389
    1792       47.4805               380               389
    1793       47.1233               387               390
    1794       47.3398               387               390
    1795       47.4040               387               390
    1796       47.3641               380               388
    1797       46.0153               388               391
    1798       47.5048               387               390
    1799       47.3386               387               390
    1800       47.1093               388               391
    1801       47.6237               381               391
    1802       47.5245               387               390
    1803       47.0389               387               390
    1804       47.1688               388               391
    1805       46.4006               376               389
    1806       47.1753               389               390
    1807       47.0648               381               384
    1808       46.8959               376               385
    1809       46.2659               379               391
    1810       46.2585               376               391
    1811       45.4926               379               391
    1812       45.9842               387               391
    1813       46.0984               376               391
    1814       46.4879               376               391
    1815       47.3596               381               391
    1816       46.4351               376               391
    1817       47.1715               389               391
    1818       47.4091               380               381
    1819       47.7165               380               388
    1820       47.4222               382               391
    1821       47.3115               382               391
    1822       46.4105               375               391
    1823       46.9782               382               391
    1824       46.3634               375               391
    1825       46.5260               376               391
    1826       46.5130               376               391
    1827       46.0272               376               391
    1828       43.8399               379               391
    1829       44.6410               379               391
    1830       45.4269               379               391
    1831       44.6682               379               391
    1832       44.8095               379               391
    1833       45.0165               379               391
    1834       43.9589               389               391
    1835       44.0006               389               391
    1836       43.8060               389               390
    1837       43.7172               389               390
    1838       43.5947               389               390
    1839       43.5693               389               390
    1840       43.9499               389               390
    1841       44.1952               389               391
    1842       43.5219               389               391
    1843       42.5101               389               390
    1844       44.3208               389               390
    1845       43.9590               389               390
    1846       43.9741               389               390
    1847       43.7923               389               390
    1848       43.5891               389               390
    1849       43.3063               389               390
    1850       43.5637               389               391
    1851       43.6306               389               390
    1852       43.9752               389               390
    1853       44.7342               389               391
    1854       44.4981               389               391
    1855       43.4803               389               391
    1856       43.7185               389               390
    1857       43.4284               389               390
    1858       43.2797               389               390
    1859       42.9212               389               390
    1860       43.1750               389               390
    1861       43.7415               389               390
    1862       44.1434               389               390
    1863       45.2915               389               391
    1864       45.7007               389               391
    1865       45.0831               379               391
    1866       43.4447               389               390
    1867       43.6179               389               390
    1868       44.1882               389               390
    1869       44.6178               389               390
    1870       44.2371               389               390
    1871       44.8943               389               390
    1872       44.4941               389               390
    1873       46.6348               387               390
    1874       44.5809               389               390
    1875       43.8953               389               390
    1876       43.7454               387               391
    1877       43.9504               387               390
    1878       44.2788               387               390
    1879       44.1816               387               390
    1880       44.1893               387               390
    1881       43.9695               387               390
    1882       44.8654               387               391
    1883       44.4815               387               390
    1884       44.9028               387               391
    1885       45.3206               387               390
    1886       45.5534               387               390
    1887       45.1019               387               390
    1888       45.4413               387               390
    1889       44.7067               387               390
    1890       46.3132               387               390
    1891       44.9296               388               390
    1892       45.7942               387               391
    1893       45.7608               387               390
    1894       45.9360               387               391
    1895       46.6402               375               391
    1896       45.9238               387               390
    1897       46.4049               388               390
    1898       46.9101               388               390
    1899       45.8317               387               390
    1900       45.6466               387               390
    1901       46.8743               388               390
    1902       47.2688               380               388
    1903       46.8238               388               390
    1904       47.1970               388               390
    1905       46.7653               388               390
    1906       46.1438               387               390
    1907       46.8242               387               390
    1908       47.4151               375               390
    1909       47.6337               382               390
    1910       47.7425               375               380
    1911       47.5496               382               391
    1912       47.1838               380               388
    1913       47.3400               380               382
    1914       46.9799               380               382
    1915       47.4945               380               382
    1916       47.4926               382               383
    1917       46.5844               382               384
    1918       46.6336               382               383
    1919       47.3935               380               382
    1920       46.7628               380               382
    1921       46.6086               380               382
    1922       46.6103               380               382
    1923       46.6660               382               383
    1924       46.8701               382               383
    1925       46.5823               382               383
    1926       46.3103               382               383
    1927       46.7777               380               385
    1928       47.0270               380               382
    1929       46.9250               380               385
    1930       46.4444               380               385
    1931       46.7416               380               385
    1932       45.9300               380               386
    1933       45.8121               380               385
    1934       45.7594               380               385
    1935       45.2862               379               386
    1936       45.5758               383               386
    1937       44.8911               379               385
    1938       44.6886               380               386
    1939       44.5620               379               385
    1940       44.5581               379               385
    1941       44.9291               380               385
    1942       45.8740               380               385
    1943       46.5755               379               385
    1944       46.8278               380               385
    1945       45.6117               380               385
    1946       45.9297               380               385
    1947       45.9206               380               385
    1948       46.3939               380               385
    1949       45.9536               380               385
    1950       46.3881               382               383
    1951       46.1321               380               385
    1952       45.5921               383               385
    1953       45.5475               380               386
    1954       45.7856               379               385
    1955       45.3151               380               385
    1956       46.0339               380               386
    1957       46.3336               380               386
    1958       44.2438               383               385
    1959       45.4687               380               386
    1960       44.9298               383               386
    1961       45.3206               380               385
    1962       45.1890               383               386
    1963       44.0964               383               386
    1964       45.8715               379               385
    1965       45.1545               379               385
    1966       45.8742               380               385
    1967       46.1402               383               385
    1968       45.9864               380               385
    1969       46.8320               379               385
    1970       47.1424               380               388
    1971       47.0337               380               388
    1972       47.2753               380               388
    1973       47.0465               380               388
    1974       47.0728               380               388
    1975       47.1170               380               388
    1976       47.1466               380               388
    1977       47.4665               380               387
    1978       47.1522               382               390
    1979       46.9328               380               388
    1980       47.0864               380               388
    1981       47.2114               380               388
    1982       47.1768               380               385
    1983       47.1443               380               388
    1984       46.9737               380               388
    1985       47.0869               380               385
    1986       46.9564               380               388
    1987       47.0279               380               385
    1988       46.6332               380               385
    1989       47.0028               380               388
    1990       46.7235               380               388
    1991       46.3395               380               385
    1992       46.6785               380               385
    1993       47.1119               380               388
    1994       47.3214               380               385
    1995       47.5431               382               383
    1996       46.8893               380               388
    1997       47.3292               380               388
    1998       47.4280               380               388
    1999       47.5759               380               388
    2000       46.9643               380               388
    2001       46.8603               388               390
    2002       47.2209               388               390
    2003       47.0952               380               387
    2004       47.0301               380               388
    2005       47.1194               380               388
    2006       47.1284               380               388
    2007       47.5572               380               382
    2008       47.0015               380               385
    2009       47.0503               380               382
    2010       47.0449               388               390
    2011       47.3515               382               390
    2012       47.0931               375               390
    2013       47.8028               382               390
    2014       46.8814               380               385
    2015       46.7969               380               385
    2016       46.7502               380               388
    2017       47.3009               380               388
    2018       47.6885               380               388
    2019       47.4766               380               388
    2020       47.8227               382               390
    2021       47.1841               380               385
    2022       46.9334               380               388
    2023       47.2686               380               388
    2024       47.6278               382               390
    2025       47.1283               388               390
    2026       46.7103               387               391
    2027       47.4939               388               390
    2028       47.8213               380               388
    2029       47.7794               375               390
    2030       46.5356               388               390
    2031       46.3322               388               390
    2032       46.1029               388               391
    2033       45.9785               387               390
    2034       47.4059               382               390
    2035       47.3944               382               390
    2036       47.1930               380               388
    2037       47.0471               380               388
    2038       47.6590               382               390
    2039       47.8026               380               388
    2040       47.4456               380               388
    2041       47.1689               375               390
    2042       47.2718               380               388
    2043       46.3706               388               390
    2044       46.9361               375               390
    2045       46.3966               375               390
    2046       47.4850               382               391
    2047       47.0330               388               390
    2048       46.6285               388               390
    2049       46.8842               375               390
    2050       46.8569               388               390
    2051       47.5850               380               388
    2052       46.9568               380               387
    2053       46.6223               387               390
    2054       47.3736               382               390
    2055       47.1437               380               388
    2056       47.1830               380               388
    2057       46.8417               378               387
    2058       46.8601               380               388
    2059       47.2665               380               385
    2060       47.1900               380               388
    2061       47.4158               380               382
    2062       47.3054               379               390
    2063       47.1986               380               388
    2064       46.9127               380               385
    2065       47.5494               380               382
    2066       47.2388               380               385
    2067       46.9009               380               388
    2068       46.7762               380               388
    2069       46.7050               380               385
    2070       47.2067               380               388
    2071       47.3391               382               391
    2072       47.1516               380               382
    2073       46.7468               380               385
    2074       46.9607               380               385
    2075       47.2933               380               382
    2076       47.3232               380               388
    2077       47.2567               380               388
    2078       46.9600               380               385
    2079       46.5640               380               385
    2080       46.7922               380               382
    2081       47.3146               380               385
    2082       46.9352               383               385
    2083       47.5008               380               387
    2084       46.9667               380               382
    2085       47.0000               380               385
    2086       47.4990               380               385
    2087       47.0536               375               391
    2088       47.5216               386               389
    2089       47.5645               382               391
    2090       46.6290               384               391
    2091       47.1830               382               391
    2092       47.7201               389               391
    2093       46.9367               384               391
    2094       47.7065               376               384
    2095       47.7594               380               382
    2096       47.7361               382               391
    2097       46.8445               388               390
    2098       47.0571               376               385
    2099       46.0890               379               385
    2100       46.6628               376               385
    2101       46.8882               380               385
    2102       47.2474               388               391
    2103       47.4120               385               387
    2104       47.1197               388               390
    2105       47.8706               375               380
    2106       47.1244               386               388
    2107       45.9140               388               391
    2108       46.5596               388               391
    2109       46.6694               388               391
    2110       46.1614               388               391
    2111       45.2207               385               388
    2112       46.2558               389               391
    2113       45.6855               389               391
    2114       46.3294               380               385
    2115       46.3986               380               385
    2116       46.2659               380               385
    2117       46.8619               380               385
    2118       47.0779               389               391
    2119       46.8160               380               385
    2120       46.4745               380               385
    2121       46.2252               380               385
    2122       46.8745               380               385
    2123       46.8891               387               390
    2124       46.6113               376               385
    2125       46.5636               380               385
    2126       47.2800               389               390
    2127       47.4342               376               385
    2128       47.2229               376               387
    2129       46.8346               376               387
    2130       47.3371               376               387
    2131       47.5287               381               384
    2132       46.3758               381               387
    2133       46.5254               381               387
    2134       46.8363               381               387
    2135       47.0171               381               387
    2136       47.7847               376               384
    2137       47.0823               376               387
    2138       47.3798               376               387
    2139       47.5130               386               389
    2140       47.3759               386               387
    2141       47.5706               386               387
    2142       46.7204               381               384
    2143       45.9450               381               387
    2144       47.7226               380               387
    2145       47.4980               376               384
    2146       47.5425               376               387
    2147       47.5666               380               385
    2148       47.5644               381               384
    2149       47.6721               381               384
    2150       46.9089               375               390
    2151       47.7849               385               390
    2152       47.3191               384               390
    2153       47.4062               384               390
    2154       46.7988               375               390
    2155       45.7487               375               391
    2156       45.9981               375               391
    2157       46.3372               389               391
    2158       46.9698               384               391
    2159       45.8620               389               390
    2160       45.3594               389               390
    2161       45.5482               379               390
    2162       45.8470               375               390
    2163       46.6342               375               390
    2164       46.5875               384               390
    2165       47.8699               385               390
    2166       46.9457               384               390
    2167       46.2311               384               390
    2168       46.4882               384               390
    2169       46.1780               375               390
    2170       46.2747               375               390
    2171       46.2212               384               390
    2172       46.5947               375               390
    2173       46.3407               384               390
    2174       45.7204               375               390
    2175       45.2079               389               390
    2176       45.4157               375               390
    2177       46.8846               384               391
    2178       47.0785               382               390
    2179       46.8610               375               391
    2180       46.9593               382               391
    2181       46.2799               376               387
    2182       46.4891               382               387
    2183       45.8852               376               387
    2184       46.8876               376               387
    2185       46.1395               376               387
    2186       46.4699               376               387
    2187       46.8759               376               387
    2188       46.5993               376               391
    2189       46.1109               376               387
    2190       47.4078               376               391
    2191       46.3556               376               387
    2192       46.3024               376               387
    2193       47.0382               376               387
    2194       47.5867               376               383
    2195       47.4828               376               387
    2196       47.5403               376               385
    2197       47.3329               376               385
    2198       47.4813               380               391
    2199       47.4296               376               387
    2200       47.2978               376               387
    2201       47.1885               376               391
    2202       47.4194               376               385
    2203       46.4911               376               385
    2204       46.7107               379               391
    2205       46.8139               376               387
    2206       45.8224               381               387
    2207       46.0908               376               387
    2208       46.8812               376               387
    2209       46.3937               376               387
    2210       46.9409               381               387
    2211       46.5260               387               390
    2212       46.5035               381               388
    2213       47.2510               387               390
    2214       47.3841               376               391
    2215       47.4379               376               388
    2216       46.6654               387               390
    2217       47.0327               375               388
    2218       45.5521               384               391
    2219       46.2050               375               391
    2220       45.8817               375               390
    2221       46.2728               375               390
    2222       44.6113               389               390
    2223       45.9767               375               391
    2224       45.6986               389               391
    2225       47.0571               376               387
    2226       45.9507               378               387
    2227       45.7946               376               387
    2228       46.7130               389               391
    2229       47.7490               380               384
    2230       47.0415               384               390
    2231       46.7027               389               390
    2232       46.9558               384               390
    2233       45.5141               389               390
    2234       46.6595               384               390
    2235       46.3202               375               391
    2236       47.0248               375               390
    2237       46.7014               375               391
    2238       46.2432               376               391
    2239       46.0216               375               391
    2240       44.2207               388               391
    2241       44.0021               388               391
    2242       44.8692               384               391
    2243       45.5127               384               391
    2244       45.0048               384               391
    2245       44.7540               388               391
    2246       44.4540               389               391
    2247       44.5254               388               391
    2248       45.0034               388               391
    2249       45.2504               388               390
    2250       44.2645               389               390
    2251       46.4530               384               390
    2252       46.2730               388               390
    2253       46.2315               375               390
    2254       46.7703               384               390
    2255       45.5542               384               390
    2256       46.1822               384               390
    2257       45.0304               388               390
    2258       44.9096               388               390
    2259       44.6328               389               390
    2260       44.0909               389               390
    2261       45.0732               388               390
    2262       44.1772               389               390
    2263       44.0895               388               390
    2264       44.2984               384               390
    2265       45.3867               388               391
    2266       45.3154               388               391
    2267       44.7995               384               390
    2268       45.4420               384               390
    2269       44.7428               389               391
    2270       45.5630               388               390
    2271       45.7205               388               391
    2272       45.1489               379               391
    2273       46.5078               375               391
    2274       46.2780               375               390
    2275       45.8735               375               390
    2276       45.7616               384               390
    2277       45.3810               387               390
    2278       45.3547               387               390
    2279       45.8779               375               390
    2280       45.1576               379               391
    2281       45.4516               379               391
    2282       46.0171               384               390
    2283       46.1165               384               390
    2284       45.6869               375               390
    2285       45.5726               387               390
    2286       45.9183               375               390
    2287       45.9025               384               390
    2288       46.0494               384               390
    2289       45.7202               375               390
    2290       46.0128               375               390
    2291       45.5276               384               390
    2292       45.4559               387               390
    2293       46.3270               384               390
    2294       45.8640               384               390
    2295       45.6917               375               390
    2296       45.9001               387               390
    2297       46.1620               384               390
    2298       46.0448               375               390
    2299       45.6510               375               390
    2300       45.5864               375               390
    2301       45.6779               375               391
    2302       45.6672               375               390
    2303       45.8081               384               391
    2304       44.9782               384               391
    2305       44.9947               384               391
    2306       45.6275               375               391
    2307       46.4461               375               391
    2308       45.8726               375               391
    2309       45.1718               387               391
    2310       46.0813               375               390
    2311       46.3720               375               391
    2312       46.3025               375               391
    2313       45.9985               375               390
    2314       46.3197               375               391
    2315       46.1745               375               391
    2316       45.9148               375               391
    2317       45.9914               376               391
    2318       46.3020               376               391
    2319       46.5528               376               391
    2320       46.4057               376               391
    2321       46.4039               376               391
    2322       45.9243               376               391
    2323       46.3678               376               391
    2324       46.6434               376               391
    2325       46.5518               379               385
    2326       46.7466               376               391
    2327       46.2428               376               391
    2328       46.7432               376               391
    2329       46.6279               387               390
    2330       46.6861               376               391
    2331       46.9765               376               391
    2332       47.0788               376               385
    2333       46.6953               376               391
    2334       46.7917               376               391
    2335       47.1406               376               391
    2336       46.5851               376               391
    2337       46.0383               376               391
    2338       46.4862               376               391
    2339       46.0207               379               391
    2340       46.0973               376               391
    2341       46.6181               376               391
    2342       46.8000               376               391
    2343       46.1099               375               391
    2344       45.9984               375               391
    2345       45.9750               375               391
    2346       45.7998               375               390
    2347       46.2512               387               390
    2348       45.7081               387               390
    2349       45.9591               375               390
    2350       46.2521               384               391
    2351       45.9664               375               390
    2352       45.9582               375               390
    2353       45.8113               375               390
    2354       45.9379               375               390
    2355       46.0351               375               390
    2356       46.3752               375               390
    2357       46.7604               382               391
    2358       46.8738               386               388
    2359       46.5429               386               388
    2360       46.6769               386               388
    2361       46.4244               386               388
    2362       46.4450               386               388
    2363       46.8010               386               388
    2364       46.8880               386               388
    2365       47.3923               375               390
    2366       47.0432               375               390
    2367       47.4806               386               388
    2368       46.6809               382               389
    2369       47.6286               386               388
    2370       47.2850               380               382
    2371       47.1805               375               389
    2372       47.1114               382               391
    2373       47.2487               388               390
    2374       47.6600               389               390
    2375       47.0569               386               388
    2376       47.4120               380               382
    2377       47.4433               380               382
    2378       47.0050               380               382
    2379       47.4283               380               382
    2380       47.2346               380               382
    2381       47.6835               379               382
    2382       47.0755               387               391
    2383       47.0839               388               390
    2384       46.9823               382               391
    2385       46.9725               380               387
    2386       47.2354               382               391
    2387       47.2007               382               391
    2388       47.2888               382               391
    2389       47.1467               386               388
    2390       46.6423               387               391
    2391       47.1842               388               390
    2392       47.2674               380               381
    2393       47.5339               380               381
    2394       46.9407               380               381
    2395       46.8120               380               381
    2396       47.3332               380               389
    2397       46.9505               381               384
    2398       46.6431               388               391
    2399       47.0050               380               381
    2400       46.4422               381               383
    2401       46.9125               380               381
    2402       47.0522               381               383
    2403       47.1256               380               381
    2404       47.0612               380               381
    2405       46.8920               380               381
    2406       46.7576               380               390
    2407       47.7005               384               390
    2408       46.9679               380               390
    2409       47.1518               384               390
    2410       46.8397               384               390
    2411       47.2107               384               390
    2412       47.4192               380               381
    2413       46.8404               380               381
    2414       47.3729               388               390
    2415       47.5390               377               389
    2416       47.4211               380               381
    2417       47.2627               380               389
    2418       47.7960               384               389
    2419       47.9161               384               389
    2420       47.5426               388               391
    2421       47.6237               380               382
    2422       46.4207               379               385
    2423       47.6003               376               382
    2424       46.9164               379               385
    2425       47.3116               376               387
    2426       47.1778               376               387
    2427       47.1742               380               387
    2428       46.8319               382               383
    2429       47.0158               380               387
    2430       46.5860               380               387
    2431       46.2427               380               385
    2432       46.9376               380               388
    2433       46.9993               380               387
    2434       46.6314               376               388
    2435       45.8779               376               388
    2436       45.5624               376               388
    2437       47.0358               380               388
    2438       46.6812               380               388
    2439       46.5366               380               388
    2440       46.6888               381               387
    2441       46.9443               380               387
    2442       46.9677               380               387
    2443       46.8285               381               387
    2444       45.4557               381               388
    2445       44.6831               388               390
    2446       45.3094               381               388
    2447       46.2922               376               387
    2448       46.4391               381               388
    2449       45.7495               381               388
    2450       45.1196               388               390
    2451       45.0126               381               388
    2452       44.9246               381               388
    2453       45.4450               381               388
    2454       45.8408               388               390
    2455       45.7073               387               390
    2456       46.5674               380               388
    2457       45.3521               388               390
    2458       46.8000               380               387
    2459       46.5756               387               390
    2460       46.8070               380               387
    2461       47.0083               380               387
    2462       46.8630               380               387
    2463       46.8496               376               387
    2464       46.3412               380               388
    2465       47.3048               380               387
    2466       46.8892               380               387
    2467       47.5160               376               387
    2468       46.9449               376               385
    2469       47.1200               376               385
    2470       46.9141               376               391
    2471       47.1932               376               385
    2472       45.4771               381               388
    2473       47.2214               376               385
    2474       46.7997               376               388
    2475       46.6241               380               388
    2476       46.7175               376               388
    2477       46.2619               376               391
    2478       46.8434               376               391
    2479       46.9400               376               383
    2480       46.7125               376               387
    2481       46.1350               376               391
    2482       45.7487               376               391
    2483       45.3385               379               391
    2484       46.0962               376               391
    2485       46.1435               376               391
    2486       45.0872               379               391
    2487       45.7174               379               391
    2488       45.3526               389               391
    2489       45.9337               376               391
    2490       46.3238               376               391
    2491       45.4047               379               391
    2492       45.6850               379               391
    2493       45.8783               375               391
    2494       46.1016               375               391
    2495       46.4320               375               391
    2496       46.4218               387               391
    2497       46.4309               387               391
    2498       46.3113               387               391
    2499       46.3157               387               391
    2500       45.2526               387               391
    2501       46.3914               384               390
    2502       46.4807               384               391
    2503       46.9582               386               389
    2504       47.1970               386               389
    2505       46.7987               383               390
    2506       46.5532               383               391
    2507       46.3121               387               391
    2508       46.8989               383               391
    2509       46.0542               387               391
    2510       46.7416               387               391
    2511       47.7239               382               391
    2512       47.7717               380               383
    2513       46.9597               384               391
    2514       47.2889               384               391
    2515       47.0963               375               390
    2516       45.2248               389               390
    2517       46.7496               375               390
    2518       45.9992               375               390
    2519       46.2056               376               390
    2520       45.1165               379               390
    2521       45.9925               375               390
    2522       45.8467               389               390
    2523       45.9784               379               390
    2524       45.4998               379               390
    2525       45.3996               379               390
    2526       45.6793               376               390
    2527       46.1479               376               390
    2528       45.9848               376               390
    2529       45.9289               376               390
    2530       45.6666               379               390
    2531       45.2866               379               390
    2532       44.7589               379               390
    2533       45.3228               379               390
    2534       45.8925               376               390
    2535       45.4392               379               390
    2536       44.5940               379               390
    2537       45.6728               376               390
    2538       45.3416               379               390
    2539       45.1724               379               390
    2540       44.7746               388               390
    2541       44.4449               379               390
    2542       44.3879               379               390
    2543       44.8642               379               390
    2544       43.8327               385               388
    2545       43.9405               385               388
    2546       43.5357               389               390
    2547       43.1470               389               390
    2548       43.3809               389               390
    2549       43.3854               389               390
    2550       42.7057               389               390
    2551       41.7364               389               390
    2552       42.4851               389               391
    2553       42.6444               389               390
    2554       43.2752               389               390
    2555       42.8707               389               390
    2556       43.2456               389               390
    2557       43.6073               389               390
    2558       42.9948               389               391
    2559       42.0113               389               391
    2560       42.7881               389               391
    2561       42.8023               389               391
    2562       43.7687               389               391
    2563       43.5970               389               390
    2564       43.0742               389               391
    2565       43.0553               389               391
    2566       42.3928               389               391
    2567       43.5729               389               390
    2568       43.4502               389               391
    2569       44.5646               379               390
    2570       44.6727               379               390
    2571       44.7674               379               391
    2572       43.8320               389               390
    2573       44.6392               389               390
    2574       44.0142               389               391
    2575       43.4549               389               391
    2576       42.9904               389               391
    2577       43.1182               389               390
    2578       43.9463               389               390
    2579       43.9059               389               390
    2580       44.0874               379               391
    2581       43.5698               389               390
    2582       43.7687               389               390
    2583       43.0679               389               390
    2584       43.8239               389               390
    2585       43.1328               389               390
    2586       44.0606               389               390
    2587       44.4715               379               390
    2588       44.9132               379               390
    2589       44.6540               379               390
    2590       44.3138               379               390
    2591       44.4818               379               390
    2592       44.6613               379               390
    2593       44.5353               389               390
    2594       43.4427               389               390
    2595       43.7862               389               390
    2596       45.2064               379               390
    2597       45.7624               379               391
    2598       44.6528               379               390
    2599       44.1716               389               390
    2600       43.8316               384               390
    2601       44.4369               384               390
    2602       45.4082               375               390
    2603       45.6856               388               391
    2604       45.4648               379               391
    2605       45.3843               375               391
    2606       45.1006               388               390
    2607       45.5786               379               390
    2608       45.6723               379               390
    2609       45.7238               375               390
    2610       45.0700               379               390
    2611       45.2030               379               390
    2612       44.7949               379               390
    2613       45.1688               379               390
    2614       44.8880               388               390
    2615       44.9257               388               390
    2616       45.0749               388               390
    2617       45.1088               388               390
    2618       45.5772               375               391
    2619       44.4285               388               390
    2620       43.4958               388               390
    2621       43.6813               388               391
    2622       44.4923               388               391
    2623       44.0094               388               390
    2624       43.4565               388               390
    2625       43.5832               388               390
    2626       44.2393               388               391
    2627       44.0342               388               391
    2628       44.3142               388               391
    2629       44.9180               388               391
    2630       44.7237               379               390
    2631       44.8965               379               390
    2632       44.6535               379               390
    2633       44.8843               379               390
    2634       44.4949               385               388
    2635       45.3647               379               385
    2636       44.8679               379               390
    2637       44.7010               379               390
    2638       44.2351               379               390
    2639       43.9321               379               391
    2640       44.2637               379               391
    2641       43.9992               379               391
    2642       43.7791               379               391
    2643       44.2498               379               390
    2644       44.9976               387               390
    2645       43.8353               387               391
    2646       44.7839               379               390
    2647       46.3096               375               390
    2648       46.3252               387               390
    2649       46.3473               375               390
    2650       46.0527               375               390
    2651       46.0194               376               390
    2652       46.0716               375               390
    2653       45.9101               376               390
    2654       46.2264               375               390
    2655       45.4385               387               390
    2656       45.6866               387               390
    2657       46.0808               375               390
    2658       46.1014               387               390
    2659       46.7969               375               390
    2660       46.6540               375               390
    2661       46.8273               375               390
    2662       46.9827               382               390
    2663       45.6574               387               390
    2664       45.6327               387               390
    2665       44.1891               379               390
    2666       45.6460               379               390
    2667       45.7145               375               390
    2668       45.2656               387               390
    2669       45.9518               387               390
    2670       45.7601               387               391
    2671       44.7110               387               390
    2672       45.1726               379               390
    2673       45.7729               379               390
    2674       46.2470               387               390
    2675       44.9222               379               390
    2676       44.5938               387               390
    2677       45.1034               387               390
    2678       45.2815               387               390
    2679       46.0393               387               390
    2680       45.7534               387               390
    2681       44.3440               387               391
    2682       46.1971               375               390
    2683       45.9098               375               390
    2684       44.4037               387               390
    2685       43.8697               387               391
    2686       45.1267               387               390
    2687       45.4493               379               390
    2688       45.5196               387               390
    2689       45.6229               387               390
    2690       45.8534               376               390
    2691       46.3720               376               390
    2692       46.6395               375               390
    2693       46.3085               387               391
    2694       46.7883               375               390
    2695       45.4428               387               390
    2696       46.2129               376               390
    2697       45.9123               376               390
    2698       46.1745               375               390
    2699       46.0743               389               390
    2700       45.6506               389               390
    2701       45.1574               389               390
    2702       45.1797               389               390
    2703       44.2649               389               390
    2704       44.4122               389               390
    2705       44.4445               389               390
    2706       45.1247               389               390
    2707       44.8200               389               390
    2708       46.0920               389               390
    2709       45.5120               387               390
    2710       46.2094               375               390
    2711       46.2911               375               390
    2712       45.6370               387               391
    2713       46.2494               375               391
    2714       46.5315               375               390
    2715       46.9891               375               390
    2716       47.6114               375               390
    2717       46.9552               375               391
    2718       46.7820               375               391
    2719       47.2036               382               390
    2720       46.9405               375               391
    2721       46.2471               375               390
    2722       45.2849               387               391
    2723       45.8809               387               390
    2724       45.7235               387               390
    2725       45.9418               387               391
    2726       44.3303               387               390
    2727       44.4255               387               390
    2728       44.5855               387               390
    2729       46.3383               375               390
    2730       46.3028               375               390
    2731       45.7301               375               390
    2732       45.8978               384               390
    2733       45.1730               384               390
    2734       46.0555               384               391
    2735       47.0482               384               391
    2736       46.3943               384               390
    2737       45.6853               384               390
    2738       45.7535               384               390
    2739       45.3988               384               390
    2740       44.6640               384               390
    2741       44.8581               384               390
    2742       45.7221               384               390
    2743       46.1904               375               390
    2744       45.1265               384               390
    2745       46.6300               375               390
    2746       46.5647               384               385
    2747       46.0492               379               385
    2748       46.5660               376               385
    2749       46.4699               379               385
    2750       45.5381               379               390
    2751       46.4134               376               390
    2752       46.2958               375               390
    2753       46.6897               385               387
    2754       46.8118               376               385
    2755       47.2296               385               387
    2756       46.0738               385               387
    2757       45.8608               385               387
    2758       46.0709               379               385
    2759       47.1546               379               385
    2760       46.9533               385               387
    2761       46.9966               385               387
    2762       47.4552               375               385
    2763       47.4173               375               385
    2764       46.4608               385               389
    2765       46.3751               376               390
    2766       46.4433               376               390
    2767       46.6851               376               390
    2768       46.2573               379               385
    2769       47.0324               376               385
    2770       46.9931               380               387
    2771       46.7540               380               387
    2772       47.0057               376               390
    2773       46.9197               376               388
    2774       46.5654               376               390
    2775       46.7957               376               385
    2776       47.2160               376               385
    2777       47.1784               385               389
    2778       46.5792               379               390
    2779       46.6062               379               385
    2780       45.9281               379               385
    2781       46.1683               385               388
    2782       45.3565               388               390
    2783       45.5062               379               390
    2784       45.7806               388               390
    2785       45.7318               388               390
    2786       44.7720               389               390
    2787       45.0781               388               390
    2788       44.6345               389               390
    2789       44.2478               387               390
    2790       45.3825               389               390
    2791       46.5913               387               390
    2792       46.3780               389               390
    2793       46.2933               385               389
    2794       47.0781               388               390
    2795       47.3469               385               388
    2796       47.6810               379               384
    2797       46.8729               380               382
    2798       46.8870               380               389
    2799       46.5900               380               385
    2800       46.8340               380               385
    2801       47.2262               379               385
    2802       46.5073               380               385
    2803       46.8051               380               389
    2804       46.7812               380               389
    2805       46.9329               380               389
    2806       46.6381               380               385
    2807       46.4301               380               385
    2808       47.1653               376               385
    2809       46.6562               376               387
    2810       47.1607               376               385
    2811       46.5428               380               385
    2812       46.9669               380               389
    2813       46.2264               380               385
    2814       46.9797               380               385
    2815       47.0561               380               389
    2816       46.1601               380               385
    2817       47.1831               376               385
    2818       46.4602               376               387
    2819       46.0290               379               390
    2820       46.0226               379               390
    2821       46.8268               376               390
    2822       46.8172               376               385
    2823       47.1613               376               385
    2824       46.9640               380               385
    2825       46.1500               379               385
    2826       46.4822               380               385
    2827       46.7499               380               385
    2828       46.3653               379               385
    2829       46.7225               376               385
    2830       46.9157               380               390
    2831       46.6058               379               385
    2832       44.9588               379               390
    2833       46.0005               380               385
    2834       45.8962               379               390
    2835       45.9773               379               390
    2836       45.3103               389               390
    2837       45.4679               389               390
    2838       44.4998               389               390
    2839       44.6503               389               390
    2840       43.8354               389               390
    2841       45.2886               389               390
    2842       45.5991               387               390
    2843       44.0379               389               390
    2844       45.3929               389               390
    2845       46.0465               389               390
    2846       45.2599               389               390
    2847       44.4273               389               390
    2848       45.0330               389               390
    2849       44.8169               389               390
    2850       44.6500               389               390
    2851       45.1694               389               390
    2852       45.9471               389               390
    2853       46.2902               389               390
    2854       45.8239               389               390
    2855       45.2537               389               390
    2856       45.8346               389               390
    2857       46.9661               389               390
    2858       45.8664               389               390
    2859       45.8272               389               391
    2860       45.6929               389               391
    2861       45.8790               389               391
    2862       46.2812               389               391
    2863       46.7865               389               391
    2864       46.4744               389               390
    2865       45.6253               389               390
    2866       45.4537               389               391
    2867       46.2657               389               390
    2868       45.3057               389               390
    2869       45.7572               389               390
    2870       46.0455               389               390
    2871       45.5961               389               390
    2872       46.0203               389               391
    2873       45.5396               389               391
    2874       45.4471               389               391
    2875       46.0023               389               391
    2876       45.7824               389               390
    2877       46.0305               389               391
    2878       46.5002               389               391
    2879       46.5187               389               391
    2880       46.3800               389               391
    2881       46.0094               389               391
    2882       45.9222               389               391
    2883       46.1523               387               391
    2884       46.3761               387               391
    2885       46.3681               387               391
    2886       46.1090               387               391
    2887       44.7780               387               391
    2888       46.0115               387               391
    2889       45.3957               387               391
    2890       45.0513               389               391
    2891       45.8506               389               391
    2892       45.5414               389               391
    2893       46.2990               389               391
    2894       45.0896               389               390
    2895       45.5447               389               391
    2896       45.8147               389               390
    2897       46.6499               389               391
    2898       45.2239               389               390
    2899       44.8141               389               390
    2900       45.2077               387               390
    2901       44.7065               389               390
    2902       44.0223               388               390
    2903       44.1356               389               390
    2904       45.7537               389               390
    2905       45.9734               389               390
    2906       45.4794               389               390
    2907       46.0425               389               390
    2908       43.3935               389               390
    2909       44.9575               387               390
    2910       44.8853               387               390
    2911       44.9973               387               390
    2912       45.5778               387               391
    2913       45.6697               389               390
    2914       45.5126               387               390
    2915       46.3176               378               387
    2916       46.2431               388               391
    2917       46.4578               389               390
    2918       46.0437               389               390
    2919       46.6481               388               391
    2920       46.5300               389               390
    2921       46.7065               388               390
    2922       46.2281               388               391
    2923       46.3465               377               383
    2924       45.9218               383               385
    2925       45.6249               377               383
    2926       45.8595               383               385
    2927       46.0069               388               391
    2928       45.7896               383               385
    2929       45.4777               383               385
    2930       46.2486               388               390
    2931       46.0612               388               391
    2932       45.9639               388               391
    2933       45.8862               388               390
    2934       46.4454               388               391
    2935       45.9989               389               390
    2936       45.7981               389               390
    2937       46.0027               388               391
    2938       46.6273               388               391
    2939       45.9381               389               390
    2940       45.1152               389               390
    2941       46.7315               388               391
    2942       46.6400               388               391
    2943       45.8730               388               391
    2944       46.8559               388               391
    2945       45.9444               388               391
    2946       46.8458               388               390
    2947       47.1083               388               391
    2948       47.3248               388               391
    2949       46.7405               377               383
    2950       46.8559               389               390
    2951       45.8095               389               390
    2952       46.4378               389               390
    2953       47.0447               388               390
    2954       46.5028               388               391
    2955       47.3971               389               390
    2956       46.4263               388               391
    2957       47.0073               388               390
    2958       46.0161               388               391
    2959       46.2359               388               391
    2960       47.1632               389               390
    2961       46.5917               388               390
    2962       45.4788               388               391
    2963       46.4253               388               391
    2964       45.5644               388               391
    2965       45.3509               388               391
    2966       46.1514               388               390
    2967       45.7721               388               390
    2968       45.6054               388               390
    2969       46.0981               388               390
    2970       46.1046               388               390
    2971       46.3915               375               386
    2972       46.3754               375               386
    2973       46.2672               375               386
    2974       46.4930               375               386
    2975       46.7865               375               386
    2976       46.9561               375               386
    2977       47.1166               375               386
    2978       46.7239               375               386
    2979       46.2477               386               388
    2980       45.9710               386               388
    2981       47.6215               377               382
    2982       46.6913               382               387
    2983       47.1169               375               386
    2984       47.3372               382               384
    2985       46.9192               384               386
    2986       46.5938               384               386
    2987       45.9137               375               386
    2988       45.9940               386               387
    2989       46.6896               375               386
    2990       46.7626               384               386
    2991       45.8769               375               386
    2992       46.9276               384               386
    2993       46.6334               384               386
    2994       47.5169               384               386
    2995       46.3689               384               386
    2996       46.8278               375               386
    2997       45.8571               384               386
    2998       46.4586               384               386
    2999       45.3036               384               386
    3000       44.7675               386               388
    3001       43.9496               386               387
    3002       44.0567               386               388
    3003       44.7242               386               388
    3004       44.8677               386               387
    3005       44.7198               386               387
    3006       44.5174               388               390
    3007       44.3809               384               386
    3008       44.8113               384               386
    3009       44.9367               384               386
    3010       44.9371               384               386
    3011       44.9538               384               386
    3012       44.5394               384               386
    3013       44.5338               384               386
    3014       46.0565               384               386
    3015       45.8894               375               386
    3016       46.7632               375               390
    3017       45.4186               386               387
    3018       46.3529               387               390
    3019       45.8357               375               386
    3020       45.5986               387               390
    3021       45.4004               388               390
    3022       45.9255               387               390
    3023       44.4101               387               390
    3024       43.9404               386               387
    3025       42.6020               386               388
    3026       43.2132               386               388
    3027       42.4136               386               388
    3028       42.9839               388               390
    3029       42.6893               386               388
    3030       43.3892               386               387
    3031       43.9463               386               387
    3032       44.4484               386               387
    3033       43.3102               386               387
    3034       43.2197               386               388
    3035       43.8177               386               387
    3036       44.3510               384               386
    3037       44.3002               384               386
    3038       45.2085               387               390
    3039       45.0554               386               387
    3040       45.8578               387               390
    3041       46.8552               386               387
    3042       46.4000               381               387
    3043       46.7879               375               386
    3044       45.7157               386               387
    3045       44.4848               384               386
    3046       45.7178               375               386
    3047       44.4414               384               386
    3048       44.2529               384               386
    3049       43.6465               386               388
    3050       44.1130               384               386
    3051       44.1477               384               386
    3052       43.7949               384               386
    3053       43.7248               386               388
    3054       44.0643               384               386
    3055       44.3040               384               386
    3056       43.4910               386               388
    3057       42.8803               386               388
    3058       42.5260               386               388
    3059       43.5708               383               386
    3060       43.7187               384               386
    3061       42.6675               386               388
    3062       42.8348               386               388
    3063       43.0891               386               388
    3064       42.9030               386               388
    3065       44.3902               386               388
    3066       43.1456               386               388
    3067       42.3723               386               388
    3068       42.5443               386               387
    3069       42.4354               386               389
    3070       42.1569               386               389
    3071       43.6027               386               389
    3072       43.7538               386               389
    3073       44.4534               386               388
    3074       43.2059               389               390
    3075       41.9831               389               390
    3076       42.4001               389               390
    3077       43.3828               389               390
    3078       43.2835               386               389
    3079       43.7348               388               390
    3080       43.8888               388               390
    3081       43.3223               389               390
    3082       42.6416               386               389
    3083       42.4105               386               389
    3084       42.1266               389               390
    3085       43.0619               386               389
    3086       43.3968               386               388
    3087       43.8291               384               386
    3088       43.7444               386               389
    3089       44.2033               384               386
    3090       44.2453               386               388
    3091       44.9074               386               388
    3092       44.6662               384               386
    3093       44.7343               384               386
    3094       45.2363               384               385
    3095       45.8793               384               386
    3096       45.7397               382               384
    3097       44.6742               384               386
    3098       44.5919               384               386
    3099       46.4005               375               386
    3100       46.1349               375               386
    3101       45.4740               384               386
    3102       47.4644               384               386
    3103       47.8221               375               379
    3104       46.7892               384               386
    3105       45.6499               384               386
    3106       46.0291               384               386
    3107       46.7263               384               386
    3108       47.0079               382               384
    3109       47.0275               382               384
    3110       46.3879               375               386
    3111       45.9331               386               388
    3112       46.9230               375               386
    3113       45.6092               384               386
    3114       44.8764               386               389
    3115       44.3244               384               386
    3116       44.1753               384               386
    3117       44.3275               384               386
    3118       43.8375               384               386
    3119       42.9415               386               388
    3120       44.2054               384               386
    3121       44.2673               386               387
    3122       42.6919               386               388
    3123       43.7889               386               388
    3124       43.2276               386               388
    3125       43.2150               389               390
    3126       43.6646               386               388
    3127       43.0523               386               389
    3128       42.9321               386               389
    3129       43.9251               388               390
    3130       43.7815               386               389
    3131       43.3553               386               389
    3132       44.0059               386               388
    3133       44.6516               386               388
    3134       44.6571               386               388
    3135       45.8629               386               388
    3136       45.6121               386               388
    3137       44.9357               386               388
    3138       45.2524               384               386
    3139       44.5367               384               386
    3140       45.3154               384               386
    3141       43.9723               384               386
    3142       44.6413               384               386
    3143       44.7105               384               386
    3144       44.9468               386               388
    3145       44.4633               386               388
    3146       44.1141               386               388
    3147       43.9926               386               389
    3148       44.5737               384               386
    3149       44.7290               384               386
    3150       44.2329               386               389
    3151       44.5165               384               386
    3152       44.7148               386               388
    3153       43.6069               386               389
    3154       43.9576               386               389
    3155       44.1363               386               389
    3156       45.8293               386               388
    3157       46.0114               384               386
    3158       46.1354               389               391
    3159       45.7887               389               391
    3160       46.1298               389               391
    3161       46.2774               389               391
    3162       46.3846               389               391
    3163       46.1105               389               390
    3164       46.4408               389               390
    3165       45.9392               389               390
    3166       46.3014               377               383
    3167       46.0312               389               390
    3168       45.4653               383               391
    3169       45.3641               389               390
    3170       46.0287               389               390
    3171       45.9079               389               391
    3172       46.7250               389               390
    3173       46.2772               389               390
    3174       46.0366               389               390
    3175       46.2647               389               390
    3176       46.2829               377               383
    3177       46.4886               377               383
    3178       46.2770               389               390
    3179       46.0256               383               385
    3180       45.8644               383               385
    3181       45.8883               383               385
    3182       46.2109               389               391
    3183       45.6342               383               385
    3184       45.6229               383               385
    3185       45.7875               377               383
    3186       46.3090               377               383
    3187       46.4248               377               383
    3188       45.8943               383               391
    3189       46.4963               383               391
    3190       46.6509               386               389
    3191       46.6037               383               391
    3192       45.9730               383               391
    3193       46.6686               383               385
    3194       46.0843               383               385
    3195       44.9667               383               385
    3196       46.2656               389               391
    3197       46.3778               389               391
    3198       46.4473               386               389
    3199       46.5212               389               391
    3200       45.9221               389               390
    3201       46.4508               383               390
    3202       46.4836               383               390
    3203       46.0658               389               390
    3204       46.5489               389               390
    3205       46.1683               389               390
    3206       46.7065               387               390
    3207       46.1224               389               391
    3208       46.1750               389               391
    3209       46.6134               389               391
    3210       45.9199               389               391
    3211       46.3972               389               391
    3212       46.4570               389               391
    3213       46.3438               389               390
    3214       46.9047               383               391
    3215       46.5807               387               391
    3216       46.4347               378               389
    3217       47.0086               378               385
    3218       46.1701               389               391
    3219       45.7440               389               391
    3220       46.0983               389               391
    3221       45.6278               389               391
    3222       45.6897               389               391
    3223       46.3881               389               391
    3224       46.0134               389               391
    3225       45.7788               389               390
    3226       46.5124               389               390
    3227       45.5265               389               390
    3228       46.1864               389               391
    3229       46.3284               389               390
    3230       46.4466               389               390
    3231       46.7771               389               390
    3232       46.2888               389               390
    3233       46.3985               389               390
    3234       46.0737               389               390
    3235       46.0188               389               391
    3236       46.2576               376               387
    3237       45.7081               385               387
    3238       45.3504               385               387
    3239       45.6090               385               387
    3240       45.6891               385               387
    3241       43.4915               385               387
    3242       44.0159               385               387
    3243       44.3613               385               389
    3244       44.4087               385               387
    3245       44.3181               385               388
    3246       45.4720               377               387
    3247       45.1894               385               387
    3248       45.2952               385               388
    3249       45.1526               385               388
    3250       45.9248               377               387
    3251       46.3097               389               391
    3252       45.4655               377               387
    3253       46.5639               377               388
    3254       46.8847               385               387
    3255       46.2281               377               387
    3256       45.7834               385               387
    3257       46.1319               377               387
    3258       45.8759               377               387
    3259       45.9695               389               391
    3260       45.4505               385               387
    3261       45.8917               389               390
    3262       46.0323               389               390
    3263       46.3011               385               387
    3264       45.2710               385               387
    3265       46.1985               389               390
    3266       46.1215               389               390
    3267       46.5840               376               387
    3268       46.2434               383               386
    3269       45.8799               383               386
    3270       45.5841               385               387
    3271       46.1113               389               390
    3272       46.0291               389               390
    3273       46.2495               383               385
    3274       45.0828               385               387
    3275       45.3244               385               387
    3276       45.7537               385               387
    3277       46.4991               389               390
    3278       45.6682               389               390
    3279       45.4025               389               390
    3280       46.0636               389               390
    3281       46.5032               389               391
    3282       46.4771               389               390
    3283       46.3421               389               390
    3284       46.7954               389               391
    3285       46.3300               389               391
    3286       46.0231               389               391
    3287       46.7634               389               390
    3288       46.5281               385               387
    3289       46.8018               389               391
    3290       45.8174               385               387
    3291       46.1139               389               391
    3292       46.8366               389               391
    3293       45.9357               389               391
    3294       46.0110               389               391
    3295       46.2749               389               391
    3296       46.7664               385               387
    3297       45.7533               386               387
    3298       44.8160               386               387
    3299       45.1887               386               387
    3300       44.9967               385               387
    3301       43.3991               386               387
    3302       44.6391               386               387
    3303       44.2564               386               387
    3304       44.7372               386               387
    3305       43.8952               386               387
    3306       44.6951               386               387
    3307       44.2701               383               386
    3308       44.2280               386               387
    3309       44.8881               383               386
    3310       45.0237               386               387
    3311       45.5996               383               386
    3312       44.5950               386               387
    3313       45.9662               383               386
    3314       46.2144               389               390
    3315       44.8550               386               387
    3316       44.8370               383               386
    3317       44.5540               383               386
    3318       45.3062               383               386
    3319       45.6699               386               387
    3320       44.9468               383               386
    3321       44.5049               383               386
    3322       44.7878               383               386
    3323       44.3226               383               386
    3324       44.6181               383               386
    3325       44.3507               383               386
    3326       44.4299               383               386
    3327       45.1544               383               386
    3328       45.2532               383               386
    3329       45.5876               375               386
    3330       45.6339               383               386
    3331       45.5520               375               386
    3332       44.9218               383               386
    3333       45.1993               383               386
    3334       45.6645               389               390
    3335       45.9812               386               387
    3336       45.7470               385               387
    3337       46.4197               389               391
    3338       45.5695               385               389
    3339       45.4134               385               387
    3340       45.2408               385               387
    3341       45.1102               385               387
    3342       44.9384               385               387
    3343       45.7301               385               387
    3344       46.0019               385               387
    3345       45.8066               385               387
    3346       45.5511               385               387
    3347       46.0760               382               387
    3348       46.0229               385               387
    3349       45.5372               385               387
    3350       46.2371               389               390
    3351       46.1884               385               387
    3352       45.3521               377               387
    3353       45.5222               385               387
    3354       45.4498               385               387
    3355       45.3380               385               387
    3356       45.5644               386               387
    3357       45.4797               386               387
    3358       45.6513               382               387
    3359       45.1146               386               387
    3360       46.0386               386               387
    3361       45.4677               386               387
    3362       46.3549               382               388
    3363       45.9064               386               387
    3364       45.1485               381               387
    3365       44.6666               386               387
    3366       43.8860               387               391
    3367       42.8233               386               387
    3368       42.9627               386               387
    3369       44.7770               386               387
    3370       44.4696               386               387
    3371       44.3245               386               387
    3372       44.3700               386               387
    3373       44.4342               386               387
    3374       44.9217               386               387
    3375       45.2024               382               387
    3376       45.9461               382               387
    3377       45.4072               386               387
    3378       45.5828               381               387
    3379       45.5689               382               387
    3380       43.8076               386               387
    3381       44.8580               381               387
    3382       44.9844               381               387
    3383       45.3446               386               387
    3384       44.4132               386               387
    3385       43.5953               386               387
    3386       42.9962               386               387
    3387       44.8315               386               387
    3388       42.8349               386               387
    3389       43.0698               386               387
    3390       43.0901               386               387
    3391       44.1314               386               387
    3392       43.5822               386               387
    3393       45.6248               386               387
    3394       44.4299               383               386
    3395       45.4050               383               386
    3396       46.1933               389               390
    3397       46.3059               385               389
    3398       45.5570               385               389
    3399       45.6355               385               387
    3400       45.2221               386               389
    3401       46.6404               383               385
    3402       45.4670               385               387
    3403       44.4553               385               389
    3404       45.4170               385               389
    3405       45.0115               386               387
    3406       44.3390               385               389
    3407       43.8734               386               389
    3408       43.5383               386               389
    3409       44.3991               385               389
    3410       44.1904               385               389
    3411       44.9420               386               389
    3412       44.6789               385               389
    3413       45.4990               385               387
    3414       44.7050               385               387
    3415       45.4784               383               385
    3416       46.3278               383               385
    3417       45.9213               385               387
    3418       46.5934               389               391
    3419       46.3845               385               387
    3420       46.0825               383               386
    3421       45.3494               386               387
    3422       46.2159               383               385
    3423       45.6422               383               385
    3424       46.3821               389               390
    3425       45.9866               383               386
    3426       46.1673               389               390
    3427       46.3761               385               387
    3428       46.1661               386               387
    3429       45.1233               385               387
    3430       44.8882               386               387
    3431       45.3622               383               386
    3432       44.7344               383               386
    3433       44.5901               386               389
    3434       43.9522               386               389
    3435       43.7459               386               389
    3436       43.4111               386               389
    3437       44.0847               386               389
    3438       44.0397               383               386
    3439       43.7242               386               389
    3440       44.3784               383               386
    3441       44.8809               383               386
    3442       45.6552               383               386
    3443       44.8589               383               386
    3444       45.0442               383               386
    3445       45.8328               389               391
    3446       46.2248               389               390
    3447       45.9192               389               390
    3448       46.2602               389               391
    3449       45.9602               389               391
    3450       45.9076               389               391
    3451       46.4557               389               390
    3452       45.2569               375               386
    3453       44.0097               383               386
    3454       44.1474               383               386
    3455       44.6357               383               386
    3456       45.2290               383               386
    3457       44.4209               383               386
    3458       44.1594               383               386
    3459       44.8590               383               386
    3460       43.7190               384               391
    3461       44.1732               384               391
    3462       43.1902               389               391
    3463       44.2015               384               390
    3464       43.6225               383               391
    3465       44.2052               383               386
    3466       44.6535               383               386
    3467       44.5322               383               386
    3468       44.2451               383               391
    3469       43.9634               383               386
    3470       43.8117               383               386
    3471       44.7582               383               386
    3472       45.3932               383               386
    3473       44.4258               383               386
    3474       46.2979               389               390
    3475       45.6123               383               386
    3476       46.5885               375               386
    3477       46.2701               385               387
    3478       44.5341               383               386
    3479       44.2664               386               387
    3480       45.2468               384               386
    3481       45.5539               383               391
    3482       46.0908               384               391
    3483       45.6798               384               391
    3484       45.8572               376               391
    3485       46.2294               387               390
    3486       45.8355               384               391
    3487       46.1925               376               391
    3488       46.0453               376               391
    3489       46.5379               387               390
    3490       45.6367               384               391
    3491       46.2546               384               391
    3492       46.0297               376               391
    3493       46.4340               384               391
    3494       45.9646               376               391
    3495       45.9925               376               391
    3496       45.9257               384               391
    3497       45.4206               384               391
    3498       45.4765               384               391
    3499       45.4612               384               386
    3500       44.9019               384               391
    3501       44.8002               384               391
    3502       44.1686               383               391
    3503       45.1717               384               391
    3504       45.1245               384               391
    3505       45.2831               384               386
    3506       44.5874               383               386
    3507       44.8800               386               388
    3508       45.5783               386               388
    3509       44.6168               383               390
    3510       46.5792               375               390
    3511       45.9382               383               386
    3512       46.0834               375               386
    3513       46.2778               383               386
    3514       45.1452               383               386
    3515       45.7504               383               386
    3516       46.2599               375               386
    3517       45.2052               383               386
    3518       47.0731               386               387
    3519       46.8881               376               391
    3520       46.8326               386               387
    3521       46.9232               377               389
    3522       46.9890               375               388
    3523       47.0775               375               391
    3524       46.7004               375               391
    3525       46.8247               385               387
    3526       46.6328               383               386
    3527       46.5965               375               391
    3528       45.7877               384               386
    3529       46.2229               375               391
    3530       45.7876               384               391
    3531       45.8197               384               391
    3532       45.6334               383               391
    3533       45.7175               384               391
    3534       45.9824               384               391
    3535       46.9620               376               391
    3536       46.7317               376               391
    3537       47.2264               376               391
    3538       47.2651               386               389
    3539       47.1311               382               390
    3540       45.9930               388               390
    3541       46.6666               388               390
    3542       46.3189               386               389
    3543       46.6839               386               389
    3544       46.7352               386               389
    3545       46.6720               386               389
    3546       46.5487               386               389
    3547       46.4965               386               389
    3548       46.4583               389               391
    3549       47.0366               389               390
    3550       46.2415               389               391
    3551       46.5970               386               389
    3552       46.7861               386               389
    3553       46.1658               389               391
    3554       45.5897               389               390
    3555       46.1036               389               391
    3556       46.4114               389               390
    3557       46.7187               386               389
    3558       46.2161               389               390
    3559       45.9357               389               390
    3560       46.5092               389               390
    3561       46.4125               386               389
    3562       46.5837               386               389
    3563       46.5235               385               389
    3564       46.7760               385               389
    3565       45.8226               389               391
    3566       46.4258               389               390
    3567       46.3017               389               390
    3568       45.8134               389               390
    3569       45.6381               389               391
    3570       45.7249               389               390
    3571       45.8752               389               390
    3572       46.2448               389               391
    3573       46.3076               389               390
    3574       46.0542               389               390
    3575       45.7744               389               391
    3576       46.3687               389               391
    3577       45.9019               389               390
    3578       46.3077               389               390
    3579       45.7416               389               390
    3580       46.1056               389               390
    3581       45.7428               389               390
    3582       45.9571               389               390
    3583       46.2460               389               390
    3584       46.3259               385               389
    3585       45.9028               389               390
    3586       45.9263               389               390
    3587       46.2877               389               390
    3588       46.0306               389               390
    3589       45.8997               389               390
    3590       46.2197               389               390
    3591       46.3385               389               390
    3592       45.8704               389               390
    3593       46.1142               389               390
    3594       46.0217               389               390
    3595       45.5477               389               390
    3596       46.0686               389               391
    3597       46.4479               389               390
    3598       46.2798               389               391
    3599       46.2661               389               390
    3600       46.0142               389               390
    3601       46.2687               389               390
    3602       45.2861               389               390
    3603       46.4549               386               389
    3604       45.5047               389               391
    3605       46.2331               389               390
    3606       46.2499               387               390
    3607       46.3258               387               390
    3608       45.8696               387               390
    3609       46.2073               387               390
    3610       46.2146               387               390
    3611       46.0181               387               390
    3612       46.1946               385               387
    3613       46.8185               386               387
    3614       46.5218               386               389
    3615       46.7527               385               389
    3616       46.5334               385               389
    3617       46.4271               386               389
    3618       46.4264               385               389
    3619       46.3890               389               390
    3620       46.1287               389               390
    3621       46.5367               385               389
    3622       46.1814               385               389
    3623       46.2522               389               390
    3624       46.2091               389               390
    3625       45.9661               389               390
    3626       46.2364               385               389
    3627       46.4955               385               389
    3628       46.7333               389               390
    3629       45.8259               389               390
    3630       46.4111               389               390
    3631       46.2772               385               389
    3632       46.4605               385               389
    3633       46.1198               389               390
    3634       46.9779               385               389
    3635       47.2421               375               388
    3636       47.0416               375               386
    3637       46.7440               385               389
    3638       47.3021               375               386
    3639       46.4846               375               386
    3640       47.2090               375               386
    3641       47.1612               375               387
    3642       46.7887               375               386
    3643       46.9503               375               386
    3644       46.6999               375               386
    3645       46.4541               384               391
    3646       46.2858               375               386
    3647       46.8278               375               386
    3648       46.7412               375               386
    3649       47.2104               375               386
    3650       46.7445               375               386
    3651       47.2825               375               386
    3652       46.9758               375               386
    3653       46.6828               375               386
    3654       47.3179               375               386
    3655       47.0329               375               388
    3656       47.2986               375               386
    3657       46.8344               375               386
    3658       46.7870               385               389
    3659       46.6284               385               389
    3660       46.8499               375               386
    3661       47.0025               375               386
    3662       47.2802               385               389
    3663       47.1478               385               389
    3664       46.7270               375               388
    3665       46.8079               375               386
    3666       47.0568               375               391
    3667       46.5106               375               391
    3668       47.4328               383               386
    3669       47.1777               382               383
    3670       47.5001               375               386
    3671       46.2481               383               386
    3672       46.0423               383               386
    3673       46.6652               383               386
    3674       46.9745               375               386
    3675       45.8292               383               386
    3676       44.8000               383               386
    3677       46.6953               383               386
    3678       47.1118               383               386
    3679       47.1755               380               386
    3680       47.5151               380               382
    3681       46.7729               382               383
    3682       46.8720               383               386
    3683       46.7900               382               383
    3684       45.7887               386               387
    3685       46.1610               383               386
    3686       46.4952               382               387
    3687       46.6317               383               385
    3688       46.0996               383               386
    3689       45.4182               383               386
    3690       46.2666               383               386
    3691       46.6916               382               383
    3692       47.0341               382               383
    3693       47.6322               378               382
    3694       46.5501               375               386
    3695       45.5867               383               386
    3696       46.8813               375               386
    3697       46.0558               375               386
    3698       46.4622               375               386
    3699       45.8237               383               386
    3700       46.4183               375               386
    3701       46.2657               375               386
    3702       46.9469               375               386
    3703       47.2805               382               383
    3704       46.5196               386               387
    3705       47.1481               382               383
    3706       45.8926               385               387
    3707       47.6973               382               387
    3708       46.0878               383               386
    3709       46.0287               382               387
    3710       45.7034               386               389
    3711       45.8523               385               387
    3712       46.3977               383               386
    3713       46.4448               375               386
    3714       46.2767               383               386
    3715       45.8831               375               386
    3716       46.6711               375               386
    3717       47.0199               375               386
    3718       47.6811               375               386
    3719       45.5987               383               386
    3720       47.2413               375               386
    3721       46.9235               389               391
    3722       46.0605               383               386
    3723       47.4399               382               383
    3724       46.4734               382               389
    3725       46.0302               382               387
    3726       47.2332               382               383
    3727       47.4428               382               387
    3728       47.3915               382               387
    3729       46.8711               389               390
    3730       46.8326               382               387
    3731       47.0983               382               383
    3732       46.7415               383               385
    3733       46.3633               383               386
    3734       47.1173               382               387
    3735       46.1542               375               386
    3736       46.8238               383               386
    3737       45.8132               383               386
    3738       46.1054               375               386
    3739       45.5169               383               386
    3740       45.9310               375               386
    3741       46.2030               375               386
    3742       45.6508               383               386
    3743       45.3409               383               386
    3744       45.5788               383               386
    3745       44.8205               383               391
    3746       45.3646               383               391
    3747       45.4817               383               386
    3748       44.8767               383               386
    3749       44.9610               383               386
    3750       45.4990               383               386
    3751       45.8592               383               386
    3752       44.9881               383               386
    3753       44.9817               383               386
    3754       44.6391               383               386
    3755       45.9033               375               386
    3756       44.5107               383               386
    3757       44.3710               383               386
    3758       44.6991               383               386
    3759       44.3520               386               389
    3760       44.1234               386               389
    3761       43.8618               383               386
    3762       43.9314               386               389
    3763       44.7231               383               386
    3764       44.3823               383               386
    3765       44.6797               383               386
    3766       45.1026               383               386
    3767       44.9254               383               386
    3768       44.8968               383               386
    3769       44.5851               383               386
    3770       45.7636               383               386
    3771       45.5637               383               386
    3772       45.2637               383               386
    3773       45.7950               383               386
    3774       45.1039               383               386
    3775       44.9711               383               386
    3776       45.3081               383               386
    3777       45.3243               383               386
    3778       45.5268               383               386
    3779       45.7581               383               386
    3780       45.9279               375               386
    3781       45.1001               383               386
    3782       45.7003               383               386
    3783       45.5689               383               386
    3784       45.8397               383               386
    3785       45.4574               383               386
    3786       46.5454               375               386
    3787       45.9137               375               386
    3788       45.7110               383               386
    3789       45.1700               383               386
    3790       45.6096               375               386
    3791       45.2269               383               386
    3792       45.2122               383               386
    3793       45.0880               383               386
    3794       45.8711               383               386
    3795       46.0139               383               386
    3796       44.8468               383               386
    3797       45.2978               383               386
    3798       46.1369               375               386
    3799       45.8731               375               386
    3800       46.1866               375               386
    3801       46.9743               375               386
    3802       46.3019               383               386
    3803       45.6482               383               386
    3804       45.7837               383               386
    3805       45.9291               383               386
    3806       46.2873               383               386
    3807       45.3812               383               386
    3808       46.3424               383               386
    3809       46.4365               375               386
    3810       46.4019               375               386
    3811       46.1931               375               386
    3812       46.4432               375               386
    3813       46.1769               375               386
    3814       46.4476               375               386
    3815       45.9400               383               386
    3816       46.1190               375               386
    3817       45.9991               375               386
    3818       47.5338               378               386
    3819       46.4686               375               386
    3820       46.8356               375               386
    3821       46.5544               383               386
    3822       47.1896               375               386
    3823       47.0795               375               388
    3824       46.5683               375               386
    3825       47.0034               375               386
    3826       47.5424               378               386
    3827       47.2322               375               388
    3828       47.3357               375               388
    3829       47.3940               385               389
    3830       46.9760               375               386
    3831       46.9388               375               388
    3832       46.8983               375               388
    3833       46.7987               385               389
    3834       46.6442               385               389
    3835       46.9917               385               389
    3836       46.6735               375               388
    3837       46.6132               388               390
    3838       46.6640               378               388
    3839       47.3137               375               388
    3840       46.6519               375               388
    3841       46.8292               375               388
    3842       46.7675               388               390
    3843       46.9775               375               388
    3844       46.9575               375               388
    3845       47.0058               375               388
    3846       47.1619               385               389
    3847       47.0271               378               388
    3848       47.1408               385               389
    3849       47.5032               385               387
    3850       47.5817               378               388
    3851       47.8124               385               391
    3852       47.7775               382               390
    3853       47.7929               378               384
    3854       46.4193               379               391
    3855       46.3822               379               391
    3856       46.6497               379               391
    3857       45.3323               379               390
    3858       46.1261               380               390
    3859       46.2599               380               390
    3860       45.8830               387               390
    3861       45.0045               387               390
    3862       45.4896               379               390
    3863       45.2118               379               390
    3864       45.8237               387               390
    3865       45.5719               379               391
    3866       46.5818               379               391
    3867       45.4274               379               391
    3868       45.5580               387               390
    3869       45.2522               387               390
    3870       45.1211               387               390
    3871       45.7291               387               390
    3872       45.8685               380               390
    3873       46.1368               379               390
    3874       45.5406               387               390
    3875       46.4298               387               390
    3876       45.1468               379               390
    3877       45.2184               387               391
    3878       45.1508               388               390
    3879       45.3850               387               390
    3880       44.9406               379               390
    3881       45.5874               387               390
    3882       45.1525               379               390
    3883       45.1603               379               390
    3884       46.0426               379               390
    3885       46.0502               376               390
    3886       46.3492               376               390
    3887       46.5771               376               390
    3888       46.7931               376               391
    3889       46.5029               376               391
    3890       46.7809               376               389
    3891       47.3164               376               391
    3892       47.7317               375               386
    3893       47.4322               375               386
    3894       47.4060               382               391
    3895       46.9691               382               389
    3896       46.5856               376               391
    3897       46.6765               376               389
    3898       46.9329               376               391
    3899       47.1006               376               389
    3900       46.5435               376               391
    3901       46.0696               376               391
    3902       47.1876               382               391
    3903       47.3016               382               390
    3904       46.1419               382               389
    3905       46.8154               388               390
    3906       46.7600               388               390
    3907       46.9098               376               389
    3908       46.2819               376               389
    3909       47.2617               382               391
    3910       46.7341               376               389
    3911       46.8219               376               389
    3912       46.5628               376               389
    3913       45.9521               376               389
    3914       46.6702               388               390
    3915       46.5551               376               391
    3916       47.3629               376               391
    3917       46.1819               376               389
    3918       45.8332               376               389
    3919       46.4705               376               389
    3920       46.8926               376               389
    3921       47.1915               382               390
    3922       46.9156               382               390
    3923       47.4192               385               389
    3924       46.8934               388               390
    3925       46.2107               376               389
    3926       46.4968               376               389
    3927       45.6816               376               389
    3928       46.2445               376               389
    3929       46.5936               376               389
    3930       45.8338               382               389
    3931       46.3632               376               389
    3932       46.0491               376               389
    3933       45.8045               376               391
    3934       46.1558               376               389
    3935       46.1800               376               389
    3936       46.2931               376               389
    3937       46.8128               376               391
    3938       47.2842               385               389
    3939       46.8802               382               384
    3940       47.0665               382               384
    3941       47.0342               382               384
    3942       47.2271               385               388
    3943       47.2665               385               388
    3944       47.1233               376               389
    3945       47.3143               388               390
    3946       46.6613               376               390
    3947       46.5201               376               391
    3948       46.5084               376               391
    3949       45.8969               376               391
    3950       47.1605               376               391
    3951       47.0050               376               391
    3952       46.1539               376               391
    3953       47.3158               382               391
    3954       46.2036               376               391
    3955       46.7841               376               391
    3956       46.8580               382               390
    3957       45.9782               376               390
    3958       45.6018               376               391
    3959       46.6639               376               391
    3960       46.9349               376               389
    3961       46.9802               388               390
    3962       47.3791               385               388
    3963       47.2057               380               390
    3964       47.5891               375               387
    3965       45.9950               376               391
    3966       45.3641               379               390
    3967       45.2504               379               391
    3968       46.2476               376               391
    3969       46.6379               376               390
    3970       45.9415               376               390
    3971       45.7295               376               390
    3972       46.0746               376               390
    3973       46.5573               389               391
    3974       45.7988               389               391
    3975       45.6370               389               390
    3976       46.4575               389               391
    3977       45.4649               389               390
    3978       46.4055               389               391
    3979       45.7865               389               391
    3980       45.9742               389               391
    3981       47.0101               376               390
    3982       46.4182               389               391
    3983       45.8231               384               390
    3984       46.2237               376               390
    3985       46.0010               389               391
    3986       45.8383               389               391
    3987       46.1827               389               391
    3988       46.3008               389               391
    3989       46.2955               389               391
    3990       46.4529               388               391
    3991       46.1582               389               391
    3992       46.4366               388               391
    3993       46.5965               381               383
    3994       47.1049               389               391
    3995       46.1209               389               390
    3996       45.5791               389               391
    3997       46.2433               389               390
    3998       45.7979               389               390
    3999       46.2515               389               390
    4000       46.5875               381               383
    4001       46.4775               381               384
    4002       46.5270               388               390
    4003       45.9417               389               390
    4004       45.7738               383               391
    4005       46.0610               389               390
    4006       46.3552               389               390
    4007       45.8942               384               391
    4008       45.6269               384               391
    4009       46.2655               376               391
    4010       46.2174               389               390
    4011       45.9862               384               391
    4012       44.6936               384               391
    4013       45.3728               384               391
    4014       45.5897               384               391
    4015       45.9469               384               391
    4016       45.3835               384               391
    4017       46.1847               384               391
    4018       45.5756               384               391
    4019       46.1401               376               391
    4020       45.6597               384               391
    4021       45.2070               384               386
    4022       45.0330               383               391
    4023       44.9860               383               391
    4024       45.4980               375               391
    4025       45.4094               383               391
    4026       45.1706               375               391
    4027       45.8168               384               391
    4028       45.5723               384               391
    4029       45.6839               389               390
    4030       45.7700               384               386
    4031       45.4981               389               390
    4032       46.0320               381               383
    4033       45.5986               384               386
    4034       46.2821               381               384
    4035       45.7183               383               386
    4036       45.3350               383               386
    4037       46.2430               381               383
    4038       45.4904               389               390
    4039       45.9158               389               390
    4040       45.7364               389               391
    4041       46.4776               375               386
    4042       45.1891               384               386
    4043       45.2570               384               386
    4044       45.5563               381               384
    4045       46.4057               381               384
    4046       46.8089               389               391
    4047       46.3824               376               390
    4048       44.8084               384               390
    4049       45.5473               384               390
    4050       46.4662               376               390
    4051       46.0332               389               391
    4052       46.6009               389               391
    4053       46.1402               389               391
    4054       46.2291               389               391
    4055       46.4169               389               391
    4056       45.7796               389               391
    4057       45.8884               389               391
    4058       45.6532               389               391
    4059       46.0826               389               391
    4060       46.2104               389               390
    4061       46.0951               385               387
    4062       45.3611               386               387
    4063       43.8376               385               389
    4064       44.3588               385               389
    4065       45.2520               385               387
    4066       45.0838               385               387
    4067       44.5899               385               387
    4068       44.4474               385               387
    4069       44.7816               385               387
    4070       45.1472               385               387
    4071       45.7906               385               387
    4072       45.7066               385               387
    4073       46.7667               382               387
    4074       46.3008               389               390
    4075       46.5697               385               387
    4076       46.1054               386               387
    4077       46.4667               385               387
    4078       46.4023               389               391
    4079       46.2933               389               390
    4080       46.3863               389               391
    4081       45.8657               385               387
    4082       46.5559               385               387
    4083       45.7208               385               387
    4084       46.4145               382               387
    4085       46.2469               389               390
    4086       46.3760               389               391
    4087       45.6793               389               391
    4088       46.6375               386               389
    4089       46.2564               389               391
    4090       46.2258               389               391
    4091       46.6945               389               391
    4092       45.8673               389               391
    4093       46.5759               389               390
    4094       46.0305               389               390
    4095       46.3321               389               391
    4096       46.2971               389               391
    4097       47.1393               386               389
    4098       46.0317               389               390
    4099       47.0931               389               390
    4100       46.4521               389               390
    4101       47.6030               386               389
    4102       46.8572               382               387
    4103       47.2767               389               390
    4104       47.2278               389               390
    4105       47.2061               382               383
    4106       46.4196               389               390
    4107       47.0976               389               390
    4108       46.6063               389               391
    4109       47.5354               386               389
    4110       47.2034               389               390
    4111       46.4197               389               390
    4112       46.6482               389               391
    4113       46.1725               389               390
    4114       46.0452               389               391
    4115       45.6985               389               391
    4116       46.3475               389               391
    4117       46.3992               375               386
    4118       46.4279               375               386
    4119       46.3222               375               386
    4120       46.1046               375               386
    4121       46.9876               375               386
    4122       46.7533               375               386
    4123       46.8438               388               391
    4124       47.5047               389               390
    4125       47.5668               389               390
    4126       46.7435               389               390
    4127       46.6964               389               390
    4128       47.1661               375               386
    4129       46.8654               375               386
    4130       46.9676               389               391
    4131       46.8235               389               391
    4132       47.4346               375               388
    4133       47.4132               375               386
    4134       46.7989               375               386
    4135       47.1755               383               386
    4136       47.1059               389               390
    4137       47.0011               389               390
    4138       46.9814               375               386
    4139       46.7445               389               391
    4140       46.3434               389               391
    4141       46.5873               389               391
    4142       45.7005               389               391
    4143       45.2483               389               391
    4144       45.5366               389               391
    4145       45.9653               389               391
    4146       46.2722               389               391
    4147       46.1477               389               391
    4148       45.8569               389               391
    4149       46.2444               389               391
    4150       46.2142               389               391
    4151       45.7665               389               391
    4152       46.5011               389               391
    4153       46.2819               389               391
    4154       46.6770               388               390
    4155       46.2685               389               391
    4156       45.6217               389               391
    4157       45.5648               389               391
    4158       46.1756               382               383
    4159       46.0288               384               386
    4160       45.8750               389               391
    4161       46.4131               389               391
    4162       46.8786               389               391
    4163       45.9079               389               391
    4164       45.9149               388               391
    4165       46.3724               388               391
    4166       46.5268               388               391
    4167       46.0499               388               391
    4168       46.2664               388               391
    4169       45.7443               388               391
    4170       45.9499               388               391
    4171       46.1270               388               391
    4172       45.9696               388               391
    4173       46.5815               388               391
    4174       46.6265               388               391
    4175       46.2365               388               391
    4176       45.6619               388               391
    4177       46.0724               388               391
    4178       46.2611               388               391
    4179       46.3864               388               391
    4180       45.9756               388               391
    4181       46.3969               388               391
    4182       46.3411               388               391
    4183       45.7628               388               391
    4184       46.1772               388               391
    4185       46.1092               388               391
    4186       45.7412               388               391
    4187       45.8194               388               391
    4188       46.1246               388               391
    4189       46.0550               388               391
    4190       46.3714               388               391
    4191       46.1926               388               391
    4192       46.4986               388               391
    4193       46.2483               388               391
    4194       46.6058               388               391
    4195       46.4288               388               391
    4196       46.6777               388               391
    4197       46.6538               388               391
    4198       46.9603               388               391
    4199       46.1564               388               391
    4200       46.4709               388               391
    4201       45.9046               388               391
    4202       46.8287               382               384
    4203       45.8847               388               391
    4204       45.9035               388               391
    4205       46.7709               388               391
    4206       46.2176               389               391
    4207       46.4765               389               391
    4208       46.5320               389               391
    4209       46.1227               389               391
    4210       46.5729               389               391
    4211       46.2797               389               391
    4212       45.9100               389               391
    4213       45.5524               389               391
    4214       45.7424               389               391
    4215       46.2407               389               391
    4216       46.2135               389               391
    4217       46.6596               389               391
    4218       45.8511               389               391
    4219       46.3640               387               391
    4220       45.9480               389               391
    4221       46.1271               389               391
    4222       46.1457               389               391
    4223       46.1549               389               391
    4224       46.4076               389               391
    4225       46.9750               388               390
    4226       46.6561               389               391
    4227       46.2818               387               390
    4228       45.8745               387               390
    4229       46.5151               388               390
    4230       46.1154               388               390
    4231       47.0437               389               391
    4232       46.5774               389               391
    4233       46.2501               389               391
    4234       46.0714               389               391
    4235       46.1011               389               391
    4236       46.2126               389               391
    4237       45.9299               389               391
    4238       46.3609               389               391
    4239       45.7398               389               391
    4240       46.6515               380               390
    4241       46.5394               389               391
    4242       45.8449               387               390
    4243       46.7263               382               390
    4244       45.5100               388               390
    4245       45.6448               388               390
    4246       45.9412               389               391
    4247       46.8552               388               390
    4248       46.9948               378               390
    4249       46.2132               389               391
    4250       46.9994               389               391
    4251       46.1735               389               391
    4252       45.9878               378               389
    4253       45.2496               378               388
    4254       45.6323               378               388
    4255       44.8332               381               389
    4256       44.5300               381               389
    4257       43.9502               381               389
    4258       45.3825               384               386
    4259       45.6403               381               389
    4260       43.0736               386               389
    4261       44.1831               386               389
    4262       44.2627               386               389
    4263       43.1464               386               389
    4264       43.0833               386               389
    4265       43.4452               386               389
    4266       43.2224               386               389
    4267       43.2020               386               389
    4268       43.3840               386               389
    4269       42.2981               386               389
    4270       43.1948               386               389
    4271       43.4715               386               389
    4272       43.6310               386               389
    4273       43.2434               387               391
    4274       43.2357               386               389
    4275       42.3199               386               387
    4276       42.9492               389               391
    4277       44.7628               383               386
    4278       44.6492               383               386
    4279       43.1559               387               391
    4280       42.6251               387               391
    4281       44.1485               389               391
    4282       43.8950               389               391
    4283       42.4818               389               391
    4284       41.8616               387               391
    4285       42.2658               387               391
    4286       43.1063               387               391
    4287       42.3983               387               391
    4288       41.6874               387               391
    4289       41.5498               389               391
    4290       41.2424               389               391
    4291       42.1962               389               391
    4292       42.8809               389               391
    4293       41.9206               389               391
    4294       41.5128               389               391
    4295       41.7941               389               391
    4296       42.6935               389               391
    4297       42.4507               389               391
    4298       43.2002               386               387
    4299       43.3803               386               389
    4300       42.8303               386               389
    4301       43.2687               386               389
    4302       43.3033               389               391
    4303       43.5293               386               389
    4304       44.1996               383               391
    4305       43.9598               386               389
    4306       43.7564               386               389
    4307       41.7638               389               391
    4308       42.0953               389               391
    4309       41.4198               389               391
    4310       41.0584               389               391
    4311       42.0431               389               391
    4312       42.8683               387               391
    4313       44.4634               388               391
    4314       43.8973               388               391
    4315       43.1020               388               391
    4316       43.9192               388               391
    4317       43.9584               388               391
    4318       44.7159               388               391
    4319       43.6260               388               391
    4320       43.6553               381               388
    4321       43.4050               381               389
    4322       43.8119               381               389
    4323       43.7112               381               389
    4324       43.8234               381               389
    4325       44.9058               381               389
    4326       44.3472               381               389
    4327       45.3262               381               388
    4328       45.1550               388               391
    4329       43.7050               388               391
    4330       43.4612               388               391
    4331       43.1030               388               391
    4332       42.2135               389               391
    4333       42.4130               389               391
    4334       43.0355               389               391
    4335       42.8095               388               391
    4336       42.4469               389               391
    4337       42.2872               383               391
    4338       43.1690               383               391
    4339       42.8324               383               391
    4340       42.6916               383               391
    4341       43.0488               389               390
    4342       42.7514               389               391
    4343       43.1161               389               391
    4344       42.5434               389               391
    4345       42.8124               389               391
    4346       42.7475               389               391
    4347       42.3119               389               391
    4348       43.6306               389               391
    4349       42.6479               389               391
    4350       42.9461               389               391
    4351       43.5207               383               391
    4352       43.1394               389               391
    4353       43.3850               386               389
    4354       42.2935               389               391
    4355       43.1795               383               391
    4356       41.6517               389               391
    4357       42.1206               389               390
    4358       42.0531               389               390
    4359       41.6771               389               390
    4360       41.5586               389               391
    4361       42.3485               389               391
    4362       42.2135               385               389
    4363       41.7656               389               390
    4364       41.9997               389               390
    4365       41.5839               389               391
    4366       42.5681               389               391
    4367       42.1284               389               391
    4368       42.2753               389               391
    4369       42.0073               389               391
    4370       41.7594               389               391
    4371       42.4821               389               391
    4372       41.4526               389               391
    4373       42.4212               389               391
    4374       43.1531               389               391
    4375       43.1931               389               391
    4376       43.5051               389               391
    4377       44.1686               389               391
    4378       43.4107               387               391
    4379       42.6341               389               391
    4380       42.7432               389               390
    4381       42.3588               389               390
    4382       42.7177               389               391
    4383       42.4707               389               391
    4384       42.4839               387               390
    4385       41.6025               389               390
    4386       41.7078               389               391
    4387       41.4621               389               391
    4388       43.4715               388               391
    4389       42.5943               388               391
    4390       42.7822               389               391
    4391       42.8370               389               391
    4392       42.8211               389               391
    4393       43.2380               389               391
    4394       43.4730               388               391
    4395       43.1152               389               391
    4396       44.5105               388               391
    4397       45.5902               388               391
    4398       44.9807               388               391
    4399       44.5029               388               391
    4400       44.8243               388               391
    4401       45.3473               388               391
    4402       43.6517               388               391
    4403       45.3596               388               390
    4404       45.7402               375               391
    4405       45.5500               375               391
    4406       45.6902               389               391
    4407       42.4058               387               391
    4408       43.3741               389               391
    4409       43.9290               387               391
    4410       44.1384               389               391
    4411       44.1807               389               391
    4412       42.4710               387               391
    4413       43.0242               387               391
    4414       43.1022               387               391
    4415       44.3157               384               391
    4416       45.5953               380               391
    4417       44.0976               383               386
    4418       43.8951               383               386
    4419       45.2774               383               386
    4420       46.2743               380               391
    4421       46.9935               380               391
    4422       47.0344               380               381
    4423       47.1417               387               390
    4424       47.5733               387               391
    4425       46.9137               380               389
    4426       47.2231               380               389
    4427       47.6062               384               388
    4428       47.6325               376               390
    4429       47.5209               377               389
    4430       47.3081               380               381
    4431       47.9065               384               388
    4432       47.3696               380               388
    4433       47.2087               380               381
    4434       47.1107               380               388
    4435       47.5425               380               388
    4436       47.0615               380               381
    4437       47.4059               380               389
    4438       46.8446               386               387
    4439       46.4212               389               390
    4440       45.2814               389               390
    4441       46.2218               386               387
    4442       46.3690               386               387
    4443       46.0809               387               390
    4444       46.3979               386               387
    4445       46.6706               385               387
    4446       46.6911               386               387
    4447       46.7933               386               387
    4448       46.3693               389               390
    4449       44.5147               389               390
    4450       44.0150               387               390
    4451       44.7977               389               390
    4452       45.4996               384               391
    4453       45.5169               384               391
    4454       43.3670               389               390
    4455       43.9787               389               391
    4456       42.5217               389               391
    4457       41.7007               389               391
    4458       42.4541               389               391
    4459       43.4079               389               391
    4460       42.6833               389               391
    4461       42.1330               389               391
    4462       42.7185               389               391
    4463       42.8671               389               391
    4464       44.4834               388               391
    4465       43.4084               388               391
    4466       41.8141               389               391
    4467       42.5863               389               391
    4468       42.6297               389               391
    4469       42.4879               389               391
    4470       42.6856               389               391
    4471       42.9922               388               391
    4472       42.6934               388               391
    4473       45.7097               387               391
    4474       46.0529               387               391
    4475       46.3187               387               391
    4476       47.2219               382               391
    4477       46.8811               382               391
    4478       47.2283               375               390
    4479       46.0246               384               391
    4480       43.8186               384               390
    4481       43.7338               384               390
    4482       43.4913               384               390
    4483       42.6000               388               390
    4484       43.8223               384               390
    4485       42.8917               388               390
    4486       43.3769               388               390
    4487       43.3556               388               390
    4488       43.5030               383               390
    4489       44.1495               383               390
    4490       44.4567               384               390
    4491       46.0308               380               390
    4492       45.5229               380               391
    4493       46.3474               375               391
    4494       46.8792               375               390
    4495       45.4071               384               390
    4496       45.5168               384               390
    4497       45.3060               384               390
    4498       45.0439               384               390
    4499       45.4440               384               390
    4500       45.1170               384               390
    4501       45.6067               384               390
    4502       46.5944               375               390
    4503       47.3230               375               390
    4504       47.3593               382               390
    4505       46.9562               382               390
    4506       47.3264               377               389
    4507       46.7555               382               389
    4508       45.7248               385               389
    4509       46.7217               385               389
    4510       47.5344               386               388
    4511       47.5660               386               388
    4512       46.8092               382               389
    4513       47.6761               382               391
    4514       47.1829               382               388
    4515       47.2965               389               390
    4516       47.5504               387               390
    4517       47.0672               375               388
    4518       46.7947               382               388
    4519       46.4315               379               382
    4520       46.7638               382               383
    4521       46.8448               380               382
    4522       46.0407               379               386
    4523       43.8685               383               386
    4524       43.7993               383               386
    4525       43.9007               383               385
    4526       42.9835               386               388
    4527       42.3768               386               387
    4528       42.4631               386               387
    4529       42.6738               387               391
    4530       42.0578               387               390
    4531       41.4143               386               387
    4532       41.7898               387               391
    4533       41.2925               388               390
    4534       41.2273               387               390
    4535       42.5590               387               390
    4536       42.6422               387               390
    4537       44.4347               383               390
    4538       43.9188               386               388
    4539       43.3707               388               390
    4540       43.5467               388               390
    4541       44.7412               388               390
    4542       44.3188               383               391
    4543       43.5822               383               390
    4544       42.7493               386               387
    4545       42.9221               386               387
    4546       43.0132               386               387
    4547       42.7662               387               390
    4548       42.0951               387               390
    4549       42.5496               386               387
    4550       41.2215               387               390
    4551       41.2787               387               390
    4552       42.5363               386               387
    4553       42.4591               387               390
    4554       42.6375               386               387
    4555       42.3957               386               387
    4556       42.7402               386               387
    4557       41.8885               387               390
    4558       42.0244               387               390
    4559       42.5236               386               387
    4560       42.4615               387               390
    4561       42.7694               381               387
    4562       41.9666               387               390
    4563       42.5634               387               390
    4564       43.6207               387               390
    4565       43.2358               381               387
    4566       43.3210               387               390
    4567       42.1777               387               390
    4568       42.4418               387               390
    4569       41.8885               387               390
    4570       43.2310               387               390
    4571       42.9733               387               390
    4572       42.0447               387               390
    4573       42.0848               387               390
    4574       42.6021               387               390
    4575       41.9489               387               390
    4576       41.9614               387               390
    4577       42.2878               387               390
    4578       42.4545               387               390
    4579       42.1158               387               390
    4580       42.1723               387               390
    4581       42.2371               387               390
    4582       41.8883               387               390
    4583       42.4943               387               390
    4584       42.4479               387               390
    4585       41.9208               387               390
    4586       42.0086               387               390
    4587       41.0829               387               391
    4588       40.7415               387               391
    4589       41.1652               387               391
    4590       42.7095               388               390
    4591       42.1666               388               390
    4592       42.6913               387               390
    4593       42.7613               388               390
    4594       43.2478               381               388
    4595       43.4222               388               390
    4596       42.6288               388               390
    4597       42.3874               388               390
    4598       42.4513               386               389
    4599       42.1231               386               387
    4600       42.1417               386               387
    4601       41.9174               386               387
    4602       42.1196               386               387
    4603       41.8651               386               389
    4604       41.9012               386               389
    4605       42.1440               386               387
    4606       42.2026               386               388
    4607       42.1815               386               387
    4608       42.0180               386               387
    4609       42.6593               386               387
    4610       42.7171               386               387
    4611       42.2025               386               387
    4612       42.4603               386               387
    4613       42.2950               386               387
    4614       43.4207               386               389
    4615       42.7836               386               389
    4616       43.0801               386               389
    4617       42.3928               386               389
    4618       42.4983               386               389
    4619       42.0221               386               389
    4620       42.5308               386               389
    4621       42.2694               386               389
    4622       42.2752               386               389
    4623       42.3324               386               389
    4624       42.0512               386               389
    4625       42.1608               386               389
    4626       42.6656               386               389
    4627       42.3475               386               389
    4628       42.4668               386               389
    4629       43.1359               386               389
    4630       42.9184               386               389
    4631       42.5531               386               389
    4632       42.7887               386               389
    4633       43.3074               386               387
    4634       43.4944               386               389
    4635       42.3804               386               389
    4636       43.0605               386               389
    4637       42.4954               386               389
    4638       43.8893               386               387
    4639       42.8762               386               389
    4640       42.7748               386               389
    4641       42.8331               386               389
    4642       42.8590               386               389
    4643       43.6680               386               389
    4644       43.5695               386               389
    4645       43.7663               382               389
    4646       43.7937               386               389
    4647       44.3699               382               389
    4648       44.3592               382               389
    4649       45.1904               386               389
    4650       44.2392               382               389
    4651       44.7120               382               389
    4652       44.8257               382               389
    4653       45.3831               382               389
    4654       45.3866               382               387
    4655       45.9773               382               389
    4656       46.4850               378               387
    4657       46.0402               381               387
    4658       45.9090               382               387
    4659       46.1690               380               391
    4660       46.6375               382               391
    4661       46.7149               380               388
    4662       46.6155               380               389
    4663       45.8908               380               391
    4664       46.5238               380               390
    4665       45.3821               380               391
    4666       45.1344               380               391
    4667       43.9742               383               390
    4668       44.6032               379               390
    4669       44.2483               380               390
    4670       43.4309               383               390
    4671       43.2056               383               390
    4672       44.1153               383               390
    4673       43.4235               383               390
    4674       43.1716               383               390
    4675       44.1567               380               390
    4676       44.4265               379               390
    4677       44.4008               379               390
    4678       44.1794               379               390
    4679       45.2362               379               390
    4680       45.8905               379               390
    4681       44.8733               379               390
    4682       44.8388               379               390
    4683       44.3236               379               390
    4684       44.8320               379               390
    4685       45.3037               379               390
    4686       46.0966               379               390
    4687       46.1440               379               390
    4688       45.9101               376               390
    4689       45.9011               379               390
    4690       45.5946               380               390
    4691       45.0190               379               390
    4692       44.5957               379               390
    4693       44.6650               379               390
    4694       44.4573               379               390
    4695       44.9536               379               390
    4696       45.8884               379               390
    4697       46.0015               379               390
    4698       45.7191               379               390
    4699       45.3664               380               390
    4700       44.6467               379               390
    4701       45.0741               379               390
    4702       44.5931               380               390
    4703       45.1673               380               391
    4704       45.6729               380               391
    4705       45.5270               380               391
    4706       45.3864               380               391
    4707       45.2041               380               391
    4708       46.0097               380               391
    4709       45.2195               380               391
    4710       44.4986               380               391
    4711       45.7697               380               391
    4712       46.5871               378               391
    4713       45.8122               380               391
    4714       46.2431               380               391
    4715       46.2165               380               391
    4716       47.0386               378               391
    4717       46.5245               378               387
    4718       47.1952               378               391
    4719       45.7328               382               388
    4720       46.6777               378               391
    4721       46.8805               378               387
    4722       46.2847               378               389
    4723       45.8619               381               387
    4724       46.7402               381               387
    4725       46.0715               381               387
    4726       47.4729               379               381
    4727       47.2523               384               385
    4728       47.3506               379               381
    4729       46.9891               381               387
    4730       46.4780               379               381
    4731       46.8619               379               390
    4732       46.3397               379               390
    4733       45.7778               379               390
    4734       46.3949               379               390
    4735       45.7219               379               381
    4736       45.7093               379               390
    4737       44.8869               379               390
    4738       45.3688               379               390
    4739       45.6016               379               390
    4740       45.9391               379               381
    4741       46.6872               379               381
    4742       45.5609               381               387
    4743       45.3939               381               387
    4744       45.8392               381               387
    4745       46.0450               381               387
    4746       46.6673               378               387
    4747       46.8955               378               391
    4748       46.6879               378               391
    4749       45.7831               381               387
    4750       46.2981               381               387
    4751       46.5490               378               387
    4752       46.7758               386               389
    4753       46.4761               378               389
    4754       46.8551               382               391
    4755       46.6492               378               387
    4756       47.0095               378               391
    4757       46.7855               378               391
    4758       46.2819               380               391
    4759       45.9983               380               391
    4760       46.7548               378               391
    4761       46.7541               380               391
    4762       46.6515               378               391
    4763       46.3686               378               391
    4764       46.9872               378               385
    4765       46.9687               384               385
    4766       46.4535               384               385
    4767       47.1138               378               385
    4768       46.9635               378               387
    4769       46.3310               381               387
    4770       47.5006               379               381
    4771       47.4421               386               389
    4772       47.1972               386               389
    4773       47.2937               386               389
    4774       47.2403               376               384
    4775       46.8015               386               387
    4776       47.7006               376               384
    4777       47.6335               376               384
    4778       47.5445               386               389
    4779       47.2722               384               385
    4780       46.3459               384               385
    4781       46.9837               384               385
    4782       47.5330               386               389
    4783       47.4818               383               386
    4784       47.2538               384               385
    4785       47.6321               383               386
    4786       47.4868               378               385
    4787       47.1965               379               381
    4788       46.3860               381               387
    4789       46.8122               379               390
    4790       47.9167               379               384
    4791       47.3352               383               386
    4792       47.0705               379               390
    4793       47.1166               378               387
    4794       46.9084               378               387
    4795       46.5852               378               387
    4796       46.4849               378               387
    4797       46.2760               381               387
    4798       46.6243               381               387
    4799       46.5916               378               387
    4800       46.8854               378               391
    4801       46.2700               378               387
    4802       46.5829               381               387
    4803       47.2373               378               385
    4804       47.5061               378               389
    4805       47.0938               378               389
    4806       47.0531               379               381
    4807       47.4315               379               381
    4808       47.7830               379               384
    4809       47.2097               384               385
    4810       46.8576               379               381
    4811       46.2125               381               389
    4812       46.5459               379               381
    4813       46.7835               379               381
    4814       45.8832               381               389
    4815       46.4758               381               389
    4816       46.3277               379               381
    4817       47.1768               383               391
    4818       46.9827               383               391
    4819       45.5237               381               389
    4820       46.0819               381               389
    4821       45.1873               381               389
    4822       45.4103               381               389
    4823       44.6534               381               389
    4824       44.1975               386               388
    4825       43.1778               386               389
    4826       44.9547               381               389
    4827       45.1814               381               389
    4828       45.7217               381               389
    4829       46.1604               381               389
    4830       46.3016               378               389
    4831       45.9495               381               389
    4832       45.5280               381               389
    4833       46.7538               379               381
    4834       45.1417               381               389
    4835       45.2384               389               391
    4836       43.5476               389               391
    4837       44.8029               389               391
    4838       44.1138               381               389
    4839       44.3891               381               389
    4840       44.6510               381               389
    4841       44.6057               389               391
    4842       44.5713               379               391
    4843       44.9032               379               391
    4844       44.5882               379               391
    4845       44.1584               379               391
    4846       44.5221               380               390
    4847       44.2538               383               390
    4848       44.5724               380               390
    4849       45.0955               380               390
    4850       45.8462               376               390
    4851       45.9889               380               390
    4852       45.8969               380               390
    4853       44.4999               379               390
    4854       44.9484               379               390
    4855       45.1144               380               390
    4856       45.0629               380               390
    4857       44.9709               380               391
    4858       45.7042               380               391
    4859       44.9405               380               391
    4860       44.9864               380               390
    4861       44.3138               380               390
    4862       44.7530               380               391
    4863       44.7763               380               390
    4864       44.9082               380               391
    4865       45.6770               380               390
    4866       45.5022               380               390
    4867       44.6993               379               390
    4868       45.2207               379               390
    4869       44.9274               379               390
    4870       44.2924               383               391
    4871       44.7336               380               390
    4872       44.1865               379               390
    4873       45.8127               379               390
    4874       45.5069               379               390
    4875       44.8158               379               390
    4876       44.2129               379               390
    4877       44.2918               379               390
    4878       45.0590               388               390
    4879       45.9329               381               388
    4880       45.4393               381               388
    4881       45.9056               381               388
    4882       46.9309               381               388
    4883       47.3228               378               388
    4884       47.7068               383               386
    4885       47.4485               379               390
    4886       47.1120               378               388
    4887       47.5628               379               381
    4888       47.4586               376               390
    4889       46.4721               376               390
    4890       47.1843               376               384
    4891       46.5849               376               390
    4892       45.8848               379               390
    4893       46.0849               379               390
    4894       46.7832               380               389
    4895       45.9356               380               390
    4896       45.7262               380               391
    4897       45.1338               380               390
    4898       45.2756               379               390
    4899       45.7337               379               390
    4900       45.2053               379               390
    4901       44.7467               379               390
    4902       45.5451               379               390
    4903       45.6838               379               390
    4904       45.2593               379               390
    4905       45.3984               379               390
    4906       46.0492               379               390
    4907       47.3759               376               390
    4908       47.7599               376               384
    4909       46.9011               376               390
    4910       45.2179               379               390
    4911       44.5917               379               390
    4912       44.6666               379               390
    4913       46.6782               376               390
    4914       46.0634               376               390
    4915       46.3124               379               390
    4916       45.5739               379               390
    4917       45.8503               379               390
    4918       46.9872               379               390
    4919       46.4835               385               388
    4920       46.0474               376               388
    4921       46.7083               380               388
    4922       47.7037               379               384
    4923       47.3753               379               381
    4924       46.9664               376               390
    4925       47.6451               379               384
    4926       46.6894               389               390
    4927       45.7595               379               390
    4928       46.3494               379               390
    4929       45.5017               379               390
    4930       45.8925               379               390
    4931       45.0933               379               390
    4932       45.4051               379               390
    4933       45.8915               379               390
    4934       45.5730               387               390
    4935       45.0435               387               390
    4936       45.9149               379               390
    4937       45.1687               387               390
    4938       43.4254               387               390
    4939       43.2116               387               390
    4940       42.5597               389               390
    4941       42.5180               386               389
    4942       42.3893               386               389
    4943       42.4006               386               389
    4944       41.7934               386               388
    4945       42.2315               386               388
    4946       42.5021               386               389
    4947       42.3138               389               390
    4948       42.6323               389               390
    4949       42.0769               388               390
    4950       42.2346               386               389
    4951       42.0295               386               388
    4952       41.8411               386               388
    4953       42.1481               386               388
    4954       42.4662               386               388
    4955       42.4321               386               388
    4956       42.9415               386               388
    4957       43.0817               386               388
    4958       42.3320               386               388
    4959       43.2040               386               387
    4960       42.6607               386               387
    4961       42.2628               386               387
    4962       42.8523               388               390
    4963       41.9034               388               390
    4964       42.7545               388               390
    4965       42.3545               386               388
    4966       42.3670               386               388
    4967       42.9586               386               388
    4968       42.8937               386               387
    4969       43.6492               381               387
    4970       43.2786               386               387
    4971       43.5527               386               387
    4972       42.4433               386               388
    4973       42.3578               386               387
    4974       42.1704               386               387
    4975       42.1959               386               387
    4976       42.6867               386               388
    4977       42.0095               388               390
    4978       41.9159               388               390
    4979       41.9772               386               388
    4980       42.0564               386               388
    4981       42.6198               386               388
    4982       42.0081               386               388
    4983       42.0791               386               388
    4984       41.9817               386               388
    4985       41.6918               386               388
    4986       42.6021               389               390
    4987       41.6856               388               390
    4988       42.2976               386               389
    4989       42.5878               386               389
    4990       41.7034               389               390
    4991       41.8666               389               390
    4992       41.3802               387               390
    4993       42.5319               386               389
    4994       42.1074               387               391
    4995       41.9897               387               391
    4996       41.6110               389               391
    4997       42.6660               389               391
    4998       41.9120               387               391
    4999       41.5084               387               391
    5000       41.8867               387               391
