#Frame   PFOAPolymer
       1       2.925
       2       2.921
       3       2.966
       4       2.738
       5       3.112
       6       2.863
       7       2.764
       8       2.955
       9       3.002
      10       3.096
      11       3.045
      12       3.153
      13       2.981
      14       3.031
      15       2.838
      16       3.071
      17       3.088
      18       2.909
      19       2.936
      20       3.044
      21       3.042
      22       2.830
      23       3.200
      24       3.041
      25       2.938
      26       3.086
      27       2.970
      28       3.022
      29       3.163
      30       2.836
      31       3.000
      32       2.866
      33       3.093
      34       2.815
      35       3.136
      36       2.972
      37       2.885
      38       2.876
      39       3.029
      40       3.201
      41       3.146
      42       2.761
      43       3.064
      44       3.068
      45       3.017
      46       3.065
      47       3.099
      48       3.045
      49       2.969
      50       2.840
      51       3.061
      52       3.201
      53       3.058
      54       3.218
      55       3.182
      56       3.070
      57       2.831
      58       2.942
      59       3.058
      60       3.143
      61       3.217
      62       2.911
      63       2.993
      64       2.757
      65       2.859
      66       2.829
      67       2.839
      68       2.999
      69       2.897
      70       2.868
      71       3.072
      72       2.960
      73       2.969
      74       2.877
      75       3.001
      76       3.079
      77       2.842
      78       2.827
      79       2.822
      80       3.052
      81       2.963
      82       3.003
      83       2.928
      84       2.947
      85       3.152
      86       2.870
      87       2.985
      88       3.065
      89       2.911
      90       3.019
      91       2.777
      92       3.166
      93       2.792
      94       3.042
      95       3.142
      96       2.855
      97       3.071
      98       2.902
      99       2.910
     100       3.094
     101       3.195
     102       3.011
     103       2.915
     104       3.033
     105       3.016
     106       2.986
     107       3.231
     108       2.999
     109       3.332
     110       3.119
     111       2.966
     112       3.386
     113       3.221
     114       3.030
     115       2.958
     116       3.145
     117       2.921
     118       3.089
     119       2.942
     120       2.990
     121       3.027
     122       3.105
     123       3.100
     124       3.053
     125       2.809
     126       2.947
     127       3.031
     128       2.969
     129       2.864
     130       3.070
     131       2.829
     132       2.984
     133       3.008
     134       2.953
     135       3.022
     136       2.838
     137       3.013
     138       2.849
     139       3.121
     140       2.978
     141       2.897
     142       2.962
     143       2.984
     144       3.147
     145       3.001
     146       2.779
     147       2.855
     148       2.775
     149       2.921
     150       3.094
     151       2.764
     152       3.076
     153       3.054
     154       2.863
     155       2.995
     156       2.884
     157       2.913
     158       2.993
     159       3.076
     160       2.912
     161       2.990
     162       2.978
     163       2.865
     164       2.913
     165       3.010
     166       3.048
     167       3.143
     168       3.103
     169       3.071
     170       3.235
     171       2.961
     172       2.821
     173       2.921
     174       2.735
     175       3.116
     176       2.850
     177       3.015
     178       2.796
     179       2.989
     180       2.933
     181       2.972
     182       3.078
     183       3.038
     184       2.956
     185       3.056
     186       3.065
     187       3.221
     188       3.062
     189       3.328
     190       2.984
     191       2.972
     192       3.034
     193       2.753
     194       2.924
     195       3.066
     196       3.016
     197       3.118
     198       2.958
     199       2.978
     200       2.893
     201       2.953
     202       2.992
     203       2.860
     204       3.024
     205       2.956
     206       2.845
     207       2.868
     208       2.790
     209       2.911
     210       3.177
     211       3.031
     212       2.723
     213       2.812
     214       2.900
     215       2.920
     216       2.993
     217       2.628
     218       2.923
     219       2.880
     220       2.982
     221       3.022
     222       3.140
     223       3.022
     224       2.732
     225       3.047
     226       3.136
     227       3.025
     228       3.039
     229       3.056
     230       3.117
     231       3.158
     232       2.971
     233       2.754
     234       2.829
     235       3.030
     236       3.120
     237       2.890
     238       3.170
     239       3.280
     240       2.977
     241       2.839
     242       3.010
     243       2.781
     244       3.164
     245       2.759
     246       2.919
     247       2.916
     248       3.179
     249       2.857
     250       2.992
     251       3.132
     252       2.843
     253       2.874
     254       3.118
     255       2.973
     256       2.945
     257       2.871
     258       3.043
     259       3.155
     260       2.822
     261       2.893
     262       2.984
     263       3.079
     264       2.873
     265       2.905
     266       2.956
     267       3.087
     268       2.933
     269       2.741
     270       2.979
     271       3.203
     272       3.084
     273       3.027
     274       3.186
     275       2.773
     276       2.951
     277       3.022
     278       3.103
     279       3.077
     280       3.113
     281       2.928
     282       2.825
     283       2.782
     284       3.055
     285       2.987
     286       3.063
     287       2.783
     288       3.012
     289       3.010
     290       2.993
     291       2.989
     292       2.760
     293       2.995
     294       2.922
     295       2.791
     296       3.000
     297       3.016
     298       3.048
     299       3.257
     300       2.947
     301       3.098
     302       3.006
     303       2.973
     304       2.759
     305       3.020
     306       2.989
     307       2.883
     308       3.106
     309       3.069
     310       3.004
     311       3.017
     312       2.929
     313       2.764
     314       3.032
     315       3.031
     316       2.739
     317       3.022
     318       3.123
     319       2.899
     320       3.155
     321       3.185
     322       2.907
     323       3.020
     324       2.949
     325       2.782
     326       3.042
     327       2.895
     328       2.699
     329       2.765
     330       2.894
     331       2.998
     332       2.903
     333       2.821
     334       2.948
     335       2.890
     336       2.862
     337       3.036
     338       3.003
     339       2.986
     340       3.027
     341       2.906
     342       2.961
     343       3.006
     344       3.143
     345       3.141
     346       3.000
     347       3.082
     348       2.948
     349       2.988
     350       2.912
     351       2.862
     352       2.844
     353       3.094
     354       2.916
     355       3.229
     356       2.708
     357       3.013
     358       3.107
     359       3.047
     360       2.921
     361       2.843
     362       2.984
     363       2.798
     364       2.765
     365       2.748
     366       2.996
     367       2.888
     368       3.158
     369       3.062
     370       2.732
     371       2.859
     372       2.917
     373       3.033
     374       2.929
     375       2.887
     376       3.069
     377       2.838
     378       2.919
     379       2.969
     380       2.974
     381       2.989
     382       2.777
     383       2.903
     384       2.971
     385       3.013
     386       2.818
     387       3.038
     388       3.001
     389       2.882
     390       3.041
     391       3.019
     392       3.151
     393       2.894
     394       2.862
     395       2.661
     396       3.066
     397       2.887
     398       2.932
     399       3.146
     400       3.036
     401       2.945
     402       2.925
     403       2.908
     404       3.101
     405       3.016
     406       3.102
     407       3.070
     408       3.001
     409       2.966
     410       3.054
     411       2.889
     412       3.100
     413       3.160
     414       3.020
     415       2.952
     416       2.901
     417       3.163
     418       3.007
     419       2.907
     420       3.039
     421       2.968
     422       2.893
     423       3.021
     424       3.007
     425       2.888
     426       3.032
     427       2.961
     428       2.889
     429       3.028
     430       2.656
     431       2.827
     432       3.056
     433       2.997
     434       2.875
     435       2.914
     436       2.931
     437       2.953
     438       3.097
     439       3.051
     440       3.063
     441       3.141
     442       2.889
     443       2.911
     444       3.038
     445       3.046
     446       2.942
     447       2.683
     448       2.869
     449       3.052
     450       2.860
     451       2.883
     452       2.896
     453       3.032
     454       2.969
     455       2.934
     456       2.858
     457       2.907
     458       2.886
     459       3.004
     460       2.942
     461       2.884
     462       3.019
     463       2.828
     464       3.244
     465       2.843
     466       2.697
     467       2.978
     468       3.009
     469       3.255
     470       3.154
     471       3.110
     472       3.087
     473       2.998
     474       2.930
     475       2.868
     476       2.718
     477       2.844
     478       3.171
     479       3.167
     480       2.776
     481       2.704
     482       2.979
     483       2.962
     484       2.950
     485       3.027
     486       3.109
     487       2.882
     488       3.045
     489       3.005
     490       2.933
     491       2.817
     492       3.201
     493       2.941
     494       3.001
     495       3.011
     496       2.880
     497       2.766
     498       3.041
     499       2.822
     500       2.779
     501       3.055
     502       2.917
     503       2.968
     504       2.901
     505       2.897
     506       2.812
     507       2.844
     508       2.940
     509       2.775
     510       3.103
     511       3.000
     512       2.936
     513       2.872
     514       2.820
     515       2.952
     516       3.071
     517       3.055
     518       2.946
     519       2.953
     520       2.963
     521       2.709
     522       2.674
     523       3.051
     524       2.751
     525       2.825
     526       2.658
     527       3.010
     528       2.953
     529       2.930
     530       2.804
     531       2.796
     532       3.038
     533       3.216
     534       3.202
     535       2.945
     536       2.784
     537       2.960
     538       2.818
     539       2.816
     540       3.029
     541       2.974
     542       2.945
     543       3.060
     544       2.921
     545       2.947
     546       3.263
     547       2.933
     548       2.887
     549       3.242
     550       3.062
     551       3.075
     552       3.007
     553       2.968
     554       2.919
     555       2.980
     556       3.081
     557       2.838
     558       2.944
     559       2.781
     560       2.967
     561       2.690
     562       3.068
     563       2.830
     564       3.000
     565       2.946
     566       2.845
     567       2.956
     568       2.993
     569       3.095
     570       3.122
     571       2.780
     572       3.082
     573       2.966
     574       2.919
     575       2.976
     576       2.831
     577       2.836
     578       2.856
     579       2.851
     580       3.010
     581       2.860
     582       2.965
     583       3.002
     584       3.156
     585       2.908
     586       2.708
     587       2.906
     588       3.014
     589       3.036
     590       3.014
     591       2.979
     592       2.824
     593       3.019
     594       3.141
     595       2.897
     596       2.877
     597       2.964
     598       2.849
     599       3.104
     600       2.898
     601       3.012
     602       2.930
     603       2.926
     604       2.972
     605       2.812
     606       3.107
     607       2.915
     608       3.177
     609       2.626
     610       2.909
     611       2.972
     612       2.828
     613       3.013
     614       2.847
     615       2.819
     616       2.856
     617       2.956
     618       2.760
     619       2.908
     620       3.038
     621       2.945
     622       2.735
     623       2.960
     624       2.986
     625       2.981
     626       2.937
     627       3.031
     628       2.852
     629       2.825
     630       2.982
     631       2.761
     632       2.876
     633       2.926
     634       2.860
     635       2.978
     636       2.884
     637       2.770
     638       2.907
     639       2.861
     640       3.050
     641       2.931
     642       3.028
     643       2.802
     644       2.803
     645       2.976
     646       2.988
     647       2.686
     648       2.926
     649       2.835
     650       2.943
     651       3.287
     652       2.909
     653       3.051
     654       2.910
     655       2.866
     656       2.856
     657       3.070
     658       2.828
     659       3.086
     660       3.062
     661       2.925
     662       3.105
     663       2.872
     664       2.918
     665       3.135
     666       2.951
     667       2.897
     668       2.826
     669       3.018
     670       2.911
     671       2.944
     672       2.823
     673       3.020
     674       2.837
     675       2.960
     676       2.812
     677       3.035
     678       2.807
     679       2.991
     680       3.017
     681       3.081
     682       2.960
     683       2.923
     684       2.838
     685       2.840
     686       2.908
     687       3.071
     688       2.952
     689       3.010
     690       2.940
     691       2.862
     692       2.770
     693       3.038
     694       3.048
     695       2.792
     696       2.852
     697       2.950
     698       3.149
     699       2.803
     700       2.889
     701       2.894
     702       2.886
     703       2.884
     704       2.933
     705       2.893
     706       2.967
     707       2.896
     708       2.911
     709       3.046
     710       2.943
     711       2.990
     712       2.823
     713       2.927
     714       3.046
     715       3.153
     716       3.099
     717       3.098
     718       3.222
     719       2.831
     720       2.813
     721       2.861
     722       2.924
     723       3.061
     724       2.949
     725       2.922
     726       3.082
     727       2.986
     728       3.103
     729       2.753
     730       3.141
     731       2.979
     732       2.933
     733       3.082
     734       2.840
     735       2.799
     736       3.187
     737       2.693
     738       3.078
     739       3.013
     740       3.036
     741       2.903
     742       2.999
     743       3.061
     744       3.129
     745       3.126
     746       2.954
     747       3.037
     748       2.856
     749       2.833
     750       3.029
     751       2.865
     752       2.907
     753       2.995
     754       2.893
     755       2.885
     756       3.051
     757       2.973
     758       2.970
     759       2.976
     760       3.051
     761       3.035
     762       2.890
     763       2.910
     764       2.887
     765       2.991
     766       2.978
     767       2.955
     768       3.027
     769       2.974
     770       2.935
     771       2.940
     772       2.809
     773       2.751
     774       3.098
     775       3.328
     776       2.959
     777       2.930
     778       2.785
     779       3.002
     780       2.893
     781       2.986
     782       2.860
     783       2.990
     784       2.831
     785       2.967
     786       2.968
     787       2.865
     788       2.878
     789       2.916
     790       3.031
     791       2.935
     792       2.986
     793       3.002
     794       2.954
     795       3.037
     796       3.015
     797       3.080
     798       2.996
     799       2.976
     800       3.001
     801       2.998
     802       3.069
     803       2.903
     804       2.886
     805       3.017
     806       2.878
     807       2.789
     808       2.714
     809       2.937
     810       2.914
     811       2.844
     812       2.811
     813       2.758
     814       2.928
     815       2.791
     816       2.818
     817       2.955
     818       2.948
     819       3.019
     820       2.876
     821       2.797
     822       2.907
     823       2.879
     824       2.921
     825       2.795
     826       3.150
     827       2.977
     828       2.699
     829       2.929
     830       2.832
     831       2.721
     832       3.095
     833       2.917
     834       2.986
     835       2.903
     836       3.084
     837       2.685
     838       3.134
     839       2.832
     840       2.744
     841       2.762
     842       2.721
     843       2.960
     844       3.067
     845       2.863
     846       2.991
     847       2.730
     848       3.034
     849       3.043
     850       2.732
     851       3.165
     852       3.111
     853       2.971
     854       2.872
     855       2.775
     856       2.888
     857       2.861
     858       2.912
     859       2.902
     860       2.954
     861       2.948
     862       3.179
     863       2.989
     864       3.039
     865       3.016
     866       2.940
     867       2.856
     868       3.011
     869       3.200
     870       2.765
     871       3.030
     872       2.993
     873       2.913
     874       3.055
     875       3.019
     876       2.859
     877       3.010
     878       2.958
     879       2.994
     880       3.026
     881       2.942
     882       2.827
     883       2.983
     884       2.675
     885       2.923
     886       2.906
     887       3.095
     888       2.996
     889       2.921
     890       3.007
     891       2.854
     892       2.971
     893       2.961
     894       3.001
     895       2.697
     896       3.014
     897       2.811
     898       3.057
     899       3.080
     900       3.071
     901       3.184
     902       3.024
     903       2.801
     904       2.981
     905       2.824
     906       2.803
     907       3.089
     908       3.111
     909       2.908
     910       2.923
     911       2.888
     912       2.830
     913       2.888
     914       2.824
     915       3.162
     916       2.967
     917       2.809
     918       3.024
     919       2.964
     920       2.919
     921       2.953
     922       3.051
     923       2.967
     924       2.745
     925       2.855
     926       2.800
     927       2.876
     928       3.023
     929       2.956
     930       2.781
     931       2.938
     932       2.876
     933       2.996
     934       3.011
     935       3.036
     936       2.919
     937       2.937
     938       2.884
     939       2.961
     940       2.802
     941       3.107
     942       2.842
     943       2.965
     944       2.932
     945       3.071
     946       3.077
     947       2.893
     948       3.219
     949       2.891
     950       3.084
     951       3.097
     952       2.937
     953       2.860
     954       2.984
     955       3.029
     956       3.060
     957       3.140
     958       3.158
     959       3.017
     960       2.897
     961       2.694
     962       2.787
     963       3.109
     964       3.133
     965       2.948
     966       3.135
     967       3.114
     968       3.000
     969       3.098
     970       3.028
     971       2.825
     972       2.962
     973       2.869
     974       3.113
     975       3.121
     976       2.827
     977       2.876
     978       2.995
     979       2.825
     980       2.974
     981       3.029
     982       2.854
     983       2.914
     984       2.939
     985       3.040
     986       3.079
     987       3.110
     988       3.117
     989       2.831
     990       3.134
     991       3.058
     992       2.812
     993       3.007
     994       2.868
     995       2.947
     996       2.878
     997       2.909
     998       3.063
     999       3.014
    1000       2.957
    1001       3.054
    1002       2.869
    1003       2.955
    1004       2.951
    1005       3.004
    1006       2.967
    1007       2.972
    1008       2.775
    1009       2.840
    1010       2.942
    1011       3.016
    1012       2.935
    1013       2.919
    1014       2.834
    1015       3.062
    1016       2.841
    1017       2.938
    1018       2.924
    1019       2.927
    1020       3.005
    1021       2.809
    1022       2.712
    1023       2.895
    1024       2.926
    1025       3.048
    1026       2.669
    1027       3.018
    1028       2.688
    1029       2.978
    1030       2.945
    1031       2.948
    1032       2.868
    1033       2.902
    1034       2.950
    1035       2.818
    1036       2.937
    1037       2.930
    1038       2.949
    1039       2.895
    1040       3.100
    1041       3.145
    1042       2.924
    1043       2.845
    1044       2.743
    1045       2.928
    1046       3.070
    1047       3.093
    1048       2.957
    1049       2.890
    1050       3.065
    1051       3.055
    1052       3.008
    1053       3.069
    1054       2.978
    1055       3.221
    1056       2.888
    1057       3.082
    1058       2.700
    1059       2.783
    1060       2.826
    1061       2.831
    1062       2.915
    1063       2.857
    1064       3.009
    1065       2.978
    1066       3.003
    1067       2.863
    1068       2.960
    1069       2.946
    1070       2.940
    1071       3.142
    1072       2.975
    1073       2.784
    1074       2.915
    1075       2.805
    1076       2.900
    1077       2.983
    1078       2.869
    1079       2.751
    1080       2.970
    1081       2.947
    1082       2.810
    1083       3.072
    1084       3.112
    1085       3.161
    1086       2.885
    1087       2.920
    1088       2.899
    1089       2.947
    1090       3.029
    1091       2.979
    1092       2.898
    1093       3.156
    1094       2.867
    1095       2.727
    1096       2.879
    1097       3.306
    1098       2.959
    1099       2.967
    1100       2.989
    1101       2.913
    1102       2.983
    1103       2.949
    1104       3.010
    1105       3.058
    1106       2.780
    1107       2.954
    1108       2.928
    1109       2.801
    1110       3.032
    1111       3.060
    1112       3.023
    1113       2.777
    1114       2.929
    1115       3.067
    1116       3.127
    1117       2.828
    1118       2.919
    1119       2.921
    1120       3.120
    1121       3.070
    1122       2.876
    1123       2.963
    1124       2.967
    1125       3.089
    1126       3.162
    1127       2.958
    1128       2.939
    1129       2.951
    1130       2.867
    1131       3.014
    1132       3.110
    1133       2.975
    1134       2.961
    1135       3.051
    1136       3.042
    1137       2.926
    1138       2.829
    1139       2.897
    1140       2.889
    1141       3.274
    1142       3.001
    1143       2.832
    1144       2.855
    1145       2.828
    1146       2.920
    1147       3.110
    1148       2.947
    1149       2.999
    1150       2.960
    1151       2.923
    1152       2.888
    1153       3.008
    1154       2.975
    1155       2.779
    1156       3.157
    1157       2.997
    1158       2.849
    1159       2.880
    1160       2.773
    1161       2.996
    1162       2.906
    1163       2.907
    1164       3.043
    1165       2.882
    1166       2.847
    1167       3.064
    1168       3.119
    1169       3.253
    1170       2.925
    1171       3.082
    1172       2.777
    1173       2.860
    1174       2.858
    1175       3.019
    1176       2.823
    1177       3.081
    1178       2.979
    1179       3.139
    1180       2.946
    1181       2.793
    1182       3.013
    1183       3.001
    1184       2.877
    1185       2.916
    1186       2.882
    1187       2.908
    1188       2.857
    1189       2.825
    1190       3.261
    1191       2.884
    1192       3.022
    1193       2.893
    1194       2.816
    1195       2.972
    1196       3.120
    1197       2.841
    1198       3.124
    1199       2.992
    1200       2.950
    1201       2.963
    1202       3.060
    1203       3.098
    1204       3.027
    1205       3.122
    1206       2.934
    1207       2.998
    1208       3.069
    1209       2.789
    1210       2.684
    1211       2.954
    1212       2.871
    1213       3.047
    1214       3.023
    1215       2.851
    1216       2.983
    1217       2.986
    1218       2.897
    1219       2.840
    1220       2.935
    1221       2.928
    1222       2.824
    1223       2.920
    1224       2.932
    1225       3.183
    1226       2.999
    1227       3.107
    1228       2.925
    1229       2.882
    1230       2.968
    1231       2.979
    1232       2.912
    1233       2.926
    1234       2.780
    1235       3.038
    1236       3.255
    1237       2.990
    1238       3.073
    1239       3.045
    1240       2.985
    1241       2.958
    1242       2.946
    1243       2.897
    1244       3.274
    1245       2.953
    1246       3.021
    1247       2.943
    1248       3.163
    1249       2.744
    1250       3.053
    1251       2.932
    1252       3.158
    1253       2.867
    1254       2.964
    1255       2.746
    1256       3.004
    1257       3.012
    1258       3.091
    1259       2.978
    1260       2.928
    1261       3.043
    1262       2.934
    1263       2.731
    1264       3.109
    1265       2.795
    1266       3.056
    1267       3.141
    1268       3.021
    1269       3.050
    1270       2.983
    1271       2.766
    1272       2.765
    1273       3.009
    1274       3.031
    1275       2.954
    1276       2.824
    1277       2.928
    1278       3.035
    1279       2.953
    1280       2.743
    1281       3.106
    1282       2.775
    1283       2.732
    1284       2.926
    1285       2.978
    1286       2.964
    1287       2.862
    1288       2.768
    1289       2.949
    1290       3.003
    1291       2.892
    1292       2.763
    1293       3.317
    1294       2.874
    1295       3.085
    1296       3.095
    1297       3.098
    1298       2.836
    1299       2.814
    1300       3.184
    1301       2.922
    1302       3.031
    1303       2.987
    1304       3.107
    1305       3.192
    1306       2.924
    1307       3.001
    1308       2.800
    1309       2.759
    1310       3.095
    1311       2.970
    1312       3.027
    1313       2.884
    1314       3.290
    1315       2.797
    1316       2.970
    1317       2.864
    1318       2.976
    1319       2.909
    1320       2.991
    1321       3.106
    1322       2.981
    1323       2.929
    1324       3.050
    1325       2.759
    1326       2.783
    1327       2.919
    1328       2.819
    1329       2.809
    1330       2.971
    1331       2.915
    1332       2.799
    1333       3.053
    1334       2.735
    1335       3.070
    1336       2.844
    1337       2.681
    1338       2.874
    1339       2.886
    1340       2.833
    1341       2.983
    1342       2.776
    1343       3.076
    1344       3.133
    1345       2.870
    1346       3.115
    1347       2.833
    1348       2.931
    1349       2.842
    1350       3.023
    1351       2.858
    1352       3.029
    1353       3.041
    1354       3.168
    1355       2.766
    1356       3.108
    1357       2.880
    1358       3.287
    1359       2.977
    1360       3.100
    1361       2.895
    1362       3.072
    1363       2.890
    1364       2.948
    1365       2.906
    1366       2.917
    1367       3.275
    1368       3.004
    1369       2.742
    1370       2.717
    1371       2.827
    1372       2.826
    1373       2.985
    1374       3.062
    1375       2.876
    1376       3.077
    1377       3.081
    1378       3.124
    1379       3.095
    1380       2.934
    1381       2.874
    1382       2.864
    1383       2.925
    1384       3.073
    1385       2.941
    1386       2.782
    1387       2.863
    1388       2.946
    1389       2.716
    1390       2.880
    1391       2.918
    1392       3.053
    1393       3.287
    1394       3.192
    1395       2.861
    1396       2.916
    1397       2.867
    1398       3.032
    1399       2.818
    1400       2.772
    1401       2.927
    1402       3.027
    1403       3.236
    1404       3.066
    1405       3.088
    1406       3.010
    1407       2.932
    1408       2.751
    1409       3.000
    1410       3.043
    1411       3.092
    1412       2.977
    1413       3.063
    1414       3.114
    1415       2.970
    1416       2.938
    1417       3.069
    1418       3.164
    1419       3.014
    1420       3.020
    1421       2.980
    1422       3.065
    1423       2.830
    1424       2.900
    1425       2.941
    1426       3.039
    1427       2.872
    1428       2.927
    1429       2.955
    1430       2.945
    1431       2.928
    1432       2.777
    1433       2.855
    1434       3.034
    1435       2.958
    1436       2.860
    1437       3.119
    1438       2.947
    1439       3.193
    1440       2.980
    1441       3.188
    1442       3.073
    1443       2.827
    1444       3.130
    1445       2.656
    1446       2.871
    1447       3.053
    1448       3.184
    1449       3.081
    1450       3.060
    1451       2.836
    1452       2.812
    1453       2.898
    1454       3.116
    1455       3.141
    1456       3.131
    1457       3.137
    1458       3.137
    1459       2.991
    1460       3.109
    1461       2.919
    1462       2.948
    1463       3.064
    1464       2.951
    1465       2.993
    1466       2.956
    1467       2.891
    1468       2.904
    1469       3.104
    1470       3.199
    1471       3.106
    1472       2.947
    1473       2.830
    1474       3.008
    1475       3.181
    1476       3.129
    1477       2.981
    1478       3.158
    1479       3.041
    1480       2.952
    1481       3.068
    1482       3.002
    1483       3.124
    1484       3.219
    1485       2.820
    1486       3.021
    1487       3.174
    1488       2.652
    1489       2.996
    1490       3.032
    1491       2.856
    1492       3.017
    1493       3.021
    1494       2.667
    1495       2.876
    1496       2.975
    1497       2.884
    1498       2.988
    1499       3.131
    1500       3.145
    1501       3.026
    1502       2.954
    1503       2.834
    1504       2.958
    1505       2.775
    1506       2.904
    1507       3.039
    1508       2.959
    1509       2.792
    1510       2.973
    1511       2.842
    1512       3.000
    1513       3.081
    1514       3.110
    1515       2.994
    1516       2.944
    1517       2.860
    1518       3.040
    1519       2.898
    1520       2.901
    1521       2.836
    1522       2.918
    1523       2.992
    1524       2.948
    1525       3.061
    1526       3.146
    1527       3.025
    1528       2.898
    1529       3.002
    1530       2.958
    1531       3.145
    1532       2.986
    1533       2.923
    1534       2.983
    1535       3.091
    1536       2.928
    1537       2.926
    1538       3.100
    1539       2.911
    1540       3.177
    1541       2.767
    1542       2.969
    1543       2.965
    1544       3.021
    1545       2.894
    1546       2.858
    1547       3.001
    1548       2.888
    1549       3.028
    1550       2.947
    1551       3.247
    1552       2.782
    1553       3.038
    1554       2.956
    1555       2.952
    1556       3.013
    1557       3.145
    1558       3.190
    1559       3.038
    1560       2.921
    1561       3.167
    1562       2.902
    1563       2.818
    1564       2.752
    1565       2.958
    1566       2.779
    1567       2.888
    1568       2.831
    1569       3.213
    1570       2.835
    1571       2.906
    1572       2.852
    1573       2.933
    1574       2.941
    1575       2.755
    1576       3.017
    1577       3.011
    1578       2.931
    1579       3.004
    1580       2.905
    1581       2.981
    1582       3.038
    1583       2.849
    1584       2.895
    1585       2.962
    1586       3.130
    1587       3.118
    1588       2.907
    1589       3.064
    1590       2.905
    1591       2.828
    1592       2.994
    1593       2.854
    1594       2.987
    1595       2.963
    1596       3.186
    1597       3.190
    1598       3.050
    1599       2.946
    1600       2.832
    1601       2.822
    1602       2.994
    1603       2.823
    1604       3.187
    1605       2.890
    1606       2.932
    1607       3.049
    1608       2.918
    1609       3.224
    1610       3.176
    1611       2.892
    1612       2.928
    1613       2.985
    1614       2.897
    1615       2.892
    1616       2.920
    1617       2.869
    1618       2.876
    1619       3.038
    1620       2.952
    1621       2.893
    1622       2.797
    1623       2.822
    1624       2.816
    1625       2.987
    1626       3.030
    1627       2.929
    1628       2.968
    1629       2.896
    1630       3.014
    1631       2.724
    1632       3.290
    1633       3.046
    1634       2.830
    1635       2.947
    1636       2.989
    1637       2.961
    1638       3.112
    1639       3.024
    1640       2.834
    1641       3.054
    1642       3.005
    1643       3.293
    1644       2.976
    1645       2.947
    1646       2.889
    1647       3.056
    1648       2.985
    1649       3.071
    1650       3.186
    1651       3.098
    1652       2.963
    1653       2.979
    1654       3.128
    1655       2.842
    1656       2.984
    1657       2.866
    1658       2.725
    1659       2.952
    1660       3.027
    1661       3.032
    1662       2.994
    1663       2.828
    1664       2.971
    1665       2.951
    1666       2.989
    1667       2.781
    1668       2.990
    1669       3.038
    1670       2.739
    1671       2.951
    1672       2.778
    1673       2.864
    1674       2.925
    1675       2.947
    1676       3.057
    1677       2.865
    1678       2.993
    1679       3.020
    1680       3.005
    1681       3.118
    1682       2.944
    1683       2.921
    1684       2.839
    1685       3.103
    1686       3.078
    1687       2.982
    1688       3.042
    1689       2.913
    1690       3.066
    1691       3.132
    1692       3.026
    1693       3.031
    1694       2.748
    1695       3.080
    1696       3.049
    1697       2.998
    1698       3.119
    1699       2.941
    1700       2.971
    1701       2.852
    1702       2.598
    1703       3.010
    1704       2.904
    1705       2.941
    1706       2.983
    1707       3.012
    1708       2.942
    1709       2.974
    1710       2.967
    1711       3.033
    1712       3.155
    1713       2.944
    1714       2.837
    1715       2.896
    1716       3.082
    1717       3.169
    1718       3.056
    1719       2.995
    1720       3.206
    1721       3.112
    1722       2.670
    1723       3.105
    1724       2.934
    1725       2.971
    1726       2.968
    1727       3.060
    1728       2.873
    1729       3.142
    1730       3.035
    1731       3.023
    1732       2.851
    1733       2.807
    1734       3.056
    1735       3.197
    1736       2.820
    1737       2.896
    1738       3.190
    1739       3.043
    1740       3.031
    1741       3.064
    1742       2.863
    1743       3.207
    1744       2.939
    1745       3.032
    1746       3.071
    1747       2.856
    1748       3.013
    1749       3.222
    1750       3.113
    1751       3.111
    1752       2.905
    1753       3.053
    1754       2.950
    1755       2.800
    1756       3.236
    1757       3.003
    1758       3.004
    1759       3.027
    1760       3.017
    1761       2.934
    1762       3.050
    1763       3.025
    1764       2.902
    1765       2.932
    1766       2.966
    1767       2.821
    1768       3.082
    1769       2.959
    1770       2.946
    1771       3.016
    1772       2.882
    1773       2.807
    1774       2.920
    1775       2.823
    1776       2.860
    1777       2.827
    1778       2.991
    1779       2.930
    1780       3.098
    1781       2.944
    1782       2.659
    1783       3.127
    1784       2.843
    1785       3.071
    1786       2.736
    1787       3.165
    1788       3.151
    1789       3.174
    1790       2.978
    1791       3.138
    1792       3.121
    1793       2.987
    1794       3.135
    1795       2.901
    1796       3.082
    1797       3.004
    1798       3.065
    1799       2.949
    1800       3.111
    1801       3.083
    1802       2.958
    1803       2.830
    1804       2.872
    1805       2.915
    1806       2.987
    1807       3.045
    1808       2.888
    1809       2.975
    1810       2.892
    1811       3.042
    1812       2.991
    1813       2.960
    1814       3.036
    1815       2.898
    1816       2.979
    1817       3.058
    1818       3.000
    1819       3.015
    1820       3.029
    1821       3.002
    1822       3.018
    1823       3.096
    1824       3.076
    1825       3.152
    1826       2.860
    1827       3.023
    1828       2.867
    1829       2.843
    1830       2.932
    1831       2.975
    1832       2.955
    1833       3.015
    1834       3.109
    1835       2.887
    1836       2.974
    1837       2.851
    1838       2.985
    1839       2.886
    1840       2.817
    1841       3.095
    1842       2.955
    1843       2.750
    1844       2.832
    1845       2.780
    1846       3.019
    1847       3.177
    1848       2.952
    1849       3.112
    1850       3.038
    1851       2.933
    1852       3.122
    1853       3.034
    1854       3.024
    1855       2.759
    1856       2.932
    1857       3.114
    1858       2.876
    1859       2.756
    1860       3.046
    1861       2.923
    1862       2.977
    1863       3.106
    1864       3.162
    1865       3.203
    1866       2.829
    1867       2.977
    1868       3.219
    1869       3.053
    1870       3.032
    1871       2.909
    1872       2.981
    1873       3.030
    1874       3.030
    1875       2.883
    1876       3.151
    1877       3.110
    1878       3.132
    1879       2.839
    1880       3.210
    1881       3.185
    1882       3.190
    1883       3.036
    1884       2.950
    1885       2.943
    1886       3.128
    1887       3.008
    1888       2.972
    1889       3.011
    1890       3.240
    1891       3.149
    1892       3.019
    1893       3.114
    1894       2.793
    1895       2.760
    1896       2.944
    1897       3.296
    1898       2.976
    1899       3.214
    1900       2.808
    1901       2.821
    1902       3.056
    1903       3.194
    1904       3.039
    1905       2.909
    1906       3.040
    1907       3.170
    1908       2.991
    1909       2.761
    1910       2.902
    1911       2.988
    1912       3.000
    1913       3.192
    1914       2.772
    1915       3.006
    1916       2.814
    1917       3.108
    1918       2.962
    1919       2.999
    1920       2.984
    1921       3.011
    1922       3.021
    1923       3.055
    1924       3.287
    1925       2.948
    1926       2.996
    1927       3.054
    1928       2.910
    1929       3.213
    1930       3.080
    1931       3.093
    1932       3.304
    1933       2.878
    1934       3.123
    1935       3.063
    1936       3.074
    1937       2.943
    1938       2.838
    1939       3.300
    1940       3.072
    1941       2.998
    1942       2.839
    1943       2.985
    1944       2.896
    1945       2.942
    1946       2.943
    1947       2.880
    1948       2.772
    1949       2.982
    1950       2.854
    1951       2.738
    1952       2.995
    1953       2.918
    1954       2.987
    1955       2.815
    1956       2.825
    1957       2.883
    1958       3.093
    1959       3.136
    1960       2.839
    1961       3.106
    1962       3.147
    1963       3.224
    1964       2.866
    1965       3.227
    1966       3.155
    1967       2.929
    1968       3.055
    1969       2.869
    1970       2.833
    1971       3.074
    1972       2.781
    1973       2.966
    1974       2.974
    1975       3.107
    1976       2.805
    1977       3.019
    1978       2.791
    1979       3.294
    1980       2.976
    1981       2.974
    1982       2.940
    1983       2.777
    1984       3.186
    1985       3.125
    1986       2.983
    1987       3.081
    1988       3.213
    1989       3.279
    1990       2.888
    1991       2.885
    1992       3.016
    1993       3.135
    1994       3.206
    1995       2.792
    1996       3.128
    1997       3.055
    1998       2.896
    1999       2.826
    2000       3.136
    2001       2.962
    2002       2.880
    2003       2.891
    2004       3.129
    2005       3.259
    2006       2.957
    2007       3.004
    2008       2.910
    2009       3.101
    2010       3.047
    2011       3.028
    2012       3.275
    2013       3.114
    2014       2.904
    2015       2.899
    2016       3.009
    2017       3.106
    2018       3.232
    2019       2.803
    2020       3.183
    2021       3.161
    2022       3.057
    2023       3.242
    2024       3.126
    2025       3.117
    2026       2.917
    2027       3.014
    2028       3.065
    2029       3.057
    2030       3.033
    2031       2.880
    2032       2.834
    2033       2.971
    2034       3.037
    2035       3.160
    2036       2.974
    2037       2.973
    2038       3.039
    2039       2.850
    2040       2.888
    2041       3.015
    2042       2.877
    2043       3.021
    2044       2.871
    2045       3.048
    2046       3.127
    2047       3.280
    2048       3.152
    2049       3.073
    2050       3.105
    2051       2.992
    2052       3.137
    2053       3.099
    2054       3.009
    2055       2.876
    2056       2.998
    2057       3.079
    2058       2.916
    2059       3.004
    2060       3.065
    2061       3.052
    2062       2.864
    2063       3.189
    2064       3.476
    2065       3.029
    2066       2.886
    2067       3.187
    2068       3.210
    2069       3.056
    2070       3.124
    2071       3.081
    2072       3.242
    2073       2.823
    2074       3.012
    2075       2.948
    2076       2.877
    2077       2.979
    2078       3.048
    2079       3.177
    2080       3.122
    2081       3.171
    2082       3.102
    2083       3.054
    2084       3.174
    2085       2.965
    2086       3.099
    2087       2.825
    2088       3.018
    2089       3.169
    2090       2.894
    2091       2.983
    2092       2.942
    2093       2.951
    2094       2.961
    2095       3.012
    2096       3.221
    2097       3.007
    2098       2.923
    2099       3.021
    2100       3.074
    2101       3.025
    2102       2.936
    2103       3.126
    2104       3.096
    2105       2.782
    2106       2.821
    2107       3.133
    2108       2.843
    2109       3.272
    2110       3.288
    2111       2.913
    2112       3.130
    2113       3.001
    2114       2.797
    2115       3.203
    2116       2.923
    2117       3.126
    2118       3.037
    2119       3.101
    2120       2.884
    2121       2.854
    2122       3.114
    2123       2.775
    2124       3.112
    2125       2.840
    2126       3.089
    2127       3.014
    2128       3.053
    2129       2.993
    2130       2.974
    2131       2.918
    2132       3.100
    2133       2.901
    2134       3.031
    2135       3.288
    2136       2.980
    2137       2.999
    2138       3.095
    2139       2.991
    2140       2.910
    2141       2.995
    2142       3.047
    2143       2.847
    2144       2.920
    2145       2.928
    2146       2.849
    2147       2.917
    2148       2.825
    2149       2.974
    2150       3.158
    2151       3.076
    2152       3.178
    2153       2.969
    2154       2.890
    2155       2.848
    2156       3.072
    2157       3.183
    2158       2.825
    2159       3.127
    2160       2.811
    2161       2.979
    2162       3.102
    2163       2.908
    2164       2.813
    2165       2.785
    2166       3.101
    2167       2.872
    2168       3.022
    2169       3.008
    2170       2.912
    2171       3.017
    2172       3.043
    2173       2.838
    2174       2.889
    2175       3.191
    2176       2.967
    2177       2.878
    2178       2.990
    2179       2.746
    2180       3.120
    2181       2.826
    2182       2.973
    2183       2.937
    2184       2.955
    2185       2.876
    2186       2.893
    2187       3.076
    2188       3.057
    2189       2.837
    2190       3.053
    2191       2.864
    2192       3.090
    2193       2.988
    2194       2.940
    2195       3.051
    2196       2.772
    2197       2.755
    2198       2.926
    2199       2.771
    2200       3.039
    2201       2.896
    2202       2.868
    2203       3.071
    2204       2.814
    2205       2.901
    2206       2.839
    2207       2.812
    2208       2.872
    2209       3.000
    2210       3.059
    2211       3.091
    2212       2.932
    2213       3.164
    2214       3.176
    2215       2.814
    2216       2.948
    2217       3.200
    2218       3.138
    2219       3.021
    2220       2.939
    2221       2.983
    2222       2.836
    2223       2.890
    2224       2.890
    2225       3.000
    2226       2.909
    2227       2.988
    2228       2.831
    2229       2.854
    2230       2.762
    2231       2.690
    2232       3.076
    2233       3.047
    2234       2.888
    2235       3.159
    2236       3.190
    2237       3.036
    2238       3.239
    2239       2.781
    2240       2.932
    2241       2.732
    2242       2.935
    2243       3.126
    2244       2.953
    2245       2.932
    2246       2.879
    2247       2.821
    2248       2.872
    2249       2.965
    2250       2.951
    2251       2.923
    2252       2.943
    2253       3.015
    2254       3.073
    2255       3.205
    2256       3.344
    2257       3.021
    2258       2.881
    2259       2.978
    2260       2.839
    2261       3.087
    2262       2.855
    2263       3.010
    2264       2.754
    2265       3.128
    2266       3.123
    2267       2.889
    2268       2.968
    2269       3.004
    2270       3.056
    2271       3.037
    2272       3.001
    2273       2.968
    2274       3.186
    2275       2.953
    2276       3.232
    2277       3.107
    2278       2.968
    2279       3.046
    2280       2.786
    2281       2.966
    2282       3.100
    2283       3.081
    2284       2.927
    2285       2.857
    2286       3.140
    2287       2.683
    2288       2.769
    2289       2.828
    2290       2.830
    2291       3.056
    2292       2.866
    2293       2.943
    2294       2.907
    2295       2.946
    2296       2.947
    2297       2.979
    2298       3.187
    2299       2.895
    2300       2.982
    2301       2.956
    2302       3.015
    2303       2.971
    2304       2.997
    2305       2.912
    2306       3.073
    2307       3.083
    2308       3.220
    2309       2.916
    2310       3.055
    2311       2.962
    2312       3.000
    2313       2.850
    2314       3.279
    2315       2.945
    2316       2.897
    2317       3.018
    2318       3.092
    2319       2.877
    2320       2.858
    2321       3.184
    2322       2.905
    2323       3.080
    2324       2.931
    2325       2.815
    2326       2.990
    2327       2.885
    2328       3.074
    2329       3.068
    2330       2.831
    2331       2.980
    2332       3.113
    2333       3.172
    2334       3.090
    2335       3.029
    2336       3.006
    2337       2.906
    2338       3.031
    2339       2.931
    2340       2.843
    2341       3.024
    2342       2.775
    2343       2.884
    2344       2.777
    2345       2.801
    2346       2.747
    2347       2.893
    2348       2.996
    2349       2.924
    2350       3.051
    2351       3.070
    2352       2.911
    2353       2.844
    2354       3.107
    2355       2.947
    2356       2.938
    2357       2.986
    2358       2.880
    2359       2.867
    2360       3.013
    2361       3.113
    2362       3.064
    2363       2.920
    2364       2.976
    2365       3.001
    2366       2.790
    2367       2.899
    2368       3.051
    2369       2.959
    2370       3.164
    2371       3.230
    2372       2.949
    2373       3.071
    2374       3.172
    2375       2.882
    2376       2.816
    2377       2.961
    2378       2.860
    2379       2.987
    2380       2.889
    2381       3.036
    2382       2.784
    2383       2.802
    2384       2.964
    2385       3.091
    2386       2.957
    2387       3.030
    2388       2.890
    2389       2.984
    2390       2.896
    2391       2.833
    2392       2.999
    2393       2.916
    2394       3.230
    2395       2.800
    2396       2.807
    2397       2.893
    2398       2.936
    2399       2.946
    2400       3.153
    2401       2.775
    2402       3.251
    2403       2.884
    2404       3.148
    2405       3.164
    2406       3.072
    2407       2.752
    2408       3.032
    2409       2.731
    2410       2.765
    2411       2.997
    2412       2.989
    2413       3.184
    2414       3.032
    2415       2.812
    2416       3.071
    2417       2.975
    2418       3.016
    2419       2.862
    2420       3.054
    2421       3.039
    2422       3.049
    2423       2.979
    2424       3.014
    2425       3.001
    2426       3.118
    2427       3.036
    2428       2.935
    2429       2.865
    2430       3.301
    2431       2.734
    2432       3.093
    2433       3.163
    2434       3.010
    2435       2.889
    2436       3.102
    2437       3.081
    2438       2.967
    2439       2.981
    2440       2.758
    2441       3.162
    2442       2.796
    2443       3.026
    2444       3.096
    2445       2.979
    2446       3.063
    2447       2.933
    2448       3.050
    2449       2.980
    2450       3.005
    2451       2.950
    2452       2.910
    2453       2.887
    2454       2.841
    2455       2.897
    2456       2.955
    2457       3.154
    2458       2.952
    2459       3.035
    2460       2.937
    2461       3.254
    2462       2.876
    2463       2.956
    2464       2.895
    2465       2.789
    2466       2.834
    2467       2.875
    2468       3.108
    2469       2.904
    2470       2.801
    2471       2.985
    2472       3.012
    2473       3.041
    2474       2.936
    2475       3.037
    2476       2.865
    2477       3.092
    2478       2.891
    2479       3.016
    2480       2.856
    2481       2.922
    2482       2.988
    2483       2.939
    2484       2.802
    2485       2.994
    2486       2.828
    2487       2.924
    2488       3.045
    2489       3.158
    2490       2.917
    2491       2.982
    2492       2.860
    2493       2.905
    2494       3.073
    2495       2.926
    2496       2.981
    2497       2.949
    2498       2.776
    2499       2.895
    2500       3.047
    2501       3.125
    2502       3.013
    2503       2.866
    2504       2.761
    2505       3.012
    2506       2.992
    2507       2.882
    2508       2.904
    2509       2.816
    2510       2.933
    2511       3.059
    2512       3.251
    2513       3.209
    2514       3.119
    2515       3.015
    2516       2.746
    2517       2.887
    2518       2.966
    2519       2.850
    2520       2.890
    2521       3.000
    2522       3.176
    2523       3.042
    2524       2.855
    2525       2.858
    2526       2.993
    2527       3.121
    2528       3.151
    2529       2.840
    2530       2.914
    2531       2.974
    2532       3.050
    2533       2.836
    2534       2.787
    2535       2.706
    2536       2.903
    2537       3.015
    2538       3.033
    2539       3.033
    2540       2.867
    2541       3.124
    2542       3.029
    2543       2.854
    2544       2.850
    2545       3.175
    2546       3.140
    2547       2.984
    2548       3.043
    2549       3.067
    2550       2.888
    2551       2.887
    2552       2.834
    2553       3.115
    2554       2.982
    2555       3.037
    2556       3.149
    2557       2.959
    2558       3.034
    2559       2.984
    2560       2.970
    2561       2.926
    2562       3.025
    2563       3.003
    2564       3.102
    2565       3.048
    2566       2.931
    2567       2.819
    2568       3.090
    2569       2.857
    2570       2.857
    2571       3.205
    2572       2.986
    2573       3.113
    2574       2.936
    2575       3.074
    2576       2.860
    2577       2.969
    2578       2.889
    2579       3.062
    2580       2.655
    2581       2.987
    2582       2.840
    2583       2.934
    2584       2.991
    2585       3.002
    2586       3.044
    2587       2.830
    2588       2.992
    2589       3.183
    2590       2.865
    2591       2.868
    2592       3.189
    2593       2.900
    2594       2.827
    2595       2.887
    2596       2.959
    2597       3.048
    2598       3.030
    2599       2.976
    2600       2.839
    2601       2.939
    2602       2.668
    2603       2.808
    2604       3.044
    2605       3.074
    2606       3.061
    2607       3.051
    2608       2.817
    2609       3.032
    2610       3.006
    2611       2.799
    2612       2.946
    2613       2.967
    2614       2.971
    2615       2.907
    2616       2.879
    2617       2.977
    2618       2.970
    2619       3.057
    2620       2.888
    2621       2.904
    2622       2.909
    2623       3.002
    2624       2.903
    2625       3.234
    2626       3.039
    2627       2.941
    2628       2.902
    2629       3.100
    2630       2.937
    2631       3.107
    2632       3.292
    2633       3.102
    2634       3.113
    2635       3.536
    2636       2.756
    2637       3.123
    2638       2.961
    2639       2.928
    2640       2.835
    2641       2.952
    2642       2.838
    2643       3.104
    2644       3.015
    2645       2.892
    2646       2.848
    2647       3.026
    2648       3.138
    2649       3.009
    2650       2.892
    2651       2.804
    2652       3.061
    2653       3.016
    2654       3.014
    2655       3.037
    2656       2.881
    2657       3.135
    2658       3.001
    2659       2.821
    2660       2.919
    2661       3.044
    2662       3.018
    2663       2.913
    2664       2.875
    2665       2.963
    2666       2.845
    2667       2.894
    2668       2.917
    2669       3.038
    2670       3.264
    2671       2.867
    2672       2.888
    2673       3.029
    2674       3.180
    2675       3.054
    2676       2.957
    2677       2.926
    2678       2.990
    2679       3.066
    2680       2.919
    2681       2.844
    2682       3.010
    2683       2.939
    2684       2.953
    2685       2.921
    2686       2.964
    2687       2.919
    2688       3.010
    2689       2.948
    2690       3.008
    2691       3.069
    2692       3.043
    2693       2.676
    2694       2.787
    2695       3.124
    2696       3.121
    2697       3.001
    2698       2.853
    2699       2.835
    2700       2.962
    2701       2.986
    2702       2.857
    2703       2.832
    2704       2.844
    2705       2.922
    2706       2.747
    2707       3.229
    2708       2.792
    2709       2.939
    2710       2.817
    2711       2.974
    2712       2.817
    2713       3.129
    2714       3.033
    2715       2.905
    2716       3.117
    2717       3.018
    2718       2.892
    2719       3.200
    2720       2.823
    2721       2.894
    2722       2.942
    2723       2.835
    2724       2.993
    2725       2.907
    2726       2.950
    2727       2.828
    2728       3.053
    2729       2.930
    2730       2.829
    2731       2.770
    2732       3.128
    2733       2.881
    2734       2.801
    2735       3.019
    2736       2.974
    2737       2.986
    2738       2.984
    2739       3.021
    2740       3.423
    2741       2.984
    2742       3.231
    2743       2.973
    2744       2.964
    2745       2.919
    2746       3.003
    2747       2.952
    2748       3.133
    2749       3.009
    2750       2.786
    2751       2.859
    2752       2.959
    2753       2.964
    2754       2.768
    2755       3.136
    2756       2.988
    2757       2.789
    2758       3.309
    2759       3.295
    2760       3.172
    2761       3.099
    2762       3.073
    2763       3.068
    2764       2.915
    2765       3.029
    2766       2.864
    2767       3.247
    2768       3.109
    2769       3.143
    2770       2.781
    2771       3.171
    2772       3.143
    2773       3.109
    2774       2.974
    2775       2.919
    2776       2.987
    2777       3.256
    2778       3.139
    2779       2.855
    2780       2.930
    2781       2.949
    2782       3.108
    2783       2.955
    2784       3.106
    2785       2.991
    2786       2.846
    2787       2.758
    2788       2.784
    2789       3.188
    2790       3.062
    2791       2.913
    2792       2.949
    2793       2.958
    2794       3.000
    2795       3.104
    2796       3.010
    2797       3.147
    2798       2.798
    2799       2.869
    2800       2.831
    2801       3.137
    2802       2.932
    2803       3.095
    2804       2.897
    2805       2.947
    2806       3.113
    2807       3.019
    2808       3.293
    2809       3.033
    2810       2.871
    2811       3.220
    2812       2.975
    2813       3.081
    2814       2.953
    2815       3.089
    2816       3.116
    2817       3.025
    2818       3.009
    2819       3.027
    2820       3.179
    2821       3.077
    2822       3.123
    2823       2.993
    2824       2.963
    2825       2.840
    2826       2.851
    2827       3.100
    2828       3.196
    2829       2.992
    2830       3.121
    2831       3.173
    2832       3.010
    2833       2.953
    2834       3.258
    2835       2.732
    2836       3.147
    2837       2.972
    2838       3.173
    2839       2.883
    2840       2.820
    2841       3.065
    2842       3.074
    2843       2.931
    2844       3.100
    2845       2.971
    2846       2.836
    2847       2.859
    2848       2.908
    2849       2.771
    2850       2.972
    2851       3.023
    2852       3.127
    2853       2.834
    2854       3.117
    2855       2.972
    2856       2.997
    2857       2.999
    2858       2.866
    2859       3.119
    2860       3.041
    2861       2.762
    2862       2.899
    2863       2.936
    2864       3.160
    2865       2.860
    2866       2.756
    2867       2.876
    2868       2.936
    2869       2.982
    2870       3.031
    2871       2.816
    2872       2.917
    2873       3.025
    2874       2.977
    2875       2.866
    2876       2.933
    2877       2.819
    2878       2.841
    2879       3.006
    2880       2.986
    2881       2.818
    2882       3.119
    2883       3.066
    2884       2.879
    2885       3.347
    2886       3.021
    2887       2.945
    2888       3.083
    2889       3.087
    2890       2.839
    2891       3.048
    2892       3.093
    2893       2.982
    2894       2.927
    2895       3.012
    2896       2.858
    2897       2.954
    2898       2.975
    2899       2.900
    2900       3.000
    2901       2.828
    2902       2.783
    2903       2.835
    2904       3.008
    2905       2.991
    2906       2.911
    2907       3.032
    2908       2.939
    2909       3.028
    2910       2.943
    2911       3.020
    2912       3.129
    2913       3.013
    2914       2.926
    2915       2.833
    2916       3.163
    2917       2.940
    2918       3.125
    2919       2.892
    2920       2.954
    2921       3.354
    2922       3.256
    2923       2.944
    2924       3.138
    2925       2.979
    2926       2.840
    2927       3.053
    2928       2.891
    2929       2.957
    2930       2.912
    2931       3.145
    2932       2.880
    2933       2.958
    2934       3.102
    2935       3.118
    2936       2.914
    2937       3.402
    2938       3.246
    2939       3.009
    2940       3.002
    2941       2.950
    2942       3.169
    2943       3.170
    2944       3.067
    2945       2.986
    2946       3.166
    2947       2.806
    2948       2.970
    2949       2.857
    2950       2.864
    2951       3.133
    2952       2.805
    2953       3.239
    2954       3.045
    2955       3.168
    2956       3.187
    2957       2.818
    2958       2.883
    2959       3.139
    2960       2.943
    2961       2.877
    2962       3.102
    2963       3.162
    2964       3.064
    2965       2.983
    2966       2.998
    2967       2.946
    2968       2.995
    2969       2.951
    2970       3.140
    2971       3.167
    2972       2.998
    2973       3.078
    2974       3.083
    2975       3.146
    2976       3.017
    2977       2.867
    2978       3.252
    2979       3.419
    2980       3.077
    2981       3.062
    2982       2.852
    2983       2.976
    2984       2.951
    2985       3.071
    2986       3.108
    2987       2.780
    2988       3.225
    2989       3.220
    2990       3.003
    2991       2.786
    2992       3.122
    2993       2.927
    2994       3.029
    2995       3.315
    2996       3.266
    2997       2.881
    2998       3.179
    2999       3.192
    3000       3.131
    3001       2.996
    3002       3.120
    3003       2.918
    3004       3.160
    3005       3.251
    3006       3.057
    3007       2.875
    3008       2.807
    3009       3.019
    3010       3.104
    3011       2.984
    3012       2.861
    3013       2.960
    3014       2.872
    3015       2.881
    3016       3.275
    3017       3.105
    3018       3.105
    3019       2.937
    3020       3.290
    3021       3.169
    3022       2.782
    3023       3.056
    3024       2.976
    3025       2.863
    3026       3.072
    3027       3.042
    3028       2.946
    3029       3.023
    3030       3.250
    3031       2.949
    3032       2.860
    3033       3.102
    3034       3.041
    3035       3.237
    3036       2.975
    3037       3.088
    3038       3.360
    3039       3.048
    3040       3.127
    3041       2.818
    3042       3.089
    3043       3.265
    3044       2.951
    3045       2.916
    3046       2.820
    3047       2.923
    3048       3.183
    3049       2.792
    3050       3.059
    3051       2.910
    3052       3.167
    3053       2.713
    3054       2.853
    3055       3.113
    3056       3.003
    3057       3.118
    3058       3.170
    3059       3.104
    3060       2.953
    3061       3.403
    3062       3.360
    3063       3.227
    3064       2.997
    3065       3.043
    3066       2.993
    3067       3.242
    3068       2.883
    3069       3.190
    3070       3.266
    3071       3.159
    3072       3.066
    3073       2.967
    3074       2.926
    3075       2.943
    3076       2.876
    3077       3.046
    3078       3.143
    3079       3.259
    3080       3.246
    3081       3.043
    3082       3.408
    3083       2.880
    3084       3.338
    3085       3.066
    3086       3.388
    3087       3.065
    3088       2.952
    3089       3.155
    3090       2.985
    3091       3.087
    3092       3.119
    3093       2.963
    3094       3.282
    3095       2.984
    3096       2.908
    3097       3.035
    3098       3.111
    3099       2.902
    3100       2.891
    3101       3.273
    3102       3.007
    3103       2.904
    3104       3.027
    3105       3.184
    3106       3.150
    3107       3.202
    3108       3.277
    3109       3.004
    3110       2.951
    3111       3.156
    3112       2.997
    3113       3.014
    3114       2.800
    3115       3.340
    3116       2.966
    3117       3.329
    3118       3.209
    3119       3.013
    3120       3.178
    3121       3.307
    3122       3.096
    3123       2.882
    3124       2.893
    3125       3.294
    3126       3.105
    3127       3.057
    3128       3.201
    3129       3.375
    3130       2.911
    3131       3.287
    3132       3.041
    3133       3.286
    3134       2.864
    3135       2.990
    3136       2.977
    3137       3.211
    3138       3.030
    3139       3.106
    3140       2.843
    3141       2.994
    3142       3.187
    3143       2.818
    3144       2.906
    3145       3.234
    3146       3.184
    3147       2.978
    3148       3.045
    3149       3.037
    3150       2.880
    3151       3.063
    3152       3.105
    3153       3.241
    3154       2.972
    3155       3.124
    3156       3.270
    3157       3.237
    3158       3.021
    3159       3.359
    3160       3.293
    3161       3.458
    3162       3.025
    3163       2.927
    3164       2.969
    3165       2.973
    3166       2.982
    3167       2.850
    3168       3.165
    3169       3.134
    3170       2.841
    3171       2.965
    3172       2.915
    3173       3.017
    3174       2.947
    3175       2.870
    3176       2.959
    3177       3.074
    3178       2.810
    3179       2.924
    3180       3.223
    3181       3.106
    3182       3.100
    3183       2.918
    3184       3.123
    3185       3.253
    3186       2.869
    3187       3.145
    3188       2.966
    3189       3.208
    3190       3.159
    3191       2.928
    3192       2.917
    3193       2.979
    3194       3.027
    3195       2.789
    3196       3.018
    3197       2.945
    3198       2.871
    3199       2.991
    3200       3.150
    3201       2.888
    3202       3.103
    3203       3.221
    3204       3.135
    3205       3.152
    3206       3.211
    3207       2.821
    3208       3.217
    3209       2.860
    3210       3.125
    3211       2.926
    3212       3.201
    3213       3.349
    3214       3.031
    3215       2.853
    3216       2.977
    3217       3.024
    3218       3.370
    3219       2.972
    3220       3.081
    3221       3.064
    3222       3.208
    3223       3.195
    3224       2.834
    3225       2.942
    3226       2.954
    3227       3.195
    3228       2.994
    3229       2.907
    3230       2.910
    3231       3.165
    3232       3.222
    3233       3.135
    3234       3.064
    3235       3.008
    3236       3.091
    3237       2.973
    3238       3.176
    3239       3.171
    3240       3.119
    3241       2.823
    3242       3.231
    3243       3.396
    3244       3.192
    3245       2.972
    3246       3.192
    3247       2.991
    3248       3.163
    3249       3.204
    3250       3.148
    3251       3.109
    3252       3.089
    3253       3.029
    3254       3.058
    3255       3.147
    3256       3.052
    3257       2.872
    3258       3.329
    3259       3.056
    3260       3.193
    3261       3.247
    3262       3.378
    3263       3.150
    3264       3.162
    3265       2.852
    3266       3.324
    3267       3.290
    3268       2.947
    3269       3.056
    3270       3.211
    3271       3.251
    3272       2.988
    3273       2.954
    3274       3.394
    3275       2.936
    3276       2.792
    3277       3.111
    3278       3.036
    3279       2.989
    3280       2.788
    3281       3.056
    3282       2.974
    3283       3.079
    3284       2.957
    3285       3.014
    3286       3.307
    3287       3.189
    3288       3.028
    3289       3.044
    3290       3.125
    3291       3.158
    3292       3.020
    3293       3.091
    3294       2.958
    3295       2.904
    3296       3.070
    3297       3.029
    3298       3.097
    3299       3.063
    3300       2.991
    3301       2.999
    3302       3.138
    3303       2.958
    3304       3.015
    3305       2.873
    3306       3.231
    3307       3.296
    3308       2.811
    3309       3.263
    3310       3.068
    3311       2.945
    3312       2.744
    3313       2.988
    3314       2.993
    3315       2.950
    3316       3.275
    3317       3.089
    3318       3.471
    3319       3.212
    3320       3.220
    3321       2.967
    3322       3.094
    3323       2.963
    3324       3.142
    3325       2.962
    3326       3.157
    3327       3.162
    3328       3.124
    3329       3.276
    3330       3.045
    3331       3.452
    3332       2.914
    3333       3.479
    3334       3.238
    3335       3.109
    3336       2.965
    3337       2.827
    3338       3.094
    3339       2.946
    3340       2.985
    3341       3.169
    3342       2.846
    3343       3.011
    3344       3.349
    3345       3.183
    3346       3.076
    3347       3.010
    3348       2.863
    3349       2.919
    3350       3.002
    3351       3.213
    3352       2.945
    3353       3.082
    3354       3.190
    3355       3.207
    3356       3.366
    3357       2.957
    3358       3.101
    3359       2.864
    3360       3.089
    3361       3.159
    3362       2.899
    3363       3.047
    3364       3.062
    3365       3.001
    3366       2.975
    3367       3.396
    3368       2.991
    3369       3.073
    3370       3.020
    3371       2.981
    3372       3.069
    3373       3.072
    3374       3.032
    3375       2.978
    3376       3.098
    3377       3.043
    3378       3.019
    3379       3.242
    3380       2.966
    3381       3.011
    3382       2.918
    3383       2.992
    3384       3.214
    3385       3.445
    3386       3.199
    3387       3.069
    3388       3.225
    3389       3.195
    3390       3.008
    3391       3.104
    3392       3.342
    3393       3.271
    3394       2.984
    3395       3.400
    3396       2.855
    3397       3.101
    3398       2.811
    3399       2.793
    3400       2.927
    3401       2.966
    3402       3.093
    3403       2.916
    3404       3.155
    3405       3.353
    3406       3.108
    3407       2.998
    3408       2.910
    3409       3.146
    3410       2.985
    3411       3.293
    3412       2.991
    3413       3.192
    3414       2.925
    3415       3.126
    3416       3.204
    3417       3.035
    3418       3.125
    3419       3.003
    3420       3.017
    3421       3.037
    3422       2.921
    3423       3.126
    3424       2.898
    3425       3.449
    3426       2.917
    3427       3.020
    3428       3.462
    3429       2.962
    3430       2.876
    3431       3.193
    3432       2.674
    3433       3.238
    3434       3.057
    3435       3.178
    3436       3.079
    3437       2.944
    3438       2.803
    3439       3.062
    3440       3.352
    3441       2.757
    3442       3.003
    3443       3.094
    3444       2.890
    3445       3.033
    3446       3.265
    3447       3.106
    3448       2.857
    3449       3.040
    3450       2.944
    3451       3.047
    3452       3.210
    3453       2.975
    3454       2.873
    3455       3.035
    3456       3.173
    3457       3.031
    3458       3.149
    3459       3.067
    3460       3.338
    3461       3.076
    3462       3.061
    3463       3.235
    3464       3.323
    3465       2.871
    3466       2.879
    3467       2.905
    3468       3.052
    3469       2.951
    3470       2.994
    3471       3.236
    3472       2.872
    3473       3.015
    3474       3.020
    3475       2.918
    3476       3.036
    3477       2.912
    3478       3.113
    3479       3.125
    3480       3.029
    3481       3.078
    3482       2.787
    3483       3.174
    3484       3.273
    3485       3.110
    3486       2.971
    3487       3.349
    3488       3.116
    3489       3.185
    3490       3.237
    3491       3.042
    3492       2.973
    3493       3.062
    3494       3.246
    3495       3.075
    3496       3.197
    3497       2.963
    3498       3.026
    3499       3.364
    3500       3.150
    3501       3.132
    3502       2.951
    3503       3.053
    3504       3.007
    3505       2.828
    3506       2.881
    3507       3.004
    3508       3.149
    3509       3.111
    3510       3.008
    3511       2.921
    3512       2.973
    3513       2.788
    3514       3.141
    3515       2.910
    3516       3.158
    3517       2.886
    3518       2.950
    3519       2.964
    3520       2.742
    3521       2.959
    3522       2.881
    3523       3.096
    3524       2.908
    3525       3.216
    3526       3.200
    3527       2.894
    3528       3.041
    3529       3.008
    3530       3.081
    3531       3.177
    3532       3.108
    3533       3.002
    3534       3.066
    3535       3.054
    3536       2.753
    3537       2.858
    3538       3.172
    3539       3.000
    3540       2.841
    3541       2.934
    3542       3.012
    3543       3.195
    3544       2.886
    3545       3.088
    3546       3.100
    3547       2.974
    3548       3.013
    3549       3.212
    3550       3.046
    3551       3.123
    3552       3.158
    3553       3.115
    3554       2.958
    3555       3.211
    3556       3.190
    3557       2.982
    3558       3.049
    3559       3.082
    3560       2.885
    3561       3.068
    3562       3.060
    3563       3.088
    3564       3.033
    3565       3.068
    3566       2.784
    3567       3.123
    3568       3.390
    3569       2.942
    3570       2.921
    3571       2.916
    3572       2.899
    3573       2.980
    3574       3.096
    3575       2.774
    3576       3.125
    3577       2.874
    3578       3.005
    3579       3.152
    3580       2.862
    3581       3.063
    3582       2.892
    3583       3.208
    3584       3.001
    3585       2.992
    3586       2.896
    3587       3.076
    3588       3.052
    3589       3.198
    3590       2.979
    3591       3.074
    3592       2.870
    3593       2.997
    3594       2.921
    3595       3.039
    3596       3.199
    3597       3.109
    3598       2.925
    3599       3.107
    3600       3.035
    3601       3.161
    3602       3.076
    3603       3.043
    3604       3.299
    3605       3.208
    3606       3.213
    3607       2.979
    3608       3.198
    3609       2.909
    3610       3.171
    3611       2.806
    3612       2.794
    3613       3.066
    3614       2.943
    3615       2.873
    3616       2.858
    3617       3.110
    3618       3.177
    3619       2.899
    3620       3.012
    3621       2.892
    3622       2.991
    3623       3.143
    3624       3.083
    3625       3.022
    3626       2.975
    3627       3.058
    3628       2.947
    3629       2.873
    3630       2.998
    3631       3.161
    3632       3.104
    3633       3.066
    3634       3.005
    3635       2.944
    3636       3.189
    3637       3.151
    3638       2.895
    3639       2.947
    3640       3.208
    3641       3.066
    3642       3.105
    3643       2.965
    3644       2.859
    3645       2.859
    3646       3.088
    3647       2.999
    3648       3.174
    3649       2.981
    3650       2.772
    3651       2.965
    3652       2.947
    3653       2.804
    3654       3.140
    3655       2.708
    3656       2.984
    3657       3.019
    3658       2.988
    3659       2.821
    3660       2.930
    3661       2.998
    3662       2.998
    3663       2.841
    3664       3.061
    3665       3.195
    3666       2.921
    3667       2.929
    3668       3.360
    3669       2.974
    3670       2.769
    3671       3.006
    3672       2.894
    3673       2.662
    3674       2.854
    3675       2.909
    3676       3.032
    3677       3.064
    3678       3.115
    3679       3.010
    3680       3.070
    3681       3.086
    3682       2.972
    3683       3.044
    3684       2.953
    3685       3.160
    3686       3.110
    3687       3.063
    3688       3.199
    3689       2.922
    3690       2.950
    3691       3.033
    3692       2.971
    3693       2.978
    3694       2.688
    3695       3.063
    3696       3.152
    3697       3.014
    3698       2.996
    3699       3.095
    3700       2.929
    3701       2.948
    3702       2.958
    3703       3.189
    3704       3.023
    3705       2.978
    3706       2.726
    3707       2.883
    3708       3.147
    3709       2.868
    3710       2.877
    3711       2.854
    3712       3.130
    3713       3.063
    3714       3.153
    3715       3.048
    3716       2.931
    3717       2.967
    3718       3.063
    3719       2.806
    3720       3.135
    3721       3.193
    3722       3.088
    3723       3.004
    3724       2.847
    3725       2.966
    3726       3.105
    3727       3.091
    3728       2.776
    3729       2.890
    3730       2.991
    3731       3.066
    3732       3.028
    3733       2.886
    3734       3.148
    3735       2.978
    3736       3.040
    3737       2.920
    3738       3.042
    3739       3.097
    3740       3.045
    3741       3.138
    3742       2.895
    3743       2.860
    3744       3.009
    3745       3.011
    3746       2.851
    3747       3.029
    3748       2.981
    3749       2.838
    3750       2.951
    3751       2.978
    3752       3.089
    3753       2.768
    3754       3.115
    3755       2.903
    3756       2.947
    3757       2.749
    3758       3.105
    3759       3.034
    3760       2.931
    3761       3.021
    3762       2.918
    3763       2.953
    3764       2.906
    3765       2.720
    3766       3.121
    3767       2.818
    3768       2.862
    3769       2.866
    3770       2.937
    3771       2.990
    3772       3.087
    3773       3.159
    3774       3.177
    3775       2.997
    3776       2.916
    3777       3.027
    3778       3.069
    3779       3.175
    3780       2.980
    3781       2.801
    3782       3.057
    3783       2.975
    3784       2.771
    3785       3.145
    3786       3.065
    3787       2.917
    3788       2.997
    3789       2.980
    3790       3.034
    3791       2.981
    3792       2.899
    3793       3.108
    3794       3.227
    3795       3.133
    3796       3.090
    3797       3.107
    3798       3.000
    3799       3.197
    3800       2.931
    3801       3.231
    3802       2.951
    3803       2.841
    3804       3.009
    3805       3.086
    3806       2.944
    3807       3.124
    3808       2.969
    3809       2.932
    3810       3.013
    3811       2.896
    3812       3.029
    3813       2.973
    3814       2.821
    3815       2.966
    3816       2.956
    3817       2.893
    3818       3.090
    3819       3.089
    3820       2.889
    3821       2.963
    3822       2.937
    3823       2.940
    3824       2.887
    3825       3.094
    3826       2.864
    3827       2.945
    3828       3.056
    3829       2.838
    3830       2.892
    3831       2.977
    3832       3.104
    3833       2.849
    3834       2.838
    3835       2.946
    3836       2.974
    3837       3.176
    3838       3.028
    3839       3.031
    3840       3.109
    3841       3.063
    3842       2.900
    3843       3.020
    3844       2.831
    3845       2.841
    3846       2.846
    3847       2.925
    3848       2.975
    3849       3.000
    3850       3.038
    3851       2.883
    3852       2.982
    3853       2.980
    3854       2.927
    3855       2.928
    3856       3.193
    3857       3.057
    3858       3.090
    3859       3.095
    3860       3.038
    3861       2.944
    3862       3.124
    3863       3.065
    3864       2.928
    3865       3.224
    3866       2.971
    3867       2.948
    3868       3.154
    3869       3.002
    3870       2.832
    3871       2.974
    3872       3.169
    3873       3.081
    3874       3.094
    3875       3.119
    3876       3.175
    3877       3.259
    3878       2.816
    3879       3.059
    3880       3.086
    3881       3.204
    3882       3.139
    3883       2.956
    3884       3.036
    3885       3.166
    3886       3.229
    3887       3.164
    3888       3.038
    3889       3.018
    3890       3.120
    3891       2.987
    3892       2.989
    3893       3.141
    3894       2.940
    3895       2.956
    3896       2.813
    3897       3.095
    3898       3.256
    3899       3.169
    3900       2.909
    3901       3.161
    3902       3.031
    3903       3.183
    3904       3.046
    3905       2.908
    3906       2.735
    3907       2.796
    3908       2.952
    3909       2.942
    3910       3.161
    3911       3.084
    3912       3.024
    3913       2.925
    3914       3.039
    3915       2.835
    3916       3.045
    3917       2.917
    3918       2.711
    3919       2.977
    3920       2.923
    3921       3.069
    3922       2.785
    3923       2.780
    3924       2.974
    3925       3.028
    3926       2.976
    3927       2.744
    3928       3.274
    3929       3.089
    3930       2.912
    3931       2.792
    3932       2.999
    3933       2.782
    3934       2.763
    3935       2.907
    3936       2.844
    3937       2.989
    3938       3.112
    3939       2.826
    3940       2.842
    3941       2.882
    3942       3.073
    3943       3.115
    3944       2.874
    3945       2.844
    3946       2.897
    3947       2.852
    3948       2.812
    3949       3.152
    3950       2.944
    3951       2.995
    3952       2.836
    3953       2.831
    3954       3.156
    3955       2.979
    3956       3.155
    3957       2.921
    3958       2.921
    3959       2.991
    3960       3.109
    3961       3.111
    3962       2.644
    3963       3.003
    3964       2.773
    3965       2.965
    3966       3.337
    3967       3.438
    3968       2.902
    3969       2.824
    3970       3.178
    3971       3.108
    3972       2.893
    3973       3.006
    3974       2.901
    3975       2.755
    3976       2.967
    3977       3.085
    3978       2.996
    3979       3.006
    3980       3.033
    3981       2.896
    3982       3.083
    3983       2.933
    3984       2.988
    3985       2.806
    3986       2.910
    3987       2.951
    3988       2.911
    3989       3.129
    3990       3.201
    3991       3.022
    3992       3.117
    3993       2.944
    3994       3.092
    3995       3.021
    3996       3.103
    3997       2.676
    3998       3.228
    3999       3.119
    4000       3.056
    4001       2.953
    4002       3.110
    4003       2.940
    4004       2.892
    4005       2.892
    4006       3.127
    4007       2.908
    4008       3.092
    4009       2.914
    4010       2.686
    4011       2.861
    4012       2.800
    4013       2.785
    4014       2.818
    4015       3.053
    4016       2.935
    4017       2.815
    4018       2.906
    4019       2.937
    4020       2.872
    4021       3.054
    4022       2.942
    4023       3.160
    4024       3.212
    4025       2.829
    4026       2.964
    4027       2.960
    4028       3.050
    4029       3.034
    4030       3.068
    4031       2.982
    4032       2.933
    4033       2.907
    4034       2.922
    4035       2.965
    4036       3.019
    4037       3.146
    4038       2.773
    4039       2.767
    4040       2.941
    4041       3.010
    4042       3.045
    4043       2.939
    4044       3.287
    4045       2.922
    4046       3.034
    4047       3.037
    4048       2.930
    4049       3.057
    4050       2.989
    4051       2.910
    4052       2.734
    4053       2.948
    4054       3.025
    4055       2.861
    4056       2.966
    4057       2.845
    4058       3.017
    4059       2.839
    4060       3.157
    4061       3.052
    4062       3.208
    4063       3.002
    4064       2.960
    4065       2.833
    4066       2.883
    4067       2.741
    4068       2.793
    4069       3.174
    4070       3.150
    4071       2.953
    4072       2.876
    4073       3.160
    4074       3.128
    4075       3.024
    4076       3.089
    4077       3.013
    4078       2.867
    4079       3.283
    4080       3.094
    4081       2.961
    4082       3.322
    4083       3.121
    4084       2.849
    4085       3.051
    4086       2.941
    4087       3.016
    4088       3.064
    4089       3.138
    4090       3.149
    4091       3.120
    4092       3.210
    4093       2.750
    4094       2.945
    4095       3.034
    4096       3.086
    4097       3.085
    4098       2.866
    4099       2.837
    4100       2.943
    4101       3.051
    4102       3.311
    4103       3.013
    4104       3.110
    4105       2.971
    4106       2.994
    4107       3.018
    4108       2.964
    4109       3.225
    4110       3.274
    4111       2.926
    4112       3.148
    4113       2.992
    4114       3.158
    4115       2.977
    4116       2.938
    4117       3.100
    4118       2.925
    4119       3.032
    4120       2.920
    4121       2.976
    4122       2.845
    4123       3.109
    4124       2.971
    4125       3.061
    4126       3.113
    4127       2.914
    4128       3.009
    4129       3.153
    4130       2.821
    4131       3.007
    4132       3.032
    4133       3.082
    4134       3.017
    4135       2.936
    4136       2.932
    4137       3.121
    4138       3.035
    4139       3.063
    4140       2.938
    4141       3.148
    4142       2.994
    4143       3.312
    4144       2.896
    4145       3.156
    4146       2.921
    4147       2.975
    4148       2.768
    4149       3.077
    4150       3.239
    4151       2.978
    4152       3.103
    4153       2.911
    4154       2.921
    4155       3.104
    4156       3.048
    4157       3.098
    4158       2.995
    4159       3.138
    4160       3.012
    4161       2.986
    4162       2.946
    4163       2.894
    4164       3.075
    4165       2.973
    4166       2.969
    4167       3.038
    4168       3.068
    4169       3.051
    4170       3.136
    4171       2.790
    4172       3.158
    4173       3.062
    4174       2.753
    4175       2.969
    4176       2.901
    4177       3.014
    4178       3.177
    4179       2.957
    4180       2.965
    4181       2.936
    4182       2.958
    4183       3.027
    4184       2.797
    4185       3.044
    4186       3.050
    4187       3.007
    4188       2.956
    4189       2.914
    4190       3.106
    4191       3.264
    4192       3.107
    4193       2.745
    4194       2.925
    4195       3.086
    4196       3.097
    4197       2.919
    4198       3.089
    4199       2.899
    4200       3.028
    4201       2.991
    4202       2.754
    4203       2.943
    4204       3.040
    4205       3.070
    4206       3.204
    4207       3.168
    4208       3.067
    4209       3.114
    4210       2.851
    4211       2.922
    4212       2.760
    4213       3.102
    4214       3.137
    4215       3.061
    4216       3.150
    4217       3.141
    4218       2.891
    4219       3.119
    4220       3.232
    4221       3.174
    4222       3.170
    4223       3.078
    4224       2.876
    4225       2.957
    4226       2.808
    4227       3.175
    4228       2.990
    4229       2.832
    4230       2.921
    4231       2.939
    4232       2.950
    4233       3.027
    4234       3.204
    4235       3.239
    4236       3.072
    4237       2.975
    4238       2.958
    4239       3.297
    4240       2.770
    4241       2.967
    4242       2.995
    4243       2.998
    4244       3.136
    4245       2.934
    4246       2.893
    4247       2.864
    4248       3.206
    4249       3.065
    4250       3.123
    4251       3.202
    4252       3.094
    4253       3.069
    4254       3.004
    4255       2.936
    4256       3.251
    4257       3.001
    4258       2.828
    4259       2.815
    4260       3.104
    4261       3.030
    4262       3.022
    4263       3.242
    4264       3.001
    4265       3.196
    4266       3.186
    4267       2.951
    4268       3.153
    4269       2.945
    4270       3.088
    4271       3.002
    4272       3.041
    4273       2.833
    4274       2.997
    4275       2.876
    4276       3.317
    4277       3.325
    4278       2.962
    4279       2.974
    4280       2.983
    4281       2.961
    4282       3.071
    4283       2.885
    4284       3.182
    4285       3.182
    4286       3.037
    4287       2.878
    4288       2.843
    4289       3.131
    4290       2.983
    4291       3.168
    4292       3.063
    4293       3.057
    4294       3.360
    4295       3.063
    4296       3.116
    4297       3.029
    4298       2.701
    4299       3.060
    4300       3.021
    4301       3.141
    4302       3.072
    4303       2.774
    4304       2.956
    4305       3.117
    4306       2.947
    4307       3.164
    4308       3.103
    4309       2.878
    4310       3.184
    4311       2.976
    4312       3.114
    4313       3.043
    4314       2.883
    4315       3.211
    4316       3.177
    4317       3.073
    4318       3.072
    4319       2.917
    4320       2.956
    4321       3.038
    4322       3.005
    4323       2.806
    4324       2.986
    4325       3.161
    4326       2.838
    4327       3.087
    4328       2.957
    4329       3.094
    4330       3.011
    4331       3.054
    4332       3.145
    4333       3.040
    4334       3.043
    4335       3.114
    4336       3.014
    4337       3.222
    4338       3.122
    4339       3.101
    4340       3.050
    4341       3.353
    4342       2.916
    4343       3.194
    4344       3.201
    4345       3.192
    4346       3.270
    4347       2.940
    4348       3.255
    4349       3.102
    4350       3.380
    4351       3.527
    4352       3.187
    4353       2.956
    4354       3.396
    4355       3.101
    4356       3.343
    4357       3.301
    4358       3.104
    4359       3.081
    4360       2.926
    4361       3.280
    4362       3.211
    4363       3.359
    4364       3.238
    4365       3.166
    4366       3.229
    4367       3.221
    4368       3.179
    4369       3.185
    4370       3.046
    4371       3.240
    4372       3.415
    4373       3.317
    4374       3.188
    4375       3.183
    4376       3.304
    4377       3.051
    4378       3.232
    4379       3.198
    4380       3.289
    4381       3.389
    4382       3.281
    4383       3.080
    4384       3.160
    4385       3.181
    4386       2.954
    4387       2.869
    4388       3.257
    4389       3.085
    4390       3.041
    4391       3.285
    4392       3.310
    4393       2.995
    4394       2.849
    4395       3.234
    4396       2.897
    4397       3.206
    4398       2.970
    4399       3.437
    4400       3.573
    4401       3.039
    4402       3.151
    4403       3.195
    4404       3.369
    4405       3.319
    4406       3.266
    4407       3.099
    4408       3.007
    4409       3.215
    4410       3.246
    4411       3.078
    4412       2.951
    4413       3.089
    4414       3.316
    4415       2.868
    4416       2.987
    4417       2.765
    4418       3.456
    4419       2.982
    4420       2.900
    4421       2.875
    4422       3.088
    4423       2.928
    4424       2.962
    4425       3.335
    4426       3.070
    4427       2.969
    4428       3.295
    4429       2.959
    4430       2.886
    4431       2.981
    4432       3.198
    4433       2.917
    4434       3.206
    4435       3.262
    4436       2.816
    4437       3.445
    4438       2.956
    4439       3.170
    4440       2.914
    4441       3.245
    4442       2.911
    4443       3.091
    4444       3.206
    4445       3.064
    4446       3.146
    4447       3.109
    4448       3.089
    4449       2.895
    4450       3.115
    4451       3.160
    4452       3.247
    4453       3.517
    4454       2.810
    4455       3.037
    4456       2.910
    4457       3.014
    4458       2.934
    4459       3.106
    4460       3.228
    4461       3.118
    4462       3.033
    4463       2.989
    4464       3.484
    4465       3.045
    4466       3.278
    4467       3.539
    4468       3.135
    4469       3.379
    4470       3.138
    4471       3.003
    4472       2.990
    4473       3.196
    4474       3.216
    4475       2.927
    4476       3.096
    4477       3.365
    4478       3.033
    4479       3.353
    4480       3.332
    4481       3.303
    4482       3.317
    4483       3.140
    4484       3.186
    4485       3.185
    4486       3.566
    4487       3.155
    4488       3.289
    4489       3.246
    4490       3.422
    4491       3.276
    4492       3.012
    4493       3.268
    4494       3.053
    4495       3.317
    4496       2.875
    4497       3.176
    4498       3.092
    4499       3.087
    4500       2.952
    4501       2.862
    4502       2.993
    4503       2.822
    4504       3.159
    4505       3.087
    4506       3.220
    4507       3.149
    4508       2.784
    4509       2.829
    4510       3.071
    4511       3.668
    4512       3.134
    4513       3.073
    4514       2.584
    4515       3.293
    4516       3.023
    4517       2.787
    4518       3.060
    4519       2.938
    4520       2.968
    4521       3.112
    4522       3.149
    4523       3.259
    4524       3.065
    4525       2.816
    4526       3.314
    4527       3.100
    4528       2.944
    4529       3.044
    4530       2.939
    4531       2.932
    4532       3.029
    4533       3.024
    4534       3.028
    4535       3.035
    4536       3.192
    4537       2.955
    4538       3.253
    4539       3.079
    4540       2.929
    4541       3.042
    4542       2.765
    4543       3.073
    4544       2.761
    4545       3.078
    4546       3.088
    4547       3.096
    4548       3.112
    4549       2.947
    4550       3.202
    4551       3.163
    4552       2.931
    4553       2.856
    4554       2.839
    4555       3.065
    4556       2.862
    4557       2.968
    4558       3.072
    4559       2.892
    4560       3.299
    4561       3.202
    4562       2.730
    4563       3.328
    4564       3.716
    4565       3.000
    4566       3.350
    4567       3.135
    4568       3.086
    4569       3.090
    4570       3.114
    4571       3.237
    4572       3.191
    4573       2.977
    4574       2.834
    4575       2.877
    4576       3.368
    4577       3.189
    4578       2.988
    4579       2.886
    4580       2.855
    4581       2.857
    4582       2.915
    4583       3.114
    4584       2.925
    4585       3.017
    4586       3.207
    4587       2.866
    4588       2.972
    4589       3.200
    4590       3.095
    4591       2.967
    4592       3.041
    4593       3.076
    4594       3.249
    4595       3.122
    4596       3.131
    4597       2.855
    4598       3.074
    4599       3.033
    4600       2.949
    4601       3.060
    4602       2.983
    4603       3.140
    4604       2.916
    4605       2.947
    4606       2.949
    4607       3.012
    4608       2.796
    4609       2.909
    4610       3.111
    4611       3.228
    4612       3.067
    4613       2.895
    4614       2.912
    4615       2.861
    4616       3.482
    4617       2.991
    4618       3.021
    4619       2.787
    4620       3.033
    4621       3.074
    4622       2.906
    4623       3.020
    4624       2.831
    4625       3.110
    4626       3.096
    4627       3.010
    4628       2.885
    4629       3.051
    4630       2.667
    4631       3.085
    4632       3.053
    4633       3.118
    4634       3.057
    4635       2.923
    4636       2.927
    4637       2.904
    4638       3.205
    4639       2.900
    4640       2.995
    4641       2.893
    4642       2.835
    4643       3.104
    4644       3.066
    4645       2.903
    4646       3.248
    4647       2.947
    4648       3.176
    4649       3.348
    4650       3.182
    4651       3.191
    4652       3.470
    4653       3.343
    4654       3.063
    4655       3.532
    4656       2.993
    4657       3.255
    4658       3.663
    4659       3.140
    4660       3.130
    4661       3.085
    4662       3.147
    4663       3.231
    4664       3.083
    4665       2.926
    4666       3.079
    4667       2.819
    4668       3.089
    4669       3.147
    4670       3.318
    4671       3.463
    4672       2.993
    4673       3.220
    4674       2.985
    4675       3.062
    4676       3.100
    4677       3.059
    4678       2.847
    4679       3.003
    4680       3.072
    4681       3.022
    4682       3.176
    4683       2.928
    4684       2.950
    4685       2.738
    4686       3.045
    4687       3.069
    4688       3.239
    4689       2.952
    4690       3.018
    4691       3.076
    4692       3.264
    4693       3.073
    4694       3.114
    4695       3.201
    4696       3.482
    4697       3.210
    4698       3.171
    4699       2.748
    4700       3.246
    4701       2.693
    4702       3.292
    4703       2.837
    4704       3.252
    4705       2.980
    4706       2.966
    4707       3.271
    4708       3.084
    4709       3.021
    4710       3.274
    4711       3.014
    4712       3.134
    4713       2.892
    4714       3.161
    4715       3.132
    4716       2.835
    4717       3.053
    4718       3.118
    4719       3.143
    4720       3.287
    4721       3.241
    4722       3.288
    4723       3.358
    4724       3.090
    4725       2.881
    4726       3.748
    4727       3.539
    4728       3.271
    4729       3.336
    4730       2.817
    4731       3.097
    4732       3.127
    4733       2.958
    4734       3.100
    4735       3.227
    4736       3.219
    4737       3.040
    4738       3.335
    4739       2.744
    4740       2.923
    4741       3.181
    4742       3.332
    4743       3.203
    4744       2.897
    4745       3.133
    4746       3.185
    4747       2.812
    4748       3.018
    4749       3.193
    4750       2.992
    4751       3.037
    4752       3.048
    4753       3.124
    4754       3.051
    4755       2.900
    4756       3.233
    4757       3.424
    4758       3.157
    4759       2.988
    4760       2.986
    4761       3.184
    4762       3.226
    4763       2.872
    4764       2.921
    4765       3.127
    4766       2.934
    4767       3.146
    4768       3.025
    4769       3.118
    4770       3.248
    4771       3.254
    4772       3.027
    4773       2.989
    4774       3.099
    4775       3.002
    4776       2.984
    4777       3.231
    4778       3.324
    4779       3.301
    4780       3.106
    4781       3.174
    4782       3.128
    4783       3.161
    4784       3.159
    4785       3.091
    4786       3.043
    4787       3.256
    4788       3.434
    4789       3.189
    4790       3.360
    4791       3.355
    4792       3.071
    4793       3.126
    4794       3.104
    4795       3.286
    4796       3.212
    4797       3.154
    4798       2.929
    4799       2.988
    4800       3.140
    4801       3.261
    4802       3.406
    4803       3.143
    4804       3.071
    4805       3.209
    4806       3.159
    4807       3.040
    4808       2.932
    4809       3.165
    4810       3.054
    4811       2.952
    4812       3.255
    4813       3.361
    4814       2.992
    4815       2.967
    4816       3.193
    4817       2.997
    4818       3.356
    4819       3.134
    4820       3.111
    4821       3.054
    4822       3.120
    4823       3.039
    4824       2.981
    4825       3.425
    4826       3.284
    4827       3.037
    4828       3.152
    4829       3.065
    4830       3.271
    4831       3.248
    4832       3.473
    4833       3.001
    4834       2.987
    4835       3.119
    4836       3.210
    4837       3.187
    4838       3.351
    4839       3.118
    4840       3.059
    4841       3.360
    4842       3.387
    4843       3.191
    4844       2.960
    4845       3.039
    4846       3.601
    4847       3.333
    4848       3.313
    4849       3.251
    4850       3.412
    4851       3.164
    4852       3.174
    4853       2.838
    4854       3.694
    4855       3.316
    4856       3.166
    4857       3.416
    4858       3.063
    4859       3.037
    4860       3.054
    4861       3.026
    4862       3.123
    4863       3.148
    4864       3.108
    4865       3.090
    4866       3.186
    4867       3.205
    4868       2.999
    4869       3.055
    4870       3.148
    4871       3.225
    4872       3.010
    4873       3.184
    4874       2.875
    4875       3.049
    4876       2.880
    4877       2.717
    4878       2.785
    4879       2.934
    4880       2.902
    4881       3.124
    4882       2.997
    4883       3.176
    4884       3.179
    4885       2.810
    4886       3.000
    4887       2.994
    4888       2.980
    4889       3.026
    4890       3.107
    4891       2.907
    4892       2.980
    4893       2.946
    4894       3.237
    4895       2.722
    4896       3.195
    4897       2.905
    4898       2.991
    4899       2.974
    4900       2.849
    4901       3.152
    4902       3.005
    4903       3.151
    4904       3.084
    4905       2.908
    4906       3.083
    4907       3.017
    4908       3.047
    4909       3.322
    4910       3.186
    4911       3.010
    4912       3.095
    4913       2.979
    4914       3.023
    4915       3.272
    4916       3.242
    4917       3.065
    4918       2.985
    4919       3.191
    4920       3.048
    4921       3.031
    4922       3.080
    4923       2.761
    4924       2.761
    4925       3.047
    4926       2.994
    4927       3.273
    4928       3.100
    4929       2.978
    4930       3.095
    4931       2.866
    4932       2.931
    4933       3.156
    4934       3.037
    4935       3.262
    4936       3.225
    4937       3.268
    4938       3.038
    4939       3.199
    4940       3.000
    4941       3.024
    4942       3.121
    4943       3.130
    4944       3.226
    4945       2.906
    4946       3.172
    4947       3.167
    4948       3.154
    4949       3.097
    4950       3.209
    4951       3.374
    4952       3.064
    4953       3.333
    4954       3.054
    4955       3.243
    4956       3.195
    4957       3.006
    4958       3.291
    4959       3.098
    4960       2.889
    4961       3.068
    4962       3.098
    4963       3.116
    4964       3.043
    4965       3.071
    4966       3.137
    4967       3.001
    4968       3.128
    4969       3.056
    4970       3.031
    4971       2.884
    4972       3.089
    4973       2.943
    4974       3.028
    4975       2.993
    4976       3.060
    4977       3.217
    4978       3.072
    4979       2.806
    4980       2.914
    4981       2.850
    4982       2.971
    4983       2.995
    4984       3.266
    4985       3.139
    4986       3.225
    4987       3.157
    4988       3.087
    4989       3.058
    4990       3.073
    4991       3.355
    4992       3.122
    4993       3.176
    4994       2.903
    4995       3.236
    4996       3.283
    4997       2.802
    4998       2.952
    4999       2.982
    5000       3.270
