#Frame   PolymerSelfImage PolymerSelfImage[A1] PolymerSelfImage[A2]
       1          28.1194                   23                  153
       2          28.3280                   23                  153
       3          28.2382                   23                  153
       4          28.3427                   23                  153
       5          28.2919                   23                  153
       6          29.6773                   23                  153
       7          29.1273                   23                  154
       8          28.3620                   23                  153
       9          29.8021                   23                  153
      10          31.6680                   23                  153
      11          30.8671                   23                  153
      12          30.3248                   23                  153
      13          29.8778                   23                  154
      14          29.2305                   23                  154
      15          29.8311                   22                  152
      16          31.2737                   23                  152
      17          29.5352                   23                  152
      18          29.6646                   23                  152
      19          31.1703                    1                  102
      20          32.2043                   50                  102
      21          31.3558                   22                  152
      22          31.7632                   22                  152
      23          32.2637                   24                  101
      24          31.6302                   22                  152
      25          31.4589                   22                  152
      26          32.4391                   23                  152
      27          32.1079                    1                  102
      28          32.6445                   23                  152
      29          30.7228                   23                  152
      30          31.7624                   62                  154
      31          30.6403                   24                  101
      32          31.1350                   24                  102
      33          31.5084                   24                  101
      34          31.3404                   23                  101
      35          30.1865                    1                  141
      36          29.7218                    1                  141
      37          29.9096                    1                  141
      38          30.0605                    1                  141
      39          30.1326                   24                  101
      40          29.7282                   24                  139
      41          29.2578                   24                  101
      42          30.2847                   24                  101
      43          30.9623                   24                  101
      44          30.4890                   24                  101
      45          29.9506                   24                  101
      46          30.4427                   24                  101
      47          31.1325                   24                  101
      48          31.3604                   24                  101
      49          28.9828                   10                  152
      50          28.6437                   10                  152
      51          29.8614                   10                  152
      52          30.1157                   10                  152
      53          29.4780                   10                  152
      54          29.2764                   24                  101
      55          28.2487                   24                  101
      56          27.6019                   10                  152
      57          27.8246                   24                  101
      58          26.7087                   10                  152
      59          27.1701                   10                  152
      60          27.9205                   10                  152
      61          29.5543                   10                  152
      62          30.2736                   10                  152
      63          29.2453                   24                  101
      64          29.1012                   24                  101
      65          29.1468                   24                  101
      66          29.4352                   24                  101
      67          29.5990                   62                  152
      68          29.1929                   10                  152
      69          29.6962                   10                  152
      70          28.9745                   10                  152
      71          29.6423                   10                  152
      72          28.2196                   10                  152
      73          29.6452                   22                  152
      74          27.3798                   10                  152
      75          27.3438                   10                  152
      76          24.4843                   10                  152
      77          25.4950                   10                  152
      78          25.7263                   10                  152
      79          25.1564                   10                  152
      80          24.1688                   10                  152
      81          26.1448                   10                  154
      82          26.6607                   10                  152
      83          27.5548                   10                  152
      84          29.3962                   10                  152
      85          29.0558                   10                  153
      86          28.7452                   10                  153
      87          29.4528                   10                  153
      88          29.3919                   10                  153
      89          27.2385                   10                  153
      90          28.5688                   10                  154
      91          28.2451                   10                  153
      92          28.4843                   10                  153
      93          27.7098                   10                  154
      94          27.8039                   10                  154
      95          27.0918                   10                  153
      96          27.3031                   10                  153
      97          28.9501                   10                  153
      98          26.3923                   10                  153
      99          27.6769                   10                  153
     100          26.9023                   10                  153
     101          27.7145                   10                  154
     102          27.9583                   10                  153
     103          27.8409                   10                  154
     104          28.3796                   10                  153
     105          27.7109                   10                  154
     106          25.8816                   10                  153
     107          25.8915                   10                  153
     108          26.1741                   10                  153
     109          25.9055                   10                  153
     110          26.5371                   10                  154
     111          26.7567                   10                  153
     112          27.6579                   10                  153
     113          30.2566                   10                  154
     114          28.8354                   10                  153
     115          27.3529                   10                  153
     116          28.5234                   10                  153
     117          28.2687                   10                  153
     118          27.7876                   10                  154
     119          28.6718                   10                  153
     120          29.0451                   10                  153
     121          27.8172                   10                  153
     122          27.5884                   10                  153
     123          26.2408                   10                  154
     124          26.3835                   10                  154
     125          26.6129                   10                  153
     126          27.6301                   10                  153
     127          28.1065                   10                  153
     128          27.3225                   10                  154
     129          26.8833                   10                  153
     130          29.4772                   10                  153
     131          28.2510                   10                  153
     132          28.8605                   10                  153
     133          28.8052                   10                  153
     134          29.1885                   10                  154
     135          29.7815                   10                  153
     136          28.8220                   24                  101
     137          29.8427                   24                  101
     138          30.1946                   24                  102
     139          29.1533                   10                  153
     140          31.2749                   50                  141
     141          31.4630                   24                  102
     142          31.4060                   24                  102
     143          31.8534                   24                  102
     144          30.8839                   24                  102
     145          30.1028                   24                  102
     146          29.9215                   24                  102
     147          30.3435                   24                  102
     148          31.5716                   24                  102
     149          32.1043                   24                  102
     150          32.3572                   24                  102
     151          33.2959                    9                  154
     152          32.1054                   24                  102
     153          31.0247                    9                  153
     154          29.0054                    9                  154
     155          29.4984                    9                  154
     156          28.4048                    9                  154
     157          28.7534                    9                  153
     158          29.1869                    9                  153
     159          29.0648                    9                  154
     160          30.3411                   36                  102
     161          30.4360                   37                  102
     162          30.6160                    9                  154
     163          30.8910                   37                  102
     164          29.5268                    9                  154
     165          30.0505                    9                  154
     166          31.4776                    9                  128
     167          30.0801                    9                  128
     168          29.9763                   24                  102
     169          29.6642                    9                  153
     170          29.5922                    9                  153
     171          28.4998                    9                  153
     172          28.9724                    9                  153
     173          29.7568                    9                  154
     174          28.3316                    9                  154
     175          28.8191                    9                  153
     176          27.5226                    9                  154
     177          27.7685                    9                  153
     178          29.8024                    9                  153
     179          28.9197                    9                  153
     180          27.1157                    9                  153
     181          28.2131                   37                  141
     182          27.7514                   37                  141
     183          28.6077                   37                  141
     184          29.5630                   10                  153
     185          28.8431                   37                  141
     186          28.0158                   10                  153
     187          28.3464                   10                  153
     188          28.8703                   35                  141
     189          28.9207                   35                  141
     190          27.9359                   10                  154
     191          28.1532                   10                  154
     192          27.6634                   10                  154
     193          27.5268                   10                  154
     194          26.2631                   10                  154
     195          26.1970                   10                  154
     196          25.9220                   10                  154
     197          25.9537                   10                  154
     198          24.5269                   10                  154
     199          24.1655                   10                  154
     200          23.3933                   10                  154
     201          22.9480                   10                  154
     202          23.3446                   10                  154
     203          23.1251                   10                  154
     204          23.5924                   10                  154
     205          24.1837                   10                  154
     206          25.0264                   10                  154
     207          24.6224                   10                  154
     208          24.9824                   10                  152
     209          26.7163                   10                  154
     210          25.0789                   10                  154
     211          24.9360                   10                  154
     212          24.4722                   10                  154
     213          23.8723                   10                  154
     214          23.5251                   10                  154
     215          23.8436                   10                  154
     216          25.8715                   10                  154
     217          24.9895                   10                  154
     218          25.8528                   10                  154
     219          26.4686                   10                  154
     220          25.9544                   10                  154
     221          24.9311                   10                  154
     222          25.2429                   10                  154
     223          23.9358                   10                  154
     224          24.6338                   10                  154
     225          24.0594                   10                  154
     226          24.6771                   10                  152
     227          24.6078                   10                  154
     228          25.8774                   10                  154
     229          26.8616                   10                  152
     230          27.6610                   10                  154
     231          26.7646                   10                  152
     232          26.8153                   10                  154
     233          24.0518                   10                  154
     234          24.3165                   10                  154
     235          24.4053                   10                  154
     236          26.0350                   10                  154
     237          26.5961                   10                  154
     238          26.0244                    9                  154
     239          27.0561                   10                  154
     240          25.3764                   10                  154
     241          25.5372                   10                  154
     242          26.3233                   10                  154
     243          27.0579                   10                  152
     244          26.5090                   10                  154
     245          25.6791                   10                  154
     246          26.5436                   10                  154
     247          25.5327                   10                  154
     248          26.4022                   10                  154
     249          27.8555                   10                  154
     250          27.8666                   10                  154
     251          27.7338                   10                  152
     252          28.5849                   11                  154
     253          27.6532                   11                  154
     254          29.3608                   11                  154
     255          28.8560                   36                  141
     256          29.4408                   36                  141
     257          29.4884                   36                  141
     258          30.2171                   10                  115
     259          29.0091                   36                  141
     260          28.6232                   36                  141
     261          27.3911                   36                  141
     262          28.1288                   36                  141
     263          30.1243                   10                  115
     264          29.1687                   36                  141
     265          29.5324                   36                  141
     266          28.7303                   36                  141
     267          29.7423                   36                  141
     268          29.1348                   36                  141
     269          29.9555                   36                  141
     270          28.8854                   10                  115
     271          28.9615                   10                  114
     272          29.9854                   10                  114
     273          30.0042                   10                  127
     274          28.2127                   10                  115
     275          29.6727                   10                  114
     276          29.2827                   10                  114
     277          28.5155                   10                  115
     278          27.6929                   10                  115
     279          29.9848                   36                  141
     280          29.1444                   10                  113
     281          28.8747                   36                  139
     282          29.6258                   36                  139
     283          29.7663                   36                  139
     284          29.8932                   36                  139
     285          29.6665                   10                  113
     286          28.6515                   10                  115
     287          28.5925                   10                  115
     288          28.5259                   10                  113
     289          28.5348                   10                  115
     290          29.8542                   10                  115
     291          30.1766                   10                  115
     292          30.2219                   10                  115
     293          30.8197                   10                  113
     294          31.1441                   10                  113
     295          31.2001                   10                  115
     296          30.3950                   10                  113
     297          30.1077                   10                  113
     298          29.7470                   10                  113
     299          30.5086                   10                  113
     300          30.6202                   10                  113
     301          30.6536                   36                  102
     302          31.7727                   11                  113
     303          30.9789                   36                  102
     304          30.5349                   36                  102
     305          30.4972                   36                  102
     306          30.3921                   36                  139
     307          28.8436                   36                  139
     308          30.0179                   36                  139
     309          28.8017                   36                  139
     310          27.6636                   36                  139
     311          28.7062                   36                  139
     312          27.8260                   36                  139
     313          28.2941                   36                  139
     314          28.6015                   36                  139
     315          29.0231                   36                  139
     316          29.0909                   36                  139
     317          29.1086                   37                  139
     318          29.4967                   37                  139
     319          30.1258                   37                  140
     320          30.1353                   37                  139
     321          30.4271                   36                  140
     322          29.0231                   37                  139
     323          30.7265                   36                  139
     324          29.1963                   36                  139
     325          30.0862                   37                  141
     326          28.7837                   37                  139
     327          29.1601                   37                  139
     328          29.2276                   37                  102
     329          28.7493                   37                  102
     330          28.6264                   37                  141
     331          29.3219                   37                  102
     332          29.1922                   37                  102
     333          28.9859                   37                  102
     334          28.9037                   37                  102
     335          29.1981                   22                  102
     336          28.3463                   37                  102
     337          29.2670                   22                  100
     338          29.5538                   22                  100
     339          28.2863                   24                  100
     340          29.8656                   24                  100
     341          29.4455                   37                  139
     342          29.0612                   37                  139
     343          28.8731                   37                  100
     344          29.5373                   37                  101
     345          29.1922                   37                  140
     346          29.9941                   36                  139
     347          29.6228                   36                  139
     348          28.7863                   37                  139
     349          28.7424                   37                  139
     350          28.3250                   37                  139
     351          27.8591                   37                  139
     352          27.8140                   36                  139
     353          27.1399                   37                  139
     354          28.4710                   37                  139
     355          28.0551                   37                  139
     356          29.5141                   37                  100
     357          30.1392                   37                  139
     358          28.7975                   37                  139
     359          27.9463                   37                  139
     360          28.5852                   37                  100
     361          28.3038                   37                  100
     362          28.7189                   36                  139
     363          28.8600                   37                  139
     364          29.3272                   36                  139
     365          28.2020                   37                  139
     366          30.4780                   37                  139
     367          29.9362                   37                  139
     368          30.2724                   37                  139
     369          30.1275                   37                  100
     370          29.2220                   37                  139
     371          28.7816                   37                  101
     372          29.0112                   37                  101
     373          29.1847                   37                  101
     374          28.7742                    9                  114
     375          28.4027                    9                  113
     376          28.5694                    9                  114
     377          29.1536                    9                  113
     378          29.7741                   10                  113
     379          30.4756                   10                  114
     380          29.5052                    9                  113
     381          28.2173                    9                  114
     382          29.2578                   10                  114
     383          30.1624                   10                  127
     384          29.3339                    9                  114
     385          28.4704                   10                  114
     386          29.7992                   10                  114
     387          29.8335                    9                  126
     388          29.9325                   10                  114
     389          30.3152                   10                  127
     390          29.8707                    9                  111
     391          29.7864                    9                  114
     392          29.2888                   10                  114
     393          29.8639                    9                  114
     394          28.1888                    9                  114
     395          28.6624                    9                  114
     396          30.1210                   10                  113
     397          29.6549                   10                  113
     398          30.4513                   10                  114
     399          30.5155                   10                  114
     400          30.4330                   24                  101
     401          30.3886                   10                  114
     402          29.5483                   10                  114
     403          29.9150                   10                  114
     404          29.9198                   37                  101
     405          30.2444                   37                  101
     406          29.1749                   37                  101
     407          30.5853                   10                  126
     408          28.4096                    9                  126
     409          27.8704                   10                  126
     410          28.1745                    9                  126
     411          28.6450                    9                  114
     412          29.0508                   10                  114
     413          28.5431                    9                  114
     414          29.3336                    9                  114
     415          27.8004                   10                  114
     416          28.4908                   10                  114
     417          29.5177                   10                  114
     418          28.0809                   10                  128
     419          29.4613                   10                  128
     420          30.0870                   22                  128
     421          30.0967                   24                  128
     422          30.2525                   22                  127
     423          31.5509                   22                  127
     424          30.5384                   23                  127
     425          31.3272                   22                  127
     426          31.6652                   23                  127
     427          31.2092                   22                  127
     428          30.2065                   23                  114
     429          30.8463                   24                  141
     430          31.2977                   23                  113
     431          31.1442                   24                  113
     432          31.0300                   22                  139
     433          31.6681                   24                  154
     434          30.8583                   24                  139
     435          28.7876                   24                  139
     436          30.9063                   23                  142
     437          31.2977                   23                  114
     438          31.3123                   23                  127
     439          31.2611                   23                  127
     440          30.6193                   23                  142
     441          30.4863                   24                  139
     442          30.7722                   24                  142
     443          31.1814                   24                  127
     444          31.0994                   24                  127
     445          30.6453                   24                  154
     446          30.0914                   24                  154
     447          30.6682                   24                  154
     448          30.1581                   24                  154
     449          29.3276                   24                  154
     450          30.4531                   24                  154
     451          30.8207                   24                  154
     452          30.2793                   24                  154
     453          30.1207                   24                  154
     454          30.2876                   24                  154
     455          30.2848                   24                  154
     456          30.1195                   24                  154
     457          30.2505                   23                  154
     458          31.8649                   24                  154
     459          31.8626                   24                  154
     460          31.1460                   24                  127
     461          30.6420                   24                  114
     462          30.1114                   23                  113
     463          31.5035                   24                  154
     464          32.2889                   23                  113
     465          31.3171                   23                  113
     466          31.4431                   23                  113
     467          31.1927                   23                  113
     468          32.6687                   23                  113
     469          32.7364                   24                  113
     470          32.5446                   23                  100
     471          31.9448                   22                  100
     472          31.3046                   22                  102
     473          31.5158                   24                  113
     474          31.1767                   22                  101
     475          31.6951                   22                  102
     476          31.0433                   22                  101
     477          31.3252                   22                  102
     478          31.6417                   24                  113
     479          31.7527                   22                  102
     480          32.0377                   22                  154
     481          31.7510                   22                  102
     482          31.7946                   22                  102
     483          31.6258                   22                  100
     484          31.5842                   24                  113
     485          31.7820                   24                  113
     486          32.2175                   22                  102
     487          31.2295                   22                  113
     488          31.5329                   24                  114
     489          31.0862                   24                  114
     490          30.8647                   22                  113
     491          31.1449                   24                  113
     492          31.7794                   24                  113
     493          32.1463                   24                  113
     494          32.3081                   22                  109
     495          32.4510                   24                  113
     496          31.3828                   24                  113
     497          30.5289                   24                  113
     498          30.5296                   24                  113
     499          30.8277                   22                  113
     500          29.9476                   22                  113
     501          30.0042                   24                  113
     502          29.2387                   22                  113
     503          30.0689                   22                  113
     504          30.3847                   24                  114
     505          29.7598                   22                  113
     506          29.9101                   24                  114
     507          29.8988                   22                  113
     508          30.1783                   22                  113
     509          30.3684                   22                  114
     510          30.4030                   23                  113
     511          30.4884                   24                  113
     512          30.9213                   23                  113
     513          31.3436                   23                  100
     514          30.5288                   23                  100
     515          30.6517                   23                  101
     516          30.1109                   22                  100
     517          30.9195                   22                  100
     518          30.5704                   22                  100
     519          30.5836                   22                  113
     520          30.1659                   22                  100
     521          30.3095                   22                  100
     522          30.7327                   22                  101
     523          30.9453                   22                  100
     524          30.8960                   22                  100
     525          30.6707                   22                  100
     526          30.4582                   22                  100
     527          30.7381                   22                  102
     528          31.2032                   24                  101
     529          31.1631                   22                  100
     530          31.8675                   22                  101
     531          32.0334                   24                  100
     532          32.1855                   24                  100
     533          31.2193                   24                  100
     534          31.6827                   24                  100
     535          31.8927                   22                  101
     536          32.1858                   24                  100
     537          32.4234                   24                  101
     538          32.6891                   24                  100
     539          32.8099                   24                  101
     540          32.5603                   22                  101
     541          32.6331                   22                  101
     542          31.9745                   22                  101
     543          31.1792                   22                  100
     544          29.7159                   22                  100
     545          32.2830                   22                  101
     546          31.6097                   24                  101
     547          31.8455                   22                  141
     548          31.8287                   24                  101
     549          31.1717                   24                  100
     550          31.0591                   22                  101
     551          31.2111                   24                  101
     552          30.9953                   24                  100
     553          31.8200                   24                  100
     554          31.1648                   24                  101
     555          31.7931                   24                  101
     556          31.2250                   24                  101
     557          30.9054                   24                  101
     558          30.5218                   24                  100
     559          30.3983                   24                  100
     560          32.0220                   24                  100
     561          30.8912                   22                  100
     562          31.0047                   22                  101
     563          31.9350                   22                  101
     564          31.4324                   24                  100
     565          31.4898                   24                  100
     566          30.1598                   22                  141
     567          30.9226                   22                  140
     568          31.1437                   22                  141
     569          32.3059                   24                  141
     570          31.0308                   24                  141
     571          31.4425                   24                  141
     572          29.8011                   24                  141
     573          30.1342                   24                  141
     574          31.6549                   23                  141
     575          32.5765                  114                  140
     576          32.3032                   24                  141
     577          31.4234                   23                  100
     578          31.9668                   24                  100
     579          32.3982                  114                  140
     580          32.3144                  114                  140
     581          31.6490                  114                  140
     582          31.5630                   23                  101
     583          32.2108                  114                  140
     584          31.7755                  114                  140
     585          32.3813                  114                  140
     586          32.4862                  114                  140
     587          32.6167                   23                  101
     588          32.6613                  114                  140
     589          32.7823                  114                  140
     590          32.3784                  114                  140
     591          32.5210                  114                  140
     592          33.0654                  114                  140
     593          33.2642                  114                  140
     594          32.8268                  114                  140
     595          32.4859                   23                  141
     596          32.5263                  114                  140
     597          32.2518                  114                  140
     598          32.3178                  114                  140
     599          32.6009                  114                  140
     600          32.5367                  114                  140
     601          31.9513                   23                  141
     602          32.6594                  114                  140
     603          32.9436                  114                  140
     604          32.6715                  114                  140
     605          31.9789                   23                  140
     606          31.2118                   23                  140
     607          32.5903                   23                  140
     608          31.8394                   23                  141
     609          32.2393                   61                  154
     610          33.5774                   61                  154
     611          31.9989                   61                  154
     612          31.8251                   61                  154
     613          32.3231                   61                  154
     614          31.8029                   22                  141
     615          31.6747                   22                  141
     616          30.7840                   22                  141
     617          31.6514                   22                  141
     618          32.1411                   24                  100
     619          31.1863                   24                  100
     620          31.8432                   22                  141
     621          30.0003                   22                  141
     622          31.0374                   22                  141
     623          30.3577                   22                  141
     624          31.5585                   22                  141
     625          31.9341                   22                  141
     626          31.3443                    9                  154
     627          31.2652                   22                  101
     628          30.4012                   22                  141
     629          31.5573                   22                  141
     630          30.7818                   22                  140
     631          29.9309                   22                  140
     632          29.9605                   22                  140
     633          27.3441                   22                  140
     634          28.3644                   22                  140
     635          28.6119                   22                  140
     636          28.6057                   22                  141
     637          28.1751                   22                  140
     638          28.6410                   22                  140
     639          28.4373                   22                  140
     640          29.9620                   22                  140
     641          30.6116                   22                  140
     642          32.4438                   22                  140
     643          31.9171                    9                  154
     644          32.2456                    9                  154
     645          30.7009                    9                  154
     646          29.7911                   10                  154
     647          30.8644                   10                  154
     648          28.6066                   10                  154
     649          29.9447                   10                  154
     650          29.0782                   10                  154
     651          28.9986                   10                  154
     652          29.9444                   10                  153
     653          31.4444                   10                  153
     654          31.5573                   10                  153
     655          31.6847                    9                  152
     656          30.4382                   10                  153
     657          31.6671                   10                  152
     658          30.8887                   10                  152
     659          30.3978                    9                  152
     660          30.9294                   10                  152
     661          32.0475                   10                  152
     662          31.7032                    9                  152
     663          30.9477                   10                  152
     664          32.0433                    9                  152
     665          31.3821                    9                  152
     666          32.4131                   24                  100
     667          31.7895                   22                  101
     668          32.8808                   24                  100
     669          31.9189                   22                  100
     670          31.4186                    9                  154
     671          31.3773                   22                  100
     672          31.0194                   10                  153
     673          31.4184                   22                  100
     674          31.2917                   24                  100
     675          31.7089                   61                  114
     676          31.6222                   61                  114
     677          30.9718                   24                  100
     678          31.8681                   24                  100
     679          31.9887                   24                  102
     680          31.4331                   24                  102
     681          31.8945                   24                  100
     682          30.3498                   61                  114
     683          31.0305                   63                  114
     684          30.8052                   63                  114
     685          30.5419                   63                  114
     686          30.8857                   63                  114
     687          30.8554                   63                  114
     688          31.9411                   10                  152
     689          31.1609                   61                  114
     690          30.5676                   61                  114
     691          31.3542                   61                  114
     692          30.1583                   62                  114
     693          30.2359                   62                  128
     694          29.8851                   62                  114
     695          28.8023                   62                  126
     696          29.6987                   62                  126
     697          29.3876                   62                  126
     698          30.2115                   62                  126
     699          30.2061                   62                  126
     700          29.2485                   62                  126
     701          29.2581                   62                  153
     702          29.4744                   62                  126
     703          28.6002                   62                  153
     704          28.2835                   62                  153
     705          27.6151                   62                  153
     706          27.6456                   62                  153
     707          27.7921                   62                  153
     708          28.0490                   62                  153
     709          27.6815                   62                  153
     710          27.8029                   62                  153
     711          27.8701                   62                  126
     712          27.3006                   62                  153
     713          27.9369                   62                  153
     714          27.6248                   62                  126
     715          27.8388                   62                  126
     716          28.6960                   62                  126
     717          28.2593                   62                  126
     718          27.6621                   62                  126
     719          29.1691                   62                  153
     720          29.9207                   62                  127
     721          30.2546                   62                  127
     722          29.7297                   62                  126
     723          28.0841                   61                  126
     724          28.5131                   62                  126
     725          28.0270                   62                  126
     726          27.6495                   62                  126
     727          28.3378                   62                  128
     728          28.6002                   62                  128
     729          27.5377                   61                  128
     730          27.9051                   61                  153
     731          27.4594                   61                  152
     732          27.0552                   61                  154
     733          27.9527                   61                  152
     734          26.9830                   61                  154
     735          26.7799                   61                  154
     736          27.6275                   61                  154
     737          29.1717                   61                  152
     738          30.3628                   63                  152
     739          30.3163                   61                  152
     740          29.8618                   63                  152
     741          30.1610                   63                  152
     742          29.8978                   63                  152
     743          30.4354                   61                  153
     744          28.6804                   63                  152
     745          28.5148                   63                  152
     746          30.3572                   63                  154
     747          30.3352                   63                  152
     748          31.3333                   63                  152
     749          31.4788                   63                  152
     750          32.0900                   35                  100
     751          32.4186                   49                  127
     752          31.4225                   50                  128
     753          31.4188                   50                  128
     754          31.4948                   50                  128
     755          29.8725                   50                  152
     756          30.3102                   50                  152
     757          29.5341                   50                  152
     758          29.9439                   50                  152
     759          28.8534                   50                  152
     760          28.8806                   50                  152
     761          30.3350                   50                  153
     762          30.1614                   50                  153
     763          28.6402                   50                  127
     764          28.2387                   50                  153
     765          27.2387                   50                  153
     766          27.5272                   50                  153
     767          27.9132                   50                  153
     768          28.7101                   50                  153
     769          27.7321                   50                  127
     770          28.4019                   24                  127
     771          27.6781                   24                  127
     772          28.9990                   50                  128
     773          29.8175                   50                  127
     774          28.0069                   24                  127
     775          29.5222                   50                  128
     776          28.7179                   50                  127
     777          28.9916                   50                  127
     778          28.3798                   50                  128
     779          28.4245                   50                  127
     780          28.2720                   50                  127
     781          27.3997                   50                  128
     782          26.8038                   50                  127
     783          28.0553                   50                  127
     784          28.3411                   50                  127
     785          27.5981                   50                  127
     786          28.9692                   50                  127
     787          28.8769                   50                  127
     788          28.3974                   50                  127
     789          28.1840                   50                  127
     790          27.7764                   50                  127
     791          28.7365                   50                  127
     792          29.2707                   50                  114
     793          29.3960                   50                  114
     794          28.2264                   50                  114
     795          28.0123                   50                  114
     796          28.7556                   50                  114
     797          27.6366                   50                  114
     798          27.9762                   50                  114
     799          27.9912                   50                  114
     800          27.7044                   50                  114
     801          27.4015                   50                  114
     802          28.1793                   50                  114
     803          27.8673                   50                  114
     804          28.1862                   50                  114
     805          28.5368                   50                  114
     806          28.2011                   11                  100
     807          28.2615                   11                  100
     808          29.3917                   11                  100
     809          29.6707                   11                  100
     810          29.9021                   50                  114
     811          29.4585                   50                  114
     812          28.8753                   11                  100
     813          30.1772                   11                  100
     814          29.7397                   50                  114
     815          28.8678                   11                  100
     816          29.1867                   11                  100
     817          28.6090                   11                  100
     818          29.3777                    9                  100
     819          29.6663                    9                  100
     820          29.7535                   11                  100
     821          30.2228                    9                  100
     822          31.5159                   49                  114
     823          30.8810                   49                  114
     824          30.9124                   50                  114
     825          30.7920                   49                  114
     826          29.8837                   23                  114
     827          30.8115                   23                  114
     828          30.2275                   23                  114
     829          30.8163                   24                  114
     830          30.6431                   24                  114
     831          31.0656                   24                  114
     832          30.3578                   11                  100
     833          30.4789                   48                  114
     834          30.5353                   11                  100
     835          31.3048                   11                  100
     836          31.2935                   11                  100
     837          31.5467                   11                  100
     838          31.3507                   63                  114
     839          30.5346                   63                  114
     840          31.4613                   63                  114
     841          31.2509                   61                  114
     842          30.6795                   61                  114
     843          30.5198                   24                  114
     844          30.4511                   24                  114
     845          30.3589                   63                  114
     846          31.2511                   63                  114
     847          32.0904                   63                  114
     848          31.7414                   49                  128
     849          31.9011                   48                  114
     850          31.9432                   48                  114
     851          31.6855                   63                  114
     852          30.7979                   49                  114
     853          30.8307                   49                  114
     854          31.1791                   49                  114
     855          31.9119                   48                  114
     856          32.1789                   49                  114
     857          30.9463                   48                  114
     858          31.6590                   48                  114
     859          31.7526                   48                  114
     860          32.4344                   22                  101
     861          31.3043                   48                  114
     862          30.9785                   49                  114
     863          31.2545                   48                  114
     864          30.9337                   49                  114
     865          32.0004                   48                  114
     866          32.9463                   63                  114
     867          32.0150                   48                  114
     868          32.5623                   48                  114
     869          31.9694                   49                  114
     870          32.4681                   49                  114
     871          32.7927                   49                  114
     872          33.2692                   48                  114
     873          33.2948                   63                  114
     874          33.8286                   63                  114
     875          32.3251                   23                  100
     876          31.0476                   22                  100
     877          31.2678                   22                  100
     878          32.3115                   22                  100
     879          32.8241                   22                  100
     880          31.9687                   22                  100
     881          32.9289                   23                  102
     882          33.7154                   48                  114
     883          33.3183                   49                  114
     884          34.4425                   48                  114
     885          33.2456                   49                  114
     886          32.9475                   48                  114
     887          33.6578                   22                  100
     888          33.1145                   23                  102
     889          32.7107                   48                  114
     890          31.6219                   48                  114
     891          32.2405                   22                  100
     892          32.9206                   48                  114
     893          32.0485                   23                  100
     894          33.4825                   48                  114
     895          32.0679                   48                  114
     896          31.4929                   49                  114
     897          32.2375                   22                  100
     898          32.0627                   48                  114
     899          31.3193                   49                  114
     900          31.8072                   48                  114
     901          31.0955                   49                  114
     902          30.2354                   49                  114
     903          31.0440                   48                  114
     904          31.0356                   49                  114
     905          31.7095                   48                  114
     906          30.7411                   49                  114
     907          31.4300                   49                  114
     908          30.7732                   48                  114
     909          30.9694                   49                  114
     910          29.9229                   49                  114
     911          30.5606                   49                  114
     912          31.2863                   48                  114
     913          31.9105                   48                  114
     914          30.5336                   49                  114
     915          31.9100                   48                  114
     916          32.0859                   63                  114
     917          31.4324                   48                  114
     918          32.0359                   48                  114
     919          33.0780                   48                  114
     920          31.9300                   63                  114
     921          32.6115                   49                  114
     922          31.7137                   49                  114
     923          32.4640                   48                  114
     924          32.5509                   48                  114
     925          33.0924                    9                  100
     926          32.2503                   48                  114
     927          31.6349                   49                  114
     928          32.5321                   49                  114
     929          31.2829                   22                  100
     930          31.9442                   22                  100
     931          31.7236                   22                  100
     932          31.2354                    9                  100
     933          32.2356                   22                  100
     934          32.7382                   11                  100
     935          30.8644                    9                  100
     936          31.0823                   22                  100
     937          31.7499                   22                  100
     938          31.7672                   22                  100
     939          32.3475                   22                  100
     940          31.7343                   22                  100
     941          32.1517                   22                  100
     942          31.3314                   22                  100
     943          32.6577                   22                  102
     944          32.3514                   22                  100
     945          31.5016                   22                  100
     946          32.2424                   22                  100
     947          32.1068                   22                  100
     948          32.8193                   22                  102
     949          31.3660                   48                  114
     950          31.2628                   49                  114
     951          30.6017                   49                  114
     952          31.3958                   49                  114
     953          30.4410                   49                  114
     954          29.7035                   49                  114
     955          30.5256                   49                  114
     956          29.8328                   49                  114
     957          32.1126                   49                  114
     958          32.1481                   49                  114
     959          32.3418                   49                  128
     960          31.6841                   49                  114
     961          31.1611                   49                  114
     962          31.2783                   49                  114
     963          32.3197                   49                  114
     964          32.3844                   49                  128
     965          31.8694                   49                  128
     966          32.0701                   49                  128
     967          32.1232                   49                  128
     968          31.5109                   49                  128
     969          32.8910                   49                  128
     970          32.3054                   49                  114
     971          31.8028                   49                  128
     972          32.3718                   11                  100
     973          32.4584                   49                  128
     974          33.0010                   49                  128
     975          32.3971                   49                  128
     976          31.8674                   49                  128
     977          32.7159                   22                  100
     978          31.3249                   23                  100
     979          31.2277                   23                  100
     980          30.1967                   23                  100
     981          31.4111                   22                  100
     982          31.8832                   22                  100
     983          31.9676                   22                  100
     984          32.3680                   23                  100
     985          31.7291                   23                  100
     986          32.2571                   49                  128
     987          32.1623                   23                  100
     988          31.6697                   22                  100
     989          31.4753                   22                  100
     990          31.2530                   23                  100
     991          32.6650                   22                  100
     992          31.9134                   22                  100
     993          32.3079                   22                  102
     994          31.6937                   48                  114
     995          31.4898                   48                  114
     996          32.2140                   48                  114
     997          32.3582                   49                  114
     998          31.3434                   22                  100
     999          32.2208                   22                  100
    1000          31.8605                   22                  100
    1001          31.0091                   23                  100
    1002          33.0893                   23                  102
    1003          32.2704                   63                  114
    1004          32.3113                   63                  114
    1005          31.7312                   63                  114
    1006          32.0994                   63                  114
    1007          30.8773                   63                  114
    1008          31.9132                    9                  153
    1009          30.7395                   63                  114
    1010          31.5941                   63                  114
    1011          31.2771                   63                  114
    1012          31.1732                   63                  114
    1013          30.6150                   63                  114
    1014          29.8095                   63                  114
    1015          30.6802                   63                  114
    1016          29.4812                   63                  114
    1017          30.6414                   63                  114
    1018          30.1681                   63                  114
    1019          29.4767                    9                  153
    1020          29.6798                   11                  153
    1021          29.8316                   63                  114
    1022          30.4521                   63                  114
    1023          31.0921                   10                  153
    1024          31.8147                   10                  153
    1025          31.4145                   11                  153
    1026          32.3303                   63                  114
    1027          32.1385                   10                  154
    1028          33.0893                   24                  100
    1029          33.0212                    9                  154
    1030          32.9267                   10                  153
    1031          31.6519                   63                  114
    1032          30.6129                   63                  114
    1033          30.8236                   63                  114
    1034          31.3553                   63                  114
    1035          30.2367                   63                  114
    1036          29.2213                   63                  114
    1037          29.9005                   63                  114
    1038          29.5996                   62                  114
    1039          31.8343                   63                  114
    1040          31.5905                   62                  114
    1041          31.8183                   62                  114
    1042          32.3505                   62                  114
    1043          33.0011                   22                  100
    1044          31.8902                   62                  114
    1045          32.6105                   22                  100
    1046          32.8651                   22                  100
    1047          32.4271                   22                  100
    1048          32.2844                    9                  153
    1049          31.4769                   22                  100
    1050          31.5855                    9                  154
    1051          31.8818                    9                  154
    1052          31.4836                    9                  155
    1053          31.1580                    9                  155
    1054          30.5224                   10                  150
    1055          32.4298                   10                  150
    1056          31.0019                   10                  155
    1057          31.1510                   11                  155
    1058          31.6603                    9                  150
    1059          32.1843                   48                  114
    1060          31.3410                    9                  150
    1061          31.1804                   10                  150
    1062          31.2549                   10                  153
    1063          30.8967                   22                  100
    1064          31.2534                   48                  114
    1065          31.9924                   50                  114
    1066          32.1813                   50                  114
    1067          32.2914                   48                  114
    1068          31.2911                   10                  153
    1069          31.8212                    9                  153
    1070          30.7036                    9                  150
    1071          30.2791                    9                  153
    1072          29.1717                   11                  153
    1073          27.8423                   10                  153
    1074          27.7556                    9                  153
    1075          29.8484                    9                  154
    1076          29.0650                    9                  153
    1077          29.0632                    9                  154
    1078          29.6992                    9                  153
    1079          28.7345                    9                  153
    1080          29.3880                    9                  153
    1081          29.6535                   10                  153
    1082          29.9268                   10                  153
    1083          30.5069                   10                  153
    1084          30.3153                    9                  153
    1085          29.6727                    9                  153
    1086          29.5132                    9                  153
    1087          28.6804                   10                  153
    1088          28.2986                   10                  153
    1089          28.4146                    9                  154
    1090          29.8761                   10                  153
    1091          29.7384                   10                  153
    1092          30.1450                   10                  153
    1093          30.6401                   48                  114
    1094          31.8174                   48                  114
    1095          31.9288                   48                  114
    1096          31.6684                   48                  114
    1097          32.2592                   10                  153
    1098          31.9831                   23                  100
    1099          32.0572                   50                  114
    1100          31.4469                   48                  114
    1101          30.8506                   48                  114
    1102          30.5419                   50                  114
    1103          31.0651                   48                  128
    1104          30.4739                   48                  128
    1105          31.0352                   48                  128
    1106          30.6923                   48                  128
    1107          30.3129                   48                  128
    1108          29.7734                   48                  128
    1109          30.1317                   48                  128
    1110          30.4321                   48                  128
    1111          31.5846                   48                  128
    1112          30.2532                   48                  128
    1113          30.2747                   48                  128
    1114          30.1427                   63                  128
    1115          30.5893                   11                  153
    1116          30.4262                   11                  153
    1117          30.9865                   11                  152
    1118          28.5159                    9                  153
    1119          29.0613                   10                  153
    1120          28.7891                    9                  152
    1121          28.6821                   10                  152
    1122          27.8795                   10                  152
    1123          28.0629                   11                  152
    1124          28.7055                   10                  152
    1125          27.9264                   11                  152
    1126          28.8957                   10                  152
    1127          27.2576                   10                  152
    1128          28.2901                    9                  152
    1129          28.7738                   11                  152
    1130          28.9013                   11                  152
    1131          28.5573                    9                  152
    1132          27.5919                   11                  152
    1133          27.9817                    9                  152
    1134          28.2348                   11                  152
    1135          29.2877                   11                  152
    1136          29.1494                   11                  152
    1137          28.7853                    9                  152
    1138          28.4016                    9                  152
    1139          29.1920                    9                  152
    1140          29.4361                    9                  152
    1141          31.5128                   11                  152
    1142          32.2228                    9                  152
    1143          30.9517                   11                  152
    1144          31.5458                   50                  126
    1145          32.2982                   50                  126
    1146          33.1054                   50                  126
    1147          33.0401                    9                  152
    1148          32.9567                   50                  126
    1149          32.3655                   50                  126
    1150          32.4586                   50                  126
    1151          32.9665                    9                  152
    1152          32.7722                   10                  100
    1153          33.1822                   49                  126
    1154          32.6786                   11                  152
    1155          33.3226                   63                  152
    1156          33.4896                   63                  154
    1157          33.1952                    1                  153
    1158          32.6547                    1                  153
    1159          32.3657                    1                  153
    1160          32.9279                   63                  153
    1161          32.6529                    1                  153
    1162          31.5476                   11                  153
    1163          31.5710                   63                  153
    1164          31.8489                   63                  153
    1165          32.2427                    9                  153
    1166          32.3039                   11                  153
    1167          32.6512                   11                  153
    1168          32.9417                    1                  153
    1169          33.6128                   49                  113
    1170          34.2232                   50                  113
    1171          32.5994                   10                  100
    1172          32.5477                   62                  153
    1173          32.7577                   62                  153
    1174          31.7359                   62                  153
    1175          31.7148                   62                  153
    1176          32.6572                   62                  153
    1177          32.6844                    1                  153
    1178          31.2125                   62                  153
    1179          30.4000                    1                  153
    1180          30.8694                   62                  153
    1181          30.9652                   62                  153
    1182          29.8118                   62                  153
    1183          29.9815                   62                  153
    1184          30.1517                    1                  153
    1185          30.1222                   62                  153
    1186          31.2432                    1                  153
    1187          32.3334                    1                  153
    1188          31.8476                    1                  153
    1189          32.5575                   10                  115
    1190          32.7889                   10                  115
    1191          33.0246                    1                  153
    1192          32.6103                   10                  113
    1193          32.5093                   62                  153
    1194          31.3551                   62                  153
    1195          31.8057                   62                  153
    1196          31.4091                   23                  101
    1197          31.7390                   63                  153
    1198          32.9547                    1                  153
    1199          32.3909                   24                  101
    1200          31.4644                   23                  101
    1201          32.5242                   76                  153
    1202          31.6217                   23                  101
    1203          31.4751                   23                  102
    1204          30.3844                   24                  100
    1205          30.4645                   24                  100
    1206          30.7060                   24                  100
    1207          30.2089                   24                  100
    1208          31.2222                   24                  100
    1209          31.5647                   11                  100
    1210          32.0532                   11                  101
    1211          31.1814                    9                  102
    1212          30.8206                    9                  100
    1213          31.7338                    9                  102
    1214          31.0143                   11                  102
    1215          31.3217                    9                  100
    1216          30.8699                   11                  100
    1217          31.2211                    9                  100
    1218          31.4466                   11                  100
    1219          31.7724                   11                  100
    1220          32.1145                   24                  100
    1221          31.6231                   50                  126
    1222          31.9913                   11                  100
    1223          32.4184                   11                  100
    1224          32.5178                   49                  128
    1225          32.2689                   49                  128
    1226          31.8919                   62                  128
    1227          32.1341                   10                  153
    1228          31.2871                   50                  128
    1229          30.7637                   10                  153
    1230          32.2108                   10                  153
    1231          30.4958                   10                  153
    1232          29.6376                   10                  153
    1233          30.2857                   10                  153
    1234          29.2964                   10                  152
    1235          30.5476                   10                  152
    1236          29.3879                   10                  152
    1237          29.8345                   10                  152
    1238          31.2997                   62                  128
    1239          29.0967                   10                  152
    1240          29.0184                   10                  152
    1241          28.7967                   10                  152
    1242          28.8308                   10                  152
    1243          29.3816                   10                  152
    1244          29.9256                   61                  128
    1245          29.1960                   10                  152
    1246          29.9601                   61                  128
    1247          28.2462                   10                  152
    1248          30.3218                   10                  152
    1249          30.8444                   62                  128
    1250          30.7006                   62                  128
    1251          30.0185                   62                  128
    1252          31.1055                   22                  128
    1253          30.6620                   11                  100
    1254          31.0684                   22                  128
    1255          30.3498                   24                  128
    1256          30.6759                   24                  128
    1257          30.5998                   24                  128
    1258          32.1354                   61                  128
    1259          32.3994                   24                  128
    1260          30.8957                   62                  128
    1261          30.5778                   61                  128
    1262          30.3140                   61                  128
    1263          30.4115                   62                  128
    1264          30.0741                   62                  128
    1265          30.7774                   11                  152
    1266          30.5314                   10                  152
    1267          30.8599                   11                  152
    1268          29.5699                   10                  152
    1269          30.4888                   62                  128
    1270          30.3804                   61                  128
    1271          29.7894                   61                  128
    1272          30.6847                   61                  128
    1273          30.8157                   61                  128
    1274          31.5250                   61                  128
    1275          31.0260                   62                  128
    1276          31.0325                   61                  128
    1277          30.7632                   62                  128
    1278          29.7118                   62                  128
    1279          30.7694                   61                  128
    1280          31.5962                   61                  128
    1281          30.9970                   62                  128
    1282          30.8250                   61                  128
    1283          30.7079                   61                  128
    1284          30.8805                   61                  128
    1285          30.7467                   62                  128
    1286          32.2615                   36                  152
    1287          31.6270                   22                  128
    1288          30.2995                   10                  152
    1289          30.8052                   10                  152
    1290          30.3931                   62                  126
    1291          29.9922                   10                  152
    1292          29.5500                   62                  128
    1293          29.8033                   62                  126
    1294          29.8694                   62                  128
    1295          30.6087                   24                  102
    1296          29.7086                   61                  128
    1297          29.9935                   62                  126
    1298          28.7392                   62                  128
    1299          29.0635                   62                  128
    1300          29.4770                   62                  128
    1301          28.9674                   62                  128
    1302          29.0291                   61                  114
    1303          30.2497                   61                  114
    1304          29.9899                   61                  114
    1305          29.0505                   61                  128
    1306          29.8631                   61                  128
    1307          29.8502                   61                  128
    1308          29.4922                   61                  128
    1309          29.6131                   61                  128
    1310          29.2136                   61                  128
    1311          28.8275                   61                  128
    1312          29.4657                   61                  128
    1313          27.8459                   61                  128
    1314          28.4621                   61                  126
    1315          28.5016                   61                  128
    1316          28.2442                   61                  128
    1317          28.9039                   61                  128
    1318          28.9794                   61                  128
    1319          30.2807                   61                  114
    1320          30.3007                   61                  114
    1321          31.0715                   63                  114
    1322          29.9859                   10                  152
    1323          30.9316                   63                  114
    1324          31.0506                   10                  152
    1325          29.7370                   10                  154
    1326          31.3909                    9                  152
    1327          30.5521                   61                  114
    1328          30.3238                   63                  128
    1329          30.5797                   63                  128
    1330          30.0225                   63                  128
    1331          31.4228                   63                  114
    1332          30.8148                   63                  114
    1333          30.4907                   22                  114
    1334          30.7237                   63                  114
    1335          30.3035                   63                  114
    1336          30.4077                   24                  128
    1337          29.8431                   24                  114
    1338          28.9424                   24                  114
    1339          28.9560                   24                  114
    1340          28.6233                    9                  152
    1341          29.6489                   10                  152
    1342          28.1396                    9                  152
    1343          28.7400                   62                  114
    1344          28.1580                    9                  152
    1345          28.1628                    9                  152
    1346          27.1329                   11                  152
    1347          26.9012                    9                  152
    1348          27.5109                   11                  152
    1349          28.6673                   11                  152
    1350          28.0868                   11                  152
    1351          29.6418                   11                  152
    1352          28.7021                   48                  128
    1353          28.7208                    9                  152
    1354          28.1776                    9                  152
    1355          29.4114                   48                  126
    1356          29.9715                   22                  114
    1357          28.9676                   48                  126
    1358          29.4034                   48                  126
    1359          28.0712                   48                  126
    1360          28.8163                    9                  152
    1361          29.2780                    9                  152
    1362          29.7679                   48                  126
    1363          29.0493                   11                  152
    1364          30.4691                   62                  126
    1365          30.6021                    9                  152
    1366          30.6942                    9                  154
    1367          29.8523                    9                  152
    1368          29.2197                    9                  152
    1369          30.5333                    9                  154
    1370          30.8614                   63                  114
    1371          30.7953                    9                  152
    1372          30.6134                   50                  126
    1373          30.7019                   11                  152
    1374          28.9981                    9                  152
    1375          28.9253                    9                  152
    1376          28.4481                    9                  152
    1377          29.8837                    9                  152
    1378          30.1236                   11                  150
    1379          30.0245                   63                  113
    1380          29.0501                   63                  114
    1381          29.5633                   63                  114
    1382          30.0846                   63                  114
    1383          30.5118                   62                  114
    1384          30.1260                   11                  152
    1385          29.3627                    9                  152
    1386          28.3756                    9                  152
    1387          29.0938                    9                  152
    1388          28.4610                   11                  152
    1389          28.6887                   11                  152
    1390          29.8809                    9                  152
    1391          29.6402                    9                  152
    1392          30.3890                   63                  114
    1393          30.2270                   62                  126
    1394          29.9171                    9                  152
    1395          30.1787                   62                  126
    1396          29.7728                   63                  126
    1397          29.9288                   63                  126
    1398          29.5184                   63                  126
    1399          29.4399                   63                  126
    1400          29.4976                   63                  126
    1401          29.1960                   63                  126
    1402          30.3288                   63                  126
    1403          30.3412                   63                  126
    1404          30.5804                   63                  126
    1405          30.0458                    9                  154
    1406          29.0695                    9                  154
    1407          29.4787                    9                  154
    1408          27.9882                    9                  154
    1409          28.3333                   63                  126
    1410          28.1478                   63                  126
    1411          27.7487                   63                  126
    1412          28.4898                   63                  126
    1413          28.3414                   63                  126
    1414          27.7511                   63                  126
    1415          28.6984                   63                  126
    1416          28.4088                   63                  126
    1417          29.8241                   63                  126
    1418          29.1618                   63                  126
    1419          28.5725                   63                  126
    1420          28.2107                   63                  126
    1421          28.4601                   62                  126
    1422          28.7929                   62                  126
    1423          29.0765                   63                  126
    1424          28.0840                   63                  126
    1425          28.4993                   63                  126
    1426          29.1571                   63                  126
    1427          28.7252                   63                  126
    1428          28.3344                   63                  126
    1429          29.3784                   63                  126
    1430          29.8437                   63                  126
    1431          30.3897                   63                  126
    1432          29.6892                   63                  126
    1433          29.4855                   63                  126
    1434          30.6425                   63                  126
    1435          30.7733                   63                  126
    1436          29.1361                   63                  126
    1437          29.2717                   63                  126
    1438          29.1161                   63                  126
    1439          29.1181                   63                  126
    1440          29.5159                   63                  126
    1441          30.4094                   63                  127
    1442          28.5056                   63                  127
    1443          29.8270                   63                  127
    1444          29.4895                   63                  127
    1445          28.3298                   63                  127
    1446          29.0030                   63                  127
    1447          28.9437                   63                  127
    1448          29.4562                   63                  127
    1449          29.3499                   63                  128
    1450          29.6424                   63                  128
    1451          30.0979                   63                  128
    1452          29.8271                   63                  128
    1453          30.3209                   62                  128
    1454          29.7636                   63                  128
    1455          29.9890                   63                  128
    1456          30.2897                   63                  127
    1457          29.3749                   63                  128
    1458          28.7408                   63                  128
    1459          27.9473                   63                  127
    1460          28.8076                   63                  128
    1461          29.4630                   63                  128
    1462          29.7713                   63                  127
    1463          29.9749                   62                  128
    1464          29.5613                   63                  127
    1465          29.5974                   63                  128
    1466          28.3988                    9                  152
    1467          28.5151                    9                  152
    1468          27.6392                    9                  152
    1469          26.3692                    9                  152
    1470          26.2460                    9                  152
    1471          27.5331                    9                  152
    1472          27.1755                    9                  152
    1473          26.2889                    9                  152
    1474          27.5868                    9                  152
    1475          26.3155                    9                  152
    1476          26.1492                    9                  152
    1477          24.9229                    9                  152
    1478          25.5293                    9                  152
    1479          26.2965                    9                  152
    1480          26.5558                    9                  152
    1481          25.6992                    9                  153
    1482          26.4717                    9                  152
    1483          26.6957                    9                  152
    1484          27.3651                    9                  152
    1485          27.3531                    9                  152
    1486          27.8325                    9                  152
    1487          28.5033                    9                  152
    1488          28.9273                    9                  153
    1489          29.3640                    9                  153
    1490          29.5579                    9                  153
    1491          28.4896                   63                  127
    1492          30.3227                   63                  127
    1493          30.3767                   37                  152
    1494          30.5020                   62                  127
    1495          30.2987                   62                  127
    1496          30.7360                   62                  127
    1497          30.0068                   63                  127
    1498          29.0929                   63                  127
    1499          28.8106                   63                  127
    1500          29.6704                   63                  127
    1501          29.2452                   63                  128
    1502          29.9645                   63                  127
    1503          29.4052                   63                  127
    1504          29.2571                   63                  127
    1505          28.2825                   63                  127
    1506          28.6671                   63                  127
    1507          28.6564                   63                  127
    1508          28.7548                   63                  127
    1509          28.8007                   63                  127
    1510          29.4007                   63                  127
    1511          28.5125                   63                  127
    1512          27.5815                   63                  127
    1513          28.0692                   63                  127
    1514          27.0676                   63                  127
    1515          28.1146                   63                  127
    1516          28.1719                   63                  127
    1517          27.8979                   63                  127
    1518          28.7967                   63                  127
    1519          28.6170                   63                  127
    1520          28.6020                   63                  127
    1521          28.2019                   63                  127
    1522          28.6033                   63                  127
    1523          28.5245                   63                  127
    1524          28.3694                   63                  127
    1525          28.0346                   63                  127
    1526          27.5494                   63                  127
    1527          27.5796                   63                  127
    1528          28.1040                   62                  127
    1529          29.5080                   62                  127
    1530          28.6521                   62                  127
    1531          28.7646                   62                  127
    1532          28.6572                   62                  127
    1533          28.0392                   62                  127
    1534          28.6602                   62                  127
    1535          28.6083                   11                  127
    1536          28.1638                   11                  127
    1537          28.6383                   11                  127
    1538          28.5687                   62                  128
    1539          28.9833                    1                  127
    1540          28.3864                   62                  127
    1541          28.6988                    2                  127
    1542          29.5556                    1                  128
    1543          29.7035                   61                  128
    1544          29.1397                   61                  127
    1545          29.1418                    4                  127
    1546          28.7217                   61                  127
    1547          28.9733                   63                  127
    1548          29.1189                   62                  128
    1549          28.9364                   62                  127
    1550          29.0394                   62                  128
    1551          29.1270                   62                  128
    1552          29.3096                    1                  127
    1553          28.2251                   62                  128
    1554          28.0932                    9                  128
    1555          28.1972                    9                  128
    1556          29.6346                   62                  126
    1557          28.3276                   62                  126
    1558          27.9576                   62                  126
    1559          27.9294                   62                  126
    1560          27.6154                   62                  126
    1561          27.2949                   62                  126
    1562          27.8688                   62                  126
    1563          29.0433                   61                  126
    1564          28.4087                   62                  126
    1565          28.5683                   62                  126
    1566          27.9273                   62                  126
    1567          29.4793                   62                  126
    1568          28.6988                   62                  126
    1569          29.5181                   62                  114
    1570          28.8428                   62                  126
    1571          29.6126                   62                  126
    1572          28.8906                   62                  126
    1573          28.2309                   10                  153
    1574          27.7463                   10                  154
    1575          28.0687                   10                  153
    1576          27.9455                   10                  153
    1577          26.9244                   10                  153
    1578          27.6539                   10                  153
    1579          29.0345                   10                  153
    1580          28.1361                   10                  153
    1581          28.5240                   11                  153
    1582          26.9213                   10                  153
    1583          27.5559                   11                  153
    1584          27.4799                   62                  127
    1585          28.0586                   62                  127
    1586          29.6875                   62                  127
    1587          28.4828                   62                  127
    1588          28.4889                   62                  127
    1589          28.8919                   62                  127
    1590          29.1100                   62                  127
    1591          28.1536                   62                  127
    1592          28.6742                   62                  127
    1593          28.9327                   62                  127
    1594          29.0880                   62                  127
    1595          29.4476                   62                  127
    1596          29.1783                   62                  127
    1597          28.7733                   62                  127
    1598          29.2131                   62                  127
    1599          30.2804                   62                  128
    1600          28.9809                   62                  127
    1601          30.3559                   63                  127
    1602          29.9729                   62                  127
    1603          29.5277                   62                  127
    1604          29.5986                   62                  127
    1605          29.3825                   62                  127
    1606          29.7477                   62                  127
    1607          29.7260                   62                  127
    1608          29.5991                   62                  128
    1609          28.9227                   62                  127
    1610          28.4491                   62                  127
    1611          29.0076                   62                  127
    1612          29.1450                   62                  127
    1613          28.8198                   62                  127
    1614          28.6648                   62                  127
    1615          28.9948                   62                  127
    1616          29.0463                   62                  127
    1617          29.2417                   62                  127
    1618          28.9767                   62                  127
    1619          28.8627                   62                  127
    1620          28.8066                   37                  153
    1621          29.2393                   62                  127
    1622          29.2894                   62                  127
    1623          29.4467                   62                  127
    1624          28.8836                   62                  127
    1625          28.4283                   62                  127
    1626          29.2946                   62                  127
    1627          28.6213                   62                  127
    1628          28.1481                   62                  127
    1629          28.4199                   62                  128
    1630          28.9371                   62                  128
    1631          28.1397                   62                  128
    1632          27.5898                   62                  127
    1633          28.6288                   10                  127
    1634          28.4298                   10                  127
    1635          28.2667                   10                  127
    1636          27.8686                   10                  127
    1637          28.5681                   10                  127
    1638          28.2599                   10                  127
    1639          29.4763                   62                  128
    1640          29.2566                   62                  127
    1641          28.9016                   62                  127
    1642          28.1709                   62                  127
    1643          29.9405                   62                  127
    1644          30.1355                   62                  127
    1645          29.0445                   62                  127
    1646          29.3475                   62                  128
    1647          29.3432                   62                  127
    1648          29.5594                   62                  127
    1649          28.6660                   62                  127
    1650          29.5807                   62                  128
    1651          29.6187                   62                  128
    1652          29.7487                   62                  127
    1653          28.3020                   62                  127
    1654          28.8879                   62                  127
    1655          28.9993                   62                  127
    1656          28.9598                   62                  127
    1657          29.7472                   62                  127
    1658          29.7008                   62                  128
    1659          29.1917                   62                  127
    1660          29.4530                   62                  127
    1661          28.1010                   62                  127
    1662          27.8656                   62                  127
    1663          28.5873                   62                  127
    1664          28.4528                   62                  127
    1665          28.1627                   62                  127
    1666          28.2389                   62                  127
    1667          28.7635                   62                  128
    1668          29.1355                   61                  127
    1669          28.8927                   62                  127
    1670          29.4716                   62                  127
    1671          29.3966                   62                  127
    1672          29.1951                   62                  127
    1673          28.4044                   62                  150
    1674          28.7461                   62                  150
    1675          29.1413                   62                  148
    1676          28.2177                   62                  148
    1677          26.9110                   62                  152
    1678          27.0640                   62                  152
    1679          27.9801                   62                  154
    1680          28.8260                   62                  148
    1681          28.4482                   62                  152
    1682          29.3597                   62                  148
    1683          28.5490                   62                  150
    1684          27.9131                   62                  154
    1685          28.9205                   62                  154
    1686          29.4304                   62                  154
    1687          28.8144                   62                  150
    1688          27.0732                   62                  154
    1689          25.8490                   62                  154
    1690          25.0606                   62                  154
    1691          25.1668                   62                  154
    1692          26.3405                   62                  154
    1693          26.3007                   62                  154
    1694          28.3535                   62                  152
    1695          26.8642                   62                  154
    1696          27.2719                   62                  154
    1697          25.3162                   62                  152
    1698          25.9051                   62                  152
    1699          25.2751                   62                  152
    1700          25.1913                   62                  152
    1701          24.6712                   62                  154
    1702          25.1607                   62                  152
    1703          25.0663                   62                  154
    1704          25.4157                   62                  154
    1705          25.2192                   62                  154
    1706          25.2181                   62                  154
    1707          24.9014                   62                  154
    1708          24.8136                   62                  154
    1709          26.0253                   62                  154
    1710          25.4389                   62                  154
    1711          25.5647                   62                  154
    1712          25.9415                   62                  154
    1713          25.3820                   62                  154
    1714          25.4039                   62                  154
    1715          25.3594                   62                  152
    1716          25.2735                   62                  154
    1717          25.9332                   62                  152
    1718          25.4797                   62                  152
    1719          25.4067                   62                  154
    1720          25.5216                   62                  152
    1721          27.6183                   62                  152
    1722          27.5217                   62                  152
    1723          27.2492                   62                  152
    1724          27.8528                   62                  152
    1725          26.6328                   62                  154
    1726          27.4839                   75                  154
    1727          27.8851                   75                  154
    1728          29.0082                   75                  154
    1729          28.2948                   61                  154
    1730          28.6000                   75                  154
    1731          28.5964                   75                  154
    1732          28.6678                   75                  154
    1733          28.5971                    1                  153
    1734          27.7313                    1                  153
    1735          27.4961                    1                  153
    1736          27.9778                    1                  154
    1737          28.3368                    1                  154
    1738          27.7922                   75                  154
    1739          27.3784                    1                  152
    1740          26.5924                    1                  152
    1741          27.5657                    1                  152
    1742          28.4529                    1                  152
    1743          28.8385                    1                  152
    1744          27.4412                    1                  152
    1745          29.1468                    1                  153
    1746          30.0285                   61                  153
    1747          28.9683                   75                  153
    1748          28.8454                   75                  153
    1749          29.3381                   76                  153
    1750          29.9779                   76                  153
    1751          29.8484                   61                  153
    1752          27.9947                   61                  154
    1753          29.2213                   61                  154
    1754          28.3930                   61                  153
    1755          30.1383                    1                  154
    1756          28.5612                    1                  154
    1757          28.7411                    1                  154
    1758          29.4641                   61                  154
    1759          27.8549                    1                  154
    1760          28.7118                   61                  154
    1761          28.0612                   61                  154
    1762          27.8315                    1                  154
    1763          26.9514                    1                  154
    1764          26.6083                    1                  154
    1765          28.1128                    1                  154
    1766          28.6993                    1                  154
    1767          28.1448                    1                  154
    1768          27.8382                    1                  154
    1769          27.0365                    1                  154
    1770          27.9388                    1                  154
    1771          27.9881                   61                  154
    1772          28.2932                    1                  154
    1773          29.1782                    1                  154
    1774          28.6806                   61                  153
    1775          27.8251                    1                  153
    1776          28.7054                    1                  153
    1777          27.7906                    1                  153
    1778          27.0130                    1                  153
    1779          27.1429                    1                  153
    1780          26.4951                    1                  154
    1781          27.4823                   61                  152
    1782          27.5894                   61                  153
    1783          27.3710                   61                  153
    1784          27.9401                   61                  153
    1785          28.3150                    1                  153
    1786          28.0983                    1                  153
    1787          28.3460                   11                  153
    1788          29.1666                    1                  154
    1789          28.4279                    1                  154
    1790          28.4764                   11                  153
    1791          28.2125                    1                  153
    1792          28.5199                    1                  153
    1793          29.0781                    1                  153
    1794          28.3902                    1                  153
    1795          28.0941                    1                  154
    1796          28.0440                    1                  154
    1797          27.4890                    1                  154
    1798          27.2781                    1                  154
    1799          27.8964                    1                  153
    1800          27.3305                    1                  153
    1801          27.2254                    1                  154
    1802          26.8529                    1                  154
    1803          26.9459                    1                  154
    1804          27.3523                    1                  153
    1805          27.4781                    1                  153
    1806          29.2545                    1                  153
    1807          28.9392                    1                  153
    1808          29.2801                    1                  154
    1809          28.1808                    1                  154
    1810          29.4025                    1                  153
    1811          29.7867                    1                  154
    1812          29.7175                   76                  154
    1813          28.8599                   76                  153
    1814          29.5479                    1                  153
    1815          29.3609                    1                  153
    1816          30.2808                   10                  100
    1817          29.1431                    1                  153
    1818          28.9523                    1                  153
    1819          28.4256                    1                  153
    1820          28.5029                   63                  153
    1821          29.2515                    1                  154
    1822          29.8065                    1                  153
    1823          28.9122                    1                  154
    1824          29.7075                    1                  154
    1825          28.7867                   76                  154
    1826          29.7091                   76                  152
    1827          29.8691                   63                  153
    1828          28.8724                   76                  153
    1829          29.4718                   76                  153
    1830          29.0751                   76                  154
    1831          28.5378                   76                  154
    1832          29.0672                   76                  154
    1833          29.8092                   76                  154
    1834          30.2598                   76                  153
    1835          30.8863                   10                  100
    1836          29.2274                   63                  152
    1837          30.2352                   74                  154
    1838          29.0842                   76                  152
    1839          29.3638                   63                  154
    1840          30.0903                   10                  101
    1841          29.8274                   63                  154
    1842          30.0019                   61                  153
    1843          28.7019                   61                  153
    1844          30.7008                    1                  153
    1845          31.3418                   76                  154
    1846          30.8183                   76                  154
    1847          31.2215                   76                  153
    1848          30.7142                   76                  153
    1849          29.6393                   76                  153
    1850          29.9236                   76                  154
    1851          30.3603                   76                  154
    1852          30.9195                    1                  154
    1853          30.0947                    1                  154
    1854          29.7766                   76                  154
    1855          30.4895                    1                  153
    1856          29.4851                    1                  153
    1857          31.4518                    1                  153
    1858          29.6383                    1                  153
    1859          29.6810                    1                  153
    1860          29.2475                    1                  153
    1861          29.5624                    1                  153
    1862          30.5595                    1                  153
    1863          29.6760                    9                  153
    1864          31.1796                    1                  153
    1865          29.7397                    9                  153
    1866          30.7549                    1                  153
    1867          30.3048                    1                  153
    1868          30.9053                    1                  153
    1869          30.3691                    1                  153
    1870          30.9777                    1                  153
    1871          32.5599                    1                  140
    1872          32.3490                   11                  139
    1873          33.3913                   23                  114
    1874          32.5015                    1                  153
    1875          31.9816                   10                  139
    1876          30.6329                   11                  139
    1877          31.5899                   11                  139
    1878          30.7249                   11                  140
    1879          30.5270                   11                  153
    1880          30.2998                   11                  153
    1881          29.9876                   11                  153
    1882          29.3577                   11                  139
    1883          29.0855                   10                  139
    1884          29.8940                   11                  140
    1885          30.7444                   10                  139
    1886          31.4493                   11                  140
    1887          30.3345                   11                  140
    1888          30.9522                   11                  153
    1889          30.6849                   11                  139
    1890          31.4665                   11                  139
    1891          30.4968                   11                  139
    1892          31.2577                   10                  139
    1893          30.3232                   10                  140
    1894          30.4269                   10                  140
    1895          30.8910                   11                  139
    1896          31.5715                   11                  153
    1897          31.1345                    9                  153
    1898          31.5864                   11                  140
    1899          31.0280                    9                  140
    1900          31.6287                    9                  140
    1901          31.6567                    9                  140
    1902          31.6624                    9                  153
    1903          30.6659                    9                  153
    1904          31.4222                    9                  153
    1905          31.4105                    9                  153
    1906          31.6531                    9                  153
    1907          31.8402                    9                  153
    1908          32.0576                    9                  153
    1909          33.1636                    9                  153
    1910          33.4737                   11                   49
    1911          34.2996                    9                   49
    1912          33.5420                  114                  153
    1913          34.2797                  114                  153
    1914          33.7888                  114                  153
    1915          33.4553                   22                  147
    1916          33.7513                   22                  147
    1917          33.3638                   22                  147
    1918          32.7628                  114                  152
    1919          33.4257                  114                  154
    1920          33.2845                  114                  153
    1921          32.7280                  114                  153
    1922          32.5781                   23                  145
    1923          32.9785                  113                  154
    1924          32.5219                   23                  144
    1925          32.8863                  113                  153
    1926          32.2359                  114                  154
    1927          33.0143                   24                  145
    1928          33.7680                  114                  154
    1929          33.4994                   24                  147
    1930          34.2471                   24                  145
    1931          32.5645                   24                  152
    1932          33.9945                   23                  152
    1933          33.4822                   22                  152
    1934          33.1118                   22                  152
    1935          33.3926                   24                  147
    1936          33.7543                    9                   49
    1937          33.2702                   23                  152
    1938          33.6647                    9                   49
    1939          34.3574                   23                  147
    1940          34.2439                    9                   49
    1941          34.4708                    9                   49
    1942          34.0149                  113                  153
    1943          33.9082                  114                  153
    1944          33.5607                  114                  153
    1945          33.8211                   23                  100
    1946          33.3439                   24                  100
    1947          33.8232                   22                  100
    1948          33.5201                    9                  139
    1949          33.6584                    9                  140
    1950          34.0372                   23                  147
    1951          34.5271                   11                  139
    1952          32.4896                    9                  139
    1953          31.8913                   23                  152
    1954          32.4159                   23                  152
    1955          33.1301                    9                  139
    1956          32.9581                   23                  147
    1957          32.4537                   23                  148
    1958          31.9306                   23                  152
    1959          32.1195                   23                  152
    1960          32.5962                   23                  152
    1961          31.4636                   23                  152
    1962          31.1572                   23                  152
    1963          31.4970                   23                  154
    1964          32.9281                   23                  148
    1965          33.3849                   23                  147
    1966          33.6807                   23                  148
    1967          33.6308                   23                  148
    1968          33.5523                   37                  153
    1969          32.9357                   11                  140
    1970          32.1763                    9                  141
    1971          31.5540                    9                  153
    1972          31.5762                    9                  153
    1973          32.2380                   23                  101
    1974          31.7624                   11                  141
    1975          33.0460                    9                  141
    1976          31.7025                    9                  141
    1977          32.1679                    9                  141
    1978          32.6729                    9                  141
    1979          32.1348                    9                  141
    1980          32.2628                   11                  141
    1981          32.8297                    9                  141
    1982          32.5711                   23                  101
    1983          32.3493                   23                  100
    1984          31.8450                    9                  141
    1985          32.5464                   23                  101
    1986          31.2193                    9                  141
    1987          32.2643                   22                  101
    1988          31.8225                   23                  100
    1989          32.3416                   23                  100
    1990          32.4710                   11                  141
    1991          33.2104                    9                  141
    1992          33.3703                   23                  101
    1993          33.1770                   23                  101
    1994          31.9509                  114                  154
    1995          31.2892                   11                  140
    1996          31.2129                    9                  141
    1997          31.7531                  114                  152
    1998          31.2275                    9                  141
    1999          32.1020                    9                  141
    2000          31.6379                    9                  140
    2001          31.9012                    9                  139
    2002          30.9819                   11                  141
    2003          31.1868                   11                  141
    2004          30.9898                    9                  139
    2005          30.5750                    9                  141
    2006          31.7023                    9                  139
    2007          31.7992                    9                  141
    2008          30.9495                    9                  141
    2009          31.5145                    9                  141
    2010          31.4006                    9                  139
    2011          31.0030                   49                  154
    2012          30.9579                   49                  154
    2013          31.4006                   49                  154
    2014          30.1863                   49                  152
    2015          31.3815                   23                  152
    2016          30.4544                   22                  154
    2017          31.6646                   23                  154
    2018          31.2682                   49                  154
    2019          31.0601                   49                  154
    2020          31.8585                   23                  154
    2021          31.6547                   48                  154
    2022          31.8128                   50                  154
    2023          32.3633                   50                  154
    2024          33.0129                   23                  154
    2025          32.4495                   11                  141
    2026          31.0598                   11                  141
    2027          31.9660                   11                  141
    2028          31.2797                  114                  152
    2029          31.4166                  114                  152
    2030          31.4799                   11                  140
    2031          30.8036                   11                  140
    2032          30.0016                    9                  140
    2033          29.5483                    9                  140
    2034          29.6893                    9                  140
    2035          30.3578                    9                  141
    2036          30.8486                    9                  141
    2037          31.4590                   11                  141
    2038          32.5070                   11                  141
    2039          32.2467                   23                  100
    2040          32.5204                   23                  100
    2041          31.1941                    9                  141
    2042          31.6612                   23                  153
    2043          31.5053                   23                  153
    2044          30.3729                   23                  153
    2045          30.3402                   23                  153
    2046          30.5794                   23                  153
    2047          31.4335                   23                  152
    2048          31.1999                    9                  141
    2049          30.4926                    9                  141
    2050          30.9426                   23                  101
    2051          31.1566                   23                  100
    2052          31.1358                    9                  140
    2053          31.7773                    9                  141
    2054          31.4993                   10                  140
    2055          31.1027                   10                  140
    2056          30.9973                   10                  140
    2057          31.3508                   10                  141
    2058          32.2569                   23                  152
    2059          31.8008                   10                  140
    2060          31.7838                   10                  141
    2061          30.3277                   10                  141
    2062          31.3061                   10                  141
    2063          32.8533                   10                  140
    2064          31.8244                   23                  100
    2065          32.6969                   23                  100
    2066          31.8015                   23                  101
    2067          31.3474                   23                  100
    2068          32.0720                   23                  102
    2069          31.8286                   23                  102
    2070          31.2112                  114                  154
    2071          30.6483                  114                  154
    2072          30.4057                  114                  154
    2073          31.1405                   23                  101
    2074          31.6185                   23                  100
    2075          31.3343                   23                  101
    2076          31.6429                   23                  101
    2077          31.3890                   23                  101
    2078          31.4861                   23                  101
    2079          30.9375                  114                  154
    2080          31.3807                  114                  154
    2081          30.7547                  114                  154
    2082          30.4730                  114                  154
    2083          30.5448                  114                  154
    2084          31.0121                  114                  154
    2085          31.0413                  114                  154
    2086          30.0691                  114                  154
    2087          31.2057                  114                  154
    2088          31.1479                  114                  154
    2089          30.3632                  114                  154
    2090          31.0930                  114                  154
    2091          30.9621                  114                  154
    2092          30.7406                  114                  154
    2093          31.7559                  114                  154
    2094          32.3265                   24                  152
    2095          32.1780                  114                  153
    2096          31.4515                   24                  154
    2097          32.3827                   24                  100
    2098          32.3933                   24                  100
    2099          32.4430                   24                  148
    2100          32.4490                   24                  100
    2101          32.1984                  113                  154
    2102          31.7764                  113                  154
    2103          30.5898                  113                  154
    2104          31.9237                  113                  153
    2105          32.5271                  113                  154
    2106          32.1319                  113                  154
    2107          31.7971                   35                  153
    2108          32.6569                  113                  154
    2109          32.0996                   35                  154
    2110          31.9865                  113                  154
    2111          33.0262                  115                  154
    2112          32.4895                  115                  154
    2113          32.9615                  115                  154
    2114          32.4473                  113                  154
    2115          32.0550                   35                  139
    2116          31.7502                  113                  154
    2117          31.4854                  113                  154
    2118          32.0882                   24                  153
    2119          31.5012                   24                  152
    2120          31.0748                   24                  152
    2121          30.7912                   24                  152
    2122          29.4121                   24                  152
    2123          31.0564                   24                  152
    2124          30.8765                   22                  152
    2125          31.3538                   24                  154
    2126          31.4921                   24                  152
    2127          32.3816                   35                  139
    2128          32.1970                   24                  152
    2129          31.0580                   24                  152
    2130          30.7801                   24                  152
    2131          31.5514                   24                  152
    2132          31.4186                   24                  152
    2133          31.2643                   24                  152
    2134          30.8592                   24                  152
    2135          31.2620                   10                  153
    2136          31.0034                   10                  153
    2137          30.5160                   10                  153
    2138          31.7832                   10                  153
    2139          32.0540                   10                  141
    2140          31.0935                   10                  153
    2141          30.7991                   10                  141
    2142          31.1222                   24                  152
    2143          30.9949                   24                  152
    2144          32.1918                   10                  139
    2145          30.9384                   10                  141
    2146          32.1447                   10                  141
    2147          31.9178                   10                  139
    2148          32.5372                   10                  141
    2149          32.2950                  113                  153
    2150          31.4076                   10                  153
    2151          32.3409                   10                  139
    2152          32.0703                   10                  139
    2153          31.0789                   10                  139
    2154          31.1501                   10                  153
    2155          31.4306                   10                  153
    2156          31.2512                   10                  152
    2157          30.8039                   10                  139
    2158          30.8131                   10                  152
    2159          29.0543                   10                  152
    2160          29.6725                   10                  139
    2161          28.9434                   10                  154
    2162          28.7864                   10                  154
    2163          29.9708                   10                  141
    2164          28.2925                   10                  152
    2165          27.6481                   10                  152
    2166          27.2887                   10                  152
    2167          26.7913                   10                  154
    2168          28.2806                   10                  154
    2169          27.3852                   10                  152
    2170          27.6331                   10                  154
    2171          27.5079                   10                  154
    2172          27.5553                   10                  154
    2173          28.2178                   10                  154
    2174          28.6485                   10                  154
    2175          27.5713                   10                  154
    2176          27.4397                   10                  152
    2177          29.2668                   10                  152
    2178          28.1487                   10                  154
    2179          28.8298                   10                  152
    2180          29.4420                   10                  152
    2181          29.4173                   10                  154
    2182          29.7244                   10                  154
    2183          28.2210                   10                  154
    2184          28.8686                   11                  139
    2185          27.8756                   11                  139
    2186          28.3107                   11                  154
    2187          29.1056                   11                  139
    2188          29.3929                   11                  154
    2189          29.1895                   11                  150
    2190          28.1358                   11                  154
    2191          30.0811                   11                  150
    2192          30.1204                   11                  154
    2193          31.3086                   11                  154
    2194          29.5265                   36                  152
    2195          26.2664                   11                  152
    2196          25.7515                   11                  152
    2197          26.9540                   36                  153
    2198          25.7375                   11                  152
    2199          26.9337                   11                  152
    2200          26.6087                   11                  153
    2201          25.4249                   11                  153
    2202          24.3246                   11                  153
    2203          24.4522                   11                  153
    2204          25.0906                   11                  153
    2205          26.4948                   11                  153
    2206          26.5259                   11                  153
    2207          27.0357                   11                  153
    2208          27.1428                   11                  153
    2209          26.5527                   11                  153
    2210          26.5477                   11                  153
    2211          26.7698                   11                  153
    2212          25.4075                   11                  153
    2213          25.6469                   11                  153
    2214          26.4255                   11                  152
    2215          25.2837                   11                  152
    2216          25.1086                   11                  153
    2217          25.1605                   11                  153
    2218          25.4514                   11                  152
    2219          25.4911                   11                  153
    2220          23.7865                   11                  154
    2221          23.1103                   11                  153
    2222          22.9359                   11                  152
    2223          23.5215                   11                  153
    2224          22.9447                   11                  153
    2225          23.7554                   11                  154
    2226          23.4945                   11                  154
    2227          22.4893                   11                  154
    2228          23.8136                   11                  153
    2229          24.9065                   11                  153
    2230          23.7025                   11                  153
    2231          23.9219                   11                  152
    2232          22.6065                   11                  152
    2233          23.3385                   11                  153
    2234          24.3268                   11                  152
    2235          24.2987                   11                  153
    2236          25.7359                   37                  153
    2237          25.9932                   37                  153
    2238          25.1507                   11                  153
    2239          24.7539                   11                  153
    2240          23.4636                   37                  153
    2241          24.0425                   37                  153
    2242          23.6106                   37                  153
    2243          22.9491                   11                  153
    2244          22.9189                   11                  153
    2245          22.4538                   11                  152
    2246          22.2047                   11                  153
    2247          22.5052                   11                  153
    2248          23.1241                   11                  152
    2249          21.6974                   11                  152
    2250          21.6279                   11                  152
    2251          22.7781                   11                  152
    2252          23.1023                   11                  152
    2253          21.8165                   11                  152
    2254          23.2180                   11                  153
    2255          22.6590                   11                  154
    2256          21.9447                   11                  154
    2257          21.7795                   11                  154
    2258          21.8620                   11                  154
    2259          22.7072                    9                  153
    2260          22.1717                    9                  153
    2261          22.2990                   11                  153
    2262          21.7303                   11                  154
    2263          22.2316                    9                  153
    2264          20.6492                   11                  154
    2265          19.9453                   11                  154
    2266          19.1981                   11                  154
    2267          19.7275                   11                  154
    2268          20.1734                   11                  154
    2269          21.4423                   11                  154
    2270          21.3272                   11                  153
    2271          21.9687                   11                  152
    2272          21.9129                   11                  153
    2273          22.3915                   11                  153
    2274          23.3642                    9                  153
    2275          21.8853                    9                  153
    2276          22.3721                   11                  153
    2277          23.0924                   11                  153
    2278          22.4662                   11                  152
    2279          23.5298                   11                  153
    2280          22.4960                   11                  153
    2281          22.7857                   11                  153
    2282          23.4905                   11                  152
    2283          23.1131                    9                  153
    2284          23.6824                    9                  152
    2285          25.1627                   11                  152
    2286          23.9060                    9                  153
    2287          23.2502                    9                  153
    2288          22.1737                    9                  154
    2289          23.0976                   11                  153
    2290          21.8448                    9                  154
    2291          21.5233                   11                  154
    2292          21.4511                   11                  152
    2293          22.4673                   11                  153
    2294          21.6730                   10                  153
    2295          21.8724                   10                  153
    2296          22.6352                    9                  154
    2297          23.1907                   10                  154
    2298          23.5626                    9                  153
    2299          23.8059                   10                  153
    2300          22.9262                   10                  153
    2301          22.2236                    9                  153
    2302          22.1231                   10                  152
    2303          22.3670                    9                  153
    2304          21.7967                    9                  153
    2305          23.3710                    9                  154
    2306          24.5514                   11                  152
    2307          24.1591                   10                  153
    2308          24.5074                    9                  152
    2309          24.3715                   10                  152
    2310          23.3505                   10                  153
    2311          24.1275                   10                  153
    2312          23.7331                   10                  153
    2313          25.2034                   10                  153
    2314          26.3309                   11                  153
    2315          24.8317                   10                  153
    2316          25.6358                   10                  153
    2317          25.3245                   10                  153
    2318          25.9454                   10                  153
    2319          26.3776                   11                  153
    2320          26.1300                   10                  153
    2321          25.7235                   10                  153
    2322          24.9300                   10                  153
    2323          25.7612                   10                  153
    2324          26.1608                   10                  152
    2325          26.4035                   11                  152
    2326          25.7285                   10                  153
    2327          27.1940                   10                  152
    2328          27.4811                   10                  152
    2329          26.7008                   10                  152
    2330          27.7695                   10                  152
    2331          27.1507                   10                  153
    2332          27.7103                   10                  153
    2333          27.4990                   10                  153
    2334          26.5125                   10                  153
    2335          26.7525                   10                  153
    2336          25.5504                   10                  153
    2337          25.4309                   10                  153
    2338          25.4979                   10                  153
    2339          26.0530                    9                  153
    2340          25.6566                   10                  153
    2341          26.7202                   10                  153
    2342          27.3989                   10                  153
    2343          27.1002                   10                  153
    2344          26.2310                   10                  153
    2345          27.8613                   10                  153
    2346          27.3840                    9                  152
    2347          27.3835                    9                  152
    2348          26.5879                    9                  152
    2349          26.5364                   11                  139
    2350          26.4434                   10                  152
    2351          23.5687                   11                  152
    2352          25.4720                   10                  152
    2353          25.7307                    9                  152
    2354          26.0437                    9                  152
    2355          26.6188                    9                  152
    2356          27.0464                   10                  152
    2357          28.6387                   11                  152
    2358          29.8142                   10                  152
    2359          29.1877                   10                  152
    2360          28.5241                   10                  152
    2361          29.5606                   10                  140
    2362          28.7042                   10                  152
    2363          28.7167                   10                  152
    2364          29.3554                   10                  155
    2365          30.1752                   10                  156
    2366          30.3301                   10                  155
    2367          31.1393                    9                  140
    2368          30.5569                   10                  140
    2369          30.6950                   10                  152
    2370          30.4208                   10                  140
    2371          31.6826                   10                  153
    2372          31.6301                   10                  152
    2373          32.4667                   10                  140
    2374          32.5795                   74                  152
    2375          31.1898                   74                  152
    2376          31.4413                   11                  152
    2377          31.7046                   74                  152
    2378          32.4232                   11                  152
    2379          31.5292                   74                  152
    2380          30.6407                   74                  152
    2381          29.0091                   11                  153
    2382          29.2486                   11                  152
    2383          28.1956                   11                  152
    2384          27.4182                   11                  152
    2385          28.1214                   11                  152
    2386          27.8652                   11                  152
    2387          27.4793                   10                  152
    2388          27.0548                   11                  152
    2389          27.2586                   11                  152
    2390          28.1478                   11                  152
    2391          29.7539                   10                  152
    2392          31.2239                   10                  152
    2393          30.2143                   10                  152
    2394          31.1257                   11                  153
    2395          30.0863                   10                  153
    2396          30.5415                   10                  152
    2397          30.1916                   11                  152
    2398          28.7779                   10                  152
    2399          28.5576                   10                  152
    2400          29.2978                   10                  152
    2401          30.3492                   10                  153
    2402          31.2979                   11                  152
    2403          30.6257                   11                  153
    2404          29.0720                   10                  153
    2405          29.9900                   10                  152
    2406          32.3183                  101                  152
    2407          31.2883                  101                  152
    2408          32.3309                  101                  152
    2409          32.1047                  101                  152
    2410          32.1681                  100                  152
    2411          31.8752                   74                  152
    2412          31.2612                   74                  152
    2413          32.2509                   61                  140
    2414          32.0825                   10                  152
    2415          31.6407                   11                  152
    2416          31.9960                    1                  152
    2417          32.7012                   61                  152
    2418          32.6353                    1                  152
    2419          32.7485                  100                  152
    2420          32.3343                   62                  152
    2421          31.1173                   61                  152
    2422          29.4769                   61                  152
    2423          29.2378                   61                  152
    2424          29.3988                   61                  152
    2425          29.4806                   74                  152
    2426          30.2898                   61                  152
    2427          28.9800                   61                  152
    2428          28.6814                   61                  153
    2429          27.9780                   61                  153
    2430          30.6403                   61                  153
    2431          28.1253                   61                  153
    2432          28.3992                   61                  154
    2433          27.7179                   61                  153
    2434          26.4344                   61                  153
    2435          26.5604                   61                  153
    2436          26.7610                   61                  153
    2437          26.5612                   61                  153
    2438          26.5924                   61                  153
    2439          26.9186                   61                  154
    2440          27.7422                   61                  152
    2441          27.7989                   61                  152
    2442          28.1583                   61                  152
    2443          28.2656                   61                  152
    2444          30.1903                   61                  152
    2445          29.4781                   61                  152
    2446          28.2299                   61                  153
    2447          27.4052                   61                  153
    2448          27.2461                   61                  153
    2449          27.4032                   61                  153
    2450          27.8380                   61                  153
    2451          27.4349                   61                  153
    2452          26.5784                   61                  153
    2453          27.6023                   61                  153
    2454          27.0707                   61                  153
    2455          26.7841                   61                  153
    2456          26.7343                   61                  153
    2457          25.5403                   61                  153
    2458          25.8179                   61                  153
    2459          26.2673                   62                  153
    2460          24.3740                   62                  153
    2461          25.5783                   62                  153
    2462          24.6154                   62                  153
    2463          25.2604                   62                  153
    2464          24.1935                   62                  153
    2465          23.8292                   62                  153
    2466          25.3039                   62                  153
    2467          25.7065                   62                  153
    2468          25.5217                   62                  153
    2469          25.2039                   62                  153
    2470          24.6298                   62                  153
    2471          25.4091                   62                  153
    2472          25.0806                   62                  153
    2473          26.2659                   62                  153
    2474          26.0239                   62                  153
    2475          26.1299                   62                  154
    2476          26.7241                   62                  153
    2477          26.9698                   62                  153
    2478          27.9376                   62                  153
    2479          27.6164                   62                  153
    2480          26.2186                   62                  153
    2481          26.6206                   62                  153
    2482          26.3045                   62                  153
    2483          25.7289                   62                  153
    2484          26.0324                   62                  153
    2485          26.4613                   62                  153
    2486          27.0289                   62                  153
    2487          27.7716                   62                  153
    2488          27.6881                   62                  153
    2489          26.8883                   62                  153
    2490          27.2633                   62                  153
    2491          27.9121                   62                  153
    2492          27.2514                   62                  153
    2493          28.8572                   62                  152
    2494          28.0524                   62                  152
    2495          27.2976                   62                  152
    2496          28.9526                   62                  152
    2497          28.2164                   62                  152
    2498          28.6450                   62                  152
    2499          29.5134                   62                  152
    2500          30.1098                   62                  152
    2501          29.8637                   62                  127
    2502          29.7823                   62                  152
    2503          30.0358                   62                  127
    2504          30.7066                   62                  128
    2505          29.6708                   62                  152
    2506          29.7444                   62                  154
    2507          30.2934                   62                  127
    2508          29.7953                   62                  127
    2509          30.5006                   62                  127
    2510          30.2041                   62                  127
    2511          30.9617                   62                  152
    2512          29.1524                   62                  152
    2513          28.9471                   62                  152
    2514          28.3925                   62                  152
    2515          29.6352                   62                  152
    2516          29.1966                   62                  152
    2517          28.1029                   62                  152
    2518          27.4608                   62                  152
    2519          27.8987                   62                  152
    2520          29.2578                   62                  152
    2521          29.1957                   62                  154
    2522          29.3881                   62                  152
    2523          28.7422                   62                  152
    2524          28.5898                   62                  154
    2525          29.6527                    1                  152
    2526          29.9289                   62                  127
    2527          29.8089                   62                  127
    2528          30.5543                    1                  126
    2529          29.7434                   62                  154
    2530          29.0524                   62                  152
    2531          28.7483                    1                  152
    2532          28.6106                    1                  152
    2533          29.1460                   62                  152
    2534          27.8608                   62                  154
    2535          27.4980                   62                  154
    2536          28.8962                   62                  154
    2537          29.2001                   62                  154
    2538          30.5164                   62                  154
    2539          30.2241                   62                  154
    2540          29.7648                   62                  128
    2541          28.9937                   61                  154
    2542          29.5417                   62                  154
    2543          27.7649                   62                  154
    2544          27.1701                    1                  154
    2545          26.6086                    1                  154
    2546          26.4734                    1                  154
    2547          26.9872                    1                  154
    2548          26.8610                    1                  154
    2549          26.1951                    1                  154
    2550          25.9984                    1                  154
    2551          25.1699                    1                  154
    2552          25.3118                    1                  154
    2553          25.4734                    1                  154
    2554          25.5724                    1                  154
    2555          26.0540                    1                  154
    2556          27.2264                    1                  152
    2557          28.1867                    1                  152
    2558          27.7857                    1                  152
    2559          28.3158                    1                  152
    2560          28.1127                    1                  152
    2561          27.6708                    1                  152
    2562          29.3480                    1                  152
    2563          28.0655                    1                  152
    2564          26.9761                    1                  154
    2565          27.1217                    1                  153
    2566          27.3284                    1                  154
    2567          28.0911                    1                  153
    2568          27.3621                    1                  154
    2569          27.6150                    1                  154
    2570          28.7844                    1                  154
    2571          28.2286                    1                  153
    2572          28.6105                    1                  128
    2573          28.3247                    1                  154
    2574          27.8284                    1                  154
    2575          25.1235                    1                  153
    2576          25.2413                    1                  153
    2577          25.7706                    1                  154
    2578          26.2864                    1                  153
    2579          25.9431                    1                  153
    2580          26.4735                    1                  153
    2581          25.6622                    1                  153
    2582          25.5494                    1                  153
    2583          25.2445                    1                  154
    2584          24.9554                    9                  153
    2585          24.6517                    9                  153
    2586          24.3980                    1                  153
    2587          24.0554                    1                  153
    2588          24.2895                    1                  153
    2589          25.3620                    9                  153
    2590          23.8060                    1                  153
    2591          23.7892                    1                  153
    2592          24.6115                    1                  153
    2593          24.5651                    1                  153
    2594          24.5336                    9                  153
    2595          22.9765                    9                  153
    2596          24.3358                    1                  153
    2597          25.3103                   63                  153
    2598          25.1057                   63                  153
    2599          24.4883                   63                  153
    2600          25.7685                    1                  153
    2601          25.3182                    1                  153
    2602          25.4044                    1                  153
    2603          24.5794                    1                  153
    2604          25.3098                    1                  153
    2605          25.9509                    1                  153
    2606          24.6978                    1                  153
    2607          25.6529                    1                  153
    2608          25.9382                   63                  153
    2609          24.9230                   63                  153
    2610          25.2789                   63                  153
    2611          25.5095                   63                  154
    2612          25.9623                   63                  153
    2613          25.7256                    1                  153
    2614          25.3697                   63                  153
    2615          25.2206                   63                  153
    2616          24.5762                   63                  153
    2617          25.1201                   63                  153
    2618          25.2287                   63                  153
    2619          24.0787                   63                  153
    2620          24.5701                   63                  153
    2621          25.9243                   63                  153
    2622          26.2117                   63                  153
    2623          26.5896                    1                  153
    2624          26.1564                    1                  153
    2625          25.9839                   63                  153
    2626          25.9393                   63                  153
    2627          26.0959                   63                  153
    2628          25.6783                   63                  153
    2629          25.1495                   63                  153
    2630          24.9571                   63                  153
    2631          25.8045                   63                  153
    2632          25.6015                   63                  153
    2633          24.8430                   63                  152
    2634          26.2453                   63                  152
    2635          25.9708                   63                  152
    2636          25.7393                   63                  152
    2637          27.6003                   63                  152
    2638          27.2444                   63                  152
    2639          27.4977                   63                  152
    2640          27.6113                   63                  152
    2641          27.7659                   63                  152
    2642          27.7258                   63                  152
    2643          27.0013                   63                  152
    2644          27.0062                   63                  152
    2645          27.6419                   63                  152
    2646          28.4080                   63                  152
    2647          29.0354                   63                  152
    2648          30.1742                   63                  154
    2649          29.0003                   63                  154
    2650          30.7863                   63                  154
    2651          30.8577                   63                  152
    2652          30.0235                   63                  154
    2653          29.5049                   63                  152
    2654          29.2084                   63                  152
    2655          29.0712                   63                  154
    2656          29.6447                   63                  152
    2657          28.7281                   63                  152
    2658          25.9338                   63                  154
    2659          26.4704                   63                  154
    2660          27.1517                   63                  154
    2661          26.8229                   63                  154
    2662          27.0698                   63                  154
    2663          27.9492                   63                  154
    2664          27.9602                   63                  154
    2665          28.2428                   63                  154
    2666          27.3014                   63                  154
    2667          27.2506                   63                  154
    2668          26.8810                   63                  154
    2669          28.6447                   63                  154
    2670          26.5710                   63                  154
    2671          26.7481                   63                  154
    2672          27.9213                   63                  152
    2673          26.5871                   63                  154
    2674          27.3884                   63                  154
    2675          28.0379                   63                  154
    2676          26.2171                   63                  154
    2677          27.1449                   63                  154
    2678          26.0587                   63                  154
    2679          25.2778                   63                  154
    2680          26.1873                   63                  154
    2681          26.1779                   63                  154
    2682          26.2027                   63                  154
    2683          25.5830                   63                  154
    2684          25.0231                   63                  154
    2685          24.9884                   63                  154
    2686          24.7303                   63                  154
    2687          26.1288                   63                  154
    2688          26.7507                   63                  154
    2689          26.3801                   63                  154
    2690          26.1043                   63                  154
    2691          26.2010                   63                  152
    2692          26.4418                   63                  154
    2693          27.0617                   63                  154
    2694          27.3751                   63                  154
    2695          26.7966                   63                  154
    2696          26.6832                   63                  154
    2697          25.7453                   63                  154
    2698          26.7156                   63                  154
    2699          26.2270                   63                  154
    2700          26.2517                   63                  154
    2701          25.9571                   63                  154
    2702          25.7557                   63                  154
    2703          26.4690                   63                  154
    2704          25.0282                   63                  154
    2705          26.6993                   63                  154
    2706          25.3157                   63                  154
    2707          26.6087                   63                  154
    2708          26.3663                   63                  154
    2709          26.1280                   63                  154
    2710          26.9173                   63                  154
    2711          27.2780                   63                  152
    2712          27.4945                   63                  152
    2713          28.4800                   63                  154
    2714          28.2268                   63                  152
    2715          26.7572                   63                  154
    2716          28.1942                   63                  154
    2717          28.5383                   63                  154
    2718          29.1630                   63                  152
    2719          28.9978                   63                  153
    2720          29.3274                   63                  152
    2721          30.1803                   11                  152
    2722          28.3399                   11                  154
    2723          28.2041                    1                  152
    2724          28.9289                    1                  154
    2725          27.8735                    1                  152
    2726          27.9304                    1                  152
    2727          27.5527                    9                  154
    2728          26.6621                    1                  154
    2729          26.7767                    1                  154
    2730          26.9813                    1                  154
    2731          26.7874                    1                  154
    2732          27.2077                   61                  153
    2733          27.4717                    1                  153
    2734          26.8445                    1                  154
    2735          25.9968                    1                  154
    2736          25.9416                    1                  154
    2737          26.4301                    1                  154
    2738          27.3195                    1                  154
    2739          25.9320                   11                  154
    2740          26.6669                    9                  154
    2741          26.3972                    9                  154
    2742          25.5570                   11                  154
    2743          25.9827                   11                  154
    2744          24.5977                   11                  153
    2745          24.7035                   11                  154
    2746          24.3688                   11                  154
    2747          24.3701                   11                  154
    2748          25.1523                   11                  153
    2749          24.8658                   11                  153
    2750          24.7847                   11                  152
    2751          24.2808                   11                  152
    2752          23.5457                   11                  152
    2753          24.8665                   11                  153
    2754          24.7872                   11                  152
    2755          26.0110                   11                  152
    2756          25.6896                   11                  153
    2757          26.4445                   11                  152
    2758          27.4757                   10                  152
    2759          28.5543                   10                  152
    2760          28.1710                   11                  152
    2761          27.4396                   10                  153
    2762          28.3565                   11                  152
    2763          27.6139                   11                  153
    2764          27.3101                   11                  153
    2765          27.1851                   11                  153
    2766          27.4779                   11                  153
    2767          27.0858                   10                  152
    2768          27.0876                   11                  153
    2769          27.9612                   11                  153
    2770          27.2016                    9                  153
    2771          27.8022                   11                  153
    2772          27.0706                    9                  152
    2773          27.6520                   11                  152
    2774          27.2661                   11                  152
    2775          29.0475                   11                  153
    2776          27.4337                   11                  153
    2777          29.2638                   11                  153
    2778          29.4033                   10                  153
    2779          29.4488                   11                  139
    2780          27.1044                   10                  153
    2781          27.3660                   10                  153
    2782          28.1415                   10                  153
    2783          27.4020                    9                  153
    2784          27.4865                    9                  153
    2785          27.1213                   11                  153
    2786          28.0879                    9                  152
    2787          26.9581                   10                  152
    2788          27.4570                   10                  152
    2789          28.1289                   10                  152
    2790          28.5602                   10                  152
    2791          28.8729                   10                  152
    2792          29.5742                   10                  153
    2793          28.5526                   10                  153
    2794          29.2105                   10                  153
    2795          29.4363                   10                  153
    2796          28.1477                    9                  153
    2797          26.2855                   10                  153
    2798          26.3710                   10                  153
    2799          26.6276                    9                  152
    2800          25.5676                   10                  152
    2801          26.2987                   10                  152
    2802          26.5927                   10                  152
    2803          26.0983                   10                  152
    2804          25.7908                   10                  152
    2805          24.9623                   10                  152
    2806          27.1900                   10                  152
    2807          27.0022                   10                  153
    2808          27.0259                   10                  153
    2809          27.1160                    9                  153
    2810          26.8420                    9                  153
    2811          26.2671                   10                  153
    2812          27.5474                   10                  153
    2813          28.5892                   10                  153
    2814          28.1030                   10                  153
    2815          28.0225                    9                  153
    2816          28.2999                   10                  153
    2817          27.5831                    9                  153
    2818          27.6726                    9                  153
    2819          27.3635                    9                  153
    2820          27.4968                    9                  153
    2821          28.8082                    9                  153
    2822          29.4472                   37                  153
    2823          29.8014                    9                  153
    2824          28.0383                   10                  153
    2825          26.8118                   10                  153
    2826          28.1109                    9                  153
    2827          27.7941                    9                  153
    2828          28.4565                    9                  140
    2829          27.8312                    9                  153
    2830          28.2123                    9                  153
    2831          28.4326                    9                  152
    2832          28.8612                    9                  140
    2833          27.6407                   10                  139
    2834          27.3939                    9                  140
    2835          26.8727                    9                  140
    2836          28.6522                    9                  140
    2837          27.3651                   10                  140
    2838          27.7659                    9                  153
    2839          27.7865                    9                  140
    2840          29.1304                   37                  153
    2841          28.7207                    9                  140
    2842          29.6510                    9                  140
    2843          28.8363                   37                  153
    2844          27.8037                   37                  152
    2845          27.3214                   37                  152
    2846          28.2894                   37                  153
    2847          28.6069                   37                  153
    2848          28.7587                   10                  153
    2849          28.8401                   37                  152
    2850          29.6174                   37                  153
    2851          29.2121                   37                  153
    2852          29.5625                   37                  153
    2853          30.7613                   37                  153
    2854          30.8825                   37                  153
    2855          30.4750                   37                  153
    2856          31.1870                   37                  153
    2857          31.1154                    9                  141
    2858          30.9614                   37                  153
    2859          29.8742                    9                  139
    2860          29.4529                   37                  153
    2861          28.9064                    9                  141
    2862          28.7383                    9                  141
    2863          29.2306                    9                  140
    2864          29.6548                    9                  140
    2865          30.2859                    9                  140
    2866          30.1930                    9                  139
    2867          28.1763                   10                  139
    2868          28.2224                    9                  141
    2869          28.2171                    9                  140
    2870          27.5343                   10                  141
    2871          27.6803                    9                  141
    2872          28.4758                   10                  141
    2873          28.1222                   10                  140
    2874          26.0273                    9                  141
    2875          27.6483                   10                  139
    2876          27.7250                   10                  140
    2877          27.3001                   10                  140
    2878          27.5994                   10                  139
    2879          27.5545                   10                  139
    2880          26.6266                   10                  139
    2881          26.8010                   10                  139
    2882          28.6760                   10                  139
    2883          29.3185                   10                  140
    2884          28.7085                   10                  139
    2885          27.2911                   10                  139
    2886          27.6291                   10                  139
    2887          26.4637                   10                  139
    2888          27.1868                   10                  139
    2889          27.3578                   11                  139
    2890          27.7129                   10                  141
    2891          27.4408                   10                  141
    2892          27.6823                   11                  139
    2893          27.2651                   11                  140
    2894          27.0233                   11                  140
    2895          25.9497                   11                  140
    2896          26.4396                   10                  140
    2897          26.8173                   10                  140
    2898          25.9200                   10                  139
    2899          26.2004                   10                  141
    2900          26.6842                   10                  140
    2901          26.3833                   11                  140
    2902          26.6756                   10                  141
    2903          26.6631                   11                  139
    2904          25.7430                   11                  139
    2905          26.3868                   11                  139
    2906          25.3555                   11                  139
    2907          26.4613                   11                  139
    2908          27.1994                   11                  139
    2909          27.4037                   11                  139
    2910          27.7575                   11                  140
    2911          27.4644                   11                  139
    2912          28.2887                   11                  139
    2913          28.4857                   11                  139
    2914          28.3788                   11                  139
    2915          28.5346                   11                  139
    2916          28.6275                   11                  139
    2917          28.8267                   11                  139
    2918          29.9980                   11                  140
    2919          29.2442                   11                  140
    2920          29.7503                   11                  139
    2921          29.2155                   11                  139
    2922          27.8835                   10                  139
    2923          28.4603                   11                  139
    2924          28.5904                    9                  139
    2925          29.0622                   10                  140
    2926          29.1527                   11                  139
    2927          29.2242                   10                  140
    2928          29.2680                   10                  139
    2929          30.3425                   10                  140
    2930          30.3437                   10                  140
    2931          30.3220                   10                  153
    2932          30.2083                   10                  140
    2933          30.5944                   10                  140
    2934          29.5903                   11                  140
    2935          29.1229                   10                  140
    2936          30.2605                    9                  140
    2937          29.7103                   10                  140
    2938          28.9810                   10                  139
    2939          30.0169                   11                  140
    2940          28.6932                   10                  140
    2941          28.1861                   10                  139
    2942          29.2004                   11                  139
    2943          29.4574                   11                  141
    2944          29.7937                    9                  140
    2945          30.4870                    9                  140
    2946          28.8647                    9                  139
    2947          29.5071                    9                  139
    2948          29.2980                    9                  140
    2949          29.3037                    9                  141
    2950          30.6975                    9                  141
    2951          29.3157                    9                  140
    2952          28.4013                    9                  139
    2953          29.6626                    9                  141
    2954          30.1115                    9                  140
    2955          30.1114                    9                  141
    2956          30.0556                    9                  140
    2957          30.2470                    9                  153
    2958          30.7827                    9                  141
    2959          30.6328                    9                  152
    2960          29.6908                    9                  153
    2961          31.4472                    9                  154
    2962          29.3781                    9                  154
    2963          28.7676                    9                  154
    2964          28.9072                    9                  154
    2965          28.7826                    9                  154
    2966          29.8819                    9                  154
    2967          30.2344                    9                  154
    2968          29.0415                    9                  154
    2969          28.7917                   11                  154
    2970          29.3066                   11                  154
    2971          29.7484                   11                  154
    2972          29.2897                    9                  154
    2973          29.6292                   11                  154
    2974          30.2213                   11                  154
    2975          29.5311                   11                  154
    2976          30.3069                   11                  154
    2977          29.9614                   11                  154
    2978          30.1722                    9                  154
    2979          29.7623                   11                  140
    2980          30.6350                   11                  141
    2981          30.9231                   10                  141
    2982          30.5735                    9                  141
    2983          30.9852                   11                  140
    2984          30.6496                   11                  140
    2985          30.7492                    9                  141
    2986          31.6436                    9                  139
    2987          31.5636                   11                  154
    2988          30.4826                   10                  141
    2989          30.9943                   10                  141
    2990          30.5474                    9                  154
    2991          30.3135                   11                  154
    2992          29.3532                   11                  153
    2993          29.3013                   11                  154
    2994          30.0999                   11                  154
    2995          30.1374                   11                  153
    2996          29.8725                   11                  153
    2997          29.1154                    9                  153
    2998          29.5365                    9                  145
    2999          29.4026                   10                  145
    3000          29.2206                   11                  145
    3001          28.0687                   11                  153
    3002          27.4770                   11                  154
    3003          28.7295                   11                  153
    3004          28.8553                    9                  153
    3005          28.0067                   11                  154
    3006          29.0225                    9                  154
    3007          30.8623                    9                  154
    3008          29.9917                    9                  140
    3009          30.8192                   10                  154
    3010          29.5354                    9                  154
    3011          29.2940                    9                  154
    3012          29.2397                    9                  154
    3013          27.5477                    9                  153
    3014          26.9123                    9                  154
    3015          26.5619                   11                  154
    3016          27.3347                   11                  153
    3017          28.5283                   11                  153
    3018          28.1280                   10                  153
    3019          27.7311                   10                  153
    3020          28.1701                   10                  153
    3021          26.4658                   10                  153
    3022          26.0205                   10                  153
    3023          24.9812                   10                  154
    3024          25.1427                   10                  154
    3025          25.8434                   10                  154
    3026          25.8496                   10                  154
    3027          27.6542                   10                  153
    3028          25.9257                   10                  153
    3029          25.6835                   10                  141
    3030          24.5899                   10                  153
    3031          26.4512                   10                  154
    3032          27.1242                   11                  154
    3033          25.8049                   11                  153
    3034          26.5502                   10                  153
    3035          27.2279                   10                  154
    3036          28.8466                   10                  154
    3037          29.3693                   10                  154
    3038          29.6644                   10                  145
    3039          29.5264                   10                  145
    3040          27.7922                   10                  153
    3041          26.9244                   10                  154
    3042          27.5743                   10                  145
    3043          26.8297                   10                  153
    3044          25.7601                    9                  153
    3045          26.4740                    9                  154
    3046          25.4240                   10                  154
    3047          24.9923                   10                  153
    3048          24.7500                    9                  153
    3049          25.1977                    9                  153
    3050          26.7154                    9                  154
    3051          26.9508                    9                  153
    3052          26.7247                   10                  145
    3053          25.0388                    9                  153
    3054          24.9868                   10                  153
    3055          23.5488                    9                  153
    3056          23.8378                    9                  153
    3057          24.6763                    9                  153
    3058          24.6917                    9                  153
    3059          24.6414                    9                  153
    3060          25.4042                    9                  154
    3061          25.7770                    9                  154
    3062          25.8638                    9                  145
    3063          26.6452                    9                  145
    3064          26.4980                    9                  145
    3065          25.9878                    9                  145
    3066          28.1976                    9                  147
    3067          26.4569                    9                  145
    3068          26.2228                   10                  153
    3069          26.5520                    9                  147
    3070          25.9104                    9                  153
    3071          25.3977                    9                  153
    3072          25.5728                    9                  154
    3073          26.4710                    9                  153
    3074          25.4880                    9                  154
    3075          25.6598                    9                  153
    3076          25.4343                    9                  153
    3077          25.9189                    9                  153
    3078          26.5967                    9                  154
    3079          26.1704                   10                  154
    3080          25.9920                    9                  154
    3081          26.3429                    9                  154
    3082          25.9958                    9                  154
    3083          25.7456                    9                  154
    3084          24.0980                    9                  153
    3085          23.6083                    9                  153
    3086          23.5591                    9                  153
    3087          23.9127                    9                  154
    3088          24.3146                    9                  154
    3089          24.6615                    9                  154
    3090          24.5761                    9                  154
    3091          22.4431                    9                  154
    3092          20.7503                    9                  152
    3093          22.4474                    9                  153
    3094          23.5551                    9                  153
    3095          22.6772                    9                  153
    3096          24.2200                   11                  153
    3097          23.9733                   11                  153
    3098          23.7857                    9                  154
    3099          23.4328                   11                  154
    3100          24.0634                   11                  152
    3101          22.4892                    9                  153
    3102          21.9941                   11                  153
    3103          21.8804                    9                  154
    3104          23.1618                    9                  154
    3105          23.2883                    9                  154
    3106          23.8117                    9                  154
    3107          23.7666                   10                  154
    3108          24.4568                    9                  154
    3109          23.3414                    9                  154
    3110          22.8174                    9                  154
    3111          22.4290                    9                  154
    3112          23.7316                   11                  154
    3113          23.2519                    9                  154
    3114          24.0623                    9                  154
    3115          23.3763                    9                  154
    3116          23.4779                    9                  154
    3117          24.0483                    9                  154
    3118          24.1580                    9                  154
    3119          23.9950                    9                  154
    3120          26.1693                    9                  154
    3121          25.1502                    9                  154
    3122          25.6973                    9                  153
    3123          24.1486                    9                  154
    3124          25.0128                    9                  154
    3125          24.4429                    9                  154
    3126          25.4140                   10                  154
    3127          23.9479                    9                  153
    3128          22.4036                    9                  153
    3129          23.0376                   10                  154
    3130          24.3468                    9                  154
    3131          24.7989                    9                  154
    3132          24.1304                    9                  154
    3133          24.6793                    9                  154
    3134          25.8405                    9                  154
    3135          24.2457                    9                  154
    3136          23.8612                    9                  153
    3137          23.6615                    9                  153
    3138          23.1715                    9                  153
    3139          23.0260                    9                  153
    3140          24.1018                    9                  153
    3141          22.9311                    9                  154
    3142          23.6818                    9                  153
    3143          23.5661                    9                  153
    3144          24.1830                   10                  153
    3145          23.9654                    9                  153
    3146          23.4409                    9                  154
    3147          23.0440                    9                  154
    3148          23.1308                    9                  153
    3149          23.8862                    9                  154
    3150          24.6975                   10                  153
    3151          24.2569                   10                  154
    3152          23.7359                    9                  153
    3153          24.0487                   10                  154
    3154          23.9935                   10                  154
    3155          24.3315                    9                  153
    3156          24.8309                   10                  153
    3157          27.0429                   10                  153
    3158          26.3472                    9                  153
    3159          27.7837                   10                  153
    3160          26.3744                    9                  153
    3161          26.2950                    9                  153
    3162          26.7885                   10                  153
    3163          27.9232                    9                  153
    3164          27.3212                   10                  153
    3165          25.3941                    9                  153
    3166          26.6946                   10                  153
    3167          26.8547                   10                  153
    3168          26.4763                   10                  153
    3169          25.4353                   10                  153
    3170          26.6967                   10                  153
    3171          27.0584                    9                  153
    3172          26.5514                    9                  153
    3173          27.8435                    9                  153
    3174          27.3481                   10                  153
    3175          28.0976                   10                  153
    3176          27.5532                    9                  153
    3177          26.3793                    9                  153
    3178          27.3113                    9                  154
    3179          27.1050                    9                  154
    3180          26.2355                    9                  154
    3181          27.3266                    9                  154
    3182          27.8518                    9                  154
    3183          27.5619                    9                  154
    3184          28.0900                    9                  154
    3185          27.2797                    9                  154
    3186          27.2305                    9                  153
    3187          26.7546                    9                  154
    3188          27.3756                    9                  153
    3189          26.1992                    9                  153
    3190          27.1496                    9                  154
    3191          24.0497                    9                  153
    3192          24.4193                    9                  154
    3193          24.8252                    9                  153
    3194          23.4837                    9                  153
    3195          24.7686                    9                  153
    3196          25.2568                    9                  154
    3197          23.4572                   10                  153
    3198          24.6356                    9                  154
    3199          25.6659                   11                  153
    3200          26.0047                   11                  154
    3201          25.0166                   11                  153
    3202          26.7183                   11                  153
    3203          25.6902                   11                  154
    3204          26.4270                   11                  154
    3205          27.5843                   11                  154
    3206          27.6215                   11                  153
    3207          28.6470                   11                  153
    3208          27.3022                    9                  154
    3209          27.8433                   10                  153
    3210          26.5904                   11                  153
    3211          25.1771                   11                  152
    3212          25.9130                   11                  152
    3213          24.8902                   11                  154
    3214          23.8485                   11                  154
    3215          23.2457                   11                  154
    3216          23.8822                    9                  154
    3217          24.1062                   11                  153
    3218          24.3829                   11                  153
    3219          25.1496                   10                  152
    3220          24.5424                    9                  152
    3221          26.1200                   10                  153
    3222          25.7390                    9                  153
    3223          25.0331                   11                  152
    3224          25.3239                   11                  152
    3225          26.0537                   11                  153
    3226          25.9843                   11                  153
    3227          26.8738                   11                  153
    3228          24.6287                   11                  152
    3229          25.7096                   11                  154
    3230          26.5168                   11                  154
    3231          27.1396                   11                  154
    3232          25.0623                   11                  152
    3233          25.2226                   11                  152
    3234          27.6140                   11                  152
    3235          26.4734                   11                  152
    3236          26.5881                   11                  154
    3237          25.4163                   11                  152
    3238          26.1161                   11                  152
    3239          25.6708                   11                  152
    3240          24.6588                   11                  152
    3241          24.0970                   11                  152
    3242          24.4549                   11                  152
    3243          23.8851                   11                  152
    3244          24.0779                   11                  152
    3245          23.0949                   11                  152
    3246          23.5339                   11                  152
    3247          23.1747                   10                  152
    3248          23.3813                   10                  152
    3249          23.3392                   11                  152
    3250          24.7951                   10                  152
    3251          24.2568                   10                  152
    3252          24.8214                   11                  152
    3253          23.5714                   10                  152
    3254          23.4447                   11                  153
    3255          23.2543                   10                  154
    3256          23.7110                   10                  154
    3257          25.1202                   10                  153
    3258          23.0267                   10                  153
    3259          23.0777                    9                  154
    3260          22.0378                   10                  154
    3261          23.6108                   10                  154
    3262          23.1659                    9                  154
    3263          24.3618                   10                  154
    3264          24.3097                    9                  153
    3265          25.5906                    9                  154
    3266          27.3488                   10                  153
    3267          27.4902                   10                  153
    3268          26.2450                   10                  154
    3269          25.9863                   10                  153
    3270          25.5869                   10                  152
    3271          25.6938                   10                  154
    3272          25.7599                   10                  152
    3273          24.9896                   10                  153
    3274          25.8954                   10                  153
    3275          25.8883                   10                  153
    3276          25.4736                   10                  152
    3277          25.7294                   10                  152
    3278          25.2955                   10                  152
    3279          26.8152                   10                  152
    3280          27.8938                   10                  152
    3281          28.1864                    9                  152
    3282          29.6725                    9                  154
    3283          29.0510                   10                  154
    3284          27.4979                    9                  154
    3285          27.1559                   10                  154
    3286          27.8558                    9                  154
    3287          27.1179                    9                  154
    3288          26.1782                   10                  154
    3289          25.9255                   11                  154
    3290          27.2503                   10                  154
    3291          29.2258                   10                  154
    3292          28.8015                   11                  154
    3293          29.9910                   10                  154
    3294          30.1349                   10                  154
    3295          30.0931                   10                  154
    3296          30.3532                   11                  139
    3297          31.2323                   11                  139
    3298          31.4145                   23                  100
    3299          30.4826                   10                  154
    3300          30.8745                    9                  154
    3301          30.7735                   10                  152
    3302          30.3201                   11                  154
    3303          29.5502                   10                  154
    3304          29.6853                   10                  152
    3305          28.6205                   10                  153
    3306          29.9015                   10                  154
    3307          29.3611                   10                  154
    3308          28.7360                   11                  154
    3309          27.5765                   11                  154
    3310          28.8165                   11                  152
    3311          27.4814                    9                  153
    3312          26.3426                   10                  154
    3313          26.0435                   11                  152
    3314          25.5100                   10                  153
    3315          26.0898                   10                  154
    3316          26.2274                   10                  153
    3317          26.1220                   10                  153
    3318          25.4255                   11                  154
    3319          27.2039                   11                  154
    3320          26.5968                   10                  154
    3321          27.5475                   10                  154
    3322          28.6818                   10                  154
    3323          28.6176                   10                  152
    3324          27.3874                   11                  154
    3325          28.6207                   11                  152
    3326          28.9416                   11                  154
    3327          28.2087                   11                  153
    3328          27.8419                   11                  152
    3329          25.8992                   11                  152
    3330          26.7388                   10                  153
    3331          27.9447                   10                  153
    3332          27.9760                   10                  153
    3333          26.7005                   11                  154
    3334          26.2310                   11                  154
    3335          26.0403                   11                  154
    3336          27.2133                   11                  153
    3337          28.3143                   11                  154
    3338          28.4537                   11                  154
    3339          27.3755                   10                  153
    3340          29.1942                   11                  153
    3341          27.5820                   10                  153
    3342          29.0190                   10                  154
    3343          27.3427                   11                  154
    3344          26.1329                   10                  154
    3345          26.1074                   11                  154
    3346          27.1012                   11                  154
    3347          27.8686                   11                  154
    3348          28.3017                   11                  154
    3349          28.3130                    9                  153
    3350          27.3995                    9                  154
    3351          28.5110                    9                  154
    3352          27.4199                    9                  154
    3353          28.9143                    9                  154
    3354          29.6149                    9                  154
    3355          30.3736                    9                  153
    3356          29.3640                    9                  154
    3357          30.6412                    9                  154
    3358          31.8495                    9                  154
    3359          31.9144                    9                  154
    3360          31.9204                    9                  154
    3361          32.0222                    9                  154
    3362          31.7082                   23                  153
    3363          31.1114                    9                  154
    3364          31.0063                    9                  154
    3365          31.0963                    9                  154
    3366          31.9921                    9                  152
    3367          31.9159                  115                  153
    3368          31.7104                    9                  141
    3369          32.3333                   11                  141
    3370          30.8973                   23                  153
    3371          31.5383                    9                  141
    3372          30.6192                    9                  141
    3373          31.9901                   11                  141
    3374          31.9380                    9                  141
    3375          31.4490                    9                  141
    3376          30.6442                    9                  141
    3377          30.6335                    9                  141
    3378          30.7387                    9                  139
    3379          30.9699                    9                  141
    3380          30.7887                   23                  152
    3381          29.8896                   23                  152
    3382          28.5415                   23                  152
    3383          28.6289                   23                  152
    3384          29.5887                   23                  152
    3385          28.9271                   23                  152
    3386          28.3862                   23                  152
    3387          28.6032                   23                  152
    3388          28.5110                   23                  152
    3389          27.8668                   23                  152
    3390          29.0284                   23                  152
    3391          28.5136                   23                  152
    3392          30.0121                   23                  152
    3393          29.5867                   23                  152
    3394          29.4665                   23                  152
    3395          30.0961                   23                  152
    3396          31.2729                    9                  139
    3397          31.5841                    9                  139
    3398          32.1667                   23                  152
    3399          30.9111                    9                  153
    3400          31.0165                    9                  152
    3401          31.1147                    9                  139
    3402          31.3795                   23                  102
    3403          31.8243                    9                  139
    3404          31.8122                    9                  139
    3405          30.1565                  113                  152
    3406          30.2621                  113                  152
    3407          30.9982                  113                  152
    3408          31.1767                  113                  152
    3409          32.4811                  115                  152
    3410          32.3449                  115                  152
    3411          31.0711                  115                  152
    3412          30.9170                  113                  152
    3413          32.4959                  113                  152
    3414          31.6522                   23                  102
    3415          32.5756                  113                  152
    3416          32.9422                    9                  140
    3417          33.2692                    9                  155
    3418          32.8990                   23                  102
    3419          32.0747                    9                  140
    3420          31.6900                    9                  140
    3421          32.0190                    9                  140
    3422          31.7179                    9                  140
    3423          31.8898                    9                  140
    3424          30.9093                   23                  102
    3425          31.4997                    9                  140
    3426          31.2574                    9                  140
    3427          31.2008                    9                  140
    3428          30.9401                    9                  140
    3429          31.6919                    9                  140
    3430          31.4646                    9                  140
    3431          30.6625                    9                  140
    3432          30.1048                    9                  150
    3433          30.1224                    9                  140
    3434          30.2377                    9                  152
    3435          29.9645                    9                  152
    3436          30.8607                    9                  155
    3437          31.2815                   36                  152
    3438          30.9508                    9                  152
    3439          29.9799                    9                  152
    3440          31.6585                    9                  152
    3441          29.8595                    9                  152
    3442          31.2044                    9                  140
    3443          30.7537                    9                  152
    3444          29.8801                    9                  140
    3445          31.4365                   36                  152
    3446          30.4719                    9                  152
    3447          29.1955                    9                  140
    3448          30.3167                    9                  140
    3449          30.0335                   10                  140
    3450          29.6071                   62                  152
    3451          29.6220                    9                  140
    3452          28.9430                    9                  140
    3453          28.8153                    9                  140
    3454          30.8500                   62                  153
    3455          31.7062                   62                  153
    3456          31.6284                   36                  140
    3457          30.7429                   62                  153
    3458          31.6641                   61                  153
    3459          30.5931                   61                  154
    3460          30.9829                   61                  154
    3461          30.6109                   61                  152
    3462          30.5658                   61                  153
    3463          29.6995                   61                  153
    3464          32.2413                   61                  152
    3465          32.4889                   61                  152
    3466          32.0401                   61                  152
    3467          30.4336                   61                  154
    3468          29.9790                   61                  154
    3469          31.6526                   61                  154
    3470          30.9468                   61                  152
    3471          31.1210                   61                  152
    3472          30.0163                   61                  152
    3473          31.0351                   61                  152
    3474          29.2461                   61                  152
    3475          29.6829                   61                  152
    3476          30.1570                   61                  152
    3477          30.9389                   61                  152
    3478          29.4954                   61                  152
    3479          29.0945                   61                  152
    3480          29.5089                   61                  152
    3481          30.5857                   61                  152
    3482          31.2825                   23                  154
    3483          30.1108                   23                  154
    3484          30.2754                   23                  152
    3485          30.9976                   23                  154
    3486          30.5325                   23                  154
    3487          29.9316                   23                  154
    3488          30.1120                   23                  154
    3489          30.4252                   23                  154
    3490          29.2073                   23                  152
    3491          28.9225                   23                  152
    3492          26.5460                   23                  152
    3493          27.7523                   23                  154
    3494          28.6836                   23                  154
    3495          28.4910                   23                  152
    3496          29.5873                   23                  152
    3497          27.9990                   23                  152
    3498          28.1085                   23                  152
    3499          27.1574                   23                  152
    3500          27.3531                   23                  152
    3501          26.8252                   23                  152
    3502          28.2144                   23                  152
    3503          28.7942                   23                  152
    3504          28.8158                   63                  152
    3505          29.0143                   23                  152
    3506          28.8530                   61                  152
    3507          28.1960                   61                  152
    3508          29.6316                   63                  152
    3509          28.6786                    1                  152
    3510          29.3806                    1                  152
    3511          29.2374                   23                  152
    3512          29.5550                   23                  152
    3513          29.8084                   62                  152
    3514          27.7749                    1                  152
    3515          27.8028                    1                  152
    3516          27.7625                    1                  152
    3517          27.9981                    1                  152
    3518          29.4780                   62                  152
    3519          30.0246                   63                  152
    3520          29.2158                   23                  152
    3521          29.4890                    1                  152
    3522          29.4899                    1                  152
    3523          30.0206                   61                  152
    3524          29.9427                   63                  152
    3525          30.5684                   61                  152
    3526          31.4065                   63                  152
    3527          31.6124                   61                  153
    3528          31.8931                    9                  140
    3529          32.1603                    9                  152
    3530          31.8736                   61                  153
    3531          32.2620                   24                  152
    3532          32.0177                   11                  154
    3533          32.1515                   63                  152
    3534          31.8725                   63                  152
    3535          31.0145                   61                  152
    3536          31.7408                   61                  152
    3537          30.5924                   24                  152
    3538          31.3272                   11                  141
    3539          31.8689                   11                  141
    3540          31.9242                   24                  152
    3541          31.0684                   11                  141
    3542          29.9595                   11                  154
    3543          30.6403                   11                  140
    3544          30.7137                   24                  153
    3545          32.0684                   11                  140
    3546          31.7189                   11                  140
    3547          31.5572                   24                  153
    3548          31.0184                   24                  153
    3549          31.9201                   24                  154
    3550          32.0105                   24                  154
    3551          32.2063                   24                  153
    3552          30.4989                   24                  153
    3553          31.5905                   11                  140
    3554          31.1037                   24                  153
    3555          31.7396                   24                  152
    3556          31.6939                   11                  141
    3557          32.4500                   11                  141
    3558          32.2768                   24                  150
    3559          32.0388                   11                  140
    3560          32.1582                   11                  140
    3561          31.6125                   11                  154
    3562          31.7061                   11                  154
    3563          31.2918                   36                  154
    3564          30.9352                   11                  154
    3565          31.5834                   11                  154
    3566          31.0605                   11                  154
    3567          31.2234                   36                  154
    3568          31.0000                   36                  152
    3569          28.2592                   36                  152
    3570          27.4223                   36                  154
    3571          26.7071                   36                  152
    3572          27.2376                   36                  152
    3573          26.9275                   36                  152
    3574          26.9001                   36                  152
    3575          27.7340                   36                  152
    3576          27.6857                   11                  152
    3577          27.4824                   36                  152
    3578          27.0931                   36                  152
    3579          29.2083                   36                  152
    3580          29.6892                   36                  152
    3581          30.3067                   36                  152
    3582          31.6849                   36                  152
    3583          31.4867                  115                  152
    3584          31.4874                   24                  152
    3585          31.3249                   24                  153
    3586          31.9947                  115                  152
    3587          32.1757                   24                  153
    3588          31.9032                   24                  153
    3589          31.2119                   24                  128
    3590          31.4876                   24                  128
    3591          31.2859                   24                  128
    3592          31.3773                   24                  128
    3593          30.8782                   24                  128
    3594          29.9034                   11                  154
    3595          30.0915                   11                  152
    3596          29.8731                   11                  152
    3597          30.5706                   11                  152
    3598          29.2784                   11                  152
    3599          28.7216                   11                  152
    3600          28.6763                   11                  154
    3601          30.1805                   11                  140
    3602          29.5562                   11                  150
    3603          30.3766                   11                  152
    3604          31.7804                   11                  139
    3605          31.1462                   11                  139
    3606          30.8972                   11                  139
    3607          30.5114                   11                  139
    3608          31.2674                   11                  141
    3609          31.7868                   22                  128
    3610          30.9956                   11                  140
    3611          30.7830                   11                  154
    3612          31.1750                   23                  128
    3613          30.7713                   11                  152
    3614          31.4961                   11                  140
    3615          32.1597                   11                  141
    3616          32.1489                   11                  141
    3617          31.2662                   11                  152
    3618          32.1094                   23                  153
    3619          30.1867                   23                  152
    3620          29.8901                   11                  141
    3621          29.6186                   11                  141
    3622          29.8207                   11                  141
    3623          29.1760                   10                  141
    3624          29.7947                   10                  141
    3625          29.9850                   10                  154
    3626          29.9646                   10                  154
    3627          31.1480                   10                  154
    3628          30.7654                   10                  154
    3629          28.5244                   10                  152
    3630          27.8526                   10                  152
    3631          29.6518                   10                  152
    3632          29.9401                   10                  152
    3633          30.8917                   10                  150
    3634          29.9515                   22                  153
    3635          31.4407                   22                  153
    3636          30.7680                   22                  154
    3637          30.5111                   22                  153
    3638          29.9136                   23                  154
    3639          28.1566                   22                  152
    3640          28.0807                   22                  152
    3641          28.2531                   23                  152
    3642          28.9327                   22                  152
    3643          29.1416                   22                  152
    3644          28.3561                   22                  153
    3645          28.2360                   22                  153
    3646          28.6756                   22                  153
    3647          28.7527                   22                  153
    3648          28.2901                   22                  153
    3649          27.5431                   22                  153
    3650          27.0726                   22                  153
    3651          27.7561                   22                  152
    3652          26.8349                   22                  152
    3653          27.1933                   22                  152
    3654          27.4718                   22                  153
    3655          27.9904                   22                  153
    3656          27.1051                   22                  152
    3657          28.4243                   22                  154
    3658          28.6951                   22                  154
    3659          28.6233                   22                  152
    3660          29.1134                   22                  153
    3661          30.3513                   23                  153
    3662          28.8724                   22                  153
    3663          27.8644                   22                  153
    3664          27.2768                   22                  152
    3665          27.4174                   22                  152
    3666          29.3718                   22                  152
    3667          28.7177                   22                  152
    3668          28.8069                   23                  152
    3669          29.2386                   22                  152
    3670          31.2374                   23                  153
    3671          30.8310                   23                  153
    3672          30.3862                   23                  153
    3673          27.9156                   22                  152
    3674          27.3643                   22                  153
    3675          28.2931                   22                  152
    3676          29.8830                   23                  153
    3677          29.6376                   22                  153
    3678          29.7202                   23                  153
    3679          29.2374                   22                  152
    3680          30.6538                   23                  152
    3681          30.3502                   22                  153
    3682          29.4922                   22                  153
    3683          30.3301                   22                  153
    3684          30.0818                   22                  153
    3685          30.5409                   23                  153
    3686          30.0174                   11                  154
    3687          29.6299                   11                  154
    3688          29.8087                   11                  154
    3689          30.2177                   11                  154
    3690          29.8365                   11                  154
    3691          29.0181                   11                  154
    3692          29.8668                   11                  141
    3693          30.5514                   23                  128
    3694          29.9592                   11                  141
    3695          29.1818                   11                  154
    3696          28.7554                   11                  154
    3697          29.0566                   11                  154
    3698          29.5805                   11                  152
    3699          28.8802                   11                  141
    3700          30.2841                   11                  141
    3701          29.9591                   22                  153
    3702          29.8875                   22                  153
    3703          29.6386                   11                  154
    3704          28.5854                   11                  154
    3705          28.7357                   11                  154
    3706          28.1484                   11                  154
    3707          29.3673                   11                  140
    3708          29.2938                   11                  152
    3709          28.3334                    9                  140
    3710          27.9046                   11                  154
    3711          28.0134                   11                  155
    3712          28.4226                   11                  155
    3713          29.2034                   11                  141
    3714          29.1275                   11                  141
    3715          30.1990                   11                  150
    3716          30.1585                   22                  153
    3717          30.3853                   11                  141
    3718          31.3142                   11                  141
    3719          29.9367                   11                  150
    3720          29.8676                   11                  141
    3721          29.5311                   11                  150
    3722          28.7694                   11                  141
    3723          30.1044                   11                  140
    3724          29.7083                    9                  140
    3725          31.0445                   11                  139
    3726          30.3974                   11                  139
    3727          29.9481                    9                  139
    3728          28.7000                   11                  150
    3729          28.9001                   11                  150
    3730          29.8935                   11                  139
    3731          30.4227                   11                  140
    3732          29.2046                   11                  140
    3733          28.9190                   11                  152
    3734          29.0842                   11                  139
    3735          29.3548                   11                  139
    3736          29.5207                   11                  139
    3737          29.3773                   11                  150
    3738          28.5408                   11                  152
    3739          29.0796                   11                  152
    3740          28.5147                   11                  152
    3741          27.2489                   11                  152
    3742          28.7037                    9                  139
    3743          28.3899                   11                  150
    3744          28.3444                   11                  152
    3745          28.5887                   11                  150
    3746          28.2485                   11                  150
    3747          28.5652                   11                  139
    3748          27.9944                   11                  139
    3749          27.9700                   11                  139
    3750          28.7640                   11                  139
    3751          28.4125                   11                  139
    3752          27.9339                    9                  139
    3753          28.8730                   10                  154
    3754          30.1260                    9                  152
    3755          29.5860                    9                  152
    3756          28.2178                   11                  150
    3757          29.2674                   11                  150
    3758          28.7676                   11                  155
    3759          28.7690                    9                  155
    3760          28.9308                    9                  154
    3761          28.8442                   11                  154
    3762          27.5782                    9                  154
    3763          27.1297                   11                  152
    3764          24.6019                   11                  152
    3765          26.6936                   11                  154
    3766          26.4817                   11                  152
    3767          28.0579                   11                  152
    3768          26.3640                   11                  154
    3769          25.1354                   11                  154
    3770          25.9071                   11                  154
    3771          24.0796                   11                  152
    3772          23.8689                   11                  152
    3773          22.9375                   11                  152
    3774          21.6735                   11                  152
    3775          23.0459                    9                  152
    3776          23.2277                   11                  152
    3777          22.9581                    9                  152
    3778          23.1496                   11                  152
    3779          22.8413                   10                  152
    3780          23.5389                   10                  152
    3781          24.3269                   10                  152
    3782          24.1491                    9                  152
    3783          23.7051                    9                  152
    3784          23.1200                   11                  152
    3785          23.1708                    9                  152
    3786          23.6971                   11                  152
    3787          23.6077                    9                  152
    3788          22.6930                   11                  152
    3789          22.4278                    9                  152
    3790          21.7648                   11                  152
    3791          22.4244                    9                  152
    3792          24.2980                    9                  152
    3793          24.8233                    9                  152
    3794          24.2464                    9                  152
    3795          24.9462                    9                  152
    3796          24.2943                    9                  154
    3797          23.8285                    9                  152
    3798          24.8555                   11                  152
    3799          25.9151                    9                  154
    3800          27.0432                    9                  152
    3801          27.9870                    9                  152
    3802          28.5033                    9                  154
    3803          27.4413                    9                  154
    3804          27.3213                   10                  152
    3805          27.6980                   10                  152
    3806          27.7123                   10                  154
    3807          27.1960                   10                  152
    3808          28.4705                    9                  154
    3809          29.8002                   10                  154
    3810          30.1370                    9                  139
    3811          30.6268                   10                  154
    3812          28.5196                   10                  154
    3813          29.7178                    9                  154
    3814          28.3720                   10                  154
    3815          29.1036                    9                  154
    3816          29.0460                    9                  154
    3817          29.7525                   10                  152
    3818          30.4732                   10                  154
    3819          31.0570                   10                  155
    3820          31.3120                   10                  155
    3821          31.1206                   10                  155
    3822          31.5545                   10                  155
    3823          31.3000                   10                  154
    3824          31.2985                   24                  153
    3825          30.9670                   10                  152
    3826          31.2560                   24                  153
    3827          30.4368                   10                  154
    3828          30.0664                   10                  152
    3829          30.3839                   10                  152
    3830          30.5518                   10                  152
    3831          30.9561                   10                  150
    3832          31.0903                   10                  150
    3833          30.3681                   10                  152
    3834          30.6239                   10                  152
    3835          29.4738                   10                  152
    3836          31.4059                    9                  141
    3837          30.1936                   10                  152
    3838          30.1835                   24                  153
    3839          31.0513                   24                  153
    3840          30.2178                   24                  127
    3841          30.9335                    9                  141
    3842          31.0941                    9                  150
    3843          30.7687                    9                  141
    3844          30.9044                    9                  139
    3845          30.1033                   10                  150
    3846          29.7447                    9                  150
    3847          28.3140                    9                  150
    3848          27.3382                   10                  152
    3849          29.0744                    9                  150
    3850          30.7071                    9                  150
    3851          31.0719                    9                  150
    3852          30.9667                    9                  150
    3853          30.4877                    9                  141
    3854          30.9126                    9                  141
    3855          29.9793                    9                  150
    3856          29.8872                    9                  152
    3857          29.6208                    9                  150
    3858          30.2850                    9                  150
    3859          29.8514                    9                  152
    3860          30.2761                    1                  150
    3861          29.2957                    9                  152
    3862          30.8302                    9                  150
    3863          30.4201                    9                  150
    3864          31.6086                    1                  150
    3865          29.9035                    1                  152
    3866          29.7722                    9                  150
    3867          30.1395                    9                  150
    3868          29.6219                    9                  150
    3869          29.1587                    9                  152
    3870          30.8159                   10                  150
    3871          32.1085                   10                  152
    3872          31.7662                   10                  152
    3873          32.0721                    1                  152
    3874          31.0689                   10                  152
    3875          31.4610                   10                  150
    3876          30.9437                    1                  150
    3877          31.2827                    1                  148
    3878          30.7529                    1                  152
    3879          30.3483                   74                  152
    3880          30.7991                    1                  150
    3881          31.2162                    1                  152
    3882          31.4467                    1                  150
    3883          31.9324                    1                  150
    3884          32.3124                   76                  152
    3885          31.5760                    9                  150
    3886          31.5816                   10                  148
    3887          30.5869                   10                  153
    3888          29.8363                    9                  150
    3889          29.4237                    9                  152
    3890          30.7365                   76                  152
    3891          29.2977                   10                  152
    3892          28.4709                    9                  152
    3893          28.2989                    9                  150
    3894          30.3174                    9                  155
    3895          30.8109                   10                  155
    3896          28.6898                   10                  152
    3897          28.9154                   10                  150
    3898          28.4127                   10                  152
    3899          29.0515                   10                  152
    3900          29.1360                   10                  152
    3901          30.8299                    9                  152
    3902          31.5247                   10                  150
    3903          32.5392                   10                  155
    3904          30.6616                   10                  152
    3905          29.9216                   10                  152
    3906          30.3131                   10                  152
    3907          30.6620                   10                  150
    3908          30.0700                    9                  150
    3909          30.4542                   10                  150
    3910          29.6083                   10                  153
    3911          30.6473                   10                  148
    3912          30.6365                   10                  153
    3913          31.5382                    9                  148
    3914          31.0517                    9                  148
    3915          31.0160                    9                  148
    3916          30.8147                    9                  148
    3917          30.9206                    9                  148
    3918          31.6666                    9                  126
    3919          31.3666                    9                  126
    3920          30.9233                   10                  126
    3921          30.5002                   10                  148
    3922          30.3240                   10                  148
    3923          29.2148                   10                  150
    3924          28.6051                   10                  153
    3925          28.3530                    9                  150
    3926          29.0529                   10                  148
    3927          29.4034                   10                  148
    3928          30.3418                    9                  148
    3929          29.2916                   10                  153
    3930          29.3843                    9                  148
    3931          30.7498                    9                  148
    3932          29.9972                   11                  127
    3933          28.8011                    9                  153
    3934          30.8927                   10                  148
    3935          30.3272                   10                  148
    3936          30.8618                   11                  153
    3937          31.3170                   11                  126
    3938          29.7412                   11                  126
    3939          30.1075                   10                  148
    3940          29.1410                   10                  150
    3941          28.6155                   10                  150
    3942          29.0948                   61                  152
    3943          27.9132                   11                  153
    3944          28.4304                   10                  152
    3945          28.3354                   10                  153
    3946          29.5143                   10                  153
    3947          31.1667                   10                  148
    3948          31.2430                   11                  148
    3949          31.0321                   10                  126
    3950          31.6645                   11                  126
    3951          30.9235                   11                  127
    3952          30.1313                   11                  127
    3953          31.6021                   10                  150
    3954          32.1970                   11                  150
    3955          31.7179                   11                  127
    3956          31.6495                   76                  152
    3957          32.1911                   11                  126
    3958          32.1939                   10                  150
    3959          32.1751                  102                  152
    3960          32.5409                    9                  141
    3961          31.9998                    9                  126
    3962          33.4752                   11                  126
    3963          32.0760                   49                  152
    3964          31.8449                   49                  152
    3965          31.1743                   49                  153
    3966          31.1232                   11                  141
    3967          30.5416                   11                  141
    3968          31.2339                   11                  141
    3969          30.9970                   11                  141
    3970          30.9790                    9                  140
    3971          30.7261                   11                  141
    3972          28.3118                   11                  140
    3973          29.0981                    9                  140
    3974          29.4094                   11                  140
    3975          29.3671                   11                  141
    3976          28.7057                   11                  140
    3977          27.1289                   11                  140
    3978          27.4956                   11                  141
    3979          27.8426                   11                  141
    3980          27.6614                   11                  140
    3981          28.3708                   11                  140
    3982          29.3313                   11                  141
    3983          29.9066                   11                  141
    3984          30.4305                   11                  141
    3985          30.1813                    9                  141
    3986          29.2041                    9                  140
    3987          28.0171                   11                  141
    3988          29.0131                   11                  141
    3989          29.2444                   11                  141
    3990          28.1866                   11                  141
    3991          29.0826                   10                  141
    3992          29.8233                    9                  141
    3993          31.8572                    9                  141
    3994          31.9737                   11                  141
    3995          30.2899                   11                  141
    3996          29.4497                    9                  141
    3997          31.2072                   10                  141
    3998          30.8268                    9                  141
    3999          30.8027                    9                  141
    4000          30.5205                    9                  141
    4001          30.7275                   10                  141
    4002          29.9040                   10                  141
    4003          29.9776                   10                  141
    4004          29.2609                    9                  141
    4005          28.5270                    9                  141
    4006          29.3716                    9                  141
    4007          29.9384                    9                  140
    4008          31.3119                   11                  141
    4009          32.0193                    9                  126
    4010          31.3353                   11                  140
    4011          30.9347                   11                  141
    4012          30.2877                   11                  141
    4013          29.9521                   11                  140
    4014          29.7145                   11                  140
    4015          28.8346                   11                  140
    4016          30.1224                   10                  141
    4017          30.4103                    9                  141
    4018          29.6885                    9                  140
    4019          30.1341                    9                  140
    4020          29.9195                   11                  141
    4021          31.0606                    9                  141
    4022          33.0033                   10                  141
    4023          32.3881                    9                  128
    4024          33.2959                    9                  128
    4025          33.9830                    9                  128
    4026          33.9374                   11                  141
    4027          34.3257                   10                   89
    4028          33.6224                   11                  141
    4029          33.2494                   11                  141
    4030          32.7517                   11                  141
    4031          32.8847                   10                  140
    4032          31.1577                   11                  141
    4033          31.4710                   11                  141
    4034          31.2703                   10                  141
    4035          30.5673                   10                  141
    4036          32.7138                   10                  141
    4037          32.4733                   10                  141
    4038          32.2276                   10                  140
    4039          32.3581                   10                  140
    4040          33.2616                   10                  127
    4041          33.0991                   11                  127
    4042          33.0551                   11                  127
    4043          33.7044                   11                  127
    4044          34.0492                   10                  128
    4045          33.8670                   10                  140
    4046          33.7499                   36                  152
    4047          31.8843                   36                  152
    4048          32.9464                   36                  152
    4049          31.4990                   36                  152
    4050          31.4215                   36                  152
    4051          32.6701                   36                  152
    4052          31.1796                   36                  152
    4053          33.0136                   36                  154
    4054          33.8679                   35                  152
    4055          33.3796                   36                  152
    4056          34.8654                   36                  152
    4057          33.7380                   36                  152
    4058          33.0976                   36                  152
    4059          34.1957                   36                  154
    4060          34.7188                   36                  154
    4061          34.2525                   11                  141
    4062          33.6501                   11                  140
    4063          33.0206                   11                  140
    4064          34.1043                   23                  152
    4065          33.6187                   36                  152
    4066          33.4909                   11                  140
    4067          33.3711                   11                  141
    4068          32.3803                   11                  141
    4069          31.7978                   11                  141
    4070          30.7965                   11                  140
    4071          30.6920                   11                  140
    4072          29.8985                    9                  140
    4073          31.4960                    9                  140
    4074          31.3924                    9                  140
    4075          31.0740                    9                  141
    4076          31.0536                    9                  141
    4077          31.0088                    9                  141
    4078          31.1168                    9                  141
    4079          31.2445                    9                  141
    4080          30.5509                    9                  141
    4081          31.1381                    9                  140
    4082          31.9851                    9                  140
    4083          31.4897                    9                  140
    4084          30.8294                    9                  140
    4085          32.6820                    9                  140
    4086          31.5771                    9                  140
    4087          32.9567                    9                  141
    4088          31.7883                    9                  141
    4089          32.7976                    9                  141
    4090          32.0120                    9                  140
    4091          32.1093                    9                  141
    4092          31.3923                    9                  140
    4093          32.4636                    9                  140
    4094          31.8123                    9                  140
    4095          32.7879                    9                  140
    4096          32.2861                    9                  140
    4097          32.9614                    9                  140
    4098          32.4705                  114                  154
    4099          32.6097                  114                  152
    4100          31.7811                  114                  152
    4101          32.1644                   36                  140
    4102          32.5547                  114                  152
    4103          32.6806                    9                  140
    4104          33.4028                   36                  140
    4105          31.3756                    9                  140
    4106          31.7874                   10                  140
    4107          31.4063                   10                  140
    4108          31.8905                   10                  140
    4109          31.9647                   10                  140
    4110          32.7417                   10                  139
    4111          32.7753                   10                  139
    4112          32.2162                   10                  139
    4113          31.4833                   10                  140
    4114          31.6249                   10                  140
    4115          30.0810                   10                  139
    4116          29.6500                   10                  140
    4117          30.6405                   10                  139
    4118          31.0847                   10                  140
    4119          30.6917                   10                  154
    4120          31.5158                   10                  140
    4121          31.8319                   10                  139
    4122          31.0990                   10                  139
    4123          33.6258                   36                  140
    4124          32.7026                   10                  139
    4125          32.0883                   10                  140
    4126          32.1136                   10                  139
    4127          31.5521                   10                  139
    4128          31.1526                   10                  140
    4129          32.5734                   24                  101
    4130          32.1477                   10                  140
    4131          32.2221                   10                  152
    4132          30.5750                   10                  154
    4133          30.5744                  113                  152
    4134          32.8503                   10                  152
    4135          31.9348                  115                  152
    4136          32.6189                  113                  154
    4137          32.6024                  115                  154
    4138          31.4673                  113                  152
    4139          32.2940                  113                  152
    4140          32.3857                  113                  152
    4141          32.5934                   10                  139
    4142          32.8190                  113                  152
    4143          32.3188                  113                  152
    4144          32.3666                   10                  139
    4145          32.8345                  113                  152
    4146          31.9938                  113                  152
    4147          32.0810                   10                  139
    4148          31.3122                   10                  140
    4149          31.2229                   10                  140
    4150          31.6142                   10                  139
    4151          31.5196                   10                  139
    4152          31.1155                   10                  140
    4153          31.3169                   10                  140
    4154          31.2300                   10                  140
    4155          31.2086                   10                  139
    4156          30.6064                   10                  140
    4157          31.8240                   10                  140
    4158          31.3679                   10                  140
    4159          31.4020                   10                  139
    4160          32.1206                   10                  140
    4161          31.9796                   10                  140
    4162          31.8127                   10                  140
    4163          30.8893                   10                  140
    4164          30.4264                   10                  139
    4165          31.1026                   10                  139
    4166          31.8187                   24                  101
    4167          30.8452                   10                  153
    4168          31.3265                   10                  139
    4169          30.9891                   10                  139
    4170          30.3288                   10                  140
    4171          29.2502                   10                  139
    4172          29.1128                   10                  139
    4173          28.0063                   10                  139
    4174          27.2349                   10                  139
    4175          28.9558                   10                  140
    4176          29.5795                   10                  140
    4177          29.6329                   10                  139
    4178          30.2677                   10                  140
    4179          29.7268                   10                  140
    4180          31.3649                   10                  139
    4181          30.7102                   10                  140
    4182          30.9759                   10                  139
    4183          30.2297                   10                  140
    4184          30.3299                   10                  140
    4185          30.7535                   10                  140
    4186          30.7520                   10                  140
    4187          30.9563                   10                  140
    4188          29.2968                   10                  140
    4189          28.7870                   10                  140
    4190          28.5092                   10                  140
    4191          29.3215                   10                  140
    4192          27.3078                   10                  140
    4193          28.2765                   10                  140
    4194          28.9793                   10                  140
    4195          29.0333                   10                  140
    4196          30.1979                   10                  140
    4197          29.7023                   10                  140
    4198          29.4574                   10                  140
    4199          30.7826                   10                  140
    4200          30.9942                   10                  139
    4201          29.7256                   10                  141
    4202          31.0021                   10                  141
    4203          30.6888                   10                  139
    4204          31.3225                   10                  140
    4205          31.8286                   10                  153
    4206          31.0478                   10                  153
    4207          31.1841                   10                  153
    4208          32.6601                   10                  139
    4209          31.9601                   10                  140
    4210          31.8599                   10                  140
    4211          31.8280                    9                  139
    4212          31.8574                    9                  153
    4213          31.1845                  113                  152
    4214          32.0488                  113                  152
    4215          32.0419                   10                  139
    4216          32.3390                  113                  152
    4217          31.7899                   24                  100
    4218          31.2639                  113                  153
    4219          31.9037                   24                  102
    4220          31.0039                   10                  153
    4221          30.8577                   24                  102
    4222          31.4408                  113                  152
    4223          32.1790                  113                  152
    4224          31.5615                  113                  152
    4225          31.5906                  113                  152
    4226          31.9938                   23                  102
    4227          31.7743                   24                  102
    4228          31.1204                   23                  102
    4229          32.0820                   23                  102
    4230          32.1880                   23                  102
    4231          32.6234                   23                  102
    4232          31.7289                   24                  102
    4233          33.0335                  113                  152
    4234          32.1409                   23                  102
    4235          32.5462                   23                  102
    4236          33.1388                   24                  102
    4237          32.7736                  113                  152
    4238          32.5944                   23                  102
    4239          31.8244                   23                  102
    4240          32.4045                  113                  152
    4241          31.5784                  113                  152
    4242          31.6480                  113                  152
    4243          31.6153                   24                  102
    4244          31.9924                  113                  152
    4245          31.2032                   23                  102
    4246          32.0878                   23                  102
    4247          31.3549                   23                  102
    4248          31.5406                   24                  102
    4249          31.0683                  113                  152
    4250          31.6719                   23                  102
    4251          31.2848                   24                  102
    4252          31.2880                   23                  102
    4253          32.4279                   24                  100
    4254          30.8399                   24                  102
    4255          31.5322                  113                  152
    4256          31.5008                  114                  152
    4257          31.7339                  113                  152
    4258          31.8375                  113                  152
    4259          31.8525                   10                  153
    4260          31.1030                  113                  153
    4261          31.8908                  113                  152
    4262          30.5168                  113                  152
    4263          31.5208                  113                  152
    4264          32.4936                  113                  152
    4265          32.5616                   24                  102
    4266          32.1045                  113                  152
    4267          31.5771                   23                  100
    4268          31.5074                   24                  100
    4269          31.1164                   24                  102
    4270          32.3365                  113                  153
    4271          31.7732                   24                  101
    4272          32.3054                   10                  140
    4273          31.2059                   24                  150
    4274          31.5082                   24                  102
    4275          30.4038                   24                  152
    4276          30.8525                   24                  154
    4277          31.0671                   24                  154
    4278          30.8436                   24                  102
    4279          30.5412                   24                  154
    4280          31.3151                   24                  100
    4281          30.5402                   24                  154
    4282          30.3985                   24                  154
    4283          31.0323                   24                  154
    4284          31.2727                   24                  154
    4285          31.3606                   24                  154
    4286          30.3965                   24                  154
    4287          30.9247                   24                  154
    4288          30.4444                   24                  154
    4289          30.3628                   24                  154
    4290          30.1819                   24                  153
    4291          30.1082                   24                  153
    4292          30.0414                   24                  153
    4293          29.9289                   24                  153
    4294          31.0657                   24                  153
    4295          29.2945                   24                  153
    4296          29.2682                   24                  153
    4297          28.3867                   24                  153
    4298          28.2298                   24                  153
    4299          29.4928                   24                  153
    4300          30.3500                   24                  153
    4301          30.9021                   24                  154
    4302          30.5121                   24                  153
    4303          28.9704                   24                  154
    4304          29.2302                   24                  153
    4305          28.4187                   24                  154
    4306          30.5336                   24                  153
    4307          30.2955                   24                  153
    4308          31.0781                   24                  153
    4309          29.7685                   24                  153
    4310          30.5265                   24                  153
    4311          31.6113                   24                  154
    4312          32.0076                   24                  154
    4313          32.3185                  113                  152
    4314          32.3643                  113                  152
    4315          30.6706                   24                  153
    4316          31.4471                   24                  154
    4317          30.7763                  113                  152
    4318          31.2891                  113                  152
    4319          31.5742                  113                  152
    4320          30.8286                  113                  152
    4321          30.4852                  113                  152
    4322          31.0539                  113                  152
    4323          30.5720                   35                  152
    4324          31.1345                   35                  153
    4325          30.8353                   35                  153
    4326          31.3048                   35                  153
    4327          31.8441                   35                  153
    4328          31.1557                   35                  153
    4329          30.5763                   35                  153
    4330          31.1587                   35                  153
    4331          31.8982                   24                  113
    4332          30.9766                   24                  113
    4333          30.6457                   24                  113
    4334          29.6510                   24                  113
    4335          29.5439                   24                  115
    4336          29.3673                   24                  115
    4337          32.4842                   24                  115
    4338          30.7462                   24                  115
    4339          30.8594                   24                  115
    4340          31.6936                   24                  115
    4341          31.2393                   24                  115
    4342          30.7256                   24                  115
    4343          32.5701                   24                  113
    4344          33.1670                   23                  109
    4345          32.6991                   23                  126
    4346          31.9913                   23                  113
    4347          33.5542                   24                  126
    4348          32.1923                   24                  126
    4349          32.0947                   24                  115
    4350          32.0616                   23                  115
    4351          32.5466                   23                  115
    4352          32.1365                   24                  126
    4353          33.4669                   10                  113
    4354          33.3874                   23                  115
    4355          33.0069                   23                  115
    4356          32.8894                   24                  156
    4357          33.3836                   23                  155
    4358          33.0741                   24                  155
    4359          33.2702                   23                  155
    4360          33.0829                   35                   61
    4361          33.2119                   23                  126
    4362          33.1923                   24                  126
    4363          32.5292                   23                  126
    4364          32.6082                   24                  126
    4365          32.7590                   24                  126
    4366          32.4447                   24                  128
    4367          32.1587                   24                  126
    4368          32.1851                   24                  126
    4369          31.0650                   24                  126
    4370          32.3827                   35                  153
    4371          31.3946                   22                  113
    4372          30.1445                   24                  128
    4373          31.1943                   24                  128
    4374          31.1034                   23                  126
    4375          32.4739                   24                  126
    4376          31.9640                   24                  152
    4377          31.8592                   22                  152
    4378          31.4686                   23                  126
    4379          31.7433                   22                  126
    4380          32.4276                   22                  126
    4381          33.1652                   22                  126
    4382          33.1338                   23                  126
    4383          30.9908                   24                  126
    4384          31.6827                   24                  126
    4385          32.2022                   22                  126
    4386          32.0050                   23                  126
    4387          33.2456                   24                  126
    4388          33.0286                   35                   63
    4389          32.2905                   22                  126
    4390          32.0189                   24                  126
    4391          31.1496                   24                  126
    4392          32.5157                   36                   62
    4393          33.1600                   36                  139
    4394          32.8481                   24                  126
    4395          32.6188                   22                  153
    4396          33.4046                   22                  152
    4397          33.3685                   22                  153
    4398          32.7739                   22                  153
    4399          33.5615                   22                  113
    4400          33.3104                   11                   63
    4401          33.4612                   36                   63
    4402          32.3909                   22                  115
    4403          32.4182                   22                  113
    4404          31.8389                   10                  113
    4405          31.4743                   10                  113
    4406          31.6244                   10                  113
    4407          30.6398                   11                  113
    4408          32.4836                   10                  113
    4409          31.9351                   11                  113
    4410          31.1063                   37                  154
    4411          30.2626                   37                  154
    4412          29.2068                   37                  154
    4413          28.3784                   37                  154
    4414          27.7942                   37                  153
    4415          28.1773                   37                  154
    4416          27.5245                   37                  153
    4417          28.3999                   37                  153
    4418          28.8095                   37                  153
    4419          30.4116                   37                  154
    4420          28.9358                   37                  154
    4421          30.2687                   37                  154
    4422          30.7625                   37                  154
    4423          30.0430                   37                  154
    4424          31.3704                   10                  113
    4425          29.6245                   37                  153
    4426          29.3636                   37                  153
    4427          30.7855                   10                  113
    4428          30.6186                   35                  154
    4429          30.3217                   11                  113
    4430          30.0747                   37                  153
    4431          29.8183                   37                  154
    4432          28.6446                   37                  152
    4433          28.6115                   37                  154
    4434          28.1401                   37                  154
    4435          29.0370                   37                  152
    4436          28.6844                   37                  153
    4437          28.8141                   37                  153
    4438          29.3537                   37                  153
    4439          30.6952                   37                  152
    4440          32.1871                   37                  152
    4441          33.0924                   12                  113
    4442          32.4674                   12                  113
    4443          32.0632                   37                  153
    4444          32.5959                   37                  153
    4445          31.4965                   37                  153
    4446          32.0821                   37                  152
    4447          31.6838                   37                  153
    4448          30.4274                   37                  153
    4449          28.9493                   37                  153
    4450          28.7023                   37                  153
    4451          31.7581                   37                  152
    4452          31.6038                   37                  153
    4453          30.0039                   37                  153
    4454          29.7094                   37                  153
    4455          29.9223                   37                  153
    4456          30.8758                   37                  153
    4457          29.8850                   37                  153
    4458          30.4507                   37                  153
    4459          31.4306                   37                  153
    4460          31.3495                   37                  153
    4461          30.8501                   37                  153
    4462          28.5357                   37                  153
    4463          29.4090                   37                  153
    4464          31.2656                   37                  153
    4465          32.3514                   37                  150
    4466          32.2317                   37                  153
    4467          32.0963                   23                  114
    4468          32.5715                   23                  114
    4469          31.2177                   37                  153
    4470          30.9321                   37                  153
    4471          32.9425                   11                   61
    4472          32.6596                   23                  127
    4473          31.8173                   11                   62
    4474          32.8586                   11                   61
    4475          32.0320                   11                   61
    4476          32.8299                   11                   62
    4477          31.8681                   37                  140
    4478          32.5496                   22                  127
    4479          32.3623                   22                  127
    4480          32.8684                   23                  127
    4481          31.9633                   11                   61
    4482          32.2706                   11                   61
    4483          32.4905                   22                  153
    4484          32.0198                   22                  127
    4485          32.4352                   11                   61
    4486          33.1004                   11                   62
    4487          32.4307                   23                  127
    4488          33.2637                   24                  127
    4489          31.8480                   22                  127
    4490          32.6375                   24                  127
    4491          31.4504                   22                  127
    4492          31.9987                   22                  127
    4493          31.4455                   22                  127
    4494          31.6798                   22                  127
    4495          32.2085                   37                  153
    4496          32.5127                   37                  154
    4497          31.4932                   37                  154
    4498          32.5438                   37                  154
    4499          31.2563                   37                  154
    4500          31.9779                   22                  114
    4501          30.4563                   24                  114
    4502          30.8656                   22                  127
    4503          31.8614                   22                  127
    4504          32.2721                   22                  126
    4505          31.5541                   37                  154
    4506          30.6790                   37                  153
    4507          30.2945                   37                  152
    4508          29.6132                   37                  153
    4509          28.9096                   37                  152
    4510          28.1541                   37                  153
    4511          27.6666                   37                  153
    4512          28.0328                   37                  153
    4513          28.9123                   37                  154
    4514          29.6070                   37                  153
    4515          29.6735                   37                  154
    4516          31.1893                   37                  153
    4517          31.6873                   37                  154
    4518          30.6628                   37                  154
    4519          31.2526                   10                  102
    4520          31.8339                   37                  153
    4521          31.1594                   22                  114
    4522          32.1056                   24                  114
    4523          32.0933                   10                  100
    4524          30.7528                   37                  153
    4525          31.9065                   37                  154
    4526          31.9226                   37                  154
    4527          32.2200                   23                  127
    4528          31.9951                   23                  127
    4529          31.6755                   22                  126
    4530          32.1587                   37                  154
    4531          31.6990                   37                  101
    4532          31.4459                   37                  100
    4533          32.0113                   37                  101
    4534          31.8507                   37                  101
    4535          31.0697                   37                  101
    4536          31.0038                   37                  101
    4537          31.1007                   37                  101
    4538          32.6442                   37                  100
    4539          32.0453                   37                  100
    4540          31.4909                   23                  127
    4541          31.4226                   37                  100
    4542          32.8759                   23                  127
    4543          32.6395                   23                  127
    4544          32.7054                   23                  126
    4545          32.2983                   23                  114
    4546          31.7973                   23                  114
    4547          32.9065                   37                  101
    4548          31.8247                   37                  101
    4549          31.4015                   22                  114
    4550          31.4407                   22                  114
    4551          30.9220                   37                  101
    4552          31.4977                   37                  100
    4553          30.5000                   37                  100
    4554          32.1822                   23                  114
    4555          32.0098                   22                  114
    4556          32.2635                   37                  100
    4557          31.8228                   37                  100
    4558          31.4910                   22                  114
    4559          32.7636                   23                  113
    4560          33.4841                   37                   61
    4561          33.0504                   37                   61
    4562          32.4609                   23                  114
    4563          32.7755                   23                  114
    4564          32.3907                   23                  127
    4565          32.3239                   23                  114
    4566          33.5987                   23                  114
    4567          33.6491                   37                   63
    4568          32.9455                   23                  114
    4569          32.8238                   37                   63
    4570          32.5006                   23                  113
    4571          31.7521                   22                  126
    4572          31.9299                   22                  126
    4573          31.0571                   22                  126
    4574          31.1295                   22                  126
    4575          30.8284                   22                  126
    4576          31.3896                   22                  127
    4577          32.2875                   23                  127
    4578          31.4003                   22                  127
    4579          31.5980                   22                  153
    4580          31.7433                   24                  126
    4581          31.4288                   22                  126
    4582          30.1568                   22                  126
    4583          32.2564                   22                  126
    4584          31.5003                   22                  127
    4585          32.7076                   22                  126
    4586          31.7481                   22                  113
    4587          31.3942                   22                  113
    4588          31.8305                   22                  113
    4589          31.7195                   22                  127
    4590          32.5546                   10                  102
    4591          32.0531                   10                  102
    4592          32.2469                   10                  101
    4593          32.5042                   10                  101
    4594          31.2612                   10                  101
    4595          30.9959                   10                  102
    4596          31.8418                   10                  102
    4597          31.8919                   22                  113
    4598          32.2913                   22                  113
    4599          31.8905                   22                  127
    4600          32.1444                   22                  113
    4601          33.0789                   23                  113
    4602          33.0498                   10                  102
    4603          33.3150                   35                  153
    4604          32.2412                   35                  154
    4605          32.6592                   35                  154
    4606          32.4090                   35                  154
    4607          32.4553                   35                  150
    4608          32.2501                   35                  153
    4609          32.9873                   35                  153
    4610          32.9676                   22                  113
    4611          31.7923                   35                  154
    4612          30.1913                   35                  154
    4613          31.5021                   35                  154
    4614          31.2375                   35                  154
    4615          31.4037                   35                  153
    4616          28.7295                   35                  154
    4617          29.0303                   35                  153
    4618          27.8356                   35                  154
    4619          27.1358                   36                  154
    4620          26.3275                   36                  154
    4621          27.4738                   36                  154
    4622          27.5228                   36                  154
    4623          25.9925                   36                  154
    4624          25.1000                   36                  154
    4625          26.0377                   36                  154
    4626          26.8180                   36                  154
    4627          25.4262                   36                  154
    4628          24.9581                   36                  154
    4629          24.7596                   36                  154
    4630          24.8608                   36                  154
    4631          24.1109                   36                  154
    4632          24.5386                   36                  154
    4633          24.7558                   36                  154
    4634          26.8514                   36                  154
    4635          25.2346                   36                  152
    4636          25.9096                   36                  152
    4637          25.6207                   36                  152
    4638          26.4277                   36                  152
    4639          27.6958                   37                  152
    4640          26.9048                   36                  152
    4641          26.6326                   36                  152
    4642          23.9517                   36                  154
    4643          25.4391                   36                  154
    4644          24.7691                   36                  152
    4645          26.1758                   36                  154
    4646          25.4213                   36                  154
    4647          25.6411                   37                  154
    4648          26.0503                   36                  154
    4649          25.4436                   36                  154
    4650          26.0410                   36                  154
    4651          27.4441                   36                  154
    4652          26.2228                   36                  154
    4653          24.2350                   36                  152
    4654          27.6740                   37                  152
    4655          27.5643                   36                  154
    4656          28.0205                   36                  101
    4657          25.9632                   36                  154
    4658          27.0674                    9                  101
    4659          26.6486                   36                  154
    4660          25.9752                   36                  154
    4661          27.1548                   37                  152
    4662          26.6664                   36                  154
    4663          26.4505                   36                  154
    4664          27.1276                   36                  154
    4665          26.3856                   36                  154
    4666          27.1062                   36                  154
    4667          28.4719                   36                  154
    4668          27.6404                    9                  102
    4669          26.9400                    9                  102
    4670          29.0838                   10                  101
    4671          28.2818                   36                  154
    4672          27.5057                   36                  154
    4673          27.6311                   36                  152
    4674          26.7588                   36                  154
    4675          27.4438                   36                  154
    4676          27.0020                   36                  154
    4677          26.6916                   36                  154
    4678          27.2429                   36                  102
    4679          27.6147                    9                  102
    4680          26.2001                    9                  101
    4681          25.4960                    9                  102
    4682          25.6397                    9                  101
    4683          25.9130                    9                  101
    4684          25.4755                    9                  101
    4685          26.5812                    9                  101
    4686          26.5281                   37                  154
    4687          26.3092                    9                  101
    4688          26.3883                    9                  101
    4689          25.9745                    9                  101
    4690          26.0719                    9                  102
    4691          25.3702                    9                  102
    4692          26.4130                    9                  102
    4693          26.1358                    9                  102
    4694          27.7841                    9                  100
    4695          28.0371                   10                  102
    4696          27.0139                    9                  102
    4697          27.1602                    9                  102
    4698          26.5062                    9                  102
    4699          28.2446                   37                  100
    4700          28.6945                   37                  100
    4701          27.5235                    9                  102
    4702          28.1265                    9                  102
    4703          26.4442                    9                  102
    4704          27.5551                    9                  102
    4705          28.9666                   37                  100
    4706          28.7972                   37                  100
    4707          28.6862                   37                  102
    4708          28.8232                   37                  102
    4709          29.5878                   37                  102
    4710          28.6899                   37                  102
    4711          29.3993                   37                  102
    4712          31.2332                   37                  102
    4713          31.6900                    9                  102
    4714          30.6375                    9                  102
    4715          29.6811                    9                  102
    4716          28.6762                    9                  102
    4717          27.9856                    9                  102
    4718          26.9010                    9                  102
    4719          26.6360                    9                  102
    4720          25.2212                    9                  100
    4721          25.1053                    9                  102
    4722          25.5016                    9                  102
    4723          25.2663                    9                  100
    4724          25.7565                    9                  102
    4725          25.5726                    9                  102
    4726          26.3477                    9                  102
    4727          26.3055                    9                  102
    4728          25.7518                    9                  102
    4729          27.2827                    9                  100
    4730          27.8006                    9                  100
    4731          27.4721                    9                  102
    4732          27.0401                    9                  102
    4733          26.6912                   10                  100
    4734          26.9039                    9                  102
    4735          28.5450                    9                  102
    4736          27.2589                    9                  102
    4737          27.1823                    9                  102
    4738          27.3433                   10                  102
    4739          26.9842                    9                  102
    4740          26.6475                    9                  102
    4741          27.5677                    9                  102
    4742          26.9078                    9                  102
    4743          27.7288                    9                  102
    4744          27.6097                    9                  102
    4745          28.1551                    9                  102
    4746          28.0931                   35                  102
    4747          27.1076                   37                  102
    4748          27.8276                   37                  102
    4749          28.3455                   37                  102
    4750          29.6777                   37                  102
    4751          29.5045                   37                  102
    4752          29.9429                   37                  102
    4753          29.9340                   37                  100
    4754          29.9137                   37                  102
    4755          29.5554                   37                  102
    4756          30.6022                   37                  102
    4757          29.6657                   37                  102
    4758          30.1015                   37                  102
    4759          29.7090                   37                  102
    4760          30.3849                   37                  102
    4761          29.4005                   37                  102
    4762          29.0376                   37                  102
    4763          27.8763                   37                  102
    4764          28.2688                   37                  102
    4765          27.7354                   37                  102
    4766          28.0204                   37                  102
    4767          27.8146                   37                  102
    4768          28.3992                   37                  102
    4769          28.8877                   10                  152
    4770          29.0659                   10                  152
    4771          27.4384                   10                  152
    4772          27.2814                   11                  152
    4773          27.2976                   11                  152
    4774          26.9624                   11                  152
    4775          27.4659                   11                  152
    4776          25.8301                   11                  152
    4777          25.8952                   11                  152
    4778          26.3304                   11                  152
    4779          25.8465                   11                  152
    4780          26.1611                   11                  152
    4781          25.5538                   11                  152
    4782          25.1152                   11                  152
    4783          25.0985                   10                  152
    4784          24.5817                   11                  152
    4785          25.7522                   11                  152
    4786          25.7291                   10                  154
    4787          26.2111                   11                  154
    4788          26.2948                   10                  154
    4789          27.2248                   10                  154
    4790          27.0107                   10                  154
    4791          27.8043                   10                  154
    4792          27.3824                   10                  154
    4793          27.5492                   11                  154
    4794          28.3720                   11                  154
    4795          28.3265                   10                  154
    4796          27.9259                   10                  154
    4797          29.0492                   10                  154
    4798          29.1513                   10                  154
    4799          29.7014                   10                  154
    4800          29.2452                   10                  154
    4801          30.7991                   11                  154
    4802          31.1281                   10                  154
    4803          30.1414                   11                  154
    4804          29.7801                   10                  154
    4805          28.5852                   10                  154
    4806          29.1387                   10                  154
    4807          28.3579                   10                  154
    4808          29.0569                   10                  153
    4809          29.4479                   10                  153
    4810          28.9705                   10                  154
    4811          28.5705                   10                  154
    4812          28.1967                   10                  153
    4813          27.8080                   10                  152
    4814          27.4877                   10                  153
    4815          28.0756                   10                  153
    4816          27.5170                   11                  153
    4817          27.4402                   11                  153
    4818          25.8844                   11                  152
    4819          27.1904                   11                  152
    4820          27.8363                   11                  153
    4821          28.2360                   12                  152
    4822          30.0616                   12                  153
    4823          29.8971                   12                  152
    4824          30.2121                   11                  153
    4825          31.4232                   23                  152
    4826          30.8121                   23                  152
    4827          30.3502                    1                  152
    4828          30.8298                    1                  153
    4829          32.2776                   11                  148
    4830          32.3830                   37                  102
    4831          31.9731                   37                  102
    4832          31.9908                    1                  153
    4833          31.1212                    1                  153
    4834          31.7567                   11                  152
    4835          30.6256                    1                  153
    4836          30.8754                    1                  152
    4837          31.1659                    1                  152
    4838          32.0252                    1                  153
    4839          31.9391                    1                  152
    4840          32.4470                   37                  102
    4841          31.2413                   37                  102
    4842          31.4154                   37                  154
    4843          32.3553                   37                  154
    4844          32.5909                   61                  153
    4845          32.3286                   37                  154
    4846          32.6736                   37                  100
    4847          31.5839                   37                  102
    4848          30.3314                   37                  102
    4849          30.6419                   37                  102
    4850          31.0125                   37                  102
    4851          31.3655                   37                  102
    4852          31.8723                   37                  100
    4853          30.6913                   37                  152
    4854          31.0076                   37                  154
    4855          30.8820                   10                   61
    4856          31.4848                   36                  154
    4857          31.6454                   10                   61
    4858          31.9140                    9                  126
    4859          31.7670                   23                  153
    4860          31.5603                   10                   62
    4861          31.2828                   10                   61
    4862          30.8380                   10                   61
    4863          30.7244                   10                   62
    4864          30.8318                   10                   61
    4865          31.3915                   36                  154
    4866          31.5650                   36                  153
    4867          31.4195                   36                  153
    4868          31.9637                   36                  153
    4869          31.3346                   36                  153
    4870          32.3054                   37                  153
    4871          30.2747                   36                  152
    4872          29.3346                   36                  153
    4873          30.5572                   36                  152
    4874          31.2175                   36                  153
    4875          30.6601                  113                  152
    4876          29.2148                   11                  126
    4877          30.7641                    9                  126
    4878          31.0845                    9                  126
    4879          30.7520                    9                  126
    4880          31.6418                    9                  127
    4881          31.2929                   62                  154
    4882          31.1165                    1                  154
    4883          31.7884                    1                  154
    4884          31.5824                    1                  154
    4885          31.7478                    1                  154
    4886          31.3133                    1                  154
    4887          30.1663                    1                  154
    4888          30.8619                    9                  126
    4889          30.0151                    9                  126
    4890          29.2876                    9                  126
    4891          29.3171                    9                  128
    4892          30.3069                    9                  126
    4893          28.8701                    9                  128
    4894          29.2316                    9                  128
    4895          29.7230                    9                  154
    4896          28.7715                    9                  128
    4897          28.2186                    9                  154
    4898          27.7734                    9                  153
    4899          28.3958                    9                  153
    4900          29.6134                    9                  153
    4901          29.5125                    9                  128
    4902          30.2293                    9                  128
    4903          29.8147                    9                  153
    4904          29.1447                    9                  128
    4905          29.7458                   13                  154
    4906          30.1906                    9                  152
    4907          30.1449                    9                  154
    4908          30.7434                    9                  154
    4909          29.8293                    9                  154
    4910          29.8864                   23                  154
    4911          29.8516                   23                  154
    4912          29.7217                   23                  154
    4913          30.0388                   24                  154
    4914          28.5020                    9                  154
    4915          28.7148                    9                  152
    4916          28.4647                    9                  152
    4917          26.8441                   23                  154
    4918          26.9238                    9                  154
    4919          27.7274                   23                  152
    4920          26.6846                    9                  154
    4921          27.7471                    9                  154
    4922          25.7482                    9                  154
    4923          26.9417                    9                  154
    4924          28.5126                   24                  154
    4925          28.5348                   24                  154
    4926          26.9438                    9                  154
    4927          25.9531                    9                  154
    4928          25.2613                    9                  154
    4929          26.4132                    9                  154
    4930          27.8613                    9                  155
    4931          27.8430                    9                  155
    4932          27.7673                   24                  154
    4933          27.5426                    9                  154
    4934          26.1568                   24                  154
    4935          24.7462                    9                  153
    4936          23.6345                    9                  154
    4937          23.8721                    9                  153
    4938          24.8400                    9                  154
    4939          24.2275                    9                  154
    4940          27.0620                    9                  154
    4941          26.2705                   11                  153
    4942          24.8229                    9                  153
    4943          25.4739                   11                  154
    4944          25.2838                    9                  154
    4945          24.5901                   11                  154
    4946          26.4389                   11                  154
    4947          27.9228                   11                  153
    4948          25.8141                   11                  154
    4949          28.1013                   11                  150
    4950          28.9808                    9                  150
    4951          27.2516                    9                  154
    4952          29.7786                    9                  150
    4953          28.8650                    9                  154
    4954          29.0981                   24                  154
    4955          28.9419                   24                  154
    4956          28.3698                   22                  154
    4957          27.9588                   24                  154
    4958          29.7303                   24                  154
    4959          28.5811                   24                  154
    4960          29.2286                   24                  154
    4961          27.8081                   24                  154
    4962          27.2030                   24                  154
    4963          26.5628                   24                  154
    4964          26.8507                   22                  154
    4965          26.4069                   24                  154
    4966          27.2896                   24                  154
    4967          28.9271                   24                  153
    4968          28.2908                   24                  153
    4969          27.2339                   22                  154
    4970          26.7952                   11                  153
    4971          28.7826                   24                  154
    4972          29.8368                    9                  150
    4973          29.6907                    9                  154
    4974          29.7177                   24                  154
    4975          29.5898                   24                  154
    4976          28.6236                    9                  154
    4977          27.6183                    9                  154
    4978          29.6497                   11                  153
    4979          27.2506                   11                  154
    4980          26.5927                   11                  154
    4981          27.9240                   11                  154
    4982          28.2500                   37                  154
    4983          26.7046                   11                  154
    4984          27.6738                   11                  154
    4985          27.3967                    9                  154
    4986          27.9072                   11                  154
    4987          28.2437                   36                  154
    4988          28.4736                   36                  154
    4989          29.8193                   36                  152
    4990          27.0819                   36                  152
    4991          27.6196                    9                  154
    4992          26.0993                   24                  152
    4993          25.9616                    9                  152
    4994          25.9215                    9                  152
    4995          25.3234                    9                  152
    4996          25.8150                    9                  152
    4997          24.8149                    9                  152
    4998          25.1106                   36                  152
    4999          25.7491                   11                  152
    5000          26.1196                   36                  152
