#Frame a_A b_A c_A alpha beta gamma
0 51.257584 55.738522 57.052208 90.000000 90.000000 90.000000
1 51.205254 55.681618 56.993961 90.000000 90.000000 90.000000
2 51.266872 55.748623 57.062542 90.000000 90.000000 90.000000
3 51.290348 55.774151 57.088673 90.000000 90.000000 90.000000
4 51.182499 55.656876 56.968632 90.000000 90.000000 90.000000
5 51.281982 55.765053 57.079365 90.000000 90.000000 90.000000
6 51.238049 55.717278 57.030464 90.000000 90.000000 90.000000
7 51.190594 55.665676 56.977642 90.000000 90.000000 90.000000
8 51.204525 55.680828 56.993153 90.000000 90.000000 90.000000
9 51.341251 55.829502 57.145332 90.000000 90.000000 90.000000
10 51.311432 55.797077 57.112141 90.000000 90.000000 90.000000
11 51.215370 55.692619 57.005222 90.000000 90.000000 90.000000
12 51.315037 55.800995 57.116154 90.000000 90.000000 90.000000
13 51.141178 55.611942 56.922642 90.000000 90.000000 90.000000
14 51.229347 55.707817 57.020779 90.000000 90.000000 90.000000
15 51.134548 55.604729 56.915260 90.000000 90.000000 90.000000
16 51.096115 55.562939 56.872486 90.000000 90.000000 90.000000
17 51.203415 55.679619 56.991913 90.000000 90.000000 90.000000
18 51.293533 55.777615 57.092220 90.000000 90.000000 90.000000
19 51.226437 55.704651 57.017536 90.000000 90.000000 90.000000
20 51.198280 55.674038 56.986202 90.000000 90.000000 90.000000
21 51.274265 55.756660 57.070770 90.000000 90.000000 90.000000
22 51.116978 55.585625 56.895706 90.000000 90.000000 90.000000
23 51.050602 55.513447 56.821827 90.000000 90.000000 90.000000
24 51.198261 55.674011 56.986176 90.000000 90.000000 90.000000
25 51.064159 55.528187 56.836914 90.000000 90.000000 90.000000
26 51.177013 55.650909 56.962528 90.000000 90.000000 90.000000
27 51.247982 55.728081 57.041519 90.000000 90.000000 90.000000
28 51.088306 55.554447 56.863796 90.000000 90.000000 90.000000
29 51.251522 55.731930 57.045460 90.000000 90.000000 90.000000
30 51.195259 55.670750 56.982834 90.000000 90.000000 90.000000
31 51.234390 55.713299 57.026390 90.000000 90.000000 90.000000
32 51.179684 55.653812 56.965500 90.000000 90.000000 90.000000
33 51.134426 55.604595 56.915123 90.000000 90.000000 90.000000
34 51.161556 55.634102 56.945324 90.000000 90.000000 90.000000
35 51.216900 55.694283 57.006924 90.000000 90.000000 90.000000
36 51.218685 55.696224 57.008911 90.000000 90.000000 90.000000
37 51.147785 55.619125 56.929993 90.000000 90.000000 90.000000
38 51.113136 55.581448 56.891430 90.000000 90.000000 90.000000
39 51.059608 55.523239 56.831852 90.000000 90.000000 90.000000
40 51.118912 55.587730 56.897858 90.000000 90.000000 90.000000
41 51.137917 55.608395 56.919014 90.000000 90.000000 90.000000
42 51.156040 55.628105 56.939186 90.000000 90.000000 90.000000
43 51.156002 55.628059 56.939140 90.000000 90.000000 90.000000
44 51.223095 55.701019 57.013821 90.000000 90.000000 90.000000
45 51.210804 55.687653 57.000137 90.000000 90.000000 90.000000
46 51.240490 55.719933 57.033180 90.000000 90.000000 90.000000
47 51.229137 55.707592 57.020546 90.000000 90.000000 90.000000
48 51.246628 55.726608 57.040012 90.000000 90.000000 90.000000
49 51.197403 55.673080 56.985222 90.000000 90.000000 90.000000
50 51.152737 55.624508 56.935505 90.000000 90.000000 90.000000
51 51.105999 55.573685 56.883484 90.000000 90.000000 90.000000
52 51.101635 55.568939 56.878628 90.000000 90.000000 90.000000
53 51.098087 55.565083 56.874680 90.000000 90.000000 90.000000
54 51.200176 55.676094 56.988308 90.000000 90.000000 90.000000
55 51.263378 55.744823 57.058655 90.000000 90.000000 90.000000
56 51.226383 55.704594 57.017479 90.000000 90.000000 90.000000
57 51.148525 55.619926 56.930817 90.000000 90.000000 90.000000
58 51.217506 55.694942 57.007599 90.000000 90.000000 90.000000
59 51.148537 55.619942 56.930832 90.000000 90.000000 90.000000
60 51.228668 55.707081 57.020023 90.000000 90.000000 90.000000
61 51.115379 55.583885 56.893929 90.000000 90.000000 90.000000
62 51.196911 55.672546 56.984676 90.000000 90.000000 90.000000
63 51.268394 55.750278 57.064240 90.000000 90.000000 90.000000
64 51.156296 55.628380 56.939468 90.000000 90.000000 90.000000
65 51.185051 55.659649 56.971474 90.000000 90.000000 90.000000
66 51.216839 55.694218 57.006855 90.000000 90.000000 90.000000
67 51.155762 55.627796 56.938869 90.000000 90.000000 90.000000
68 51.288189 55.771801 57.086269 90.000000 90.000000 90.000000
69 51.210564 55.687393 56.999870 90.000000 90.000000 90.000000
70 51.226391 55.704601 57.017487 90.000000 90.000000 90.000000
71 51.212795 55.689816 57.002354 90.000000 90.000000 90.000000
72 51.273502 55.755833 57.069927 90.000000 90.000000 90.000000
73 51.151237 55.622879 56.933834 90.000000 90.000000 90.000000
74 51.193462 55.668797 56.980835 90.000000 90.000000 90.000000
75 51.186783 55.661530 56.973400 90.000000 90.000000 90.000000
76 51.150410 55.621979 56.932919 90.000000 90.000000 90.000000
77 51.143871 55.614868 56.925640 90.000000 90.000000 90.000000
78 51.102310 55.569675 56.879379 90.000000 90.000000 90.000000
79 51.228634 55.707039 57.019981 90.000000 90.000000 90.000000
80 51.196220 55.671795 56.983906 90.000000 90.000000 90.000000
81 51.188736 55.663654 56.975574 90.000000 90.000000 90.000000
82 51.096714 55.563591 56.873150 90.000000 90.000000 90.000000
83 51.238308 55.717560 57.030750 90.000000 90.000000 90.000000
84 51.207504 55.684063 56.996464 90.000000 90.000000 90.000000
85 51.215912 55.693207 57.005825 90.000000 90.000000 90.000000
86 51.265923 55.747589 57.061485 90.000000 90.000000 90.000000
87 51.062275 55.526142 56.834820 90.000000 90.000000 90.000000
88 51.193714 55.669067 56.981113 90.000000 90.000000 90.000000
89 51.194401 55.669815 56.981880 90.000000 90.000000 90.000000
90 51.241955 55.721527 57.034809 90.000000 90.000000 90.000000
91 51.143162 55.614098 56.924847 90.000000 90.000000 90.000000
92 51.180893 55.655128 56.966846 90.000000 90.000000 90.000000
93 51.174282 55.647938 56.959488 90.000000 90.000000 90.000000
94 51.117153 55.585815 56.895901 90.000000 90.000000 90.000000
95 51.149117 55.620575 56.931477 90.000000 90.000000 90.000000
96 51.182194 55.656544 56.968296 90.000000 90.000000 90.000000
97 51.204594 55.680897 56.993225 90.000000 90.000000 90.000000
98 51.162067 55.634655 56.945892 90.000000 90.000000 90.000000
99 51.236145 55.715206 57.028343 90.000000 90.000000 90.000000
100 51.191597 55.666767 56.978760 90.000000 90.000000 90.000000
101 51.258503 55.739521 57.053230 90.000000 90.000000 90.000000
102 51.175495 55.649258 56.960838 90.000000 90.000000 90.000000
103 51.154472 55.626400 56.937439 90.000000 90.000000 90.000000
104 51.157085 55.629238 56.940350 90.000000 90.000000 90.000000
105 51.086193 55.552147 56.861439 90.000000 90.000000 90.000000
106 51.056374 55.519722 56.828251 90.000000 90.000000 90.000000
107 51.156033 55.628094 56.939175 90.000000 90.000000 90.000000
108 51.200230 55.676155 56.988369 90.000000 90.000000 90.000000
109 51.098751 55.565804 56.875420 90.000000 90.000000 90.000000
110 51.135105 55.605335 56.915882 90.000000 90.000000 90.000000
111 51.185963 55.660637 56.972488 90.000000 90.000000 90.000000
112 51.300316 55.784988 57.099770 90.000000 90.000000 90.000000
113 51.143253 55.614197 56.924953 90.000000 90.000000 90.000000
114 51.200638 55.676598 56.988823 90.000000 90.000000 90.000000
115 51.313843 55.799698 57.114826 90.000000 90.000000 90.000000
116 51.155155 55.627140 56.938198 90.000000 90.000000 90.000000
117 51.119545 55.588417 56.898563 90.000000 90.000000 90.000000
118 51.153160 55.624969 56.935978 90.000000 90.000000 90.000000
119 51.161942 55.634521 56.945751 90.000000 90.000000 90.000000
120 51.128098 55.597717 56.908081 90.000000 90.000000 90.000000
121 51.162846 55.635502 56.946758 90.000000 90.000000 90.000000
122 51.174839 55.648544 56.960106 90.000000 90.000000 90.000000
123 51.135475 55.605740 56.916294 90.000000 90.000000 90.000000
124 51.151108 55.622738 56.933693 90.000000 90.000000 90.000000
125 51.234154 55.713047 57.026131 90.000000 90.000000 90.000000
126 51.175346 55.649097 56.960670 90.000000 90.000000 90.000000
127 51.227097 55.705368 57.018272 90.000000 90.000000 90.000000
128 51.277378 55.760048 57.074238 90.000000 90.000000 90.000000
129 51.226761 55.705006 57.017899 90.000000 90.000000 90.000000
130 51.179230 55.653320 56.964996 90.000000 90.000000 90.000000
131 51.269283 55.751244 57.065228 90.000000 90.000000 90.000000
132 51.167240 55.640278 56.951649 90.000000 90.000000 90.000000
133 51.227337 55.705631 57.018543 90.000000 90.000000 90.000000
134 51.161217 55.633732 56.944946 90.000000 90.000000 90.000000
135 51.167435 55.640495 56.951866 90.000000 90.000000 90.000000
136 51.162838 55.635490 56.946747 90.000000 90.000000 90.000000
137 51.148262 55.619640 56.930523 90.000000 90.000000 90.000000
138 51.141529 55.612324 56.923031 90.000000 90.000000 90.000000
139 51.180679 55.654896 56.966610 90.000000 90.000000 90.000000
140 51.248455 55.728596 57.042046 90.000000 90.000000 90.000000
141 51.197124 55.672779 56.984913 90.000000 90.000000 90.000000
142 51.157631 55.629833 56.940952 90.000000 90.000000 90.000000
143 51.142628 55.613518 56.924255 90.000000 90.000000 90.000000
144 51.186951 55.661713 56.973587 90.000000 90.000000 90.000000
145 51.190540 55.665619 56.977585 90.000000 90.000000 90.000000
146 51.334602 55.822273 57.137932 90.000000 90.000000 90.000000
147 51.250378 55.730686 57.044186 90.000000 90.000000 90.000000
148 51.089954 55.556240 56.865627 90.000000 90.000000 90.000000
149 51.294670 55.778851 57.093487 90.000000 90.000000 90.000000
150 51.286732 55.770218 57.084648 90.000000 90.000000 90.000000
151 51.215069 55.692291 57.004883 90.000000 90.000000 90.000000
152 51.202709 55.678852 56.991127 90.000000 90.000000 90.000000
153 51.179840 55.653980 56.965672 90.000000 90.000000 90.000000
154 51.226948 55.705212 57.018108 90.000000 90.000000 90.000000
155 51.254803 55.735497 57.049110 90.000000 90.000000 90.000000
156 51.237705 55.716908 57.030083 90.000000 90.000000 90.000000
157 51.240211 55.719631 57.032871 90.000000 90.000000 90.000000
158 51.176075 55.649887 56.961483 90.000000 90.000000 90.000000
159 51.178291 55.652298 56.963951 90.000000 90.000000 90.000000
160 51.211334 55.688229 57.000729 90.000000 90.000000 90.000000
161 51.175346 55.649094 56.960670 90.000000 90.000000 90.000000
162 51.163406 55.636112 56.947384 90.000000 90.000000 90.000000
163 51.286667 55.770149 57.084579 90.000000 90.000000 90.000000
164 51.155148 55.627132 56.938190 90.000000 90.000000 90.000000
165 51.159389 55.631744 56.942913 90.000000 90.000000 90.000000
166 51.058331 55.521851 56.830429 90.000000 90.000000 90.000000
167 51.084713 55.550537 56.859791 90.000000 90.000000 90.000000
168 51.214874 55.692078 57.004669 90.000000 90.000000 90.000000
169 51.147598 55.618923 56.929787 90.000000 90.000000 90.000000
170 51.191570 55.666737 56.978729 90.000000 90.000000 90.000000
171 51.224983 55.703072 57.015923 90.000000 90.000000 90.000000
172 51.223782 55.701763 57.014584 90.000000 90.000000 90.000000
173 51.180576 55.654781 56.966492 90.000000 90.000000 90.000000
174 51.102291 55.569653 56.879356 90.000000 90.000000 90.000000
175 51.087669 55.553757 56.863087 90.000000 90.000000 90.000000
176 51.230309 55.708862 57.021847 90.000000 90.000000 90.000000
177 51.180511 55.654709 56.966419 90.000000 90.000000 90.000000
178 51.112595 55.580860 56.890827 90.000000 90.000000 90.000000
179 51.178864 55.652920 56.964584 90.000000 90.000000 90.000000
180 51.108437 55.576336 56.886196 90.000000 90.000000 90.000000
181 51.118225 55.586979 56.897091 90.000000 90.000000 90.000000
182 51.222034 55.699863 57.012638 90.000000 90.000000 90.000000
183 51.288204 55.771820 57.086288 90.000000 90.000000 90.000000
184 51.205936 55.682358 56.994720 90.000000 90.000000 90.000000
185 51.135880 55.606178 56.916744 90.000000 90.000000 90.000000
186 51.117111 55.585770 56.895855 90.000000 90.000000 90.000000
187 51.207523 55.684086 56.996487 90.000000 90.000000 90.000000
188 51.251621 55.732040 57.045570 90.000000 90.000000 90.000000
189 51.172348 55.645836 56.957333 90.000000 90.000000 90.000000
190 51.188030 55.662888 56.974789 90.000000 90.000000 90.000000
191 51.212933 55.689968 57.002506 90.000000 90.000000 90.000000
192 51.295197 55.779423 57.094070 90.000000 90.000000 90.000000
193 51.214462 55.691631 57.004211 90.000000 90.000000 90.000000
194 51.234882 55.713837 57.026939 90.000000 90.000000 90.000000
195 51.257740 55.738693 57.052383 90.000000 90.000000 90.000000
196 51.236740 55.715858 57.029007 90.000000 90.000000 90.000000
197 51.173363 55.646938 56.958462 90.000000 90.000000 90.000000
198 51.181919 55.656246 56.967991 90.000000 90.000000 90.000000
199 51.143829 55.614826 56.925594 90.000000 90.000000 90.000000
200 51.125340 55.594719 56.905014 90.000000 90.000000 90.000000
201 51.086212 55.552170 56.861462 90.000000 90.000000 90.000000
202 51.253262 55.733822 57.047394 90.000000 90.000000 90.000000
203 51.255981 55.736778 57.050423 90.000000 90.000000 90.000000
204 51.095566 55.562340 56.871872 90.000000 90.000000 90.000000
205 51.104046 55.571560 56.881310 90.000000 90.000000 90.000000
206 51.211079 55.687950 57.000443 90.000000 90.000000 90.000000
207 51.252193 55.732662 57.046207 90.000000 90.000000 90.000000
208 51.189178 55.664135 56.976067 90.000000 90.000000 90.000000
209 51.216068 55.693378 57.005997 90.000000 90.000000 90.000000
210 51.258041 55.739021 57.052715 90.000000 90.000000 90.000000
211 51.342129 55.830460 57.146309 90.000000 90.000000 90.000000
212 51.124760 55.594086 56.904366 90.000000 90.000000 90.000000
213 51.066353 55.530575 56.839359 90.000000 90.000000 90.000000
214 51.215961 55.693260 57.005878 90.000000 90.000000 90.000000
215 51.292732 55.776745 57.091328 90.000000 90.000000 90.000000
216 51.149498 55.620987 56.931900 90.000000 90.000000 90.000000
217 51.231552 55.710217 57.023232 90.000000 90.000000 90.000000
218 51.194477 55.669895 56.981964 90.000000 90.000000 90.000000
219 51.186768 55.661514 56.973385 90.000000 90.000000 90.000000
220 51.162525 55.635155 56.946404 90.000000 90.000000 90.000000
221 51.256283 55.737110 57.050758 90.000000 90.000000 90.000000
222 51.102966 55.570389 56.880108 90.000000 90.000000 90.000000
223 51.218430 55.695946 57.008625 90.000000 90.000000 90.000000
224 51.153358 55.625183 56.936199 90.000000 90.000000 90.000000
225 51.194603 55.670036 56.982105 90.000000 90.000000 90.000000
226 51.257210 55.738113 57.051788 90.000000 90.000000 90.000000
227 51.102077 55.569420 56.879120 90.000000 90.000000 90.000000
228 51.223484 55.701439 57.014252 90.000000 90.000000 90.000000
229 51.216789 55.694160 57.006798 90.000000 90.000000 90.000000
230 51.264450 55.745987 57.059849 90.000000 90.000000 90.000000
231 51.239704 55.719078 57.032303 90.000000 90.000000 90.000000
232 51.127766 55.597355 56.907711 90.000000 90.000000 90.000000
233 51.212982 55.690018 57.002560 90.000000 90.000000 90.000000
234 51.165001 55.637844 56.949158 90.000000 90.000000 90.000000
235 51.167419 55.640472 56.951847 90.000000 90.000000 90.000000
236 51.208469 55.685112 56.997536 90.000000 90.000000 90.000000
237 51.206207 55.682655 56.995022 90.000000 90.000000 90.000000
238 51.072369 55.537117 56.846054 90.000000 90.000000 90.000000
239 51.179718 55.653847 56.965534 90.000000 90.000000 90.000000
240 51.195808 55.671345 56.983448 90.000000 90.000000 90.000000
241 51.243916 55.723660 57.036991 90.000000 90.000000 90.000000
242 51.184277 55.658806 56.970612 90.000000 90.000000 90.000000
243 51.054272 55.517437 56.825909 90.000000 90.000000 90.000000
244 51.333889 55.821499 57.137138 90.000000 90.000000 90.000000
245 51.166431 55.639400 56.950748 90.000000 90.000000 90.000000
246 51.208427 55.685070 56.997494 90.000000 90.000000 90.000000
247 51.141109 55.611866 56.922565 90.000000 90.000000 90.000000
248 51.312611 55.798359 57.113453 90.000000 90.000000 90.000000
249 51.168774 55.641949 56.953354 90.000000 90.000000 90.000000
250 51.162624 55.635262 56.946514 90.000000 90.000000 90.000000
251 51.173653 55.647251 56.958786 90.000000 90.000000 90.000000
252 51.216602 55.693958 57.006592 90.000000 90.000000 90.000000
253 51.273651 55.755997 57.070091 90.000000 90.000000 90.000000
254 51.111462 55.579628 56.889565 90.000000 90.000000 90.000000
255 51.161755 55.634315 56.945545 90.000000 90.000000 90.000000
256 51.167633 55.640709 56.952087 90.000000 90.000000 90.000000
257 51.248695 55.728859 57.042316 90.000000 90.000000 90.000000
258 51.150150 55.621696 56.932625 90.000000 90.000000 90.000000
259 51.154995 55.626965 56.938019 90.000000 90.000000 90.000000
260 51.174671 55.648361 56.959923 90.000000 90.000000 90.000000
261 51.171970 55.645424 56.956913 90.000000 90.000000 90.000000
262 51.172386 55.645878 56.957378 90.000000 90.000000 90.000000
263 51.332165 55.819622 57.135220 90.000000 90.000000 90.000000
264 51.137402 55.607834 56.918438 90.000000 90.000000 90.000000
265 51.218330 55.695835 57.008514 90.000000 90.000000 90.000000
266 51.249546 55.729782 57.043259 90.000000 90.000000 90.000000
267 51.160564 55.633022 56.944221 90.000000 90.000000 90.000000
268 51.222752 55.700645 57.013439 90.000000 90.000000 90.000000
269 51.101376 55.568657 56.878338 90.000000 90.000000 90.000000
270 51.231022 55.709641 57.022644 90.000000 90.000000 90.000000
271 51.150208 55.621761 56.932693 90.000000 90.000000 90.000000
272 51.070213 55.534771 56.843655 90.000000 90.000000 90.000000
273 51.178722 55.652767 56.964432 90.000000 90.000000 90.000000
274 51.228363 55.706749 57.019684 90.000000 90.000000 90.000000
275 51.145039 55.616138 56.926937 90.000000 90.000000 90.000000
276 51.083191 55.548882 56.858097 90.000000 90.000000 90.000000
277 51.097240 55.564159 56.873737 90.000000 90.000000 90.000000
278 51.127731 55.597321 56.907677 90.000000 90.000000 90.000000
279 51.114315 55.582729 56.892738 90.000000 90.000000 90.000000
280 51.246410 55.726372 57.039768 90.000000 90.000000 90.000000
281 51.208652 55.685310 56.997742 90.000000 90.000000 90.000000
282 51.127697 55.597282 56.907635 90.000000 90.000000 90.000000
283 51.145779 55.616943 56.927761 90.000000 90.000000 90.000000
284 51.254612 55.735291 57.048901 90.000000 90.000000 90.000000
285 51.139198 55.609787 56.920437 90.000000 90.000000 90.000000
286 51.267841 55.749676 57.063622 90.000000 90.000000 90.000000
287 51.315327 55.801311 57.116474 90.000000 90.000000 90.000000
288 51.189819 55.664833 56.976780 90.000000 90.000000 90.000000
289 51.125607 55.595009 56.905312 90.000000 90.000000 90.000000
290 51.113182 55.581497 56.891479 90.000000 90.000000 90.000000
291 51.277267 55.759930 57.074116 90.000000 90.000000 90.000000
292 51.114491 55.582920 56.892937 90.000000 90.000000 90.000000
293 51.241028 55.720520 57.033779 90.000000 90.000000 90.000000
294 51.027534 55.488365 56.796150 90.000000 90.000000 90.000000
295 51.149330 55.620804 56.931713 90.000000 90.000000 90.000000
296 51.132790 55.602821 56.913307 90.000000 90.000000 90.000000
297 51.113220 55.581539 56.891525 90.000000 90.000000 90.000000
298 51.230572 55.709148 57.022141 90.000000 90.000000 90.000000
299 51.140205 55.610882 56.921558 90.000000 90.000000 90.000000
300 51.102539 55.569923 56.879635 90.000000 90.000000 90.000000
301 51.287331 55.770866 57.085316 90.000000 90.000000 90.000000
302 51.048550 55.511215 56.819542 90.000000 90.000000 90.000000
303 51.124107 55.593380 56.903641 90.000000 90.000000 90.000000
304 51.125053 55.594406 56.904694 90.000000 90.000000 90.000000
305 51.214199 55.691345 57.003918 90.000000 90.000000 90.000000
306 51.216354 55.693691 57.006317 90.000000 90.000000 90.000000
307 51.091763 55.558208 56.867641 90.000000 90.000000 90.000000
308 51.217796 55.695259 57.007923 90.000000 90.000000 90.000000
309 51.172672 55.646191 56.957699 90.000000 90.000000 90.000000
310 51.191280 55.666420 56.978405 90.000000 90.000000 90.000000
311 51.106182 55.573883 56.883690 90.000000 90.000000 90.000000
312 51.125347 55.594727 56.905022 90.000000 90.000000 90.000000
313 51.179840 55.653980 56.965672 90.000000 90.000000 90.000000
314 51.184010 55.658516 56.970314 90.000000 90.000000 90.000000
315 51.229172 55.707626 57.020580 90.000000 90.000000 90.000000
316 51.140064 55.610729 56.921398 90.000000 90.000000 90.000000
317 51.168175 55.641300 56.952690 90.000000 90.000000 90.000000
318 51.164360 55.637150 56.948444 90.000000 90.000000 90.000000
319 51.162739 55.635387 56.946640 90.000000 90.000000 90.000000
320 51.197258 55.672924 56.985062 90.000000 90.000000 90.000000
321 51.063866 55.527870 56.836590 90.000000 90.000000 90.000000
322 51.217934 55.695404 57.008072 90.000000 90.000000 90.000000
323 51.104313 55.571850 56.881607 90.000000 90.000000 90.000000
324 51.109512 55.577507 56.887394 90.000000 90.000000 90.000000
325 51.283367 55.766560 57.080902 90.000000 90.000000 90.000000
326 51.172523 55.646023 56.957527 90.000000 90.000000 90.000000
327 51.252514 55.733009 57.046562 90.000000 90.000000 90.000000
328 51.214329 55.691486 57.004063 90.000000 90.000000 90.000000
329 51.158886 55.631199 56.942352 90.000000 90.000000 90.000000
330 51.166809 55.639812 56.951172 90.000000 90.000000 90.000000
331 51.164425 55.637218 56.948517 90.000000 90.000000 90.000000
332 51.250660 55.730991 57.044498 90.000000 90.000000 90.000000
333 51.090965 55.557339 56.866753 90.000000 90.000000 90.000000
334 51.117844 55.586567 56.896667 90.000000 90.000000 90.000000
335 51.241249 55.720757 57.034023 90.000000 90.000000 90.000000
336 51.211452 55.688358 57.000858 90.000000 90.000000 90.000000
337 51.161373 55.633904 56.945122 90.000000 90.000000 90.000000
338 51.098572 55.565609 56.875217 90.000000 90.000000 90.000000
339 51.100758 55.567989 56.877651 90.000000 90.000000 90.000000
340 51.178497 55.652523 56.964180 90.000000 90.000000 90.000000
341 51.243645 55.723366 57.036694 90.000000 90.000000 90.000000
342 51.177689 55.651646 56.963280 90.000000 90.000000 90.000000
343 51.163582 55.636303 56.947578 90.000000 90.000000 90.000000
344 51.159084 55.631413 56.942574 90.000000 90.000000 90.000000
345 51.166485 55.639462 56.950809 90.000000 90.000000 90.000000
346 51.283737 55.766960 57.081314 90.000000 90.000000 90.000000
347 51.303524 55.788479 57.103340 90.000000 90.000000 90.000000
348 51.113506 55.581848 56.891838 90.000000 90.000000 90.000000
349 51.207699 55.684277 56.996685 90.000000 90.000000 90.000000
350 51.089363 55.555595 56.864967 90.000000 90.000000 90.000000
351 51.216141 55.693459 57.006081 90.000000 90.000000 90.000000
352 51.164322 55.637108 56.948402 90.000000 90.000000 90.000000
353 51.163799 55.636539 56.947819 90.000000 90.000000 90.000000
354 51.117138 55.585800 56.895882 90.000000 90.000000 90.000000
355 51.162003 55.634586 56.945820 90.000000 90.000000 90.000000
356 51.229630 55.708122 57.021091 90.000000 90.000000 90.000000
357 51.311775 55.797451 57.112526 90.000000 90.000000 90.000000
358 51.214603 55.691784 57.004368 90.000000 90.000000 90.000000
359 51.154781 55.626732 56.937782 90.000000 90.000000 90.000000
360 51.147713 55.619045 56.929913 90.000000 90.000000 90.000000
361 51.044971 55.507320 56.815556 90.000000 90.000000 90.000000
362 51.294296 55.778442 57.093067 90.000000 90.000000 90.000000
363 51.202477 55.678596 56.990871 90.000000 90.000000 90.000000
364 51.209442 55.686172 56.998623 90.000000 90.000000 90.000000
365 51.081684 55.547245 56.856419 90.000000 90.000000 90.000000
366 51.228714 55.707127 57.020073 90.000000 90.000000 90.000000
367 51.141216 55.611984 56.922684 90.000000 90.000000 90.000000
368 51.113483 55.581825 56.891815 90.000000 90.000000 90.000000
369 51.262047 55.743378 57.057175 90.000000 90.000000 90.000000
370 51.201359 55.677383 56.989628 90.000000 90.000000 90.000000
371 51.202930 55.679092 56.991375 90.000000 90.000000 90.000000
372 51.195026 55.670498 56.982578 90.000000 90.000000 90.000000
373 51.139462 55.610073 56.920731 90.000000 90.000000 90.000000
374 51.172672 55.646191 56.957695 90.000000 90.000000 90.000000
375 51.126072 55.595512 56.905827 90.000000 90.000000 90.000000
376 51.142231 55.613083 56.923813 90.000000 90.000000 90.000000
377 51.129330 55.599056 56.909454 90.000000 90.000000 90.000000
378 51.210022 55.686802 56.999268 90.000000 90.000000 90.000000
379 51.139832 55.610477 56.921143 90.000000 90.000000 90.000000
380 51.181313 55.655582 56.967312 90.000000 90.000000 90.000000
381 51.171696 55.645123 56.956608 90.000000 90.000000 90.000000
382 51.268536 55.750431 57.064396 90.000000 90.000000 90.000000
383 51.311882 55.797569 57.112644 90.000000 90.000000 90.000000
384 51.226860 55.705112 57.018009 90.000000 90.000000 90.000000
385 51.228470 55.706863 57.019802 90.000000 90.000000 90.000000
386 51.156818 55.628948 56.940048 90.000000 90.000000 90.000000
387 51.197403 55.673080 56.985222 90.000000 90.000000 90.000000
388 51.268322 55.750198 57.064159 90.000000 90.000000 90.000000
389 51.151619 55.623291 56.934261 90.000000 90.000000 90.000000
390 51.136528 55.606884 56.917465 90.000000 90.000000 90.000000
391 51.235218 55.714203 57.027313 90.000000 90.000000 90.000000
392 51.209793 55.686550 56.999012 90.000000 90.000000 90.000000
393 51.184681 55.659248 56.971062 90.000000 90.000000 90.000000
394 51.162697 55.635338 56.946590 90.000000 90.000000 90.000000
395 51.229397 55.707874 57.020836 90.000000 90.000000 90.000000
396 51.135269 55.605515 56.916065 90.000000 90.000000 90.000000
397 51.168865 55.642044 56.953457 90.000000 90.000000 90.000000
398 51.149448 55.620934 56.931847 90.000000 90.000000 90.000000
399 51.264214 55.745735 57.059589 90.000000 90.000000 90.000000
400 51.100094 55.567265 56.876915 90.000000 90.000000 90.000000
401 51.164177 55.636951 56.948242 90.000000 90.000000 90.000000
402 51.189350 55.664322 56.976257 90.000000 90.000000 90.000000
403 51.254707 55.735397 57.049007 90.000000 90.000000 90.000000
404 51.124187 55.593464 56.903728 90.000000 90.000000 90.000000
405 51.296555 55.780899 57.095581 90.000000 90.000000 90.000000
406 51.159618 55.631992 56.943169 90.000000 90.000000 90.000000
407 51.237808 55.717014 57.030193 90.000000 90.000000 90.000000
408 51.291286 55.775169 57.089718 90.000000 90.000000 90.000000
409 51.247173 55.727203 57.040619 90.000000 90.000000 90.000000
410 51.273582 55.755920 57.070015 90.000000 90.000000 90.000000
411 51.105679 55.573338 56.883129 90.000000 90.000000 90.000000
412 51.202679 55.678818 56.991096 90.000000 90.000000 90.000000
413 51.149052 55.620502 56.931408 90.000000 90.000000 90.000000
414 51.045219 55.507595 56.815834 90.000000 90.000000 90.000000
415 51.177441 55.651371 56.963001 90.000000 90.000000 90.000000
416 51.140255 55.610939 56.921616 90.000000 90.000000 90.000000
417 51.197594 55.673290 56.985435 90.000000 90.000000 90.000000
418 51.197987 55.673714 56.985870 90.000000 90.000000 90.000000
419 51.156738 55.628860 56.939960 90.000000 90.000000 90.000000
420 51.245979 55.725903 57.039288 90.000000 90.000000 90.000000
421 51.305519 55.790649 57.105560 90.000000 90.000000 90.000000
422 51.215973 55.693272 57.005890 90.000000 90.000000 90.000000
423 51.077908 55.543140 56.852219 90.000000 90.000000 90.000000
424 51.107887 55.575741 56.885586 90.000000 90.000000 90.000000
425 51.146797 55.618053 56.928898 90.000000 90.000000 90.000000
426 51.277454 55.760128 57.074322 90.000000 90.000000 90.000000
427 51.225647 55.703793 57.016659 90.000000 90.000000 90.000000
428 51.383598 55.875553 57.192467 90.000000 90.000000 90.000000
429 51.151962 55.623669 56.934643 90.000000 90.000000 90.000000
430 51.166515 55.639492 56.950844 90.000000 90.000000 90.000000
431 51.265778 55.747433 57.061325 90.000000 90.000000 90.000000
432 51.264534 55.746078 57.059940 90.000000 90.000000 90.000000
433 51.220039 55.697693 57.010414 90.000000 90.000000 90.000000
434 51.156590 55.628700 56.939796 90.000000 90.000000 90.000000
435 51.142467 55.613342 56.924076 90.000000 90.000000 90.000000
436 51.174400 55.648067 56.959621 90.000000 90.000000 90.000000
437 51.169189 55.642399 56.953819 90.000000 90.000000 90.000000
438 51.205887 55.682308 56.994667 90.000000 90.000000 90.000000
439 51.087502 55.553570 56.862896 90.000000 90.000000 90.000000
440 51.237289 55.716454 57.029617 90.000000 90.000000 90.000000
441 51.115112 55.583595 56.893627 90.000000 90.000000 90.000000
442 51.112747 55.581024 56.890999 90.000000 90.000000 90.000000
443 51.099968 55.567127 56.876770 90.000000 90.000000 90.000000
444 51.132355 55.602345 56.912819 90.000000 90.000000 90.000000
445 51.122921 55.592087 56.902321 90.000000 90.000000 90.000000
446 51.303764 55.788742 57.103611 90.000000 90.000000 90.000000
447 51.231701 55.710377 57.023399 90.000000 90.000000 90.000000
448 51.207165 55.683697 56.996086 90.000000 90.000000 90.000000
449 51.286549 55.770020 57.084446 90.000000 90.000000 90.000000
450 51.090691 55.557041 56.866447 90.000000 90.000000 90.000000
451 51.178539 55.652569 56.964226 90.000000 90.000000 90.000000
452 51.201233 55.677246 56.989483 90.000000 90.000000 90.000000
453 51.261326 55.742588 57.056370 90.000000 90.000000 90.000000
454 51.145439 55.616573 56.927383 90.000000 90.000000 90.000000
455 51.116920 55.585560 56.895638 90.000000 90.000000 90.000000
456 51.119762 55.588654 56.898804 90.000000 90.000000 90.000000
457 51.100204 55.567387 56.877037 90.000000 90.000000 90.000000
458 51.269501 55.751480 57.065468 90.000000 90.000000 90.000000
459 51.238518 55.717789 57.030983 90.000000 90.000000 90.000000
460 51.275486 55.757992 57.072132 90.000000 90.000000 90.000000
461 51.155224 55.627216 56.938274 90.000000 90.000000 90.000000
462 51.187901 55.662746 56.974644 90.000000 90.000000 90.000000
463 51.207260 55.683800 56.996193 90.000000 90.000000 90.000000
464 51.255775 55.736557 57.050194 90.000000 90.000000 90.000000
465 51.185928 55.660603 56.972450 90.000000 90.000000 90.000000
466 51.037731 55.499451 56.807499 90.000000 90.000000 90.000000
467 51.166344 55.639305 56.950653 90.000000 90.000000 90.000000
468 51.152122 55.623844 56.934826 90.000000 90.000000 90.000000
469 51.122524 55.591656 56.901878 90.000000 90.000000 90.000000
470 51.122520 55.591652 56.901875 90.000000 90.000000 90.000000
471 51.169830 55.643097 56.954533 90.000000 90.000000 90.000000
472 51.212509 55.689507 57.002037 90.000000 90.000000 90.000000
473 51.227104 55.705376 57.018280 90.000000 90.000000 90.000000
474 51.330070 55.817345 57.132889 90.000000 90.000000 90.000000
475 51.163200 55.635887 56.947151 90.000000 90.000000 90.000000
476 51.161274 55.633793 56.945011 90.000000 90.000000 90.000000
477 51.343796 55.832272 57.148163 90.000000 90.000000 90.000000
478 51.034702 55.496159 56.804131 90.000000 90.000000 90.000000
479 51.215015 55.692234 57.004826 90.000000 90.000000 90.000000
480 51.173996 55.647629 56.959167 90.000000 90.000000 90.000000
481 51.223537 55.701500 57.014313 90.000000 90.000000 90.000000
482 51.253803 55.734413 57.048000 90.000000 90.000000 90.000000
483 51.224297 55.702324 57.015156 90.000000 90.000000 90.000000
484 51.128273 55.597908 56.908279 90.000000 90.000000 90.000000
485 51.230484 55.709053 57.022041 90.000000 90.000000 90.000000
486 51.184109 55.658627 56.970428 90.000000 90.000000 90.000000
487 51.084835 55.550674 56.859932 90.000000 90.000000 90.000000
488 51.130058 55.599846 56.910263 90.000000 90.000000 90.000000
489 51.204132 55.680397 56.992710 90.000000 90.000000 90.000000
490 51.143433 55.614391 56.925152 90.000000 90.000000 90.000000
491 51.190704 55.665794 56.977764 90.000000 90.000000 90.000000
492 51.181839 55.656158 56.967899 90.000000 90.000000 90.000000
493 51.272633 55.754887 57.068958 90.000000 90.000000 90.000000
494 51.245361 55.725231 57.038601 90.000000 90.000000 90.000000
495 51.169502 55.642742 56.954166 90.000000 90.000000 90.000000
496 51.223328 55.701275 57.014080 90.000000 90.000000 90.000000
497 51.227444 55.705750 57.018658 90.000000 90.000000 90.000000
498 51.104065 55.571583 56.881332 90.000000 90.000000 90.000000
499 51.091465 55.557884 56.867310 90.000000 90.000000 90.000000
500 51.211430 55.688332 57.000835 90.000000 90.000000 90.000000
501 51.126137 55.595581 56.905899 90.000000 90.000000 90.000000
502 51.133068 55.603119 56.913612 90.000000 90.000000 90.000000
503 51.134212 55.604366 56.914886 90.000000 90.000000 90.000000
504 51.091507 55.557926 56.867352 90.000000 90.000000 90.000000
505 51.254383 55.735043 57.048645 90.000000 90.000000 90.000000
506 51.313889 55.799747 57.114876 90.000000 90.000000 90.000000
507 51.137520 55.607964 56.918568 90.000000 90.000000 90.000000
508 51.210426 55.687241 56.999718 90.000000 90.000000 90.000000
509 51.205704 55.682110 56.994461 90.000000 90.000000 90.000000
510 51.310066 55.795593 57.110622 90.000000 90.000000 90.000000
511 51.263294 55.744732 57.058563 90.000000 90.000000 90.000000
512 51.203655 55.679878 56.992180 90.000000 90.000000 90.000000
513 51.058052 55.521549 56.830116 90.000000 90.000000 90.000000
514 51.254978 55.735691 57.049309 90.000000 90.000000 90.000000
515 51.279507 55.762360 57.076607 90.000000 90.000000 90.000000
516 51.196800 55.672424 56.984550 90.000000 90.000000 90.000000
517 51.095726 55.562515 56.872051 90.000000 90.000000 90.000000
518 51.254780 55.735470 57.049084 90.000000 90.000000 90.000000
519 51.172810 55.646336 56.957848 90.000000 90.000000 90.000000
520 51.197792 55.673504 56.985657 90.000000 90.000000 90.000000
521 51.100052 55.567219 56.876865 90.000000 90.000000 90.000000
522 51.235268 55.714256 57.027367 90.000000 90.000000 90.000000
523 51.123638 55.592869 56.903122 90.000000 90.000000 90.000000
524 51.240574 55.720024 57.033272 90.000000 90.000000 90.000000
525 51.189678 55.664677 56.976624 90.000000 90.000000 90.000000
526 51.067688 55.532024 56.840839 90.000000 90.000000 90.000000
527 51.083408 55.549118 56.858337 90.000000 90.000000 90.000000
528 51.284863 55.768185 57.082565 90.000000 90.000000 90.000000
529 51.175362 55.649113 56.960690 90.000000 90.000000 90.000000
530 51.279301 55.762135 57.076378 90.000000 90.000000 90.000000
531 51.286255 55.769703 57.084122 90.000000 90.000000 90.000000
532 51.132957 55.603001 56.913490 90.000000 90.000000 90.000000
533 51.255325 55.736065 57.049694 90.000000 90.000000 90.000000
534 51.278538 55.761307 57.075527 90.000000 90.000000 90.000000
535 51.227577 55.705891 57.018806 90.000000 90.000000 90.000000
536 51.145641 55.616795 56.927608 90.000000 90.000000 90.000000
537 51.060143 55.523823 56.832447 90.000000 90.000000 90.000000
538 51.179585 55.653706 56.965389 90.000000 90.000000 90.000000
539 51.322655 55.809280 57.124634 90.000000 90.000000 90.000000
540 51.272263 55.754486 57.068546 90.000000 90.000000 90.000000
541 51.280819 55.763786 57.078068 90.000000 90.000000 90.000000
542 51.127106 55.596638 56.906975 90.000000 90.000000 90.000000
543 51.135071 55.605301 56.915844 90.000000 90.000000 90.000000
544 51.285431 55.768803 57.083199 90.000000 90.000000 90.000000
545 51.203228 55.679413 56.991703 90.000000 90.000000 90.000000
546 51.056622 55.519993 56.828526 90.000000 90.000000 90.000000
547 51.169525 55.642769 56.954193 90.000000 90.000000 90.000000
548 51.260223 55.741394 57.055145 90.000000 90.000000 90.000000
549 51.124496 55.593803 56.904076 90.000000 90.000000 90.000000
550 51.279964 55.762856 57.077114 90.000000 90.000000 90.000000
551 51.198524 55.674301 56.986469 90.000000 90.000000 90.000000
552 51.207394 55.683945 56.996346 90.000000 90.000000 90.000000
553 51.227852 55.706192 57.019115 90.000000 90.000000 90.000000
554 51.244061 55.723820 57.037155 90.000000 90.000000 90.000000
555 51.178417 55.652431 56.964088 90.000000 90.000000 90.000000
556 51.087414 55.553478 56.862801 90.000000 90.000000 90.000000
557 51.154125 55.626019 56.937054 90.000000 90.000000 90.000000
558 51.223476 55.701431 57.014240 90.000000 90.000000 90.000000
559 51.263294 55.744736 57.058563 90.000000 90.000000 90.000000
560 51.124496 55.593800 56.904076 90.000000 90.000000 90.000000
561 51.227966 55.706314 57.019241 90.000000 90.000000 90.000000
562 51.365139 55.855480 57.171921 90.000000 90.000000 90.000000
563 51.244488 55.724281 57.037632 90.000000 90.000000 90.000000
564 51.121361 55.590389 56.900581 90.000000 90.000000 90.000000
565 51.198994 55.674812 56.986996 90.000000 90.000000 90.000000
566 51.139538 55.610157 56.920815 90.000000 90.000000 90.000000
567 51.203117 55.679295 56.991585 90.000000 90.000000 90.000000
568 51.180046 55.654205 56.965900 90.000000 90.000000 90.000000
569 51.076424 55.541523 56.850563 90.000000 90.000000 90.000000
570 51.250961 55.731319 57.044834 90.000000 90.000000 90.000000
571 51.223305 55.701244 57.014053 90.000000 90.000000 90.000000
572 51.260601 55.741802 57.055565 90.000000 90.000000 90.000000
573 51.138481 55.609009 56.919640 90.000000 90.000000 90.000000
574 51.257408 55.738331 57.052013 90.000000 90.000000 90.000000
575 51.121910 55.590988 56.901196 90.000000 90.000000 90.000000
576 51.136692 55.607059 56.917648 90.000000 90.000000 90.000000
577 51.096539 55.563396 56.872955 90.000000 90.000000 90.000000
578 51.153652 55.625507 56.936527 90.000000 90.000000 90.000000
579 51.153938 55.625816 56.936844 90.000000 90.000000 90.000000
580 51.196224 55.671799 56.983910 90.000000 90.000000 90.000000
581 51.302109 55.786938 57.101765 90.000000 90.000000 90.000000
582 51.081032 55.546535 56.855694 90.000000 90.000000 90.000000
583 51.130489 55.600315 56.910744 90.000000 90.000000 90.000000
584 51.199715 55.675594 56.987793 90.000000 90.000000 90.000000
585 51.199028 55.674847 56.987030 90.000000 90.000000 90.000000
586 51.143005 55.613930 56.924675 90.000000 90.000000 90.000000
587 51.269924 55.751942 57.065941 90.000000 90.000000 90.000000
588 51.350067 55.839088 57.155144 90.000000 90.000000 90.000000
589 51.214252 55.691402 57.003979 90.000000 90.000000 90.000000
590 51.193790 55.669155 56.981201 90.000000 90.000000 90.000000
591 51.250435 55.730747 57.044250 90.000000 90.000000 90.000000
592 51.271370 55.753513 57.067551 90.000000 90.000000 90.000000
593 51.207218 55.683754 56.996147 90.000000 90.000000 90.000000
594 51.053959 55.517094 56.825562 90.000000 90.000000 90.000000
595 51.165394 55.638275 56.949596 90.000000 90.000000 90.000000
596 51.127045 55.596573 56.906910 90.000000 90.000000 90.000000
597 51.093800 55.560421 56.869907 90.000000 90.000000 90.000000
598 51.211647 55.688572 57.001080 90.000000 90.000000 90.000000
599 51.156994 55.629135 56.940243 90.000000 90.000000 90.000000
600 51.181370 55.655647 56.967377 90.000000 90.000000 90.000000
601 51.111317 55.579468 56.889404 90.000000 90.000000 90.000000
602 51.256855 55.737728 57.051395 90.000000 90.000000 90.000000
603 51.133801 55.603920 56.914429 90.000000 90.000000 90.000000
604 51.226265 55.704464 57.017345 90.000000 90.000000 90.000000
605 51.271168 55.753296 57.067326 90.000000 90.000000 90.000000
606 51.180225 55.654400 56.966103 90.000000 90.000000 90.000000
607 51.222412 55.700275 57.013058 90.000000 90.000000 90.000000
608 51.192257 55.667484 56.979496 90.000000 90.000000 90.000000
609 51.263584 55.745049 57.058887 90.000000 90.000000 90.000000
610 51.295322 55.779560 57.094212 90.000000 90.000000 90.000000
611 51.137157 55.607571 56.918167 90.000000 90.000000 90.000000
612 51.101765 55.569080 56.878769 90.000000 90.000000 90.000000
613 51.235054 55.714024 57.027130 90.000000 90.000000 90.000000
614 51.269794 55.751801 57.065800 90.000000 90.000000 90.000000
615 51.251347 55.731739 57.045261 90.000000 90.000000 90.000000
616 51.143353 55.614304 56.925060 90.000000 90.000000 90.000000
617 51.215542 55.692806 57.005413 90.000000 90.000000 90.000000
618 51.180573 55.654781 56.966492 90.000000 90.000000 90.000000
619 51.178921 55.652981 56.964649 90.000000 90.000000 90.000000
620 51.219528 55.697140 57.009846 90.000000 90.000000 90.000000
621 51.132725 55.602749 56.913231 90.000000 90.000000 90.000000
622 51.189877 55.664898 56.976845 90.000000 90.000000 90.000000
623 51.136078 55.606392 56.916962 90.000000 90.000000 90.000000
624 51.137905 55.608383 56.918999 90.000000 90.000000 90.000000
625 51.141243 55.612011 56.922710 90.000000 90.000000 90.000000
626 51.307831 55.793163 57.108135 90.000000 90.000000 90.000000
627 51.185989 55.660671 56.972519 90.000000 90.000000 90.000000
628 51.192047 55.667255 56.979259 90.000000 90.000000 90.000000
629 51.200253 55.676178 56.988392 90.000000 90.000000 90.000000
630 51.133430 55.603516 56.914017 90.000000 90.000000 90.000000
631 51.138630 55.609169 56.919807 90.000000 90.000000 90.000000
632 51.198009 55.673740 56.985897 90.000000 90.000000 90.000000
633 51.216522 55.693871 57.006500 90.000000 90.000000 90.000000
634 51.093410 55.559998 56.869473 90.000000 90.000000 90.000000
635 51.108330 55.576218 56.886078 90.000000 90.000000 90.000000
636 51.254467 55.735134 57.048740 90.000000 90.000000 90.000000
637 51.149487 55.620975 56.931889 90.000000 90.000000 90.000000
638 51.202816 55.678967 56.991245 90.000000 90.000000 90.000000
639 51.300541 55.785236 57.100021 90.000000 90.000000 90.000000
640 51.205017 55.681358 56.993694 90.000000 90.000000 90.000000
641 51.221672 55.699471 57.012238 90.000000 90.000000 90.000000
642 51.136669 55.607037 56.917622 90.000000 90.000000 90.000000
643 51.282440 55.765553 57.079876 90.000000 90.000000 90.000000
644 51.119572 55.588444 56.898590 90.000000 90.000000 90.000000
645 51.169147 55.642353 56.953770 90.000000 90.000000 90.000000
646 51.234131 55.713020 57.026100 90.000000 90.000000 90.000000
647 51.181164 55.655422 56.967148 90.000000 90.000000 90.000000
648 51.192604 55.667862 56.979877 90.000000 90.000000 90.000000
649 51.207443 55.683998 56.996399 90.000000 90.000000 90.000000
650 51.241871 55.721436 57.034718 90.000000 90.000000 90.000000
651 51.306465 55.791676 57.106613 90.000000 90.000000 90.000000
652 51.219505 55.697117 57.009823 90.000000 90.000000 90.000000
653 51.273441 55.755764 57.069855 90.000000 90.000000 90.000000
654 51.098278 55.565292 56.874893 90.000000 90.000000 90.000000
655 51.193081 55.668381 56.980412 90.000000 90.000000 90.000000
656 51.238426 55.717690 57.030880 90.000000 90.000000 90.000000
657 51.274433 55.756847 57.070961 90.000000 90.000000 90.000000
658 51.130249 55.600056 56.910477 90.000000 90.000000 90.000000
659 51.116051 55.584614 56.894672 90.000000 90.000000 90.000000
660 51.257076 55.737972 57.051643 90.000000 90.000000 90.000000
661 51.104614 55.572182 56.881947 90.000000 90.000000 90.000000
662 51.039051 55.500885 56.808968 90.000000 90.000000 90.000000
663 51.225430 55.703560 57.016418 90.000000 90.000000 90.000000
664 51.247532 55.727592 57.041019 90.000000 90.000000 90.000000
665 51.254204 55.734848 57.048443 90.000000 90.000000 90.000000
666 51.287193 55.770721 57.085167 90.000000 90.000000 90.000000
667 51.222431 55.700298 57.013081 90.000000 90.000000 90.000000
668 51.129551 55.599300 56.909702 90.000000 90.000000 90.000000
669 51.178509 55.652534 56.964191 90.000000 90.000000 90.000000
670 51.125168 55.594532 56.904819 90.000000 90.000000 90.000000
671 51.202595 55.678726 56.991001 90.000000 90.000000 90.000000
672 51.239071 55.718391 57.031601 90.000000 90.000000 90.000000
673 51.218426 55.695942 57.008621 90.000000 90.000000 90.000000
674 51.239243 55.718578 57.031792 90.000000 90.000000 90.000000
675 51.104271 55.571804 56.881561 90.000000 90.000000 90.000000
676 51.236965 55.716103 57.029259 90.000000 90.000000 90.000000
677 51.257458 55.738384 57.052067 90.000000 90.000000 90.000000
678 51.203148 55.679329 56.991619 90.000000 90.000000 90.000000
679 51.242912 55.722569 57.035877 90.000000 90.000000 90.000000
680 51.227009 55.705276 57.018177 90.000000 90.000000 90.000000
681 51.221294 55.699059 57.011814 90.000000 90.000000 90.000000
682 51.102528 55.569908 56.879620 90.000000 90.000000 90.000000
683 51.136223 55.606552 56.917126 90.000000 90.000000 90.000000
684 51.218170 55.695663 57.008335 90.000000 90.000000 90.000000
685 51.127514 55.597080 56.907433 90.000000 90.000000 90.000000
686 51.156036 55.628098 56.939182 90.000000 90.000000 90.000000
687 51.281483 55.764507 57.078804 90.000000 90.000000 90.000000
688 51.295708 55.779980 57.094639 90.000000 90.000000 90.000000
689 51.204315 55.680595 56.992916 90.000000 90.000000 90.000000
690 51.292770 55.776787 57.091373 90.000000 90.000000 90.000000
691 51.149513 55.621006 56.931919 90.000000 90.000000 90.000000
692 51.144604 55.615665 56.926453 90.000000 90.000000 90.000000
693 51.156048 55.628113 56.939194 90.000000 90.000000 90.000000
694 51.108490 55.576393 56.886257 90.000000 90.000000 90.000000
695 51.165157 55.638016 56.949333 90.000000 90.000000 90.000000
696 51.176701 55.650570 56.962181 90.000000 90.000000 90.000000
697 51.261776 55.743080 57.056870 90.000000 90.000000 90.000000
698 51.036510 55.498123 56.806141 90.000000 90.000000 90.000000
699 51.231556 55.710220 57.023239 90.000000 90.000000 90.000000
700 51.259094 55.740166 57.053886 90.000000 90.000000 90.000000
701 51.199928 55.675827 56.988033 90.000000 90.000000 90.000000
702 51.049255 55.511982 56.820328 90.000000 90.000000 90.000000
703 51.138092 55.608585 56.919209 90.000000 90.000000 90.000000
704 51.121056 55.590057 56.900242 90.000000 90.000000 90.000000
705 51.206886 55.683392 56.995777 90.000000 90.000000 90.000000
706 51.177330 55.651253 56.962879 90.000000 90.000000 90.000000
707 51.162296 55.634903 56.946144 90.000000 90.000000 90.000000
708 51.127388 55.596947 56.907295 90.000000 90.000000 90.000000
709 51.211758 55.688690 57.001202 90.000000 90.000000 90.000000
710 51.307533 55.792839 57.107803 90.000000 90.000000 90.000000
711 51.162144 55.634739 56.945976 90.000000 90.000000 90.000000
712 51.219501 55.697109 57.009819 90.000000 90.000000 90.000000
713 51.167919 55.641018 56.952404 90.000000 90.000000 90.000000
714 51.187683 55.662514 56.974403 90.000000 90.000000 90.000000
715 51.107201 55.574993 56.884823 90.000000 90.000000 90.000000
716 51.156746 55.628868 56.939968 90.000000 90.000000 90.000000
717 51.295448 55.779697 57.094349 90.000000 90.000000 90.000000
718 51.183914 55.658409 56.970207 90.000000 90.000000 90.000000
719 51.153305 55.625126 56.936138 90.000000 90.000000 90.000000
720 51.182003 55.656334 56.968082 90.000000 90.000000 90.000000
721 51.246422 55.726383 57.039783 90.000000 90.000000 90.000000
722 51.169418 55.642651 56.954075 90.000000 90.000000 90.000000
723 51.080597 55.546062 56.855209 90.000000 90.000000 90.000000
724 51.129147 55.598858 56.909248 90.000000 90.000000 90.000000
725 51.220016 55.697670 57.010391 90.000000 90.000000 90.000000
726 51.157486 55.629673 56.940792 90.000000 90.000000 90.000000
727 51.286915 55.770420 57.084854 90.000000 90.000000 90.000000
728 51.227032 55.705299 57.018200 90.000000 90.000000 90.000000
729 51.055931 55.519241 56.827759 90.000000 90.000000 90.000000
730 51.221573 55.699364 57.012127 90.000000 90.000000 90.000000
731 51.167675 55.640751 56.952133 90.000000 90.000000 90.000000
732 51.119930 55.588833 56.898991 90.000000 90.000000 90.000000
733 51.204716 55.681030 56.993359 90.000000 90.000000 90.000000
734 51.211475 55.688385 57.000885 90.000000 90.000000 90.000000
735 51.296505 55.780846 57.095528 90.000000 90.000000 90.000000
736 51.299721 55.784340 57.099106 90.000000 90.000000 90.000000
737 51.154118 55.626011 56.937042 90.000000 90.000000 90.000000
738 51.294502 55.778667 57.093296 90.000000 90.000000 90.000000
739 51.128433 55.598080 56.908455 90.000000 90.000000 90.000000
740 51.123577 55.592804 56.903053 90.000000 90.000000 90.000000
741 51.210941 55.687801 57.000290 90.000000 90.000000 90.000000
742 51.220093 55.697754 57.010479 90.000000 90.000000 90.000000
743 51.168755 55.641926 56.953335 90.000000 90.000000 90.000000
744 51.178814 55.652866 56.964531 90.000000 90.000000 90.000000
745 51.074444 55.539371 56.848362 90.000000 90.000000 90.000000
746 51.157345 55.629520 56.940636 90.000000 90.000000 90.000000
747 51.184128 55.658646 56.970448 90.000000 90.000000 90.000000
748 51.115211 55.583706 56.893742 90.000000 90.000000 90.000000
749 51.157639 55.629841 56.940964 90.000000 90.000000 90.000000
750 51.205879 55.682297 56.994656 90.000000 90.000000 90.000000
751 51.213474 55.690559 57.003113 90.000000 90.000000 90.000000
752 51.110382 55.578453 56.888363 90.000000 90.000000 90.000000
753 51.175053 55.648777 56.960346 90.000000 90.000000 90.000000
754 51.202179 55.678276 56.990540 90.000000 90.000000 90.000000
755 51.223881 55.701874 57.014694 90.000000 90.000000 90.000000
756 51.105675 55.573330 56.883121 90.000000 90.000000 90.000000
757 51.126598 55.596085 56.906410 90.000000 90.000000 90.000000
758 51.261799 55.743107 57.056896 90.000000 90.000000 90.000000
759 51.237179 55.716335 57.029495 90.000000 90.000000 90.000000
760 51.188454 55.663349 56.975262 90.000000 90.000000 90.000000
761 51.294983 55.779190 57.093834 90.000000 90.000000 90.000000
762 51.159397 55.631752 56.942921 90.000000 90.000000 90.000000
763 51.088406 55.554554 56.863903 90.000000 90.000000 90.000000
764 51.155754 55.627792 56.938866 90.000000 90.000000 90.000000
765 51.091621 55.558052 56.867481 90.000000 90.000000 90.000000
766 51.218349 55.695858 57.008537 90.000000 90.000000 90.000000
767 51.120087 55.589005 56.899162 90.000000 90.000000 90.000000
768 51.134182 55.604332 56.914856 90.000000 90.000000 90.000000
769 51.238262 55.717510 57.030701 90.000000 90.000000 90.000000
770 51.101612 55.568916 56.878601 90.000000 90.000000 90.000000
771 51.211880 55.688820 57.001335 90.000000 90.000000 90.000000
772 51.200180 55.676102 56.988316 90.000000 90.000000 90.000000
773 51.159214 55.631554 56.942719 90.000000 90.000000 90.000000
774 51.094997 55.561722 56.871239 90.000000 90.000000 90.000000
775 51.214817 55.692017 57.004604 90.000000 90.000000 90.000000
776 51.166569 55.639549 56.950901 90.000000 90.000000 90.000000
777 51.142990 55.613911 56.924660 90.000000 90.000000 90.000000
778 51.181278 55.655548 56.967278 90.000000 90.000000 90.000000
779 51.104588 55.572151 56.881916 90.000000 90.000000 90.000000
780 51.166054 55.638992 56.950329 90.000000 90.000000 90.000000
781 51.131786 55.601727 56.912186 90.000000 90.000000 90.000000
782 51.220699 55.698414 57.011150 90.000000 90.000000 90.000000
783 51.265774 55.747429 57.061321 90.000000 90.000000 90.000000
784 51.119431 55.588295 56.898438 90.000000 90.000000 90.000000
785 50.970947 55.426826 56.733166 90.000000 90.000000 90.000000
786 51.191154 55.666286 56.978268 90.000000 90.000000 90.000000
787 51.161041 55.633541 56.944752 90.000000 90.000000 90.000000
788 51.140736 55.611458 56.922146 90.000000 90.000000 90.000000
789 51.172565 55.646072 56.957577 90.000000 90.000000 90.000000
790 51.227371 55.705666 57.018578 90.000000 90.000000 90.000000
791 51.174416 55.648087 56.959637 90.000000 90.000000 90.000000
792 51.172527 55.646030 56.957535 90.000000 90.000000 90.000000
793 51.201595 55.677639 56.989891 90.000000 90.000000 90.000000
794 51.145840 55.617008 56.927830 90.000000 90.000000 90.000000
795 51.124672 55.593994 56.904270 90.000000 90.000000 90.000000
796 51.172798 55.646324 56.957836 90.000000 90.000000 90.000000
797 51.283596 55.766808 57.081158 90.000000 90.000000 90.000000
798 51.210419 55.687233 56.999710 90.000000 90.000000 90.000000
799 51.190536 55.665615 56.977581 90.000000 90.000000 90.000000
800 51.147644 55.618969 56.929836 90.000000 90.000000 90.000000
801 51.160637 55.633099 56.944298 90.000000 90.000000 90.000000
802 51.229259 55.707722 57.020679 90.000000 90.000000 90.000000
803 51.288036 55.771637 57.086102 90.000000 90.000000 90.000000
804 51.248581 55.728733 57.042187 90.000000 90.000000 90.000000
805 51.198883 55.674690 56.986870 90.000000 90.000000 90.000000
806 51.240036 55.719444 57.032677 90.000000 90.000000 90.000000
807 51.286472 55.769936 57.084358 90.000000 90.000000 90.000000
808 51.298325 55.782825 57.097553 90.000000 90.000000 90.000000
809 51.267803 55.749634 57.063580 90.000000 90.000000 90.000000
810 51.173695 55.647301 56.958832 90.000000 90.000000 90.000000
811 51.047142 55.509682 56.817974 90.000000 90.000000 90.000000
812 51.252174 55.732639 57.046185 90.000000 90.000000 90.000000
813 51.350182 55.839214 57.155270 90.000000 90.000000 90.000000
814 51.238724 55.718014 57.031216 90.000000 90.000000 90.000000
815 51.273590 55.755928 57.070023 90.000000 90.000000 90.000000
816 51.241344 55.720863 57.034134 90.000000 90.000000 90.000000
817 51.250385 55.730694 57.044193 90.000000 90.000000 90.000000
818 51.139889 55.610538 56.921204 90.000000 90.000000 90.000000
819 51.244423 55.724213 57.037560 90.000000 90.000000 90.000000
820 51.203442 55.679646 56.991943 90.000000 90.000000 90.000000
821 51.232357 55.711090 57.024128 90.000000 90.000000 90.000000
822 51.242168 55.721756 57.035046 90.000000 90.000000 90.000000
823 51.265011 55.746601 57.060474 90.000000 90.000000 90.000000
824 51.289581 55.773319 57.087822 90.000000 90.000000 90.000000
825 51.161869 55.634441 56.945671 90.000000 90.000000 90.000000
826 51.182457 55.656830 56.968586 90.000000 90.000000 90.000000
827 51.188572 55.663479 56.975395 90.000000 90.000000 90.000000
828 51.165897 55.638821 56.950157 90.000000 90.000000 90.000000
829 51.070820 55.535431 56.844330 90.000000 90.000000 90.000000
830 51.141430 55.612217 56.922924 90.000000 90.000000 90.000000
831 51.164215 55.636993 56.948284 90.000000 90.000000 90.000000
832 51.129208 55.598927 56.909321 90.000000 90.000000 90.000000
833 51.212803 55.689823 57.002361 90.000000 90.000000 90.000000
834 51.189499 55.664486 56.976425 90.000000 90.000000 90.000000
835 51.181000 55.655243 56.966965 90.000000 90.000000 90.000000
836 51.147915 55.619267 56.930141 90.000000 90.000000 90.000000
837 51.053879 55.517010 56.825470 90.000000 90.000000 90.000000
838 51.057720 55.521187 56.829750 90.000000 90.000000 90.000000
839 51.078709 55.544010 56.853111 90.000000 90.000000 90.000000
840 51.200531 55.676483 56.988705 90.000000 90.000000 90.000000
841 51.171169 55.644550 56.956020 90.000000 90.000000 90.000000
842 51.231739 55.710415 57.023438 90.000000 90.000000 90.000000
843 51.135563 55.605835 56.916393 90.000000 90.000000 90.000000
844 51.121319 55.590343 56.900536 90.000000 90.000000 90.000000
845 51.175068 55.648792 56.960361 90.000000 90.000000 90.000000
846 51.223480 55.701435 57.014248 90.000000 90.000000 90.000000
847 51.122955 55.592125 56.902355 90.000000 90.000000 90.000000
848 51.139809 55.610451 56.921116 90.000000 90.000000 90.000000
849 51.073181 55.537998 56.846954 90.000000 90.000000 90.000000
850 51.229774 55.708282 57.021252 90.000000 90.000000 90.000000
851 51.203541 55.679752 56.992054 90.000000 90.000000 90.000000
852 51.132538 55.602543 56.913025 90.000000 90.000000 90.000000
853 51.149681 55.621185 56.932106 90.000000 90.000000 90.000000
854 51.136215 55.606544 56.917118 90.000000 90.000000 90.000000
855 51.237961 55.717182 57.030365 90.000000 90.000000 90.000000
856 51.255024 55.735737 57.049355 90.000000 90.000000 90.000000
857 51.165840 55.638760 56.950092 90.000000 90.000000 90.000000
858 51.284077 55.767330 57.081692 90.000000 90.000000 90.000000
859 51.192154 55.667374 56.979378 90.000000 90.000000 90.000000
860 51.233562 55.712402 57.025471 90.000000 90.000000 90.000000
861 51.253918 55.734535 57.048122 90.000000 90.000000 90.000000
862 51.215775 55.693058 57.005672 90.000000 90.000000 90.000000
863 51.222290 55.700142 57.012920 90.000000 90.000000 90.000000
864 51.131409 55.601318 56.911770 90.000000 90.000000 90.000000
865 51.151314 55.622963 56.933922 90.000000 90.000000 90.000000
866 51.134384 55.604553 56.915081 90.000000 90.000000 90.000000
867 51.096767 55.563644 56.873207 90.000000 90.000000 90.000000
868 51.183537 55.658005 56.969791 90.000000 90.000000 90.000000
869 51.196960 55.672600 56.984730 90.000000 90.000000 90.000000
870 51.199863 55.675755 56.987961 90.000000 90.000000 90.000000
871 51.208321 55.684952 56.997372 90.000000 90.000000 90.000000
872 51.068512 55.532921 56.841763 90.000000 90.000000 90.000000
873 51.127327 55.596878 56.907223 90.000000 90.000000 90.000000
874 51.156300 55.628384 56.939472 90.000000 90.000000 90.000000
875 51.136284 55.606617 56.917191 90.000000 90.000000 90.000000
876 51.177292 55.651211 56.962837 90.000000 90.000000 90.000000
877 51.218697 55.696236 57.008923 90.000000 90.000000 90.000000
878 51.267185 55.748962 57.062893 90.000000 90.000000 90.000000
879 51.153927 55.625801 56.936829 90.000000 90.000000 90.000000
880 51.113697 55.582054 56.892052 90.000000 90.000000 90.000000
881 51.142178 55.613029 56.923756 90.000000 90.000000 90.000000
882 51.176388 55.650227 56.961830 90.000000 90.000000 90.000000
883 51.168228 55.641354 56.952747 90.000000 90.000000 90.000000
884 51.111748 55.579937 56.889885 90.000000 90.000000 90.000000
885 51.154339 55.626251 56.937290 90.000000 90.000000 90.000000
886 51.219158 55.696735 57.009438 90.000000 90.000000 90.000000
887 51.154827 55.626785 56.937836 90.000000 90.000000 90.000000
888 51.288383 55.772011 57.086487 90.000000 90.000000 90.000000
889 51.133183 55.603245 56.913742 90.000000 90.000000 90.000000
890 51.256760 55.737625 57.051289 90.000000 90.000000 90.000000
891 51.235294 55.714283 57.027397 90.000000 90.000000 90.000000
892 51.196728 55.672344 56.984470 90.000000 90.000000 90.000000
893 51.119579 55.588455 56.898602 90.000000 90.000000 90.000000
894 51.070236 55.534798 56.843678 90.000000 90.000000 90.000000
895 51.218616 55.696152 57.008835 90.000000 90.000000 90.000000
896 51.155201 55.627190 56.938248 90.000000 90.000000 90.000000
897 51.145641 55.616795 56.927608 90.000000 90.000000 90.000000
898 51.158348 55.630611 56.941753 90.000000 90.000000 90.000000
899 51.238674 55.717960 57.031158 90.000000 90.000000 90.000000
900 51.109371 55.577354 56.887241 90.000000 90.000000 90.000000
901 51.286377 55.769833 57.084255 90.000000 90.000000 90.000000
902 51.258804 55.739849 57.053566 90.000000 90.000000 90.000000
903 51.313114 55.798904 57.114014 90.000000 90.000000 90.000000
904 51.228065 55.706421 57.019348 90.000000 90.000000 90.000000
905 51.239792 55.719173 57.032402 90.000000 90.000000 90.000000
906 51.290714 55.774548 57.089081 90.000000 90.000000 90.000000
907 51.179485 55.653595 56.965279 90.000000 90.000000 90.000000
908 51.123646 55.592873 56.903126 90.000000 90.000000 90.000000
909 51.085159 55.551022 56.860287 90.000000 90.000000 90.000000
910 51.160511 55.632965 56.944160 90.000000 90.000000 90.000000
911 51.177441 55.651371 56.963001 90.000000 90.000000 90.000000
912 51.353771 55.843117 57.159267 90.000000 90.000000 90.000000
913 51.036083 55.497662 56.805668 90.000000 90.000000 90.000000
914 51.130989 55.600861 56.911301 90.000000 90.000000 90.000000
915 51.247372 55.727417 57.040840 90.000000 90.000000 90.000000
916 51.226345 55.704552 57.017437 90.000000 90.000000 90.000000
917 51.169895 55.643166 56.954605 90.000000 90.000000 90.000000
918 51.212872 55.689899 57.002438 90.000000 90.000000 90.000000
919 51.293453 55.777527 57.092129 90.000000 90.000000 90.000000
920 51.227489 55.705795 57.018711 90.000000 90.000000 90.000000
921 51.247707 55.727783 57.041214 90.000000 90.000000 90.000000
922 51.289589 55.773323 57.087830 90.000000 90.000000 90.000000
923 51.231339 55.709984 57.022995 90.000000 90.000000 90.000000
924 51.121880 55.590954 56.901161 90.000000 90.000000 90.000000
925 51.208546 55.685196 56.997623 90.000000 90.000000 90.000000
926 51.247250 55.727287 57.040707 90.000000 90.000000 90.000000
927 51.235611 55.714630 57.027752 90.000000 90.000000 90.000000
928 51.129166 55.598881 56.909271 90.000000 90.000000 90.000000
929 51.195465 55.670975 56.983067 90.000000 90.000000 90.000000
930 51.182053 55.656387 56.968136 90.000000 90.000000 90.000000
931 51.322807 55.809448 57.124802 90.000000 90.000000 90.000000
932 51.200485 55.676430 56.988651 90.000000 90.000000 90.000000
933 51.203522 55.679737 56.992035 90.000000 90.000000 90.000000
934 51.226841 55.705090 57.017986 90.000000 90.000000 90.000000
935 51.110298 55.578362 56.888271 90.000000 90.000000 90.000000
936 51.288033 55.771633 57.086098 90.000000 90.000000 90.000000
937 51.309620 55.795105 57.110123 90.000000 90.000000 90.000000
938 51.182652 55.657040 56.968803 90.000000 90.000000 90.000000
939 51.228111 55.706470 57.019402 90.000000 90.000000 90.000000
940 51.248386 55.728523 57.041969 90.000000 90.000000 90.000000
941 51.185886 55.660557 56.972401 90.000000 90.000000 90.000000
942 51.357265 55.846916 57.163155 90.000000 90.000000 90.000000
943 51.134624 55.604813 56.915344 90.000000 90.000000 90.000000
944 51.087387 55.553444 56.862766 90.000000 90.000000 90.000000
945 51.183601 55.658073 56.969860 90.000000 90.000000 90.000000
946 51.202724 55.678867 56.991146 90.000000 90.000000 90.000000
947 51.175224 55.648964 56.960537 90.000000 90.000000 90.000000
948 51.172153 55.645626 56.957119 90.000000 90.000000 90.000000
949 51.149723 55.621231 56.932152 90.000000 90.000000 90.000000
950 51.085014 55.550869 56.860130 90.000000 90.000000 90.000000
951 51.173111 55.646664 56.958183 90.000000 90.000000 90.000000
952 51.354137 55.843517 57.159676 90.000000 90.000000 90.000000
953 51.213627 55.690723 57.003281 90.000000 90.000000 90.000000
954 51.187359 55.662155 56.974041 90.000000 90.000000 90.000000
955 51.228516 55.706913 57.019852 90.000000 90.000000 90.000000
956 51.184940 55.659531 56.971352 90.000000 90.000000 90.000000
957 51.239727 55.719105 57.032330 90.000000 90.000000 90.000000
958 51.069023 55.533474 56.842327 90.000000 90.000000 90.000000
959 51.138748 55.609299 56.919937 90.000000 90.000000 90.000000
960 51.181839 55.656158 56.967899 90.000000 90.000000 90.000000
961 51.219677 55.697304 57.010014 90.000000 90.000000 90.000000
962 51.240677 55.720139 57.033390 90.000000 90.000000 90.000000
963 51.173504 55.647091 56.958622 90.000000 90.000000 90.000000
964 51.262180 55.743519 57.057320 90.000000 90.000000 90.000000
965 51.112980 55.581280 56.891258 90.000000 90.000000 90.000000
966 51.081711 55.547276 56.856449 90.000000 90.000000 90.000000
967 51.190533 55.665607 56.977573 90.000000 90.000000 90.000000
968 51.224514 55.702564 57.015400 90.000000 90.000000 90.000000
969 51.303192 55.788120 57.102974 90.000000 90.000000 90.000000
970 51.395973 55.889008 57.206238 90.000000 90.000000 90.000000
971 51.191292 55.666435 56.978420 90.000000 90.000000 90.000000
972 51.162342 55.634956 56.946198 90.000000 90.000000 90.000000
973 51.130322 55.600132 56.910557 90.000000 90.000000 90.000000
974 51.234589 55.713520 57.026615 90.000000 90.000000 90.000000
975 51.209332 55.686050 56.998501 90.000000 90.000000 90.000000
976 51.132458 55.602455 56.912933 90.000000 90.000000 90.000000
977 51.042957 55.505135 56.813316 90.000000 90.000000 90.000000
978 51.228882 55.707310 57.020260 90.000000 90.000000 90.000000
979 51.188061 55.662922 56.974827 90.000000 90.000000 90.000000
980 51.290668 55.774498 57.089031 90.000000 90.000000 90.000000
981 51.215984 55.693287 57.005905 90.000000 90.000000 90.000000
982 51.224457 55.702499 57.015335 90.000000 90.000000 90.000000
983 51.244484 55.724277 57.037628 90.000000 90.000000 90.000000
984 51.188236 55.663113 56.975021 90.000000 90.000000 90.000000
985 51.098866 55.565926 56.875542 90.000000 90.000000 90.000000
986 51.167870 55.640965 56.952351 90.000000 90.000000 90.000000
987 51.169315 55.642536 56.953960 90.000000 90.000000 90.000000
988 51.210281 55.687084 56.999557 90.000000 90.000000 90.000000
989 51.105110 55.572720 56.882496 90.000000 90.000000 90.000000
990 51.266441 55.748154 57.062065 90.000000 90.000000 90.000000
991 51.341068 55.829304 57.145130 90.000000 90.000000 90.000000
992 51.198887 55.674694 56.986874 90.000000 90.000000 90.000000
993 51.140171 55.610844 56.921520 90.000000 90.000000 90.000000
994 51.174942 55.648655 56.960220 90.000000 90.000000 90.000000
995 51.157848 55.630070 56.941196 90.000000 90.000000 90.000000
996 51.264862 55.746437 57.060310 90.000000 90.000000 90.000000
997 51.219795 55.697430 57.010147 90.000000 90.000000 90.000000
998 51.200226 55.676151 56.988365 90.000000 90.000000 90.000000
999 51.183556 55.658020 56.969807 90.000000 90.000000 90.000000
1000 51.116245 55.584831 56.894890 90.000000 90.000000 90.000000
1001 51.243595 55.723309 57.036636 90.000000 90.000000 90.000000
1002 51.243557 55.723267 57.036591 90.000000 90.000000 90.000000
1003 51.226402 55.704617 57.017502 90.000000 90.000000 90.000000
1004 51.152454 55.624203 56.935192 90.000000 90.000000 90.000000
1005 51.191830 55.667023 56.979019 90.000000 90.000000 90.000000
1006 51.093868 55.560497 56.869984 90.000000 90.000000 90.000000
1007 51.165512 55.638401 56.949726 90.000000 90.000000 90.000000
1008 51.298538 55.783058 57.097794 90.000000 90.000000 90.000000
1009 51.099167 55.566257 56.875881 90.000000 90.000000 90.000000
1010 51.089752 55.556019 56.865402 90.000000 90.000000 90.000000
1011 51.182453 55.656822 56.968582 90.000000 90.000000 90.000000
1012 51.208344 55.684975 56.997398 90.000000 90.000000 90.000000
1013 51.120079 55.588997 56.899155 90.000000 90.000000 90.000000
1014 51.096642 55.563511 56.873070 90.000000 90.000000 90.000000
1015 51.139637 55.610268 56.920929 90.000000 90.000000 90.000000
1016 51.195824 55.671364 56.983463 90.000000 90.000000 90.000000
1017 51.280067 55.762974 57.077232 90.000000 90.000000 90.000000
1018 51.259583 55.740696 57.054432 90.000000 90.000000 90.000000
1019 51.175278 55.649021 56.960598 90.000000 90.000000 90.000000
1020 51.254700 55.735386 57.048996 90.000000 90.000000 90.000000
1021 51.183937 55.658440 56.970234 90.000000 90.000000 90.000000
1022 51.162735 55.635380 56.946636 90.000000 90.000000 90.000000
1023 51.100044 55.567207 56.876854 90.000000 90.000000 90.000000
1024 51.232533 55.711281 57.024323 90.000000 90.000000 90.000000
1025 51.185192 55.659805 56.971634 90.000000 90.000000 90.000000
1026 51.148239 55.619617 56.930500 90.000000 90.000000 90.000000
1027 51.224510 55.702557 57.015392 90.000000 90.000000 90.000000
1028 51.158733 55.631031 56.942181 90.000000 90.000000 90.000000
1029 51.190010 55.665043 56.976994 90.000000 90.000000 90.000000
1030 51.101364 55.568649 56.878326 90.000000 90.000000 90.000000
1031 51.123379 55.592583 56.902828 90.000000 90.000000 90.000000
1032 51.099403 55.566513 56.876141 90.000000 90.000000 90.000000
1033 51.129044 55.598747 56.909138 90.000000 90.000000 90.000000
1034 51.178238 55.652241 56.963894 90.000000 90.000000 90.000000
1035 51.047752 55.510345 56.818653 90.000000 90.000000 90.000000
1036 51.179455 55.653564 56.965244 90.000000 90.000000 90.000000
1037 51.261799 55.743107 57.056900 90.000000 90.000000 90.000000
1038 51.326450 55.813408 57.128857 90.000000 90.000000 90.000000
1039 51.264896 55.746475 57.060349 90.000000 90.000000 90.000000
1040 51.276203 55.758770 57.072929 90.000000 90.000000 90.000000
1041 51.230892 55.709499 57.022499 90.000000 90.000000 90.000000
1042 51.236286 55.715363 57.028503 90.000000 90.000000 90.000000
1043 51.239571 55.718933 57.032158 90.000000 90.000000 90.000000
1044 51.254795 55.735493 57.049103 90.000000 90.000000 90.000000
1045 51.081696 55.547256 56.856434 90.000000 90.000000 90.000000
1046 51.109272 55.577248 56.887131 90.000000 90.000000 90.000000
1047 51.296879 55.781254 57.095947 90.000000 90.000000 90.000000
1048 51.184456 55.659000 56.970814 90.000000 90.000000 90.000000
1049 51.239700 55.719074 57.032299 90.000000 90.000000 90.000000
1050 51.128822 55.598503 56.908890 90.000000 90.000000 90.000000
1051 51.117577 55.586277 56.896374 90.000000 90.000000 90.000000
1052 51.191849 55.667042 56.979042 90.000000 90.000000 90.000000
1053 51.310570 55.796143 57.111183 90.000000 90.000000 90.000000
1054 51.199356 55.675201 56.987392 90.000000 90.000000 90.000000
1055 51.238323 55.717579 57.030769 90.000000 90.000000 90.000000
1056 51.202168 55.678261 56.990524 90.000000 90.000000 90.000000
1057 51.222221 55.700069 57.012848 90.000000 90.000000 90.000000
1058 51.224983 55.703075 57.015923 90.000000 90.000000 90.000000
1059 51.187325 55.662121 56.974003 90.000000 90.000000 90.000000
1060 51.158085 55.630325 56.941460 90.000000 90.000000 90.000000
1061 51.198479 55.674248 56.986420 90.000000 90.000000 90.000000
1062 51.243378 55.723072 57.036392 90.000000 90.000000 90.000000
1063 51.210472 55.687294 56.999767 90.000000 90.000000 90.000000
1064 51.083935 55.549694 56.858929 90.000000 90.000000 90.000000
1065 51.179951 55.654102 56.965797 90.000000 90.000000 90.000000
1066 51.161892 55.634464 56.945694 90.000000 90.000000 90.000000
1067 51.144276 55.615311 56.926090 90.000000 90.000000 90.000000
1068 51.265427 55.747051 57.060936 90.000000 90.000000 90.000000
1069 51.200775 55.676746 56.988976 90.000000 90.000000 90.000000
1070 51.127884 55.597485 56.907845 90.000000 90.000000 90.000000
1071 51.133713 55.603821 56.914330 90.000000 90.000000 90.000000
1072 51.241337 55.720856 57.034122 90.000000 90.000000 90.000000
1073 51.271965 55.754162 57.068214 90.000000 90.000000 90.000000
1074 51.108143 55.576019 56.885872 90.000000 90.000000 90.000000
1075 51.161602 55.634151 56.945374 90.000000 90.000000 90.000000
1076 51.157558 55.629753 56.940872 90.000000 90.000000 90.000000
1077 51.025208 55.485828 56.793560 90.000000 90.000000 90.000000
1078 51.180172 55.654346 56.966045 90.000000 90.000000 90.000000
1079 51.157818 55.630035 56.941162 90.000000 90.000000 90.000000
1080 51.274796 55.757240 57.071365 90.000000 90.000000 90.000000
1081 51.235588 55.714603 57.027721 90.000000 90.000000 90.000000
1082 51.292591 55.776588 57.091167 90.000000 90.000000 90.000000
1083 51.144272 55.615307 56.926086 90.000000 90.000000 90.000000
1084 51.141914 55.612740 56.923458 90.000000 90.000000 90.000000
1085 51.177406 55.651337 56.962967 90.000000 90.000000 90.000000
1086 51.177212 55.651123 56.962749 90.000000 90.000000 90.000000
1087 51.254738 55.735424 57.049038 90.000000 90.000000 90.000000
1088 51.140129 55.610798 56.921471 90.000000 90.000000 90.000000
1089 51.072083 55.536804 56.845734 90.000000 90.000000 90.000000
1090 51.138798 55.609352 56.919994 90.000000 90.000000 90.000000
1091 51.133606 55.603703 56.914211 90.000000 90.000000 90.000000
1092 51.065083 55.529194 56.837944 90.000000 90.000000 90.000000
1093 51.264095 55.745605 57.059456 90.000000 90.000000 90.000000
1094 51.167652 55.640728 56.952106 90.000000 90.000000 90.000000
1095 51.291878 55.775814 57.090374 90.000000 90.000000 90.000000
1096 51.289402 55.773121 57.087620 90.000000 90.000000 90.000000
1097 51.212715 55.689728 57.002262 90.000000 90.000000 90.000000
1098 51.238476 55.717743 57.030937 90.000000 90.000000 90.000000
1099 51.057259 55.520683 56.829231 90.000000 90.000000 90.000000
1100 51.208614 55.685272 56.997704 90.000000 90.000000 90.000000
1101 51.294624 55.778801 57.093437 90.000000 90.000000 90.000000
1102 51.179981 55.654137 56.965832 90.000000 90.000000 90.000000
1103 51.224586 55.702641 57.015480 90.000000 90.000000 90.000000
1104 51.217163 55.694569 57.007214 90.000000 90.000000 90.000000
1105 51.151577 55.623249 56.934216 90.000000 90.000000 90.000000
1106 51.207203 55.683739 56.996128 90.000000 90.000000 90.000000
1107 51.230068 55.708599 57.021580 90.000000 90.000000 90.000000
1108 51.214870 55.692078 57.004665 90.000000 90.000000 90.000000
1109 51.165173 55.638035 56.949348 90.000000 90.000000 90.000000
1110 51.162006 55.634586 56.945824 90.000000 90.000000 90.000000
1111 51.215878 55.693172 57.005787 90.000000 90.000000 90.000000
1112 51.147053 55.618328 56.929180 90.000000 90.000000 90.000000
1113 51.126129 55.595577 56.905891 90.000000 90.000000 90.000000
1114 51.170452 55.643772 56.955223 90.000000 90.000000 90.000000
1115 51.345306 55.833912 57.149845 90.000000 90.000000 90.000000
1116 51.275688 55.758209 57.072357 90.000000 90.000000 90.000000
1117 51.259827 55.740963 57.054703 90.000000 90.000000 90.000000
1118 51.249065 55.729259 57.042725 90.000000 90.000000 90.000000
1119 51.269741 55.751740 57.065735 90.000000 90.000000 90.000000
1120 51.266872 55.748619 57.062542 90.000000 90.000000 90.000000
1121 51.147957 55.619312 56.930187 90.000000 90.000000 90.000000
1122 51.243332 55.723022 57.036343 90.000000 90.000000 90.000000
1123 51.241043 55.720539 57.033798 90.000000 90.000000 90.000000
1124 51.295273 55.779507 57.094158 90.000000 90.000000 90.000000
1125 51.080162 55.545589 56.854729 90.000000 90.000000 90.000000
1126 51.140945 55.611687 56.922382 90.000000 90.000000 90.000000
1127 51.118034 55.586773 56.896881 90.000000 90.000000 90.000000
1128 51.217304 55.694721 57.007374 90.000000 90.000000 90.000000
1129 51.170753 55.644104 56.955563 90.000000 90.000000 90.000000
1130 51.132294 55.602280 56.912754 90.000000 90.000000 90.000000
1131 51.146069 55.617260 56.928085 90.000000 90.000000 90.000000
1132 51.142342 55.613209 56.923939 90.000000 90.000000 90.000000
1133 51.092716 55.559242 56.868702 90.000000 90.000000 90.000000
1134 51.098415 55.565437 56.875042 90.000000 90.000000 90.000000
1135 51.255245 55.735977 57.049603 90.000000 90.000000 90.000000
1136 51.097225 55.564148 56.873722 90.000000 90.000000 90.000000
1137 51.251305 55.731693 57.045216 90.000000 90.000000 90.000000
1138 51.183270 55.657711 56.969490 90.000000 90.000000 90.000000
1139 51.118431 55.587204 56.897324 90.000000 90.000000 90.000000
1140 51.173084 55.646637 56.958157 90.000000 90.000000 90.000000
1141 51.261730 55.743031 57.056820 90.000000 90.000000 90.000000
1142 51.178448 55.652466 56.964123 90.000000 90.000000 90.000000
1143 51.145058 55.616161 56.926960 90.000000 90.000000 90.000000
1144 51.181526 55.655819 56.967552 90.000000 90.000000 90.000000
1145 51.193256 55.668571 56.980606 90.000000 90.000000 90.000000
1146 51.181286 55.655556 56.967285 90.000000 90.000000 90.000000
1147 51.153118 55.624924 56.935932 90.000000 90.000000 90.000000
1148 51.120441 55.589390 56.899559 90.000000 90.000000 90.000000
1149 51.143242 55.614182 56.924938 90.000000 90.000000 90.000000
1150 51.273941 55.756310 57.070412 90.000000 90.000000 90.000000
1151 51.143234 55.614178 56.924931 90.000000 90.000000 90.000000
1152 51.270473 55.752537 57.066551 90.000000 90.000000 90.000000
1153 51.144405 55.615448 56.926231 90.000000 90.000000 90.000000
1154 51.132408 55.602406 56.912880 90.000000 90.000000 90.000000
1155 51.152195 55.623920 56.934906 90.000000 90.000000 90.000000
1156 51.220623 55.698330 57.011066 90.000000 90.000000 90.000000
1157 51.113239 55.581558 56.891544 90.000000 90.000000 90.000000
1158 51.109390 55.577374 56.887260 90.000000 90.000000 90.000000
1159 51.221882 55.699699 57.012470 90.000000 90.000000 90.000000
1160 51.097107 55.564018 56.873589 90.000000 90.000000 90.000000
1161 51.195717 55.671246 56.983345 90.000000 90.000000 90.000000
1162 51.187057 55.661831 56.973709 90.000000 90.000000 90.000000
1163 51.159939 55.632339 56.943520 90.000000 90.000000 90.000000
1164 51.153362 55.625191 56.936203 90.000000 90.000000 90.000000
1165 51.160320 55.632759 56.943951 90.000000 90.000000 90.000000
1166 51.056553 55.519917 56.828449 90.000000 90.000000 90.000000
1167 51.250263 55.730564 57.044060 90.000000 90.000000 90.000000
1168 51.121246 55.590267 56.900455 90.000000 90.000000 90.000000
1169 51.212475 55.689468 57.001999 90.000000 90.000000 90.000000
1170 51.226883 55.705135 57.018032 90.000000 90.000000 90.000000
1171 51.228783 55.707203 57.020149 90.000000 90.000000 90.000000
1172 51.134811 55.605015 56.915554 90.000000 90.000000 90.000000
1173 51.160374 55.632816 56.944008 90.000000 90.000000 90.000000
1174 51.210228 55.687027 56.999500 90.000000 90.000000 90.000000
1175 51.194378 55.669792 56.981857 90.000000 90.000000 90.000000
1176 51.076908 55.542049 56.851105 90.000000 90.000000 90.000000
1177 51.099091 55.566174 56.875793 90.000000 90.000000 90.000000
1178 51.296169 55.780479 57.095150 90.000000 90.000000 90.000000
1179 51.245304 55.725166 57.038536 90.000000 90.000000 90.000000
1180 51.204117 55.680382 56.992695 90.000000 90.000000 90.000000
1181 51.236359 55.715443 57.028580 90.000000 90.000000 90.000000
1182 51.215321 55.692566 57.005165 90.000000 90.000000 90.000000
1183 51.207478 55.684036 56.996437 90.000000 90.000000 90.000000
1184 51.287460 55.771008 57.085457 90.000000 90.000000 90.000000
1185 51.259163 55.740238 57.053963 90.000000 90.000000 90.000000
1186 51.276436 55.759022 57.073189 90.000000 90.000000 90.000000
1187 51.189991 55.665020 56.976974 90.000000 90.000000 90.000000
1188 51.193367 55.668690 56.980728 90.000000 90.000000 90.000000
1189 51.228962 55.707397 57.020351 90.000000 90.000000 90.000000
1190 51.241058 55.720554 57.033813 90.000000 90.000000 90.000000
1191 51.136314 55.606651 56.917225 90.000000 90.000000 90.000000
1192 51.029182 55.490154 56.797985 90.000000 90.000000 90.000000
1193 51.241261 55.720772 57.034039 90.000000 90.000000 90.000000
1194 51.282429 55.765537 57.079857 90.000000 90.000000 90.000000
1195 51.143509 55.614475 56.925236 90.000000 90.000000 90.000000
1196 51.222916 55.700821 57.013618 90.000000 90.000000 90.000000
1197 51.262241 55.743587 57.057388 90.000000 90.000000 90.000000
1198 51.209862 55.686626 56.999088 90.000000 90.000000 90.000000
1199 51.138409 55.608929 56.919559 90.000000 90.000000 90.000000
1200 51.156849 55.628983 56.940086 90.000000 90.000000 90.000000
1201 51.239849 55.719234 57.032467 90.000000 90.000000 90.000000
1202 51.149368 55.620846 56.931755 90.000000 90.000000 90.000000
1203 51.212807 55.689831 57.002365 90.000000 90.000000 90.000000
1204 51.227905 55.706249 57.019173 90.000000 90.000000 90.000000
1205 51.264835 55.746407 57.060276 90.000000 90.000000 90.000000
1206 51.259384 55.740479 57.054211 90.000000 90.000000 90.000000
1207 51.162697 55.635342 56.946594 90.000000 90.000000 90.000000
1208 51.218662 55.696201 57.008884 90.000000 90.000000 90.000000
1209 51.245560 55.725449 57.038826 90.000000 90.000000 90.000000
1210 51.272659 55.754917 57.068989 90.000000 90.000000 90.000000
1211 51.200024 55.675934 56.988140 90.000000 90.000000 90.000000
1212 51.101936 55.569267 56.878963 90.000000 90.000000 90.000000
1213 51.161499 55.634037 56.945259 90.000000 90.000000 90.000000
1214 51.377266 55.868668 57.185417 90.000000 90.000000 90.000000
1215 51.276257 55.758827 57.072990 90.000000 90.000000 90.000000
1216 51.098759 55.565815 56.875427 90.000000 90.000000 90.000000
1217 51.247551 55.727615 57.041042 90.000000 90.000000 90.000000
1218 51.154350 55.626263 56.937302 90.000000 90.000000 90.000000
1219 51.290577 55.774399 57.088932 90.000000 90.000000 90.000000
1220 51.110962 55.579082 56.889011 90.000000 90.000000 90.000000
1221 51.228073 55.706432 57.019360 90.000000 90.000000 90.000000
1222 51.098835 55.565895 56.875511 90.000000 90.000000 90.000000
1223 51.271461 55.753613 57.067650 90.000000 90.000000 90.000000
1224 51.264305 55.745831 57.059689 90.000000 90.000000 90.000000
1225 51.162102 55.634693 56.945930 90.000000 90.000000 90.000000
1226 51.214275 55.691425 57.004002 90.000000 90.000000 90.000000
1227 51.187771 55.662605 56.974499 90.000000 90.000000 90.000000
1228 51.170734 55.644081 56.955536 90.000000 90.000000 90.000000
1229 51.186131 55.660824 56.972675 90.000000 90.000000 90.000000
1230 51.252644 55.733150 57.046707 90.000000 90.000000 90.000000
1231 51.223511 55.701469 57.014282 90.000000 90.000000 90.000000
1232 51.159164 55.631500 56.942661 90.000000 90.000000 90.000000
1233 51.241646 55.721191 57.034466 90.000000 90.000000 90.000000
1234 51.243786 55.723518 57.036846 90.000000 90.000000 90.000000
1235 51.255562 55.736324 57.049957 90.000000 90.000000 90.000000
1236 51.200462 55.676407 56.988628 90.000000 90.000000 90.000000
1237 51.185188 55.659798 56.971626 90.000000 90.000000 90.000000
1238 51.149235 55.620705 56.931610 90.000000 90.000000 90.000000
1239 51.179214 55.653301 56.964977 90.000000 90.000000 90.000000
1240 51.266602 55.748325 57.062241 90.000000 90.000000 90.000000
1241 51.196671 55.672283 56.984406 90.000000 90.000000 90.000000
1242 51.201473 55.677505 56.989754 90.000000 90.000000 90.000000
1243 51.342346 55.830692 57.146549 90.000000 90.000000 90.000000
1244 51.196857 55.672485 56.984615 90.000000 90.000000 90.000000
1245 51.172146 55.645615 56.957108 90.000000 90.000000 90.000000
1246 51.142975 55.613895 56.924641 90.000000 90.000000 90.000000
1247 51.197258 55.672920 56.985058 90.000000 90.000000 90.000000
1248 51.089695 55.555958 56.865337 90.000000 90.000000 90.000000
1249 51.253986 55.734612 57.048203 90.000000 90.000000 90.000000
1250 51.176582 55.650440 56.962048 90.000000 90.000000 90.000000
1251 51.182552 55.656933 56.968693 90.000000 90.000000 90.000000
1252 51.237934 55.717155 57.030338 90.000000 90.000000 90.000000
1253 51.228397 55.706783 57.019722 90.000000 90.000000 90.000000
1254 51.241970 55.721542 57.034824 90.000000 90.000000 90.000000
1255 51.210712 55.687553 57.000034 90.000000 90.000000 90.000000
1256 51.201046 55.677040 56.989277 90.000000 90.000000 90.000000
1257 51.247269 55.727306 57.040726 90.000000 90.000000 90.000000
1258 51.206257 55.682709 56.995079 90.000000 90.000000 90.000000
1259 51.155548 55.627567 56.938637 90.000000 90.000000 90.000000
1260 51.226097 55.704285 57.017162 90.000000 90.000000 90.000000
1261 51.205132 55.681484 56.993824 90.000000 90.000000 90.000000
1262 51.286602 55.770077 57.084503 90.000000 90.000000 90.000000
1263 51.103031 55.570457 56.880180 90.000000 90.000000 90.000000
1264 51.162258 55.634865 56.946106 90.000000 90.000000 90.000000
1265 51.140965 55.611710 56.922405 90.000000 90.000000 90.000000
1266 51.207088 55.683613 56.996002 90.000000 90.000000 90.000000
1267 51.092651 55.559170 56.868629 90.000000 90.000000 90.000000
1268 51.229576 55.708065 57.021034 90.000000 90.000000 90.000000
1269 51.132072 55.602036 56.912506 90.000000 90.000000 90.000000
1270 51.191223 55.666359 56.978340 90.000000 90.000000 90.000000
1271 51.144451 55.615498 56.926281 90.000000 90.000000 90.000000
1272 51.195744 55.671276 56.983372 90.000000 90.000000 90.000000
1273 51.203262 55.679451 56.991745 90.000000 90.000000 90.000000
1274 51.169388 55.642616 56.954041 90.000000 90.000000 90.000000
1275 51.283661 55.766876 57.081230 90.000000 90.000000 90.000000
1276 51.089478 55.555721 56.865097 90.000000 90.000000 90.000000
1277 51.279583 55.762444 57.076691 90.000000 90.000000 90.000000
1278 51.142696 55.613590 56.924332 90.000000 90.000000 90.000000
1279 51.268909 55.750839 57.064812 90.000000 90.000000 90.000000
1280 51.130066 55.599854 56.910271 90.000000 90.000000 90.000000
1281 51.154446 55.626369 56.937408 90.000000 90.000000 90.000000
1282 51.083904 55.549660 56.858894 90.000000 90.000000 90.000000
1283 51.197319 55.672989 56.985130 90.000000 90.000000 90.000000
1284 51.184448 55.658997 56.970806 90.000000 90.000000 90.000000
1285 51.093430 55.560017 56.869495 90.000000 90.000000 90.000000
1286 51.118301 55.587063 56.897175 90.000000 90.000000 90.000000
1287 51.157967 55.630196 56.941326 90.000000 90.000000 90.000000
1288 51.156082 55.628147 56.939228 90.000000 90.000000 90.000000
1289 51.156109 55.628178 56.939259 90.000000 90.000000 90.000000
1290 51.183395 55.657848 56.969631 90.000000 90.000000 90.000000
1291 51.138149 55.608646 56.919270 90.000000 90.000000 90.000000
1292 51.200371 55.676308 56.988525 90.000000 90.000000 90.000000
1293 51.225857 55.704021 57.016891 90.000000 90.000000 90.000000
1294 51.171665 55.645092 56.956573 90.000000 90.000000 90.000000
1295 51.079006 55.544331 56.853439 90.000000 90.000000 90.000000
1296 51.140049 55.610710 56.921383 90.000000 90.000000 90.000000
1297 51.256660 55.737518 57.051178 90.000000 90.000000 90.000000
1298 51.232658 55.711418 57.024464 90.000000 90.000000 90.000000
1299 51.184441 55.658985 56.970795 90.000000 90.000000 90.000000
1300 51.282501 55.765617 57.079941 90.000000 90.000000 90.000000
1301 51.188145 55.663013 56.974918 90.000000 90.000000 90.000000
1302 51.190666 55.665756 56.977726 90.000000 90.000000 90.000000
1303 51.274078 55.756458 57.070568 90.000000 90.000000 90.000000
1304 51.375999 55.867287 57.184006 90.000000 90.000000 90.000000
1305 51.223385 55.701332 57.014137 90.000000 90.000000 90.000000
1306 51.274418 55.756828 57.070946 90.000000 90.000000 90.000000
1307 51.227417 55.705715 57.018627 90.000000 90.000000 90.000000
1308 51.281281 55.764290 57.078583 90.000000 90.000000 90.000000
1309 51.239494 55.718853 57.032070 90.000000 90.000000 90.000000
1310 51.167286 55.640331 56.951702 90.000000 90.000000 90.000000
1311 51.227718 55.706047 57.018967 90.000000 90.000000 90.000000
1312 51.222912 55.700821 57.013615 90.000000 90.000000 90.000000
1313 51.195190 55.670677 56.982761 90.000000 90.000000 90.000000
1314 51.087223 55.553268 56.862583 90.000000 90.000000 90.000000
1315 51.293911 55.778027 57.092644 90.000000 90.000000 90.000000
1316 51.101135 55.568398 56.878071 90.000000 90.000000 90.000000
1317 51.264626 55.746178 57.060043 90.000000 90.000000 90.000000
1318 51.161469 55.634007 56.945225 90.000000 90.000000 90.000000
1319 51.182682 55.657070 56.968834 90.000000 90.000000 90.000000
1320 51.162968 55.635635 56.946896 90.000000 90.000000 90.000000
1321 51.198170 55.673916 56.986076 90.000000 90.000000 90.000000
1322 51.160595 55.633053 56.944252 90.000000 90.000000 90.000000
1323 51.191170 55.666302 56.978287 90.000000 90.000000 90.000000
1324 51.160389 55.632832 56.944027 90.000000 90.000000 90.000000
1325 51.158440 55.630711 56.941856 90.000000 90.000000 90.000000
1326 51.205269 55.681633 56.993977 90.000000 90.000000 90.000000
1327 51.267986 55.749836 57.063786 90.000000 90.000000 90.000000
1328 51.140076 55.610744 56.921417 90.000000 90.000000 90.000000
1329 51.070469 55.535049 56.843937 90.000000 90.000000 90.000000
1330 51.302094 55.786922 57.101749 90.000000 90.000000 90.000000
1331 51.114056 55.582447 56.892456 90.000000 90.000000 90.000000
1332 51.103992 55.571503 56.881252 90.000000 90.000000 90.000000
1333 51.201164 55.677170 56.989407 90.000000 90.000000 90.000000
1334 51.178478 55.652504 56.964161 90.000000 90.000000 90.000000
1335 51.237915 55.717133 57.030315 90.000000 90.000000 90.000000
1336 51.154503 55.626431 56.937473 90.000000 90.000000 90.000000
1337 51.165699 55.638607 56.949936 90.000000 90.000000 90.000000
1338 51.314209 55.800098 57.115231 90.000000 90.000000 90.000000
1339 51.238308 55.717560 57.030750 90.000000 90.000000 90.000000
1340 51.127800 55.597393 56.907749 90.000000 90.000000 90.000000
1341 51.161800 55.634365 56.945595 90.000000 90.000000 90.000000
1342 51.216927 55.694309 57.006954 90.000000 90.000000 90.000000
1343 51.141495 55.612286 56.922997 90.000000 90.000000 90.000000
1344 51.248451 55.728588 57.042038 90.000000 90.000000 90.000000
1345 51.271420 55.753567 57.067604 90.000000 90.000000 90.000000
1346 51.044624 55.506947 56.815174 90.000000 90.000000 90.000000
1347 51.274021 55.756397 57.070499 90.000000 90.000000 90.000000
1348 51.164696 55.637516 56.948818 90.000000 90.000000 90.000000
1349 51.335289 55.823021 57.138695 90.000000 90.000000 90.000000
1350 51.225986 55.704163 57.017036 90.000000 90.000000 90.000000
1351 51.149071 55.620525 56.931427 90.000000 90.000000 90.000000
1352 51.183414 55.657867 56.969654 90.000000 90.000000 90.000000
1353 51.162403 55.635021 56.946266 90.000000 90.000000 90.000000
1354 51.200798 55.676769 56.988998 90.000000 90.000000 90.000000
1355 51.206985 55.683502 56.995888 90.000000 90.000000 90.000000
1356 51.217571 55.695015 57.007671 90.000000 90.000000 90.000000
1357 51.221020 55.698761 57.011509 90.000000 90.000000 90.000000
1358 51.202335 55.678440 56.990711 90.000000 90.000000 90.000000
1359 51.274113 55.756496 57.070606 90.000000 90.000000 90.000000
1360 51.176224 55.650051 56.961651 90.000000 90.000000 90.000000
1361 51.167042 55.640064 56.951427 90.000000 90.000000 90.000000
1362 51.081211 55.546730 56.855896 90.000000 90.000000 90.000000
1363 51.129688 55.599445 56.909851 90.000000 90.000000 90.000000
1364 51.129433 55.599167 56.909565 90.000000 90.000000 90.000000
1365 51.117821 55.586544 56.896645 90.000000 90.000000 90.000000
1366 51.165070 55.637920 56.949230 90.000000 90.000000 90.000000
1367 51.266090 55.747772 57.061672 90.000000 90.000000 90.000000
1368 51.295559 55.779816 57.094475 90.000000 90.000000 90.000000
1369 51.159019 55.631344 56.942501 90.000000 90.000000 90.000000
1370 51.132565 55.602573 56.913055 90.000000 90.000000 90.000000
1371 51.140125 55.610798 56.921471 90.000000 90.000000 90.000000
1372 51.286789 55.770283 57.084713 90.000000 90.000000 90.000000
1373 51.211430 55.688332 57.000835 90.000000 90.000000 90.000000
1374 51.235271 55.714260 57.027370 90.000000 90.000000 90.000000
1375 51.131210 55.601101 56.911545 90.000000 90.000000 90.000000
1376 51.309689 55.795185 57.110203 90.000000 90.000000 90.000000
1377 51.197292 55.672962 56.985100 90.000000 90.000000 90.000000
1378 51.289963 55.773731 57.088245 90.000000 90.000000 90.000000
1379 51.183350 55.657799 56.969582 90.000000 90.000000 90.000000
1380 51.224018 55.702023 57.014847 90.000000 90.000000 90.000000
1381 51.315838 55.801868 57.117046 90.000000 90.000000 90.000000
1382 51.099842 55.566990 56.876633 90.000000 90.000000 90.000000
1383 51.164116 55.636883 56.948170 90.000000 90.000000 90.000000
1384 51.231045 55.709663 57.022671 90.000000 90.000000 90.000000
1385 51.189178 55.664139 56.976067 90.000000 90.000000 90.000000
1386 51.175060 55.648785 56.960354 90.000000 90.000000 90.000000
1387 51.273491 55.755817 57.069908 90.000000 90.000000 90.000000
1388 51.161789 55.634354 56.945583 90.000000 90.000000 90.000000
1389 51.239239 55.718575 57.031788 90.000000 90.000000 90.000000
1390 51.074135 55.539036 56.848019 90.000000 90.000000 90.000000
1391 51.240334 55.719765 57.033009 90.000000 90.000000 90.000000
1392 51.164616 55.637424 56.948727 90.000000 90.000000 90.000000
1393 51.326416 55.813374 57.128822 90.000000 90.000000 90.000000
1394 51.200695 55.676662 56.988888 90.000000 90.000000 90.000000
1395 51.148109 55.619476 56.930355 90.000000 90.000000 90.000000
1396 51.228905 55.707333 57.020283 90.000000 90.000000 90.000000
1397 51.107338 55.575142 56.884975 90.000000 90.000000 90.000000
1398 51.061234 55.525005 56.833656 90.000000 90.000000 90.000000
1399 51.075016 55.539993 56.848999 90.000000 90.000000 90.000000
1400 51.184052 55.658562 56.970360 90.000000 90.000000 90.000000
1401 51.224380 55.702415 57.015251 90.000000 90.000000 90.000000
1402 51.272762 55.755028 57.069099 90.000000 90.000000 90.000000
1403 51.063396 55.527359 56.836067 90.000000 90.000000 90.000000
1404 51.364132 55.854382 57.170799 90.000000 90.000000 90.000000
1405 51.299992 55.784637 57.099411 90.000000 90.000000 90.000000
1406 51.191757 55.666943 56.978939 90.000000 90.000000 90.000000
1407 51.030418 55.491501 56.799362 90.000000 90.000000 90.000000
1408 51.236294 55.715374 57.028511 90.000000 90.000000 90.000000
1409 51.232944 55.711731 57.024784 90.000000 90.000000 90.000000
1410 51.215504 55.692760 57.005367 90.000000 90.000000 90.000000
1411 51.310589 55.796162 57.111202 90.000000 90.000000 90.000000
1412 51.184986 55.659580 56.971401 90.000000 90.000000 90.000000
1413 51.227692 55.706017 57.018936 90.000000 90.000000 90.000000
1414 51.183487 55.657948 56.969730 90.000000 90.000000 90.000000
1415 51.162323 55.634933 56.946178 90.000000 90.000000 90.000000
1416 51.130562 55.600395 56.910824 90.000000 90.000000 90.000000
1417 51.255562 55.736320 57.049953 90.000000 90.000000 90.000000
1418 51.110340 55.578407 56.888317 90.000000 90.000000 90.000000
1419 51.306755 55.791992 57.106937 90.000000 90.000000 90.000000
1420 51.087120 55.553158 56.862473 90.000000 90.000000 90.000000
1421 51.096256 55.563091 56.872639 90.000000 90.000000 90.000000
1422 51.167622 55.640694 56.952072 90.000000 90.000000 90.000000
1423 51.412193 55.906647 57.224293 90.000000 90.000000 90.000000
1424 51.161751 55.634312 56.945541 90.000000 90.000000 90.000000
1425 51.102665 55.570061 56.879772 90.000000 90.000000 90.000000
1426 51.134068 55.604206 56.914726 90.000000 90.000000 90.000000
1427 51.238598 55.717876 57.031075 90.000000 90.000000 90.000000
1428 51.245853 55.725765 57.039150 90.000000 90.000000 90.000000
1429 51.242168 55.721760 57.035049 90.000000 90.000000 90.000000
1430 51.236286 55.715363 57.028500 90.000000 90.000000 90.000000
1431 51.208866 55.685547 56.997982 90.000000 90.000000 90.000000
1432 51.053905 55.517036 56.825500 90.000000 90.000000 90.000000
1433 51.325745 55.812641 57.128071 90.000000 90.000000 90.000000
1434 51.309654 55.795143 57.110161 90.000000 90.000000 90.000000
1435 51.314392 55.800297 57.115437 90.000000 90.000000 90.000000
1436 51.185856 55.660522 56.972370 90.000000 90.000000 90.000000
1437 51.160820 55.633297 56.944504 90.000000 90.000000 90.000000
1438 51.201279 55.677296 56.989536 90.000000 90.000000 90.000000
1439 51.107521 55.575340 56.885178 90.000000 90.000000 90.000000
1440 51.225742 55.703896 57.016766 90.000000 90.000000 90.000000
1441 51.087696 55.553783 56.863113 90.000000 90.000000 90.000000
1442 51.177734 55.651691 56.963329 90.000000 90.000000 90.000000
1443 51.081734 55.547298 56.856476 90.000000 90.000000 90.000000
1444 51.163361 55.636063 56.947334 90.000000 90.000000 90.000000
1445 51.320084 55.806484 57.121769 90.000000 90.000000 90.000000
1446 51.152489 55.624241 56.935230 90.000000 90.000000 90.000000
1447 51.399948 55.893333 57.210667 90.000000 90.000000 90.000000
1448 51.188965 55.663906 56.975830 90.000000 90.000000 90.000000
1449 51.270672 55.752754 57.066776 90.000000 90.000000 90.000000
1450 51.153545 55.625389 56.936405 90.000000 90.000000 90.000000
1451 51.310883 55.796482 57.111530 90.000000 90.000000 90.000000
1452 51.080849 55.546337 56.855495 90.000000 90.000000 90.000000
1453 51.215843 55.693130 57.005745 90.000000 90.000000 90.000000
1454 51.138950 55.609520 56.920162 90.000000 90.000000 90.000000
1455 51.280075 55.762978 57.077240 90.000000 90.000000 90.000000
1456 51.286533 55.770000 57.084427 90.000000 90.000000 90.000000
1457 51.205551 55.681942 56.994293 90.000000 90.000000 90.000000
1458 51.264252 55.745773 57.059628 90.000000 90.000000 90.000000
1459 51.070229 55.534790 56.843674 90.000000 90.000000 90.000000
1460 51.282612 55.765736 57.080063 90.000000 90.000000 90.000000
1461 51.211369 55.688267 57.000767 90.000000 90.000000 90.000000
1462 51.273144 55.755444 57.069527 90.000000 90.000000 90.000000
1463 51.226749 55.704994 57.017887 90.000000 90.000000 90.000000
1464 51.338417 55.826420 57.142178 90.000000 90.000000 90.000000
1465 51.165413 55.638294 56.949615 90.000000 90.000000 90.000000
1466 51.177849 55.651817 56.963459 90.000000 90.000000 90.000000
1467 51.224522 55.702572 57.015408 90.000000 90.000000 90.000000
1468 51.134346 55.604511 56.915039 90.000000 90.000000 90.000000
1469 51.112984 55.581280 56.891258 90.000000 90.000000 90.000000
1470 51.102722 55.570126 56.879841 90.000000 90.000000 90.000000
1471 51.218525 55.696049 57.008732 90.000000 90.000000 90.000000
1472 51.270351 55.752407 57.066418 90.000000 90.000000 90.000000
1473 51.168957 55.642147 56.953560 90.000000 90.000000 90.000000
1474 51.192715 55.667984 56.980007 90.000000 90.000000 90.000000
1475 51.114082 55.582478 56.892483 90.000000 90.000000 90.000000
1476 51.189072 55.664021 56.975948 90.000000 90.000000 90.000000
1477 51.136730 55.607105 56.917690 90.000000 90.000000 90.000000
1478 51.225864 55.704033 57.016903 90.000000 90.000000 90.000000
1479 51.176842 55.650723 56.962337 90.000000 90.000000 90.000000
1480 51.202465 55.678585 56.990856 90.000000 90.000000 90.000000
1481 51.159607 55.631981 56.943153 90.000000 90.000000 90.000000
1482 51.205036 55.681381 56.993721 90.000000 90.000000 90.000000
1483 51.200874 55.676857 56.989086 90.000000 90.000000 90.000000
1484 51.211403 55.688305 57.000805 90.000000 90.000000 90.000000
1485 51.227394 55.705692 57.018604 90.000000 90.000000 90.000000
1486 51.175316 55.649063 56.960640 90.000000 90.000000 90.000000
1487 51.160286 55.632717 56.943909 90.000000 90.000000 90.000000
1488 51.163292 55.635986 56.947254 90.000000 90.000000 90.000000
1489 51.218594 55.696125 57.008808 90.000000 90.000000 90.000000
1490 51.216614 55.693974 57.006607 90.000000 90.000000 90.000000
1491 51.235367 55.714363 57.027477 90.000000 90.000000 90.000000
1492 51.261719 55.743019 57.056808 90.000000 90.000000 90.000000
1493 51.269032 55.750969 57.064945 90.000000 90.000000 90.000000
1494 51.095501 55.562271 56.871799 90.000000 90.000000 90.000000
1495 51.168705 55.641872 56.953281 90.000000 90.000000 90.000000
1496 51.109089 55.577045 56.886921 90.000000 90.000000 90.000000
1497 51.194641 55.670074 56.982147 90.000000 90.000000 90.000000
1498 51.092659 55.559177 56.868637 90.000000 90.000000 90.000000
1499 51.076401 55.541500 56.850540 90.000000 90.000000 90.000000
1500 51.111347 55.579502 56.889439 90.000000 90.000000 90.000000
1501 51.233219 55.712029 57.025085 90.000000 90.000000 90.000000
1502 51.222713 55.700603 57.013393 90.000000 90.000000 90.000000
1503 51.193344 55.668667 56.980705 90.000000 90.000000 90.000000
1504 51.150646 55.622234 56.933178 90.000000 90.000000 90.000000
1505 51.208427 55.685066 56.997490 90.000000 90.000000 90.000000
1506 51.112556 55.580818 56.890785 90.000000 90.000000 90.000000
1507 51.249771 55.730026 57.043510 90.000000 90.000000 90.000000
1508 51.144299 55.615334 56.926113 90.000000 90.000000 90.000000
1509 51.200569 55.676521 56.988747 90.000000 90.000000 90.000000
1510 51.179466 55.653576 56.965256 90.000000 90.000000 90.000000
1511 51.161339 55.633865 56.945084 90.000000 90.000000 90.000000
1512 51.199272 55.675110 56.987301 90.000000 90.000000 90.000000
1513 51.208595 55.685253 56.997681 90.000000 90.000000 90.000000
1514 51.102409 55.569782 56.879490 90.000000 90.000000 90.000000
1515 51.161694 55.634247 56.945473 90.000000 90.000000 90.000000
1516 51.183926 55.658424 56.970219 90.000000 90.000000 90.000000
1517 51.420837 55.916046 57.233917 90.000000 90.000000 90.000000
1518 51.216183 55.693501 57.006126 90.000000 90.000000 90.000000
1519 51.263012 55.744427 57.058250 90.000000 90.000000 90.000000
1520 51.159203 55.631538 56.942703 90.000000 90.000000 90.000000
1521 51.252647 55.733154 57.046715 90.000000 90.000000 90.000000
1522 51.171459 55.644867 56.956345 90.000000 90.000000 90.000000
1523 51.241646 55.721191 57.034466 90.000000 90.000000 90.000000
1524 51.179184 55.653267 56.964943 90.000000 90.000000 90.000000
1525 51.210999 55.687862 57.000355 90.000000 90.000000 90.000000
1526 51.166153 55.639099 56.950439 90.000000 90.000000 90.000000
1527 51.190765 55.665863 56.977837 90.000000 90.000000 90.000000
1528 51.084831 55.550667 56.859924 90.000000 90.000000 90.000000
1529 51.133305 55.603378 56.913876 90.000000 90.000000 90.000000
1530 51.228813 55.707237 57.020184 90.000000 90.000000 90.000000
1531 51.172401 55.645893 56.957394 90.000000 90.000000 90.000000
1532 51.176617 55.650478 56.962086 90.000000 90.000000 90.000000
1533 51.217155 55.694557 57.007206 90.000000 90.000000 90.000000
1534 51.166431 55.639400 56.950748 90.000000 90.000000 90.000000
1535 51.265003 55.746590 57.060463 90.000000 90.000000 90.000000
1536 51.192787 55.668060 56.980083 90.000000 90.000000 90.000000
1537 51.109577 55.577576 56.887466 90.000000 90.000000 90.000000
1538 51.209530 55.686268 56.998718 90.000000 90.000000 90.000000
1539 51.277981 55.760700 57.074909 90.000000 90.000000 90.000000
1540 51.191166 55.666298 56.978283 90.000000 90.000000 90.000000
1541 51.322536 55.809151 57.124500 90.000000 90.000000 90.000000
1542 51.203392 55.679596 56.991890 90.000000 90.000000 90.000000
1543 51.254986 55.735699 57.049316 90.000000 90.000000 90.000000
1544 51.186981 55.661747 56.973621 90.000000 90.000000 90.000000
1545 51.214394 55.691555 57.004131 90.000000 90.000000 90.000000
1546 51.208782 55.685455 56.997890 90.000000 90.000000 90.000000
1547 51.222393 55.700256 57.013039 90.000000 90.000000 90.000000
1548 51.166134 55.639076 56.950417 90.000000 90.000000 90.000000
1549 51.220638 55.698349 57.011086 90.000000 90.000000 90.000000
1550 51.240559 55.720009 57.033257 90.000000 90.000000 90.000000
1551 51.071899 55.536602 56.845528 90.000000 90.000000 90.000000
1552 51.107010 55.574783 56.884609 90.000000 90.000000 90.000000
1553 51.048615 55.511284 56.819611 90.000000 90.000000 90.000000
1554 51.168522 55.641674 56.953075 90.000000 90.000000 90.000000
1555 51.174347 55.648010 56.959560 90.000000 90.000000 90.000000
1556 51.096798 55.563679 56.873245 90.000000 90.000000 90.000000
1557 51.082207 55.547813 56.857002 90.000000 90.000000 90.000000
1558 51.243954 55.723701 57.037033 90.000000 90.000000 90.000000
1559 51.287262 55.770794 57.085239 90.000000 90.000000 90.000000
1560 51.268772 55.750690 57.064659 90.000000 90.000000 90.000000
1561 51.221722 55.699524 57.012287 90.000000 90.000000 90.000000
1562 51.152107 55.623825 56.934807 90.000000 90.000000 90.000000
1563 51.238194 55.717438 57.030624 90.000000 90.000000 90.000000
1564 51.158287 55.630547 56.941685 90.000000 90.000000 90.000000
1565 51.240864 55.720341 57.033596 90.000000 90.000000 90.000000
1566 51.167542 55.640610 56.951984 90.000000 90.000000 90.000000
1567 51.251022 55.731388 57.044903 90.000000 90.000000 90.000000
1568 51.256592 55.737446 57.051102 90.000000 90.000000 90.000000
1569 51.160645 55.633106 56.944309 90.000000 90.000000 90.000000
1570 51.227280 55.705570 57.018478 90.000000 90.000000 90.000000
1571 51.243263 55.722946 57.036266 90.000000 90.000000 90.000000
1572 51.236385 55.715469 57.028610 90.000000 90.000000 90.000000
1573 51.202847 55.679001 56.991283 90.000000 90.000000 90.000000
1574 51.116257 55.584839 56.894901 90.000000 90.000000 90.000000
1575 51.172337 55.645824 56.957325 90.000000 90.000000 90.000000
1576 51.277622 55.760315 57.074512 90.000000 90.000000 90.000000
1577 51.334133 55.821762 57.137409 90.000000 90.000000 90.000000
1578 51.229832 55.708344 57.021317 90.000000 90.000000 90.000000
1579 51.181698 55.656002 56.967739 90.000000 90.000000 90.000000
1580 51.159100 55.631428 56.942589 90.000000 90.000000 90.000000
1581 51.126820 55.596329 56.906662 90.000000 90.000000 90.000000
1582 51.225868 55.704033 57.016907 90.000000 90.000000 90.000000
1583 51.136730 55.607105 56.917690 90.000000 90.000000 90.000000
1584 51.244228 55.723999 57.037338 90.000000 90.000000 90.000000
1585 51.250126 55.730412 57.043903 90.000000 90.000000 90.000000
1586 51.233681 55.712528 57.025600 90.000000 90.000000 90.000000
1587 51.303780 55.788757 57.103626 90.000000 90.000000 90.000000
1588 51.151093 55.622719 56.933674 90.000000 90.000000 90.000000
1589 51.249466 55.729694 57.043171 90.000000 90.000000 90.000000
1590 51.174431 55.648102 56.959652 90.000000 90.000000 90.000000
1591 51.116554 55.585163 56.895233 90.000000 90.000000 90.000000
1592 51.194027 55.669411 56.981464 90.000000 90.000000 90.000000
1593 51.207771 55.684353 56.996761 90.000000 90.000000 90.000000
1594 51.074993 55.539970 56.848976 90.000000 90.000000 90.000000
1595 51.155426 55.627434 56.938499 90.000000 90.000000 90.000000
1596 51.175518 55.649281 56.960861 90.000000 90.000000 90.000000
1597 51.179302 55.653397 56.965073 90.000000 90.000000 90.000000
1598 51.133385 55.603466 56.913967 90.000000 90.000000 90.000000
1599 51.305202 55.790302 57.105209 90.000000 90.000000 90.000000
1600 51.222355 55.700214 57.012997 90.000000 90.000000 90.000000
1601 51.218796 55.696342 57.009033 90.000000 90.000000 90.000000
1602 51.156960 55.629101 56.940205 90.000000 90.000000 90.000000
1603 51.287884 55.771469 57.085930 90.000000 90.000000 90.000000
1604 51.109379 55.577362 56.887249 90.000000 90.000000 90.000000
1605 51.098450 55.565479 56.875084 90.000000 90.000000 90.000000
1606 51.093414 55.559998 56.869476 90.000000 90.000000 90.000000
1607 51.162136 55.634727 56.945965 90.000000 90.000000 90.000000
1608 51.207226 55.683762 56.996155 90.000000 90.000000 90.000000
1609 51.157963 55.630196 56.941326 90.000000 90.000000 90.000000
1610 51.296600 55.780952 57.095634 90.000000 90.000000 90.000000
1611 51.195587 55.671104 56.983200 90.000000 90.000000 90.000000
1612 51.099300 55.566402 56.876030 90.000000 90.000000 90.000000
1613 51.115204 55.583694 56.893730 90.000000 90.000000 90.000000
1614 51.157757 55.629967 56.941093 90.000000 90.000000 90.000000
1615 51.131149 55.601036 56.911480 90.000000 90.000000 90.000000
1616 51.176010 55.649818 56.961411 90.000000 90.000000 90.000000
1617 51.194160 55.669552 56.981613 90.000000 90.000000 90.000000
1618 51.025932 55.486618 56.794365 90.000000 90.000000 90.000000
1619 51.090084 55.556381 56.865772 90.000000 90.000000 90.000000
1620 51.181816 55.656132 56.967873 90.000000 90.000000 90.000000
1621 51.151340 55.622993 56.933952 90.000000 90.000000 90.000000
1622 51.189236 55.664200 56.976131 90.000000 90.000000 90.000000
1623 51.151379 55.623032 56.933994 90.000000 90.000000 90.000000
1624 51.126419 55.595890 56.906212 90.000000 90.000000 90.000000
1625 51.260014 55.741165 57.054913 90.000000 90.000000 90.000000
1626 51.261280 55.742542 57.056320 90.000000 90.000000 90.000000
1627 51.090759 55.557114 56.866524 90.000000 90.000000 90.000000
1628 51.155151 55.627136 56.938194 90.000000 90.000000 90.000000
1629 51.304977 55.790062 57.104958 90.000000 90.000000 90.000000
1630 51.190220 55.665268 56.977226 90.000000 90.000000 90.000000
1631 51.162060 55.634651 56.945885 90.000000 90.000000 90.000000
1632 51.306820 55.792065 57.107010 90.000000 90.000000 90.000000
1633 51.196262 55.671837 56.983952 90.000000 90.000000 90.000000
1634 51.189911 55.664932 56.976883 90.000000 90.000000 90.000000
1635 51.194408 55.669827 56.981892 90.000000 90.000000 90.000000
1636 51.119389 55.588245 56.898388 90.000000 90.000000 90.000000
1637 51.280380 55.763309 57.077579 90.000000 90.000000 90.000000
1638 51.234505 55.713428 57.026520 90.000000 90.000000 90.000000
1639 51.301537 55.786316 57.101128 90.000000 90.000000 90.000000
1640 51.208237 55.684860 56.997280 90.000000 90.000000 90.000000
1641 51.268703 55.750614 57.064583 90.000000 90.000000 90.000000
1642 51.233818 55.712677 57.025753 90.000000 90.000000 90.000000
1643 51.167561 55.640629 56.952003 90.000000 90.000000 90.000000
1644 51.149643 55.621143 56.932060 90.000000 90.000000 90.000000
1645 51.091938 55.558395 56.867832 90.000000 90.000000 90.000000
1646 51.265583 55.747219 57.061108 90.000000 90.000000 90.000000
1647 51.263447 55.744896 57.058731 90.000000 90.000000 90.000000
1648 51.250446 55.730759 57.044258 90.000000 90.000000 90.000000
1649 51.381390 55.873154 57.190010 90.000000 90.000000 90.000000
1650 51.152359 55.624100 56.935085 90.000000 90.000000 90.000000
1651 51.335274 55.823002 57.138680 90.000000 90.000000 90.000000
1652 51.156460 55.628559 56.939651 90.000000 90.000000 90.000000
1653 51.118923 55.587738 56.897869 90.000000 90.000000 90.000000
1654 51.173527 55.647118 56.958645 90.000000 90.000000 90.000000
1655 51.230068 55.708603 57.021580 90.000000 90.000000 90.000000
1656 51.171665 55.645092 56.956573 90.000000 90.000000 90.000000
1657 51.199524 55.675388 56.987583 90.000000 90.000000 90.000000
1658 51.184055 55.658566 56.970367 90.000000 90.000000 90.000000
1659 51.197445 55.673126 56.985268 90.000000 90.000000 90.000000
1660 51.188293 55.663174 56.975082 90.000000 90.000000 90.000000
1661 51.193001 55.668293 56.980324 90.000000 90.000000 90.000000
1662 51.167889 55.640984 56.952370 90.000000 90.000000 90.000000
1663 51.221958 55.699783 57.012554 90.000000 90.000000 90.000000
1664 51.293236 55.777290 57.091888 90.000000 90.000000 90.000000
1665 51.144333 55.615372 56.926151 90.000000 90.000000 90.000000
1666 51.085384 55.551270 56.860538 90.000000 90.000000 90.000000
1667 51.181122 55.655376 56.967102 90.000000 90.000000 90.000000
1668 51.304989 55.790070 57.104969 90.000000 90.000000 90.000000
1669 51.283417 55.766617 57.080963 90.000000 90.000000 90.000000
1670 51.177048 55.650948 56.962566 90.000000 90.000000 90.000000
1671 51.238022 55.717251 57.030434 90.000000 90.000000 90.000000
1672 51.278450 55.761211 57.075432 90.000000 90.000000 90.000000
1673 51.225300 55.703415 57.016273 90.000000 90.000000 90.000000
1674 51.320873 55.807343 57.122650 90.000000 90.000000 90.000000
1675 51.250851 55.731201 57.044712 90.000000 90.000000 90.000000
1676 51.237118 55.716267 57.029427 90.000000 90.000000 90.000000
1677 51.260643 55.741848 57.055611 90.000000 90.000000 90.000000
1678 51.096695 55.563568 56.873127 90.000000 90.000000 90.000000
1679 51.297279 55.781685 57.096386 90.000000 90.000000 90.000000
1680 51.059395 55.523006 56.831612 90.000000 90.000000 90.000000
1681 51.147953 55.619308 56.930183 90.000000 90.000000 90.000000
1682 51.221840 55.699654 57.012421 90.000000 90.000000 90.000000
1683 51.174191 55.647839 56.959385 90.000000 90.000000 90.000000
1684 51.260139 55.741299 57.055050 90.000000 90.000000 90.000000
1685 51.122620 55.591759 56.901981 90.000000 90.000000 90.000000
1686 51.216187 55.693504 57.006126 90.000000 90.000000 90.000000
1687 51.281933 55.764999 57.079308 90.000000 90.000000 90.000000
1688 51.219540 55.697151 57.009861 90.000000 90.000000 90.000000
1689 51.227154 55.705433 57.018337 90.000000 90.000000 90.000000
1690 51.210491 55.687313 56.999790 90.000000 90.000000 90.000000
1691 51.160057 55.632473 56.943657 90.000000 90.000000 90.000000
1692 51.294727 55.778912 57.093548 90.000000 90.000000 90.000000
1693 51.201107 55.677105 56.989342 90.000000 90.000000 90.000000
1694 51.157509 55.629700 56.940819 90.000000 90.000000 90.000000
1695 51.218609 55.696140 57.008827 90.000000 90.000000 90.000000
1696 51.160236 55.632664 56.943851 90.000000 90.000000 90.000000
1697 51.260166 55.741333 57.055084 90.000000 90.000000 90.000000
1698 51.109604 55.577606 56.887497 90.000000 90.000000 90.000000
1699 51.183052 55.657475 56.969246 90.000000 90.000000 90.000000
1700 51.269798 55.751804 57.065804 90.000000 90.000000 90.000000
1701 51.207001 55.683517 56.995907 90.000000 90.000000 90.000000
1702 51.122093 55.591187 56.901398 90.000000 90.000000 90.000000
1703 51.133659 55.603764 56.914272 90.000000 90.000000 90.000000
1704 51.184109 55.658627 56.970428 90.000000 90.000000 90.000000
1705 51.252777 55.733295 57.046856 90.000000 90.000000 90.000000
1706 51.179592 55.653713 56.965397 90.000000 90.000000 90.000000
1707 51.319115 55.805431 57.120693 90.000000 90.000000 90.000000
1708 51.251862 55.732300 57.045837 90.000000 90.000000 90.000000
1709 51.336662 55.824516 57.140224 90.000000 90.000000 90.000000
1710 51.258541 55.739563 57.053272 90.000000 90.000000 90.000000
1711 51.198971 55.674782 56.986965 90.000000 90.000000 90.000000
1712 51.287243 55.770775 57.085220 90.000000 90.000000 90.000000
1713 51.205326 55.681694 56.994038 90.000000 90.000000 90.000000
1714 51.140499 55.611198 56.921883 90.000000 90.000000 90.000000
1715 51.133194 55.603260 56.913754 90.000000 90.000000 90.000000
1716 51.179031 55.653103 56.964771 90.000000 90.000000 90.000000
1717 51.168720 55.641891 56.953300 90.000000 90.000000 90.000000
1718 51.157852 55.630070 56.941200 90.000000 90.000000 90.000000
1719 51.112293 55.580532 56.890491 90.000000 90.000000 90.000000
1720 51.212669 55.689682 57.002213 90.000000 90.000000 90.000000
1721 51.273064 55.755356 57.069435 90.000000 90.000000 90.000000
1722 51.221569 55.699360 57.012123 90.000000 90.000000 90.000000
1723 51.144642 55.615707 56.926498 90.000000 90.000000 90.000000
1724 51.164112 55.636879 56.948166 90.000000 90.000000 90.000000
1725 51.073502 55.538349 56.847313 90.000000 90.000000 90.000000
1726 51.267632 55.749447 57.063389 90.000000 90.000000 90.000000
1727 51.249672 55.729919 57.043400 90.000000 90.000000 90.000000
1728 51.242310 55.721912 57.035202 90.000000 90.000000 90.000000
1729 51.216927 55.694313 57.006954 90.000000 90.000000 90.000000
1730 51.132977 55.603024 56.913513 90.000000 90.000000 90.000000
1731 51.125549 55.594944 56.905247 90.000000 90.000000 90.000000
1732 51.192688 55.667953 56.979977 90.000000 90.000000 90.000000
1733 51.128887 55.598572 56.908958 90.000000 90.000000 90.000000
1734 51.133778 55.603893 56.914402 90.000000 90.000000 90.000000
1735 51.211491 55.688400 57.000904 90.000000 90.000000 90.000000
1736 51.083237 55.548935 56.858150 90.000000 90.000000 90.000000
1737 51.080971 55.546471 56.855629 90.000000 90.000000 90.000000
1738 51.092888 55.559429 56.868893 90.000000 90.000000 90.000000
1739 51.172482 55.645981 56.957481 90.000000 90.000000 90.000000
1740 51.232620 55.711376 57.024422 90.000000 90.000000 90.000000
1741 51.159672 55.632050 56.943226 90.000000 90.000000 90.000000
1742 51.227558 55.705872 57.018787 90.000000 90.000000 90.000000
1743 51.159904 55.632305 56.943485 90.000000 90.000000 90.000000
1744 51.230385 55.708946 57.021935 90.000000 90.000000 90.000000
1745 51.127575 55.597149 56.907501 90.000000 90.000000 90.000000
1746 51.119682 55.588566 56.898716 90.000000 90.000000 90.000000
1747 51.335140 55.822857 57.138531 90.000000 90.000000 90.000000
1748 51.180569 55.654774 56.966484 90.000000 90.000000 90.000000
1749 51.257259 55.738171 57.051846 90.000000 90.000000 90.000000
1750 51.264400 55.745934 57.059792 90.000000 90.000000 90.000000
1751 51.092323 55.558815 56.868263 90.000000 90.000000 90.000000
1752 51.121609 55.590660 56.900860 90.000000 90.000000 90.000000
1753 51.196136 55.671703 56.983814 90.000000 90.000000 90.000000
1754 51.233292 55.712109 57.025169 90.000000 90.000000 90.000000
1755 51.363251 55.853428 57.169819 90.000000 90.000000 90.000000
1756 51.270016 55.752041 57.066040 90.000000 90.000000 90.000000
1757 51.142117 55.612961 56.923683 90.000000 90.000000 90.000000
1758 51.184341 55.658878 56.970688 90.000000 90.000000 90.000000
1759 51.268394 55.750278 57.064240 90.000000 90.000000 90.000000
1760 51.095020 55.561749 56.871265 90.000000 90.000000 90.000000
1761 51.226665 55.704899 57.017792 90.000000 90.000000 90.000000
1762 51.128712 55.598381 56.908764 90.000000 90.000000 90.000000
1763 51.092411 55.558910 56.868359 90.000000 90.000000 90.000000
1764 51.118465 55.587242 56.897362 90.000000 90.000000 90.000000
1765 51.067226 55.531525 56.840332 90.000000 90.000000 90.000000
1766 51.295971 55.780266 57.094933 90.000000 90.000000 90.000000
1767 51.158600 55.630882 56.942032 90.000000 90.000000 90.000000
1768 51.168324 55.641457 56.952854 90.000000 90.000000 90.000000
1769 51.190460 55.665531 56.977497 90.000000 90.000000 90.000000
1770 51.192764 55.668037 56.980061 90.000000 90.000000 90.000000
1771 51.188328 55.663212 56.975121 90.000000 90.000000 90.000000
1772 51.310379 55.795937 57.110973 90.000000 90.000000 90.000000
1773 51.296692 55.781048 57.095734 90.000000 90.000000 90.000000
1774 51.219528 55.697140 57.009846 90.000000 90.000000 90.000000
1775 51.174278 55.647934 56.959480 90.000000 90.000000 90.000000
1776 51.081200 55.546719 56.855881 90.000000 90.000000 90.000000
1777 51.138222 55.608727 56.919350 90.000000 90.000000 90.000000
1778 51.096642 55.563507 56.873070 90.000000 90.000000 90.000000
1779 51.113453 55.581791 56.891781 90.000000 90.000000 90.000000
1780 51.162235 55.634842 56.946079 90.000000 90.000000 90.000000
1781 51.274471 55.756886 57.071003 90.000000 90.000000 90.000000
1782 51.088600 55.554768 56.864120 90.000000 90.000000 90.000000
1783 51.233784 55.712643 57.025715 90.000000 90.000000 90.000000
1784 51.204254 55.680531 56.992847 90.000000 90.000000 90.000000
1785 51.302155 55.786987 57.101814 90.000000 90.000000 90.000000
1786 51.207993 55.684593 56.997009 90.000000 90.000000 90.000000
1787 51.254662 55.735344 57.048954 90.000000 90.000000 90.000000
1788 51.161472 55.634007 56.945229 90.000000 90.000000 90.000000
1789 51.117886 55.586609 56.896713 90.000000 90.000000 90.000000
1790 51.217953 55.695427 57.008095 90.000000 90.000000 90.000000
1791 51.205318 55.681686 56.994030 90.000000 90.000000 90.000000
1792 51.266388 55.748096 57.062004 90.000000 90.000000 90.000000
1793 51.178234 55.652237 56.963886 90.000000 90.000000 90.000000
1794 51.227962 55.706314 57.019238 90.000000 90.000000 90.000000
1795 51.165142 55.638000 56.949314 90.000000 90.000000 90.000000
1796 51.192543 55.667793 56.979813 90.000000 90.000000 90.000000
1797 51.195923 55.671471 56.983578 90.000000 90.000000 90.000000
1798 51.191193 55.666328 56.978313 90.000000 90.000000 90.000000
1799 51.287613 55.771179 57.085632 90.000000 90.000000 90.000000
1800 51.312874 55.798645 57.113747 90.000000 90.000000 90.000000
1801 51.166832 55.639839 56.951195 90.000000 90.000000 90.000000
1802 51.270920 55.753025 57.067051 90.000000 90.000000 90.000000
1803 51.242485 55.722103 57.035400 90.000000 90.000000 90.000000
1804 51.084225 55.550007 56.859249 90.000000 90.000000 90.000000
1805 51.285316 55.768677 57.083073 90.000000 90.000000 90.000000
1806 51.098663 55.565708 56.875320 90.000000 90.000000 90.000000
1807 51.171215 55.644604 56.956074 90.000000 90.000000 90.000000
1808 51.133858 55.603977 56.914490 90.000000 90.000000 90.000000
1809 51.147377 55.618683 56.929543 90.000000 90.000000 90.000000
1810 51.026306 55.487026 56.794785 90.000000 90.000000 90.000000
1811 51.169838 55.643105 56.954540 90.000000 90.000000 90.000000
1812 51.161186 55.633698 56.944912 90.000000 90.000000 90.000000
1813 51.105259 55.572884 56.882664 90.000000 90.000000 90.000000
1814 51.241856 55.721416 57.034698 90.000000 90.000000 90.000000
1815 51.125690 55.595100 56.905403 90.000000 90.000000 90.000000
1816 51.106903 55.574669 56.884491 90.000000 90.000000 90.000000
1817 51.131680 55.601612 56.912071 90.000000 90.000000 90.000000
1818 51.221001 55.698742 57.011486 90.000000 90.000000 90.000000
1819 51.260269 55.741440 57.055195 90.000000 90.000000 90.000000
1820 51.226261 55.704460 57.017342 90.000000 90.000000 90.000000
1821 51.106236 55.573944 56.883747 90.000000 90.000000 90.000000
1822 51.259640 55.740757 57.054493 90.000000 90.000000 90.000000
1823 51.231159 55.709789 57.022797 90.000000 90.000000 90.000000
1824 51.163189 55.635876 56.947144 90.000000 90.000000 90.000000
1825 51.174862 55.648571 56.960136 90.000000 90.000000 90.000000
1826 51.150322 55.621883 56.932819 90.000000 90.000000 90.000000
1827 51.124947 55.594288 56.904575 90.000000 90.000000 90.000000
1828 51.286724 55.770210 57.084641 90.000000 90.000000 90.000000
1829 51.195126 55.670601 56.982685 90.000000 90.000000 90.000000
1830 51.322620 55.809242 57.124596 90.000000 90.000000 90.000000
1831 51.229679 55.708176 57.021145 90.000000 90.000000 90.000000
1832 51.290142 55.773926 57.088444 90.000000 90.000000 90.000000
1833 51.217796 55.695255 57.007919 90.000000 90.000000 90.000000
1834 51.269341 55.751308 57.065292 90.000000 90.000000 90.000000
1835 51.335640 55.823402 57.139088 90.000000 90.000000 90.000000
1836 51.312256 55.797977 57.113060 90.000000 90.000000 90.000000
1837 51.144966 55.616062 56.926861 90.000000 90.000000 90.000000
1838 51.225586 55.703728 57.016594 90.000000 90.000000 90.000000
1839 51.064510 55.528572 56.837307 90.000000 90.000000 90.000000
1840 51.216606 55.693962 57.006599 90.000000 90.000000 90.000000
1841 51.206982 55.683498 56.995884 90.000000 90.000000 90.000000
1842 51.110264 55.578323 56.888229 90.000000 90.000000 90.000000
1843 51.158089 55.630329 56.941463 90.000000 90.000000 90.000000
1844 51.224224 55.702248 57.015076 90.000000 90.000000 90.000000
1845 51.185951 55.660629 56.972477 90.000000 90.000000 90.000000
1846 51.135399 55.605656 56.916210 90.000000 90.000000 90.000000
1847 51.160049 55.632462 56.943649 90.000000 90.000000 90.000000
1848 51.298347 55.782848 57.097576 90.000000 90.000000 90.000000
1849 51.142445 55.613319 56.924053 90.000000 90.000000 90.000000
1850 51.190525 55.665600 56.977566 90.000000 90.000000 90.000000
1851 51.261604 55.742893 57.056679 90.000000 90.000000 90.000000
1852 51.215454 55.692711 57.005314 90.000000 90.000000 90.000000
1853 51.198101 55.673840 56.986000 90.000000 90.000000 90.000000
1854 51.163349 55.636051 56.947319 90.000000 90.000000 90.000000
1855 51.199432 55.675289 56.987480 90.000000 90.000000 90.000000
1856 51.187279 55.662071 56.973957 90.000000 90.000000 90.000000
1857 51.071613 55.536293 56.845211 90.000000 90.000000 90.000000
1858 51.142662 55.613556 56.924294 90.000000 90.000000 90.000000
1859 51.134079 55.604221 56.914738 90.000000 90.000000 90.000000
1860 51.183884 55.658379 56.970173 90.000000 90.000000 90.000000
1861 51.310841 55.796436 57.111485 90.000000 90.000000 90.000000
1862 51.172272 55.645752 56.957249 90.000000 90.000000 90.000000
1863 51.209946 55.686718 56.999184 90.000000 90.000000 90.000000
1864 51.230148 55.708691 57.021671 90.000000 90.000000 90.000000
1865 51.182144 55.656490 56.968239 90.000000 90.000000 90.000000
1866 51.279686 55.762558 57.076809 90.000000 90.000000 90.000000
1867 51.277756 55.760460 57.074661 90.000000 90.000000 90.000000
1868 51.288742 55.772408 57.086887 90.000000 90.000000 90.000000
1869 51.135792 55.606083 56.916645 90.000000 90.000000 90.000000
1870 51.245625 55.725517 57.038895 90.000000 90.000000 90.000000
1871 51.215672 55.692944 57.005554 90.000000 90.000000 90.000000
1872 51.297585 55.782017 57.096729 90.000000 90.000000 90.000000
1873 51.142063 55.612904 56.923626 90.000000 90.000000 90.000000
1874 51.245529 55.725414 57.038792 90.000000 90.000000 90.000000
1875 51.179241 55.653332 56.965008 90.000000 90.000000 90.000000
1876 51.219852 55.697491 57.010208 90.000000 90.000000 90.000000
1877 51.265434 55.747059 57.060947 90.000000 90.000000 90.000000
1878 51.152119 55.623837 56.934818 90.000000 90.000000 90.000000
1879 51.220940 55.698673 57.011421 90.000000 90.000000 90.000000
1880 51.111599 55.579777 56.889717 90.000000 90.000000 90.000000
1881 51.249603 55.729847 57.043324 90.000000 90.000000 90.000000
1882 51.215065 55.692287 57.004883 90.000000 90.000000 90.000000
1883 51.246407 55.726368 57.039764 90.000000 90.000000 90.000000
1884 51.158031 55.630268 56.941402 90.000000 90.000000 90.000000
1885 51.162941 55.635605 56.946865 90.000000 90.000000 90.000000
1886 51.211281 55.688171 57.000668 90.000000 90.000000 90.000000
1887 51.222023 55.699852 57.012627 90.000000 90.000000 90.000000
1888 51.135883 55.606182 56.916748 90.000000 90.000000 90.000000
1889 51.293175 55.777222 57.091820 90.000000 90.000000 90.000000
1890 51.102863 55.570274 56.879993 90.000000 90.000000 90.000000
1891 51.250946 55.731304 57.044819 90.000000 90.000000 90.000000
1892 51.259323 55.740414 57.054142 90.000000 90.000000 90.000000
1893 51.127934 55.597538 56.907902 90.000000 90.000000 90.000000
1894 51.194500 55.669926 56.981991 90.000000 90.000000 90.000000
1895 51.124897 55.594234 56.904518 90.000000 90.000000 90.000000
1896 51.175392 55.649147 56.960724 90.000000 90.000000 90.000000
1897 51.197384 55.673061 56.985203 90.000000 90.000000 90.000000
1898 51.224655 55.702713 57.015553 90.000000 90.000000 90.000000
1899 51.142563 55.613449 56.924183 90.000000 90.000000 90.000000
1900 51.150261 55.621815 56.932751 90.000000 90.000000 90.000000
1901 51.145554 55.616695 56.927509 90.000000 90.000000 90.000000
1902 51.190052 55.665089 56.977039 90.000000 90.000000 90.000000
1903 51.191826 55.667019 56.979015 90.000000 90.000000 90.000000
1904 51.098759 55.565815 56.875427 90.000000 90.000000 90.000000
1905 51.191132 55.666260 56.978241 90.000000 90.000000 90.000000
1906 51.124004 55.593266 56.903526 90.000000 90.000000 90.000000
1907 51.156239 55.628319 56.939404 90.000000 90.000000 90.000000
1908 51.213089 55.690136 57.002678 90.000000 90.000000 90.000000
1909 51.145294 55.616413 56.927219 90.000000 90.000000 90.000000
1910 51.232075 55.710781 57.023811 90.000000 90.000000 90.000000
1911 51.252872 55.733402 57.046963 90.000000 90.000000 90.000000
1912 51.251354 55.731750 57.045273 90.000000 90.000000 90.000000
1913 51.254326 55.734978 57.048580 90.000000 90.000000 90.000000
1914 51.245041 55.724884 57.038246 90.000000 90.000000 90.000000
1915 51.337883 55.825844 57.141586 90.000000 90.000000 90.000000
1916 51.210361 55.687172 56.999645 90.000000 90.000000 90.000000
1917 51.101658 55.568962 56.878651 90.000000 90.000000 90.000000
1918 51.187199 55.661983 56.973862 90.000000 90.000000 90.000000
1919 51.170422 55.643738 56.955189 90.000000 90.000000 90.000000
1920 51.200802 55.676773 56.989002 90.000000 90.000000 90.000000
1921 51.228958 55.707394 57.020344 90.000000 90.000000 90.000000
1922 51.184540 55.659092 56.970905 90.000000 90.000000 90.000000
1923 51.242413 55.722023 57.035320 90.000000 90.000000 90.000000
1924 51.067348 55.531658 56.840466 90.000000 90.000000 90.000000
1925 51.087654 55.553738 56.863068 90.000000 90.000000 90.000000
1926 51.120010 55.588924 56.899082 90.000000 90.000000 90.000000
1927 51.102661 55.570053 56.879768 90.000000 90.000000 90.000000
1928 51.259335 55.740425 57.054153 90.000000 90.000000 90.000000
1929 51.282253 55.765347 57.079662 90.000000 90.000000 90.000000
1930 51.223961 55.701962 57.014782 90.000000 90.000000 90.000000
1931 51.151268 55.622913 56.933872 90.000000 90.000000 90.000000
1932 51.073189 55.538006 56.846966 90.000000 90.000000 90.000000
1933 51.197247 55.672913 56.985050 90.000000 90.000000 90.000000
1934 51.178066 55.652054 56.963699 90.000000 90.000000 90.000000
1935 51.262177 55.743515 57.057320 90.000000 90.000000 90.000000
1936 51.187271 55.662064 56.973946 90.000000 90.000000 90.000000
1937 51.104321 55.571861 56.881618 90.000000 90.000000 90.000000
1938 51.188000 55.662857 56.974758 90.000000 90.000000 90.000000
1939 51.113106 55.581413 56.891392 90.000000 90.000000 90.000000
1940 51.127937 55.597542 56.907906 90.000000 90.000000 90.000000
1941 51.305805 55.790958 57.105877 90.000000 90.000000 90.000000
1942 51.380524 55.872211 57.189045 90.000000 90.000000 90.000000
1943 51.294426 55.778584 57.093212 90.000000 90.000000 90.000000
1944 51.190014 55.665047 56.976997 90.000000 90.000000 90.000000
1945 51.201149 55.677155 56.989391 90.000000 90.000000 90.000000
1946 51.227997 55.706348 57.019276 90.000000 90.000000 90.000000
1947 51.218224 55.695721 57.008396 90.000000 90.000000 90.000000
1948 51.263531 55.744987 57.058823 90.000000 90.000000 90.000000
1949 51.333366 55.820930 57.136559 90.000000 90.000000 90.000000
1950 51.330193 55.817478 57.133022 90.000000 90.000000 90.000000
1951 51.202030 55.678112 56.990372 90.000000 90.000000 90.000000
1952 51.155094 55.627071 56.938129 90.000000 90.000000 90.000000
1953 51.088230 55.554363 56.863708 90.000000 90.000000 90.000000
1954 51.039116 55.500954 56.809040 90.000000 90.000000 90.000000
1955 51.293106 55.777149 57.091743 90.000000 90.000000 90.000000
1956 51.228500 55.706894 57.019833 90.000000 90.000000 90.000000
1957 51.101814 55.569138 56.878830 90.000000 90.000000 90.000000
1958 51.208866 55.685543 56.997978 90.000000 90.000000 90.000000
1959 51.256908 55.737789 57.051456 90.000000 90.000000 90.000000
1960 51.283024 55.766186 57.080524 90.000000 90.000000 90.000000
1961 51.201332 55.677353 56.989597 90.000000 90.000000 90.000000
1962 51.186474 55.661198 56.973061 90.000000 90.000000 90.000000
1963 51.110249 55.578308 56.888218 90.000000 90.000000 90.000000
1964 51.102959 55.570381 56.880100 90.000000 90.000000 90.000000
1965 51.084057 55.549824 56.859062 90.000000 90.000000 90.000000
1966 51.190998 55.666115 56.978092 90.000000 90.000000 90.000000
1967 51.125919 55.595348 56.905659 90.000000 90.000000 90.000000
1968 51.269638 55.751629 57.065620 90.000000 90.000000 90.000000
1969 51.207245 55.683781 56.996178 90.000000 90.000000 90.000000
1970 51.238686 55.717972 57.031174 90.000000 90.000000 90.000000
1971 51.104546 55.572102 56.881866 90.000000 90.000000 90.000000
1972 51.136093 55.606411 56.916981 90.000000 90.000000 90.000000
1973 51.235580 55.714596 57.027718 90.000000 90.000000 90.000000
1974 51.271530 55.753689 57.067730 90.000000 90.000000 90.000000
1975 51.244209 55.723980 57.037319 90.000000 90.000000 90.000000
1976 51.161907 55.634480 56.945713 90.000000 90.000000 90.000000
1977 51.147476 55.618790 56.929653 90.000000 90.000000 90.000000
1978 51.194550 55.669975 56.982044 90.000000 90.000000 90.000000
1979 51.079037 55.544369 56.853474 90.000000 90.000000 90.000000
1980 51.223606 55.701572 57.014385 90.000000 90.000000 90.000000
1981 51.242096 55.721680 57.034966 90.000000 90.000000 90.000000
1982 51.199783 55.675671 56.987873 90.000000 90.000000 90.000000
1983 51.302868 55.787766 57.102612 90.000000 90.000000 90.000000
1984 51.229824 55.708336 57.021309 90.000000 90.000000 90.000000
1985 51.208748 55.685417 56.997849 90.000000 90.000000 90.000000
1986 51.325035 55.811871 57.127285 90.000000 90.000000 90.000000
1987 51.147385 55.618687 56.929546 90.000000 90.000000 90.000000
1988 51.227177 55.705460 57.018364 90.000000 90.000000 90.000000
1989 51.185070 55.659668 56.971493 90.000000 90.000000 90.000000
1990 51.116936 55.585579 56.895660 90.000000 90.000000 90.000000
1991 51.145706 55.616863 56.927681 90.000000 90.000000 90.000000
1992 51.148876 55.620312 56.931210 90.000000 90.000000 90.000000
1993 51.305595 55.790730 57.105644 90.000000 90.000000 90.000000
1994 51.209793 55.686554 56.999012 90.000000 90.000000 90.000000
1995 51.110363 55.578430 56.888344 90.000000 90.000000 90.000000
1996 51.088905 55.555096 56.864456 90.000000 90.000000 90.000000
1997 51.052055 55.515026 56.823441 90.000000 90.000000 90.000000
1998 51.248886 55.729065 57.042526 90.000000 90.000000 90.000000
1999 51.206856 55.683361 56.995747 90.000000 90.000000 90.000000
2000 51.152832 55.624611 56.935612 90.000000 90.000000 90.000000
2001 51.206688 55.683178 56.995560 90.000000 90.000000 90.000000
2002 51.143280 55.614227 56.924980 90.000000 90.000000 90.000000
2003 51.180801 55.655029 56.966747 90.000000 90.000000 90.000000
2004 51.041950 55.504036 56.812195 90.000000 90.000000 90.000000
2005 51.183449 55.657906 56.969688 90.000000 90.000000 90.000000
2006 51.175819 55.649612 56.961201 90.000000 90.000000 90.000000
2007 51.229313 55.707779 57.020741 90.000000 90.000000 90.000000
2008 51.113533 55.581879 56.891872 90.000000 90.000000 90.000000
2009 51.135658 55.605938 56.916496 90.000000 90.000000 90.000000
2010 51.234562 55.713490 57.026581 90.000000 90.000000 90.000000
2011 51.224030 55.702034 57.014858 90.000000 90.000000 90.000000
2012 51.246689 55.726677 57.040081 90.000000 90.000000 90.000000
2013 51.169388 55.642616 56.954041 90.000000 90.000000 90.000000
2014 51.176357 55.650196 56.961800 90.000000 90.000000 90.000000
2015 51.034550 55.495987 56.803955 90.000000 90.000000 90.000000
2016 51.191456 55.666615 56.978603 90.000000 90.000000 90.000000
2017 51.159176 55.631512 56.942673 90.000000 90.000000 90.000000
2018 51.150246 55.621799 56.932732 90.000000 90.000000 90.000000
2019 51.236309 55.715389 57.028530 90.000000 90.000000 90.000000
2020 51.187435 55.662239 56.974125 90.000000 90.000000 90.000000
2021 51.209503 55.686237 56.998692 90.000000 90.000000 90.000000
2022 51.335014 55.822723 57.138390 90.000000 90.000000 90.000000
2023 51.227497 55.705807 57.018719 90.000000 90.000000 90.000000
2024 51.240082 55.719490 57.032722 90.000000 90.000000 90.000000
2025 51.185520 55.660160 56.971996 90.000000 90.000000 90.000000
2026 51.201065 55.677063 56.989300 90.000000 90.000000 90.000000
2027 51.336224 55.824036 57.139736 90.000000 90.000000 90.000000
2028 51.232433 55.711174 57.024212 90.000000 90.000000 90.000000
2029 51.218460 55.695980 57.008663 90.000000 90.000000 90.000000
2030 51.201962 55.678040 56.990295 90.000000 90.000000 90.000000
2031 51.175243 55.648983 56.960556 90.000000 90.000000 90.000000
2032 51.142414 55.613285 56.924015 90.000000 90.000000 90.000000
2033 51.180897 55.655128 56.966846 90.000000 90.000000 90.000000
2034 51.110176 55.578228 56.888134 90.000000 90.000000 90.000000
2035 51.207661 55.684235 56.996639 90.000000 90.000000 90.000000
2036 51.129963 55.599743 56.910156 90.000000 90.000000 90.000000
2037 51.214775 55.691971 57.004555 90.000000 90.000000 90.000000
2038 51.195889 55.671432 56.983536 90.000000 90.000000 90.000000
2039 51.227631 55.705952 57.018867 90.000000 90.000000 90.000000
2040 51.231487 55.710148 57.023163 90.000000 90.000000 90.000000
2041 51.263531 55.744987 57.058823 90.000000 90.000000 90.000000
2042 51.176064 55.649876 56.961472 90.000000 90.000000 90.000000
2043 51.173866 55.647488 56.959026 90.000000 90.000000 90.000000
2044 51.253609 55.734200 57.047783 90.000000 90.000000 90.000000
2045 51.168430 55.641575 56.952972 90.000000 90.000000 90.000000
2046 51.209171 55.685875 56.998318 90.000000 90.000000 90.000000
2047 51.365788 55.856186 57.172642 90.000000 90.000000 90.000000
2048 51.162418 55.635036 56.946281 90.000000 90.000000 90.000000
2049 51.235588 55.714603 57.027725 90.000000 90.000000 90.000000
2050 51.208405 55.685047 56.997471 90.000000 90.000000 90.000000
2051 51.079071 55.544403 56.853512 90.000000 90.000000 90.000000
2052 51.140934 55.611675 56.922371 90.000000 90.000000 90.000000
2053 51.267174 55.748951 57.062881 90.000000 90.000000 90.000000
2054 51.188686 55.663601 56.975521 90.000000 90.000000 90.000000
2055 51.282799 55.765942 57.080273 90.000000 90.000000 90.000000
2056 51.028645 55.489571 56.797386 90.000000 90.000000 90.000000
2057 51.159473 55.631836 56.943005 90.000000 90.000000 90.000000
2058 51.247566 55.727631 57.041058 90.000000 90.000000 90.000000
2059 51.203362 55.679558 56.991852 90.000000 90.000000 90.000000
2060 51.075523 55.540546 56.849564 90.000000 90.000000 90.000000
2061 51.218281 55.695782 57.008457 90.000000 90.000000 90.000000
2062 51.213737 55.690845 57.003407 90.000000 90.000000 90.000000
2063 51.162441 55.635063 56.946312 90.000000 90.000000 90.000000
2064 51.236561 55.715664 57.028809 90.000000 90.000000 90.000000
2065 51.244724 55.724537 57.037891 90.000000 90.000000 90.000000
2066 51.208172 55.684792 56.997208 90.000000 90.000000 90.000000
2067 51.222691 55.700581 57.013371 90.000000 90.000000 90.000000
2068 51.166149 55.639095 56.950436 90.000000 90.000000 90.000000
2069 51.182556 55.656937 56.968697 90.000000 90.000000 90.000000
2070 51.208061 55.684669 56.997086 90.000000 90.000000 90.000000
2071 51.037006 55.498661 56.806694 90.000000 90.000000 90.000000
2072 51.165722 55.638630 56.949959 90.000000 90.000000 90.000000
2073 51.173054 55.646603 56.958122 90.000000 90.000000 90.000000
2074 51.184628 55.659187 56.971001 90.000000 90.000000 90.000000
2075 51.210815 55.687668 57.000153 90.000000 90.000000 90.000000
2076 51.170406 55.643723 56.955170 90.000000 90.000000 90.000000
2077 51.251183 55.731564 57.045082 90.000000 90.000000 90.000000
2078 51.129528 55.599274 56.909676 90.000000 90.000000 90.000000
2079 51.281857 55.764915 57.079224 90.000000 90.000000 90.000000
2080 51.303001 55.787910 57.102757 90.000000 90.000000 90.000000
2081 51.232952 55.711739 57.024792 90.000000 90.000000 90.000000
2082 51.218071 55.695557 57.008228 90.000000 90.000000 90.000000
2083 51.120152 55.589073 56.899235 90.000000 90.000000 90.000000
2084 51.381886 55.873692 57.190559 90.000000 90.000000 90.000000
2085 51.217468 55.694901 57.007557 90.000000 90.000000 90.000000
2086 51.193535 55.668873 56.980915 90.000000 90.000000 90.000000
2087 51.212486 55.689484 57.002010 90.000000 90.000000 90.000000
2088 51.224987 55.703075 57.015923 90.000000 90.000000 90.000000
2089 51.162205 55.634804 56.946045 90.000000 90.000000 90.000000
2090 51.192116 55.667332 56.979336 90.000000 90.000000 90.000000
2091 51.293827 55.777935 57.092548 90.000000 90.000000 90.000000
2092 51.146709 55.617954 56.928795 90.000000 90.000000 90.000000
2093 51.289215 55.772919 57.087414 90.000000 90.000000 90.000000
2094 51.259361 55.740452 57.054184 90.000000 90.000000 90.000000
2095 51.198380 55.674141 56.986309 90.000000 90.000000 90.000000
2096 51.271950 55.754143 57.068195 90.000000 90.000000 90.000000
2097 51.269905 55.751923 57.065922 90.000000 90.000000 90.000000
2098 51.385788 55.877934 57.194901 90.000000 90.000000 90.000000
2099 51.163208 55.635895 56.947159 90.000000 90.000000 90.000000
2100 51.221523 55.699306 57.012070 90.000000 90.000000 90.000000
2101 51.186665 55.661404 56.973270 90.000000 90.000000 90.000000
2102 51.113228 55.581547 56.891529 90.000000 90.000000 90.000000
2103 51.118015 55.586754 56.896862 90.000000 90.000000 90.000000
2104 51.269356 55.751324 57.065308 90.000000 90.000000 90.000000
2105 51.289288 55.772995 57.087494 90.000000 90.000000 90.000000
2106 51.177204 55.651115 56.962742 90.000000 90.000000 90.000000
2107 51.148026 55.619385 56.930264 90.000000 90.000000 90.000000
2108 51.196655 55.672268 56.984390 90.000000 90.000000 90.000000
2109 51.184868 55.659447 56.971268 90.000000 90.000000 90.000000
2110 51.233425 55.712254 57.025318 90.000000 90.000000 90.000000
2111 51.236130 55.715191 57.028324 90.000000 90.000000 90.000000
2112 51.200611 55.676567 56.988792 90.000000 90.000000 90.000000
2113 51.116314 55.584904 56.894966 90.000000 90.000000 90.000000
2114 51.256603 55.737457 57.051117 90.000000 90.000000 90.000000
2115 51.109447 55.577438 56.887325 90.000000 90.000000 90.000000
2116 51.167904 55.640999 56.952385 90.000000 90.000000 90.000000
2117 51.138165 55.608665 56.919289 90.000000 90.000000 90.000000
2118 51.091049 55.557426 56.866844 90.000000 90.000000 90.000000
2119 51.203274 55.679462 56.991756 90.000000 90.000000 90.000000
2120 51.198174 55.673920 56.986080 90.000000 90.000000 90.000000
2121 51.194321 55.669731 56.981792 90.000000 90.000000 90.000000
2122 51.133465 55.603550 56.914055 90.000000 90.000000 90.000000
2123 51.227730 55.706059 57.018978 90.000000 90.000000 90.000000
2124 51.111210 55.579353 56.889286 90.000000 90.000000 90.000000
2125 51.145489 55.616631 56.927441 90.000000 90.000000 90.000000
2126 51.263767 55.745247 57.059090 90.000000 90.000000 90.000000
2127 51.116924 55.585567 56.895645 90.000000 90.000000 90.000000
2128 51.127300 55.596851 56.907196 90.000000 90.000000 90.000000
2129 51.172626 55.646141 56.957645 90.000000 90.000000 90.000000
2130 51.234409 55.713322 57.026413 90.000000 90.000000 90.000000
2131 51.055912 55.519222 56.827736 90.000000 90.000000 90.000000
2132 51.256977 55.737862 57.051529 90.000000 90.000000 90.000000
2133 51.126190 55.595642 56.905960 90.000000 90.000000 90.000000
2134 51.208565 55.685219 56.997646 90.000000 90.000000 90.000000
2135 51.268154 55.750019 57.063972 90.000000 90.000000 90.000000
2136 51.182060 55.656395 56.968143 90.000000 90.000000 90.000000
2137 51.208740 55.685410 56.997841 90.000000 90.000000 90.000000
2138 51.162041 55.634628 56.945862 90.000000 90.000000 90.000000
2139 51.110504 55.578587 56.888500 90.000000 90.000000 90.000000
2140 51.139500 55.610115 56.920773 90.000000 90.000000 90.000000
2141 50.987591 55.444923 56.751690 90.000000 90.000000 90.000000
2142 51.211014 55.687881 57.000370 90.000000 90.000000 90.000000
2143 51.275681 55.758198 57.072346 90.000000 90.000000 90.000000
2144 51.120945 55.589935 56.900120 90.000000 90.000000 90.000000
2145 51.174919 55.648628 56.960194 90.000000 90.000000 90.000000
2146 51.196400 55.671989 56.984104 90.000000 90.000000 90.000000
2147 51.265697 55.747345 57.061237 90.000000 90.000000 90.000000
2148 51.185173 55.659782 56.971611 90.000000 90.000000 90.000000
2149 51.219521 55.697132 57.009842 90.000000 90.000000 90.000000
2150 51.184422 55.658966 56.970776 90.000000 90.000000 90.000000
2151 51.201717 55.677773 56.990025 90.000000 90.000000 90.000000
2152 51.134403 55.604576 56.915100 90.000000 90.000000 90.000000
2153 51.119164 55.588001 56.898136 90.000000 90.000000 90.000000
2154 51.140259 55.610939 56.921616 90.000000 90.000000 90.000000
2155 51.112968 55.581264 56.891243 90.000000 90.000000 90.000000
2156 51.222809 55.700710 57.013500 90.000000 90.000000 90.000000
2157 51.251976 55.732426 57.045963 90.000000 90.000000 90.000000
2158 51.304554 55.789600 57.104488 90.000000 90.000000 90.000000
2159 51.186779 55.661530 56.973400 90.000000 90.000000 90.000000
2160 51.273510 55.755840 57.069931 90.000000 90.000000 90.000000
2161 51.210384 55.687195 56.999668 90.000000 90.000000 90.000000
2162 51.186451 55.661171 56.973030 90.000000 90.000000 90.000000
2163 51.210949 55.687813 57.000301 90.000000 90.000000 90.000000
2164 51.420025 55.915165 57.233013 90.000000 90.000000 90.000000
2165 51.243530 55.723240 57.036564 90.000000 90.000000 90.000000
2166 51.164688 55.637505 56.948807 90.000000 90.000000 90.000000
2167 51.179813 55.653954 56.965645 90.000000 90.000000 90.000000
2168 51.293953 55.778072 57.092686 90.000000 90.000000 90.000000
2169 51.280609 55.763561 57.077835 90.000000 90.000000 90.000000
2170 51.204826 55.681156 56.993488 90.000000 90.000000 90.000000
2171 51.180420 55.654610 56.966316 90.000000 90.000000 90.000000
2172 51.164471 55.637268 56.948566 90.000000 90.000000 90.000000
2173 51.312996 55.798779 57.113884 90.000000 90.000000 90.000000
2174 51.086353 55.552322 56.861618 90.000000 90.000000 90.000000
2175 51.244972 55.724808 57.038166 90.000000 90.000000 90.000000
2176 51.265575 55.747211 57.061104 90.000000 90.000000 90.000000
2177 51.185669 55.660320 56.972164 90.000000 90.000000 90.000000
2178 51.225731 55.703888 57.016754 90.000000 90.000000 90.000000
2179 51.151558 55.623230 56.934196 90.000000 90.000000 90.000000
2180 51.247242 55.727276 57.040695 90.000000 90.000000 90.000000
2181 51.163300 55.635994 56.947262 90.000000 90.000000 90.000000
2182 51.269920 55.751934 57.065937 90.000000 90.000000 90.000000
2183 51.260220 55.741390 57.055141 90.000000 90.000000 90.000000
2184 51.221115 55.698864 57.011616 90.000000 90.000000 90.000000
2185 51.159805 55.632195 56.943375 90.000000 90.000000 90.000000
2186 51.184383 55.658924 56.970734 90.000000 90.000000 90.000000
2187 51.145851 55.617020 56.927841 90.000000 90.000000 90.000000
2188 51.210487 55.687305 56.999783 90.000000 90.000000 90.000000
2189 51.258171 55.739162 57.052860 90.000000 90.000000 90.000000
2190 51.242008 55.721584 57.034870 90.000000 90.000000 90.000000
2191 51.106106 55.573803 56.883606 90.000000 90.000000 90.000000
2192 51.207737 55.684319 56.996723 90.000000 90.000000 90.000000
2193 51.361099 55.851086 57.167423 90.000000 90.000000 90.000000
2194 51.228252 55.706627 57.019562 90.000000 90.000000 90.000000
2195 51.211006 55.687874 57.000362 90.000000 90.000000 90.000000
2196 51.257092 55.737988 57.051659 90.000000 90.000000 90.000000
2197 51.257050 55.737942 57.051613 90.000000 90.000000 90.000000
2198 51.155293 55.627289 56.938351 90.000000 90.000000 90.000000
2199 51.198586 55.674366 56.986538 90.000000 90.000000 90.000000
2200 51.319744 55.806118 57.121395 90.000000 90.000000 90.000000
2201 51.281593 55.764633 57.078930 90.000000 90.000000 90.000000
2202 51.156685 55.628803 56.939899 90.000000 90.000000 90.000000
2203 51.322521 55.809135 57.124485 90.000000 90.000000 90.000000
2204 51.213619 55.690712 57.003269 90.000000 90.000000 90.000000
2205 51.098862 55.565926 56.875542 90.000000 90.000000 90.000000
2206 51.152599 55.624359 56.935356 90.000000 90.000000 90.000000
2207 51.176224 55.650047 56.961647 90.000000 90.000000 90.000000
2208 51.290054 55.773834 57.088348 90.000000 90.000000 90.000000
2209 51.258072 55.739052 57.052750 90.000000 90.000000 90.000000
2210 51.258392 55.739399 57.053104 90.000000 90.000000 90.000000
2211 51.175533 55.649300 56.960880 90.000000 90.000000 90.000000
2212 51.254082 55.734715 57.048309 90.000000 90.000000 90.000000
2213 51.190754 55.665852 56.977821 90.000000 90.000000 90.000000
2214 51.188301 55.663181 56.975090 90.000000 90.000000 90.000000
2215 51.236984 55.716122 57.029278 90.000000 90.000000 90.000000
2216 51.224304 55.702335 57.015167 90.000000 90.000000 90.000000
2217 51.185589 55.660233 56.972073 90.000000 90.000000 90.000000
2218 51.213200 55.690258 57.002804 90.000000 90.000000 90.000000
2219 51.185524 55.660164 56.972000 90.000000 90.000000 90.000000
2220 51.299290 55.783875 57.098629 90.000000 90.000000 90.000000
2221 51.130882 55.600742 56.911179 90.000000 90.000000 90.000000
2222 51.175098 55.648827 56.960396 90.000000 90.000000 90.000000
2223 51.119907 55.588814 56.898968 90.000000 90.000000 90.000000
2224 51.215485 55.692741 57.005348 90.000000 90.000000 90.000000
2225 51.303852 55.788834 57.103703 90.000000 90.000000 90.000000
2226 51.129795 55.599564 56.909973 90.000000 90.000000 90.000000
2227 51.255978 55.736774 57.050419 90.000000 90.000000 90.000000
2228 51.162983 55.635651 56.946911 90.000000 90.000000 90.000000
2229 51.281040 55.764027 57.078312 90.000000 90.000000 90.000000
2230 51.338081 55.826054 57.141804 90.000000 90.000000 90.000000
2231 51.292500 55.776489 57.091068 90.000000 90.000000 90.000000
2232 51.132019 55.601982 56.912449 90.000000 90.000000 90.000000
2233 51.269749 55.751751 57.065746 90.000000 90.000000 90.000000
2234 51.250240 55.730537 57.044033 90.000000 90.000000 90.000000
2235 51.299694 55.784313 57.099079 90.000000 90.000000 90.000000
2236 51.179302 55.653397 56.965073 90.000000 90.000000 90.000000
2237 51.202599 55.678730 56.991005 90.000000 90.000000 90.000000
2238 51.263573 55.745033 57.058868 90.000000 90.000000 90.000000
2239 51.088192 55.554321 56.863663 90.000000 90.000000 90.000000
2240 51.054050 55.517197 56.825665 90.000000 90.000000 90.000000
2241 51.234764 55.713711 57.026810 90.000000 90.000000 90.000000
2242 51.213566 55.690655 57.003212 90.000000 90.000000 90.000000
2243 51.089901 55.556179 56.865566 90.000000 90.000000 90.000000
2244 51.217438 55.694866 57.007523 90.000000 90.000000 90.000000
2245 51.168625 55.641788 56.953190 90.000000 90.000000 90.000000
2246 51.230556 55.709133 57.022125 90.000000 90.000000 90.000000
2247 51.234180 55.713074 57.026157 90.000000 90.000000 90.000000
2248 51.200729 55.676697 56.988926 90.000000 90.000000 90.000000
2249 51.034954 55.496433 56.804409 90.000000 90.000000 90.000000
2250 51.214687 55.691875 57.004459 90.000000 90.000000 90.000000
2251 51.249725 55.729977 57.043461 90.000000 90.000000 90.000000
2252 51.134609 55.604797 56.915329 90.000000 90.000000 90.000000
2253 51.151226 55.622868 56.933826 90.000000 90.000000 90.000000
2254 51.188454 55.663349 56.975262 90.000000 90.000000 90.000000
2255 51.366230 55.856667 57.173134 90.000000 90.000000 90.000000
2256 51.196468 55.672062 56.984180 90.000000 90.000000 90.000000
2257 51.203629 55.679852 56.992153 90.000000 90.000000 90.000000
2258 51.279957 55.762852 57.077110 90.000000 90.000000 90.000000
2259 51.145023 55.616123 56.926922 90.000000 90.000000 90.000000
2260 51.218121 55.695610 57.008282 90.000000 90.000000 90.000000
2261 51.286613 55.770088 57.084518 90.000000 90.000000 90.000000
2262 51.043526 55.505753 56.813950 90.000000 90.000000 90.000000
2263 51.205097 55.681446 56.993786 90.000000 90.000000 90.000000
2264 51.350185 55.839218 57.155273 90.000000 90.000000 90.000000
2265 51.159004 55.631325 56.942482 90.000000 90.000000 90.000000
2266 51.131687 55.601620 56.912075 90.000000 90.000000 90.000000
2267 51.193794 55.669159 56.981205 90.000000 90.000000 90.000000
2268 51.186817 55.661568 56.973438 90.000000 90.000000 90.000000
2269 51.110600 55.578690 56.888607 90.000000 90.000000 90.000000
2270 51.283463 55.766663 57.081013 90.000000 90.000000 90.000000
2271 51.086296 55.552261 56.861553 90.000000 90.000000 90.000000
2272 51.172585 55.646091 56.957600 90.000000 90.000000 90.000000
2273 51.296974 55.781353 57.096046 90.000000 90.000000 90.000000
2274 51.080276 55.545715 56.854855 90.000000 90.000000 90.000000
2275 51.221367 55.699139 57.011894 90.000000 90.000000 90.000000
2276 51.244053 55.723808 57.037148 90.000000 90.000000 90.000000
2277 51.142342 55.613205 56.923939 90.000000 90.000000 90.000000
2278 51.100800 55.568031 56.877697 90.000000 90.000000 90.000000
2279 51.281197 55.764198 57.078487 90.000000 90.000000 90.000000
2280 51.201939 55.678013 56.990269 90.000000 90.000000 90.000000
2281 51.181263 55.655529 56.967258 90.000000 90.000000 90.000000
2282 51.188496 55.663395 56.975307 90.000000 90.000000 90.000000
2283 51.119766 55.588654 56.898808 90.000000 90.000000 90.000000
2284 51.255173 55.735897 57.049522 90.000000 90.000000 90.000000
2285 51.253696 55.734295 57.047878 90.000000 90.000000 90.000000
2286 51.129890 55.599663 56.910076 90.000000 90.000000 90.000000
2287 51.173054 55.646603 56.958118 90.000000 90.000000 90.000000
2288 51.145489 55.616627 56.927437 90.000000 90.000000 90.000000
2289 51.135040 55.605267 56.915810 90.000000 90.000000 90.000000
2290 51.216057 55.693367 57.005985 90.000000 90.000000 90.000000
2291 51.120457 55.589405 56.899578 90.000000 90.000000 90.000000
2292 51.169296 55.642517 56.953938 90.000000 90.000000 90.000000
2293 51.166718 55.639713 56.951069 90.000000 90.000000 90.000000
2294 51.203987 55.680241 56.992550 90.000000 90.000000 90.000000
2295 51.094818 55.561527 56.871040 90.000000 90.000000 90.000000
2296 51.160820 55.633301 56.944504 90.000000 90.000000 90.000000
2297 51.259846 55.740982 57.054722 90.000000 90.000000 90.000000
2298 51.149109 55.620564 56.931469 90.000000 90.000000 90.000000
2299 51.302052 55.786877 57.101700 90.000000 90.000000 90.000000
2300 51.191006 55.666126 56.978104 90.000000 90.000000 90.000000
2301 51.113377 55.581707 56.891697 90.000000 90.000000 90.000000
2302 51.129707 55.599468 56.909874 90.000000 90.000000 90.000000
2303 51.124622 55.593937 56.904217 90.000000 90.000000 90.000000
2304 51.220730 55.698448 57.011189 90.000000 90.000000 90.000000
2305 51.098549 55.565582 56.875191 90.000000 90.000000 90.000000
2306 51.218681 55.696220 57.008907 90.000000 90.000000 90.000000
2307 51.178337 55.652348 56.964001 90.000000 90.000000 90.000000
2308 51.048893 55.511589 56.819923 90.000000 90.000000 90.000000
2309 51.168125 55.641243 56.952633 90.000000 90.000000 90.000000
2310 51.239883 55.719273 57.032505 90.000000 90.000000 90.000000
2311 51.173599 55.647194 56.958729 90.000000 90.000000 90.000000
2312 51.223423 55.701374 57.014183 90.000000 90.000000 90.000000
2313 51.234394 55.713303 57.026394 90.000000 90.000000 90.000000
2314 51.164238 55.637016 56.948311 90.000000 90.000000 90.000000
2315 51.180103 55.654270 56.965965 90.000000 90.000000 90.000000
2316 51.197689 55.673393 56.985542 90.000000 90.000000 90.000000
2317 51.255795 55.736576 57.050217 90.000000 90.000000 90.000000
2318 51.215775 55.693058 57.005669 90.000000 90.000000 90.000000
2319 51.086365 55.552338 56.861633 90.000000 90.000000 90.000000
2320 51.156296 55.628376 56.939465 90.000000 90.000000 90.000000
2321 51.198467 55.674240 56.986408 90.000000 90.000000 90.000000
2322 51.104706 55.572281 56.882046 90.000000 90.000000 90.000000
2323 51.253399 55.733971 57.047546 90.000000 90.000000 90.000000
2324 51.163483 55.636196 56.947468 90.000000 90.000000 90.000000
2325 51.202892 55.679047 56.991329 90.000000 90.000000 90.000000
2326 51.300220 55.784885 57.099663 90.000000 90.000000 90.000000
2327 51.150043 55.621582 56.932510 90.000000 90.000000 90.000000
2328 51.196770 55.672394 56.984520 90.000000 90.000000 90.000000
2329 51.400047 55.893440 57.210777 90.000000 90.000000 90.000000
2330 51.185791 55.660454 56.972298 90.000000 90.000000 90.000000
2331 51.197071 55.672722 56.984856 90.000000 90.000000 90.000000
2332 51.307816 55.793144 57.108116 90.000000 90.000000 90.000000
2333 51.218811 55.696362 57.009052 90.000000 90.000000 90.000000
2334 51.261433 55.742706 57.056488 90.000000 90.000000 90.000000
2335 51.149185 55.620651 56.931557 90.000000 90.000000 90.000000
2336 51.167099 55.640129 56.951492 90.000000 90.000000 90.000000
2337 51.254879 55.735584 57.049198 90.000000 90.000000 90.000000
2338 51.291973 55.775917 57.090481 90.000000 90.000000 90.000000
2339 51.226715 55.704956 57.017849 90.000000 90.000000 90.000000
2340 51.138451 55.608974 56.919605 90.000000 90.000000 90.000000
2341 51.212437 55.689426 57.001953 90.000000 90.000000 90.000000
2342 51.202316 55.678425 56.990692 90.000000 90.000000 90.000000
2343 51.154289 55.626198 56.937233 90.000000 90.000000 90.000000
2344 51.225826 55.703991 57.016861 90.000000 90.000000 90.000000
2345 51.232010 55.710712 57.023743 90.000000 90.000000 90.000000
2346 51.206947 55.683460 56.995846 90.000000 90.000000 90.000000
2347 51.186729 55.661476 56.973343 90.000000 90.000000 90.000000
2348 51.273895 55.756256 57.070358 90.000000 90.000000 90.000000
2349 51.133572 55.603668 56.914173 90.000000 90.000000 90.000000
2350 51.094513 55.561195 56.870701 90.000000 90.000000 90.000000
2351 51.256115 55.736923 57.050571 90.000000 90.000000 90.000000
2352 51.180458 55.654652 56.966358 90.000000 90.000000 90.000000
2353 51.190487 55.665558 56.977524 90.000000 90.000000 90.000000
2354 51.169689 55.642944 56.954376 90.000000 90.000000 90.000000
2355 51.080833 55.546322 56.855476 90.000000 90.000000 90.000000
2356 51.185921 55.660595 56.972443 90.000000 90.000000 90.000000
2357 51.065678 55.529839 56.838604 90.000000 90.000000 90.000000
2358 51.215477 55.692734 57.005337 90.000000 90.000000 90.000000
2359 51.118931 55.587746 56.897877 90.000000 90.000000 90.000000
2360 51.309238 55.794693 57.109699 90.000000 90.000000 90.000000
2361 51.169243 55.642456 56.953876 90.000000 90.000000 90.000000
2362 51.146622 55.617859 56.928699 90.000000 90.000000 90.000000
2363 51.131577 55.601498 56.911953 90.000000 90.000000 90.000000
2364 51.226143 55.704330 57.017208 90.000000 90.000000 90.000000
2365 51.063286 55.527237 56.835941 90.000000 90.000000 90.000000
2366 51.155579 55.627598 56.938667 90.000000 90.000000 90.000000
2367 51.202934 55.679096 56.991379 90.000000 90.000000 90.000000
2368 51.245354 55.725224 57.038593 90.000000 90.000000 90.000000
2369 51.270687 55.752769 57.066792 90.000000 90.000000 90.000000
2370 51.109692 55.577702 56.887596 90.000000 90.000000 90.000000
2371 51.285282 55.768642 57.083038 90.000000 90.000000 90.000000
2372 51.341320 55.829578 57.145409 90.000000 90.000000 90.000000
2373 51.183643 55.658115 56.969906 90.000000 90.000000 90.000000
2374 51.106697 55.574448 56.884262 90.000000 90.000000 90.000000
2375 51.143932 55.614937 56.925705 90.000000 90.000000 90.000000
2376 51.155800 55.627838 56.938915 90.000000 90.000000 90.000000
2377 51.232071 55.710781 57.023811 90.000000 90.000000 90.000000
2378 51.318199 55.804440 57.119675 90.000000 90.000000 90.000000
2379 51.039970 55.501884 56.809990 90.000000 90.000000 90.000000
2380 51.221680 55.699478 57.012241 90.000000 90.000000 90.000000
2381 51.062283 55.526150 56.834827 90.000000 90.000000 90.000000
2382 51.214279 55.691429 57.004005 90.000000 90.000000 90.000000
2383 51.091808 55.558258 56.867691 90.000000 90.000000 90.000000
2384 51.194405 55.669819 56.981884 90.000000 90.000000 90.000000
2385 51.193867 55.669235 56.981289 90.000000 90.000000 90.000000
2386 51.225883 55.704052 57.016922 90.000000 90.000000 90.000000
2387 51.194862 55.670315 56.982391 90.000000 90.000000 90.000000
2388 51.175983 55.649788 56.961380 90.000000 90.000000 90.000000
2389 51.126907 55.596420 56.906757 90.000000 90.000000 90.000000
2390 51.221066 55.698811 57.011559 90.000000 90.000000 90.000000
2391 51.068951 55.533398 56.842247 90.000000 90.000000 90.000000
2392 51.086384 55.552357 56.861652 90.000000 90.000000 90.000000
2393 51.202675 55.678814 56.991093 90.000000 90.000000 90.000000
2394 51.087826 55.553925 56.863258 90.000000 90.000000 90.000000
2395 51.175037 55.648762 56.960327 90.000000 90.000000 90.000000
2396 51.117718 55.586430 56.896530 90.000000 90.000000 90.000000
2397 51.114170 55.582573 56.892578 90.000000 90.000000 90.000000
2398 51.140221 55.610897 56.921574 90.000000 90.000000 90.000000
2399 51.174110 55.647751 56.959297 90.000000 90.000000 90.000000
2400 51.198769 55.674564 56.986740 90.000000 90.000000 90.000000
2401 51.245476 55.725357 57.038731 90.000000 90.000000 90.000000
2402 51.131542 55.601460 56.911915 90.000000 90.000000 90.000000
2403 51.125595 55.594997 56.905296 90.000000 90.000000 90.000000
2404 51.146027 55.617214 56.928040 90.000000 90.000000 90.000000
2405 51.296452 55.780788 57.095470 90.000000 90.000000 90.000000
2406 51.173294 55.646866 56.958389 90.000000 90.000000 90.000000
2407 51.237381 55.716553 57.029720 90.000000 90.000000 90.000000
2408 51.098038 55.565029 56.874626 90.000000 90.000000 90.000000
2409 51.013390 55.472980 56.780403 90.000000 90.000000 90.000000
2410 51.229057 55.707500 57.020454 90.000000 90.000000 90.000000
2411 51.196953 55.672592 56.984722 90.000000 90.000000 90.000000
2412 51.187832 55.662674 56.974571 90.000000 90.000000 90.000000
2413 51.256275 55.737099 57.050747 90.000000 90.000000 90.000000
2414 51.261227 55.742481 57.056259 90.000000 90.000000 90.000000
2415 51.206795 55.683292 56.995674 90.000000 90.000000 90.000000
2416 51.235786 55.714821 57.027946 90.000000 90.000000 90.000000
2417 51.247536 55.727592 57.041019 90.000000 90.000000 90.000000
2418 51.241600 55.721142 57.034416 90.000000 90.000000 90.000000
2419 51.170963 55.644329 56.955795 90.000000 90.000000 90.000000
2420 51.225899 55.704067 57.016941 90.000000 90.000000 90.000000
2421 51.089546 55.555794 56.865173 90.000000 90.000000 90.000000
2422 51.217514 55.694950 57.007607 90.000000 90.000000 90.000000
2423 51.153923 55.625801 56.936829 90.000000 90.000000 90.000000
2424 51.235416 55.714420 57.027534 90.000000 90.000000 90.000000
2425 51.189396 55.664375 56.976311 90.000000 90.000000 90.000000
2426 51.241856 55.721420 57.034702 90.000000 90.000000 90.000000
2427 51.190769 55.665867 56.977837 90.000000 90.000000 90.000000
2428 51.177032 55.650928 56.962547 90.000000 90.000000 90.000000
2429 51.016087 55.475914 56.783409 90.000000 90.000000 90.000000
2430 51.167305 55.640354 56.951725 90.000000 90.000000 90.000000
2431 51.182251 55.656605 56.968357 90.000000 90.000000 90.000000
2432 51.217728 55.695183 57.007843 90.000000 90.000000 90.000000
2433 51.268810 55.750732 57.064705 90.000000 90.000000 90.000000
2434 51.233387 55.712212 57.025272 90.000000 90.000000 90.000000
2435 51.188633 55.663544 56.975464 90.000000 90.000000 90.000000
2436 51.199051 55.674873 56.987057 90.000000 90.000000 90.000000
2437 51.178329 55.652340 56.963993 90.000000 90.000000 90.000000
2438 51.157047 55.629196 56.940304 90.000000 90.000000 90.000000
2439 51.158627 55.630913 56.942059 90.000000 90.000000 90.000000
2440 51.257607 55.738544 57.052231 90.000000 90.000000 90.000000
2441 51.138977 55.609550 56.920193 90.000000 90.000000 90.000000
2442 51.112659 55.580929 56.890900 90.000000 90.000000 90.000000
2443 51.154186 55.626083 56.937119 90.000000 90.000000 90.000000
2444 51.289139 55.772835 57.087326 90.000000 90.000000 90.000000
2445 51.177963 55.651939 56.963581 90.000000 90.000000 90.000000
2446 51.147583 55.618904 56.929768 90.000000 90.000000 90.000000
2447 51.211689 55.688614 57.001122 90.000000 90.000000 90.000000
2448 51.283989 55.767235 57.081596 90.000000 90.000000 90.000000
2449 51.220234 55.697910 57.010635 90.000000 90.000000 90.000000
2450 51.226887 55.705139 57.018036 90.000000 90.000000 90.000000
2451 51.179497 55.653610 56.965294 90.000000 90.000000 90.000000
2452 51.116913 55.585552 56.895630 90.000000 90.000000 90.000000
2453 51.299862 55.784496 57.099266 90.000000 90.000000 90.000000
2454 51.289635 55.773373 57.087879 90.000000 90.000000 90.000000
2455 51.148159 55.619530 56.930412 90.000000 90.000000 90.000000
2456 51.134850 55.605057 56.915596 90.000000 90.000000 90.000000
2457 51.134399 55.604572 56.915096 90.000000 90.000000 90.000000
2458 51.102783 55.570187 56.879906 90.000000 90.000000 90.000000
2459 51.186653 55.661392 56.973255 90.000000 90.000000 90.000000
2460 51.256413 55.737247 57.050903 90.000000 90.000000 90.000000
2461 51.155163 55.627148 56.938210 90.000000 90.000000 90.000000
2462 51.195232 55.670719 56.982807 90.000000 90.000000 90.000000
2463 51.146343 55.617558 56.928391 90.000000 90.000000 90.000000
2464 51.315544 55.801548 57.116718 90.000000 90.000000 90.000000
2465 51.291248 55.775127 57.089676 90.000000 90.000000 90.000000
2466 51.189842 55.664860 56.976807 90.000000 90.000000 90.000000
2467 51.158596 55.630882 56.942028 90.000000 90.000000 90.000000
2468 51.132816 55.602848 56.913334 90.000000 90.000000 90.000000
2469 51.165726 55.638634 56.949963 90.000000 90.000000 90.000000
2470 51.260769 55.741985 57.055752 90.000000 90.000000 90.000000
2471 51.241131 55.720631 57.033894 90.000000 90.000000 90.000000
2472 51.252808 55.733326 57.046886 90.000000 90.000000 90.000000
2473 51.221489 55.699268 57.012028 90.000000 90.000000 90.000000
2474 51.116894 55.585533 56.895615 90.000000 90.000000 90.000000
2475 51.124771 55.594097 56.904377 90.000000 90.000000 90.000000
2476 51.118290 55.587051 56.897167 90.000000 90.000000 90.000000
2477 51.180954 55.655193 56.966915 90.000000 90.000000 90.000000
2478 51.296196 55.780510 57.095184 90.000000 90.000000 90.000000
2479 51.214218 55.691364 57.003937 90.000000 90.000000 90.000000
2480 51.246662 55.726646 57.040051 90.000000 90.000000 90.000000
2481 51.229427 55.707905 57.020870 90.000000 90.000000 90.000000
2482 51.159733 55.632114 56.943291 90.000000 90.000000 90.000000
2483 51.202850 55.679001 56.991283 90.000000 90.000000 90.000000
2484 51.250042 55.730324 57.043812 90.000000 90.000000 90.000000
2485 51.210285 55.687088 56.999561 90.000000 90.000000 90.000000
2486 51.144588 55.615646 56.926434 90.000000 90.000000 90.000000
2487 51.183544 55.658009 56.969795 90.000000 90.000000 90.000000
2488 51.139389 55.609997 56.920650 90.000000 90.000000 90.000000
2489 51.160645 55.633106 56.944305 90.000000 90.000000 90.000000
2490 51.260021 55.741173 57.054920 90.000000 90.000000 90.000000
2491 51.142731 55.613628 56.924370 90.000000 90.000000 90.000000
2492 51.172436 55.645931 56.957436 90.000000 90.000000 90.000000
2493 51.329983 55.817253 57.132790 90.000000 90.000000 90.000000
2494 51.121025 55.590027 56.900211 90.000000 90.000000 90.000000
2495 51.101620 55.568920 56.878609 90.000000 90.000000 90.000000
2496 51.200798 55.676773 56.988998 90.000000 90.000000 90.000000
2497 51.175808 55.649597 56.961185 90.000000 90.000000 90.000000
2498 51.098255 55.565266 56.874866 90.000000 90.000000 90.000000
2499 51.187138 55.661915 56.973793 90.000000 90.000000 90.000000
2500 51.249683 55.729931 57.043411 90.000000 90.000000 90.000000
2501 51.256760 55.737625 57.051289 90.000000 90.000000 90.000000
2502 51.117794 55.586514 56.896614 90.000000 90.000000 90.000000
2503 51.240101 55.719513 57.032749 90.000000 90.000000 90.000000
2504 51.194683 55.670124 56.982197 90.000000 90.000000 90.000000
2505 51.197487 55.673172 56.985313 90.000000 90.000000 90.000000
2506 51.196835 55.672462 56.984589 90.000000 90.000000 90.000000
2507 51.229931 55.708450 57.021427 90.000000 90.000000 90.000000
2508 51.264484 55.746029 57.059887 90.000000 90.000000 90.000000
2509 51.184830 55.659409 56.971226 90.000000 90.000000 90.000000
2510 51.179291 55.653385 56.965061 90.000000 90.000000 90.000000
2511 51.184319 55.658852 56.970657 90.000000 90.000000 90.000000
2512 51.253452 55.734032 57.047611 90.000000 90.000000 90.000000
2513 51.227451 55.705753 57.018665 90.000000 90.000000 90.000000
2514 51.091797 55.558243 56.867676 90.000000 90.000000 90.000000
2515 51.226768 55.705013 57.017906 90.000000 90.000000 90.000000
2516 51.297230 55.781635 57.096336 90.000000 90.000000 90.000000
2517 51.119564 55.588436 56.898586 90.000000 90.000000 90.000000
2518 51.165672 55.638577 56.949902 90.000000 90.000000 90.000000
2519 51.059723 55.523365 56.831978 90.000000 90.000000 90.000000
2520 51.206810 55.683311 56.995693 90.000000 90.000000 90.000000
2521 51.227585 55.705898 57.018814 90.000000 90.000000 90.000000
2522 51.147682 55.619015 56.929882 90.000000 90.000000 90.000000
2523 51.238106 55.717339 57.030525 90.000000 90.000000 90.000000
2524 51.244278 55.724056 57.037399 90.000000 90.000000 90.000000
2525 51.081490 55.547031 56.856201 90.000000 90.000000 90.000000
2526 51.189041 55.663986 56.975914 90.000000 90.000000 90.000000
2527 51.252731 55.733246 57.046806 90.000000 90.000000 90.000000
2528 51.166996 55.640015 56.951378 90.000000 90.000000 90.000000
2529 51.321121 55.807613 57.122925 90.000000 90.000000 90.000000
2530 51.204071 55.680332 56.992645 90.000000 90.000000 90.000000
2531 51.253815 55.734421 57.048008 90.000000 90.000000 90.000000
2532 51.236359 55.715443 57.028584 90.000000 90.000000 90.000000
2533 51.231487 55.710144 57.023159 90.000000 90.000000 90.000000
2534 51.176914 55.650803 56.962418 90.000000 90.000000 90.000000
2535 51.165482 55.638367 56.949692 90.000000 90.000000 90.000000
2536 51.192738 55.668007 56.980030 90.000000 90.000000 90.000000
2537 51.222710 55.700600 57.013390 90.000000 90.000000 90.000000
2538 51.100483 55.567688 56.877346 90.000000 90.000000 90.000000
2539 51.184433 55.658978 56.970787 90.000000 90.000000 90.000000
2540 51.183502 55.657967 56.969749 90.000000 90.000000 90.000000
2541 51.276047 55.758598 57.072754 90.000000 90.000000 90.000000
2542 51.327332 55.814365 57.129837 90.000000 90.000000 90.000000
2543 51.316048 55.802097 57.117279 90.000000 90.000000 90.000000
2544 51.138405 55.608925 56.919556 90.000000 90.000000 90.000000
2545 51.168140 55.641262 56.952652 90.000000 90.000000 90.000000
2546 51.144264 55.615295 56.926075 90.000000 90.000000 90.000000
2547 51.280453 55.763390 57.077660 90.000000 90.000000 90.000000
2548 51.267967 55.749817 57.063766 90.000000 90.000000 90.000000
2549 51.186260 55.660965 56.972820 90.000000 90.000000 90.000000
2550 51.291920 55.775860 57.090424 90.000000 90.000000 90.000000
2551 51.122929 55.592098 56.902332 90.000000 90.000000 90.000000
2552 51.256580 55.737431 57.051090 90.000000 90.000000 90.000000
2553 51.136665 55.607033 56.917618 90.000000 90.000000 90.000000
2554 51.092930 55.559475 56.868938 90.000000 90.000000 90.000000
2555 51.214092 55.691231 57.003799 90.000000 90.000000 90.000000
2556 51.207848 55.684437 56.996845 90.000000 90.000000 90.000000
2557 51.188297 55.663177 56.975086 90.000000 90.000000 90.000000
2558 51.186493 55.661217 56.973080 90.000000 90.000000 90.000000
2559 51.225376 55.703499 57.016357 90.000000 90.000000 90.000000
2560 51.093796 55.560417 56.869904 90.000000 90.000000 90.000000
2561 51.236252 55.715324 57.028465 90.000000 90.000000 90.000000
2562 51.227890 55.706230 57.019154 90.000000 90.000000 90.000000
2563 51.209335 55.686058 56.998505 90.000000 90.000000 90.000000
2564 51.291214 55.775093 57.089642 90.000000 90.000000 90.000000
2565 51.218575 55.696102 57.008789 90.000000 90.000000 90.000000
2566 51.224285 55.702312 57.015141 90.000000 90.000000 90.000000
2567 51.248951 55.729134 57.042599 90.000000 90.000000 90.000000
2568 51.259380 55.740475 57.054203 90.000000 90.000000 90.000000
2569 51.250111 55.730396 57.043888 90.000000 90.000000 90.000000
2570 51.165768 55.638676 56.950008 90.000000 90.000000 90.000000
2571 51.198013 55.673744 56.985901 90.000000 90.000000 90.000000
2572 51.255112 55.735836 57.049454 90.000000 90.000000 90.000000
2573 51.150341 55.621902 56.932838 90.000000 90.000000 90.000000
2574 51.285255 55.768612 57.083004 90.000000 90.000000 90.000000
2575 51.170197 55.643494 56.954941 90.000000 90.000000 90.000000
2576 51.187855 55.662697 56.974594 90.000000 90.000000 90.000000
2577 51.112103 55.580322 56.890278 90.000000 90.000000 90.000000
2578 51.120766 55.589741 56.899918 90.000000 90.000000 90.000000
2579 51.214611 55.691792 57.004375 90.000000 90.000000 90.000000
2580 51.290989 55.774845 57.089386 90.000000 90.000000 90.000000
2581 51.262772 55.744164 57.057980 90.000000 90.000000 90.000000
2582 51.184235 55.658760 56.970566 90.000000 90.000000 90.000000
2583 51.185223 55.659836 56.971664 90.000000 90.000000 90.000000
2584 51.263103 55.744526 57.058353 90.000000 90.000000 90.000000
2585 51.122467 55.591595 56.901817 90.000000 90.000000 90.000000
2586 51.233185 55.711987 57.025047 90.000000 90.000000 90.000000
2587 51.260143 55.741302 57.055054 90.000000 90.000000 90.000000
2588 51.210152 55.686943 56.999413 90.000000 90.000000 90.000000
2589 51.319439 55.805786 57.121056 90.000000 90.000000 90.000000
2590 51.180519 55.654720 56.966427 90.000000 90.000000 90.000000
2591 51.190727 55.665821 56.977795 90.000000 90.000000 90.000000
2592 51.134804 55.605011 56.915546 90.000000 90.000000 90.000000
2593 51.139530 55.610146 56.920807 90.000000 90.000000 90.000000
2594 51.241142 55.720642 57.033905 90.000000 90.000000 90.000000
2595 51.067760 55.532104 56.840927 90.000000 90.000000 90.000000
2596 51.178543 55.652569 56.964230 90.000000 90.000000 90.000000
2597 51.190083 55.665123 56.977074 90.000000 90.000000 90.000000
2598 51.038929 55.500755 56.808834 90.000000 90.000000 90.000000
2599 51.252102 55.732563 57.046108 90.000000 90.000000 90.000000
2600 51.142933 55.613850 56.924595 90.000000 90.000000 90.000000
2601 51.264416 55.745953 57.059811 90.000000 90.000000 90.000000
2602 51.222992 55.700905 57.013702 90.000000 90.000000 90.000000
2603 51.175777 55.649563 56.961151 90.000000 90.000000 90.000000
2604 51.179230 55.653320 56.964996 90.000000 90.000000 90.000000
2605 51.235210 55.714191 57.027306 90.000000 90.000000 90.000000
2606 51.201420 55.677448 56.989693 90.000000 90.000000 90.000000
2607 51.222549 55.700424 57.013210 90.000000 90.000000 90.000000
2608 51.136726 55.607098 56.917686 90.000000 90.000000 90.000000
2609 51.203014 55.679180 56.991467 90.000000 90.000000 90.000000
2610 51.163578 55.636299 56.947575 90.000000 90.000000 90.000000
2611 51.266449 55.748161 57.062073 90.000000 90.000000 90.000000
2612 51.137222 55.607635 56.918236 90.000000 90.000000 90.000000
2613 51.130314 55.600128 56.910549 90.000000 90.000000 90.000000
2614 51.274273 55.756668 57.070782 90.000000 90.000000 90.000000
2615 51.160450 55.632896 56.944092 90.000000 90.000000 90.000000
2616 51.104298 55.571835 56.881588 90.000000 90.000000 90.000000
2617 51.233631 55.712479 57.025547 90.000000 90.000000 90.000000
2618 51.031532 55.492710 56.800598 90.000000 90.000000 90.000000
2619 51.235310 55.714302 57.027416 90.000000 90.000000 90.000000
2620 51.235046 55.714016 57.027122 90.000000 90.000000 90.000000
2621 51.181511 55.655800 56.967533 90.000000 90.000000 90.000000
2622 51.287281 55.770813 57.085258 90.000000 90.000000 90.000000
2623 51.096283 55.563118 56.872669 90.000000 90.000000 90.000000
2624 51.172203 55.645676 56.957172 90.000000 90.000000 90.000000
2625 51.260799 55.742016 57.055782 90.000000 90.000000 90.000000
2626 51.275234 55.757717 57.071854 90.000000 90.000000 90.000000
2627 51.188568 55.663471 56.975388 90.000000 90.000000 90.000000
2628 51.221836 55.699650 57.012421 90.000000 90.000000 90.000000
2629 51.189373 55.664349 56.976284 90.000000 90.000000 90.000000
2630 51.313747 55.799599 57.114719 90.000000 90.000000 90.000000
2631 51.193489 55.668827 56.980865 90.000000 90.000000 90.000000
2632 51.221554 55.699341 57.012104 90.000000 90.000000 90.000000
2633 51.194447 55.669865 56.981934 90.000000 90.000000 90.000000
2634 51.194382 55.669792 56.981857 90.000000 90.000000 90.000000
2635 51.203972 55.680225 56.992535 90.000000 90.000000 90.000000
2636 51.190510 55.665585 56.977551 90.000000 90.000000 90.000000
2637 51.091496 55.557915 56.867340 90.000000 90.000000 90.000000
2638 51.187256 55.662048 56.973927 90.000000 90.000000 90.000000
2639 51.253334 55.733902 57.047478 90.000000 90.000000 90.000000
2640 51.235111 55.714088 57.027195 90.000000 90.000000 90.000000
2641 51.206196 55.682640 56.995007 90.000000 90.000000 90.000000
2642 51.127991 55.597599 56.907963 90.000000 90.000000 90.000000
2643 51.157078 55.629230 56.940338 90.000000 90.000000 90.000000
2644 51.256405 55.737240 57.050892 90.000000 90.000000 90.000000
2645 51.183102 55.657528 56.969303 90.000000 90.000000 90.000000
2646 51.272614 55.754868 57.068935 90.000000 90.000000 90.000000
2647 51.099552 55.566677 56.876308 90.000000 90.000000 90.000000
2648 51.135212 55.605450 56.916000 90.000000 90.000000 90.000000
2649 51.123100 55.592281 56.902519 90.000000 90.000000 90.000000
2650 51.098991 55.566063 56.875683 90.000000 90.000000 90.000000
2651 51.294685 55.778870 57.093502 90.000000 90.000000 90.000000
2652 51.171307 55.644703 56.956177 90.000000 90.000000 90.000000
2653 51.142334 55.613197 56.923927 90.000000 90.000000 90.000000
2654 51.131702 55.601635 56.912094 90.000000 90.000000 90.000000
2655 51.155922 55.627975 56.939053 90.000000 90.000000 90.000000
2656 51.217922 55.695393 57.008060 90.000000 90.000000 90.000000
2657 51.159683 55.632065 56.943237 90.000000 90.000000 90.000000
2658 51.217945 55.695419 57.008087 90.000000 90.000000 90.000000
2659 51.170944 55.644310 56.955772 90.000000 90.000000 90.000000
2660 51.254353 55.735008 57.048611 90.000000 90.000000 90.000000
2661 51.147713 55.619049 56.929916 90.000000 90.000000 90.000000
2662 51.189926 55.664948 56.976898 90.000000 90.000000 90.000000
2663 51.050392 55.513218 56.821590 90.000000 90.000000 90.000000
2664 51.206120 55.682556 56.994923 90.000000 90.000000 90.000000
2665 51.093010 55.559559 56.869026 90.000000 90.000000 90.000000
2666 51.255848 55.736633 57.050274 90.000000 90.000000 90.000000
2667 51.110664 55.578762 56.888680 90.000000 90.000000 90.000000
2668 51.250011 55.730286 57.043777 90.000000 90.000000 90.000000
2669 51.275379 55.757874 57.072014 90.000000 90.000000 90.000000
2670 51.112030 55.580246 56.890198 90.000000 90.000000 90.000000
2671 51.128872 55.598560 56.908947 90.000000 90.000000 90.000000
2672 51.272354 55.754585 57.068645 90.000000 90.000000 90.000000
2673 51.236301 55.715378 57.028519 90.000000 90.000000 90.000000
2674 51.232021 55.710724 57.023754 90.000000 90.000000 90.000000
2675 51.121788 55.590855 56.901058 90.000000 90.000000 90.000000
2676 51.242966 55.722626 57.035934 90.000000 90.000000 90.000000
2677 51.144135 55.615154 56.925934 90.000000 90.000000 90.000000
2678 51.340626 55.828823 57.144634 90.000000 90.000000 90.000000
2679 51.219730 55.697357 57.010075 90.000000 90.000000 90.000000
2680 51.188545 55.663445 56.975361 90.000000 90.000000 90.000000
2681 51.278149 55.760887 57.075096 90.000000 90.000000 90.000000
2682 51.086990 55.553013 56.862324 90.000000 90.000000 90.000000
2683 51.282707 55.765842 57.080170 90.000000 90.000000 90.000000
2684 51.266991 55.748753 57.062675 90.000000 90.000000 90.000000
2685 51.099751 55.566891 56.876530 90.000000 90.000000 90.000000
2686 51.337315 55.825222 57.140949 90.000000 90.000000 90.000000
2687 51.205418 55.681797 56.994144 90.000000 90.000000 90.000000
2688 51.293991 55.778114 57.092731 90.000000 90.000000 90.000000
2689 51.277073 55.759716 57.073898 90.000000 90.000000 90.000000
2690 51.306881 55.792130 57.107075 90.000000 90.000000 90.000000
2691 51.251484 55.731888 57.045414 90.000000 90.000000 90.000000
2692 51.228420 55.706810 57.019745 90.000000 90.000000 90.000000
2693 51.189075 55.664024 56.975952 90.000000 90.000000 90.000000
2694 51.261242 55.742500 57.056278 90.000000 90.000000 90.000000
2695 51.308292 55.793663 57.108646 90.000000 90.000000 90.000000
2696 51.339600 55.827705 57.143494 90.000000 90.000000 90.000000
2697 51.217388 55.694809 57.007465 90.000000 90.000000 90.000000
2698 51.098846 55.565907 56.875523 90.000000 90.000000 90.000000
2699 51.218933 55.696491 57.009186 90.000000 90.000000 90.000000
2700 51.110199 55.578251 56.888161 90.000000 90.000000 90.000000
2701 51.223919 55.701912 57.014732 90.000000 90.000000 90.000000
2702 51.076954 55.542099 56.851154 90.000000 90.000000 90.000000
2703 51.163475 55.636189 56.947460 90.000000 90.000000 90.000000
2704 51.292576 55.776573 57.091152 90.000000 90.000000 90.000000
2705 51.209591 55.686333 56.998787 90.000000 90.000000 90.000000
2706 51.342854 55.831245 57.147118 90.000000 90.000000 90.000000
2707 51.270863 55.752964 57.066986 90.000000 90.000000 90.000000
2708 51.190987 55.666103 56.978081 90.000000 90.000000 90.000000
2709 51.150669 55.622261 56.933205 90.000000 90.000000 90.000000
2710 51.095234 55.561977 56.871502 90.000000 90.000000 90.000000
2711 51.134346 55.604511 56.915039 90.000000 90.000000 90.000000
2712 51.336094 55.823895 57.139591 90.000000 90.000000 90.000000
2713 51.128567 55.598228 56.908607 90.000000 90.000000 90.000000
2714 51.179585 55.653702 56.965389 90.000000 90.000000 90.000000
2715 51.235020 55.713985 57.027092 90.000000 90.000000 90.000000
2716 51.155602 55.627625 56.938694 90.000000 90.000000 90.000000
2717 51.143253 55.614197 56.924950 90.000000 90.000000 90.000000
2718 51.260422 55.741608 57.055363 90.000000 90.000000 90.000000
2719 51.170803 55.644157 56.955616 90.000000 90.000000 90.000000
2720 51.194061 55.669445 56.981503 90.000000 90.000000 90.000000
2721 51.246643 55.726627 57.040031 90.000000 90.000000 90.000000
2722 51.136776 55.607155 56.917740 90.000000 90.000000 90.000000
2723 51.273548 55.755882 57.069977 90.000000 90.000000 90.000000
2724 51.201611 55.677654 56.989902 90.000000 90.000000 90.000000
2725 51.313747 55.799595 57.114719 90.000000 90.000000 90.000000
2726 51.245834 55.725746 57.039127 90.000000 90.000000 90.000000
2727 51.230309 55.708862 57.021847 90.000000 90.000000 90.000000
2728 51.273140 55.755436 57.069519 90.000000 90.000000 90.000000
2729 51.210270 55.687073 56.999542 90.000000 90.000000 90.000000
2730 51.125504 55.594894 56.905193 90.000000 90.000000 90.000000
2731 51.200047 55.675957 56.988167 90.000000 90.000000 90.000000
2732 51.166492 55.639465 56.950817 90.000000 90.000000 90.000000
2733 51.180473 55.654671 56.966377 90.000000 90.000000 90.000000
2734 51.173618 55.647217 56.958752 90.000000 90.000000 90.000000
2735 51.224842 55.702919 57.015766 90.000000 90.000000 90.000000
2736 51.196026 55.671581 56.983688 90.000000 90.000000 90.000000
2737 51.064259 55.528294 56.837025 90.000000 90.000000 90.000000
2738 51.263493 55.744949 57.058784 90.000000 90.000000 90.000000
2739 51.097466 55.564404 56.873985 90.000000 90.000000 90.000000
2740 51.164906 55.637741 56.949051 90.000000 90.000000 90.000000
2741 51.164295 55.637081 56.948372 90.000000 90.000000 90.000000
2742 51.168266 55.641396 56.952793 90.000000 90.000000 90.000000
2743 51.178425 55.652443 56.964100 90.000000 90.000000 90.000000
2744 51.282005 55.765079 57.079391 90.000000 90.000000 90.000000
2745 51.217552 55.694992 57.007648 90.000000 90.000000 90.000000
2746 51.144058 55.615074 56.925846 90.000000 90.000000 90.000000
2747 51.153492 55.625332 56.936348 90.000000 90.000000 90.000000
2748 51.349476 55.838448 57.154488 90.000000 90.000000 90.000000
2749 51.213928 55.691051 57.003616 90.000000 90.000000 90.000000
2750 51.181992 55.656319 56.968067 90.000000 90.000000 90.000000
2751 51.040470 55.502426 56.810547 90.000000 90.000000 90.000000
2752 51.173859 55.647476 56.959015 90.000000 90.000000 90.000000
2753 51.151192 55.622829 56.933788 90.000000 90.000000 90.000000
2754 51.178894 55.652950 56.964619 90.000000 90.000000 90.000000
2755 51.146889 55.618153 56.928997 90.000000 90.000000 90.000000
2756 51.249363 55.729580 57.043053 90.000000 90.000000 90.000000
2757 51.203373 55.679573 56.991867 90.000000 90.000000 90.000000
2758 51.176121 55.649937 56.961533 90.000000 90.000000 90.000000
2759 51.299976 55.784622 57.099392 90.000000 90.000000 90.000000
2760 51.253162 55.733715 57.047283 90.000000 90.000000 90.000000
2761 51.093555 55.560154 56.869633 90.000000 90.000000 90.000000
2762 51.198265 55.674015 56.986179 90.000000 90.000000 90.000000
2763 51.173290 55.646862 56.958385 90.000000 90.000000 90.000000
2764 51.177265 55.651184 56.962811 90.000000 90.000000 90.000000
2765 51.186924 55.661686 56.973560 90.000000 90.000000 90.000000
2766 51.309746 55.795242 57.110264 90.000000 90.000000 90.000000
2767 51.283726 55.766949 57.081303 90.000000 90.000000 90.000000
2768 51.152981 55.624775 56.935776 90.000000 90.000000 90.000000
2769 51.271778 55.753956 57.068005 90.000000 90.000000 90.000000
2770 51.128254 55.597889 56.908257 90.000000 90.000000 90.000000
2771 51.166714 55.639706 56.951061 90.000000 90.000000 90.000000
2772 51.248055 55.728157 57.041599 90.000000 90.000000 90.000000
2773 51.184601 55.659161 56.970974 90.000000 90.000000 90.000000
2774 51.067207 55.531502 56.840305 90.000000 90.000000 90.000000
2775 51.236576 55.715679 57.028824 90.000000 90.000000 90.000000
2776 51.340366 55.828541 57.144348 90.000000 90.000000 90.000000
2777 51.207653 55.684227 56.996632 90.000000 90.000000 90.000000
2778 51.192303 55.667534 56.979546 90.000000 90.000000 90.000000
2779 51.240311 55.719742 57.032982 90.000000 90.000000 90.000000
2780 51.263065 55.744484 57.058308 90.000000 90.000000 90.000000
2781 51.221207 55.698963 57.011715 90.000000 90.000000 90.000000
2782 51.215839 55.693127 57.005741 90.000000 90.000000 90.000000
2783 51.132656 55.602673 56.913155 90.000000 90.000000 90.000000
2784 51.181774 55.656086 56.967827 90.000000 90.000000 90.000000
2785 51.123619 55.592846 56.903095 90.000000 90.000000 90.000000
2786 51.130005 55.599789 56.910206 90.000000 90.000000 90.000000
2787 51.257038 55.737926 57.051598 90.000000 90.000000 90.000000
2788 51.320332 55.806759 57.122051 90.000000 90.000000 90.000000
2789 51.265511 55.747143 57.061031 90.000000 90.000000 90.000000
2790 51.224689 55.702755 57.015594 90.000000 90.000000 90.000000
2791 51.288017 55.771614 57.086079 90.000000 90.000000 90.000000
2792 51.128090 55.597710 56.908073 90.000000 90.000000 90.000000
2793 51.151226 55.622868 56.933826 90.000000 90.000000 90.000000
2794 51.410870 55.905209 57.222820 90.000000 90.000000 90.000000
2795 51.210461 55.687279 56.999756 90.000000 90.000000 90.000000
2796 51.225430 55.703560 57.016418 90.000000 90.000000 90.000000
2797 51.179897 55.654045 56.965736 90.000000 90.000000 90.000000
2798 51.188004 55.662857 56.974758 90.000000 90.000000 90.000000
2799 51.184208 55.658730 56.970535 90.000000 90.000000 90.000000
2800 51.165569 55.638466 56.949791 90.000000 90.000000 90.000000
2801 51.280701 55.763657 57.077934 90.000000 90.000000 90.000000
2802 51.149750 55.621258 56.932178 90.000000 90.000000 90.000000
2803 51.165131 55.637985 56.949299 90.000000 90.000000 90.000000
2804 51.231930 55.710625 57.023651 90.000000 90.000000 90.000000
2805 51.194759 55.670204 56.982277 90.000000 90.000000 90.000000
2806 51.171688 55.645119 56.956600 90.000000 90.000000 90.000000
2807 51.231155 55.709785 57.022793 90.000000 90.000000 90.000000
2808 51.181355 55.655628 56.967358 90.000000 90.000000 90.000000
2809 51.121418 55.590450 56.900646 90.000000 90.000000 90.000000
2810 51.243683 55.723408 57.036736 90.000000 90.000000 90.000000
2811 51.238560 55.717834 57.031033 90.000000 90.000000 90.000000
2812 51.136166 55.606487 56.917061 90.000000 90.000000 90.000000
2813 51.268425 55.750313 57.064274 90.000000 90.000000 90.000000
2814 51.180576 55.654781 56.966492 90.000000 90.000000 90.000000
2815 51.326790 55.813778 57.129234 90.000000 90.000000 90.000000
2816 51.161697 55.634254 56.945480 90.000000 90.000000 90.000000
2817 51.156292 55.628376 56.939465 90.000000 90.000000 90.000000
2818 51.168667 55.641834 56.953239 90.000000 90.000000 90.000000
2819 51.203835 55.680077 56.992382 90.000000 90.000000 90.000000
2820 51.179565 55.653683 56.965366 90.000000 90.000000 90.000000
2821 51.262810 55.744205 57.058025 90.000000 90.000000 90.000000
2822 51.194595 55.670029 56.982098 90.000000 90.000000 90.000000
2823 51.258949 55.740005 57.053726 90.000000 90.000000 90.000000
2824 51.114521 55.582951 56.892971 90.000000 90.000000 90.000000
2825 51.246895 55.726898 57.040306 90.000000 90.000000 90.000000
2826 51.235405 55.714405 57.027519 90.000000 90.000000 90.000000
2827 51.249836 55.730095 57.043579 90.000000 90.000000 90.000000
2828 51.041290 55.503319 56.811462 90.000000 90.000000 90.000000
2829 51.120674 55.589642 56.899818 90.000000 90.000000 90.000000
2830 51.214317 55.691475 57.004047 90.000000 90.000000 90.000000
2831 51.076279 55.541367 56.850403 90.000000 90.000000 90.000000
2832 51.145760 55.616924 56.927742 90.000000 90.000000 90.000000
2833 51.184292 55.658825 56.970631 90.000000 90.000000 90.000000
2834 51.164738 55.637558 56.948864 90.000000 90.000000 90.000000
2835 51.164688 55.637505 56.948811 90.000000 90.000000 90.000000
2836 51.059826 55.523476 56.832092 90.000000 90.000000 90.000000
2837 51.188385 55.663273 56.975185 90.000000 90.000000 90.000000
2838 51.171234 55.644623 56.956093 90.000000 90.000000 90.000000
2839 51.160923 55.633408 56.944614 90.000000 90.000000 90.000000
2840 51.088642 55.554810 56.864166 90.000000 90.000000 90.000000
2841 51.126179 55.595631 56.905949 90.000000 90.000000 90.000000
2842 51.204708 55.681026 56.993355 90.000000 90.000000 90.000000
2843 51.081150 55.546665 56.855827 90.000000 90.000000 90.000000
2844 51.279171 55.761997 57.076233 90.000000 90.000000 90.000000
2845 51.237450 55.716629 57.029797 90.000000 90.000000 90.000000
2846 51.168797 55.641972 56.953381 90.000000 90.000000 90.000000
2847 51.129826 55.599598 56.910007 90.000000 90.000000 90.000000
2848 51.243305 55.722996 57.036312 90.000000 90.000000 90.000000
2849 51.220787 55.698505 57.011250 90.000000 90.000000 90.000000
2850 51.210201 55.686996 56.999466 90.000000 90.000000 90.000000
2851 51.120663 55.589630 56.899803 90.000000 90.000000 90.000000
2852 51.269199 55.751156 57.065136 90.000000 90.000000 90.000000
2853 51.227081 55.705353 57.018253 90.000000 90.000000 90.000000
2854 51.210239 55.687038 56.999512 90.000000 90.000000 90.000000
2855 51.245659 55.725552 57.038933 90.000000 90.000000 90.000000
2856 51.313805 55.799660 57.114784 90.000000 90.000000 90.000000
2857 51.224541 55.702587 57.015427 90.000000 90.000000 90.000000
2858 51.192547 55.667797 56.979816 90.000000 90.000000 90.000000
2859 51.223312 55.701256 57.014061 90.000000 90.000000 90.000000
2860 51.185265 55.659882 56.971710 90.000000 90.000000 90.000000
2861 51.195663 55.671188 56.983284 90.000000 90.000000 90.000000
2862 51.092373 55.558868 56.868317 90.000000 90.000000 90.000000
2863 51.238590 55.717869 57.031067 90.000000 90.000000 90.000000
2864 51.138130 55.608624 56.919247 90.000000 90.000000 90.000000
2865 51.176708 55.650574 56.962189 90.000000 90.000000 90.000000
2866 51.179443 55.653553 56.965233 90.000000 90.000000 90.000000
2867 51.228317 55.706696 57.019630 90.000000 90.000000 90.000000
2868 51.207970 55.684570 56.996986 90.000000 90.000000 90.000000
2869 51.188114 55.662979 56.974880 90.000000 90.000000 90.000000
2870 51.224438 55.702477 57.015312 90.000000 90.000000 90.000000
2871 51.185455 55.660091 56.971924 90.000000 90.000000 90.000000
2872 51.269882 55.751896 57.065895 90.000000 90.000000 90.000000
2873 51.139065 55.609642 56.920288 90.000000 90.000000 90.000000
2874 51.218719 55.696262 57.008949 90.000000 90.000000 90.000000
2875 51.238110 55.717342 57.030529 90.000000 90.000000 90.000000
2876 51.072044 55.536762 56.845692 90.000000 90.000000 90.000000
2877 51.224560 55.702614 57.015450 90.000000 90.000000 90.000000
2878 51.229370 55.707840 57.020802 90.000000 90.000000 90.000000
2879 51.202740 55.678883 56.991161 90.000000 90.000000 90.000000
2880 51.170319 55.643631 56.955078 90.000000 90.000000 90.000000
2881 51.292381 55.776363 57.090939 90.000000 90.000000 90.000000
2882 51.199875 55.675770 56.987976 90.000000 90.000000 90.000000
2883 51.209339 55.686062 56.998508 90.000000 90.000000 90.000000
2884 51.211357 55.688255 57.000755 90.000000 90.000000 90.000000
2885 51.091125 55.557510 56.866928 90.000000 90.000000 90.000000
2886 51.092285 55.558773 56.868221 90.000000 90.000000 90.000000
2887 51.232979 55.711765 57.024818 90.000000 90.000000 90.000000
2888 51.027912 55.488770 56.796570 90.000000 90.000000 90.000000
2889 51.143211 55.614151 56.924904 90.000000 90.000000 90.000000
2890 51.118656 55.587448 56.897572 90.000000 90.000000 90.000000
2891 51.135155 55.605392 56.915939 90.000000 90.000000 90.000000
2892 51.143810 55.614799 56.925571 90.000000 90.000000 90.000000
2893 51.063984 55.527996 56.836720 90.000000 90.000000 90.000000
2894 51.146271 55.617477 56.928307 90.000000 90.000000 90.000000
2895 51.149017 55.620464 56.931366 90.000000 90.000000 90.000000
2896 51.254829 55.735527 57.049141 90.000000 90.000000 90.000000
2897 51.204113 55.680378 56.992691 90.000000 90.000000 90.000000
2898 51.186630 55.661369 56.973232 90.000000 90.000000 90.000000
2899 51.185726 55.660381 56.972225 90.000000 90.000000 90.000000
2900 51.192020 55.667229 56.979233 90.000000 90.000000 90.000000
2901 51.166508 55.639484 56.950832 90.000000 90.000000 90.000000
2902 51.079586 55.544964 56.854084 90.000000 90.000000 90.000000
2903 51.173519 55.647106 56.958637 90.000000 90.000000 90.000000
2904 51.220573 55.698277 57.011013 90.000000 90.000000 90.000000
2905 51.072365 55.537113 56.846050 90.000000 90.000000 90.000000
2906 51.236195 55.715260 57.028397 90.000000 90.000000 90.000000
2907 51.163017 55.635689 56.946949 90.000000 90.000000 90.000000
2908 51.167370 55.640423 56.951794 90.000000 90.000000 90.000000
2909 51.162136 55.634731 56.945969 90.000000 90.000000 90.000000
2910 51.107162 55.574951 56.884781 90.000000 90.000000 90.000000
2911 51.172066 55.645527 56.957020 90.000000 90.000000 90.000000
2912 51.272194 55.754410 57.068470 90.000000 90.000000 90.000000
2913 51.269489 55.751469 57.065456 90.000000 90.000000 90.000000
2914 51.142914 55.613827 56.924572 90.000000 90.000000 90.000000
2915 51.169323 55.642544 56.953968 90.000000 90.000000 90.000000
2916 51.255882 55.736671 57.050312 90.000000 90.000000 90.000000
2917 51.163025 55.635696 56.946957 90.000000 90.000000 90.000000
2918 51.227966 55.706314 57.019241 90.000000 90.000000 90.000000
2919 51.252739 55.733253 57.046814 90.000000 90.000000 90.000000
2920 51.240459 55.719902 57.033146 90.000000 90.000000 90.000000
2921 51.150433 55.622005 56.932945 90.000000 90.000000 90.000000
2922 51.294159 55.778294 57.092915 90.000000 90.000000 90.000000
2923 51.227467 55.705772 57.018684 90.000000 90.000000 90.000000
2924 51.206612 55.683094 56.995472 90.000000 90.000000 90.000000
2925 51.150944 55.622562 56.933514 90.000000 90.000000 90.000000
2926 51.195328 55.670826 56.982914 90.000000 90.000000 90.000000
2927 51.098827 55.565887 56.875504 90.000000 90.000000 90.000000
2928 51.131996 55.601955 56.912422 90.000000 90.000000 90.000000
2929 51.180912 55.655148 56.966866 90.000000 90.000000 90.000000
2930 51.216572 55.693924 57.006557 90.000000 90.000000 90.000000
2931 51.195747 55.671280 56.983379 90.000000 90.000000 90.000000
2932 51.206257 55.682709 56.995075 90.000000 90.000000 90.000000
2933 51.168190 55.641312 56.952705 90.000000 90.000000 90.000000
2934 51.111408 55.579567 56.889507 90.000000 90.000000 90.000000
2935 51.228733 55.707150 57.020096 90.000000 90.000000 90.000000
2936 51.323936 55.810677 57.126060 90.000000 90.000000 90.000000
2937 51.224670 55.702728 57.015572 90.000000 90.000000 90.000000
2938 51.245178 55.725033 57.038399 90.000000 90.000000 90.000000
2939 51.101158 55.568420 56.878094 90.000000 90.000000 90.000000
2940 51.214272 55.691422 57.003998 90.000000 90.000000 90.000000
2941 51.318520 55.804787 57.120029 90.000000 90.000000 90.000000
2942 51.182175 55.656521 56.968269 90.000000 90.000000 90.000000
2943 51.170784 55.644135 56.955593 90.000000 90.000000 90.000000
2944 51.275204 55.757683 57.071819 90.000000 90.000000 90.000000
2945 51.223530 55.701492 57.014301 90.000000 90.000000 90.000000
2946 51.299549 55.784157 57.098919 90.000000 90.000000 90.000000
2947 51.232960 55.711746 57.024799 90.000000 90.000000 90.000000
2948 51.057457 55.520897 56.829453 90.000000 90.000000 90.000000
2949 51.133633 55.603737 56.914242 90.000000 90.000000 90.000000
2950 51.191898 55.667095 56.979095 90.000000 90.000000 90.000000
2951 51.293678 55.777771 57.092381 90.000000 90.000000 90.000000
2952 51.292870 55.776894 57.091480 90.000000 90.000000 90.000000
2953 51.178326 55.652336 56.963989 90.000000 90.000000 90.000000
2954 51.283726 55.766949 57.081303 90.000000 90.000000 90.000000
2955 51.235962 55.715008 57.028141 90.000000 90.000000 90.000000
2956 51.275417 55.757912 57.072056 90.000000 90.000000 90.000000
2957 51.205296 55.681664 56.994007 90.000000 90.000000 90.000000
2958 51.219151 55.696732 57.009430 90.000000 90.000000 90.000000
2959 51.093330 55.559910 56.869385 90.000000 90.000000 90.000000
2960 51.162643 55.635284 56.946533 90.000000 90.000000 90.000000
2961 51.188969 55.663910 56.975834 90.000000 90.000000 90.000000
2962 51.169899 55.643169 56.954605 90.000000 90.000000 90.000000
2963 51.225407 55.703529 57.016392 90.000000 90.000000 90.000000
2964 51.236790 55.715908 57.029060 90.000000 90.000000 90.000000
2965 51.121674 55.590729 56.900932 90.000000 90.000000 90.000000
2966 51.091965 55.558422 56.867863 90.000000 90.000000 90.000000
2967 51.196911 55.672543 56.984673 90.000000 90.000000 90.000000
2968 51.199894 55.675789 56.987995 90.000000 90.000000 90.000000
2969 51.154503 55.626431 56.937473 90.000000 90.000000 90.000000
2970 51.178005 55.651989 56.963631 90.000000 90.000000 90.000000
2971 51.152382 55.624123 56.935112 90.000000 90.000000 90.000000
2972 51.251633 55.732052 57.045582 90.000000 90.000000 90.000000
2973 51.278442 55.761204 57.075424 90.000000 90.000000 90.000000
2974 51.181293 55.655563 56.967289 90.000000 90.000000 90.000000
2975 51.225533 55.703671 57.016533 90.000000 90.000000 90.000000
2976 51.168461 55.641609 56.953011 90.000000 90.000000 90.000000
2977 51.292824 55.776840 57.091427 90.000000 90.000000 90.000000
2978 51.190685 55.665775 56.977745 90.000000 90.000000 90.000000
2979 51.274811 55.757256 57.071381 90.000000 90.000000 90.000000
2980 51.063263 55.527214 56.835918 90.000000 90.000000 90.000000
2981 51.249035 55.729225 57.042690 90.000000 90.000000 90.000000
2982 51.140404 55.611099 56.921780 90.000000 90.000000 90.000000
2983 51.258381 55.739391 57.053093 90.000000 90.000000 90.000000
2984 51.088612 55.554779 56.864132 90.000000 90.000000 90.000000
2985 51.201996 55.678074 56.990334 90.000000 90.000000 90.000000
2986 51.192516 55.667767 56.979782 90.000000 90.000000 90.000000
2987 51.096104 55.562923 56.872471 90.000000 90.000000 90.000000
2988 51.285618 55.769005 57.083408 90.000000 90.000000 90.000000
2989 51.169891 55.643166 56.954601 90.000000 90.000000 90.000000
2990 51.122997 55.592167 56.902405 90.000000 90.000000 90.000000
2991 51.270927 55.753033 57.067059 90.000000 90.000000 90.000000
2992 51.302864 55.787758 57.102604 90.000000 90.000000 90.000000
2993 51.308365 55.793743 57.108727 90.000000 90.000000 90.000000
2994 51.218624 55.696156 57.008842 90.000000 90.000000 90.000000
2995 51.237862 55.717075 57.030254 90.000000 90.000000 90.000000
2996 51.212761 55.689781 57.002316 90.000000 90.000000 90.000000
2997 51.229614 55.708111 57.021076 90.000000 90.000000 90.000000
2998 51.194481 55.669903 56.981968 90.000000 90.000000 90.000000
2999 51.226952 55.705215 57.018112 90.000000 90.000000 90.000000
3000 51.201214 55.677223 56.989464 90.000000 90.000000 90.000000
3001 51.160072 55.632484 56.943672 90.000000 90.000000 90.000000
3002 51.198433 55.674202 56.986370 90.000000 90.000000 90.000000
3003 51.140575 55.611282 56.921967 90.000000 90.000000 90.000000
3004 51.252285 55.732761 57.046310 90.000000 90.000000 90.000000
3005 51.228481 55.706875 57.019814 90.000000 90.000000 90.000000
3006 51.100044 55.567211 56.876858 90.000000 90.000000 90.000000
3007 51.268208 55.750076 57.064030 90.000000 90.000000 90.000000
3008 51.173115 55.646667 56.958187 90.000000 90.000000 90.000000
3009 51.213779 55.690887 57.003448 90.000000 90.000000 90.000000
3010 51.150143 55.621689 56.932621 90.000000 90.000000 90.000000
3011 51.189243 55.664207 56.976139 90.000000 90.000000 90.000000
3012 51.241348 55.720867 57.034134 90.000000 90.000000 90.000000
3013 51.093807 55.560429 56.869915 90.000000 90.000000 90.000000
3014 51.102379 55.569748 56.879456 90.000000 90.000000 90.000000
3015 51.264416 55.745953 57.059811 90.000000 90.000000 90.000000
3016 51.164200 55.636974 56.948265 90.000000 90.000000 90.000000
3017 51.211010 55.687874 57.000366 90.000000 90.000000 90.000000
3018 51.175144 55.648876 56.960445 90.000000 90.000000 90.000000
3019 51.262005 55.743328 57.057125 90.000000 90.000000 90.000000
3020 51.316845 55.802963 57.118168 90.000000 90.000000 90.000000
3021 51.143196 55.614136 56.924889 90.000000 90.000000 90.000000
3022 51.173901 55.647526 56.959064 90.000000 90.000000 90.000000
3023 51.175472 55.649235 56.960812 90.000000 90.000000 90.000000
3024 51.137524 55.607964 56.918571 90.000000 90.000000 90.000000
3025 51.289360 55.773075 57.087574 90.000000 90.000000 90.000000
3026 51.213982 55.691109 57.003674 90.000000 90.000000 90.000000
3027 51.147339 55.618641 56.929501 90.000000 90.000000 90.000000
3028 51.237904 55.717121 57.030300 90.000000 90.000000 90.000000
3029 51.260204 55.741371 57.055122 90.000000 90.000000 90.000000
3030 51.267200 55.748981 57.062912 90.000000 90.000000 90.000000
3031 51.275494 55.757999 57.072144 90.000000 90.000000 90.000000
3032 51.198395 55.674160 56.986328 90.000000 90.000000 90.000000
3033 51.225574 55.703716 57.016579 90.000000 90.000000 90.000000
3034 51.067799 55.532146 56.840965 90.000000 90.000000 90.000000
3035 51.175941 55.649746 56.961334 90.000000 90.000000 90.000000
3036 51.182549 55.656925 56.968685 90.000000 90.000000 90.000000
3037 51.271965 55.754162 57.068214 90.000000 90.000000 90.000000
3038 51.253647 55.734241 57.047825 90.000000 90.000000 90.000000
3039 51.138016 55.608505 56.919125 90.000000 90.000000 90.000000
3040 51.196270 55.671848 56.983959 90.000000 90.000000 90.000000
3041 51.130154 55.599953 56.910374 90.000000 90.000000 90.000000
3042 51.414379 55.909023 57.226727 90.000000 90.000000 90.000000
3043 51.132359 55.602348 56.912823 90.000000 90.000000 90.000000
3044 51.203320 55.679512 56.991806 90.000000 90.000000 90.000000
3045 51.152515 55.624271 56.935261 90.000000 90.000000 90.000000
3046 51.086418 55.552391 56.861691 90.000000 90.000000 90.000000
3047 51.183674 55.658154 56.969944 90.000000 90.000000 90.000000
3048 51.165295 55.638165 56.949486 90.000000 90.000000 90.000000
3049 51.195553 55.671070 56.983166 90.000000 90.000000 90.000000
3050 51.144020 55.615028 56.925804 90.000000 90.000000 90.000000
3051 51.264374 55.745907 57.059765 90.000000 90.000000 90.000000
3052 51.109085 55.577042 56.886921 90.000000 90.000000 90.000000
3053 51.207180 55.683712 56.996105 90.000000 90.000000 90.000000
3054 51.242378 55.721989 57.035282 90.000000 90.000000 90.000000
3055 51.221016 55.698761 57.011505 90.000000 90.000000 90.000000
3056 51.210632 55.687466 56.999947 90.000000 90.000000 90.000000
3057 51.088760 55.554943 56.864300 90.000000 90.000000 90.000000
3058 51.225643 55.703789 57.016655 90.000000 90.000000 90.000000
3059 51.190155 55.665199 56.977158 90.000000 90.000000 90.000000
3060 51.161522 55.634064 56.945286 90.000000 90.000000 90.000000
3061 51.163548 55.636265 56.947540 90.000000 90.000000 90.000000
3062 51.163902 55.636650 56.947933 90.000000 90.000000 90.000000
3063 51.174015 55.647648 56.959190 90.000000 90.000000 90.000000
3064 51.115135 55.583622 56.893654 90.000000 90.000000 90.000000
3065 51.172085 55.645550 56.957043 90.000000 90.000000 90.000000
3066 51.241917 55.721485 57.034771 90.000000 90.000000 90.000000
3067 51.153053 55.624855 56.935860 90.000000 90.000000 90.000000
3068 51.144527 55.615582 56.926369 90.000000 90.000000 90.000000
3069 51.194691 55.670132 56.982204 90.000000 90.000000 90.000000
3070 51.225826 55.703991 57.016861 90.000000 90.000000 90.000000
3071 51.117783 55.586498 56.896599 90.000000 90.000000 90.000000
3072 51.220284 55.697960 57.010689 90.000000 90.000000 90.000000
3073 51.101089 55.568348 56.878021 90.000000 90.000000 90.000000
3074 51.147625 55.618954 56.929817 90.000000 90.000000 90.000000
3075 51.282352 55.765453 57.079773 90.000000 90.000000 90.000000
3076 51.177677 55.651630 56.963264 90.000000 90.000000 90.000000
3077 51.266510 55.748230 57.062141 90.000000 90.000000 90.000000
3078 51.358547 55.848309 57.164581 90.000000 90.000000 90.000000
3079 51.281467 55.764492 57.078789 90.000000 90.000000 90.000000
3080 51.189262 55.664227 56.976158 90.000000 90.000000 90.000000
3081 51.245579 55.725464 57.038841 90.000000 90.000000 90.000000
3082 51.311474 55.797123 57.112186 90.000000 90.000000 90.000000
3083 51.198929 55.674740 56.986919 90.000000 90.000000 90.000000
3084 51.184875 55.659458 56.971279 90.000000 90.000000 90.000000
3085 51.198727 55.674522 56.986698 90.000000 90.000000 90.000000
3086 51.157211 55.629375 56.940487 90.000000 90.000000 90.000000
3087 51.225945 55.704121 57.016991 90.000000 90.000000 90.000000
3088 51.236870 55.716000 57.029152 90.000000 90.000000 90.000000
3089 51.261757 55.743057 57.056850 90.000000 90.000000 90.000000
3090 51.141815 55.612633 56.923351 90.000000 90.000000 90.000000
3091 51.275089 55.757561 57.071693 90.000000 90.000000 90.000000
3092 51.192543 55.667793 56.979813 90.000000 90.000000 90.000000
3093 51.176708 55.650574 56.962185 90.000000 90.000000 90.000000
3094 51.367775 55.858345 57.174854 90.000000 90.000000 90.000000
3095 51.255726 55.736500 57.050137 90.000000 90.000000 90.000000
3096 51.257179 55.738083 57.051758 90.000000 90.000000 90.000000
3097 51.244492 55.724285 57.037636 90.000000 90.000000 90.000000
3098 51.181564 55.655857 56.967590 90.000000 90.000000 90.000000
3099 51.148708 55.620129 56.931023 90.000000 90.000000 90.000000
3100 51.198376 55.674137 56.986301 90.000000 90.000000 90.000000
3101 51.227238 55.705524 57.018429 90.000000 90.000000 90.000000
3102 51.303082 55.787994 57.102844 90.000000 90.000000 90.000000
3103 51.132282 55.602264 56.912739 90.000000 90.000000 90.000000
3104 51.124798 55.594128 56.904408 90.000000 90.000000 90.000000
3105 51.122601 55.591736 56.901962 90.000000 90.000000 90.000000
3106 51.192638 55.667900 56.979919 90.000000 90.000000 90.000000
3107 51.117310 55.585983 56.896072 90.000000 90.000000 90.000000
3108 51.136585 55.606949 56.917530 90.000000 90.000000 90.000000
3109 51.142071 55.612911 56.923634 90.000000 90.000000 90.000000
3110 51.194687 55.670128 56.982201 90.000000 90.000000 90.000000
3111 51.265495 55.747128 57.061012 90.000000 90.000000 90.000000
3112 51.260044 55.741196 57.054943 90.000000 90.000000 90.000000
3113 51.181484 55.655769 56.967503 90.000000 90.000000 90.000000
3114 51.172131 55.645599 56.957092 90.000000 90.000000 90.000000
3115 51.258026 55.739006 57.052700 90.000000 90.000000 90.000000
3116 51.210983 55.687847 57.000336 90.000000 90.000000 90.000000
3117 51.222713 55.700603 57.013393 90.000000 90.000000 90.000000
3118 51.145741 55.616901 56.927719 90.000000 90.000000 90.000000
3119 51.320869 55.807343 57.122646 90.000000 90.000000 90.000000
3120 51.211185 55.688068 57.000565 90.000000 90.000000 90.000000
3121 51.223045 55.700962 57.013763 90.000000 90.000000 90.000000
3122 51.144436 55.615486 56.926270 90.000000 90.000000 90.000000
3123 51.286659 55.770138 57.084568 90.000000 90.000000 90.000000
3124 51.280106 55.763012 57.077271 90.000000 90.000000 90.000000
3125 51.025215 55.485840 56.793568 90.000000 90.000000 90.000000
3126 51.157661 55.629864 56.940987 90.000000 90.000000 90.000000
3127 51.221462 55.699242 57.012001 90.000000 90.000000 90.000000
3128 51.149765 55.621281 56.932201 90.000000 90.000000 90.000000
3129 51.171959 55.645412 56.956902 90.000000 90.000000 90.000000
3130 51.248852 55.729027 57.042488 90.000000 90.000000 90.000000
3131 51.202297 55.678402 56.990669 90.000000 90.000000 90.000000
3132 51.092567 55.559078 56.868534 90.000000 90.000000 90.000000
3133 51.239750 55.719131 57.032356 90.000000 90.000000 90.000000
3134 51.145733 55.616890 56.927708 90.000000 90.000000 90.000000
3135 51.183929 55.658428 56.970226 90.000000 90.000000 90.000000
3136 51.236492 55.715588 57.028728 90.000000 90.000000 90.000000
3137 51.153706 55.625565 56.936584 90.000000 90.000000 90.000000
3138 51.083916 55.549675 56.858906 90.000000 90.000000 90.000000
3139 51.155262 55.627254 56.938316 90.000000 90.000000 90.000000
3140 51.223106 55.701031 57.013832 90.000000 90.000000 90.000000
3141 51.271591 55.753757 57.067799 90.000000 90.000000 90.000000
3142 51.167900 55.640995 56.952381 90.000000 90.000000 90.000000
3143 51.286304 55.769753 57.084175 90.000000 90.000000 90.000000
3144 51.268974 55.750908 57.064884 90.000000 90.000000 90.000000
3145 51.134983 55.605202 56.915745 90.000000 90.000000 90.000000
3146 51.192062 55.667271 56.979279 90.000000 90.000000 90.000000
3147 51.167782 55.640869 56.952251 90.000000 90.000000 90.000000
3148 51.199287 55.675133 56.987320 90.000000 90.000000 90.000000
3149 51.091370 55.557777 56.867203 90.000000 90.000000 90.000000
3150 51.286812 55.770306 57.084740 90.000000 90.000000 90.000000
3151 51.259937 55.741085 57.054829 90.000000 90.000000 90.000000
3152 51.207420 55.683975 56.996372 90.000000 90.000000 90.000000
3153 51.285767 55.769169 57.083572 90.000000 90.000000 90.000000
3154 51.130245 55.600052 56.910473 90.000000 90.000000 90.000000
3155 51.125664 55.595070 56.905376 90.000000 90.000000 90.000000
3156 51.176895 55.650780 56.962399 90.000000 90.000000 90.000000
3157 51.298214 55.782703 57.097427 90.000000 90.000000 90.000000
3158 51.176525 55.650375 56.961983 90.000000 90.000000 90.000000
3159 51.204617 55.680923 56.993248 90.000000 90.000000 90.000000
3160 51.272060 55.754265 57.068321 90.000000 90.000000 90.000000
3161 51.269291 55.751251 57.065235 90.000000 90.000000 90.000000
3162 51.281601 55.764641 57.078941 90.000000 90.000000 90.000000
3163 51.306828 55.792072 57.107018 90.000000 90.000000 90.000000
3164 51.244465 55.724258 57.037605 90.000000 90.000000 90.000000
3165 51.284775 55.768089 57.082470 90.000000 90.000000 90.000000
3166 51.215843 55.693134 57.005745 90.000000 90.000000 90.000000
3167 51.329697 55.816940 57.132473 90.000000 90.000000 90.000000
3168 51.160431 55.632877 56.944073 90.000000 90.000000 90.000000
3169 51.276348 55.758926 57.073090 90.000000 90.000000 90.000000
3170 51.105072 55.572678 56.882454 90.000000 90.000000 90.000000
3171 51.074654 55.539600 56.848595 90.000000 90.000000 90.000000
3172 51.164604 55.637417 56.948715 90.000000 90.000000 90.000000
3173 51.104797 55.572376 56.882145 90.000000 90.000000 90.000000
3174 51.196194 55.671764 56.983875 90.000000 90.000000 90.000000
3175 51.143120 55.614052 56.924801 90.000000 90.000000 90.000000
3176 51.275864 55.758404 57.072556 90.000000 90.000000 90.000000
3177 51.236233 55.715305 57.028442 90.000000 90.000000 90.000000
3178 51.168217 55.641342 56.952736 90.000000 90.000000 90.000000
3179 51.225533 55.703671 57.016533 90.000000 90.000000 90.000000
3180 51.262497 55.743866 57.057674 90.000000 90.000000 90.000000
3181 51.178131 55.652122 56.963772 90.000000 90.000000 90.000000
3182 51.240688 55.720150 57.033401 90.000000 90.000000 90.000000
3183 51.115818 55.584362 56.894413 90.000000 90.000000 90.000000
3184 51.101562 55.568859 56.878544 90.000000 90.000000 90.000000
3185 51.254436 55.735096 57.048702 90.000000 90.000000 90.000000
3186 51.301563 55.786346 57.101158 90.000000 90.000000 90.000000
3187 51.300434 55.785118 57.099899 90.000000 90.000000 90.000000
3188 51.186886 55.661644 56.973515 90.000000 90.000000 90.000000
3189 51.214584 55.691761 57.004345 90.000000 90.000000 90.000000
3190 51.226456 55.704674 57.017559 90.000000 90.000000 90.000000
3191 51.327793 55.814869 57.130352 90.000000 90.000000 90.000000
3192 51.277531 55.760216 57.074409 90.000000 90.000000 90.000000
3193 51.178665 55.652706 56.964367 90.000000 90.000000 90.000000
3194 51.231033 55.709652 57.022655 90.000000 90.000000 90.000000
3195 51.244495 55.724289 57.037636 90.000000 90.000000 90.000000
3196 51.209087 55.685787 56.998230 90.000000 90.000000 90.000000
3197 51.227039 55.705307 57.018208 90.000000 90.000000 90.000000
3198 51.255009 55.735722 57.049339 90.000000 90.000000 90.000000
3199 51.092766 55.559296 56.868755 90.000000 90.000000 90.000000
3200 51.211597 55.688515 57.001022 90.000000 90.000000 90.000000
3201 51.149406 55.620892 56.931801 90.000000 90.000000 90.000000
3202 51.210762 55.687607 57.000092 90.000000 90.000000 90.000000
3203 51.159813 55.632206 56.943382 90.000000 90.000000 90.000000
3204 51.195271 55.670761 56.982849 90.000000 90.000000 90.000000
3205 51.150425 55.621994 56.932934 90.000000 90.000000 90.000000
3206 51.248039 55.728142 57.041580 90.000000 90.000000 90.000000
3207 51.195099 55.670574 56.982658 90.000000 90.000000 90.000000
3208 51.168510 55.641663 56.953060 90.000000 90.000000 90.000000
3209 51.160160 55.632580 56.943768 90.000000 90.000000 90.000000
3210 51.275391 55.757885 57.072025 90.000000 90.000000 90.000000
3211 51.249504 55.729733 57.043213 90.000000 90.000000 90.000000
3212 51.127380 55.596939 56.907284 90.000000 90.000000 90.000000
3213 51.324257 55.811024 57.126415 90.000000 90.000000 90.000000
3214 51.078800 55.544109 56.853210 90.000000 90.000000 90.000000
3215 51.188210 55.663082 56.974987 90.000000 90.000000 90.000000
3216 51.253826 55.734436 57.048023 90.000000 90.000000 90.000000
3217 51.135761 55.606049 56.916611 90.000000 90.000000 90.000000
3218 51.230721 55.709309 57.022305 90.000000 90.000000 90.000000
3219 51.249241 55.729450 57.042919 90.000000 90.000000 90.000000
3220 51.216019 55.693325 57.005943 90.000000 90.000000 90.000000
3221 51.227894 55.706238 57.019161 90.000000 90.000000 90.000000
3222 51.303120 55.788040 57.102890 90.000000 90.000000 90.000000
3223 51.305984 55.791153 57.106079 90.000000 90.000000 90.000000
3224 51.243786 55.723518 57.036846 90.000000 90.000000 90.000000
3225 51.300194 55.784855 57.099632 90.000000 90.000000 90.000000
3226 51.315708 55.801727 57.116901 90.000000 90.000000 90.000000
3227 51.236969 55.716106 57.029263 90.000000 90.000000 90.000000
3228 51.201344 55.677364 56.989609 90.000000 90.000000 90.000000
3229 51.274525 55.756947 57.071064 90.000000 90.000000 90.000000
3230 51.213665 55.690762 57.003323 90.000000 90.000000 90.000000
3231 51.222469 55.700336 57.013123 90.000000 90.000000 90.000000
3232 51.207806 55.684391 56.996799 90.000000 90.000000 90.000000
3233 51.221958 55.699783 57.012554 90.000000 90.000000 90.000000
3234 51.128059 55.597672 56.908039 90.000000 90.000000 90.000000
3235 51.045319 55.507702 56.815945 90.000000 90.000000 90.000000
3236 51.116962 55.585609 56.895687 90.000000 90.000000 90.000000
3237 51.213409 55.690487 57.003040 90.000000 90.000000 90.000000
3238 51.277641 55.760334 57.074532 90.000000 90.000000 90.000000
3239 51.308392 55.793774 57.108761 90.000000 90.000000 90.000000
3240 51.143166 55.614101 56.924854 90.000000 90.000000 90.000000
3241 51.298508 55.783024 57.097755 90.000000 90.000000 90.000000
3242 51.166180 55.639126 56.950470 90.000000 90.000000 90.000000
3243 51.220509 55.698204 57.010937 90.000000 90.000000 90.000000
3244 51.260906 55.742134 57.055904 90.000000 90.000000 90.000000
3245 51.180431 55.654625 56.966331 90.000000 90.000000 90.000000
3246 51.075893 55.540951 56.849976 90.000000 90.000000 90.000000
3247 51.165524 55.638412 56.949738 90.000000 90.000000 90.000000
3248 51.119156 55.587994 56.898132 90.000000 90.000000 90.000000
3249 51.227699 55.706028 57.018944 90.000000 90.000000 90.000000
3250 51.272102 55.754311 57.068367 90.000000 90.000000 90.000000
3251 51.202847 55.679001 56.991280 90.000000 90.000000 90.000000
3252 51.143772 55.614761 56.925529 90.000000 90.000000 90.000000
3253 51.102406 55.569778 56.879486 90.000000 90.000000 90.000000
3254 51.231861 55.710552 57.023579 90.000000 90.000000 90.000000
3255 51.189671 55.664673 56.976616 90.000000 90.000000 90.000000
3256 51.194847 55.670303 56.982380 90.000000 90.000000 90.000000
3257 51.069313 55.533794 56.842651 90.000000 90.000000 90.000000
3258 51.237457 55.716633 57.029804 90.000000 90.000000 90.000000
3259 51.188339 55.663227 56.975136 90.000000 90.000000 90.000000
3260 51.122299 55.591412 56.901630 90.000000 90.000000 90.000000
3261 51.210239 55.687042 56.999512 90.000000 90.000000 90.000000
3262 51.218613 55.696144 57.008831 90.000000 90.000000 90.000000
3263 51.178333 55.652344 56.963997 90.000000 90.000000 90.000000
3264 51.138031 55.608517 56.919136 90.000000 90.000000 90.000000
3265 51.200100 55.676014 56.988224 90.000000 90.000000 90.000000
3266 51.236984 55.716122 57.029278 90.000000 90.000000 90.000000
3267 51.266941 55.748699 57.062622 90.000000 90.000000 90.000000
3268 51.221504 55.699291 57.012051 90.000000 90.000000 90.000000
3269 51.218147 55.695637 57.008312 90.000000 90.000000 90.000000
3270 51.196018 55.671574 56.983681 90.000000 90.000000 90.000000
3271 51.257950 55.738922 57.052612 90.000000 90.000000 90.000000
3272 51.183323 55.657768 56.969547 90.000000 90.000000 90.000000
3273 51.247581 55.727646 57.041073 90.000000 90.000000 90.000000
3274 51.168598 55.641758 56.953159 90.000000 90.000000 90.000000
3275 51.117558 55.586254 56.896351 90.000000 90.000000 90.000000
3276 51.349983 55.839001 57.155052 90.000000 90.000000 90.000000
3277 51.079781 55.545177 56.854305 90.000000 90.000000 90.000000
3278 51.169777 55.643036 56.954472 90.000000 90.000000 90.000000
3279 51.162697 55.635342 56.946594 90.000000 90.000000 90.000000
3280 51.236855 55.715981 57.029133 90.000000 90.000000 90.000000
3281 51.213791 55.690903 57.003464 90.000000 90.000000 90.000000
3282 51.219692 55.697319 57.010033 90.000000 90.000000 90.000000
3283 51.233063 55.711857 57.024914 90.000000 90.000000 90.000000
3284 51.234520 55.713444 57.026535 90.000000 90.000000 90.000000
3285 51.109528 55.577526 56.887413 90.000000 90.000000 90.000000
3286 51.243641 55.723362 57.036690 90.000000 90.000000 90.000000
3287 51.144825 55.615906 56.926701 90.000000 90.000000 90.000000
3288 51.216213 55.693535 57.006161 90.000000 90.000000 90.000000
3289 51.178627 55.652660 56.964321 90.000000 90.000000 90.000000
3290 51.297386 55.781803 57.096508 90.000000 90.000000 90.000000
3291 51.160187 55.632610 56.943798 90.000000 90.000000 90.000000
3292 51.266335 55.748035 57.061947 90.000000 90.000000 90.000000
3293 51.084587 55.550404 56.859653 90.000000 90.000000 90.000000
3294 51.310719 55.796303 57.111347 90.000000 90.000000 90.000000
3295 51.164642 55.637455 56.948757 90.000000 90.000000 90.000000
3296 51.169422 55.642651 56.954075 90.000000 90.000000 90.000000
3297 51.178413 55.652431 56.964088 90.000000 90.000000 90.000000
3298 51.122986 55.592159 56.902393 90.000000 90.000000 90.000000
3299 51.179363 55.653465 56.965145 90.000000 90.000000 90.000000
3300 51.214008 55.691139 57.003704 90.000000 90.000000 90.000000
3301 51.160679 55.633144 56.944344 90.000000 90.000000 90.000000
3302 51.142429 55.613300 56.924034 90.000000 90.000000 90.000000
3303 51.135040 55.605263 56.915810 90.000000 90.000000 90.000000
3304 51.193298 55.668617 56.980656 90.000000 90.000000 90.000000
3305 51.333309 55.820866 57.136490 90.000000 90.000000 90.000000
3306 51.117432 55.586117 56.896210 90.000000 90.000000 90.000000
3307 51.177814 55.651779 56.963417 90.000000 90.000000 90.000000
3308 51.181759 55.656071 56.967812 90.000000 90.000000 90.000000
3309 51.242161 55.721752 57.035042 90.000000 90.000000 90.000000
3310 51.209118 55.685818 56.998260 90.000000 90.000000 90.000000
3311 51.184479 55.659027 56.970837 90.000000 90.000000 90.000000
3312 51.190792 55.665894 56.977863 90.000000 90.000000 90.000000
3313 51.260124 55.741287 57.055035 90.000000 90.000000 90.000000
3314 51.211494 55.688404 57.000908 90.000000 90.000000 90.000000
3315 51.242348 55.721954 57.035248 90.000000 90.000000 90.000000
3316 51.202106 55.678196 56.990459 90.000000 90.000000 90.000000
3317 51.139214 55.609802 56.920452 90.000000 90.000000 90.000000
3318 51.228947 55.707378 57.020329 90.000000 90.000000 90.000000
3319 51.174805 55.648506 56.960068 90.000000 90.000000 90.000000
3320 51.166023 55.638958 56.950294 90.000000 90.000000 90.000000
3321 51.192394 55.667637 56.979649 90.000000 90.000000 90.000000
3322 51.228783 55.707203 57.020149 90.000000 90.000000 90.000000
3323 51.291943 55.775883 57.090446 90.000000 90.000000 90.000000
3324 51.365562 55.855942 57.172394 90.000000 90.000000 90.000000
3325 51.226589 55.704819 57.017712 90.000000 90.000000 90.000000
3326 51.277485 55.760166 57.074360 90.000000 90.000000 90.000000
3327 51.328480 55.815617 57.131119 90.000000 90.000000 90.000000
3328 51.174416 55.648083 56.959637 90.000000 90.000000 90.000000
3329 51.205452 55.681831 56.994179 90.000000 90.000000 90.000000
3330 51.207405 55.683956 56.996357 90.000000 90.000000 90.000000
3331 51.173569 55.647160 56.958691 90.000000 90.000000 90.000000
3332 51.234417 55.713333 57.026421 90.000000 90.000000 90.000000
3333 51.105408 55.573040 56.882824 90.000000 90.000000 90.000000
3334 51.136936 55.607327 56.917919 90.000000 90.000000 90.000000
3335 51.269329 55.751293 57.065281 90.000000 90.000000 90.000000
3336 51.275803 55.758335 57.072483 90.000000 90.000000 90.000000
3337 51.217087 55.694485 57.007133 90.000000 90.000000 90.000000
3338 51.200062 55.675968 56.988178 90.000000 90.000000 90.000000
3339 51.119705 55.588593 56.898743 90.000000 90.000000 90.000000
3340 51.218395 55.695911 57.008591 90.000000 90.000000 90.000000
3341 51.276951 55.759583 57.073765 90.000000 90.000000 90.000000
3342 51.218380 55.695889 57.008568 90.000000 90.000000 90.000000
3343 51.242119 55.721706 57.034992 90.000000 90.000000 90.000000
3344 51.148899 55.620335 56.931236 90.000000 90.000000 90.000000
3345 51.181652 55.655952 56.967690 90.000000 90.000000 90.000000
3346 51.293777 55.777882 57.092491 90.000000 90.000000 90.000000
3347 51.157658 55.629860 56.940983 90.000000 90.000000 90.000000
3348 51.098049 55.565044 56.874638 90.000000 90.000000 90.000000
3349 51.057003 55.520405 56.828949 90.000000 90.000000 90.000000
3350 51.097691 55.564651 56.874237 90.000000 90.000000 90.000000
3351 51.240791 55.720261 57.033516 90.000000 90.000000 90.000000
3352 51.173225 55.646790 56.958309 90.000000 90.000000 90.000000
3353 51.215084 55.692307 57.004902 90.000000 90.000000 90.000000
3354 51.196556 55.672161 56.984280 90.000000 90.000000 90.000000
3355 51.158447 55.630718 56.941860 90.000000 90.000000 90.000000
3356 51.215977 55.693279 57.005898 90.000000 90.000000 90.000000
3357 51.257801 55.738758 57.052448 90.000000 90.000000 90.000000
3358 51.247650 55.727718 57.041149 90.000000 90.000000 90.000000
3359 51.268093 55.749950 57.063904 90.000000 90.000000 90.000000
3360 51.237274 55.716434 57.029598 90.000000 90.000000 90.000000
3361 51.148537 55.619946 56.930832 90.000000 90.000000 90.000000
3362 51.232609 55.711361 57.024406 90.000000 90.000000 90.000000
3363 51.119984 55.588890 56.899048 90.000000 90.000000 90.000000
3364 51.258968 55.740025 57.053745 90.000000 90.000000 90.000000
3365 51.196388 55.671978 56.984093 90.000000 90.000000 90.000000
3366 51.152664 55.624428 56.935425 90.000000 90.000000 90.000000
3367 51.252731 55.733246 57.046806 90.000000 90.000000 90.000000
3368 51.190815 55.665916 56.977890 90.000000 90.000000 90.000000
3369 51.124001 55.593262 56.903522 90.000000 90.000000 90.000000
3370 51.178432 55.652451 56.964108 90.000000 90.000000 90.000000
3371 51.094296 55.560959 56.870457 90.000000 90.000000 90.000000
3372 51.320587 55.807034 57.122334 90.000000 90.000000 90.000000
3373 51.092659 55.559177 56.868637 90.000000 90.000000 90.000000
3374 51.111855 55.580055 56.890003 90.000000 90.000000 90.000000
3375 51.161457 55.633991 56.945210 90.000000 90.000000 90.000000
3376 51.181751 55.656063 56.967804 90.000000 90.000000 90.000000
3377 51.218071 55.695553 57.008224 90.000000 90.000000 90.000000
3378 51.222229 55.700077 57.012856 90.000000 90.000000 90.000000
3379 51.242943 55.722599 57.035908 90.000000 90.000000 90.000000
3380 51.185390 55.660015 56.971851 90.000000 90.000000 90.000000
3381 51.239239 55.718575 57.031788 90.000000 90.000000 90.000000
3382 51.262840 55.744236 57.058056 90.000000 90.000000 90.000000
3383 51.227470 55.705776 57.018688 90.000000 90.000000 90.000000
3384 51.178577 55.652611 56.964268 90.000000 90.000000 90.000000
3385 51.049927 55.512711 56.821075 90.000000 90.000000 90.000000
3386 51.267887 55.749725 57.063671 90.000000 90.000000 90.000000
3387 51.268856 55.750778 57.064751 90.000000 90.000000 90.000000
3388 51.160778 55.633251 56.944454 90.000000 90.000000 90.000000
3389 51.245926 55.725845 57.039230 90.000000 90.000000 90.000000
3390 51.139290 55.609890 56.920540 90.000000 90.000000 90.000000
3391 51.122250 55.591358 56.901573 90.000000 90.000000 90.000000
3392 51.226753 55.704998 57.017891 90.000000 90.000000 90.000000
3393 51.199814 55.675701 56.987904 90.000000 90.000000 90.000000
3394 51.297592 55.782028 57.096737 90.000000 90.000000 90.000000
3395 51.221951 55.699776 57.012547 90.000000 90.000000 90.000000
3396 51.178032 55.652016 56.963661 90.000000 90.000000 90.000000
3397 51.206036 55.682468 56.994831 90.000000 90.000000 90.000000
3398 51.119602 55.588478 56.898624 90.000000 90.000000 90.000000
3399 51.179909 55.654057 56.965748 90.000000 90.000000 90.000000
3400 51.281517 55.764545 57.078842 90.000000 90.000000 90.000000
3401 51.232391 55.711128 57.024166 90.000000 90.000000 90.000000
3402 51.170742 55.644089 56.955547 90.000000 90.000000 90.000000
3403 51.173481 55.647068 56.958595 90.000000 90.000000 90.000000
3404 51.152119 55.623837 56.934818 90.000000 90.000000 90.000000
3405 51.110126 55.578175 56.888081 90.000000 90.000000 90.000000
3406 51.159508 55.631874 56.943043 90.000000 90.000000 90.000000
3407 51.233551 55.712387 57.025455 90.000000 90.000000 90.000000
3408 51.243565 55.723278 57.036602 90.000000 90.000000 90.000000
3409 51.163273 55.635967 56.947231 90.000000 90.000000 90.000000
3410 51.108078 55.575947 56.885799 90.000000 90.000000 90.000000
3411 51.198208 55.673954 56.986118 90.000000 90.000000 90.000000
3412 51.227623 55.705940 57.018856 90.000000 90.000000 90.000000
3413 51.104607 55.572174 56.881935 90.000000 90.000000 90.000000
3414 51.157715 55.629921 56.941048 90.000000 90.000000 90.000000
3415 51.261192 55.742447 57.056221 90.000000 90.000000 90.000000
3416 51.247303 55.727341 57.040764 90.000000 90.000000 90.000000
3417 51.167294 55.640339 56.951706 90.000000 90.000000 90.000000
3418 51.255676 55.736446 57.050079 90.000000 90.000000 90.000000
3419 51.222031 55.699860 57.012630 90.000000 90.000000 90.000000
3420 51.219028 55.696598 57.009293 90.000000 90.000000 90.000000
3421 51.172764 55.646290 56.957798 90.000000 90.000000 90.000000
3422 51.246437 55.726402 57.039799 90.000000 90.000000 90.000000
3423 51.197701 55.673405 56.985554 90.000000 90.000000 90.000000
3424 51.152241 55.623970 56.934956 90.000000 90.000000 90.000000
3425 51.216949 55.694336 57.006977 90.000000 90.000000 90.000000
3426 51.170948 55.644314 56.955780 90.000000 90.000000 90.000000
3427 51.223911 55.701908 57.014729 90.000000 90.000000 90.000000
3428 51.127975 55.597584 56.907948 90.000000 90.000000 90.000000
3429 51.246651 55.726631 57.040035 90.000000 90.000000 90.000000
3430 51.262650 55.744030 57.057842 90.000000 90.000000 90.000000
3431 51.217297 55.694714 57.007362 90.000000 90.000000 90.000000
3432 51.220810 55.698532 57.011272 90.000000 90.000000 90.000000
3433 51.211063 55.687935 57.000427 90.000000 90.000000 90.000000
3434 51.171429 55.644836 56.956314 90.000000 90.000000 90.000000
3435 51.211838 55.688774 57.001286 90.000000 90.000000 90.000000
3436 51.165565 55.638462 56.949787 90.000000 90.000000 90.000000
3437 51.273411 55.755733 57.069824 90.000000 90.000000 90.000000
3438 51.124882 55.594219 56.904503 90.000000 90.000000 90.000000
3439 51.200897 55.676880 56.989109 90.000000 90.000000 90.000000
3440 51.069218 55.533688 56.842545 90.000000 90.000000 90.000000
3441 51.179623 55.653744 56.965431 90.000000 90.000000 90.000000
3442 51.174091 55.647732 56.959274 90.000000 90.000000 90.000000
3443 51.148018 55.619377 56.930252 90.000000 90.000000 90.000000
3444 51.084663 55.550484 56.859737 90.000000 90.000000 90.000000
3445 51.232880 55.711658 57.024712 90.000000 90.000000 90.000000
3446 51.113945 55.582329 56.892330 90.000000 90.000000 90.000000
3447 51.097008 55.563908 56.873478 90.000000 90.000000 90.000000
3448 51.086758 55.552765 56.862072 90.000000 90.000000 90.000000
3449 51.128517 55.598171 56.908546 90.000000 90.000000 90.000000
3450 51.173622 55.647221 56.958752 90.000000 90.000000 90.000000
3451 51.170853 55.644211 56.955673 90.000000 90.000000 90.000000
3452 51.085079 55.550934 56.860199 90.000000 90.000000 90.000000
3453 51.129444 55.599182 56.909580 90.000000 90.000000 90.000000
3454 51.291565 55.775475 57.090031 90.000000 90.000000 90.000000
3455 51.167503 55.640564 56.951942 90.000000 90.000000 90.000000
3456 51.129322 55.599049 56.909443 90.000000 90.000000 90.000000
3457 51.263874 55.745361 57.059208 90.000000 90.000000 90.000000
3458 51.154327 55.626240 56.937279 90.000000 90.000000 90.000000
3459 51.273170 55.755474 57.069557 90.000000 90.000000 90.000000
3460 51.220840 55.698566 57.011311 90.000000 90.000000 90.000000
3461 51.194279 55.669685 56.981747 90.000000 90.000000 90.000000
3462 51.258320 55.739323 57.053024 90.000000 90.000000 90.000000
3463 51.180222 55.654396 56.966099 90.000000 90.000000 90.000000
3464 51.251873 55.732311 57.045849 90.000000 90.000000 90.000000
3465 51.191322 55.666470 56.978455 90.000000 90.000000 90.000000
3466 51.115566 55.584087 56.894131 90.000000 90.000000 90.000000
3467 51.124855 55.594189 56.904472 90.000000 90.000000 90.000000
3468 51.188278 55.663158 56.975067 90.000000 90.000000 90.000000
3469 51.118462 55.587238 56.897354 90.000000 90.000000 90.000000
3470 51.132114 55.602085 56.912552 90.000000 90.000000 90.000000
3471 51.272221 55.754436 57.068497 90.000000 90.000000 90.000000
3472 51.155014 55.626984 56.938038 90.000000 90.000000 90.000000
3473 51.192936 55.668224 56.980251 90.000000 90.000000 90.000000
3474 51.292557 55.776554 57.091133 90.000000 90.000000 90.000000
3475 51.292690 55.776695 57.091278 90.000000 90.000000 90.000000
3476 51.103035 55.570461 56.880184 90.000000 90.000000 90.000000
3477 51.155777 55.627815 56.938892 90.000000 90.000000 90.000000
3478 51.289852 55.773613 57.088123 90.000000 90.000000 90.000000
3479 51.199383 55.675236 56.987427 90.000000 90.000000 90.000000
3480 51.303047 55.787960 57.102810 90.000000 90.000000 90.000000
3481 51.238300 55.717552 57.030743 90.000000 90.000000 90.000000
3482 51.246677 55.726662 57.040070 90.000000 90.000000 90.000000
3483 51.186840 55.661591 56.973465 90.000000 90.000000 90.000000
3484 51.278728 55.761513 57.075741 90.000000 90.000000 90.000000
3485 51.230145 55.708687 57.021667 90.000000 90.000000 90.000000
3486 51.078571 55.543861 56.852955 90.000000 90.000000 90.000000
3487 51.175072 55.648796 56.960369 90.000000 90.000000 90.000000
3488 51.247917 55.728008 57.041447 90.000000 90.000000 90.000000
3489 51.238968 55.718281 57.031487 90.000000 90.000000 90.000000
3490 51.235455 55.714458 57.027576 90.000000 90.000000 90.000000
3491 51.077278 55.542454 56.851517 90.000000 90.000000 90.000000
3492 51.105961 55.573647 56.883442 90.000000 90.000000 90.000000
3493 51.134216 55.604370 56.914890 90.000000 90.000000 90.000000
3494 51.159134 55.631466 56.942627 90.000000 90.000000 90.000000
3495 51.243233 55.722916 57.036232 90.000000 90.000000 90.000000
3496 51.090424 55.556747 56.866150 90.000000 90.000000 90.000000
3497 51.248138 55.728252 57.041695 90.000000 90.000000 90.000000
3498 51.250599 55.730927 57.044430 90.000000 90.000000 90.000000
3499 51.327110 55.814129 57.129593 90.000000 90.000000 90.000000
3500 51.110115 55.578159 56.888065 90.000000 90.000000 90.000000
3501 51.119896 55.588799 56.898952 90.000000 90.000000 90.000000
3502 51.113926 55.582306 56.892307 90.000000 90.000000 90.000000
3503 51.259174 55.740253 57.053978 90.000000 90.000000 90.000000
3504 51.177013 55.650909 56.962528 90.000000 90.000000 90.000000
3505 51.213108 55.690159 57.002705 90.000000 90.000000 90.000000
3506 51.123932 55.593185 56.903446 90.000000 90.000000 90.000000
3507 51.293839 55.777946 57.092560 90.000000 90.000000 90.000000
3508 51.209251 55.685966 56.998413 90.000000 90.000000 90.000000
3509 51.160786 55.633263 56.944466 90.000000 90.000000 90.000000
3510 51.088089 55.554207 56.863548 90.000000 90.000000 90.000000
3511 51.140148 55.610821 56.921497 90.000000 90.000000 90.000000
3512 51.212387 55.689373 57.001900 90.000000 90.000000 90.000000
3513 51.184273 55.658802 56.970604 90.000000 90.000000 90.000000
3514 51.072567 55.537331 56.846272 90.000000 90.000000 90.000000
3515 51.300804 55.785522 57.100315 90.000000 90.000000 90.000000
3516 51.139454 55.610065 56.920723 90.000000 90.000000 90.000000
3517 51.220943 55.698681 57.011425 90.000000 90.000000 90.000000
3518 51.209141 55.685844 56.998283 90.000000 90.000000 90.000000
3519 51.322418 55.809025 57.124371 90.000000 90.000000 90.000000
3520 51.128452 55.598103 56.908478 90.000000 90.000000 90.000000
3521 51.071152 55.535793 56.844700 90.000000 90.000000 90.000000
3522 51.359009 55.848812 57.165096 90.000000 90.000000 90.000000
3523 51.207111 55.683636 56.996029 90.000000 90.000000 90.000000
3524 51.260235 55.741405 57.055157 90.000000 90.000000 90.000000
3525 51.308796 55.794212 57.109211 90.000000 90.000000 90.000000
3526 51.253311 55.733875 57.047447 90.000000 90.000000 90.000000
3527 51.211941 55.688889 57.001400 90.000000 90.000000 90.000000
3528 51.236259 55.715336 57.028473 90.000000 90.000000 90.000000
3529 51.188221 55.663094 56.975002 90.000000 90.000000 90.000000
3530 51.187202 55.661991 56.973869 90.000000 90.000000 90.000000
3531 51.245323 55.725193 57.038563 90.000000 90.000000 90.000000
3532 51.215256 55.692493 57.005093 90.000000 90.000000 90.000000
3533 51.194817 55.670265 56.982342 90.000000 90.000000 90.000000
3534 51.182255 55.656609 56.968361 90.000000 90.000000 90.000000
3535 51.316040 55.802086 57.117268 90.000000 90.000000 90.000000
3536 51.219006 55.696571 57.009270 90.000000 90.000000 90.000000
3537 51.166569 55.639549 56.950901 90.000000 90.000000 90.000000
3538 51.291138 55.775009 57.089554 90.000000 90.000000 90.000000
3539 51.217175 55.694580 57.007225 90.000000 90.000000 90.000000
3540 51.201794 55.677853 56.990108 90.000000 90.000000 90.000000
3541 51.218761 55.696304 57.008995 90.000000 90.000000 90.000000
3542 51.180782 55.655010 56.966724 90.000000 90.000000 90.000000
3543 51.302578 55.787449 57.102287 90.000000 90.000000 90.000000
3544 51.234062 55.712944 57.026024 90.000000 90.000000 90.000000
3545 51.201096 55.677094 56.989330 90.000000 90.000000 90.000000
3546 51.194736 55.670181 56.982254 90.000000 90.000000 90.000000
3547 51.251644 55.732063 57.045597 90.000000 90.000000 90.000000
3548 51.242714 55.722355 57.035656 90.000000 90.000000 90.000000
3549 51.152672 55.624439 56.935432 90.000000 90.000000 90.000000
3550 51.158405 55.630672 56.941814 90.000000 90.000000 90.000000
3551 51.208866 55.685547 56.997982 90.000000 90.000000 90.000000
3552 51.246010 55.725937 57.039326 90.000000 90.000000 90.000000
3553 51.233452 55.712280 57.025345 90.000000 90.000000 90.000000
3554 51.132542 55.602547 56.913025 90.000000 90.000000 90.000000
3555 51.126568 55.596054 56.906380 90.000000 90.000000 90.000000
3556 51.059170 55.522762 56.831360 90.000000 90.000000 90.000000
3557 51.204056 55.680317 56.992630 90.000000 90.000000 90.000000
3558 51.135616 55.605892 56.916451 90.000000 90.000000 90.000000
3559 51.175331 55.649078 56.960655 90.000000 90.000000 90.000000
3560 51.154408 55.626324 56.937366 90.000000 90.000000 90.000000
3561 51.228573 55.706974 57.019917 90.000000 90.000000 90.000000
3562 51.117146 55.585808 56.895893 90.000000 90.000000 90.000000
3563 51.295189 55.779415 57.094063 90.000000 90.000000 90.000000
3564 51.228565 55.706966 57.019905 90.000000 90.000000 90.000000
3565 51.194477 55.669899 56.981964 90.000000 90.000000 90.000000
3566 51.100628 55.567848 56.877510 90.000000 90.000000 90.000000
3567 51.129486 55.599228 56.909630 90.000000 90.000000 90.000000
3568 51.123314 55.592518 56.902760 90.000000 90.000000 90.000000
3569 51.159790 55.632179 56.943356 90.000000 90.000000 90.000000
3570 51.096020 55.562832 56.872375 90.000000 90.000000 90.000000
3571 51.250416 55.730728 57.044228 90.000000 90.000000 90.000000
3572 51.187206 55.661995 56.973873 90.000000 90.000000 90.000000
3573 51.188053 55.662914 56.974815 90.000000 90.000000 90.000000
3574 51.133366 55.603443 56.913944 90.000000 90.000000 90.000000
3575 51.071037 55.535667 56.844574 90.000000 90.000000 90.000000
3576 51.413002 55.907528 57.225197 90.000000 90.000000 90.000000
3577 51.290787 55.774628 57.089161 90.000000 90.000000 90.000000
3578 51.128471 55.598122 56.908497 90.000000 90.000000 90.000000
3579 51.129276 55.598999 56.909397 90.000000 90.000000 90.000000
3580 51.089252 55.555473 56.864845 90.000000 90.000000 90.000000
3581 51.246243 55.726189 57.039585 90.000000 90.000000 90.000000
3582 51.153111 55.624916 56.935925 90.000000 90.000000 90.000000
3583 51.219040 55.696609 57.009308 90.000000 90.000000 90.000000
3584 51.199909 55.675808 56.988014 90.000000 90.000000 90.000000
3585 51.223701 55.701679 57.014492 90.000000 90.000000 90.000000
3586 51.210445 55.687263 56.999741 90.000000 90.000000 90.000000
3587 51.181915 55.656239 56.967983 90.000000 90.000000 90.000000
3588 51.318748 55.805035 57.120289 90.000000 90.000000 90.000000
3589 51.304859 55.789928 57.104824 90.000000 90.000000 90.000000
3590 51.057121 55.520535 56.829082 90.000000 90.000000 90.000000
3591 51.043896 55.506153 56.814362 90.000000 90.000000 90.000000
3592 51.193336 55.668659 56.980694 90.000000 90.000000 90.000000
3593 51.252323 55.732803 57.046352 90.000000 90.000000 90.000000
3594 51.218552 55.696075 57.008759 90.000000 90.000000 90.000000
3595 51.290100 55.773880 57.088398 90.000000 90.000000 90.000000
3596 51.250690 55.731026 57.044533 90.000000 90.000000 90.000000
3597 51.154182 55.626080 56.937115 90.000000 90.000000 90.000000
3598 51.317474 55.803646 57.118866 90.000000 90.000000 90.000000
3599 51.132469 55.602470 56.912949 90.000000 90.000000 90.000000
3600 51.311481 55.797134 57.112198 90.000000 90.000000 90.000000
3601 51.124332 55.593620 56.903889 90.000000 90.000000 90.000000
3602 51.257961 55.738934 57.052628 90.000000 90.000000 90.000000
3603 51.181355 55.655628 56.967358 90.000000 90.000000 90.000000
3604 51.229778 55.708282 57.021255 90.000000 90.000000 90.000000
3605 51.178677 55.652718 56.964378 90.000000 90.000000 90.000000
3606 51.140266 55.610947 56.921623 90.000000 90.000000 90.000000
3607 51.228725 55.707142 57.020084 90.000000 90.000000 90.000000
3608 51.288040 55.771641 57.086105 90.000000 90.000000 90.000000
3609 51.196156 55.671726 56.983837 90.000000 90.000000 90.000000
3610 51.163177 55.635860 56.947128 90.000000 90.000000 90.000000
3611 51.180210 55.654385 56.966084 90.000000 90.000000 90.000000
3612 51.180557 55.654762 56.966473 90.000000 90.000000 90.000000
3613 51.215885 55.693176 57.005795 90.000000 90.000000 90.000000
3614 51.170242 55.643547 56.954990 90.000000 90.000000 90.000000
3615 51.288132 55.771740 57.086208 90.000000 90.000000 90.000000
3616 51.155605 55.627628 56.938698 90.000000 90.000000 90.000000
3617 51.083000 55.548676 56.857883 90.000000 90.000000 90.000000
3618 51.197113 55.672764 56.984898 90.000000 90.000000 90.000000
3619 51.179787 55.653923 56.965614 90.000000 90.000000 90.000000
3620 51.272598 55.754848 57.068920 90.000000 90.000000 90.000000
3621 51.142002 55.612839 56.923561 90.000000 90.000000 90.000000
3622 51.306217 55.791409 57.106339 90.000000 90.000000 90.000000
3623 51.236000 55.715054 57.028183 90.000000 90.000000 90.000000
3624 51.099522 55.566643 56.876274 90.000000 90.000000 90.000000
3625 51.201736 55.677792 56.990044 90.000000 90.000000 90.000000
3626 51.083660 55.549397 56.858624 90.000000 90.000000 90.000000
3627 51.201389 55.677414 56.989658 90.000000 90.000000 90.000000
3628 51.113064 55.581367 56.891350 90.000000 90.000000 90.000000
3629 51.218796 55.696342 57.009033 90.000000 90.000000 90.000000
3630 51.241455 55.720985 57.034256 90.000000 90.000000 90.000000
3631 51.321587 55.808121 57.123447 90.000000 90.000000 90.000000
3632 51.163300 55.635998 56.947266 90.000000 90.000000 90.000000
3633 51.232616 55.711372 57.024418 90.000000 90.000000 90.000000
3634 51.185432 55.660061 56.971897 90.000000 90.000000 90.000000
3635 51.238163 55.717403 57.030590 90.000000 90.000000 90.000000
3636 51.177246 55.651161 56.962784 90.000000 90.000000 90.000000
3637 51.253910 55.734528 57.048119 90.000000 90.000000 90.000000
3638 51.199863 55.675755 56.987961 90.000000 90.000000 90.000000
3639 51.295605 55.779865 57.094524 90.000000 90.000000 90.000000
3640 51.200806 55.676781 56.989010 90.000000 90.000000 90.000000
3641 51.242569 55.722195 57.035496 90.000000 90.000000 90.000000
3642 51.290726 55.774563 57.089096 90.000000 90.000000 90.000000
3643 51.125568 55.594967 56.905266 90.000000 90.000000 90.000000
3644 51.220257 55.697933 57.010658 90.000000 90.000000 90.000000
3645 51.180931 55.655170 56.966888 90.000000 90.000000 90.000000
3646 51.162983 55.635651 56.946911 90.000000 90.000000 90.000000
3647 51.229343 55.707813 57.020775 90.000000 90.000000 90.000000
3648 51.341431 55.829697 57.145531 90.000000 90.000000 90.000000
3649 51.095837 55.562634 56.872173 90.000000 90.000000 90.000000
3650 51.271385 55.753532 57.067570 90.000000 90.000000 90.000000
3651 51.309818 55.795322 57.110344 90.000000 90.000000 90.000000
3652 51.254196 55.734840 57.048435 90.000000 90.000000 90.000000
3653 51.208836 55.685513 56.997948 90.000000 90.000000 90.000000
3654 51.219757 55.697388 57.010101 90.000000 90.000000 90.000000
3655 51.154350 55.626266 56.937305 90.000000 90.000000 90.000000
3656 51.260414 55.741600 57.055355 90.000000 90.000000 90.000000
3657 51.153866 55.625736 56.936764 90.000000 90.000000 90.000000
3658 51.198914 55.674725 56.986904 90.000000 90.000000 90.000000
3659 51.256187 55.737007 57.050655 90.000000 90.000000 90.000000
3660 51.214588 55.691769 57.004353 90.000000 90.000000 90.000000
3661 51.183239 55.657677 56.969456 90.000000 90.000000 90.000000
3662 51.069538 55.534039 56.842903 90.000000 90.000000 90.000000
3663 51.160000 55.632408 56.943592 90.000000 90.000000 90.000000
3664 51.087406 55.553467 56.862789 90.000000 90.000000 90.000000
3665 51.013031 55.472591 56.780010 90.000000 90.000000 90.000000
3666 51.146908 55.618172 56.929020 90.000000 90.000000 90.000000
3667 51.294472 55.778633 57.093266 90.000000 90.000000 90.000000
3668 51.066566 55.530804 56.839592 90.000000 90.000000 90.000000
3669 51.251038 55.731403 57.044918 90.000000 90.000000 90.000000
3670 51.096493 55.563347 56.872906 90.000000 90.000000 90.000000
3671 51.145554 55.616699 56.927509 90.000000 90.000000 90.000000
3672 51.174850 55.648556 56.960117 90.000000 90.000000 90.000000
3673 51.225018 55.703110 57.015961 90.000000 90.000000 90.000000
3674 51.106678 55.574425 56.884239 90.000000 90.000000 90.000000
3675 51.259113 55.740185 57.053905 90.000000 90.000000 90.000000
3676 51.169228 55.642441 56.953861 90.000000 90.000000 90.000000
3677 51.223167 55.701096 57.013897 90.000000 90.000000 90.000000
3678 51.289814 55.773571 57.088081 90.000000 90.000000 90.000000
3679 51.197060 55.672707 56.984840 90.000000 90.000000 90.000000
3680 51.257355 55.738274 57.051952 90.000000 90.000000 90.000000
3681 51.187450 55.662258 56.974144 90.000000 90.000000 90.000000
3682 51.223797 55.701782 57.014603 90.000000 90.000000 90.000000
3683 51.229965 55.708488 57.021465 90.000000 90.000000 90.000000
3684 51.186211 55.660912 56.972763 90.000000 90.000000 90.000000
3685 51.218250 55.695751 57.008427 90.000000 90.000000 90.000000
3686 51.165455 55.638340 56.949665 90.000000 90.000000 90.000000
3687 51.398483 55.891739 57.209034 90.000000 90.000000 90.000000
3688 51.088161 55.554287 56.863632 90.000000 90.000000 90.000000
3689 51.263729 55.745201 57.059044 90.000000 90.000000 90.000000
3690 51.264881 55.746460 57.060329 90.000000 90.000000 90.000000
3691 51.172729 55.646248 56.957760 90.000000 90.000000 90.000000
3692 51.202408 55.678524 56.990795 90.000000 90.000000 90.000000
3693 51.201633 55.677681 56.989929 90.000000 90.000000 90.000000
3694 51.196522 55.672123 56.984241 90.000000 90.000000 90.000000
3695 51.204735 55.681053 56.993385 90.000000 90.000000 90.000000
3696 51.238068 55.717300 57.030483 90.000000 90.000000 90.000000
3697 51.277706 55.760403 57.074604 90.000000 90.000000 90.000000
3698 51.193932 55.669304 56.981358 90.000000 90.000000 90.000000
3699 51.116779 55.585407 56.895485 90.000000 90.000000 90.000000
3700 51.238888 55.718193 57.031399 90.000000 90.000000 90.000000
3701 51.225040 55.703133 57.015984 90.000000 90.000000 90.000000
3702 51.114655 55.583096 56.893120 90.000000 90.000000 90.000000
3703 51.177853 55.651821 56.963463 90.000000 90.000000 90.000000
3704 51.300545 55.785236 57.100021 90.000000 90.000000 90.000000
3705 51.168922 55.642113 56.953522 90.000000 90.000000 90.000000
3706 51.210091 55.686878 56.999348 90.000000 90.000000 90.000000
3707 51.281288 55.764297 57.078590 90.000000 90.000000 90.000000
3708 51.138714 55.609261 56.919899 90.000000 90.000000 90.000000
3709 51.234165 55.713055 57.026138 90.000000 90.000000 90.000000
3710 51.216099 55.693413 57.006035 90.000000 90.000000 90.000000
3711 51.154140 55.626034 56.937069 90.000000 90.000000 90.000000
3712 51.313362 55.799175 57.114288 90.000000 90.000000 90.000000
3713 51.303886 55.788872 57.103741 90.000000 90.000000 90.000000
3714 51.106804 55.574562 56.884380 90.000000 90.000000 90.000000
3715 51.281986 55.765057 57.079365 90.000000 90.000000 90.000000
3716 51.216545 55.693897 57.006531 90.000000 90.000000 90.000000
3717 51.191582 55.666748 56.978741 90.000000 90.000000 90.000000
3718 51.154625 55.626560 56.937607 90.000000 90.000000 90.000000
3719 51.173416 55.646996 56.958523 90.000000 90.000000 90.000000
3720 51.135277 55.605522 56.916073 90.000000 90.000000 90.000000
3721 51.296223 55.780537 57.095211 90.000000 90.000000 90.000000
3722 51.235722 55.714748 57.027870 90.000000 90.000000 90.000000
3723 51.172531 55.646034 56.957539 90.000000 90.000000 90.000000
3724 51.156155 55.628227 56.939312 90.000000 90.000000 90.000000
3725 51.307720 55.793041 57.108009 90.000000 90.000000 90.000000
3726 51.214676 55.691864 57.004448 90.000000 90.000000 90.000000
3727 51.190815 55.665916 56.977890 90.000000 90.000000 90.000000
3728 51.198853 55.674656 56.986835 90.000000 90.000000 90.000000
3729 51.270603 55.752678 57.066696 90.000000 90.000000 90.000000
3730 51.115807 55.584351 56.894402 90.000000 90.000000 90.000000
3731 51.322567 55.809189 57.124538 90.000000 90.000000 90.000000
3732 51.141014 55.611763 56.922459 90.000000 90.000000 90.000000
3733 51.176373 55.650211 56.961815 90.000000 90.000000 90.000000
3734 51.196865 55.672493 56.984623 90.000000 90.000000 90.000000
3735 51.216389 55.693726 57.006355 90.000000 90.000000 90.000000
3736 51.085690 55.551601 56.860882 90.000000 90.000000 90.000000
3737 51.257729 55.738682 57.052368 90.000000 90.000000 90.000000
3738 51.217525 55.694962 57.007618 90.000000 90.000000 90.000000
3739 51.129154 55.598862 56.909256 90.000000 90.000000 90.000000
3740 51.256363 55.737194 57.050846 90.000000 90.000000 90.000000
3741 51.215153 55.692383 57.004978 90.000000 90.000000 90.000000
3742 51.324760 55.811573 57.126980 90.000000 90.000000 90.000000
3743 51.178013 55.651997 56.963638 90.000000 90.000000 90.000000
3744 51.202541 55.678665 56.990940 90.000000 90.000000 90.000000
3745 51.201931 55.678001 56.990261 90.000000 90.000000 90.000000
3746 51.224808 55.702885 57.015728 90.000000 90.000000 90.000000
3747 51.237530 55.716713 57.029884 90.000000 90.000000 90.000000
3748 51.219086 55.696659 57.009357 90.000000 90.000000 90.000000
3749 51.126911 55.596424 56.906761 90.000000 90.000000 90.000000
3750 51.173016 55.646561 56.958076 90.000000 90.000000 90.000000
3751 51.097584 55.564533 56.874119 90.000000 90.000000 90.000000
3752 51.282677 55.765808 57.080135 90.000000 90.000000 90.000000
3753 51.285545 55.768929 57.083328 90.000000 90.000000 90.000000
3754 51.279575 55.762440 57.076687 90.000000 90.000000 90.000000
3755 51.058056 55.521553 56.830124 90.000000 90.000000 90.000000
3756 51.151443 55.623104 56.934067 90.000000 90.000000 90.000000
3757 51.282299 55.765400 57.079716 90.000000 90.000000 90.000000
3758 51.246807 55.726803 57.040211 90.000000 90.000000 90.000000
3759 51.212490 55.689487 57.002018 90.000000 90.000000 90.000000
3760 51.184662 55.659225 56.971039 90.000000 90.000000 90.000000
3761 51.204296 55.680576 56.992893 90.000000 90.000000 90.000000
3762 51.244270 55.724045 57.037388 90.000000 90.000000 90.000000
3763 51.074688 55.539635 56.848633 90.000000 90.000000 90.000000
3764 51.118481 55.587257 56.897377 90.000000 90.000000 90.000000
3765 51.139145 55.609730 56.920380 90.000000 90.000000 90.000000
3766 51.168106 55.641220 56.952614 90.000000 90.000000 90.000000
3767 51.179111 55.653187 56.964863 90.000000 90.000000 90.000000
3768 51.091892 55.558346 56.867783 90.000000 90.000000 90.000000
3769 51.286568 55.770039 57.084469 90.000000 90.000000 90.000000
3770 51.263172 55.744602 57.058430 90.000000 90.000000 90.000000
3771 51.155525 55.627541 56.938606 90.000000 90.000000 90.000000
3772 51.194839 55.670292 56.982368 90.000000 90.000000 90.000000
3773 51.160526 55.632980 56.944176 90.000000 90.000000 90.000000
3774 51.180447 55.654644 56.966351 90.000000 90.000000 90.000000
3775 51.306992 55.792252 57.107201 90.000000 90.000000 90.000000
3776 51.115005 55.583481 56.893509 90.000000 90.000000 90.000000
3777 51.083942 55.549702 56.858932 90.000000 90.000000 90.000000
3778 51.291683 55.775604 57.090160 90.000000 90.000000 90.000000
3779 51.267441 55.749241 57.063179 90.000000 90.000000 90.000000
3780 51.179905 55.654053 56.965744 90.000000 90.000000 90.000000
3781 51.132576 55.602585 56.913063 90.000000 90.000000 90.000000
3782 51.373245 55.864296 57.180943 90.000000 90.000000 90.000000
3783 51.193634 55.668983 56.981026 90.000000 90.000000 90.000000
3784 51.232273 55.710999 57.024036 90.000000 90.000000 90.000000
3785 51.300369 55.785049 57.099831 90.000000 90.000000 90.000000
3786 51.196239 55.671814 56.983929 90.000000 90.000000 90.000000
3787 51.221901 55.699722 57.012489 90.000000 90.000000 90.000000
3788 51.221237 55.699001 57.011753 90.000000 90.000000 90.000000
3789 51.144974 55.616066 56.926865 90.000000 90.000000 90.000000
3790 51.198326 55.674088 56.986252 90.000000 90.000000 90.000000
3791 51.146370 55.617584 56.928421 90.000000 90.000000 90.000000
3792 51.190914 55.666023 56.977997 90.000000 90.000000 90.000000
3793 51.279991 55.762890 57.077148 90.000000 90.000000 90.000000
3794 51.148624 55.620037 56.930931 90.000000 90.000000 90.000000
3795 51.131031 55.600906 56.911346 90.000000 90.000000 90.000000
3796 51.101322 55.568600 56.878281 90.000000 90.000000 90.000000
3797 51.209770 55.686527 56.998989 90.000000 90.000000 90.000000
3798 51.131832 55.601776 56.912239 90.000000 90.000000 90.000000
3799 51.328674 55.815826 57.131332 90.000000 90.000000 90.000000
3800 51.147331 55.618629 56.929489 90.000000 90.000000 90.000000
3801 51.192078 55.667290 56.979294 90.000000 90.000000 90.000000
3802 51.217060 55.694454 57.007099 90.000000 90.000000 90.000000
3803 51.219067 55.696640 57.009335 90.000000 90.000000 90.000000
3804 51.069435 55.533928 56.842789 90.000000 90.000000 90.000000
3805 51.288250 55.771870 57.086338 90.000000 90.000000 90.000000
3806 51.158421 55.630692 56.941833 90.000000 90.000000 90.000000
3807 51.157856 55.630074 56.941204 90.000000 90.000000 90.000000
3808 51.178833 55.652885 56.964554 90.000000 90.000000 90.000000
3809 51.234421 55.713337 57.026424 90.000000 90.000000 90.000000
3810 51.036625 55.498245 56.806267 90.000000 90.000000 90.000000
3811 51.214031 55.691162 57.003731 90.000000 90.000000 90.000000
3812 51.240589 55.720043 57.033291 90.000000 90.000000 90.000000
3813 51.192749 55.668018 56.980042 90.000000 90.000000 90.000000
3814 51.176205 55.650032 56.961628 90.000000 90.000000 90.000000
3815 51.316669 55.802773 57.117970 90.000000 90.000000 90.000000
3816 51.168201 55.641327 56.952721 90.000000 90.000000 90.000000
3817 51.125446 55.594833 56.905132 90.000000 90.000000 90.000000
3818 51.131512 55.601429 56.911880 90.000000 90.000000 90.000000
3819 51.219719 55.697346 57.010059 90.000000 90.000000 90.000000
3820 51.261707 55.743008 57.056797 90.000000 90.000000 90.000000
3821 51.341568 55.829845 57.145683 90.000000 90.000000 90.000000
3822 51.160904 55.633389 56.944595 90.000000 90.000000 90.000000
3823 51.133144 55.603207 56.913700 90.000000 90.000000 90.000000
3824 51.354298 55.843693 57.159855 90.000000 90.000000 90.000000
3825 51.140381 55.611076 56.921757 90.000000 90.000000 90.000000
3826 51.206383 55.682846 56.995220 90.000000 90.000000 90.000000
3827 51.294472 55.778637 57.093266 90.000000 90.000000 90.000000
3828 51.163612 55.636337 56.947613 90.000000 90.000000 90.000000
3829 51.256580 55.737431 57.051090 90.000000 90.000000 90.000000
3830 51.259113 55.740185 57.053909 90.000000 90.000000 90.000000
3831 51.182686 55.657078 56.968842 90.000000 90.000000 90.000000
3832 51.221775 55.699585 57.012348 90.000000 90.000000 90.000000
3833 51.135540 55.605808 56.916363 90.000000 90.000000 90.000000
3834 51.169800 55.643066 56.954498 90.000000 90.000000 90.000000
3835 51.176941 55.650829 56.962448 90.000000 90.000000 90.000000
3836 51.081940 55.547523 56.856705 90.000000 90.000000 90.000000
3837 51.127281 55.596828 56.907173 90.000000 90.000000 90.000000
3838 51.215714 55.692993 57.005604 90.000000 90.000000 90.000000
3839 51.115757 55.584297 56.894348 90.000000 90.000000 90.000000
3840 51.083603 55.549332 56.858559 90.000000 90.000000 90.000000
3841 51.184547 55.659103 56.970913 90.000000 90.000000 90.000000
3842 51.119621 55.588497 56.898647 90.000000 90.000000 90.000000
3843 51.100910 55.568153 56.877823 90.000000 90.000000 90.000000
3844 51.114815 55.583275 56.893299 90.000000 90.000000 90.000000
3845 51.238861 55.718163 57.031368 90.000000 90.000000 90.000000
3846 51.211517 55.688427 57.000931 90.000000 90.000000 90.000000
3847 51.130177 55.599976 56.910393 90.000000 90.000000 90.000000
3848 51.196941 55.672577 56.984707 90.000000 90.000000 90.000000
3849 51.185539 55.660183 56.972019 90.000000 90.000000 90.000000
3850 51.214531 55.691708 57.004288 90.000000 90.000000 90.000000
3851 51.266682 55.748413 57.062332 90.000000 90.000000 90.000000
3852 51.168156 55.641277 56.952671 90.000000 90.000000 90.000000
3853 51.106472 55.574200 56.884014 90.000000 90.000000 90.000000
3854 51.318008 55.804226 57.119461 90.000000 90.000000 90.000000
3855 51.312099 55.797802 57.112885 90.000000 90.000000 90.000000
3856 51.212269 55.689247 57.001770 90.000000 90.000000 90.000000
3857 51.189232 55.664196 56.976128 90.000000 90.000000 90.000000
3858 51.211937 55.688885 57.001400 90.000000 90.000000 90.000000
3859 51.103123 55.570557 56.880283 90.000000 90.000000 90.000000
3860 51.136040 55.606354 56.916924 90.000000 90.000000 90.000000
3861 51.235325 55.714317 57.027428 90.000000 90.000000 90.000000
3862 51.369354 55.860065 57.176613 90.000000 90.000000 90.000000
3863 51.254185 55.734829 57.048424 90.000000 90.000000 90.000000
3864 51.339230 55.827305 57.143082 90.000000 90.000000 90.000000
3865 51.225700 55.703850 57.016720 90.000000 90.000000 90.000000
3866 51.196190 55.671761 56.983871 90.000000 90.000000 90.000000
3867 51.136909 55.607296 56.917889 90.000000 90.000000 90.000000
3868 51.112247 55.580479 56.890438 90.000000 90.000000 90.000000
3869 51.126171 55.595619 56.905937 90.000000 90.000000 90.000000
3870 51.248505 55.728649 57.042099 90.000000 90.000000 90.000000
3871 51.118683 55.587479 56.897602 90.000000 90.000000 90.000000
3872 51.230209 55.708755 57.021740 90.000000 90.000000 90.000000
3873 51.118931 55.587746 56.897877 90.000000 90.000000 90.000000
3874 51.197636 55.673336 56.985485 90.000000 90.000000 90.000000
3875 51.249123 55.729321 57.042789 90.000000 90.000000 90.000000
3876 51.185551 55.660194 56.972031 90.000000 90.000000 90.000000
3877 51.223251 55.701187 57.013992 90.000000 90.000000 90.000000
3878 51.192272 55.667503 56.979515 90.000000 90.000000 90.000000
3879 51.129932 55.599709 56.910122 90.000000 90.000000 90.000000
3880 51.270523 55.752590 57.066608 90.000000 90.000000 90.000000
3881 51.218128 55.695618 57.008289 90.000000 90.000000 90.000000
3882 51.172134 55.645603 56.957096 90.000000 90.000000 90.000000
3883 51.207085 55.683609 56.995998 90.000000 90.000000 90.000000
3884 51.132847 55.602882 56.913368 90.000000 90.000000 90.000000
3885 51.105381 55.573017 56.882797 90.000000 90.000000 90.000000
3886 51.212429 55.689419 57.001945 90.000000 90.000000 90.000000
3887 51.146599 55.617836 56.928677 90.000000 90.000000 90.000000
3888 51.149979 55.621510 56.932434 90.000000 90.000000 90.000000
3889 51.258011 55.738987 57.052681 90.000000 90.000000 90.000000
3890 51.268642 55.750546 57.064514 90.000000 90.000000 90.000000
3891 51.271381 55.753525 57.067562 90.000000 90.000000 90.000000
3892 51.139664 55.610294 56.920956 90.000000 90.000000 90.000000
3893 51.097725 55.564690 56.874279 90.000000 90.000000 90.000000
3894 51.088917 55.555111 56.864471 90.000000 90.000000 90.000000
3895 51.183475 55.657936 56.969723 90.000000 90.000000 90.000000
3896 51.181141 55.655396 56.967121 90.000000 90.000000 90.000000
3897 51.203747 55.679977 56.992283 90.000000 90.000000 90.000000
3898 51.272915 55.755196 57.069271 90.000000 90.000000 90.000000
3899 51.189686 55.664688 56.976631 90.000000 90.000000 90.000000
3900 51.223881 55.701874 57.014694 90.000000 90.000000 90.000000
3901 51.150963 55.622578 56.933529 90.000000 90.000000 90.000000
3902 51.194187 55.669582 56.981644 90.000000 90.000000 90.000000
3903 51.074139 55.539043 56.848022 90.000000 90.000000 90.000000
3904 51.216995 55.694386 57.007030 90.000000 90.000000 90.000000
3905 51.302761 55.787651 57.102493 90.000000 90.000000 90.000000
3906 51.121990 55.591076 56.901283 90.000000 90.000000 90.000000
3907 51.188175 55.663048 56.974953 90.000000 90.000000 90.000000
3908 51.183456 55.657913 56.969696 90.000000 90.000000 90.000000
3909 51.217445 55.694874 57.007530 90.000000 90.000000 90.000000
3910 51.280544 55.763493 57.077763 90.000000 90.000000 90.000000
3911 51.131187 55.601074 56.911522 90.000000 90.000000 90.000000
3912 51.220539 55.698238 57.010975 90.000000 90.000000 90.000000
3913 51.099754 55.566895 56.876534 90.000000 90.000000 90.000000
3914 51.264557 55.746105 57.059967 90.000000 90.000000 90.000000
3915 51.175598 55.649372 56.960953 90.000000 90.000000 90.000000
3916 51.291561 55.775471 57.090023 90.000000 90.000000 90.000000
3917 51.121578 55.590630 56.900829 90.000000 90.000000 90.000000
3918 51.163994 55.636749 56.948036 90.000000 90.000000 90.000000
3919 51.204952 55.681290 56.993626 90.000000 90.000000 90.000000
3920 51.259094 55.740166 57.053890 90.000000 90.000000 90.000000
3921 51.139427 55.610035 56.920692 90.000000 90.000000 90.000000
3922 51.264866 55.746441 57.060314 90.000000 90.000000 90.000000
3923 51.083572 55.549301 56.858524 90.000000 90.000000 90.000000
3924 51.241261 55.720772 57.034039 90.000000 90.000000 90.000000
3925 51.224541 55.702591 57.015427 90.000000 90.000000 90.000000
3926 51.157864 55.630081 56.941212 90.000000 90.000000 90.000000
3927 51.163765 55.636501 56.947781 90.000000 90.000000 90.000000
3928 51.187328 55.662125 56.974007 90.000000 90.000000 90.000000
3929 51.121132 55.590141 56.900330 90.000000 90.000000 90.000000
3930 51.151588 55.623260 56.934231 90.000000 90.000000 90.000000
3931 51.283527 55.766735 57.081085 90.000000 90.000000 90.000000
3932 51.075062 55.540043 56.849049 90.000000 90.000000 90.000000
3933 51.130978 55.600849 56.911289 90.000000 90.000000 90.000000
3934 51.136677 55.607044 56.917629 90.000000 90.000000 90.000000
3935 51.170700 55.644043 56.955502 90.000000 90.000000 90.000000
3936 51.323864 55.810596 57.125977 90.000000 90.000000 90.000000
3937 51.142067 55.612907 56.923630 90.000000 90.000000 90.000000
3938 51.041927 55.504013 56.812172 90.000000 90.000000 90.000000
3939 51.193611 55.668961 56.981003 90.000000 90.000000 90.000000
3940 51.193832 55.669201 56.981251 90.000000 90.000000 90.000000
3941 51.159584 55.631958 56.943130 90.000000 90.000000 90.000000
3942 51.155537 55.627552 56.938622 90.000000 90.000000 90.000000
3943 51.172588 55.646095 56.957603 90.000000 90.000000 90.000000
3944 51.126251 55.595707 56.906025 90.000000 90.000000 90.000000
3945 51.282909 55.766060 57.080395 90.000000 90.000000 90.000000
3946 51.148666 55.620083 56.930977 90.000000 90.000000 90.000000
3947 51.204319 55.680599 56.992920 90.000000 90.000000 90.000000
3948 51.214157 55.691299 57.003868 90.000000 90.000000 90.000000
3949 51.236435 55.715523 57.028667 90.000000 90.000000 90.000000
3950 51.129257 55.598976 56.909374 90.000000 90.000000 90.000000
3951 51.231232 55.709869 57.022877 90.000000 90.000000 90.000000
3952 51.132011 55.601971 56.912437 90.000000 90.000000 90.000000
3953 51.257900 55.738865 57.052555 90.000000 90.000000 90.000000
3954 51.229454 55.707932 57.020897 90.000000 90.000000 90.000000
3955 51.095058 55.561790 56.871307 90.000000 90.000000 90.000000
3956 51.271191 55.753319 57.067352 90.000000 90.000000 90.000000
3957 51.222897 55.700806 57.013599 90.000000 90.000000 90.000000
3958 51.192810 55.668087 56.980110 90.000000 90.000000 90.000000
3959 51.133190 55.603252 56.913750 90.000000 90.000000 90.000000
3960 51.185131 55.659737 56.971561 90.000000 90.000000 90.000000
3961 51.341660 55.829948 57.145786 90.000000 90.000000 90.000000
3962 51.097481 55.564423 56.874004 90.000000 90.000000 90.000000
3963 51.127071 55.596600 56.906940 90.000000 90.000000 90.000000
3964 51.109741 55.577755 56.887650 90.000000 90.000000 90.000000
3965 51.136520 55.606876 56.917458 90.000000 90.000000 90.000000
3966 51.177071 55.650970 56.962589 90.000000 90.000000 90.000000
3967 51.133244 55.603313 56.913811 90.000000 90.000000 90.000000
3968 51.310425 55.795982 57.111019 90.000000 90.000000 90.000000
3969 51.160793 55.633270 56.944473 90.000000 90.000000 90.000000
3970 51.215748 55.693031 57.005642 90.000000 90.000000 90.000000
3971 51.284294 55.767570 57.081940 90.000000 90.000000 90.000000
3972 51.258919 55.739975 57.053692 90.000000 90.000000 90.000000
3973 51.213379 55.690453 57.003006 90.000000 90.000000 90.000000
3974 51.271664 55.753834 57.067879 90.000000 90.000000 90.000000
3975 51.282543 55.765667 57.079990 90.000000 90.000000 90.000000
3976 51.108917 55.576862 56.886734 90.000000 90.000000 90.000000
3977 51.314232 55.800121 57.115257 90.000000 90.000000 90.000000
3978 51.208115 55.684727 56.997147 90.000000 90.000000 90.000000
3979 51.202423 55.678539 56.990810 90.000000 90.000000 90.000000
3980 51.239761 55.719139 57.032368 90.000000 90.000000 90.000000
3981 51.180798 55.655022 56.966740 90.000000 90.000000 90.000000
3982 51.109234 55.577202 56.887085 90.000000 90.000000 90.000000
3983 51.152229 55.623959 56.934944 90.000000 90.000000 90.000000
3984 51.175575 55.649342 56.960926 90.000000 90.000000 90.000000
3985 51.190464 55.665535 56.977501 90.000000 90.000000 90.000000
3986 51.295929 55.780220 57.094887 90.000000 90.000000 90.000000
3987 51.324486 55.811272 57.126671 90.000000 90.000000 90.000000
3988 51.301083 55.785824 57.100620 90.000000 90.000000 90.000000
3989 51.226864 55.705116 57.018013 90.000000 90.000000 90.000000
3990 51.219563 55.697178 57.009888 90.000000 90.000000 90.000000
3991 51.231091 55.709713 57.022717 90.000000 90.000000 90.000000
3992 51.264877 55.746456 57.060326 90.000000 90.000000 90.000000
3993 51.182278 55.656631 56.968384 90.000000 90.000000 90.000000
3994 51.196770 55.672390 56.984516 90.000000 90.000000 90.000000
3995 51.124191 55.593472 56.903736 90.000000 90.000000 90.000000
3996 51.237797 55.717007 57.030182 90.000000 90.000000 90.000000
3997 51.224514 55.702564 57.015400 90.000000 90.000000 90.000000
3998 51.245110 55.724957 57.038322 90.000000 90.000000 90.000000
3999 51.217438 55.694866 57.007523 90.000000 90.000000 90.000000
4000 51.199345 55.675190 56.987381 90.000000 90.000000 90.000000
4001 51.281803 55.764858 57.079163 90.000000 90.000000 90.000000
4002 51.174263 55.647915 56.959465 90.000000 90.000000 90.000000
4003 51.215736 55.693016 57.005630 90.000000 90.000000 90.000000
4004 51.253887 55.734501 57.048092 90.000000 90.000000 90.000000
4005 51.263798 55.745277 57.059120 90.000000 90.000000 90.000000
4006 51.224915 55.702999 57.015846 90.000000 90.000000 90.000000
4007 51.194363 55.669773 56.981838 90.000000 90.000000 90.000000
4008 51.107136 55.574921 56.884747 90.000000 90.000000 90.000000
4009 51.180843 55.655075 56.966793 90.000000 90.000000 90.000000
4010 51.108448 55.576351 56.886211 90.000000 90.000000 90.000000
4011 51.225338 55.703457 57.016315 90.000000 90.000000 90.000000
4012 51.120567 55.589527 56.899700 90.000000 90.000000 90.000000
4013 51.124268 55.593552 56.903820 90.000000 90.000000 90.000000
4014 51.220428 55.698120 57.010849 90.000000 90.000000 90.000000
4015 51.151115 55.622749 56.933704 90.000000 90.000000 90.000000
4016 51.127125 55.596661 56.907001 90.000000 90.000000 90.000000
4017 51.162216 55.634815 56.946056 90.000000 90.000000 90.000000
4018 51.293434 55.777508 57.092110 90.000000 90.000000 90.000000
4019 51.164494 55.637295 56.948593 90.000000 90.000000 90.000000
4020 51.204521 55.680820 56.993145 90.000000 90.000000 90.000000
4021 51.227440 55.705742 57.018654 90.000000 90.000000 90.000000
4022 51.246746 55.726738 57.040142 90.000000 90.000000 90.000000
4023 51.171726 55.645161 56.956646 90.000000 90.000000 90.000000
4024 51.210850 55.687702 57.000187 90.000000 90.000000 90.000000
4025 51.192028 55.667236 56.979240 90.000000 90.000000 90.000000
4026 51.080231 55.545662 56.854801 90.000000 90.000000 90.000000
4027 51.211853 55.688797 57.001308 90.000000 90.000000 90.000000
4028 51.068165 55.532543 56.841373 90.000000 90.000000 90.000000
4029 51.171764 55.645203 56.956684 90.000000 90.000000 90.000000
4030 51.131561 55.601482 56.911938 90.000000 90.000000 90.000000
4031 51.195629 55.671150 56.983246 90.000000 90.000000 90.000000
4032 51.077194 55.542362 56.851421 90.000000 90.000000 90.000000
4033 51.261631 55.742924 57.056713 90.000000 90.000000 90.000000
4034 51.190376 55.665440 56.977402 90.000000 90.000000 90.000000
4035 51.168354 55.641495 56.952892 90.000000 90.000000 90.000000
4036 51.235680 55.714703 57.027824 90.000000 90.000000 90.000000
4037 51.205368 55.681744 56.994087 90.000000 90.000000 90.000000
4038 51.202755 55.678902 56.991180 90.000000 90.000000 90.000000
4039 51.331066 55.818428 57.133995 90.000000 90.000000 90.000000
4040 51.260735 55.741947 57.055710 90.000000 90.000000 90.000000
4041 51.173939 55.647568 56.959106 90.000000 90.000000 90.000000
4042 51.163036 55.635712 56.946972 90.000000 90.000000 90.000000
4043 51.140877 55.611614 56.922306 90.000000 90.000000 90.000000
4044 51.274132 55.756516 57.070625 90.000000 90.000000 90.000000
4045 51.205818 55.682228 56.994587 90.000000 90.000000 90.000000
4046 51.191814 55.667000 56.979000 90.000000 90.000000 90.000000
4047 51.187897 55.662743 56.974640 90.000000 90.000000 90.000000
4048 51.159351 55.631702 56.942867 90.000000 90.000000 90.000000
4049 51.238701 55.717987 57.031189 90.000000 90.000000 90.000000
4050 51.205841 55.682255 56.994614 90.000000 90.000000 90.000000
4051 51.065231 55.529354 56.838108 90.000000 90.000000 90.000000
4052 51.144630 55.615696 56.926483 90.000000 90.000000 90.000000
4053 51.268936 55.750866 57.064842 90.000000 90.000000 90.000000
4054 51.275967 55.758514 57.072670 90.000000 90.000000 90.000000
4055 51.289371 55.773087 57.087585 90.000000 90.000000 90.000000
4056 51.178753 55.652802 56.964462 90.000000 90.000000 90.000000
4057 51.264320 55.745846 57.059704 90.000000 90.000000 90.000000
4058 51.218636 55.696171 57.008858 90.000000 90.000000 90.000000
4059 51.141933 55.612762 56.923481 90.000000 90.000000 90.000000
4060 51.184849 55.659428 56.971249 90.000000 90.000000 90.000000
4061 51.149132 55.620590 56.931496 90.000000 90.000000 90.000000
4062 51.108604 55.576519 56.886387 90.000000 90.000000 90.000000
4063 51.238617 55.717899 57.031094 90.000000 90.000000 90.000000
4064 51.182896 55.657307 56.969074 90.000000 90.000000 90.000000
4065 51.187546 55.662361 56.974251 90.000000 90.000000 90.000000
4066 51.182449 55.656822 56.968578 90.000000 90.000000 90.000000
4067 51.131107 55.600990 56.911434 90.000000 90.000000 90.000000
4068 51.289539 55.773273 57.087776 90.000000 90.000000 90.000000
4069 51.324791 55.811604 57.127010 90.000000 90.000000 90.000000
4070 51.164871 55.637707 56.949013 90.000000 90.000000 90.000000
4071 51.215221 55.692455 57.005054 90.000000 90.000000 90.000000
4072 51.202999 55.679169 56.991451 90.000000 90.000000 90.000000
4073 51.355797 55.845318 57.161522 90.000000 90.000000 90.000000
4074 51.283089 55.766254 57.080593 90.000000 90.000000 90.000000
4075 51.271225 55.753357 57.067390 90.000000 90.000000 90.000000
4076 51.232590 55.711342 57.024387 90.000000 90.000000 90.000000
4077 51.138905 55.609467 56.920109 90.000000 90.000000 90.000000
4078 51.204254 55.680531 56.992847 90.000000 90.000000 90.000000
4079 51.203232 55.679420 56.991711 90.000000 90.000000 90.000000
4080 51.223736 55.701714 57.014530 90.000000 90.000000 90.000000
4081 51.263184 55.744614 57.058441 90.000000 90.000000 90.000000
4082 51.247623 55.727692 57.041119 90.000000 90.000000 90.000000
4083 51.110710 55.578808 56.888729 90.000000 90.000000 90.000000
4084 51.308865 55.794289 57.109287 90.000000 90.000000 90.000000
4085 51.292240 55.776211 57.090782 90.000000 90.000000 90.000000
4086 51.216511 55.693859 57.006493 90.000000 90.000000 90.000000
4087 51.185013 55.659607 56.971432 90.000000 90.000000 90.000000
4088 51.317535 55.803715 57.118935 90.000000 90.000000 90.000000
4089 51.233814 55.712673 57.025749 90.000000 90.000000 90.000000
4090 51.208431 55.685074 56.997498 90.000000 90.000000 90.000000
4091 51.149277 55.620747 56.931652 90.000000 90.000000 90.000000
4092 51.151844 55.623539 56.934513 90.000000 90.000000 90.000000
4093 51.095512 55.562283 56.871811 90.000000 90.000000 90.000000
4094 51.180931 55.655170 56.966888 90.000000 90.000000 90.000000
4095 51.197483 55.673168 56.985310 90.000000 90.000000 90.000000
4096 51.248882 55.729061 57.042522 90.000000 90.000000 90.000000
4097 51.231880 55.710571 57.023598 90.000000 90.000000 90.000000
4098 51.281673 55.764717 57.079021 90.000000 90.000000 90.000000
4099 51.202030 55.678112 56.990372 90.000000 90.000000 90.000000
4100 51.132710 55.602734 56.913216 90.000000 90.000000 90.000000
4101 51.195667 55.671192 56.983288 90.000000 90.000000 90.000000
4102 51.230297 55.708851 57.021835 90.000000 90.000000 90.000000
4103 51.179581 55.653698 56.965385 90.000000 90.000000 90.000000
4104 51.323723 55.810440 57.125820 90.000000 90.000000 90.000000
4105 51.134167 55.604317 56.914837 90.000000 90.000000 90.000000
4106 51.167404 55.640461 56.951832 90.000000 90.000000 90.000000
4107 51.151459 55.623119 56.934086 90.000000 90.000000 90.000000
4108 51.197380 55.673058 56.985199 90.000000 90.000000 90.000000
4109 51.284122 55.767380 57.081745 90.000000 90.000000 90.000000
4110 51.114086 55.582481 56.892487 90.000000 90.000000 90.000000
4111 51.274593 55.757019 57.071140 90.000000 90.000000 90.000000
4112 51.225117 55.703217 57.016068 90.000000 90.000000 90.000000
4113 51.266941 55.748699 57.062622 90.000000 90.000000 90.000000
4114 51.061340 55.525124 56.833778 90.000000 90.000000 90.000000
4115 51.146893 55.618153 56.929001 90.000000 90.000000 90.000000
4116 51.125530 55.594925 56.905224 90.000000 90.000000 90.000000
4117 51.200485 55.676434 56.988651 90.000000 90.000000 90.000000
4118 51.264458 55.745995 57.059856 90.000000 90.000000 90.000000
4119 51.182922 55.657333 56.969105 90.000000 90.000000 90.000000
4120 51.204865 55.681194 56.993526 90.000000 90.000000 90.000000
4121 51.321449 55.807968 57.123291 90.000000 90.000000 90.000000
4122 51.167721 55.640800 56.952183 90.000000 90.000000 90.000000
4123 51.209476 55.686207 56.998661 90.000000 90.000000 90.000000
4124 51.233273 55.712086 57.025146 90.000000 90.000000 90.000000
4125 51.244850 55.724674 57.038033 90.000000 90.000000 90.000000
4126 51.082245 55.547855 56.857044 90.000000 90.000000 90.000000
4127 51.292839 55.776863 57.091450 90.000000 90.000000 90.000000
4128 51.251671 55.732094 57.045628 90.000000 90.000000 90.000000
4129 51.255386 55.736134 57.049763 90.000000 90.000000 90.000000
4130 51.215401 55.692654 57.005257 90.000000 90.000000 90.000000
4131 51.367672 55.858234 57.174740 90.000000 90.000000 90.000000
4132 51.307098 55.792366 57.107319 90.000000 90.000000 90.000000
4133 51.229488 55.707970 57.020931 90.000000 90.000000 90.000000
4134 51.309402 55.794868 57.109882 90.000000 90.000000 90.000000
4135 51.248482 55.728626 57.042076 90.000000 90.000000 90.000000
4136 51.185516 55.660156 56.971992 90.000000 90.000000 90.000000
4137 51.188648 55.663559 56.975475 90.000000 90.000000 90.000000
4138 51.181206 55.655468 56.967197 90.000000 90.000000 90.000000
4139 51.197456 55.673138 56.985283 90.000000 90.000000 90.000000
4140 51.209362 55.686085 56.998535 90.000000 90.000000 90.000000
4141 51.154854 55.626812 56.937862 90.000000 90.000000 90.000000
4142 51.176548 55.650402 56.962009 90.000000 90.000000 90.000000
4143 51.150681 55.622272 56.933220 90.000000 90.000000 90.000000
4144 51.176868 55.650749 56.962364 90.000000 90.000000 90.000000
4145 51.223469 55.701424 57.014233 90.000000 90.000000 90.000000
4146 51.231812 55.710499 57.023521 90.000000 90.000000 90.000000
4147 51.048767 55.511448 56.819782 90.000000 90.000000 90.000000
4148 51.245960 55.725883 57.039268 90.000000 90.000000 90.000000
4149 51.047375 55.509937 56.818233 90.000000 90.000000 90.000000
4150 51.191566 55.666733 56.978725 90.000000 90.000000 90.000000
4151 51.198296 55.674053 56.986217 90.000000 90.000000 90.000000
4152 51.150253 55.621811 56.932743 90.000000 90.000000 90.000000
4153 51.350075 55.839100 57.155151 90.000000 90.000000 90.000000
4154 51.259567 55.740681 57.054413 90.000000 90.000000 90.000000
4155 51.124504 55.593811 56.904083 90.000000 90.000000 90.000000
4156 51.215115 55.692341 57.004936 90.000000 90.000000 90.000000
4157 51.035294 55.496803 56.804787 90.000000 90.000000 90.000000
4158 51.167706 55.640789 56.952168 90.000000 90.000000 90.000000
4159 51.150158 55.621704 56.932636 90.000000 90.000000 90.000000
4160 51.319386 55.805729 57.120995 90.000000 90.000000 90.000000
4161 51.286186 55.769627 57.084042 90.000000 90.000000 90.000000
4162 51.181881 55.656200 56.967945 90.000000 90.000000 90.000000
4163 51.207363 55.683910 56.996307 90.000000 90.000000 90.000000
4164 51.147068 55.618343 56.929195 90.000000 90.000000 90.000000
4165 51.301144 55.785892 57.100693 90.000000 90.000000 90.000000
4166 51.180859 55.655087 56.966805 90.000000 90.000000 90.000000
4167 51.234264 55.713165 57.026253 90.000000 90.000000 90.000000
4168 51.096119 55.562943 56.872490 90.000000 90.000000 90.000000
4169 51.174454 55.648125 56.959679 90.000000 90.000000 90.000000
4170 51.418613 55.913628 57.231441 90.000000 90.000000 90.000000
4171 51.174759 55.648457 56.960018 90.000000 90.000000 90.000000
4172 51.273491 55.755817 57.069912 90.000000 90.000000 90.000000
4173 51.224300 55.702332 57.015163 90.000000 90.000000 90.000000
4174 51.202671 55.678806 56.991085 90.000000 90.000000 90.000000
4175 51.147797 55.619137 56.930008 90.000000 90.000000 90.000000
4176 51.200001 55.675903 56.988113 90.000000 90.000000 90.000000
4177 51.230522 55.709095 57.022087 90.000000 90.000000 90.000000
4178 51.226261 55.704464 57.017345 90.000000 90.000000 90.000000
4179 51.139687 55.610317 56.920979 90.000000 90.000000 90.000000
4180 51.233223 55.712032 57.025093 90.000000 90.000000 90.000000
4181 51.238613 55.717892 57.031090 90.000000 90.000000 90.000000
4182 51.140694 55.611416 56.922104 90.000000 90.000000 90.000000
4183 51.206532 55.683006 56.995384 90.000000 90.000000 90.000000
4184 51.281876 55.764938 57.079247 90.000000 90.000000 90.000000
4185 51.241756 55.721310 57.034588 90.000000 90.000000 90.000000
4186 51.238403 55.717663 57.030857 90.000000 90.000000 90.000000
4187 51.174503 55.648182 56.959736 90.000000 90.000000 90.000000
4188 51.088985 55.555183 56.864548 90.000000 90.000000 90.000000
4189 51.202885 55.679043 56.991325 90.000000 90.000000 90.000000
4190 51.188530 55.663433 56.975349 90.000000 90.000000 90.000000
4191 51.226395 55.704609 57.017494 90.000000 90.000000 90.000000
4192 51.067074 55.531357 56.840157 90.000000 90.000000 90.000000
4193 51.135361 55.605614 56.916164 90.000000 90.000000 90.000000
4194 51.173386 55.646961 56.958488 90.000000 90.000000 90.000000
4195 51.188850 55.663780 56.975704 90.000000 90.000000 90.000000
4196 51.111912 55.580112 56.890064 90.000000 90.000000 90.000000
4197 51.165077 55.637932 56.949245 90.000000 90.000000 90.000000
4198 51.190556 55.665638 56.977604 90.000000 90.000000 90.000000
4199 51.178070 55.652058 56.963707 90.000000 90.000000 90.000000
4200 51.073875 55.538754 56.847733 90.000000 90.000000 90.000000
4201 51.262085 55.743420 57.057217 90.000000 90.000000 90.000000
4202 51.166569 55.639549 56.950901 90.000000 90.000000 90.000000
4203 51.203789 55.680027 56.992332 90.000000 90.000000 90.000000
4204 51.271545 55.753708 57.067749 90.000000 90.000000 90.000000
4205 51.303833 55.788815 57.103683 90.000000 90.000000 90.000000
4206 51.328987 55.816170 57.131683 90.000000 90.000000 90.000000
4207 51.200077 55.675987 56.988197 90.000000 90.000000 90.000000
4208 51.169617 55.642864 56.954292 90.000000 90.000000 90.000000
4209 51.276726 55.759338 57.073513 90.000000 90.000000 90.000000
4210 51.159374 55.631729 56.942894 90.000000 90.000000 90.000000
4211 51.175335 55.649082 56.960659 90.000000 90.000000 90.000000
4212 51.134975 55.605194 56.915737 90.000000 90.000000 90.000000
4213 51.267406 55.749207 57.063141 90.000000 90.000000 90.000000
4214 51.184963 55.659554 56.971378 90.000000 90.000000 90.000000
4215 51.238079 55.717312 57.030499 90.000000 90.000000 90.000000
4216 51.260700 55.741913 57.055676 90.000000 90.000000 90.000000
4217 51.178997 55.653065 56.964737 90.000000 90.000000 90.000000
4218 51.169243 55.642456 56.953876 90.000000 90.000000 90.000000
4219 51.202194 55.678291 56.990555 90.000000 90.000000 90.000000
4220 51.275101 55.757572 57.071705 90.000000 90.000000 90.000000
4221 51.243813 55.723549 57.036880 90.000000 90.000000 90.000000
4222 51.314838 55.800781 57.115936 90.000000 90.000000 90.000000
4223 51.142864 55.613773 56.924519 90.000000 90.000000 90.000000
4224 51.260735 55.741951 57.055714 90.000000 90.000000 90.000000
4225 51.233624 55.712467 57.025536 90.000000 90.000000 90.000000
4226 51.232067 55.710777 57.023808 90.000000 90.000000 90.000000
4227 51.128468 55.598118 56.908493 90.000000 90.000000 90.000000
4228 51.074242 55.539150 56.848137 90.000000 90.000000 90.000000
4229 51.211285 55.688175 57.000671 90.000000 90.000000 90.000000
4230 51.090561 55.556900 56.866302 90.000000 90.000000 90.000000
4231 51.088287 55.554424 56.863770 90.000000 90.000000 90.000000
4232 51.207409 55.683960 56.996357 90.000000 90.000000 90.000000
4233 51.247257 55.727295 57.040714 90.000000 90.000000 90.000000
4234 51.309109 55.794552 57.109558 90.000000 90.000000 90.000000
4235 51.208233 55.684856 56.997276 90.000000 90.000000 90.000000
4236 51.319214 55.805538 57.120804 90.000000 90.000000 90.000000
4237 51.259251 55.740334 57.054062 90.000000 90.000000 90.000000
4238 51.199398 55.675251 56.987442 90.000000 90.000000 90.000000
4239 51.197742 55.673450 56.985600 90.000000 90.000000 90.000000
4240 51.132446 55.602444 56.912922 90.000000 90.000000 90.000000
4241 51.029964 55.491005 56.798855 90.000000 90.000000 90.000000
4242 51.224506 55.702553 57.015388 90.000000 90.000000 90.000000
4243 51.187763 55.662598 56.974491 90.000000 90.000000 90.000000
4244 51.181095 55.655346 56.967072 90.000000 90.000000 90.000000
4245 51.256336 55.737164 57.050816 90.000000 90.000000 90.000000
4246 51.251190 55.731571 57.045090 90.000000 90.000000 90.000000
4247 51.287941 55.771530 57.085995 90.000000 90.000000 90.000000
4248 51.176201 55.650024 56.961624 90.000000 90.000000 90.000000
4249 51.235283 55.714272 57.027386 90.000000 90.000000 90.000000
4250 51.157578 55.629772 56.940895 90.000000 90.000000 90.000000
4251 51.145988 55.617168 56.927994 90.000000 90.000000 90.000000
4252 51.254482 55.735149 57.048756 90.000000 90.000000 90.000000
4253 51.153439 55.625275 56.936287 90.000000 90.000000 90.000000
4254 51.318798 55.805084 57.120338 90.000000 90.000000 90.000000
4255 51.213821 55.690933 57.003494 90.000000 90.000000 90.000000
4256 51.186638 55.661377 56.973240 90.000000 90.000000 90.000000
4257 51.205254 55.681614 56.993958 90.000000 90.000000 90.000000
4258 51.188187 55.663059 56.974964 90.000000 90.000000 90.000000
4259 51.072571 55.537334 56.846275 90.000000 90.000000 90.000000
4260 51.184608 55.659168 56.970982 90.000000 90.000000 90.000000
4261 51.154713 55.626656 56.937702 90.000000 90.000000 90.000000
4262 51.123711 55.592945 56.903198 90.000000 90.000000 90.000000
4263 51.214310 55.691467 57.004040 90.000000 90.000000 90.000000
4264 51.214561 55.691738 57.004318 90.000000 90.000000 90.000000
4265 51.251682 55.732101 57.045635 90.000000 90.000000 90.000000
4266 51.159069 55.631393 56.942554 90.000000 90.000000 90.000000
4267 51.147083 55.618362 56.929214 90.000000 90.000000 90.000000
4268 51.188011 55.662868 56.974770 90.000000 90.000000 90.000000
4269 51.274368 55.756771 57.070885 90.000000 90.000000 90.000000
4270 51.193027 55.668324 56.980354 90.000000 90.000000 90.000000
4271 51.168392 55.641533 56.952930 90.000000 90.000000 90.000000
4272 51.199268 55.675110 56.987301 90.000000 90.000000 90.000000
4273 51.238396 55.717655 57.030849 90.000000 90.000000 90.000000
4274 51.121738 55.590801 56.901005 90.000000 90.000000 90.000000
4275 51.117542 55.586235 56.896332 90.000000 90.000000 90.000000
4276 51.250652 55.730984 57.044491 90.000000 90.000000 90.000000
4277 51.145607 55.616756 56.927570 90.000000 90.000000 90.000000
4278 51.051128 55.514019 56.822411 90.000000 90.000000 90.000000
4279 51.219120 55.696697 57.009392 90.000000 90.000000 90.000000
4280 51.196739 55.672356 56.984482 90.000000 90.000000 90.000000
4281 51.102539 55.569923 56.879631 90.000000 90.000000 90.000000
4282 51.188164 55.663033 56.974937 90.000000 90.000000 90.000000
4283 51.119244 55.588085 56.898224 90.000000 90.000000 90.000000
4284 51.137066 55.607471 56.918064 90.000000 90.000000 90.000000
4285 51.059555 55.523182 56.831791 90.000000 90.000000 90.000000
4286 51.264050 55.745552 57.059402 90.000000 90.000000 90.000000
4287 51.170010 55.643291 56.954731 90.000000 90.000000 90.000000
4288 51.277237 55.759892 57.074081 90.000000 90.000000 90.000000
4289 51.043365 55.505573 56.813770 90.000000 90.000000 90.000000
4290 51.232563 55.711315 57.024361 90.000000 90.000000 90.000000
4291 51.231384 55.710030 57.023045 90.000000 90.000000 90.000000
4292 51.149406 55.620888 56.931801 90.000000 90.000000 90.000000
4293 51.197102 55.672752 56.984886 90.000000 90.000000 90.000000
4294 51.236492 55.715588 57.028728 90.000000 90.000000 90.000000
4295 51.107613 55.575443 56.885281 90.000000 90.000000 90.000000
4296 51.153057 55.624859 56.935863 90.000000 90.000000 90.000000
4297 51.125793 55.595211 56.905518 90.000000 90.000000 90.000000
4298 51.111931 55.580139 56.890091 90.000000 90.000000 90.000000
4299 51.079762 55.545155 56.854282 90.000000 90.000000 90.000000
4300 51.211567 55.688484 57.000988 90.000000 90.000000 90.000000
4301 51.225025 55.703114 57.015965 90.000000 90.000000 90.000000
4302 51.179844 55.653984 56.965679 90.000000 90.000000 90.000000
4303 51.155937 55.627991 56.939072 90.000000 90.000000 90.000000
4304 51.191120 55.666248 56.978230 90.000000 90.000000 90.000000
4305 51.122917 55.592083 56.902317 90.000000 90.000000 90.000000
4306 51.223381 55.701328 57.014133 90.000000 90.000000 90.000000
4307 51.189125 55.664078 56.976009 90.000000 90.000000 90.000000
4308 51.202751 55.678898 56.991177 90.000000 90.000000 90.000000
4309 51.090145 55.556446 56.865837 90.000000 90.000000 90.000000
4310 51.255054 55.735771 57.049389 90.000000 90.000000 90.000000
4311 51.190376 55.665440 56.977402 90.000000 90.000000 90.000000
4312 51.341694 55.829987 57.145824 90.000000 90.000000 90.000000
4313 51.187634 55.662457 56.974350 90.000000 90.000000 90.000000
4314 51.197575 55.673267 56.985413 90.000000 90.000000 90.000000
4315 51.241535 55.721069 57.034344 90.000000 90.000000 90.000000
4316 51.100639 55.567856 56.877518 90.000000 90.000000 90.000000
4317 51.217110 55.694511 57.007156 90.000000 90.000000 90.000000
4318 51.312412 55.798145 57.113235 90.000000 90.000000 90.000000
4319 51.288532 55.772179 57.086655 90.000000 90.000000 90.000000
4320 51.278843 55.761639 57.075867 90.000000 90.000000 90.000000
4321 51.152832 55.624611 56.935612 90.000000 90.000000 90.000000
4322 51.129631 55.599384 56.909790 90.000000 90.000000 90.000000
4323 51.140648 55.611362 56.922050 90.000000 90.000000 90.000000
4324 51.295155 55.779377 57.094025 90.000000 90.000000 90.000000
4325 51.133255 55.603325 56.913822 90.000000 90.000000 90.000000
4326 51.241539 55.721077 57.034348 90.000000 90.000000 90.000000
4327 51.291222 55.775101 57.089645 90.000000 90.000000 90.000000
4328 51.089558 55.555805 56.865185 90.000000 90.000000 90.000000
4329 51.207500 55.684059 56.996460 90.000000 90.000000 90.000000
4330 51.180862 55.655094 56.966812 90.000000 90.000000 90.000000
4331 51.111244 55.579391 56.889324 90.000000 90.000000 90.000000
4332 51.230347 55.708904 57.021893 90.000000 90.000000 90.000000
4333 51.132816 55.602848 56.913334 90.000000 90.000000 90.000000
4334 51.103283 55.570732 56.880463 90.000000 90.000000 90.000000
4335 51.135784 55.606075 56.916637 90.000000 90.000000 90.000000
4336 51.133884 55.604012 56.914524 90.000000 90.000000 90.000000
4337 51.210964 55.687828 57.000317 90.000000 90.000000 90.000000
4338 51.135223 55.605465 56.916012 90.000000 90.000000 90.000000
4339 51.244568 55.724369 57.037720 90.000000 90.000000 90.000000
4340 51.200802 55.676777 56.989006 90.000000 90.000000 90.000000
4341 51.142879 55.613792 56.924534 90.000000 90.000000 90.000000
4342 51.334431 55.822086 57.137741 90.000000 90.000000 90.000000
4343 51.194775 55.670223 56.982296 90.000000 90.000000 90.000000
4344 51.107563 55.575386 56.885223 90.000000 90.000000 90.000000
4345 51.265568 55.747204 57.061092 90.000000 90.000000 90.000000
4346 51.280006 55.762905 57.077164 90.000000 90.000000 90.000000
4347 51.234940 55.713898 57.027000 90.000000 90.000000 90.000000
4348 51.245953 55.725876 57.039261 90.000000 90.000000 90.000000
4349 51.178955 55.653019 56.964687 90.000000 90.000000 90.000000
4350 51.141125 55.611881 56.922581 90.000000 90.000000 90.000000
4351 51.138870 55.609432 56.920074 90.000000 90.000000 90.000000
4352 51.214394 55.691555 57.004131 90.000000 90.000000 90.000000
4353 51.120842 55.589828 56.900009 90.000000 90.000000 90.000000
4354 51.140690 55.611408 56.922096 90.000000 90.000000 90.000000
4355 51.227337 55.705631 57.018539 90.000000 90.000000 90.000000
4356 51.241158 55.720661 57.033924 90.000000 90.000000 90.000000
4357 51.156448 55.628548 56.939640 90.000000 90.000000 90.000000
4358 51.201096 55.677094 56.989330 90.000000 90.000000 90.000000
4359 51.169563 55.642807 56.954235 90.000000 90.000000 90.000000
4360 51.171650 55.645073 56.956554 90.000000 90.000000 90.000000
4361 51.161636 55.634186 56.945412 90.000000 90.000000 90.000000
4362 51.202965 55.679127 56.991413 90.000000 90.000000 90.000000
4363 51.261879 55.743191 57.056988 90.000000 90.000000 90.000000
4364 51.189583 55.664577 56.976521 90.000000 90.000000 90.000000
4365 51.221256 55.699020 57.011772 90.000000 90.000000 90.000000
4366 51.100109 55.567284 56.876930 90.000000 90.000000 90.000000
4367 51.173653 55.647251 56.958786 90.000000 90.000000 90.000000
4368 51.166302 55.639259 56.950603 90.000000 90.000000 90.000000
4369 51.111519 55.579685 56.889626 90.000000 90.000000 90.000000
4370 51.232536 55.711288 57.024330 90.000000 90.000000 90.000000
4371 51.166321 55.639278 56.950626 90.000000 90.000000 90.000000
4372 51.319923 55.806313 57.121593 90.000000 90.000000 90.000000
4373 51.046429 55.508907 56.817181 90.000000 90.000000 90.000000
4374 51.173939 55.647564 56.959106 90.000000 90.000000 90.000000
4375 51.272217 55.754436 57.068497 90.000000 90.000000 90.000000
4376 51.261681 55.742973 57.056763 90.000000 90.000000 90.000000
4377 51.203938 55.680183 56.992493 90.000000 90.000000 90.000000
4378 51.032864 55.494156 56.802082 90.000000 90.000000 90.000000
4379 51.138107 55.608601 56.919224 90.000000 90.000000 90.000000
4380 51.034595 55.496040 56.804008 90.000000 90.000000 90.000000
4381 51.134979 55.605198 56.915741 90.000000 90.000000 90.000000
4382 51.121647 55.590702 56.900902 90.000000 90.000000 90.000000
4383 51.198029 55.673759 56.985920 90.000000 90.000000 90.000000
4384 51.271160 55.753284 57.067318 90.000000 90.000000 90.000000
4385 51.090107 55.556404 56.865795 90.000000 90.000000 90.000000
4386 51.166275 55.639233 56.950577 90.000000 90.000000 90.000000
4387 51.169842 55.643112 56.954544 90.000000 90.000000 90.000000
4388 51.219868 55.697506 57.010223 90.000000 90.000000 90.000000
4389 51.278820 55.761612 57.075840 90.000000 90.000000 90.000000
4390 51.178288 55.652294 56.963947 90.000000 90.000000 90.000000
4391 51.224396 55.702431 57.015266 90.000000 90.000000 90.000000
4392 51.276726 55.759338 57.073513 90.000000 90.000000 90.000000
4393 51.203857 55.680099 56.992409 90.000000 90.000000 90.000000
4394 51.242634 55.722263 57.035564 90.000000 90.000000 90.000000
4395 51.195660 55.671185 56.983284 90.000000 90.000000 90.000000
4396 51.223831 55.701820 57.014637 90.000000 90.000000 90.000000
4397 51.119801 55.588692 56.898846 90.000000 90.000000 90.000000
4398 51.118046 55.586784 56.896893 90.000000 90.000000 90.000000
4399 51.170376 55.643688 56.955139 90.000000 90.000000 90.000000
4400 51.216587 55.693943 57.006577 90.000000 90.000000 90.000000
4401 51.146046 55.617237 56.928062 90.000000 90.000000 90.000000
4402 51.125835 55.595257 56.905563 90.000000 90.000000 90.000000
4403 51.124928 55.594269 56.904552 90.000000 90.000000 90.000000
4404 51.243858 55.723598 57.036930 90.000000 90.000000 90.000000
4405 51.189835 55.664848 56.976799 90.000000 90.000000 90.000000
4406 51.199467 55.675323 56.987518 90.000000 90.000000 90.000000
4407 51.189163 55.664120 56.976051 90.000000 90.000000 90.000000
4408 51.100895 55.568138 56.877804 90.000000 90.000000 90.000000
4409 51.266277 55.747978 57.061882 90.000000 90.000000 90.000000
4410 51.275658 55.758175 57.072323 90.000000 90.000000 90.000000
4411 51.196846 55.672474 56.984600 90.000000 90.000000 90.000000
4412 51.123337 55.592541 56.902782 90.000000 90.000000 90.000000
4413 51.213287 55.690353 57.002899 90.000000 90.000000 90.000000
4414 51.187458 55.662266 56.974152 90.000000 90.000000 90.000000
4415 51.192017 55.667225 56.979229 90.000000 90.000000 90.000000
4416 51.163200 55.635887 56.947155 90.000000 90.000000 90.000000
4417 51.098824 55.565884 56.875496 90.000000 90.000000 90.000000
4418 51.166607 55.639591 56.950943 90.000000 90.000000 90.000000
4419 51.230782 55.709377 57.022373 90.000000 90.000000 90.000000
4420 51.154942 55.626907 56.937962 90.000000 90.000000 90.000000
4421 51.171791 55.645229 56.956715 90.000000 90.000000 90.000000
4422 51.173267 55.646835 56.958359 90.000000 90.000000 90.000000
4423 51.283112 55.766281 57.080620 90.000000 90.000000 90.000000
4424 51.213558 55.690651 57.003204 90.000000 90.000000 90.000000
4425 51.028011 55.488880 56.796680 90.000000 90.000000 90.000000
4426 51.167404 55.640457 56.951832 90.000000 90.000000 90.000000
4427 51.156361 55.628452 56.939541 90.000000 90.000000 90.000000
4428 51.293201 55.777256 57.091850 90.000000 90.000000 90.000000
4429 51.072708 55.537487 56.846432 90.000000 90.000000 90.000000
4430 51.235447 55.714447 57.027565 90.000000 90.000000 90.000000
4431 51.305931 55.791096 57.106022 90.000000 90.000000 90.000000
4432 51.256733 55.737598 57.051258 90.000000 90.000000 90.000000
4433 51.288734 55.772396 57.086880 90.000000 90.000000 90.000000
4434 51.159203 55.631538 56.942703 90.000000 90.000000 90.000000
4435 51.173576 55.647171 56.958702 90.000000 90.000000 90.000000
4436 51.319252 55.805580 57.120846 90.000000 90.000000 90.000000
4437 51.272835 55.755104 57.069180 90.000000 90.000000 90.000000
4438 51.274097 55.756481 57.070587 90.000000 90.000000 90.000000
4439 51.172485 55.645985 56.957489 90.000000 90.000000 90.000000
4440 51.240662 55.720119 57.033371 90.000000 90.000000 90.000000
4441 51.269379 55.751347 57.065334 90.000000 90.000000 90.000000
4442 51.185959 55.660633 56.972485 90.000000 90.000000 90.000000
4443 51.217930 55.695400 57.008068 90.000000 90.000000 90.000000
4444 51.213905 55.691025 57.003590 90.000000 90.000000 90.000000
4445 51.307518 55.792820 57.107784 90.000000 90.000000 90.000000
4446 51.191132 55.666260 56.978241 90.000000 90.000000 90.000000
4447 51.324749 55.811558 57.126965 90.000000 90.000000 90.000000
4448 50.985203 55.442329 56.749031 90.000000 90.000000 90.000000
4449 51.175774 55.649559 56.961147 90.000000 90.000000 90.000000
4450 51.149822 55.621338 56.932262 90.000000 90.000000 90.000000
4451 51.118160 55.586910 56.897018 90.000000 90.000000 90.000000
4452 51.161541 55.634087 56.945309 90.000000 90.000000 90.000000
4453 51.181129 55.655384 56.967110 90.000000 90.000000 90.000000
4454 51.294086 55.778217 57.092834 90.000000 90.000000 90.000000
4455 51.249901 55.730167 57.043655 90.000000 90.000000 90.000000
4456 51.138481 55.609009 56.919640 90.000000 90.000000 90.000000
4457 51.178883 55.652939 56.964607 90.000000 90.000000 90.000000
4458 51.257866 55.738831 57.052521 90.000000 90.000000 90.000000
4459 51.098564 55.565601 56.875210 90.000000 90.000000 90.000000
4460 51.191120 55.666245 56.978226 90.000000 90.000000 90.000000
4461 51.189693 55.664700 56.976643 90.000000 90.000000 90.000000
4462 51.060440 55.524143 56.832775 90.000000 90.000000 90.000000
4463 51.206017 55.682449 56.994812 90.000000 90.000000 90.000000
4464 51.165424 55.638306 56.949631 90.000000 90.000000 90.000000
4465 51.216267 55.693592 57.006218 90.000000 90.000000 90.000000
4466 51.193790 55.669151 56.981201 90.000000 90.000000 90.000000
4467 51.273697 55.756046 57.070141 90.000000 90.000000 90.000000
4468 51.284981 55.768314 57.082699 90.000000 90.000000 90.000000
4469 51.213024 55.690067 57.002609 90.000000 90.000000 90.000000
4470 51.161385 55.633915 56.945133 90.000000 90.000000 90.000000
4471 51.237377 55.716549 57.029713 90.000000 90.000000 90.000000
4472 51.225990 55.704170 57.017044 90.000000 90.000000 90.000000
4473 51.191147 55.666279 56.978260 90.000000 90.000000 90.000000
4474 51.005585 55.464497 56.771721 90.000000 90.000000 90.000000
4475 51.159931 55.632332 56.943512 90.000000 90.000000 90.000000
4476 51.173683 55.647285 56.958820 90.000000 90.000000 90.000000
4477 51.216621 55.693977 57.006615 90.000000 90.000000 90.000000
4478 51.122204 55.591309 56.901524 90.000000 90.000000 90.000000
4479 51.236805 55.715927 57.029079 90.000000 90.000000 90.000000
4480 51.148357 55.619747 56.930634 90.000000 90.000000 90.000000
4481 51.184315 55.658848 56.970654 90.000000 90.000000 90.000000
4482 51.196526 55.672127 56.984249 90.000000 90.000000 90.000000
4483 51.179985 55.654140 56.965836 90.000000 90.000000 90.000000
4484 51.124641 55.593956 56.904232 90.000000 90.000000 90.000000
4485 51.281433 55.764454 57.078751 90.000000 90.000000 90.000000
4486 51.183556 55.658020 56.969807 90.000000 90.000000 90.000000
4487 51.190990 55.666107 56.978085 90.000000 90.000000 90.000000
4488 51.258987 55.740047 57.053768 90.000000 90.000000 90.000000
4489 51.171158 55.644539 56.956009 90.000000 90.000000 90.000000
4490 51.275414 55.757912 57.072052 90.000000 90.000000 90.000000
4491 51.225300 55.703415 57.016273 90.000000 90.000000 90.000000
4492 51.152031 55.623745 56.934723 90.000000 90.000000 90.000000
4493 51.137005 55.607403 56.917995 90.000000 90.000000 90.000000
4494 51.224930 55.703014 57.015862 90.000000 90.000000 90.000000
4495 51.229332 55.707802 57.020760 90.000000 90.000000 90.000000
4496 51.116760 55.585388 56.895466 90.000000 90.000000 90.000000
4497 51.192856 55.668137 56.980164 90.000000 90.000000 90.000000
4498 51.208778 55.685452 56.997883 90.000000 90.000000 90.000000
4499 51.226654 55.704891 57.017780 90.000000 90.000000 90.000000
4500 51.177048 55.650948 56.962566 90.000000 90.000000 90.000000
4501 51.192616 55.667873 56.979893 90.000000 90.000000 90.000000
4502 51.305534 55.790665 57.105576 90.000000 90.000000 90.000000
4503 51.153805 55.625671 56.936695 90.000000 90.000000 90.000000
4504 51.062984 55.526909 56.835606 90.000000 90.000000 90.000000
4505 51.198929 55.674740 56.986919 90.000000 90.000000 90.000000
4506 51.122829 55.591988 56.902218 90.000000 90.000000 90.000000
4507 51.228500 55.706894 57.019833 90.000000 90.000000 90.000000
4508 51.172218 55.645695 56.957191 90.000000 90.000000 90.000000
4509 51.243469 55.723175 57.036495 90.000000 90.000000 90.000000
4510 51.311977 55.797672 57.112751 90.000000 90.000000 90.000000
4511 51.119904 55.588806 56.898960 90.000000 90.000000 90.000000
4512 51.251125 55.731499 57.045021 90.000000 90.000000 90.000000
4513 51.229893 55.708408 57.021385 90.000000 90.000000 90.000000
4514 51.179634 55.653759 56.965446 90.000000 90.000000 90.000000
4515 51.242901 55.722553 57.035862 90.000000 90.000000 90.000000
4516 51.131618 55.601543 56.911999 90.000000 90.000000 90.000000
4517 51.283497 55.766701 57.081047 90.000000 90.000000 90.000000
4518 51.159451 55.631809 56.942978 90.000000 90.000000 90.000000
4519 51.278667 55.761448 57.075672 90.000000 90.000000 90.000000
4520 51.168461 55.641609 56.953011 90.000000 90.000000 90.000000
4521 51.301476 55.786251 57.101063 90.000000 90.000000 90.000000
4522 51.171188 55.644573 56.956043 90.000000 90.000000 90.000000
4523 51.180214 55.654388 56.966087 90.000000 90.000000 90.000000
4524 51.093403 55.559986 56.869465 90.000000 90.000000 90.000000
4525 51.217262 55.694675 57.007328 90.000000 90.000000 90.000000
4526 51.238480 55.717747 57.030941 90.000000 90.000000 90.000000
4527 51.195740 55.671272 56.983372 90.000000 90.000000 90.000000
4528 51.158142 55.630390 56.941525 90.000000 90.000000 90.000000
4529 51.225143 55.703247 57.016098 90.000000 90.000000 90.000000
4530 51.184811 55.659389 56.971207 90.000000 90.000000 90.000000
4531 51.185200 55.659809 56.971638 90.000000 90.000000 90.000000
4532 51.225964 55.704136 57.017010 90.000000 90.000000 90.000000
4533 51.229080 55.707527 57.020481 90.000000 90.000000 90.000000
4534 51.162365 55.634979 56.946224 90.000000 90.000000 90.000000
4535 51.239059 55.718376 57.031586 90.000000 90.000000 90.000000
4536 51.151493 55.623158 56.934124 90.000000 90.000000 90.000000
4537 51.249973 55.730247 57.043739 90.000000 90.000000 90.000000
4538 51.130028 55.599815 56.910229 90.000000 90.000000 90.000000
4539 51.032185 55.493416 56.801323 90.000000 90.000000 90.000000
4540 51.194057 55.669441 56.981499 90.000000 90.000000 90.000000
4541 51.282810 55.765957 57.080288 90.000000 90.000000 90.000000
4542 51.247345 55.727386 57.040810 90.000000 90.000000 90.000000
4543 51.237492 55.716675 57.029842 90.000000 90.000000 90.000000
4544 51.249397 55.729618 57.043091 90.000000 90.000000 90.000000
4545 51.293285 55.777348 57.091946 90.000000 90.000000 90.000000
4546 51.280945 55.763927 57.078209 90.000000 90.000000 90.000000
4547 51.280380 55.763313 57.077583 90.000000 90.000000 90.000000
4548 51.162525 55.635155 56.946404 90.000000 90.000000 90.000000
4549 51.158325 55.630589 56.941727 90.000000 90.000000 90.000000
4550 51.120342 55.589283 56.899448 90.000000 90.000000 90.000000
4551 51.169804 55.643066 56.954502 90.000000 90.000000 90.000000
4552 51.225193 55.703300 57.016155 90.000000 90.000000 90.000000
4553 51.165916 55.638840 56.950176 90.000000 90.000000 90.000000
4554 51.265343 55.746956 57.060841 90.000000 90.000000 90.000000
4555 51.186367 55.661083 56.972939 90.000000 90.000000 90.000000
4556 51.204491 55.680786 56.993111 90.000000 90.000000 90.000000
4557 51.147373 55.618679 56.929539 90.000000 90.000000 90.000000
4558 51.183857 55.658348 56.970142 90.000000 90.000000 90.000000
4559 51.187378 55.662178 56.974064 90.000000 90.000000 90.000000
4560 51.169659 55.642910 56.954342 90.000000 90.000000 90.000000
4561 51.152660 55.624428 56.935421 90.000000 90.000000 90.000000
4562 51.202534 55.678661 56.990936 90.000000 90.000000 90.000000
4563 51.090347 55.556664 56.866062 90.000000 90.000000 90.000000
4564 51.228371 55.706753 57.019688 90.000000 90.000000 90.000000
4565 51.114727 55.583176 56.893200 90.000000 90.000000 90.000000
4566 51.197174 55.672829 56.984966 90.000000 90.000000 90.000000
4567 51.236790 55.715908 57.029060 90.000000 90.000000 90.000000
4568 51.202908 55.679070 56.991352 90.000000 90.000000 90.000000
4569 51.168594 55.641754 56.953156 90.000000 90.000000 90.000000
4570 51.170261 55.643566 56.955013 90.000000 90.000000 90.000000
4571 51.290855 55.774704 57.089237 90.000000 90.000000 90.000000
4572 51.179180 55.653263 56.964935 90.000000 90.000000 90.000000
4573 51.238514 55.717789 57.030983 90.000000 90.000000 90.000000
4574 51.131676 55.601604 56.912064 90.000000 90.000000 90.000000
4575 51.138607 55.609146 56.919781 90.000000 90.000000 90.000000
4576 51.226475 55.704693 57.017582 90.000000 90.000000 90.000000
4577 51.147430 55.618740 56.929604 90.000000 90.000000 90.000000
4578 51.182877 55.657284 56.969055 90.000000 90.000000 90.000000
4579 51.214188 55.691330 57.003902 90.000000 90.000000 90.000000
4580 51.285404 55.768776 57.083172 90.000000 90.000000 90.000000
4581 51.112961 55.581257 56.891232 90.000000 90.000000 90.000000
4582 51.171406 55.644810 56.956284 90.000000 90.000000 90.000000
4583 51.146145 55.617340 56.928169 90.000000 90.000000 90.000000
4584 51.097672 55.564629 56.874214 90.000000 90.000000 90.000000
4585 51.227940 55.706284 57.019211 90.000000 90.000000 90.000000
4586 51.119553 55.588425 56.898571 90.000000 90.000000 90.000000
4587 51.241142 55.720642 57.033905 90.000000 90.000000 90.000000
4588 51.292728 55.776737 57.091324 90.000000 90.000000 90.000000
4589 51.176289 55.650120 56.961720 90.000000 90.000000 90.000000
4590 51.212532 55.689533 57.002064 90.000000 90.000000 90.000000
4591 51.180782 55.655006 56.966721 90.000000 90.000000 90.000000
4592 51.194942 55.670403 56.982483 90.000000 90.000000 90.000000
4593 51.233376 55.712196 57.025261 90.000000 90.000000 90.000000
4594 51.234299 55.713203 57.026291 90.000000 90.000000 90.000000
4595 51.224682 55.702744 57.015587 90.000000 90.000000 90.000000
4596 51.166721 55.639717 56.951073 90.000000 90.000000 90.000000
4597 51.260666 55.741875 57.055637 90.000000 90.000000 90.000000
4598 51.222218 55.700062 57.012840 90.000000 90.000000 90.000000
4599 51.344387 55.832912 57.148823 90.000000 90.000000 90.000000
4600 51.158234 55.630486 56.941624 90.000000 90.000000 90.000000
4601 51.151955 55.623657 56.934635 90.000000 90.000000 90.000000
4602 51.165657 55.638557 56.949886 90.000000 90.000000 90.000000
4603 51.160641 55.633106 56.944305 90.000000 90.000000 90.000000
4604 51.149784 55.621300 56.932220 90.000000 90.000000 90.000000
4605 51.175373 55.649124 56.960701 90.000000 90.000000 90.000000
4606 51.127663 55.597244 56.907597 90.000000 90.000000 90.000000
4607 51.103477 55.570946 56.880680 90.000000 90.000000 90.000000
4608 51.274311 55.756714 57.070827 90.000000 90.000000 90.000000
4609 51.296093 55.780399 57.095070 90.000000 90.000000 90.000000
4610 51.249043 55.729237 57.042702 90.000000 90.000000 90.000000
4611 51.186039 55.660721 56.972572 90.000000 90.000000 90.000000
4612 51.175827 55.649616 56.961205 90.000000 90.000000 90.000000
4613 51.120777 55.589756 56.899933 90.000000 90.000000 90.000000
4614 51.216873 55.694252 57.006893 90.000000 90.000000 90.000000
4615 51.285614 55.769001 57.083405 90.000000 90.000000 90.000000
4616 51.288803 55.772469 57.086956 90.000000 90.000000 90.000000
4617 51.306847 55.792091 57.107037 90.000000 90.000000 90.000000
4618 51.204601 55.680908 56.993233 90.000000 90.000000 90.000000
4619 51.332802 55.820312 57.135925 90.000000 90.000000 90.000000
4620 51.132656 55.602673 56.913155 90.000000 90.000000 90.000000
4621 51.088917 55.555111 56.864475 90.000000 90.000000 90.000000
4622 51.187454 55.662262 56.974148 90.000000 90.000000 90.000000
4623 51.140808 55.611538 56.922230 90.000000 90.000000 90.000000
4624 51.304272 55.789291 57.104172 90.000000 90.000000 90.000000
4625 51.149361 55.620838 56.931747 90.000000 90.000000 90.000000
4626 51.308640 55.794044 57.109035 90.000000 90.000000 90.000000
4627 51.180893 55.655128 56.966846 90.000000 90.000000 90.000000
4628 51.259430 55.740528 57.054260 90.000000 90.000000 90.000000
4629 51.174614 55.648300 56.959858 90.000000 90.000000 90.000000
4630 51.128368 55.598011 56.908382 90.000000 90.000000 90.000000
4631 51.213833 55.690948 57.003510 90.000000 90.000000 90.000000
4632 51.166019 55.638954 56.950291 90.000000 90.000000 90.000000
4633 51.318455 55.804714 57.119957 90.000000 90.000000 90.000000
4634 51.034790 55.496250 56.804226 90.000000 90.000000 90.000000
4635 51.247021 55.727036 57.040451 90.000000 90.000000 90.000000
4636 51.196743 55.672363 56.984486 90.000000 90.000000 90.000000
4637 51.253773 55.734379 57.047966 90.000000 90.000000 90.000000
4638 51.118858 55.587669 56.897800 90.000000 90.000000 90.000000
4639 51.212898 55.689930 57.002468 90.000000 90.000000 90.000000
4640 51.179184 55.653271 56.964943 90.000000 90.000000 90.000000
4641 51.302826 55.787720 57.102562 90.000000 90.000000 90.000000
4642 51.186031 55.660713 56.972565 90.000000 90.000000 90.000000
4643 51.153889 55.625763 56.936790 90.000000 90.000000 90.000000
4644 51.129677 55.599434 56.909840 90.000000 90.000000 90.000000
4645 51.161163 55.633671 56.944885 90.000000 90.000000 90.000000
4646 51.074905 55.539875 56.848877 90.000000 90.000000 90.000000
4647 51.112572 55.580833 56.890800 90.000000 90.000000 90.000000
4648 51.206917 55.683426 56.995811 90.000000 90.000000 90.000000
4649 51.137901 55.608376 56.918991 90.000000 90.000000 90.000000
4650 51.256729 55.737591 57.051254 90.000000 90.000000 90.000000
4651 51.190228 55.665276 56.977234 90.000000 90.000000 90.000000
4652 51.097317 55.564243 56.873821 90.000000 90.000000 90.000000
4653 51.203857 55.680099 56.992405 90.000000 90.000000 90.000000
4654 51.267906 55.749748 57.063698 90.000000 90.000000 90.000000
4655 51.244949 55.724781 57.038143 90.000000 90.000000 90.000000
4656 51.252296 55.732773 57.046322 90.000000 90.000000 90.000000
4657 51.253868 55.734482 57.048073 90.000000 90.000000 90.000000
4658 51.174652 55.648342 56.959900 90.000000 90.000000 90.000000
4659 51.205769 55.682178 56.994534 90.000000 90.000000 90.000000
4660 51.121040 55.590042 56.900227 90.000000 90.000000 90.000000
4661 51.165981 55.638908 56.950245 90.000000 90.000000 90.000000
4662 51.211884 55.688828 57.001343 90.000000 90.000000 90.000000
4663 51.271618 55.753780 57.067825 90.000000 90.000000 90.000000
4664 51.285206 55.768562 57.082954 90.000000 90.000000 90.000000
4665 51.158096 55.630337 56.941471 90.000000 90.000000 90.000000
4666 51.154686 55.626629 56.937675 90.000000 90.000000 90.000000
4667 51.257637 55.738583 57.052269 90.000000 90.000000 90.000000
4668 51.178963 55.653027 56.964699 90.000000 90.000000 90.000000
4669 51.216763 55.694134 57.006771 90.000000 90.000000 90.000000
4670 51.125080 55.594437 56.904724 90.000000 90.000000 90.000000
4671 51.206242 55.682693 56.995060 90.000000 90.000000 90.000000
4672 51.162586 55.635220 56.946468 90.000000 90.000000 90.000000
4673 51.124454 55.593754 56.904026 90.000000 90.000000 90.000000
4674 51.259048 55.740116 57.053837 90.000000 90.000000 90.000000
4675 51.263676 55.745144 57.058987 90.000000 90.000000 90.000000
4676 51.274498 55.756916 57.071033 90.000000 90.000000 90.000000
4677 51.205265 55.681633 56.993977 90.000000 90.000000 90.000000
4678 51.129917 55.599697 56.910110 90.000000 90.000000 90.000000
4679 51.190426 55.665493 56.977455 90.000000 90.000000 90.000000
4680 51.175064 55.648788 56.960358 90.000000 90.000000 90.000000
4681 51.187981 55.662834 56.974735 90.000000 90.000000 90.000000
4682 51.218143 55.695637 57.008308 90.000000 90.000000 90.000000
4683 51.162560 55.635189 56.946438 90.000000 90.000000 90.000000
4684 51.198647 55.674431 56.986607 90.000000 90.000000 90.000000
4685 51.099613 55.566738 56.876377 90.000000 90.000000 90.000000
4686 51.185013 55.659611 56.971432 90.000000 90.000000 90.000000
4687 51.127182 55.596722 56.907063 90.000000 90.000000 90.000000
4688 51.142632 55.613518 56.924259 90.000000 90.000000 90.000000
4689 51.172726 55.646248 56.957756 90.000000 90.000000 90.000000
4690 51.136082 55.606400 56.916969 90.000000 90.000000 90.000000
4691 51.159229 55.631569 56.942734 90.000000 90.000000 90.000000
4692 51.192211 55.667435 56.979443 90.000000 90.000000 90.000000
4693 51.162571 55.635204 56.946453 90.000000 90.000000 90.000000
4694 51.154510 55.626438 56.937481 90.000000 90.000000 90.000000
4695 51.246983 55.726994 57.040405 90.000000 90.000000 90.000000
4696 51.217216 55.694626 57.007275 90.000000 90.000000 90.000000
4697 51.251011 55.731373 57.044891 90.000000 90.000000 90.000000
4698 51.178566 55.652596 56.964256 90.000000 90.000000 90.000000
4699 51.262730 55.744118 57.057934 90.000000 90.000000 90.000000
4700 51.157459 55.629646 56.940765 90.000000 90.000000 90.000000
4701 51.064072 55.528095 56.836819 90.000000 90.000000 90.000000
4702 51.210567 55.687397 56.999878 90.000000 90.000000 90.000000
4703 51.292835 55.776855 57.091446 90.000000 90.000000 90.000000
4704 51.270218 55.752262 57.066269 90.000000 90.000000 90.000000
4705 51.176941 55.650829 56.962444 90.000000 90.000000 90.000000
4706 51.296043 55.780346 57.095016 90.000000 90.000000 90.000000
4707 51.165894 55.638817 56.950150 90.000000 90.000000 90.000000
4708 51.180801 55.655029 56.966747 90.000000 90.000000 90.000000
4709 51.164288 55.637074 56.948364 90.000000 90.000000 90.000000
4710 51.250072 55.730354 57.043846 90.000000 90.000000 90.000000
4711 51.237267 55.716427 57.029591 90.000000 90.000000 90.000000
4712 51.264568 55.746120 57.059982 90.000000 90.000000 90.000000
4713 51.172298 55.645779 56.957279 90.000000 90.000000 90.000000
4714 51.212631 55.689640 57.002174 90.000000 90.000000 90.000000
4715 51.370453 55.861259 57.177834 90.000000 90.000000 90.000000
4716 51.184917 55.659500 56.971325 90.000000 90.000000 90.000000
4717 51.205956 55.682381 56.994743 90.000000 90.000000 90.000000
4718 51.248329 55.728458 57.041904 90.000000 90.000000 90.000000
4719 51.179909 55.654057 56.965752 90.000000 90.000000 90.000000
4720 51.263218 55.744648 57.058479 90.000000 90.000000 90.000000
4721 51.188473 55.663372 56.975285 90.000000 90.000000 90.000000
4722 51.199059 55.674881 56.987064 90.000000 90.000000 90.000000
4723 51.292942 55.776970 57.091560 90.000000 90.000000 90.000000
4724 51.119793 55.588684 56.898838 90.000000 90.000000 90.000000
4725 51.309402 55.794868 57.109882 90.000000 90.000000 90.000000
4726 51.134045 55.604183 56.914703 90.000000 90.000000 90.000000
4727 51.185741 55.660400 56.972244 90.000000 90.000000 90.000000
4728 51.244091 55.723850 57.037189 90.000000 90.000000 90.000000
4729 51.267502 55.749306 57.063244 90.000000 90.000000 90.000000
4730 51.345802 55.834454 57.150398 90.000000 90.000000 90.000000
4731 51.152767 55.624542 56.935539 90.000000 90.000000 90.000000
4732 51.142059 55.612900 56.923622 90.000000 90.000000 90.000000
4733 51.285854 55.769264 57.083675 90.000000 90.000000 90.000000
4734 51.158272 55.630531 56.941669 90.000000 90.000000 90.000000
4735 51.214767 55.691963 57.004547 90.000000 90.000000 90.000000
4736 51.249012 55.729202 57.042667 90.000000 90.000000 90.000000
4737 51.230816 55.709412 57.022411 90.000000 90.000000 90.000000
4738 51.229195 55.707653 57.020607 90.000000 90.000000 90.000000
4739 51.250446 55.730762 57.044262 90.000000 90.000000 90.000000
4740 51.273384 55.755703 57.069794 90.000000 90.000000 90.000000
4741 51.228752 55.707172 57.020115 90.000000 90.000000 90.000000
4742 51.148407 55.619801 56.930687 90.000000 90.000000 90.000000
4743 51.143822 55.614815 56.925583 90.000000 90.000000 90.000000
4744 51.182560 55.656940 56.968700 90.000000 90.000000 90.000000
4745 51.259506 55.740612 57.054344 90.000000 90.000000 90.000000
4746 51.293369 55.777435 57.092037 90.000000 90.000000 90.000000
4747 51.248814 55.728985 57.042442 90.000000 90.000000 90.000000
4748 51.239304 55.718643 57.031860 90.000000 90.000000 90.000000
4749 51.255150 55.735878 57.049500 90.000000 90.000000 90.000000
4750 51.272964 55.755245 57.069324 90.000000 90.000000 90.000000
4751 51.127190 55.596729 56.907074 90.000000 90.000000 90.000000
4752 51.205326 55.681698 56.994041 90.000000 90.000000 90.000000
4753 51.387779 55.880100 57.197121 90.000000 90.000000 90.000000
4754 51.073074 55.537884 56.846840 90.000000 90.000000 90.000000
4755 51.222729 55.700619 57.013409 90.000000 90.000000 90.000000
4756 51.135231 55.605473 56.916019 90.000000 90.000000 90.000000
4757 51.222263 55.700111 57.012894 90.000000 90.000000 90.000000
4758 51.120537 55.589493 56.899666 90.000000 90.000000 90.000000
4759 51.209354 55.686077 56.998528 90.000000 90.000000 90.000000
4760 51.300884 55.785610 57.100403 90.000000 90.000000 90.000000
4761 51.202148 55.678238 56.990501 90.000000 90.000000 90.000000
4762 51.195427 55.670933 56.983025 90.000000 90.000000 90.000000
4763 51.268349 55.750229 57.064190 90.000000 90.000000 90.000000
4764 51.218254 55.695755 57.008430 90.000000 90.000000 90.000000
4765 51.166203 55.639153 56.950493 90.000000 90.000000 90.000000
4766 51.191288 55.666431 56.978416 90.000000 90.000000 90.000000
4767 51.123539 55.592758 56.903008 90.000000 90.000000 90.000000
4768 51.253326 55.733894 57.047470 90.000000 90.000000 90.000000
4769 51.209137 55.685841 56.998283 90.000000 90.000000 90.000000
4770 51.182491 55.656868 56.968628 90.000000 90.000000 90.000000
4771 51.235950 55.714996 57.028126 90.000000 90.000000 90.000000
4772 51.173672 55.647274 56.958805 90.000000 90.000000 90.000000
4773 51.150665 55.622257 56.933201 90.000000 90.000000 90.000000
4774 51.335117 55.822834 57.138504 90.000000 90.000000 90.000000
4775 51.247482 55.727539 57.040966 90.000000 90.000000 90.000000
4776 51.199749 55.675632 56.987835 90.000000 90.000000 90.000000
4777 51.196480 55.672073 56.984192 90.000000 90.000000 90.000000
4778 51.309841 55.795345 57.110371 90.000000 90.000000 90.000000
4779 51.275375 55.757866 57.072006 90.000000 90.000000 90.000000
4780 51.192509 55.667759 56.979778 90.000000 90.000000 90.000000
4781 51.182701 55.657093 56.968861 90.000000 90.000000 90.000000
4782 51.151890 55.623589 56.934566 90.000000 90.000000 90.000000
4783 51.107620 55.575451 56.885292 90.000000 90.000000 90.000000
4784 51.263641 55.745110 57.058952 90.000000 90.000000 90.000000
4785 51.197163 55.672821 56.984955 90.000000 90.000000 90.000000
4786 51.109745 55.577759 56.887653 90.000000 90.000000 90.000000
4787 51.115067 55.583546 56.893578 90.000000 90.000000 90.000000
4788 51.146271 55.617477 56.928310 90.000000 90.000000 90.000000
4789 51.273247 55.755554 57.069637 90.000000 90.000000 90.000000
4790 51.264820 55.746391 57.060261 90.000000 90.000000 90.000000
4791 51.188976 55.663918 56.975842 90.000000 90.000000 90.000000
4792 51.230957 55.709568 57.022572 90.000000 90.000000 90.000000
4793 51.232635 55.711391 57.024437 90.000000 90.000000 90.000000
4794 51.274353 55.756760 57.070873 90.000000 90.000000 90.000000
4795 51.204765 55.681087 56.993416 90.000000 90.000000 90.000000
4796 51.199902 55.675800 56.988003 90.000000 90.000000 90.000000
4797 51.109631 55.577633 56.887527 90.000000 90.000000 90.000000
4798 51.272449 55.754688 57.068752 90.000000 90.000000 90.000000
4799 51.168690 55.641857 56.953262 90.000000 90.000000 90.000000
4800 51.162079 55.634666 56.945904 90.000000 90.000000 90.000000
4801 51.176273 55.650105 56.961704 90.000000 90.000000 90.000000
4802 51.220417 55.698105 57.010838 90.000000 90.000000 90.000000
4803 51.214272 55.691422 57.003998 90.000000 90.000000 90.000000
4804 51.181736 55.656044 56.967785 90.000000 90.000000 90.000000
4805 51.214508 55.691681 57.004261 90.000000 90.000000 90.000000
4806 51.244305 55.724083 57.037426 90.000000 90.000000 90.000000
4807 51.238396 55.717659 57.030849 90.000000 90.000000 90.000000
4808 51.220901 55.698631 57.011375 90.000000 90.000000 90.000000
4809 51.259579 55.740692 57.054428 90.000000 90.000000 90.000000
4810 51.208088 55.684700 56.997112 90.000000 90.000000 90.000000
4811 51.200428 55.676373 56.988590 90.000000 90.000000 90.000000
4812 51.168442 55.641586 56.952988 90.000000 90.000000 90.000000
4813 51.125546 55.594940 56.905239 90.000000 90.000000 90.000000
4814 51.249870 55.730133 57.043621 90.000000 90.000000 90.000000
4815 51.188957 55.663898 56.975822 90.000000 90.000000 90.000000
4816 51.239101 55.718422 57.031635 90.000000 90.000000 90.000000
4817 51.252430 55.732918 57.046471 90.000000 90.000000 90.000000
4818 51.092918 55.559460 56.868927 90.000000 90.000000 90.000000
4819 51.272640 55.754894 57.068966 90.000000 90.000000 90.000000
4820 51.247730 55.727806 57.041237 90.000000 90.000000 90.000000
4821 51.196205 55.671780 56.983891 90.000000 90.000000 90.000000
4822 51.161705 55.634262 56.945488 90.000000 90.000000 90.000000
4823 51.241077 55.720573 57.033833 90.000000 90.000000 90.000000
4824 51.088039 55.554157 56.863495 90.000000 90.000000 90.000000
4825 51.154469 55.626392 56.937435 90.000000 90.000000 90.000000
4826 51.250389 55.730698 57.044201 90.000000 90.000000 90.000000
4827 51.185757 55.660416 56.972260 90.000000 90.000000 90.000000
4828 51.114048 55.582439 56.892445 90.000000 90.000000 90.000000
4829 51.100914 55.568153 56.877823 90.000000 90.000000 90.000000
4830 51.286694 55.770176 57.084606 90.000000 90.000000 90.000000
4831 51.221970 55.699795 57.012566 90.000000 90.000000 90.000000
4832 51.304192 55.789204 57.104084 90.000000 90.000000 90.000000
4833 51.167747 55.640831 56.952213 90.000000 90.000000 90.000000
4834 51.130726 55.600574 56.911007 90.000000 90.000000 90.000000
4835 51.069798 55.534321 56.843193 90.000000 90.000000 90.000000
4836 51.199844 55.675735 56.987938 90.000000 90.000000 90.000000
4837 51.171711 55.645142 56.956627 90.000000 90.000000 90.000000
4838 51.201572 55.677616 56.989864 90.000000 90.000000 90.000000
4839 51.223892 55.701889 57.014709 90.000000 90.000000 90.000000
4840 51.212749 55.689770 57.002304 90.000000 90.000000 90.000000
4841 51.208199 55.684822 56.997238 90.000000 90.000000 90.000000
4842 51.150600 55.622189 56.933128 90.000000 90.000000 90.000000
4843 51.235882 55.714920 57.028049 90.000000 90.000000 90.000000
4844 51.231647 55.710320 57.023338 90.000000 90.000000 90.000000
4845 51.178207 55.652206 56.963856 90.000000 90.000000 90.000000
4846 51.182877 55.657284 56.969055 90.000000 90.000000 90.000000
4847 51.133514 55.603607 56.914112 90.000000 90.000000 90.000000
4848 50.912426 55.363190 56.668030 90.000000 90.000000 90.000000
4849 51.142178 55.613029 56.923756 90.000000 90.000000 90.000000
4850 51.206257 55.682709 56.995079 90.000000 90.000000 90.000000
4851 51.105766 55.573433 56.883228 90.000000 90.000000 90.000000
4852 51.175621 55.649395 56.960979 90.000000 90.000000 90.000000
4853 51.202065 55.678150 56.990410 90.000000 90.000000 90.000000
4854 51.186295 55.661003 56.972858 90.000000 90.000000 90.000000
4855 51.267891 55.749733 57.063679 90.000000 90.000000 90.000000
4856 51.160728 55.633202 56.944405 90.000000 90.000000 90.000000
4857 51.208321 55.684952 56.997372 90.000000 90.000000 90.000000
4858 51.223400 55.701351 57.014160 90.000000 90.000000 90.000000
4859 51.190525 55.665600 56.977566 90.000000 90.000000 90.000000
4860 51.154099 55.625992 56.937023 90.000000 90.000000 90.000000
4861 51.026756 55.487514 56.795284 90.000000 90.000000 90.000000
4862 51.188992 55.663933 56.975857 90.000000 90.000000 90.000000
4863 51.222816 55.700718 57.013512 90.000000 90.000000 90.000000
4864 51.162189 55.634789 56.946030 90.000000 90.000000 90.000000
4865 51.266247 55.747940 57.061848 90.000000 90.000000 90.000000
4866 51.323013 55.809673 57.125034 90.000000 90.000000 90.000000
4867 51.257938 55.738907 57.052601 90.000000 90.000000 90.000000
4868 51.132477 55.602478 56.912956 90.000000 90.000000 90.000000
4869 51.297340 55.781754 57.096458 90.000000 90.000000 90.000000
4870 51.063633 55.527615 56.836327 90.000000 90.000000 90.000000
4871 51.201633 55.677681 56.989929 90.000000 90.000000 90.000000
4872 51.194107 55.669498 56.981556 90.000000 90.000000 90.000000
4873 51.211872 55.688812 57.001324 90.000000 90.000000 90.000000
4874 51.129051 55.598755 56.909145 90.000000 90.000000 90.000000
4875 51.159027 55.631351 56.942509 90.000000 90.000000 90.000000
4876 51.079880 55.545280 56.854412 90.000000 90.000000 90.000000
4877 51.247791 55.727875 57.041309 90.000000 90.000000 90.000000
4878 51.165874 55.638794 56.950130 90.000000 90.000000 90.000000
4879 51.225250 55.703362 57.016216 90.000000 90.000000 90.000000
4880 51.082932 55.548599 56.857807 90.000000 90.000000 90.000000
4881 51.225101 55.703201 57.016052 90.000000 90.000000 90.000000
4882 51.366806 55.857292 57.173775 90.000000 90.000000 90.000000
4883 51.327854 55.814934 57.130421 90.000000 90.000000 90.000000
4884 51.188984 55.663925 56.975853 90.000000 90.000000 90.000000
4885 51.211308 55.688202 57.000698 90.000000 90.000000 90.000000
4886 51.146229 55.617435 56.928265 90.000000 90.000000 90.000000
4887 51.336845 55.824715 57.140430 90.000000 90.000000 90.000000
4888 51.211746 55.688675 57.001186 90.000000 90.000000 90.000000
4889 51.217247 55.694660 57.007309 90.000000 90.000000 90.000000
4890 51.163509 55.636223 56.947495 90.000000 90.000000 90.000000
4891 51.296719 55.781078 57.095764 90.000000 90.000000 90.000000
4892 51.278931 55.761738 57.075966 90.000000 90.000000 90.000000
4893 51.231873 55.710564 57.023586 90.000000 90.000000 90.000000
4894 51.243469 55.723175 57.036499 90.000000 90.000000 90.000000
4895 51.131706 55.601639 56.912098 90.000000 90.000000 90.000000
4896 51.208992 55.685684 56.998119 90.000000 90.000000 90.000000
4897 51.243252 55.722939 57.036255 90.000000 90.000000 90.000000
4898 51.141136 55.611893 56.922592 90.000000 90.000000 90.000000
4899 51.209774 55.686531 56.998993 90.000000 90.000000 90.000000
4900 51.208775 55.685444 56.997879 90.000000 90.000000 90.000000
4901 51.284550 55.767845 57.082222 90.000000 90.000000 90.000000
4902 51.180260 55.654438 56.966141 90.000000 90.000000 90.000000
4903 51.150352 55.621914 56.932850 90.000000 90.000000 90.000000
4904 51.236019 55.715069 57.028202 90.000000 90.000000 90.000000
4905 51.120579 55.589539 56.899712 90.000000 90.000000 90.000000
4906 51.266216 55.747910 57.061817 90.000000 90.000000 90.000000
4907 51.302807 55.787701 57.102543 90.000000 90.000000 90.000000
4908 51.155933 55.627987 56.939064 90.000000 90.000000 90.000000
4909 51.270115 55.752148 57.066154 90.000000 90.000000 90.000000
4910 51.155258 55.627251 56.938313 90.000000 90.000000 90.000000
4911 51.245655 55.725552 57.038929 90.000000 90.000000 90.000000
4912 51.123848 55.593094 56.903351 90.000000 90.000000 90.000000
4913 51.114014 55.582401 56.892406 90.000000 90.000000 90.000000
4914 51.319733 55.806107 57.121384 90.000000 90.000000 90.000000
4915 51.218643 55.696178 57.008865 90.000000 90.000000 90.000000
4916 51.154442 55.626362 56.937405 90.000000 90.000000 90.000000
4917 51.241226 55.720737 57.034000 90.000000 90.000000 90.000000
4918 51.069633 55.534142 56.843010 90.000000 90.000000 90.000000
4919 51.171253 55.644646 56.956116 90.000000 90.000000 90.000000
4920 51.187763 55.662598 56.974495 90.000000 90.000000 90.000000
4921 51.187202 55.661987 56.973869 90.000000 90.000000 90.000000
4922 51.216167 55.693485 57.006111 90.000000 90.000000 90.000000
4923 51.293648 55.777740 57.092350 90.000000 90.000000 90.000000
4924 51.248447 55.728584 57.042034 90.000000 90.000000 90.000000
4925 51.185181 55.659786 56.971615 90.000000 90.000000 90.000000
4926 51.171852 55.645298 56.956783 90.000000 90.000000 90.000000
4927 51.215496 55.692757 57.005360 90.000000 90.000000 90.000000
4928 51.111576 55.579754 56.889694 90.000000 90.000000 90.000000
4929 51.091167 55.557560 56.866978 90.000000 90.000000 90.000000
4930 51.220589 55.698292 57.011028 90.000000 90.000000 90.000000
4931 51.192814 55.668091 56.980114 90.000000 90.000000 90.000000
4932 51.233253 55.712063 57.025124 90.000000 90.000000 90.000000
4933 51.223251 55.701187 57.013992 90.000000 90.000000 90.000000
4934 51.194595 55.670025 56.982094 90.000000 90.000000 90.000000
4935 51.243492 55.723198 57.036522 90.000000 90.000000 90.000000
4936 51.220261 55.697933 57.010662 90.000000 90.000000 90.000000
4937 51.176498 55.650349 56.961956 90.000000 90.000000 90.000000
4938 51.248985 55.729172 57.042633 90.000000 90.000000 90.000000
4939 51.144005 55.615013 56.925785 90.000000 90.000000 90.000000
4940 51.152725 55.624500 56.935497 90.000000 90.000000 90.000000
4941 51.305542 55.790672 57.105583 90.000000 90.000000 90.000000
4942 51.201855 55.677921 56.990177 90.000000 90.000000 90.000000
4943 51.206024 55.682453 56.994816 90.000000 90.000000 90.000000
4944 51.288311 55.771935 57.086407 90.000000 90.000000 90.000000
4945 51.136482 55.606834 56.917412 90.000000 90.000000 90.000000
4946 51.193409 55.668739 56.980778 90.000000 90.000000 90.000000
4947 51.164841 55.637672 56.948978 90.000000 90.000000 90.000000
4948 51.133854 55.603977 56.914490 90.000000 90.000000 90.000000
4949 51.125793 55.595211 56.905518 90.000000 90.000000 90.000000
4950 51.151104 55.622734 56.933689 90.000000 90.000000 90.000000
4951 51.141273 55.612041 56.922745 90.000000 90.000000 90.000000
4952 51.307732 55.793053 57.108021 90.000000 90.000000 90.000000
4953 51.143383 55.614338 56.925095 90.000000 90.000000 90.000000
4954 51.268139 55.750000 57.063953 90.000000 90.000000 90.000000
4955 51.235840 55.714878 57.028004 90.000000 90.000000 90.000000
4956 51.237755 55.716961 57.030136 90.000000 90.000000 90.000000
4957 51.258183 55.739174 57.052876 90.000000 90.000000 90.000000
4958 51.277103 55.759747 57.073933 90.000000 90.000000 90.000000
4959 51.197243 55.672909 56.985046 90.000000 90.000000 90.000000
4960 51.190445 55.665516 56.977478 90.000000 90.000000 90.000000
4961 51.252815 55.733337 57.046898 90.000000 90.000000 90.000000
4962 51.238216 55.717461 57.030647 90.000000 90.000000 90.000000
4963 51.276310 55.758888 57.073051 90.000000 90.000000 90.000000
4964 51.242111 55.721695 57.034985 90.000000 90.000000 90.000000
4965 51.176323 55.650158 56.961761 90.000000 90.000000 90.000000
4966 51.269096 55.751041 57.065022 90.000000 90.000000 90.000000
4967 51.139603 55.610226 56.920887 90.000000 90.000000 90.000000
4968 51.154968 55.626934 56.937988 90.000000 90.000000 90.000000
4969 51.114605 55.583042 56.893063 90.000000 90.000000 90.000000
4970 51.125359 55.594738 56.905033 90.000000 90.000000 90.000000
4971 51.175652 55.649426 56.961010 90.000000 90.000000 90.000000
4972 51.195400 55.670902 56.982994 90.000000 90.000000 90.000000
4973 51.288914 55.772591 57.087078 90.000000 90.000000 90.000000
4974 51.127178 55.596718 56.907059 90.000000 90.000000 90.000000
4975 51.369617 55.860352 57.176907 90.000000 90.000000 90.000000
4976 51.254372 55.735031 57.048634 90.000000 90.000000 90.000000
4977 51.212013 55.688969 57.001488 90.000000 90.000000 90.000000
4978 51.210533 55.687359 56.999836 90.000000 90.000000 90.000000
4979 51.210243 55.687046 56.999516 90.000000 90.000000 90.000000
4980 51.221317 55.699085 57.011841 90.000000 90.000000 90.000000
4981 51.214375 55.691532 57.004112 90.000000 90.000000 90.000000
4982 51.151386 55.623039 56.934002 90.000000 90.000000 90.000000
4983 51.169819 55.643085 56.954521 90.000000 90.000000 90.000000
4984 51.262436 55.743797 57.057606 90.000000 90.000000 90.000000
4985 51.228943 55.707378 57.020329 90.000000 90.000000 90.000000
4986 51.177505 55.651443 56.963074 90.000000 90.000000 90.000000
4987 51.150879 55.622490 56.933437 90.000000 90.000000 90.000000
4988 51.213394 55.690468 57.003021 90.000000 90.000000 90.000000
4989 51.152657 55.624420 56.935417 90.000000 90.000000 90.000000
4990 51.102127 55.569473 56.879173 90.000000 90.000000 90.000000
4991 51.186073 55.660759 56.972610 90.000000 90.000000 90.000000
4992 51.144020 55.615032 56.925804 90.000000 90.000000 90.000000
4993 51.234447 55.713364 57.026455 90.000000 90.000000 90.000000
4994 51.196823 55.672447 56.984573 90.000000 90.000000 90.000000
4995 51.167976 55.641079 56.952469 90.000000 90.000000 90.000000
4996 51.220680 55.698395 57.011131 90.000000 90.000000 90.000000
4997 51.125641 55.595043 56.905346 90.000000 90.000000 90.000000
4998 51.067509 55.531830 56.840641 90.000000 90.000000 90.000000
4999 51.218719 55.696259 57.008945 90.000000 90.000000 90.000000
